year,month,day,calls_disorder,calls_behavior,calls_traffic,calls_gun,calls_robbery,calls_aggravated_assault,calls_burglary,calls_theft,calls_mv_theft,calls_violent,calls_property,calls_index,calls_disorder_day,calls_behavior_day,calls_traffic_day,calls_gun_day,calls_robbery_day,calls_aggravated_assault_day,calls_burglary_day,calls_theft_day,calls_mv_theft_day,calls_violent_day,calls_property_day,calls_index_day,calls_disorder_night,calls_behavior_night,calls_traffic_night,calls_gun_night,calls_robbery_night,calls_aggravated_assault_night,calls_burglary_night,calls_theft_night,calls_mv_theft_night,calls_violent_night,calls_property_night,calls_index_night,calls_disorder_is_sunrise,calls_behavior_is_sunrise,calls_traffic_is_sunrise,calls_gun_is_sunrise,calls_robbery_is_sunrise,calls_aggravated_assault_is_sunrise,calls_burglary_is_sunrise,calls_theft_is_sunrise,calls_mv_theft_is_sunrise,calls_violent_is_sunrise,calls_property_is_sunrise,calls_index_is_sunrise,calls_disorder_is_sunset,calls_behavior_is_sunset,calls_traffic_is_sunset,calls_gun_is_sunset,calls_robbery_is_sunset,calls_aggravated_assault_is_sunset,calls_burglary_is_sunset,calls_theft_is_sunset,calls_mv_theft_is_sunset,calls_violent_is_sunset,calls_property_is_sunset,calls_index_is_sunset,total_calls,calls_sunrise,calls_sunset,days_until_fall_dst,days_until_spring_dst,calls_handled,calls_no_action,calls_unable_to_locate,city,date
2012,1,1,,,,,,,,,,,,,,,,,,,,,,,,,,,,,,,,,,,,,,,,,,,,,,,,,,,,,,,,,,,,,,,,,,,,,San Francisco,2012-01-01
2013,1,1,,,,,,,,,,,,,,,,,,,,,,,,,,,,,,,,,,,,,,,,,,,,,,,,,,,,,,,,,,,,,,,,,,,,,San Francisco,2013-01-01
2014,1,1,,,,,,,,,,,,,,,,,,,,,,,,,,,,,,,,,,,,,,,,,,,,,,,,,,,,,,,,,,,,,,,,,,,,,San Francisco,2014-01-01
2015,1,1,179,248,19,20,19,27,44,35,9,46,88,134,80,92,5,2,4,8,21,22,7,12,50,62,88,125,12,18,15,18,20,10,1,33,31,64,3,2,0,0,0,0,0,0,0,0,0,0,8,29,2,0,0,1,3,3,1,1,7,8,1897,16,162,-304,-66,1342,119,299,San Francisco,2015-01-01
2016,1,1,209,318,16,34,10,17,30,25,16,27,71,98,78,123,4,2,2,5,18,15,11,7,44,51,120,162,8,32,6,11,11,8,4,17,23,40,3,4,0,0,1,0,0,0,0,1,0,1,8,29,4,0,1,1,1,2,1,2,4,6,1958,25,166,-310,-72,1357,112,318,San Francisco,2016-01-01
2017,1,1,205,241,21,41,10,19,35,21,12,29,68,97,69,98,5,4,5,6,13,11,5,11,29,40,122,126,15,37,4,12,22,7,6,16,35,51,3,2,0,0,1,0,0,0,0,1,0,1,11,15,1,0,0,1,0,3,1,1,4,5,2027,20,186,-308,-70,1285,134,335,San Francisco,2017-01-01
2018,1,1,225,251,22,41,4,16,35,25,4,20,64,84,94,148,7,0,3,7,20,14,0,10,34,44,111,84,14,40,1,9,11,10,4,10,25,35,7,3,1,0,0,0,2,0,0,0,2,2,13,16,0,1,0,0,2,1,0,0,3,3,2089,41,226,-307,-69,1372,102,341,San Francisco,2018-01-01
2019,1,1,234,239,11,20,9,16,41,24,13,25,78,103,96,126,3,1,2,5,16,15,9,7,40,47,124,99,4,19,3,10,21,8,3,13,32,45,9,2,0,0,0,0,1,0,0,0,1,1,5,12,4,0,4,1,3,1,1,5,5,10,2104,30,184,-306,-68,1357,112,368,San Francisco,2019-01-01
2020,1,1,203,246,18,21,7,11,31,34,12,18,77,95,116,115,6,0,1,5,10,16,6,6,32,38,60,99,9,20,6,6,17,15,6,12,38,50,9,2,2,1,0,0,1,1,0,0,2,2,18,30,1,0,0,0,3,2,0,0,5,5,2216,33,251,-305,-67,1438,109,352,San Francisco,2020-01-01
2021,1,1,129,180,8,22,6,8,51,37,11,14,99,113,35,73,5,1,1,5,27,26,5,6,58,64,83,92,2,21,5,3,20,6,6,8,32,40,5,0,0,0,0,0,1,0,0,0,1,1,6,15,1,0,0,0,3,5,0,0,8,8,1500,21,115,-310,-72,984,89,285,San Francisco,2021-01-01
2022,1,1,120,169,15,23,11,7,35,16,11,18,62,80,32,78,4,1,3,3,20,9,8,6,37,43,78,75,7,22,8,3,13,6,3,11,22,33,2,5,2,0,0,1,0,0,0,1,0,1,8,11,2,0,0,0,2,1,0,0,3,3,1462,28,96,-309,-71,790,101,380,San Francisco,2022-01-01
2023,1,1,85,141,24,31,3,13,45,17,13,16,75,91,20,54,6,2,0,5,19,13,8,5,40,45,59,74,13,28,2,6,24,3,4,8,31,39,0,2,2,0,0,0,1,0,0,0,1,1,6,11,3,1,1,2,1,1,1,3,3,6,1342,9,109,-308,-70,745,96,371,San Francisco,2023-01-01
2024,1,1,126,139,23,17,9,10,39,24,5,19,68,87,27,71,4,0,3,5,19,16,1,8,36,44,90,50,16,17,6,4,18,7,3,10,28,38,1,5,1,0,0,0,0,0,1,0,1,1,8,13,2,0,0,1,2,1,0,1,3,4,1422,22,120,-307,-69,752,71,339,San Francisco,2024-01-01
2012,2,1,,,,,,,,,,,,,,,,,,,,,,,,,,,,,,,,,,,,,,,,,,,,,,,,,,,,,,,,,,,,,,,,,,,,,San Francisco,2012-02-01
2013,2,1,,,,,,,,,,,,,,,,,,,,,,,,,,,,,,,,,,,,,,,,,,,,,,,,,,,,,,,,,,,,,,,,,,,,,San Francisco,2013-02-01
2014,2,1,,,,,,,,,,,,,,,,,,,,,,,,,,,,,,,,,,,,,,,,,,,,,,,,,,,,,,,,,,,,,,,,,,,,,San Francisco,2014-02-01
2015,2,1,247,285,15,13,12,12,25,35,15,24,75,99,93,141,9,3,1,3,10,24,10,4,44,48,136,126,5,8,11,7,10,9,4,18,23,41,6,1,0,1,0,1,1,0,0,1,1,2,12,17,1,1,0,1,4,2,1,1,7,8,2013,29,145,-273,-35,1351,116,379,San Francisco,2015-02-01
2016,2,1,230,323,26,4,7,9,47,34,17,16,98,114,116,155,20,0,2,5,36,16,10,7,62,69,91,140,4,1,3,4,10,12,4,7,26,33,8,2,1,0,0,0,0,0,2,0,2,2,15,26,1,3,2,0,1,6,1,2,8,10,2056,29,182,-279,-41,1371,143,379,San Francisco,2016-02-01
2017,2,1,210,320,12,6,9,4,42,35,13,13,90,103,104,154,6,1,5,1,26,23,7,6,56,62,91,133,4,2,3,3,14,7,4,6,25,31,5,3,0,0,0,0,0,0,0,0,0,0,10,30,2,3,1,0,2,5,2,1,9,10,2312,38,217,-277,-39,1648,110,351,San Francisco,2017-02-01
2018,2,1,282,269,25,4,13,14,46,35,9,27,90,117,157,143,21,0,4,6,20,23,3,10,46,56,101,98,4,4,5,6,17,10,5,11,32,43,6,6,0,0,0,0,1,0,0,0,1,1,18,22,0,0,4,2,8,2,1,6,11,17,2287,41,260,-276,-38,1492,142,448,San Francisco,2018-02-01
2019,2,1,153,316,18,2,8,7,29,44,4,15,77,92,97,175,10,0,3,6,15,32,2,9,49,58,46,117,6,1,4,1,12,10,1,5,23,28,4,6,1,0,1,0,0,1,0,1,1,2,6,18,1,1,0,0,2,1,1,0,4,4,2166,34,196,-275,-37,1324,122,437,San Francisco,2019-02-01
2020,2,1,183,255,9,7,7,13,29,32,15,20,76,96,70,135,5,1,2,5,16,21,11,7,48,55,99,103,4,6,5,7,12,8,3,12,23,35,3,3,0,0,0,1,1,0,0,1,1,2,11,14,0,0,0,0,0,3,1,0,4,4,1956,26,157,-274,-36,1199,123,486,San Francisco,2020-02-01
2021,2,1,85,210,19,14,12,9,63,34,17,21,114,135,39,131,9,2,6,5,40,25,13,11,78,89,43,63,10,12,3,3,20,5,4,6,29,35,0,4,0,0,1,0,1,1,0,1,2,3,3,12,0,0,2,1,2,3,0,3,5,8,1736,32,120,-279,-41,1153,107,329,San Francisco,2021-02-01
2022,2,1,99,200,19,15,4,11,40,30,13,15,83,98,47,117,10,2,4,3,23,19,7,7,49,56,41,65,7,12,0,6,15,10,4,6,29,35,3,3,0,0,0,1,1,0,1,1,2,3,8,15,2,1,0,1,1,1,1,1,3,4,1639,30,149,-278,-40,965,109,357,San Francisco,2022-02-01
2023,2,1,86,189,25,8,6,8,24,28,19,14,71,85,34,103,14,2,3,4,14,20,8,7,42,49,46,63,7,6,3,4,9,4,10,7,23,30,3,2,1,0,0,0,0,0,1,0,1,1,3,21,3,0,0,0,1,4,0,0,5,5,1609,31,129,-277,-39,985,87,350,San Francisco,2023-02-01
2024,2,1,81,204,17,5,6,11,26,23,6,17,55,72,47,112,9,0,2,6,14,14,5,8,33,41,25,77,5,5,4,5,10,3,1,9,14,23,3,0,0,0,0,0,2,0,0,0,2,2,6,15,3,0,0,0,0,6,0,0,6,6,1567,28,128,-276,-38,900,97,371,San Francisco,2024-02-01
2012,3,1,,,,,,,,,,,,,,,,,,,,,,,,,,,,,,,,,,,,,,,,,,,,,,,,,,,,,,,,,,,,,,,,,,,,,San Francisco,2012-03-01
2013,3,1,,,,,,,,,,,,,,,,,,,,,,,,,,,,,,,,,,,,,,,,,,,,,,,,,,,,,,,,,,,,,,,,,,,,,San Francisco,2013-03-01
2014,3,1,,,,,,,,,,,,,,,,,,,,,,,,,,,,,,,,,,,,,,,,,,,,,,,,,,,,,,,,,,,,,,,,,,,,,San Francisco,2014-03-01
2015,3,1,242,361,22,8,8,14,27,37,11,22,75,97,123,213,16,4,4,8,15,24,8,12,47,59,106,126,5,4,3,5,8,10,2,8,20,28,3,2,0,0,0,0,0,0,1,0,1,1,10,20,1,0,1,1,4,3,0,2,7,9,2174,16,142,-245,-7,1554,112,367,San Francisco,2015-03-01
2016,3,1,266,290,23,9,6,15,45,37,9,21,91,112,145,141,17,2,1,6,32,24,8,7,64,71,94,122,4,7,4,7,11,10,1,11,22,33,5,3,0,0,0,0,0,1,0,0,1,1,22,24,2,0,1,2,2,2,0,3,4,7,2015,21,162,-250,-12,1272,121,492,San Francisco,2016-03-01
2017,3,1,253,291,22,3,6,11,46,37,15,17,98,115,136,184,14,0,3,5,19,25,11,8,55,63,89,86,5,2,2,5,22,9,3,7,34,41,10,2,1,0,0,0,2,0,0,0,2,2,18,19,2,1,1,1,3,3,1,2,7,9,2484,36,209,-249,-11,1745,123,384,San Francisco,2017-03-01
2018,3,1,213,278,17,3,6,14,25,25,5,20,55,75,121,163,13,1,1,10,17,16,4,11,37,48,80,90,4,2,5,3,7,1,1,8,9,17,4,5,0,0,0,0,0,1,0,0,1,1,8,20,0,0,0,1,1,7,0,1,8,9,2177,20,177,-248,-10,1451,106,381,San Francisco,2018-03-01
2019,3,1,165,295,24,1,10,6,19,23,15,16,57,73,92,168,15,0,5,2,13,16,9,7,38,45,66,100,6,1,5,4,4,6,6,9,16,25,0,4,0,0,0,0,0,1,0,0,1,1,7,23,3,0,0,0,2,0,0,0,2,2,2063,22,155,-247,-9,1252,117,436,San Francisco,2019-03-01
2020,3,1,117,263,16,4,6,16,48,47,13,22,108,130,54,151,9,2,1,8,29,30,8,9,67,76,59,82,4,2,4,8,13,10,4,12,27,39,0,1,0,0,0,0,2,0,0,0,2,2,4,29,3,0,1,0,4,7,1,1,12,13,1988,13,184,-245,-7,1216,129,420,San Francisco,2020-03-01
2021,3,1,114,212,13,6,5,10,37,42,16,15,95,110,49,125,8,1,4,6,23,35,12,10,70,80,59,67,3,5,1,3,12,3,2,4,17,21,2,4,0,0,0,0,0,1,0,0,1,1,4,16,2,0,0,1,2,3,2,1,7,8,1586,17,126,-251,-13,1005,111,320,San Francisco,2021-03-01
2022,3,1,93,195,15,6,2,9,47,22,12,11,81,92,42,117,6,3,0,4,32,13,8,4,53,57,42,64,6,3,2,5,13,6,3,7,22,29,1,1,0,0,0,0,1,0,0,0,1,1,8,13,3,0,0,0,1,3,1,0,5,5,1537,13,122,-250,-12,899,109,341,San Francisco,2022-03-01
2023,3,1,100,185,14,4,8,11,35,21,12,19,68,87,57,103,10,1,2,5,14,19,8,7,41,48,39,65,2,3,5,5,19,0,3,10,22,32,0,3,1,0,0,0,1,0,0,0,1,1,4,14,1,0,1,1,1,2,1,2,4,6,1642,14,128,-249,-11,981,102,406,San Francisco,2023-03-01
2024,3,1,81,168,18,3,4,8,24,17,7,12,48,60,47,102,11,0,2,2,16,13,5,4,34,38,32,47,6,2,2,5,8,4,1,7,13,20,1,5,0,0,0,0,0,0,0,0,0,0,1,14,1,1,0,1,0,0,1,1,1,2,1527,25,98,-247,-9,900,106,341,San Francisco,2024-03-01
2012,4,1,,,,,,,,,,,,,,,,,,,,,,,,,,,,,,,,,,,,,,,,,,,,,,,,,,,,,,,,,,,,,,,,,,,,,San Francisco,2012-04-01
2013,4,1,,,,,,,,,,,,,,,,,,,,,,,,,,,,,,,,,,,,,,,,,,,,,,,,,,,,,,,,,,,,,,,,,,,,,San Francisco,2013-04-01
2014,4,1,,,,,,,,,,,,,,,,,,,,,,,,,,,,,,,,,,,,,,,,,,,,,,,,,,,,,,,,,,,,,,,,,,,,,San Francisco,2014-04-01
2015,4,1,252,351,30,3,14,7,34,27,16,21,77,98,168,220,24,2,6,2,23,23,13,8,59,67,62,98,3,1,6,5,8,3,2,11,13,24,5,1,0,0,1,0,0,1,1,1,2,3,17,32,3,0,1,0,3,0,0,1,3,4,2234,25,134,-214,24,1606,120,335,San Francisco,2015-04-01
2016,4,1,227,326,21,8,20,16,24,34,21,36,79,115,118,215,19,1,15,10,15,22,18,25,55,80,99,89,1,7,4,4,8,5,2,8,15,23,3,5,0,0,0,0,0,0,1,0,1,1,7,17,1,0,1,2,1,7,0,3,8,11,2123,18,116,-219,19,1439,101,376,San Francisco,2016-04-01
2017,4,1,270,314,23,13,15,16,31,19,7,31,57,88,148,208,16,1,8,8,20,13,4,16,37,53,111,86,3,10,7,6,11,4,1,13,16,29,2,2,0,0,0,0,0,0,0,0,0,0,9,18,4,2,0,2,0,2,2,2,4,6,2286,14,142,-218,20,1363,134,496,San Francisco,2017-04-01
2018,4,1,242,233,7,10,8,12,40,23,10,20,73,93,128,144,7,5,5,7,22,16,9,12,47,59,97,72,0,5,3,5,12,5,1,8,18,26,3,2,0,0,0,0,2,0,0,0,2,2,14,15,0,0,0,0,4,2,0,0,6,6,1792,17,120,-217,21,1190,100,333,San Francisco,2018-04-01
2019,4,1,154,301,8,1,4,9,33,36,8,13,77,90,100,197,6,0,3,8,20,25,5,11,50,61,39,82,2,1,0,1,9,6,3,1,18,19,4,10,0,0,0,0,2,0,0,0,2,2,11,12,0,0,1,0,2,5,0,1,7,8,2353,37,160,-216,22,1542,148,391,San Francisco,2019-04-01
2020,4,1,151,291,9,6,8,8,42,32,9,16,83,99,86,213,8,3,4,3,27,25,7,7,59,66,51,58,0,2,3,3,9,3,2,6,14,20,5,0,1,0,0,0,2,0,0,0,2,2,9,20,0,1,1,2,4,4,0,3,8,11,1855,26,110,-214,24,1118,130,329,San Francisco,2020-04-01
2021,4,1,152,232,14,11,0,12,29,37,17,12,83,95,68,146,10,5,0,7,20,28,12,7,60,67,71,70,3,6,0,4,7,5,5,4,17,21,2,1,0,0,0,0,1,0,0,0,1,1,11,15,1,0,0,1,1,4,0,1,5,6,1768,12,100,-220,18,1117,105,382,San Francisco,2021-04-01
2022,4,1,117,185,7,8,8,7,34,43,10,15,87,102,64,117,5,4,4,3,24,34,6,7,64,71,43,52,1,2,3,3,7,8,4,6,19,25,2,5,0,0,0,0,0,0,0,0,0,0,8,11,1,2,1,1,3,1,0,2,4,6,1622,23,111,-219,19,913,104,419,San Francisco,2022-04-01
2023,4,1,111,157,19,20,6,6,42,21,17,12,80,92,54,99,8,5,2,1,26,15,12,3,53,56,51,42,8,14,3,5,14,5,2,8,21,29,1,3,0,0,0,0,0,0,0,0,0,0,5,13,3,1,1,0,2,1,3,1,6,7,1511,14,98,-218,20,841,97,372,San Francisco,2023-04-01
2024,4,1,87,173,7,3,2,12,28,15,6,14,49,63,48,103,4,1,1,8,17,12,5,9,34,43,36,54,1,2,1,1,7,2,1,2,10,12,0,1,0,0,0,0,2,0,0,0,2,2,3,15,2,0,0,3,2,1,0,3,3,6,1645,17,99,-216,22,915,102,372,San Francisco,2024-04-01
2012,5,1,,,,,,,,,,,,,,,,,,,,,,,,,,,,,,,,,,,,,,,,,,,,,,,,,,,,,,,,,,,,,,,,,,,,,San Francisco,2012-05-01
2013,5,1,,,,,,,,,,,,,,,,,,,,,,,,,,,,,,,,,,,,,,,,,,,,,,,,,,,,,,,,,,,,,,,,,,,,,San Francisco,2013-05-01
2014,5,1,,,,,,,,,,,,,,,,,,,,,,,,,,,,,,,,,,,,,,,,,,,,,,,,,,,,,,,,,,,,,,,,,,,,,San Francisco,2014-05-01
2015,5,1,267,274,20,3,11,16,34,39,12,27,85,112,156,165,16,1,7,12,23,29,10,19,62,81,88,87,3,2,4,4,8,8,1,8,17,25,4,0,0,0,0,0,0,0,0,0,0,0,19,22,1,0,0,0,3,2,1,0,6,6,2096,11,152,-184,54,1436,122,408,San Francisco,2015-05-01
2016,5,1,242,322,25,12,15,12,24,17,19,27,60,87,139,204,13,2,9,7,13,10,12,16,35,51,82,100,9,9,5,3,9,5,7,8,21,29,7,1,0,0,0,0,1,0,0,0,1,1,14,17,3,1,1,2,1,2,0,3,3,6,2196,20,145,-189,49,1487,127,398,San Francisco,2016-05-01
2017,5,1,284,296,27,6,15,7,45,19,8,22,72,94,179,191,19,2,9,6,34,15,8,15,57,72,79,80,6,4,4,1,6,4,0,5,10,15,7,2,1,0,0,0,2,0,0,0,2,2,19,23,1,0,2,0,3,0,0,2,3,5,2172,22,136,-188,50,1407,143,410,San Francisco,2017-05-01
2018,5,1,267,280,19,6,8,18,32,32,5,26,69,95,198,202,15,4,4,11,19,22,4,15,45,60,50,59,1,2,1,3,7,7,1,4,15,19,2,2,1,0,1,0,0,0,0,1,0,1,17,17,2,0,2,4,6,3,0,6,9,15,2166,23,148,-187,51,1375,121,454,San Francisco,2018-05-01
2019,5,1,216,384,20,5,6,13,36,28,8,19,72,91,161,290,16,2,4,7,21,23,6,11,50,61,45,60,1,1,1,4,11,3,2,5,16,21,2,3,1,1,0,1,0,0,0,1,0,1,8,31,2,1,1,1,4,2,0,2,6,8,2357,32,154,-186,52,1528,142,418,San Francisco,2019-05-01
2020,5,1,188,251,15,10,3,14,29,30,15,17,74,91,134,178,10,1,2,8,16,28,12,10,56,66,46,51,1,5,1,5,11,1,2,6,14,20,1,3,0,1,0,0,1,0,0,0,1,1,7,19,4,3,0,1,1,1,1,1,3,4,1875,9,112,-184,54,1190,77,367,San Francisco,2020-05-01
2021,5,1,132,137,12,7,5,11,27,25,11,16,63,79,48,87,4,4,3,9,15,19,8,12,42,54,67,36,7,3,2,2,8,4,3,4,15,19,2,2,0,0,0,0,1,0,0,0,1,1,15,12,1,0,0,0,3,2,0,0,5,5,1477,10,117,-190,48,936,97,321,San Francisco,2021-05-01
2022,5,1,77,162,13,13,3,11,32,26,4,14,62,76,41,109,8,5,1,8,20,20,4,9,44,53,34,39,3,8,1,2,9,4,0,3,13,16,0,3,0,0,0,0,1,0,0,0,1,1,2,11,2,0,1,1,2,2,0,2,4,6,1349,6,95,-189,49,744,83,358,San Francisco,2022-05-01
2023,5,1,90,172,18,9,6,9,34,30,19,15,83,98,53,120,15,3,3,4,23,26,14,7,63,70,32,40,3,5,3,5,9,3,4,8,16,24,1,1,0,0,0,0,0,0,1,0,1,1,4,11,0,1,0,0,2,1,0,0,3,3,1654,13,93,-188,50,980,104,377,San Francisco,2023-05-01
2024,5,1,93,210,11,9,7,7,27,26,12,14,65,79,63,144,8,0,5,5,16,21,6,10,43,53,27,52,3,9,2,2,10,3,5,4,18,22,0,0,0,0,0,0,1,0,1,0,2,2,3,14,0,0,0,0,0,2,0,0,2,2,1527,6,95,-186,52,904,100,372,San Francisco,2024-05-01
2012,6,1,,,,,,,,,,,,,,,,,,,,,,,,,,,,,,,,,,,,,,,,,,,,,,,,,,,,,,,,,,,,,,,,,,,,,San Francisco,2012-06-01
2013,6,1,,,,,,,,,,,,,,,,,,,,,,,,,,,,,,,,,,,,,,,,,,,,,,,,,,,,,,,,,,,,,,,,,,,,,San Francisco,2013-06-01
2014,6,1,,,,,,,,,,,,,,,,,,,,,,,,,,,,,,,,,,,,,,,,,,,,,,,,,,,,,,,,,,,,,,,,,,,,,San Francisco,2014-06-01
2015,6,1,206,300,17,9,12,7,27,34,20,19,81,100,134,210,13,5,6,6,21,28,15,12,64,76,57,56,1,3,4,1,4,5,5,5,14,19,2,1,2,0,1,0,0,0,0,1,0,1,13,33,1,1,1,0,2,1,0,1,3,4,2014,20,169,-153,85,1433,118,346,San Francisco,2015-06-01
2016,6,1,247,314,23,2,14,11,30,42,10,25,82,107,178,228,17,1,11,8,20,30,7,19,57,76,49,64,4,1,2,2,7,10,2,4,19,23,4,3,1,0,0,0,0,0,0,0,0,0,16,19,1,0,1,1,3,2,1,2,6,8,2179,13,141,-158,80,1465,129,423,San Francisco,2016-06-01
2017,6,1,289,260,25,4,2,8,39,26,3,10,68,78,203,181,17,0,2,6,29,20,3,8,52,60,63,57,3,3,0,1,8,3,0,1,11,12,5,3,0,0,0,1,1,0,0,1,1,2,18,19,5,1,0,0,1,3,0,0,4,4,2357,16,164,-157,81,1575,125,419,San Francisco,2017-06-01
2018,6,1,151,292,18,2,7,2,50,30,7,9,87,96,75,212,14,1,5,1,35,22,6,6,63,69,60,58,4,0,2,0,7,5,1,2,13,15,1,2,0,0,0,0,1,0,0,0,1,1,15,20,0,1,0,1,7,3,0,1,10,11,1982,11,140,-156,82,1174,126,456,San Francisco,2018-06-01
2019,6,1,182,305,24,8,7,9,27,25,5,16,57,73,107,202,14,0,2,6,18,22,5,8,45,53,62,74,4,4,3,3,5,2,0,6,7,13,4,3,1,0,0,0,1,0,0,0,1,1,9,26,5,4,2,0,3,1,0,2,4,6,2227,15,162,-155,83,1343,139,454,San Francisco,2019-06-01
2020,6,1,156,231,6,11,8,14,109,25,13,22,147,169,98,152,4,1,5,11,59,20,10,16,89,105,42,59,1,4,2,2,39,3,1,4,43,47,1,2,0,0,1,0,2,0,1,1,3,4,15,18,1,6,0,1,9,2,1,1,12,13,2154,14,192,-153,85,1237,121,420,San Francisco,2020-06-01
2021,6,1,123,184,9,13,2,4,48,28,18,6,94,100,80,135,7,4,1,3,41,21,14,4,76,80,28,38,2,2,1,1,6,2,3,2,11,13,2,0,0,0,0,0,0,0,0,0,0,0,13,11,0,7,0,0,1,5,1,0,7,7,1741,10,116,-159,79,1081,93,340,San Francisco,2021-06-01
2022,6,1,83,169,13,12,9,6,52,19,10,15,81,96,47,127,12,5,5,5,39,17,9,10,65,75,24,24,1,6,2,0,8,0,1,2,9,11,0,1,0,0,0,0,1,0,0,0,1,1,12,17,0,1,2,1,4,2,0,3,6,9,1360,11,100,-158,80,750,85,361,San Francisco,2022-06-01
2023,6,1,96,234,12,7,4,15,39,23,6,19,68,87,58,167,6,2,4,11,24,19,5,15,48,63,30,46,5,5,0,3,11,1,1,3,13,16,1,2,0,0,0,0,1,0,0,0,1,1,7,19,1,0,0,1,3,3,0,1,6,7,1770,8,119,-157,81,1020,89,464,San Francisco,2023-06-01
2024,6,1,115,168,10,5,8,12,27,24,10,20,61,81,53,107,5,2,4,8,17,19,5,12,41,53,44,37,3,3,4,4,7,2,4,8,13,21,1,0,0,0,0,0,1,0,0,0,1,1,17,24,2,0,0,0,2,3,1,0,6,6,1464,12,140,-155,83,806,122,417,San Francisco,2024-06-01
2012,7,1,,,,,,,,,,,,,,,,,,,,,,,,,,,,,,,,,,,,,,,,,,,,,,,,,,,,,,,,,,,,,,,,,,,,,San Francisco,2012-07-01
2013,7,1,,,,,,,,,,,,,,,,,,,,,,,,,,,,,,,,,,,,,,,,,,,,,,,,,,,,,,,,,,,,,,,,,,,,,San Francisco,2013-07-01
2014,7,1,,,,,,,,,,,,,,,,,,,,,,,,,,,,,,,,,,,,,,,,,,,,,,,,,,,,,,,,,,,,,,,,,,,,,San Francisco,2014-07-01
2015,7,1,267,398,28,16,14,13,25,20,16,27,61,88,189,297,24,5,9,9,16,17,13,18,46,64,50,73,2,6,3,2,5,2,2,5,9,14,3,1,0,0,0,0,0,0,0,0,0,0,25,27,2,5,2,2,4,1,1,4,6,10,2352,13,178,-123,115,1594,152,403,San Francisco,2015-07-01
2016,7,1,227,314,19,21,7,17,29,31,15,24,75,99,160,233,16,6,5,6,23,26,10,11,59,70,42,58,1,12,2,8,6,2,4,10,12,22,1,2,0,0,0,0,0,0,0,0,0,0,24,21,2,3,0,3,0,3,1,3,4,7,2116,9,170,-128,110,1401,137,410,San Francisco,2016-07-01
2017,7,1,256,251,18,14,9,13,32,20,6,22,58,80,147,180,16,2,3,6,25,14,5,9,44,53,81,54,1,10,4,5,6,4,1,9,11,20,2,1,0,0,0,0,0,0,0,0,0,0,26,16,1,2,2,2,1,2,0,4,3,7,2183,11,192,-127,111,1315,156,412,San Francisco,2017-07-01
2018,7,1,147,267,14,11,3,5,26,27,6,8,59,67,77,179,12,4,1,3,13,24,3,4,40,44,54,52,2,6,1,0,8,1,2,1,11,12,3,3,0,0,0,0,0,0,0,0,0,0,13,33,0,1,1,2,5,2,1,3,8,11,1774,19,157,-126,112,1109,97,379,San Francisco,2018-07-01
2019,7,1,239,318,13,13,11,13,35,31,11,24,77,101,162,234,12,1,6,5,26,28,9,11,63,74,46,50,1,10,4,8,6,3,1,12,10,22,3,3,0,0,0,0,0,0,0,0,0,0,28,31,0,2,1,0,3,0,1,1,4,5,2450,17,191,-125,113,1560,123,455,San Francisco,2019-07-01
2020,7,1,196,201,13,8,4,9,26,30,9,13,65,78,97,151,10,2,4,6,20,25,8,10,53,63,55,32,2,6,0,0,5,3,1,0,9,9,11,2,0,0,0,0,0,0,0,0,0,0,33,16,1,0,0,3,1,2,0,3,3,6,1831,22,184,-123,115,1212,127,357,San Francisco,2020-07-01
2021,7,1,180,228,11,15,7,12,27,29,9,19,65,84,80,181,9,4,6,8,18,25,9,14,52,66,68,39,0,6,0,4,6,3,0,4,9,13,5,0,0,0,0,0,0,0,0,0,0,0,27,8,2,5,1,0,3,1,0,1,4,5,1667,25,137,-129,109,997,124,386,San Francisco,2021-07-01
2022,7,1,104,180,16,9,9,7,39,31,8,16,78,94,64,131,10,3,7,5,30,27,7,12,64,76,22,35,4,5,2,2,7,3,0,4,10,14,2,1,1,0,0,0,1,0,0,0,1,1,16,13,1,1,0,0,1,1,1,0,3,3,1334,12,106,-128,110,726,94,389,San Francisco,2022-07-01
2023,7,1,161,181,16,18,3,8,33,20,15,11,68,79,68,127,8,3,0,4,20,18,10,4,48,52,64,35,7,12,2,3,11,2,4,5,17,22,1,2,0,0,0,0,0,0,0,0,0,0,28,17,1,3,1,1,2,0,1,2,3,5,1454,5,131,-127,111,798,84,427,San Francisco,2023-07-01
2024,7,1,116,161,17,7,9,8,33,37,14,17,84,101,68,117,12,2,7,4,21,29,13,11,63,74,32,30,3,4,2,4,8,5,0,6,13,19,1,0,0,0,0,0,0,0,0,0,0,0,15,14,2,1,0,0,4,3,1,0,8,8,1549,5,139,-125,113,881,110,355,San Francisco,2024-07-01
2012,8,1,,,,,,,,,,,,,,,,,,,,,,,,,,,,,,,,,,,,,,,,,,,,,,,,,,,,,,,,,,,,,,,,,,,,,San Francisco,2012-08-01
2013,8,1,,,,,,,,,,,,,,,,,,,,,,,,,,,,,,,,,,,,,,,,,,,,,,,,,,,,,,,,,,,,,,,,,,,,,San Francisco,2013-08-01
2014,8,1,,,,,,,,,,,,,,,,,,,,,,,,,,,,,,,,,,,,,,,,,,,,,,,,,,,,,,,,,,,,,,,,,,,,,San Francisco,2014-08-01
2015,8,1,282,352,23,18,13,10,31,35,13,23,79,102,147,229,15,4,6,6,21,25,11,12,57,69,113,89,7,13,5,2,8,5,2,7,15,22,4,4,0,0,0,1,0,1,0,1,1,2,18,30,1,1,2,1,2,4,0,3,6,9,2162,16,177,-92,146,1456,105,423,San Francisco,2015-08-01
2016,8,1,270,278,15,2,13,13,45,35,13,26,93,119,180,176,14,1,8,6,32,29,10,14,71,85,58,77,1,1,5,6,9,5,1,11,15,26,8,4,0,0,0,0,0,0,0,0,0,0,24,21,0,0,0,1,4,1,2,1,7,8,1813,21,146,-97,141,1149,103,419,San Francisco,2016-08-01
2017,8,1,256,290,23,8,3,15,35,33,11,18,79,97,182,192,19,4,1,10,27,28,8,11,63,74,56,73,3,3,2,0,6,3,1,2,10,12,3,2,0,0,0,0,0,0,0,0,0,0,15,23,1,1,0,5,2,2,2,5,6,11,2240,12,135,-96,142,1405,130,395,San Francisco,2017-08-01
2018,8,1,144,318,15,6,16,6,51,25,5,22,81,103,98,230,12,2,11,3,35,17,4,14,56,70,32,66,1,3,3,1,14,3,1,4,18,22,4,3,0,0,0,0,1,0,0,0,1,1,10,19,2,1,2,2,1,5,0,4,6,10,2089,19,140,-95,143,1372,101,380,San Francisco,2018-08-01
2019,8,1,249,296,12,4,11,9,50,27,4,20,81,101,193,215,10,0,6,8,34,22,2,14,58,72,37,63,1,3,3,0,8,4,1,3,13,16,1,6,0,0,0,0,4,0,0,0,4,4,18,12,1,1,2,1,4,1,1,3,6,9,2119,26,149,-94,144,1322,126,430,San Francisco,2019-08-01
2020,8,1,160,190,13,3,7,9,33,24,9,16,66,82,73,139,11,2,2,6,22,22,6,8,50,58,70,45,2,1,3,2,8,1,3,5,12,17,1,0,0,0,0,0,0,1,0,0,1,1,16,6,0,0,2,1,3,0,0,3,3,6,1489,5,106,-92,146,933,78,371,San Francisco,2020-08-01
2021,8,1,161,185,11,9,7,18,40,27,13,25,80,105,60,125,6,1,6,11,28,26,9,17,63,80,86,43,4,7,1,5,9,0,4,6,13,19,0,1,0,0,0,0,1,0,0,0,1,1,15,16,1,1,0,2,2,1,0,2,3,5,1682,14,133,-98,140,971,110,387,San Francisco,2021-08-01
2022,8,1,109,181,4,5,8,10,38,23,10,18,71,89,70,128,2,3,1,6,28,20,7,7,55,62,30,33,1,2,4,4,6,1,3,8,10,18,1,3,0,0,0,0,0,0,0,0,0,0,8,17,1,0,3,0,4,2,0,3,6,9,1395,9,100,-97,141,823,82,303,San Francisco,2022-08-01
2023,8,1,112,194,11,6,9,7,28,39,16,16,83,99,72,163,9,3,7,4,23,35,14,11,72,83,28,25,1,2,2,2,3,2,2,4,7,11,0,1,0,0,0,0,1,0,0,0,1,1,12,5,1,1,0,1,1,2,0,1,3,4,1525,11,103,-96,142,839,87,417,San Francisco,2023-08-01
2024,8,1,78,203,9,6,3,10,37,34,16,13,87,100,40,131,8,3,1,6,26,31,14,7,71,78,27,52,0,0,1,3,11,1,0,4,12,16,3,0,0,0,0,0,0,0,0,0,0,0,8,20,1,3,1,1,0,2,2,2,4,6,1456,5,128,-94,144,867,86,355,San Francisco,2024-08-01
2012,9,1,,,,,,,,,,,,,,,,,,,,,,,,,,,,,,,,,,,,,,,,,,,,,,,,,,,,,,,,,,,,,,,,,,,,,San Francisco,2012-09-01
2013,9,1,,,,,,,,,,,,,,,,,,,,,,,,,,,,,,,,,,,,,,,,,,,,,,,,,,,,,,,,,,,,,,,,,,,,,San Francisco,2013-09-01
2014,9,1,,,,,,,,,,,,,,,,,,,,,,,,,,,,,,,,,,,,,,,,,,,,,,,,,,,,,,,,,,,,,,,,,,,,,San Francisco,2014-09-01
2015,9,1,307,400,20,6,5,8,41,46,14,13,101,114,195,251,16,2,2,4,25,35,11,6,71,77,90,118,3,4,3,4,14,9,2,7,25,32,6,8,0,0,0,0,0,0,0,0,0,0,16,23,1,0,0,0,2,2,1,0,5,5,2369,31,159,-61,177,1692,130,391,San Francisco,2015-09-01
2016,9,1,259,322,16,1,6,15,29,31,1,21,61,82,180,212,12,0,4,6,21,27,0,10,48,58,65,89,3,1,2,7,6,4,1,9,11,20,5,4,1,0,0,0,0,0,0,0,0,0,9,17,0,0,0,2,2,0,0,2,2,4,2272,18,132,-66,172,1525,117,407,San Francisco,2016-09-01
2017,9,1,266,301,28,8,5,15,28,50,7,20,85,105,138,198,21,2,1,6,17,39,6,7,62,69,94,76,5,6,4,7,7,8,1,11,16,27,8,4,0,0,0,1,1,0,0,1,1,2,26,23,2,0,0,1,3,3,0,1,6,7,2375,24,179,-65,173,1432,119,509,San Francisco,2017-09-01
2018,9,1,178,277,20,6,8,7,35,21,10,15,66,81,72,163,11,1,4,4,21,19,7,8,47,55,96,92,8,2,3,3,12,2,3,6,17,23,4,2,0,0,0,0,1,0,0,0,1,1,6,20,1,3,1,0,1,0,0,1,1,2,1956,18,117,-64,174,1229,123,369,San Francisco,2018-09-01
2019,9,1,242,255,12,7,9,12,41,32,7,21,80,101,135,176,8,2,5,6,22,25,5,11,52,63,82,67,4,4,4,6,14,6,2,10,22,32,4,0,0,0,0,0,1,0,0,0,1,1,21,12,0,1,0,0,4,1,0,0,5,5,1980,15,114,-63,175,1197,111,426,San Francisco,2019-09-01
2020,9,1,112,208,10,5,7,14,48,26,15,21,89,110,51,136,8,2,5,7,28,19,11,12,58,70,50,59,1,1,1,4,19,3,3,5,25,30,2,0,0,0,0,1,0,0,0,1,0,1,9,13,1,2,1,2,1,4,1,3,6,9,1633,14,98,-61,177,1037,114,339,San Francisco,2020-09-01
2021,9,1,123,198,25,4,6,10,42,40,16,16,98,114,58,139,17,1,4,8,27,30,12,12,69,81,51,50,8,3,2,2,7,6,3,4,16,20,5,0,0,0,0,0,1,0,0,0,1,1,9,9,0,0,0,0,7,4,1,0,12,12,1748,26,99,-67,171,1096,103,394,San Francisco,2021-09-01
2022,9,1,113,213,17,4,9,7,44,21,15,16,80,96,65,148,13,0,7,5,26,17,12,12,55,67,40,46,3,2,2,1,12,3,2,3,17,20,2,5,0,0,0,0,0,0,0,0,0,0,6,14,1,2,0,1,6,1,1,1,8,9,1555,15,97,-66,172,912,87,381,San Francisco,2022-09-01
2023,9,1,109,200,17,7,9,9,30,25,13,18,68,86,51,136,9,5,6,4,19,15,7,10,41,51,56,46,3,2,3,4,8,5,6,7,19,26,0,2,2,0,0,0,0,0,0,0,0,0,2,16,3,0,0,1,3,5,0,1,8,9,1598,19,96,-65,173,858,106,467,San Francisco,2023-09-01
2024,9,1,121,150,12,12,3,17,27,35,8,20,70,90,54,94,9,0,1,8,15,34,5,9,54,63,62,45,2,10,2,8,9,0,3,10,12,22,1,1,0,0,0,0,0,0,0,0,0,0,4,10,1,2,0,1,3,1,0,1,4,5,1352,12,77,-63,175,726,89,363,San Francisco,2024-09-01
2012,10,1,,,,,,,,,,,,,,,,,,,,,,,,,,,,,,,,,,,,,,,,,,,,,,,,,,,,,,,,,,,,,,,,,,,,,San Francisco,2012-10-01
2013,10,1,,,,,,,,,,,,,,,,,,,,,,,,,,,,,,,,,,,,,,,,,,,,,,,,,,,,,,,,,,,,,,,,,,,,,San Francisco,2013-10-01
2014,10,1,,,,,,,,,,,,,,,,,,,,,,,,,,,,,,,,,,,,,,,,,,,,,,,,,,,,,,,,,,,,,,,,,,,,,San Francisco,2014-10-01
2015,10,1,255,318,26,7,13,15,31,35,19,28,85,113,120,191,19,0,6,8,17,28,10,14,55,69,103,103,4,7,7,5,8,7,7,12,22,34,11,4,1,0,0,1,0,0,0,1,0,1,21,20,2,0,0,1,6,0,2,1,8,9,2307,33,168,-31,207,1602,143,395,San Francisco,2015-10-01
2016,10,1,277,280,32,16,13,12,38,24,3,25,65,90,133,159,20,4,5,5,21,17,3,10,41,51,128,97,10,11,8,5,13,4,0,13,17,30,10,3,0,0,0,0,1,0,0,0,1,1,6,21,2,1,0,2,3,3,0,2,6,8,2341,34,164,-36,202,1439,134,538,San Francisco,2016-10-01
2017,10,1,279,311,23,5,10,15,23,31,11,25,65,90,151,194,17,2,3,5,14,22,5,8,41,49,110,96,3,3,7,8,7,7,6,15,20,35,7,2,0,0,0,0,0,1,0,0,1,1,11,19,3,0,0,2,2,1,0,2,3,5,2154,22,143,-35,203,1317,114,447,San Francisco,2017-10-01
2018,10,1,177,376,10,3,4,12,40,43,4,16,87,103,100,249,8,0,1,10,25,32,4,11,61,72,68,98,2,3,3,2,12,7,0,5,19,24,2,7,0,0,0,0,0,1,0,0,1,1,7,22,0,0,0,0,3,3,0,0,6,6,2396,27,160,-34,204,1450,123,517,San Francisco,2018-10-01
2019,10,1,177,345,23,7,5,12,30,47,11,17,88,105,104,218,17,2,5,5,21,33,9,10,63,73,63,93,2,5,0,4,6,9,2,4,17,21,1,3,1,0,0,1,0,0,0,1,0,1,9,31,3,0,0,2,3,5,0,2,8,10,2373,31,182,-33,205,1541,124,452,San Francisco,2019-10-01
2020,10,1,119,253,16,21,5,10,56,30,12,15,98,113,53,168,11,3,2,5,32,20,11,7,63,70,54,76,3,18,3,5,20,7,0,8,27,35,1,2,1,0,0,0,2,0,1,0,3,3,11,7,1,0,0,0,2,3,0,0,5,5,1745,18,104,-31,207,1052,132,373,San Francisco,2020-10-01
2021,10,1,132,216,23,8,13,9,31,42,21,22,94,116,47,138,16,1,5,5,15,37,12,10,64,74,74,51,4,7,6,3,15,4,7,9,26,35,4,7,0,0,0,0,0,0,1,0,1,1,7,20,3,0,2,1,1,1,1,3,3,6,1590,24,123,-37,201,860,121,461,San Francisco,2021-10-01
2022,10,1,132,164,14,4,5,5,38,19,14,10,71,81,58,99,7,1,3,3,24,17,7,6,48,54,67,52,6,3,1,2,13,1,6,3,20,23,2,1,0,0,0,0,1,0,0,0,1,1,5,12,1,0,1,0,0,1,1,1,2,3,1468,15,108,-36,202,770,98,442,San Francisco,2022-10-01
2023,10,1,107,168,11,7,11,7,37,22,8,18,67,85,46,97,6,2,6,4,15,14,5,10,34,44,55,58,5,4,5,3,18,5,2,8,25,33,1,3,0,0,0,0,1,0,0,0,1,1,5,10,0,1,0,0,3,3,1,0,7,7,1547,16,113,-35,203,787,102,444,San Francisco,2023-10-01
2024,10,1,114,218,28,11,12,13,45,31,7,25,83,108,56,139,19,1,5,8,24,25,5,13,54,67,52,63,7,9,6,4,17,2,0,10,19,29,0,4,0,0,0,0,2,0,2,0,4,4,6,12,2,1,1,1,2,4,0,2,6,8,1860,22,118,-33,205,1057,100,447,San Francisco,2024-10-01
2012,11,1,,,,,,,,,,,,,,,,,,,,,,,,,,,,,,,,,,,,,,,,,,,,,,,,,,,,,,,,,,,,,,,,,,,,,San Francisco,2012-11-01
2013,11,1,,,,,,,,,,,,,,,,,,,,,,,,,,,,,,,,,,,,,,,,,,,,,,,,,,,,,,,,,,,,,,,,,,,,,San Francisco,2013-11-01
2014,11,1,,,,,,,,,,,,,,,,,,,,,,,,,,,,,,,,,,,,,,,,,,,,,,,,,,,,,,,,,,,,,,,,,,,,,San Francisco,2014-11-01
2015,11,1,347,381,26,18,19,12,31,40,26,31,97,128,138,165,9,2,5,5,16,20,14,10,50,60,192,178,16,16,13,6,11,14,9,19,34,53,6,4,0,0,0,0,0,0,1,0,1,1,11,34,1,0,1,1,4,6,2,2,12,14,2531,24,184,0,238,1675,123,496,San Francisco,2015-11-01
2016,11,1,276,296,21,5,7,7,29,32,11,14,72,86,126,167,12,0,3,3,18,24,4,6,46,52,121,107,8,5,4,4,9,6,5,8,20,28,12,3,0,0,0,0,1,0,0,0,1,1,17,19,1,0,0,0,1,2,2,0,5,5,2359,45,200,-5,233,1619,130,428,San Francisco,2016-11-01
2017,11,1,265,285,29,14,11,20,33,22,8,31,63,94,149,172,21,3,3,13,17,18,7,16,42,58,89,91,3,10,8,6,12,2,1,14,15,29,12,9,0,1,0,0,1,0,0,0,1,1,15,13,5,0,0,1,3,2,0,1,5,6,2099,41,163,-4,234,1309,125,414,San Francisco,2017-11-01
2018,11,1,178,366,20,7,9,15,41,34,8,24,83,107,78,223,14,1,3,4,19,16,7,7,42,49,89,109,4,6,5,9,20,9,1,14,30,44,3,5,0,0,0,0,1,1,0,0,2,2,8,29,2,0,1,2,1,8,0,3,9,12,2399,43,188,-3,235,1478,157,496,San Francisco,2018-11-01
2019,11,1,308,285,15,11,12,8,31,27,8,20,66,86,129,158,8,0,6,4,21,22,3,10,46,56,156,103,6,10,4,2,8,4,4,6,16,22,6,9,0,1,0,1,0,0,1,1,1,2,17,15,1,0,2,1,2,1,0,3,3,6,2479,47,202,-2,236,1540,137,504,San Francisco,2019-11-01
2020,11,1,186,203,11,14,10,6,43,36,14,16,93,109,43,97,1,2,4,0,22,21,7,4,50,54,136,92,8,10,5,6,19,10,5,11,34,45,0,1,1,1,0,0,0,0,0,0,0,0,7,13,1,1,1,0,2,5,2,1,9,10,1753,14,117,0,238,1132,84,423,San Francisco,2020-11-01
2021,11,1,99,186,17,17,7,10,44,23,16,17,83,100,31,102,9,0,7,5,24,21,9,12,54,66,64,71,6,16,0,5,16,1,6,5,23,28,1,3,0,0,0,0,1,0,0,0,1,1,3,10,2,1,0,0,3,1,1,0,5,5,1573,32,99,-6,232,951,90,380,San Francisco,2021-11-01
2022,11,1,86,163,12,7,13,6,44,21,20,19,85,104,33,96,7,1,9,1,26,14,15,10,55,65,49,49,4,6,4,3,16,3,4,7,23,30,0,5,1,0,0,0,0,2,0,0,2,2,4,13,0,0,0,2,2,2,1,2,5,7,1498,25,103,-5,233,881,66,393,San Francisco,2022-11-01
2023,11,1,108,214,17,5,2,10,38,20,12,12,70,82,55,110,11,1,0,4,20,15,8,4,43,47,46,74,4,4,1,5,15,2,3,6,20,26,1,5,1,0,1,0,0,0,1,1,1,2,6,25,1,0,0,1,3,3,0,1,6,7,1593,35,145,-4,234,852,103,492,San Francisco,2023-11-01
2024,11,1,163,174,13,9,8,9,39,38,8,17,85,102,69,94,5,0,5,6,21,32,5,11,58,69,88,67,5,9,3,3,17,2,0,6,19,25,3,4,1,0,0,0,0,0,0,0,0,0,3,9,2,0,0,0,1,4,3,0,8,8,1912,30,129,-2,236,1071,115,485,San Francisco,2024-11-01
2012,12,1,,,,,,,,,,,,,,,,,,,,,,,,,,,,,,,,,,,,,,,,,,,,,,,,,,,,,,,,,,,,,,,,,,,,,San Francisco,2012-12-01
2013,12,1,,,,,,,,,,,,,,,,,,,,,,,,,,,,,,,,,,,,,,,,,,,,,,,,,,,,,,,,,,,,,,,,,,,,,San Francisco,2013-12-01
2014,12,1,,,,,,,,,,,,,,,,,,,,,,,,,,,,,,,,,,,,,,,,,,,,,,,,,,,,,,,,,,,,,,,,,,,,,San Francisco,2014-12-01
2015,12,1,245,358,34,4,4,7,42,27,13,11,82,93,111,163,17,0,0,1,26,15,6,1,47,48,114,151,9,4,3,6,15,8,4,9,27,36,9,6,2,0,0,0,1,0,2,0,3,3,11,38,6,0,1,0,0,4,1,1,5,6,2404,43,284,30,268,1755,124,340,San Francisco,2015-12-01
2016,12,1,278,284,28,5,13,15,37,36,8,28,81,109,129,145,16,2,5,2,18,20,7,7,45,52,120,113,9,3,8,12,17,12,1,20,30,50,13,3,0,0,0,0,1,0,0,0,1,1,16,23,3,0,0,1,1,4,0,1,5,6,2080,38,187,25,263,1356,122,403,San Francisco,2016-12-01
2017,12,1,233,276,25,12,9,5,38,40,11,14,89,103,106,139,13,1,3,1,22,25,4,4,51,55,114,112,11,11,6,3,13,9,5,9,27,36,4,3,0,0,0,0,0,1,0,0,1,1,9,22,1,0,0,1,3,5,2,1,10,11,2049,31,192,26,264,1230,135,433,San Francisco,2017-12-01
2018,12,1,207,250,17,5,10,16,43,26,10,26,79,105,83,121,4,0,2,9,16,15,8,11,39,50,114,110,11,5,7,6,24,7,2,13,33,46,3,2,2,0,0,0,1,0,0,0,1,1,7,17,0,0,1,1,2,4,0,2,6,8,2203,30,218,27,265,1394,137,424,San Francisco,2018-12-01
2019,12,1,143,208,17,6,13,11,33,29,13,24,75,99,67,110,9,0,4,5,13,13,10,9,36,45,55,74,6,5,7,5,19,10,2,12,31,43,1,3,0,0,1,0,0,0,0,1,0,1,20,21,2,1,1,1,1,6,1,2,8,10,1667,21,173,28,266,1092,100,307,San Francisco,2019-12-01
2020,12,1,122,185,13,13,6,10,38,31,14,16,83,99,60,100,8,0,3,3,17,20,9,6,46,52,54,68,3,12,3,6,16,4,2,9,22,31,3,3,0,1,0,1,2,1,2,1,5,6,5,14,2,0,0,0,3,6,1,0,10,10,1563,23,149,30,268,1038,89,298,San Francisco,2020-12-01
2021,12,1,124,221,15,2,7,10,55,27,14,17,96,113,46,119,7,0,5,3,31,17,10,8,58,66,67,79,4,2,2,6,22,8,3,8,33,41,5,1,0,0,0,0,0,1,0,0,1,1,6,22,4,0,0,1,2,1,1,1,4,5,1676,26,138,24,262,917,133,443,San Francisco,2021-12-01
2022,12,1,88,156,16,7,8,9,36,26,20,17,82,99,34,88,5,1,3,4,26,16,13,7,55,62,45,55,9,6,2,4,8,5,6,6,19,25,3,2,1,0,0,0,0,0,0,0,0,0,6,11,1,0,3,1,2,5,1,4,8,12,1554,19,136,25,263,911,114,328,San Francisco,2022-12-01
2023,12,1,98,182,17,2,8,12,35,22,11,20,68,88,37,96,8,0,4,7,17,16,4,11,37,48,58,65,6,2,4,3,13,3,4,7,20,27,1,4,0,0,0,0,0,1,2,0,3,3,2,17,3,0,0,2,5,2,1,2,8,10,1598,27,145,26,264,908,109,399,San Francisco,2023-12-01
2024,12,1,95,160,12,8,11,12,34,24,9,23,67,90,33,77,7,0,4,7,17,11,7,11,35,46,55,64,5,8,5,4,17,9,2,9,28,37,2,3,0,0,2,0,0,0,0,2,0,2,5,16,0,0,0,1,0,4,0,1,4,5,1362,21,121,28,266,748,82,364,San Francisco,2024-12-01
2012,1,2,,,,,,,,,,,,,,,,,,,,,,,,,,,,,,,,,,,,,,,,,,,,,,,,,,,,,,,,,,,,,,,,,,,,,San Francisco,2012-01-02
2013,1,2,,,,,,,,,,,,,,,,,,,,,,,,,,,,,,,,,,,,,,,,,,,,,,,,,,,,,,,,,,,,,,,,,,,,,San Francisco,2013-01-02
2014,1,2,,,,,,,,,,,,,,,,,,,,,,,,,,,,,,,,,,,,,,,,,,,,,,,,,,,,,,,,,,,,,,,,,,,,,San Francisco,2014-01-02
2015,1,2,174,316,21,7,8,10,35,26,15,18,76,94,81,163,11,2,4,3,22,16,10,7,48,55,76,111,9,5,3,4,11,7,4,7,22,29,5,3,0,0,0,0,0,0,0,0,0,0,12,39,1,0,1,3,2,3,1,4,6,10,1899,33,181,-303,-65,1425,119,215,San Francisco,2015-01-02
2016,1,2,209,330,11,6,10,8,42,28,9,18,79,97,83,178,4,0,3,3,26,15,4,6,45,51,107,123,7,5,5,5,12,9,4,10,25,35,5,3,0,0,0,0,0,0,0,0,0,0,14,26,0,1,2,0,4,4,1,2,9,11,1938,24,193,-309,-71,1285,126,315,San Francisco,2016-01-02
2017,1,2,185,264,17,13,6,9,35,26,9,15,70,85,111,133,11,2,2,3,17,16,7,5,40,45,61,106,4,11,4,6,15,5,2,10,22,32,5,4,0,0,0,0,0,1,0,0,1,1,8,21,2,0,0,0,3,4,0,0,7,7,1898,22,185,-307,-69,1325,84,303,San Francisco,2017-01-02
2018,1,2,288,331,10,8,4,9,38,27,14,13,79,92,157,162,4,1,0,5,20,13,9,5,42,47,103,141,3,7,4,2,14,9,3,6,26,32,12,1,1,0,0,0,0,1,0,0,1,1,16,27,2,0,0,2,4,4,2,2,10,12,2407,38,259,-306,-68,1647,127,374,San Francisco,2018-01-02
2019,1,2,188,308,20,6,10,6,52,36,9,16,97,113,110,139,11,0,2,2,29,20,6,4,55,59,67,137,6,6,7,3,21,14,2,10,37,47,3,7,0,0,1,0,1,0,0,1,1,2,8,25,3,0,0,1,1,2,1,1,4,5,2156,41,218,-305,-67,1441,126,327,San Francisco,2019-01-02
2020,1,2,133,294,13,6,7,11,49,36,7,18,92,110,73,148,9,0,2,7,25,18,5,9,48,57,49,112,2,6,3,2,21,13,1,5,35,40,2,7,0,0,0,1,0,0,0,1,0,1,9,27,2,0,2,1,3,5,1,3,9,12,2072,41,224,-304,-66,1291,136,360,San Francisco,2020-01-02
2021,1,2,104,205,2,20,5,8,59,21,15,13,95,108,37,95,1,3,2,5,32,16,11,7,59,66,61,94,1,17,3,3,21,1,2,6,24,30,2,1,0,0,0,0,0,0,0,0,0,0,4,15,0,0,0,0,6,4,2,0,12,12,1488,26,127,-309,-71,930,77,298,San Francisco,2021-01-02
2022,1,2,83,140,9,7,2,6,33,17,5,8,55,63,30,67,3,1,1,3,18,13,0,4,31,35,45,59,4,6,1,2,14,3,5,3,22,25,2,1,0,0,0,0,0,0,0,0,0,0,6,13,2,0,0,1,1,1,0,1,2,3,1147,21,98,-308,-70,685,68,263,San Francisco,2022-01-02
2023,1,2,93,112,9,7,4,7,60,24,10,11,94,105,27,65,2,1,2,2,38,16,10,4,64,68,45,41,5,6,2,5,20,3,0,7,23,30,7,0,0,0,0,0,0,0,0,0,0,0,14,6,2,0,0,0,2,5,0,0,7,7,1215,23,95,-307,-69,716,104,267,San Francisco,2023-01-02
2024,1,2,68,155,4,9,3,10,34,30,9,13,73,86,28,80,1,0,1,6,16,22,3,7,41,48,33,55,2,9,1,4,14,5,4,5,23,28,1,0,1,0,0,0,2,0,0,0,2,2,6,20,0,0,1,0,2,3,2,1,7,8,1585,23,150,-306,-68,951,95,270,San Francisco,2024-01-02
2012,2,2,,,,,,,,,,,,,,,,,,,,,,,,,,,,,,,,,,,,,,,,,,,,,,,,,,,,,,,,,,,,,,,,,,,,,San Francisco,2012-02-02
2013,2,2,,,,,,,,,,,,,,,,,,,,,,,,,,,,,,,,,,,,,,,,,,,,,,,,,,,,,,,,,,,,,,,,,,,,,San Francisco,2013-02-02
2014,2,2,,,,,,,,,,,,,,,,,,,,,,,,,,,,,,,,,,,,,,,,,,,,,,,,,,,,,,,,,,,,,,,,,,,,,San Francisco,2014-02-02
2015,2,2,221,337,15,4,13,13,40,24,8,26,72,98,122,181,12,0,5,4,26,17,5,9,48,57,83,119,2,3,8,8,8,5,3,16,16,32,7,7,0,0,0,0,2,0,0,0,2,2,9,30,1,1,0,1,4,2,0,1,6,7,2113,43,166,-272,-34,1501,133,335,San Francisco,2015-02-02
2016,2,2,214,277,14,5,14,9,40,37,8,23,85,108,112,133,6,0,7,7,22,22,6,14,50,64,87,113,7,5,7,1,11,14,2,8,27,35,6,4,0,0,0,1,0,0,0,1,0,1,9,27,1,0,0,0,7,1,0,0,8,8,1839,35,145,-278,-40,1277,118,329,San Francisco,2016-02-02
2017,2,2,226,279,17,12,8,11,35,26,10,19,71,90,118,151,11,0,6,7,22,18,5,13,45,58,91,100,4,12,2,1,11,6,3,3,20,23,7,1,1,0,0,0,0,0,0,0,0,0,10,27,1,0,0,3,2,2,2,3,6,9,2041,28,187,-276,-38,1372,117,355,San Francisco,2017-02-02
2018,2,2,324,270,13,3,4,20,43,41,7,24,91,115,177,139,6,1,1,9,27,26,6,10,59,69,123,101,4,2,2,8,14,12,0,10,26,36,10,4,1,0,0,0,0,1,0,0,1,1,14,26,2,0,1,3,2,2,1,4,5,9,2336,40,238,-275,-37,1439,139,536,San Francisco,2018-02-02
2019,2,2,163,242,32,6,6,9,31,44,2,15,77,92,99,134,11,3,4,5,17,30,0,9,47,56,58,85,13,3,2,4,13,10,2,6,25,31,1,4,0,0,0,0,0,0,0,0,0,0,5,19,8,0,0,0,1,4,0,0,5,5,2110,22,249,-274,-36,1248,115,483,San Francisco,2019-02-02
2020,2,2,136,197,14,24,9,10,40,35,6,19,81,100,46,93,2,3,4,2,19,23,3,6,45,51,80,90,12,21,3,8,20,6,3,11,29,40,6,3,0,0,0,0,1,0,0,0,1,1,4,11,0,0,2,0,0,6,0,2,6,8,1761,28,121,-273,-35,972,139,455,San Francisco,2020-02-02
2021,2,2,93,221,8,16,10,11,71,35,13,21,119,140,37,138,5,5,7,5,40,24,8,12,72,84,48,67,3,10,1,4,28,8,3,5,39,44,2,6,0,1,0,0,0,0,0,0,0,0,6,10,0,0,2,2,3,3,2,4,8,12,1696,35,132,-278,-40,1111,126,299,San Francisco,2021-02-02
2022,2,2,107,209,9,10,10,7,51,29,16,17,96,113,44,118,5,1,5,1,33,17,10,6,60,66,57,76,2,7,4,5,13,10,5,9,28,37,2,4,0,0,0,0,3,0,0,0,3,3,4,11,2,2,1,1,2,2,1,2,5,7,1580,28,137,-277,-39,944,123,396,San Francisco,2022-02-02
2023,2,2,87,192,15,11,7,10,39,30,12,17,81,98,39,117,8,5,2,5,22,20,7,7,49,56,41,57,7,5,5,2,15,8,3,7,26,33,1,3,0,0,0,0,0,0,0,0,0,0,6,15,0,1,0,3,2,2,2,3,6,9,1672,24,132,-276,-38,994,95,335,San Francisco,2023-02-02
2024,2,2,91,215,17,5,6,4,29,29,15,10,73,83,48,122,4,0,4,3,16,16,10,7,42,49,39,67,9,4,1,1,12,7,4,2,23,25,1,5,0,1,0,0,0,0,0,0,0,0,3,21,4,0,1,0,1,6,1,1,8,9,1744,16,146,-275,-37,1076,110,392,San Francisco,2024-02-02
2012,3,2,,,,,,,,,,,,,,,,,,,,,,,,,,,,,,,,,,,,,,,,,,,,,,,,,,,,,,,,,,,,,,,,,,,,,San Francisco,2012-03-02
2013,3,2,,,,,,,,,,,,,,,,,,,,,,,,,,,,,,,,,,,,,,,,,,,,,,,,,,,,,,,,,,,,,,,,,,,,,San Francisco,2013-03-02
2014,3,2,,,,,,,,,,,,,,,,,,,,,,,,,,,,,,,,,,,,,,,,,,,,,,,,,,,,,,,,,,,,,,,,,,,,,San Francisco,2014-03-02
2015,3,2,204,322,20,9,11,11,41,43,16,22,100,122,114,182,16,3,2,7,26,26,12,9,64,73,83,104,3,5,7,4,10,11,3,11,24,35,3,3,0,0,0,0,0,0,1,0,1,1,4,33,1,1,2,0,5,6,0,2,11,13,2053,23,169,-244,-6,1494,104,334,San Francisco,2015-03-02
2016,3,2,307,399,24,13,7,10,40,37,6,17,83,100,186,238,15,0,2,4,23,26,5,6,54,60,90,127,7,13,4,6,13,7,1,10,21,31,12,1,0,0,0,0,0,1,0,0,1,1,19,33,2,0,1,0,4,3,0,1,7,8,2401,26,207,-249,-11,1664,148,429,San Francisco,2016-03-02
2017,3,2,243,330,24,6,11,11,35,28,15,22,78,100,152,197,15,1,4,5,21,20,13,9,54,63,84,103,3,3,6,4,13,6,2,10,21,31,3,1,1,0,1,0,1,0,0,1,1,2,4,29,5,2,0,2,0,2,0,2,2,4,2288,16,192,-248,-10,1526,109,425,San Francisco,2017-03-02
2018,3,2,231,287,22,2,6,3,50,22,3,9,75,84,127,158,12,1,3,3,31,21,2,6,54,60,93,109,8,1,3,0,16,1,0,3,17,20,3,1,0,0,0,0,1,0,0,0,1,1,8,19,2,0,0,0,2,0,1,0,3,3,2058,15,175,-247,-9,1297,122,391,San Francisco,2018-03-02
2019,3,2,157,242,22,8,4,11,37,25,7,15,69,84,89,148,14,0,4,5,20,18,5,9,43,52,63,79,7,8,0,6,16,5,2,6,23,29,1,3,1,0,0,0,0,0,0,0,0,0,4,12,0,0,0,0,1,2,0,0,3,3,1916,19,155,-246,-8,1135,117,449,San Francisco,2019-03-02
2020,3,2,143,247,14,3,8,10,39,41,9,18,89,107,95,151,9,0,7,7,26,30,5,14,61,75,43,81,3,3,0,2,12,7,3,2,22,24,0,3,0,0,0,0,1,0,1,0,2,2,5,12,2,0,1,1,0,4,0,2,4,6,2133,32,209,-244,-6,1268,140,428,San Francisco,2020-03-02
2021,3,2,96,207,13,9,1,9,43,31,10,10,84,94,40,132,11,3,1,2,23,24,5,3,52,55,49,63,0,6,0,4,18,6,5,4,29,33,3,2,1,0,0,0,0,0,0,0,0,0,4,10,1,0,0,3,2,1,0,3,3,6,1640,17,119,-250,-12,1078,106,326,San Francisco,2021-03-02
2022,3,2,117,203,16,2,7,8,47,30,16,15,93,108,49,121,9,0,3,6,29,23,12,9,64,73,63,65,3,1,2,2,13,5,3,4,21,25,1,2,0,1,1,0,1,0,1,1,2,3,4,15,4,0,1,0,4,2,0,1,6,7,1469,14,113,-249,-11,833,109,399,San Francisco,2022-03-02
2023,3,2,79,164,16,12,11,8,35,38,9,19,82,101,37,100,10,3,4,5,20,27,6,9,53,62,37,51,5,8,7,3,10,3,2,10,15,25,1,1,0,0,0,0,1,0,1,0,2,2,4,12,1,1,0,0,4,8,0,0,12,12,1542,12,127,-248,-10,864,106,391,San Francisco,2023-03-02
2024,3,2,74,169,10,5,1,12,31,15,7,13,53,66,31,98,6,0,0,4,15,10,4,4,29,33,41,55,3,4,1,7,12,4,3,8,19,27,0,2,0,0,0,0,2,0,0,0,2,2,2,14,1,1,0,1,2,1,0,1,3,4,1427,20,95,-246,-8,792,84,388,San Francisco,2024-03-02
2012,4,2,,,,,,,,,,,,,,,,,,,,,,,,,,,,,,,,,,,,,,,,,,,,,,,,,,,,,,,,,,,,,,,,,,,,,San Francisco,2012-04-02
2013,4,2,,,,,,,,,,,,,,,,,,,,,,,,,,,,,,,,,,,,,,,,,,,,,,,,,,,,,,,,,,,,,,,,,,,,,San Francisco,2013-04-02
2014,4,2,,,,,,,,,,,,,,,,,,,,,,,,,,,,,,,,,,,,,,,,,,,,,,,,,,,,,,,,,,,,,,,,,,,,,San Francisco,2014-04-02
2015,4,2,258,347,27,6,12,11,34,32,23,23,89,112,158,228,22,3,3,5,21,25,16,8,62,70,77,96,4,2,8,6,9,6,5,14,20,34,13,4,0,0,0,0,0,0,1,0,1,1,10,19,1,1,1,0,4,1,1,1,6,7,2135,32,126,-213,25,1517,105,329,San Francisco,2015-04-02
2016,4,2,254,321,22,7,6,14,23,33,9,20,65,85,133,195,10,3,2,5,16,28,9,7,53,60,108,112,6,3,4,6,6,3,0,10,9,19,1,3,0,0,0,0,0,0,0,0,0,0,12,11,6,1,0,3,1,2,0,3,3,6,2158,16,133,-218,20,1398,129,439,San Francisco,2016-04-02
2017,4,2,242,295,15,11,11,21,36,24,8,32,68,100,121,188,8,3,4,10,16,21,5,14,42,56,98,84,6,6,4,10,17,2,3,14,22,36,2,2,1,0,0,0,1,0,0,0,1,1,21,21,0,2,3,1,2,1,0,4,3,7,2076,15,136,-217,21,1365,119,412,San Francisco,2017-04-02
2018,4,2,248,255,23,3,6,13,35,41,15,19,91,110,164,165,17,2,3,11,24,30,13,14,67,81,70,69,3,1,3,2,8,7,2,5,17,22,5,8,1,0,0,0,0,0,0,0,0,0,9,13,2,0,0,0,3,4,0,0,7,7,2096,32,117,-216,22,1386,117,407,San Francisco,2018-04-02
2019,4,2,144,340,19,5,7,16,32,27,8,23,67,90,83,236,12,1,5,7,20,20,8,12,48,60,44,83,5,4,2,6,11,7,0,8,18,26,7,5,0,0,0,0,0,0,0,0,0,0,10,16,2,0,0,3,1,0,0,3,1,4,2312,41,146,-215,23,1484,131,415,San Francisco,2019-04-02
2020,4,2,166,267,10,9,2,22,32,25,12,24,69,93,92,190,8,5,1,15,14,23,9,16,46,62,60,59,2,3,1,5,13,0,2,6,15,21,2,3,0,0,0,0,1,0,0,0,1,1,12,15,0,1,0,2,4,2,1,2,7,9,1916,17,108,-213,25,1231,94,347,San Francisco,2020-04-02
2021,4,2,115,218,9,2,3,5,29,28,12,8,69,77,51,147,7,1,2,4,18,24,9,6,51,57,56,55,1,0,1,0,10,3,2,1,15,16,2,1,0,0,0,0,0,0,1,0,1,1,6,15,1,1,0,1,1,1,0,1,2,3,1526,10,88,-219,19,911,97,355,San Francisco,2021-04-02
2022,4,2,166,178,14,12,5,15,34,26,15,20,75,95,69,109,10,5,2,8,19,22,10,10,51,61,89,55,3,7,2,6,11,3,5,8,19,27,0,2,1,0,0,1,1,0,0,1,1,2,8,12,0,0,1,0,3,1,0,1,4,5,1613,24,97,-218,20,933,108,426,San Francisco,2022-04-02
2023,4,2,91,156,12,8,5,9,35,27,5,14,67,81,36,101,6,2,3,3,23,19,5,6,47,53,46,45,6,5,1,5,10,2,0,6,12,18,0,1,0,1,0,0,0,0,0,0,0,0,9,9,0,0,1,1,2,6,0,2,8,10,1616,9,120,-217,21,904,81,354,San Francisco,2023-04-02
2024,4,2,76,177,9,1,5,9,35,21,9,14,65,79,40,120,7,0,4,4,26,17,7,8,50,58,34,41,2,0,1,3,7,1,1,4,9,13,0,2,0,0,0,0,0,0,0,0,0,0,2,14,0,1,0,2,2,3,1,2,6,8,1612,12,95,-215,23,930,95,362,San Francisco,2024-04-02
2012,5,2,,,,,,,,,,,,,,,,,,,,,,,,,,,,,,,,,,,,,,,,,,,,,,,,,,,,,,,,,,,,,,,,,,,,,San Francisco,2012-05-02
2013,5,2,,,,,,,,,,,,,,,,,,,,,,,,,,,,,,,,,,,,,,,,,,,,,,,,,,,,,,,,,,,,,,,,,,,,,San Francisco,2013-05-02
2014,5,2,,,,,,,,,,,,,,,,,,,,,,,,,,,,,,,,,,,,,,,,,,,,,,,,,,,,,,,,,,,,,,,,,,,,,San Francisco,2014-05-02
2015,5,2,219,285,32,17,9,8,30,33,12,17,75,92,112,178,16,3,3,4,20,24,9,7,53,60,91,91,13,13,4,4,9,3,2,8,14,22,0,1,0,0,0,0,1,0,0,0,1,1,16,15,3,1,2,0,0,6,1,2,7,9,1985,8,142,-183,55,1318,115,423,San Francisco,2015-05-02
2016,5,2,268,301,28,4,11,8,37,34,15,19,86,105,177,195,18,2,4,4,29,22,12,8,63,71,58,86,8,2,5,2,7,10,3,7,20,27,7,3,0,0,0,0,0,0,0,0,0,0,26,17,2,0,2,2,1,2,0,4,3,7,2061,18,129,-188,50,1360,133,382,San Francisco,2016-05-02
2017,5,2,280,283,21,5,7,4,45,32,7,11,84,95,175,191,17,3,5,3,34,24,3,8,61,69,79,67,0,2,2,1,10,5,3,3,18,21,8,4,0,0,0,0,0,0,0,0,0,0,18,21,4,0,0,0,1,3,1,0,5,5,2235,21,149,-187,51,1509,109,408,San Francisco,2017-05-02
2018,5,2,295,290,19,1,7,5,50,40,7,12,97,109,205,198,15,0,6,2,41,33,5,8,79,87,58,72,3,1,1,2,5,5,2,3,12,15,12,0,0,0,0,0,0,0,0,0,0,0,20,20,1,0,0,1,4,2,0,1,6,7,2423,22,153,-186,52,1546,140,529,San Francisco,2018-05-02
2019,5,2,216,322,15,7,10,11,40,33,7,21,80,101,146,258,10,1,6,7,27,26,4,13,57,70,55,49,3,6,2,3,10,4,1,5,15,20,4,2,0,0,1,0,1,1,0,1,2,3,11,13,2,0,1,1,2,2,2,2,6,8,2265,20,147,-185,53,1388,126,419,San Francisco,2019-05-02
2020,5,2,222,251,14,5,6,6,42,17,15,12,74,86,138,172,11,1,5,6,31,13,15,11,59,70,65,66,2,2,0,0,8,1,0,0,9,9,5,1,0,0,0,0,2,0,0,0,2,2,14,12,1,2,1,0,1,3,0,1,4,5,2013,18,148,-183,55,1236,97,342,San Francisco,2020-05-02
2021,5,2,113,164,13,11,6,11,39,32,10,17,81,98,46,105,10,2,3,5,27,23,9,8,59,67,57,42,0,7,3,4,8,4,1,7,13,20,1,2,0,1,0,0,1,0,0,0,1,1,9,15,3,1,0,2,3,5,0,2,8,10,1450,10,108,-189,49,908,95,332,San Francisco,2021-05-02
2022,5,2,103,186,16,7,4,13,47,31,16,17,94,111,68,138,9,1,4,9,32,24,12,13,68,81,30,45,5,6,0,2,14,3,1,2,18,20,0,1,0,0,0,0,0,0,2,0,2,2,5,2,2,0,0,2,1,4,1,2,6,8,1542,11,81,-188,50,876,95,363,San Francisco,2022-05-02
2023,5,2,74,181,12,4,8,8,30,19,15,16,64,80,51,134,8,2,7,5,21,17,13,12,51,63,19,35,4,1,0,3,7,1,1,3,9,12,1,0,0,0,0,0,0,0,0,0,0,0,3,12,0,1,1,0,2,1,1,1,4,5,1514,6,104,-187,51,897,103,319,San Francisco,2023-05-02
2024,5,2,109,184,9,2,7,8,21,25,5,15,51,66,69,139,7,1,3,7,13,20,3,10,36,46,36,34,2,1,3,0,7,1,1,3,9,12,1,1,0,0,0,0,0,0,1,0,1,1,3,10,0,0,1,1,1,4,0,2,5,7,1726,9,128,-185,53,1077,88,399,San Francisco,2024-05-02
2012,6,2,,,,,,,,,,,,,,,,,,,,,,,,,,,,,,,,,,,,,,,,,,,,,,,,,,,,,,,,,,,,,,,,,,,,,San Francisco,2012-06-02
2013,6,2,,,,,,,,,,,,,,,,,,,,,,,,,,,,,,,,,,,,,,,,,,,,,,,,,,,,,,,,,,,,,,,,,,,,,San Francisco,2013-06-02
2014,6,2,,,,,,,,,,,,,,,,,,,,,,,,,,,,,,,,,,,,,,,,,,,,,,,,,,,,,,,,,,,,,,,,,,,,,San Francisco,2014-06-02
2015,6,2,227,314,20,4,7,15,38,29,22,22,89,111,138,228,11,1,5,10,28,25,19,15,72,87,64,63,7,3,1,4,7,4,2,5,13,18,6,0,0,0,0,0,0,0,0,0,0,0,19,23,2,0,1,1,3,0,1,2,4,6,2040,11,158,-152,86,1419,123,366,San Francisco,2015-06-02
2016,6,2,271,289,20,18,6,14,31,27,11,20,69,89,199,199,12,2,3,10,23,24,9,13,56,69,48,69,3,16,2,3,5,1,0,5,6,11,3,1,0,0,0,0,0,0,0,0,0,0,21,20,5,0,1,1,3,2,2,2,7,9,2240,12,178,-157,81,1537,135,418,San Francisco,2016-06-02
2017,6,2,273,223,17,13,10,17,38,28,4,27,70,97,190,146,13,7,4,11,25,25,3,15,53,68,61,59,1,3,6,4,8,2,1,10,11,21,2,2,0,0,0,0,0,0,0,0,0,0,20,16,3,3,0,2,5,1,0,2,6,8,2168,9,144,-156,82,1342,144,461,San Francisco,2017-06-02
2018,6,2,187,272,20,8,11,12,33,27,8,23,68,91,117,195,15,2,9,9,22,17,6,18,45,63,60,50,3,5,2,2,7,7,1,4,15,19,0,7,2,0,0,0,1,0,1,0,2,2,10,20,0,1,0,1,3,3,0,1,6,7,2109,21,157,-155,83,1317,124,446,San Francisco,2018-06-02
2019,6,2,198,254,12,13,5,13,33,33,10,18,76,94,118,189,7,0,3,7,25,24,8,10,57,67,41,47,4,10,1,4,5,5,2,5,12,17,2,1,0,0,0,0,1,1,0,0,2,2,37,17,1,3,1,2,2,3,0,3,5,8,1997,12,153,-154,84,1155,117,434,San Francisco,2019-06-02
2020,6,2,134,271,16,13,4,13,64,20,10,17,94,111,77,163,16,2,3,7,41,17,7,10,65,75,35,80,0,3,1,3,17,2,1,4,20,24,3,0,0,0,0,0,0,0,0,0,0,0,19,28,0,8,0,3,6,1,2,3,9,12,2016,25,204,-152,86,1185,121,394,San Francisco,2020-06-02
2021,6,2,104,190,13,14,0,8,39,28,13,8,80,88,70,138,12,6,0,5,29,24,12,5,65,70,27,33,0,5,0,3,8,3,0,3,11,14,1,2,0,0,0,0,1,0,1,0,2,2,6,17,1,3,0,0,1,1,0,0,2,2,1684,11,123,-158,80,1052,93,348,San Francisco,2021-06-02
2022,6,2,86,185,17,5,10,9,44,16,19,19,79,98,50,128,15,1,6,5,30,14,16,11,60,71,25,41,1,3,3,2,7,1,2,5,10,15,1,2,0,0,0,1,1,0,1,1,2,3,10,14,1,1,1,1,6,1,0,2,7,9,1456,11,123,-157,81,837,94,351,San Francisco,2022-06-02
2023,6,2,109,213,15,11,9,9,37,24,17,18,78,96,64,165,11,3,7,5,28,17,15,12,60,72,34,34,3,7,2,4,8,7,2,6,17,23,1,0,0,0,0,0,1,0,0,0,1,1,10,14,1,1,0,0,0,0,0,0,0,0,1621,7,122,-156,82,903,114,452,San Francisco,2023-06-02
2024,6,2,113,145,7,12,6,16,35,15,7,22,57,79,56,99,5,3,5,10,27,15,6,15,48,63,43,36,2,8,1,6,6,0,1,7,7,14,1,1,0,0,0,0,1,0,0,0,1,1,13,9,0,1,0,0,1,0,0,0,1,1,1387,9,116,-154,84,789,80,358,San Francisco,2024-06-02
2012,7,2,,,,,,,,,,,,,,,,,,,,,,,,,,,,,,,,,,,,,,,,,,,,,,,,,,,,,,,,,,,,,,,,,,,,,San Francisco,2012-07-02
2013,7,2,,,,,,,,,,,,,,,,,,,,,,,,,,,,,,,,,,,,,,,,,,,,,,,,,,,,,,,,,,,,,,,,,,,,,San Francisco,2013-07-02
2014,7,2,,,,,,,,,,,,,,,,,,,,,,,,,,,,,,,,,,,,,,,,,,,,,,,,,,,,,,,,,,,,,,,,,,,,,San Francisco,2014-07-02
2015,7,2,272,332,24,11,8,14,31,31,7,22,69,91,185,235,22,2,4,10,23,24,5,14,52,66,56,68,1,8,2,2,5,6,2,4,13,17,4,2,1,0,0,0,1,0,0,0,1,1,27,27,0,1,2,2,2,1,0,4,3,7,2458,18,208,-122,116,1708,168,382,San Francisco,2015-07-02
2016,7,2,260,287,14,23,8,9,29,20,8,17,57,74,159,202,10,4,4,5,18,17,6,9,41,50,73,59,3,16,3,4,5,2,2,7,9,16,3,6,0,0,0,0,1,1,0,0,2,2,25,20,1,3,1,0,5,0,0,1,5,6,2060,26,161,-127,111,1353,132,384,San Francisco,2016-07-02
2017,7,2,212,240,16,12,17,18,26,24,15,35,65,100,136,169,7,3,13,11,17,19,11,24,47,71,56,44,6,8,4,5,4,1,2,9,7,16,0,2,0,0,0,0,2,0,0,0,2,2,20,25,3,1,0,2,3,4,2,2,9,11,1910,6,195,-126,112,1178,127,374,San Francisco,2017-07-02
2018,7,2,151,286,6,18,10,7,56,38,16,17,110,127,89,200,5,5,6,6,44,29,11,12,84,96,46,58,0,9,4,0,7,6,1,4,14,18,2,4,0,1,0,0,2,0,0,0,2,2,14,24,1,3,0,1,3,3,4,1,10,11,1869,19,123,-125,113,1150,109,412,San Francisco,2018-07-02
2019,7,2,202,296,23,8,8,8,27,34,5,16,66,82,143,217,14,0,7,5,19,33,5,12,57,69,34,57,2,6,1,1,6,1,0,2,7,9,4,4,0,0,0,0,0,0,0,0,0,0,21,18,7,2,0,2,2,0,0,2,2,4,2274,20,178,-124,114,1426,139,439,San Francisco,2019-07-02
2020,7,2,216,188,16,8,2,15,42,32,26,17,100,117,122,141,15,1,0,10,32,24,24,10,80,90,57,31,0,4,2,3,9,3,1,5,13,18,1,2,0,0,0,0,0,0,0,0,0,0,36,14,1,3,0,2,1,5,1,2,7,9,1693,14,159,-122,116,1080,103,377,San Francisco,2020-07-02
2021,7,2,178,196,14,11,2,12,39,46,10,14,95,109,73,144,11,3,2,9,28,43,9,11,80,91,66,36,1,5,0,3,6,1,1,3,8,11,10,1,0,0,0,0,1,0,0,0,1,1,29,15,2,3,0,0,4,2,0,0,6,6,1577,29,144,-128,110,918,102,418,San Francisco,2021-07-02
2022,7,2,108,153,20,7,4,7,22,22,6,11,50,61,51,106,15,2,4,5,15,20,4,9,39,48,41,31,2,3,0,2,5,0,2,2,7,9,3,2,0,0,0,0,1,0,0,0,1,1,13,14,3,2,0,0,1,2,0,0,3,3,1185,14,97,-127,111,674,84,288,San Francisco,2022-07-02
2023,7,2,151,184,11,11,6,10,33,31,12,16,76,92,71,121,5,2,2,6,22,25,11,8,58,66,52,44,4,5,2,2,8,2,0,4,10,14,1,2,0,0,1,1,0,1,0,2,1,3,27,17,2,4,1,1,3,3,1,2,7,9,1463,9,137,-126,112,830,82,411,San Francisco,2023-07-02
2024,7,2,107,174,17,9,2,6,29,20,10,8,59,67,64,125,15,2,2,6,25,19,9,8,53,61,23,30,2,7,0,0,3,1,1,0,5,5,1,3,0,0,0,0,1,0,0,0,1,1,19,16,0,0,0,0,0,0,0,0,0,0,1566,11,128,-124,114,871,104,334,San Francisco,2024-07-02
2012,8,2,,,,,,,,,,,,,,,,,,,,,,,,,,,,,,,,,,,,,,,,,,,,,,,,,,,,,,,,,,,,,,,,,,,,,San Francisco,2012-08-02
2013,8,2,,,,,,,,,,,,,,,,,,,,,,,,,,,,,,,,,,,,,,,,,,,,,,,,,,,,,,,,,,,,,,,,,,,,,San Francisco,2013-08-02
2014,8,2,,,,,,,,,,,,,,,,,,,,,,,,,,,,,,,,,,,,,,,,,,,,,,,,,,,,,,,,,,,,,,,,,,,,,San Francisco,2014-08-02
2015,8,2,241,304,16,19,14,11,21,29,14,25,64,89,136,214,10,3,12,7,10,22,9,19,41,60,88,64,4,14,0,3,8,4,4,3,16,19,2,3,0,0,0,1,0,0,0,1,0,1,15,23,2,2,2,0,3,3,1,2,7,9,2028,12,152,-91,147,1415,128,340,San Francisco,2015-08-02
2016,8,2,267,265,32,7,13,9,36,29,12,22,77,99,187,182,26,3,7,7,26,20,11,14,57,71,66,67,4,2,6,1,7,6,0,7,13,20,3,0,1,0,0,0,0,0,1,0,1,1,11,16,1,2,0,1,3,3,0,1,6,7,1998,12,137,-96,142,1320,110,405,San Francisco,2016-08-02
2017,8,2,258,339,20,11,12,16,38,25,13,28,76,104,164,232,14,2,6,11,20,18,8,17,46,63,67,77,2,5,6,3,14,3,3,9,20,29,8,3,0,0,0,0,0,0,0,0,0,0,19,27,4,4,0,2,4,4,2,2,10,12,2353,14,156,-95,143,1496,161,402,San Francisco,2017-08-02
2018,8,2,151,312,14,5,3,14,53,38,8,17,99,116,89,227,9,1,2,10,33,30,4,12,67,79,45,63,4,4,1,3,12,7,3,4,22,26,3,1,0,0,0,0,2,1,1,0,4,4,14,21,1,0,0,1,6,0,0,1,6,7,2161,11,144,-94,144,1377,133,404,San Francisco,2018-08-02
2019,8,2,256,329,13,7,11,9,29,38,12,20,79,99,161,222,10,3,9,4,21,30,7,13,58,71,75,78,2,3,2,3,7,5,3,5,15,20,5,4,1,0,0,0,1,0,0,0,1,1,15,25,0,1,0,2,0,3,2,2,5,7,2308,22,158,-93,145,1429,139,488,San Francisco,2019-08-02
2020,8,2,146,166,7,13,6,9,44,35,19,15,98,113,71,105,4,4,2,4,27,29,15,6,71,77,61,43,3,8,3,5,13,2,1,8,16,24,5,1,0,0,0,0,1,0,0,0,1,1,9,17,0,1,1,0,3,4,3,1,10,11,1417,17,131,-91,147,879,89,345,San Francisco,2020-08-02
2021,8,2,118,210,9,14,8,11,48,29,13,19,90,109,63,147,8,0,6,8,36,23,12,14,71,85,45,43,1,14,1,3,8,4,1,4,13,17,1,3,0,0,0,0,1,1,0,0,2,2,9,17,0,0,1,0,3,1,0,1,4,5,1637,9,93,-97,141,994,88,391,San Francisco,2021-08-02
2022,8,2,104,208,11,8,8,9,25,25,7,17,57,74,62,161,8,2,5,5,16,18,5,10,39,49,34,30,2,5,2,3,8,4,1,5,13,18,1,3,1,0,0,0,0,0,1,0,1,1,7,14,0,1,1,1,1,3,0,2,4,6,1353,13,93,-96,142,750,89,347,San Francisco,2022-08-02
2023,8,2,111,221,25,2,8,10,40,30,15,18,85,103,65,167,17,2,5,7,23,24,10,12,57,69,34,34,7,0,2,3,14,2,1,5,17,22,2,1,0,0,0,0,0,0,0,0,0,0,10,19,1,0,1,0,3,4,4,1,11,12,1549,7,137,-95,143,905,105,388,San Francisco,2023-08-02
2024,8,2,140,196,14,8,1,11,48,22,14,12,84,96,94,138,7,2,1,8,30,18,13,9,61,70,40,46,2,5,0,2,14,2,1,2,17,19,1,0,1,0,0,0,1,1,0,0,2,2,5,12,4,1,0,1,3,1,0,1,4,5,1583,8,99,-93,145,919,96,379,San Francisco,2024-08-02
2012,9,2,,,,,,,,,,,,,,,,,,,,,,,,,,,,,,,,,,,,,,,,,,,,,,,,,,,,,,,,,,,,,,,,,,,,,San Francisco,2012-09-02
2013,9,2,,,,,,,,,,,,,,,,,,,,,,,,,,,,,,,,,,,,,,,,,,,,,,,,,,,,,,,,,,,,,,,,,,,,,San Francisco,2013-09-02
2014,9,2,,,,,,,,,,,,,,,,,,,,,,,,,,,,,,,,,,,,,,,,,,,,,,,,,,,,,,,,,,,,,,,,,,,,,San Francisco,2014-09-02
2015,9,2,265,342,31,13,5,8,31,31,17,13,79,92,166,226,28,5,1,4,13,24,11,5,48,53,80,96,2,8,3,4,18,4,4,7,26,33,4,7,0,0,0,0,0,0,0,0,0,0,15,13,1,0,1,0,0,3,2,1,5,6,2373,28,150,-60,178,1637,141,416,San Francisco,2015-09-02
2016,9,2,245,362,17,13,6,14,33,30,9,20,72,92,152,215,13,2,3,7,20,23,6,10,49,59,71,129,3,10,3,6,11,4,1,9,16,25,5,2,0,0,0,0,0,0,0,0,0,0,17,16,1,1,0,1,2,3,2,1,7,8,2359,25,153,-65,173,1594,129,425,San Francisco,2016-09-02
2017,9,2,247,293,17,17,6,14,34,28,10,20,72,92,120,185,8,0,4,3,22,21,4,7,47,54,108,77,7,15,1,10,10,5,6,11,21,32,4,2,0,0,1,0,1,0,0,1,1,2,15,29,2,2,0,1,1,2,0,1,3,4,2178,20,155,-64,174,1314,125,468,San Francisco,2017-09-02
2018,9,2,192,259,16,10,4,9,29,30,3,13,62,75,106,186,7,0,3,8,14,22,1,11,37,48,77,60,9,9,1,1,14,6,2,2,22,24,2,3,0,0,0,0,1,0,0,0,1,1,7,10,0,1,0,0,0,2,0,0,2,2,1894,15,108,-63,175,1174,113,368,San Francisco,2018-09-02
2019,9,2,253,282,16,10,14,14,43,37,11,28,91,119,168,182,10,2,6,11,24,32,8,17,64,81,58,68,6,7,8,2,15,3,3,10,21,31,1,1,0,0,0,1,1,1,0,1,2,3,26,31,0,1,0,0,3,1,0,0,4,4,2208,15,175,-62,176,1420,92,412,San Francisco,2019-09-02
2020,9,2,141,233,17,11,3,7,38,35,14,10,87,97,79,169,12,2,2,3,24,25,13,5,62,67,45,44,5,9,0,3,12,7,1,3,20,23,4,4,0,0,0,0,0,0,0,0,0,0,13,16,0,0,1,1,2,3,0,2,5,7,1736,16,106,-60,178,1065,105,397,San Francisco,2020-09-02
2021,9,2,125,202,5,4,3,7,42,34,11,10,87,97,63,146,4,2,3,3,30,32,7,6,69,75,50,48,1,2,0,2,10,1,2,2,13,15,1,0,0,0,0,0,1,0,1,0,2,2,11,8,0,0,0,2,1,1,1,2,3,5,1585,13,98,-66,172,929,121,390,San Francisco,2021-09-02
2022,9,2,121,183,13,4,6,10,35,25,5,16,65,81,61,121,10,0,3,5,22,20,4,8,46,54,49,47,3,3,2,4,10,3,1,6,14,20,3,2,0,0,0,0,2,0,0,0,2,2,8,13,0,1,1,1,1,2,0,2,3,5,1474,19,113,-65,173,812,77,437,San Francisco,2022-09-02
2023,9,2,157,195,16,14,10,16,34,22,16,26,72,98,73,122,8,2,8,10,23,16,9,18,48,66,69,58,8,12,2,4,8,5,4,6,17,23,0,2,0,0,0,0,0,0,2,0,2,2,15,13,0,0,0,2,3,1,1,2,5,7,1559,13,104,-64,174,838,89,427,San Francisco,2023-09-02
2024,9,2,95,186,13,6,5,8,39,43,14,13,96,109,56,126,7,1,3,4,25,38,10,7,73,80,36,35,4,5,2,4,10,2,3,6,15,21,0,3,0,0,0,0,0,0,0,0,0,0,3,22,2,0,0,0,4,3,1,0,8,8,1415,11,91,-62,176,762,96,357,San Francisco,2024-09-02
2012,10,2,,,,,,,,,,,,,,,,,,,,,,,,,,,,,,,,,,,,,,,,,,,,,,,,,,,,,,,,,,,,,,,,,,,,,San Francisco,2012-10-02
2013,10,2,,,,,,,,,,,,,,,,,,,,,,,,,,,,,,,,,,,,,,,,,,,,,,,,,,,,,,,,,,,,,,,,,,,,,San Francisco,2013-10-02
2014,10,2,,,,,,,,,,,,,,,,,,,,,,,,,,,,,,,,,,,,,,,,,,,,,,,,,,,,,,,,,,,,,,,,,,,,,San Francisco,2014-10-02
2015,10,2,295,348,29,8,9,11,29,41,9,20,79,99,139,211,24,2,3,0,14,30,5,3,49,52,126,110,3,6,4,9,15,6,4,13,25,38,8,2,0,0,0,0,0,0,0,0,0,0,22,25,2,0,2,2,0,5,0,4,5,9,2232,23,162,-30,208,1513,135,426,San Francisco,2015-10-02
2016,10,2,226,294,22,15,7,13,21,42,14,20,77,97,102,166,13,2,1,8,11,28,13,9,52,61,110,105,7,12,6,4,10,12,1,10,23,33,5,3,0,0,0,0,0,0,0,0,0,0,9,20,2,1,0,1,0,2,0,1,2,3,2356,14,184,-35,203,1597,126,399,San Francisco,2016-10-02
2017,10,2,274,318,22,5,11,11,49,43,9,22,101,123,168,215,19,0,3,5,34,28,8,8,70,78,92,75,2,5,7,2,10,9,1,9,20,29,3,3,1,0,0,0,1,0,0,0,1,1,11,25,0,0,1,4,4,6,0,5,10,15,2248,30,165,-34,204,1371,149,484,San Francisco,2017-10-02
2018,10,2,163,386,15,2,7,12,21,45,10,19,76,95,93,258,13,1,3,7,11,34,8,10,53,63,65,97,2,1,4,5,10,7,2,9,19,28,1,6,0,0,0,0,0,0,0,0,0,0,4,25,0,0,0,0,0,4,0,0,4,4,2273,32,148,-33,205,1359,144,462,San Francisco,2018-10-02
2019,10,2,251,311,18,8,11,5,45,42,9,16,96,112,168,198,12,2,7,1,27,32,8,8,67,75,65,93,3,5,2,4,14,5,1,6,20,26,9,6,0,0,0,0,1,1,0,0,2,2,9,14,3,1,2,0,3,4,0,2,7,9,2391,44,147,-32,206,1465,123,515,San Francisco,2019-10-02
2020,10,2,149,224,15,5,2,14,48,30,13,16,91,107,55,151,5,0,1,10,34,22,7,11,63,74,86,56,7,5,1,4,12,4,5,5,21,26,1,0,0,0,0,0,1,0,0,0,1,1,7,17,3,0,0,0,1,4,1,0,6,6,1846,11,133,-30,208,1131,105,417,San Francisco,2020-10-02
2021,10,2,153,173,11,17,7,12,36,43,12,19,91,110,49,111,7,1,3,7,19,36,11,10,66,76,93,44,4,16,3,4,16,6,1,7,23,30,1,5,0,0,0,0,0,0,0,0,0,0,10,13,0,0,1,1,1,1,0,2,2,4,1636,15,130,-36,202,897,96,481,San Francisco,2021-10-02
2022,10,2,123,172,14,16,7,9,42,32,6,16,80,96,39,107,9,5,7,2,18,23,5,9,46,55,74,50,5,11,0,7,21,4,1,7,26,33,2,3,0,0,0,0,0,0,0,0,0,0,8,12,0,0,0,0,3,5,0,0,8,8,1518,13,116,-35,203,849,79,414,San Francisco,2022-10-02
2023,10,2,79,191,9,7,9,20,47,31,16,29,94,123,41,129,7,3,6,14,27,24,14,20,65,85,33,43,1,3,3,4,17,5,1,7,23,30,2,2,0,0,0,0,1,0,1,0,2,2,3,17,1,1,0,2,2,2,0,2,4,6,1716,28,127,-34,204,951,102,409,San Francisco,2023-10-02
2024,10,2,117,266,12,7,5,14,31,20,7,19,58,77,61,152,8,1,2,6,19,18,4,8,41,49,47,91,3,5,3,4,11,1,3,7,15,22,2,6,0,0,0,1,0,0,0,1,0,1,7,17,1,1,0,3,1,1,0,3,2,5,1673,30,115,-32,206,924,100,470,San Francisco,2024-10-02
2012,11,2,,,,,,,,,,,,,,,,,,,,,,,,,,,,,,,,,,,,,,,,,,,,,,,,,,,,,,,,,,,,,,,,,,,,,San Francisco,2012-11-02
2013,11,2,,,,,,,,,,,,,,,,,,,,,,,,,,,,,,,,,,,,,,,,,,,,,,,,,,,,,,,,,,,,,,,,,,,,,San Francisco,2013-11-02
2014,11,2,,,,,,,,,,,,,,,,,,,,,,,,,,,,,,,,,,,,,,,,,,,,,,,,,,,,,,,,,,,,,,,,,,,,,San Francisco,2014-11-02
2015,11,2,236,288,31,1,6,11,37,42,16,17,95,112,115,141,14,0,4,2,20,24,10,6,54,60,105,119,13,1,2,8,13,15,5,10,33,43,5,1,1,0,0,0,1,0,0,0,1,1,11,27,3,0,0,1,3,3,1,1,7,8,2078,24,163,1,239,1416,124,400,San Francisco,2015-11-02
2016,11,2,245,289,25,2,2,8,20,17,11,10,48,58,131,162,13,0,1,4,8,11,5,5,24,29,91,103,9,2,1,3,9,5,4,4,18,22,5,4,1,0,0,0,1,0,0,0,1,1,18,20,2,0,0,1,2,1,2,1,5,6,2283,42,209,-4,234,1475,150,437,San Francisco,2016-11-02
2017,11,2,258,302,16,8,4,18,34,34,7,22,75,97,133,184,10,4,2,12,19,25,4,14,48,62,101,94,6,3,1,6,12,5,2,7,19,26,11,3,0,0,0,0,1,0,0,0,1,1,13,21,0,1,1,0,2,4,1,1,7,8,2169,48,158,-3,235,1377,136,449,San Francisco,2017-11-02
2018,11,2,160,332,23,7,9,13,42,37,10,22,89,111,66,182,17,0,5,5,25,22,8,10,55,65,80,119,4,6,3,4,15,8,1,7,24,31,3,5,1,0,0,2,1,0,0,2,1,3,11,26,1,1,1,2,1,7,1,3,9,12,2102,43,185,-2,236,1245,142,493,San Francisco,2018-11-02
2019,11,2,217,295,12,7,17,16,26,38,5,33,69,102,59,172,9,0,9,8,9,31,5,17,45,62,146,96,3,7,6,7,15,4,0,13,19,32,3,7,0,0,0,0,0,1,0,0,1,1,9,20,0,0,2,1,2,2,0,3,4,7,2070,33,149,-1,237,1231,123,533,San Francisco,2019-11-02
2020,11,2,121,209,16,12,6,11,50,40,16,17,106,123,51,129,11,1,5,7,30,24,11,12,65,77,57,68,3,10,0,3,16,9,4,3,29,32,4,2,0,0,0,0,2,0,0,0,2,2,9,10,2,1,1,1,2,7,1,2,10,12,1734,20,104,1,239,1114,113,360,San Francisco,2020-11-02
2021,11,2,124,221,17,8,3,11,52,38,17,14,107,121,58,133,9,1,1,2,25,24,11,3,60,63,56,68,8,4,2,7,20,12,5,9,37,46,4,1,0,0,0,0,3,1,1,0,5,5,6,19,0,3,0,2,4,1,0,2,5,7,1724,27,141,-5,233,1022,109,436,San Francisco,2021-11-02
2022,11,2,90,193,9,8,4,8,30,17,15,12,62,74,37,114,5,2,1,6,16,9,11,7,36,43,48,60,3,6,2,2,13,4,3,4,20,24,0,3,0,0,0,0,0,0,0,0,0,0,5,16,1,0,1,0,1,4,1,1,6,7,1435,25,106,-4,234,800,98,377,San Francisco,2022-11-02
2023,11,2,125,206,18,3,9,6,36,21,11,15,68,83,57,111,8,1,2,4,19,14,2,6,35,41,53,81,5,2,7,1,12,5,7,8,24,32,2,2,3,0,0,0,0,1,0,0,1,1,13,12,2,0,0,1,5,1,2,1,8,9,1745,39,133,-3,235,1060,92,425,San Francisco,2023-11-02
2024,11,2,148,150,25,6,6,12,31,21,9,18,61,79,35,76,15,1,3,8,12,16,6,11,34,45,106,66,8,5,3,4,18,4,3,7,25,32,4,2,0,0,0,0,0,0,0,0,0,0,3,6,2,0,0,0,1,1,0,0,2,2,1603,24,84,-1,237,843,99,459,San Francisco,2024-11-02
2012,12,2,,,,,,,,,,,,,,,,,,,,,,,,,,,,,,,,,,,,,,,,,,,,,,,,,,,,,,,,,,,,,,,,,,,,,San Francisco,2012-12-02
2013,12,2,,,,,,,,,,,,,,,,,,,,,,,,,,,,,,,,,,,,,,,,,,,,,,,,,,,,,,,,,,,,,,,,,,,,,San Francisco,2013-12-02
2014,12,2,,,,,,,,,,,,,,,,,,,,,,,,,,,,,,,,,,,,,,,,,,,,,,,,,,,,,,,,,,,,,,,,,,,,,San Francisco,2014-12-02
2015,12,2,258,318,22,1,6,8,34,25,16,14,75,89,141,161,12,0,3,5,20,8,5,8,33,41,93,119,4,1,3,2,12,13,9,5,34,39,13,2,1,0,0,0,1,0,1,0,2,2,11,36,5,0,0,1,1,4,1,1,6,7,2273,42,227,31,269,1594,115,365,San Francisco,2015-12-02
2016,12,2,246,241,27,5,7,16,21,34,8,23,63,86,118,116,14,1,5,9,11,20,6,14,37,51,102,103,10,4,2,4,9,9,2,6,20,26,6,3,0,0,0,1,0,0,0,1,0,1,20,19,3,0,0,2,1,5,0,2,6,8,2035,32,180,26,264,1303,154,422,San Francisco,2016-12-02
2017,12,2,244,257,17,5,4,13,22,25,2,17,49,66,113,128,8,0,2,9,13,16,2,11,31,42,116,97,9,5,2,3,8,4,0,5,12,17,6,5,0,0,0,0,0,0,0,0,0,0,9,27,0,0,0,1,1,5,0,1,6,7,2018,30,199,27,265,1258,136,402,San Francisco,2017-12-02
2018,12,2,160,262,13,5,9,11,33,24,8,20,65,85,71,143,5,0,3,4,16,12,6,7,34,41,78,93,7,5,3,4,13,10,1,7,24,31,2,4,0,0,1,1,0,0,0,2,0,2,9,22,1,0,2,2,4,2,1,4,7,11,2097,24,225,28,266,1284,102,411,San Francisco,2018-12-02
2019,12,2,154,252,15,3,5,8,49,37,12,13,98,111,74,135,10,0,0,5,29,21,7,5,57,62,49,92,5,3,4,2,16,10,5,6,31,37,6,4,0,0,0,0,0,1,0,0,1,1,25,21,0,0,1,1,4,5,0,2,9,11,2044,30,226,29,267,1322,111,342,San Francisco,2019-12-02
2020,12,2,94,191,8,14,4,11,41,33,22,15,96,111,47,114,6,2,2,4,26,16,14,6,56,62,31,59,0,11,2,7,12,14,5,9,31,40,6,4,0,0,0,0,0,0,0,0,0,0,10,14,2,1,0,0,3,3,3,0,9,9,1487,24,129,31,269,925,115,336,San Francisco,2020-12-02
2021,12,2,133,205,18,9,5,12,50,38,13,17,101,118,44,109,7,3,3,7,25,26,6,10,57,67,78,86,10,6,2,4,21,11,5,6,37,43,6,2,1,0,0,0,2,0,2,0,4,4,5,8,0,0,0,1,2,1,0,1,3,4,1816,29,146,25,263,1065,111,427,San Francisco,2021-12-02
2022,12,2,88,180,10,7,4,9,30,35,10,13,75,88,31,101,5,0,4,6,18,26,7,10,51,61,46,68,5,6,0,3,9,6,2,3,17,20,2,2,0,0,0,0,0,0,0,0,0,0,9,9,0,1,0,0,3,3,1,0,7,7,1569,31,145,26,264,902,81,357,San Francisco,2022-12-02
2023,12,2,106,166,19,12,6,8,39,25,18,14,82,96,34,90,7,1,1,2,18,21,14,3,53,56,68,59,11,11,5,4,20,3,4,9,27,36,0,1,1,0,0,0,1,0,0,0,1,1,4,16,0,0,0,2,0,1,0,2,1,3,1503,22,110,27,265,749,80,472,San Francisco,2023-12-02
2024,12,2,79,195,21,3,8,7,29,35,5,15,69,84,37,94,12,0,3,2,10,23,3,5,36,41,32,74,7,2,3,5,17,8,2,8,27,35,2,2,1,0,0,0,0,0,0,0,0,0,8,25,1,1,2,0,2,4,0,2,6,8,1554,30,154,29,267,873,93,339,San Francisco,2024-12-02
2012,1,3,,,,,,,,,,,,,,,,,,,,,,,,,,,,,,,,,,,,,,,,,,,,,,,,,,,,,,,,,,,,,,,,,,,,,San Francisco,2012-01-03
2013,1,3,,,,,,,,,,,,,,,,,,,,,,,,,,,,,,,,,,,,,,,,,,,,,,,,,,,,,,,,,,,,,,,,,,,,,San Francisco,2013-01-03
2014,1,3,,,,,,,,,,,,,,,,,,,,,,,,,,,,,,,,,,,,,,,,,,,,,,,,,,,,,,,,,,,,,,,,,,,,,San Francisco,2014-01-03
2015,1,3,197,317,27,10,13,8,28,32,12,21,72,93,84,163,18,0,5,5,19,17,6,10,42,52,99,120,6,10,7,3,7,7,4,10,18,28,4,1,0,0,0,0,1,1,0,0,2,2,10,33,3,0,1,0,1,7,2,1,10,11,2007,25,177,-302,-64,1515,112,267,San Francisco,2015-01-03
2016,1,3,180,301,12,6,6,9,40,17,16,15,73,88,94,145,4,1,2,2,15,10,9,4,34,38,73,122,8,4,4,6,23,6,5,10,34,44,6,2,0,0,0,0,1,0,1,0,2,2,7,32,0,1,0,1,1,1,1,1,3,4,1757,25,169,-308,-70,1213,110,276,San Francisco,2016-01-03
2017,1,3,182,228,22,5,5,6,40,17,11,11,68,79,103,100,10,2,1,2,16,11,8,3,35,38,68,109,3,3,2,1,20,5,1,3,26,29,5,0,1,0,1,0,0,0,2,1,2,3,6,19,8,0,1,3,4,1,0,4,5,9,1836,28,188,-306,-68,1286,129,261,San Francisco,2017-01-03
2018,1,3,244,352,24,4,2,12,49,25,5,14,79,93,137,186,11,1,1,7,29,17,3,8,49,57,94,128,10,2,1,4,15,6,0,5,21,26,6,8,1,0,0,0,1,0,0,0,1,1,7,30,2,1,0,1,4,2,2,1,8,9,2282,51,223,-305,-67,1616,114,316,San Francisco,2018-01-03
2019,1,3,160,299,16,3,7,10,35,26,7,17,68,85,87,159,6,0,2,5,18,17,4,7,39,46,59,119,8,3,4,3,15,5,1,7,21,28,7,6,0,0,0,0,0,0,0,0,0,0,7,15,2,0,1,2,2,4,2,3,8,11,2095,34,211,-304,-66,1326,133,360,San Francisco,2019-01-03
2020,1,3,188,299,12,14,10,6,39,47,6,16,92,108,103,155,4,2,4,4,16,28,5,8,49,57,80,107,5,12,6,1,19,14,1,7,34,41,4,8,0,0,0,0,1,0,0,0,1,1,1,29,3,0,0,1,3,5,0,1,8,9,2153,31,198,-303,-65,1351,132,410,San Francisco,2020-01-03
2021,1,3,112,224,9,9,2,6,57,31,12,8,100,108,41,106,3,0,0,2,34,17,10,2,61,63,61,93,6,8,2,4,19,10,2,6,31,37,3,4,0,1,0,0,0,0,0,0,0,0,7,21,0,0,0,0,4,4,0,0,8,8,1364,30,106,-308,-70,878,85,290,San Francisco,2021-01-03
2022,1,3,65,179,7,8,4,5,41,28,5,9,74,83,29,93,4,2,2,2,25,20,3,4,48,52,32,66,2,6,1,2,11,5,1,3,17,20,0,5,0,0,0,0,0,1,0,0,1,1,4,15,1,0,1,1,5,2,1,2,8,10,1337,31,126,-307,-69,833,103,282,San Francisco,2022-01-03
2023,1,3,77,159,13,1,7,6,37,23,14,13,74,87,36,81,7,0,2,3,16,16,8,5,40,45,34,65,5,1,5,3,17,5,4,8,26,34,1,2,0,0,0,0,1,0,0,0,1,1,6,11,1,0,0,0,3,2,2,0,7,7,1391,26,111,-306,-68,812,113,305,San Francisco,2023-01-03
2024,1,3,77,196,9,4,5,5,46,22,14,10,82,92,29,117,6,0,1,3,20,13,6,4,39,43,41,65,3,4,2,1,20,2,5,3,27,30,4,3,0,0,0,0,3,1,1,0,5,5,3,11,0,0,2,1,3,6,2,3,11,14,1418,28,125,-305,-67,807,86,334,San Francisco,2024-01-03
2012,2,3,,,,,,,,,,,,,,,,,,,,,,,,,,,,,,,,,,,,,,,,,,,,,,,,,,,,,,,,,,,,,,,,,,,,,San Francisco,2012-02-03
2013,2,3,,,,,,,,,,,,,,,,,,,,,,,,,,,,,,,,,,,,,,,,,,,,,,,,,,,,,,,,,,,,,,,,,,,,,San Francisco,2013-02-03
2014,2,3,,,,,,,,,,,,,,,,,,,,,,,,,,,,,,,,,,,,,,,,,,,,,,,,,,,,,,,,,,,,,,,,,,,,,San Francisco,2014-02-03
2015,2,3,287,345,28,5,9,11,40,31,13,20,84,104,144,185,14,0,2,6,26,20,10,8,56,64,112,130,10,5,7,5,13,10,3,12,26,38,12,3,0,0,0,0,0,0,0,0,0,0,19,27,4,0,0,0,1,1,0,0,2,2,2184,44,161,-271,-33,1569,104,367,San Francisco,2015-02-03
2016,2,3,217,301,17,6,9,14,34,36,17,23,87,110,125,157,11,0,4,5,17,24,11,9,52,61,76,122,5,6,5,9,14,10,4,14,28,42,7,3,0,0,0,0,0,0,2,0,2,2,9,19,1,0,0,0,3,2,0,0,5,5,1901,33,138,-277,-39,1305,141,315,San Francisco,2016-02-03
2017,2,3,211,297,32,5,11,16,38,45,8,27,91,118,113,155,22,4,5,8,24,25,7,13,56,69,80,112,6,1,5,7,10,14,1,12,25,37,9,5,0,0,1,1,2,2,0,2,4,6,9,25,4,0,0,0,2,4,0,0,6,6,2112,39,208,-275,-37,1277,130,438,San Francisco,2017-02-03
2018,2,3,279,260,21,20,16,11,42,27,14,27,83,110,131,132,12,3,5,4,23,15,9,9,47,56,123,98,7,17,10,6,14,7,4,16,25,41,5,5,0,0,0,1,0,0,1,1,1,2,20,25,2,0,1,0,5,5,0,1,10,11,2155,27,198,-274,-36,1279,124,505,San Francisco,2018-02-03
2019,2,3,179,228,26,6,15,18,41,29,5,33,75,108,100,130,16,2,3,6,22,18,2,9,42,51,72,85,8,4,9,10,18,10,3,19,31,50,2,1,0,0,1,0,0,0,0,1,0,1,5,12,2,0,2,2,1,1,0,4,2,6,1869,20,159,-273,-35,1027,126,487,San Francisco,2019-02-03
2020,2,3,129,231,19,11,10,5,32,42,11,15,85,100,73,135,14,0,5,4,19,26,4,9,49,58,44,72,2,10,3,1,10,14,5,4,29,33,2,4,0,0,0,0,0,0,0,0,0,0,10,20,3,1,2,0,3,2,2,2,7,9,1838,35,195,-272,-34,1156,113,369,San Francisco,2020-02-03
2021,2,3,103,235,21,10,4,8,70,43,15,12,128,140,46,139,13,1,1,4,41,32,10,5,83,88,47,80,7,9,2,2,19,6,5,4,30,34,2,3,0,0,0,0,1,1,0,0,2,2,8,13,1,0,1,2,9,4,0,3,13,16,1662,23,125,-277,-39,1068,108,329,San Francisco,2021-02-03
2022,2,3,109,179,17,11,3,6,38,21,20,9,79,88,46,105,9,0,2,4,24,12,11,6,47,53,57,54,7,10,0,2,10,5,6,2,21,23,1,2,1,0,0,0,2,0,1,0,3,3,5,18,0,1,1,0,2,4,2,1,8,9,1564,25,132,-276,-38,933,124,356,San Francisco,2022-02-03
2023,2,3,113,186,15,9,5,9,41,19,11,14,71,85,39,108,9,2,2,5,23,10,9,7,42,49,69,58,2,4,3,4,17,7,2,7,26,33,2,1,0,0,0,0,0,0,0,0,0,0,3,19,4,3,0,0,1,2,0,0,3,3,1649,18,143,-275,-37,946,94,392,San Francisco,2023-02-03
2024,2,3,88,157,14,7,9,7,33,11,6,16,50,66,40,93,7,1,3,2,12,6,5,5,23,28,44,54,6,5,6,4,18,5,0,10,23,33,1,2,0,0,0,0,0,0,0,0,0,0,3,8,1,1,0,1,3,0,1,1,4,5,1500,22,108,-274,-36,854,79,358,San Francisco,2024-02-03
2012,3,3,,,,,,,,,,,,,,,,,,,,,,,,,,,,,,,,,,,,,,,,,,,,,,,,,,,,,,,,,,,,,,,,,,,,,San Francisco,2012-03-03
2013,3,3,,,,,,,,,,,,,,,,,,,,,,,,,,,,,,,,,,,,,,,,,,,,,,,,,,,,,,,,,,,,,,,,,,,,,San Francisco,2013-03-03
2014,3,3,,,,,,,,,,,,,,,,,,,,,,,,,,,,,,,,,,,,,,,,,,,,,,,,,,,,,,,,,,,,,,,,,,,,,San Francisco,2014-03-03
2015,3,3,218,346,27,4,7,13,38,36,16,20,90,110,135,207,20,1,4,4,28,22,9,8,59,67,67,119,7,3,2,8,9,8,4,10,21,31,7,2,0,0,1,0,0,0,0,1,0,1,9,18,0,0,0,1,1,6,3,1,10,11,2222,24,177,-243,-5,1685,121,308,San Francisco,2015-03-03
2016,3,3,293,334,31,5,4,7,40,34,14,11,88,99,144,197,19,1,2,4,25,23,6,6,54,60,121,111,7,4,1,2,13,8,3,3,24,27,11,4,0,0,0,1,0,1,0,1,1,2,17,22,5,0,1,0,2,2,5,1,9,10,2215,29,189,-248,-10,1443,132,472,San Francisco,2016-03-03
2017,3,3,281,369,24,6,6,12,35,21,13,18,69,87,171,222,16,1,3,6,18,16,8,9,42,51,95,117,5,5,3,4,13,3,2,7,18,25,7,1,0,0,0,0,0,0,1,0,1,1,8,29,3,0,0,2,4,2,2,2,8,10,2736,25,231,-247,-9,1883,132,422,San Francisco,2017-03-03
2018,3,3,252,268,23,6,8,10,30,27,9,18,66,84,148,178,10,4,5,7,16,20,6,12,42,54,93,78,7,1,3,2,14,5,1,5,20,25,2,0,0,0,0,0,0,0,0,0,0,0,9,12,6,1,0,1,0,2,2,1,4,5,2033,11,159,-246,-8,1297,97,384,San Francisco,2018-03-03
2019,3,3,130,272,14,2,13,10,44,34,13,23,91,114,53,153,8,0,6,6,26,20,3,12,49,61,71,97,6,2,7,4,15,13,8,11,36,47,0,2,0,0,0,0,1,0,0,0,1,1,6,20,0,0,0,0,2,1,2,0,5,5,1966,11,179,-245,-7,1150,121,456,San Francisco,2019-03-03
2020,3,3,120,274,25,6,7,15,31,45,8,22,84,106,65,172,18,2,3,8,17,25,6,11,48,59,43,78,6,4,4,6,12,13,1,10,26,36,2,3,0,0,0,0,1,0,0,0,1,1,10,21,1,0,0,1,1,7,1,1,9,10,1983,23,165,-243,-5,1233,104,433,San Francisco,2020-03-03
2021,3,3,128,229,10,11,3,9,36,36,14,12,86,98,67,133,8,4,3,4,23,29,14,7,66,73,56,72,2,6,0,3,8,4,0,3,12,15,0,2,0,0,0,1,1,0,0,1,1,2,5,22,0,1,0,1,4,3,0,1,7,8,1615,8,109,-249,-11,997,109,373,San Francisco,2021-03-03
2022,3,3,108,211,10,9,5,12,38,30,13,17,81,98,39,133,4,2,3,4,24,26,9,7,59,66,66,71,6,5,2,7,13,3,3,9,19,28,2,0,0,0,0,1,0,0,1,1,1,2,1,7,0,2,0,0,1,1,0,0,2,2,1517,12,86,-248,-10,842,102,395,San Francisco,2022-03-03
2023,3,3,128,188,21,7,9,12,25,20,14,21,59,80,56,113,12,1,7,5,13,18,6,12,37,49,70,64,7,5,1,6,10,0,6,7,16,23,1,2,0,0,1,0,0,0,1,1,1,2,1,9,2,1,0,1,2,2,1,1,5,6,1544,9,92,-247,-9,845,86,418,San Francisco,2023-03-03
2024,3,3,76,153,10,8,2,5,22,22,7,7,51,58,30,86,5,1,0,2,14,14,4,2,32,34,44,52,5,5,2,3,7,6,3,5,16,21,0,1,0,0,0,0,0,0,0,0,0,0,2,14,0,2,0,0,1,2,0,0,3,3,1326,11,91,-245,-7,780,88,331,San Francisco,2024-03-03
2012,4,3,,,,,,,,,,,,,,,,,,,,,,,,,,,,,,,,,,,,,,,,,,,,,,,,,,,,,,,,,,,,,,,,,,,,,San Francisco,2012-04-03
2013,4,3,,,,,,,,,,,,,,,,,,,,,,,,,,,,,,,,,,,,,,,,,,,,,,,,,,,,,,,,,,,,,,,,,,,,,San Francisco,2013-04-03
2014,4,3,,,,,,,,,,,,,,,,,,,,,,,,,,,,,,,,,,,,,,,,,,,,,,,,,,,,,,,,,,,,,,,,,,,,,San Francisco,2014-04-03
2015,4,3,233,325,30,1,7,9,28,32,22,16,82,98,152,192,23,0,4,5,13,24,13,9,50,59,69,111,5,1,3,4,14,7,6,7,27,34,5,1,0,0,0,0,0,0,1,0,1,1,7,21,2,0,0,0,1,1,2,0,4,4,2229,24,142,-212,26,1548,120,417,San Francisco,2015-04-03
2016,4,3,267,322,17,7,5,22,36,31,11,27,78,105,150,187,12,1,2,4,24,23,7,6,54,60,98,117,4,6,3,12,7,5,4,15,16,31,5,0,0,0,0,0,1,0,0,0,1,1,14,18,1,0,0,6,4,3,0,6,7,13,2064,15,120,-217,21,1348,131,383,San Francisco,2016-04-03
2017,4,3,261,277,27,3,7,18,42,23,9,25,74,99,149,180,23,0,2,7,23,19,6,9,48,57,82,76,2,3,4,7,13,4,2,11,19,30,10,1,0,0,0,0,1,0,0,0,1,1,20,20,2,0,1,4,5,0,1,5,6,11,2151,26,138,-216,22,1415,119,428,San Francisco,2017-04-03
2018,4,3,265,260,22,2,9,9,33,30,18,18,81,99,174,145,19,1,7,5,21,24,18,12,63,75,72,89,1,0,2,3,8,5,0,5,13,18,7,4,0,0,0,0,1,1,0,0,2,2,12,22,2,1,0,1,3,0,0,1,3,4,2120,24,135,-215,23,1349,114,407,San Francisco,2018-04-03
2019,4,3,165,444,18,8,6,8,38,30,8,14,76,90,102,318,17,2,3,4,27,19,6,7,52,59,51,96,1,6,3,3,7,6,1,6,14,20,5,4,0,0,0,0,2,0,1,0,3,3,7,26,0,0,0,1,2,5,0,1,7,8,2675,38,158,-214,24,1773,120,463,San Francisco,2019-04-03
2020,4,3,160,259,8,7,6,11,39,27,8,17,74,91,87,176,8,1,4,6,24,20,5,10,49,59,57,66,0,4,2,5,13,5,3,7,21,28,3,2,0,0,0,0,0,0,0,0,0,0,13,15,0,2,0,0,2,2,0,0,4,4,1911,15,93,-212,26,1228,83,352,San Francisco,2020-04-03
2021,4,3,162,191,11,13,4,9,45,24,14,13,83,96,48,126,8,1,1,4,31,20,10,5,61,66,106,54,2,11,3,3,12,3,3,6,18,24,3,3,0,0,0,1,0,0,1,1,1,2,5,8,1,1,0,1,2,1,0,1,3,4,1595,14,81,-218,20,945,101,396,San Francisco,2021-04-03
2022,4,3,89,166,13,7,5,11,56,36,11,16,103,119,35,104,6,1,5,7,31,31,8,12,70,82,51,48,6,6,0,3,19,2,2,3,23,26,0,0,0,0,0,0,2,0,0,0,2,2,3,14,1,0,0,1,4,3,1,1,8,9,1522,11,104,-217,21,862,92,412,San Francisco,2022-04-03
2023,4,3,76,159,13,3,10,5,41,29,19,15,89,104,42,112,11,1,8,3,29,23,13,11,65,76,26,33,2,2,1,2,9,3,4,3,16,19,1,2,0,0,0,0,1,0,1,0,2,2,7,12,0,0,1,0,2,3,1,1,6,7,1595,15,102,-216,22,979,71,322,San Francisco,2023-04-03
2024,4,3,91,194,12,0,5,8,32,22,6,13,60,73,52,125,8,0,2,4,20,16,5,6,41,47,35,53,4,0,3,3,9,4,1,6,14,20,0,4,0,0,0,0,1,0,0,0,1,1,4,12,0,0,0,1,2,2,0,1,4,5,1552,13,80,-214,24,891,104,382,San Francisco,2024-04-03
2012,5,3,,,,,,,,,,,,,,,,,,,,,,,,,,,,,,,,,,,,,,,,,,,,,,,,,,,,,,,,,,,,,,,,,,,,,San Francisco,2012-05-03
2013,5,3,,,,,,,,,,,,,,,,,,,,,,,,,,,,,,,,,,,,,,,,,,,,,,,,,,,,,,,,,,,,,,,,,,,,,San Francisco,2013-05-03
2014,5,3,,,,,,,,,,,,,,,,,,,,,,,,,,,,,,,,,,,,,,,,,,,,,,,,,,,,,,,,,,,,,,,,,,,,,San Francisco,2014-05-03
2015,5,3,239,268,12,14,10,15,35,37,16,25,88,113,129,180,9,1,8,11,21,30,12,19,63,82,94,68,2,11,2,3,11,5,2,5,18,23,1,4,0,0,0,0,0,0,1,0,1,1,15,16,1,2,0,1,3,2,1,1,6,7,1983,11,137,-182,56,1390,140,311,San Francisco,2015-05-03
2016,5,3,237,307,26,3,7,13,38,43,11,20,92,112,161,220,25,1,5,8,28,32,5,13,65,78,64,72,0,2,1,3,7,8,3,4,18,22,4,2,0,0,0,0,1,1,2,0,4,4,8,13,1,0,1,2,2,2,1,3,5,8,2086,17,132,-187,51,1351,147,449,San Francisco,2016-05-03
2017,5,3,269,244,24,2,14,20,38,33,10,34,81,115,208,159,20,0,9,15,26,27,6,24,59,83,42,64,4,2,3,4,10,4,3,7,17,24,4,4,0,0,0,0,0,0,0,0,0,0,15,17,0,0,2,1,2,2,1,3,5,8,2247,20,134,-186,52,1511,123,420,San Francisco,2017-05-03
2018,5,3,282,238,16,5,12,12,40,40,5,24,85,109,205,152,13,2,6,9,30,31,1,15,62,77,59,66,0,2,5,0,4,6,4,5,14,19,3,2,2,0,0,0,2,0,0,0,2,2,15,18,1,1,1,3,4,3,0,4,7,11,2097,21,147,-185,53,1337,145,452,San Francisco,2018-05-03
2019,5,3,156,276,18,2,8,11,31,29,10,19,70,89,88,201,14,0,5,4,22,24,8,9,54,63,51,50,4,2,3,5,9,3,0,8,12,20,2,3,0,0,0,0,0,0,0,0,0,0,15,22,0,0,0,2,0,2,2,2,4,6,2049,14,169,-184,54,1258,105,482,San Francisco,2019-05-03
2020,5,3,205,228,11,7,4,12,49,16,12,16,77,93,112,162,8,2,3,8,28,13,11,11,52,63,70,47,3,3,0,2,17,1,0,2,18,20,2,0,0,0,0,0,1,0,0,0,1,1,21,19,0,2,1,2,3,2,1,3,6,9,1938,10,134,-182,56,1210,99,316,San Francisco,2020-05-03
2021,5,3,103,204,9,13,4,7,42,37,15,11,94,105,61,142,8,1,2,4,34,32,8,6,74,80,35,38,1,7,2,1,5,5,5,3,15,18,1,5,0,0,0,0,0,0,1,0,1,1,6,19,0,5,0,2,3,0,1,2,4,6,1564,14,102,-188,50,982,95,337,San Francisco,2021-05-03
2022,5,3,118,151,16,4,3,3,42,30,7,6,79,85,72,115,15,0,3,2,29,24,5,5,58,63,39,26,1,4,0,0,9,4,1,0,14,14,2,3,0,0,0,0,1,0,0,0,1,1,5,7,0,0,0,1,3,2,1,1,6,7,1522,14,87,-187,51,901,105,356,San Francisco,2022-05-03
2023,5,3,82,182,13,5,5,6,38,35,17,11,90,101,45,124,11,4,5,4,25,31,15,9,71,80,29,43,1,0,0,2,9,1,0,2,10,12,2,1,0,0,0,0,0,0,0,0,0,0,6,14,1,1,0,0,4,3,2,0,9,9,1548,11,96,-186,52,915,94,374,San Francisco,2023-05-03
2024,5,3,93,206,9,6,9,10,29,24,13,19,66,85,45,147,6,1,6,6,24,18,11,12,53,65,37,43,2,5,1,0,2,3,0,1,5,6,2,1,0,0,0,1,0,0,0,1,0,1,9,15,1,0,2,3,3,3,2,5,8,13,1741,15,137,-184,54,1084,122,379,San Francisco,2024-05-03
2012,6,3,,,,,,,,,,,,,,,,,,,,,,,,,,,,,,,,,,,,,,,,,,,,,,,,,,,,,,,,,,,,,,,,,,,,,San Francisco,2012-06-03
2013,6,3,,,,,,,,,,,,,,,,,,,,,,,,,,,,,,,,,,,,,,,,,,,,,,,,,,,,,,,,,,,,,,,,,,,,,San Francisco,2013-06-03
2014,6,3,,,,,,,,,,,,,,,,,,,,,,,,,,,,,,,,,,,,,,,,,,,,,,,,,,,,,,,,,,,,,,,,,,,,,San Francisco,2014-06-03
2015,6,3,255,320,34,5,11,10,38,35,24,21,97,118,176,234,25,1,9,7,34,30,20,16,84,100,51,52,5,4,2,2,3,4,3,4,10,14,7,7,0,0,0,0,0,0,0,0,0,0,21,27,4,0,0,1,1,1,1,1,3,4,2200,22,161,-151,87,1550,130,361,San Francisco,2015-06-03
2016,6,3,299,289,25,11,10,12,29,25,11,22,65,87,207,186,17,2,3,8,20,19,8,11,47,58,70,77,6,5,3,2,5,3,2,5,10,15,1,2,0,0,1,0,0,0,0,1,0,1,21,24,2,4,3,2,4,3,1,5,8,13,2085,11,174,-156,82,1326,132,452,San Francisco,2016-06-03
2017,6,3,266,248,13,20,8,11,29,37,11,19,77,96,148,160,11,2,6,7,17,29,8,13,54,67,82,59,0,17,1,2,9,2,3,3,14,17,1,5,0,0,1,0,0,2,0,1,2,3,35,24,2,1,0,2,3,4,0,2,7,9,2167,24,190,-155,83,1328,154,481,San Francisco,2017-06-03
2018,6,3,131,276,10,2,14,12,28,23,10,26,61,87,69,182,5,0,8,4,20,18,7,12,45,57,49,62,3,2,6,5,6,4,2,11,12,23,2,2,0,0,0,0,0,0,0,0,0,0,11,30,2,0,0,3,2,1,1,3,4,7,1854,8,120,-154,84,1073,125,464,San Francisco,2018-06-03
2019,6,3,149,269,22,4,13,9,25,40,6,22,71,93,99,198,18,3,11,8,15,31,5,19,51,70,31,43,2,1,1,1,5,4,1,2,10,12,3,4,0,0,0,0,2,0,0,0,2,2,16,24,2,0,1,0,3,5,0,1,8,9,2218,13,164,-153,85,1337,129,493,San Francisco,2019-06-03
2020,6,3,146,235,10,13,8,8,46,19,9,16,74,90,91,153,9,0,6,3,31,17,8,9,56,65,39,50,0,4,2,3,12,2,1,5,15,20,2,2,0,0,0,0,0,0,0,0,0,0,14,30,1,9,0,2,3,0,0,2,3,5,1808,12,157,-151,87,1041,110,334,San Francisco,2020-06-03
2021,6,3,138,192,9,17,9,6,44,30,17,15,91,106,77,147,7,7,6,3,28,29,13,9,70,79,38,32,2,9,2,0,12,1,3,2,16,18,7,1,0,0,0,0,1,0,1,0,2,2,16,12,0,1,1,3,3,0,0,4,3,7,1743,28,118,-157,81,1069,96,389,San Francisco,2021-06-03
2022,6,3,111,200,21,5,10,11,47,19,15,21,81,102,59,155,18,2,4,7,34,14,11,11,59,70,37,27,2,2,3,4,10,2,3,7,15,22,2,2,0,0,0,0,0,0,0,0,0,0,13,16,1,1,3,0,3,3,1,3,7,10,1513,15,124,-156,82,908,93,380,San Francisco,2022-06-03
2023,6,3,136,156,10,11,7,6,30,28,9,13,67,80,61,107,3,1,6,4,20,24,3,10,47,57,57,36,5,8,1,2,8,3,2,3,13,16,0,0,0,0,0,0,0,0,1,0,1,1,18,13,2,2,0,0,2,1,3,0,6,6,1510,4,131,-155,83,841,85,423,San Francisco,2023-06-03
2024,6,3,108,184,10,7,9,11,39,25,10,20,74,94,65,137,8,2,6,9,28,22,6,15,56,71,29,33,2,2,0,2,10,1,3,2,14,16,1,0,0,0,0,0,1,0,1,0,2,2,13,14,0,3,3,0,0,2,0,3,2,5,1633,6,147,-153,85,887,93,420,San Francisco,2024-06-03
2012,7,3,,,,,,,,,,,,,,,,,,,,,,,,,,,,,,,,,,,,,,,,,,,,,,,,,,,,,,,,,,,,,,,,,,,,,San Francisco,2012-07-03
2013,7,3,,,,,,,,,,,,,,,,,,,,,,,,,,,,,,,,,,,,,,,,,,,,,,,,,,,,,,,,,,,,,,,,,,,,,San Francisco,2013-07-03
2014,7,3,,,,,,,,,,,,,,,,,,,,,,,,,,,,,,,,,,,,,,,,,,,,,,,,,,,,,,,,,,,,,,,,,,,,,San Francisco,2014-07-03
2015,7,3,266,387,19,24,12,13,40,25,12,25,77,102,174,271,16,8,6,9,28,17,9,15,54,69,66,78,2,12,5,1,9,2,2,6,13,19,4,1,0,0,0,0,0,0,0,0,0,0,22,37,1,4,1,3,3,6,1,4,10,14,2423,18,210,-121,117,1704,140,385,San Francisco,2015-07-03
2016,7,3,257,325,13,19,7,7,37,20,11,14,68,82,161,228,8,4,6,5,20,17,4,11,41,52,54,66,3,10,0,1,9,2,5,1,16,17,2,0,0,0,0,0,2,1,0,0,3,3,40,31,2,5,1,1,6,0,2,2,8,10,2037,12,217,-126,112,1369,112,355,San Francisco,2016-07-03
2017,7,3,287,242,22,22,7,15,21,36,13,22,70,92,171,170,17,6,6,10,16,29,10,16,55,71,68,54,4,6,0,3,5,4,1,3,10,13,1,0,0,0,0,0,0,0,0,0,0,0,47,18,1,10,1,2,0,3,2,3,5,8,2145,17,198,-125,113,1413,112,392,San Francisco,2017-07-03
2018,7,3,160,332,20,14,12,16,34,38,14,28,86,114,82,232,18,6,9,11,29,31,13,20,73,93,54,69,0,4,2,1,5,6,1,3,12,15,3,2,1,0,0,0,0,0,0,0,0,0,21,29,1,4,1,4,0,1,0,5,1,6,1957,18,165,-124,114,1210,130,443,San Francisco,2018-07-03
2019,7,3,267,307,23,11,9,5,27,33,6,14,66,80,190,238,17,2,8,5,14,30,3,13,47,60,45,48,2,4,0,0,9,0,2,0,11,11,8,4,0,1,0,0,1,0,0,0,1,1,24,17,4,4,1,0,3,3,1,1,7,8,2291,27,161,-123,115,1460,114,463,San Francisco,2019-07-03
2020,7,3,192,186,8,17,11,4,37,34,19,15,90,105,79,130,7,3,9,1,21,29,15,10,65,75,61,39,1,12,2,2,11,0,1,4,12,16,2,0,0,0,0,0,1,0,0,0,1,1,50,17,0,2,0,1,4,5,3,1,12,13,1614,12,181,-121,117,984,87,406,San Francisco,2020-07-03
2021,7,3,206,206,11,19,4,8,34,33,14,12,81,93,68,151,6,4,3,6,21,27,13,9,61,70,83,36,3,11,1,1,12,4,0,2,16,18,2,0,0,0,0,0,0,0,0,0,0,0,53,19,2,4,0,1,1,2,1,1,4,5,1652,6,166,-127,111,942,87,441,San Francisco,2021-07-03
2022,7,3,160,150,7,13,5,11,24,19,11,16,54,70,56,103,1,6,0,7,16,15,9,7,40,47,71,39,6,4,5,1,6,2,1,6,9,15,3,1,0,0,0,0,1,0,0,0,1,1,30,7,0,3,0,3,1,2,1,3,4,7,1307,7,117,-126,112,680,87,373,San Francisco,2022-07-03
2023,7,3,142,182,13,13,12,11,55,25,17,23,97,120,71,126,8,3,8,6,41,24,12,14,77,91,46,40,3,9,4,4,9,1,5,8,15,23,0,3,1,0,0,0,0,0,0,0,0,0,25,13,1,1,0,1,5,0,0,1,5,6,1458,10,124,-125,113,813,97,381,San Francisco,2023-07-03
2024,7,3,130,233,9,6,4,10,23,29,13,14,65,79,79,167,8,1,1,3,17,24,7,4,48,52,34,49,0,5,1,4,4,2,5,5,11,16,0,2,0,0,0,0,1,0,0,0,1,1,17,15,1,0,2,3,1,3,1,5,5,10,1522,14,137,-123,115,873,100,412,San Francisco,2024-07-03
2012,8,3,,,,,,,,,,,,,,,,,,,,,,,,,,,,,,,,,,,,,,,,,,,,,,,,,,,,,,,,,,,,,,,,,,,,,San Francisco,2012-08-03
2013,8,3,,,,,,,,,,,,,,,,,,,,,,,,,,,,,,,,,,,,,,,,,,,,,,,,,,,,,,,,,,,,,,,,,,,,,San Francisco,2013-08-03
2014,8,3,,,,,,,,,,,,,,,,,,,,,,,,,,,,,,,,,,,,,,,,,,,,,,,,,,,,,,,,,,,,,,,,,,,,,San Francisco,2014-08-03
2015,8,3,257,394,18,5,9,14,35,36,26,23,97,120,166,273,12,1,7,9,26,30,18,16,74,90,65,89,4,4,2,4,6,2,6,6,14,20,5,5,0,0,0,0,1,0,0,0,1,1,21,27,2,0,0,1,2,4,2,1,8,9,2283,23,182,-90,148,1607,139,358,San Francisco,2015-08-03
2016,8,3,275,300,24,15,8,11,39,33,10,19,82,101,186,212,16,2,6,7,29,26,7,13,62,75,65,73,6,12,2,3,6,3,2,5,11,16,11,1,0,0,0,0,1,0,0,0,1,1,13,14,2,1,0,1,3,4,1,1,8,9,2125,16,135,-95,143,1423,131,412,San Francisco,2016-08-03
2017,8,3,246,324,19,17,9,12,34,27,19,21,80,101,172,233,16,7,4,7,26,20,15,11,61,72,61,63,3,8,5,4,7,3,2,9,12,21,4,1,0,0,0,0,1,0,0,0,1,1,9,27,0,2,0,1,0,4,2,1,6,7,2511,16,148,-94,144,1513,171,460,San Francisco,2017-08-03
2018,8,3,134,326,18,6,5,9,25,38,2,14,65,79,83,214,13,1,3,7,18,32,0,10,50,60,42,80,4,4,2,2,5,4,2,4,11,15,1,5,0,0,0,0,0,1,0,0,1,1,8,27,1,1,0,0,2,1,0,0,3,3,2206,18,146,-93,145,1360,125,402,San Francisco,2018-08-03
2019,8,3,178,289,14,7,9,14,40,35,4,23,79,102,95,205,7,2,4,4,31,28,4,8,63,71,70,61,6,5,3,9,8,4,0,12,12,24,1,4,0,0,0,0,0,0,0,0,0,0,12,19,1,0,2,1,1,3,0,3,4,7,2355,14,145,-92,146,1540,128,435,San Francisco,2019-08-03
2020,8,3,105,191,11,15,6,10,40,31,17,16,88,104,60,145,7,8,4,5,30,29,14,9,73,82,36,38,4,6,1,2,7,1,2,3,10,13,0,0,0,0,0,0,0,0,0,0,0,0,9,8,0,1,1,3,3,1,1,4,5,9,1481,10,97,-90,148,889,118,335,San Francisco,2020-08-03
2021,8,3,120,212,16,5,8,16,38,30,17,24,85,109,64,157,12,2,5,14,24,23,12,19,59,78,49,40,2,2,2,1,8,3,1,3,12,15,0,3,1,0,0,0,0,0,1,0,1,1,7,12,1,1,1,1,6,4,3,2,13,15,1677,10,101,-96,142,1007,113,408,San Francisco,2021-08-03
2022,8,3,129,187,5,5,9,11,31,39,16,20,86,106,80,137,5,2,6,6,23,31,15,12,69,81,37,36,0,2,3,3,7,3,0,6,10,16,2,3,0,0,0,0,1,0,0,0,1,1,10,11,0,1,0,2,0,5,1,2,6,8,1334,13,102,-95,143,724,98,363,San Francisco,2022-08-03
2023,8,3,104,184,11,5,5,8,38,32,11,13,81,94,62,135,8,2,4,5,28,30,6,9,64,73,37,34,2,1,0,3,6,1,4,3,11,14,1,1,0,0,0,0,0,0,0,0,0,0,4,14,1,2,1,0,4,1,1,1,6,7,1637,13,111,-94,144,942,103,368,San Francisco,2023-08-03
2024,8,3,136,158,14,7,6,9,29,20,15,15,64,79,75,103,7,0,3,6,20,15,8,9,43,52,55,41,3,7,2,3,9,5,5,5,19,24,0,3,0,0,0,0,0,0,0,0,0,0,6,11,4,0,1,0,0,0,2,1,2,3,1540,8,118,-92,146,808,93,392,San Francisco,2024-08-03
2012,9,3,,,,,,,,,,,,,,,,,,,,,,,,,,,,,,,,,,,,,,,,,,,,,,,,,,,,,,,,,,,,,,,,,,,,,San Francisco,2012-09-03
2013,9,3,,,,,,,,,,,,,,,,,,,,,,,,,,,,,,,,,,,,,,,,,,,,,,,,,,,,,,,,,,,,,,,,,,,,,San Francisco,2013-09-03
2014,9,3,,,,,,,,,,,,,,,,,,,,,,,,,,,,,,,,,,,,,,,,,,,,,,,,,,,,,,,,,,,,,,,,,,,,,San Francisco,2014-09-03
2015,9,3,251,306,37,6,9,9,30,25,12,18,67,85,145,202,27,1,7,3,22,19,8,10,49,59,82,85,5,2,2,5,6,6,3,7,15,22,8,3,0,0,0,0,0,0,0,0,0,0,16,16,5,3,0,1,2,0,1,1,3,4,2280,23,163,-59,179,1512,141,408,San Francisco,2015-09-03
2016,9,3,271,317,12,11,9,17,33,31,6,26,70,96,150,195,7,4,4,7,22,26,4,11,52,63,96,103,5,1,4,9,6,3,1,13,10,23,10,3,0,0,0,0,1,0,1,0,2,2,15,16,0,6,1,1,4,2,0,2,6,8,2215,22,138,-64,174,1451,114,418,San Francisco,2016-09-03
2017,9,3,274,288,22,13,12,24,29,33,5,36,67,103,131,177,12,3,6,13,11,25,3,19,39,58,127,88,9,10,5,11,15,6,2,16,23,39,4,6,0,0,0,0,1,0,0,0,1,1,12,17,1,0,1,0,2,2,0,1,4,5,2135,24,131,-63,175,1233,124,479,San Francisco,2017-09-03
2018,9,3,161,299,13,10,10,8,46,42,5,18,93,111,95,189,6,1,2,6,30,29,5,8,64,72,59,87,5,5,7,1,13,11,0,8,24,32,1,2,0,0,0,0,0,0,0,0,0,0,6,21,2,4,1,1,3,2,0,2,5,7,1938,17,113,-62,176,1305,92,365,San Francisco,2018-09-03
2019,9,3,231,308,22,2,7,10,49,50,14,17,113,130,165,206,16,1,5,6,35,44,9,11,88,99,55,76,5,1,2,2,11,1,3,4,15,19,4,6,0,0,0,0,1,0,0,0,1,1,7,20,1,0,0,2,2,5,2,2,9,11,2373,24,159,-61,177,1528,136,458,San Francisco,2019-09-03
2020,9,3,151,196,10,4,6,8,46,36,8,14,90,104,85,131,8,0,6,4,23,27,6,10,56,66,56,55,2,4,0,3,17,6,1,3,24,27,1,3,0,0,0,0,1,2,0,0,3,3,9,7,0,0,0,1,5,1,1,1,7,8,1540,19,80,-59,179,962,103,378,San Francisco,2020-09-03
2021,9,3,124,173,23,11,6,13,38,41,17,19,96,115,52,109,17,2,4,7,22,34,12,11,68,79,63,49,4,7,1,6,13,6,4,7,23,30,2,0,1,1,0,0,1,0,0,0,1,1,7,15,1,1,1,0,2,1,1,1,4,5,1509,16,96,-65,173,890,83,370,San Francisco,2021-09-03
2022,9,3,110,185,11,12,7,11,32,28,10,18,70,88,58,129,8,2,3,9,17,21,7,12,45,57,47,43,3,8,2,2,12,6,2,4,20,24,1,2,0,0,0,0,0,0,1,0,1,1,4,11,0,2,2,0,3,1,0,2,4,6,1461,11,105,-64,174,815,66,405,San Francisco,2022-09-03
2023,9,3,141,165,14,9,6,22,41,28,18,28,87,115,59,104,8,3,2,17,23,17,15,19,55,74,73,44,4,6,3,5,13,8,1,8,22,30,2,2,0,0,1,0,1,0,1,1,2,3,7,15,2,0,0,0,4,3,1,0,8,8,1484,17,102,-63,175,841,84,391,San Francisco,2023-09-03
2024,9,3,138,223,12,1,10,9,42,29,9,19,80,99,97,151,7,1,7,6,28,24,7,13,59,72,33,55,2,0,3,3,14,1,2,6,17,23,0,3,0,0,0,0,0,0,0,0,0,0,8,14,3,0,0,0,0,4,0,0,4,4,1699,16,96,-61,177,932,88,403,San Francisco,2024-09-03
2012,10,3,,,,,,,,,,,,,,,,,,,,,,,,,,,,,,,,,,,,,,,,,,,,,,,,,,,,,,,,,,,,,,,,,,,,,San Francisco,2012-10-03
2013,10,3,,,,,,,,,,,,,,,,,,,,,,,,,,,,,,,,,,,,,,,,,,,,,,,,,,,,,,,,,,,,,,,,,,,,,San Francisco,2013-10-03
2014,10,3,,,,,,,,,,,,,,,,,,,,,,,,,,,,,,,,,,,,,,,,,,,,,,,,,,,,,,,,,,,,,,,,,,,,,San Francisco,2014-10-03
2015,10,3,290,334,23,8,12,16,13,42,14,28,69,97,117,197,14,2,4,6,8,28,10,10,46,56,157,113,7,6,8,7,5,14,4,15,23,38,3,2,0,0,0,0,0,0,0,0,0,0,13,22,2,0,0,3,0,0,0,3,0,3,2302,27,149,-29,209,1515,130,473,San Francisco,2015-10-03
2016,10,3,252,325,24,9,16,13,33,31,18,29,82,111,134,185,21,1,10,3,23,17,9,13,49,62,98,115,2,6,5,10,7,11,8,15,26,41,9,2,0,0,1,0,0,0,0,1,0,1,11,23,1,2,0,0,3,3,1,0,7,7,2301,38,148,-34,204,1551,142,391,San Francisco,2016-10-03
2017,10,3,284,325,18,1,11,20,33,39,12,31,84,115,151,212,12,0,7,9,22,28,8,16,58,74,102,83,5,1,3,8,10,8,3,11,21,32,7,5,0,0,0,0,0,0,0,0,0,0,24,25,1,0,1,3,1,3,1,4,5,9,2270,37,189,-33,205,1452,117,482,San Francisco,2017-10-03
2018,10,3,162,372,22,6,12,17,26,42,7,29,75,104,89,230,12,2,6,13,13,28,5,19,46,65,61,123,4,4,6,4,9,8,1,10,18,28,5,4,0,0,0,0,0,2,0,0,2,2,7,15,6,0,0,0,4,4,1,0,9,9,2363,42,144,-32,206,1491,138,468,San Francisco,2018-10-03
2019,10,3,212,276,17,2,8,13,31,39,9,21,79,100,141,177,8,1,2,5,23,26,7,7,56,63,55,78,8,1,5,5,7,11,2,10,20,30,5,6,0,0,0,0,0,0,0,0,0,0,11,15,1,0,1,3,1,2,0,4,3,7,2233,40,139,-31,207,1434,105,402,San Francisco,2019-10-03
2020,10,3,139,182,17,14,2,11,37,25,10,13,72,85,48,121,9,3,2,4,27,21,7,6,55,61,81,50,6,11,0,6,9,3,3,6,15,21,1,1,0,0,0,0,0,0,0,0,0,0,9,10,2,0,0,1,1,1,0,1,2,3,1713,19,120,-29,209,1050,99,429,San Francisco,2020-10-03
2021,10,3,122,196,15,12,8,6,33,30,11,14,74,88,56,114,7,3,3,4,18,17,8,7,43,50,64,67,8,8,4,2,11,9,2,6,22,28,0,3,0,0,0,0,0,0,0,0,0,0,2,12,0,1,1,0,4,4,1,1,9,10,1545,25,96,-35,203,905,86,408,San Francisco,2021-10-03
2022,10,3,118,191,15,4,12,15,34,20,10,27,64,91,57,127,11,1,9,10,24,19,7,19,50,69,52,54,4,3,3,4,7,1,3,7,11,18,2,2,0,0,0,0,0,0,0,0,0,0,7,8,0,0,0,1,3,0,0,1,3,4,1593,24,114,-34,204,911,111,393,San Francisco,2022-10-03
2023,10,3,89,197,16,5,11,14,25,31,19,25,75,100,39,121,12,1,7,8,19,22,13,15,54,69,40,61,0,3,3,4,5,2,1,7,8,15,3,2,1,0,0,0,0,0,1,0,1,1,7,13,3,1,1,2,1,7,4,3,12,15,1639,24,115,-33,205,957,96,395,San Francisco,2023-10-03
2024,10,3,133,234,19,6,4,13,23,29,5,17,57,74,74,153,14,0,2,9,15,20,3,11,38,49,46,66,3,4,1,3,6,3,2,4,11,15,3,4,1,0,0,0,1,0,0,0,1,1,10,11,1,2,1,1,1,6,0,2,7,9,1878,23,135,-31,207,1123,104,411,San Francisco,2024-10-03
2012,11,3,,,,,,,,,,,,,,,,,,,,,,,,,,,,,,,,,,,,,,,,,,,,,,,,,,,,,,,,,,,,,,,,,,,,,San Francisco,2012-11-03
2013,11,3,,,,,,,,,,,,,,,,,,,,,,,,,,,,,,,,,,,,,,,,,,,,,,,,,,,,,,,,,,,,,,,,,,,,,San Francisco,2013-11-03
2014,11,3,,,,,,,,,,,,,,,,,,,,,,,,,,,,,,,,,,,,,,,,,,,,,,,,,,,,,,,,,,,,,,,,,,,,,San Francisco,2014-11-03
2015,11,3,248,364,26,3,8,6,43,40,21,14,104,118,125,189,15,0,1,4,23,29,11,5,63,68,94,145,6,3,6,2,19,8,7,8,34,42,12,2,0,0,0,0,0,0,0,0,0,0,17,28,5,0,1,0,1,3,3,1,7,8,2505,33,239,2,240,1756,134,445,San Francisco,2015-11-03
2016,11,3,288,335,29,3,12,15,35,24,15,27,74,101,136,200,18,1,2,4,21,15,8,6,44,50,130,111,4,2,8,10,11,9,6,18,26,44,7,4,1,0,0,0,2,0,1,0,3,3,15,20,6,0,2,1,1,0,0,3,1,4,2413,57,182,-3,235,1627,126,447,San Francisco,2016-11-03
2017,11,3,256,290,19,8,10,20,38,23,2,30,63,93,138,171,11,2,2,8,19,19,2,10,40,50,103,92,7,5,6,10,17,3,0,16,20,36,6,1,0,0,1,0,1,0,0,1,1,2,9,26,1,1,1,2,1,1,0,3,2,5,2114,29,190,-2,236,1305,111,453,San Francisco,2017-11-03
2018,11,3,242,305,22,8,7,12,30,34,8,19,72,91,108,172,10,1,3,8,14,16,5,11,35,46,116,98,10,7,3,4,14,10,2,7,26,33,4,7,0,0,0,0,0,0,0,0,0,0,14,28,2,0,1,0,2,8,1,1,11,12,2255,28,208,-1,237,1324,107,522,San Francisco,2018-11-03
2019,11,3,258,271,16,11,11,13,36,30,4,24,70,94,102,148,5,4,5,7,14,18,2,12,34,46,135,102,9,7,5,5,16,8,1,10,25,35,3,2,0,0,0,0,1,1,0,0,2,2,18,19,2,0,1,1,5,3,1,2,9,11,2091,12,157,0,238,1367,120,450,San Francisco,2019-11-03
2020,11,3,106,213,11,13,4,5,51,37,18,9,106,115,51,130,9,1,1,2,33,20,12,3,65,68,46,69,1,12,3,3,14,9,3,6,26,32,3,2,0,0,0,0,1,0,0,0,1,1,6,12,1,0,0,0,3,8,3,0,14,14,1935,34,146,2,240,1244,111,345,San Francisco,2020-11-03
2021,11,3,113,218,16,10,8,9,45,43,9,17,97,114,44,132,11,1,5,3,27,24,7,8,58,66,64,62,3,9,2,5,15,11,0,7,26,33,0,8,0,0,0,0,0,0,0,0,0,0,5,16,2,0,1,1,3,8,2,2,13,15,1580,26,135,-4,234,911,109,428,San Francisco,2021-11-03
2022,11,3,102,194,8,6,2,9,28,33,8,11,69,80,48,106,4,1,1,6,16,21,5,7,42,49,44,73,3,5,1,3,10,10,3,4,23,27,3,4,0,0,0,0,0,0,0,0,0,0,7,11,1,0,0,0,2,2,0,0,4,4,1571,34,118,-3,235,897,94,376,San Francisco,2022-11-03
2023,11,3,154,176,15,10,9,8,39,25,12,17,76,93,65,104,11,0,7,4,16,20,8,11,44,55,82,56,2,9,2,2,22,5,4,4,31,35,1,2,0,0,0,1,0,0,0,1,0,1,6,14,2,1,0,1,1,0,0,1,1,2,1778,42,133,-2,236,990,105,462,San Francisco,2023-11-03
2024,11,3,124,194,8,8,6,5,24,19,7,11,50,61,59,95,5,1,3,3,13,10,3,6,26,32,55,82,3,7,3,2,8,8,4,5,20,25,4,3,0,0,0,0,0,0,0,0,0,0,6,14,0,0,0,0,3,1,0,0,4,4,1551,18,92,0,238,856,89,442,San Francisco,2024-11-03
2012,12,3,,,,,,,,,,,,,,,,,,,,,,,,,,,,,,,,,,,,,,,,,,,,,,,,,,,,,,,,,,,,,,,,,,,,,San Francisco,2012-12-03
2013,12,3,,,,,,,,,,,,,,,,,,,,,,,,,,,,,,,,,,,,,,,,,,,,,,,,,,,,,,,,,,,,,,,,,,,,,San Francisco,2013-12-03
2014,12,3,,,,,,,,,,,,,,,,,,,,,,,,,,,,,,,,,,,,,,,,,,,,,,,,,,,,,,,,,,,,,,,,,,,,,San Francisco,2014-12-03
2015,12,3,241,336,22,4,6,8,33,31,13,14,77,91,109,176,13,0,4,5,17,15,7,9,39,48,108,122,7,3,2,3,15,9,6,5,30,35,5,3,0,0,0,0,0,1,0,0,1,1,19,35,2,1,0,0,1,6,0,0,7,7,2105,30,209,32,270,1402,115,380,San Francisco,2015-12-03
2016,12,3,243,274,28,4,9,9,26,30,14,18,70,88,110,147,11,0,5,6,13,14,9,11,36,47,118,110,15,4,3,3,10,12,3,6,25,31,2,1,0,0,1,0,2,0,0,1,2,3,13,16,2,0,0,0,1,4,2,0,7,7,2170,16,178,27,265,1300,134,481,San Francisco,2016-12-03
2017,12,3,229,263,12,5,16,13,30,40,4,29,74,103,105,124,9,2,1,1,12,23,3,2,38,40,108,114,2,3,13,11,16,13,0,24,29,53,7,2,0,0,0,0,0,1,0,0,1,1,9,23,1,0,2,1,2,3,1,3,6,9,2005,29,182,28,266,1214,132,412,San Francisco,2017-12-03
2018,12,3,144,309,29,3,11,9,39,48,11,20,98,118,68,176,21,0,6,3,21,30,7,9,58,67,66,104,5,3,4,4,16,15,2,8,33,41,4,5,0,0,0,0,2,0,0,0,2,2,6,24,3,0,1,2,0,3,2,3,5,8,2315,38,249,29,267,1531,128,372,San Francisco,2018-12-03
2019,12,3,154,277,20,5,8,8,36,39,15,16,90,106,86,156,9,2,7,4,15,22,10,11,47,58,55,90,8,3,1,4,19,13,4,5,36,41,2,8,0,0,0,0,0,0,0,0,0,0,11,23,3,0,0,0,2,4,1,0,7,7,2118,32,196,30,268,1347,117,421,San Francisco,2019-12-03
2020,12,3,115,190,13,7,5,6,49,42,13,11,104,115,48,95,7,1,0,0,24,30,9,0,63,63,61,79,4,5,3,4,21,4,2,7,27,34,2,2,0,0,0,0,3,1,0,0,4,4,4,14,2,1,2,2,1,7,2,4,10,14,1542,25,132,32,270,980,89,327,San Francisco,2020-12-03
2021,12,3,132,194,11,14,4,11,54,33,12,15,99,114,37,106,2,0,2,2,25,26,8,4,59,63,85,72,5,14,1,7,22,4,4,8,30,38,6,4,0,0,1,0,1,0,0,1,1,2,4,12,4,0,0,2,6,3,0,2,9,11,1713,30,131,26,264,993,106,429,San Francisco,2021-12-03
2022,12,3,83,120,16,9,7,10,30,21,6,17,57,74,26,55,8,1,4,4,16,11,4,8,31,39,51,58,7,8,2,6,12,7,2,8,21,29,1,0,0,0,0,0,0,1,0,0,1,1,5,7,1,0,1,0,2,2,0,1,4,5,1293,14,109,27,265,689,79,342,San Francisco,2022-12-03
2023,12,3,112,147,18,8,2,10,32,26,12,12,70,82,43,70,6,1,1,3,18,18,9,4,45,49,61,58,10,7,1,7,13,8,3,8,24,32,0,3,0,0,0,0,0,0,0,0,0,0,8,16,2,0,0,0,1,0,0,0,1,1,1413,18,133,28,266,727,82,432,San Francisco,2023-12-03
2024,12,3,95,212,17,2,3,14,25,30,3,17,58,75,58,108,8,1,2,4,12,16,2,6,30,36,33,79,6,1,0,9,13,11,1,9,25,34,0,3,0,0,0,0,0,0,0,0,0,0,4,22,3,0,1,1,0,3,0,2,3,5,1710,23,189,30,268,920,100,338,San Francisco,2024-12-03
2012,1,4,,,,,,,,,,,,,,,,,,,,,,,,,,,,,,,,,,,,,,,,,,,,,,,,,,,,,,,,,,,,,,,,,,,,,San Francisco,2012-01-04
2013,1,4,,,,,,,,,,,,,,,,,,,,,,,,,,,,,,,,,,,,,,,,,,,,,,,,,,,,,,,,,,,,,,,,,,,,,San Francisco,2013-01-04
2014,1,4,,,,,,,,,,,,,,,,,,,,,,,,,,,,,,,,,,,,,,,,,,,,,,,,,,,,,,,,,,,,,,,,,,,,,San Francisco,2014-01-04
2015,1,4,182,320,11,4,10,9,31,31,7,19,69,88,83,163,4,1,5,3,20,17,2,8,39,47,84,119,6,3,5,5,8,13,5,10,26,36,4,8,0,0,0,1,0,0,0,1,0,1,11,30,1,0,0,0,3,1,0,0,4,4,1893,25,142,-301,-63,1382,108,286,San Francisco,2015-01-04
2016,1,4,232,275,16,2,5,8,40,29,15,13,84,97,119,135,9,0,1,4,24,16,9,5,49,54,99,112,6,2,3,4,12,7,6,7,25,32,6,5,0,0,1,0,1,0,0,1,1,2,8,23,1,0,0,0,3,6,0,0,9,9,1991,35,148,-307,-69,1374,132,302,San Francisco,2016-01-04
2017,1,4,243,251,29,4,10,6,42,36,5,16,83,99,134,123,8,0,6,2,24,18,4,8,46,54,85,106,17,4,3,4,16,16,1,7,33,40,7,6,2,0,0,0,0,0,0,0,0,0,17,16,2,0,1,0,2,2,0,1,4,5,2061,34,213,-305,-67,1430,133,341,San Francisco,2017-01-04
2018,1,4,276,296,17,9,11,13,41,27,6,24,74,98,161,162,7,0,6,5,17,16,4,11,37,48,92,112,6,7,5,7,17,7,2,12,26,38,12,6,1,0,0,0,2,1,0,0,3,3,11,16,3,2,0,1,5,3,0,1,8,9,2282,49,196,-304,-66,1542,118,361,San Francisco,2018-01-04
2019,1,4,127,328,14,7,14,3,35,37,6,17,78,95,65,174,10,2,8,2,16,26,5,10,47,57,55,115,0,5,6,1,13,9,0,7,22,29,1,10,0,0,0,0,0,0,1,0,1,1,6,29,4,0,0,0,6,2,0,0,8,8,2083,40,202,-303,-65,1206,135,437,San Francisco,2019-01-04
2020,1,4,123,267,12,5,9,8,36,37,9,17,82,99,49,121,6,0,1,3,16,25,4,4,45,49,65,125,4,5,7,5,16,9,5,12,30,42,3,4,0,0,0,0,1,0,0,0,1,1,6,17,2,0,1,0,3,3,0,1,6,7,2012,32,172,-302,-64,1256,121,389,San Francisco,2020-01-04
2021,1,4,103,195,11,18,4,9,58,40,12,13,110,123,48,106,2,2,0,5,31,29,10,5,70,75,44,71,6,16,4,3,22,11,2,7,35,42,2,4,1,0,0,0,2,0,0,0,2,2,9,14,2,0,0,1,3,0,0,1,3,4,1511,26,152,-307,-69,932,128,313,San Francisco,2021-01-04
2022,1,4,62,203,6,4,5,12,50,29,19,17,98,115,20,106,3,0,2,5,31,19,7,7,57,64,36,79,1,4,2,7,16,6,10,9,32,41,1,2,0,0,0,0,0,0,0,0,0,0,5,16,2,0,1,0,3,4,2,1,9,10,1437,20,125,-306,-68,874,99,295,San Francisco,2022-01-04
2023,1,4,57,155,13,2,4,8,34,19,15,12,68,80,28,88,4,1,1,1,20,11,9,2,40,42,25,50,4,0,3,6,12,6,4,9,22,31,2,6,1,0,0,0,0,0,1,0,1,1,2,11,4,1,0,1,2,2,1,1,5,6,1315,29,100,-305,-67,833,79,270,San Francisco,2023-01-04
2024,1,4,89,170,23,4,4,8,41,25,12,12,78,90,32,87,14,1,0,2,17,18,6,2,41,43,47,67,7,2,2,6,20,3,5,8,28,36,2,3,0,1,0,0,0,0,0,0,0,0,8,13,2,0,2,0,4,4,1,2,9,11,1496,29,154,-304,-66,904,96,300,San Francisco,2024-01-04
2012,2,4,,,,,,,,,,,,,,,,,,,,,,,,,,,,,,,,,,,,,,,,,,,,,,,,,,,,,,,,,,,,,,,,,,,,,San Francisco,2012-02-04
2013,2,4,,,,,,,,,,,,,,,,,,,,,,,,,,,,,,,,,,,,,,,,,,,,,,,,,,,,,,,,,,,,,,,,,,,,,San Francisco,2013-02-04
2014,2,4,,,,,,,,,,,,,,,,,,,,,,,,,,,,,,,,,,,,,,,,,,,,,,,,,,,,,,,,,,,,,,,,,,,,,San Francisco,2014-02-04
2015,2,4,240,457,19,15,6,11,41,48,8,17,97,114,144,281,15,2,3,7,20,31,4,10,55,65,77,126,3,9,2,3,19,14,3,5,36,41,8,8,0,3,0,0,1,0,0,0,1,1,11,42,1,1,1,1,1,3,1,2,5,7,2456,47,192,-270,-32,1797,140,352,San Francisco,2015-02-04
2016,2,4,246,313,22,4,10,9,34,43,8,19,85,104,133,169,16,0,7,4,24,17,6,11,47,58,92,120,4,4,3,4,9,17,2,7,28,35,5,3,0,0,0,0,0,0,0,0,0,0,16,21,2,0,0,1,1,9,0,1,10,11,2122,35,160,-276,-38,1459,157,385,San Francisco,2016-02-04
2017,2,4,211,299,16,5,16,10,27,23,2,26,52,78,81,165,9,0,6,3,14,14,2,9,30,39,114,110,5,5,9,4,12,4,0,13,16,29,4,1,0,0,0,1,0,0,0,1,0,1,12,23,2,0,1,2,1,5,0,3,6,9,2064,18,202,-274,-36,1336,106,426,San Francisco,2017-02-04
2018,2,4,296,246,18,10,13,12,37,28,8,25,73,98,145,137,5,3,7,5,19,17,5,12,41,53,131,93,10,7,4,6,16,9,1,10,26,36,0,2,0,0,0,0,0,0,1,0,1,1,20,14,3,0,2,1,2,2,1,3,5,8,2020,18,182,-273,-35,1263,120,426,San Francisco,2018-02-04
2019,2,4,119,278,19,6,4,10,45,34,9,14,88,102,72,174,10,0,3,5,26,16,6,8,48,56,47,89,9,5,1,3,15,13,2,4,30,34,0,4,0,0,0,0,1,0,0,0,1,1,0,11,0,1,0,2,3,5,1,2,9,11,2025,20,188,-272,-34,1236,129,405,San Francisco,2019-02-04
2020,2,4,140,295,14,5,13,7,35,45,16,20,96,116,68,168,11,0,6,4,20,30,10,10,60,70,61,103,2,5,4,2,12,10,4,6,26,32,2,6,0,0,0,0,1,0,1,0,2,2,9,18,1,0,3,1,2,5,1,4,8,12,1964,29,124,-271,-33,1251,115,352,San Francisco,2020-02-04
2021,2,4,112,270,14,7,8,11,55,24,14,19,93,112,49,145,10,2,5,8,27,17,8,13,52,65,58,101,2,5,0,2,24,3,3,2,30,32,2,2,0,0,0,1,0,0,0,1,0,1,3,22,2,0,3,0,4,4,3,3,11,14,1705,14,152,-276,-38,1098,81,401,San Francisco,2021-02-04
2022,2,4,114,199,24,7,5,17,33,32,18,22,83,105,39,119,11,2,1,4,17,18,10,5,45,50,72,64,11,3,3,10,15,8,5,13,28,41,0,4,0,0,0,0,0,0,1,0,1,1,3,12,2,2,1,3,1,6,2,4,9,13,1592,18,114,-275,-37,949,98,386,San Francisco,2022-02-04
2023,2,4,110,142,17,5,11,12,31,21,11,23,63,86,48,76,7,0,3,4,18,10,7,7,35,42,54,55,8,5,7,8,11,5,4,15,20,35,1,2,0,0,0,0,1,0,0,0,1,1,7,9,2,0,1,0,1,6,0,1,7,8,1337,15,119,-274,-36,748,80,377,San Francisco,2023-02-04
2024,2,4,70,134,14,7,4,10,36,15,5,14,56,70,39,72,5,0,1,4,19,10,2,5,31,36,27,56,4,7,2,6,15,3,3,8,21,29,0,0,0,0,0,0,1,0,0,0,1,1,4,6,5,0,1,0,1,2,0,1,3,4,1473,17,112,-273,-35,895,93,257,San Francisco,2024-02-04
2012,3,4,,,,,,,,,,,,,,,,,,,,,,,,,,,,,,,,,,,,,,,,,,,,,,,,,,,,,,,,,,,,,,,,,,,,,San Francisco,2012-03-04
2013,3,4,,,,,,,,,,,,,,,,,,,,,,,,,,,,,,,,,,,,,,,,,,,,,,,,,,,,,,,,,,,,,,,,,,,,,San Francisco,2013-03-04
2014,3,4,,,,,,,,,,,,,,,,,,,,,,,,,,,,,,,,,,,,,,,,,,,,,,,,,,,,,,,,,,,,,,,,,,,,,San Francisco,2014-03-04
2015,3,4,273,331,22,9,9,7,30,40,16,16,86,102,151,191,14,2,4,1,15,30,13,5,58,63,97,108,7,5,3,5,11,5,2,8,18,26,15,3,0,0,0,0,0,0,0,0,0,0,10,29,1,2,2,1,4,5,1,3,10,13,2266,40,172,-242,-4,1712,98,296,San Francisco,2015-03-04
2016,3,4,268,316,25,6,5,10,33,36,13,15,82,97,148,170,12,3,2,4,20,24,12,6,56,62,99,110,11,3,3,6,12,8,1,9,21,30,7,2,0,0,0,0,0,0,0,0,0,0,14,34,2,0,0,0,1,4,0,0,5,5,2130,23,194,-247,-9,1458,110,393,San Francisco,2016-03-04
2017,3,4,212,267,27,10,8,6,31,28,14,14,73,87,98,160,13,1,3,2,18,16,9,5,43,48,102,93,8,9,5,4,9,8,3,9,20,29,6,1,1,0,0,0,0,1,0,0,1,1,6,13,5,0,0,0,4,3,2,0,9,9,2226,22,160,-246,-8,1441,124,422,San Francisco,2017-03-04
2018,3,4,243,289,17,3,14,10,46,19,8,24,73,97,131,160,8,0,6,5,21,15,6,11,42,53,92,110,7,3,6,5,21,2,2,11,25,36,7,2,1,0,0,0,1,0,0,0,1,1,13,17,1,0,2,0,3,2,0,2,5,7,1977,18,147,-245,-7,1238,126,378,San Francisco,2018-03-04
2019,3,4,128,330,9,2,4,8,42,32,8,12,82,94,83,200,8,2,2,2,25,21,5,4,51,55,35,106,0,0,2,6,12,8,2,8,22,30,3,4,0,0,0,0,0,0,0,0,0,0,7,20,1,0,0,0,5,3,1,0,9,9,2115,25,171,-244,-6,1296,95,433,San Francisco,2019-03-04
2020,3,4,151,281,22,3,7,22,32,53,8,29,93,122,82,178,18,0,3,13,17,39,7,16,63,79,57,72,2,1,4,8,13,7,1,12,21,33,4,3,0,0,0,0,0,0,0,0,0,0,8,28,2,2,0,1,2,7,0,1,9,10,2250,16,220,-242,-4,1416,128,402,San Francisco,2020-03-04
2021,3,4,77,221,17,8,5,3,51,55,15,8,121,129,28,114,14,2,2,2,27,41,13,4,81,85,41,90,3,3,3,1,22,11,0,4,33,37,2,6,0,1,0,0,0,1,1,0,2,2,6,11,0,2,0,0,2,2,1,0,5,5,1643,20,133,-248,-10,969,112,362,San Francisco,2021-03-04
2022,3,4,119,181,21,4,6,13,47,30,10,19,87,106,49,104,13,2,3,4,28,26,8,7,62,69,60,64,7,2,2,7,18,3,2,9,23,32,3,1,0,0,0,0,1,0,0,0,1,1,7,12,1,0,1,2,0,1,0,3,1,4,1516,15,120,-247,-9,833,112,416,San Francisco,2022-03-04
2023,3,4,106,153,6,13,5,13,32,37,9,18,78,96,45,83,2,1,2,10,21,27,7,12,55,67,53,58,3,11,3,2,11,6,2,5,19,24,1,0,0,0,0,1,0,1,0,1,1,2,7,12,1,1,0,0,0,3,0,0,3,3,1542,13,114,-246,-8,870,84,375,San Francisco,2023-03-04
2024,3,4,58,182,13,7,4,6,34,20,9,10,63,73,32,118,8,1,2,4,17,16,5,6,38,44,24,43,5,6,2,2,16,3,3,4,22,26,0,4,0,0,0,0,0,0,0,0,0,0,2,17,0,0,0,0,1,1,1,0,3,3,1648,12,123,-244,-6,957,96,329,San Francisco,2024-03-04
2012,4,4,,,,,,,,,,,,,,,,,,,,,,,,,,,,,,,,,,,,,,,,,,,,,,,,,,,,,,,,,,,,,,,,,,,,,San Francisco,2012-04-04
2013,4,4,,,,,,,,,,,,,,,,,,,,,,,,,,,,,,,,,,,,,,,,,,,,,,,,,,,,,,,,,,,,,,,,,,,,,San Francisco,2013-04-04
2014,4,4,,,,,,,,,,,,,,,,,,,,,,,,,,,,,,,,,,,,,,,,,,,,,,,,,,,,,,,,,,,,,,,,,,,,,San Francisco,2014-04-04
2015,4,4,227,326,13,8,12,11,34,31,14,23,79,102,122,184,10,0,4,8,25,24,9,12,58,70,95,121,3,7,8,2,7,6,4,10,17,27,1,2,0,0,0,0,0,0,0,0,0,0,9,19,0,1,0,1,2,1,1,1,4,5,2209,13,140,-211,27,1646,110,301,San Francisco,2015-04-04
2016,4,4,264,312,19,4,8,11,45,26,9,19,80,99,165,196,13,0,6,5,34,21,3,11,58,69,75,95,3,3,2,3,11,3,6,5,20,25,6,2,0,0,0,0,0,0,0,0,0,0,18,19,3,1,0,3,0,2,0,3,2,5,2201,30,136,-216,22,1560,128,356,San Francisco,2016-04-04
2017,4,4,252,309,22,8,7,4,36,31,12,11,79,90,165,195,15,1,5,2,26,21,7,7,54,61,66,92,4,6,1,1,10,7,4,2,21,23,5,7,0,0,0,0,0,0,0,0,0,0,16,15,3,1,1,1,0,3,1,2,4,6,2373,32,158,-215,23,1605,112,401,San Francisco,2017-04-04
2018,4,4,278,327,25,4,10,10,34,48,6,20,88,108,178,224,19,1,8,6,20,39,4,14,63,77,76,76,2,3,2,4,8,4,1,6,13,19,8,4,0,0,0,0,2,0,1,0,3,3,16,23,4,0,0,0,4,5,0,0,9,9,2218,35,139,-214,24,1491,126,399,San Francisco,2018-04-04
2019,4,4,229,316,20,6,6,12,26,35,11,18,72,90,153,194,14,0,3,8,17,28,6,11,51,62,57,94,5,6,2,4,5,6,4,6,15,21,6,5,0,0,0,0,0,0,0,0,0,0,13,23,1,0,1,0,4,1,1,1,6,7,2468,31,143,-213,25,1608,139,419,San Francisco,2019-04-04
2020,4,4,133,236,8,8,5,10,45,19,8,15,72,87,69,152,6,3,5,9,24,16,6,14,46,60,49,63,1,3,0,1,19,1,2,1,22,23,4,5,0,0,0,0,0,0,0,0,0,0,11,16,1,2,0,0,2,2,0,0,4,4,1736,18,104,-211,27,1183,102,271,San Francisco,2020-04-04
2021,4,4,123,182,6,21,5,11,38,29,10,16,77,93,42,118,4,0,3,7,18,23,5,10,46,56,68,55,1,20,2,4,19,5,3,6,27,33,1,1,0,0,0,0,0,0,1,0,1,1,12,8,1,1,0,0,1,1,1,0,3,3,1462,10,75,-217,21,915,69,338,San Francisco,2021-04-04
2022,4,4,90,174,14,5,18,12,52,38,23,30,113,143,56,120,10,2,15,6,30,30,18,21,78,99,31,31,3,3,3,3,19,7,4,6,30,36,1,6,0,0,0,0,1,0,0,0,1,1,2,17,1,0,0,3,2,1,1,3,4,7,1630,22,89,-216,22,994,96,355,San Francisco,2022-04-04
2023,4,4,82,180,14,4,3,5,32,25,12,8,69,77,45,120,12,1,2,2,22,23,10,4,55,59,31,50,2,2,1,2,8,2,1,3,11,14,0,0,0,0,0,0,0,0,0,0,0,0,6,10,0,1,0,1,2,0,1,1,3,4,1630,14,110,-215,23,1048,84,330,San Francisco,2023-04-04
2024,4,4,77,184,15,4,3,6,30,24,12,9,66,75,49,114,10,0,1,3,19,19,8,4,46,50,27,56,5,4,2,2,10,3,3,4,16,20,0,3,0,0,0,1,1,0,1,1,2,3,1,11,0,0,0,0,0,2,0,0,2,2,1665,16,112,-213,25,968,102,359,San Francisco,2024-04-04
2012,5,4,,,,,,,,,,,,,,,,,,,,,,,,,,,,,,,,,,,,,,,,,,,,,,,,,,,,,,,,,,,,,,,,,,,,,San Francisco,2012-05-04
2013,5,4,,,,,,,,,,,,,,,,,,,,,,,,,,,,,,,,,,,,,,,,,,,,,,,,,,,,,,,,,,,,,,,,,,,,,San Francisco,2013-05-04
2014,5,4,,,,,,,,,,,,,,,,,,,,,,,,,,,,,,,,,,,,,,,,,,,,,,,,,,,,,,,,,,,,,,,,,,,,,San Francisco,2014-05-04
2015,5,4,244,256,22,6,10,3,32,43,20,13,95,108,162,180,16,1,6,3,26,36,19,9,81,90,68,57,3,5,4,0,5,5,1,4,11,15,5,2,0,0,0,0,0,0,0,0,0,0,9,17,3,0,0,0,1,2,0,0,3,3,2184,15,123,-181,57,1552,135,325,San Francisco,2015-05-04
2016,5,4,309,321,22,9,5,9,23,42,5,14,70,84,178,232,18,2,3,4,19,34,4,7,57,64,85,70,0,7,1,2,4,3,1,3,8,11,5,1,0,0,0,1,0,3,0,1,3,4,41,18,4,0,1,2,0,2,0,3,2,5,2297,24,161,-186,52,1607,137,416,San Francisco,2016-05-04
2017,5,4,236,290,14,6,8,11,40,38,12,19,90,109,157,207,13,1,7,8,26,25,12,15,63,78,58,67,0,3,1,2,7,10,0,3,17,20,4,1,0,1,0,0,1,1,0,0,2,2,17,15,1,1,0,1,6,2,0,1,8,9,2230,13,137,-185,53,1510,124,436,San Francisco,2017-05-04
2018,5,4,292,271,11,10,3,16,47,47,16,19,110,129,207,188,9,2,1,10,33,40,11,11,84,95,61,69,1,5,2,5,9,4,3,7,16,23,3,2,0,0,0,0,0,0,1,0,1,1,21,12,1,3,0,1,5,3,1,1,9,10,2345,18,160,-184,54,1410,146,538,San Francisco,2018-05-04
2019,5,4,181,234,15,5,8,11,46,24,7,19,77,96,89,167,7,2,4,7,28,18,5,11,51,62,77,50,6,1,4,3,15,6,2,7,23,30,3,2,0,0,0,0,1,0,0,0,1,1,12,15,2,2,0,1,2,0,0,1,2,3,2007,11,121,-183,55,1192,120,410,San Francisco,2019-05-04
2020,5,4,166,237,10,4,9,14,49,30,17,23,96,119,105,161,6,2,6,8,31,24,14,14,69,83,49,51,2,2,1,6,12,3,2,7,17,24,0,1,0,0,0,0,1,0,0,0,1,1,12,24,2,0,2,0,5,3,1,2,9,11,2013,10,159,-181,57,1214,105,340,San Francisco,2020-05-04
2021,5,4,126,191,14,3,5,6,43,38,15,11,96,107,69,131,14,0,4,3,28,28,12,7,68,75,46,46,0,2,0,2,10,8,3,2,21,23,1,1,0,0,0,0,0,0,0,0,0,0,10,13,0,1,1,1,5,2,0,2,7,9,1641,10,83,-187,51,1042,113,306,San Francisco,2021-05-04
2022,5,4,119,207,7,5,6,8,36,42,11,14,89,103,79,140,7,2,6,5,24,39,7,11,70,81,32,49,0,3,0,2,11,0,1,2,12,14,1,0,0,0,0,0,0,0,1,0,1,1,7,18,0,0,0,1,1,3,2,1,6,7,1500,8,92,-186,52,867,93,364,San Francisco,2022-05-04
2023,5,4,86,210,17,5,7,9,42,23,17,16,82,98,46,149,13,5,4,7,24,21,14,11,59,70,30,40,4,0,2,2,13,1,2,4,16,20,0,3,0,0,1,0,2,0,0,1,2,3,10,18,0,0,0,0,3,1,1,0,5,5,1646,14,115,-185,53,977,112,373,San Francisco,2023-05-04
2024,5,4,91,141,15,5,10,10,30,18,12,20,60,80,34,90,11,0,5,4,19,13,5,9,37,46,47,35,4,4,5,5,7,3,6,10,16,26,0,3,0,0,0,0,0,0,0,0,0,0,10,13,0,1,0,1,4,2,1,1,7,8,1565,9,117,-183,55,881,83,332,San Francisco,2024-05-04
2012,6,4,,,,,,,,,,,,,,,,,,,,,,,,,,,,,,,,,,,,,,,,,,,,,,,,,,,,,,,,,,,,,,,,,,,,,San Francisco,2012-06-04
2013,6,4,,,,,,,,,,,,,,,,,,,,,,,,,,,,,,,,,,,,,,,,,,,,,,,,,,,,,,,,,,,,,,,,,,,,,San Francisco,2013-06-04
2014,6,4,,,,,,,,,,,,,,,,,,,,,,,,,,,,,,,,,,,,,,,,,,,,,,,,,,,,,,,,,,,,,,,,,,,,,San Francisco,2014-06-04
2015,6,4,246,283,28,7,8,11,18,34,12,19,64,83,167,198,21,2,4,7,12,30,9,11,51,62,50,53,3,2,2,2,5,3,2,4,10,14,3,6,0,0,0,0,0,0,0,0,0,0,26,26,4,3,2,2,1,1,1,4,3,7,2170,24,183,-150,88,1559,107,352,San Francisco,2015-06-04
2016,6,4,261,263,24,15,9,12,36,29,12,21,77,98,163,192,16,6,4,4,23,27,12,8,62,70,64,51,6,7,4,8,10,1,0,12,11,23,3,2,0,0,0,0,0,0,0,0,0,0,31,18,2,2,1,0,3,1,0,1,4,5,1988,12,158,-155,83,1210,116,444,San Francisco,2016-06-04
2017,6,4,259,260,15,18,6,13,37,25,5,19,67,86,181,192,10,5,4,9,22,20,2,13,44,57,56,49,4,11,1,2,10,4,3,3,17,20,3,2,0,0,0,0,1,0,0,0,1,1,19,17,1,2,1,2,4,1,0,3,5,8,2022,22,142,-154,84,1297,114,380,San Francisco,2017-06-04
2018,6,4,167,335,22,4,6,10,42,31,10,16,83,99,110,243,19,3,5,8,32,25,9,13,66,79,47,69,1,0,1,0,10,3,1,1,14,15,1,2,0,0,0,0,0,0,0,0,0,0,9,21,2,1,0,2,0,3,0,2,3,5,2099,12,143,-153,85,1296,136,470,San Francisco,2018-06-04
2019,6,4,224,316,20,2,12,10,31,40,11,22,82,104,160,245,16,2,7,4,19,31,9,11,59,70,43,40,3,0,4,5,6,5,2,9,13,22,2,3,0,0,0,0,0,0,0,0,0,0,19,28,1,0,1,1,6,4,0,2,10,12,2275,11,162,-152,86,1316,149,500,San Francisco,2019-06-04
2020,6,4,131,220,16,13,9,11,58,23,7,20,88,108,92,159,12,1,5,8,36,19,6,13,61,74,29,38,3,9,1,2,20,3,0,3,23,26,0,1,0,0,2,0,1,0,0,2,1,3,10,22,1,3,1,1,1,1,1,2,3,5,1805,20,162,-150,88,1094,118,341,San Francisco,2020-06-04
2021,6,4,154,205,11,21,4,9,37,25,20,13,82,95,71,145,10,5,3,5,25,19,12,8,56,64,63,37,1,9,1,2,9,5,6,3,20,23,3,1,0,0,0,0,0,0,2,0,2,2,17,22,0,7,0,2,3,1,0,2,4,6,1658,15,144,-156,82,974,115,389,San Francisco,2021-06-04
2022,6,4,129,168,20,20,7,13,34,25,10,20,69,89,53,108,11,4,4,7,19,20,10,11,49,60,61,44,6,9,2,1,13,2,0,3,15,18,3,3,0,0,0,2,0,1,0,2,1,3,12,13,3,7,1,3,2,2,0,4,4,8,1402,19,109,-155,83,769,104,402,San Francisco,2022-06-04
2023,6,4,102,152,17,10,2,10,28,29,4,12,61,73,46,86,12,1,0,7,12,28,2,7,42,49,45,51,3,7,1,3,12,1,1,4,14,18,0,3,1,0,0,0,0,0,0,0,0,0,11,12,1,2,1,0,4,0,1,1,5,6,1473,11,110,-154,84,858,89,400,San Francisco,2023-06-04
2024,6,4,86,197,13,3,7,8,25,30,19,15,74,89,42,141,12,0,4,7,20,21,13,11,54,65,37,40,0,1,2,1,5,6,4,3,15,18,0,1,0,0,0,0,0,0,1,0,1,1,7,15,1,2,1,0,0,3,1,1,4,5,1798,8,133,-152,86,1006,100,392,San Francisco,2024-06-04
2012,7,4,,,,,,,,,,,,,,,,,,,,,,,,,,,,,,,,,,,,,,,,,,,,,,,,,,,,,,,,,,,,,,,,,,,,,San Francisco,2012-07-04
2013,7,4,,,,,,,,,,,,,,,,,,,,,,,,,,,,,,,,,,,,,,,,,,,,,,,,,,,,,,,,,,,,,,,,,,,,,San Francisco,2013-07-04
2014,7,4,,,,,,,,,,,,,,,,,,,,,,,,,,,,,,,,,,,,,,,,,,,,,,,,,,,,,,,,,,,,,,,,,,,,,San Francisco,2014-07-04
2015,7,4,282,360,16,23,6,12,33,34,11,18,78,96,156,244,11,4,2,6,17,22,9,8,48,56,69,73,4,12,4,3,9,10,0,7,19,26,5,2,0,0,0,1,3,0,0,1,3,4,52,41,1,7,0,2,4,2,2,2,8,10,2239,21,278,-120,118,1574,139,333,San Francisco,2015-07-04
2016,7,4,263,320,13,100,8,9,26,25,8,17,59,76,149,226,8,42,4,6,19,20,7,10,46,56,66,56,3,10,3,2,5,3,1,5,9,14,4,3,0,0,0,0,1,0,0,0,1,1,44,35,2,48,1,1,1,2,0,2,3,5,2123,14,302,-125,113,1428,136,360,San Francisco,2016-07-04
2017,7,4,402,266,10,23,6,17,37,20,9,23,66,89,227,160,6,6,4,8,19,16,6,12,41,53,84,70,2,8,2,7,10,3,3,9,16,25,0,4,0,0,0,0,0,0,0,0,0,0,91,32,2,9,0,2,8,1,0,2,9,11,2159,15,285,-124,114,1404,113,447,San Francisco,2017-07-04
2018,7,4,414,289,13,13,5,15,42,27,7,20,76,96,146,198,9,3,2,6,32,23,5,8,60,68,126,57,1,6,3,8,9,4,2,11,15,26,4,3,0,0,0,0,0,0,0,0,0,0,138,31,3,4,0,1,1,0,0,1,1,2,2104,16,288,-123,115,1227,114,544,San Francisco,2018-07-04
2019,7,4,222,262,7,13,12,15,38,15,8,27,61,88,147,172,3,1,6,9,26,13,8,15,47,62,57,55,2,9,5,4,10,1,0,9,11,20,1,2,0,0,0,0,0,0,0,0,0,0,17,33,2,3,1,2,2,1,0,3,3,6,2150,11,259,-122,116,1438,115,369,San Francisco,2019-07-04
2020,7,4,147,321,13,20,5,8,40,24,15,13,79,92,79,152,8,7,1,6,26,21,12,7,59,66,43,79,4,9,3,1,9,3,3,4,15,19,0,1,0,0,0,0,2,0,0,0,2,2,25,89,1,4,1,1,3,0,0,2,3,5,1783,8,276,-120,118,1092,99,417,San Francisco,2020-07-04
2021,7,4,249,158,6,45,2,6,35,30,19,8,84,92,147,119,2,7,2,3,27,23,14,5,64,69,66,28,3,29,0,2,8,3,3,2,14,16,3,0,0,0,0,1,0,0,1,1,1,2,33,11,1,9,0,0,0,4,1,0,5,5,1665,19,197,-126,112,910,104,465,San Francisco,2021-07-04
2022,7,4,158,165,15,20,5,12,23,21,16,17,60,77,76,126,7,7,4,8,14,18,11,12,43,55,59,25,5,8,1,3,8,3,4,4,15,19,1,0,1,0,0,0,1,0,0,0,1,1,22,14,2,5,0,1,0,0,1,1,1,2,1405,6,190,-125,113,782,96,355,San Francisco,2022-07-04
2023,7,4,118,171,11,24,4,15,33,20,14,19,67,86,52,104,8,8,1,9,24,19,8,10,51,61,47,40,3,10,3,5,6,1,5,8,12,20,2,3,0,0,0,1,0,0,0,1,0,1,17,24,0,6,0,0,3,0,1,0,4,4,1498,11,195,-124,114,865,86,363,San Francisco,2023-07-04
2024,7,4,237,181,16,13,5,15,24,20,19,20,63,83,116,130,9,6,3,10,11,16,12,13,39,52,65,40,4,3,2,1,10,2,4,3,16,19,1,2,0,0,0,0,0,0,1,0,1,1,55,9,3,4,0,4,3,2,2,4,7,11,1627,9,215,-122,116,960,102,399,San Francisco,2024-07-04
2012,8,4,,,,,,,,,,,,,,,,,,,,,,,,,,,,,,,,,,,,,,,,,,,,,,,,,,,,,,,,,,,,,,,,,,,,,San Francisco,2012-08-04
2013,8,4,,,,,,,,,,,,,,,,,,,,,,,,,,,,,,,,,,,,,,,,,,,,,,,,,,,,,,,,,,,,,,,,,,,,,San Francisco,2013-08-04
2014,8,4,,,,,,,,,,,,,,,,,,,,,,,,,,,,,,,,,,,,,,,,,,,,,,,,,,,,,,,,,,,,,,,,,,,,,San Francisco,2014-08-04
2015,8,4,282,292,15,5,9,11,32,31,10,20,73,93,165,200,12,0,1,10,21,24,7,11,52,63,90,63,2,4,8,1,8,5,1,9,14,23,2,2,0,0,0,0,0,0,1,0,1,1,25,27,1,1,0,0,3,2,1,0,6,6,2052,14,166,-89,149,1430,129,355,San Francisco,2015-08-04
2016,8,4,248,290,17,9,5,7,34,26,2,12,62,74,181,205,13,2,3,2,26,22,1,5,49,54,46,63,3,6,2,5,4,3,0,7,7,14,3,4,0,0,0,0,2,0,0,0,2,2,18,18,1,1,0,0,2,1,1,0,4,4,2129,19,136,-94,144,1445,104,372,San Francisco,2016-08-04
2017,8,4,284,326,26,9,10,12,30,33,12,22,75,97,178,242,20,6,6,10,25,28,9,16,62,78,75,65,5,2,4,0,3,1,3,4,7,11,10,1,0,0,0,0,0,1,0,0,1,1,21,18,1,1,0,2,2,3,0,2,5,7,2421,21,167,-93,145,1361,146,480,San Francisco,2017-08-04
2018,8,4,170,298,19,3,10,10,38,39,8,20,85,105,92,212,12,1,6,7,21,33,5,13,59,72,62,65,6,1,3,3,17,4,3,6,24,30,2,1,0,0,1,0,0,0,0,1,0,1,14,20,1,1,0,0,0,2,0,0,2,2,1936,11,125,-92,146,1186,149,368,San Francisco,2018-08-04
2019,8,4,195,307,13,6,11,12,37,35,8,23,80,103,118,233,6,0,5,6,24,27,8,11,59,70,65,57,2,5,5,4,9,4,0,9,13,22,0,1,0,0,0,0,2,0,0,0,2,2,12,16,5,1,1,2,2,4,0,3,6,9,2185,12,144,-91,147,1332,126,442,San Francisco,2019-08-04
2020,8,4,109,209,9,3,2,7,37,29,15,9,81,90,65,160,7,1,1,5,24,25,14,6,63,69,34,32,2,1,1,1,11,3,0,2,14,16,0,2,0,0,0,1,1,0,1,1,2,3,10,15,0,1,0,0,1,1,0,0,2,2,1617,14,96,-89,149,1036,107,329,San Francisco,2020-08-04
2021,8,4,106,242,13,5,6,5,42,30,15,11,87,98,65,180,7,2,5,3,25,27,9,8,61,69,34,42,4,3,1,1,14,1,5,2,20,22,0,6,0,0,0,0,1,0,1,0,2,2,7,14,2,0,0,1,2,2,0,1,4,5,1752,14,113,-95,143,1044,100,407,San Francisco,2021-08-04
2022,8,4,126,199,11,4,10,12,47,37,11,22,95,117,62,150,8,0,9,5,32,34,6,14,72,86,50,34,1,3,0,6,12,1,5,6,18,24,1,0,0,0,0,0,0,1,0,0,1,1,13,15,2,1,1,1,3,1,0,2,4,6,1456,11,105,-94,144,812,99,393,San Francisco,2022-08-04
2023,8,4,114,211,16,16,10,8,34,25,12,18,71,89,68,157,9,2,6,4,24,21,11,10,56,66,36,37,6,13,4,4,9,2,0,8,11,19,5,2,0,0,0,0,0,0,0,0,0,0,5,15,1,1,0,0,1,2,1,0,4,4,1678,22,114,-93,145,963,96,424,San Francisco,2023-08-04
2024,8,4,117,153,4,5,7,8,41,17,8,15,66,81,61,106,3,0,4,4,18,16,5,8,39,47,44,37,1,5,2,4,16,1,3,6,20,26,0,1,0,0,0,0,3,0,0,0,3,3,12,9,0,0,1,0,4,0,0,1,4,5,1509,9,100,-91,147,784,80,352,San Francisco,2024-08-04
2012,9,4,,,,,,,,,,,,,,,,,,,,,,,,,,,,,,,,,,,,,,,,,,,,,,,,,,,,,,,,,,,,,,,,,,,,,San Francisco,2012-09-04
2013,9,4,,,,,,,,,,,,,,,,,,,,,,,,,,,,,,,,,,,,,,,,,,,,,,,,,,,,,,,,,,,,,,,,,,,,,San Francisco,2013-09-04
2014,9,4,,,,,,,,,,,,,,,,,,,,,,,,,,,,,,,,,,,,,,,,,,,,,,,,,,,,,,,,,,,,,,,,,,,,,San Francisco,2014-09-04
2015,9,4,276,385,28,9,9,7,25,30,14,16,69,85,153,252,23,3,6,5,19,24,11,11,54,65,98,94,3,6,3,2,6,5,3,5,14,19,6,4,0,0,0,0,0,0,0,0,0,0,19,35,2,0,0,0,0,1,0,0,1,1,2507,20,174,-58,180,1739,135,422,San Francisco,2015-09-04
2016,9,4,232,275,22,15,10,17,31,30,8,27,69,96,129,178,16,0,4,9,19,27,6,13,52,65,88,86,5,13,3,5,7,2,0,8,9,17,4,1,0,0,1,0,1,1,0,1,2,3,11,10,1,2,2,3,4,0,2,5,6,11,2052,17,138,-63,175,1340,87,398,San Francisco,2016-09-04
2017,9,4,317,361,16,5,7,16,39,29,7,23,75,98,194,223,11,0,5,6,27,23,6,11,56,67,90,105,3,4,1,9,10,5,1,10,16,26,7,6,0,0,0,0,0,0,0,0,0,0,26,27,2,1,1,1,2,1,0,2,3,5,2305,19,162,-62,176,1529,112,395,San Francisco,2017-09-04
2018,9,4,159,341,26,1,3,15,44,43,9,18,96,114,86,217,20,0,1,10,29,33,4,11,66,77,61,98,4,1,1,4,10,6,4,5,20,25,7,5,0,0,0,0,0,0,1,0,1,1,5,21,2,0,1,1,5,4,0,2,9,11,2105,26,129,-61,177,1331,128,429,San Francisco,2018-09-04
2019,9,4,257,314,27,4,6,21,30,34,11,27,75,102,179,208,21,2,4,15,15,29,10,19,54,73,54,81,5,2,2,3,10,3,1,5,14,19,8,2,0,0,0,0,1,0,0,0,1,1,16,23,1,0,0,3,4,2,0,3,6,9,2503,31,157,-60,178,1666,125,460,San Francisco,2019-09-04
2020,9,4,156,217,19,7,4,10,44,23,14,14,81,95,66,154,12,4,3,9,27,19,9,12,55,67,71,47,2,3,1,1,12,3,3,2,18,20,6,2,0,0,0,0,1,0,0,0,1,1,13,14,5,0,0,0,4,1,2,0,7,7,1758,18,124,-58,180,1056,128,443,San Francisco,2020-09-04
2021,9,4,128,160,17,12,7,12,36,25,8,19,69,88,50,112,11,2,4,8,19,20,5,12,44,56,64,37,5,8,3,2,13,3,3,5,19,24,3,1,0,0,0,0,0,0,0,0,0,0,11,10,1,2,0,2,4,2,0,2,6,8,1711,9,110,-64,174,1050,88,396,San Francisco,2021-09-04
2022,9,4,126,155,25,16,7,11,38,45,14,18,97,115,63,100,10,0,3,4,25,33,11,7,69,76,55,44,14,16,4,6,12,11,3,10,26,36,1,3,0,0,0,0,1,0,0,0,1,1,7,8,1,0,0,1,0,1,0,1,1,2,1406,14,83,-63,175,751,91,380,San Francisco,2022-09-04
2023,9,4,120,174,8,9,11,16,29,22,14,27,65,92,61,111,5,1,10,12,15,17,9,22,41,63,48,48,2,6,1,4,11,4,3,5,18,23,0,3,0,0,0,0,1,0,0,0,1,1,11,12,1,2,0,0,2,1,2,0,5,5,1658,11,120,-62,176,941,82,379,San Francisco,2023-09-04
2024,9,4,118,216,10,5,3,8,35,39,15,11,89,100,69,149,7,0,3,4,27,31,11,7,69,76,38,54,2,4,0,4,7,6,4,4,17,21,3,3,0,0,0,0,1,0,0,0,1,1,8,10,1,1,0,0,0,2,0,0,2,2,1584,22,105,-60,178,880,84,437,San Francisco,2024-09-04
2012,10,4,,,,,,,,,,,,,,,,,,,,,,,,,,,,,,,,,,,,,,,,,,,,,,,,,,,,,,,,,,,,,,,,,,,,,San Francisco,2012-10-04
2013,10,4,,,,,,,,,,,,,,,,,,,,,,,,,,,,,,,,,,,,,,,,,,,,,,,,,,,,,,,,,,,,,,,,,,,,,San Francisco,2013-10-04
2014,10,4,,,,,,,,,,,,,,,,,,,,,,,,,,,,,,,,,,,,,,,,,,,,,,,,,,,,,,,,,,,,,,,,,,,,,San Francisco,2014-10-04
2015,10,4,226,344,17,8,10,19,39,32,22,29,93,122,91,190,11,0,4,10,19,19,13,14,51,65,121,119,4,8,5,9,15,9,6,14,30,44,2,4,1,0,0,0,3,0,0,0,3,3,12,31,1,0,1,0,2,4,3,1,9,10,2127,18,150,-28,210,1390,132,431,San Francisco,2015-10-04
2016,10,4,301,345,24,7,18,12,34,38,15,30,87,117,156,187,16,2,8,6,20,29,5,14,54,68,119,128,2,5,10,5,12,7,6,15,25,40,8,5,0,0,0,0,1,0,1,0,2,2,18,25,6,0,0,1,1,2,3,1,6,7,2365,39,176,-33,205,1563,141,458,San Francisco,2016-10-04
2017,10,4,288,294,29,3,7,17,38,46,7,24,91,115,173,189,22,2,4,9,23,33,5,13,61,74,87,87,4,1,3,5,12,9,0,8,21,29,9,6,1,0,0,0,1,0,0,0,1,1,19,12,2,0,0,3,2,4,2,3,8,11,2218,43,140,-32,206,1433,118,462,San Francisco,2017-10-04
2018,10,4,193,330,22,4,9,17,21,41,8,26,70,96,96,200,17,0,5,10,15,24,5,15,44,59,85,100,5,4,4,7,4,12,2,11,18,29,3,6,0,0,0,0,1,0,0,0,1,1,9,24,0,0,0,0,1,5,1,0,7,7,2474,49,162,-31,207,1560,127,464,San Francisco,2018-10-04
2019,10,4,225,306,12,3,14,19,50,43,14,33,107,140,131,194,8,0,12,9,34,32,9,21,75,96,74,73,4,2,2,8,15,7,4,10,26,36,3,8,0,0,0,0,0,0,0,0,0,0,17,31,0,1,0,2,1,4,1,2,6,8,2241,31,161,-30,208,1310,116,575,San Francisco,2019-10-04
2020,10,4,120,209,8,11,9,5,42,27,10,14,79,93,42,120,6,0,5,1,24,22,6,6,52,58,66,74,1,11,4,3,15,2,3,7,20,27,3,1,0,0,0,0,1,0,0,0,1,1,9,14,1,0,0,1,2,3,1,1,6,7,1686,27,80,-28,210,1053,95,372,San Francisco,2020-10-04
2021,10,4,129,203,13,13,10,13,39,33,15,23,87,110,70,126,10,0,6,6,28,23,11,12,62,74,45,61,3,13,4,6,10,6,2,10,18,28,5,3,0,0,0,0,0,0,0,0,0,0,9,13,0,0,0,1,1,4,2,1,7,8,1654,20,98,-34,204,979,121,386,San Francisco,2021-10-04
2022,10,4,114,189,13,4,7,7,24,29,13,14,66,80,57,119,11,2,6,4,19,18,9,10,46,56,45,58,2,2,1,2,4,6,2,3,12,15,5,2,0,0,0,1,0,0,0,1,0,1,7,10,0,0,0,0,1,5,2,0,8,8,1617,27,96,-33,205,921,104,375,San Francisco,2022-10-04
2023,10,4,102,216,25,7,12,6,36,32,15,18,83,101,48,132,20,3,7,2,24,27,12,9,63,72,49,64,4,4,4,4,11,4,2,8,17,25,4,0,0,0,0,0,1,0,1,0,2,2,1,20,1,0,1,0,0,1,0,1,1,2,1626,19,115,-32,206,874,118,440,San Francisco,2023-10-04
2024,10,4,122,227,10,7,7,8,46,32,9,15,87,102,61,121,7,2,4,6,18,27,7,10,52,62,56,83,1,5,1,2,24,4,2,3,30,33,1,4,1,0,0,0,2,0,0,0,2,2,4,19,1,0,2,0,2,1,0,2,3,5,1957,29,149,-30,208,1143,110,466,San Francisco,2024-10-04
2012,11,4,,,,,,,,,,,,,,,,,,,,,,,,,,,,,,,,,,,,,,,,,,,,,,,,,,,,,,,,,,,,,,,,,,,,,San Francisco,2012-11-04
2013,11,4,,,,,,,,,,,,,,,,,,,,,,,,,,,,,,,,,,,,,,,,,,,,,,,,,,,,,,,,,,,,,,,,,,,,,San Francisco,2013-11-04
2014,11,4,,,,,,,,,,,,,,,,,,,,,,,,,,,,,,,,,,,,,,,,,,,,,,,,,,,,,,,,,,,,,,,,,,,,,San Francisco,2014-11-04
2015,11,4,231,311,26,3,13,6,22,41,13,19,76,95,114,160,16,0,5,2,10,25,6,7,41,48,95,129,6,3,8,3,8,12,6,11,26,37,9,1,0,0,0,0,1,0,0,0,1,1,13,21,4,0,0,1,3,4,1,1,8,9,2303,30,204,3,241,1600,144,411,San Francisco,2015-11-04
2016,11,4,284,297,21,10,8,8,35,32,9,16,76,92,135,147,15,0,6,2,19,22,7,8,48,56,122,111,2,10,2,5,14,9,1,7,24,31,9,6,1,0,0,0,1,0,1,0,2,2,18,33,3,0,0,1,1,1,0,1,2,3,2216,50,179,-2,236,1356,124,532,San Francisco,2016-11-04
2017,11,4,246,295,14,6,11,10,39,39,7,21,85,106,117,165,10,3,6,4,20,25,5,10,50,60,115,107,2,2,5,5,14,7,2,10,23,33,5,5,0,0,0,0,2,0,0,0,2,2,9,18,2,1,0,1,3,7,0,1,10,11,2264,37,193,-1,237,1405,125,456,San Francisco,2017-11-04
2018,11,4,165,282,15,12,9,15,38,32,9,24,79,103,64,163,7,2,6,8,18,22,4,14,44,58,92,99,6,10,3,6,17,5,5,9,27,36,3,1,0,0,0,0,0,0,0,0,0,0,6,19,2,0,0,1,3,5,0,1,8,9,2137,15,239,0,238,1275,119,465,San Francisco,2018-11-04
2019,11,4,159,256,18,5,8,9,34,41,8,17,83,100,108,155,14,1,4,6,20,26,4,10,50,60,38,81,2,4,4,3,11,11,3,7,25,32,1,4,0,0,0,0,0,0,0,0,0,0,12,16,2,0,0,0,3,4,1,0,8,8,2102,14,216,1,239,1315,119,410,San Francisco,2019-11-04
2020,11,4,102,207,14,15,9,8,37,39,15,17,91,108,49,131,9,6,6,7,17,28,9,13,54,67,43,54,2,9,3,1,19,7,4,4,30,34,2,3,1,0,0,0,0,0,1,0,1,1,8,19,2,0,0,0,1,4,1,0,6,6,1846,24,145,3,241,1215,106,346,San Francisco,2020-11-04
2021,11,4,127,199,12,6,8,9,44,30,10,17,84,101,55,113,6,3,4,6,19,18,5,10,42,52,63,69,5,3,3,2,18,10,3,5,31,36,2,9,0,0,0,0,4,0,0,0,4,4,7,8,1,0,1,1,3,2,2,2,7,9,1495,37,110,-3,235,790,129,450,San Francisco,2021-11-04
2022,11,4,102,185,22,8,10,11,26,23,10,21,59,80,40,98,12,1,5,5,18,12,6,10,36,46,58,72,9,7,3,4,5,8,4,7,17,24,0,1,0,0,0,1,1,0,0,1,1,2,4,14,1,0,2,1,2,3,0,3,5,8,1632,17,139,-2,236,902,106,389,San Francisco,2022-11-04
2023,11,4,149,162,17,11,8,10,31,29,11,18,71,89,58,95,9,2,6,5,12,16,7,11,35,46,88,54,8,9,2,5,17,3,1,7,21,28,1,1,0,0,0,0,0,1,1,0,2,2,2,12,0,0,0,0,2,9,2,0,13,13,1536,20,119,-1,237,842,77,458,San Francisco,2023-11-04
2024,11,4,107,201,10,5,7,7,28,22,13,14,63,77,50,114,7,0,4,5,15,17,9,9,41,50,48,65,2,2,3,2,10,5,2,5,17,22,3,2,0,1,0,0,1,0,1,0,2,2,6,20,1,2,0,0,2,0,1,0,3,3,1589,20,145,1,239,907,94,380,San Francisco,2024-11-04
2012,12,4,,,,,,,,,,,,,,,,,,,,,,,,,,,,,,,,,,,,,,,,,,,,,,,,,,,,,,,,,,,,,,,,,,,,,San Francisco,2012-12-04
2013,12,4,,,,,,,,,,,,,,,,,,,,,,,,,,,,,,,,,,,,,,,,,,,,,,,,,,,,,,,,,,,,,,,,,,,,,San Francisco,2013-12-04
2014,12,4,,,,,,,,,,,,,,,,,,,,,,,,,,,,,,,,,,,,,,,,,,,,,,,,,,,,,,,,,,,,,,,,,,,,,San Francisco,2014-12-04
2015,12,4,249,313,27,4,8,9,33,35,17,17,85,102,129,158,12,0,5,4,19,25,9,9,53,62,105,128,12,4,3,4,8,10,6,7,24,31,6,4,0,0,0,0,3,0,1,0,4,4,9,23,3,0,0,1,3,0,1,1,4,5,2214,32,181,33,271,1441,134,457,San Francisco,2015-12-04
2016,12,4,261,260,18,5,12,10,37,30,14,22,81,103,109,141,11,1,2,5,16,12,11,7,39,46,131,95,5,3,10,4,16,14,3,14,33,47,4,4,0,0,0,0,2,0,0,0,2,2,17,20,2,1,0,1,3,4,0,1,7,8,2209,22,237,28,266,1398,99,438,San Francisco,2016-12-04
2017,12,4,243,283,27,8,6,10,43,23,4,16,70,86,131,149,15,1,3,3,19,16,4,6,39,45,92,114,10,4,3,6,20,5,0,9,25,34,7,9,0,0,0,0,1,0,0,0,1,1,13,11,2,3,0,1,3,2,0,1,5,6,2139,44,212,29,267,1421,132,363,San Francisco,2017-12-04
2018,12,4,181,311,21,3,9,8,34,33,9,17,76,93,111,169,8,0,3,4,14,17,3,7,34,41,60,112,10,3,4,4,18,14,2,8,34,42,4,4,0,0,0,0,0,0,0,0,0,0,6,26,3,0,2,0,2,2,4,2,8,10,2178,36,191,30,268,1372,121,409,San Francisco,2018-12-04
2019,12,4,150,311,19,2,8,11,45,47,13,19,105,124,74,134,11,0,3,6,22,27,3,9,52,61,68,140,4,2,5,5,17,13,8,10,38,48,3,5,1,0,0,0,1,0,1,0,2,2,5,32,3,0,0,0,5,7,1,0,13,13,2266,30,217,31,269,1349,124,492,San Francisco,2019-12-04
2020,12,4,140,181,14,15,5,15,41,38,13,20,92,112,48,85,6,4,2,7,28,24,4,9,56,65,78,75,6,11,3,3,10,13,8,6,31,37,3,4,0,0,0,0,1,0,0,0,1,1,11,17,2,0,0,5,2,1,1,5,4,9,1530,16,133,33,271,918,112,371,San Francisco,2020-12-04
2021,12,4,159,167,15,22,6,7,24,28,7,13,59,72,42,87,7,2,4,2,11,18,3,6,32,38,108,68,8,17,1,3,10,6,3,4,19,23,1,1,0,0,0,0,2,0,0,0,2,2,8,11,0,3,1,2,1,4,1,3,6,9,1636,18,125,27,265,930,89,433,San Francisco,2021-12-04
2022,12,4,98,145,16,9,7,8,20,23,8,15,51,66,36,75,5,1,4,4,10,14,3,8,27,35,55,54,9,8,3,3,9,6,3,6,18,24,1,2,0,0,0,0,0,0,0,0,0,0,6,14,2,0,0,1,1,3,2,1,6,7,1272,19,103,28,266,685,83,352,San Francisco,2022-12-04
2023,12,4,100,163,14,8,10,11,33,40,14,21,87,108,45,94,7,2,7,5,18,26,10,12,54,66,40,53,5,6,1,6,14,9,3,7,26,33,5,4,0,0,0,0,0,1,0,0,1,1,10,12,2,0,2,0,1,4,1,2,6,8,1618,20,169,29,267,875,95,401,San Francisco,2023-12-04
2024,12,4,94,207,14,5,3,12,20,30,13,15,63,78,51,100,7,0,3,8,9,16,9,11,34,45,39,84,2,4,0,4,9,10,3,4,22,26,2,5,1,0,0,0,1,0,1,0,2,2,2,18,4,1,0,0,1,4,0,0,5,5,1584,40,128,31,269,910,110,374,San Francisco,2024-12-04
2012,1,5,,,,,,,,,,,,,,,,,,,,,,,,,,,,,,,,,,,,,,,,,,,,,,,,,,,,,,,,,,,,,,,,,,,,,San Francisco,2012-01-05
2013,1,5,,,,,,,,,,,,,,,,,,,,,,,,,,,,,,,,,,,,,,,,,,,,,,,,,,,,,,,,,,,,,,,,,,,,,San Francisco,2013-01-05
2014,1,5,,,,,,,,,,,,,,,,,,,,,,,,,,,,,,,,,,,,,,,,,,,,,,,,,,,,,,,,,,,,,,,,,,,,,San Francisco,2014-01-05
2015,1,5,212,341,22,7,7,9,41,34,14,16,89,105,92,175,12,6,2,7,26,23,4,9,53,62,90,131,6,1,3,2,12,10,9,5,31,36,9,5,1,0,1,0,2,0,1,1,3,4,21,30,3,0,1,0,1,1,0,1,2,3,2104,41,217,-300,-62,1562,110,277,San Francisco,2015-01-05
2016,1,5,193,284,18,1,11,8,25,28,14,19,67,86,96,139,12,0,3,3,14,19,6,6,39,45,83,107,5,1,5,5,8,8,7,10,23,33,10,3,0,0,0,0,1,0,1,0,2,2,4,35,1,0,3,0,2,1,0,3,3,6,2067,49,212,-306,-68,1493,140,295,San Francisco,2016-01-05
2017,1,5,251,268,19,3,4,11,35,31,10,15,76,91,140,146,13,1,1,5,18,16,7,6,41,47,89,92,4,2,3,5,13,13,3,8,29,37,9,3,1,0,0,0,0,1,0,0,1,1,13,27,1,0,0,1,4,1,0,1,5,6,2256,49,224,-304,-66,1595,132,323,San Francisco,2017-01-05
2018,1,5,237,279,30,10,5,10,31,27,9,15,67,82,127,158,18,3,3,4,17,20,6,7,43,50,90,96,8,6,1,6,9,5,0,7,14,21,8,6,0,0,0,0,0,0,2,0,2,2,12,19,4,1,1,0,5,2,1,1,8,9,2080,42,189,-303,-65,1319,137,383,San Francisco,2018-01-05
2019,1,5,99,238,14,9,3,16,28,29,8,19,65,84,39,119,9,0,1,9,11,13,2,10,26,36,53,94,5,8,2,4,15,12,5,6,32,38,4,4,0,0,0,0,0,0,0,0,0,0,3,21,0,1,0,3,2,4,1,3,7,10,1780,28,170,-302,-64,1053,104,364,San Francisco,2019-01-05
2020,1,5,132,212,16,9,11,14,33,37,11,25,81,106,57,106,8,1,2,9,18,21,7,11,46,57,67,87,5,7,8,5,13,13,4,13,30,43,1,2,0,0,0,0,1,0,0,0,1,1,7,17,3,1,1,0,1,3,0,1,4,5,1770,26,145,-301,-63,1081,120,375,San Francisco,2020-01-05
2021,1,5,103,212,12,8,10,10,48,36,17,20,101,121,39,116,7,2,3,6,23,24,6,9,53,62,58,77,3,6,3,3,18,6,9,6,33,39,1,2,0,0,0,0,2,3,1,0,6,6,5,17,2,0,4,1,5,3,1,5,9,14,1637,29,153,-306,-68,1088,83,335,San Francisco,2021-01-05
2022,1,5,96,174,10,6,2,9,49,32,15,11,96,107,33,92,4,1,0,5,32,20,11,5,63,68,56,69,4,4,2,2,14,7,3,4,24,28,2,0,0,0,0,1,2,1,0,1,3,4,5,13,2,1,0,1,1,4,1,1,6,7,1499,20,143,-305,-67,907,104,326,San Francisco,2022-01-05
2023,1,5,64,166,14,3,4,6,39,21,7,10,67,77,21,85,6,1,2,1,23,10,4,3,37,40,38,62,6,1,1,4,15,7,2,5,24,29,2,4,0,0,0,0,0,0,0,0,0,0,3,15,2,1,1,1,1,4,1,2,6,8,1316,25,128,-304,-66,806,68,270,San Francisco,2023-01-05
2024,1,5,87,178,19,5,4,10,32,23,12,14,67,81,32,89,11,1,0,3,18,14,7,3,39,42,40,68,8,4,4,5,9,8,4,9,21,30,0,2,0,0,0,0,1,1,0,0,2,2,15,19,0,0,0,2,4,0,1,2,5,7,1551,26,138,-303,-65,893,92,391,San Francisco,2024-01-05
2012,2,5,,,,,,,,,,,,,,,,,,,,,,,,,,,,,,,,,,,,,,,,,,,,,,,,,,,,,,,,,,,,,,,,,,,,,San Francisco,2012-02-05
2013,2,5,,,,,,,,,,,,,,,,,,,,,,,,,,,,,,,,,,,,,,,,,,,,,,,,,,,,,,,,,,,,,,,,,,,,,San Francisco,2013-02-05
2014,2,5,,,,,,,,,,,,,,,,,,,,,,,,,,,,,,,,,,,,,,,,,,,,,,,,,,,,,,,,,,,,,,,,,,,,,San Francisco,2014-02-05
2015,2,5,228,314,18,5,4,19,39,37,17,23,93,116,127,162,8,1,1,4,25,26,9,5,60,65,83,123,5,4,3,10,12,9,8,13,29,42,11,2,0,0,0,1,1,0,0,1,1,2,7,27,5,0,0,4,1,2,0,4,3,7,2088,41,180,-269,-31,1487,122,337,San Francisco,2015-02-05
2016,2,5,267,355,25,13,4,14,30,40,16,18,86,104,121,183,17,0,2,6,23,23,11,8,57,65,119,149,6,12,2,6,4,14,3,8,21,29,12,3,1,0,0,1,0,1,0,1,1,2,15,20,1,1,0,1,3,2,2,1,7,8,2122,47,147,-275,-37,1351,147,453,San Francisco,2016-02-05
2017,2,5,226,245,15,5,11,11,27,35,10,22,72,94,100,123,6,1,4,5,10,21,7,9,38,47,115,105,7,4,7,6,13,9,1,13,23,36,4,4,0,0,0,0,2,1,0,0,3,3,7,13,2,0,0,0,2,4,2,0,8,8,1897,27,116,-273,-35,1214,115,384,San Francisco,2017-02-05
2018,2,5,248,315,18,5,12,17,45,23,5,29,73,102,148,155,12,2,4,13,20,11,4,17,35,52,74,128,4,3,5,3,19,7,1,8,27,35,5,7,0,0,0,0,0,0,0,0,0,0,21,25,2,0,3,1,6,5,0,4,11,15,2193,42,212,-272,-34,1382,126,463,San Francisco,2018-02-05
2019,2,5,152,297,25,8,6,13,48,20,5,19,73,92,89,158,16,2,3,5,22,15,4,8,41,49,52,116,5,6,2,7,20,3,1,9,24,33,3,8,2,0,0,0,1,0,0,0,1,1,8,15,2,0,1,1,5,2,0,2,7,9,2254,42,202,-271,-33,1422,142,403,San Francisco,2019-02-05
2020,2,5,177,295,20,10,11,10,38,42,8,21,88,109,103,172,15,1,3,5,23,33,7,8,63,71,53,92,3,9,7,4,12,7,1,11,20,31,7,2,1,0,0,0,1,0,0,0,1,1,14,29,1,0,1,1,2,2,0,2,4,6,2237,45,224,-270,-32,1384,131,434,San Francisco,2020-02-05
2021,2,5,141,262,15,14,4,7,67,55,11,11,133,144,52,142,9,0,3,4,41,33,6,7,80,87,76,98,5,14,1,2,20,15,3,3,38,41,4,5,0,0,0,0,1,0,0,0,1,1,9,17,1,0,0,1,5,7,2,1,14,15,1743,34,140,-275,-37,1074,105,406,San Francisco,2021-02-05
2022,2,5,144,171,18,15,6,11,21,25,8,17,54,71,44,97,12,2,5,4,13,16,5,9,34,43,93,67,5,12,1,4,8,8,3,5,19,24,0,0,0,0,0,0,0,0,0,0,0,0,7,7,1,1,0,3,0,1,0,3,1,4,1471,11,130,-274,-36,835,101,385,San Francisco,2022-02-05
2023,2,5,83,148,11,6,12,10,37,32,15,22,84,106,32,76,5,1,6,4,20,25,8,10,53,63,45,56,5,5,5,6,15,3,6,11,24,35,0,3,0,0,0,0,0,0,0,0,0,0,6,13,1,0,1,0,2,4,1,1,7,8,1435,22,99,-273,-35,801,97,373,San Francisco,2023-02-05
2024,2,5,82,148,10,4,5,5,34,35,12,10,81,91,42,82,9,0,2,2,18,25,8,4,51,55,33,54,1,3,3,3,12,7,4,6,23,29,1,3,0,1,0,0,0,0,0,0,0,0,6,9,0,0,0,0,4,3,0,0,7,7,1686,29,132,-272,-34,1043,82,295,San Francisco,2024-02-05
2012,3,5,,,,,,,,,,,,,,,,,,,,,,,,,,,,,,,,,,,,,,,,,,,,,,,,,,,,,,,,,,,,,,,,,,,,,San Francisco,2012-03-05
2013,3,5,,,,,,,,,,,,,,,,,,,,,,,,,,,,,,,,,,,,,,,,,,,,,,,,,,,,,,,,,,,,,,,,,,,,,San Francisco,2013-03-05
2014,3,5,,,,,,,,,,,,,,,,,,,,,,,,,,,,,,,,,,,,,,,,,,,,,,,,,,,,,,,,,,,,,,,,,,,,,San Francisco,2014-03-05
2015,3,5,221,350,27,9,15,8,38,30,14,23,82,105,127,202,17,5,11,4,23,21,10,15,54,69,80,117,9,4,3,4,13,7,4,7,24,31,8,3,0,0,0,0,1,0,0,0,1,1,6,28,1,0,1,0,1,2,0,1,3,4,2290,26,164,-241,-3,1629,133,364,San Francisco,2015-03-05
2016,3,5,215,233,22,12,7,9,26,25,16,16,67,83,103,151,9,0,2,6,18,14,11,8,43,51,100,60,12,12,5,3,7,10,4,8,21,29,6,4,0,0,0,0,0,0,1,0,1,1,6,18,1,0,0,0,1,1,0,0,2,2,1935,19,157,-246,-8,1256,112,405,San Francisco,2016-03-05
2017,3,5,179,242,17,9,8,5,31,28,7,13,66,79,90,144,6,0,2,3,19,22,6,5,47,52,82,81,10,8,6,2,12,4,1,8,17,25,1,3,0,0,0,0,0,0,0,0,0,0,6,14,1,1,0,0,0,2,0,0,2,2,1972,17,152,-245,-7,1305,117,354,San Francisco,2017-03-05
2018,3,5,232,276,22,7,5,9,39,26,4,14,69,83,145,157,19,3,2,5,29,18,1,7,48,55,75,91,2,4,1,3,9,7,2,4,18,22,2,1,0,0,0,0,0,0,0,0,0,0,10,27,1,0,2,1,1,1,1,3,3,6,2161,13,189,-244,-6,1461,125,390,San Francisco,2018-03-05
2019,3,5,137,276,26,2,6,10,30,35,7,16,72,88,84,159,15,1,3,4,19,23,3,7,45,52,47,89,4,1,2,4,10,6,4,6,20,26,3,8,0,0,0,0,0,0,0,0,0,0,3,20,7,0,1,2,1,6,0,3,7,10,1941,27,140,-243,-5,1223,112,401,San Francisco,2019-03-05
2020,3,5,157,295,21,6,9,9,39,46,6,18,91,109,82,187,15,0,4,3,20,26,5,7,51,58,66,87,4,6,3,6,12,11,1,9,24,33,5,2,0,0,0,0,1,0,0,0,1,1,4,19,2,0,2,0,6,9,0,2,15,17,2095,24,142,-241,-3,1262,100,468,San Francisco,2020-03-05
2021,3,5,119,209,10,4,3,4,52,40,19,7,111,118,57,115,9,0,2,3,27,32,14,5,73,78,58,79,0,4,1,1,21,6,5,2,32,34,1,1,0,0,0,0,1,0,0,0,1,1,3,14,1,0,0,0,3,2,0,0,5,5,1599,8,105,-247,-9,976,99,370,San Francisco,2021-03-05
2022,3,5,114,184,17,12,3,8,24,34,10,11,68,79,42,96,10,3,2,4,15,25,3,6,43,49,62,77,5,8,0,3,9,7,4,3,20,23,1,0,0,0,0,0,0,0,0,0,0,0,9,11,2,1,1,1,0,2,3,2,5,7,1506,4,101,-246,-8,850,94,415,San Francisco,2022-03-05
2023,3,5,76,151,22,11,7,12,27,14,4,19,45,64,37,87,10,3,5,5,19,9,3,10,31,41,34,56,10,7,2,4,7,5,1,6,13,19,1,0,1,0,0,0,0,0,0,0,0,0,4,8,1,1,0,3,1,0,0,3,1,4,1456,11,125,-245,-7,868,97,304,San Francisco,2023-03-05
2024,3,5,81,165,13,8,5,10,28,22,8,15,58,73,33,108,10,1,2,7,17,19,8,9,44,53,39,44,2,7,3,2,11,1,0,5,12,17,2,1,0,0,0,0,0,1,0,0,1,1,7,12,1,0,0,1,0,1,0,1,1,2,1792,17,171,-243,-5,1010,96,325,San Francisco,2024-03-05
2012,4,5,,,,,,,,,,,,,,,,,,,,,,,,,,,,,,,,,,,,,,,,,,,,,,,,,,,,,,,,,,,,,,,,,,,,,San Francisco,2012-04-05
2013,4,5,,,,,,,,,,,,,,,,,,,,,,,,,,,,,,,,,,,,,,,,,,,,,,,,,,,,,,,,,,,,,,,,,,,,,San Francisco,2013-04-05
2014,4,5,,,,,,,,,,,,,,,,,,,,,,,,,,,,,,,,,,,,,,,,,,,,,,,,,,,,,,,,,,,,,,,,,,,,,San Francisco,2014-04-05
2015,4,5,192,269,19,8,9,12,42,33,15,21,90,111,99,156,11,1,5,9,26,24,12,14,62,76,74,96,7,5,4,3,14,6,3,7,23,30,3,2,0,0,0,0,1,1,0,0,2,2,16,15,1,2,0,0,1,2,0,0,3,3,1839,22,106,-210,28,1352,101,256,San Francisco,2015-04-05
2016,4,5,272,373,23,15,9,10,50,30,14,19,94,113,168,240,21,3,4,5,36,23,9,9,68,77,70,105,1,11,4,4,10,4,3,8,17,25,11,2,0,0,0,0,0,1,0,0,1,1,23,26,1,1,1,1,4,2,2,2,8,10,2318,22,151,-215,23,1606,109,412,San Francisco,2016-04-05
2017,4,5,294,329,12,4,8,13,31,30,11,21,72,93,185,223,8,1,5,10,23,21,7,15,51,66,84,87,2,2,3,3,8,6,3,6,17,23,9,2,1,0,0,0,0,0,1,0,1,1,16,17,1,1,0,0,0,3,0,0,3,3,2489,31,140,-214,24,1709,131,416,San Francisco,2017-04-05
2018,4,5,246,285,23,7,10,12,40,33,9,22,82,104,167,201,15,1,7,9,25,27,8,16,60,76,65,65,5,5,2,3,12,3,1,5,16,21,2,7,0,0,0,0,0,1,0,0,1,1,12,12,3,1,1,0,3,2,0,1,5,6,2080,21,103,-213,25,1268,139,436,San Francisco,2018-04-05
2019,4,5,192,333,28,9,3,8,35,32,11,11,78,89,114,213,20,2,0,3,24,22,9,3,55,58,66,84,7,6,2,4,9,4,2,6,15,21,0,8,0,0,0,0,0,1,0,0,1,1,12,28,1,1,1,1,2,5,0,2,7,9,2512,28,186,-212,26,1493,129,516,San Francisco,2019-04-05
2020,4,5,139,225,0,2,2,9,57,38,9,11,104,115,57,142,0,0,2,5,33,31,6,7,70,77,68,61,0,2,0,4,20,4,1,4,25,29,0,3,0,0,0,0,1,1,0,0,2,2,14,19,0,0,0,0,3,2,2,0,7,7,1660,17,99,-210,28,1031,97,315,San Francisco,2020-04-05
2021,4,5,103,191,9,6,8,12,54,40,16,20,110,130,61,118,8,1,4,9,38,31,12,13,81,94,31,58,1,5,3,3,12,5,3,6,20,26,3,4,0,0,1,0,0,0,0,1,0,1,8,11,0,0,0,0,4,4,1,0,9,9,1604,14,83,-216,22,1075,87,306,San Francisco,2021-04-05
2022,4,5,93,202,12,12,5,6,44,25,12,11,81,92,50,138,10,3,4,3,28,20,6,7,54,61,33,52,2,7,1,3,14,3,5,4,22,26,3,1,0,0,0,0,2,0,0,0,2,2,7,11,0,2,0,0,0,2,1,0,3,3,1580,16,98,-215,23,889,98,397,San Francisco,2022-04-05
2023,4,5,91,192,20,8,7,6,19,24,15,13,58,71,54,118,14,3,6,3,16,21,11,9,48,57,30,58,4,3,0,1,3,2,2,1,7,8,1,4,2,0,0,1,0,0,0,1,0,1,6,12,0,2,1,1,0,1,2,2,3,5,1590,22,115,-214,24,956,101,366,San Francisco,2023-04-05
2024,4,5,102,160,12,7,5,6,52,35,8,11,95,106,59,100,10,4,1,3,31,30,7,4,68,72,34,53,1,3,3,3,14,3,1,6,18,24,5,2,0,0,0,0,1,0,0,0,1,1,4,5,1,0,1,0,6,2,0,1,8,9,1759,37,111,-212,26,1086,86,380,San Francisco,2024-04-05
2012,5,5,,,,,,,,,,,,,,,,,,,,,,,,,,,,,,,,,,,,,,,,,,,,,,,,,,,,,,,,,,,,,,,,,,,,,San Francisco,2012-05-05
2013,5,5,,,,,,,,,,,,,,,,,,,,,,,,,,,,,,,,,,,,,,,,,,,,,,,,,,,,,,,,,,,,,,,,,,,,,San Francisco,2013-05-05
2014,5,5,,,,,,,,,,,,,,,,,,,,,,,,,,,,,,,,,,,,,,,,,,,,,,,,,,,,,,,,,,,,,,,,,,,,,San Francisco,2014-05-05
2015,5,5,255,331,28,3,11,9,38,46,19,20,103,123,179,236,19,1,10,6,30,37,15,16,82,98,65,68,4,2,1,2,2,6,1,3,9,12,4,5,0,0,0,0,0,0,0,0,0,0,7,22,5,0,0,1,6,3,3,1,12,13,2433,19,155,-180,58,1791,118,349,San Francisco,2015-05-05
2016,5,5,292,353,23,13,13,11,33,42,11,24,86,110,171,261,17,4,7,8,20,30,8,15,58,73,86,75,5,4,5,1,9,7,2,6,18,24,9,4,0,0,0,0,0,0,0,0,0,0,26,13,1,5,1,2,4,5,1,3,10,13,2429,22,159,-185,53,1686,128,484,San Francisco,2016-05-05
2017,5,5,233,272,30,5,7,10,41,30,12,17,83,100,150,184,22,3,5,8,30,26,8,13,64,77,68,66,7,2,1,2,6,2,2,3,10,13,7,2,0,0,0,0,0,0,1,0,1,1,8,20,1,0,1,0,5,2,1,1,8,9,2385,26,142,-184,54,1608,171,376,San Francisco,2017-05-05
2018,5,5,312,308,26,2,8,7,40,34,13,15,87,102,204,223,16,0,5,5,27,29,10,10,66,76,88,68,8,0,2,2,9,2,3,4,14,18,6,4,0,0,1,0,0,1,0,1,1,2,14,13,2,2,0,0,4,2,0,0,6,6,2419,31,170,-183,55,1484,120,531,San Francisco,2018-05-05
2019,5,5,236,264,18,9,8,13,31,26,6,21,63,84,158,194,11,2,4,6,21,19,4,10,44,54,66,54,5,2,3,4,7,3,0,7,10,17,1,0,0,0,0,0,0,0,0,0,0,0,11,16,2,5,1,3,3,4,2,4,9,13,2186,10,156,-182,56,1306,130,444,San Francisco,2019-05-05
2020,5,5,180,293,8,8,1,13,44,32,12,14,88,102,131,217,6,2,1,11,27,27,12,12,66,78,41,46,0,6,0,1,15,1,0,1,16,17,1,1,0,0,0,0,1,0,0,0,1,1,7,29,2,0,0,1,1,4,0,1,5,6,1988,10,138,-180,58,1222,110,401,San Francisco,2020-05-05
2021,5,5,117,177,10,8,12,11,29,33,18,23,80,103,66,124,10,1,8,6,17,29,16,14,62,76,38,42,0,7,2,3,8,4,2,5,14,19,0,2,0,0,0,0,1,0,0,0,1,1,13,9,0,0,2,2,3,0,0,4,3,7,1599,9,99,-186,52,1021,103,350,San Francisco,2021-05-05
2022,5,5,144,190,17,13,7,14,45,35,6,21,86,107,82,131,11,3,5,10,37,31,5,15,73,88,52,43,5,7,1,4,7,3,1,5,11,16,0,1,0,0,0,0,0,0,0,0,0,0,10,15,1,3,1,0,1,1,0,1,2,3,1626,3,125,-185,53,930,91,404,San Francisco,2022-05-05
2023,5,5,142,189,12,7,7,5,35,21,11,12,67,79,68,138,6,1,7,4,26,19,7,11,52,63,62,40,4,5,0,1,8,1,3,1,12,13,0,2,0,0,0,0,0,0,0,0,0,0,12,9,2,1,0,0,1,1,1,0,3,3,1682,15,107,-184,54,972,75,457,San Francisco,2023-05-05
2024,5,5,94,183,4,0,8,17,21,14,14,25,49,74,44,128,4,0,3,9,16,12,12,12,40,52,45,45,0,0,2,6,5,1,1,8,7,15,1,1,0,0,0,0,0,0,0,0,0,0,4,9,0,0,3,2,0,1,1,5,2,7,1451,4,87,-182,56,818,82,371,San Francisco,2024-05-05
2012,6,5,,,,,,,,,,,,,,,,,,,,,,,,,,,,,,,,,,,,,,,,,,,,,,,,,,,,,,,,,,,,,,,,,,,,,San Francisco,2012-06-05
2013,6,5,,,,,,,,,,,,,,,,,,,,,,,,,,,,,,,,,,,,,,,,,,,,,,,,,,,,,,,,,,,,,,,,,,,,,San Francisco,2013-06-05
2014,6,5,,,,,,,,,,,,,,,,,,,,,,,,,,,,,,,,,,,,,,,,,,,,,,,,,,,,,,,,,,,,,,,,,,,,,San Francisco,2014-06-05
2015,6,5,256,326,22,4,12,11,41,42,17,23,100,123,169,255,19,2,4,8,33,37,12,12,82,94,57,51,2,2,6,1,4,4,2,7,10,17,5,0,0,0,0,0,0,0,0,0,0,0,25,20,1,0,2,2,4,1,3,4,8,12,2162,15,186,-149,89,1528,130,349,San Francisco,2015-06-05
2016,6,5,275,294,11,13,11,18,26,38,10,29,74,103,171,201,6,6,7,14,17,27,9,21,53,74,86,72,5,7,3,2,8,9,1,5,18,23,0,5,0,0,0,0,0,0,0,0,0,0,18,16,0,0,1,2,1,2,0,3,3,6,1926,14,134,-154,84,1237,122,396,San Francisco,2016-06-05
2017,6,5,278,272,19,12,5,7,45,44,6,12,95,107,200,193,15,1,4,3,39,34,4,7,77,84,49,65,0,8,0,2,4,6,0,2,10,12,6,3,1,0,1,0,0,0,0,1,0,1,23,11,3,3,0,2,2,4,2,2,8,10,2361,22,160,-153,85,1633,127,382,San Francisco,2017-06-05
2018,6,5,124,332,21,3,8,18,37,39,9,26,85,111,74,251,20,1,7,11,23,36,9,18,68,86,30,53,0,1,0,5,10,0,0,5,10,15,6,3,0,0,0,0,0,0,0,0,0,0,14,25,1,1,1,2,4,3,0,3,7,10,2164,20,141,-152,86,1365,121,483,San Francisco,2018-06-05
2019,6,5,257,290,25,7,4,13,38,35,11,17,84,101,197,225,18,0,1,6,27,31,9,7,67,74,34,47,4,4,3,2,6,3,0,5,9,14,5,2,0,0,0,1,1,0,0,1,1,2,21,16,3,3,0,4,4,1,2,4,7,11,2280,26,172,-151,87,1372,120,469,San Francisco,2019-06-05
2020,6,5,114,214,13,16,2,6,44,24,11,8,79,87,61,158,11,4,1,6,29,22,11,7,62,69,30,37,2,7,1,0,11,0,0,1,11,12,2,3,0,0,0,0,0,0,0,0,0,0,21,16,0,5,0,0,4,2,0,0,6,6,1687,12,159,-149,89,1041,95,324,San Francisco,2020-06-05
2021,6,5,189,190,18,19,2,9,31,36,12,11,79,90,73,129,13,4,0,7,19,34,9,7,62,69,85,36,3,11,1,2,10,1,3,3,14,17,3,3,0,0,0,0,0,0,0,0,0,0,28,22,2,4,1,0,2,1,0,1,3,4,1691,14,161,-155,83,1014,92,419,San Francisco,2021-06-05
2022,6,5,142,166,14,13,5,11,36,18,8,16,62,78,58,119,7,5,3,6,23,12,7,9,42,51,72,31,6,3,2,3,8,5,1,5,14,19,2,2,0,0,0,0,2,0,0,0,2,2,10,14,1,5,0,2,3,1,0,2,4,6,1337,17,116,-154,84,720,102,404,San Francisco,2022-06-05
2023,6,5,80,173,17,10,6,17,37,29,14,23,80,103,52,128,11,5,4,10,28,23,11,14,62,76,23,32,6,5,2,3,7,3,3,5,13,18,0,1,0,0,0,0,0,0,0,0,0,0,5,12,0,0,0,4,2,3,0,4,5,9,1680,6,130,-153,85,1037,108,360,San Francisco,2023-06-05
2024,6,5,109,185,9,8,7,16,36,16,10,23,62,85,70,129,3,0,3,11,24,11,4,14,39,53,27,39,6,6,3,2,11,3,3,5,17,22,1,1,0,0,0,1,0,0,0,1,0,1,11,16,0,2,1,2,1,2,3,3,6,9,1511,10,157,-151,87,845,108,365,San Francisco,2024-06-05
2012,7,5,,,,,,,,,,,,,,,,,,,,,,,,,,,,,,,,,,,,,,,,,,,,,,,,,,,,,,,,,,,,,,,,,,,,,San Francisco,2012-07-05
2013,7,5,,,,,,,,,,,,,,,,,,,,,,,,,,,,,,,,,,,,,,,,,,,,,,,,,,,,,,,,,,,,,,,,,,,,,San Francisco,2013-07-05
2014,7,5,,,,,,,,,,,,,,,,,,,,,,,,,,,,,,,,,,,,,,,,,,,,,,,,,,,,,,,,,,,,,,,,,,,,,San Francisco,2014-07-05
2015,7,5,259,332,11,13,5,11,34,28,17,16,79,95,143,214,5,2,0,8,24,23,13,8,60,68,69,83,5,10,5,1,6,5,1,6,12,18,2,3,0,0,0,1,2,0,0,1,2,3,45,32,1,1,0,1,2,0,3,1,5,6,2067,15,198,-119,119,1452,102,310,San Francisco,2015-07-05
2016,7,5,264,272,20,21,8,10,41,38,11,18,90,108,187,192,14,3,5,5,32,29,11,10,72,82,49,58,5,15,3,5,5,7,0,8,12,20,4,0,0,0,0,0,0,1,0,0,1,1,24,22,1,3,0,0,4,1,0,0,5,5,2242,12,150,-124,114,1623,134,317,San Francisco,2016-07-05
2017,7,5,263,250,26,19,13,21,35,22,12,34,69,103,186,168,20,6,11,12,26,17,10,23,53,76,48,48,4,12,2,7,8,3,0,9,11,20,6,3,0,0,0,0,0,0,0,0,0,0,23,31,2,1,0,2,1,2,2,2,5,7,2197,20,158,-123,115,1448,143,370,San Francisco,2017-07-05
2018,7,5,168,301,12,11,13,9,43,37,11,22,91,113,77,214,9,4,6,7,33,33,9,13,75,88,69,66,3,4,6,2,7,0,2,8,9,17,2,2,0,0,0,0,1,0,0,0,1,1,20,19,0,3,1,0,2,4,0,1,6,7,2005,19,146,-122,116,1197,112,464,San Francisco,2018-07-05
2019,7,5,200,288,11,13,10,16,56,30,7,26,93,119,126,207,9,3,7,10,40,26,6,17,72,89,44,61,1,9,2,4,15,4,1,6,20,26,3,1,0,0,0,0,0,0,0,0,0,0,27,19,1,1,1,2,1,0,0,3,1,4,2087,17,162,-121,117,1338,116,404,San Francisco,2019-07-05
2020,7,5,125,179,9,20,4,5,47,30,9,9,86,95,64,108,4,3,3,2,34,26,8,5,68,73,37,58,4,16,1,2,11,3,1,3,15,18,1,4,0,0,0,0,0,0,0,0,0,0,23,9,1,1,0,1,2,1,0,1,3,4,1406,12,116,-119,119,925,74,307,San Francisco,2020-07-05
2021,7,5,174,173,13,25,4,11,28,35,15,15,78,93,69,116,7,4,3,7,20,31,12,10,63,73,57,44,5,18,0,4,7,1,1,4,9,13,2,1,0,0,0,0,0,0,2,0,2,2,46,12,1,3,1,0,1,3,0,1,4,5,1538,11,147,-125,113,916,98,389,San Francisco,2021-07-05
2022,7,5,131,198,9,11,12,12,44,20,24,24,88,112,63,147,7,3,5,7,35,17,20,12,72,84,48,36,1,5,5,4,6,3,4,9,13,22,3,2,0,1,1,0,1,0,0,1,1,2,17,13,1,2,1,1,2,0,0,2,2,4,1440,15,98,-124,114,799,104,383,San Francisco,2022-07-05
2023,7,5,128,228,10,11,5,8,51,20,7,13,78,91,83,173,6,1,3,6,37,18,6,9,61,70,29,33,1,8,2,0,8,1,0,2,9,11,2,1,0,0,0,0,0,0,1,0,1,1,14,21,3,2,0,2,6,1,0,2,7,9,1542,8,145,-123,115,879,107,404,San Francisco,2023-07-05
2024,7,5,156,203,16,20,5,8,39,20,17,13,76,89,55,142,10,5,3,3,26,17,12,6,55,61,81,42,6,11,2,4,11,2,2,6,15,21,1,0,0,1,0,0,0,0,0,0,0,0,19,19,0,3,0,1,2,1,3,1,6,7,1492,8,125,-121,117,820,95,408,San Francisco,2024-07-05
2012,8,5,,,,,,,,,,,,,,,,,,,,,,,,,,,,,,,,,,,,,,,,,,,,,,,,,,,,,,,,,,,,,,,,,,,,,San Francisco,2012-08-05
2013,8,5,,,,,,,,,,,,,,,,,,,,,,,,,,,,,,,,,,,,,,,,,,,,,,,,,,,,,,,,,,,,,,,,,,,,,San Francisco,2013-08-05
2014,8,5,,,,,,,,,,,,,,,,,,,,,,,,,,,,,,,,,,,,,,,,,,,,,,,,,,,,,,,,,,,,,,,,,,,,,San Francisco,2014-08-05
2015,8,5,253,371,25,7,7,10,31,25,11,17,67,84,160,271,18,1,6,6,19,18,8,12,45,57,68,76,1,6,1,3,10,5,3,4,18,22,7,1,0,0,0,0,1,0,0,0,1,1,18,23,6,0,0,1,1,2,0,1,3,4,2395,18,156,-88,150,1683,114,401,San Francisco,2015-08-05
2016,8,5,224,267,29,6,8,11,26,30,11,19,67,86,144,189,19,2,5,5,17,25,7,10,49,59,59,59,7,3,3,4,7,4,3,7,14,21,4,1,0,1,0,0,1,0,1,0,2,2,17,18,3,0,0,2,1,1,0,2,2,4,2156,12,145,-93,145,1458,119,395,San Francisco,2016-08-05
2017,8,5,238,291,16,5,9,21,29,35,10,30,74,104,134,207,10,1,6,13,25,25,10,19,60,79,84,63,5,3,2,4,3,8,0,6,11,17,2,0,0,0,0,0,1,0,0,0,1,1,18,21,1,1,1,4,0,2,0,5,2,7,2152,6,127,-92,146,1264,121,431,San Francisco,2017-08-05
2018,8,5,140,291,13,4,8,13,40,37,8,21,85,106,66,197,10,1,2,7,28,25,8,9,61,70,63,68,3,2,6,5,8,8,0,11,16,27,1,5,0,0,0,0,0,0,0,0,0,0,10,21,0,1,0,1,4,4,0,1,8,9,1829,16,126,-91,147,1052,120,396,San Francisco,2018-08-05
2019,8,5,190,285,13,9,10,13,38,40,13,23,91,114,121,202,10,2,9,9,26,33,9,18,68,86,59,55,3,3,1,3,8,4,2,4,14,18,1,3,0,1,0,0,0,0,0,0,0,0,9,25,0,3,0,1,4,3,2,1,9,10,2296,13,155,-90,148,1494,120,438,San Francisco,2019-08-05
2020,8,5,132,198,9,4,5,10,44,42,12,15,98,113,77,135,8,0,3,6,21,39,10,9,70,79,47,45,1,4,1,3,19,0,1,4,20,24,2,0,0,0,0,0,3,0,0,0,3,3,6,18,0,0,1,1,1,3,1,2,5,7,1635,21,91,-88,150,1062,81,358,San Francisco,2020-08-05
2021,8,5,113,215,22,6,8,8,39,26,20,16,85,101,67,158,18,2,6,7,28,22,18,13,68,81,36,34,4,2,0,1,11,2,2,1,15,16,2,1,0,0,0,0,0,0,0,0,0,0,8,22,0,2,2,0,0,2,0,2,2,4,1597,11,111,-94,144,997,119,361,San Francisco,2021-08-05
2022,8,5,125,200,11,10,4,13,54,29,10,17,93,110,66,148,6,3,2,5,44,28,9,7,81,88,46,37,1,5,2,8,7,1,1,10,9,19,1,0,0,0,0,0,0,0,0,0,0,0,12,15,4,2,0,0,3,0,0,0,3,3,1513,4,104,-93,145,829,89,439,San Francisco,2022-08-05
2023,8,5,119,171,23,11,8,10,29,24,12,18,65,83,55,117,11,4,4,5,17,20,9,9,46,55,50,39,11,3,4,5,10,4,2,9,16,25,0,1,0,0,0,0,0,0,0,0,0,0,14,14,1,4,0,0,2,0,1,0,3,3,1464,10,105,-92,146,777,88,440,San Francisco,2023-08-05
2024,8,5,118,163,13,10,3,13,40,21,8,16,69,85,70,119,10,0,2,7,23,15,6,9,44,53,36,33,2,9,1,5,12,1,2,6,15,21,2,2,0,0,0,0,0,0,0,0,0,0,10,9,1,1,0,1,5,5,0,1,10,11,1486,13,97,-90,148,846,97,339,San Francisco,2024-08-05
2012,9,5,,,,,,,,,,,,,,,,,,,,,,,,,,,,,,,,,,,,,,,,,,,,,,,,,,,,,,,,,,,,,,,,,,,,,San Francisco,2012-09-05
2013,9,5,,,,,,,,,,,,,,,,,,,,,,,,,,,,,,,,,,,,,,,,,,,,,,,,,,,,,,,,,,,,,,,,,,,,,San Francisco,2013-09-05
2014,9,5,,,,,,,,,,,,,,,,,,,,,,,,,,,,,,,,,,,,,,,,,,,,,,,,,,,,,,,,,,,,,,,,,,,,,San Francisco,2014-09-05
2015,9,5,286,389,20,8,8,15,34,25,13,23,72,95,153,259,14,1,4,9,20,16,9,13,45,58,109,103,5,3,4,4,10,6,3,8,19,27,3,2,0,0,0,0,0,1,0,0,1,1,21,25,1,4,0,2,4,2,1,2,7,9,2430,17,146,-57,181,1660,138,405,San Francisco,2015-09-05
2016,9,5,226,281,19,9,8,10,32,40,8,18,80,98,129,182,11,3,2,5,24,27,5,7,56,63,75,78,5,5,6,3,7,8,3,9,18,27,4,5,1,0,0,0,0,0,0,0,0,0,18,16,2,1,0,2,1,5,0,2,6,8,2062,20,144,-62,176,1431,112,343,San Francisco,2016-09-05
2017,9,5,266,338,15,2,10,19,44,33,7,29,84,113,167,232,7,0,7,10,30,26,7,17,63,80,69,85,5,2,2,9,10,6,0,11,16,27,11,4,0,0,0,0,0,0,0,0,0,0,19,17,3,0,1,0,4,1,0,1,5,6,2305,38,141,-61,177,1540,105,446,San Francisco,2017-09-05
2018,9,5,144,388,16,1,4,8,40,40,10,12,90,102,92,275,14,0,3,7,22,35,7,10,64,74,39,96,2,1,1,1,14,2,1,2,17,19,6,2,0,0,0,0,1,0,1,0,2,2,7,15,0,0,0,0,3,3,1,0,7,7,2276,18,122,-60,178,1455,117,436,San Francisco,2018-09-05
2019,9,5,218,319,18,3,5,7,37,38,8,12,83,95,154,204,13,2,1,5,23,30,7,6,60,66,49,82,4,1,4,2,12,6,1,6,19,25,2,3,1,0,0,0,0,0,0,0,0,0,13,30,0,0,0,0,2,2,0,0,4,4,2389,20,158,-59,179,1582,137,442,San Francisco,2019-09-05
2020,9,5,170,210,15,14,2,7,39,28,10,9,77,86,64,147,12,3,2,3,23,23,7,5,53,58,93,46,2,11,0,4,14,3,2,4,19,23,4,2,0,0,0,0,0,0,0,0,0,0,9,15,1,0,0,0,2,2,1,0,5,5,1729,18,122,-57,181,1086,106,393,San Francisco,2020-09-05
2021,9,5,105,146,15,8,12,12,54,25,10,24,89,113,49,92,6,0,4,8,30,20,6,12,56,68,50,42,9,8,5,3,18,2,3,8,23,31,1,0,0,0,0,0,1,0,0,0,1,1,5,12,0,0,3,1,5,3,1,4,9,13,1591,11,110,-63,175,951,92,346,San Francisco,2021-09-05
2022,9,5,140,175,15,16,12,8,58,23,13,20,94,114,72,116,9,3,6,4,39,16,9,10,64,74,52,44,6,10,6,3,15,7,2,9,24,33,3,5,0,0,0,0,0,0,1,0,1,1,13,10,0,3,0,1,4,0,1,1,5,6,1588,19,106,-62,176,922,82,368,San Francisco,2022-09-05
2023,9,5,120,212,14,6,9,7,51,35,12,16,98,114,52,157,11,3,6,2,30,26,9,8,65,73,57,36,2,3,2,5,17,4,2,7,23,30,4,3,0,0,0,0,1,1,0,0,2,2,7,16,1,0,1,0,3,4,1,1,8,9,1892,26,139,-61,177,1070,104,454,San Francisco,2023-09-05
2024,9,5,106,214,15,10,9,18,37,35,9,27,81,108,65,150,9,4,8,8,19,29,9,16,57,73,28,52,3,4,1,10,14,4,0,11,18,29,1,3,2,1,0,0,3,0,0,0,3,3,12,9,1,1,0,0,1,2,0,0,3,3,1736,26,119,-59,179,982,116,446,San Francisco,2024-09-05
2012,10,5,,,,,,,,,,,,,,,,,,,,,,,,,,,,,,,,,,,,,,,,,,,,,,,,,,,,,,,,,,,,,,,,,,,,,San Francisco,2012-10-05
2013,10,5,,,,,,,,,,,,,,,,,,,,,,,,,,,,,,,,,,,,,,,,,,,,,,,,,,,,,,,,,,,,,,,,,,,,,San Francisco,2013-10-05
2014,10,5,,,,,,,,,,,,,,,,,,,,,,,,,,,,,,,,,,,,,,,,,,,,,,,,,,,,,,,,,,,,,,,,,,,,,San Francisco,2014-10-05
2015,10,5,250,310,13,4,9,20,38,34,13,29,85,114,115,199,11,1,4,11,26,22,9,15,57,72,116,90,2,3,4,5,10,6,3,9,19,28,3,2,0,0,0,0,1,0,1,0,2,2,16,19,0,0,1,4,1,6,0,5,7,12,2053,25,164,-27,211,1371,135,423,San Francisco,2015-10-05
2016,10,5,299,280,26,10,16,11,40,21,9,27,70,97,174,174,22,1,7,8,21,16,4,15,41,56,97,84,2,8,8,3,16,4,2,11,22,33,5,3,0,0,0,0,1,0,0,0,1,1,23,19,2,1,1,0,2,1,3,1,6,7,2296,23,169,-32,206,1444,140,470,San Francisco,2016-10-05
2017,10,5,276,331,19,2,10,18,29,28,9,28,66,94,164,197,14,1,4,10,18,17,4,14,39,53,81,108,3,1,5,8,10,10,5,13,25,38,11,1,1,0,0,0,0,0,0,0,0,0,20,25,1,0,1,0,1,1,0,1,2,3,2282,33,160,-31,207,1448,153,446,San Francisco,2017-10-05
2018,10,5,215,328,24,5,8,15,35,40,8,23,83,106,110,197,14,2,7,5,17,25,6,12,48,60,91,102,7,3,1,6,16,13,1,7,30,37,7,10,0,0,0,0,0,0,0,0,0,0,7,19,3,0,0,4,2,2,1,4,5,9,2342,43,158,-30,208,1444,112,510,San Francisco,2018-10-05
2019,10,5,262,300,21,10,19,8,44,36,14,27,94,121,121,211,12,1,10,4,24,24,9,14,57,71,124,71,7,7,7,2,17,8,3,9,28,37,3,2,0,0,0,0,1,1,0,0,2,2,14,16,2,2,2,2,2,3,2,4,7,11,2419,18,155,-29,209,1476,152,518,San Francisco,2019-10-05
2020,10,5,123,218,13,4,3,11,50,33,12,14,95,109,66,137,6,0,1,7,27,25,7,8,59,67,51,64,6,4,1,4,19,6,3,5,28,33,1,4,0,0,0,0,0,0,0,0,0,0,5,13,1,0,1,0,4,2,2,1,8,9,1677,32,124,-27,211,1056,127,350,San Francisco,2020-10-05
2021,10,5,120,179,12,6,5,12,41,28,9,17,78,95,57,105,9,1,2,6,24,20,8,8,52,60,56,54,3,5,3,4,14,4,1,7,19,26,3,5,0,0,0,0,1,0,0,0,1,1,4,15,0,0,0,2,2,4,0,2,6,8,1720,24,129,-33,205,1024,120,390,San Francisco,2021-10-05
2022,10,5,153,201,19,10,9,14,38,23,6,23,67,90,90,135,14,2,3,8,22,16,4,11,42,53,54,51,2,6,4,6,14,6,2,10,22,32,4,2,0,0,0,0,1,0,0,0,1,1,5,13,3,2,2,0,1,1,0,2,2,4,1578,19,103,-32,206,911,92,419,San Francisco,2022-10-05
2023,10,5,123,206,26,16,8,9,41,21,9,17,71,88,65,121,14,2,5,4,26,13,8,9,47,56,48,61,6,13,2,4,14,5,1,6,20,26,0,3,1,0,1,0,1,1,0,1,2,3,10,21,5,1,0,1,0,2,0,1,2,3,1835,28,139,-31,207,1007,112,475,San Francisco,2023-10-05
2024,10,5,163,219,15,9,6,8,37,21,2,14,60,74,53,130,6,2,2,3,18,10,1,5,29,34,98,67,6,6,4,3,12,8,1,7,21,28,4,1,0,0,0,0,0,0,0,0,0,0,8,21,3,1,0,2,7,3,0,2,10,12,1774,15,125,-29,209,982,117,480,San Francisco,2024-10-05
2012,11,5,,,,,,,,,,,,,,,,,,,,,,,,,,,,,,,,,,,,,,,,,,,,,,,,,,,,,,,,,,,,,,,,,,,,,San Francisco,2012-11-05
2013,11,5,,,,,,,,,,,,,,,,,,,,,,,,,,,,,,,,,,,,,,,,,,,,,,,,,,,,,,,,,,,,,,,,,,,,,San Francisco,2013-11-05
2014,11,5,,,,,,,,,,,,,,,,,,,,,,,,,,,,,,,,,,,,,,,,,,,,,,,,,,,,,,,,,,,,,,,,,,,,,San Francisco,2014-11-05
2015,11,5,256,345,28,8,9,10,41,47,14,19,102,121,134,198,19,2,2,6,21,37,8,8,66,74,102,116,6,6,5,4,17,6,4,9,27,36,8,3,0,0,0,0,0,0,0,0,0,0,12,28,3,0,2,0,3,4,2,2,9,11,2353,24,190,4,242,1667,125,402,San Francisco,2015-11-05
2016,11,5,300,282,20,12,7,11,30,26,7,18,63,81,130,149,12,1,4,3,17,20,4,7,41,48,150,110,7,9,3,8,12,4,3,11,19,30,4,3,0,0,0,0,0,0,0,0,0,0,16,20,1,2,0,0,1,2,0,0,3,3,2149,34,168,-1,237,1343,115,498,San Francisco,2016-11-05
2017,11,5,240,228,16,12,8,12,33,34,5,20,72,92,114,131,10,2,1,6,14,17,2,7,33,40,111,86,4,8,7,6,17,10,3,13,30,43,1,2,0,0,0,0,2,0,0,0,2,2,14,9,2,2,0,0,0,7,0,0,7,7,2089,22,211,0,238,1317,106,390,San Francisco,2017-11-05
2018,11,5,177,331,19,6,8,10,48,46,9,18,103,121,105,174,11,0,4,5,29,24,6,9,59,68,63,129,6,6,2,4,13,17,1,6,31,37,1,4,1,0,0,0,0,1,0,0,1,1,8,24,1,0,2,1,6,4,2,3,12,15,2326,25,257,1,239,1459,141,491,San Francisco,2018-11-05
2019,11,5,167,289,22,12,13,12,33,41,3,25,77,102,96,159,18,3,5,6,19,22,2,11,43,54,62,102,4,5,6,5,12,14,1,11,27,38,2,4,0,0,1,0,2,0,0,1,2,3,7,24,0,4,1,1,0,5,0,2,5,7,2173,25,204,2,240,1333,128,434,San Francisco,2019-11-05
2020,11,5,112,216,17,12,6,9,39,40,18,15,97,112,62,114,9,3,3,4,21,26,12,7,59,66,44,82,6,9,3,3,11,10,4,6,25,31,2,0,0,0,0,0,1,0,1,0,2,2,4,20,2,0,0,2,6,4,1,2,11,13,1776,19,165,4,242,1187,125,319,San Francisco,2020-11-05
2021,11,5,116,221,18,7,4,14,38,45,9,18,92,110,32,130,9,0,3,6,23,35,3,9,61,70,74,66,3,7,1,8,14,7,6,9,27,36,2,8,2,0,0,0,0,0,0,0,0,0,8,17,4,0,0,0,1,3,0,0,4,4,1605,34,128,-2,236,876,109,489,San Francisco,2021-11-05
2022,11,5,121,142,13,9,8,8,36,21,9,16,66,82,51,69,2,0,2,6,22,18,5,8,45,53,60,62,8,9,6,1,12,3,3,7,18,25,2,3,0,0,0,0,0,0,0,0,0,0,8,8,3,0,0,1,2,0,1,1,3,4,1511,22,101,-1,237,848,97,386,San Francisco,2022-11-05
2023,11,5,118,165,19,7,6,13,34,26,18,19,78,97,55,77,10,0,3,5,17,16,9,8,42,50,55,72,7,7,2,5,16,9,8,7,33,40,0,0,0,0,0,0,1,0,1,0,2,2,8,16,2,0,1,3,0,1,0,4,1,5,1528,12,122,0,238,852,84,412,San Francisco,2023-11-05
2024,11,5,129,221,12,4,7,6,27,23,1,13,51,64,78,129,8,1,5,3,15,18,0,8,33,41,48,71,4,3,1,0,10,4,1,1,15,16,1,7,0,0,0,1,0,0,0,1,0,1,2,14,0,0,1,2,2,1,0,3,3,6,1885,26,177,2,240,1056,114,401,San Francisco,2024-11-05
2012,12,5,,,,,,,,,,,,,,,,,,,,,,,,,,,,,,,,,,,,,,,,,,,,,,,,,,,,,,,,,,,,,,,,,,,,,San Francisco,2012-12-05
2013,12,5,,,,,,,,,,,,,,,,,,,,,,,,,,,,,,,,,,,,,,,,,,,,,,,,,,,,,,,,,,,,,,,,,,,,,San Francisco,2013-12-05
2014,12,5,,,,,,,,,,,,,,,,,,,,,,,,,,,,,,,,,,,,,,,,,,,,,,,,,,,,,,,,,,,,,,,,,,,,,San Francisco,2014-12-05
2015,12,5,256,309,19,4,10,17,51,35,10,27,96,123,99,144,6,1,2,5,27,20,8,7,55,62,148,142,8,3,8,11,20,11,2,19,33,52,2,2,1,0,0,0,0,0,0,0,0,0,7,21,4,0,0,1,4,4,0,1,8,9,2311,21,193,34,272,1461,148,478,San Francisco,2015-12-05
2016,12,5,270,261,28,5,8,10,33,28,10,18,71,89,144,138,17,3,1,3,19,14,3,4,36,40,101,100,8,2,6,6,10,7,6,12,23,35,8,3,0,0,0,0,0,0,1,0,1,1,17,20,3,0,1,1,4,7,0,2,11,13,2058,44,223,29,267,1275,107,453,San Francisco,2016-12-05
2017,12,5,253,297,17,7,6,5,37,32,6,11,75,86,127,158,10,2,2,2,18,17,5,4,40,44,99,112,3,5,2,3,14,13,0,5,27,32,11,3,1,0,1,0,2,0,0,1,2,3,16,24,3,0,1,0,3,2,1,1,6,7,2280,45,260,30,268,1565,126,363,San Francisco,2017-12-05
2018,12,5,144,287,28,5,10,11,34,39,7,21,80,101,67,150,18,2,2,7,12,18,6,9,36,45,65,116,8,2,7,4,15,16,0,11,31,42,4,3,1,0,0,0,1,0,0,0,1,1,8,18,1,1,1,0,6,5,1,1,12,13,2009,24,216,31,269,1201,133,389,San Francisco,2018-12-05
2019,12,5,184,263,15,6,8,13,50,48,16,21,114,135,80,143,9,1,2,5,21,24,11,7,56,63,88,93,3,5,4,6,22,19,5,10,46,56,10,4,0,0,0,1,3,0,0,1,3,4,6,23,3,0,2,1,4,5,0,3,9,12,2247,39,211,32,270,1459,117,445,San Francisco,2019-12-05
2020,12,5,136,184,11,34,2,9,55,35,11,11,101,112,38,87,6,5,1,1,26,22,10,2,58,60,92,84,3,28,1,8,22,12,1,9,35,44,0,4,0,0,0,0,2,0,0,0,2,2,6,9,2,1,0,0,5,1,0,0,6,6,1576,23,125,34,272,949,103,393,San Francisco,2020-12-05
2021,12,5,129,187,11,8,13,14,44,29,10,27,83,110,46,93,3,2,5,7,24,16,7,12,47,59,77,78,6,6,6,6,16,10,2,12,28,40,1,2,0,0,0,0,0,1,1,0,2,2,5,14,2,0,2,1,4,2,0,3,6,9,1530,20,128,28,266,866,91,406,San Francisco,2021-12-05
2022,12,5,76,155,17,6,13,9,39,21,20,22,80,102,37,74,9,2,4,4,25,14,13,8,52,60,34,69,8,4,7,4,8,7,4,11,19,30,1,1,0,0,0,0,1,0,0,0,1,1,4,11,0,0,2,1,5,0,3,3,8,11,1384,21,111,29,267,807,81,364,San Francisco,2022-12-05
2023,12,5,96,215,13,3,4,7,33,34,13,11,80,91,43,114,7,0,0,2,19,19,7,2,45,47,46,84,3,3,2,4,12,11,5,6,28,34,2,2,0,0,0,0,0,0,1,0,1,1,5,15,3,0,2,1,2,4,0,3,6,9,1737,24,170,30,268,992,84,384,San Francisco,2023-12-05
2024,12,5,101,196,21,1,5,11,40,25,4,16,69,85,65,117,10,1,4,5,19,17,2,9,38,47,28,69,8,0,0,4,18,7,2,4,27,31,5,2,0,0,0,0,1,0,0,0,1,1,3,8,3,0,1,2,2,1,0,3,3,6,1722,37,157,32,270,1015,77,414,San Francisco,2024-12-05
2012,1,6,,,,,,,,,,,,,,,,,,,,,,,,,,,,,,,,,,,,,,,,,,,,,,,,,,,,,,,,,,,,,,,,,,,,,San Francisco,2012-01-06
2013,1,6,,,,,,,,,,,,,,,,,,,,,,,,,,,,,,,,,,,,,,,,,,,,,,,,,,,,,,,,,,,,,,,,,,,,,San Francisco,2013-01-06
2014,1,6,,,,,,,,,,,,,,,,,,,,,,,,,,,,,,,,,,,,,,,,,,,,,,,,,,,,,,,,,,,,,,,,,,,,,San Francisco,2014-01-06
2015,1,6,255,371,26,6,10,14,43,23,13,24,79,103,110,171,19,1,3,9,24,12,11,12,47,59,111,149,6,4,7,5,13,4,2,12,19,31,12,12,0,0,0,0,0,1,0,0,1,1,22,39,1,1,0,0,6,6,0,0,12,12,2199,44,226,-299,-61,1612,122,345,San Francisco,2015-01-06
2016,1,6,196,302,24,5,8,6,33,32,9,14,74,88,106,164,11,0,2,4,17,15,7,6,39,45,72,108,9,4,5,1,13,13,1,6,27,33,7,4,0,0,0,0,0,0,0,0,0,0,11,26,4,1,1,1,3,4,1,2,8,10,1976,36,174,-305,-67,1331,145,345,San Francisco,2016-01-06
2017,1,6,217,252,28,8,11,9,19,24,12,20,55,75,123,133,13,1,7,5,11,11,6,12,28,40,69,94,9,5,4,3,5,11,3,7,19,26,11,3,0,2,0,0,0,1,3,0,4,4,14,22,6,0,0,1,3,1,0,1,4,5,2031,46,199,-303,-65,1323,112,376,San Francisco,2017-01-06
2018,1,6,265,292,18,18,7,10,32,30,8,17,70,87,134,157,9,1,2,5,19,23,5,7,47,54,104,119,5,15,4,4,12,4,3,8,19,27,8,1,1,0,0,0,0,0,0,0,0,0,19,15,3,2,1,1,1,3,0,2,4,6,2042,27,195,-302,-64,1236,123,401,San Francisco,2018-01-06
2019,1,6,88,253,13,0,7,5,37,30,9,12,76,88,31,123,9,0,1,4,15,23,5,5,43,48,48,106,2,0,6,1,17,5,4,7,26,33,3,6,0,0,0,0,2,0,0,0,2,2,6,18,2,0,0,0,3,2,0,0,5,5,1757,27,209,-301,-63,1116,96,329,San Francisco,2019-01-06
2020,1,6,106,285,18,1,11,5,52,37,16,16,105,121,51,129,11,1,3,1,27,18,11,4,56,60,41,121,5,0,4,3,18,14,5,7,37,44,7,7,1,0,0,1,0,0,0,1,0,1,7,28,1,0,4,0,7,5,0,4,12,16,2150,55,197,-300,-62,1361,114,374,San Francisco,2020-01-06
2021,1,6,93,216,6,9,5,10,49,35,10,15,94,109,31,109,5,2,1,6,30,22,7,7,59,66,56,88,0,7,3,3,17,8,3,6,28,34,1,2,0,0,0,0,0,0,0,0,0,0,5,17,1,0,1,1,2,5,0,2,7,9,1474,25,116,-305,-67,920,110,322,San Francisco,2021-01-06
2022,1,6,96,187,9,3,10,8,44,20,10,18,74,92,38,105,4,1,3,2,22,12,7,5,41,46,51,68,4,2,6,5,14,7,1,11,22,33,3,2,1,0,0,0,2,0,0,0,2,2,4,12,0,0,1,1,6,1,2,2,9,11,1447,31,108,-304,-66,891,105,309,San Francisco,2022-01-06
2023,1,6,81,169,12,4,7,8,34,21,7,15,62,77,28,91,4,0,4,5,16,16,3,9,35,44,49,60,3,4,2,2,15,5,2,4,22,26,1,3,0,0,0,0,1,0,2,0,3,3,3,15,5,0,1,1,2,0,0,2,2,4,1505,26,131,-303,-65,849,106,353,San Francisco,2023-01-06
2024,1,6,73,139,14,6,3,15,35,23,9,18,67,85,24,68,6,0,1,6,19,14,6,7,39,46,44,59,6,6,1,7,14,8,1,8,23,31,1,3,0,0,0,0,1,0,0,0,1,1,4,9,2,0,1,2,1,1,2,3,4,7,1333,16,106,-302,-64,748,74,343,San Francisco,2024-01-06
2012,2,6,,,,,,,,,,,,,,,,,,,,,,,,,,,,,,,,,,,,,,,,,,,,,,,,,,,,,,,,,,,,,,,,,,,,,San Francisco,2012-02-06
2013,2,6,,,,,,,,,,,,,,,,,,,,,,,,,,,,,,,,,,,,,,,,,,,,,,,,,,,,,,,,,,,,,,,,,,,,,San Francisco,2013-02-06
2014,2,6,,,,,,,,,,,,,,,,,,,,,,,,,,,,,,,,,,,,,,,,,,,,,,,,,,,,,,,,,,,,,,,,,,,,,San Francisco,2014-02-06
2015,2,6,209,251,39,7,10,7,35,36,19,17,90,107,108,131,23,1,2,4,18,29,7,6,54,60,90,99,8,2,8,3,15,5,9,11,29,40,3,4,0,0,0,0,1,1,1,0,3,3,8,17,8,4,0,0,1,1,2,0,4,4,2139,33,182,-268,-30,1520,134,330,San Francisco,2015-02-06
2016,2,6,273,288,27,10,13,13,29,36,12,26,77,103,113,149,12,0,6,5,16,19,8,11,43,54,142,106,14,9,7,7,9,12,4,14,25,39,4,6,0,0,0,0,0,0,0,0,0,0,14,27,1,1,0,1,4,5,0,1,9,10,2097,23,161,-274,-36,1288,153,500,San Francisco,2016-02-06
2017,2,6,186,272,19,5,11,6,33,32,11,17,76,93,102,165,9,0,8,1,15,22,9,9,46,55,66,86,6,3,3,4,15,6,1,7,22,29,3,5,0,0,0,0,1,0,0,0,1,1,15,16,4,2,0,1,2,4,1,1,7,8,1947,30,176,-272,-34,1265,118,379,San Francisco,2017-02-06
2018,2,6,273,284,22,4,11,10,27,23,7,21,57,78,153,158,13,1,5,2,15,13,3,7,31,38,100,104,6,3,2,5,11,8,4,7,23,30,14,6,1,0,1,0,0,0,0,1,0,1,6,16,2,0,3,3,1,2,0,6,3,9,2221,46,183,-271,-33,1447,127,407,San Francisco,2018-02-06
2019,2,6,149,294,20,4,7,4,24,33,11,11,68,79,79,158,13,3,2,3,11,20,10,5,41,46,56,111,3,1,4,1,10,8,1,5,19,24,8,6,0,0,0,0,0,2,0,0,2,2,6,19,4,0,1,0,3,3,0,1,6,7,2155,43,176,-270,-32,1345,115,407,San Francisco,2019-02-06
2020,2,6,179,284,9,4,13,13,43,38,9,26,90,116,97,142,7,2,8,7,20,26,6,15,52,67,68,116,2,2,4,5,19,8,3,9,30,39,5,3,0,0,0,0,1,1,0,0,2,2,9,23,0,0,1,1,3,3,0,2,6,8,2259,35,221,-269,-31,1487,119,414,San Francisco,2020-02-06
2021,2,6,147,197,14,20,8,3,56,31,27,11,114,125,44,99,10,4,3,2,37,22,15,5,74,79,94,80,3,14,4,1,16,4,11,5,31,36,2,4,0,0,0,0,1,1,0,0,2,2,7,14,1,2,1,0,2,4,1,1,7,8,1689,31,127,-274,-36,1046,101,407,San Francisco,2021-02-06
2022,2,6,107,162,19,11,6,7,38,33,11,13,82,95,39,88,6,1,4,2,22,20,6,6,48,54,61,56,11,10,2,4,13,9,3,6,25,31,1,1,0,0,0,0,1,0,1,0,2,2,6,17,2,0,0,1,2,4,1,1,7,8,1479,24,128,-273,-35,792,92,397,San Francisco,2022-02-06
2023,2,6,74,194,9,5,0,6,42,31,13,6,86,92,46,126,4,3,0,3,23,20,9,3,52,55,24,49,3,2,0,3,13,6,4,3,23,26,0,1,0,0,0,0,0,0,0,0,0,0,4,18,2,0,0,0,6,5,0,0,11,11,1581,12,142,-272,-34,977,94,328,San Francisco,2023-02-06
2024,2,6,111,188,11,1,9,12,34,22,11,21,67,88,51,107,5,0,6,5,17,16,5,11,38,49,42,67,5,1,3,6,14,4,3,9,21,30,1,1,0,0,0,0,0,0,3,0,3,3,17,13,1,0,0,1,3,2,0,1,5,6,1625,17,170,-271,-33,959,104,351,San Francisco,2024-02-06
2012,3,6,,,,,,,,,,,,,,,,,,,,,,,,,,,,,,,,,,,,,,,,,,,,,,,,,,,,,,,,,,,,,,,,,,,,,San Francisco,2012-03-06
2013,3,6,,,,,,,,,,,,,,,,,,,,,,,,,,,,,,,,,,,,,,,,,,,,,,,,,,,,,,,,,,,,,,,,,,,,,San Francisco,2013-03-06
2014,3,6,,,,,,,,,,,,,,,,,,,,,,,,,,,,,,,,,,,,,,,,,,,,,,,,,,,,,,,,,,,,,,,,,,,,,San Francisco,2014-03-06
2015,3,6,225,377,28,6,17,9,28,28,18,26,74,100,116,213,14,0,6,6,14,19,16,12,49,61,95,132,9,6,10,3,13,4,2,13,19,32,7,2,0,0,0,0,0,0,0,0,0,0,7,30,5,0,1,0,1,5,0,1,6,7,2423,22,183,-240,-2,1670,137,455,San Francisco,2015-03-06
2016,3,6,198,263,14,7,4,12,35,25,11,16,71,87,99,165,5,2,2,5,18,23,10,7,51,58,86,77,8,5,1,4,14,2,1,5,17,22,5,4,0,0,0,0,0,0,0,0,0,0,8,17,1,0,1,3,3,0,0,4,3,7,1759,16,129,-245,-7,1178,106,320,San Francisco,2016-03-06
2017,3,6,217,259,15,8,6,9,39,30,13,15,82,97,130,146,12,2,2,5,32,16,9,7,57,64,74,92,2,6,4,3,7,10,4,7,21,28,2,4,1,0,0,0,0,0,0,0,0,0,11,17,0,0,0,1,0,4,0,1,4,5,2262,22,198,-244,-6,1627,126,313,San Francisco,2017-03-06
2018,3,6,265,316,23,3,5,7,31,27,12,12,70,82,164,192,14,0,2,4,19,19,9,6,47,53,82,101,6,3,2,3,11,3,2,5,16,21,4,3,0,0,0,0,1,1,0,0,2,2,15,20,3,0,1,0,0,4,1,1,5,6,2298,17,206,-243,-5,1553,113,427,San Francisco,2018-03-06
2019,3,6,167,317,19,4,6,2,52,26,10,8,88,96,108,201,10,0,5,1,32,18,4,6,54,60,29,92,4,3,1,1,16,6,6,2,28,30,8,4,0,0,0,0,1,0,0,0,1,1,22,20,5,1,0,0,3,2,0,0,5,5,2210,30,196,-242,-4,1395,133,415,San Francisco,2019-03-06
2020,3,6,187,260,14,1,6,8,36,58,16,14,110,124,107,163,8,0,6,3,23,48,15,9,86,95,68,79,3,1,0,4,11,6,1,4,18,22,3,3,1,0,0,0,1,0,0,0,1,1,9,15,2,0,0,1,1,4,0,1,5,6,1909,18,142,-240,-2,1169,114,460,San Francisco,2020-03-06
2021,3,6,134,162,9,14,2,7,40,21,8,9,69,78,49,90,5,2,1,3,25,16,4,4,45,49,79,58,3,11,1,2,12,3,4,3,19,22,2,0,0,0,0,0,0,0,0,0,0,0,4,14,1,1,0,2,3,2,0,2,5,7,1470,4,114,-246,-8,855,95,369,San Francisco,2021-03-06
2022,3,6,107,187,10,11,11,9,35,26,15,20,76,96,38,102,6,2,8,6,26,19,8,14,53,67,59,69,4,8,3,3,7,4,6,6,17,23,1,4,0,0,0,0,0,0,0,0,0,0,9,12,0,1,0,0,2,3,1,0,6,6,1510,19,109,-245,-7,902,86,350,San Francisco,2022-03-06
2023,3,6,57,169,17,5,5,10,34,38,9,15,81,96,24,109,12,0,2,4,17,24,5,6,46,52,29,43,5,4,2,5,16,10,3,7,29,36,1,2,0,0,0,0,0,0,0,0,0,0,3,15,0,1,1,1,1,4,1,2,6,8,1523,15,102,-244,-6,842,96,364,San Francisco,2023-03-06
2024,3,6,110,225,17,6,11,7,26,18,7,18,51,69,60,135,13,0,7,3,19,14,4,10,37,47,43,72,3,5,3,4,6,4,3,7,13,20,1,5,0,0,0,0,0,0,0,0,0,0,6,13,1,1,1,0,1,0,0,1,1,2,1619,12,111,-242,-4,995,82,361,San Francisco,2024-03-06
2012,4,6,,,,,,,,,,,,,,,,,,,,,,,,,,,,,,,,,,,,,,,,,,,,,,,,,,,,,,,,,,,,,,,,,,,,,San Francisco,2012-04-06
2013,4,6,,,,,,,,,,,,,,,,,,,,,,,,,,,,,,,,,,,,,,,,,,,,,,,,,,,,,,,,,,,,,,,,,,,,,San Francisco,2013-04-06
2014,4,6,,,,,,,,,,,,,,,,,,,,,,,,,,,,,,,,,,,,,,,,,,,,,,,,,,,,,,,,,,,,,,,,,,,,,San Francisco,2014-04-06
2015,4,6,238,325,27,2,9,13,36,20,14,22,70,92,152,228,22,2,2,7,18,17,11,9,46,55,69,77,3,0,7,6,11,1,2,13,14,27,8,2,0,0,0,0,1,0,1,0,2,2,9,18,2,0,0,0,6,2,0,0,8,8,2125,28,117,-209,29,1513,142,295,San Francisco,2015-04-06
2016,4,6,311,344,31,8,8,9,35,30,6,17,71,88,197,207,22,0,7,7,19,26,4,14,49,63,83,109,8,8,0,2,10,3,2,2,15,17,5,5,0,0,0,0,1,0,0,0,1,1,26,23,1,0,1,0,5,1,0,1,6,7,2492,29,154,-214,24,1718,156,448,San Francisco,2016-04-06
2017,4,6,217,305,36,2,4,11,34,34,17,15,85,100,138,204,20,2,1,8,22,25,14,9,61,70,62,78,11,0,3,3,8,5,3,6,16,22,10,3,2,0,0,0,1,1,0,0,2,2,7,20,3,0,0,0,3,3,0,0,6,6,2404,31,161,-213,25,1625,145,400,San Francisco,2017-04-06
2018,4,6,201,247,29,1,7,15,48,31,10,22,89,111,124,155,19,0,7,11,33,26,8,18,67,85,65,71,6,1,0,4,13,3,1,4,17,21,2,3,1,0,0,0,0,0,0,0,0,0,10,18,3,0,0,0,2,2,1,0,5,5,1811,17,101,-212,26,1084,105,427,San Francisco,2018-04-06
2019,4,6,173,274,10,5,8,9,35,32,4,17,71,88,82,165,5,1,3,4,21,22,3,7,46,53,74,92,3,3,5,5,12,4,0,10,16,26,2,4,0,0,0,0,0,1,1,0,2,2,15,13,2,1,0,0,2,5,0,0,7,7,2271,26,140,-211,27,1370,132,453,San Francisco,2019-04-06
2020,4,6,144,190,4,3,4,12,29,27,14,16,70,86,85,133,4,3,4,8,12,24,13,12,49,61,49,43,0,0,0,3,15,1,0,3,16,19,3,2,0,0,0,0,1,0,1,0,2,2,7,12,0,0,0,1,1,2,0,1,3,4,1605,10,99,-209,29,1007,112,283,San Francisco,2020-04-06
2021,4,6,104,215,10,3,5,14,39,35,6,19,80,99,60,145,6,1,4,7,29,29,5,11,63,74,39,50,3,1,1,4,10,4,1,5,15,20,3,2,0,0,0,0,0,0,0,0,0,0,2,18,1,1,0,3,0,2,0,3,2,5,1781,18,102,-215,23,1165,114,292,San Francisco,2021-04-06
2022,4,6,127,222,16,7,4,4,38,18,8,8,64,72,69,145,14,2,2,2,23,13,5,4,41,45,52,58,2,4,2,2,14,3,2,4,19,23,0,4,0,0,0,0,0,0,0,0,0,0,6,15,0,1,0,0,1,2,1,0,4,4,1452,16,90,-214,24,833,114,371,San Francisco,2022-04-06
2023,4,6,83,184,13,7,7,9,27,31,13,16,71,87,43,131,9,1,7,4,18,26,11,11,55,66,35,41,2,4,0,4,6,4,1,4,11,15,0,1,0,0,0,0,1,0,0,0,1,1,5,11,2,2,0,1,2,1,1,1,4,5,1517,19,113,-213,25,902,99,363,San Francisco,2023-04-06
2024,4,6,102,168,15,7,7,13,36,31,8,20,75,95,36,114,12,0,3,4,18,25,7,7,50,57,56,36,3,6,3,6,16,5,1,9,22,31,3,1,0,0,0,0,1,1,0,0,2,2,7,17,0,1,1,3,1,0,0,4,1,5,1429,19,96,-211,27,814,86,378,San Francisco,2024-04-06
2012,5,6,,,,,,,,,,,,,,,,,,,,,,,,,,,,,,,,,,,,,,,,,,,,,,,,,,,,,,,,,,,,,,,,,,,,,San Francisco,2012-05-06
2013,5,6,,,,,,,,,,,,,,,,,,,,,,,,,,,,,,,,,,,,,,,,,,,,,,,,,,,,,,,,,,,,,,,,,,,,,San Francisco,2013-05-06
2014,5,6,,,,,,,,,,,,,,,,,,,,,,,,,,,,,,,,,,,,,,,,,,,,,,,,,,,,,,,,,,,,,,,,,,,,,San Francisco,2014-05-06
2015,5,6,229,341,26,7,10,10,36,52,23,20,111,131,148,248,16,2,5,5,27,42,17,10,86,96,60,70,3,5,3,5,6,5,2,8,13,21,6,2,2,0,0,0,0,0,1,0,1,1,15,21,5,0,2,0,3,5,3,2,11,13,2133,19,153,-179,59,1469,142,373,San Francisco,2015-05-06
2016,5,6,249,326,15,6,5,14,27,43,14,19,84,103,144,220,12,1,3,7,18,32,12,10,62,72,86,89,2,5,1,7,6,6,2,8,14,22,4,0,0,0,0,0,1,0,0,0,1,1,15,17,1,0,1,0,2,5,0,1,7,8,2156,9,148,-184,54,1449,110,438,San Francisco,2016-05-06
2017,5,6,266,265,11,4,9,13,36,32,10,22,78,100,147,164,3,1,5,10,22,23,6,15,51,66,99,81,8,3,3,2,11,7,2,5,20,25,1,0,0,0,0,0,1,0,0,0,1,1,19,20,0,0,1,1,2,2,2,2,6,8,2224,11,139,-183,55,1429,121,439,San Francisco,2017-05-06
2018,5,6,277,256,19,8,18,16,23,27,11,34,61,95,182,176,15,1,12,8,16,17,9,20,42,62,67,57,3,6,5,5,4,7,1,10,12,22,5,1,0,0,0,0,0,1,1,0,2,2,23,22,1,1,1,3,3,2,0,4,5,9,1966,17,147,-182,56,1215,124,431,San Francisco,2018-05-06
2019,5,6,152,355,15,4,9,11,41,26,3,20,70,90,104,253,11,1,8,6,30,22,1,14,53,67,37,72,3,3,1,3,10,3,0,4,13,17,1,4,0,0,0,1,0,0,1,1,1,2,10,26,1,0,0,1,1,1,1,1,3,4,2297,19,144,-181,57,1458,124,437,San Francisco,2019-05-06
2020,5,6,140,265,9,6,4,14,40,27,18,18,85,103,81,186,8,1,2,13,22,24,15,15,61,76,45,61,1,0,1,1,15,1,2,2,18,20,2,2,0,0,0,0,0,0,0,0,0,0,12,16,0,5,1,0,3,2,1,1,6,7,2086,13,118,-179,59,1280,94,341,San Francisco,2020-05-06
2021,5,6,111,196,13,8,8,9,31,35,13,17,79,96,62,128,12,2,7,7,23,33,8,14,64,78,38,59,1,6,1,1,6,2,2,2,10,12,2,0,0,0,0,0,0,0,0,0,0,0,9,9,0,0,0,1,2,0,3,1,5,6,1452,11,95,-185,53,882,95,356,San Francisco,2021-05-06
2022,5,6,100,197,18,5,9,7,27,29,11,16,67,83,50,142,10,2,7,2,17,25,8,9,50,59,42,40,6,3,2,5,5,2,1,7,8,15,0,0,0,0,0,0,0,0,0,0,0,0,8,15,2,0,0,0,5,2,2,0,9,9,1614,4,107,-184,54,932,99,407,San Francisco,2022-05-06
2023,5,6,131,167,13,11,8,13,31,23,7,21,61,82,61,107,11,1,2,4,21,21,3,6,45,51,59,45,2,9,1,5,6,2,3,6,11,17,3,3,0,0,1,1,1,0,0,2,1,3,8,12,0,1,4,3,3,0,1,7,4,11,1482,11,112,-183,55,835,99,395,San Francisco,2023-05-06
2024,5,6,68,158,13,5,4,11,16,32,15,15,63,78,44,98,8,2,2,7,9,28,11,9,48,57,19,44,2,3,2,3,3,2,2,5,7,12,1,1,0,0,0,0,0,0,1,0,1,1,4,15,3,0,0,1,4,2,1,1,7,8,1494,16,116,-181,57,832,92,326,San Francisco,2024-05-06
2012,6,6,,,,,,,,,,,,,,,,,,,,,,,,,,,,,,,,,,,,,,,,,,,,,,,,,,,,,,,,,,,,,,,,,,,,,San Francisco,2012-06-06
2013,6,6,,,,,,,,,,,,,,,,,,,,,,,,,,,,,,,,,,,,,,,,,,,,,,,,,,,,,,,,,,,,,,,,,,,,,San Francisco,2013-06-06
2014,6,6,,,,,,,,,,,,,,,,,,,,,,,,,,,,,,,,,,,,,,,,,,,,,,,,,,,,,,,,,,,,,,,,,,,,,San Francisco,2014-06-06
2015,6,6,239,318,20,6,17,17,26,39,14,34,79,113,127,223,13,3,12,11,18,31,7,23,56,79,87,60,3,1,4,4,6,2,5,8,13,21,1,1,0,0,0,1,0,0,2,1,2,3,24,34,4,2,1,1,2,6,0,2,8,10,2044,10,195,-148,90,1368,124,377,San Francisco,2015-06-06
2016,6,6,253,279,16,6,5,6,41,25,8,11,74,85,181,204,11,3,4,4,27,21,7,8,55,63,57,56,3,1,0,0,8,0,1,0,9,9,5,2,1,0,0,0,1,0,0,0,1,1,10,17,1,2,1,2,5,4,0,3,9,12,2051,22,153,-153,85,1415,116,383,San Francisco,2016-06-06
2017,6,6,239,244,17,13,9,18,33,32,10,27,75,102,177,179,13,1,7,11,21,27,8,18,56,74,39,47,2,8,0,6,8,5,1,6,14,20,3,2,0,0,0,0,0,0,0,0,0,0,20,16,2,4,2,1,4,0,1,3,5,8,2233,10,151,-152,86,1493,132,418,San Francisco,2017-06-06
2018,6,6,150,283,23,5,13,9,30,47,12,22,89,111,92,211,19,1,10,7,22,38,10,17,70,87,48,41,2,4,3,0,6,5,1,3,12,15,2,2,0,0,0,0,0,0,0,0,0,0,8,29,2,0,0,2,2,4,1,2,7,9,2043,8,142,-151,87,1320,123,416,San Francisco,2018-06-06
2019,6,6,221,326,16,7,7,9,36,32,3,16,71,87,153,245,12,4,4,7,24,26,3,11,53,64,35,54,4,3,2,1,9,2,0,3,11,14,4,3,0,0,0,0,0,1,0,0,1,1,29,24,0,0,1,1,3,3,0,2,6,8,2366,18,163,-150,88,1526,144,439,San Francisco,2019-06-06
2020,6,6,124,182,14,17,4,6,48,18,12,10,78,88,58,134,9,3,3,1,27,18,11,4,56,60,49,31,2,9,1,4,11,0,1,5,12,17,3,1,0,0,0,0,1,0,0,0,1,1,14,16,3,5,0,1,9,0,0,1,9,10,1511,11,138,-148,90,924,94,308,San Francisco,2020-06-06
2021,6,6,125,161,8,20,2,9,35,27,10,11,72,83,66,118,4,6,1,6,25,22,7,7,54,61,48,34,3,11,0,3,6,4,0,3,10,13,0,0,0,0,0,0,1,0,0,0,1,1,11,9,1,3,1,0,3,1,3,1,7,8,1386,5,117,-154,84,830,82,338,San Francisco,2021-06-06
2022,6,6,101,174,16,10,5,7,42,18,9,12,69,81,59,135,13,0,3,4,29,15,7,7,51,58,31,27,2,8,2,2,6,3,2,4,11,15,2,3,0,0,0,0,0,0,0,0,0,0,9,9,1,2,0,1,7,0,0,1,7,8,1457,13,94,-153,85,838,110,359,San Francisco,2022-06-06
2023,6,6,112,197,9,10,3,9,29,28,12,12,69,81,69,160,9,4,2,7,22,25,11,9,58,67,29,25,0,3,1,2,5,1,1,3,7,10,1,2,0,0,0,0,1,0,0,0,1,1,13,10,0,3,0,0,1,2,0,0,3,3,1712,10,130,-152,86,979,94,410,San Francisco,2023-06-06
2024,6,6,93,198,19,4,11,7,28,25,5,18,58,76,57,140,17,2,3,5,17,22,5,8,44,52,25,41,1,2,5,2,9,1,0,7,10,17,0,5,0,0,0,0,0,0,0,0,0,0,11,12,1,0,3,0,2,2,0,3,4,7,1525,11,119,-150,88,886,100,381,San Francisco,2024-06-06
2012,7,6,,,,,,,,,,,,,,,,,,,,,,,,,,,,,,,,,,,,,,,,,,,,,,,,,,,,,,,,,,,,,,,,,,,,,San Francisco,2012-07-06
2013,7,6,,,,,,,,,,,,,,,,,,,,,,,,,,,,,,,,,,,,,,,,,,,,,,,,,,,,,,,,,,,,,,,,,,,,,San Francisco,2013-07-06
2014,7,6,,,,,,,,,,,,,,,,,,,,,,,,,,,,,,,,,,,,,,,,,,,,,,,,,,,,,,,,,,,,,,,,,,,,,San Francisco,2014-07-06
2015,7,6,237,430,27,19,10,10,47,40,21,20,108,128,151,303,22,9,7,4,37,34,16,11,87,98,57,78,3,4,3,2,7,4,4,5,15,20,5,4,1,1,0,0,0,0,1,0,1,1,24,45,1,5,0,4,3,2,0,4,5,9,2276,22,208,-118,120,1587,147,366,San Francisco,2015-07-06
2016,7,6,288,257,16,10,10,10,44,23,11,20,78,98,211,174,13,5,9,4,31,18,10,13,59,72,58,55,3,3,0,4,10,4,0,4,14,18,2,2,0,0,0,0,0,0,0,0,0,0,17,26,0,2,1,2,3,1,1,3,5,8,2069,12,148,-123,115,1377,131,385,San Francisco,2016-07-06
2017,7,6,248,281,14,9,9,9,35,25,9,18,69,87,171,201,12,1,6,5,29,22,6,11,57,68,51,61,1,5,3,1,5,1,1,4,7,11,4,2,0,0,0,0,0,0,0,0,0,0,22,17,1,3,0,3,1,2,2,3,5,8,2390,15,189,-122,116,1639,148,367,San Francisco,2017-07-06
2018,7,6,160,320,18,7,6,16,39,37,13,22,89,111,82,232,12,0,2,12,29,30,10,14,69,83,56,61,5,7,4,3,7,6,1,7,14,21,2,3,0,0,0,0,0,0,1,0,1,1,20,24,1,0,0,1,3,1,1,1,5,6,2122,15,164,-121,117,1312,126,444,San Francisco,2018-07-06
2019,7,6,190,244,17,16,8,12,29,25,1,20,55,75,130,186,10,1,7,10,22,22,1,17,45,62,48,39,6,14,0,2,5,2,0,2,7,9,2,3,0,0,0,0,0,0,0,0,0,0,10,16,1,1,1,0,2,1,0,1,3,4,2031,16,158,-120,118,1261,121,343,San Francisco,2019-07-06
2020,7,6,121,199,10,3,5,10,55,37,18,15,110,125,66,137,9,1,3,6,40,30,15,9,85,94,35,42,1,2,1,2,9,0,2,3,11,14,1,1,0,0,0,1,0,0,0,1,0,1,19,19,0,0,1,1,6,7,1,2,14,16,1580,19,121,-118,120,1023,103,327,San Francisco,2020-07-06
2021,7,6,139,190,19,12,4,14,44,32,12,18,88,106,76,142,16,3,4,11,38,28,9,15,75,90,38,32,1,6,0,2,4,3,2,2,9,11,2,2,0,0,0,1,0,0,1,1,1,2,23,14,2,3,0,0,2,1,0,0,3,3,1724,10,128,-124,114,1080,130,361,San Francisco,2021-07-06
2022,7,6,137,208,6,10,3,11,34,27,10,14,71,85,75,154,5,6,3,8,26,22,10,11,58,69,34,36,1,2,0,2,7,1,0,2,8,10,10,1,0,0,0,0,0,0,0,0,0,0,18,17,0,2,0,1,1,4,0,1,5,6,1478,22,117,-123,115,889,135,328,San Francisco,2022-07-06
2023,7,6,107,211,9,6,8,12,42,29,20,20,91,111,73,168,8,2,6,9,28,23,17,15,68,83,23,27,1,3,1,2,10,3,3,3,16,19,1,0,0,0,0,0,1,0,0,0,1,1,10,16,0,1,1,1,3,3,0,2,6,8,1625,8,129,-122,116,928,97,386,San Francisco,2023-07-06
2024,7,6,99,159,14,9,5,9,38,22,13,14,73,87,42,111,11,2,4,8,22,18,9,12,49,61,40,32,1,3,1,1,13,1,2,2,16,18,0,1,0,0,0,0,1,0,0,0,1,1,17,15,2,4,0,0,2,3,2,0,7,7,1388,6,135,-120,118,790,97,339,San Francisco,2024-07-06
2012,8,6,,,,,,,,,,,,,,,,,,,,,,,,,,,,,,,,,,,,,,,,,,,,,,,,,,,,,,,,,,,,,,,,,,,,,San Francisco,2012-08-06
2013,8,6,,,,,,,,,,,,,,,,,,,,,,,,,,,,,,,,,,,,,,,,,,,,,,,,,,,,,,,,,,,,,,,,,,,,,San Francisco,2013-08-06
2014,8,6,,,,,,,,,,,,,,,,,,,,,,,,,,,,,,,,,,,,,,,,,,,,,,,,,,,,,,,,,,,,,,,,,,,,,San Francisco,2014-08-06
2015,8,6,236,339,21,7,14,13,39,29,12,27,80,107,153,235,17,0,10,4,27,27,11,14,65,79,54,71,2,3,2,6,9,1,1,8,11,19,8,3,1,0,0,0,1,0,0,0,1,1,21,30,1,4,2,3,2,1,0,5,3,8,2166,22,172,-87,151,1544,129,375,San Francisco,2015-08-06
2016,8,6,255,326,16,10,3,11,32,27,9,14,68,82,142,215,12,2,0,6,22,23,4,6,49,55,94,90,3,6,2,3,9,1,5,5,15,20,7,1,1,0,0,1,0,0,0,1,0,1,12,20,0,2,1,1,1,3,0,2,4,6,2158,18,133,-92,146,1421,132,406,San Francisco,2016-08-06
2017,8,6,254,306,13,10,6,10,42,33,16,16,91,107,143,205,8,3,3,4,29,28,9,7,66,73,90,75,3,6,2,5,10,4,5,7,19,26,3,1,0,0,0,1,0,0,0,1,0,1,18,25,2,1,1,0,3,1,2,1,6,7,2305,8,133,-91,147,1393,120,420,San Francisco,2017-08-06
2018,8,6,141,300,16,8,9,12,54,40,9,21,103,124,90,200,12,0,5,11,32,36,8,16,76,92,41,79,3,8,2,1,17,3,1,3,21,24,1,1,0,0,1,0,0,0,0,1,0,1,9,20,1,0,1,0,5,1,0,1,6,7,2135,10,129,-90,148,1343,120,406,San Francisco,2018-08-06
2019,8,6,210,278,12,8,10,10,42,49,14,20,105,125,158,209,10,5,3,7,31,39,13,10,83,93,42,50,1,2,6,3,6,9,1,9,16,25,1,5,0,0,0,0,1,0,0,0,1,1,9,14,1,1,1,0,4,1,0,1,5,6,2202,13,154,-89,149,1380,117,481,San Francisco,2019-08-06
2020,8,6,149,227,13,8,4,14,36,26,13,18,75,93,86,164,9,1,4,7,24,23,9,11,56,67,46,46,2,5,0,5,8,0,3,5,11,16,3,1,0,0,0,0,0,0,1,0,1,1,14,16,2,2,0,2,4,3,0,2,7,9,1648,13,115,-87,151,1059,111,326,San Francisco,2020-08-06
2021,8,6,133,215,16,10,3,10,41,33,15,13,89,102,69,168,8,2,2,7,26,30,13,9,69,78,47,32,6,8,1,0,12,1,1,1,14,15,1,1,1,0,0,0,0,1,0,0,1,1,16,14,1,0,0,3,3,1,1,3,5,8,1613,9,104,-93,145,934,108,406,San Francisco,2021-08-06
2022,8,6,132,208,18,11,6,12,39,24,7,18,70,88,56,149,11,3,2,6,24,19,6,8,49,57,64,49,6,8,3,3,14,4,0,6,18,24,0,1,0,0,0,0,0,0,0,0,0,0,12,9,1,0,1,3,1,1,1,4,3,7,1537,11,138,-92,146,846,104,438,San Francisco,2022-08-06
2023,8,6,86,158,20,7,4,17,33,17,18,21,68,89,45,109,12,3,3,11,19,13,15,14,47,61,36,39,6,4,1,2,14,2,2,3,18,21,0,1,0,0,0,0,0,0,1,0,1,1,5,9,2,0,0,4,0,2,0,4,2,6,1509,9,115,-91,147,807,81,374,San Francisco,2023-08-06
2024,8,6,101,176,15,9,6,10,34,16,13,16,63,79,66,123,7,3,5,6,19,14,12,11,45,56,27,34,5,4,1,3,13,2,1,4,16,20,0,5,0,0,0,0,1,0,0,0,1,1,8,14,3,2,0,1,1,0,0,1,1,2,1647,13,108,-89,149,901,99,362,San Francisco,2024-08-06
2012,9,6,,,,,,,,,,,,,,,,,,,,,,,,,,,,,,,,,,,,,,,,,,,,,,,,,,,,,,,,,,,,,,,,,,,,,San Francisco,2012-09-06
2013,9,6,,,,,,,,,,,,,,,,,,,,,,,,,,,,,,,,,,,,,,,,,,,,,,,,,,,,,,,,,,,,,,,,,,,,,San Francisco,2013-09-06
2014,9,6,,,,,,,,,,,,,,,,,,,,,,,,,,,,,,,,,,,,,,,,,,,,,,,,,,,,,,,,,,,,,,,,,,,,,San Francisco,2014-09-06
2015,9,6,244,303,13,14,14,14,24,20,10,28,54,82,126,181,5,2,7,5,10,16,7,12,33,45,98,103,7,11,7,9,13,4,3,16,20,36,5,0,0,0,0,0,0,0,0,0,0,0,15,19,1,1,0,0,1,0,0,0,1,1,2097,14,119,-56,182,1463,120,342,San Francisco,2015-09-06
2016,9,6,295,303,20,3,8,17,34,36,13,25,83,108,206,197,18,0,6,10,26,24,10,16,60,76,63,84,0,2,2,7,7,7,3,9,17,26,10,4,0,1,0,0,1,0,0,0,1,1,16,18,2,0,0,0,0,5,0,0,5,5,2395,34,129,-61,177,1644,135,399,San Francisco,2016-09-06
2017,9,6,268,325,21,6,12,14,30,33,9,26,72,98,164,216,18,0,3,7,21,25,7,10,53,63,76,86,2,5,7,3,6,4,1,10,11,21,7,5,0,0,1,1,2,0,0,2,2,4,21,18,1,1,1,3,1,4,1,4,6,10,2368,31,150,-60,178,1537,127,467,San Francisco,2017-09-06
2018,9,6,149,307,21,8,10,4,33,33,5,14,71,85,80,223,11,1,7,2,20,23,3,9,46,55,57,62,9,6,3,2,10,6,2,5,18,23,5,2,0,0,0,0,0,1,0,0,1,1,7,20,1,1,0,0,3,3,0,0,6,6,2162,17,132,-59,179,1340,127,458,San Francisco,2018-09-06
2019,9,6,242,309,23,12,10,9,44,31,7,19,82,101,147,195,17,3,9,4,34,26,5,13,65,78,78,86,5,9,1,4,10,2,2,5,14,19,7,8,0,0,0,0,0,0,0,0,0,0,10,20,1,0,0,1,0,3,0,1,3,4,2213,28,148,-58,180,1417,126,483,San Francisco,2019-09-06
2020,9,6,195,187,8,14,6,8,47,26,9,14,82,96,74,127,5,0,4,5,29,19,0,9,48,57,103,51,3,13,2,3,13,5,6,5,24,29,4,0,0,0,0,0,2,0,0,0,2,2,14,9,0,1,0,0,3,2,3,0,8,8,1873,13,114,-56,182,1167,106,415,San Francisco,2020-09-06
2021,9,6,101,169,16,8,5,7,38,27,12,12,77,89,50,115,9,1,1,3,21,24,7,4,52,56,43,46,3,7,4,4,11,3,5,8,19,27,1,3,0,0,0,0,2,0,0,0,2,2,7,5,4,0,0,0,4,0,0,0,4,4,1604,10,108,-62,176,991,86,354,San Francisco,2021-09-06
2022,9,6,131,214,15,9,4,13,41,24,11,17,76,93,68,155,12,2,1,7,23,18,9,8,50,58,47,38,1,7,1,6,13,1,1,7,15,22,8,2,0,0,0,0,3,0,0,0,3,3,8,19,2,0,2,0,2,5,1,2,8,10,1672,28,93,-61,177,946,101,422,San Francisco,2022-09-06
2023,9,6,110,208,21,4,5,8,40,29,12,13,81,94,68,142,17,0,3,5,18,21,7,8,46,54,35,57,3,4,1,3,19,5,4,4,28,32,0,0,0,0,0,0,1,1,1,0,3,3,7,9,1,0,1,0,2,2,0,1,4,5,1634,18,100,-60,178,939,110,407,San Francisco,2023-09-06
2024,9,6,125,214,22,8,2,8,30,26,9,10,65,75,66,149,16,2,2,5,15,22,3,7,40,47,54,50,5,4,0,2,14,2,5,2,21,23,0,2,0,0,0,0,1,1,0,0,2,2,5,13,1,2,0,1,0,1,1,1,2,3,1705,13,101,-58,180,969,98,442,San Francisco,2024-09-06
2012,10,6,,,,,,,,,,,,,,,,,,,,,,,,,,,,,,,,,,,,,,,,,,,,,,,,,,,,,,,,,,,,,,,,,,,,,San Francisco,2012-10-06
2013,10,6,,,,,,,,,,,,,,,,,,,,,,,,,,,,,,,,,,,,,,,,,,,,,,,,,,,,,,,,,,,,,,,,,,,,,San Francisco,2013-10-06
2014,10,6,,,,,,,,,,,,,,,,,,,,,,,,,,,,,,,,,,,,,,,,,,,,,,,,,,,,,,,,,,,,,,,,,,,,,San Francisco,2014-10-06
2015,10,6,282,306,23,3,19,16,30,39,24,35,93,128,150,176,16,0,10,6,19,30,19,16,68,84,108,108,3,2,7,9,7,6,3,16,16,32,8,0,0,0,0,0,2,0,1,0,3,3,16,22,4,1,2,1,2,3,1,3,6,9,2219,24,161,-26,212,1507,146,409,San Francisco,2015-10-06
2016,10,6,245,293,29,4,7,11,28,34,12,18,74,92,126,151,13,0,2,7,22,27,9,9,58,67,98,108,14,3,5,2,5,4,3,7,12,19,13,5,0,0,0,1,0,0,0,1,0,1,8,29,2,1,0,1,1,3,0,1,4,5,2175,38,143,-31,207,1437,114,434,San Francisco,2016-10-06
2017,10,6,281,324,32,7,6,7,35,36,11,13,82,95,150,201,22,2,4,2,21,26,9,6,56,62,111,98,6,4,2,5,11,5,2,7,18,25,7,5,0,0,0,0,1,1,0,0,2,2,13,20,4,1,0,0,2,4,0,0,6,6,2324,44,170,-30,208,1468,120,488,San Francisco,2017-10-06
2018,10,6,244,327,16,13,13,13,39,40,6,26,85,111,88,203,10,1,7,6,21,31,3,13,55,68,145,104,4,11,6,7,15,6,2,13,23,36,1,3,1,0,0,0,0,0,0,0,0,0,10,17,1,1,0,0,3,3,1,0,7,7,2480,33,163,-29,209,1553,139,548,San Francisco,2018-10-06
2019,10,6,189,308,20,8,10,16,35,29,7,26,71,97,96,190,12,0,6,9,22,22,5,15,49,64,84,91,6,8,2,5,9,5,1,7,15,22,3,6,0,0,0,0,1,0,0,0,1,1,6,21,2,0,2,2,3,2,1,4,6,10,2038,25,133,-28,210,1248,119,510,San Francisco,2019-10-06
2020,10,6,100,185,14,12,4,9,29,27,8,13,64,77,54,116,12,3,2,3,18,22,6,5,46,51,32,49,2,5,2,4,8,4,1,6,13,19,1,3,0,0,0,0,1,0,1,0,2,2,13,17,0,4,0,2,2,1,0,2,3,5,1651,29,106,-26,212,1062,106,316,San Francisco,2020-10-06
2021,10,6,116,224,13,8,6,13,44,31,18,19,93,112,67,144,8,2,3,5,29,22,9,8,60,68,43,70,5,6,2,7,13,7,9,9,29,38,2,3,0,0,0,0,0,0,0,0,0,0,4,7,0,0,1,1,2,2,0,2,4,6,1737,22,87,-32,206,1024,117,404,San Francisco,2021-10-06
2022,10,6,107,209,12,3,6,5,40,35,9,11,84,95,50,127,6,0,5,1,26,27,7,6,60,66,48,66,6,3,0,4,10,5,2,4,17,21,4,3,0,0,0,0,0,0,0,0,0,0,5,13,0,0,1,0,4,3,0,1,7,8,1613,22,104,-31,207,952,100,380,San Francisco,2022-10-06
2023,10,6,122,199,23,8,8,9,32,25,11,17,68,85,54,132,14,1,6,6,18,20,6,12,44,56,61,57,8,7,2,3,11,4,3,5,18,23,5,2,0,0,0,0,1,0,1,0,2,2,2,8,1,0,0,0,2,1,1,0,4,4,1826,27,114,-30,208,942,112,523,San Francisco,2023-10-06
2024,10,6,111,152,21,10,4,7,35,26,6,11,67,78,42,85,8,0,1,2,20,19,3,3,42,45,62,57,10,10,3,2,13,5,1,5,19,24,1,2,0,0,0,0,1,0,0,0,1,1,6,8,3,0,0,3,1,2,2,3,5,8,1494,23,99,-28,210,743,95,497,San Francisco,2024-10-06
2012,11,6,,,,,,,,,,,,,,,,,,,,,,,,,,,,,,,,,,,,,,,,,,,,,,,,,,,,,,,,,,,,,,,,,,,,,San Francisco,2012-11-06
2013,11,6,,,,,,,,,,,,,,,,,,,,,,,,,,,,,,,,,,,,,,,,,,,,,,,,,,,,,,,,,,,,,,,,,,,,,San Francisco,2013-11-06
2014,11,6,,,,,,,,,,,,,,,,,,,,,,,,,,,,,,,,,,,,,,,,,,,,,,,,,,,,,,,,,,,,,,,,,,,,,San Francisco,2014-11-06
2015,11,6,227,282,18,5,13,11,35,35,15,24,85,109,106,166,11,0,3,5,18,26,11,8,55,63,98,91,5,5,9,6,13,5,2,15,20,35,10,5,0,0,0,0,2,1,0,0,3,3,13,20,2,0,1,0,2,3,2,1,7,8,2132,29,213,5,243,1447,125,378,San Francisco,2015-11-06
2016,11,6,245,245,13,6,11,18,44,29,17,29,90,119,126,104,6,1,2,7,20,16,13,9,49,58,107,125,6,4,8,11,21,8,4,19,33,52,4,2,0,0,0,0,0,0,0,0,0,0,8,14,1,1,1,0,3,5,0,1,8,9,2001,16,161,0,238,1269,137,426,San Francisco,2016-11-06
2017,11,6,265,294,21,12,8,13,23,35,8,21,66,87,134,150,14,1,5,7,15,18,4,12,37,49,102,113,6,11,2,5,4,10,4,7,18,25,9,3,0,0,0,0,0,0,0,0,0,0,20,28,1,0,1,1,4,7,0,2,11,13,2261,28,226,1,239,1482,127,419,San Francisco,2017-11-06
2018,11,6,186,338,21,5,5,8,54,34,12,13,100,113,109,198,16,1,2,4,36,17,8,6,61,67,68,117,5,4,0,4,15,9,4,4,28,32,5,3,0,0,1,0,0,0,0,1,0,1,4,20,0,0,2,0,3,8,0,2,11,13,2423,28,232,2,240,1527,138,484,San Francisco,2018-11-06
2019,11,6,276,344,15,7,13,14,50,49,5,27,104,131,156,198,9,0,5,7,26,35,5,12,66,78,89,111,5,7,6,5,17,7,0,11,24,35,5,4,0,0,0,0,3,1,0,0,4,4,26,31,1,0,2,2,4,6,0,4,10,14,2409,22,228,3,241,1536,139,430,San Francisco,2019-11-06
2020,11,6,117,205,13,5,9,10,51,42,15,19,108,127,53,102,10,1,6,2,30,26,11,8,67,75,56,81,2,3,2,6,19,10,3,8,32,40,2,4,0,0,0,2,1,0,0,2,1,3,6,18,1,1,1,0,1,6,1,1,8,9,1715,23,116,5,243,1063,105,334,San Francisco,2020-11-06
2021,11,6,136,197,11,12,3,9,42,24,16,12,82,94,28,100,2,3,2,4,21,19,10,6,50,56,100,75,8,8,0,5,19,4,4,5,27,32,2,3,1,0,0,0,1,0,1,0,2,2,6,19,0,1,1,0,1,1,1,1,3,4,1598,23,105,-1,237,874,96,465,San Francisco,2021-11-06
2022,11,6,119,172,6,6,5,9,46,24,15,14,85,99,64,82,2,0,1,4,25,15,8,5,48,53,52,71,4,6,3,5,18,9,7,8,34,42,1,3,0,0,0,0,0,0,0,0,0,0,2,16,0,0,1,0,3,0,0,1,3,4,1535,16,110,0,238,864,88,439,San Francisco,2022-11-06
2023,11,6,111,175,17,6,3,7,27,36,13,10,76,86,47,95,9,1,1,3,21,24,8,4,53,57,52,64,5,4,1,3,6,7,4,4,17,21,2,0,0,1,0,0,0,0,0,0,0,0,10,16,3,0,1,1,0,5,1,2,6,8,1682,26,170,1,239,937,108,390,San Francisco,2023-11-06
2024,11,6,106,205,19,4,6,9,30,23,9,15,62,77,63,108,10,2,2,5,14,17,4,7,35,42,40,82,6,2,3,3,15,5,4,6,24,30,1,4,0,0,1,0,0,0,1,1,1,2,2,11,3,0,0,1,1,1,0,1,2,3,1676,24,115,3,241,966,103,414,San Francisco,2024-11-06
2012,12,6,,,,,,,,,,,,,,,,,,,,,,,,,,,,,,,,,,,,,,,,,,,,,,,,,,,,,,,,,,,,,,,,,,,,,San Francisco,2012-12-06
2013,12,6,,,,,,,,,,,,,,,,,,,,,,,,,,,,,,,,,,,,,,,,,,,,,,,,,,,,,,,,,,,,,,,,,,,,,San Francisco,2013-12-06
2014,12,6,,,,,,,,,,,,,,,,,,,,,,,,,,,,,,,,,,,,,,,,,,,,,,,,,,,,,,,,,,,,,,,,,,,,,San Francisco,2014-12-06
2015,12,6,260,266,16,7,12,19,29,27,11,31,67,98,106,118,8,0,2,2,15,14,8,4,37,41,147,122,7,7,10,16,11,12,2,26,25,51,1,4,1,0,0,0,0,0,0,0,0,0,6,22,0,0,0,1,3,1,1,1,5,6,2083,20,174,35,273,1367,119,418,San Francisco,2015-12-06
2016,12,6,253,256,26,6,7,11,28,44,15,18,87,105,124,121,13,1,2,4,18,21,9,6,48,54,104,113,9,5,3,3,7,19,3,6,29,35,10,3,2,0,0,0,0,1,0,0,1,1,15,19,2,0,2,4,3,3,3,6,9,15,2228,40,209,30,268,1536,122,378,San Francisco,2016-12-06
2017,12,6,265,305,17,5,11,12,39,33,12,23,84,107,138,158,13,2,4,5,24,20,5,9,49,58,99,117,4,3,5,5,14,10,5,10,29,39,8,4,0,0,0,1,0,0,0,1,0,1,20,26,0,0,2,1,1,3,2,3,6,9,2391,40,242,31,269,1584,142,405,San Francisco,2017-12-06
2018,12,6,149,310,19,10,7,6,31,43,4,13,78,91,74,159,11,3,0,2,18,26,1,2,45,47,61,123,7,7,6,3,11,14,2,9,27,36,5,3,0,0,0,0,0,0,0,0,0,0,9,25,1,0,1,1,2,3,1,2,6,8,2093,35,199,32,270,1278,121,434,San Francisco,2018-12-06
2019,12,6,153,260,30,2,12,8,41,47,8,20,96,116,79,133,17,1,5,4,22,36,7,9,65,74,58,96,10,1,5,4,18,7,1,9,26,35,2,5,2,0,0,0,0,0,0,0,0,0,14,26,1,0,2,0,1,4,0,2,5,7,1982,27,213,33,271,1158,132,482,San Francisco,2019-12-06
2020,12,6,120,174,7,14,10,13,34,45,6,23,85,108,34,80,5,2,6,6,11,28,3,12,42,54,77,70,2,11,3,7,20,13,2,10,35,45,3,2,0,0,0,0,1,0,0,0,1,1,6,22,0,1,1,0,2,4,1,1,7,8,1413,21,133,35,273,860,91,337,San Francisco,2020-12-06
2021,12,6,110,203,10,7,8,7,47,33,17,15,97,112,50,110,3,2,5,4,22,19,12,9,53,62,54,79,4,5,3,3,18,11,4,6,33,39,3,1,1,0,0,0,3,0,1,0,4,4,3,13,2,0,0,0,4,3,0,0,7,7,1718,24,139,29,267,1025,95,372,San Francisco,2021-12-06
2022,12,6,63,170,16,8,6,15,34,32,15,21,81,102,28,83,9,0,2,6,16,19,8,8,43,51,27,70,2,7,4,8,14,8,6,12,28,40,3,0,1,0,0,0,0,0,0,0,0,0,5,17,4,1,0,1,4,5,1,1,10,11,1390,24,133,30,268,790,87,367,San Francisco,2022-12-06
2023,12,6,82,173,20,6,3,7,35,19,18,10,72,82,34,88,10,0,2,3,17,11,10,5,38,43,44,66,7,6,1,3,17,5,8,4,30,34,0,2,0,0,0,0,1,1,0,0,2,2,4,17,3,0,0,1,0,2,0,1,2,3,1437,23,123,31,269,884,77,325,San Francisco,2023-12-06
2024,12,6,116,197,14,5,4,6,21,27,11,10,59,69,55,103,7,0,2,3,11,19,8,5,38,43,56,75,5,4,2,3,8,5,3,5,16,21,1,2,0,0,0,0,0,0,0,0,0,0,4,17,2,1,0,0,2,3,0,0,5,5,1745,26,170,33,271,1006,78,429,San Francisco,2024-12-06
2012,1,7,,,,,,,,,,,,,,,,,,,,,,,,,,,,,,,,,,,,,,,,,,,,,,,,,,,,,,,,,,,,,,,,,,,,,San Francisco,2012-01-07
2013,1,7,,,,,,,,,,,,,,,,,,,,,,,,,,,,,,,,,,,,,,,,,,,,,,,,,,,,,,,,,,,,,,,,,,,,,San Francisco,2013-01-07
2014,1,7,,,,,,,,,,,,,,,,,,,,,,,,,,,,,,,,,,,,,,,,,,,,,,,,,,,,,,,,,,,,,,,,,,,,,San Francisco,2014-01-07
2015,1,7,250,371,27,11,10,6,35,38,7,16,80,96,98,177,14,3,5,2,21,18,4,7,43,50,130,156,8,8,4,3,14,12,3,7,29,36,10,3,0,0,0,0,0,0,0,0,0,0,12,35,5,0,1,1,0,8,0,2,8,10,2136,38,180,-298,-60,1567,123,320,San Francisco,2015-01-07
2016,1,7,207,317,23,3,7,8,32,28,10,15,70,85,101,142,10,0,4,4,18,14,5,8,37,45,90,142,5,3,2,4,10,11,3,6,24,30,7,5,2,0,0,0,1,0,0,0,1,1,9,28,6,0,1,0,3,3,2,1,8,9,2194,36,204,-304,-66,1516,139,340,San Francisco,2016-01-07
2017,1,7,186,211,21,7,6,8,37,15,6,14,58,72,100,110,8,0,1,4,24,9,3,5,36,41,75,81,11,6,5,4,10,5,1,9,16,25,1,4,1,0,0,0,1,0,0,0,1,1,10,16,1,1,0,0,2,1,2,0,5,5,1778,17,183,-302,-64,1193,104,338,San Francisco,2017-01-07
2018,1,7,217,248,11,11,10,16,39,21,8,26,68,94,108,132,6,3,1,7,13,14,4,8,31,39,88,97,5,8,8,8,21,5,3,16,29,45,6,4,0,0,0,0,2,0,0,0,2,2,15,15,0,0,1,1,3,2,1,2,6,8,1862,34,203,-301,-63,1128,110,365,San Francisco,2018-01-07
2019,1,7,135,322,14,4,5,11,34,31,8,16,73,89,57,169,8,1,0,6,20,23,4,6,47,53,66,110,4,3,4,3,10,4,4,7,18,25,6,9,0,0,0,0,3,1,0,0,4,4,6,34,2,0,1,2,1,3,0,3,4,7,2031,42,200,-300,-62,1271,136,377,San Francisco,2019-01-07
2020,1,7,126,272,12,4,10,6,33,49,14,16,96,112,60,135,8,1,5,4,19,35,9,9,63,72,50,106,2,3,4,2,13,11,5,6,29,35,6,4,0,0,0,0,0,0,0,0,0,0,10,27,2,0,1,0,1,3,0,1,4,5,2169,64,204,-299,-61,1443,124,350,San Francisco,2020-01-07
2021,1,7,105,217,13,12,4,18,43,45,14,22,102,124,44,105,7,0,2,7,18,33,9,9,60,69,54,90,1,11,2,9,20,8,4,11,32,43,2,1,1,0,0,0,1,0,0,0,1,1,5,21,4,1,0,2,4,4,1,2,9,11,1525,19,141,-304,-66,972,87,342,San Francisco,2021-01-07
2022,1,7,101,176,11,10,5,11,32,25,13,16,70,86,33,90,5,2,1,7,20,12,10,8,42,50,60,77,4,7,4,4,10,11,2,8,23,31,1,2,0,0,0,0,1,0,1,0,2,2,7,7,2,1,0,0,1,2,0,0,3,3,1455,28,118,-303,-65,859,90,346,San Francisco,2022-01-07
2023,1,7,76,132,13,7,5,9,48,17,7,14,72,86,32,61,3,2,1,1,22,10,0,2,32,34,39,65,8,5,3,7,21,6,6,10,33,43,3,1,1,0,0,0,0,0,0,0,0,0,2,5,1,0,1,1,5,1,1,2,7,9,1272,22,109,-302,-64,662,101,345,San Francisco,2023-01-07
2024,1,7,102,137,11,3,6,3,25,18,6,9,49,58,38,66,6,0,2,2,12,12,2,4,26,30,57,54,4,3,1,1,11,1,3,2,15,17,1,0,0,0,0,0,1,0,0,0,1,1,6,17,1,0,3,0,1,5,1,3,7,10,1437,21,149,-301,-63,799,81,340,San Francisco,2024-01-07
2012,2,7,,,,,,,,,,,,,,,,,,,,,,,,,,,,,,,,,,,,,,,,,,,,,,,,,,,,,,,,,,,,,,,,,,,,,San Francisco,2012-02-07
2013,2,7,,,,,,,,,,,,,,,,,,,,,,,,,,,,,,,,,,,,,,,,,,,,,,,,,,,,,,,,,,,,,,,,,,,,,San Francisco,2013-02-07
2014,2,7,,,,,,,,,,,,,,,,,,,,,,,,,,,,,,,,,,,,,,,,,,,,,,,,,,,,,,,,,,,,,,,,,,,,,San Francisco,2014-02-07
2015,2,7,241,325,28,6,9,11,32,22,11,20,65,85,109,177,12,1,3,4,16,16,8,7,40,47,118,125,11,5,4,7,13,2,2,11,17,28,4,4,0,0,0,0,0,1,0,0,1,1,10,19,5,0,2,0,3,3,1,2,7,9,2182,24,164,-267,-29,1527,118,383,San Francisco,2015-02-07
2016,2,7,236,296,23,15,9,19,28,26,12,28,66,94,102,152,10,3,4,6,19,13,7,10,39,49,111,121,11,12,5,12,9,11,5,17,25,42,7,5,0,0,0,0,0,0,0,0,0,0,16,18,2,0,0,1,0,2,0,1,2,3,1904,25,132,-273,-35,1167,124,429,San Francisco,2016-02-07
2017,2,7,175,252,21,5,5,6,33,26,9,11,68,79,79,125,12,1,1,1,20,15,8,2,43,45,78,96,7,4,4,4,10,9,0,8,19,27,6,4,0,0,0,0,1,0,1,0,2,2,12,27,2,0,0,1,2,2,0,1,4,5,2271,29,199,-271,-33,1616,144,319,San Francisco,2017-02-07
2018,2,7,288,282,22,9,12,13,28,39,6,25,73,98,155,170,15,2,5,7,12,29,4,12,45,57,106,85,4,7,6,6,12,6,2,12,20,32,10,3,0,0,0,0,0,0,0,0,0,0,17,24,3,0,1,0,4,4,0,1,8,9,2094,41,210,-270,-32,1305,128,416,San Francisco,2018-02-07
2019,2,7,126,281,16,7,6,6,38,41,7,12,86,98,73,156,8,0,3,3,23,26,4,6,53,59,43,99,7,7,3,2,12,9,3,5,24,29,3,6,0,0,0,0,2,0,0,0,2,2,7,20,1,0,0,1,1,6,0,1,7,8,2059,32,191,-269,-31,1248,99,424,San Francisco,2019-02-07
2020,2,7,207,283,23,2,7,10,45,36,7,17,88,105,125,147,13,1,5,4,25,21,5,9,51,60,70,103,6,1,2,3,19,11,2,5,32,37,5,8,0,0,0,0,0,0,0,0,0,0,7,25,4,0,0,3,1,4,0,3,5,8,2089,37,167,-268,-30,1323,117,434,San Francisco,2020-02-07
2021,2,7,133,171,13,7,4,14,44,31,12,18,87,105,47,98,5,1,3,6,24,17,7,9,48,57,81,57,6,5,1,7,18,8,5,8,31,39,1,1,0,1,0,0,0,0,0,0,0,0,4,15,2,0,0,1,2,6,0,1,8,9,1594,24,110,-273,-35,1021,78,331,San Francisco,2021-02-07
2022,2,7,97,211,15,5,4,10,54,18,12,14,84,98,48,134,10,0,3,8,26,13,8,11,47,58,44,61,1,5,0,2,19,4,2,2,25,27,1,3,1,0,0,0,3,0,0,0,3,3,4,13,3,0,1,0,6,1,2,1,9,10,1698,22,130,-272,-34,1014,118,371,San Francisco,2022-02-07
2023,2,7,96,163,9,6,6,6,35,26,9,12,70,82,42,85,6,2,4,4,20,20,7,8,47,55,46,67,3,4,2,1,13,4,1,3,18,21,2,2,0,0,0,0,1,0,1,0,2,2,6,9,0,0,0,1,1,2,0,1,3,4,1597,17,130,-271,-33,863,118,385,San Francisco,2023-02-07
2024,2,7,90,162,9,6,4,7,30,28,21,11,79,90,42,88,5,3,3,4,18,22,15,7,55,62,42,54,4,1,1,2,12,5,4,3,21,24,1,3,0,0,0,0,0,0,0,0,0,0,5,17,0,2,0,1,0,1,2,1,3,4,1443,21,124,-270,-32,912,102,308,San Francisco,2024-02-07
2012,3,7,,,,,,,,,,,,,,,,,,,,,,,,,,,,,,,,,,,,,,,,,,,,,,,,,,,,,,,,,,,,,,,,,,,,,San Francisco,2012-03-07
2013,3,7,,,,,,,,,,,,,,,,,,,,,,,,,,,,,,,,,,,,,,,,,,,,,,,,,,,,,,,,,,,,,,,,,,,,,San Francisco,2013-03-07
2014,3,7,,,,,,,,,,,,,,,,,,,,,,,,,,,,,,,,,,,,,,,,,,,,,,,,,,,,,,,,,,,,,,,,,,,,,San Francisco,2014-03-07
2015,3,7,271,291,22,16,10,15,32,37,13,25,82,107,131,167,12,2,0,7,21,26,9,7,56,63,118,102,8,11,10,8,11,7,3,18,21,39,3,3,0,0,0,0,0,0,0,0,0,0,19,19,2,3,0,0,0,4,1,0,5,5,2122,17,150,-239,-1,1446,123,415,San Francisco,2015-03-07
2016,3,7,240,282,20,11,5,11,50,17,15,16,82,98,150,161,17,5,3,7,34,11,14,10,59,69,74,96,3,6,2,3,11,6,1,5,18,23,6,2,0,0,0,0,0,0,0,0,0,0,10,23,0,0,0,1,5,0,0,1,5,6,1868,20,147,-244,-6,1194,118,367,San Francisco,2016-03-07
2017,3,7,249,310,13,6,7,13,30,31,11,20,72,92,160,182,8,0,3,6,15,16,8,9,39,48,68,100,4,5,3,6,14,9,2,9,25,34,6,1,0,0,0,0,1,0,0,0,1,1,15,27,1,1,1,1,0,6,1,2,7,9,2341,21,201,-243,-5,1543,123,416,San Francisco,2017-03-07
2018,3,7,228,288,15,3,13,10,28,29,4,23,61,84,143,181,10,0,4,4,15,21,3,8,39,47,69,83,5,3,8,4,10,5,1,12,16,28,7,0,0,0,0,0,0,1,0,0,1,1,9,24,0,0,1,2,3,2,0,3,5,8,1951,14,164,-242,-4,1275,94,361,San Francisco,2018-03-07
2019,3,7,227,282,21,4,7,7,31,31,9,14,71,85,154,168,15,0,5,3,21,20,4,8,45,53,46,89,4,4,2,3,7,7,4,5,18,23,9,3,0,0,0,0,1,1,0,0,2,2,18,22,2,0,0,1,2,3,1,1,6,7,2300,29,217,-241,-3,1517,94,394,San Francisco,2019-03-07
2020,3,7,166,250,10,2,9,6,31,41,12,15,84,99,77,144,5,2,7,4,17,34,10,11,61,72,70,84,3,0,2,2,12,4,1,4,17,21,2,0,1,0,0,0,0,0,0,0,0,0,17,22,1,0,0,0,2,3,1,0,6,6,1808,14,124,-239,-1,1177,100,391,San Francisco,2020-03-07
2021,3,7,105,172,10,9,6,7,45,26,6,13,77,90,41,93,6,1,4,3,26,19,4,7,49,56,55,61,2,8,2,4,18,4,2,6,24,30,6,3,1,0,0,0,0,0,0,0,0,0,3,15,1,0,0,0,1,3,0,0,4,4,1513,17,123,-245,-7,959,98,296,San Francisco,2021-03-07
2022,3,7,113,192,15,5,3,16,45,29,13,19,87,106,61,107,11,2,2,9,30,19,10,11,59,70,44,72,3,3,1,5,12,4,2,6,18,24,1,2,1,0,0,0,1,0,0,0,1,1,7,11,0,0,0,2,2,6,1,2,9,11,1564,19,110,-244,-6,869,113,387,San Francisco,2022-03-07
2023,3,7,77,156,13,4,2,5,41,32,10,7,83,90,42,104,9,1,1,4,29,22,9,5,60,65,30,42,3,2,1,1,12,4,0,2,16,18,1,0,0,0,0,0,0,0,0,0,0,0,4,10,1,1,0,0,0,6,1,0,7,7,1496,9,124,-243,-5,949,84,291,San Francisco,2023-03-07
2024,3,7,75,196,7,1,4,4,29,23,13,8,65,73,36,126,4,0,1,2,14,17,9,3,40,43,33,56,2,1,1,2,12,5,3,3,20,23,4,1,0,0,0,0,1,0,0,0,1,1,2,13,1,0,2,0,2,1,1,2,4,6,1851,27,118,-241,-3,1151,88,335,San Francisco,2024-03-07
2012,4,7,,,,,,,,,,,,,,,,,,,,,,,,,,,,,,,,,,,,,,,,,,,,,,,,,,,,,,,,,,,,,,,,,,,,,San Francisco,2012-04-07
2013,4,7,,,,,,,,,,,,,,,,,,,,,,,,,,,,,,,,,,,,,,,,,,,,,,,,,,,,,,,,,,,,,,,,,,,,,San Francisco,2013-04-07
2014,4,7,,,,,,,,,,,,,,,,,,,,,,,,,,,,,,,,,,,,,,,,,,,,,,,,,,,,,,,,,,,,,,,,,,,,,San Francisco,2014-04-07
2015,4,7,181,322,23,4,7,13,41,37,23,20,101,121,111,227,18,1,5,6,24,30,13,11,67,78,53,74,3,3,2,6,12,3,6,8,21,29,4,1,2,0,0,0,1,0,1,0,2,2,13,20,0,0,0,1,4,4,3,1,11,12,2075,20,125,-208,30,1483,125,315,San Francisco,2015-04-07
2016,4,7,218,282,28,8,7,16,33,44,14,23,91,114,128,171,19,7,5,9,18,29,10,14,57,71,73,90,6,1,2,5,10,13,3,7,26,33,9,3,0,0,0,0,1,0,0,0,1,1,8,18,3,0,0,2,4,2,1,2,7,9,2148,30,126,-213,25,1411,139,425,San Francisco,2016-04-07
2017,4,7,220,239,22,3,7,8,45,27,17,15,89,104,131,150,17,0,6,3,28,21,13,9,62,71,72,64,4,3,1,5,13,4,1,6,18,24,10,2,1,0,0,0,0,1,0,0,1,1,7,23,0,0,0,0,4,1,3,0,8,8,2247,23,138,-212,26,1441,139,398,San Francisco,2017-04-07
2018,4,7,245,298,18,6,10,15,35,34,7,25,76,101,140,201,12,3,4,12,19,22,4,16,45,61,87,74,5,2,3,2,16,8,2,5,26,31,6,5,0,0,0,0,0,0,0,0,0,0,12,18,1,1,3,1,0,4,1,4,5,9,2044,22,120,-211,27,1229,126,473,San Francisco,2018-04-07
2019,4,7,265,267,16,6,7,19,28,32,10,26,70,96,155,181,9,1,5,12,16,25,8,17,49,66,86,67,5,5,2,4,8,5,1,6,14,20,1,3,0,0,0,0,1,0,0,0,1,1,23,16,2,0,0,3,3,2,1,3,6,9,2214,30,151,-210,28,1286,124,479,San Francisco,2019-04-07
2020,4,7,146,276,8,7,5,9,31,33,14,14,78,92,97,195,6,1,4,7,20,28,10,11,58,69,38,64,1,6,1,1,10,3,1,2,14,16,3,0,0,0,0,1,1,0,0,1,1,2,8,17,1,0,0,0,0,2,3,0,5,5,1909,20,115,-208,30,1215,127,332,San Francisco,2020-04-07
2021,4,7,102,178,16,2,0,6,47,30,12,6,89,95,51,127,13,0,0,5,28,23,9,5,60,65,42,43,3,2,0,1,14,5,2,1,21,22,3,1,0,0,0,0,0,0,0,0,0,0,6,7,0,0,0,0,5,2,1,0,8,8,1508,20,80,-214,24,931,118,302,San Francisco,2021-04-07
2022,4,7,151,205,15,11,8,16,39,27,13,24,79,103,59,143,11,0,5,9,28,21,9,14,58,72,72,45,2,11,3,6,9,4,3,9,16,25,3,0,0,0,0,0,0,0,0,0,0,0,17,17,2,0,0,1,2,2,1,1,5,6,1667,13,134,-213,25,960,84,428,San Francisco,2022-04-07
2023,4,7,100,187,17,9,4,7,30,19,13,11,62,73,56,125,14,3,1,3,18,14,12,4,44,48,37,48,2,6,2,3,9,3,0,5,12,17,0,3,0,0,0,0,0,0,1,0,1,1,7,11,1,0,1,1,3,2,0,2,5,7,1678,24,120,-212,26,975,98,377,San Francisco,2023-04-07
2024,4,7,92,152,12,2,9,8,31,14,11,17,56,73,34,92,4,1,2,5,20,10,7,7,37,44,51,43,8,1,5,2,8,2,4,7,14,21,1,1,0,0,0,0,1,0,0,0,1,1,6,16,0,0,2,1,2,2,0,3,4,7,1433,19,91,-210,28,799,83,369,San Francisco,2024-04-07
2012,5,7,,,,,,,,,,,,,,,,,,,,,,,,,,,,,,,,,,,,,,,,,,,,,,,,,,,,,,,,,,,,,,,,,,,,,San Francisco,2012-05-07
2013,5,7,,,,,,,,,,,,,,,,,,,,,,,,,,,,,,,,,,,,,,,,,,,,,,,,,,,,,,,,,,,,,,,,,,,,,San Francisco,2013-05-07
2014,5,7,,,,,,,,,,,,,,,,,,,,,,,,,,,,,,,,,,,,,,,,,,,,,,,,,,,,,,,,,,,,,,,,,,,,,San Francisco,2014-05-07
2015,5,7,222,405,25,1,14,20,43,29,21,34,93,127,153,311,19,0,9,15,30,22,15,24,67,91,54,81,5,1,4,3,8,4,5,7,17,24,3,2,0,0,0,0,1,0,0,0,1,1,12,11,1,0,1,2,4,3,1,3,8,11,2345,18,141,-178,60,1703,125,344,San Francisco,2015-05-07
2016,5,7,272,303,17,7,13,16,22,29,14,29,65,94,152,196,10,1,6,10,19,23,10,16,52,68,93,78,6,6,7,4,2,6,3,11,11,22,3,2,0,0,0,0,0,0,0,0,0,0,24,27,1,0,0,2,1,0,1,2,2,4,2094,12,150,-183,55,1429,112,382,San Francisco,2016-05-07
2017,5,7,217,227,20,3,7,18,34,32,8,25,74,99,123,153,14,0,6,11,24,24,4,17,52,69,81,57,6,3,0,4,9,5,4,4,18,22,1,1,0,0,0,0,1,0,0,0,1,1,12,16,0,0,1,3,0,3,0,4,3,7,1923,10,141,-182,56,1273,117,354,San Francisco,2017-05-07
2018,5,7,293,278,21,5,10,12,42,35,6,22,83,105,205,209,14,3,4,6,31,27,5,10,63,73,68,48,3,2,5,4,5,6,1,9,12,21,3,1,1,0,0,0,1,0,0,0,1,1,17,20,3,0,1,2,5,2,0,3,7,10,2351,18,123,-181,57,1605,135,418,San Francisco,2018-05-07
2019,5,7,169,329,11,2,8,9,34,38,11,17,83,100,123,232,8,1,4,9,23,31,9,13,63,76,37,72,2,1,2,0,6,6,1,2,13,15,1,5,0,0,0,0,0,0,0,0,0,0,8,20,1,0,2,0,5,1,1,2,7,9,2246,16,145,-180,58,1452,142,440,San Francisco,2019-05-07
2020,5,7,165,222,7,14,3,12,38,33,12,15,83,98,106,169,4,1,2,10,22,30,11,12,63,75,54,38,2,9,1,0,12,1,1,1,14,15,0,3,0,0,0,1,1,0,0,1,1,2,5,12,1,4,0,1,3,2,0,1,5,6,1994,14,122,-178,60,1181,98,366,San Francisco,2020-05-07
2021,5,7,141,184,24,10,8,9,50,35,19,17,104,121,62,141,20,1,7,7,33,29,13,14,75,89,71,34,4,9,1,1,11,3,1,2,15,17,0,1,0,0,0,0,1,0,1,0,2,2,8,8,0,0,0,1,5,3,4,1,12,13,1566,14,113,-184,54,927,91,421,San Francisco,2021-05-07
2022,5,7,133,175,12,4,9,12,36,31,8,21,75,96,67,120,10,1,4,7,26,27,5,11,58,69,52,46,1,3,4,5,10,2,3,9,15,24,1,0,0,0,0,0,0,0,0,0,0,0,13,9,1,0,1,0,0,2,0,1,2,3,1522,9,100,-183,55,878,109,410,San Francisco,2022-05-07
2023,5,7,128,180,14,16,9,8,32,19,9,17,60,77,68,120,9,4,4,3,21,16,6,7,43,50,56,46,5,9,5,5,10,3,2,10,15,25,0,2,0,0,0,0,0,0,0,0,0,0,4,12,0,3,0,0,1,0,1,0,2,2,1601,6,96,-182,56,892,104,398,San Francisco,2023-05-07
2024,5,7,93,172,14,1,3,12,34,26,7,15,67,82,58,118,13,0,1,10,24,23,4,11,51,62,31,40,1,1,1,1,7,1,3,2,11,13,0,1,0,0,0,0,0,0,0,0,0,0,4,13,0,0,1,1,3,2,0,2,5,7,1687,7,112,-180,58,943,98,395,San Francisco,2024-05-07
2012,6,7,,,,,,,,,,,,,,,,,,,,,,,,,,,,,,,,,,,,,,,,,,,,,,,,,,,,,,,,,,,,,,,,,,,,,San Francisco,2012-06-07
2013,6,7,,,,,,,,,,,,,,,,,,,,,,,,,,,,,,,,,,,,,,,,,,,,,,,,,,,,,,,,,,,,,,,,,,,,,San Francisco,2013-06-07
2014,6,7,,,,,,,,,,,,,,,,,,,,,,,,,,,,,,,,,,,,,,,,,,,,,,,,,,,,,,,,,,,,,,,,,,,,,San Francisco,2014-06-07
2015,6,7,218,310,25,8,14,14,23,22,14,28,59,87,124,213,14,0,8,10,12,17,9,18,38,56,72,72,7,5,6,4,10,3,4,10,17,27,1,0,0,0,0,0,0,0,0,0,0,0,21,25,4,3,0,0,1,2,1,0,4,4,1962,5,167,-147,91,1412,82,330,San Francisco,2015-06-07
2016,6,7,271,341,17,6,7,13,28,29,8,20,65,85,206,255,14,2,5,10,23,26,7,15,56,71,45,63,3,1,2,3,3,2,1,5,6,11,2,2,0,0,0,0,0,0,0,0,0,0,18,21,0,3,0,0,2,1,0,0,3,3,2338,8,156,-152,86,1650,138,383,San Francisco,2016-06-07
2017,6,7,272,292,23,9,9,17,42,32,11,26,85,111,197,217,21,0,1,13,31,24,9,14,64,78,50,55,1,7,6,3,9,4,1,9,14,23,6,1,0,0,0,0,0,0,0,0,0,0,19,19,1,2,2,1,2,4,1,3,7,10,2456,22,182,-151,87,1642,141,404,San Francisco,2017-06-07
2018,6,7,128,288,18,6,10,12,31,38,8,22,77,99,86,214,17,3,7,11,23,32,5,18,60,78,31,55,1,1,1,0,6,3,3,1,12,13,4,3,0,0,0,0,0,0,0,0,0,0,7,16,0,2,2,1,2,3,0,3,5,8,2031,10,138,-150,88,1263,113,443,San Francisco,2018-06-07
2019,6,7,191,282,13,3,4,6,33,43,8,10,84,94,138,196,10,1,3,2,24,38,7,5,69,74,33,58,2,2,1,2,6,2,0,3,8,11,7,1,0,0,0,0,0,0,0,0,0,0,13,27,1,0,0,2,3,3,1,2,7,9,2134,15,160,-149,89,1314,102,461,San Francisco,2019-06-07
2020,6,7,129,177,7,17,8,13,46,21,8,21,75,96,62,128,6,3,5,11,29,21,6,16,56,72,46,32,1,5,2,1,15,0,2,3,17,20,3,0,0,0,0,0,0,0,0,0,0,0,18,17,0,9,1,1,2,0,0,2,2,4,1485,9,130,-147,91,930,74,290,San Francisco,2020-06-07
2021,6,7,108,168,13,7,3,13,45,36,13,16,94,110,73,115,11,3,2,9,35,34,12,11,81,92,24,41,1,4,0,3,8,1,1,3,10,13,2,2,0,0,0,0,1,0,0,0,1,1,9,10,1,0,1,1,1,1,0,2,2,4,1583,13,116,-153,85,973,114,341,San Francisco,2021-06-07
2022,6,7,102,199,18,5,6,8,48,29,10,14,87,101,59,147,16,1,5,6,34,25,8,11,67,78,37,36,1,4,1,1,7,3,0,2,10,12,1,4,1,0,0,0,1,0,0,0,1,1,5,12,0,0,0,1,6,1,2,1,9,10,1399,11,105,-152,86,770,100,386,San Francisco,2022-06-07
2023,6,7,132,215,12,16,4,13,27,31,10,17,68,85,79,161,9,4,4,7,19,27,10,11,56,67,40,32,3,10,0,2,6,3,0,2,9,11,0,1,0,0,0,0,0,0,0,0,0,0,13,21,0,2,0,4,2,1,0,4,3,7,1604,9,137,-151,87,909,99,456,San Francisco,2023-06-07
2024,6,7,95,185,27,2,3,17,25,28,7,20,60,80,51,129,19,0,0,10,17,26,6,10,49,59,28,44,4,1,0,5,5,0,1,5,6,11,0,1,0,0,0,0,1,0,0,0,1,1,16,11,4,1,3,2,2,2,0,5,4,9,1471,10,141,-149,89,826,110,394,San Francisco,2024-06-07
2012,7,7,,,,,,,,,,,,,,,,,,,,,,,,,,,,,,,,,,,,,,,,,,,,,,,,,,,,,,,,,,,,,,,,,,,,,San Francisco,2012-07-07
2013,7,7,,,,,,,,,,,,,,,,,,,,,,,,,,,,,,,,,,,,,,,,,,,,,,,,,,,,,,,,,,,,,,,,,,,,,San Francisco,2013-07-07
2014,7,7,,,,,,,,,,,,,,,,,,,,,,,,,,,,,,,,,,,,,,,,,,,,,,,,,,,,,,,,,,,,,,,,,,,,,San Francisco,2014-07-07
2015,7,7,293,342,17,14,9,16,47,25,32,25,104,129,212,248,16,4,4,11,29,23,30,15,82,97,53,68,0,4,4,5,12,0,2,9,14,23,5,3,0,0,0,0,0,1,0,0,1,1,23,23,1,6,1,0,6,1,0,1,7,8,2429,25,188,-117,121,1677,159,412,San Francisco,2015-07-07
2016,7,7,292,290,14,20,11,4,34,27,7,15,68,83,214,219,13,4,8,1,24,18,6,9,48,57,50,47,0,11,1,2,7,9,0,3,16,19,3,3,0,0,0,0,1,0,0,0,1,1,25,21,1,5,2,1,2,0,1,3,3,6,2084,26,170,-122,116,1391,125,406,San Francisco,2016-07-07
2017,7,7,251,248,26,11,9,15,35,24,7,24,66,90,162,171,17,2,5,9,23,19,6,14,48,62,62,50,7,6,3,4,10,2,1,7,13,20,6,2,0,0,0,0,1,0,0,0,1,1,21,25,2,3,1,2,1,3,0,3,4,7,2240,14,171,-121,117,1457,123,407,San Francisco,2017-07-07
2018,7,7,147,272,16,8,10,11,38,36,4,21,78,99,79,207,10,1,7,6,28,29,3,13,60,73,51,50,3,6,2,2,7,4,0,4,11,15,3,1,0,0,1,0,0,0,0,1,0,1,14,14,3,1,0,3,3,3,1,3,7,10,1917,18,131,-120,118,1168,125,374,San Francisco,2018-07-07
2019,7,7,210,281,12,13,10,8,47,22,8,18,77,95,123,188,8,2,8,4,33,20,6,12,59,71,69,64,2,9,2,4,7,1,1,6,9,15,3,3,0,0,0,0,1,0,0,0,1,1,15,26,2,2,0,0,6,1,1,0,8,8,2034,16,153,-119,119,1272,117,368,San Francisco,2019-07-07
2020,7,7,104,209,8,11,3,16,45,22,11,19,78,97,48,147,6,3,2,12,32,19,10,14,61,75,39,29,0,6,1,3,11,0,1,4,12,16,1,1,0,0,0,0,1,0,0,0,1,1,16,32,2,2,0,1,1,3,0,1,4,5,1530,12,150,-117,121,962,119,334,San Francisco,2020-07-07
2021,7,7,109,219,9,13,8,13,38,33,17,21,88,109,58,154,8,4,6,8,30,24,16,14,70,84,32,41,0,5,2,2,6,4,1,4,11,15,5,3,0,2,0,0,0,0,0,0,0,0,14,21,1,2,0,3,2,5,0,3,7,10,1609,17,135,-123,115,1045,104,309,San Francisco,2021-07-07
2022,7,7,117,210,11,5,5,9,44,28,11,14,83,97,72,159,10,1,3,3,34,26,10,6,70,76,35,32,1,4,1,4,7,0,1,5,8,13,0,4,0,0,0,0,1,0,0,0,1,1,10,15,0,0,1,2,2,2,0,3,4,7,1447,10,124,-122,116,838,96,363,San Francisco,2022-07-07
2023,7,7,92,210,10,8,6,6,38,24,19,12,81,93,50,165,9,3,3,3,22,21,15,6,58,64,30,30,1,3,2,1,13,3,2,3,18,21,1,3,0,0,0,0,0,0,1,0,1,1,11,12,0,2,1,2,3,0,1,3,4,7,1601,12,146,-121,117,925,124,384,San Francisco,2023-07-07
2024,7,7,83,209,9,10,1,16,32,22,14,17,68,85,29,156,5,6,0,9,23,17,8,9,48,57,38,31,2,4,1,6,6,4,5,7,15,22,0,1,0,0,0,0,1,0,0,0,1,1,16,21,2,0,0,1,2,1,1,1,4,5,1403,5,176,-119,119,753,108,372,San Francisco,2024-07-07
2012,8,7,,,,,,,,,,,,,,,,,,,,,,,,,,,,,,,,,,,,,,,,,,,,,,,,,,,,,,,,,,,,,,,,,,,,,San Francisco,2012-08-07
2013,8,7,,,,,,,,,,,,,,,,,,,,,,,,,,,,,,,,,,,,,,,,,,,,,,,,,,,,,,,,,,,,,,,,,,,,,San Francisco,2013-08-07
2014,8,7,,,,,,,,,,,,,,,,,,,,,,,,,,,,,,,,,,,,,,,,,,,,,,,,,,,,,,,,,,,,,,,,,,,,,San Francisco,2014-08-07
2015,8,7,236,343,24,16,14,13,47,29,16,27,92,119,148,242,20,4,8,5,35,17,12,13,64,77,71,75,4,10,4,7,10,6,2,11,18,29,6,1,0,0,0,1,0,2,0,1,2,3,11,25,0,2,2,0,2,4,2,2,8,10,2483,19,197,-86,152,1715,128,423,San Francisco,2015-08-07
2016,8,7,224,326,23,6,7,7,28,23,14,14,65,79,132,235,15,1,4,4,20,17,8,8,45,53,68,63,7,2,2,3,6,2,4,5,12,17,4,2,1,0,0,0,0,0,0,0,0,0,20,26,0,3,1,0,2,4,2,1,8,9,2123,18,179,-91,147,1451,125,375,San Francisco,2016-08-07
2017,8,7,258,266,18,3,8,14,39,51,8,22,98,120,184,192,15,2,5,8,26,44,6,13,76,89,57,50,2,1,3,5,10,3,1,8,14,22,3,4,0,0,0,0,0,1,1,0,2,2,14,20,1,0,0,1,3,3,0,1,6,7,2265,22,131,-90,148,1360,125,472,San Francisco,2017-08-07
2018,8,7,125,276,22,2,10,9,39,32,7,19,78,97,77,193,18,2,5,9,27,29,5,14,61,75,35,54,1,0,4,0,9,3,1,4,13,17,2,5,0,0,0,0,0,0,0,0,0,0,11,24,3,0,1,0,3,0,1,1,4,5,1887,14,174,-89,149,1161,136,371,San Francisco,2018-08-07
2019,8,7,206,391,28,4,13,6,24,34,10,19,68,87,126,305,23,1,7,5,14,30,8,12,52,64,62,74,4,3,3,1,7,0,1,4,8,12,3,1,0,0,2,0,1,1,0,2,2,4,15,11,1,0,1,0,2,3,1,1,6,7,2374,19,144,-88,150,1577,129,419,San Francisco,2019-08-07
2020,8,7,148,217,13,10,6,11,45,31,11,17,87,104,59,147,10,1,4,7,32,30,9,11,71,82,68,57,3,9,1,3,8,1,2,4,11,15,3,2,0,0,0,0,2,0,0,0,2,2,18,11,0,0,1,1,3,0,0,2,3,5,1662,10,117,-86,152,1013,104,417,San Francisco,2020-08-07
2021,8,7,146,163,14,13,4,18,39,28,10,22,77,99,67,111,8,1,2,10,25,21,5,12,51,63,63,42,4,9,2,6,13,5,4,8,22,30,2,0,0,0,0,0,0,0,0,0,0,0,14,10,2,3,0,2,1,2,1,2,4,6,1639,6,124,-92,146,984,93,416,San Francisco,2021-08-07
2022,8,7,143,165,9,6,3,11,36,20,7,14,63,77,56,119,6,1,2,2,22,13,5,4,40,44,74,33,3,5,0,7,11,6,1,7,18,25,0,3,0,0,0,0,1,0,0,0,1,1,13,10,0,0,1,2,2,1,1,3,4,7,1522,10,90,-91,147,879,115,396,San Francisco,2022-08-07
2023,8,7,105,220,13,3,9,11,27,29,9,20,65,85,66,152,12,0,9,7,18,23,8,16,49,65,31,56,0,2,0,2,6,3,0,2,9,11,0,1,0,0,0,0,0,0,0,0,0,0,8,11,1,1,0,2,3,3,1,2,7,9,1656,10,109,-90,148,934,131,384,San Francisco,2023-08-07
2024,8,7,108,207,22,5,6,5,37,23,6,11,66,77,68,141,18,2,4,4,22,20,4,8,46,54,31,47,2,0,2,0,12,0,0,2,12,14,1,0,0,0,0,0,1,0,0,0,1,1,8,19,2,3,0,1,2,3,2,1,7,8,1501,13,102,-88,150,840,97,372,San Francisco,2024-08-07
2012,9,7,,,,,,,,,,,,,,,,,,,,,,,,,,,,,,,,,,,,,,,,,,,,,,,,,,,,,,,,,,,,,,,,,,,,,San Francisco,2012-09-07
2013,9,7,,,,,,,,,,,,,,,,,,,,,,,,,,,,,,,,,,,,,,,,,,,,,,,,,,,,,,,,,,,,,,,,,,,,,San Francisco,2013-09-07
2014,9,7,,,,,,,,,,,,,,,,,,,,,,,,,,,,,,,,,,,,,,,,,,,,,,,,,,,,,,,,,,,,,,,,,,,,,San Francisco,2014-09-07
2015,9,7,229,331,17,11,7,15,40,25,10,22,75,97,125,223,9,0,2,6,23,18,8,8,49,57,85,85,8,7,4,6,14,6,1,10,21,31,4,3,0,0,0,0,0,0,0,0,0,0,15,20,0,4,1,3,3,1,1,4,5,9,2154,16,120,-55,183,1529,119,325,San Francisco,2015-09-07
2016,9,7,281,374,19,6,13,10,34,34,11,23,79,102,183,253,11,0,4,8,23,23,7,12,53,65,79,98,6,4,5,2,9,7,3,7,19,26,12,5,0,0,0,0,0,1,1,0,2,2,7,18,2,2,4,0,2,3,0,4,5,9,2446,33,118,-60,178,1666,124,473,San Francisco,2016-09-07
2017,9,7,282,311,19,5,8,13,41,25,5,21,71,92,175,209,16,3,4,8,27,15,4,12,46,58,79,77,3,1,3,2,10,5,1,5,16,21,8,4,0,0,0,0,1,1,0,0,2,2,20,21,0,1,1,3,3,4,0,4,7,11,2307,26,148,-59,179,1453,132,480,San Francisco,2017-09-07
2018,9,7,167,353,24,15,5,15,40,40,6,20,86,106,81,232,17,1,3,10,23,25,4,13,52,65,65,95,7,11,2,3,10,7,0,5,17,22,10,3,0,0,0,0,0,0,1,0,1,1,11,23,0,3,0,2,7,8,1,2,16,18,2010,33,132,-58,180,1169,143,484,San Francisco,2018-09-07
2019,9,7,240,289,21,5,6,15,43,33,4,21,80,101,144,186,12,0,3,7,30,26,2,10,58,68,85,83,8,4,3,4,10,5,2,7,17,24,1,2,0,0,0,0,1,0,0,0,1,1,10,18,1,1,0,4,2,2,0,4,4,8,2271,21,134,-57,181,1433,115,488,San Francisco,2019-09-07
2020,9,7,145,191,18,19,6,18,41,31,9,24,81,105,81,121,13,4,3,10,21,26,7,13,54,67,54,56,1,12,3,7,17,3,2,10,22,32,0,3,2,0,0,0,0,0,0,0,0,0,10,11,2,3,0,1,3,2,0,1,5,6,1660,26,121,-55,183,1049,112,352,San Francisco,2020-09-07
2021,9,7,130,205,12,9,1,14,45,40,22,15,107,122,67,132,10,2,0,14,31,27,17,14,75,89,52,62,1,7,1,0,11,6,4,1,21,22,4,0,0,0,0,0,0,0,0,0,0,0,7,11,1,0,0,0,3,7,1,0,11,11,1753,11,95,-61,177,1112,127,362,San Francisco,2021-09-07
2022,9,7,141,221,24,4,4,15,47,33,18,19,98,117,73,156,19,2,3,9,30,21,14,12,65,77,58,51,3,2,1,5,13,8,3,6,24,30,4,2,0,0,0,0,2,0,0,0,2,2,6,12,2,0,0,1,2,4,1,1,7,8,1740,23,105,-60,178,992,107,457,San Francisco,2022-09-07
2023,9,7,102,207,9,6,3,7,35,18,17,10,70,80,46,134,4,4,0,5,19,13,15,5,47,52,52,57,3,2,2,1,12,4,2,3,18,21,0,1,0,0,0,0,0,0,0,0,0,0,4,15,2,0,1,1,4,1,0,2,5,7,1676,19,129,-59,179,989,88,385,San Francisco,2023-09-07
2024,9,7,120,158,12,5,3,6,28,27,7,9,62,71,51,107,7,0,3,2,16,19,5,5,40,45,59,42,4,4,0,3,7,5,2,3,14,17,3,0,0,0,0,0,2,0,0,0,2,2,7,9,1,1,0,1,3,3,0,1,6,7,1407,22,95,-57,181,808,84,384,San Francisco,2024-09-07
2012,10,7,,,,,,,,,,,,,,,,,,,,,,,,,,,,,,,,,,,,,,,,,,,,,,,,,,,,,,,,,,,,,,,,,,,,,San Francisco,2012-10-07
2013,10,7,,,,,,,,,,,,,,,,,,,,,,,,,,,,,,,,,,,,,,,,,,,,,,,,,,,,,,,,,,,,,,,,,,,,,San Francisco,2013-10-07
2014,10,7,,,,,,,,,,,,,,,,,,,,,,,,,,,,,,,,,,,,,,,,,,,,,,,,,,,,,,,,,,,,,,,,,,,,,San Francisco,2014-10-07
2015,10,7,309,356,28,2,14,8,25,36,12,22,73,95,177,212,20,0,8,3,14,27,6,11,47,58,110,113,4,2,6,4,8,6,4,10,18,28,7,2,0,0,0,0,1,1,2,0,4,4,15,29,4,0,0,1,2,2,0,1,4,5,2343,30,169,-25,213,1586,139,424,San Francisco,2015-10-07
2016,10,7,299,261,30,9,13,12,35,38,9,25,82,107,155,138,24,1,9,4,19,27,6,13,52,65,124,108,6,7,2,8,15,7,2,10,24,34,6,5,0,0,0,0,1,1,0,0,2,2,14,10,0,1,2,0,0,3,1,2,4,6,2505,35,196,-30,208,1559,131,521,San Francisco,2016-10-07
2017,10,7,284,282,24,6,8,17,25,29,10,25,64,89,142,176,14,0,1,10,15,22,6,11,43,54,116,83,6,6,6,7,8,5,3,13,16,29,5,3,0,0,0,0,1,0,0,0,1,1,21,20,4,0,1,0,1,2,1,1,4,5,2286,31,177,-29,209,1338,119,513,San Francisco,2017-10-07
2018,10,7,172,339,20,8,16,18,40,30,10,34,80,114,76,194,17,1,9,10,20,25,5,19,50,69,84,117,3,6,6,7,16,5,4,13,25,38,1,2,0,0,0,0,2,0,1,0,3,3,11,26,0,1,1,1,2,0,0,2,2,4,2363,23,168,-28,210,1451,132,523,San Francisco,2018-10-07
2019,10,7,185,306,21,6,13,13,40,41,12,26,93,119,118,193,13,1,9,8,24,34,11,17,69,86,47,85,3,5,4,5,12,6,1,9,19,28,4,10,1,0,0,0,2,0,0,0,2,2,16,18,4,0,0,0,2,1,0,0,3,3,2365,39,154,-27,211,1446,117,481,San Francisco,2019-10-07
2020,10,7,92,237,10,6,3,17,39,43,17,20,99,119,35,154,6,1,1,11,23,33,12,12,68,80,50,66,2,5,2,6,15,6,3,8,24,32,0,1,0,0,0,0,1,0,1,0,2,2,7,16,2,0,0,0,0,4,1,0,5,5,1653,23,101,-25,213,1073,104,337,San Francisco,2020-10-07
2021,10,7,97,203,7,1,8,6,32,27,20,14,79,93,47,115,4,1,7,3,21,22,14,10,57,67,46,74,3,0,0,3,9,2,5,3,16,19,1,3,0,0,0,0,0,1,0,0,1,1,3,11,0,0,1,0,2,2,1,1,5,6,1488,19,84,-31,207,900,94,366,San Francisco,2021-10-07
2022,10,7,104,199,17,12,12,7,32,24,13,19,69,88,51,117,5,3,5,3,20,17,8,8,45,53,47,65,6,7,4,4,8,3,4,8,15,23,2,5,0,0,0,0,1,0,1,0,2,2,4,12,6,2,3,0,3,4,0,3,7,10,1615,23,117,-30,208,916,86,414,San Francisco,2022-10-07
2023,10,7,154,193,16,4,11,15,18,17,16,26,51,77,53,97,10,0,6,10,10,12,10,16,32,48,91,77,6,4,5,5,7,4,5,10,16,26,2,0,0,0,0,0,0,0,0,0,0,0,8,19,0,0,0,0,1,1,1,0,3,3,1768,20,134,-29,209,983,89,508,San Francisco,2023-10-07
2024,10,7,131,209,21,3,6,13,35,31,8,19,74,93,77,115,12,0,4,9,16,26,4,13,46,59,43,72,5,3,2,4,15,2,3,6,20,26,3,4,1,0,0,0,1,0,1,0,2,2,8,18,3,0,0,0,3,3,0,0,6,6,1736,23,120,-27,211,989,97,432,San Francisco,2024-10-07
2012,11,7,,,,,,,,,,,,,,,,,,,,,,,,,,,,,,,,,,,,,,,,,,,,,,,,,,,,,,,,,,,,,,,,,,,,,San Francisco,2012-11-07
2013,11,7,,,,,,,,,,,,,,,,,,,,,,,,,,,,,,,,,,,,,,,,,,,,,,,,,,,,,,,,,,,,,,,,,,,,,San Francisco,2013-11-07
2014,11,7,,,,,,,,,,,,,,,,,,,,,,,,,,,,,,,,,,,,,,,,,,,,,,,,,,,,,,,,,,,,,,,,,,,,,San Francisco,2014-11-07
2015,11,7,286,273,26,2,11,16,34,35,16,27,85,112,121,129,10,1,3,7,15,23,9,10,47,57,158,120,13,0,6,4,15,9,5,10,29,39,1,2,1,0,0,0,0,0,0,0,0,0,6,22,2,1,2,5,4,3,2,7,9,16,2035,17,185,6,244,1364,121,401,San Francisco,2015-11-07
2016,11,7,238,260,20,10,8,17,41,28,7,25,76,101,128,125,12,3,4,7,25,17,5,11,47,58,87,103,7,6,2,8,12,8,1,10,21,31,9,7,0,0,0,1,0,1,1,1,2,3,14,25,1,1,2,1,4,2,0,3,6,9,2102,25,201,1,239,1327,122,424,San Francisco,2016-11-07
2017,11,7,269,326,25,6,10,6,31,43,4,16,78,94,155,177,16,2,4,5,18,33,1,9,52,61,75,116,7,3,1,1,10,10,3,2,23,25,12,5,0,0,0,0,0,0,0,0,0,0,27,28,2,1,5,0,3,0,0,5,3,8,2347,40,238,2,240,1493,108,422,San Francisco,2017-11-07
2018,11,7,216,388,17,7,7,7,42,41,7,14,90,104,141,223,13,1,2,4,31,32,6,6,69,75,61,127,4,5,4,3,7,6,0,7,13,20,7,5,0,0,0,0,1,1,0,0,2,2,7,33,0,1,1,0,3,2,1,1,6,7,2469,31,230,3,241,1568,125,518,San Francisco,2018-11-07
2019,11,7,213,261,17,5,13,4,30,36,10,17,76,93,127,146,11,3,4,3,12,23,4,7,39,46,64,92,4,2,4,1,16,7,6,5,29,34,4,2,1,0,0,0,0,0,0,0,0,0,18,21,1,0,5,0,2,6,0,5,8,13,2188,28,203,4,242,1405,121,382,San Francisco,2019-11-07
2020,11,7,151,169,19,8,9,14,40,36,19,23,95,118,54,75,7,1,4,5,21,24,13,9,58,67,87,83,10,6,3,8,18,7,6,11,31,42,0,3,0,0,0,0,0,0,0,0,0,0,10,8,2,1,2,1,1,5,0,3,6,9,1625,12,116,6,244,1039,101,347,San Francisco,2020-11-07
2021,11,7,122,176,17,23,9,7,41,31,10,16,82,98,40,87,4,5,7,3,20,21,4,10,45,55,79,69,6,17,2,3,19,7,4,5,30,35,1,1,1,0,0,0,0,0,0,0,0,0,2,19,6,1,0,1,2,3,2,1,7,8,1452,13,115,0,238,757,112,432,San Francisco,2021-11-07
2022,11,7,79,150,6,3,8,10,35,29,10,18,74,92,43,86,4,0,6,4,17,22,6,10,45,55,27,55,2,2,1,5,13,2,2,6,17,23,1,0,0,0,0,0,2,0,0,0,2,2,8,9,0,1,1,1,3,5,2,2,10,12,1384,13,120,1,239,766,106,342,San Francisco,2022-11-07
2023,11,7,106,217,20,3,2,12,38,24,8,14,70,84,48,133,13,1,1,6,22,16,4,7,42,49,51,71,2,2,1,5,16,7,3,6,26,32,2,2,0,0,0,1,0,0,0,1,0,1,5,11,5,0,0,0,0,1,1,0,2,2,1896,20,151,2,240,1035,97,464,San Francisco,2023-11-07
2024,11,7,110,183,14,7,2,6,35,21,7,8,63,71,68,108,7,2,1,4,13,13,3,5,29,34,36,58,3,4,1,2,17,5,2,3,24,27,0,2,0,0,0,0,1,1,2,0,4,4,6,15,4,1,0,0,4,2,0,0,6,6,1604,24,148,4,242,926,107,360,San Francisco,2024-11-07
2012,12,7,,,,,,,,,,,,,,,,,,,,,,,,,,,,,,,,,,,,,,,,,,,,,,,,,,,,,,,,,,,,,,,,,,,,,San Francisco,2012-12-07
2013,12,7,,,,,,,,,,,,,,,,,,,,,,,,,,,,,,,,,,,,,,,,,,,,,,,,,,,,,,,,,,,,,,,,,,,,,San Francisco,2013-12-07
2014,12,7,,,,,,,,,,,,,,,,,,,,,,,,,,,,,,,,,,,,,,,,,,,,,,,,,,,,,,,,,,,,,,,,,,,,,San Francisco,2014-12-07
2015,12,7,279,317,16,5,7,15,36,33,22,22,91,113,133,161,10,1,2,6,20,21,15,8,56,64,117,127,2,4,4,6,14,10,6,10,30,40,15,2,0,0,0,0,0,0,0,0,0,0,14,27,4,0,1,3,2,2,1,4,5,9,2221,31,222,36,274,1499,128,394,San Francisco,2015-12-07
2016,12,7,217,227,21,4,7,4,23,37,9,11,69,80,105,104,9,0,5,1,12,25,6,6,43,49,95,107,10,4,2,3,9,11,3,5,23,28,7,0,0,0,0,0,0,0,0,0,0,0,10,16,2,0,0,0,2,1,0,0,3,3,1913,25,173,31,269,1213,136,390,San Francisco,2016-12-07
2017,12,7,258,257,19,4,10,12,24,35,9,22,68,90,135,129,11,0,6,4,15,20,4,10,39,49,88,100,5,4,4,8,6,10,3,12,19,31,15,5,0,0,0,0,1,0,0,0,1,1,20,23,3,0,0,0,2,5,2,0,9,9,2433,39,248,32,270,1665,121,398,San Francisco,2017-12-07
2018,12,7,166,270,23,4,6,22,42,48,4,28,94,122,83,133,14,1,4,10,26,29,3,14,58,72,69,119,7,2,2,11,12,15,1,13,28,41,4,1,0,0,0,0,0,0,0,0,0,0,10,17,2,1,0,1,4,4,0,1,8,9,2149,28,216,33,271,1283,132,474,San Francisco,2018-12-07
2019,12,7,139,214,22,7,9,8,50,29,13,17,92,109,38,104,11,0,4,2,21,20,7,6,48,54,96,86,9,7,3,5,27,8,6,8,41,49,2,2,0,0,1,0,1,0,0,1,1,2,3,22,2,0,1,1,1,1,0,2,2,4,1826,19,144,34,272,1045,137,477,San Francisco,2019-12-07
2020,12,7,100,202,16,14,11,11,46,54,9,22,109,131,32,99,8,1,5,7,27,30,7,12,64,76,58,83,4,13,3,3,13,14,1,6,28,34,5,1,0,0,0,0,2,1,1,0,4,4,5,19,4,0,3,1,4,9,0,4,13,17,1622,26,142,36,274,1076,121,334,San Francisco,2020-12-07
2021,12,7,92,199,11,9,7,10,52,38,18,17,108,125,37,103,6,6,2,7,34,22,7,9,63,72,45,81,0,3,4,3,15,12,10,7,37,44,4,2,1,0,0,0,1,0,0,0,1,1,6,13,4,0,1,0,2,4,1,1,7,8,1694,24,163,30,268,943,131,399,San Francisco,2021-12-07
2022,12,7,111,188,14,4,6,5,32,26,13,11,71,82,47,100,8,1,4,1,20,16,10,5,46,51,57,70,4,2,1,4,10,7,2,5,19,24,1,1,0,0,0,0,1,0,0,0,1,1,6,17,2,1,1,0,1,3,1,1,5,6,1428,18,133,31,269,807,93,371,San Francisco,2022-12-07
2023,12,7,83,185,10,5,7,5,38,26,10,12,74,86,36,99,7,1,3,3,19,14,6,6,39,45,36,75,3,2,3,2,16,8,4,5,28,33,2,2,0,2,0,0,0,1,0,0,1,1,9,9,0,0,1,0,3,3,0,1,6,7,1554,24,137,32,270,893,101,384,San Francisco,2023-12-07
2024,12,7,118,149,9,6,6,8,30,30,5,14,65,79,35,63,3,1,2,5,16,16,0,7,32,39,77,70,6,5,3,3,13,8,3,6,24,30,3,2,0,0,0,0,1,0,1,0,2,2,3,14,0,0,1,0,0,6,1,1,7,8,1480,20,104,34,272,786,81,451,San Francisco,2024-12-07
2012,1,8,,,,,,,,,,,,,,,,,,,,,,,,,,,,,,,,,,,,,,,,,,,,,,,,,,,,,,,,,,,,,,,,,,,,,San Francisco,2012-01-08
2013,1,8,,,,,,,,,,,,,,,,,,,,,,,,,,,,,,,,,,,,,,,,,,,,,,,,,,,,,,,,,,,,,,,,,,,,,San Francisco,2013-01-08
2014,1,8,,,,,,,,,,,,,,,,,,,,,,,,,,,,,,,,,,,,,,,,,,,,,,,,,,,,,,,,,,,,,,,,,,,,,San Francisco,2014-01-08
2015,1,8,264,350,11,8,14,9,33,34,17,23,84,107,122,170,8,1,3,6,19,21,11,9,51,60,114,146,1,7,10,2,10,9,3,12,22,34,11,5,0,0,0,0,1,0,1,0,2,2,17,29,2,0,1,1,3,4,2,2,9,11,2222,48,207,-297,-59,1675,123,299,San Francisco,2015-01-08
2016,1,8,257,315,21,2,8,18,38,30,13,26,81,107,125,148,11,0,3,6,20,17,7,9,44,53,108,139,9,2,4,9,14,12,2,13,28,41,13,5,1,0,1,1,1,0,0,2,1,3,11,23,0,0,0,2,3,1,4,2,8,10,2212,48,204,-303,-65,1515,122,368,San Francisco,2016-01-08
2017,1,8,136,179,14,4,5,10,42,21,8,15,71,86,55,81,7,0,0,1,23,12,5,1,40,41,72,78,7,4,5,8,15,8,2,13,25,38,3,7,0,0,0,0,1,0,0,0,1,1,6,13,0,0,0,1,3,1,1,1,5,6,1741,27,176,-301,-63,1229,114,261,San Francisco,2017-01-08
2018,1,8,158,203,36,1,4,8,43,28,8,12,79,91,84,103,8,0,3,4,25,20,4,7,49,56,67,80,18,1,1,4,14,5,4,5,23,28,4,6,1,0,0,0,1,0,0,0,1,1,3,14,9,0,0,0,3,3,0,0,6,6,1852,43,168,-300,-62,1197,130,283,San Francisco,2018-01-08
2019,1,8,114,279,17,4,9,10,36,32,5,19,73,92,50,168,7,0,4,3,19,23,4,7,46,53,59,88,7,2,5,7,14,8,0,12,22,34,2,3,1,0,0,0,1,1,0,0,2,2,3,20,2,2,0,0,2,0,1,0,3,3,1954,38,218,-299,-61,1213,139,396,San Francisco,2019-01-08
2020,1,8,169,292,13,4,9,8,32,49,6,17,87,104,103,167,5,0,4,4,14,33,3,8,50,58,52,100,4,4,5,4,14,14,1,9,29,38,8,8,1,0,0,0,1,0,0,0,1,1,6,17,3,0,0,0,3,2,2,0,7,7,2195,46,187,-298,-60,1389,93,394,San Francisco,2020-01-08
2021,1,8,117,211,10,14,6,8,49,44,15,14,108,122,44,110,8,3,0,3,26,31,12,3,69,72,63,81,1,8,6,4,17,7,3,10,27,37,2,2,1,0,0,0,4,0,0,0,4,4,8,18,0,3,0,1,2,6,0,1,8,9,1612,20,140,-303,-65,1027,103,360,San Francisco,2021-01-08
2022,1,8,108,151,9,5,4,11,29,26,12,15,67,82,44,96,7,0,2,4,15,11,8,6,34,40,60,47,1,5,2,6,11,13,4,8,28,36,0,0,0,0,0,0,2,0,0,0,2,2,4,8,1,0,0,1,1,2,0,1,3,4,1377,17,101,-302,-64,814,87,351,San Francisco,2022-01-08
2023,1,8,78,148,13,12,5,13,38,15,5,18,58,76,25,73,9,3,1,4,19,5,3,5,27,32,47,58,2,7,3,9,14,8,1,12,23,35,1,2,0,0,0,0,2,0,1,0,3,3,5,15,2,2,1,0,3,2,0,1,5,6,1315,13,108,-301,-63,703,99,359,San Francisco,2023-01-08
2024,1,8,53,159,16,6,7,7,47,28,13,14,88,102,22,80,7,0,3,5,25,15,10,8,50,58,25,63,6,6,3,1,17,11,3,4,31,35,0,1,0,0,0,0,2,0,0,0,2,2,6,15,3,0,1,1,3,2,0,2,5,7,1682,27,156,-300,-62,931,96,351,San Francisco,2024-01-08
2012,2,8,,,,,,,,,,,,,,,,,,,,,,,,,,,,,,,,,,,,,,,,,,,,,,,,,,,,,,,,,,,,,,,,,,,,,San Francisco,2012-02-08
2013,2,8,,,,,,,,,,,,,,,,,,,,,,,,,,,,,,,,,,,,,,,,,,,,,,,,,,,,,,,,,,,,,,,,,,,,,San Francisco,2013-02-08
2014,2,8,,,,,,,,,,,,,,,,,,,,,,,,,,,,,,,,,,,,,,,,,,,,,,,,,,,,,,,,,,,,,,,,,,,,,San Francisco,2014-02-08
2015,2,8,229,282,21,7,14,17,41,28,8,31,77,108,78,130,11,1,5,6,27,14,7,11,48,59,136,117,8,6,9,10,11,13,1,19,25,44,5,7,0,0,0,1,1,0,0,1,1,2,10,28,2,0,0,0,2,1,0,0,3,3,2177,22,178,-266,-28,1583,99,355,San Francisco,2015-02-08
2016,2,8,249,298,21,14,15,15,38,45,11,30,94,124,124,148,13,1,1,7,26,27,7,8,60,68,105,111,4,13,14,6,10,14,4,20,28,48,3,5,0,0,0,0,1,0,0,0,1,1,17,34,4,0,0,2,1,4,0,2,5,7,1968,31,170,-272,-34,1300,130,391,San Francisco,2016-02-08
2017,2,8,208,280,15,7,13,10,39,31,14,23,84,107,101,138,7,0,4,5,21,21,11,9,53,62,88,117,6,5,9,5,13,5,3,14,21,35,6,2,0,0,0,0,2,0,0,0,2,2,13,23,2,2,0,0,3,5,0,0,8,8,2107,29,199,-270,-32,1395,142,389,San Francisco,2017-02-08
2018,2,8,300,304,15,4,9,13,39,36,13,22,88,110,154,175,11,0,4,9,20,22,8,13,50,63,127,106,4,4,5,3,19,10,3,8,32,40,9,1,0,0,0,0,0,0,0,0,0,0,10,22,0,0,0,1,0,4,2,1,6,7,2143,36,168,-269,-31,1353,133,446,San Francisco,2018-02-08
2019,2,8,132,301,16,7,9,8,39,35,8,17,82,99,61,153,10,1,5,2,20,23,5,7,48,55,66,114,5,6,4,5,14,11,1,9,26,35,1,7,0,0,0,0,1,0,1,0,2,2,4,27,1,0,0,1,4,1,1,1,6,7,1995,27,219,-268,-30,1173,125,441,San Francisco,2019-02-08
2020,2,8,171,274,18,11,17,8,44,29,7,25,80,105,77,151,8,2,8,3,19,21,6,11,46,57,83,106,10,9,6,4,22,6,1,10,29,39,4,6,0,0,1,0,1,0,0,1,1,2,7,11,0,0,2,1,2,2,0,3,4,7,2035,46,157,-267,-29,1275,131,480,San Francisco,2020-02-08
2021,2,8,129,231,10,17,5,11,62,40,11,16,113,129,66,144,6,7,2,5,38,27,9,7,74,81,52,69,3,7,2,5,20,7,0,7,27,34,1,4,0,0,0,0,0,0,1,0,1,1,10,14,1,3,1,1,4,6,1,2,11,13,1769,25,185,-272,-34,1155,107,336,San Francisco,2021-02-08
2022,2,8,125,186,13,9,3,3,36,34,17,6,87,93,65,114,5,0,3,1,23,22,11,4,56,60,54,61,6,8,0,2,13,7,6,2,26,28,2,2,0,1,0,0,0,0,0,0,0,0,4,9,2,0,0,0,0,5,0,0,5,5,1686,23,130,-271,-33,1029,78,364,San Francisco,2022-02-08
2023,2,8,104,188,15,8,6,12,22,14,12,18,48,66,58,107,10,1,3,8,13,13,8,11,34,45,37,64,3,5,3,4,8,0,3,7,11,18,1,2,0,0,0,0,1,0,0,0,1,1,8,15,2,2,0,0,0,1,1,0,2,2,1576,26,135,-270,-32,906,112,361,San Francisco,2023-02-08
2024,2,8,98,186,23,8,6,7,39,29,10,13,78,91,48,104,9,0,2,6,19,17,7,8,43,51,43,62,11,8,4,1,16,10,1,5,27,32,2,2,0,0,0,0,1,0,1,0,2,2,5,18,3,0,0,0,3,2,1,0,6,6,1634,21,138,-269,-31,965,110,375,San Francisco,2024-02-08
2012,3,8,,,,,,,,,,,,,,,,,,,,,,,,,,,,,,,,,,,,,,,,,,,,,,,,,,,,,,,,,,,,,,,,,,,,,San Francisco,2012-03-08
2013,3,8,,,,,,,,,,,,,,,,,,,,,,,,,,,,,,,,,,,,,,,,,,,,,,,,,,,,,,,,,,,,,,,,,,,,,San Francisco,2013-03-08
2014,3,8,,,,,,,,,,,,,,,,,,,,,,,,,,,,,,,,,,,,,,,,,,,,,,,,,,,,,,,,,,,,,,,,,,,,,San Francisco,2014-03-08
2015,3,8,219,268,15,5,5,16,42,20,4,21,66,87,97,165,7,3,2,5,24,17,2,7,43,50,110,86,6,2,3,10,14,3,2,13,19,32,2,1,0,0,0,0,1,0,0,0,1,1,10,16,2,0,0,1,3,0,0,1,3,4,1943,16,123,-238,0,1391,94,322,San Francisco,2015-03-08
2016,3,8,238,313,25,3,6,10,39,25,11,16,75,91,153,186,16,0,2,5,28,19,5,7,52,59,68,106,5,2,3,4,8,3,3,7,14,21,6,4,0,0,0,0,0,0,1,0,1,1,11,17,4,1,1,1,3,3,2,2,8,10,2147,19,168,-243,-5,1510,116,391,San Francisco,2016-03-08
2017,3,8,276,304,22,3,8,10,38,34,9,18,81,99,162,170,14,0,3,1,20,23,7,4,50,54,92,110,6,3,4,8,10,8,2,12,20,32,3,1,0,0,0,0,1,0,0,0,1,1,19,23,2,0,1,1,7,3,0,2,10,12,2307,18,188,-242,-4,1553,122,423,San Francisco,2017-03-08
2018,3,8,263,270,19,2,16,10,31,36,5,26,72,98,152,182,11,1,5,4,21,23,4,9,48,57,85,67,7,1,11,5,9,7,1,16,17,33,10,1,0,0,0,0,0,1,0,0,1,1,16,20,1,0,0,1,1,5,0,1,6,7,2199,20,157,-241,-3,1496,116,402,San Francisco,2018-03-08
2019,3,8,190,285,26,5,12,10,24,32,9,22,65,87,117,165,21,2,6,4,18,27,5,10,50,60,61,98,4,2,3,5,3,4,2,8,9,17,2,8,0,0,1,0,1,0,0,1,1,2,10,14,1,1,2,1,2,1,2,3,5,8,2357,28,198,-240,-2,1531,130,445,San Francisco,2019-03-08
2020,3,8,157,253,11,11,4,8,32,37,9,12,78,90,74,156,3,2,2,4,18,31,5,6,54,60,65,75,7,7,2,4,9,5,3,6,17,23,0,2,0,1,0,0,0,0,1,0,1,1,18,20,1,1,0,0,5,1,0,0,6,6,1761,9,141,-238,0,1127,120,373,San Francisco,2020-03-08
2021,3,8,96,217,15,5,5,7,53,42,18,12,113,125,41,133,11,0,5,6,32,32,14,11,78,89,49,69,1,5,0,0,17,6,4,0,27,27,0,2,0,0,0,0,0,0,0,0,0,0,6,13,3,0,0,1,4,4,0,1,8,9,1700,11,133,-244,-6,1130,96,331,San Francisco,2021-03-08
2022,3,8,132,185,13,7,4,9,29,32,11,13,72,85,61,108,8,3,2,4,19,24,6,6,49,55,60,55,4,4,0,4,6,4,4,4,14,18,2,2,0,0,0,1,0,0,0,1,0,1,9,20,1,0,2,0,4,4,1,2,9,11,1583,15,129,-243,-5,946,95,369,San Francisco,2022-03-08
2023,3,8,106,195,26,10,8,11,31,26,16,19,73,92,51,104,17,4,6,9,20,15,15,15,50,65,44,74,6,4,1,1,9,6,1,2,16,18,3,1,0,0,0,0,1,0,0,0,1,1,8,16,3,2,1,1,1,5,0,2,6,8,1626,13,143,-242,-4,929,114,401,San Francisco,2023-03-08
2024,3,8,124,199,18,9,6,11,25,29,13,17,67,84,54,115,13,0,2,7,15,18,9,9,42,51,61,68,4,9,4,4,8,7,4,8,19,27,1,2,0,0,0,0,1,0,0,0,1,1,8,14,1,0,0,0,1,4,0,0,5,5,1782,16,134,-240,-2,1045,90,419,San Francisco,2024-03-08
2012,4,8,,,,,,,,,,,,,,,,,,,,,,,,,,,,,,,,,,,,,,,,,,,,,,,,,,,,,,,,,,,,,,,,,,,,,San Francisco,2012-04-08
2013,4,8,,,,,,,,,,,,,,,,,,,,,,,,,,,,,,,,,,,,,,,,,,,,,,,,,,,,,,,,,,,,,,,,,,,,,San Francisco,2013-04-08
2014,4,8,,,,,,,,,,,,,,,,,,,,,,,,,,,,,,,,,,,,,,,,,,,,,,,,,,,,,,,,,,,,,,,,,,,,,San Francisco,2014-04-08
2015,4,8,233,337,28,5,17,15,44,26,21,32,91,123,145,243,23,3,4,6,28,19,13,10,60,70,69,70,4,2,9,4,12,3,7,13,22,35,6,2,0,0,0,0,0,1,0,0,1,1,13,22,1,0,4,5,4,3,1,9,8,17,2194,26,163,-207,31,1574,137,347,San Francisco,2015-04-08
2016,4,8,253,326,14,6,6,19,40,40,15,25,95,120,159,215,8,3,3,10,26,24,10,13,60,73,76,85,6,0,2,7,11,14,4,9,29,38,2,5,0,0,0,1,0,2,1,1,3,4,16,21,0,3,1,1,3,0,0,2,3,5,2043,22,136,-212,26,1317,135,448,San Francisco,2016-04-08
2017,4,8,236,264,18,8,7,15,40,35,9,22,84,106,118,177,10,1,2,12,23,30,5,14,58,72,100,62,8,7,4,3,12,4,3,7,19,26,4,2,0,0,0,0,2,0,0,0,2,2,14,23,0,0,1,0,3,1,1,1,5,6,2179,19,152,-211,27,1406,119,448,San Francisco,2017-04-08
2018,4,8,217,289,10,11,7,12,34,30,4,19,68,87,132,200,9,2,3,9,22,20,2,12,44,56,72,69,1,9,4,2,11,10,1,6,22,28,1,1,0,0,0,0,0,0,1,0,1,1,12,19,0,0,0,1,1,0,0,1,1,2,1973,9,126,-210,28,1245,121,381,San Francisco,2018-04-08
2019,4,8,149,279,29,5,11,6,30,29,9,17,68,85,104,191,24,1,9,5,21,19,9,14,49,63,36,61,3,2,1,0,8,6,0,1,14,15,3,5,1,0,0,0,1,1,0,0,2,2,6,22,1,2,1,1,0,3,0,2,3,5,2136,29,120,-209,29,1335,133,425,San Francisco,2019-04-08
2020,4,8,129,229,4,4,7,11,62,22,7,18,91,109,71,161,2,3,5,8,29,19,6,13,54,67,47,51,2,0,2,1,27,2,1,3,30,33,3,2,0,0,0,0,1,0,0,0,1,1,8,15,0,1,0,2,5,1,0,2,6,8,1629,15,96,-207,31,981,104,342,San Francisco,2020-04-08
2021,4,8,85,219,8,8,4,5,40,35,18,9,93,102,38,138,3,0,3,4,32,25,12,7,69,76,44,64,3,8,0,1,7,6,2,1,15,16,0,2,0,0,0,0,0,0,0,0,0,0,3,15,2,0,1,0,1,4,4,1,9,10,1545,11,94,-213,25,966,105,326,San Francisco,2021-04-08
2022,4,8,111,209,19,4,8,15,29,30,11,23,70,93,45,134,12,1,6,7,21,26,10,13,57,70,58,65,5,3,2,4,4,3,0,6,7,13,0,1,0,0,0,1,2,0,0,1,2,3,8,9,2,0,0,3,2,1,1,3,4,7,1557,25,112,-212,26,888,83,439,San Francisco,2022-04-08
2023,4,8,136,174,17,16,6,11,30,28,11,17,69,86,60,120,9,1,5,5,19,22,6,10,47,57,65,38,6,15,1,5,10,5,2,6,17,23,0,2,1,0,0,0,0,0,0,0,0,0,11,14,1,0,0,1,1,1,3,1,5,6,1704,15,138,-211,27,985,61,415,San Francisco,2023-04-08
2024,4,8,70,180,9,4,5,12,33,26,5,17,64,81,31,117,7,0,3,7,23,24,4,10,51,61,33,49,1,4,2,5,7,1,0,7,8,15,1,2,1,0,0,0,1,0,0,0,1,1,5,12,0,0,0,0,2,1,1,0,4,4,1390,14,70,-209,29,820,99,311,San Francisco,2024-04-08
2012,5,8,,,,,,,,,,,,,,,,,,,,,,,,,,,,,,,,,,,,,,,,,,,,,,,,,,,,,,,,,,,,,,,,,,,,,San Francisco,2012-05-08
2013,5,8,,,,,,,,,,,,,,,,,,,,,,,,,,,,,,,,,,,,,,,,,,,,,,,,,,,,,,,,,,,,,,,,,,,,,San Francisco,2013-05-08
2014,5,8,,,,,,,,,,,,,,,,,,,,,,,,,,,,,,,,,,,,,,,,,,,,,,,,,,,,,,,,,,,,,,,,,,,,,San Francisco,2014-05-08
2015,5,8,231,317,23,1,16,9,35,44,25,25,104,129,138,214,17,0,9,6,26,37,19,15,82,97,75,78,3,1,4,0,8,6,4,4,18,22,3,2,0,0,0,0,1,0,0,0,1,1,15,23,3,0,3,3,0,1,2,6,3,9,2082,17,151,-177,61,1421,139,379,San Francisco,2015-05-08
2016,5,8,257,299,10,6,3,16,22,27,7,19,56,75,165,198,3,1,1,9,14,18,4,10,36,46,80,75,7,5,2,6,6,7,2,8,15,23,2,1,0,0,0,0,2,1,0,0,3,3,10,25,0,0,0,1,0,1,1,1,2,3,1878,17,128,-182,56,1224,115,379,San Francisco,2016-05-08
2017,5,8,237,253,11,5,11,11,40,33,11,22,84,106,159,177,11,2,6,6,29,22,6,12,57,69,57,59,0,3,3,3,8,7,3,6,18,24,0,2,0,0,0,0,1,0,1,0,2,2,21,15,0,0,2,2,2,4,1,4,7,11,2289,14,144,-181,57,1579,132,355,San Francisco,2017-05-08
2018,5,8,316,288,15,7,8,10,37,32,7,18,76,94,223,197,9,1,5,7,31,26,6,12,63,75,64,71,2,6,3,2,5,3,0,5,8,13,6,3,0,0,0,0,0,0,0,0,0,0,23,17,4,0,0,1,1,3,1,1,5,6,2193,17,130,-180,58,1447,102,462,San Francisco,2018-05-08
2019,5,8,195,315,18,3,5,12,36,37,7,17,80,97,136,223,11,1,4,5,27,33,5,9,65,74,49,64,5,2,0,5,7,3,1,5,11,16,2,11,0,0,0,0,1,0,1,0,2,2,8,17,2,0,1,2,1,1,0,3,2,5,2213,26,116,-179,59,1386,133,442,San Francisco,2019-05-08
2020,5,8,159,248,9,8,2,13,49,28,12,15,89,104,93,172,7,3,1,6,30,22,10,7,62,69,54,55,0,5,0,7,14,3,1,7,18,25,2,5,0,0,1,0,0,0,0,1,0,1,10,16,2,0,0,0,5,3,1,0,9,9,2020,19,168,-177,61,1218,107,376,San Francisco,2020-05-08
2021,5,8,151,159,15,20,6,7,34,26,7,13,67,80,65,102,10,5,5,0,22,21,5,5,48,53,64,44,3,12,1,6,10,0,1,7,11,18,1,0,0,1,0,0,0,0,0,0,0,0,21,13,2,2,0,1,2,5,1,1,8,9,1435,6,120,-183,55,823,104,367,San Francisco,2021-05-08
2022,5,8,85,141,6,7,5,9,35,13,8,14,56,70,30,81,4,1,1,4,26,12,8,5,46,51,51,41,2,6,4,4,6,0,0,8,6,14,0,1,0,0,0,0,1,0,0,0,1,1,4,18,0,0,0,1,2,1,0,1,3,4,1167,5,82,-182,56,611,79,345,San Francisco,2022-05-08
2023,5,8,83,171,14,6,7,15,27,26,17,22,70,92,56,129,9,3,6,10,20,20,12,16,52,68,20,27,3,3,1,2,7,4,3,3,14,17,2,1,0,0,0,0,0,0,1,0,1,1,5,14,2,0,0,3,0,2,1,3,3,6,1443,9,106,-181,57,819,95,358,San Francisco,2023-05-08
2024,5,8,95,213,19,7,6,11,33,29,7,17,69,86,60,135,15,1,4,11,26,21,4,15,51,66,29,51,2,5,2,0,6,3,3,2,12,14,0,3,0,0,0,0,0,0,0,0,0,0,6,24,2,1,0,0,1,5,0,0,6,6,1528,8,109,-179,59,891,96,356,San Francisco,2024-05-08
2012,6,8,,,,,,,,,,,,,,,,,,,,,,,,,,,,,,,,,,,,,,,,,,,,,,,,,,,,,,,,,,,,,,,,,,,,,San Francisco,2012-06-08
2013,6,8,,,,,,,,,,,,,,,,,,,,,,,,,,,,,,,,,,,,,,,,,,,,,,,,,,,,,,,,,,,,,,,,,,,,,San Francisco,2013-06-08
2014,6,8,,,,,,,,,,,,,,,,,,,,,,,,,,,,,,,,,,,,,,,,,,,,,,,,,,,,,,,,,,,,,,,,,,,,,San Francisco,2014-06-08
2015,6,8,249,318,31,8,3,12,55,39,19,15,113,128,178,234,21,3,3,7,48,28,15,10,91,101,48,63,6,2,0,2,6,6,2,2,14,16,0,0,0,0,0,0,0,0,0,0,0,0,23,21,4,3,0,3,1,5,2,3,8,11,2150,10,155,-146,92,1507,124,344,San Francisco,2015-06-08
2016,6,8,264,324,24,9,11,12,30,34,10,23,74,97,200,247,22,2,6,7,20,31,8,13,59,72,47,45,1,3,0,5,7,1,1,5,9,14,5,1,1,0,2,0,1,0,0,2,1,3,12,31,0,4,3,0,2,2,1,3,5,8,2286,16,161,-151,87,1637,97,395,San Francisco,2016-06-08
2017,6,8,242,249,22,6,8,13,37,31,11,21,79,100,172,179,21,5,4,7,26,26,9,11,61,72,49,50,1,1,4,6,7,2,0,10,9,19,2,0,0,0,0,0,1,1,0,0,2,2,19,20,0,0,0,0,3,2,2,0,7,7,2308,13,145,-150,88,1567,133,390,San Francisco,2017-06-08
2018,6,8,130,282,21,28,6,11,41,36,7,17,84,101,74,203,17,0,5,8,35,26,4,13,65,78,39,49,3,10,1,3,4,8,3,4,15,19,3,2,0,0,0,0,0,0,0,0,0,0,14,28,1,18,0,0,2,2,0,0,4,4,1811,14,194,-149,89,1029,135,420,San Francisco,2018-06-08
2019,6,8,190,288,14,11,10,12,35,23,4,22,62,84,113,210,9,1,8,8,22,16,2,16,40,56,61,50,2,8,2,4,7,2,2,6,11,17,0,0,0,0,0,0,3,0,0,0,3,3,16,28,3,2,0,0,3,5,0,0,8,8,2134,6,157,-148,90,1307,122,451,San Francisco,2019-06-08
2020,6,8,128,185,17,22,11,9,50,29,10,20,89,109,69,148,15,6,9,6,35,20,10,15,65,80,36,22,1,9,2,3,12,3,0,5,15,20,1,1,0,0,0,0,2,0,0,0,2,2,22,14,1,7,0,0,1,6,0,0,7,7,1647,12,140,-146,92,1012,99,348,San Francisco,2020-06-08
2021,6,8,96,195,8,9,4,9,34,30,21,13,85,98,64,138,7,3,1,3,23,27,20,4,70,74,23,32,0,5,3,5,10,1,0,8,11,19,2,1,0,1,0,0,1,0,0,0,1,1,7,24,1,0,0,1,0,2,1,1,3,4,1710,14,131,-152,86,1103,98,365,San Francisco,2021-06-08
2022,6,8,86,189,14,6,5,8,39,23,14,13,76,89,55,131,8,1,5,7,26,20,10,12,56,68,19,37,4,2,0,0,10,2,2,0,14,14,2,1,1,0,0,0,1,0,0,0,1,1,10,20,1,3,0,1,2,1,2,1,5,6,1331,13,118,-151,87,749,82,365,San Francisco,2022-06-08
2023,6,8,94,203,13,5,4,16,15,24,16,20,55,75,49,158,9,1,3,9,12,20,14,12,46,58,32,29,2,4,0,4,3,1,2,4,6,10,0,2,0,0,0,0,0,0,0,0,0,0,13,14,2,0,1,3,0,3,0,4,3,7,1608,4,136,-150,88,966,95,340,San Francisco,2023-06-08
2024,6,8,118,158,12,9,8,10,41,25,12,18,78,96,46,114,7,2,5,6,29,22,8,11,59,70,50,34,4,5,1,2,11,2,4,3,17,20,2,0,1,0,0,0,1,0,0,0,1,1,20,10,0,2,2,2,0,1,0,4,1,5,1389,9,139,-148,90,757,90,405,San Francisco,2024-06-08
2012,7,8,,,,,,,,,,,,,,,,,,,,,,,,,,,,,,,,,,,,,,,,,,,,,,,,,,,,,,,,,,,,,,,,,,,,,San Francisco,2012-07-08
2013,7,8,,,,,,,,,,,,,,,,,,,,,,,,,,,,,,,,,,,,,,,,,,,,,,,,,,,,,,,,,,,,,,,,,,,,,San Francisco,2013-07-08
2014,7,8,,,,,,,,,,,,,,,,,,,,,,,,,,,,,,,,,,,,,,,,,,,,,,,,,,,,,,,,,,,,,,,,,,,,,San Francisco,2014-07-08
2015,7,8,280,340,23,10,6,13,42,34,18,19,94,113,193,244,20,1,4,10,30,30,13,14,73,87,63,60,1,5,0,2,10,1,2,2,13,15,5,3,1,0,0,0,0,0,0,0,0,0,19,33,1,4,2,1,2,3,3,3,8,11,2424,19,208,-116,122,1783,139,361,San Francisco,2015-07-08
2016,7,8,238,220,18,21,10,8,31,36,10,18,77,95,164,157,17,10,5,5,23,29,6,10,58,68,50,42,1,10,3,2,7,2,3,5,12,17,3,2,0,0,0,0,0,1,0,0,1,1,21,19,0,1,2,1,1,4,1,3,6,9,1724,10,128,-121,117,1053,135,399,San Francisco,2016-07-08
2017,7,8,263,241,24,18,10,18,29,39,7,28,75,103,165,156,18,3,4,12,18,32,6,16,56,72,78,65,5,11,5,5,6,3,1,10,10,20,2,0,0,0,0,0,2,1,0,0,3,3,18,20,1,4,1,1,3,3,0,2,6,8,2147,10,173,-120,118,1257,146,449,San Francisco,2017-07-08
2018,7,8,142,260,13,8,12,19,34,30,7,31,71,102,74,179,8,3,6,12,23,26,7,18,56,74,55,63,5,5,4,4,8,2,0,8,10,18,2,1,0,0,0,0,0,0,0,0,0,0,11,17,0,0,2,3,3,2,0,5,5,10,1879,13,145,-119,119,1136,137,355,San Francisco,2018-07-08
2019,7,8,185,306,19,13,9,9,39,35,17,18,91,109,129,227,16,3,5,9,29,32,14,14,75,89,36,50,1,9,4,0,7,3,1,4,11,15,1,1,0,0,0,0,0,0,0,0,0,0,19,28,2,1,0,0,3,0,2,0,5,5,2439,16,152,-118,120,1622,126,432,San Francisco,2019-07-08
2020,7,8,120,247,8,7,5,3,35,33,16,8,84,92,63,189,7,2,2,3,25,26,15,5,66,71,39,39,1,3,3,0,7,2,0,3,9,12,3,3,0,0,0,0,1,0,0,0,1,1,15,16,0,2,0,0,2,5,1,0,8,8,1629,15,108,-116,122,1038,115,320,San Francisco,2020-07-08
2021,7,8,97,203,13,9,5,7,37,32,6,12,75,87,53,142,10,5,4,5,31,24,4,9,59,68,32,48,2,3,1,1,4,4,1,2,9,11,2,2,0,0,0,0,2,0,0,0,2,2,10,11,1,1,0,1,0,4,1,1,5,6,1628,11,131,-122,116,1001,105,337,San Francisco,2021-07-08
2022,7,8,121,188,13,15,6,14,45,27,15,20,87,107,54,130,11,4,3,11,28,25,11,14,64,78,49,36,0,9,3,1,7,0,3,4,10,14,0,5,0,0,0,0,3,0,1,0,4,4,18,17,2,2,0,2,7,2,0,2,9,11,1354,17,118,-121,117,754,95,370,San Francisco,2022-07-08
2023,7,8,123,179,17,5,14,8,37,29,8,22,74,96,77,117,13,1,8,5,18,25,7,13,50,63,35,45,3,3,5,3,16,0,1,8,17,25,0,2,0,0,0,0,1,0,0,0,1,1,11,15,1,1,1,0,2,4,0,1,6,7,1420,9,110,-120,118,739,109,413,San Francisco,2023-07-08
2024,7,8,89,176,11,6,6,12,40,22,16,18,78,96,61,124,8,1,5,6,27,19,15,11,61,72,22,37,1,5,1,5,12,2,1,6,15,21,0,3,0,0,0,0,0,0,0,0,0,0,6,12,2,0,0,1,1,1,0,1,2,3,1577,9,101,-118,120,892,93,330,San Francisco,2024-07-08
2012,8,8,,,,,,,,,,,,,,,,,,,,,,,,,,,,,,,,,,,,,,,,,,,,,,,,,,,,,,,,,,,,,,,,,,,,,San Francisco,2012-08-08
2013,8,8,,,,,,,,,,,,,,,,,,,,,,,,,,,,,,,,,,,,,,,,,,,,,,,,,,,,,,,,,,,,,,,,,,,,,San Francisco,2013-08-08
2014,8,8,,,,,,,,,,,,,,,,,,,,,,,,,,,,,,,,,,,,,,,,,,,,,,,,,,,,,,,,,,,,,,,,,,,,,San Francisco,2014-08-08
2015,8,8,250,318,21,18,10,11,23,24,10,21,57,78,126,211,10,7,6,9,13,19,3,15,35,50,100,80,11,9,3,1,8,4,5,4,17,21,0,5,0,0,0,0,1,0,0,0,1,1,24,22,0,2,1,1,1,1,2,2,4,6,2163,9,194,-85,153,1491,108,390,San Francisco,2015-08-08
2016,8,8,226,265,13,8,14,10,44,38,11,24,93,117,152,181,10,1,8,6,34,27,9,14,70,84,62,56,3,5,5,2,6,8,2,7,16,23,4,1,0,1,0,1,1,0,0,1,1,2,8,27,0,1,1,1,3,3,0,2,6,8,1960,16,144,-90,148,1279,140,386,San Francisco,2016-08-08
2017,8,8,242,312,20,5,5,7,29,51,10,12,90,102,172,221,14,2,3,5,21,47,8,8,76,84,50,71,3,3,1,2,7,2,1,3,10,13,3,5,0,0,0,0,0,0,0,0,0,0,17,15,3,0,1,0,1,2,1,1,4,5,2461,16,141,-89,149,1461,138,399,San Francisco,2017-08-08
2018,8,8,150,350,19,7,9,12,51,46,6,21,103,124,93,238,13,1,4,10,30,37,4,14,71,85,48,91,4,6,4,2,15,5,2,6,22,28,2,5,0,0,0,0,0,0,0,0,0,0,7,16,2,0,1,0,6,4,0,1,10,11,2299,12,143,-88,150,1483,132,386,San Francisco,2018-08-08
2019,8,8,258,278,14,8,11,5,35,26,9,16,70,86,179,201,11,1,5,4,20,24,3,9,47,56,41,56,1,6,1,1,13,1,4,2,18,20,2,1,0,1,0,0,1,0,0,0,1,1,36,20,2,0,5,0,1,1,2,5,4,9,2171,24,172,-87,151,1343,142,486,San Francisco,2019-08-08
2020,8,8,190,176,12,4,7,10,42,34,24,17,100,117,84,116,10,0,3,4,27,30,20,7,77,84,93,45,2,3,4,4,12,1,4,8,17,25,2,0,0,0,0,2,1,0,0,2,1,3,11,15,0,1,0,0,2,3,0,0,5,5,1648,13,115,-85,153,977,117,391,San Francisco,2020-08-08
2021,8,8,137,183,14,15,6,12,40,34,8,18,82,100,63,110,12,1,5,10,25,30,7,15,62,77,63,55,1,12,1,1,9,2,1,2,12,14,1,0,0,0,0,0,1,0,0,0,1,1,10,18,1,2,0,1,5,2,0,1,7,8,1675,6,117,-91,147,987,100,377,San Francisco,2021-08-08
2022,8,8,120,170,14,7,6,11,39,21,15,17,75,92,61,110,10,3,2,5,25,14,12,7,51,58,45,44,2,4,3,5,9,4,2,8,15,23,2,1,0,0,0,0,2,0,1,0,3,3,12,15,2,0,1,1,3,3,0,2,6,8,1422,12,106,-90,148,763,100,388,San Francisco,2022-08-08
2023,8,8,91,158,13,4,6,9,31,32,13,15,76,91,59,116,9,1,5,6,19,31,11,11,61,72,26,28,2,2,1,2,9,0,2,3,11,14,0,1,0,0,0,0,0,0,0,0,0,0,6,13,2,1,0,1,3,1,0,1,4,5,1562,18,99,-89,149,885,88,354,San Francisco,2023-08-08
2024,8,8,102,195,11,3,3,8,38,20,5,11,63,74,60,137,11,0,2,6,21,17,5,8,43,51,30,41,0,2,1,2,17,2,0,3,19,22,1,3,0,1,0,0,0,0,0,0,0,0,11,14,0,0,0,0,0,1,0,0,1,1,1573,8,86,-87,151,948,106,364,San Francisco,2024-08-08
2012,9,8,,,,,,,,,,,,,,,,,,,,,,,,,,,,,,,,,,,,,,,,,,,,,,,,,,,,,,,,,,,,,,,,,,,,,San Francisco,2012-09-08
2013,9,8,,,,,,,,,,,,,,,,,,,,,,,,,,,,,,,,,,,,,,,,,,,,,,,,,,,,,,,,,,,,,,,,,,,,,San Francisco,2013-09-08
2014,9,8,,,,,,,,,,,,,,,,,,,,,,,,,,,,,,,,,,,,,,,,,,,,,,,,,,,,,,,,,,,,,,,,,,,,,San Francisco,2014-09-08
2015,9,8,280,376,28,11,10,11,30,27,20,21,77,98,174,238,24,1,7,5,16,22,15,12,53,65,80,97,3,9,1,5,12,4,4,6,20,26,11,5,0,0,0,0,0,0,0,0,0,0,15,36,1,1,2,1,2,1,1,3,4,7,2418,35,175,-54,184,1745,126,368,San Francisco,2015-09-08
2016,9,8,261,311,24,5,16,7,27,33,13,23,73,96,167,185,19,2,8,2,16,26,11,10,53,63,72,108,3,2,7,5,8,4,2,12,14,26,8,4,0,0,0,0,1,1,0,0,2,2,14,14,2,1,1,0,2,2,0,1,4,5,2276,33,120,-59,179,1544,104,436,San Francisco,2016-09-08
2017,9,8,282,289,23,8,7,14,36,35,9,21,80,101,173,194,18,2,1,6,24,22,3,7,49,56,86,74,5,5,4,8,8,9,5,12,22,34,9,1,0,0,1,0,1,0,0,1,1,2,14,20,0,1,1,0,3,4,1,1,8,9,2223,24,127,-58,180,1353,117,520,San Francisco,2017-09-08
2018,9,8,199,286,17,11,7,11,31,30,9,18,70,88,96,184,12,2,3,6,15,22,7,9,44,53,92,83,3,9,3,5,13,6,2,8,21,29,4,4,0,0,0,0,1,0,0,0,1,1,7,15,2,0,1,0,2,2,0,1,4,5,2065,19,127,-57,181,1252,134,480,San Francisco,2018-09-08
2019,9,8,219,279,18,10,10,10,41,31,9,20,81,101,129,181,14,1,5,6,23,26,6,11,55,66,73,71,4,9,4,3,15,3,3,7,21,28,9,4,0,0,0,0,1,0,0,0,1,1,8,23,0,0,1,1,2,2,0,2,4,6,2099,27,122,-56,182,1292,104,438,San Francisco,2019-09-08
2020,9,8,143,201,10,6,6,13,30,33,14,19,77,96,80,138,7,1,4,10,26,26,12,14,64,78,56,49,1,5,2,3,4,3,1,5,8,13,3,3,0,0,0,0,0,0,0,0,0,0,4,11,2,0,0,0,0,4,1,0,5,5,1790,18,85,-54,184,1093,117,393,San Francisco,2020-09-08
2021,9,8,110,213,16,6,5,8,30,34,17,13,81,94,57,142,9,2,5,5,16,28,13,10,57,67,33,54,3,4,0,3,9,4,3,3,16,19,5,1,0,0,0,0,2,0,0,0,2,2,15,16,4,0,0,0,3,2,1,0,6,6,1709,24,145,-60,178,1019,111,405,San Francisco,2021-09-08
2022,9,8,127,194,19,3,8,7,46,22,14,15,82,97,64,120,10,0,4,3,33,18,8,7,59,66,55,63,8,3,3,4,9,4,4,7,17,24,1,2,0,0,0,0,1,0,1,0,2,2,7,9,1,0,1,0,3,0,1,1,4,5,1726,26,118,-59,179,996,119,380,San Francisco,2022-09-08
2023,9,8,132,224,16,10,11,10,37,31,19,21,87,108,68,134,10,4,7,7,25,26,15,14,66,80,50,70,6,4,3,3,10,4,4,6,18,24,1,1,0,0,0,0,0,0,0,0,0,0,13,19,0,2,1,0,2,1,0,1,3,4,1756,11,129,-58,180,1019,94,434,San Francisco,2023-09-08
2024,9,8,113,179,14,10,1,3,25,21,8,4,54,58,48,112,8,4,0,1,16,18,6,1,40,41,52,49,5,5,0,1,7,2,2,1,11,12,2,1,0,0,0,0,2,1,0,0,3,3,11,17,1,1,1,1,0,0,0,2,0,2,1365,20,92,-56,182,773,84,378,San Francisco,2024-09-08
2012,10,8,,,,,,,,,,,,,,,,,,,,,,,,,,,,,,,,,,,,,,,,,,,,,,,,,,,,,,,,,,,,,,,,,,,,,San Francisco,2012-10-08
2013,10,8,,,,,,,,,,,,,,,,,,,,,,,,,,,,,,,,,,,,,,,,,,,,,,,,,,,,,,,,,,,,,,,,,,,,,San Francisco,2013-10-08
2014,10,8,,,,,,,,,,,,,,,,,,,,,,,,,,,,,,,,,,,,,,,,,,,,,,,,,,,,,,,,,,,,,,,,,,,,,San Francisco,2014-10-08
2015,10,8,298,365,32,7,9,11,45,37,10,20,92,112,157,221,23,2,5,6,23,25,9,11,57,68,120,115,7,5,4,4,17,9,0,8,26,34,10,3,2,0,0,0,1,0,0,0,1,1,11,26,0,0,0,1,4,3,1,1,8,9,2313,34,146,-24,214,1614,126,414,San Francisco,2015-10-08
2016,10,8,326,325,26,13,14,11,41,39,10,25,90,115,152,172,16,1,3,5,26,23,7,8,56,64,146,126,8,10,10,6,10,11,2,16,23,39,1,7,0,0,0,0,0,0,0,0,0,0,27,20,2,2,1,0,5,5,1,1,11,12,2612,27,199,-29,209,1681,140,526,San Francisco,2016-10-08
2017,10,8,265,274,15,8,9,14,26,30,15,23,71,94,125,170,10,1,4,4,10,21,12,8,43,51,120,81,4,7,4,9,12,5,3,13,20,33,4,5,0,0,0,0,1,1,0,0,2,2,16,18,1,0,1,1,3,3,0,2,6,8,2106,25,162,-28,210,1245,141,430,San Francisco,2017-10-08
2018,10,8,187,394,16,6,8,14,49,29,5,22,83,105,101,251,9,2,7,6,30,23,3,13,56,69,70,106,5,4,0,7,15,5,2,7,22,29,7,3,0,0,0,0,1,0,0,0,1,1,9,34,2,0,1,1,3,1,0,2,4,6,2385,29,204,-27,211,1513,125,445,San Francisco,2018-10-08
2019,10,8,251,335,20,7,12,9,46,47,4,21,97,118,160,226,14,2,4,6,29,35,4,10,68,78,73,77,4,5,6,3,14,9,0,9,23,32,6,6,1,0,0,0,0,0,0,0,0,0,12,26,1,0,2,0,3,3,0,2,6,8,2383,34,189,-26,212,1493,142,486,San Francisco,2019-10-08
2020,10,8,112,226,13,16,2,7,45,46,12,9,103,112,54,154,5,3,1,5,25,33,10,6,68,74,48,55,7,11,1,2,16,9,1,3,26,29,2,1,0,0,0,0,0,1,0,0,1,1,8,16,1,2,0,0,4,3,1,0,8,8,1637,24,113,-24,214,1069,113,342,San Francisco,2020-10-08
2021,10,8,123,192,26,9,12,5,36,37,14,17,87,104,61,121,20,3,8,1,21,26,11,9,58,67,58,57,5,6,2,3,12,7,3,5,22,27,0,2,0,0,1,0,1,0,0,1,1,2,4,12,1,0,1,1,2,4,0,2,6,8,1657,13,118,-30,208,898,103,442,San Francisco,2021-10-08
2022,10,8,128,165,10,9,8,10,40,31,12,18,83,101,53,110,4,0,5,4,21,22,7,9,50,59,66,46,6,8,2,6,15,6,3,8,24,32,0,3,0,0,0,0,1,0,0,0,1,1,9,6,0,1,1,0,3,3,2,1,8,9,1524,19,112,-29,209,787,96,467,San Francisco,2022-10-08
2023,10,8,115,142,15,6,6,9,36,19,6,15,61,76,38,76,8,0,1,5,13,14,3,6,30,36,67,55,6,6,4,3,20,4,2,7,26,33,2,2,0,0,1,0,1,0,0,1,1,2,8,9,1,0,0,1,2,1,1,1,4,5,1564,26,91,-28,210,852,88,404,San Francisco,2023-10-08
2024,10,8,128,223,15,5,6,12,33,23,10,18,66,84,82,141,6,2,1,8,18,22,6,9,46,55,41,66,7,2,4,3,14,1,3,7,18,25,3,2,0,0,0,1,0,0,0,1,0,1,2,14,2,1,1,0,1,0,1,1,2,3,1857,29,110,-26,212,1085,93,461,San Francisco,2024-10-08
2012,11,8,,,,,,,,,,,,,,,,,,,,,,,,,,,,,,,,,,,,,,,,,,,,,,,,,,,,,,,,,,,,,,,,,,,,,San Francisco,2012-11-08
2013,11,8,,,,,,,,,,,,,,,,,,,,,,,,,,,,,,,,,,,,,,,,,,,,,,,,,,,,,,,,,,,,,,,,,,,,,San Francisco,2013-11-08
2014,11,8,,,,,,,,,,,,,,,,,,,,,,,,,,,,,,,,,,,,,,,,,,,,,,,,,,,,,,,,,,,,,,,,,,,,,San Francisco,2014-11-08
2015,11,8,212,250,13,8,12,7,31,29,16,19,76,95,96,119,7,4,3,4,14,19,8,7,41,48,101,100,6,4,8,2,14,9,6,10,29,39,5,2,0,0,1,0,1,1,0,1,2,3,10,29,0,0,0,1,2,0,2,1,4,5,1815,21,192,7,245,1184,120,366,San Francisco,2015-11-08
2016,11,8,255,275,28,4,16,13,28,31,6,29,65,94,130,145,17,0,3,6,14,21,2,9,37,46,94,100,8,4,11,6,11,10,4,17,25,42,14,2,0,0,0,0,1,0,0,0,1,1,17,28,3,0,2,1,2,0,0,3,2,5,2188,30,201,2,240,1437,116,431,San Francisco,2016-11-08
2017,11,8,252,286,23,6,9,11,37,39,13,20,89,109,142,158,14,5,4,7,19,22,7,11,48,59,90,104,7,1,5,2,14,10,5,7,29,36,6,3,0,0,0,0,1,3,0,0,4,4,14,21,2,0,0,2,3,4,1,2,8,10,2212,27,221,3,241,1408,118,449,San Francisco,2017-11-08
2018,11,8,191,365,27,2,5,15,25,33,6,20,64,84,117,204,16,0,2,11,16,19,2,13,37,50,58,131,7,2,3,4,9,9,4,7,22,29,8,2,0,0,0,0,0,0,0,0,0,0,8,28,4,0,0,0,0,5,0,0,5,5,2287,24,193,4,242,1466,112,427,San Francisco,2018-11-08
2019,11,8,205,300,22,7,8,11,29,37,9,19,75,94,100,152,13,0,3,4,17,26,6,7,49,56,97,116,4,6,3,6,12,6,2,9,20,29,1,7,1,0,0,0,0,0,0,0,0,0,7,25,4,1,2,1,0,5,1,3,6,9,2299,22,244,5,243,1401,111,438,San Francisco,2019-11-08
2020,11,8,103,177,9,2,3,6,51,35,9,9,95,104,30,82,3,0,1,4,31,24,5,5,60,65,64,77,5,2,2,0,18,8,3,2,29,31,3,2,0,0,0,0,0,0,0,0,0,0,6,16,1,0,0,2,2,3,1,2,6,8,1514,17,121,7,245,1010,97,271,San Francisco,2020-11-08
2021,11,8,84,198,24,8,8,11,48,35,11,19,94,113,42,133,13,2,3,6,35,24,8,9,67,76,34,53,8,6,3,5,9,7,3,8,19,27,5,5,0,0,0,0,0,1,0,0,1,1,3,7,3,0,2,0,4,3,0,2,7,9,1534,24,142,1,239,922,101,376,San Francisco,2021-11-08
2022,11,8,67,140,9,3,4,14,38,29,11,18,78,96,42,76,5,1,0,5,23,16,5,5,44,49,20,57,3,2,3,8,11,9,3,11,23,34,2,0,0,0,0,0,1,1,1,0,3,3,3,7,1,0,1,1,3,3,2,2,8,10,1457,20,122,2,240,921,90,278,San Francisco,2022-11-08
2023,11,8,100,181,15,8,7,11,24,27,6,18,57,75,51,96,10,3,2,7,13,20,3,9,36,45,35,63,4,5,4,3,9,4,1,7,14,21,5,2,0,0,0,0,0,0,1,0,1,1,9,20,1,0,1,1,2,3,1,2,6,8,1438,16,123,3,241,833,88,381,San Francisco,2023-11-08
2024,11,8,95,201,16,8,8,11,28,27,7,19,62,81,55,101,8,1,5,6,12,19,4,11,35,46,32,80,6,7,3,3,15,5,3,6,23,29,1,4,0,0,0,0,0,0,0,0,0,0,7,16,2,0,0,2,1,3,0,2,4,6,1745,31,158,5,243,977,88,467,San Francisco,2024-11-08
2012,12,8,,,,,,,,,,,,,,,,,,,,,,,,,,,,,,,,,,,,,,,,,,,,,,,,,,,,,,,,,,,,,,,,,,,,,San Francisco,2012-12-08
2013,12,8,,,,,,,,,,,,,,,,,,,,,,,,,,,,,,,,,,,,,,,,,,,,,,,,,,,,,,,,,,,,,,,,,,,,,San Francisco,2013-12-08
2014,12,8,,,,,,,,,,,,,,,,,,,,,,,,,,,,,,,,,,,,,,,,,,,,,,,,,,,,,,,,,,,,,,,,,,,,,San Francisco,2014-12-08
2015,12,8,284,324,16,11,18,9,38,31,11,27,80,107,133,166,10,2,6,5,19,18,7,11,44,55,134,132,4,9,11,4,11,7,3,15,21,36,6,5,0,0,1,0,3,2,0,1,5,6,11,21,2,0,0,0,5,4,1,0,10,10,2240,44,205,37,275,1548,140,374,San Francisco,2015-12-08
2016,12,8,212,224,38,2,9,4,33,27,13,13,73,86,91,101,16,0,3,1,21,18,8,4,47,51,102,98,19,2,3,2,9,7,5,5,21,26,10,2,0,0,0,0,0,0,0,0,0,0,9,23,3,0,3,1,3,2,0,4,5,9,1928,33,156,32,270,1317,117,334,San Francisco,2016-12-08
2017,12,8,240,305,28,5,10,10,43,32,13,20,88,108,115,150,15,1,1,5,23,19,6,6,48,54,103,129,12,4,7,4,19,11,6,11,36,47,7,5,0,0,0,0,0,0,0,0,0,0,15,21,1,0,2,1,1,2,1,3,4,7,2387,43,233,33,271,1533,132,409,San Francisco,2017-12-08
2018,12,8,199,286,17,14,11,17,27,33,7,28,67,95,73,142,8,4,5,7,10,15,3,12,28,40,113,110,7,10,5,7,12,14,4,12,30,42,2,6,0,0,0,0,0,0,0,0,0,0,11,28,2,0,1,3,5,4,0,4,9,13,2140,25,233,34,272,1241,129,524,San Francisco,2018-12-08
2019,12,8,139,219,12,9,8,8,38,39,8,16,85,101,59,88,4,3,1,3,19,18,3,4,40,44,69,107,7,6,6,2,14,10,5,8,29,37,1,4,0,0,0,0,1,1,0,0,2,2,10,20,1,0,1,3,4,10,0,4,14,18,1883,17,172,35,273,1102,118,446,San Francisco,2019-12-08
2020,12,8,109,179,10,10,8,9,46,33,10,17,89,106,46,95,7,2,5,2,22,23,6,7,51,58,54,67,1,7,3,4,17,6,2,7,25,32,4,3,0,0,0,0,4,1,0,0,5,5,5,14,2,1,0,3,3,3,2,3,8,11,1486,26,142,37,275,960,111,289,San Francisco,2020-12-08
2021,12,8,120,176,14,9,8,12,59,25,15,20,99,119,54,96,10,2,4,6,34,17,8,10,59,69,56,65,3,5,2,5,19,6,7,7,32,39,1,10,0,0,0,1,3,0,0,1,3,4,9,5,1,2,2,0,3,2,0,2,5,7,1588,29,130,31,269,952,103,337,San Francisco,2021-12-08
2022,12,8,87,171,16,7,6,7,36,23,7,13,66,79,46,87,11,2,1,3,22,11,5,4,38,42,36,70,4,5,4,3,11,10,1,7,22,29,1,1,0,0,0,0,1,0,0,0,1,1,4,13,1,0,1,1,2,2,1,2,5,7,1428,21,134,32,270,813,112,336,San Francisco,2022-12-08
2023,12,8,86,162,19,5,6,5,30,28,10,11,68,79,22,82,11,0,2,3,15,22,2,5,39,44,60,65,6,5,3,2,13,5,6,5,24,29,0,1,0,0,0,0,1,0,0,0,1,1,4,14,2,0,1,0,1,1,2,1,4,5,1523,13,126,33,271,838,83,436,San Francisco,2023-12-08
2024,12,8,100,151,7,8,9,14,25,25,10,23,60,83,37,75,2,3,3,3,14,13,3,6,30,36,58,63,4,5,3,10,11,9,5,13,25,38,2,1,0,0,0,0,0,0,0,0,0,0,3,12,1,0,3,1,0,3,2,4,5,9,1407,23,111,35,273,772,93,397,San Francisco,2024-12-08
2012,1,9,,,,,,,,,,,,,,,,,,,,,,,,,,,,,,,,,,,,,,,,,,,,,,,,,,,,,,,,,,,,,,,,,,,,,San Francisco,2012-01-09
2013,1,9,,,,,,,,,,,,,,,,,,,,,,,,,,,,,,,,,,,,,,,,,,,,,,,,,,,,,,,,,,,,,,,,,,,,,San Francisco,2013-01-09
2014,1,9,,,,,,,,,,,,,,,,,,,,,,,,,,,,,,,,,,,,,,,,,,,,,,,,,,,,,,,,,,,,,,,,,,,,,San Francisco,2014-01-09
2015,1,9,219,330,13,12,21,10,33,31,7,31,71,102,102,174,6,0,5,5,10,15,3,10,28,38,94,110,5,9,13,5,16,14,3,18,33,51,7,6,0,1,0,0,0,0,0,0,0,0,16,40,2,2,3,0,7,2,1,3,10,13,2163,40,198,-296,-58,1554,137,344,San Francisco,2015-01-09
2016,1,9,216,327,12,5,10,11,29,26,16,21,71,92,98,164,5,0,2,4,19,10,10,6,39,45,101,125,4,4,7,5,7,12,4,12,23,35,6,3,0,0,0,0,0,0,0,0,0,0,11,35,3,1,1,2,3,4,2,3,9,12,2049,22,223,-302,-64,1357,113,397,San Francisco,2016-01-09
2017,1,9,194,233,26,4,6,6,35,26,3,12,64,76,85,108,14,0,3,4,19,16,2,7,37,44,93,106,10,4,1,2,14,7,0,3,21,24,6,5,0,0,0,0,1,0,0,0,1,1,10,14,2,0,2,0,1,3,1,2,5,7,1761,33,153,-300,-62,1164,99,322,San Francisco,2017-01-09
2018,1,9,189,274,15,3,3,9,36,20,10,12,66,78,106,137,7,0,1,4,19,8,8,5,35,40,72,108,7,2,2,4,12,6,1,6,19,25,3,6,0,0,0,1,0,0,0,1,0,1,8,23,1,1,0,0,5,6,1,0,12,12,2224,45,244,-299,-61,1517,125,370,San Francisco,2018-01-09
2019,1,9,129,322,14,5,9,7,42,33,8,16,83,99,60,173,9,0,3,2,24,16,4,5,44,49,59,120,4,5,6,3,12,13,2,9,27,36,5,6,0,0,0,2,0,0,2,2,2,4,5,23,1,0,0,0,6,4,0,0,10,10,2253,46,244,-298,-60,1443,122,454,San Francisco,2019-01-09
2020,1,9,198,282,21,5,7,11,40,42,10,18,92,110,111,153,12,0,4,3,18,24,5,7,47,54,72,102,8,5,3,8,16,14,4,11,34,45,7,7,0,0,0,0,2,0,0,0,2,2,8,20,1,0,0,0,4,4,1,0,9,9,2171,51,226,-297,-59,1414,109,400,San Francisco,2020-01-09
2021,1,9,147,213,14,15,6,6,48,29,11,12,88,100,55,107,8,2,4,2,29,18,4,6,51,57,82,95,6,11,1,4,16,5,4,5,25,30,1,2,0,1,0,0,2,0,0,0,2,2,9,9,0,1,1,0,1,6,3,1,10,11,1627,18,169,-302,-64,1015,99,360,San Francisco,2021-01-09
2022,1,9,108,149,9,7,3,5,38,25,7,8,70,78,39,83,2,2,2,1,23,13,5,3,41,44,60,54,4,5,1,4,13,7,2,5,22,27,0,1,0,0,0,0,0,1,0,0,1,1,9,11,3,0,0,0,2,4,0,0,6,6,1296,12,87,-301,-63,756,78,343,San Francisco,2022-01-09
2023,1,9,73,185,23,1,8,13,43,25,7,21,75,96,21,97,12,0,6,6,23,18,5,12,46,58,38,65,11,0,1,6,16,4,1,7,21,28,0,3,0,0,0,0,2,0,1,0,3,3,14,20,0,1,1,1,2,3,0,2,5,7,1462,30,164,-300,-62,868,97,316,San Francisco,2023-01-09
2024,1,9,77,164,14,3,9,8,44,27,6,17,77,94,30,80,7,0,5,1,23,18,5,6,46,52,36,61,5,3,2,7,19,6,1,9,26,35,1,4,1,0,0,0,2,0,0,0,2,2,10,19,1,0,2,0,0,3,0,2,3,5,1782,24,159,-299,-61,1034,87,331,San Francisco,2024-01-09
2012,2,9,,,,,,,,,,,,,,,,,,,,,,,,,,,,,,,,,,,,,,,,,,,,,,,,,,,,,,,,,,,,,,,,,,,,,San Francisco,2012-02-09
2013,2,9,,,,,,,,,,,,,,,,,,,,,,,,,,,,,,,,,,,,,,,,,,,,,,,,,,,,,,,,,,,,,,,,,,,,,San Francisco,2013-02-09
2014,2,9,,,,,,,,,,,,,,,,,,,,,,,,,,,,,,,,,,,,,,,,,,,,,,,,,,,,,,,,,,,,,,,,,,,,,San Francisco,2014-02-09
2015,2,9,215,337,26,3,12,12,36,26,18,24,80,104,116,191,19,2,3,8,14,16,12,11,42,53,84,111,5,1,8,4,15,9,3,12,27,39,7,4,1,0,0,0,2,0,1,0,3,3,8,31,1,0,1,0,5,1,2,1,8,9,2219,38,178,-265,-27,1563,120,352,San Francisco,2015-02-09
2016,2,9,257,306,27,7,6,14,34,37,11,20,82,102,145,150,17,2,1,10,23,26,7,11,56,67,93,123,5,5,4,3,7,9,4,7,20,27,9,4,0,0,0,0,1,0,0,0,1,1,10,29,5,0,1,1,3,2,0,2,5,7,2011,35,141,-271,-33,1375,129,397,San Francisco,2016-02-09
2017,2,9,195,273,17,15,13,14,33,31,14,27,78,105,96,128,10,4,3,6,20,15,8,9,43,52,82,114,6,10,8,7,11,8,5,15,24,39,8,3,0,0,0,0,0,1,1,0,2,2,9,28,1,1,2,1,2,7,0,3,9,12,2192,38,187,-269,-31,1507,156,356,San Francisco,2017-02-09
2018,2,9,293,291,18,6,7,15,33,27,6,22,66,88,157,175,10,0,3,7,19,18,4,10,41,51,116,97,6,6,4,4,11,5,2,8,18,26,8,2,0,0,0,0,2,0,0,0,2,2,12,17,2,0,0,4,1,4,0,4,5,9,2167,32,188,-268,-30,1354,121,472,San Francisco,2018-02-09
2019,2,9,130,256,17,7,6,7,29,17,4,13,50,63,50,145,9,3,6,4,14,11,4,10,29,39,71,82,7,4,0,3,12,5,0,3,17,20,1,3,0,0,0,0,1,1,0,0,2,2,8,26,1,0,0,0,2,0,0,0,2,2,1938,16,210,-267,-29,1128,120,463,San Francisco,2019-02-09
2020,2,9,185,218,15,10,7,18,41,42,6,25,89,114,101,124,7,0,2,10,22,28,5,12,55,67,71,78,8,10,3,7,18,10,1,10,29,39,2,2,0,0,1,0,0,0,0,1,0,1,11,14,0,0,1,1,1,4,0,2,5,7,1864,22,131,-266,-28,1213,93,412,San Francisco,2020-02-09
2021,2,9,101,216,11,2,8,10,45,32,14,18,91,109,39,135,8,0,5,6,25,19,11,11,55,66,54,65,1,2,3,3,17,10,2,6,29,35,3,2,0,0,0,0,2,1,1,0,4,4,5,14,2,0,0,1,1,2,0,1,3,4,1717,28,110,-271,-33,1088,101,356,San Francisco,2021-02-09
2022,2,9,100,180,18,12,8,12,42,42,17,20,101,121,49,111,12,2,3,5,27,28,12,8,67,75,42,50,4,10,5,5,14,8,4,10,26,36,3,2,0,0,0,0,0,0,0,0,0,0,6,17,2,0,0,2,1,6,1,2,8,10,1535,24,147,-270,-32,905,106,399,San Francisco,2022-02-09
2023,2,9,91,203,18,4,4,12,41,25,6,16,72,88,42,105,11,2,3,4,22,17,4,7,43,50,40,76,3,2,1,4,15,3,2,5,20,25,0,6,0,0,0,1,0,0,0,1,0,1,9,16,4,0,0,3,4,5,0,3,9,12,1628,27,119,-269,-31,937,110,361,San Francisco,2023-02-09
2024,2,9,109,191,7,6,8,7,30,38,16,15,84,99,41,106,4,0,6,3,15,21,10,9,46,55,61,68,3,4,2,4,13,7,5,6,25,31,1,3,0,1,0,0,0,1,0,0,1,1,6,14,0,1,0,0,2,9,1,0,12,12,1695,25,139,-268,-30,968,94,451,San Francisco,2024-02-09
2012,3,9,,,,,,,,,,,,,,,,,,,,,,,,,,,,,,,,,,,,,,,,,,,,,,,,,,,,,,,,,,,,,,,,,,,,,San Francisco,2012-03-09
2013,3,9,,,,,,,,,,,,,,,,,,,,,,,,,,,,,,,,,,,,,,,,,,,,,,,,,,,,,,,,,,,,,,,,,,,,,San Francisco,2013-03-09
2014,3,9,,,,,,,,,,,,,,,,,,,,,,,,,,,,,,,,,,,,,,,,,,,,,,,,,,,,,,,,,,,,,,,,,,,,,San Francisco,2014-03-09
2015,3,9,267,298,22,7,10,10,39,39,20,20,98,118,147,187,14,3,4,4,31,24,13,8,68,76,97,81,5,3,5,4,6,7,4,9,17,26,6,6,1,0,0,0,0,0,0,0,0,0,17,24,2,1,1,2,2,8,3,3,13,16,2258,38,146,-237,1,1622,137,340,San Francisco,2015-03-09
2016,3,9,263,328,18,4,8,7,37,30,5,15,72,87,176,177,14,1,5,5,22,22,5,10,49,59,74,121,2,3,1,2,12,4,0,3,16,19,1,1,0,0,0,0,1,1,0,0,2,2,12,29,2,0,2,0,2,3,0,2,5,7,2075,20,159,-242,-4,1439,110,383,San Francisco,2016-03-09
2017,3,9,255,307,10,8,5,13,39,25,11,18,75,93,146,184,6,1,1,6,26,13,6,7,45,52,91,103,2,5,3,7,10,9,5,10,24,34,5,4,0,0,0,0,0,1,0,0,1,1,13,16,2,2,1,0,3,2,0,1,5,6,2254,18,180,-241,-3,1469,118,463,San Francisco,2017-03-09
2018,3,9,271,316,19,2,11,10,41,24,3,21,68,89,169,177,10,0,6,6,29,19,2,12,50,62,87,113,7,2,3,4,10,5,1,7,16,23,5,3,0,0,0,0,1,0,0,0,1,1,10,23,2,0,2,0,1,0,0,2,1,3,2131,21,137,-240,-2,1297,122,444,San Francisco,2018-03-09
2019,3,9,139,279,18,10,6,9,33,26,8,15,67,82,73,168,9,1,4,4,21,15,7,8,43,51,60,90,7,8,2,5,11,10,1,7,22,29,0,1,0,0,0,0,0,0,0,0,0,0,6,20,2,1,0,0,1,1,0,0,2,2,2126,5,196,-239,-1,1282,131,387,San Francisco,2019-03-09
2020,3,9,157,253,15,3,6,5,36,46,8,11,90,101,100,169,13,0,3,1,19,39,5,4,63,67,53,66,1,3,3,3,12,5,3,6,20,26,1,1,1,0,0,0,1,0,0,0,1,1,3,17,0,0,0,1,4,2,0,1,6,7,2143,34,118,-237,1,1286,112,416,San Francisco,2020-03-09
2021,3,9,110,192,7,5,6,6,42,27,11,12,80,92,56,116,5,0,3,4,26,20,7,7,53,60,51,62,2,5,1,2,13,7,2,3,22,25,1,1,0,0,0,0,0,0,0,0,0,0,2,13,0,0,2,0,3,0,2,2,5,7,1624,8,112,-243,-5,1084,96,305,San Francisco,2021-03-09
2022,3,9,101,201,18,9,6,10,26,42,16,16,84,100,49,116,14,4,4,7,13,32,13,11,58,69,46,66,2,5,2,3,8,7,3,5,18,23,3,1,0,0,0,0,1,0,0,0,1,1,3,18,2,0,0,0,4,3,0,0,7,7,1490,17,104,-242,-4,886,111,375,San Francisco,2022-03-09
2023,3,9,69,164,15,1,5,7,36,34,13,12,83,95,36,103,9,1,1,4,19,23,8,5,50,55,28,50,6,0,4,3,15,4,3,7,22,29,1,1,0,0,0,0,1,1,0,0,2,2,4,10,0,0,0,0,1,6,2,0,9,9,1559,17,148,-241,-3,953,92,331,San Francisco,2023-03-09
2024,3,9,92,178,20,5,2,14,22,19,14,16,55,71,26,110,9,0,2,7,7,11,12,9,30,39,61,52,10,5,0,6,13,4,2,6,19,25,0,4,0,0,0,0,0,0,0,0,0,0,5,12,1,0,0,1,2,4,0,1,6,7,1528,22,105,-239,-1,865,77,379,San Francisco,2024-03-09
2012,4,9,,,,,,,,,,,,,,,,,,,,,,,,,,,,,,,,,,,,,,,,,,,,,,,,,,,,,,,,,,,,,,,,,,,,,San Francisco,2012-04-09
2013,4,9,,,,,,,,,,,,,,,,,,,,,,,,,,,,,,,,,,,,,,,,,,,,,,,,,,,,,,,,,,,,,,,,,,,,,San Francisco,2013-04-09
2014,4,9,,,,,,,,,,,,,,,,,,,,,,,,,,,,,,,,,,,,,,,,,,,,,,,,,,,,,,,,,,,,,,,,,,,,,San Francisco,2014-04-09
2015,4,9,197,276,31,4,10,10,40,32,17,20,89,109,123,186,23,4,5,5,30,26,12,10,68,78,65,67,3,0,4,3,9,4,5,7,18,25,3,3,0,0,0,0,0,0,0,0,0,0,6,20,5,0,1,2,1,2,0,3,3,6,1913,30,121,-206,32,1294,128,343,San Francisco,2015-04-09
2016,4,9,214,271,23,14,5,19,27,27,6,24,60,84,105,161,10,0,2,8,19,19,4,10,42,52,97,89,10,14,1,10,7,5,0,11,12,23,4,3,0,0,0,0,1,0,0,0,1,1,8,18,3,0,2,1,0,3,2,3,5,8,1831,15,131,-211,27,1170,110,395,San Francisco,2016-04-09
2017,4,9,260,268,18,5,7,9,21,24,13,16,58,74,149,188,8,2,1,6,14,21,9,7,44,51,87,66,8,3,5,2,7,2,4,7,13,20,5,1,1,0,0,0,0,0,0,0,0,0,19,13,1,0,1,1,0,1,0,2,1,3,2132,17,124,-210,28,1375,129,348,San Francisco,2017-04-09
2018,4,9,259,268,17,1,5,22,42,34,7,27,83,110,172,171,10,0,4,13,26,25,6,17,57,74,63,68,4,1,0,7,12,7,0,7,19,26,6,6,1,0,0,0,2,1,0,0,3,3,18,23,2,0,1,2,2,1,1,3,4,7,2334,32,145,-209,29,1537,130,415,San Francisco,2018-04-09
2019,4,9,210,294,16,0,4,9,39,40,14,13,93,106,145,190,12,0,3,7,27,33,11,10,71,81,47,69,2,0,0,1,11,6,2,1,19,20,3,9,0,0,0,0,0,0,0,0,0,0,15,26,2,0,1,1,1,1,1,2,3,5,2243,29,157,-208,30,1443,109,455,San Francisco,2019-04-09
2020,4,9,184,276,6,3,3,13,37,33,11,16,81,97,125,191,6,2,1,9,26,28,10,10,64,74,50,61,0,0,1,4,9,2,0,5,11,16,0,4,0,0,0,0,0,0,0,0,0,0,9,20,0,1,1,0,2,3,1,1,6,7,1910,11,117,-206,32,1223,100,330,San Francisco,2020-04-09
2021,4,9,128,210,10,3,4,10,42,31,8,14,81,95,53,139,8,0,3,7,31,27,6,10,64,74,65,62,2,2,0,2,8,2,2,2,12,14,5,2,0,0,0,0,0,0,0,0,0,0,5,7,0,1,1,1,3,2,0,2,5,7,1600,16,85,-212,26,981,97,367,San Francisco,2021-04-09
2022,4,9,139,140,17,9,6,8,30,24,12,14,66,80,46,85,12,2,3,4,20,18,8,7,46,53,86,42,4,7,3,2,9,4,3,5,16,21,0,1,0,0,0,0,0,0,0,0,0,0,7,12,1,0,0,2,1,2,1,2,4,6,1434,11,99,-211,27,781,93,424,San Francisco,2022-04-09
2023,4,9,124,144,21,16,5,18,23,19,14,23,56,79,76,93,14,3,1,10,13,17,11,11,41,52,42,42,6,13,2,7,8,1,2,9,11,20,0,0,0,0,0,0,0,0,0,0,0,0,6,9,1,0,2,1,2,1,1,3,4,7,1415,8,94,-210,28,803,86,342,San Francisco,2023-04-09
2024,4,9,86,186,9,2,6,13,32,20,9,19,61,80,52,128,9,1,4,10,14,18,9,14,41,55,29,35,0,1,2,2,12,2,0,4,14,18,2,4,0,0,0,0,2,0,0,0,2,2,3,19,0,0,0,1,4,0,0,1,4,5,1633,21,96,-208,30,956,91,359,San Francisco,2024-04-09
2012,5,9,,,,,,,,,,,,,,,,,,,,,,,,,,,,,,,,,,,,,,,,,,,,,,,,,,,,,,,,,,,,,,,,,,,,,San Francisco,2012-05-09
2013,5,9,,,,,,,,,,,,,,,,,,,,,,,,,,,,,,,,,,,,,,,,,,,,,,,,,,,,,,,,,,,,,,,,,,,,,San Francisco,2013-05-09
2014,5,9,,,,,,,,,,,,,,,,,,,,,,,,,,,,,,,,,,,,,,,,,,,,,,,,,,,,,,,,,,,,,,,,,,,,,San Francisco,2014-05-09
2015,5,9,240,302,13,14,11,15,27,21,11,26,59,85,134,215,6,3,8,7,16,17,9,15,42,57,90,70,7,8,1,6,8,3,1,7,12,19,1,3,0,0,0,1,1,0,0,1,1,2,15,14,0,3,2,1,2,1,1,3,4,7,2145,14,160,-176,62,1512,123,345,San Francisco,2015-05-09
2016,5,9,242,264,30,5,6,11,32,33,12,17,77,94,162,181,25,2,2,6,25,28,8,8,61,69,61,61,3,1,3,4,4,2,4,7,10,17,3,2,0,0,0,0,1,1,0,0,2,2,16,20,2,2,1,1,2,2,0,2,4,6,2023,9,126,-181,57,1386,104,371,San Francisco,2016-05-09
2017,5,9,284,301,18,1,9,7,38,25,10,16,73,89,207,205,15,0,7,5,30,20,9,12,59,71,55,71,2,1,2,2,3,3,1,4,7,11,2,2,0,0,0,0,2,0,0,0,2,2,20,23,1,0,0,0,3,2,0,0,5,5,2397,20,146,-180,58,1620,134,422,San Francisco,2017-05-09
2018,5,9,276,325,19,2,4,12,45,37,19,16,101,117,198,232,16,1,3,9,30,31,17,12,78,90,63,66,3,1,0,2,7,0,2,2,9,11,4,3,0,0,0,0,1,0,0,0,1,1,11,24,0,0,1,1,7,6,0,2,13,15,2361,13,151,-179,59,1536,116,485,San Francisco,2018-05-09
2019,5,9,198,301,18,5,11,12,35,41,10,23,86,109,146,222,16,1,9,9,23,31,10,18,64,82,37,59,0,4,1,2,7,8,0,3,15,18,3,3,0,0,0,0,1,0,0,0,1,1,12,17,2,0,1,1,4,2,0,2,6,8,2216,19,125,-178,60,1403,122,493,San Francisco,2019-05-09
2020,5,9,160,222,3,3,8,9,41,37,5,17,83,100,88,161,3,0,5,8,30,30,4,13,64,77,61,42,0,3,3,1,9,3,1,4,13,17,1,1,0,0,0,0,1,0,0,0,1,1,10,18,0,0,0,0,1,4,0,0,5,5,1798,9,142,-176,62,1134,80,353,San Francisco,2020-05-09
2021,5,9,139,155,14,17,3,11,32,19,10,14,61,75,64,88,11,4,2,7,22,15,10,9,47,56,62,48,3,12,1,1,7,2,0,2,9,11,0,1,0,0,0,1,0,0,0,1,0,1,13,18,0,1,0,2,3,2,0,2,5,7,1340,11,109,-182,56,784,99,341,San Francisco,2021-05-09
2022,5,9,107,155,8,3,1,4,30,31,16,5,77,82,66,117,4,0,0,2,25,24,12,2,61,63,36,25,1,2,1,1,5,2,2,2,9,11,1,2,2,0,0,0,0,0,0,0,0,0,4,11,1,1,0,1,0,5,2,1,7,8,1497,12,87,-181,57,916,86,326,San Francisco,2022-05-09
2023,5,9,110,190,6,12,8,7,49,28,13,15,90,105,63,137,6,9,4,4,32,22,11,8,65,73,40,36,0,0,4,2,11,2,1,6,14,20,2,3,0,0,0,0,1,0,1,0,2,2,5,14,0,3,0,1,5,4,0,1,9,10,1690,11,111,-180,58,993,107,399,San Francisco,2023-05-09
2024,5,9,103,227,15,6,10,9,35,25,11,19,71,90,64,138,11,3,7,6,23,21,9,13,53,66,35,72,2,3,2,0,9,4,1,2,14,16,0,0,0,0,0,0,0,0,0,0,0,0,4,17,2,0,1,3,3,0,1,4,4,8,1841,8,133,-178,60,1087,97,395,San Francisco,2024-05-09
2012,6,9,,,,,,,,,,,,,,,,,,,,,,,,,,,,,,,,,,,,,,,,,,,,,,,,,,,,,,,,,,,,,,,,,,,,,San Francisco,2012-06-09
2013,6,9,,,,,,,,,,,,,,,,,,,,,,,,,,,,,,,,,,,,,,,,,,,,,,,,,,,,,,,,,,,,,,,,,,,,,San Francisco,2013-06-09
2014,6,9,,,,,,,,,,,,,,,,,,,,,,,,,,,,,,,,,,,,,,,,,,,,,,,,,,,,,,,,,,,,,,,,,,,,,San Francisco,2014-06-09
2015,6,9,257,397,24,7,9,13,49,42,19,22,110,132,183,312,17,2,3,6,32,32,16,9,80,89,45,55,4,1,6,4,10,7,2,10,19,29,2,2,0,0,0,0,0,0,0,0,0,0,27,28,3,4,0,3,7,3,1,3,11,14,2343,13,185,-145,93,1654,156,379,San Francisco,2015-06-09
2016,6,9,289,279,22,9,7,8,23,32,5,15,60,75,210,217,17,4,6,5,16,29,4,11,49,60,52,44,3,2,0,3,5,3,1,3,9,12,4,0,0,0,0,0,0,0,0,0,0,0,23,18,2,3,1,0,2,0,0,1,2,3,2157,14,179,-150,88,1486,125,393,San Francisco,2016-06-09
2017,6,9,251,270,24,13,11,12,33,21,7,23,61,84,145,190,15,2,5,8,20,16,6,13,42,55,77,56,4,6,3,4,9,4,1,7,14,21,6,0,0,0,2,0,0,0,0,2,0,2,23,24,5,5,1,0,4,1,0,1,5,6,2147,14,181,-149,89,1295,134,477,San Francisco,2017-06-09
2018,6,9,164,258,15,12,10,6,31,42,7,16,80,96,86,190,9,3,4,3,24,34,5,7,63,70,61,47,5,7,5,2,5,4,2,7,11,18,4,2,1,0,0,0,0,0,0,0,0,0,13,19,0,2,1,1,2,4,0,2,6,8,1787,13,133,-148,90,1026,138,434,San Francisco,2018-06-09
2019,6,9,219,272,25,9,5,19,38,24,4,24,66,90,127,173,17,1,4,11,24,17,2,15,43,58,62,65,6,7,1,4,11,2,1,5,14,19,3,2,0,0,0,0,1,0,0,0,1,1,27,32,2,1,0,4,2,5,1,4,8,12,1961,17,175,-147,91,1131,116,439,San Francisco,2019-06-09
2020,6,9,142,220,12,25,8,8,50,29,12,16,91,107,73,164,9,2,3,5,32,24,11,8,67,75,42,38,3,14,3,2,13,2,0,5,15,20,1,1,0,0,0,0,0,0,0,0,0,0,26,17,0,9,2,1,5,3,1,3,9,12,1809,10,155,-145,93,1122,115,357,San Francisco,2020-06-09
2021,6,9,109,189,10,13,5,11,45,33,17,16,95,111,70,133,7,4,2,7,34,32,16,9,82,91,30,34,0,8,2,3,6,1,1,5,8,13,6,2,0,0,0,0,1,0,0,0,1,1,3,20,3,1,1,1,4,0,0,2,4,6,1630,21,118,-151,87,999,110,356,San Francisco,2021-06-09
2022,6,9,133,186,18,16,6,16,35,26,17,22,78,100,76,130,15,6,4,5,22,19,14,9,55,64,44,36,1,7,0,4,12,3,3,4,18,22,0,3,0,0,0,1,0,0,0,1,0,1,13,17,2,3,2,6,1,4,0,8,5,13,1552,10,109,-150,88,828,112,430,San Francisco,2022-06-09
2023,6,9,112,185,11,13,9,9,21,24,10,18,55,73,71,130,8,1,5,6,16,23,10,11,49,60,29,37,2,9,4,3,4,1,0,7,5,12,1,5,0,0,0,0,0,0,0,0,0,0,11,13,1,3,0,0,1,0,0,0,1,1,1646,13,128,-149,89,954,105,413,San Francisco,2023-06-09
2024,6,9,93,209,10,10,1,9,29,19,6,10,54,64,51,140,5,2,1,4,19,19,3,5,41,46,33,47,3,8,0,5,5,0,3,5,8,13,1,1,1,0,0,0,0,0,0,0,0,0,8,21,1,0,0,0,5,0,0,0,5,5,1392,9,100,-147,91,759,94,359,San Francisco,2024-06-09
2012,7,9,,,,,,,,,,,,,,,,,,,,,,,,,,,,,,,,,,,,,,,,,,,,,,,,,,,,,,,,,,,,,,,,,,,,,San Francisco,2012-07-09
2013,7,9,,,,,,,,,,,,,,,,,,,,,,,,,,,,,,,,,,,,,,,,,,,,,,,,,,,,,,,,,,,,,,,,,,,,,San Francisco,2013-07-09
2014,7,9,,,,,,,,,,,,,,,,,,,,,,,,,,,,,,,,,,,,,,,,,,,,,,,,,,,,,,,,,,,,,,,,,,,,,San Francisco,2014-07-09
2015,7,9,254,340,28,3,14,6,37,32,9,20,78,98,169,261,24,1,10,5,29,26,8,15,63,78,65,53,2,2,4,1,6,4,1,5,11,16,6,3,0,0,0,0,0,0,0,0,0,0,14,23,2,0,0,0,2,2,0,0,4,4,2371,17,152,-115,123,1689,126,375,San Francisco,2015-07-09
2016,7,9,220,203,15,13,15,14,29,32,12,29,73,102,107,142,11,5,7,6,17,26,10,13,53,66,92,43,3,4,6,7,7,6,2,13,15,28,5,2,0,0,0,0,0,0,0,0,0,0,16,16,1,4,2,1,5,0,0,3,5,8,1659,15,152,-120,118,1031,129,396,San Francisco,2016-07-09
2017,7,9,247,266,16,14,11,18,34,24,4,29,62,91,154,178,13,3,4,6,19,19,2,10,40,50,59,59,2,7,7,10,12,1,1,17,14,31,3,2,0,0,0,0,1,0,0,0,1,1,31,27,1,4,0,2,2,4,1,2,7,9,2028,12,171,-119,119,1251,114,411,San Francisco,2017-07-09
2018,7,9,157,312,16,2,10,9,45,45,8,19,98,117,92,238,15,0,6,6,36,38,7,12,81,93,46,48,1,1,2,3,6,4,0,5,10,15,4,3,0,0,0,0,0,0,0,0,0,0,15,23,0,1,2,0,3,3,1,2,7,9,2080,16,126,-118,120,1330,120,398,San Francisco,2018-07-09
2019,7,9,209,341,14,10,4,12,29,32,5,16,66,82,156,266,12,2,3,5,21,29,4,8,54,62,42,49,1,7,0,4,6,0,1,4,7,11,2,3,0,0,1,0,0,0,0,1,0,1,9,23,1,1,0,3,2,3,0,3,5,8,2425,11,186,-117,121,1559,124,406,San Francisco,2019-07-09
2020,7,9,138,157,4,6,7,7,44,49,18,14,111,125,89,114,3,3,6,6,32,35,16,12,83,95,38,30,0,2,1,0,11,12,1,1,24,25,3,4,0,0,0,0,1,2,0,0,3,3,8,9,1,1,0,1,0,0,1,1,1,2,1517,20,91,-115,123,951,116,318,San Francisco,2020-07-09
2021,7,9,113,203,18,16,4,17,26,31,10,21,67,88,48,136,12,3,3,11,19,26,7,14,52,66,44,54,1,10,0,4,5,2,3,4,10,14,3,1,0,0,0,0,0,0,0,0,0,0,18,12,5,3,1,2,2,3,0,3,5,8,1566,10,125,-121,117,884,96,393,San Francisco,2021-07-09
2022,7,9,105,170,19,7,2,7,40,17,10,9,67,76,48,124,14,2,1,4,27,13,9,5,49,54,40,31,5,4,1,3,9,2,1,4,12,16,3,0,0,0,0,0,0,0,0,0,0,0,14,15,0,1,0,0,4,2,0,0,6,6,1272,12,104,-120,118,676,80,374,San Francisco,2022-07-09
2023,7,9,100,167,12,11,3,12,34,37,12,15,83,98,51,113,7,2,2,8,19,36,9,10,64,74,43,38,4,7,1,3,10,1,2,4,13,17,0,4,0,0,0,1,0,0,0,1,0,1,6,12,1,2,0,0,5,0,1,0,6,6,1414,15,106,-119,119,759,102,385,San Francisco,2023-07-09
2024,7,9,103,219,13,7,5,10,37,24,9,15,70,85,64,171,11,2,3,7,29,19,9,10,57,67,32,33,0,4,1,1,8,2,0,2,10,12,1,2,0,1,0,0,0,0,0,0,0,0,6,13,2,0,1,2,0,3,0,3,3,6,1653,9,125,-117,121,901,108,422,San Francisco,2024-07-09
2012,8,9,,,,,,,,,,,,,,,,,,,,,,,,,,,,,,,,,,,,,,,,,,,,,,,,,,,,,,,,,,,,,,,,,,,,,San Francisco,2012-08-09
2013,8,9,,,,,,,,,,,,,,,,,,,,,,,,,,,,,,,,,,,,,,,,,,,,,,,,,,,,,,,,,,,,,,,,,,,,,San Francisco,2013-08-09
2014,8,9,,,,,,,,,,,,,,,,,,,,,,,,,,,,,,,,,,,,,,,,,,,,,,,,,,,,,,,,,,,,,,,,,,,,,San Francisco,2014-08-09
2015,8,9,244,327,27,13,9,10,29,25,6,19,60,79,119,223,17,3,5,6,19,20,3,11,42,53,106,81,7,10,4,2,5,3,3,6,11,17,4,4,1,0,0,2,1,0,0,2,1,3,15,19,2,0,0,0,4,2,0,0,6,6,2195,22,123,-84,154,1543,117,380,San Francisco,2015-08-09
2016,8,9,228,290,23,5,7,15,34,43,16,22,93,115,153,198,20,1,4,11,19,34,16,15,69,84,55,69,2,4,2,1,12,4,0,3,16,19,6,3,0,0,1,1,1,0,0,2,1,3,14,20,1,0,0,2,2,5,0,2,7,9,2131,21,140,-89,149,1449,110,384,San Francisco,2016-08-09
2017,8,9,216,289,29,4,10,14,35,38,11,24,84,108,153,205,19,1,5,7,26,30,9,12,65,77,49,69,9,3,4,5,5,3,1,9,9,18,5,1,0,0,0,0,0,0,0,0,0,0,9,14,1,0,1,2,4,5,1,3,10,13,2373,14,128,-88,150,1359,131,394,San Francisco,2017-08-09
2018,8,9,173,349,29,2,10,9,34,32,14,19,80,99,113,252,21,0,8,8,20,23,10,16,53,69,42,78,6,1,2,0,10,3,3,2,16,18,8,1,0,1,0,0,1,1,0,0,2,2,10,18,2,0,0,1,3,5,1,1,9,10,2157,19,137,-87,151,1336,119,396,San Francisco,2018-08-09
2019,8,9,272,335,25,9,12,17,39,28,10,29,77,106,180,250,18,2,7,10,23,21,7,17,51,68,79,67,4,6,5,3,11,3,1,8,15,23,4,4,0,1,0,0,0,0,1,0,1,1,9,14,3,0,0,4,5,4,1,4,10,14,2375,19,144,-86,152,1457,152,502,San Francisco,2019-08-09
2020,8,9,143,198,6,6,4,8,41,33,15,12,89,101,55,124,3,0,2,6,27,25,12,8,64,72,76,59,3,5,1,1,11,3,2,2,16,18,1,0,0,0,0,0,1,0,0,0,1,1,11,15,0,1,1,1,2,5,1,2,8,10,1428,7,90,-84,154,905,74,338,San Francisco,2020-08-09
2021,8,9,120,197,10,8,7,5,34,26,15,12,75,87,72,127,7,0,6,3,26,23,12,9,61,70,35,60,2,8,1,1,7,1,1,2,9,11,3,0,0,0,0,0,1,0,0,0,1,1,10,10,1,0,0,1,0,2,2,1,4,5,1689,9,106,-90,148,1004,98,374,San Francisco,2021-08-09
2022,8,9,104,179,13,7,11,13,32,24,11,24,67,91,56,133,9,1,5,10,21,17,11,15,49,64,40,31,3,4,4,1,7,3,0,5,10,15,0,0,1,0,0,0,1,0,0,0,1,1,8,15,0,2,2,2,3,4,0,4,7,11,1435,12,97,-89,149,778,116,353,San Francisco,2022-08-09
2023,8,9,102,175,15,6,5,10,31,15,11,15,57,72,75,124,11,1,3,5,18,12,9,8,39,47,21,38,2,5,2,3,7,2,2,5,11,16,1,1,2,0,0,0,1,0,0,0,1,1,5,12,0,0,0,2,5,1,0,2,6,8,1476,14,98,-88,150,848,103,357,San Francisco,2023-08-09
2024,8,9,88,195,17,4,4,11,40,18,7,15,65,80,52,137,12,1,3,6,28,15,5,9,48,57,28,45,4,3,1,5,11,1,2,6,14,20,1,1,0,0,0,0,0,0,0,0,0,0,7,12,1,0,0,0,1,2,0,0,3,3,1543,8,95,-86,152,870,110,388,San Francisco,2024-08-09
2012,9,9,,,,,,,,,,,,,,,,,,,,,,,,,,,,,,,,,,,,,,,,,,,,,,,,,,,,,,,,,,,,,,,,,,,,,San Francisco,2012-09-09
2013,9,9,,,,,,,,,,,,,,,,,,,,,,,,,,,,,,,,,,,,,,,,,,,,,,,,,,,,,,,,,,,,,,,,,,,,,San Francisco,2013-09-09
2014,9,9,,,,,,,,,,,,,,,,,,,,,,,,,,,,,,,,,,,,,,,,,,,,,,,,,,,,,,,,,,,,,,,,,,,,,San Francisco,2014-09-09
2015,9,9,281,366,30,2,6,14,37,24,15,20,76,96,160,241,24,0,1,10,22,15,11,11,48,59,103,96,3,2,4,4,9,6,1,8,16,24,6,1,0,0,0,0,0,0,1,0,1,1,12,28,3,0,1,0,6,3,2,1,11,12,2473,32,187,-53,185,1639,154,459,San Francisco,2015-09-09
2016,9,9,282,334,30,7,8,11,34,35,6,19,75,94,163,207,26,2,5,8,23,25,3,13,51,64,107,98,2,1,3,2,5,6,2,5,13,18,0,4,0,0,0,0,3,0,0,0,3,3,12,25,2,4,0,1,3,4,1,1,8,9,2218,20,140,-58,180,1434,123,469,San Francisco,2016-09-09
2017,9,9,277,266,15,7,5,13,29,26,6,18,61,79,143,164,6,0,3,7,15,15,3,10,33,43,114,83,7,5,1,3,9,9,3,4,21,25,4,3,0,0,1,0,1,0,0,1,1,2,16,16,2,2,0,3,4,2,0,3,6,9,1984,17,137,-57,181,1165,109,471,San Francisco,2017-09-09
2018,9,9,205,305,15,6,13,11,46,43,10,24,99,123,112,197,13,0,8,8,23,34,9,16,66,82,82,83,2,6,5,1,19,6,1,6,26,32,0,5,0,0,0,0,0,0,0,0,0,0,11,20,0,0,0,2,4,3,0,2,7,9,2116,12,138,-56,182,1314,129,489,San Francisco,2018-09-09
2019,9,9,215,358,14,7,10,8,26,38,12,18,76,94,129,247,9,3,5,6,14,29,9,11,52,63,71,79,2,4,5,2,11,4,3,7,18,25,5,4,0,0,0,0,0,0,0,0,0,0,10,28,3,0,0,0,1,5,0,0,6,6,2537,29,137,-55,183,1597,134,479,San Francisco,2019-09-09
2020,9,9,103,191,15,7,1,6,37,31,11,7,79,86,48,134,12,2,1,5,23,25,7,6,55,61,44,44,1,4,0,1,11,4,4,1,19,20,3,3,0,0,0,0,1,0,0,0,1,1,8,10,2,1,0,0,2,2,0,0,4,4,1598,16,77,-53,185,1079,88,311,San Francisco,2020-09-09
2021,9,9,141,201,12,9,7,7,44,43,18,14,105,119,75,138,10,4,3,1,28,32,13,4,73,77,55,46,1,4,3,4,13,7,4,7,24,31,2,1,0,0,0,0,1,0,0,0,1,1,9,16,1,1,1,2,2,4,1,3,7,10,1603,12,101,-59,179,925,117,416,San Francisco,2021-09-09
2022,9,9,114,192,10,8,4,9,46,26,16,13,88,101,48,117,5,0,3,6,30,22,13,9,65,74,59,57,5,8,1,2,15,3,1,3,19,22,2,3,0,0,0,0,0,0,1,0,1,1,5,15,0,0,0,1,1,1,1,1,3,4,1747,24,118,-58,180,1005,91,430,San Francisco,2022-09-09
2023,9,9,157,195,12,7,8,8,36,34,14,16,84,100,59,116,3,4,2,4,16,31,12,6,59,65,88,67,7,2,6,4,14,1,2,10,17,27,0,0,0,0,0,0,0,0,0,0,0,0,10,12,2,1,0,0,6,2,0,0,8,8,1590,14,115,-57,181,885,95,439,San Francisco,2023-09-09
2024,9,9,97,187,13,4,6,9,40,38,13,15,91,106,52,126,9,0,1,4,29,32,8,5,69,74,40,53,3,3,3,4,7,3,3,7,13,20,1,2,0,0,0,0,1,0,0,0,1,1,4,6,1,1,2,1,3,3,2,3,8,11,1451,11,92,-55,183,791,108,375,San Francisco,2024-09-09
2012,10,9,,,,,,,,,,,,,,,,,,,,,,,,,,,,,,,,,,,,,,,,,,,,,,,,,,,,,,,,,,,,,,,,,,,,,San Francisco,2012-10-09
2013,10,9,,,,,,,,,,,,,,,,,,,,,,,,,,,,,,,,,,,,,,,,,,,,,,,,,,,,,,,,,,,,,,,,,,,,,San Francisco,2013-10-09
2014,10,9,,,,,,,,,,,,,,,,,,,,,,,,,,,,,,,,,,,,,,,,,,,,,,,,,,,,,,,,,,,,,,,,,,,,,San Francisco,2014-10-09
2015,10,9,272,305,27,14,16,10,25,28,15,26,68,94,138,162,21,4,8,4,13,24,10,12,47,59,116,114,5,10,6,6,10,3,5,12,18,30,3,4,0,0,0,0,0,0,0,0,0,0,15,25,1,0,2,0,2,1,0,2,3,5,2245,31,160,-23,215,1497,131,452,San Francisco,2015-10-09
2016,10,9,246,303,20,9,4,14,34,40,10,18,84,102,125,160,12,4,2,6,9,22,6,8,37,45,105,113,8,5,2,8,20,14,4,10,38,48,9,3,0,0,0,0,2,0,0,0,2,2,7,27,0,0,0,0,3,4,0,0,7,7,2300,28,167,-28,210,1523,127,427,San Francisco,2016-10-09
2017,10,9,263,266,14,8,11,15,62,36,14,26,112,138,153,150,13,1,2,11,46,24,8,13,78,91,89,93,1,7,7,2,14,8,4,9,26,35,4,3,0,0,0,1,0,0,0,1,0,1,17,20,0,0,2,1,2,4,2,3,8,11,1958,26,126,-27,211,1231,129,434,San Francisco,2017-10-09
2018,10,9,170,363,22,6,8,11,43,40,9,19,92,111,101,240,10,3,4,6,27,34,6,10,67,77,61,97,6,3,2,4,10,5,3,6,18,24,4,2,0,0,0,0,2,0,0,0,2,2,4,24,6,0,2,1,4,1,0,3,5,8,2291,28,150,-26,212,1453,120,473,San Francisco,2018-10-09
2019,10,9,243,320,18,7,8,16,37,47,10,24,94,118,138,197,11,3,4,6,20,39,5,10,64,74,87,90,5,4,2,6,15,4,4,8,23,31,8,6,0,0,0,2,0,0,0,2,0,2,10,27,2,0,2,2,2,4,1,4,7,11,2434,34,165,-25,213,1534,155,480,San Francisco,2019-10-09
2020,10,9,133,229,19,9,6,10,39,32,22,16,93,109,42,130,13,2,4,7,22,19,17,11,58,69,87,82,6,7,2,1,13,8,5,3,26,29,0,4,0,0,0,0,1,0,0,0,1,1,4,13,0,0,0,2,3,5,0,2,8,10,1736,21,121,-23,215,1057,109,420,San Francisco,2020-10-09
2021,10,9,168,149,30,9,3,11,34,23,4,14,61,75,61,98,13,1,2,5,19,14,3,7,36,43,95,37,13,8,1,6,13,6,1,7,20,27,1,2,0,0,0,0,0,0,0,0,0,0,11,12,4,0,0,0,2,3,0,0,5,5,1655,16,109,-29,209,873,126,450,San Francisco,2021-10-09
2022,10,9,100,168,9,13,7,13,41,20,11,20,72,92,33,81,5,2,3,6,24,13,9,9,46,55,60,77,3,8,4,6,14,5,1,10,20,30,0,1,0,1,0,0,1,2,0,0,3,3,7,9,1,2,0,1,2,0,1,1,3,4,1414,18,114,-28,210,788,96,370,San Francisco,2022-10-09
2023,10,9,112,190,10,12,10,7,41,27,15,17,83,100,51,112,8,1,5,3,20,17,9,8,46,54,44,62,1,9,3,2,15,5,5,5,25,30,1,1,0,0,0,0,1,0,0,0,1,1,16,15,1,2,2,2,5,5,1,4,11,15,1620,31,143,-27,211,902,90,399,San Francisco,2023-10-09
2024,10,9,137,219,26,7,7,11,33,22,6,18,61,79,93,134,19,1,5,6,21,14,5,11,40,51,41,71,6,5,2,5,9,7,1,7,17,24,1,3,1,0,0,0,1,1,0,0,2,2,2,11,0,1,0,0,2,0,0,0,2,2,1843,40,118,-25,213,1065,122,436,San Francisco,2024-10-09
2012,11,9,,,,,,,,,,,,,,,,,,,,,,,,,,,,,,,,,,,,,,,,,,,,,,,,,,,,,,,,,,,,,,,,,,,,,San Francisco,2012-11-09
2013,11,9,,,,,,,,,,,,,,,,,,,,,,,,,,,,,,,,,,,,,,,,,,,,,,,,,,,,,,,,,,,,,,,,,,,,,San Francisco,2013-11-09
2014,11,9,,,,,,,,,,,,,,,,,,,,,,,,,,,,,,,,,,,,,,,,,,,,,,,,,,,,,,,,,,,,,,,,,,,,,San Francisco,2014-11-09
2015,11,9,222,313,25,2,4,14,40,35,19,18,94,112,108,173,18,1,2,4,29,24,14,6,67,73,94,115,4,1,2,9,9,9,3,11,21,32,12,4,0,0,0,0,0,0,1,0,1,1,8,21,3,0,0,1,2,2,1,1,5,6,2135,31,185,8,246,1544,132,334,San Francisco,2015-11-09
2016,11,9,276,283,23,10,9,13,23,34,10,22,67,89,142,154,13,1,3,5,13,19,5,8,37,45,108,96,7,5,6,8,8,11,4,14,23,37,12,3,0,0,0,0,0,0,0,0,0,0,14,30,3,4,0,0,2,4,1,0,7,7,2127,30,188,3,241,1425,109,436,San Francisco,2016-11-09
2017,11,9,281,279,27,7,2,13,39,36,5,15,80,95,181,155,8,1,1,7,19,17,3,8,39,47,83,97,13,6,0,5,14,16,1,5,31,36,7,4,1,0,0,0,2,0,0,0,2,2,10,23,5,0,1,1,4,3,1,2,8,10,2157,31,218,4,242,1348,95,465,San Francisco,2017-11-09
2018,11,9,159,327,27,4,10,13,33,41,10,23,84,107,72,193,14,1,5,5,23,26,4,10,53,63,76,111,10,3,4,8,10,11,6,12,27,39,4,1,0,0,0,0,0,0,0,0,0,0,7,22,3,0,1,0,0,4,0,1,4,5,2277,27,206,5,243,1326,165,492,San Francisco,2018-11-09
2019,11,9,157,230,16,3,13,12,25,42,4,25,71,96,53,134,8,0,7,3,16,28,2,10,46,56,93,88,8,2,4,8,8,10,2,12,20,32,0,0,0,0,0,0,0,0,0,0,0,0,11,8,0,1,2,1,1,4,0,3,5,8,2127,10,158,6,244,1383,101,425,San Francisco,2019-11-09
2020,11,9,85,181,12,8,7,5,42,37,17,12,96,108,50,109,11,2,3,3,26,24,13,6,63,69,31,57,1,5,3,2,14,7,3,5,24,29,1,4,0,0,0,0,0,0,0,0,0,0,3,11,0,1,1,0,2,6,1,1,9,10,1626,19,154,8,246,1068,108,308,San Francisco,2020-11-09
2021,11,9,101,209,9,11,1,11,38,39,11,12,88,100,47,107,6,6,1,6,24,27,9,7,60,67,43,78,2,3,0,3,9,7,2,3,18,21,3,9,1,0,0,0,1,1,0,0,2,2,8,15,0,2,0,2,4,4,0,2,8,10,1604,36,123,2,240,938,138,344,San Francisco,2021-11-09
2022,11,9,86,175,18,6,6,10,32,20,14,16,66,82,39,100,12,1,4,6,18,14,9,10,41,51,36,57,5,5,2,3,11,4,3,5,18,23,4,1,1,0,0,0,2,0,0,0,2,2,7,17,0,0,0,1,1,2,2,1,5,6,1470,24,111,3,241,880,88,330,San Francisco,2022-11-09
2023,11,9,127,160,17,9,3,12,31,25,18,15,74,89,58,92,11,5,2,6,15,18,15,8,48,56,59,57,6,4,0,6,12,6,2,6,20,26,3,2,0,0,0,0,0,0,0,0,0,0,7,9,0,0,1,0,4,1,1,1,6,7,1461,25,121,4,242,840,105,398,San Francisco,2023-11-09
2024,11,9,113,167,13,10,6,6,25,27,1,12,53,65,42,94,4,0,4,2,15,16,1,6,32,38,64,64,8,9,1,3,10,6,0,4,16,20,0,0,0,0,0,0,0,0,0,0,0,0,7,9,1,1,1,1,0,5,0,2,5,7,1506,8,108,6,244,756,113,437,San Francisco,2024-11-09
2012,12,9,,,,,,,,,,,,,,,,,,,,,,,,,,,,,,,,,,,,,,,,,,,,,,,,,,,,,,,,,,,,,,,,,,,,,San Francisco,2012-12-09
2013,12,9,,,,,,,,,,,,,,,,,,,,,,,,,,,,,,,,,,,,,,,,,,,,,,,,,,,,,,,,,,,,,,,,,,,,,San Francisco,2013-12-09
2014,12,9,,,,,,,,,,,,,,,,,,,,,,,,,,,,,,,,,,,,,,,,,,,,,,,,,,,,,,,,,,,,,,,,,,,,,San Francisco,2014-12-09
2015,12,9,274,350,21,7,9,5,48,31,16,14,95,109,150,164,12,1,4,2,25,16,6,6,47,53,107,141,5,6,4,3,20,11,9,7,40,47,7,7,0,0,0,0,0,0,1,0,1,1,10,38,4,0,1,0,3,4,0,1,7,8,2225,35,240,38,276,1586,122,353,San Francisco,2015-12-09
2016,12,9,227,265,22,11,16,12,27,36,15,28,78,106,114,140,10,3,9,6,13,25,7,15,45,60,99,99,8,7,6,6,12,8,5,12,25,37,5,2,0,0,0,0,0,0,0,0,0,0,9,24,4,1,1,0,2,3,3,1,8,9,2112,32,186,33,271,1316,156,434,San Francisco,2016-12-09
2017,12,9,297,259,22,15,5,9,31,24,7,14,62,76,149,118,13,5,2,5,16,15,2,7,33,40,120,113,5,8,3,3,12,8,5,6,25,31,6,2,0,0,0,1,1,0,0,1,1,2,22,26,4,2,0,0,2,1,0,0,3,3,2427,38,225,34,272,1538,120,488,San Francisco,2017-12-09
2018,12,9,130,250,12,9,11,10,28,15,4,21,47,68,39,132,2,5,3,2,14,6,3,5,23,28,83,97,6,4,7,7,11,7,1,14,19,33,4,1,1,0,1,1,0,0,0,2,0,2,4,20,3,0,0,0,3,2,0,0,5,5,1940,30,199,35,273,1184,107,397,San Francisco,2018-12-09
2019,12,9,130,243,7,8,12,13,44,57,8,25,109,134,58,118,3,1,9,5,16,38,6,14,60,74,63,98,4,7,1,8,26,12,1,9,39,48,1,3,0,0,0,0,1,1,0,0,2,2,8,24,0,0,2,0,1,6,1,2,8,10,2073,29,206,36,274,1307,117,408,San Francisco,2019-12-09
2020,12,9,114,220,17,11,3,5,46,42,9,8,97,105,44,128,14,3,3,1,30,27,6,4,63,67,58,67,3,8,0,2,14,10,2,2,26,28,1,5,0,0,0,0,0,0,0,0,0,0,11,20,0,0,0,2,2,5,1,2,8,10,1509,16,139,38,276,949,74,366,San Francisco,2020-12-09
2021,12,9,116,236,15,12,5,10,46,41,7,15,94,109,43,142,10,2,2,4,19,27,4,6,50,56,66,71,4,10,3,4,20,9,1,7,30,37,3,8,0,0,0,0,4,0,0,0,4,4,4,15,1,0,0,2,3,5,2,2,10,12,1785,43,168,32,270,1004,118,391,San Francisco,2021-12-09
2022,12,9,111,156,14,4,2,8,34,30,9,10,73,83,43,88,5,0,0,3,21,23,4,3,48,51,61,57,7,4,2,5,11,3,5,7,19,26,2,1,1,0,0,0,0,0,0,0,0,0,5,10,1,0,0,0,2,4,0,0,6,6,1469,30,122,33,271,777,98,428,San Francisco,2022-12-09
2023,12,9,118,149,12,3,6,3,35,34,13,9,82,91,37,66,3,0,1,0,21,15,5,1,41,42,74,58,7,3,4,3,13,14,7,7,34,41,0,10,0,0,0,0,0,0,0,0,0,0,7,15,2,0,1,0,1,5,1,1,7,8,1415,24,101,34,272,682,99,453,San Francisco,2023-12-09
2024,12,9,118,202,13,7,2,11,28,31,6,13,65,78,70,119,13,0,1,5,20,20,5,6,45,51,44,64,0,7,1,5,6,7,1,6,14,20,1,5,0,0,0,0,1,0,0,0,1,1,3,14,0,0,0,1,1,4,0,1,5,6,1770,32,149,36,274,977,130,394,San Francisco,2024-12-09
2012,1,10,,,,,,,,,,,,,,,,,,,,,,,,,,,,,,,,,,,,,,,,,,,,,,,,,,,,,,,,,,,,,,,,,,,,,San Francisco,2012-01-10
2013,1,10,,,,,,,,,,,,,,,,,,,,,,,,,,,,,,,,,,,,,,,,,,,,,,,,,,,,,,,,,,,,,,,,,,,,,San Francisco,2013-01-10
2014,1,10,,,,,,,,,,,,,,,,,,,,,,,,,,,,,,,,,,,,,,,,,,,,,,,,,,,,,,,,,,,,,,,,,,,,,San Francisco,2014-01-10
2015,1,10,233,350,16,5,14,11,29,26,9,25,64,89,109,165,7,2,6,3,19,14,2,9,35,44,115,155,8,3,7,7,8,7,6,14,21,35,1,4,1,0,0,0,0,0,0,0,0,0,8,26,0,0,1,1,2,5,1,2,8,10,2057,27,157,-295,-57,1473,120,348,San Francisco,2015-01-10
2016,1,10,244,308,18,5,5,11,32,35,8,16,75,91,88,139,9,1,1,7,17,22,1,8,40,48,144,139,7,3,2,4,12,11,5,6,28,34,2,5,0,0,0,0,1,0,0,0,1,1,10,25,2,1,2,0,2,2,2,2,6,8,1977,22,176,-301,-63,1346,127,369,San Francisco,2016-01-10
2017,1,10,160,201,13,1,8,12,50,33,16,20,99,119,83,97,3,0,4,6,24,22,10,10,56,66,71,82,8,1,3,3,19,8,5,6,32,38,4,3,1,0,0,0,0,0,0,0,0,0,2,19,1,0,1,3,7,3,1,4,11,15,1773,33,169,-299,-61,1177,112,331,San Francisco,2017-01-10
2018,1,10,226,311,22,4,6,6,35,35,7,12,77,89,123,147,10,2,0,2,15,17,2,2,34,36,88,134,6,2,2,3,16,11,3,5,30,35,5,8,1,0,0,0,1,3,1,0,5,5,10,22,5,0,4,1,3,4,1,5,8,13,2333,68,279,-298,-60,1647,115,361,San Francisco,2018-01-10
2019,1,10,145,357,10,8,5,9,22,23,6,14,51,65,82,193,4,4,3,7,10,16,4,10,30,40,55,131,4,3,2,1,11,6,1,3,18,21,4,9,1,0,0,0,0,0,0,0,0,0,4,24,1,1,0,1,1,1,1,1,3,4,2332,57,242,-297,-59,1504,123,426,San Francisco,2019-01-10
2020,1,10,200,268,16,3,11,10,32,36,9,21,77,98,103,143,6,2,7,5,18,27,5,12,50,62,76,98,8,1,2,5,10,4,4,7,18,25,3,3,0,0,0,0,1,0,0,0,1,1,18,24,2,0,2,0,3,5,0,2,8,10,2049,32,182,-296,-58,1279,118,438,San Francisco,2020-01-10
2021,1,10,104,201,10,15,4,6,38,39,12,10,89,99,44,101,8,2,2,3,19,25,8,5,52,57,53,80,1,10,2,2,18,11,3,4,32,36,3,4,0,0,0,0,1,0,0,0,1,1,4,16,1,3,0,1,0,3,1,1,4,5,1525,21,130,-301,-63,998,99,286,San Francisco,2021-01-10
2022,1,10,116,171,7,11,13,12,46,28,14,25,88,113,56,95,4,0,5,8,30,16,8,13,54,67,52,62,1,11,8,4,14,9,6,12,29,41,0,2,0,0,0,0,1,0,0,0,1,1,8,12,2,0,0,0,1,3,0,0,4,4,1501,21,122,-300,-62,904,95,334,San Francisco,2022-01-10
2023,1,10,92,174,12,6,3,5,50,24,12,8,86,94,30,82,7,2,1,2,27,16,6,3,49,52,49,79,4,3,1,2,19,6,2,3,27,30,3,1,0,0,0,1,2,0,2,1,4,5,10,12,1,1,1,0,2,2,2,1,6,7,1538,30,130,-299,-61,939,101,348,San Francisco,2023-01-10
2024,1,10,60,179,14,5,4,10,42,20,16,14,78,92,21,83,5,2,3,2,21,14,9,5,44,49,30,75,8,3,1,4,16,4,4,5,24,29,1,3,0,0,0,0,1,0,1,0,2,2,8,18,1,0,0,4,4,2,2,4,8,12,1372,24,125,-298,-60,819,88,340,San Francisco,2024-01-10
2012,2,10,,,,,,,,,,,,,,,,,,,,,,,,,,,,,,,,,,,,,,,,,,,,,,,,,,,,,,,,,,,,,,,,,,,,,San Francisco,2012-02-10
2013,2,10,,,,,,,,,,,,,,,,,,,,,,,,,,,,,,,,,,,,,,,,,,,,,,,,,,,,,,,,,,,,,,,,,,,,,San Francisco,2013-02-10
2014,2,10,,,,,,,,,,,,,,,,,,,,,,,,,,,,,,,,,,,,,,,,,,,,,,,,,,,,,,,,,,,,,,,,,,,,,San Francisco,2014-02-10
2015,2,10,237,377,21,11,6,18,39,27,23,24,89,113,117,189,10,1,1,7,21,17,14,8,52,60,91,142,8,10,3,7,17,6,7,10,30,40,7,6,1,0,0,0,0,1,0,0,1,1,22,40,2,0,2,4,1,3,2,6,6,12,2216,32,211,-264,-26,1580,155,366,San Francisco,2015-02-10
2016,2,10,239,320,25,13,4,12,30,38,7,16,75,91,135,165,15,2,1,3,13,27,7,4,47,51,84,127,6,10,1,7,16,4,0,8,20,28,6,2,1,0,0,1,0,1,0,1,1,2,14,26,3,1,2,1,1,6,0,3,7,10,2019,29,195,-270,-32,1384,130,382,San Francisco,2016-02-10
2017,2,10,255,257,16,4,9,13,31,36,12,22,79,101,109,137,10,0,2,6,23,23,8,8,54,62,127,98,4,3,4,7,6,8,3,11,17,28,3,8,0,0,1,0,0,1,0,1,1,2,16,14,2,1,2,0,2,4,1,2,7,9,2219,40,177,-268,-30,1411,131,441,San Francisco,2017-02-10
2018,2,10,293,283,20,9,7,12,25,31,6,19,62,81,163,160,12,4,2,8,14,22,3,10,39,49,121,98,4,3,4,4,10,6,2,8,18,26,3,7,2,0,0,0,1,1,0,0,2,2,6,18,2,2,1,0,0,2,1,1,3,4,2170,24,217,-267,-29,1351,104,465,San Francisco,2018-02-10
2019,2,10,160,282,15,9,8,16,25,31,11,24,67,91,89,163,8,2,2,10,20,19,5,12,44,56,67,95,5,7,3,6,5,8,3,9,16,25,0,5,0,0,0,0,0,0,0,0,0,0,4,19,2,0,3,0,0,4,3,3,7,10,2148,25,211,-266,-28,1359,119,429,San Francisco,2019-02-10
2020,2,10,129,290,10,7,10,10,37,45,13,20,95,115,68,158,7,1,5,6,23,26,9,11,58,69,52,98,2,6,4,4,12,9,2,8,23,31,3,7,0,0,0,0,2,0,0,0,2,2,6,27,1,0,1,0,0,10,2,1,12,13,2092,35,206,-265,-27,1336,114,435,San Francisco,2020-02-10
2021,2,10,110,193,16,9,6,12,49,38,9,18,96,114,55,118,11,0,5,7,33,25,8,12,66,78,53,59,5,8,1,4,14,9,1,5,24,29,0,4,0,0,0,0,0,0,0,0,0,0,2,12,0,1,0,1,2,4,0,1,6,7,1661,29,118,-270,-32,1059,135,335,San Francisco,2021-02-10
2022,2,10,118,171,13,9,4,13,34,33,16,17,83,100,42,105,4,2,1,6,19,23,13,7,55,62,67,51,9,6,3,4,12,6,2,7,20,27,2,3,0,0,0,0,0,1,0,0,1,1,7,12,0,1,0,3,3,3,1,3,7,10,1609,20,134,-269,-31,944,109,375,San Francisco,2022-02-10
2023,2,10,103,177,21,7,2,6,29,37,11,8,77,85,38,94,7,1,2,3,15,24,4,5,43,48,61,69,13,6,0,2,12,10,6,2,28,30,1,1,0,0,0,0,1,0,0,0,1,1,3,13,1,0,0,1,1,3,1,1,5,6,1622,20,112,-268,-30,921,112,403,San Francisco,2023-02-10
2024,2,10,127,147,11,11,5,10,30,25,13,15,68,83,51,87,4,3,3,6,11,10,7,9,28,37,66,51,5,8,2,3,14,13,4,5,31,36,2,1,0,0,0,0,2,0,1,0,3,3,8,8,2,0,0,1,3,2,1,1,6,7,1554,19,99,-267,-29,900,87,370,San Francisco,2024-02-10
2012,3,10,,,,,,,,,,,,,,,,,,,,,,,,,,,,,,,,,,,,,,,,,,,,,,,,,,,,,,,,,,,,,,,,,,,,,San Francisco,2012-03-10
2013,3,10,,,,,,,,,,,,,,,,,,,,,,,,,,,,,,,,,,,,,,,,,,,,,,,,,,,,,,,,,,,,,,,,,,,,,San Francisco,2013-03-10
2014,3,10,,,,,,,,,,,,,,,,,,,,,,,,,,,,,,,,,,,,,,,,,,,,,,,,,,,,,,,,,,,,,,,,,,,,,San Francisco,2014-03-10
2015,3,10,226,332,13,10,10,7,28,32,22,17,82,99,125,197,11,2,6,6,16,24,16,12,56,68,87,107,0,5,4,1,9,6,5,5,20,25,3,5,0,0,0,0,1,0,0,0,1,1,11,23,2,3,0,0,2,2,1,0,5,5,2206,40,149,-236,2,1586,127,350,San Francisco,2015-03-10
2016,3,10,249,271,21,1,5,9,33,25,10,14,68,82,166,153,11,0,1,2,19,20,8,3,47,50,68,99,8,1,4,4,14,3,2,8,19,27,6,2,0,0,0,0,0,0,0,0,0,0,9,17,2,0,0,3,0,2,0,3,2,5,1931,17,146,-241,-3,1320,113,353,San Francisco,2016-03-10
2017,3,10,289,243,24,11,9,15,33,31,9,24,73,97,162,159,20,3,3,4,20,24,5,7,49,56,109,65,3,5,6,8,12,7,3,14,22,36,6,0,1,0,0,0,0,0,0,0,0,0,12,19,0,3,0,3,1,0,1,3,2,5,2013,22,153,-240,-2,1173,153,472,San Francisco,2017-03-10
2018,3,10,288,298,14,7,9,14,42,22,8,23,72,95,166,184,4,1,4,5,22,12,4,9,38,47,107,82,8,6,4,9,16,8,2,13,26,39,2,5,0,0,0,0,1,0,0,0,1,1,13,27,2,0,1,0,3,2,2,1,7,8,2095,22,184,-239,-1,1288,114,445,San Francisco,2018-03-10
2019,3,10,172,256,12,4,9,10,26,22,4,19,52,71,87,153,10,1,5,8,18,16,2,13,36,49,69,88,1,3,4,2,6,5,2,6,13,19,3,4,0,0,0,0,0,0,0,0,0,0,13,11,1,0,0,0,2,1,0,0,3,3,1988,21,126,-238,0,1247,118,382,San Francisco,2019-03-10
2020,3,10,157,295,23,7,9,5,45,58,14,14,117,131,95,193,18,0,4,2,20,44,8,6,72,78,52,75,4,7,5,3,19,7,5,8,31,39,3,7,0,0,0,0,1,0,0,0,1,1,7,20,1,0,0,0,5,7,1,0,13,13,2384,38,128,-236,2,1527,130,464,San Francisco,2020-03-10
2021,3,10,88,167,15,18,13,10,43,33,9,23,85,108,47,113,8,5,9,7,23,28,8,16,59,75,33,44,4,13,2,2,19,2,1,4,22,26,2,2,0,0,0,0,0,0,0,0,0,0,6,8,3,0,2,1,1,3,0,3,4,7,1540,8,90,-242,-4,971,95,312,San Francisco,2021-03-10
2022,3,10,107,201,19,6,6,15,27,23,15,21,65,86,46,126,14,2,3,9,21,18,13,12,52,64,53,58,4,3,1,5,4,3,2,6,9,15,0,2,0,0,0,0,0,0,0,0,0,0,8,15,1,1,2,1,2,2,0,3,4,7,1494,11,121,-241,-3,872,109,362,San Francisco,2022-03-10
2023,3,10,120,205,11,7,8,14,37,35,9,22,81,103,65,134,8,2,7,8,27,24,5,15,56,71,48,59,3,4,1,4,3,7,2,5,12,17,1,3,0,0,0,0,0,1,1,0,2,2,6,9,0,1,0,2,7,3,1,2,11,13,1721,20,141,-240,-2,1045,82,375,San Francisco,2023-03-10
2024,3,10,103,171,17,9,3,10,24,28,6,13,58,71,48,104,9,0,1,5,13,22,5,6,40,46,52,54,6,8,0,4,9,5,0,4,14,18,0,4,0,0,0,0,1,0,0,0,1,1,3,9,2,1,2,1,1,1,1,3,3,6,1506,17,91,-238,0,912,72,322,San Francisco,2024-03-10
2012,4,10,,,,,,,,,,,,,,,,,,,,,,,,,,,,,,,,,,,,,,,,,,,,,,,,,,,,,,,,,,,,,,,,,,,,,San Francisco,2012-04-10
2013,4,10,,,,,,,,,,,,,,,,,,,,,,,,,,,,,,,,,,,,,,,,,,,,,,,,,,,,,,,,,,,,,,,,,,,,,San Francisco,2013-04-10
2014,4,10,,,,,,,,,,,,,,,,,,,,,,,,,,,,,,,,,,,,,,,,,,,,,,,,,,,,,,,,,,,,,,,,,,,,,San Francisco,2014-04-10
2015,4,10,222,340,31,6,19,8,29,48,27,27,104,131,127,251,22,1,7,5,16,39,26,12,81,93,76,68,6,5,10,3,13,7,0,13,20,33,4,3,0,0,0,0,0,0,1,0,1,1,15,18,3,0,2,0,0,2,0,2,2,4,2065,14,147,-205,33,1413,118,367,San Francisco,2015-04-10
2016,4,10,243,305,19,17,10,13,30,27,14,23,71,94,119,179,11,4,4,6,23,22,10,10,55,65,111,105,7,12,5,5,5,3,2,10,10,20,2,2,0,0,0,0,0,0,0,0,0,0,11,19,1,1,1,2,2,2,2,3,6,9,1958,12,105,-210,28,1300,123,355,San Francisco,2016-04-10
2017,4,10,236,229,15,6,11,17,46,47,14,28,107,135,160,158,14,0,5,8,30,39,9,13,78,91,52,59,0,3,5,7,11,5,4,12,20,32,7,1,0,0,0,0,3,0,1,0,4,4,17,11,1,3,1,2,2,3,0,3,5,8,2163,33,115,-209,29,1432,154,364,San Francisco,2017-04-10
2018,4,10,279,296,16,7,10,14,43,45,8,24,96,120,177,204,10,2,7,12,34,32,8,19,74,93,84,77,4,5,1,2,8,10,0,3,18,21,6,4,0,0,1,0,0,0,0,1,0,1,12,11,2,0,1,0,1,3,0,1,4,5,2206,22,122,-208,30,1414,119,414,San Francisco,2018-04-10
2019,4,10,224,337,20,3,7,10,27,35,12,17,74,91,163,226,12,2,3,7,19,27,9,10,55,65,41,90,4,1,3,3,7,5,0,6,12,18,5,2,1,0,0,0,0,0,2,0,2,2,15,19,3,0,1,0,1,3,1,1,5,6,2562,24,160,-207,31,1687,142,446,San Francisco,2019-04-10
2020,4,10,145,275,11,4,8,15,51,26,9,23,86,109,87,187,5,3,7,8,31,25,6,15,62,77,47,59,6,1,0,2,16,1,2,2,19,21,3,1,0,0,0,0,2,0,0,0,2,2,8,28,0,0,1,5,2,0,1,6,3,9,2110,14,146,-205,33,1314,100,360,San Francisco,2020-04-10
2021,4,10,146,222,18,9,7,3,31,18,7,10,56,66,47,154,13,2,4,1,23,15,5,5,43,48,86,53,5,6,3,2,7,3,1,5,11,16,1,0,0,0,0,0,0,0,0,0,0,0,12,15,0,1,0,0,1,0,1,0,2,2,1578,8,105,-211,27,1019,79,358,San Francisco,2021-04-10
2022,4,10,93,137,16,6,9,9,32,29,8,18,69,87,38,79,11,2,4,5,20,25,6,9,51,60,48,49,4,2,5,4,10,2,2,9,14,23,1,1,0,0,0,0,0,0,0,0,0,0,6,8,1,2,0,0,2,2,0,0,4,4,1320,6,92,-210,28,701,91,391,San Francisco,2022-04-10
2023,4,10,91,183,9,6,12,8,37,26,12,20,75,95,50,129,7,3,7,5,29,23,9,12,61,73,36,37,2,3,3,2,8,3,2,5,13,18,0,3,0,0,0,0,0,0,0,0,0,0,5,14,0,0,2,1,0,0,1,3,1,4,1634,19,111,-209,29,946,85,359,San Francisco,2023-04-10
2024,4,10,103,203,8,1,8,10,29,30,9,18,68,86,57,139,6,0,6,7,14,25,6,13,45,58,33,54,1,1,2,3,13,3,2,5,18,23,2,0,0,0,0,0,0,0,0,0,0,0,11,10,1,0,0,0,2,2,1,0,5,5,1523,12,76,-207,31,899,97,352,San Francisco,2024-04-10
2012,5,10,,,,,,,,,,,,,,,,,,,,,,,,,,,,,,,,,,,,,,,,,,,,,,,,,,,,,,,,,,,,,,,,,,,,,San Francisco,2012-05-10
2013,5,10,,,,,,,,,,,,,,,,,,,,,,,,,,,,,,,,,,,,,,,,,,,,,,,,,,,,,,,,,,,,,,,,,,,,,San Francisco,2013-05-10
2014,5,10,,,,,,,,,,,,,,,,,,,,,,,,,,,,,,,,,,,,,,,,,,,,,,,,,,,,,,,,,,,,,,,,,,,,,San Francisco,2014-05-10
2015,5,10,197,283,20,5,12,15,27,25,14,27,66,93,121,184,15,1,5,7,16,22,10,12,48,60,63,78,5,3,7,6,8,3,3,13,14,27,1,2,0,0,0,0,0,0,0,0,0,0,12,19,0,1,0,2,3,0,1,2,4,6,1813,8,128,-175,63,1230,127,323,San Francisco,2015-05-10
2016,5,10,267,304,20,3,7,8,30,33,6,15,69,84,198,214,11,1,6,5,21,26,5,11,52,63,45,66,6,2,0,2,4,3,0,2,7,9,7,4,1,0,0,0,0,0,1,0,1,1,17,20,2,0,1,1,5,4,0,2,9,11,2129,15,146,-180,58,1440,117,405,San Francisco,2016-05-10
2017,5,10,238,305,18,6,7,11,32,30,16,18,78,96,182,220,14,1,5,11,22,25,11,16,58,74,45,61,3,4,1,0,7,3,5,1,15,16,2,2,0,0,0,0,0,0,0,0,0,0,9,22,1,1,1,0,3,2,0,1,5,6,2349,9,133,-179,59,1628,122,375,San Francisco,2017-05-10
2018,5,10,286,277,27,0,7,15,34,35,13,22,82,104,206,189,22,0,6,6,24,28,12,12,64,76,55,70,3,0,0,4,8,4,0,4,12,16,3,2,0,0,0,0,0,0,0,0,0,0,22,16,2,0,1,5,2,3,1,6,6,12,2527,15,154,-178,60,1753,115,437,San Francisco,2018-05-10
2019,5,10,192,305,20,6,7,17,41,33,13,24,87,111,133,219,16,0,3,12,28,28,10,15,66,81,44,62,1,3,3,5,8,4,1,8,13,21,6,1,0,0,0,0,1,0,0,0,1,1,9,23,3,3,1,0,4,1,2,1,7,8,2113,20,143,-177,61,1311,134,420,San Francisco,2019-05-10
2020,5,10,127,221,5,2,2,6,36,21,7,8,64,72,63,143,2,1,0,5,25,15,6,5,46,51,53,56,3,1,2,1,10,4,1,3,15,18,0,2,0,0,0,0,0,0,0,0,0,0,11,20,0,0,0,0,1,2,0,0,3,3,1623,5,96,-175,63,1035,80,251,San Francisco,2020-05-10
2021,5,10,101,216,17,12,5,7,30,43,15,12,88,100,67,153,13,2,2,5,23,39,10,7,72,79,26,44,3,10,1,2,5,2,4,3,11,14,0,3,0,0,0,0,1,0,0,0,1,1,8,16,1,0,2,0,1,2,1,2,4,6,1667,11,100,-181,57,1044,104,374,San Francisco,2021-05-10
2022,5,10,103,181,8,3,6,11,46,33,7,17,86,103,62,123,8,1,4,8,31,24,7,12,62,74,35,40,0,2,2,2,10,3,0,4,13,17,1,3,0,0,0,0,0,0,0,0,0,0,5,15,0,0,0,1,5,6,0,1,11,12,1550,18,102,-180,58,894,110,338,San Francisco,2022-05-10
2023,5,10,106,180,13,9,7,4,29,21,9,11,59,70,70,133,6,4,7,4,16,19,8,11,43,54,34,35,4,3,0,0,12,1,1,0,14,14,0,1,1,0,0,0,1,0,0,0,1,1,2,11,2,2,0,0,0,1,0,0,1,1,1571,9,119,-179,59,923,87,385,San Francisco,2023-05-10
2024,5,10,106,175,21,6,7,9,24,36,8,16,68,84,58,116,15,1,4,7,18,30,7,11,55,66,36,52,3,4,2,1,4,2,1,3,7,10,1,0,0,0,0,0,1,1,0,0,2,2,11,7,3,1,1,1,1,3,0,2,4,6,1649,6,156,-177,61,966,108,405,San Francisco,2024-05-10
2012,6,10,,,,,,,,,,,,,,,,,,,,,,,,,,,,,,,,,,,,,,,,,,,,,,,,,,,,,,,,,,,,,,,,,,,,,San Francisco,2012-06-10
2013,6,10,,,,,,,,,,,,,,,,,,,,,,,,,,,,,,,,,,,,,,,,,,,,,,,,,,,,,,,,,,,,,,,,,,,,,San Francisco,2013-06-10
2014,6,10,,,,,,,,,,,,,,,,,,,,,,,,,,,,,,,,,,,,,,,,,,,,,,,,,,,,,,,,,,,,,,,,,,,,,San Francisco,2014-06-10
2015,6,10,223,319,28,4,8,9,33,34,10,17,77,94,164,243,26,1,3,6,20,29,9,9,58,67,41,46,0,3,4,2,11,4,0,6,15,21,5,0,0,0,0,0,0,0,0,0,0,0,13,30,2,0,1,1,2,1,1,2,4,6,2158,20,171,-144,94,1499,100,353,San Francisco,2015-06-10
2016,6,10,271,301,23,9,12,14,40,24,14,26,78,104,176,219,16,3,9,10,26,19,11,19,56,75,65,52,6,4,2,3,11,2,3,5,16,21,3,2,0,1,1,0,0,0,0,1,0,1,27,28,1,1,0,1,3,3,0,1,6,7,2244,15,177,-149,89,1511,129,384,San Francisco,2016-06-10
2017,6,10,264,233,14,8,7,13,37,27,8,20,72,92,143,153,10,2,4,8,24,16,8,12,48,60,92,55,3,4,3,4,11,8,0,7,19,26,4,2,0,0,0,0,0,0,0,0,0,0,25,23,1,2,0,1,2,3,0,1,5,6,2019,20,156,-148,90,1211,119,461,San Francisco,2017-06-10
2018,6,10,148,230,13,14,5,14,29,26,5,19,60,79,83,147,10,2,2,7,20,21,3,9,44,53,49,54,3,9,1,7,7,2,2,8,11,19,7,3,0,1,0,0,1,0,0,0,1,1,9,26,0,2,2,0,1,3,0,2,4,6,1748,23,122,-147,91,996,123,410,San Francisco,2018-06-10
2019,6,10,249,309,19,7,10,12,30,30,8,22,68,90,167,216,14,0,5,9,18,22,7,14,47,61,56,63,3,5,4,2,10,3,0,6,13,19,1,1,0,0,0,0,0,0,1,0,1,1,25,29,2,2,1,1,2,5,0,2,7,9,2348,12,194,-146,92,1432,143,510,San Francisco,2019-06-10
2020,6,10,148,195,18,4,2,4,41,42,9,6,92,98,92,140,14,3,2,2,30,35,9,4,74,78,40,41,0,0,0,1,8,0,0,1,8,9,5,0,1,0,0,0,0,0,0,0,0,0,11,14,3,1,0,1,3,7,0,1,10,11,1650,19,118,-144,94,1054,104,324,San Francisco,2020-06-10
2021,6,10,118,168,16,8,3,11,30,31,17,14,78,92,67,123,13,3,1,5,20,30,13,6,63,69,35,31,2,4,2,5,8,0,2,7,10,17,4,1,0,0,0,1,1,0,1,1,2,3,12,13,1,1,0,0,1,1,1,0,3,3,1479,17,109,-150,88,914,116,293,San Francisco,2021-06-10
2022,6,10,121,177,15,11,5,18,31,31,12,23,74,97,62,127,11,2,4,15,18,28,9,19,55,74,46,30,1,6,0,1,10,1,2,1,13,14,3,0,0,0,0,0,0,1,0,0,1,1,10,20,3,3,1,2,3,1,1,3,5,8,1517,8,132,-149,89,802,108,442,San Francisco,2022-06-10
2023,6,10,135,150,19,6,7,11,35,27,10,18,72,90,63,95,12,1,4,8,27,23,8,12,58,70,61,44,4,4,3,2,6,3,0,5,9,14,1,1,0,0,0,0,0,0,1,0,1,1,10,10,3,1,0,1,2,1,1,1,4,5,1393,11,105,-148,90,715,86,431,San Francisco,2023-06-10
2024,6,10,89,189,10,4,7,4,40,34,8,11,82,93,57,138,7,1,4,4,27,31,6,8,64,72,18,35,3,3,1,0,10,0,2,1,12,13,0,0,0,0,0,0,1,0,0,0,1,1,14,16,0,0,2,0,2,3,0,2,5,7,1600,5,128,-146,92,895,116,378,San Francisco,2024-06-10
2012,7,10,,,,,,,,,,,,,,,,,,,,,,,,,,,,,,,,,,,,,,,,,,,,,,,,,,,,,,,,,,,,,,,,,,,,,San Francisco,2012-07-10
2013,7,10,,,,,,,,,,,,,,,,,,,,,,,,,,,,,,,,,,,,,,,,,,,,,,,,,,,,,,,,,,,,,,,,,,,,,San Francisco,2013-07-10
2014,7,10,,,,,,,,,,,,,,,,,,,,,,,,,,,,,,,,,,,,,,,,,,,,,,,,,,,,,,,,,,,,,,,,,,,,,San Francisco,2014-07-10
2015,7,10,267,293,11,4,17,12,26,36,14,29,76,105,183,207,10,1,8,6,20,27,9,14,56,70,61,61,1,1,7,5,5,8,2,12,15,27,1,4,0,0,0,0,0,0,0,0,0,0,22,21,0,2,2,1,1,1,3,3,5,8,2315,14,178,-114,124,1605,142,397,San Francisco,2015-07-10
2016,7,10,234,248,26,22,14,16,20,28,6,30,54,84,140,172,20,5,8,9,14,20,4,17,38,55,71,54,5,12,5,5,6,5,2,10,13,23,1,0,0,0,0,0,0,1,0,0,1,1,22,22,1,5,1,2,0,2,0,3,2,5,1817,9,164,-119,119,1162,125,382,San Francisco,2016-07-10
2017,7,10,255,304,17,14,5,14,41,22,11,19,74,93,176,200,14,6,4,12,30,14,6,16,50,66,61,81,1,3,0,0,7,4,3,0,14,14,2,2,0,0,0,0,1,0,1,0,2,2,16,21,2,5,1,2,3,4,1,3,8,11,2145,9,163,-118,120,1382,111,401,San Francisco,2017-07-10
2018,7,10,150,298,19,5,10,9,44,47,6,19,97,116,96,226,19,0,8,8,34,40,6,16,80,96,34,46,0,4,1,0,7,5,0,1,12,13,5,1,0,0,0,0,0,0,0,0,0,0,15,25,0,1,1,1,3,2,0,2,5,7,1985,15,138,-117,121,1249,109,389,San Francisco,2018-07-10
2019,7,10,256,316,16,13,9,18,38,28,11,27,77,104,185,226,14,3,1,10,32,21,10,11,63,74,49,70,2,7,1,5,3,2,1,6,6,12,2,0,0,0,0,0,0,0,0,0,0,0,20,20,0,3,7,3,3,5,0,10,8,18,2518,31,201,-116,122,1650,150,465,San Francisco,2019-07-10
2020,7,10,138,190,10,6,8,10,40,49,23,18,112,130,72,143,5,3,5,8,26,46,17,13,89,102,47,37,3,2,1,1,12,3,2,2,17,19,3,1,0,0,0,0,0,0,2,0,2,2,16,9,2,1,2,1,2,0,2,3,4,7,1702,13,147,-114,124,1065,106,391,San Francisco,2020-07-10
2021,7,10,125,178,11,7,4,6,34,28,21,10,83,93,50,119,8,0,2,3,21,24,15,5,60,65,58,44,3,5,2,1,7,4,4,3,15,18,2,2,0,1,0,0,1,0,0,0,1,1,15,13,0,1,0,2,5,0,2,2,7,9,1555,18,112,-120,118,912,103,405,San Francisco,2021-07-10
2022,7,10,131,152,12,5,6,6,24,26,15,12,65,77,58,97,5,2,5,5,15,22,12,10,49,59,57,43,4,0,0,0,6,3,2,0,11,11,2,0,0,1,0,0,0,0,0,0,0,0,14,12,3,2,1,1,3,1,1,2,5,7,1375,9,121,-119,119,780,87,358,San Francisco,2022-07-10
2023,7,10,101,177,17,4,12,8,43,23,14,20,80,100,47,126,16,2,9,5,34,21,10,14,65,79,38,38,1,0,2,2,6,2,3,4,11,15,1,0,0,0,0,0,1,0,0,0,1,1,15,13,0,2,1,1,2,0,1,2,3,5,1551,7,113,-118,120,874,107,375,San Francisco,2023-07-10
2024,7,10,102,149,15,7,13,5,48,27,11,18,86,104,67,109,14,1,9,4,31,23,10,13,64,77,28,26,0,3,2,1,15,2,1,3,18,21,1,1,0,0,0,0,1,0,0,0,1,1,6,13,1,3,2,0,1,2,0,2,3,5,1428,8,113,-116,122,798,106,354,San Francisco,2024-07-10
2012,8,10,,,,,,,,,,,,,,,,,,,,,,,,,,,,,,,,,,,,,,,,,,,,,,,,,,,,,,,,,,,,,,,,,,,,,San Francisco,2012-08-10
2013,8,10,,,,,,,,,,,,,,,,,,,,,,,,,,,,,,,,,,,,,,,,,,,,,,,,,,,,,,,,,,,,,,,,,,,,,San Francisco,2013-08-10
2014,8,10,,,,,,,,,,,,,,,,,,,,,,,,,,,,,,,,,,,,,,,,,,,,,,,,,,,,,,,,,,,,,,,,,,,,,San Francisco,2014-08-10
2015,8,10,247,297,28,14,8,11,47,38,19,19,104,123,150,208,23,5,4,7,40,32,18,11,90,101,80,69,3,7,3,3,5,3,1,6,9,15,4,3,0,0,1,0,0,0,0,1,0,1,13,17,2,2,0,1,2,3,0,1,5,6,2078,18,131,-83,155,1442,130,371,San Francisco,2015-08-10
2016,8,10,262,334,25,11,9,8,32,33,6,17,71,88,174,231,15,3,5,3,21,22,5,8,48,56,72,77,8,6,2,3,8,9,1,5,18,23,4,1,0,0,1,1,0,0,0,2,0,2,12,25,2,2,1,1,3,2,0,2,5,7,2202,13,138,-88,150,1443,117,466,San Francisco,2016-08-10
2017,8,10,277,306,10,5,12,13,30,46,14,25,90,115,188,218,6,1,5,8,25,37,12,13,74,87,65,71,4,4,6,3,1,4,2,9,7,16,7,2,0,0,0,0,0,1,0,0,1,1,17,15,0,0,1,2,4,4,0,3,8,11,2414,19,142,-87,151,1461,155,467,San Francisco,2017-08-10
2018,8,10,143,352,17,9,18,9,30,44,8,27,82,109,71,242,13,0,8,6,23,35,7,14,65,79,60,86,2,8,7,3,6,4,1,10,11,21,3,4,0,0,0,0,1,0,0,0,1,1,9,20,2,1,3,0,0,5,0,3,5,8,2198,20,144,-86,152,1405,129,440,San Francisco,2018-08-10
2019,8,10,249,308,14,17,10,9,37,26,8,19,71,90,146,217,9,3,6,5,22,20,6,11,48,59,91,68,3,12,3,4,9,3,2,7,14,21,1,4,0,0,0,0,0,0,0,0,0,0,11,19,2,2,1,0,6,3,0,1,9,10,2295,9,144,-85,153,1445,132,502,San Francisco,2019-08-10
2020,8,10,129,225,10,12,4,7,35,30,18,11,83,94,71,171,6,2,3,5,18,29,14,8,61,69,49,44,2,10,0,2,16,1,4,2,21,23,0,5,0,0,1,0,1,0,0,1,1,2,9,5,2,0,0,0,0,0,0,0,0,0,1567,18,77,-83,155,942,113,375,San Francisco,2020-08-10
2021,8,10,135,204,12,9,4,18,48,37,9,22,94,116,76,133,7,5,3,13,33,34,5,16,72,88,44,49,4,3,1,4,9,1,4,5,14,19,1,4,0,0,0,0,1,0,0,0,1,1,14,18,1,1,0,1,5,2,0,1,7,8,1745,11,107,-89,149,1097,111,366,San Francisco,2021-08-10
2022,8,10,115,204,15,9,9,15,27,25,11,24,63,87,58,148,11,2,7,10,21,21,4,17,46,63,46,40,3,7,2,4,4,3,5,6,12,18,3,2,0,0,0,0,1,0,0,0,1,1,8,14,1,0,0,1,1,1,2,1,4,5,1442,14,110,-88,150,825,112,359,San Francisco,2022-08-10
2023,8,10,121,204,18,2,6,12,39,34,15,18,88,106,78,148,12,0,4,8,22,25,11,12,58,70,34,39,3,1,1,2,12,5,2,3,19,22,0,3,0,0,0,0,2,1,1,0,4,4,9,14,3,1,1,2,3,3,1,3,7,10,1610,16,114,-87,151,927,89,429,San Francisco,2023-08-10
2024,8,10,118,163,14,10,9,8,28,33,6,17,67,84,64,104,7,2,4,5,19,26,5,9,50,59,47,44,7,6,3,2,7,4,1,5,12,17,1,3,0,0,0,1,0,0,0,1,0,1,6,12,0,2,2,0,2,3,0,2,5,7,1497,13,109,-85,153,830,99,431,San Francisco,2024-08-10
2012,9,10,,,,,,,,,,,,,,,,,,,,,,,,,,,,,,,,,,,,,,,,,,,,,,,,,,,,,,,,,,,,,,,,,,,,,San Francisco,2012-09-10
2013,9,10,,,,,,,,,,,,,,,,,,,,,,,,,,,,,,,,,,,,,,,,,,,,,,,,,,,,,,,,,,,,,,,,,,,,,San Francisco,2013-09-10
2014,9,10,,,,,,,,,,,,,,,,,,,,,,,,,,,,,,,,,,,,,,,,,,,,,,,,,,,,,,,,,,,,,,,,,,,,,San Francisco,2014-09-10
2015,9,10,291,353,25,3,7,16,31,39,21,23,91,114,187,224,23,0,2,6,19,29,16,8,64,72,85,109,2,3,4,10,9,8,4,14,21,35,5,4,0,0,1,0,0,0,1,1,1,2,14,16,0,0,0,0,3,2,0,0,5,5,2261,27,142,-52,186,1535,137,449,San Francisco,2015-09-10
2016,9,10,295,298,22,14,13,14,34,38,12,27,84,111,151,184,11,5,6,7,17,29,11,13,57,70,128,98,9,6,7,5,13,7,1,12,21,33,3,1,0,0,0,0,1,0,0,0,1,1,13,15,2,3,0,2,3,2,0,2,5,7,2208,17,116,-57,181,1383,114,495,San Francisco,2016-09-10
2017,9,10,292,283,16,10,10,9,22,25,6,19,53,72,159,177,9,2,5,2,14,16,6,7,36,43,104,86,6,6,5,6,5,6,0,11,11,22,8,1,0,0,0,0,0,0,0,0,0,0,21,19,1,2,0,1,3,3,0,1,6,7,2107,21,157,-56,182,1278,111,423,San Francisco,2017-09-10
2018,9,10,174,366,26,2,9,6,41,38,12,15,91,106,88,240,20,1,2,4,29,30,8,6,67,73,75,101,4,1,6,1,11,4,1,7,16,23,1,3,0,0,0,0,0,0,1,0,1,1,10,22,2,0,1,1,1,4,2,2,7,9,2192,24,139,-55,183,1381,139,482,San Francisco,2018-09-10
2019,9,10,188,322,10,13,12,9,25,34,14,21,73,94,136,227,9,0,6,7,16,29,10,13,55,68,39,58,0,13,4,1,6,4,3,5,13,18,9,10,0,0,0,0,0,0,0,0,0,0,4,27,1,0,2,1,3,1,1,3,5,8,2426,29,164,-54,184,1448,148,485,San Francisco,2019-09-10
2020,9,10,122,227,14,8,1,8,35,40,12,9,87,96,63,159,8,2,0,6,22,35,9,6,66,72,53,51,6,5,1,2,10,2,3,3,15,18,2,2,0,0,0,0,0,0,0,0,0,0,4,15,0,1,0,0,3,3,0,0,6,6,1642,17,91,-52,186,1119,103,281,San Francisco,2020-09-10
2021,9,10,144,206,14,11,5,6,49,36,6,11,91,102,57,134,9,0,3,5,29,30,4,8,63,71,78,56,3,9,2,1,19,3,2,3,24,27,2,3,1,0,0,0,0,0,0,0,0,0,7,13,1,2,0,0,1,3,0,0,4,4,1822,16,132,-58,180,1055,112,422,San Francisco,2021-09-10
2022,9,10,154,176,14,13,8,9,35,20,5,17,60,77,54,114,4,3,4,5,23,14,3,9,40,49,88,51,9,8,4,4,11,1,1,8,13,21,2,1,0,0,0,0,0,1,1,0,2,2,10,10,1,2,0,0,1,4,0,0,5,5,1602,18,114,-57,181,876,93,456,San Francisco,2022-09-10
2023,9,10,150,176,13,19,3,10,34,25,19,13,78,91,80,104,10,1,0,3,17,21,14,3,52,55,60,56,2,18,3,5,12,2,4,8,18,26,2,1,0,0,0,0,1,0,0,0,1,1,8,15,1,0,0,2,4,2,1,2,7,9,1463,12,110,-56,182,744,93,479,San Francisco,2023-09-10
2024,9,10,99,188,16,3,3,8,36,27,16,11,79,90,61,126,13,1,2,5,27,24,10,7,61,68,31,53,3,1,1,1,8,1,6,2,15,17,0,5,0,1,0,0,0,1,0,0,1,1,7,4,0,0,0,2,1,1,0,2,2,4,1523,17,91,-54,184,884,84,370,San Francisco,2024-09-10
2012,10,10,,,,,,,,,,,,,,,,,,,,,,,,,,,,,,,,,,,,,,,,,,,,,,,,,,,,,,,,,,,,,,,,,,,,,San Francisco,2012-10-10
2013,10,10,,,,,,,,,,,,,,,,,,,,,,,,,,,,,,,,,,,,,,,,,,,,,,,,,,,,,,,,,,,,,,,,,,,,,San Francisco,2013-10-10
2014,10,10,,,,,,,,,,,,,,,,,,,,,,,,,,,,,,,,,,,,,,,,,,,,,,,,,,,,,,,,,,,,,,,,,,,,,San Francisco,2014-10-10
2015,10,10,346,357,31,16,9,19,31,36,17,28,84,112,152,207,13,2,1,7,17,21,9,8,47,55,172,116,13,13,7,10,11,11,5,17,27,44,1,5,1,0,0,0,0,1,0,0,1,1,21,29,4,1,1,2,3,3,3,3,9,12,2495,30,200,-22,216,1621,150,518,San Francisco,2015-10-10
2016,10,10,241,300,25,13,6,13,32,30,15,19,77,96,128,179,17,2,3,8,19,24,11,11,54,65,95,100,7,10,3,2,13,6,4,5,23,28,7,4,0,0,0,1,0,0,0,1,0,1,11,17,1,1,0,2,0,0,0,2,0,2,2446,39,148,-27,211,1751,138,326,San Francisco,2016-10-10
2017,10,10,267,251,21,13,11,13,34,43,14,24,91,115,156,160,14,5,7,7,20,31,10,14,61,75,88,69,6,6,2,5,13,9,3,7,25,32,5,5,0,0,1,0,0,0,1,1,1,2,18,17,1,2,1,1,1,3,0,2,4,6,2217,39,168,-26,212,1418,124,434,San Francisco,2017-10-10
2018,10,10,181,319,16,3,4,12,38,47,12,16,97,113,107,197,13,0,2,6,19,36,8,8,63,71,66,92,1,3,1,5,17,7,4,6,28,34,5,4,0,0,0,0,0,0,0,0,0,0,3,26,2,0,1,1,2,4,0,2,6,8,2303,24,162,-25,213,1473,140,436,San Francisco,2018-10-10
2019,10,10,203,285,37,4,13,12,31,49,8,25,88,113,118,168,26,0,6,6,20,37,7,12,64,76,70,100,8,3,6,6,10,5,1,12,16,28,3,4,1,0,0,0,0,0,0,0,0,0,12,13,2,1,1,0,1,7,0,1,8,9,2273,32,148,-24,214,1436,114,454,San Francisco,2019-10-10
2020,10,10,193,191,10,20,4,5,41,29,9,9,79,88,75,109,2,2,2,3,24,17,5,5,46,51,103,66,6,17,2,1,14,7,1,3,22,25,3,2,0,0,0,0,1,0,0,0,1,1,12,14,2,1,0,1,2,5,3,1,10,11,1715,24,125,-22,216,1040,103,398,San Francisco,2020-10-10
2021,10,10,138,141,19,13,4,14,42,22,10,18,74,92,56,79,8,1,3,9,21,14,5,12,40,52,75,50,7,8,1,5,18,6,3,6,27,33,1,3,1,0,0,0,1,1,1,0,3,3,6,9,3,4,0,0,2,1,1,0,4,4,1445,16,100,-28,210,791,109,412,San Francisco,2021-10-10
2022,10,10,118,178,19,5,6,12,47,30,15,18,92,110,76,105,11,2,4,8,26,15,8,12,49,61,37,57,8,3,0,4,18,7,3,4,28,32,1,4,0,0,1,0,1,0,0,1,1,2,4,12,0,0,1,0,2,8,4,1,14,15,1557,25,127,-27,211,887,95,372,San Francisco,2022-10-10
2023,10,10,78,160,16,5,8,13,44,32,6,21,82,103,40,108,10,0,5,8,27,29,4,13,60,73,34,43,4,4,3,4,16,1,1,7,18,25,2,2,0,0,0,0,0,0,0,0,0,0,2,7,2,1,0,1,1,2,1,1,4,5,1738,29,129,-26,212,992,102,352,San Francisco,2023-10-10
2024,10,10,103,221,23,6,3,6,38,26,12,9,76,85,61,130,20,0,3,5,23,18,9,8,50,58,35,78,2,5,0,1,14,5,2,1,21,22,0,2,0,0,0,0,0,0,0,0,0,0,7,11,1,1,0,0,1,3,1,0,5,5,1840,28,117,-24,214,1102,94,417,San Francisco,2024-10-10
2012,11,10,,,,,,,,,,,,,,,,,,,,,,,,,,,,,,,,,,,,,,,,,,,,,,,,,,,,,,,,,,,,,,,,,,,,,San Francisco,2012-11-10
2013,11,10,,,,,,,,,,,,,,,,,,,,,,,,,,,,,,,,,,,,,,,,,,,,,,,,,,,,,,,,,,,,,,,,,,,,,San Francisco,2013-11-10
2014,11,10,,,,,,,,,,,,,,,,,,,,,,,,,,,,,,,,,,,,,,,,,,,,,,,,,,,,,,,,,,,,,,,,,,,,,San Francisco,2014-11-10
2015,11,10,228,334,30,7,8,8,28,29,15,16,72,88,104,184,19,0,4,6,20,17,11,10,48,58,109,121,8,6,4,1,7,11,3,5,21,26,6,3,0,1,0,0,1,0,0,0,1,1,9,26,3,0,0,1,0,1,1,1,2,3,2177,28,180,9,247,1506,124,362,San Francisco,2015-11-10
2016,11,10,259,257,15,8,13,11,36,35,12,24,83,107,126,102,7,5,6,5,19,20,11,11,50,61,117,134,2,3,6,6,12,13,1,12,26,38,6,3,1,0,1,0,1,0,0,1,1,2,10,18,5,0,0,0,4,2,0,0,6,6,2039,34,128,4,242,1343,115,452,San Francisco,2016-11-10
2017,11,10,249,289,24,5,2,12,34,40,6,14,80,94,113,141,18,1,2,7,22,27,2,9,51,60,119,119,5,4,0,4,8,8,4,4,20,24,2,3,1,0,0,0,0,0,0,0,0,0,15,26,0,0,0,1,4,5,0,1,9,10,2122,21,234,5,243,1286,145,432,San Francisco,2017-11-10
2018,11,10,176,300,14,6,5,15,48,22,4,20,74,94,70,166,7,1,3,3,25,13,3,6,41,47,97,110,6,5,0,12,16,6,1,12,23,35,1,3,0,0,2,0,3,0,0,2,3,5,8,21,1,0,0,0,4,3,0,0,7,7,2082,25,205,6,244,1289,108,441,San Francisco,2018-11-10
2019,11,10,161,250,19,7,16,7,22,47,6,23,75,98,72,139,12,0,7,3,10,27,2,10,39,49,82,85,7,7,4,4,9,11,2,8,22,30,3,2,0,0,0,0,1,0,0,0,1,1,4,24,0,0,5,0,2,9,2,5,13,18,2028,18,185,7,245,1304,109,429,San Francisco,2019-11-10
2020,11,10,85,184,8,12,7,9,50,29,9,16,88,104,41,112,4,0,3,5,23,15,7,8,45,53,37,56,2,10,1,2,23,9,2,3,34,37,5,4,0,0,0,0,1,1,0,0,2,2,2,12,2,2,3,2,3,4,0,5,7,12,1615,24,138,9,247,1073,111,291,San Francisco,2020-11-10
2021,11,10,92,212,15,7,9,9,45,25,22,18,92,110,44,115,12,0,3,6,22,18,16,9,56,65,40,79,2,6,4,3,20,6,4,7,30,37,2,4,0,0,1,0,1,0,0,1,1,2,6,14,1,1,1,0,2,1,2,1,5,6,1579,16,137,3,241,931,106,416,San Francisco,2021-11-10
2022,11,10,86,176,20,3,8,8,29,25,11,16,65,81,32,89,12,0,4,4,17,13,8,8,38,46,49,77,4,3,4,2,10,9,3,6,22,28,1,2,1,0,0,0,0,0,0,0,0,0,4,8,3,0,0,2,2,3,0,2,5,7,1548,16,115,4,242,864,101,368,San Francisco,2022-11-10
2023,11,10,120,180,21,7,12,4,39,33,14,16,86,102,62,100,11,1,7,0,25,25,9,7,59,66,48,65,6,6,3,4,12,6,3,7,21,28,1,1,0,0,1,0,0,0,0,1,0,1,9,14,4,0,1,0,2,2,2,1,6,7,1505,17,105,5,243,889,91,393,San Francisco,2023-11-10
2024,11,10,90,198,16,2,3,9,32,23,11,12,66,78,29,98,6,0,0,5,16,11,7,5,34,39,55,80,9,2,3,3,13,9,2,6,24,30,0,1,0,0,0,0,1,1,0,0,2,2,6,19,1,0,0,1,2,2,2,1,6,7,1555,10,119,7,245,830,97,429,San Francisco,2024-11-10
2012,12,10,,,,,,,,,,,,,,,,,,,,,,,,,,,,,,,,,,,,,,,,,,,,,,,,,,,,,,,,,,,,,,,,,,,,,San Francisco,2012-12-10
2013,12,10,,,,,,,,,,,,,,,,,,,,,,,,,,,,,,,,,,,,,,,,,,,,,,,,,,,,,,,,,,,,,,,,,,,,,San Francisco,2013-12-10
2014,12,10,,,,,,,,,,,,,,,,,,,,,,,,,,,,,,,,,,,,,,,,,,,,,,,,,,,,,,,,,,,,,,,,,,,,,San Francisco,2014-12-10
2015,12,10,241,296,27,3,10,7,41,34,14,17,89,106,120,146,10,0,3,2,25,23,8,5,56,61,104,113,12,2,7,4,14,10,6,11,30,41,4,7,1,0,0,0,0,0,0,0,0,0,13,30,4,1,0,1,2,1,0,1,3,4,2152,36,216,39,277,1449,131,375,San Francisco,2015-12-10
2016,12,10,236,239,25,8,13,22,24,27,8,35,59,94,80,99,16,0,7,10,4,15,4,17,23,40,143,117,7,8,5,10,18,9,2,15,29,44,4,3,1,0,1,0,1,0,0,1,1,2,9,20,1,0,0,2,1,3,2,2,6,8,1965,33,198,34,272,1172,121,492,San Francisco,2016-12-10
2017,12,10,261,242,18,9,5,24,34,32,5,29,71,100,122,119,9,1,2,10,14,21,4,12,39,51,118,95,6,7,2,10,18,7,1,12,26,38,8,0,0,0,0,1,0,0,0,1,0,1,13,28,3,1,1,3,2,4,0,4,6,10,2065,26,218,35,273,1278,111,433,San Francisco,2017-12-10
2018,12,10,128,291,19,4,12,8,29,36,5,20,70,90,65,151,13,2,6,3,16,20,4,9,40,49,52,113,4,1,4,4,11,13,0,8,24,32,5,6,0,0,0,0,0,0,1,0,1,1,6,21,2,1,2,1,2,3,0,3,5,8,2116,26,204,36,274,1349,124,383,San Francisco,2018-12-10
2019,12,10,137,293,20,10,15,5,33,39,9,20,81,101,73,173,9,3,9,2,14,24,6,11,44,55,55,94,11,7,5,2,15,10,3,7,28,35,3,4,0,0,0,0,1,0,0,0,1,1,6,22,0,0,1,1,3,5,0,2,8,10,1971,30,159,37,275,1147,122,465,San Francisco,2019-12-10
2020,12,10,109,209,14,4,8,4,48,33,10,12,91,103,36,106,8,1,5,1,24,23,7,6,54,60,66,78,3,3,2,2,22,8,3,4,33,37,3,1,0,0,0,0,1,0,0,0,1,1,4,24,3,0,1,1,1,2,0,2,3,5,1452,14,128,39,277,938,96,317,San Francisco,2020-12-10
2021,12,10,120,172,18,5,9,5,39,40,14,14,93,107,37,87,9,0,7,2,19,25,10,9,54,63,79,70,7,5,1,1,16,14,3,2,33,35,3,1,1,0,0,0,0,0,1,0,1,1,1,14,1,0,1,2,4,1,0,3,5,8,1537,21,109,33,271,857,94,422,San Francisco,2021-12-10
2022,12,10,92,144,19,5,2,10,31,24,8,12,63,75,27,76,7,0,1,3,15,16,6,4,37,41,62,62,10,5,1,5,14,7,1,6,22,28,1,1,0,0,0,0,1,0,0,0,1,1,2,5,2,0,0,2,1,1,1,2,3,5,1224,17,75,34,272,684,92,306,San Francisco,2022-12-10
2023,12,10,116,148,13,11,10,10,35,32,10,20,77,97,45,73,3,3,2,2,19,24,5,4,48,52,66,61,10,6,8,7,12,6,3,15,21,36,1,3,0,0,0,0,1,0,1,0,2,2,4,11,0,2,0,1,3,2,1,1,6,7,1449,24,101,35,273,766,80,410,San Francisco,2023-12-10
2024,12,10,111,209,20,2,4,7,22,37,7,11,66,77,67,102,8,0,3,3,8,23,5,6,36,42,37,84,10,2,1,3,10,8,1,4,19,23,2,5,0,0,0,0,1,1,0,0,2,2,5,18,2,0,0,1,3,5,1,1,9,10,1768,24,146,37,275,1014,113,414,San Francisco,2024-12-10
2012,1,11,,,,,,,,,,,,,,,,,,,,,,,,,,,,,,,,,,,,,,,,,,,,,,,,,,,,,,,,,,,,,,,,,,,,,San Francisco,2012-01-11
2013,1,11,,,,,,,,,,,,,,,,,,,,,,,,,,,,,,,,,,,,,,,,,,,,,,,,,,,,,,,,,,,,,,,,,,,,,San Francisco,2013-01-11
2014,1,11,,,,,,,,,,,,,,,,,,,,,,,,,,,,,,,,,,,,,,,,,,,,,,,,,,,,,,,,,,,,,,,,,,,,,San Francisco,2014-01-11
2015,1,11,224,289,19,7,14,19,29,31,9,33,69,102,100,143,9,1,5,5,15,18,6,10,39,49,115,108,5,5,8,11,10,8,3,19,21,40,5,10,0,0,0,0,1,0,0,0,1,1,4,28,5,1,1,3,3,5,0,4,8,12,2139,42,180,-294,-56,1552,96,329,San Francisco,2015-01-11
2016,1,11,254,332,17,10,4,6,42,24,12,10,78,88,125,151,12,0,1,1,20,13,6,2,39,41,109,151,4,8,3,5,16,7,5,8,28,36,9,4,0,1,0,0,3,0,0,0,3,3,11,26,1,1,0,0,3,4,1,0,8,8,1977,34,167,-300,-62,1329,117,378,San Francisco,2016-01-11
2017,1,11,196,261,26,4,3,10,22,31,6,13,59,72,108,137,13,1,0,3,13,20,3,3,36,39,73,105,11,3,3,7,7,8,3,10,18,28,8,4,0,0,0,0,0,0,0,0,0,0,7,15,2,0,0,0,2,3,0,0,5,5,2021,27,176,-298,-60,1355,114,401,San Francisco,2017-01-11
2018,1,11,229,316,26,4,5,15,37,50,8,20,95,115,107,152,15,0,1,11,24,36,7,12,67,79,97,131,9,4,3,2,12,12,0,5,24,29,12,10,0,0,0,0,0,0,0,0,0,0,13,23,2,0,1,2,1,2,1,3,4,7,2356,55,201,-297,-59,1612,118,381,San Francisco,2018-01-11
2019,1,11,145,302,14,5,5,12,29,24,2,17,55,72,66,141,6,0,4,4,16,18,1,8,35,43,69,129,7,5,1,8,11,4,1,9,16,25,3,6,0,0,0,0,0,0,0,0,0,0,7,26,1,0,0,0,2,2,0,0,4,4,2218,41,258,-296,-58,1408,100,391,San Francisco,2019-01-11
2020,1,11,198,212,13,7,11,13,29,36,8,24,73,97,76,114,7,1,6,5,17,23,5,11,45,56,104,72,2,6,4,7,9,11,2,11,22,33,3,7,1,0,0,1,1,0,0,1,1,2,15,19,3,0,1,0,2,2,1,1,5,6,1753,32,149,-295,-57,1061,103,431,San Francisco,2020-01-11
2021,1,11,98,222,14,30,4,5,54,39,12,9,105,114,44,139,7,8,2,4,34,27,10,6,71,77,49,65,6,21,0,1,19,4,2,1,25,26,1,2,1,0,0,0,0,0,0,0,0,0,4,16,0,1,2,0,1,8,0,2,9,11,1603,24,98,-300,-62,1025,101,337,San Francisco,2021-01-11
2022,1,11,86,171,9,11,4,9,55,27,18,13,100,113,28,91,5,3,3,5,28,17,13,8,58,66,55,67,3,7,0,4,23,7,3,4,33,37,0,5,0,0,0,0,2,0,1,0,3,3,3,8,1,1,1,0,2,3,1,1,6,7,1612,20,144,-299,-61,948,101,348,San Francisco,2022-01-11
2023,1,11,73,186,16,5,3,10,50,14,6,13,70,83,30,80,9,2,1,5,28,6,3,6,37,43,37,90,4,3,2,5,16,6,2,7,24,31,0,1,1,0,0,0,1,0,0,0,1,1,6,15,2,0,0,0,5,2,1,0,8,8,1210,17,101,-298,-60,698,99,285,San Francisco,2023-01-11
2024,1,11,69,230,10,2,6,10,31,20,10,16,61,77,36,130,5,0,2,2,16,11,4,4,31,35,24,85,1,2,2,8,11,7,4,10,22,32,3,0,0,0,0,0,1,0,0,0,1,1,6,15,4,0,2,0,3,2,2,2,7,9,1716,29,189,-297,-59,1063,92,350,San Francisco,2024-01-11
2012,2,11,,,,,,,,,,,,,,,,,,,,,,,,,,,,,,,,,,,,,,,,,,,,,,,,,,,,,,,,,,,,,,,,,,,,,San Francisco,2012-02-11
2013,2,11,,,,,,,,,,,,,,,,,,,,,,,,,,,,,,,,,,,,,,,,,,,,,,,,,,,,,,,,,,,,,,,,,,,,,San Francisco,2013-02-11
2014,2,11,,,,,,,,,,,,,,,,,,,,,,,,,,,,,,,,,,,,,,,,,,,,,,,,,,,,,,,,,,,,,,,,,,,,,San Francisco,2014-02-11
2015,2,11,235,392,20,8,7,10,43,37,13,17,93,110,118,215,12,1,3,3,27,20,6,6,53,59,94,143,5,7,4,7,13,13,6,11,32,43,12,4,0,0,0,0,0,0,0,0,0,0,11,30,3,0,0,0,3,4,1,0,8,8,2355,35,202,-263,-25,1669,126,404,San Francisco,2015-02-11
2016,2,11,269,356,26,0,12,11,37,33,11,23,81,104,151,203,18,0,5,5,22,18,5,10,45,55,89,117,5,0,6,5,14,9,6,11,29,40,10,4,0,0,0,0,1,1,0,0,2,2,19,32,3,0,1,1,0,5,0,2,5,7,2043,36,170,-269,-31,1409,123,386,San Francisco,2016-02-11
2017,2,11,214,288,16,10,13,16,42,29,7,29,78,107,97,154,12,1,0,8,19,12,3,8,34,42,100,108,4,9,12,7,17,13,4,19,34,53,5,1,0,0,0,0,1,0,0,0,1,1,12,25,0,0,1,1,5,4,0,2,9,11,2136,24,190,-267,-29,1291,122,481,San Francisco,2017-02-11
2018,2,11,204,246,14,6,2,10,31,28,6,12,65,77,95,118,8,1,2,2,18,19,3,4,40,44,95,108,6,5,0,6,10,7,2,6,19,25,5,1,0,0,0,0,0,0,0,0,0,0,9,19,0,0,0,2,3,2,1,2,6,8,1875,18,180,-266,-28,1163,113,390,San Francisco,2018-02-11
2019,2,11,146,302,18,4,3,8,25,41,6,11,72,83,90,160,13,0,2,2,16,30,5,4,51,55,41,116,3,4,0,5,7,9,1,5,17,22,8,4,0,0,0,0,2,0,0,0,2,2,7,22,2,0,1,1,0,2,0,2,2,4,2246,39,231,-265,-27,1466,119,367,San Francisco,2019-02-11
2020,2,11,150,312,21,8,7,6,40,50,10,13,100,113,80,192,9,0,4,2,18,31,5,6,54,60,60,93,11,8,3,3,14,12,4,6,30,36,3,9,0,0,0,0,2,1,0,0,3,3,7,18,1,0,0,1,6,6,1,1,13,14,2182,31,148,-264,-26,1367,123,420,San Francisco,2020-02-11
2021,2,11,105,194,13,10,7,3,46,38,11,10,95,105,46,108,9,1,4,2,34,29,9,6,72,78,52,72,2,9,2,1,8,8,2,3,18,21,5,2,1,0,0,0,1,0,0,0,1,1,2,12,1,0,1,0,3,1,0,1,4,5,1545,25,113,-269,-31,981,108,329,San Francisco,2021-02-11
2022,2,11,148,188,21,7,4,5,28,28,21,9,77,86,65,105,9,2,1,3,15,20,14,4,49,53,67,64,9,5,3,2,12,8,7,5,27,32,5,1,0,0,0,0,0,0,0,0,0,0,11,18,3,0,0,0,1,0,0,0,1,1,1718,19,129,-268,-30,941,114,430,San Francisco,2022-02-11
2023,2,11,118,166,8,7,9,12,35,35,10,21,80,101,40,84,3,0,3,8,22,21,4,11,47,58,69,64,3,6,3,4,11,8,6,7,25,32,2,1,0,0,0,0,1,0,0,0,1,1,7,17,2,1,3,0,1,6,0,3,7,10,1629,24,131,-267,-29,924,81,383,San Francisco,2023-02-11
2024,2,11,126,109,14,9,2,4,35,18,9,6,62,68,62,44,2,2,0,4,18,15,5,4,38,42,57,59,11,7,2,0,12,3,4,2,19,21,5,1,0,0,0,0,3,0,0,0,3,3,2,5,1,0,0,0,2,0,0,0,2,2,1441,17,79,-266,-28,819,65,333,San Francisco,2024-02-11
2012,3,11,,,,,,,,,,,,,,,,,,,,,,,,,,,,,,,,,,,,,,,,,,,,,,,,,,,,,,,,,,,,,,,,,,,,,San Francisco,2012-03-11
2013,3,11,,,,,,,,,,,,,,,,,,,,,,,,,,,,,,,,,,,,,,,,,,,,,,,,,,,,,,,,,,,,,,,,,,,,,San Francisco,2013-03-11
2014,3,11,,,,,,,,,,,,,,,,,,,,,,,,,,,,,,,,,,,,,,,,,,,,,,,,,,,,,,,,,,,,,,,,,,,,,San Francisco,2014-03-11
2015,3,11,270,341,21,8,13,15,27,34,16,28,77,105,138,226,13,3,7,6,16,19,8,13,43,56,98,98,6,2,4,4,11,8,7,8,26,34,8,1,1,0,0,0,0,1,1,0,2,2,26,16,1,3,2,5,0,6,0,7,6,13,2229,27,159,-235,3,1579,143,347,San Francisco,2015-03-11
2016,3,11,192,263,25,5,8,17,44,30,9,25,83,108,109,168,12,1,3,6,30,20,6,9,56,65,77,77,9,4,5,9,12,6,3,14,21,35,2,0,0,0,0,0,0,0,0,0,0,0,4,18,4,0,0,2,2,4,0,2,6,8,1945,6,137,-240,-2,1310,132,362,San Francisco,2016-03-11
2017,3,11,268,287,25,10,13,14,28,34,10,27,72,99,137,163,16,4,6,5,19,18,8,11,45,56,106,99,7,6,7,8,7,13,2,15,22,37,7,1,1,0,0,0,0,0,0,0,0,0,18,24,1,0,0,1,2,3,0,1,5,6,2159,15,176,-239,-1,1367,101,482,San Francisco,2017-03-11
2018,3,11,217,246,15,2,3,11,29,14,6,14,49,63,135,146,13,0,2,4,13,9,4,6,26,32,70,69,1,2,1,3,11,4,1,4,16,20,3,4,0,0,0,1,1,0,0,1,1,2,9,27,1,0,0,3,4,1,1,3,6,9,1841,22,142,-238,0,1125,108,372,San Francisco,2018-03-11
2019,3,11,146,274,11,4,4,8,31,29,5,12,65,77,107,153,8,0,2,4,22,20,3,6,45,51,30,93,3,3,2,3,5,3,1,5,9,14,1,3,0,0,0,0,0,0,1,0,1,1,8,25,0,1,0,1,4,6,0,1,10,11,2172,33,143,-237,1,1397,108,385,San Francisco,2019-03-11
2020,3,11,188,287,14,4,9,6,31,66,9,15,106,121,125,175,10,1,6,4,12,49,7,10,68,78,56,76,1,2,2,2,14,10,2,4,26,30,2,9,0,0,0,0,1,0,0,0,1,1,5,27,3,1,1,0,4,7,0,1,11,12,2603,51,156,-235,3,1579,131,501,San Francisco,2020-03-11
2021,3,11,135,222,19,8,5,10,39,27,10,15,76,91,73,131,15,1,4,7,23,19,6,11,48,59,58,74,3,6,0,2,14,5,4,2,23,25,2,2,0,0,0,0,0,0,0,0,0,0,2,15,1,1,1,1,2,3,0,2,5,7,1616,12,97,-241,-3,1039,107,325,San Francisco,2021-03-11
2022,3,11,130,211,14,9,7,13,26,23,10,20,59,79,60,126,8,1,2,6,16,18,7,8,41,49,62,75,4,8,3,5,8,1,3,8,12,20,1,1,0,0,0,0,1,2,0,0,3,3,7,9,2,0,2,2,1,2,0,4,3,7,1585,14,119,-240,-2,935,100,413,San Francisco,2022-03-11
2023,3,11,146,175,14,6,7,6,36,34,10,13,80,93,70,119,7,1,3,2,17,19,8,5,44,49,70,46,5,4,3,4,16,7,1,7,24,31,1,0,0,0,0,0,1,0,0,0,1,1,5,10,2,1,1,0,2,8,1,1,11,12,1623,15,122,-239,-1,952,97,392,San Francisco,2023-03-11
2024,3,11,94,181,11,7,4,7,33,20,4,11,57,68,56,110,5,1,2,6,24,15,2,8,41,49,34,55,5,6,2,1,5,3,1,3,9,12,2,1,0,0,0,0,3,0,0,0,3,3,2,15,1,0,0,0,1,2,1,0,4,4,1577,22,110,-237,1,906,91,401,San Francisco,2024-03-11
2012,4,11,,,,,,,,,,,,,,,,,,,,,,,,,,,,,,,,,,,,,,,,,,,,,,,,,,,,,,,,,,,,,,,,,,,,,San Francisco,2012-04-11
2013,4,11,,,,,,,,,,,,,,,,,,,,,,,,,,,,,,,,,,,,,,,,,,,,,,,,,,,,,,,,,,,,,,,,,,,,,San Francisco,2013-04-11
2014,4,11,,,,,,,,,,,,,,,,,,,,,,,,,,,,,,,,,,,,,,,,,,,,,,,,,,,,,,,,,,,,,,,,,,,,,San Francisco,2014-04-11
2015,4,11,276,319,29,7,6,15,30,34,8,21,72,93,150,202,19,1,2,9,22,25,6,11,53,64,109,85,10,6,3,6,6,5,2,9,13,22,2,2,0,0,0,0,0,1,0,0,1,1,15,30,0,0,1,0,2,3,0,1,5,6,2181,18,142,-204,34,1483,126,424,San Francisco,2015-04-11
2016,4,11,299,317,21,11,9,15,29,31,10,24,70,94,195,208,13,2,6,8,20,25,4,14,49,63,73,85,5,8,3,7,8,5,4,10,17,27,8,2,1,0,0,0,0,0,0,0,0,0,23,22,2,1,0,0,1,1,2,0,4,4,2244,22,117,-209,29,1522,128,405,San Francisco,2016-04-11
2017,4,11,229,282,21,4,8,3,33,40,7,11,80,91,144,195,15,1,5,2,27,33,5,7,65,72,65,66,5,0,2,0,5,5,1,2,11,13,11,2,1,0,0,0,0,0,0,0,0,0,9,19,0,3,1,1,1,2,1,2,4,6,2275,29,149,-208,30,1528,123,383,San Francisco,2017-04-11
2018,4,11,268,295,21,9,7,5,47,37,6,12,90,102,186,200,16,2,4,5,36,34,4,9,74,83,66,74,2,5,2,0,9,2,2,2,13,15,8,2,0,0,0,0,1,0,0,0,1,1,8,19,3,2,1,0,1,1,0,1,2,3,2081,18,113,-207,31,1342,104,413,San Francisco,2018-04-11
2019,4,11,138,326,24,7,9,11,31,36,7,20,74,94,92,220,18,1,5,5,13,28,6,10,47,57,36,81,5,5,2,4,16,3,1,6,20,26,7,8,0,0,0,1,1,0,0,1,1,2,3,17,1,1,2,1,1,5,0,3,6,9,2138,28,114,-206,32,1381,133,405,San Francisco,2019-04-11
2020,4,11,152,235,5,11,8,9,41,29,7,17,77,94,96,163,1,5,6,5,30,24,6,11,60,71,44,50,3,5,0,3,9,1,1,3,11,14,1,1,0,0,0,0,1,0,0,0,1,1,11,21,1,1,2,1,1,4,0,3,5,8,1919,14,130,-204,34,1228,96,344,San Francisco,2020-04-11
2021,4,11,111,205,10,10,3,10,48,16,6,13,70,83,53,131,8,2,2,8,33,9,6,10,48,58,52,55,2,6,1,2,12,5,0,3,17,20,2,3,0,1,0,0,0,0,0,0,0,0,4,16,0,1,0,0,3,2,0,0,5,5,1398,13,93,-210,28,841,96,324,San Francisco,2021-04-11
2022,4,11,97,157,11,6,8,7,41,31,10,15,82,97,58,101,8,3,7,2,28,28,7,9,63,72,35,40,3,3,0,3,10,1,2,3,13,16,1,1,0,0,0,0,0,0,0,0,0,0,3,15,0,0,1,2,3,2,1,3,6,9,1474,16,89,-209,29,850,104,332,San Francisco,2022-04-11
2023,4,11,80,167,19,4,4,13,39,20,12,17,71,88,53,112,14,1,2,6,26,15,8,8,49,57,25,43,2,3,0,5,11,2,3,5,16,21,1,1,1,0,0,0,0,0,1,0,1,1,1,11,2,0,2,2,2,3,0,4,5,9,1633,17,100,-208,30,948,104,326,San Francisco,2023-04-11
2024,4,11,85,184,8,2,4,5,30,28,12,9,70,79,50,117,6,1,3,4,23,22,8,7,53,60,30,52,1,1,0,1,6,4,3,1,13,14,1,4,0,0,0,0,0,0,0,0,0,0,4,11,1,0,1,0,1,2,1,1,4,5,1672,28,84,-206,32,1036,91,340,San Francisco,2024-04-11
2012,5,11,,,,,,,,,,,,,,,,,,,,,,,,,,,,,,,,,,,,,,,,,,,,,,,,,,,,,,,,,,,,,,,,,,,,,San Francisco,2012-05-11
2013,5,11,,,,,,,,,,,,,,,,,,,,,,,,,,,,,,,,,,,,,,,,,,,,,,,,,,,,,,,,,,,,,,,,,,,,,San Francisco,2013-05-11
2014,5,11,,,,,,,,,,,,,,,,,,,,,,,,,,,,,,,,,,,,,,,,,,,,,,,,,,,,,,,,,,,,,,,,,,,,,San Francisco,2014-05-11
2015,5,11,204,310,26,6,10,10,36,38,16,20,90,110,129,202,16,2,3,7,28,36,16,10,80,90,57,78,6,3,4,3,5,1,0,7,6,13,3,0,0,0,0,0,2,0,0,0,2,2,15,30,4,1,3,0,1,1,0,3,2,5,2236,11,180,-174,64,1657,110,338,San Francisco,2015-05-11
2016,5,11,251,322,24,8,8,14,33,29,9,22,71,93,162,216,18,2,6,9,29,22,6,15,57,72,58,76,3,5,2,4,3,6,2,6,11,17,5,2,0,1,0,0,0,0,1,0,1,1,26,28,3,0,0,1,1,1,0,1,2,3,2121,19,171,-179,59,1450,119,398,San Francisco,2016-05-11
2017,5,11,233,294,24,9,10,9,47,36,11,19,94,113,170,202,20,0,5,7,27,27,10,12,64,76,44,74,2,8,4,1,16,6,0,5,22,27,4,0,0,0,0,0,1,0,0,0,1,1,15,18,2,1,1,1,3,3,1,2,7,9,2465,17,152,-178,60,1700,134,378,San Francisco,2017-05-11
2018,5,11,300,260,18,5,14,12,39,37,7,26,83,109,176,188,12,0,8,8,27,30,5,16,62,78,88,59,3,5,6,3,9,4,2,9,15,24,2,0,1,0,0,0,1,0,0,0,1,1,34,13,2,0,0,1,2,3,0,1,5,6,2243,20,155,-177,61,1365,117,517,San Francisco,2018-05-11
2019,5,11,189,244,17,4,6,14,32,33,8,20,73,93,109,164,14,0,2,5,20,27,5,7,52,59,69,64,2,2,4,5,5,4,3,9,12,21,4,3,0,1,0,0,2,0,0,0,2,2,7,13,1,1,0,4,5,2,0,4,7,11,2036,20,130,-176,62,1210,131,456,San Francisco,2019-05-11
2020,5,11,126,243,8,7,2,5,43,32,9,7,84,91,83,164,7,3,2,3,31,26,8,5,65,70,32,53,1,2,0,1,8,4,1,1,13,14,4,3,0,2,0,1,0,0,0,1,0,1,7,23,0,0,0,0,4,2,0,0,6,6,1835,19,119,-174,64,1164,90,311,San Francisco,2020-05-11
2021,5,11,104,216,11,10,10,14,54,48,9,24,111,135,68,155,8,4,5,9,31,38,6,14,75,89,30,46,2,5,3,5,20,8,3,8,31,39,1,1,0,0,1,0,0,0,0,1,0,1,5,14,1,1,1,0,3,2,0,1,5,6,1658,7,92,-180,58,1031,112,352,San Francisco,2021-05-11
2022,5,11,104,152,19,5,3,5,41,28,7,8,76,84,67,112,16,2,2,5,24,21,6,7,51,58,32,27,3,2,1,0,12,4,1,1,17,18,0,1,0,0,0,0,1,1,0,0,2,2,5,12,0,1,0,0,4,2,0,0,6,6,1459,15,73,-179,59,825,105,364,San Francisco,2022-05-11
2023,5,11,115,188,12,8,7,9,15,19,9,16,43,59,63,128,7,3,4,6,10,17,7,10,34,44,44,42,4,5,1,3,2,1,1,4,4,8,0,1,0,0,0,0,0,0,0,0,0,0,8,17,1,0,2,0,3,1,1,2,5,7,1627,4,109,-178,60,950,110,369,San Francisco,2023-05-11
2024,5,11,100,132,17,4,8,13,34,30,5,21,69,90,47,91,12,2,3,9,24,25,3,12,52,64,47,32,4,2,3,3,8,2,1,6,11,17,0,0,1,0,0,0,1,0,1,0,2,2,6,9,0,0,2,1,1,3,0,3,4,7,1405,6,114,-176,62,784,97,401,San Francisco,2024-05-11
2012,6,11,,,,,,,,,,,,,,,,,,,,,,,,,,,,,,,,,,,,,,,,,,,,,,,,,,,,,,,,,,,,,,,,,,,,,San Francisco,2012-06-11
2013,6,11,,,,,,,,,,,,,,,,,,,,,,,,,,,,,,,,,,,,,,,,,,,,,,,,,,,,,,,,,,,,,,,,,,,,,San Francisco,2013-06-11
2014,6,11,,,,,,,,,,,,,,,,,,,,,,,,,,,,,,,,,,,,,,,,,,,,,,,,,,,,,,,,,,,,,,,,,,,,,San Francisco,2014-06-11
2015,6,11,255,350,22,11,9,11,26,38,21,20,85,105,185,262,19,0,6,6,21,32,18,12,71,83,46,65,2,9,3,5,5,5,1,8,11,19,6,2,0,0,0,0,0,0,0,0,0,0,18,21,1,2,0,0,0,1,2,0,3,3,2179,19,161,-143,95,1508,110,410,San Francisco,2015-06-11
2016,6,11,273,311,15,7,7,9,28,50,12,16,90,106,172,207,12,1,5,6,19,37,10,11,66,77,85,79,2,5,2,3,9,8,1,5,18,23,4,3,0,0,0,0,0,1,0,0,1,1,12,22,1,1,0,0,0,4,1,0,5,5,2105,17,139,-148,90,1359,123,450,San Francisco,2016-06-11
2017,6,11,242,190,19,5,7,17,40,31,7,24,78,102,154,122,15,2,5,13,31,27,5,18,63,81,63,43,3,1,0,4,7,3,2,4,12,16,5,3,0,0,0,0,0,0,0,0,0,0,20,22,1,2,2,0,2,1,0,2,3,5,1780,11,128,-147,91,1101,117,387,San Francisco,2017-06-11
2018,6,11,129,290,17,13,8,7,31,43,7,15,81,96,81,220,15,3,5,2,23,36,5,7,64,71,29,42,2,5,3,2,7,3,0,5,10,15,2,2,0,1,0,0,0,0,0,0,0,0,17,26,0,4,0,3,1,4,2,3,7,10,1892,13,154,-146,92,1226,109,402,San Francisco,2018-06-11
2019,6,11,212,326,21,3,10,13,35,40,7,23,82,105,146,237,18,0,9,7,22,30,5,16,57,73,48,56,0,2,1,4,10,7,2,5,19,24,0,4,0,0,0,0,0,1,0,0,1,1,18,29,3,1,0,2,3,2,0,2,5,7,2309,13,177,-145,93,1455,131,481,San Francisco,2019-06-11
2020,6,11,156,206,10,4,5,8,44,25,10,13,79,92,85,146,7,1,3,7,31,23,10,10,64,74,49,43,0,2,2,1,2,2,0,3,4,7,2,0,0,0,0,0,2,0,0,0,2,2,20,17,3,1,0,0,9,0,0,0,9,9,1627,15,154,-143,95,1015,106,339,San Francisco,2020-06-11
2021,6,11,163,195,18,9,4,13,42,25,13,17,80,97,64,142,14,3,2,10,28,22,10,12,60,72,69,35,1,3,2,3,12,2,0,5,14,19,4,3,0,0,0,0,1,0,1,0,2,2,26,15,3,3,0,0,1,1,2,0,4,4,1678,16,129,-149,89,858,106,536,San Francisco,2021-06-11
2022,6,11,139,153,11,19,3,15,29,28,16,18,73,91,63,101,8,3,3,10,21,24,12,13,57,70,61,37,3,13,0,4,5,1,3,4,9,13,2,0,0,0,0,0,0,0,0,0,0,0,13,15,0,3,0,1,3,3,1,1,7,8,1377,6,119,-148,90,717,113,424,San Francisco,2022-06-11
2023,6,11,108,158,5,16,12,13,30,29,16,25,75,100,53,101,3,6,7,7,23,25,13,14,61,75,39,41,1,8,4,6,6,2,3,10,11,21,1,2,0,0,0,0,1,0,0,0,1,1,15,14,1,2,1,0,0,2,0,1,2,3,1335,8,108,-147,91,724,80,397,San Francisco,2023-06-11
2024,6,11,90,170,12,11,5,10,32,31,12,15,75,90,62,119,8,2,3,7,24,27,11,10,62,72,18,33,3,7,0,3,6,0,0,3,6,9,2,2,0,0,0,0,0,1,0,0,1,1,8,16,1,2,2,0,2,3,1,2,6,8,1519,7,148,-145,93,892,90,344,San Francisco,2024-06-11
2012,7,11,,,,,,,,,,,,,,,,,,,,,,,,,,,,,,,,,,,,,,,,,,,,,,,,,,,,,,,,,,,,,,,,,,,,,San Francisco,2012-07-11
2013,7,11,,,,,,,,,,,,,,,,,,,,,,,,,,,,,,,,,,,,,,,,,,,,,,,,,,,,,,,,,,,,,,,,,,,,,San Francisco,2013-07-11
2014,7,11,,,,,,,,,,,,,,,,,,,,,,,,,,,,,,,,,,,,,,,,,,,,,,,,,,,,,,,,,,,,,,,,,,,,,San Francisco,2014-07-11
2015,7,11,314,313,22,13,4,19,39,33,11,23,83,106,151,208,20,0,2,13,25,22,7,15,54,69,130,71,1,11,2,4,11,6,3,6,20,26,1,2,0,0,0,0,0,0,0,0,0,0,32,32,1,2,0,2,3,5,1,2,9,11,2264,9,206,-113,125,1550,128,428,San Francisco,2015-07-11
2016,7,11,256,278,23,15,12,7,38,30,11,19,79,98,194,207,18,5,8,4,25,23,11,12,59,71,44,46,4,9,4,2,9,5,0,6,14,20,3,5,1,0,0,0,1,0,0,0,1,1,15,20,0,1,0,1,3,2,0,1,5,6,1977,15,116,-118,120,1293,119,403,San Francisco,2016-07-11
2017,7,11,238,273,18,8,12,14,29,31,4,26,64,90,164,208,15,3,6,8,17,23,2,14,42,56,47,48,1,2,3,4,7,4,0,7,11,18,2,1,0,1,0,0,1,0,1,0,2,2,25,16,2,2,3,2,4,4,1,5,9,14,2117,16,158,-117,121,1396,117,394,San Francisco,2017-07-11
2018,7,11,143,289,18,4,12,8,33,39,7,20,79,99,82,232,16,1,10,7,25,36,6,17,67,84,41,44,2,3,1,1,5,1,1,2,7,9,4,2,0,0,0,0,0,0,0,0,0,0,16,11,0,0,1,0,3,2,0,1,5,6,1921,13,127,-116,122,1188,110,419,San Francisco,2018-07-11
2019,7,11,193,343,27,17,12,13,32,26,7,25,65,90,118,249,22,5,9,9,23,21,6,18,50,68,47,68,3,9,2,2,5,3,1,4,9,13,1,3,0,0,1,0,1,0,0,1,1,2,27,23,2,3,0,2,3,2,0,2,5,7,2444,13,184,-115,123,1613,134,440,San Francisco,2019-07-11
2020,7,11,172,182,14,12,5,11,39,26,7,16,72,88,78,134,9,5,4,10,29,22,6,14,57,71,65,30,4,5,1,1,7,3,1,2,11,13,1,0,0,0,0,0,0,0,0,0,0,0,28,18,1,2,0,0,3,1,0,0,4,4,1694,10,140,-113,125,1140,100,337,San Francisco,2020-07-11
2021,7,11,131,179,15,15,5,10,32,34,13,15,79,94,49,120,13,2,1,5,19,31,10,6,60,66,67,36,2,12,2,3,8,1,2,5,11,16,1,1,0,0,1,0,0,0,0,1,0,1,14,22,0,1,1,2,5,2,1,3,8,11,1477,11,129,-119,119,866,97,367,San Francisco,2021-07-11
2022,7,11,103,187,12,7,6,11,49,28,15,17,92,109,58,137,9,2,4,10,45,26,12,14,83,97,32,29,1,5,1,0,3,1,1,1,5,6,0,2,0,0,0,0,0,0,1,0,1,1,13,19,2,0,1,1,1,1,1,2,3,5,1430,15,98,-118,120,818,100,366,San Francisco,2022-07-11
2023,7,11,93,179,11,6,6,10,27,38,17,16,82,98,59,130,8,3,4,10,22,33,14,14,69,83,25,30,2,2,2,0,3,4,1,2,8,10,0,2,0,0,0,0,0,0,1,0,1,1,9,17,1,1,0,0,2,1,1,0,4,4,1484,7,120,-117,121,858,74,387,San Francisco,2023-07-11
2024,7,11,94,209,10,3,6,14,34,31,12,20,77,97,60,152,9,1,5,10,25,27,11,15,63,78,21,39,1,1,1,4,6,1,0,5,7,12,1,0,0,0,0,0,0,0,0,0,0,0,12,18,0,1,0,0,3,3,1,0,7,7,1598,9,148,-115,123,913,84,390,San Francisco,2024-07-11
2012,8,11,,,,,,,,,,,,,,,,,,,,,,,,,,,,,,,,,,,,,,,,,,,,,,,,,,,,,,,,,,,,,,,,,,,,,San Francisco,2012-08-11
2013,8,11,,,,,,,,,,,,,,,,,,,,,,,,,,,,,,,,,,,,,,,,,,,,,,,,,,,,,,,,,,,,,,,,,,,,,San Francisco,2013-08-11
2014,8,11,,,,,,,,,,,,,,,,,,,,,,,,,,,,,,,,,,,,,,,,,,,,,,,,,,,,,,,,,,,,,,,,,,,,,San Francisco,2014-08-11
2015,8,11,263,352,28,6,11,12,38,40,10,23,88,111,167,256,24,0,5,5,25,31,7,10,63,73,74,74,2,4,3,6,12,5,2,9,19,28,8,1,0,0,0,0,0,0,0,0,0,0,14,21,2,2,3,1,1,4,1,4,6,10,2383,19,157,-82,156,1703,157,357,San Francisco,2015-08-11
2016,8,11,258,270,19,7,12,16,28,43,11,28,82,110,193,175,18,1,8,13,19,29,6,21,54,75,53,80,0,4,4,3,7,9,3,7,19,26,2,2,0,0,0,0,0,1,0,0,1,1,10,13,1,2,0,0,2,4,2,0,8,8,2199,17,116,-87,151,1467,126,402,San Francisco,2016-08-11
2017,8,11,243,323,20,14,12,20,39,44,10,32,93,125,165,224,10,2,6,9,26,35,6,15,67,82,64,73,9,10,4,8,9,6,2,12,17,29,4,3,0,0,0,0,0,0,0,0,0,0,10,23,1,2,2,3,4,3,2,5,9,14,2374,17,160,-86,152,1478,124,475,San Francisco,2017-08-11
2018,8,11,162,316,16,13,16,14,30,35,14,30,79,109,79,220,13,1,8,7,12,27,7,15,46,61,71,75,2,10,6,6,13,6,6,12,25,37,2,2,0,0,1,0,0,0,1,1,1,2,10,19,1,2,1,1,5,2,0,2,7,9,2162,13,135,-85,153,1337,127,447,San Francisco,2018-08-11
2019,8,11,190,287,27,9,8,11,42,29,6,19,77,96,87,198,19,3,4,3,25,24,3,7,52,59,80,58,7,5,4,5,13,4,2,9,19,28,3,1,0,0,0,0,0,0,0,0,0,0,20,30,1,1,0,3,4,1,1,3,6,9,2354,10,173,-84,154,1452,112,506,San Francisco,2019-08-11
2020,8,11,126,194,5,11,3,14,39,38,11,17,88,105,70,136,4,3,3,9,21,28,7,12,56,68,49,46,0,7,0,3,14,7,4,3,25,28,0,1,0,0,0,0,0,0,0,0,0,0,7,11,1,1,0,2,4,3,0,2,7,9,1744,13,119,-82,156,1129,119,347,San Francisco,2020-08-11
2021,8,11,112,186,8,11,9,11,50,36,15,20,101,121,63,130,7,2,5,9,39,30,8,14,77,91,37,36,0,6,3,2,10,3,6,5,19,24,2,1,0,0,0,0,0,0,0,0,0,0,10,19,1,3,1,0,1,3,1,1,5,6,1549,10,112,-88,150,920,108,351,San Francisco,2021-08-11
2022,8,11,116,195,13,2,8,11,44,36,11,19,91,110,61,134,9,1,4,4,34,30,6,8,70,78,46,43,2,1,3,4,9,3,5,7,17,24,1,0,0,0,0,1,0,0,0,1,0,1,8,18,2,0,1,2,1,3,0,3,4,7,1429,12,107,-87,151,844,82,378,San Francisco,2022-08-11
2023,8,11,117,201,15,8,12,10,51,36,17,22,104,126,73,146,12,3,9,9,30,30,14,18,74,92,37,37,2,5,2,1,15,4,2,3,21,24,1,4,0,0,0,0,1,0,0,0,1,1,6,14,1,0,1,0,5,2,1,1,8,9,1797,17,139,-86,152,1066,97,433,San Francisco,2023-08-11
2024,8,11,104,157,17,4,4,8,38,31,15,12,84,96,54,98,11,1,2,7,17,22,8,9,47,56,43,42,6,3,1,1,18,5,6,2,29,31,0,1,0,0,0,0,1,0,0,0,1,1,7,16,0,0,1,0,2,4,1,1,7,8,1502,7,100,-84,154,893,83,361,San Francisco,2024-08-11
2012,9,11,,,,,,,,,,,,,,,,,,,,,,,,,,,,,,,,,,,,,,,,,,,,,,,,,,,,,,,,,,,,,,,,,,,,,San Francisco,2012-09-11
2013,9,11,,,,,,,,,,,,,,,,,,,,,,,,,,,,,,,,,,,,,,,,,,,,,,,,,,,,,,,,,,,,,,,,,,,,,San Francisco,2013-09-11
2014,9,11,,,,,,,,,,,,,,,,,,,,,,,,,,,,,,,,,,,,,,,,,,,,,,,,,,,,,,,,,,,,,,,,,,,,,San Francisco,2014-09-11
2015,9,11,244,308,23,19,12,12,23,34,18,24,75,99,127,214,15,1,4,6,20,25,13,10,58,68,97,78,4,17,8,6,3,5,5,14,13,27,6,4,1,0,0,0,0,0,0,0,0,0,14,12,3,1,0,0,0,4,0,0,4,4,2110,25,137,-51,187,1402,142,405,San Francisco,2015-09-11
2016,9,11,257,332,24,9,9,13,26,28,13,22,67,89,123,188,11,4,5,9,18,21,9,14,48,62,113,126,11,4,2,3,8,4,3,5,15,20,10,1,0,0,0,0,0,0,0,0,0,0,11,17,2,1,2,1,0,3,1,3,4,7,1969,23,129,-56,182,1281,109,402,San Francisco,2016-09-11
2017,9,11,274,331,17,2,3,17,40,23,6,20,69,89,183,206,11,1,2,14,28,18,5,16,51,67,70,96,6,1,1,2,11,4,1,3,16,19,6,4,0,0,0,0,1,0,0,0,1,1,15,25,0,0,0,1,0,1,0,1,1,2,2295,30,137,-55,183,1437,124,441,San Francisco,2017-09-11
2018,9,11,147,360,25,7,11,17,42,35,3,28,80,108,91,244,21,1,6,13,29,24,1,19,54,73,39,89,2,5,4,1,11,5,0,5,16,21,3,3,1,0,0,0,1,0,0,0,1,1,14,24,1,1,1,3,1,6,2,4,9,13,2416,22,177,-54,184,1609,129,400,San Francisco,2018-09-11
2019,9,11,276,333,21,7,11,10,30,58,8,21,96,117,183,209,14,1,4,6,20,46,6,10,72,82,71,92,6,6,6,3,8,8,1,9,17,26,2,8,0,0,0,0,0,0,0,0,0,0,20,24,1,0,1,1,2,4,1,2,7,9,2573,42,179,-53,185,1660,117,456,San Francisco,2019-09-11
2020,9,11,123,249,14,13,6,12,35,38,9,18,82,100,61,173,10,2,6,5,29,29,6,11,64,75,57,63,3,9,0,5,5,6,2,5,13,18,0,4,0,0,0,0,0,0,0,0,0,0,5,9,1,2,0,2,1,3,1,2,5,7,1697,16,104,-51,187,1085,96,342,San Francisco,2020-09-11
2021,9,11,202,170,13,15,7,13,32,24,10,20,66,86,75,115,5,4,4,8,18,21,4,12,43,55,111,46,6,8,2,3,12,3,3,5,18,23,5,3,0,0,0,0,0,0,1,0,1,1,11,6,2,3,1,2,2,0,2,3,4,7,1791,16,126,-57,181,1058,113,422,San Francisco,2021-09-11
2022,9,11,125,163,9,6,8,12,38,23,13,20,74,94,54,117,4,0,3,6,20,19,7,9,46,55,59,34,4,5,4,6,17,4,6,10,27,37,0,0,0,1,0,0,0,0,0,0,0,0,12,12,1,0,1,0,1,0,0,1,1,2,1537,11,98,-56,182,877,89,402,San Francisco,2022-09-11
2023,9,11,93,212,14,9,7,12,41,21,13,19,75,94,45,158,8,3,6,11,22,18,9,17,49,66,42,43,3,6,1,1,19,0,3,2,22,24,1,2,1,0,0,0,0,0,0,0,0,0,5,9,2,0,0,0,0,3,1,0,4,4,1678,14,98,-55,183,933,93,397,San Francisco,2023-09-11
2024,9,11,142,216,16,7,4,8,47,34,13,12,94,106,105,136,11,2,2,5,29,26,10,7,65,72,27,58,3,4,1,3,14,5,2,4,21,25,0,1,0,0,0,0,3,0,1,0,4,4,10,21,2,1,1,0,1,3,0,1,4,5,1710,19,117,-53,185,981,93,427,San Francisco,2024-09-11
2012,10,11,,,,,,,,,,,,,,,,,,,,,,,,,,,,,,,,,,,,,,,,,,,,,,,,,,,,,,,,,,,,,,,,,,,,,San Francisco,2012-10-11
2013,10,11,,,,,,,,,,,,,,,,,,,,,,,,,,,,,,,,,,,,,,,,,,,,,,,,,,,,,,,,,,,,,,,,,,,,,San Francisco,2013-10-11
2014,10,11,,,,,,,,,,,,,,,,,,,,,,,,,,,,,,,,,,,,,,,,,,,,,,,,,,,,,,,,,,,,,,,,,,,,,San Francisco,2014-10-11
2015,10,11,297,351,32,11,14,11,29,32,10,25,71,96,137,190,19,5,3,7,14,16,5,10,35,45,142,133,11,6,9,3,13,11,4,12,28,40,3,2,0,0,0,0,2,0,0,0,2,2,15,26,2,0,2,1,0,5,1,3,6,9,2285,21,174,-21,217,1524,112,413,San Francisco,2015-10-11
2016,10,11,260,319,15,8,4,6,43,31,11,10,85,95,138,164,10,1,1,5,29,22,10,6,61,67,92,122,4,7,1,0,11,6,1,1,18,19,10,5,0,0,0,0,1,1,0,0,2,2,20,28,1,0,2,1,2,2,0,3,4,7,2325,32,196,-26,212,1581,130,399,San Francisco,2016-10-11
2017,10,11,249,305,21,3,21,12,43,40,4,33,87,120,158,201,11,2,8,5,29,28,3,13,60,73,69,83,9,1,10,7,12,6,1,17,19,36,10,4,0,0,0,0,1,0,0,0,1,1,12,17,1,0,3,0,1,6,0,3,7,10,2150,38,159,-25,213,1438,96,402,San Francisco,2017-10-11
2018,10,11,161,354,17,4,6,5,32,32,13,11,77,88,91,230,14,1,3,1,19,21,7,4,47,51,63,100,2,3,3,4,10,9,6,7,25,32,4,2,0,0,0,0,2,0,0,0,2,2,3,22,1,0,0,0,1,2,0,0,3,3,2231,29,161,-24,214,1437,133,439,San Francisco,2018-10-11
2019,10,11,260,332,21,5,10,16,27,41,12,26,80,106,164,205,16,0,7,11,16,31,9,18,56,74,87,106,4,5,3,5,8,3,2,8,13,21,2,6,0,0,0,0,0,0,0,0,0,0,7,15,1,0,0,0,3,7,1,0,11,11,2280,28,155,-23,215,1428,107,475,San Francisco,2019-10-11
2020,10,11,143,233,14,19,3,12,43,23,12,15,78,93,44,130,12,8,0,5,23,15,9,5,47,52,90,86,2,9,3,6,18,6,3,9,27,36,2,2,0,1,0,0,0,0,0,0,0,0,7,15,0,1,0,1,2,2,0,1,4,5,1557,15,86,-21,217,902,107,384,San Francisco,2020-10-11
2021,10,11,113,175,11,8,7,13,41,42,12,20,95,115,50,110,7,2,3,11,24,34,8,14,66,80,50,49,4,5,4,1,13,5,3,5,21,26,2,5,0,1,0,1,0,0,0,1,0,1,11,11,0,0,0,0,4,3,1,0,8,8,1529,24,94,-27,211,949,77,377,San Francisco,2021-10-11
2022,10,11,102,194,8,8,7,14,39,25,20,21,84,105,54,122,4,1,6,7,25,15,16,13,56,69,39,61,2,7,1,6,11,6,4,7,21,28,4,5,0,0,0,0,2,0,0,0,2,2,5,6,2,0,0,1,1,4,0,1,5,6,1536,32,93,-26,212,905,109,345,San Francisco,2022-10-11
2023,10,11,90,186,18,5,11,6,39,30,10,17,79,96,48,110,11,0,4,1,21,22,6,5,49,54,38,61,4,5,6,4,14,3,3,10,20,30,0,2,0,0,0,0,0,2,0,0,2,2,4,13,3,0,1,1,4,3,1,2,8,10,1648,20,100,-25,213,982,115,394,San Francisco,2023-10-11
2024,10,11,140,193,14,6,4,5,30,28,5,9,63,72,82,112,9,0,3,3,15,20,3,6,38,44,50,63,2,4,0,2,13,5,1,2,19,21,1,4,0,0,0,0,0,0,1,0,1,1,7,14,3,2,1,0,2,3,0,1,5,6,1756,28,118,-23,215,981,111,480,San Francisco,2024-10-11
2012,11,11,,,,,,,,,,,,,,,,,,,,,,,,,,,,,,,,,,,,,,,,,,,,,,,,,,,,,,,,,,,,,,,,,,,,,San Francisco,2012-11-11
2013,11,11,,,,,,,,,,,,,,,,,,,,,,,,,,,,,,,,,,,,,,,,,,,,,,,,,,,,,,,,,,,,,,,,,,,,,San Francisco,2013-11-11
2014,11,11,,,,,,,,,,,,,,,,,,,,,,,,,,,,,,,,,,,,,,,,,,,,,,,,,,,,,,,,,,,,,,,,,,,,,San Francisco,2014-11-11
2015,11,11,279,310,25,0,14,10,28,27,19,24,74,98,138,174,20,0,6,7,8,11,13,13,32,45,115,114,4,0,7,2,16,8,4,9,28,37,4,2,1,0,0,0,1,0,0,0,1,1,22,20,0,0,1,1,3,8,2,2,13,15,2286,16,204,10,248,1666,120,330,San Francisco,2015-11-11
2016,11,11,292,317,27,12,11,10,31,30,8,21,69,90,156,152,15,2,3,3,15,17,3,6,35,41,114,138,7,9,6,7,14,11,3,13,28,41,3,4,1,0,1,0,1,0,1,1,2,3,19,23,4,1,1,0,1,2,1,1,4,5,2444,19,242,5,243,1639,136,448,San Francisco,2016-11-11
2017,11,11,294,253,12,4,8,14,35,39,7,22,81,103,135,143,8,0,2,7,18,23,3,9,44,53,138,86,3,3,5,7,16,10,2,12,28,40,4,1,0,0,0,0,0,0,0,0,0,0,17,23,1,1,1,0,1,6,2,1,9,10,2087,21,196,6,244,1252,124,481,San Francisco,2017-11-11
2018,11,11,166,274,25,9,12,12,33,39,11,24,83,107,79,164,11,3,6,7,18,25,6,13,49,62,72,96,8,6,5,5,11,12,5,10,28,38,3,2,0,0,0,0,3,0,0,0,3,3,12,12,6,0,1,0,1,2,0,1,3,4,1875,17,158,7,245,1186,113,391,San Francisco,2018-11-11
2019,11,11,206,279,10,7,7,7,37,42,13,14,92,106,120,142,5,1,1,5,19,19,9,6,47,53,62,112,4,6,5,2,13,13,2,7,28,35,4,6,0,0,0,0,0,1,0,0,1,1,20,19,1,0,1,0,5,9,2,1,16,17,2263,15,198,8,246,1459,115,384,San Francisco,2019-11-11
2020,11,11,154,218,19,7,12,7,44,32,15,19,91,110,87,133,12,1,2,3,19,18,9,5,46,51,58,73,3,5,5,1,20,11,3,6,34,40,3,3,0,0,0,0,2,0,0,0,2,2,6,9,4,1,5,3,3,3,3,8,9,17,1912,19,190,10,248,1284,116,335,San Francisco,2020-11-11
2021,11,11,115,187,18,9,12,13,24,33,7,25,64,89,46,103,12,4,6,2,12,17,5,8,34,42,63,68,5,4,3,9,9,10,2,12,21,33,2,3,0,0,1,1,0,0,0,2,0,2,4,13,1,1,2,1,3,6,0,3,9,12,1507,21,110,4,242,847,110,394,San Francisco,2021-11-11
2022,11,11,117,155,15,8,2,8,29,27,12,10,68,78,53,81,10,0,2,1,9,15,8,3,32,35,55,58,4,7,0,7,17,9,3,7,29,36,0,1,0,0,0,0,0,0,0,0,0,0,9,15,1,1,0,0,3,3,1,0,7,7,1689,11,155,5,243,968,99,406,San Francisco,2022-11-11
2023,11,11,151,182,25,8,1,8,38,24,10,9,72,81,64,102,11,1,0,1,18,19,2,1,39,40,80,63,12,7,1,7,20,3,7,8,30,38,2,3,0,0,0,0,0,0,0,0,0,0,5,14,2,0,0,0,0,2,1,0,3,3,1602,20,95,6,244,958,81,376,San Francisco,2023-11-11
2024,11,11,99,188,9,2,10,7,32,36,7,17,75,92,62,100,5,0,2,4,17,22,4,6,43,49,35,71,4,2,8,3,14,11,1,11,26,37,0,4,0,0,0,0,0,1,0,0,1,1,2,13,0,0,0,0,1,2,2,0,5,5,1650,17,139,8,246,898,90,367,San Francisco,2024-11-11
2012,12,11,,,,,,,,,,,,,,,,,,,,,,,,,,,,,,,,,,,,,,,,,,,,,,,,,,,,,,,,,,,,,,,,,,,,,San Francisco,2012-12-11
2013,12,11,,,,,,,,,,,,,,,,,,,,,,,,,,,,,,,,,,,,,,,,,,,,,,,,,,,,,,,,,,,,,,,,,,,,,San Francisco,2013-12-11
2014,12,11,,,,,,,,,,,,,,,,,,,,,,,,,,,,,,,,,,,,,,,,,,,,,,,,,,,,,,,,,,,,,,,,,,,,,San Francisco,2014-12-11
2015,12,11,234,348,29,8,11,8,34,41,22,19,97,116,111,169,11,1,5,3,14,26,14,8,54,62,101,151,10,5,6,3,16,12,7,9,35,44,5,3,1,0,0,0,2,1,0,0,3,3,17,25,7,2,0,2,2,2,1,2,5,7,2338,37,218,40,278,1565,136,436,San Francisco,2015-12-11
2016,12,11,250,243,21,17,16,10,31,36,11,26,78,104,107,107,14,4,5,5,13,15,8,10,36,46,131,110,6,13,10,4,17,16,2,14,35,49,3,4,0,0,1,1,0,0,1,2,1,3,9,22,1,0,0,0,1,5,0,0,6,6,1941,22,190,35,273,1242,114,420,San Francisco,2016-12-11
2017,12,11,236,289,31,5,11,16,46,39,7,27,92,119,119,142,14,0,4,9,29,27,6,13,62,75,90,120,11,4,4,5,15,9,1,9,25,34,15,1,1,0,1,0,0,0,0,1,0,1,12,26,5,1,2,2,2,3,0,4,5,9,2187,52,206,36,274,1409,128,405,San Francisco,2017-12-11
2018,12,11,148,292,28,9,8,10,29,41,6,18,76,94,78,139,14,4,0,2,23,26,3,2,52,54,58,127,9,4,4,7,4,11,3,11,18,29,6,3,0,0,0,0,1,1,0,0,2,2,6,23,5,1,4,1,1,3,0,5,4,9,2179,40,210,37,275,1375,112,435,San Francisco,2018-12-11
2019,12,11,184,244,29,7,3,11,29,50,11,14,90,104,83,102,10,2,0,5,17,33,4,5,54,59,75,119,11,5,2,5,9,14,4,7,27,34,6,4,1,0,0,1,0,1,1,1,2,3,20,19,7,0,1,0,3,2,2,1,7,8,2246,42,213,38,276,1375,131,465,San Francisco,2019-12-11
2020,12,11,102,196,7,15,10,13,31,49,13,23,93,116,38,94,3,3,7,6,14,36,10,13,60,73,53,86,4,11,3,6,16,5,3,9,24,33,2,0,0,0,0,0,0,0,0,0,0,0,9,16,0,1,0,1,1,8,0,1,9,10,1402,15,117,40,278,881,101,320,San Francisco,2020-12-11
2021,12,11,145,180,15,9,7,7,32,23,14,14,69,83,48,94,8,3,4,2,13,17,5,6,35,41,89,73,6,4,3,4,12,3,7,7,22,29,3,3,0,1,0,0,0,0,0,0,0,0,5,10,1,1,0,1,7,3,2,1,12,13,1706,19,162,34,272,965,98,472,San Francisco,2021-12-11
2022,12,11,75,141,13,6,5,6,26,18,15,11,59,70,30,75,8,4,1,5,14,11,6,6,31,37,41,55,5,2,4,1,11,4,7,5,22,27,0,3,0,0,0,0,0,0,0,0,0,0,4,8,0,0,0,0,1,3,2,0,6,6,1201,7,97,35,273,718,77,285,San Francisco,2022-12-11
2023,12,11,84,149,18,5,7,7,26,35,7,14,68,82,37,82,10,0,3,4,18,20,5,7,43,50,43,56,5,5,2,3,7,9,1,5,17,22,0,1,0,0,0,0,0,1,0,0,1,1,4,10,3,0,2,0,1,5,1,2,7,9,1631,25,140,36,274,915,93,380,San Francisco,2023-12-11
2024,12,11,103,191,21,2,5,6,29,17,13,11,59,70,64,100,14,0,1,2,18,9,8,3,35,38,27,69,5,1,3,4,8,6,3,7,17,24,2,4,0,0,0,0,0,0,1,0,1,1,10,18,2,1,1,0,3,2,1,1,6,7,1621,36,147,38,276,960,90,409,San Francisco,2024-12-11
2012,1,12,,,,,,,,,,,,,,,,,,,,,,,,,,,,,,,,,,,,,,,,,,,,,,,,,,,,,,,,,,,,,,,,,,,,,San Francisco,2012-01-12
2013,1,12,,,,,,,,,,,,,,,,,,,,,,,,,,,,,,,,,,,,,,,,,,,,,,,,,,,,,,,,,,,,,,,,,,,,,San Francisco,2013-01-12
2014,1,12,,,,,,,,,,,,,,,,,,,,,,,,,,,,,,,,,,,,,,,,,,,,,,,,,,,,,,,,,,,,,,,,,,,,,San Francisco,2014-01-12
2015,1,12,219,302,16,11,10,14,31,31,18,24,80,104,113,150,7,2,6,3,15,19,13,9,47,56,80,124,6,9,2,10,12,8,4,12,24,36,14,6,0,0,0,0,1,0,0,0,1,1,12,22,3,0,2,1,3,4,1,3,8,11,2096,46,179,-293,-55,1529,112,334,San Francisco,2015-01-12
2016,1,12,252,327,15,5,10,19,34,21,22,29,77,106,108,175,10,2,7,5,20,14,14,12,48,60,118,116,3,2,3,10,12,5,5,13,22,35,11,6,0,0,0,1,1,0,2,1,3,4,15,30,2,1,0,3,1,2,1,3,4,7,2142,40,197,-299,-61,1501,120,384,San Francisco,2016-01-12
2017,1,12,222,252,14,3,6,9,21,19,9,15,49,64,115,129,6,1,3,4,12,10,6,7,28,35,90,102,5,2,3,4,7,7,2,7,16,23,5,6,0,0,0,1,1,0,1,1,2,3,12,15,3,0,0,0,1,2,0,0,3,3,2000,33,208,-297,-59,1399,114,338,San Francisco,2017-01-12
2018,1,12,276,291,25,12,12,14,41,34,4,26,79,105,138,169,13,0,4,8,23,15,2,12,40,52,118,97,10,12,7,3,16,16,2,10,34,44,8,6,1,0,0,1,0,0,0,1,0,1,12,19,1,0,1,2,2,3,0,3,5,8,2286,39,242,-296,-58,1500,141,432,San Francisco,2018-01-12
2019,1,12,172,308,14,18,8,11,36,25,5,19,66,85,71,168,4,2,2,7,18,19,2,9,39,48,81,115,7,14,6,3,16,5,3,9,24,33,3,2,1,0,0,0,0,0,0,0,0,0,17,23,2,2,0,1,2,1,0,1,3,4,2248,22,198,-295,-57,1325,129,450,San Francisco,2019-01-12
2020,1,12,203,252,14,9,8,4,26,34,5,12,65,77,113,125,8,0,2,2,11,29,3,4,43,47,72,99,5,8,4,2,11,5,2,6,18,24,6,3,0,1,0,0,1,0,0,0,1,1,12,25,1,0,2,0,3,0,0,2,3,5,1944,31,159,-294,-56,1236,123,401,San Francisco,2020-01-12
2021,1,12,108,209,11,14,3,10,57,48,13,13,118,131,45,114,8,6,2,6,30,27,7,8,64,72,50,82,2,6,0,3,22,15,4,3,41,44,5,2,0,0,0,0,0,0,1,0,1,1,8,11,1,2,1,1,5,6,1,2,12,14,1728,24,163,-299,-61,1171,86,319,San Francisco,2021-01-12
2022,1,12,111,220,5,5,3,10,41,28,10,13,79,92,40,116,4,1,3,6,25,19,6,9,50,59,61,81,0,4,0,4,15,3,4,4,22,26,2,5,1,0,0,0,1,0,0,0,1,1,8,18,0,0,0,0,0,6,0,0,6,6,1370,32,101,-298,-60,770,98,395,San Francisco,2022-01-12
2023,1,12,97,186,13,16,3,14,45,37,9,17,91,108,40,94,6,2,2,5,26,16,3,7,45,52,52,79,4,13,1,7,16,16,4,8,36,44,3,3,0,0,0,0,1,0,2,0,3,3,2,10,3,1,0,2,2,5,0,2,7,9,1664,30,152,-297,-59,911,96,439,San Francisco,2023-01-12
2024,1,12,71,191,17,10,2,10,32,23,10,12,65,77,28,98,7,0,1,7,16,17,4,8,37,45,33,70,8,10,0,3,13,3,5,3,21,24,2,3,0,0,0,0,1,1,0,0,2,2,8,20,2,0,1,0,2,2,1,1,5,6,1800,27,155,-296,-58,1112,93,371,San Francisco,2024-01-12
2012,2,12,,,,,,,,,,,,,,,,,,,,,,,,,,,,,,,,,,,,,,,,,,,,,,,,,,,,,,,,,,,,,,,,,,,,,San Francisco,2012-02-12
2013,2,12,,,,,,,,,,,,,,,,,,,,,,,,,,,,,,,,,,,,,,,,,,,,,,,,,,,,,,,,,,,,,,,,,,,,,San Francisco,2013-02-12
2014,2,12,,,,,,,,,,,,,,,,,,,,,,,,,,,,,,,,,,,,,,,,,,,,,,,,,,,,,,,,,,,,,,,,,,,,,San Francisco,2014-02-12
2015,2,12,253,379,20,4,10,14,23,39,8,24,70,94,122,228,9,0,3,6,11,22,3,9,36,45,108,121,8,4,6,8,7,12,4,14,23,37,8,4,1,0,0,0,2,1,0,0,3,3,15,26,2,0,1,0,3,4,1,1,8,9,2278,36,160,-262,-24,1666,132,315,San Francisco,2015-02-12
2016,2,12,265,331,21,8,9,4,31,37,11,13,79,92,130,175,13,0,5,1,18,25,8,6,51,57,113,114,6,7,4,2,11,6,3,6,20,26,3,5,0,0,0,0,0,0,0,0,0,0,19,37,2,1,0,1,2,6,0,1,8,9,2062,28,180,-268,-30,1362,116,460,San Francisco,2016-02-12
2017,2,12,237,238,24,9,13,11,33,27,9,24,69,93,117,115,16,3,6,3,20,17,6,9,43,52,112,99,7,4,5,5,10,8,3,10,21,31,2,4,0,0,0,1,1,0,0,1,1,2,6,20,1,2,2,2,2,2,0,4,4,8,1970,17,165,-266,-28,1237,136,378,San Francisco,2017-02-12
2018,2,12,212,280,19,1,8,11,38,28,7,19,73,92,124,138,13,0,2,4,24,19,6,6,49,55,71,120,4,1,5,4,12,5,1,9,18,27,7,2,0,0,0,0,1,0,0,0,1,1,10,20,2,0,1,3,1,4,0,4,5,9,2084,30,176,-265,-27,1382,111,387,San Francisco,2018-02-12
2019,2,12,161,339,17,1,7,9,36,32,13,16,81,97,111,205,10,0,3,5,23,21,9,8,53,61,41,102,6,1,4,3,10,7,3,7,20,27,5,6,0,0,0,0,1,0,0,0,1,1,4,26,1,0,0,1,2,4,1,1,7,8,2268,37,226,-264,-26,1421,128,427,San Francisco,2019-02-12
2020,2,12,193,272,14,4,11,9,44,53,9,20,106,126,108,157,10,1,4,5,25,34,5,9,64,73,65,82,2,1,6,3,16,12,2,9,30,39,7,10,0,1,0,0,0,0,2,0,2,2,13,23,2,1,1,1,3,7,0,2,10,12,2130,37,193,-263,-25,1307,125,424,San Francisco,2020-02-12
2021,2,12,134,205,15,22,7,6,45,46,9,13,100,113,48,128,8,2,2,4,19,38,6,6,63,69,74,62,6,18,4,2,25,5,1,6,31,37,2,0,0,0,0,0,0,0,1,0,1,1,10,15,1,2,1,0,1,3,1,1,5,6,1672,15,133,-268,-30,1018,114,374,San Francisco,2021-02-12
2022,2,12,163,182,15,13,4,10,28,22,18,14,68,82,48,102,7,0,2,1,14,12,13,3,39,42,104,68,7,13,1,9,11,5,2,10,18,28,1,0,0,0,0,0,0,0,0,0,0,0,10,12,1,0,1,0,3,5,3,1,11,12,1609,18,128,-267,-29,846,102,503,San Francisco,2022-02-12
2023,2,12,93,162,12,11,7,6,31,24,13,13,68,81,44,86,6,2,3,2,12,18,10,5,40,45,42,68,6,8,4,3,14,5,2,7,21,28,3,1,0,0,0,0,2,0,0,0,2,2,4,7,0,1,0,1,3,1,1,1,5,6,1453,24,82,-266,-28,848,81,348,San Francisco,2023-02-12
2024,2,12,70,152,6,5,11,10,28,19,14,21,61,82,30,74,2,2,2,5,19,13,7,7,39,46,37,66,3,3,9,5,7,3,3,14,13,27,0,1,0,0,0,0,0,0,0,0,0,0,3,11,1,0,0,0,2,3,4,0,9,9,1405,16,120,-265,-27,784,93,312,San Francisco,2024-02-12
2012,3,12,,,,,,,,,,,,,,,,,,,,,,,,,,,,,,,,,,,,,,,,,,,,,,,,,,,,,,,,,,,,,,,,,,,,,San Francisco,2012-03-12
2013,3,12,,,,,,,,,,,,,,,,,,,,,,,,,,,,,,,,,,,,,,,,,,,,,,,,,,,,,,,,,,,,,,,,,,,,,San Francisco,2013-03-12
2014,3,12,,,,,,,,,,,,,,,,,,,,,,,,,,,,,,,,,,,,,,,,,,,,,,,,,,,,,,,,,,,,,,,,,,,,,San Francisco,2014-03-12
2015,3,12,283,375,32,9,19,10,30,33,13,29,76,105,147,230,29,3,4,6,19,27,11,10,57,67,111,112,1,4,12,3,9,5,2,15,16,31,8,6,0,0,1,0,1,0,0,1,1,2,17,27,2,2,2,1,1,1,0,3,2,5,2410,43,157,-234,4,1704,106,395,San Francisco,2015-03-12
2016,3,12,235,269,20,2,10,11,25,23,6,21,54,75,107,141,8,1,1,5,16,17,1,6,34,40,119,104,10,1,8,5,7,4,5,13,16,29,6,2,0,0,0,0,1,0,0,0,1,1,3,22,2,0,1,1,1,2,0,2,3,5,1906,13,144,-239,-1,1295,107,385,San Francisco,2016-03-12
2017,3,12,281,271,13,10,7,11,29,22,9,18,60,78,139,178,8,3,4,6,20,18,6,10,44,54,121,77,4,7,3,3,7,3,3,6,13,19,1,2,0,0,0,0,1,0,0,0,1,1,20,14,1,0,0,2,1,1,0,2,2,4,2066,16,129,-238,0,1332,124,393,San Francisco,2017-03-12
2018,3,12,258,270,11,7,10,11,45,27,8,21,80,101,158,177,8,2,7,7,27,19,6,14,52,66,81,76,2,5,2,4,13,5,2,6,20,26,8,2,0,0,0,0,1,0,0,0,1,1,11,15,1,0,1,0,4,3,0,1,7,8,1989,37,120,-237,1,1224,132,399,San Francisco,2018-03-12
2019,3,12,152,281,20,2,8,12,37,34,7,20,78,98,90,176,16,0,3,5,23,24,2,8,49,57,48,84,2,2,5,7,9,6,3,12,18,30,7,3,0,0,0,0,2,0,0,0,2,2,7,18,2,0,0,0,3,4,2,0,9,9,2216,41,143,-236,2,1392,113,445,San Francisco,2019-03-12
2020,3,12,164,270,19,2,5,11,29,43,8,16,80,96,105,170,10,0,4,7,17,32,5,11,54,65,49,77,5,2,1,4,8,11,3,5,22,27,7,6,0,0,0,0,0,0,0,0,0,0,3,17,4,0,0,0,4,0,0,0,4,4,2228,46,129,-234,4,1453,114,400,San Francisco,2020-03-12
2021,3,12,119,251,9,5,6,6,39,40,11,12,90,102,41,145,6,0,4,2,24,29,8,6,61,67,71,83,2,5,2,3,9,7,3,5,19,24,2,1,0,0,0,0,1,0,0,0,1,1,5,22,1,0,0,1,5,4,0,1,9,10,1800,13,132,-240,-2,1205,106,336,San Francisco,2021-03-12
2022,3,12,129,177,15,9,5,8,34,33,10,13,77,90,50,98,6,1,1,4,17,23,5,5,45,50,72,69,7,7,3,3,16,7,5,6,28,34,4,1,0,0,0,0,0,0,0,0,0,0,3,9,2,1,1,1,1,3,0,2,4,6,1585,10,110,-239,-1,931,88,403,San Francisco,2022-03-12
2023,3,12,102,147,11,4,14,11,28,31,16,25,75,100,55,81,3,1,3,5,16,24,10,8,50,58,40,52,7,2,10,4,9,4,3,14,16,30,1,2,0,0,0,0,0,0,2,0,2,2,6,12,1,1,1,2,3,3,1,3,7,10,1513,19,100,-238,0,874,82,322,San Francisco,2023-03-12
2024,3,12,91,208,12,2,4,8,39,30,17,12,86,98,52,129,8,0,3,4,25,22,13,7,60,67,31,67,1,2,0,4,10,5,2,4,17,21,4,3,0,0,0,0,0,0,1,0,1,1,4,9,3,0,1,0,4,3,1,1,8,9,1830,25,120,-236,2,1130,115,339,San Francisco,2024-03-12
2012,4,12,,,,,,,,,,,,,,,,,,,,,,,,,,,,,,,,,,,,,,,,,,,,,,,,,,,,,,,,,,,,,,,,,,,,,San Francisco,2012-04-12
2013,4,12,,,,,,,,,,,,,,,,,,,,,,,,,,,,,,,,,,,,,,,,,,,,,,,,,,,,,,,,,,,,,,,,,,,,,San Francisco,2013-04-12
2014,4,12,,,,,,,,,,,,,,,,,,,,,,,,,,,,,,,,,,,,,,,,,,,,,,,,,,,,,,,,,,,,,,,,,,,,,San Francisco,2014-04-12
2015,4,12,251,281,15,4,15,10,26,29,25,25,80,105,150,181,11,1,8,6,11,21,14,14,46,60,86,82,3,3,7,4,14,6,6,11,26,37,2,0,0,0,0,0,0,0,0,0,0,0,13,18,1,0,0,0,1,2,5,0,8,8,2035,10,134,-203,35,1400,101,386,San Francisco,2015-04-12
2016,4,12,296,356,25,5,2,14,41,35,14,16,90,106,196,224,20,1,1,8,33,28,10,9,71,80,71,101,2,0,1,5,3,5,3,6,11,17,9,4,0,0,0,0,0,0,0,0,0,0,20,27,3,4,0,1,5,2,1,1,8,9,2389,28,166,-208,30,1705,128,340,San Francisco,2016-04-12
2017,4,12,250,308,17,4,9,5,42,27,13,14,82,96,149,187,14,2,5,3,30,21,6,8,57,65,74,97,2,0,4,2,9,5,6,6,20,26,10,5,0,0,0,0,0,0,1,0,1,1,17,19,1,2,0,0,3,1,0,0,4,4,2247,33,145,-207,31,1513,115,387,San Francisco,2017-04-12
2018,4,12,259,286,19,3,1,14,41,39,6,15,86,101,174,185,11,1,0,7,30,33,3,7,66,73,73,73,7,1,1,5,6,5,2,6,13,19,5,6,0,0,0,0,0,0,1,0,1,1,7,22,1,1,0,2,5,1,0,2,6,8,2135,20,126,-206,32,1398,120,392,San Francisco,2018-04-12
2019,4,12,138,309,18,8,7,8,42,33,11,15,86,101,77,184,10,2,1,6,29,26,8,7,63,70,50,98,6,1,5,2,10,5,2,7,17,24,3,5,0,0,0,0,0,0,0,0,0,0,8,22,2,5,1,0,3,2,1,1,6,7,2164,24,153,-205,33,1334,118,437,San Francisco,2019-04-12
2020,4,12,144,205,5,8,3,8,45,28,17,11,90,101,81,131,5,3,2,4,29,27,11,6,67,73,53,60,0,4,0,3,12,0,4,3,16,19,0,2,0,0,1,0,3,0,0,1,3,4,10,12,0,1,0,1,1,1,2,1,4,5,1709,16,99,-203,35,1054,73,332,San Francisco,2020-04-12
2021,4,12,104,191,13,6,6,6,53,35,16,12,104,116,61,126,10,0,3,4,35,28,12,7,75,82,34,51,2,5,2,2,13,3,3,4,19,23,0,1,0,0,0,0,2,0,0,0,2,2,9,13,1,1,1,0,3,4,1,1,8,9,1537,11,93,-209,29,935,89,330,San Francisco,2021-04-12
2022,4,12,101,171,14,6,3,2,37,28,13,5,78,83,60,117,14,2,1,2,24,20,8,3,52,55,35,42,0,4,1,0,10,5,2,1,17,18,1,0,0,0,0,0,1,0,0,0,1,1,5,12,0,0,1,0,2,3,3,1,8,9,1599,16,100,-208,30,948,103,365,San Francisco,2022-04-12
2023,4,12,103,196,15,6,7,6,39,21,15,13,75,88,63,128,13,1,4,4,24,18,13,8,55,63,36,52,1,5,2,2,11,3,1,4,15,19,0,3,0,0,0,0,1,0,0,0,1,1,4,13,1,0,1,0,3,0,1,1,4,5,1534,12,102,-207,31,915,89,372,San Francisco,2023-04-12
2024,4,12,98,165,8,6,6,9,31,16,6,15,53,68,51,109,7,1,3,7,21,15,5,10,41,51,46,42,0,2,3,0,8,0,0,3,8,11,0,2,0,0,0,0,1,0,0,0,1,1,1,12,1,3,0,2,1,1,1,2,3,5,1555,19,101,-205,33,904,94,363,San Francisco,2024-04-12
2012,5,12,,,,,,,,,,,,,,,,,,,,,,,,,,,,,,,,,,,,,,,,,,,,,,,,,,,,,,,,,,,,,,,,,,,,,San Francisco,2012-05-12
2013,5,12,,,,,,,,,,,,,,,,,,,,,,,,,,,,,,,,,,,,,,,,,,,,,,,,,,,,,,,,,,,,,,,,,,,,,San Francisco,2013-05-12
2014,5,12,,,,,,,,,,,,,,,,,,,,,,,,,,,,,,,,,,,,,,,,,,,,,,,,,,,,,,,,,,,,,,,,,,,,,San Francisco,2014-05-12
2015,5,12,200,280,27,3,10,12,43,36,20,22,99,121,139,179,18,2,7,10,30,28,16,17,74,91,42,73,6,1,1,2,9,6,3,3,18,21,4,5,0,0,0,0,0,0,0,0,0,0,15,23,3,0,2,0,4,2,1,2,7,9,2045,25,169,-173,65,1492,102,324,San Francisco,2015-05-12
2016,5,12,291,331,26,14,5,10,20,37,11,15,68,83,190,244,23,3,3,5,15,32,9,8,56,64,79,66,3,9,2,4,3,5,1,6,9,15,1,2,0,0,0,0,0,0,0,0,0,0,21,19,0,2,0,1,2,0,1,1,3,4,2145,13,137,-178,60,1435,125,420,San Francisco,2016-05-12
2017,5,12,248,276,25,5,12,10,29,34,7,22,70,92,155,199,20,3,10,5,19,29,6,15,54,69,75,58,4,2,2,4,8,3,1,6,12,18,4,4,0,0,0,0,1,0,0,0,1,1,14,15,1,0,0,1,1,2,0,1,3,4,2301,22,145,-177,61,1474,146,446,San Francisco,2017-05-12
2018,5,12,252,246,18,10,10,13,40,32,13,23,85,108,142,149,10,3,4,7,26,26,10,11,62,73,90,76,7,7,5,5,11,3,2,10,16,26,2,4,0,0,0,0,1,0,0,0,1,1,18,17,1,0,1,1,2,3,1,2,6,8,2205,15,129,-176,62,1349,131,493,San Francisco,2018-05-12
2019,5,12,226,275,17,9,10,13,26,34,12,23,72,95,148,188,14,0,5,11,16,25,11,16,52,68,57,60,2,7,4,1,6,7,1,5,14,19,3,1,0,0,0,0,1,0,0,0,1,1,18,26,1,2,1,1,3,2,0,2,5,7,1942,9,153,-175,63,1127,111,465,San Francisco,2019-05-12
2020,5,12,174,284,9,6,1,7,42,33,12,8,87,95,110,226,9,4,1,6,29,28,11,7,68,75,54,38,0,1,0,1,10,3,1,1,14,15,0,1,0,0,0,0,0,0,0,0,0,0,10,19,0,1,0,0,3,2,0,0,5,5,2049,7,134,-173,65,1315,95,354,San Francisco,2020-05-12
2021,5,12,118,188,14,9,8,14,38,30,16,22,84,106,73,143,14,1,6,12,28,25,15,18,68,86,34,30,0,7,1,1,10,1,0,2,11,13,1,1,0,0,0,0,0,0,1,0,1,1,10,14,0,1,1,1,0,4,0,2,4,6,1512,15,95,-179,59,918,99,346,San Francisco,2021-05-12
2022,5,12,112,190,12,4,6,10,42,38,10,16,90,106,69,134,10,1,2,9,26,36,9,11,71,82,35,34,0,3,2,1,9,0,0,3,9,12,3,3,0,0,0,0,0,0,0,0,0,0,5,19,2,0,2,0,7,2,1,2,10,12,1609,13,121,-178,60,906,98,413,San Francisco,2022-05-12
2023,5,12,97,154,17,6,7,11,32,22,18,18,72,90,47,109,13,2,5,4,26,20,15,9,61,70,36,32,3,2,1,5,3,1,1,6,5,11,0,0,0,0,0,0,0,0,0,0,0,0,14,13,1,2,1,2,3,1,2,3,6,9,1469,6,120,-177,61,786,88,414,San Francisco,2023-05-12
2024,5,12,91,120,5,5,4,7,28,28,9,11,65,76,52,69,3,3,1,4,20,22,9,5,51,56,35,32,1,1,2,3,4,4,0,5,8,13,0,1,0,0,0,0,0,0,0,0,0,0,4,18,1,1,1,0,4,2,0,1,6,7,1241,4,107,-175,63,721,77,329,San Francisco,2024-05-12
2012,6,12,,,,,,,,,,,,,,,,,,,,,,,,,,,,,,,,,,,,,,,,,,,,,,,,,,,,,,,,,,,,,,,,,,,,,San Francisco,2012-06-12
2013,6,12,,,,,,,,,,,,,,,,,,,,,,,,,,,,,,,,,,,,,,,,,,,,,,,,,,,,,,,,,,,,,,,,,,,,,San Francisco,2013-06-12
2014,6,12,,,,,,,,,,,,,,,,,,,,,,,,,,,,,,,,,,,,,,,,,,,,,,,,,,,,,,,,,,,,,,,,,,,,,San Francisco,2014-06-12
2015,6,12,239,330,28,3,14,15,24,31,11,29,66,95,158,242,22,1,11,10,17,26,8,21,51,72,57,63,4,0,3,1,3,4,3,4,10,14,5,2,0,1,0,0,0,0,0,0,0,0,19,23,2,1,0,4,4,1,0,4,5,9,2184,19,163,-142,96,1475,124,413,San Francisco,2015-06-12
2016,6,12,227,255,21,11,10,14,42,32,6,24,80,104,143,177,15,3,4,9,28,27,5,13,60,73,55,60,5,6,5,4,10,5,1,9,16,25,1,1,0,0,0,0,0,0,0,0,0,0,28,17,1,2,1,1,4,0,0,2,4,6,1868,11,145,-147,91,1230,109,397,San Francisco,2016-06-12
2017,6,12,266,258,10,39,6,10,28,27,9,16,64,80,184,184,8,3,2,5,21,19,8,7,48,55,51,46,1,8,3,1,5,3,1,4,9,13,4,3,0,0,0,1,0,0,0,1,0,1,27,25,1,28,1,3,2,5,0,4,7,11,2177,17,223,-146,92,1390,142,411,San Francisco,2017-06-12
2018,6,12,174,305,24,2,13,19,36,31,4,32,71,103,125,230,20,1,10,17,26,29,4,27,59,86,38,42,3,1,1,2,7,0,0,3,7,10,1,2,0,0,0,0,1,1,0,0,2,2,10,31,1,0,2,0,2,1,0,2,3,5,2115,11,148,-145,93,1349,113,430,San Francisco,2018-06-12
2019,6,12,283,307,21,6,4,16,34,34,6,20,74,94,203,235,18,3,2,13,24,28,5,15,57,72,60,46,3,3,1,3,5,4,0,4,9,13,6,1,0,0,0,0,1,0,1,0,2,2,14,25,0,0,1,0,4,2,0,1,6,7,2352,28,157,-144,94,1418,149,544,San Francisco,2019-06-12
2020,6,12,130,199,7,11,7,10,39,34,12,17,85,102,60,152,4,5,4,5,27,30,12,9,69,78,44,30,1,3,2,2,11,2,0,4,13,17,2,1,0,0,0,0,0,1,0,0,1,1,24,16,2,3,1,3,1,1,0,4,2,6,1495,20,136,-142,96,895,113,334,San Francisco,2020-06-12
2021,6,12,186,146,13,28,5,15,39,27,8,20,74,94,75,95,11,10,5,7,26,22,5,12,53,65,89,36,1,13,0,6,7,5,3,6,15,21,2,1,0,0,0,1,0,0,0,1,0,1,20,14,1,5,0,1,6,0,0,1,6,7,1499,9,140,-148,90,822,103,423,San Francisco,2021-06-12
2022,6,12,101,152,14,6,11,10,28,26,15,21,69,90,52,96,9,1,4,5,17,22,12,9,51,60,37,41,3,2,7,5,8,2,3,12,13,25,1,3,0,0,0,0,0,0,0,0,0,0,11,12,2,3,0,0,3,2,0,0,5,5,1299,9,101,-147,91,697,94,371,San Francisco,2022-06-12
2023,6,12,96,199,12,8,4,6,39,30,18,10,87,97,48,154,8,4,3,4,24,26,15,7,65,72,32,23,0,3,1,2,11,2,1,3,14,17,0,1,0,1,0,0,0,0,0,0,0,0,16,21,4,0,0,0,4,2,2,0,8,8,1641,7,154,-146,92,965,83,396,San Francisco,2023-06-12
2024,6,12,95,225,15,5,11,10,31,21,7,21,59,80,63,173,14,1,10,9,23,14,4,19,41,60,24,33,1,4,1,1,7,0,2,2,9,11,0,4,0,0,0,0,1,0,0,0,1,1,8,15,0,0,0,0,0,7,1,0,8,8,1499,19,100,-144,94,900,93,360,San Francisco,2024-06-12
2012,7,12,,,,,,,,,,,,,,,,,,,,,,,,,,,,,,,,,,,,,,,,,,,,,,,,,,,,,,,,,,,,,,,,,,,,,San Francisco,2012-07-12
2013,7,12,,,,,,,,,,,,,,,,,,,,,,,,,,,,,,,,,,,,,,,,,,,,,,,,,,,,,,,,,,,,,,,,,,,,,San Francisco,2013-07-12
2014,7,12,,,,,,,,,,,,,,,,,,,,,,,,,,,,,,,,,,,,,,,,,,,,,,,,,,,,,,,,,,,,,,,,,,,,,San Francisco,2014-07-12
2015,7,12,282,318,17,17,10,13,31,22,18,23,71,94,161,223,13,6,6,9,25,19,15,15,59,74,101,73,3,10,4,3,6,0,2,7,8,15,2,3,0,1,0,0,0,0,0,0,0,0,18,19,1,0,0,1,0,3,1,1,4,5,2156,18,153,-112,126,1508,103,387,San Francisco,2015-07-12
2016,7,12,234,269,23,6,9,10,43,40,12,19,95,114,178,186,20,1,3,6,29,32,10,9,71,80,30,51,1,4,4,3,7,3,1,7,11,18,4,1,0,0,0,0,0,0,0,0,0,0,22,31,2,1,2,1,7,5,1,3,13,16,2021,7,200,-117,121,1364,132,355,San Francisco,2016-07-12
2017,7,12,262,298,28,10,9,14,51,41,5,23,97,120,197,224,21,1,7,12,36,38,3,19,77,96,42,56,3,6,1,1,13,3,0,2,16,18,4,1,0,2,0,0,0,0,0,0,0,0,19,17,4,1,1,1,2,0,2,2,4,6,2350,16,165,-116,122,1616,129,388,San Francisco,2017-07-12
2018,7,12,158,291,19,5,9,13,38,45,5,22,88,110,97,219,17,2,7,9,31,41,5,16,77,93,43,40,2,2,2,3,5,2,0,5,7,12,5,5,0,0,0,0,1,0,0,0,1,1,13,27,0,1,0,1,1,2,0,1,3,4,2013,21,159,-115,123,1270,122,404,San Francisco,2018-07-12
2019,7,12,199,305,19,9,4,11,35,33,6,15,74,89,137,225,14,1,2,9,26,26,5,11,57,68,45,61,3,7,1,2,5,3,0,3,8,11,5,1,0,0,0,0,0,1,0,0,1,1,12,18,2,1,1,0,4,3,1,1,8,9,2243,14,201,-114,124,1390,135,466,San Francisco,2019-07-12
2020,7,12,146,182,16,14,3,7,43,35,8,10,86,96,64,121,10,4,1,6,31,29,6,7,66,73,62,41,4,10,0,1,8,3,1,1,12,13,1,3,0,0,0,0,0,0,1,0,1,1,19,17,2,0,2,0,4,3,0,2,7,9,1529,14,123,-112,126,964,93,340,San Francisco,2020-07-12
2021,7,12,109,171,16,11,3,9,46,29,21,12,96,108,64,132,13,4,2,8,35,26,16,10,77,87,38,26,2,5,1,1,7,2,4,2,13,15,2,0,0,0,0,0,0,0,0,0,0,0,5,13,1,2,0,0,4,1,1,0,6,6,1562,11,115,-118,120,940,117,351,San Francisco,2021-07-12
2022,7,12,120,203,14,7,6,22,44,24,7,28,75,103,73,162,12,3,3,17,29,20,7,20,56,76,40,31,1,2,3,5,9,3,0,8,12,20,4,1,0,0,0,0,1,0,0,0,1,1,3,9,1,2,0,0,5,1,0,0,6,6,1380,10,96,-117,121,768,79,358,San Francisco,2022-07-12
2023,7,12,119,208,11,6,3,10,52,44,18,13,114,127,70,167,9,2,2,8,37,38,14,10,89,99,39,25,0,3,0,0,10,1,4,0,15,15,3,4,0,0,0,0,0,1,0,0,1,1,7,12,2,1,1,2,5,4,0,3,9,12,1569,15,121,-116,122,923,81,423,San Francisco,2023-07-12
2024,7,12,111,193,16,4,11,8,43,32,8,19,83,102,65,140,10,0,8,6,33,27,4,14,64,78,38,34,3,4,2,2,7,4,2,4,13,17,0,3,0,0,0,0,2,0,0,0,2,2,8,16,3,0,1,0,1,1,2,1,4,5,1583,9,125,-114,124,890,93,428,San Francisco,2024-07-12
2012,8,12,,,,,,,,,,,,,,,,,,,,,,,,,,,,,,,,,,,,,,,,,,,,,,,,,,,,,,,,,,,,,,,,,,,,,San Francisco,2012-08-12
2013,8,12,,,,,,,,,,,,,,,,,,,,,,,,,,,,,,,,,,,,,,,,,,,,,,,,,,,,,,,,,,,,,,,,,,,,,San Francisco,2013-08-12
2014,8,12,,,,,,,,,,,,,,,,,,,,,,,,,,,,,,,,,,,,,,,,,,,,,,,,,,,,,,,,,,,,,,,,,,,,,San Francisco,2014-08-12
2015,8,12,256,357,14,12,10,12,53,34,14,22,101,123,159,236,13,3,4,11,41,27,14,15,82,97,66,90,1,9,4,1,11,3,0,5,14,19,10,3,0,0,0,0,0,0,0,0,0,0,21,28,0,0,2,0,1,4,0,2,5,7,2250,29,141,-81,157,1576,144,354,San Francisco,2015-08-12
2016,8,12,227,297,25,10,9,13,31,25,7,22,63,85,152,210,21,1,9,8,21,17,5,17,43,60,65,60,4,5,0,3,8,4,2,3,14,17,2,1,0,0,0,0,1,0,0,0,1,1,8,26,0,4,0,2,1,4,0,2,5,7,2254,15,144,-86,152,1579,138,384,San Francisco,2016-08-12
2017,8,12,223,275,21,8,5,11,39,41,5,16,85,101,136,184,10,0,3,5,23,32,2,8,57,65,70,68,8,8,2,6,15,8,2,8,25,33,4,1,1,0,0,0,1,0,0,0,1,1,13,22,2,0,0,0,0,1,1,0,2,2,2100,17,136,-85,153,1262,136,459,San Francisco,2017-08-12
2018,8,12,150,333,15,5,19,10,36,27,7,29,70,99,77,231,11,1,9,6,21,20,6,15,47,62,59,72,3,4,10,4,13,6,0,14,19,33,3,2,0,0,0,0,1,0,0,0,1,1,11,28,1,0,0,0,1,1,1,0,3,3,2027,11,132,-84,154,1230,124,421,San Francisco,2018-08-12
2019,8,12,231,299,13,5,5,10,38,42,11,15,91,106,161,206,9,2,3,6,26,35,9,9,70,79,58,72,2,2,2,3,9,3,2,5,14,19,2,5,0,0,0,1,1,0,0,1,1,2,10,16,2,1,0,0,2,4,0,0,6,6,2379,21,137,-83,155,1463,141,509,San Francisco,2019-08-12
2020,8,12,145,219,15,6,5,18,40,37,7,23,84,107,77,164,11,3,4,10,33,28,4,14,65,79,55,40,2,3,0,5,5,5,1,5,11,16,1,2,0,0,0,0,0,0,0,0,0,0,12,13,2,0,1,3,2,4,2,4,8,12,1798,6,120,-81,157,1131,104,403,San Francisco,2020-08-12
2021,8,12,140,178,12,12,5,11,40,33,16,16,89,105,79,129,8,3,5,8,27,28,10,13,65,78,53,30,4,5,0,1,9,0,3,1,12,13,1,3,0,0,0,0,0,0,2,0,2,2,7,16,0,4,0,2,4,5,1,2,10,12,1677,17,119,-87,151,980,108,382,San Francisco,2021-08-12
2022,8,12,104,187,22,8,3,8,52,35,15,11,102,113,46,133,17,0,1,6,34,28,11,7,73,80,47,44,2,7,0,0,14,4,3,0,21,21,2,2,0,0,0,0,1,0,0,0,1,1,9,8,3,1,2,2,3,3,1,4,7,11,1451,16,102,-86,152,765,93,398,San Francisco,2022-08-12
2023,8,12,114,165,14,9,14,8,42,34,10,22,86,108,54,128,8,2,8,5,31,27,9,13,67,80,53,30,6,4,4,2,9,3,0,6,12,18,1,0,0,0,0,0,0,0,0,0,0,0,6,7,0,3,2,1,2,4,1,3,7,10,1622,5,109,-85,153,924,87,448,San Francisco,2023-08-12
2024,8,12,102,178,15,9,3,11,47,23,11,14,81,95,59,124,11,3,3,6,33,20,9,9,62,71,39,39,1,3,0,4,11,1,0,4,12,16,0,3,1,0,0,0,0,1,0,0,1,1,4,12,2,3,0,1,3,1,2,1,6,7,1515,10,77,-83,155,887,93,380,San Francisco,2024-08-12
2012,9,12,,,,,,,,,,,,,,,,,,,,,,,,,,,,,,,,,,,,,,,,,,,,,,,,,,,,,,,,,,,,,,,,,,,,,San Francisco,2012-09-12
2013,9,12,,,,,,,,,,,,,,,,,,,,,,,,,,,,,,,,,,,,,,,,,,,,,,,,,,,,,,,,,,,,,,,,,,,,,San Francisco,2013-09-12
2014,9,12,,,,,,,,,,,,,,,,,,,,,,,,,,,,,,,,,,,,,,,,,,,,,,,,,,,,,,,,,,,,,,,,,,,,,San Francisco,2014-09-12
2015,9,12,293,321,25,14,12,18,21,33,15,30,69,99,136,205,16,2,9,13,10,29,12,22,51,73,137,102,6,11,3,4,10,2,2,7,14,21,3,3,0,0,0,0,1,0,0,0,1,1,17,11,3,1,0,1,0,2,1,1,3,4,2144,17,146,-50,188,1404,127,463,San Francisco,2015-09-12
2016,9,12,260,290,12,4,5,7,35,26,13,12,74,86,164,191,10,0,1,4,24,17,7,5,48,53,85,82,2,2,4,2,9,7,4,6,20,26,3,1,0,0,0,0,1,1,1,0,3,3,8,16,0,2,0,1,1,1,1,1,3,4,2170,30,131,-55,183,1430,137,411,San Francisco,2016-09-12
2017,9,12,303,296,21,13,8,12,29,29,7,20,65,85,188,199,18,1,6,7,19,21,3,13,43,56,86,77,1,10,2,3,8,5,3,5,16,21,9,4,1,2,0,0,1,0,0,0,1,1,20,16,1,0,0,2,1,3,1,2,5,7,2257,30,154,-54,184,1424,117,467,San Francisco,2017-09-12
2018,9,12,162,350,15,2,17,11,36,43,10,28,89,117,102,240,12,1,10,5,23,37,9,15,69,84,51,85,3,0,5,3,11,3,1,8,15,23,4,3,0,0,0,1,0,1,0,1,1,2,5,22,0,1,2,2,2,2,0,4,4,8,2446,32,125,-53,185,1579,134,438,San Francisco,2018-09-12
2019,9,12,225,322,18,9,8,15,21,37,3,23,61,84,146,200,16,3,5,11,12,28,2,16,42,58,58,102,1,5,2,4,8,5,1,6,14,20,5,3,0,0,0,0,0,0,0,0,0,0,16,17,1,1,1,0,1,4,0,1,5,6,2570,32,205,-52,186,1622,161,497,San Francisco,2019-09-12
2020,9,12,143,217,10,12,5,6,41,36,7,11,84,95,67,145,3,2,0,5,18,29,6,5,53,58,69,57,6,7,4,1,20,4,1,5,25,30,0,0,0,0,0,0,1,0,0,0,1,1,7,15,1,3,1,0,2,3,0,1,5,6,1628,12,129,-50,188,1069,102,305,San Francisco,2020-09-12
2021,9,12,127,177,10,8,7,11,43,25,8,18,76,94,46,104,8,1,4,8,24,21,8,12,53,65,73,58,1,6,0,3,16,4,0,3,20,23,3,2,0,0,0,0,1,0,0,0,1,1,5,13,1,1,3,0,2,0,0,3,2,5,1593,15,111,-56,182,936,81,397,San Francisco,2021-09-12
2022,9,12,125,191,19,7,7,9,47,26,17,16,90,106,66,124,12,0,7,6,35,20,13,13,68,81,49,56,5,6,0,2,12,3,2,2,17,19,4,3,0,0,0,0,0,0,0,0,0,0,6,8,2,1,0,1,0,3,2,1,5,6,1568,20,96,-55,183,903,122,383,San Francisco,2022-09-12
2023,9,12,93,244,21,2,7,10,41,32,18,17,91,108,46,166,17,1,5,3,28,24,12,8,64,72,40,55,4,1,2,3,13,5,5,5,23,28,1,3,0,0,0,0,0,0,1,0,1,1,6,20,0,0,0,4,0,3,0,4,3,7,1838,15,152,-54,184,977,135,429,San Francisco,2023-09-12
2024,9,12,117,213,12,12,7,7,29,44,9,14,82,96,81,137,8,1,5,4,21,34,8,9,63,72,34,62,0,11,1,1,6,4,1,2,11,13,1,2,0,0,0,0,0,2,0,0,2,2,1,12,4,0,1,2,2,4,0,3,6,9,1614,18,97,-52,186,901,109,413,San Francisco,2024-09-12
2012,10,12,,,,,,,,,,,,,,,,,,,,,,,,,,,,,,,,,,,,,,,,,,,,,,,,,,,,,,,,,,,,,,,,,,,,,San Francisco,2012-10-12
2013,10,12,,,,,,,,,,,,,,,,,,,,,,,,,,,,,,,,,,,,,,,,,,,,,,,,,,,,,,,,,,,,,,,,,,,,,San Francisco,2013-10-12
2014,10,12,,,,,,,,,,,,,,,,,,,,,,,,,,,,,,,,,,,,,,,,,,,,,,,,,,,,,,,,,,,,,,,,,,,,,San Francisco,2014-10-12
2015,10,12,290,435,33,4,11,16,24,37,14,27,75,102,153,260,24,1,3,8,17,26,10,11,53,64,111,147,7,3,8,7,5,9,2,15,16,31,13,2,2,0,0,0,1,0,0,0,1,1,13,26,0,0,0,1,1,2,2,1,5,6,2488,41,161,-20,218,1726,153,380,San Francisco,2015-10-12
2016,10,12,235,304,22,6,4,13,40,24,11,17,75,92,137,183,15,2,2,4,23,15,5,6,43,49,77,96,7,4,2,7,14,7,2,9,23,32,6,3,0,0,0,0,0,0,1,0,1,1,15,22,0,0,0,2,3,2,3,2,8,10,2318,28,203,-25,213,1617,103,410,San Francisco,2016-10-12
2017,10,12,218,245,26,13,9,9,51,48,13,18,112,130,127,150,20,8,1,1,31,33,7,2,71,73,81,73,3,3,7,6,18,14,4,13,36,49,2,1,1,0,1,0,1,1,0,1,2,3,8,21,2,2,0,2,1,0,2,2,3,5,2047,33,158,-24,214,1321,108,395,San Francisco,2017-10-12
2018,10,12,180,348,24,10,4,13,38,48,10,17,96,113,82,208,16,0,1,5,24,29,8,6,61,67,84,116,3,10,2,7,11,10,1,9,22,31,6,4,0,0,0,0,1,3,0,0,4,4,8,20,5,0,1,1,2,6,1,2,9,11,2286,45,173,-23,215,1380,152,488,San Francisco,2018-10-12
2019,10,12,218,263,20,9,13,16,34,58,4,29,96,125,96,167,14,2,2,8,22,44,3,10,69,79,104,75,4,5,9,7,12,10,1,16,23,39,1,1,0,0,0,0,0,0,0,0,0,0,17,20,2,2,2,1,0,4,0,3,4,7,2115,21,149,-22,216,1237,120,516,San Francisco,2019-10-12
2020,10,12,143,197,9,9,6,8,42,32,14,14,88,102,65,108,7,1,3,6,27,24,12,9,63,72,65,70,1,6,3,2,11,3,1,5,15,20,2,3,0,0,0,0,0,1,0,0,1,1,11,16,1,2,0,0,4,4,1,0,9,9,1748,17,157,-20,218,1150,105,364,San Francisco,2020-10-12
2021,10,12,101,204,19,5,4,10,61,44,24,14,129,143,45,129,17,1,3,4,45,26,15,7,86,93,46,64,2,4,0,5,13,12,7,5,32,37,4,4,0,0,1,0,1,0,1,1,2,3,6,7,0,0,0,1,2,6,1,1,9,10,1709,28,89,-26,212,1036,126,387,San Francisco,2021-10-12
2022,10,12,103,211,13,7,5,9,45,28,9,14,82,96,44,133,10,4,2,2,27,18,7,4,52,56,52,61,1,3,2,5,13,5,2,7,20,27,3,3,0,0,0,2,1,0,0,2,1,3,4,14,2,0,1,0,4,5,0,1,9,10,1498,26,107,-25,213,876,108,358,San Francisco,2022-10-12
2023,10,12,88,207,18,10,7,8,42,23,13,15,78,93,38,108,13,4,3,6,24,17,11,9,52,61,41,76,5,5,4,0,12,4,1,4,17,21,2,3,0,0,0,0,3,0,0,0,3,3,7,20,0,1,0,2,3,2,1,2,6,8,1634,27,138,-24,214,958,85,405,San Francisco,2023-10-12
2024,10,12,128,183,23,4,2,8,37,26,6,10,69,79,45,103,17,1,1,4,21,19,5,5,45,50,72,65,6,2,1,3,13,5,1,4,19,23,1,1,0,0,0,0,0,0,0,0,0,0,10,14,0,1,0,1,3,2,0,1,5,6,1523,15,106,-22,216,789,92,490,San Francisco,2024-10-12
2012,11,12,,,,,,,,,,,,,,,,,,,,,,,,,,,,,,,,,,,,,,,,,,,,,,,,,,,,,,,,,,,,,,,,,,,,,San Francisco,2012-11-12
2013,11,12,,,,,,,,,,,,,,,,,,,,,,,,,,,,,,,,,,,,,,,,,,,,,,,,,,,,,,,,,,,,,,,,,,,,,San Francisco,2013-11-12
2014,11,12,,,,,,,,,,,,,,,,,,,,,,,,,,,,,,,,,,,,,,,,,,,,,,,,,,,,,,,,,,,,,,,,,,,,,San Francisco,2014-11-12
2015,11,12,256,335,38,3,15,10,32,49,14,25,95,120,131,184,20,0,4,4,18,29,8,8,55,63,104,105,14,3,11,6,8,16,3,17,27,44,8,5,0,0,0,0,0,0,0,0,0,0,13,41,4,0,0,0,6,4,3,0,13,13,2169,26,208,11,249,1483,150,370,San Francisco,2015-11-12
2016,11,12,304,288,18,19,10,14,32,29,12,24,73,97,136,111,11,3,1,5,14,15,7,6,36,42,144,146,6,15,7,8,14,11,4,15,29,44,4,2,0,0,0,0,0,0,0,0,0,0,20,29,1,1,2,1,4,3,1,3,8,11,2263,16,212,6,244,1506,114,468,San Francisco,2016-11-12
2017,11,12,251,272,20,9,5,19,36,32,4,24,72,96,110,149,12,4,1,10,19,20,2,11,41,52,125,88,3,5,3,9,16,11,2,12,29,41,2,2,1,0,0,0,0,0,0,0,0,0,14,33,4,0,1,0,1,1,0,1,2,3,2015,18,208,7,245,1225,96,415,San Francisco,2017-11-12
2018,11,12,163,323,15,6,12,10,46,37,14,22,97,119,91,192,5,1,2,2,25,20,9,4,54,58,61,105,5,5,6,7,18,9,4,13,31,44,6,8,0,0,1,0,1,0,0,1,1,2,5,18,5,0,3,1,2,8,1,4,11,15,2140,33,193,8,246,1395,97,396,San Francisco,2018-11-12
2019,11,12,165,273,23,9,9,16,48,42,6,25,96,121,86,146,18,4,5,6,30,26,2,11,58,69,65,97,3,4,4,7,14,11,3,11,28,39,1,10,0,1,0,0,1,0,0,0,1,1,13,20,2,0,0,3,3,5,1,3,9,12,2190,27,201,9,247,1417,114,401,San Francisco,2019-11-12
2020,11,12,98,206,18,14,5,7,32,34,16,12,82,94,49,95,10,1,3,3,23,24,8,6,55,61,42,90,6,13,2,4,7,5,6,6,18,24,0,2,1,0,0,0,1,0,1,0,2,2,7,19,1,0,0,0,1,5,1,0,7,7,1629,17,140,11,249,1066,110,303,San Francisco,2020-11-12
2021,11,12,108,175,17,7,4,15,37,34,12,19,83,102,32,101,8,1,1,8,24,23,7,9,54,63,70,57,6,5,3,6,10,6,3,9,19,28,1,3,0,0,0,0,1,0,1,0,2,2,5,14,3,1,0,1,2,5,1,1,8,9,1640,15,158,5,243,818,107,483,San Francisco,2021-11-12
2022,11,12,88,138,17,11,10,7,37,24,13,17,74,91,32,67,8,2,5,2,15,15,10,7,40,47,54,58,8,8,5,5,20,9,1,10,30,40,0,2,1,1,0,0,0,0,0,0,0,0,2,11,0,0,0,0,2,0,2,0,4,4,1467,13,120,6,244,790,90,427,San Francisco,2022-11-12
2023,11,12,131,181,19,7,9,6,33,24,14,15,71,86,64,91,4,1,2,4,13,14,7,6,34,40,61,81,11,6,6,2,16,4,4,8,24,32,0,0,1,0,0,0,0,0,1,0,1,1,6,9,3,0,1,0,4,6,2,1,12,13,1475,13,98,7,245,878,101,351,San Francisco,2023-11-12
2024,11,12,135,201,15,1,2,7,38,31,5,9,74,83,89,114,8,0,1,6,18,20,5,7,43,50,38,64,5,1,1,1,17,9,0,2,26,28,4,5,0,0,0,0,0,0,0,0,0,0,4,18,2,0,0,0,3,2,0,0,5,5,1888,29,181,9,247,1011,101,430,San Francisco,2024-11-12
2012,12,12,,,,,,,,,,,,,,,,,,,,,,,,,,,,,,,,,,,,,,,,,,,,,,,,,,,,,,,,,,,,,,,,,,,,,San Francisco,2012-12-12
2013,12,12,,,,,,,,,,,,,,,,,,,,,,,,,,,,,,,,,,,,,,,,,,,,,,,,,,,,,,,,,,,,,,,,,,,,,San Francisco,2013-12-12
2014,12,12,,,,,,,,,,,,,,,,,,,,,,,,,,,,,,,,,,,,,,,,,,,,,,,,,,,,,,,,,,,,,,,,,,,,,San Francisco,2014-12-12
2015,12,12,242,294,21,8,10,10,35,28,15,20,78,98,99,152,12,0,4,3,17,15,8,7,40,47,127,113,5,8,3,6,17,8,7,9,32,41,0,4,0,0,0,0,0,0,0,0,0,0,16,25,4,0,3,1,1,5,0,4,6,10,2351,26,245,41,279,1470,134,469,San Francisco,2015-12-12
2016,12,12,262,326,14,3,8,10,37,34,5,18,76,94,136,163,5,0,3,2,22,23,3,5,48,53,101,135,6,3,5,8,14,7,0,13,21,34,10,5,0,0,0,0,1,0,0,0,1,1,15,23,3,0,0,0,0,4,2,0,6,6,2366,48,236,36,274,1644,134,381,San Francisco,2016-12-12
2017,12,12,207,285,19,4,12,7,42,30,6,19,78,97,115,145,9,0,6,4,22,19,2,10,43,53,76,109,6,4,4,3,18,10,2,7,30,37,8,3,0,0,0,0,2,0,0,0,2,2,8,28,4,0,2,0,0,1,2,2,3,5,2195,45,247,37,275,1419,127,400,San Francisco,2017-12-12
2018,12,12,182,304,17,2,9,6,27,31,9,15,67,82,109,164,7,0,3,3,11,20,6,6,37,43,62,106,6,2,4,2,12,11,3,6,26,32,6,5,1,0,0,0,0,0,0,0,0,0,5,29,3,0,2,1,4,0,0,3,4,7,2130,42,209,38,276,1370,133,382,San Francisco,2018-12-12
2019,12,12,159,279,27,4,10,7,33,31,9,17,73,90,72,136,15,0,4,3,17,20,7,7,44,51,70,110,10,4,5,4,12,10,2,9,24,33,3,8,1,0,0,0,0,0,0,0,0,0,14,25,1,0,1,0,4,1,0,1,5,6,2171,37,234,39,277,1353,127,444,San Francisco,2019-12-12
2020,12,12,115,170,11,9,5,5,40,27,17,10,84,94,36,97,3,1,1,2,25,19,10,3,54,57,70,55,6,6,3,3,11,6,5,6,22,28,2,3,1,0,0,0,1,0,0,0,1,1,7,15,1,2,1,0,3,2,2,1,7,8,1481,25,137,41,279,979,95,309,San Francisco,2020-12-12
2021,12,12,76,143,20,13,5,3,32,22,8,8,62,70,17,64,7,1,1,1,17,13,4,2,34,36,56,68,11,11,4,1,9,8,4,5,21,26,1,2,0,1,0,0,0,0,0,0,0,0,2,9,2,0,0,1,6,1,0,1,7,8,1343,17,152,35,273,818,79,303,San Francisco,2021-12-12
2022,12,12,91,129,12,14,4,3,37,27,18,7,82,89,38,65,8,1,1,2,20,15,9,3,44,47,42,41,4,12,3,1,14,8,7,4,29,33,3,6,0,0,0,0,1,0,0,0,1,1,8,17,0,1,0,0,2,4,2,0,8,8,1378,34,147,36,274,791,88,344,San Francisco,2022-12-12
2023,12,12,72,194,17,1,5,9,29,42,11,14,82,96,28,109,7,0,3,4,13,19,4,7,36,43,35,65,7,1,2,5,13,15,4,7,32,39,2,3,2,0,0,0,0,0,1,0,1,1,7,17,1,0,0,0,3,8,2,0,13,13,1719,28,169,37,275,1013,97,331,San Francisco,2023-12-12
2024,12,12,96,196,14,4,4,6,27,24,7,10,58,68,60,104,9,0,1,2,19,20,5,3,44,47,29,74,4,4,2,3,8,4,1,5,13,18,1,4,0,0,0,1,0,0,1,1,1,2,6,14,1,0,1,0,0,0,0,1,0,1,1580,34,123,39,277,951,66,387,San Francisco,2024-12-12
2012,1,13,,,,,,,,,,,,,,,,,,,,,,,,,,,,,,,,,,,,,,,,,,,,,,,,,,,,,,,,,,,,,,,,,,,,,San Francisco,2012-01-13
2013,1,13,,,,,,,,,,,,,,,,,,,,,,,,,,,,,,,,,,,,,,,,,,,,,,,,,,,,,,,,,,,,,,,,,,,,,San Francisco,2013-01-13
2014,1,13,,,,,,,,,,,,,,,,,,,,,,,,,,,,,,,,,,,,,,,,,,,,,,,,,,,,,,,,,,,,,,,,,,,,,San Francisco,2014-01-13
2015,1,13,253,365,24,7,20,15,26,24,13,35,63,98,116,192,15,1,11,7,13,14,5,18,32,50,114,147,6,3,7,4,7,5,7,11,19,30,9,4,1,0,0,0,1,0,0,0,1,1,14,22,2,3,2,4,5,5,1,6,11,17,2231,37,216,-292,-54,1657,121,336,San Francisco,2015-01-13
2016,1,13,239,322,27,1,9,17,39,30,18,26,87,113,118,178,12,0,2,11,23,19,15,13,57,70,100,102,12,1,5,6,10,11,3,11,24,35,6,4,0,0,0,0,2,0,0,0,2,2,15,38,3,0,2,0,4,0,0,2,4,6,2309,35,223,-298,-60,1673,115,345,San Francisco,2016-01-13
2017,1,13,218,263,24,6,5,12,32,16,7,17,55,72,122,128,10,1,1,3,14,12,5,4,31,35,76,116,8,4,4,9,15,3,2,13,20,33,9,2,0,0,0,0,0,0,0,0,0,0,11,17,6,1,0,0,3,1,0,0,4,4,2129,47,187,-296,-58,1471,127,339,San Francisco,2017-01-13
2018,1,13,285,286,11,21,15,11,31,19,8,26,58,84,149,167,7,2,4,7,17,7,4,11,28,39,113,96,2,18,11,3,11,11,3,14,25,39,8,4,1,1,0,0,0,0,0,0,0,0,15,19,1,0,0,1,3,1,1,1,5,6,2121,27,216,-295,-57,1236,111,472,San Francisco,2018-01-13
2019,1,13,138,278,17,8,7,11,40,33,6,18,79,97,55,152,5,1,2,4,24,22,2,6,48,54,73,103,11,7,3,4,12,10,3,7,25,32,1,3,1,0,0,0,0,1,0,0,1,1,9,20,0,0,2,3,4,0,1,5,5,10,2060,28,212,-294,-56,1248,110,415,San Francisco,2019-01-13
2020,1,13,115,293,16,6,9,10,40,32,12,19,84,103,57,171,8,0,3,4,18,20,8,7,46,53,41,88,7,5,3,5,18,9,3,8,30,38,1,4,0,0,0,1,3,0,1,1,4,5,16,30,1,1,3,0,1,3,0,3,4,7,2083,40,189,-293,-55,1410,99,368,San Francisco,2020-01-13
2021,1,13,110,224,5,6,7,8,61,46,17,15,124,139,38,120,4,1,2,5,40,36,13,7,89,96,67,80,1,3,3,2,18,7,2,5,27,32,1,6,0,0,0,0,1,0,1,0,2,2,4,18,0,2,2,1,2,3,1,3,6,9,1543,25,115,-298,-60,958,98,379,San Francisco,2021-01-13
2022,1,13,124,217,7,6,6,4,42,35,17,10,94,104,46,136,5,2,2,2,23,24,8,4,55,59,68,56,2,4,4,1,17,7,7,5,31,36,1,7,0,0,0,0,1,1,0,0,2,2,9,18,0,0,0,1,1,3,2,1,6,7,1554,29,140,-297,-59,895,112,355,San Francisco,2022-01-13
2023,1,13,77,156,15,13,15,8,44,33,16,23,93,116,25,76,7,2,7,3,23,16,9,10,48,58,51,65,7,9,7,3,18,13,4,10,35,45,0,0,0,0,0,0,1,2,2,0,5,5,1,15,1,2,1,2,2,2,1,3,5,8,1518,21,133,-296,-58,865,91,356,San Francisco,2023-01-13
2024,1,13,87,150,14,7,6,10,29,18,10,16,57,73,42,82,6,2,4,4,20,7,6,8,33,41,42,56,3,5,2,6,8,9,3,8,20,28,1,4,0,0,0,0,0,0,0,0,0,0,2,8,5,0,0,0,1,2,1,0,4,4,1441,16,94,-295,-57,844,79,338,San Francisco,2024-01-13
2012,2,13,,,,,,,,,,,,,,,,,,,,,,,,,,,,,,,,,,,,,,,,,,,,,,,,,,,,,,,,,,,,,,,,,,,,,San Francisco,2012-02-13
2013,2,13,,,,,,,,,,,,,,,,,,,,,,,,,,,,,,,,,,,,,,,,,,,,,,,,,,,,,,,,,,,,,,,,,,,,,San Francisco,2013-02-13
2014,2,13,,,,,,,,,,,,,,,,,,,,,,,,,,,,,,,,,,,,,,,,,,,,,,,,,,,,,,,,,,,,,,,,,,,,,San Francisco,2014-02-13
2015,2,13,248,332,17,8,5,26,18,26,16,31,60,91,124,182,10,0,1,10,9,16,9,11,34,45,111,122,2,8,4,15,5,9,6,19,20,39,4,4,0,0,0,0,0,0,0,0,0,0,9,24,5,0,0,1,4,1,1,1,6,7,2290,33,170,-261,-23,1593,131,398,San Francisco,2015-02-13
2016,2,13,267,286,19,9,7,18,30,35,10,25,75,100,106,131,11,1,3,11,16,25,8,14,49,63,140,124,6,8,4,7,13,8,1,11,22,33,5,4,0,0,0,0,0,0,0,0,0,0,16,27,2,0,0,0,1,2,1,0,4,4,2015,24,167,-267,-29,1254,120,466,San Francisco,2016-02-13
2017,2,13,228,258,24,6,13,9,35,40,14,22,89,111,118,153,13,2,7,2,20,24,9,9,53,62,93,87,10,3,5,6,13,10,4,11,27,38,8,4,0,0,0,0,0,0,0,0,0,0,9,14,1,1,1,1,2,6,1,2,9,11,2105,32,164,-265,-27,1392,119,375,San Francisco,2017-02-13
2018,2,13,254,316,23,4,7,11,37,28,10,18,75,93,147,182,16,0,5,4,21,18,6,9,45,54,86,101,5,4,1,7,13,8,4,8,25,33,4,6,0,0,0,0,0,0,0,0,0,0,17,27,2,0,1,0,3,2,0,1,5,6,2173,36,203,-264,-26,1494,100,386,San Francisco,2018-02-13
2019,2,13,106,266,16,3,5,6,40,30,14,11,84,95,71,144,10,1,3,4,17,17,8,7,42,49,27,100,5,2,0,2,21,7,5,2,33,35,3,5,1,0,0,0,0,0,0,0,0,0,5,17,0,0,2,0,2,6,1,2,9,11,2037,30,169,-263,-25,1296,108,378,San Francisco,2019-02-13
2020,2,13,168,285,23,6,10,8,43,39,11,18,93,111,76,167,16,4,5,4,22,28,7,9,57,66,81,97,7,2,4,3,17,8,2,7,27,34,6,4,0,0,0,0,1,0,0,0,1,1,5,17,0,0,1,1,3,3,2,2,8,10,2205,33,218,-262,-24,1387,105,450,San Francisco,2020-02-13
2021,2,13,132,197,16,16,3,6,39,31,5,9,75,84,39,92,8,4,1,2,17,23,3,3,43,46,84,87,5,7,2,4,15,4,0,6,19,25,1,2,0,0,0,0,1,0,0,0,1,1,8,16,3,5,0,0,6,4,2,0,12,12,1528,8,123,-267,-29,937,101,342,San Francisco,2021-02-13
2022,2,13,117,160,15,8,4,13,31,22,21,17,74,91,34,75,6,1,1,7,16,14,12,8,42,50,73,76,9,7,3,6,13,3,6,9,22,31,0,3,0,0,0,0,1,0,1,0,2,2,10,6,0,0,0,0,1,5,2,0,8,8,1413,12,88,-266,-28,811,76,327,San Francisco,2022-02-13
2023,2,13,79,158,16,6,7,7,37,32,18,14,87,101,46,83,9,1,4,3,19,26,13,7,58,65,29,62,7,5,3,3,18,2,3,6,23,29,1,0,0,0,0,0,0,1,0,0,1,1,3,13,0,0,0,1,0,3,2,1,5,6,1508,9,125,-265,-27,872,101,351,San Francisco,2023-02-13
2024,2,13,96,172,10,7,1,6,34,32,17,7,83,90,56,92,3,0,1,4,14,15,11,5,40,45,31,66,6,7,0,1,16,11,4,1,31,32,1,0,0,0,0,0,0,0,0,0,0,0,8,14,1,0,0,1,4,6,2,1,12,13,1707,13,180,-264,-26,942,94,358,San Francisco,2024-02-13
2012,3,13,,,,,,,,,,,,,,,,,,,,,,,,,,,,,,,,,,,,,,,,,,,,,,,,,,,,,,,,,,,,,,,,,,,,,San Francisco,2012-03-13
2013,3,13,,,,,,,,,,,,,,,,,,,,,,,,,,,,,,,,,,,,,,,,,,,,,,,,,,,,,,,,,,,,,,,,,,,,,San Francisco,2013-03-13
2014,3,13,,,,,,,,,,,,,,,,,,,,,,,,,,,,,,,,,,,,,,,,,,,,,,,,,,,,,,,,,,,,,,,,,,,,,San Francisco,2014-03-13
2015,3,13,303,370,23,8,11,20,25,38,13,31,76,107,171,224,15,3,5,10,15,26,7,15,48,63,107,112,6,4,5,10,4,11,6,15,21,36,6,5,1,0,0,0,1,0,0,0,1,1,19,29,1,1,1,0,5,1,0,1,6,7,2422,35,182,-233,5,1722,128,410,San Francisco,2015-03-13
2016,3,13,200,207,19,5,4,10,33,23,10,14,66,80,108,128,9,4,2,5,23,14,7,7,44,51,75,61,9,1,2,4,7,5,2,6,14,20,3,5,0,0,0,0,1,1,0,0,2,2,14,13,1,0,0,1,2,3,1,1,6,7,1786,17,119,-238,0,1222,113,291,San Francisco,2016-03-13
2017,3,13,257,314,15,3,11,11,46,29,14,22,89,111,129,187,13,0,6,5,30,21,14,11,65,76,106,98,1,1,4,4,13,5,0,8,18,26,6,7,0,0,0,1,1,2,0,1,3,4,16,22,1,2,1,1,2,1,0,2,3,5,2265,53,125,-237,1,1506,128,424,San Francisco,2017-03-13
2018,3,13,194,291,15,5,10,7,38,31,8,17,77,94,126,195,7,1,4,6,21,23,6,10,50,60,53,83,7,4,5,0,17,5,2,5,24,29,4,0,1,0,0,0,0,1,0,0,1,1,11,13,0,0,1,1,0,2,0,2,2,4,2095,30,127,-236,2,1323,147,378,San Francisco,2018-03-13
2019,3,13,184,295,24,3,6,7,47,35,8,13,90,103,124,186,21,0,2,3,29,28,7,5,64,69,48,84,3,3,2,3,16,3,1,5,20,25,6,3,0,0,0,0,0,0,0,0,0,0,6,22,0,0,2,1,2,4,0,3,6,9,2202,39,137,-235,3,1340,131,414,San Francisco,2019-03-13
2020,3,13,172,293,17,9,9,11,35,44,9,20,88,108,86,199,10,0,6,7,26,36,7,13,69,82,75,73,5,8,3,3,9,5,1,6,15,21,5,4,1,0,0,0,0,0,0,0,0,0,6,17,1,1,0,1,0,3,1,1,4,5,2062,41,118,-233,5,1246,132,462,San Francisco,2020-03-13
2021,3,13,150,215,17,12,6,10,35,23,10,16,68,84,43,106,7,5,3,6,23,18,7,9,48,57,94,99,7,5,2,3,9,3,0,5,12,17,1,0,1,0,0,0,2,0,0,0,2,2,12,10,2,2,1,1,1,2,3,2,6,8,1641,7,130,-239,-1,1062,94,354,San Francisco,2021-03-13
2022,3,13,97,152,15,10,7,10,31,20,9,17,60,77,35,95,10,1,2,5,19,14,4,7,37,44,55,42,4,9,4,5,9,5,4,9,18,27,0,1,0,0,0,0,0,0,0,0,0,0,7,14,1,0,1,0,3,1,1,1,5,6,1338,10,91,-238,0,789,80,317,San Francisco,2022-03-13
2023,3,13,105,184,14,6,8,7,22,33,26,15,81,96,48,113,8,5,4,5,14,28,14,9,56,65,48,52,4,1,3,2,5,3,8,5,16,21,2,4,1,0,0,0,0,0,3,0,3,3,7,15,1,0,1,0,3,2,1,1,6,7,1600,24,106,-237,1,938,95,386,San Francisco,2023-03-13
2024,3,13,94,175,6,2,8,6,32,37,9,14,78,92,51,103,2,0,4,3,18,26,4,7,48,55,35,50,1,1,4,3,9,9,5,7,23,30,2,4,1,1,0,0,1,1,0,0,2,2,6,18,2,0,0,0,4,1,0,0,5,5,1602,41,114,-235,3,947,100,385,San Francisco,2024-03-13
2012,4,13,,,,,,,,,,,,,,,,,,,,,,,,,,,,,,,,,,,,,,,,,,,,,,,,,,,,,,,,,,,,,,,,,,,,,San Francisco,2012-04-13
2013,4,13,,,,,,,,,,,,,,,,,,,,,,,,,,,,,,,,,,,,,,,,,,,,,,,,,,,,,,,,,,,,,,,,,,,,,San Francisco,2013-04-13
2014,4,13,,,,,,,,,,,,,,,,,,,,,,,,,,,,,,,,,,,,,,,,,,,,,,,,,,,,,,,,,,,,,,,,,,,,,San Francisco,2014-04-13
2015,4,13,248,311,16,8,12,14,41,31,18,26,90,116,165,204,15,0,7,4,30,24,10,11,64,75,66,89,1,8,4,7,9,6,6,11,21,32,5,2,0,0,0,1,1,0,1,1,2,3,12,16,0,0,1,2,1,1,1,3,3,6,2196,21,122,-202,36,1576,128,340,San Francisco,2015-04-13
2016,4,13,282,319,14,8,6,11,21,39,16,17,76,93,182,197,10,0,2,6,14,30,14,8,58,66,73,101,1,8,2,3,4,7,2,5,13,18,13,2,0,0,0,0,0,0,0,0,0,0,14,19,3,0,2,2,3,2,0,4,5,9,2356,26,137,-207,31,1696,131,359,San Francisco,2016-04-13
2017,4,13,229,340,25,0,7,14,28,31,12,21,71,92,143,227,16,0,3,6,15,22,11,9,48,57,68,94,4,0,3,8,12,7,0,11,19,30,7,4,0,0,1,0,0,0,0,1,0,1,11,15,5,0,0,0,1,2,1,0,4,4,2403,16,134,-206,32,1707,136,360,San Francisco,2017-04-13
2018,4,13,254,315,18,6,11,14,37,52,6,25,95,120,157,201,13,2,5,10,21,38,5,15,64,79,84,93,3,4,2,2,12,11,1,4,24,28,3,3,1,0,1,0,1,1,0,1,2,3,10,18,1,0,3,2,3,2,0,5,5,10,2228,21,127,-205,33,1422,145,435,San Francisco,2018-04-13
2019,4,13,185,253,27,6,9,13,36,47,3,22,86,108,96,151,18,0,3,7,26,38,2,10,66,76,81,80,7,6,6,4,8,5,1,10,14,24,3,5,1,0,0,1,0,0,0,1,0,1,5,17,1,0,0,1,2,4,0,1,6,7,2194,24,143,-204,34,1322,141,487,San Francisco,2019-04-13
2020,4,13,185,260,6,5,3,8,46,37,14,11,97,108,115,176,3,2,3,6,27,30,10,9,67,76,61,53,2,2,0,1,16,6,2,1,24,25,1,6,0,0,0,1,0,0,1,1,1,2,8,25,1,1,0,0,3,1,1,0,5,5,1854,17,98,-202,36,1145,114,347,San Francisco,2020-04-13
2021,4,13,110,215,15,9,2,14,40,31,10,16,81,97,41,141,10,1,1,9,24,26,8,10,58,68,60,56,3,6,1,4,14,3,2,5,19,24,0,2,0,1,0,0,0,0,0,0,0,0,9,16,2,1,0,1,2,2,0,1,4,5,1766,18,91,-208,30,1132,104,337,San Francisco,2021-04-13
2022,4,13,97,171,21,7,4,7,42,23,8,11,73,84,58,111,14,3,4,4,33,21,7,8,61,69,35,48,4,3,0,3,8,1,1,3,10,13,1,1,0,0,0,0,1,0,0,0,1,1,3,11,3,1,0,0,0,1,0,0,1,1,1521,16,91,-207,31,893,104,374,San Francisco,2022-04-13
2023,4,13,69,197,12,12,3,16,37,27,12,19,76,95,36,131,11,4,3,10,19,24,9,13,52,65,28,50,0,6,0,4,17,1,3,4,21,25,1,1,0,0,0,0,0,0,0,0,0,0,4,15,1,2,0,2,1,2,0,2,3,5,1668,15,100,-206,32,972,95,381,San Francisco,2023-04-13
2024,4,13,75,146,12,4,3,10,32,23,11,13,66,79,28,92,10,0,1,4,14,19,10,5,43,48,41,46,2,4,2,6,13,2,1,8,16,24,0,0,0,0,0,0,0,0,0,0,0,0,6,8,0,0,0,0,5,2,0,0,7,7,1377,18,98,-204,34,739,95,387,San Francisco,2024-04-13
2012,5,13,,,,,,,,,,,,,,,,,,,,,,,,,,,,,,,,,,,,,,,,,,,,,,,,,,,,,,,,,,,,,,,,,,,,,San Francisco,2012-05-13
2013,5,13,,,,,,,,,,,,,,,,,,,,,,,,,,,,,,,,,,,,,,,,,,,,,,,,,,,,,,,,,,,,,,,,,,,,,San Francisco,2013-05-13
2014,5,13,,,,,,,,,,,,,,,,,,,,,,,,,,,,,,,,,,,,,,,,,,,,,,,,,,,,,,,,,,,,,,,,,,,,,San Francisco,2014-05-13
2015,5,13,238,353,31,6,14,10,34,35,20,24,89,113,155,264,24,2,9,10,24,31,16,19,71,90,61,68,4,3,2,0,8,1,2,2,11,13,3,2,0,0,1,0,0,0,0,1,0,1,19,19,3,1,2,0,2,3,2,2,7,9,2291,14,174,-172,66,1689,109,363,San Francisco,2015-05-13
2016,5,13,281,309,25,3,8,10,34,25,9,18,68,86,183,222,15,0,7,5,24,19,8,12,51,63,72,71,6,3,0,3,8,4,0,3,12,15,5,1,1,0,0,0,0,0,0,0,0,0,21,15,3,0,1,2,2,2,1,3,5,8,2193,14,151,-177,61,1444,118,405,San Francisco,2016-05-13
2017,5,13,213,222,27,10,12,11,36,30,12,23,78,101,119,146,17,4,5,9,21,27,11,14,59,73,74,63,9,6,3,2,10,3,1,5,14,19,7,1,0,0,0,0,0,0,0,0,0,0,13,12,1,0,4,0,5,0,0,4,5,9,2067,17,146,-176,62,1352,125,376,San Francisco,2017-05-13
2018,5,13,222,265,14,3,7,15,38,29,11,22,78,100,143,170,8,0,1,12,31,22,9,13,62,75,63,72,6,3,6,1,6,5,2,7,13,20,0,4,0,0,0,0,0,0,0,0,0,0,16,19,0,0,0,2,1,2,0,2,3,5,1912,15,110,-175,63,1176,105,391,San Francisco,2018-05-13
2019,5,13,176,290,19,4,2,13,31,31,3,15,65,80,135,197,15,4,1,8,20,23,2,9,45,54,37,65,1,0,0,4,7,6,1,4,14,18,0,1,1,0,0,0,1,0,0,0,1,1,4,27,2,0,1,1,3,2,0,2,5,7,2255,15,138,-174,64,1440,124,446,San Francisco,2019-05-13
2020,5,13,143,257,10,9,4,9,56,37,9,13,102,115,89,200,9,3,4,6,38,33,6,10,77,87,46,41,1,6,0,3,14,4,2,3,20,23,0,2,0,0,0,0,1,0,0,0,1,1,8,14,0,0,0,0,3,0,1,0,4,4,2064,15,126,-172,66,1254,107,367,San Francisco,2020-05-13
2021,5,13,96,192,14,9,10,11,39,24,8,21,71,92,47,135,10,3,7,10,25,21,7,17,53,70,40,41,3,2,2,1,11,2,1,3,14,17,2,1,0,2,0,0,0,0,0,0,0,0,7,15,1,2,1,0,3,1,0,1,4,5,1479,9,94,-178,60,907,106,354,San Francisco,2021-05-13
2022,5,13,122,171,15,7,4,7,33,38,8,11,79,90,66,137,11,2,2,2,23,34,3,4,60,64,51,24,2,3,2,4,7,3,3,6,13,19,0,1,0,0,0,0,1,0,1,0,2,2,5,9,2,2,0,1,2,1,1,1,4,5,1535,16,109,-177,61,858,102,420,San Francisco,2022-05-13
2023,5,13,125,167,16,3,6,10,25,36,12,16,73,89,57,130,11,0,4,7,17,32,8,11,57,68,46,30,3,2,0,2,7,1,4,2,12,14,0,0,1,1,0,0,0,0,0,0,0,0,22,7,1,0,2,1,1,3,0,3,4,7,1434,9,112,-176,62,776,89,406,San Francisco,2023-05-13
2024,5,13,79,169,20,6,7,8,36,29,13,15,78,93,49,104,13,1,3,4,19,19,8,7,46,53,22,50,3,4,1,2,13,5,4,3,22,25,2,1,0,0,0,1,0,0,0,1,0,1,6,14,4,1,3,1,4,5,1,4,10,14,1545,11,118,-174,64,909,77,360,San Francisco,2024-05-13
2012,6,13,,,,,,,,,,,,,,,,,,,,,,,,,,,,,,,,,,,,,,,,,,,,,,,,,,,,,,,,,,,,,,,,,,,,,San Francisco,2012-06-13
2013,6,13,,,,,,,,,,,,,,,,,,,,,,,,,,,,,,,,,,,,,,,,,,,,,,,,,,,,,,,,,,,,,,,,,,,,,San Francisco,2013-06-13
2014,6,13,,,,,,,,,,,,,,,,,,,,,,,,,,,,,,,,,,,,,,,,,,,,,,,,,,,,,,,,,,,,,,,,,,,,,San Francisco,2014-06-13
2015,6,13,265,385,24,6,10,19,32,34,17,29,83,112,162,297,17,2,5,8,25,22,13,13,60,73,78,63,6,4,4,8,7,8,3,12,18,30,4,0,0,0,0,1,0,0,0,1,0,1,21,25,1,0,1,2,0,4,1,3,5,8,2110,13,176,-141,97,1457,118,402,San Francisco,2015-06-13
2016,6,13,221,313,21,6,12,20,27,41,8,32,76,108,160,226,19,0,9,16,19,35,6,25,60,85,47,62,1,1,3,3,8,1,2,6,11,17,7,7,0,0,0,0,0,0,0,0,0,0,7,18,1,5,0,1,0,5,0,1,5,6,2119,24,201,-146,92,1427,116,396,San Francisco,2016-06-13
2017,6,13,230,263,23,15,11,15,44,38,4,26,86,112,155,184,18,5,8,8,32,33,4,16,69,85,53,53,3,10,1,5,8,2,0,6,10,16,5,0,0,0,0,0,1,0,0,0,1,1,17,26,2,0,2,2,3,3,0,4,6,10,2000,13,143,-145,93,1238,125,435,San Francisco,2017-06-13
2018,6,13,142,277,26,3,7,8,39,39,11,15,89,104,105,207,22,0,5,6,29,33,9,11,71,82,26,44,3,2,2,2,8,2,2,4,12,16,2,5,0,0,0,0,0,0,0,0,0,0,9,21,1,1,0,0,2,4,0,0,6,6,1995,14,138,-144,94,1214,122,443,San Francisco,2018-06-13
2019,6,13,183,282,25,3,3,13,34,33,7,16,74,90,133,212,21,1,2,7,20,30,4,9,54,63,32,49,2,2,1,2,10,2,3,3,15,18,3,4,0,0,0,0,1,0,0,0,1,1,15,17,2,0,0,4,3,1,0,4,4,8,2112,22,145,-143,95,1301,123,432,San Francisco,2019-06-13
2020,6,13,171,166,8,22,7,10,55,35,11,17,101,118,74,118,5,6,2,6,41,28,7,8,76,84,64,32,2,11,0,2,11,1,2,2,14,16,2,2,0,0,0,0,1,0,0,0,1,1,31,14,1,5,5,2,2,6,2,7,10,17,1602,27,166,-141,97,1001,113,344,San Francisco,2020-06-13
2021,6,13,151,146,11,18,9,9,42,31,13,18,86,104,63,107,7,5,5,6,30,28,11,11,69,80,69,29,3,11,4,3,8,2,2,7,12,19,1,2,0,0,0,0,0,0,0,0,0,0,18,8,1,2,0,0,4,1,0,0,5,5,1483,13,111,-147,91,825,93,416,San Francisco,2021-06-13
2022,6,13,86,166,11,18,6,11,44,20,9,17,73,90,48,120,9,2,5,9,34,17,5,14,56,70,26,28,2,8,0,1,6,1,2,1,9,10,1,0,0,0,0,0,0,0,0,0,0,0,11,18,0,8,1,1,4,2,2,2,8,10,1375,9,120,-146,92,720,96,382,San Francisco,2022-06-13
2023,6,13,91,197,17,15,5,7,39,33,12,12,84,96,56,152,13,3,5,3,31,27,6,8,64,72,23,32,1,8,0,4,8,5,6,4,19,23,0,0,0,0,0,0,0,0,0,0,0,0,12,13,3,4,0,0,0,1,0,0,1,1,1591,11,128,-145,93,867,93,409,San Francisco,2023-06-13
2024,6,13,87,193,14,9,3,10,39,23,10,13,72,85,52,141,9,2,1,3,27,21,9,4,57,61,23,37,4,5,2,4,7,0,1,6,8,14,1,2,0,0,0,1,0,0,0,1,0,1,11,13,1,2,0,2,5,2,0,2,7,9,1527,8,142,-143,95,927,104,356,San Francisco,2024-06-13
2012,7,13,,,,,,,,,,,,,,,,,,,,,,,,,,,,,,,,,,,,,,,,,,,,,,,,,,,,,,,,,,,,,,,,,,,,,San Francisco,2012-07-13
2013,7,13,,,,,,,,,,,,,,,,,,,,,,,,,,,,,,,,,,,,,,,,,,,,,,,,,,,,,,,,,,,,,,,,,,,,,San Francisco,2013-07-13
2014,7,13,,,,,,,,,,,,,,,,,,,,,,,,,,,,,,,,,,,,,,,,,,,,,,,,,,,,,,,,,,,,,,,,,,,,,San Francisco,2014-07-13
2015,7,13,272,327,25,15,11,9,44,32,20,20,96,116,178,213,21,3,7,7,32,28,15,14,75,89,66,86,3,10,3,1,6,2,3,4,11,15,3,1,0,0,0,0,0,0,0,0,0,0,25,27,1,2,1,1,6,2,2,2,10,12,2221,19,186,-111,127,1576,139,338,San Francisco,2015-07-13
2016,7,13,238,299,18,11,8,8,38,37,15,16,90,106,176,217,13,0,5,3,29,25,11,8,65,73,37,51,5,9,2,3,6,5,3,5,14,19,4,2,0,0,0,0,0,1,1,0,2,2,21,29,0,2,1,2,3,6,0,3,9,12,2035,9,176,-116,122,1402,120,362,San Francisco,2016-07-13
2017,7,13,217,267,19,13,12,9,30,35,6,21,71,92,144,204,16,4,6,8,27,28,5,14,60,74,46,47,1,5,5,0,3,3,1,5,7,12,2,0,1,0,1,0,0,0,0,1,0,1,25,16,1,4,0,1,0,4,0,1,4,5,2052,17,151,-115,123,1330,116,395,San Francisco,2017-07-13
2018,7,13,163,310,21,7,9,11,54,39,8,20,101,121,89,220,19,1,7,6,47,32,8,13,87,100,57,54,0,5,1,4,7,4,0,5,11,16,5,9,0,0,0,0,0,0,0,0,0,0,12,27,2,1,1,1,0,3,0,2,3,5,2041,28,177,-114,124,1236,135,445,San Francisco,2018-07-13
2019,7,13,231,294,17,7,6,13,40,34,8,19,82,101,141,201,13,2,6,8,29,32,7,14,68,82,70,75,1,3,0,2,9,2,1,2,12,14,2,1,0,0,0,1,0,0,0,1,0,1,18,17,3,2,0,2,2,0,0,2,2,4,2314,16,165,-113,125,1405,140,466,San Francisco,2019-07-13
2020,7,13,111,181,18,9,3,16,42,30,23,19,95,114,61,128,14,1,3,9,27,25,22,12,74,86,37,36,2,7,0,4,8,1,0,4,9,13,2,0,1,0,0,0,1,1,1,0,3,3,11,17,1,1,0,3,6,3,0,3,9,12,1674,15,105,-111,127,1125,96,318,San Francisco,2020-07-13
2021,7,13,114,180,17,7,10,6,57,41,22,16,120,136,66,142,12,3,8,5,45,33,22,13,100,113,28,25,2,3,2,0,9,5,0,2,14,16,1,1,1,0,0,1,2,1,0,1,3,4,19,12,2,1,0,0,1,2,0,0,3,3,1590,18,108,-117,121,1040,97,333,San Francisco,2021-07-13
2022,7,13,105,187,13,10,6,7,50,27,15,13,92,105,62,139,9,5,3,6,34,25,13,9,72,81,32,25,2,2,2,0,10,1,2,2,13,15,0,2,0,0,0,0,0,0,0,0,0,0,11,21,2,3,1,1,6,1,0,2,7,9,1370,9,110,-116,122,796,102,338,San Francisco,2022-07-13
2023,7,13,117,213,16,4,9,8,38,38,12,17,88,105,78,160,15,1,4,6,25,29,11,10,65,75,25,36,0,3,5,2,10,3,1,7,14,21,2,0,0,0,0,0,0,2,0,0,2,2,12,17,1,0,0,0,3,4,0,0,7,7,1803,18,165,-115,123,1026,103,401,San Francisco,2023-07-13
2024,7,13,134,182,10,7,8,13,41,27,6,21,74,95,66,115,6,1,5,8,26,21,6,13,53,66,48,49,4,5,3,4,12,4,0,7,16,23,2,1,0,0,0,0,1,0,0,0,1,1,18,17,0,1,0,1,2,2,0,1,4,5,1467,15,140,-113,125,805,107,429,San Francisco,2024-07-13
2012,8,13,,,,,,,,,,,,,,,,,,,,,,,,,,,,,,,,,,,,,,,,,,,,,,,,,,,,,,,,,,,,,,,,,,,,,San Francisco,2012-08-13
2013,8,13,,,,,,,,,,,,,,,,,,,,,,,,,,,,,,,,,,,,,,,,,,,,,,,,,,,,,,,,,,,,,,,,,,,,,San Francisco,2013-08-13
2014,8,13,,,,,,,,,,,,,,,,,,,,,,,,,,,,,,,,,,,,,,,,,,,,,,,,,,,,,,,,,,,,,,,,,,,,,San Francisco,2014-08-13
2015,8,13,304,341,28,1,16,8,21,36,10,24,67,91,185,235,22,0,7,5,15,29,8,12,52,64,98,78,4,1,3,3,2,7,2,6,11,17,4,2,0,0,0,0,1,0,0,0,1,1,17,26,2,0,6,0,3,0,0,6,3,9,2223,23,135,-80,158,1560,127,397,San Francisco,2015-08-13
2016,8,13,230,303,21,12,13,16,30,32,5,29,67,96,143,225,14,1,9,9,20,24,5,18,49,67,71,68,6,8,4,6,8,4,0,10,12,22,2,1,0,1,0,1,0,1,0,1,1,2,14,9,1,2,0,0,2,3,0,0,5,5,2156,17,141,-85,153,1418,112,428,San Francisco,2016-08-13
2017,8,13,235,301,13,10,17,14,31,35,6,31,72,103,127,197,6,3,9,9,17,27,4,18,48,66,93,84,6,6,6,4,13,5,2,10,20,30,4,2,0,0,0,0,0,0,0,0,0,0,11,18,1,1,2,1,1,3,0,3,4,7,1943,9,109,-84,154,1167,107,414,San Francisco,2017-08-13
2018,8,13,144,309,13,4,7,12,49,41,2,19,92,111,81,215,13,1,5,9,35,33,1,14,69,83,53,65,0,2,1,1,13,5,0,2,18,20,3,5,0,0,0,0,0,1,0,0,1,1,7,24,0,1,1,2,1,2,1,3,4,7,1964,17,125,-83,155,1214,115,405,San Francisco,2018-08-13
2019,8,13,203,301,23,8,10,11,32,42,12,21,86,107,137,201,17,1,5,9,21,34,9,14,64,78,60,72,4,6,4,1,9,5,2,5,16,21,0,5,0,0,0,0,1,0,0,0,1,1,6,23,2,1,1,1,1,3,1,2,5,7,2352,22,148,-82,156,1475,137,483,San Francisco,2019-08-13
2020,8,13,126,240,13,11,3,9,28,33,8,12,69,81,58,161,11,5,2,9,16,29,5,11,50,61,57,57,2,6,0,0,11,0,2,0,13,13,2,4,0,0,0,0,0,0,0,0,0,0,9,18,0,0,1,0,1,4,1,1,6,7,1796,18,141,-80,158,1115,120,375,San Francisco,2020-08-13
2021,8,13,152,195,13,11,5,11,41,29,21,16,91,107,70,130,6,4,3,9,23,20,16,12,59,71,72,50,6,5,1,1,15,6,4,2,25,27,2,0,1,0,0,0,0,0,0,0,0,0,8,15,0,2,1,1,3,3,1,2,7,9,1696,10,95,-86,152,988,98,413,San Francisco,2021-08-13
2022,8,13,129,163,13,10,5,9,38,26,12,14,76,90,58,98,10,1,1,5,22,18,8,6,48,54,60,54,2,7,4,3,12,7,4,7,23,30,1,1,0,0,0,0,0,0,0,0,0,0,10,10,1,2,0,1,4,1,0,1,5,6,1357,7,92,-85,153,734,87,397,San Francisco,2022-08-13
2023,8,13,124,195,9,7,6,12,29,27,7,18,63,81,64,122,6,2,3,8,20,19,6,11,45,56,44,54,3,3,3,3,7,3,1,6,11,17,0,4,0,0,0,0,0,0,0,0,0,0,16,15,0,2,0,1,2,5,0,1,7,8,1700,9,131,-84,154,981,106,431,San Francisco,2023-08-13
2024,8,13,85,189,12,4,3,6,38,32,14,9,84,93,50,137,9,2,2,6,24,28,10,8,62,70,30,36,2,2,1,0,12,2,3,1,17,18,0,2,0,0,0,0,0,1,0,0,1,1,5,14,1,0,0,0,2,1,1,0,4,4,1663,11,109,-82,156,936,107,375,San Francisco,2024-08-13
2012,9,13,,,,,,,,,,,,,,,,,,,,,,,,,,,,,,,,,,,,,,,,,,,,,,,,,,,,,,,,,,,,,,,,,,,,,San Francisco,2012-09-13
2013,9,13,,,,,,,,,,,,,,,,,,,,,,,,,,,,,,,,,,,,,,,,,,,,,,,,,,,,,,,,,,,,,,,,,,,,,San Francisco,2013-09-13
2014,9,13,,,,,,,,,,,,,,,,,,,,,,,,,,,,,,,,,,,,,,,,,,,,,,,,,,,,,,,,,,,,,,,,,,,,,San Francisco,2014-09-13
2015,9,13,234,303,15,10,4,18,30,26,10,22,66,88,141,190,7,0,2,7,14,14,9,9,37,46,81,87,8,9,2,8,12,9,1,10,22,32,2,3,0,0,0,0,1,0,0,0,1,1,10,23,0,1,0,3,3,3,0,3,6,9,2067,15,135,-49,189,1404,112,371,San Francisco,2015-09-13
2016,9,13,304,387,22,3,12,9,39,28,8,21,75,96,173,246,15,2,0,6,27,22,6,6,55,61,104,102,4,1,10,2,9,4,1,12,14,26,9,5,1,0,0,0,0,0,0,0,0,0,18,34,2,0,2,1,3,2,1,3,6,9,2665,32,160,-54,184,1880,122,395,San Francisco,2016-09-13
2017,9,13,290,310,23,8,8,10,47,34,6,18,87,105,171,215,14,5,2,7,30,30,1,9,61,70,82,74,7,3,4,3,11,3,3,7,17,24,17,0,0,0,0,0,1,0,0,0,1,1,20,21,2,0,2,0,5,1,2,2,8,10,2289,29,145,-53,185,1439,140,443,San Francisco,2017-09-13
2018,9,13,141,325,22,5,8,15,42,42,11,23,95,118,81,204,17,1,4,9,19,30,8,13,57,70,51,91,4,3,2,4,16,6,2,6,24,30,4,5,0,0,1,1,0,1,1,2,2,4,5,25,1,1,1,1,7,5,0,2,12,14,2309,37,157,-52,186,1448,134,433,San Francisco,2018-09-13
2019,9,13,230,318,31,7,7,17,28,31,9,24,68,92,129,180,27,2,1,7,15,25,4,8,44,52,88,117,2,5,4,9,9,3,2,13,14,27,2,1,1,0,0,0,0,0,1,0,1,1,11,20,1,0,2,1,4,3,2,3,9,12,2481,18,176,-51,187,1478,159,543,San Francisco,2019-09-13
2020,9,13,157,210,12,7,3,11,33,36,8,14,77,91,70,136,6,1,1,9,24,29,6,10,59,69,76,57,3,5,1,1,7,3,0,2,10,12,2,1,2,0,0,0,0,0,1,0,1,1,9,16,1,1,1,1,2,4,1,2,7,9,1470,19,112,-49,189,922,102,298,San Francisco,2020-09-13
2021,9,13,128,231,19,19,7,7,42,24,18,14,84,98,65,143,13,0,4,4,24,20,15,8,59,67,51,71,4,19,2,3,14,4,1,5,19,24,4,5,1,0,0,0,1,0,0,0,1,1,8,12,1,0,1,0,3,0,2,1,5,6,1668,22,106,-55,183,1046,106,374,San Francisco,2021-09-13
2022,9,13,109,165,11,8,7,12,27,30,3,19,60,79,58,114,8,2,2,7,19,27,2,9,48,57,44,34,2,6,3,4,6,1,1,7,8,15,2,2,0,0,0,0,2,1,0,0,3,3,5,15,1,0,2,1,0,1,0,3,1,4,1495,20,108,-54,184,890,86,355,San Francisco,2022-09-13
2023,9,13,99,247,19,15,13,7,44,30,22,20,96,116,49,168,13,3,3,6,22,18,17,9,57,66,43,60,5,8,8,1,17,7,2,9,26,35,3,3,0,1,1,0,1,1,1,1,3,4,4,16,1,3,1,0,4,4,2,1,10,11,1788,19,113,-53,185,968,118,456,San Francisco,2023-09-13
2024,9,13,91,201,11,5,6,7,37,32,9,13,78,91,48,113,9,1,3,6,27,27,7,9,61,70,41,68,2,4,3,1,9,1,1,4,11,15,0,2,0,0,0,0,1,1,0,0,2,2,2,18,0,0,0,0,0,3,1,0,4,4,1576,21,108,-51,187,858,94,453,San Francisco,2024-09-13
2012,10,13,,,,,,,,,,,,,,,,,,,,,,,,,,,,,,,,,,,,,,,,,,,,,,,,,,,,,,,,,,,,,,,,,,,,,San Francisco,2012-10-13
2013,10,13,,,,,,,,,,,,,,,,,,,,,,,,,,,,,,,,,,,,,,,,,,,,,,,,,,,,,,,,,,,,,,,,,,,,,San Francisco,2013-10-13
2014,10,13,,,,,,,,,,,,,,,,,,,,,,,,,,,,,,,,,,,,,,,,,,,,,,,,,,,,,,,,,,,,,,,,,,,,,San Francisco,2014-10-13
2015,10,13,260,427,18,4,10,15,38,41,13,25,92,117,138,268,12,2,2,7,15,27,8,9,50,59,92,137,4,2,6,7,16,9,5,13,30,43,10,1,0,0,0,0,0,0,0,0,0,0,20,21,2,0,2,1,7,5,0,3,12,15,2469,39,171,-19,219,1676,131,462,San Francisco,2015-10-13
2016,10,13,260,322,24,10,8,14,35,23,11,22,69,91,139,187,14,1,3,6,17,16,7,9,40,49,95,114,8,8,3,7,16,5,4,10,25,35,8,1,1,0,0,1,0,0,0,1,0,1,18,20,1,1,2,0,2,2,0,2,4,6,2206,24,159,-24,214,1413,123,455,San Francisco,2016-10-13
2017,10,13,266,289,17,6,12,16,44,46,8,28,98,126,155,164,11,1,4,7,24,39,6,11,69,80,93,103,4,5,7,7,17,5,2,14,24,38,7,2,0,0,1,0,0,0,0,1,0,1,11,20,2,0,0,2,3,2,0,2,5,7,2205,35,171,-23,215,1318,138,453,San Francisco,2017-10-13
2018,10,13,192,290,21,7,9,10,38,26,16,19,80,99,74,188,15,1,3,3,24,20,11,6,55,61,100,78,6,6,6,7,11,4,4,13,19,32,6,3,0,0,0,0,2,0,0,0,2,2,12,21,0,0,0,0,1,2,1,0,4,4,2130,33,170,-22,216,1298,143,453,San Francisco,2018-10-13
2019,10,13,190,267,22,4,17,12,32,34,8,29,74,103,76,162,8,0,10,5,27,22,5,15,54,69,85,82,13,3,6,6,3,9,1,12,13,25,5,3,0,0,0,0,0,0,0,0,0,0,24,20,1,1,1,1,2,3,2,2,7,9,1954,20,163,-21,217,1161,100,492,San Francisco,2019-10-13
2020,10,13,137,206,14,14,4,12,64,32,13,16,109,125,59,128,10,1,3,5,39,24,9,8,72,80,64,63,4,12,0,7,21,8,2,7,31,38,2,0,0,0,0,0,1,0,0,0,1,1,12,15,0,1,1,0,3,0,2,1,5,6,1703,25,115,-19,219,1061,117,382,San Francisco,2020-10-13
2021,10,13,94,190,19,11,6,13,30,37,22,19,89,108,43,123,16,6,2,6,16,24,16,8,56,64,48,51,3,4,4,6,13,7,5,10,25,35,0,3,0,0,0,0,0,1,0,0,1,1,3,13,0,1,0,1,1,5,1,1,7,8,1641,29,126,-25,213,971,120,410,San Francisco,2021-10-13
2022,10,13,100,213,15,5,8,7,34,28,6,15,68,83,52,130,10,1,2,2,21,22,3,4,46,50,40,67,5,4,4,4,11,2,1,8,14,22,2,3,0,0,0,0,0,1,0,0,1,1,6,13,0,0,2,1,2,3,2,3,7,10,1587,29,124,-24,214,886,105,387,San Francisco,2022-10-13
2023,10,13,113,159,17,8,4,15,43,27,10,19,80,99,45,82,12,2,4,8,28,23,7,12,58,70,62,63,4,6,0,7,11,2,1,7,14,21,2,2,0,0,0,0,1,0,1,0,2,2,4,12,1,0,0,0,3,2,1,0,6,6,1715,37,123,-23,215,946,85,469,San Francisco,2023-10-13
2024,10,13,111,214,11,3,9,12,39,39,18,21,96,117,60,115,6,1,4,6,24,29,11,10,64,74,46,86,3,2,5,4,13,7,6,9,26,35,0,0,1,0,0,0,0,0,0,0,0,0,5,13,1,0,0,2,2,3,1,2,6,8,1675,13,100,-21,217,866,84,535,San Francisco,2024-10-13
2012,11,13,,,,,,,,,,,,,,,,,,,,,,,,,,,,,,,,,,,,,,,,,,,,,,,,,,,,,,,,,,,,,,,,,,,,,San Francisco,2012-11-13
2013,11,13,,,,,,,,,,,,,,,,,,,,,,,,,,,,,,,,,,,,,,,,,,,,,,,,,,,,,,,,,,,,,,,,,,,,,San Francisco,2013-11-13
2014,11,13,,,,,,,,,,,,,,,,,,,,,,,,,,,,,,,,,,,,,,,,,,,,,,,,,,,,,,,,,,,,,,,,,,,,,San Francisco,2014-11-13
2015,11,13,244,322,28,9,11,10,31,27,12,21,70,91,130,159,12,1,5,6,18,15,5,11,38,49,95,137,11,8,4,3,7,9,6,7,22,29,7,0,0,0,0,0,2,0,0,0,2,2,12,26,5,0,2,1,4,3,1,3,8,11,2211,24,179,12,250,1441,148,438,San Francisco,2015-11-13
2016,11,13,259,272,24,16,14,11,24,28,12,25,64,89,111,121,13,1,6,0,12,20,7,6,39,45,126,131,6,15,7,9,10,6,4,16,20,36,5,1,0,0,1,0,1,0,0,1,1,2,17,19,5,0,0,2,1,2,1,2,4,6,1985,14,179,7,245,1264,113,443,San Francisco,2016-11-13
2017,11,13,200,258,29,4,5,13,40,33,10,18,83,101,116,139,18,0,3,6,23,17,6,9,46,55,70,97,8,3,1,7,15,10,4,8,29,37,2,5,0,0,0,0,0,0,0,0,0,0,12,17,3,1,1,0,2,6,0,1,8,9,2168,29,213,8,246,1410,134,422,San Francisco,2017-11-13
2018,11,13,147,301,22,3,4,7,23,42,13,11,78,89,60,178,12,1,1,1,14,26,10,2,50,52,76,107,6,1,2,3,7,14,3,5,24,29,6,2,0,0,0,1,1,0,0,1,1,2,5,14,4,1,1,2,1,2,0,3,3,6,2169,23,186,9,247,1399,109,430,San Francisco,2018-11-13
2019,11,13,182,301,14,7,7,14,26,42,20,21,88,109,100,151,10,1,5,6,12,23,13,11,48,59,63,111,2,6,2,5,11,14,6,7,31,38,1,8,1,0,0,1,0,0,0,1,0,1,18,31,1,0,0,2,3,5,1,2,9,11,2269,26,235,10,248,1448,121,432,San Francisco,2019-11-13
2020,11,13,127,180,17,5,8,12,51,35,10,20,96,116,32,91,12,1,4,8,30,21,7,12,58,70,90,74,2,4,1,4,19,9,3,5,31,36,1,3,0,0,1,0,1,0,0,1,1,2,4,12,3,0,2,0,1,5,0,2,6,8,1613,22,132,12,250,1032,99,349,San Francisco,2020-11-13
2021,11,13,163,188,13,5,4,11,33,29,18,15,80,95,39,95,5,2,1,5,17,17,8,6,42,48,113,76,6,3,3,4,12,9,9,7,30,37,1,4,0,0,0,0,0,0,0,0,0,0,10,13,2,0,0,2,4,3,1,2,8,10,1672,14,154,6,244,888,111,474,San Francisco,2021-11-13
2022,11,13,98,125,11,12,6,12,36,20,14,18,70,88,36,71,6,5,2,4,21,10,12,6,43,49,55,46,4,7,3,7,13,8,2,10,23,33,2,2,0,0,0,0,0,0,0,0,0,0,5,6,1,0,1,1,2,2,0,2,4,6,1398,10,105,7,245,752,84,369,San Francisco,2022-11-13
2023,11,13,103,185,18,2,5,3,41,23,9,8,73,81,57,105,9,0,3,0,18,12,7,3,37,40,38,66,7,2,1,3,15,8,1,4,24,28,1,1,1,0,0,0,3,0,0,0,3,3,7,13,1,0,1,0,5,3,1,1,9,10,1441,14,86,8,246,835,84,335,San Francisco,2023-11-13
2024,11,13,108,211,13,2,1,7,43,17,6,8,66,74,48,119,4,1,1,2,17,10,3,3,30,33,51,72,8,1,0,4,24,6,2,4,32,36,0,4,0,0,0,0,0,0,0,0,0,0,9,16,1,0,0,1,2,1,1,1,4,5,1604,25,145,10,248,890,101,431,San Francisco,2024-11-13
2012,12,13,,,,,,,,,,,,,,,,,,,,,,,,,,,,,,,,,,,,,,,,,,,,,,,,,,,,,,,,,,,,,,,,,,,,,San Francisco,2012-12-13
2013,12,13,,,,,,,,,,,,,,,,,,,,,,,,,,,,,,,,,,,,,,,,,,,,,,,,,,,,,,,,,,,,,,,,,,,,,San Francisco,2013-12-13
2014,12,13,,,,,,,,,,,,,,,,,,,,,,,,,,,,,,,,,,,,,,,,,,,,,,,,,,,,,,,,,,,,,,,,,,,,,San Francisco,2014-12-13
2015,12,13,216,226,16,8,12,8,27,23,9,20,59,79,80,85,6,0,3,4,15,10,6,7,31,38,119,121,8,8,9,3,11,9,3,12,23,35,4,4,0,0,0,0,1,0,0,0,1,1,13,16,2,0,0,1,0,4,0,1,4,5,1861,22,162,42,280,1227,146,343,San Francisco,2015-12-13
2016,12,13,255,324,23,6,13,13,34,32,15,26,81,107,138,164,12,0,5,2,16,19,10,7,45,52,101,124,8,6,8,10,15,10,3,18,28,46,6,4,0,0,0,0,1,0,0,0,1,1,10,32,3,0,0,1,2,3,2,1,7,8,2099,34,181,37,275,1406,110,398,San Francisco,2016-12-13
2017,12,13,261,293,27,7,17,11,29,43,6,28,78,106,128,156,17,1,5,4,19,27,4,9,50,59,109,109,5,6,9,6,6,11,2,15,19,34,12,5,1,0,1,0,0,0,0,1,0,1,12,23,4,0,2,1,4,5,0,3,9,12,2347,53,242,38,276,1579,121,382,San Francisco,2017-12-13
2018,12,13,131,275,22,4,9,10,29,37,7,19,73,92,68,153,15,0,7,2,14,21,5,9,40,49,54,100,6,3,2,8,15,9,2,10,26,36,3,11,1,0,0,0,0,1,0,0,1,1,6,11,0,1,0,0,0,6,0,0,6,6,1966,38,176,39,277,1173,119,433,San Francisco,2018-12-13
2019,12,13,133,294,28,1,11,11,32,33,12,22,77,99,51,160,12,0,4,5,13,21,8,9,42,51,68,106,10,1,5,4,17,8,4,9,29,38,4,6,0,0,0,0,1,1,0,0,2,2,10,22,6,0,2,2,1,3,0,4,4,8,1965,40,208,40,278,1155,131,462,San Francisco,2019-12-13
2020,12,13,99,157,4,7,4,6,52,41,11,10,104,114,28,69,2,2,2,4,24,27,5,6,56,62,69,71,2,5,1,1,23,6,6,2,35,37,0,1,0,0,0,0,2,0,0,0,2,2,2,16,0,0,1,1,3,8,0,2,11,13,1386,13,115,42,280,939,87,229,San Francisco,2020-12-13
2021,12,13,74,152,11,4,1,5,42,25,22,6,89,95,34,77,5,1,1,3,22,18,17,4,57,61,28,58,5,3,0,2,17,4,3,2,24,26,2,2,0,0,0,0,2,0,2,0,4,4,10,15,1,0,0,0,1,3,0,0,4,4,1507,33,120,36,274,934,109,277,San Francisco,2021-12-13
2022,12,13,100,147,16,18,7,11,29,32,8,18,69,87,56,78,8,1,2,5,18,20,6,7,44,51,39,55,6,17,4,5,10,8,1,9,19,28,0,3,2,0,0,1,0,0,0,1,0,1,5,11,0,0,1,0,1,4,1,1,6,7,1513,27,107,37,275,809,95,396,San Francisco,2022-12-13
2023,12,13,90,211,16,5,7,9,42,38,14,16,94,110,39,116,7,2,1,4,20,23,8,5,51,56,42,72,6,2,5,4,16,12,5,9,33,42,3,3,2,0,0,0,2,0,0,0,2,2,6,20,1,1,1,1,4,3,1,2,8,10,1627,32,147,38,276,940,100,413,San Francisco,2023-12-13
2024,12,13,115,175,18,5,3,7,47,24,5,10,76,86,65,93,8,0,1,2,19,18,4,3,41,44,33,63,3,4,2,5,23,4,1,7,28,35,2,4,1,0,0,0,1,0,0,0,1,1,15,15,6,1,0,0,4,2,0,0,6,6,1660,20,128,40,278,939,101,438,San Francisco,2024-12-13
2012,1,14,,,,,,,,,,,,,,,,,,,,,,,,,,,,,,,,,,,,,,,,,,,,,,,,,,,,,,,,,,,,,,,,,,,,,San Francisco,2012-01-14
2013,1,14,,,,,,,,,,,,,,,,,,,,,,,,,,,,,,,,,,,,,,,,,,,,,,,,,,,,,,,,,,,,,,,,,,,,,San Francisco,2013-01-14
2014,1,14,,,,,,,,,,,,,,,,,,,,,,,,,,,,,,,,,,,,,,,,,,,,,,,,,,,,,,,,,,,,,,,,,,,,,San Francisco,2014-01-14
2015,1,14,247,347,22,1,10,6,34,34,4,16,72,88,120,169,10,0,3,2,15,20,3,5,38,43,109,138,6,1,7,4,16,12,1,11,29,40,12,7,1,0,0,0,0,0,0,0,0,0,6,33,5,0,0,0,3,2,0,0,5,5,2257,40,220,-291,-53,1624,133,363,San Francisco,2015-01-14
2016,1,14,223,277,26,7,9,15,27,34,12,24,73,97,120,131,10,0,2,7,14,20,3,9,37,46,92,115,12,5,6,6,12,7,9,12,28,40,5,5,1,0,0,0,0,0,0,0,0,0,6,26,3,2,1,2,1,7,0,3,8,11,2079,35,181,-297,-59,1490,119,339,San Francisco,2016-01-14
2017,1,14,203,274,28,8,10,12,24,22,9,22,55,77,96,128,15,1,2,6,8,17,5,8,30,38,89,116,10,7,7,3,14,3,3,10,20,30,3,1,0,0,1,1,1,0,1,2,2,4,15,29,3,0,0,2,1,2,0,2,3,5,2121,30,196,-295,-57,1403,137,373,San Francisco,2017-01-14
2018,1,14,226,289,13,19,3,9,38,20,7,12,65,77,116,152,5,1,1,2,15,12,4,3,31,34,89,113,5,18,2,6,22,4,3,8,29,37,3,4,0,0,0,0,1,0,0,0,1,1,18,20,3,0,0,1,0,4,0,1,4,5,2020,20,234,-294,-56,1280,99,373,San Francisco,2018-01-14
2019,1,14,111,321,14,8,12,9,35,38,14,21,87,108,51,162,8,1,6,5,13,26,10,11,49,60,50,120,2,7,6,4,17,7,1,10,25,35,5,8,0,0,0,0,0,0,0,0,0,0,5,31,4,0,0,0,5,5,3,0,13,13,2046,49,181,-293,-55,1224,135,431,San Francisco,2019-01-14
2020,1,14,141,301,9,13,12,11,46,43,10,23,99,122,64,163,9,7,2,5,27,26,10,7,63,70,58,114,0,6,10,5,15,13,0,15,28,43,6,6,0,0,0,0,0,0,0,0,0,0,13,18,0,0,0,1,4,4,0,1,8,9,2243,49,158,-292,-54,1412,127,411,San Francisco,2020-01-14
2021,1,14,114,225,9,14,3,12,56,35,14,15,105,120,39,130,5,3,1,5,30,27,9,6,66,72,66,74,3,10,1,5,21,4,2,6,27,33,2,2,0,0,0,0,2,0,0,0,2,2,7,19,1,1,1,2,3,4,3,3,10,13,1573,21,152,-297,-59,952,102,388,San Francisco,2021-01-14
2022,1,14,107,201,10,13,1,11,39,40,9,12,88,100,47,99,4,1,1,4,24,25,5,5,54,59,53,75,6,8,0,4,12,7,3,4,22,26,2,5,0,0,0,0,2,0,0,0,2,2,5,22,0,4,0,3,1,8,1,3,10,13,1632,27,141,-296,-58,971,107,345,San Francisco,2022-01-14
2023,1,14,119,131,13,9,4,11,33,23,15,15,71,86,68,59,2,2,1,5,20,16,7,6,43,49,49,57,7,7,2,6,11,6,6,8,23,31,1,4,0,0,0,0,2,0,2,0,4,4,1,11,4,0,1,0,0,1,0,1,1,2,1470,26,98,-295,-57,804,109,374,San Francisco,2023-01-14
2024,1,14,132,134,6,11,3,9,39,26,11,12,76,88,67,66,1,2,0,2,18,20,4,2,42,44,54,58,5,9,2,7,15,5,6,9,26,35,3,2,0,0,0,0,1,0,0,0,1,1,8,8,0,0,1,0,5,1,1,1,7,8,1416,21,114,-294,-56,830,84,351,San Francisco,2024-01-14
2012,2,14,,,,,,,,,,,,,,,,,,,,,,,,,,,,,,,,,,,,,,,,,,,,,,,,,,,,,,,,,,,,,,,,,,,,,San Francisco,2012-02-14
2013,2,14,,,,,,,,,,,,,,,,,,,,,,,,,,,,,,,,,,,,,,,,,,,,,,,,,,,,,,,,,,,,,,,,,,,,,San Francisco,2013-02-14
2014,2,14,,,,,,,,,,,,,,,,,,,,,,,,,,,,,,,,,,,,,,,,,,,,,,,,,,,,,,,,,,,,,,,,,,,,,San Francisco,2014-02-14
2015,2,14,265,318,20,7,9,19,38,24,10,28,72,100,113,169,12,1,4,6,25,14,8,10,47,57,133,127,5,6,5,13,11,7,2,18,20,38,5,1,0,0,0,0,0,0,0,0,0,0,14,21,3,0,0,0,2,3,0,0,5,5,2113,18,162,-260,-22,1389,115,446,San Francisco,2015-02-14
2016,2,14,247,289,17,11,7,9,25,25,7,16,57,73,103,138,10,1,2,4,13,15,3,6,31,37,130,126,6,10,5,4,10,6,4,9,20,29,3,4,0,0,0,0,0,1,0,0,1,1,11,21,1,0,0,1,2,3,0,1,5,6,1829,19,146,-266,-28,1130,115,416,San Francisco,2016-02-14
2017,2,14,236,282,24,4,12,12,36,28,9,24,73,97,115,157,11,0,6,6,21,19,6,12,46,58,99,109,11,4,6,6,12,6,3,12,21,33,7,6,0,0,0,0,0,0,0,0,0,0,15,10,2,0,0,0,3,3,0,0,6,6,2151,25,188,-264,-26,1372,126,410,San Francisco,2017-02-14
2018,2,14,221,308,19,4,6,18,38,27,12,24,77,101,137,181,14,1,6,7,17,17,6,13,40,53,74,94,3,3,0,10,16,8,5,10,29,39,5,4,0,0,0,0,1,1,0,0,2,2,5,29,2,0,0,1,4,1,1,1,6,7,2217,36,186,-263,-25,1525,115,376,San Francisco,2018-02-14
2019,2,14,124,268,28,3,8,9,35,62,7,17,104,121,77,156,15,0,5,2,18,41,6,7,65,72,40,92,9,2,2,7,14,16,1,9,31,40,3,6,0,0,0,0,0,0,0,0,0,0,4,14,4,1,1,0,3,5,0,1,8,9,2157,29,188,-262,-24,1302,130,452,San Francisco,2019-02-14
2020,2,14,148,247,20,3,12,14,34,63,7,26,104,130,69,135,9,0,4,7,23,49,1,11,73,84,61,84,8,3,3,4,8,10,5,7,23,30,5,1,0,0,3,1,1,0,0,4,1,5,13,27,3,0,2,2,2,4,1,4,7,11,1970,28,184,-261,-23,1220,102,442,San Francisco,2020-02-14
2021,2,14,104,183,9,12,4,10,49,38,10,14,97,111,29,95,5,2,3,6,29,28,8,9,65,74,70,67,2,9,1,3,16,5,1,4,22,26,1,3,0,0,0,0,1,0,1,0,2,2,4,18,2,1,0,1,3,5,0,1,8,9,1507,15,131,-266,-28,918,89,313,San Francisco,2021-02-14
2022,2,14,101,162,17,13,3,8,50,24,14,11,88,99,49,97,6,4,0,5,30,20,8,5,58,63,43,49,9,8,2,3,14,3,5,5,22,27,7,2,0,0,0,0,0,0,0,0,0,0,2,14,2,1,1,0,6,1,1,1,8,9,1498,19,127,-265,-27,864,81,379,San Francisco,2022-02-14
2023,2,14,62,139,9,7,9,10,36,19,12,19,67,86,33,76,2,2,2,8,14,16,8,10,38,48,26,53,4,4,6,1,19,3,2,7,24,31,0,0,0,0,0,0,1,0,1,0,2,2,3,10,3,1,1,1,2,0,1,2,3,5,1423,15,104,-264,-26,805,97,343,San Francisco,2023-02-14
2024,2,14,69,151,20,5,6,12,32,17,13,18,62,80,36,63,6,2,5,8,14,10,7,13,31,44,29,78,6,3,0,4,13,3,4,4,20,24,1,4,0,0,0,0,1,0,0,0,1,1,3,6,8,0,1,0,4,4,2,1,10,11,1425,34,125,-263,-25,853,74,335,San Francisco,2024-02-14
2012,3,14,,,,,,,,,,,,,,,,,,,,,,,,,,,,,,,,,,,,,,,,,,,,,,,,,,,,,,,,,,,,,,,,,,,,,San Francisco,2012-03-14
2013,3,14,,,,,,,,,,,,,,,,,,,,,,,,,,,,,,,,,,,,,,,,,,,,,,,,,,,,,,,,,,,,,,,,,,,,,San Francisco,2013-03-14
2014,3,14,,,,,,,,,,,,,,,,,,,,,,,,,,,,,,,,,,,,,,,,,,,,,,,,,,,,,,,,,,,,,,,,,,,,,San Francisco,2014-03-14
2015,3,14,326,366,24,6,16,20,31,39,13,36,83,119,135,192,16,1,9,6,18,21,9,15,48,63,159,143,4,5,5,12,10,13,2,17,25,42,8,5,0,0,0,0,0,0,0,0,0,0,24,26,4,0,2,2,3,5,2,4,10,14,2402,33,205,-232,6,1673,127,427,San Francisco,2015-03-14
2016,3,14,263,319,15,0,7,10,37,23,12,17,72,89,158,195,14,0,4,4,27,17,8,8,52,60,82,90,0,0,3,3,6,4,3,6,13,19,5,5,0,0,0,0,1,0,0,0,1,1,18,29,1,0,0,3,3,2,1,3,6,9,2223,37,148,-237,1,1564,110,370,San Francisco,2016-03-14
2017,3,14,265,340,31,10,9,9,38,34,7,18,79,97,148,211,29,1,5,6,28,22,7,11,57,68,96,110,1,9,3,3,7,10,0,6,17,23,7,4,0,0,0,0,2,0,0,0,2,2,14,15,1,0,1,0,1,2,0,1,3,4,2495,41,157,-236,2,1742,127,392,San Francisco,2017-03-14
2018,3,14,227,294,16,4,7,7,35,34,15,14,84,98,128,196,14,0,4,5,19,20,11,9,50,59,78,64,0,3,3,2,12,5,2,5,19,24,13,6,0,0,0,0,0,0,0,0,0,0,8,28,2,1,0,0,4,9,2,0,15,15,2096,36,151,-235,3,1358,126,345,San Francisco,2018-03-14
2019,3,14,211,302,10,5,14,5,38,37,5,19,80,99,113,196,7,1,8,4,29,27,5,12,61,73,70,82,3,2,4,1,8,7,0,5,15,20,10,6,0,0,0,0,1,1,0,0,2,2,18,18,0,2,2,0,0,2,0,2,2,4,2274,52,164,-234,4,1361,145,450,San Francisco,2019-03-14
2020,3,14,131,223,10,11,9,9,39,53,5,18,97,115,49,139,6,4,5,5,25,41,5,10,71,81,74,70,3,6,3,4,12,7,0,7,19,26,1,3,0,0,1,0,1,0,0,1,1,2,7,11,1,1,0,0,1,5,0,0,6,6,1734,20,117,-232,6,1095,120,376,San Francisco,2020-03-14
2021,3,14,96,156,9,6,5,6,43,36,13,11,92,103,43,87,5,3,2,3,27,31,7,5,65,70,47,58,4,3,2,3,14,2,6,5,22,27,3,2,0,0,0,0,1,0,0,0,1,1,3,9,0,0,1,0,1,3,0,1,4,5,1348,27,79,-238,0,886,96,264,San Francisco,2021-03-14
2022,3,14,126,174,13,8,7,10,38,26,12,17,76,93,61,95,10,2,4,4,22,21,5,8,48,56,57,64,1,6,3,6,15,4,4,9,23,32,3,4,0,0,0,0,0,0,0,0,0,0,5,11,2,0,0,0,1,1,3,0,5,5,1536,21,88,-237,1,931,96,347,San Francisco,2022-03-14
2023,3,14,82,158,17,9,5,10,27,28,13,15,68,83,39,93,11,2,1,7,19,23,8,8,50,58,41,54,4,6,3,2,5,5,5,5,15,20,1,1,0,0,0,0,1,0,0,0,1,1,1,10,2,1,1,1,2,0,0,2,2,4,1479,13,112,-236,2,826,90,361,San Francisco,2023-03-14
2024,3,14,103,200,11,2,5,5,29,23,19,10,71,81,64,115,8,1,3,3,17,16,14,6,47,53,33,70,3,0,1,0,8,3,5,1,16,17,2,0,0,0,0,0,3,1,0,0,4,4,4,15,0,1,1,2,1,3,0,3,4,7,1705,30,114,-234,4,1054,109,359,San Francisco,2024-03-14
2012,4,14,,,,,,,,,,,,,,,,,,,,,,,,,,,,,,,,,,,,,,,,,,,,,,,,,,,,,,,,,,,,,,,,,,,,,San Francisco,2012-04-14
2013,4,14,,,,,,,,,,,,,,,,,,,,,,,,,,,,,,,,,,,,,,,,,,,,,,,,,,,,,,,,,,,,,,,,,,,,,San Francisco,2013-04-14
2014,4,14,,,,,,,,,,,,,,,,,,,,,,,,,,,,,,,,,,,,,,,,,,,,,,,,,,,,,,,,,,,,,,,,,,,,,San Francisco,2014-04-14
2015,4,14,219,267,29,3,12,11,30,30,25,23,85,108,143,167,22,1,2,6,21,25,16,8,62,70,56,74,5,2,5,2,6,2,8,7,16,23,11,3,0,0,0,0,0,0,1,0,1,1,9,23,2,0,5,3,3,3,0,8,6,14,2026,29,137,-201,37,1426,120,359,San Francisco,2015-04-14
2016,4,14,231,352,16,1,12,11,28,32,24,23,84,107,140,249,12,0,4,3,20,23,18,7,61,68,69,84,3,1,7,6,6,7,5,13,18,31,7,0,0,0,0,0,0,0,0,0,0,0,15,19,1,0,1,2,2,2,1,3,5,8,2252,24,130,-206,32,1652,123,344,San Francisco,2016-04-14
2017,4,14,249,301,14,7,9,15,29,38,12,24,79,103,142,201,13,1,5,9,21,33,10,14,64,78,87,81,1,6,3,4,6,3,1,7,10,17,6,1,0,0,0,0,0,0,0,0,0,0,14,18,0,0,1,2,2,2,1,3,5,8,2327,17,132,-205,33,1496,135,417,San Francisco,2017-04-14
2018,4,14,284,273,13,6,9,12,30,36,9,21,75,96,151,167,8,0,6,8,17,33,7,14,57,71,117,89,5,5,2,2,13,3,2,4,18,22,4,1,0,0,0,0,0,0,0,0,0,0,12,16,0,1,1,2,0,0,0,3,0,3,1985,12,109,-204,34,1148,123,446,San Francisco,2018-04-14
2019,4,14,211,280,20,4,9,12,32,35,4,21,71,92,120,186,13,0,4,6,21,28,3,10,52,62,75,78,5,3,3,4,8,4,1,7,13,20,2,0,0,0,0,0,1,0,0,0,1,1,14,16,2,1,2,2,2,3,0,4,5,9,2111,14,147,-203,35,1309,128,411,San Francisco,2019-04-14
2020,4,14,174,271,12,8,8,9,48,39,14,17,101,118,111,182,8,1,5,7,26,30,13,12,69,81,55,71,2,7,3,1,16,4,1,4,21,25,1,3,0,0,0,0,1,0,0,0,1,1,7,15,2,0,0,1,5,5,0,1,10,11,1959,11,137,-201,37,1178,101,395,San Francisco,2020-04-14
2021,4,14,117,194,10,6,7,6,49,32,12,13,93,106,53,131,7,2,7,4,37,25,10,11,72,83,54,43,2,4,0,1,10,3,2,1,15,16,1,1,0,0,0,0,0,0,0,0,0,0,9,19,1,0,0,1,2,4,0,1,6,7,1492,14,84,-207,31,888,88,343,San Francisco,2021-04-14
2022,4,14,79,193,12,5,8,5,41,37,8,13,86,99,44,120,9,0,7,4,24,33,7,11,64,75,31,59,2,5,0,1,16,3,1,1,20,21,0,1,0,0,0,0,0,0,0,0,0,0,4,13,1,0,1,0,1,1,0,1,2,3,1473,17,82,-206,32,894,93,337,San Francisco,2022-04-14
2023,4,14,91,162,15,8,7,10,29,33,14,17,76,93,48,114,9,3,6,6,18,24,9,12,51,63,37,37,4,4,1,4,10,4,2,5,16,21,3,1,0,0,0,0,1,0,1,0,2,2,3,10,2,1,0,0,0,5,2,0,7,7,1753,11,126,-205,33,1016,89,369,San Francisco,2023-04-14
2024,4,14,68,178,8,9,7,13,33,14,6,20,53,73,30,116,6,2,4,5,19,10,4,9,33,42,33,48,2,5,2,7,13,2,2,9,17,26,0,1,0,0,0,0,0,1,0,0,1,1,5,13,0,2,1,1,1,1,0,2,2,4,1471,9,82,-203,35,817,86,367,San Francisco,2024-04-14
2012,5,14,,,,,,,,,,,,,,,,,,,,,,,,,,,,,,,,,,,,,,,,,,,,,,,,,,,,,,,,,,,,,,,,,,,,,San Francisco,2012-05-14
2013,5,14,,,,,,,,,,,,,,,,,,,,,,,,,,,,,,,,,,,,,,,,,,,,,,,,,,,,,,,,,,,,,,,,,,,,,San Francisco,2013-05-14
2014,5,14,,,,,,,,,,,,,,,,,,,,,,,,,,,,,,,,,,,,,,,,,,,,,,,,,,,,,,,,,,,,,,,,,,,,,San Francisco,2014-05-14
2015,5,14,209,321,23,4,10,12,26,38,13,22,77,99,143,220,17,1,8,9,20,32,11,17,63,80,48,75,4,2,1,0,5,3,1,1,9,10,2,1,0,0,1,0,0,0,0,1,0,1,16,25,2,1,0,3,1,3,1,3,5,8,2209,15,158,-171,67,1576,138,360,San Francisco,2015-05-14
2016,5,14,259,315,28,11,11,7,18,40,5,18,63,81,137,210,22,0,4,4,11,26,3,8,40,48,99,77,6,8,5,1,5,11,2,6,18,24,5,3,0,0,0,0,0,0,0,0,0,0,18,25,0,3,2,2,2,3,0,4,5,9,2107,13,161,-176,62,1375,135,436,San Francisco,2016-05-14
2017,5,14,212,247,20,10,6,8,29,21,7,14,57,71,130,174,15,6,1,5,18,17,4,6,39,45,64,61,4,3,5,3,8,2,2,8,12,20,5,1,0,0,0,0,1,0,0,0,1,1,13,11,1,1,0,0,2,2,1,0,5,5,2010,13,142,-175,63,1340,95,317,San Francisco,2017-05-14
2018,5,14,158,304,14,6,11,10,45,41,7,21,93,114,109,208,11,4,7,8,37,33,3,15,73,88,38,71,1,2,3,1,6,5,2,4,13,17,5,1,1,0,0,0,0,0,1,0,1,1,6,24,1,0,1,1,2,3,1,2,6,8,2108,17,136,-174,64,1342,116,426,San Francisco,2018-05-14
2019,5,14,139,324,20,2,10,9,36,30,10,19,76,95,101,219,19,1,8,7,26,26,9,15,61,76,26,79,1,0,2,2,9,1,1,4,11,15,1,6,0,0,0,0,0,0,0,0,0,0,11,20,0,1,0,0,1,3,0,0,4,4,2118,15,156,-173,65,1326,120,431,San Francisco,2019-05-14
2020,5,14,152,235,12,5,9,4,52,28,16,13,96,109,86,170,10,0,8,3,40,22,12,11,74,85,50,46,1,5,1,0,9,4,2,1,15,16,3,2,0,0,0,0,1,0,1,0,2,2,13,17,1,0,0,1,2,2,1,1,5,6,1951,17,112,-171,67,1268,105,302,San Francisco,2020-05-14
2021,5,14,81,204,17,8,6,15,40,32,17,21,89,110,41,144,12,3,6,12,31,30,12,18,73,91,35,47,2,4,0,1,7,1,2,1,10,11,2,0,0,0,0,0,1,0,0,0,1,1,3,13,3,1,0,2,1,1,3,2,5,7,1452,19,89,-177,61,886,117,347,San Francisco,2021-05-14
2022,5,14,120,148,13,4,7,13,39,30,10,20,79,99,45,101,10,1,3,8,22,22,8,11,52,63,62,42,3,3,3,4,13,6,1,7,20,27,2,1,0,0,0,0,1,0,0,0,1,1,11,4,0,0,1,1,3,2,1,2,6,8,1434,8,90,-176,62,821,84,383,San Francisco,2022-05-14
2023,5,14,105,146,11,6,12,8,31,13,11,20,55,75,40,95,6,3,6,7,21,11,9,13,41,54,53,36,5,2,4,1,8,2,2,5,12,17,1,1,0,0,0,0,1,0,0,0,1,1,11,14,0,1,2,0,1,0,0,2,1,3,1303,6,107,-175,63,721,94,358,San Francisco,2023-05-14
2024,5,14,107,214,18,5,9,10,37,31,10,19,78,97,78,125,14,0,7,5,29,29,5,12,63,75,23,63,4,5,2,2,5,1,5,4,11,15,0,2,0,0,0,0,0,0,0,0,0,0,6,24,0,0,0,3,3,1,0,3,4,7,1825,12,123,-173,65,1063,113,386,San Francisco,2024-05-14
2012,6,14,,,,,,,,,,,,,,,,,,,,,,,,,,,,,,,,,,,,,,,,,,,,,,,,,,,,,,,,,,,,,,,,,,,,,San Francisco,2012-06-14
2013,6,14,,,,,,,,,,,,,,,,,,,,,,,,,,,,,,,,,,,,,,,,,,,,,,,,,,,,,,,,,,,,,,,,,,,,,San Francisco,2013-06-14
2014,6,14,,,,,,,,,,,,,,,,,,,,,,,,,,,,,,,,,,,,,,,,,,,,,,,,,,,,,,,,,,,,,,,,,,,,,San Francisco,2014-06-14
2015,6,14,218,280,17,8,9,17,35,33,13,26,81,107,138,191,9,2,4,12,28,29,11,16,68,84,64,63,7,4,4,3,4,2,1,7,7,14,2,2,0,0,0,1,0,0,0,1,0,1,14,24,1,2,1,1,3,2,1,2,6,8,1846,6,163,-140,98,1283,110,353,San Francisco,2015-06-14
2016,6,14,219,308,27,10,14,9,27,24,13,23,64,87,163,213,23,2,10,6,22,14,11,16,47,63,41,62,1,5,3,3,4,3,2,6,9,15,2,0,0,0,0,0,1,0,0,0,1,1,13,33,3,3,1,0,0,7,0,1,7,8,2046,11,165,-145,93,1386,121,361,San Francisco,2016-06-14
2017,6,14,209,225,27,5,4,11,34,27,9,15,70,85,148,161,20,2,2,7,25,22,7,9,54,63,39,47,4,0,0,0,8,2,1,0,11,11,5,0,0,0,0,0,0,0,0,0,0,0,17,17,3,3,2,4,1,3,1,6,5,11,1991,10,156,-144,94,1270,115,417,San Francisco,2017-06-14
2018,6,14,129,265,18,11,10,11,35,37,9,21,81,102,92,184,14,3,3,8,26,31,9,11,66,77,25,58,2,4,5,2,7,6,0,7,13,20,6,3,0,0,0,0,0,0,0,0,0,0,6,20,2,4,2,1,2,0,0,3,2,5,1969,17,135,-143,95,1218,126,468,San Francisco,2018-06-14
2019,6,14,215,265,10,5,9,4,36,39,9,13,84,97,155,198,9,2,5,3,26,36,9,8,71,79,40,39,0,3,3,0,7,1,0,3,8,11,7,4,0,0,0,0,1,0,0,0,1,1,13,24,1,0,1,1,2,2,0,2,4,6,2026,23,174,-142,96,1211,131,459,San Francisco,2019-06-14
2020,6,14,155,168,7,26,2,6,40,21,18,8,79,87,67,113,7,4,1,3,27,18,12,4,57,61,64,34,0,14,1,3,9,1,3,4,13,17,2,5,0,0,0,0,0,0,0,0,0,0,22,16,0,8,0,0,4,2,3,0,9,9,1326,8,127,-140,98,799,100,286,San Francisco,2020-06-14
2021,6,14,116,178,14,15,12,12,45,25,10,24,80,104,65,140,9,4,8,9,31,25,8,17,64,81,39,26,5,10,2,1,11,0,2,3,13,16,0,1,0,0,0,0,2,0,0,0,2,2,12,11,0,1,2,2,1,0,0,4,1,5,1476,7,119,-146,92,880,104,348,San Francisco,2021-06-14
2022,6,14,108,189,12,10,8,16,40,30,7,24,77,101,68,147,10,0,6,12,27,27,5,18,59,77,29,23,2,6,2,3,11,1,2,5,14,19,2,0,0,0,0,0,0,0,0,0,0,0,9,19,0,4,0,1,2,2,0,1,4,5,1511,10,115,-145,93,875,98,362,San Francisco,2022-06-14
2023,6,14,108,195,15,10,12,6,40,34,14,18,88,106,73,145,10,0,9,6,29,28,12,15,69,84,23,34,3,8,2,0,5,3,0,2,8,10,0,0,0,0,0,0,0,0,1,0,1,1,12,16,2,2,1,0,6,3,1,1,10,11,1517,6,116,-144,94,836,127,392,San Francisco,2023-06-14
2024,6,14,97,170,18,15,9,4,17,17,3,13,37,50,46,126,12,2,8,2,11,15,3,10,29,39,34,26,1,6,1,2,4,1,0,3,5,8,0,1,0,0,0,0,0,0,0,0,0,0,17,17,5,7,0,0,2,1,0,0,3,3,1560,17,143,-142,96,891,116,381,San Francisco,2024-06-14
2012,7,14,,,,,,,,,,,,,,,,,,,,,,,,,,,,,,,,,,,,,,,,,,,,,,,,,,,,,,,,,,,,,,,,,,,,,San Francisco,2012-07-14
2013,7,14,,,,,,,,,,,,,,,,,,,,,,,,,,,,,,,,,,,,,,,,,,,,,,,,,,,,,,,,,,,,,,,,,,,,,San Francisco,2013-07-14
2014,7,14,,,,,,,,,,,,,,,,,,,,,,,,,,,,,,,,,,,,,,,,,,,,,,,,,,,,,,,,,,,,,,,,,,,,,San Francisco,2014-07-14
2015,7,14,215,299,23,6,13,14,35,34,18,27,87,114,162,219,19,3,5,11,30,25,17,16,72,88,34,55,3,1,6,1,4,5,1,7,10,17,3,2,0,0,0,0,0,0,0,0,0,0,16,23,1,2,2,2,1,4,0,4,5,9,2198,14,165,-110,128,1569,121,355,San Francisco,2015-07-14
2016,7,14,272,253,20,7,12,14,31,23,7,26,61,87,194,194,17,4,8,7,19,18,6,15,43,58,58,43,2,2,2,6,8,4,1,8,13,21,2,0,0,0,0,0,0,0,0,0,0,0,18,16,1,1,2,1,4,1,0,3,5,8,2063,15,166,-115,123,1370,113,383,San Francisco,2016-07-14
2017,7,14,258,288,26,13,9,17,41,29,9,26,79,105,176,188,19,1,7,15,27,22,6,22,55,77,58,77,5,8,2,2,10,6,2,4,18,22,3,1,0,0,0,0,1,0,0,0,1,1,21,22,2,4,0,0,3,1,1,0,5,5,2173,13,131,-114,124,1387,142,424,San Francisco,2017-07-14
2018,7,14,152,289,18,15,9,10,38,37,7,19,82,101,67,215,10,3,7,9,27,31,7,16,65,81,67,57,5,12,2,1,9,5,0,3,14,17,2,1,0,0,0,0,0,1,0,0,1,1,16,16,3,0,0,0,2,0,0,0,2,2,2031,13,153,-113,125,1180,122,448,San Francisco,2018-07-14
2019,7,14,198,240,15,10,13,15,50,34,5,28,89,117,114,167,13,2,5,8,34,28,4,13,66,79,67,55,2,8,6,6,15,4,1,12,20,32,6,1,0,0,0,0,0,0,0,0,0,0,11,17,0,0,2,1,1,2,0,3,3,6,2008,10,134,-112,126,1263,115,378,San Francisco,2019-07-14
2020,7,14,123,227,9,7,6,12,41,40,16,18,97,115,80,171,8,2,4,11,31,32,13,15,76,91,31,43,1,4,2,1,8,4,2,3,14,17,2,0,0,0,0,0,0,0,0,0,0,0,10,13,0,1,0,0,2,4,1,0,7,7,1545,8,103,-110,128,1002,97,328,San Francisco,2020-07-14
2021,7,14,125,198,15,5,9,12,37,33,9,21,79,100,82,144,13,1,8,12,24,27,7,20,58,78,34,36,1,4,1,0,9,6,1,1,16,17,2,2,0,0,0,0,2,0,0,0,2,2,7,16,1,0,0,0,2,0,1,0,3,3,1694,16,121,-116,122,1057,115,365,San Francisco,2021-07-14
2022,7,14,109,194,15,5,3,12,41,32,11,15,84,99,72,149,9,0,1,10,26,31,8,11,65,76,32,24,4,4,2,1,10,1,1,3,12,15,0,2,0,0,0,0,1,0,0,0,1,1,5,19,2,1,0,1,4,0,2,1,6,7,1457,5,111,-115,123,844,97,362,San Francisco,2022-07-14
2023,7,14,132,216,17,9,7,12,41,31,19,19,91,110,65,170,12,2,5,8,28,26,16,13,70,83,52,29,2,5,2,3,9,2,2,5,13,18,0,1,0,0,0,0,2,0,0,0,2,2,15,16,3,2,0,1,2,3,1,1,6,7,1787,13,145,-114,124,1000,109,431,San Francisco,2023-07-14
2024,7,14,107,162,13,12,4,5,46,24,6,9,76,85,54,109,10,1,4,4,25,15,4,8,44,52,44,43,3,8,0,1,16,4,2,1,22,23,0,0,0,0,0,0,1,0,0,0,1,1,9,10,0,3,0,0,4,5,0,0,9,9,1322,7,83,-112,126,755,107,325,San Francisco,2024-07-14
2012,8,14,,,,,,,,,,,,,,,,,,,,,,,,,,,,,,,,,,,,,,,,,,,,,,,,,,,,,,,,,,,,,,,,,,,,,San Francisco,2012-08-14
2013,8,14,,,,,,,,,,,,,,,,,,,,,,,,,,,,,,,,,,,,,,,,,,,,,,,,,,,,,,,,,,,,,,,,,,,,,San Francisco,2013-08-14
2014,8,14,,,,,,,,,,,,,,,,,,,,,,,,,,,,,,,,,,,,,,,,,,,,,,,,,,,,,,,,,,,,,,,,,,,,,San Francisco,2014-08-14
2015,8,14,270,320,34,6,17,14,22,41,13,31,76,107,149,220,22,0,11,8,10,29,10,19,49,68,101,80,12,3,5,4,12,7,0,9,19,28,1,1,0,0,0,1,0,0,0,1,0,1,19,19,0,3,1,1,0,5,3,2,8,10,2331,14,171,-79,159,1606,150,371,San Francisco,2015-08-14
2016,8,14,223,228,21,13,19,13,38,33,11,32,82,114,128,153,12,2,10,7,23,22,9,17,54,71,80,59,8,9,7,4,11,9,2,11,22,33,3,1,1,0,0,0,1,0,0,0,1,1,12,15,0,2,2,2,3,2,0,4,5,9,1939,14,116,-84,154,1289,97,416,San Francisco,2016-08-14
2017,8,14,255,270,16,13,5,14,37,32,12,19,81,100,157,181,12,2,3,11,31,24,11,14,66,80,82,72,3,7,2,2,4,6,1,4,11,15,1,5,0,1,0,0,0,0,0,0,0,0,15,12,1,3,0,1,2,2,0,1,4,5,2206,22,126,-83,155,1377,123,409,San Francisco,2017-08-14
2018,8,14,133,293,20,6,9,11,32,39,4,20,75,95,85,195,17,3,5,6,23,30,2,11,55,66,41,76,1,3,4,3,5,5,1,7,11,18,0,1,0,0,0,0,2,1,1,0,4,4,7,21,2,0,0,2,2,3,0,2,5,7,2098,19,133,-82,156,1313,138,387,San Francisco,2018-08-14
2019,8,14,238,296,27,2,13,8,42,40,8,21,90,111,158,210,19,1,8,5,27,32,8,13,67,80,56,69,4,0,4,2,11,5,0,6,16,22,6,1,1,0,0,1,0,0,0,1,0,1,18,16,3,1,1,0,4,3,0,1,7,8,2310,20,152,-81,157,1460,136,520,San Francisco,2019-08-14
2020,8,14,156,225,14,8,2,14,50,34,23,16,107,123,77,142,12,2,0,12,32,26,19,12,77,89,67,71,1,4,1,2,10,6,3,3,19,22,2,2,0,1,0,0,2,1,0,0,3,3,10,10,1,1,1,0,6,1,1,1,8,9,1836,16,155,-79,159,1157,104,424,San Francisco,2020-08-14
2021,8,14,121,184,17,6,8,7,54,27,18,15,99,114,46,126,9,3,4,4,40,21,13,8,74,82,67,43,5,2,4,3,10,4,4,7,18,25,2,0,0,0,0,0,3,0,0,0,3,3,6,15,3,1,0,0,1,2,1,0,4,4,1684,13,128,-85,153,966,106,409,San Francisco,2021-08-14
2022,8,14,103,179,17,3,5,12,39,23,11,17,73,90,58,122,13,3,3,7,25,19,8,10,52,62,40,38,3,0,1,4,11,1,1,5,13,18,1,2,0,0,0,0,1,0,0,0,1,1,4,17,1,0,1,1,2,3,2,2,7,9,1390,7,98,-84,154,744,80,396,San Francisco,2022-08-14
2023,8,14,94,187,10,5,6,11,51,33,10,17,94,111,50,134,7,0,2,5,36,27,8,7,71,78,32,42,2,5,4,6,10,3,1,10,14,24,1,1,0,0,0,0,0,1,0,0,1,1,11,10,1,0,0,0,5,2,1,0,8,8,1506,16,112,-83,155,866,89,402,San Francisco,2023-08-14
2024,8,14,121,204,11,7,5,7,23,25,14,12,62,74,78,139,8,2,3,5,14,21,10,8,45,53,35,50,2,4,1,1,8,2,3,2,13,15,0,4,0,0,0,0,0,1,1,0,2,2,8,11,1,1,1,1,1,1,0,2,2,4,1482,11,84,-81,157,859,104,355,San Francisco,2024-08-14
2012,9,14,,,,,,,,,,,,,,,,,,,,,,,,,,,,,,,,,,,,,,,,,,,,,,,,,,,,,,,,,,,,,,,,,,,,,San Francisco,2012-09-14
2013,9,14,,,,,,,,,,,,,,,,,,,,,,,,,,,,,,,,,,,,,,,,,,,,,,,,,,,,,,,,,,,,,,,,,,,,,San Francisco,2013-09-14
2014,9,14,,,,,,,,,,,,,,,,,,,,,,,,,,,,,,,,,,,,,,,,,,,,,,,,,,,,,,,,,,,,,,,,,,,,,San Francisco,2014-09-14
2015,9,14,261,306,22,12,6,11,40,31,16,17,87,104,147,195,16,2,3,5,25,27,12,8,64,72,98,93,4,8,2,5,10,4,4,7,18,25,8,1,0,0,0,0,1,0,0,0,1,1,8,17,2,2,1,1,4,0,0,2,4,6,2241,21,131,-48,190,1512,131,426,San Francisco,2015-09-14
2016,9,14,300,336,24,7,4,16,27,42,6,20,75,95,179,228,16,5,1,10,22,29,4,11,55,66,93,99,6,2,3,4,4,8,1,7,13,20,11,0,0,0,0,0,0,1,0,0,1,1,17,9,2,0,0,2,1,4,1,2,6,8,2434,29,151,-53,185,1622,112,487,San Francisco,2016-09-14
2017,9,14,279,370,16,4,9,10,26,46,12,19,84,103,179,239,14,2,6,4,18,31,9,10,58,68,80,113,2,2,3,6,6,8,2,9,16,25,8,5,0,0,0,0,0,0,0,0,0,0,12,13,0,0,0,0,2,7,1,0,10,10,2468,27,140,-52,186,1622,110,465,San Francisco,2017-09-14
2018,9,14,166,320,23,5,4,5,41,36,8,9,85,94,85,198,17,2,2,3,28,28,6,5,62,67,67,87,3,3,2,2,10,4,1,4,15,19,7,9,0,0,0,0,1,0,0,0,1,1,7,26,3,0,0,0,2,4,1,0,7,7,2187,36,136,-51,187,1229,129,481,San Francisco,2018-09-14
2019,9,14,205,288,21,6,7,10,40,45,9,17,94,111,113,174,14,1,3,2,24,28,9,5,61,66,77,88,6,4,4,8,13,11,0,12,24,36,3,3,0,0,0,0,0,1,0,0,1,1,12,23,1,1,0,0,3,5,0,0,8,8,2293,18,148,-50,188,1350,132,514,San Francisco,2019-09-14
2020,9,14,109,177,13,0,3,6,34,32,13,9,79,88,55,121,8,0,1,2,19,25,12,3,56,59,42,39,5,0,1,2,13,5,1,3,19,22,3,2,0,0,0,0,1,1,0,0,2,2,9,15,0,0,1,2,1,1,0,3,2,5,1628,20,93,-48,190,1097,94,326,San Francisco,2020-09-14
2021,9,14,107,197,13,10,11,12,50,37,15,23,102,125,52,119,9,0,7,7,38,30,11,14,79,93,45,65,4,9,3,5,9,3,3,8,15,23,3,0,0,0,1,0,3,0,1,1,4,5,7,13,0,1,0,0,0,4,0,0,4,4,1800,21,87,-54,184,1082,124,401,San Francisco,2021-09-14
2022,9,14,107,203,12,11,6,9,38,26,9,15,73,88,60,141,10,2,3,5,25,19,8,8,52,60,36,48,1,8,3,3,11,2,1,6,14,20,4,3,0,0,0,1,0,0,0,1,0,1,7,11,1,1,0,0,2,5,0,0,7,7,1640,29,124,-53,185,971,110,372,San Francisco,2022-09-14
2023,9,14,105,241,21,7,6,10,43,20,13,16,76,92,62,167,14,1,3,7,22,14,10,10,46,56,38,62,6,4,3,3,19,4,1,6,24,30,0,3,0,0,0,0,0,0,1,0,1,1,5,9,1,2,0,0,2,2,1,0,5,5,1762,17,108,-52,186,973,88,451,San Francisco,2023-09-14
2024,9,14,127,148,17,10,4,4,29,25,12,8,66,74,48,87,9,0,1,3,18,20,9,4,47,51,69,46,7,9,1,1,10,4,3,2,17,19,3,1,0,0,1,0,0,0,0,1,0,1,7,14,1,1,1,0,1,1,0,1,2,3,1456,16,80,-50,188,806,90,382,San Francisco,2024-09-14
2012,10,14,,,,,,,,,,,,,,,,,,,,,,,,,,,,,,,,,,,,,,,,,,,,,,,,,,,,,,,,,,,,,,,,,,,,,San Francisco,2012-10-14
2013,10,14,,,,,,,,,,,,,,,,,,,,,,,,,,,,,,,,,,,,,,,,,,,,,,,,,,,,,,,,,,,,,,,,,,,,,San Francisco,2013-10-14
2014,10,14,,,,,,,,,,,,,,,,,,,,,,,,,,,,,,,,,,,,,,,,,,,,,,,,,,,,,,,,,,,,,,,,,,,,,San Francisco,2014-10-14
2015,10,14,300,356,15,6,16,18,44,46,17,34,107,141,147,192,11,0,7,9,24,32,13,16,69,85,124,127,2,5,8,8,18,10,3,16,31,47,9,4,0,0,0,1,0,0,0,1,0,1,20,33,2,1,1,0,2,4,1,1,7,8,2533,45,182,-18,220,1760,119,456,San Francisco,2015-10-14
2016,10,14,215,231,19,6,8,14,37,30,6,22,73,95,100,131,11,2,2,6,24,24,3,8,51,59,98,81,6,4,6,5,10,4,3,11,17,28,6,2,0,0,0,1,1,0,0,1,1,2,11,17,2,0,0,2,2,2,0,2,4,6,1983,24,159,-23,215,1228,125,449,San Francisco,2016-10-14
2017,10,14,290,287,15,11,8,12,32,29,6,20,67,87,130,165,9,3,4,5,19,14,4,9,37,46,135,99,5,8,4,5,11,12,2,9,25,34,9,1,0,0,0,0,2,0,0,0,2,2,16,22,1,0,0,2,0,3,0,2,3,5,2095,22,156,-22,216,1282,113,446,San Francisco,2017-10-14
2018,10,14,190,315,10,5,11,18,32,35,8,29,75,104,103,200,4,2,6,8,20,22,6,14,48,62,73,90,6,3,5,9,9,11,2,14,22,36,3,3,0,0,0,0,0,0,0,0,0,0,11,22,0,0,0,1,3,2,0,1,5,6,2168,23,183,-21,217,1362,112,450,San Francisco,2018-10-14
2019,10,14,196,296,16,6,12,10,38,47,10,22,95,117,125,174,13,1,6,4,28,35,7,10,70,80,60,102,2,5,6,5,5,8,2,11,15,26,2,3,0,0,0,0,3,0,0,0,3,3,9,17,1,0,0,1,2,4,1,1,7,8,2139,37,156,-20,218,1293,103,461,San Francisco,2019-10-14
2020,10,14,161,224,19,10,6,7,51,29,16,13,96,109,70,149,13,0,3,5,29,20,12,8,61,69,72,56,5,10,3,2,20,3,2,5,25,30,5,3,0,0,0,0,1,0,1,0,2,2,14,16,1,0,0,0,1,6,1,0,8,8,1620,27,110,-18,220,965,113,408,San Francisco,2020-10-14
2021,10,14,116,173,24,13,2,8,35,27,16,10,78,88,39,96,19,0,0,4,16,16,8,4,40,44,66,64,4,10,2,2,18,7,7,4,32,36,2,4,1,0,0,0,0,0,0,0,0,0,9,9,0,3,0,2,1,4,1,2,6,8,1485,22,124,-24,214,807,94,417,San Francisco,2021-10-14
2022,10,14,86,173,23,6,8,12,35,31,9,20,75,95,39,94,13,1,4,6,21,23,6,10,50,60,43,67,7,5,4,3,14,5,3,7,22,29,1,5,0,0,0,0,0,0,0,0,0,0,3,7,3,0,0,3,0,3,0,3,3,6,1441,19,126,-23,215,787,73,387,San Francisco,2022-10-14
2023,10,14,150,188,15,8,5,11,40,19,7,16,66,82,64,120,8,0,2,4,23,13,1,6,37,43,78,56,6,8,2,5,16,5,6,7,27,34,0,4,0,0,0,0,0,0,0,0,0,0,8,8,1,0,1,2,1,1,0,3,2,5,1578,30,97,-22,216,883,82,407,San Francisco,2023-10-14
2024,10,14,102,202,10,4,5,10,50,37,13,15,100,115,57,122,6,0,3,4,29,29,6,7,64,71,38,59,3,4,2,6,18,7,4,8,29,37,0,2,0,0,0,0,0,0,3,0,3,3,7,19,1,0,0,0,3,1,0,0,4,4,1597,19,102,-20,218,909,89,378,San Francisco,2024-10-14
2012,11,14,,,,,,,,,,,,,,,,,,,,,,,,,,,,,,,,,,,,,,,,,,,,,,,,,,,,,,,,,,,,,,,,,,,,,San Francisco,2012-11-14
2013,11,14,,,,,,,,,,,,,,,,,,,,,,,,,,,,,,,,,,,,,,,,,,,,,,,,,,,,,,,,,,,,,,,,,,,,,San Francisco,2013-11-14
2014,11,14,,,,,,,,,,,,,,,,,,,,,,,,,,,,,,,,,,,,,,,,,,,,,,,,,,,,,,,,,,,,,,,,,,,,,San Francisco,2014-11-14
2015,11,14,292,337,19,8,12,17,32,32,9,29,73,102,122,168,9,1,4,5,17,21,8,9,46,55,158,137,5,6,8,9,14,9,1,17,24,41,3,3,0,0,0,0,1,0,0,0,1,1,9,29,5,1,0,3,0,2,0,3,2,5,2263,22,186,13,251,1474,111,474,San Francisco,2015-11-14
2016,11,14,251,272,16,9,5,14,31,22,5,19,58,77,136,138,9,2,1,9,19,15,5,10,39,49,90,111,4,6,4,3,9,5,0,7,14,21,14,3,1,0,0,1,1,1,0,1,2,3,11,20,2,1,0,1,2,1,0,1,3,4,2114,32,215,8,246,1361,117,413,San Francisco,2016-11-14
2017,11,14,239,302,22,5,2,11,56,38,4,13,98,111,121,151,17,1,1,6,25,30,2,7,57,64,93,118,3,4,1,4,21,3,2,5,26,31,7,4,0,0,0,0,2,0,0,0,2,2,18,29,2,0,0,1,8,5,0,1,13,14,2267,33,249,9,247,1469,113,413,San Francisco,2017-11-14
2018,11,14,176,331,24,1,11,13,42,45,9,24,96,120,104,189,14,0,8,4,21,30,7,12,58,70,53,113,6,1,2,9,20,9,1,11,30,41,8,1,1,0,0,0,0,0,0,0,0,0,11,28,3,0,1,0,1,6,1,1,8,9,2280,28,244,10,248,1407,138,409,San Francisco,2018-11-14
2019,11,14,174,281,23,7,8,15,38,39,6,23,83,106,96,160,16,0,2,9,21,30,5,11,56,67,69,94,4,7,5,5,13,4,1,10,18,28,1,8,0,0,0,0,0,2,0,0,2,2,8,19,3,0,1,1,4,3,0,2,7,9,2062,25,196,11,249,1227,123,450,San Francisco,2019-11-14
2020,11,14,137,181,11,3,4,12,35,41,20,16,96,112,47,87,8,1,2,7,16,27,13,9,56,65,76,72,1,2,2,3,15,11,5,5,31,36,1,0,0,0,0,1,2,0,0,1,2,3,13,22,2,0,0,1,2,3,2,1,7,8,1683,23,156,13,251,1043,125,377,San Francisco,2020-11-14
2021,11,14,122,177,11,13,8,7,51,32,8,15,91,106,41,88,3,0,3,4,27,19,4,7,50,57,73,65,4,13,2,3,20,9,3,5,32,37,1,1,0,0,1,0,0,0,0,1,0,1,7,23,4,0,2,0,4,4,1,2,9,11,1504,18,133,7,245,886,94,385,San Francisco,2021-11-14
2022,11,14,91,156,18,9,6,9,40,29,12,15,81,96,50,82,10,3,4,3,24,16,7,7,47,54,36,53,7,6,0,5,13,10,3,5,26,31,1,2,0,0,0,0,1,0,0,0,1,1,4,19,1,0,2,1,2,3,2,3,7,10,1496,22,147,8,246,847,95,354,San Francisco,2022-11-14
2023,11,14,96,177,21,11,5,9,37,26,13,14,76,90,46,96,15,2,4,7,18,22,7,11,47,58,45,63,5,9,1,2,13,3,6,3,22,25,0,1,1,0,0,0,1,0,0,0,1,1,5,17,0,0,0,0,5,1,0,0,6,6,1405,12,91,9,247,840,93,304,San Francisco,2023-11-14
2024,11,14,123,205,13,3,5,13,40,31,5,18,76,94,78,122,5,1,2,4,18,24,0,6,42,48,35,71,5,2,3,7,18,6,4,10,28,38,2,1,0,0,0,0,2,0,1,0,3,3,8,11,3,0,0,2,2,1,0,2,3,5,1726,28,166,11,249,1055,85,395,San Francisco,2024-11-14
2012,12,14,,,,,,,,,,,,,,,,,,,,,,,,,,,,,,,,,,,,,,,,,,,,,,,,,,,,,,,,,,,,,,,,,,,,,San Francisco,2012-12-14
2013,12,14,,,,,,,,,,,,,,,,,,,,,,,,,,,,,,,,,,,,,,,,,,,,,,,,,,,,,,,,,,,,,,,,,,,,,San Francisco,2013-12-14
2014,12,14,,,,,,,,,,,,,,,,,,,,,,,,,,,,,,,,,,,,,,,,,,,,,,,,,,,,,,,,,,,,,,,,,,,,,San Francisco,2014-12-14
2015,12,14,234,272,19,2,9,9,43,26,10,18,79,97,137,118,15,0,2,6,22,21,7,8,50,58,80,123,2,2,7,2,16,3,2,9,21,30,6,5,0,0,0,0,2,0,0,0,2,2,11,26,2,0,0,1,3,2,1,1,6,7,2087,45,190,43,281,1396,133,346,San Francisco,2015-12-14
2016,12,14,237,310,22,4,12,15,45,37,9,27,91,118,111,144,14,1,4,6,23,21,4,10,48,58,104,133,6,3,6,9,18,10,5,15,33,48,13,6,0,0,0,0,1,1,0,0,2,2,9,27,2,0,2,0,3,5,0,2,8,10,2363,51,201,38,276,1635,139,433,San Francisco,2016-12-14
2017,12,14,266,306,17,5,10,10,34,33,7,20,74,94,131,157,9,1,3,3,18,17,2,6,37,43,110,120,6,3,7,7,12,13,4,14,29,43,6,4,1,1,0,0,0,0,1,0,1,1,19,25,1,0,0,0,4,3,0,0,7,7,2357,41,203,39,277,1614,110,398,San Francisco,2017-12-14
2018,12,14,149,230,15,2,15,12,25,37,4,27,66,93,68,106,11,0,6,6,9,21,2,12,32,44,76,96,2,2,9,5,14,10,2,14,26,40,1,7,0,0,0,0,0,1,0,0,1,1,4,21,2,0,0,1,2,5,0,1,7,8,1817,32,203,40,278,1003,126,464,San Francisco,2018-12-14
2019,12,14,169,221,12,5,13,11,35,32,7,24,74,98,84,125,4,1,6,6,18,22,5,12,45,57,78,84,6,4,7,5,16,6,1,12,23,35,0,1,0,0,0,0,0,0,0,0,0,0,7,11,2,0,0,0,1,4,1,0,6,6,1859,21,133,41,279,1087,137,483,San Francisco,2019-12-14
2020,12,14,100,185,12,4,4,4,48,39,18,8,105,113,40,94,8,0,2,1,21,21,9,3,51,54,53,71,3,3,1,1,24,13,5,2,42,44,1,3,0,0,0,1,0,0,0,1,0,1,6,17,1,1,1,1,3,5,4,2,12,14,1515,27,121,43,281,962,101,294,San Francisco,2020-12-14
2021,12,14,83,189,20,11,5,6,43,25,20,11,88,99,39,108,10,4,1,1,25,11,11,2,47,49,40,65,7,6,3,4,13,12,5,7,30,37,0,4,0,0,0,0,3,0,2,0,5,5,4,12,3,1,1,1,2,2,2,2,6,8,1605,32,152,37,275,965,90,355,San Francisco,2021-12-14
2022,12,14,112,171,18,14,3,7,33,33,20,10,86,96,47,94,8,1,2,7,17,21,16,9,54,63,59,58,7,11,1,0,12,8,2,1,22,23,2,4,0,1,0,0,0,0,0,0,0,0,4,15,3,1,0,0,4,4,2,0,10,10,1402,26,127,38,276,816,100,352,San Francisco,2022-12-14
2023,12,14,87,221,14,6,8,4,44,41,13,12,98,110,42,97,5,0,5,2,16,27,12,7,55,62,40,104,5,4,2,2,20,7,0,4,27,31,2,2,0,0,1,0,3,0,0,1,3,4,3,18,4,2,0,0,5,7,1,0,13,13,1747,36,162,39,277,1008,107,356,San Francisco,2023-12-14
2024,12,14,107,166,16,4,5,10,33,29,10,15,72,87,34,78,3,1,2,5,15,15,2,7,32,39,67,77,10,3,3,5,16,12,5,8,33,41,1,2,0,0,0,0,1,0,1,0,2,2,5,9,3,0,0,0,1,2,2,0,5,5,1569,30,115,41,279,839,99,469,San Francisco,2024-12-14
2012,1,15,,,,,,,,,,,,,,,,,,,,,,,,,,,,,,,,,,,,,,,,,,,,,,,,,,,,,,,,,,,,,,,,,,,,,San Francisco,2012-01-15
2013,1,15,,,,,,,,,,,,,,,,,,,,,,,,,,,,,,,,,,,,,,,,,,,,,,,,,,,,,,,,,,,,,,,,,,,,,San Francisco,2013-01-15
2014,1,15,,,,,,,,,,,,,,,,,,,,,,,,,,,,,,,,,,,,,,,,,,,,,,,,,,,,,,,,,,,,,,,,,,,,,San Francisco,2014-01-15
2015,1,15,231,354,20,7,17,8,37,42,12,25,91,116,115,210,11,1,7,4,17,25,6,11,48,59,87,107,5,5,10,4,18,12,5,14,35,49,11,6,0,0,0,0,0,0,0,0,0,0,18,31,4,1,0,0,2,5,1,0,8,8,2194,54,197,-290,-52,1634,111,298,San Francisco,2015-01-15
2016,1,15,230,321,26,8,8,9,56,29,11,17,96,113,111,161,16,0,1,3,37,21,8,4,66,70,98,135,6,6,6,5,16,7,1,11,24,35,3,2,0,0,0,0,0,0,0,0,0,0,18,23,4,2,1,1,3,1,2,2,6,8,2231,31,220,-296,-58,1528,143,394,San Francisco,2016-01-15
2017,1,15,205,247,15,8,12,7,30,28,13,19,71,90,88,122,8,2,2,2,17,18,10,4,45,49,100,94,5,6,10,5,11,10,2,15,23,38,5,6,1,0,0,0,0,0,0,0,0,0,12,25,1,0,0,0,2,0,1,0,3,3,1866,27,154,-294,-56,1188,110,378,San Francisco,2017-01-15
2018,1,15,252,271,13,13,8,13,32,30,2,21,64,85,125,150,9,1,6,5,16,19,1,11,36,47,104,100,3,11,2,5,13,9,1,7,23,30,7,2,0,0,0,0,0,0,0,0,0,0,16,19,1,1,0,3,3,2,0,3,5,8,2025,28,151,-293,-55,1344,119,363,San Francisco,2018-01-15
2019,1,15,139,233,28,3,2,7,34,33,8,9,75,84,67,116,14,0,0,3,21,18,6,3,45,48,63,90,10,3,1,4,11,13,2,5,26,31,4,8,0,0,0,0,0,0,0,0,0,0,5,19,4,0,1,0,2,2,0,1,4,5,1932,40,175,-292,-54,1241,128,355,San Francisco,2019-01-15
2020,1,15,191,253,24,9,11,4,44,40,10,15,94,109,126,133,11,1,5,3,28,25,6,8,59,67,51,99,8,8,3,1,12,6,4,4,22,26,6,4,0,0,0,0,0,1,0,0,1,1,8,17,5,0,3,0,4,8,0,3,12,15,2228,53,178,-291,-53,1475,118,368,San Francisco,2020-01-15
2021,1,15,158,230,15,21,4,9,44,44,17,13,105,118,53,129,7,1,2,3,25,31,15,5,71,76,92,76,5,15,2,6,15,10,1,8,26,34,1,3,1,0,0,0,0,0,1,0,1,1,12,22,2,5,0,0,4,3,0,0,7,7,1733,21,172,-296,-58,1135,113,361,San Francisco,2021-01-15
2022,1,15,118,170,8,10,8,6,37,30,14,14,81,95,42,86,4,0,2,1,22,20,11,3,53,56,67,63,4,10,5,4,12,6,2,9,20,29,3,3,0,0,0,0,0,0,0,0,0,0,6,18,0,0,1,1,3,4,1,2,8,10,1542,29,133,-295,-57,908,96,344,San Francisco,2022-01-15
2023,1,15,127,147,15,9,2,5,38,29,8,7,75,82,45,65,6,2,0,2,21,22,4,2,47,49,73,70,5,7,2,3,16,5,3,5,24,29,6,1,1,0,0,0,0,0,0,0,0,0,3,11,3,0,0,0,1,2,1,0,4,4,1414,24,102,-294,-56,818,79,336,San Francisco,2023-01-15
2024,1,15,84,149,13,11,5,8,38,17,8,13,63,76,30,71,6,1,2,2,19,8,6,4,33,37,53,69,7,10,2,6,15,4,2,8,21,29,0,3,0,0,0,0,0,0,0,0,0,0,1,6,0,0,1,0,4,5,0,1,9,10,1563,29,116,-293,-55,868,103,334,San Francisco,2024-01-15
2012,2,15,,,,,,,,,,,,,,,,,,,,,,,,,,,,,,,,,,,,,,,,,,,,,,,,,,,,,,,,,,,,,,,,,,,,,San Francisco,2012-02-15
2013,2,15,,,,,,,,,,,,,,,,,,,,,,,,,,,,,,,,,,,,,,,,,,,,,,,,,,,,,,,,,,,,,,,,,,,,,San Francisco,2013-02-15
2014,2,15,,,,,,,,,,,,,,,,,,,,,,,,,,,,,,,,,,,,,,,,,,,,,,,,,,,,,,,,,,,,,,,,,,,,,San Francisco,2014-02-15
2015,2,15,218,289,32,12,14,12,31,28,11,26,70,96,88,175,18,3,5,2,18,18,5,7,41,48,115,92,13,9,7,9,11,6,6,16,23,39,0,2,0,0,0,0,0,0,0,0,0,0,15,20,1,0,2,1,2,4,0,3,6,9,2152,21,164,-259,-21,1496,124,360,San Francisco,2015-02-15
2016,2,15,242,374,20,2,12,13,30,25,6,25,61,86,119,198,12,1,6,9,14,19,3,15,36,51,101,146,8,1,6,4,14,5,2,10,21,31,7,2,0,0,0,0,0,0,0,0,0,0,15,28,0,0,0,0,2,1,1,0,4,4,2240,25,187,-265,-27,1561,115,370,San Francisco,2016-02-15
2017,2,15,253,290,16,2,6,16,34,40,12,22,86,108,134,161,10,0,2,1,21,23,12,3,56,59,98,105,4,2,4,15,11,14,0,19,25,44,11,7,0,0,0,0,0,1,0,0,1,1,10,17,2,0,0,0,2,2,0,0,4,4,2345,40,183,-263,-25,1608,111,392,San Francisco,2017-02-15
2018,2,15,243,300,18,7,13,13,36,21,7,26,64,90,133,166,13,0,5,10,23,15,6,15,44,59,87,109,4,5,8,3,10,5,1,11,16,27,13,2,0,0,0,0,1,0,0,0,1,1,10,23,1,2,0,0,2,1,0,0,3,3,2351,30,206,-262,-24,1579,113,435,San Francisco,2018-02-15
2019,2,15,152,276,26,3,7,15,28,33,4,22,65,87,94,156,13,0,3,7,19,25,3,10,47,57,46,94,11,2,3,8,8,7,1,11,16,27,4,9,0,0,0,0,0,0,0,0,0,0,8,17,2,1,1,0,1,1,0,1,2,3,2138,37,191,-261,-23,1297,151,415,San Francisco,2019-02-15
2020,2,15,134,207,20,3,6,12,19,43,7,18,69,87,49,105,14,0,1,7,10,30,5,8,45,53,76,82,6,3,4,5,9,8,2,9,19,28,1,2,0,0,0,0,0,0,0,0,0,0,8,18,0,0,1,0,0,5,0,1,5,6,1840,11,155,-260,-22,1194,115,371,San Francisco,2020-02-15
2021,2,15,105,170,12,5,5,6,46,36,16,11,98,109,64,103,8,1,2,4,29,27,11,6,67,73,37,62,4,2,1,2,16,6,4,3,26,29,0,0,0,0,0,0,0,1,0,0,1,1,4,5,0,2,2,0,1,2,1,2,4,6,1629,14,121,-265,-27,1077,84,299,San Francisco,2021-02-15
2022,2,15,97,177,16,11,11,10,33,27,12,21,72,93,55,108,11,4,8,5,18,21,7,13,46,59,37,63,4,6,3,4,14,0,4,7,18,25,0,2,0,1,0,0,1,0,0,0,1,1,5,4,1,0,0,1,0,6,1,1,7,8,1561,20,133,-264,-26,919,81,364,San Francisco,2022-02-15
2023,2,15,72,195,14,2,8,8,29,26,12,16,67,83,36,116,10,1,3,5,17,15,10,8,42,50,34,63,2,1,3,3,11,7,2,6,20,26,1,3,0,0,1,0,0,1,0,1,1,2,1,13,2,0,1,0,1,3,0,1,4,5,1603,31,95,-263,-25,937,76,372,San Francisco,2023-02-15
2024,2,15,94,182,15,7,15,9,27,25,8,24,60,84,54,94,6,3,12,4,17,20,5,16,42,58,35,76,6,3,3,5,8,3,3,8,14,22,2,2,0,0,0,0,0,0,0,0,0,0,3,10,3,1,0,0,2,2,0,0,4,4,1624,18,126,-262,-24,931,104,372,San Francisco,2024-02-15
2012,3,15,,,,,,,,,,,,,,,,,,,,,,,,,,,,,,,,,,,,,,,,,,,,,,,,,,,,,,,,,,,,,,,,,,,,,San Francisco,2012-03-15
2013,3,15,,,,,,,,,,,,,,,,,,,,,,,,,,,,,,,,,,,,,,,,,,,,,,,,,,,,,,,,,,,,,,,,,,,,,San Francisco,2013-03-15
2014,3,15,,,,,,,,,,,,,,,,,,,,,,,,,,,,,,,,,,,,,,,,,,,,,,,,,,,,,,,,,,,,,,,,,,,,,San Francisco,2014-03-15
2015,3,15,253,329,15,12,23,20,24,24,12,43,60,103,139,167,10,4,7,12,15,14,9,19,38,57,98,132,4,8,11,7,6,6,2,18,14,32,3,6,0,0,1,0,0,0,0,1,0,1,13,24,1,0,4,1,3,4,1,5,8,13,2133,25,138,-231,7,1456,122,369,San Francisco,2015-03-15
2016,3,15,248,319,24,7,10,10,45,36,13,20,94,114,132,206,16,1,3,4,30,21,12,7,63,70,101,88,5,6,6,5,14,10,0,11,24,35,7,1,1,0,0,1,0,0,0,1,0,1,8,24,2,0,1,0,1,5,1,1,7,8,2220,26,145,-236,2,1550,120,372,San Francisco,2016-03-15
2017,3,15,286,312,22,8,13,15,55,33,14,28,102,130,163,184,11,1,4,5,39,23,10,9,72,81,105,100,7,6,8,9,14,6,2,17,22,39,8,6,0,0,0,0,0,0,1,0,1,1,10,22,4,1,1,1,2,4,1,2,7,9,2457,55,141,-235,3,1671,115,467,San Francisco,2017-03-15
2018,3,15,233,268,18,2,5,9,34,33,3,14,70,84,135,169,14,0,2,7,28,29,1,9,58,67,74,79,2,2,3,0,5,3,1,3,9,12,16,4,0,0,0,0,1,0,0,0,1,1,8,16,2,0,0,2,0,1,1,2,2,4,2073,49,96,-234,4,1364,128,355,San Francisco,2018-03-15
2019,3,15,240,315,24,8,10,11,45,36,10,21,91,112,132,212,16,1,5,6,28,30,4,11,62,73,91,85,4,6,4,5,13,3,5,9,21,30,7,5,1,0,0,0,1,0,0,0,1,1,10,13,3,1,1,0,3,3,1,1,7,8,2402,41,145,-233,5,1474,144,517,San Francisco,2019-03-15
2020,3,15,138,204,10,6,11,13,33,29,9,24,71,95,59,129,4,1,6,9,21,21,4,15,46,61,64,59,6,3,4,3,8,3,2,7,13,20,7,4,0,0,0,0,0,0,0,0,0,0,8,12,0,2,1,1,4,5,3,2,12,14,1547,19,104,-231,7,983,112,308,San Francisco,2020-03-15
2021,3,15,94,196,15,3,3,12,48,40,13,15,101,116,49,116,11,0,3,6,36,31,6,9,73,82,42,69,3,1,0,6,9,6,4,6,19,25,1,1,0,0,0,0,1,0,0,0,1,1,2,10,1,2,0,0,2,3,3,0,8,8,1705,28,100,-237,1,1134,96,322,San Francisco,2021-03-15
2022,3,15,101,229,10,8,6,13,37,30,14,19,81,100,53,135,7,2,4,10,24,26,8,14,58,72,44,78,1,6,2,2,11,3,6,4,20,24,3,1,1,0,0,0,1,1,0,0,2,2,1,15,1,0,0,1,1,0,0,1,1,2,1644,24,94,-236,2,989,94,368,San Francisco,2022-03-15
2023,3,15,92,186,13,7,9,9,39,38,10,18,87,105,49,124,10,3,5,6,23,30,7,11,60,71,40,51,2,3,3,3,13,5,2,6,20,26,3,3,0,0,0,0,0,0,1,0,1,1,0,8,1,1,1,0,3,3,0,1,6,7,1514,38,96,-235,3,917,96,359,San Francisco,2023-03-15
2024,3,15,102,195,12,6,8,7,41,33,12,15,86,101,47,113,9,2,8,4,24,24,9,12,57,69,49,64,1,4,0,2,13,6,1,2,20,22,0,1,0,0,0,0,2,0,0,0,2,2,6,17,2,0,0,1,2,3,2,1,7,8,1778,17,121,-233,5,1007,130,409,San Francisco,2024-03-15
2012,4,15,,,,,,,,,,,,,,,,,,,,,,,,,,,,,,,,,,,,,,,,,,,,,,,,,,,,,,,,,,,,,,,,,,,,,San Francisco,2012-04-15
2013,4,15,,,,,,,,,,,,,,,,,,,,,,,,,,,,,,,,,,,,,,,,,,,,,,,,,,,,,,,,,,,,,,,,,,,,,San Francisco,2013-04-15
2014,4,15,,,,,,,,,,,,,,,,,,,,,,,,,,,,,,,,,,,,,,,,,,,,,,,,,,,,,,,,,,,,,,,,,,,,,San Francisco,2014-04-15
2015,4,15,237,312,31,4,11,6,36,35,18,17,89,106,148,209,20,0,5,5,27,30,14,10,71,81,59,75,6,3,4,1,7,3,2,5,12,17,9,3,1,0,0,0,0,0,0,0,0,0,21,25,4,1,2,0,2,2,2,2,6,8,2241,25,158,-200,38,1523,122,423,San Francisco,2015-04-15
2016,4,15,250,338,27,12,8,17,27,36,8,25,71,96,138,217,22,5,0,9,15,29,5,9,49,58,83,97,3,7,6,8,8,6,1,14,15,29,12,2,0,0,0,0,0,0,0,0,0,0,17,22,2,0,2,0,4,1,2,2,7,9,2214,23,149,-205,33,1509,122,392,San Francisco,2016-04-15
2017,4,15,261,254,25,14,7,21,29,27,4,28,60,88,151,165,17,2,1,12,18,25,4,13,47,60,96,73,7,12,6,8,11,1,0,14,12,26,6,2,0,0,0,0,0,0,0,0,0,0,8,14,1,0,0,1,0,1,0,1,1,2,2245,16,123,-204,34,1453,112,405,San Francisco,2017-04-15
2018,4,15,226,264,15,6,5,13,34,30,5,18,69,87,123,161,8,1,2,8,22,23,5,10,50,60,92,90,6,4,3,3,10,7,0,6,17,23,2,0,0,0,0,0,0,0,0,0,0,0,9,13,1,1,0,2,2,0,0,2,2,4,1871,10,118,-203,35,1191,103,381,San Francisco,2018-04-15
2019,4,15,203,267,16,6,7,4,35,49,8,11,92,103,150,189,13,2,5,3,26,39,6,8,71,79,37,56,3,4,1,1,5,6,1,2,12,14,1,5,0,0,0,0,0,0,0,0,0,0,15,17,0,0,1,0,4,4,1,1,9,10,2338,18,143,-202,36,1499,105,457,San Francisco,2019-04-15
2020,4,15,232,246,5,0,3,19,44,37,10,22,91,113,162,178,5,0,1,14,21,29,9,15,59,74,53,54,0,0,2,4,17,2,0,6,19,25,2,2,0,0,0,0,1,0,0,0,1,1,15,12,0,0,0,1,5,6,1,1,12,13,1948,10,116,-200,38,1202,123,362,San Francisco,2020-04-15
2021,4,15,111,206,15,10,7,4,49,30,15,11,94,105,60,138,10,2,5,3,33,27,11,8,71,79,43,57,4,7,1,1,13,1,3,2,17,19,2,2,0,0,0,0,0,0,0,0,0,0,6,9,1,1,1,0,3,2,1,1,6,7,1614,13,84,-206,32,1023,117,338,San Francisco,2021-04-15
2022,4,15,114,185,7,3,7,17,34,32,14,24,80,104,53,127,4,1,6,13,20,26,10,19,56,75,48,46,3,1,1,1,12,4,3,2,19,21,3,0,0,0,0,0,0,0,1,0,1,1,10,12,0,1,0,3,2,2,0,3,4,7,1524,15,105,-205,33,843,108,384,San Francisco,2022-04-15
2023,4,15,122,119,13,21,6,12,22,24,8,18,54,72,64,70,7,0,2,3,15,19,8,5,42,47,47,38,3,20,2,5,6,2,0,7,8,15,3,2,0,0,0,0,0,0,0,0,0,0,8,9,3,1,2,4,1,3,0,6,4,10,1541,8,100,-204,34,825,94,389,San Francisco,2023-04-15
2024,4,15,79,165,9,5,3,6,43,30,5,9,78,87,41,114,8,1,2,3,32,26,5,5,63,68,29,37,1,3,1,3,6,2,0,4,8,12,1,1,0,1,0,0,0,0,0,0,0,0,8,13,0,0,0,0,5,2,0,0,7,7,1655,17,105,-202,36,934,94,332,San Francisco,2024-04-15
2012,5,15,,,,,,,,,,,,,,,,,,,,,,,,,,,,,,,,,,,,,,,,,,,,,,,,,,,,,,,,,,,,,,,,,,,,,San Francisco,2012-05-15
2013,5,15,,,,,,,,,,,,,,,,,,,,,,,,,,,,,,,,,,,,,,,,,,,,,,,,,,,,,,,,,,,,,,,,,,,,,San Francisco,2013-05-15
2014,5,15,,,,,,,,,,,,,,,,,,,,,,,,,,,,,,,,,,,,,,,,,,,,,,,,,,,,,,,,,,,,,,,,,,,,,San Francisco,2014-05-15
2015,5,15,228,371,27,0,6,9,23,30,20,15,73,88,145,247,21,0,3,4,17,24,17,7,58,65,70,94,5,0,2,3,4,5,2,5,11,16,3,2,0,0,0,0,1,0,0,0,1,1,10,28,1,0,1,2,1,1,1,3,3,6,2241,12,171,-170,68,1562,131,406,San Francisco,2015-05-15
2016,5,15,301,382,20,8,13,16,30,35,13,29,78,107,212,278,14,0,5,9,19,29,8,14,56,70,73,79,5,8,7,5,9,3,2,12,14,26,5,1,0,0,0,0,0,0,0,0,0,0,11,24,1,0,1,2,2,3,3,3,8,11,2377,12,167,-175,63,1571,118,430,San Francisco,2016-05-15
2017,5,15,250,263,30,2,6,8,43,41,10,14,94,108,178,194,22,2,2,4,35,35,6,6,76,82,50,56,5,0,4,3,5,3,3,7,11,18,3,0,0,0,0,1,0,0,0,1,0,1,19,13,3,0,0,0,3,3,1,0,7,7,2364,14,141,-174,64,1545,143,365,San Francisco,2017-05-15
2018,5,15,161,331,15,3,7,5,44,29,12,12,85,97,105,230,13,0,4,4,34,23,8,8,65,73,40,68,1,3,3,1,6,5,1,4,12,16,2,2,1,0,0,0,0,0,0,0,0,0,14,31,0,0,0,0,4,1,3,0,8,8,1982,15,134,-173,65,1254,105,428,San Francisco,2018-05-15
2019,5,15,154,294,24,2,8,21,30,25,11,29,66,95,111,212,20,0,5,13,19,18,8,18,45,63,38,54,0,2,2,4,10,3,2,6,15,21,2,6,0,0,0,0,0,0,1,0,1,1,3,22,4,0,1,4,1,4,0,5,5,10,2207,23,148,-172,66,1407,118,418,San Francisco,2019-05-15
2020,5,15,189,231,14,9,7,12,48,36,12,19,96,115,107,158,8,0,4,9,31,27,10,13,68,81,60,49,2,5,3,3,14,5,1,6,20,26,3,4,0,0,0,0,0,0,0,0,0,0,19,20,4,4,0,0,3,4,1,0,8,8,2185,15,142,-170,68,1312,121,393,San Francisco,2020-05-15
2021,5,15,132,165,12,20,1,6,32,32,8,7,72,79,57,121,8,10,1,3,24,23,6,4,53,57,54,29,3,9,0,2,8,6,1,2,15,17,0,2,0,0,0,0,0,0,0,0,0,0,21,13,1,1,0,1,0,3,1,1,4,5,1653,6,121,-176,62,1038,114,377,San Francisco,2021-05-15
2022,5,15,97,141,17,8,5,11,43,31,8,16,82,98,52,89,9,2,1,6,29,24,6,7,59,66,38,36,7,5,3,5,10,3,1,8,14,22,0,0,0,0,0,0,1,0,0,0,1,1,7,16,1,1,1,0,3,4,1,1,8,9,1313,4,119,-175,63,735,85,355,San Francisco,2022-05-15
2023,5,15,98,166,12,13,8,14,22,26,14,22,62,84,52,124,9,6,4,9,15,21,12,13,48,61,39,32,2,5,2,1,7,2,2,3,11,14,1,0,0,0,0,0,0,0,0,0,0,0,6,10,1,2,2,4,0,3,0,6,3,9,1663,8,106,-174,64,968,118,386,San Francisco,2023-05-15
2024,5,15,100,201,20,9,3,4,29,28,3,7,60,67,61,144,18,1,1,3,19,22,2,4,43,47,31,41,1,7,1,0,7,0,0,1,7,8,1,1,0,0,0,0,0,0,0,0,0,0,7,15,1,1,1,1,3,6,1,2,10,12,1683,6,108,-172,66,967,108,365,San Francisco,2024-05-15
2012,6,15,,,,,,,,,,,,,,,,,,,,,,,,,,,,,,,,,,,,,,,,,,,,,,,,,,,,,,,,,,,,,,,,,,,,,San Francisco,2012-06-15
2013,6,15,,,,,,,,,,,,,,,,,,,,,,,,,,,,,,,,,,,,,,,,,,,,,,,,,,,,,,,,,,,,,,,,,,,,,San Francisco,2013-06-15
2014,6,15,,,,,,,,,,,,,,,,,,,,,,,,,,,,,,,,,,,,,,,,,,,,,,,,,,,,,,,,,,,,,,,,,,,,,San Francisco,2014-06-15
2015,6,15,238,310,21,8,13,15,40,36,22,28,98,126,168,243,15,0,9,13,33,27,19,22,79,101,53,42,4,8,3,0,6,5,3,3,14,17,3,2,0,0,1,0,0,0,0,1,0,1,14,23,2,0,0,2,1,4,0,2,5,7,2091,16,149,-139,99,1485,118,347,San Francisco,2015-06-15
2016,6,15,256,285,21,7,10,12,25,33,14,22,72,94,187,207,16,3,5,10,19,27,8,15,54,69,42,48,2,4,3,0,3,3,3,3,9,12,4,1,0,0,0,0,0,0,0,0,0,0,23,29,3,0,2,2,3,3,3,4,9,13,2205,13,176,-144,94,1580,124,360,San Francisco,2016-06-15
2017,6,15,270,242,24,14,8,13,39,29,6,21,74,95,179,175,22,5,6,10,27,20,4,16,51,67,57,49,0,6,2,2,9,5,0,4,14,18,5,2,0,0,0,0,0,0,0,0,0,0,29,16,2,3,0,1,3,4,2,1,9,10,2268,15,179,-143,95,1470,153,432,San Francisco,2017-06-15
2018,6,15,129,265,21,8,3,8,34,50,9,11,93,104,79,196,16,3,2,4,22,45,7,6,74,80,36,53,3,4,0,3,11,3,1,3,15,18,3,2,0,0,0,0,0,0,0,0,0,0,11,14,2,1,1,1,1,2,1,2,4,6,1848,19,154,-142,96,1161,103,452,San Francisco,2018-06-15
2019,6,15,170,258,9,9,4,12,33,21,9,16,63,79,97,176,7,0,2,7,24,20,4,9,48,57,53,59,1,8,2,4,8,0,4,6,12,18,5,3,0,0,0,0,0,0,0,0,0,0,15,20,1,1,0,1,1,1,1,1,3,4,1981,10,178,-141,97,1261,100,391,San Francisco,2019-06-15
2020,6,15,125,219,8,14,8,10,40,34,13,18,87,105,64,154,6,2,8,8,27,32,11,16,70,86,39,35,1,7,0,1,8,2,0,1,10,11,0,4,0,0,0,0,1,0,0,0,1,1,22,26,1,5,0,1,4,0,2,1,6,7,1734,16,150,-139,99,1114,102,340,San Francisco,2020-06-15
2021,6,15,142,191,14,19,7,12,53,27,10,19,90,109,63,145,10,8,5,9,33,23,7,14,63,77,51,34,2,8,2,2,15,3,3,4,21,25,2,0,0,0,0,0,1,0,0,0,1,1,26,12,2,3,0,1,4,1,0,1,5,6,1665,10,136,-145,93,963,103,419,San Francisco,2021-06-15
2022,6,15,114,179,14,4,6,9,54,22,10,15,86,101,70,135,10,2,3,6,33,20,8,9,61,70,33,27,1,1,2,1,12,1,2,3,15,18,2,1,0,0,0,0,2,0,0,0,2,2,9,16,3,1,1,2,7,1,0,3,8,11,1418,10,122,-144,94,810,109,365,San Francisco,2022-06-15
2023,6,15,83,220,9,6,5,4,27,28,6,9,61,70,51,151,6,2,4,2,18,20,5,6,43,49,23,49,2,3,1,2,8,5,0,3,13,16,0,2,0,0,0,0,0,0,0,0,0,0,9,18,1,1,0,0,1,3,1,0,5,5,1575,8,121,-143,95,881,101,418,San Francisco,2023-06-15
2024,6,15,113,167,14,7,10,12,23,20,8,22,51,73,61,115,9,2,7,7,15,15,6,14,36,50,43,35,1,3,3,5,7,2,2,8,11,19,0,0,0,1,0,0,1,0,0,0,1,1,9,17,4,1,0,0,0,3,0,0,3,3,1394,6,131,-141,97,785,102,373,San Francisco,2024-06-15
2012,7,15,,,,,,,,,,,,,,,,,,,,,,,,,,,,,,,,,,,,,,,,,,,,,,,,,,,,,,,,,,,,,,,,,,,,,San Francisco,2012-07-15
2013,7,15,,,,,,,,,,,,,,,,,,,,,,,,,,,,,,,,,,,,,,,,,,,,,,,,,,,,,,,,,,,,,,,,,,,,,San Francisco,2013-07-15
2014,7,15,,,,,,,,,,,,,,,,,,,,,,,,,,,,,,,,,,,,,,,,,,,,,,,,,,,,,,,,,,,,,,,,,,,,,San Francisco,2014-07-15
2015,7,15,224,323,27,9,6,7,38,25,10,13,73,86,150,233,20,1,5,6,36,21,6,11,63,74,52,63,6,8,0,0,2,2,3,0,7,7,2,1,0,0,0,0,0,1,0,0,1,1,20,26,1,0,1,1,0,1,1,2,2,4,2103,11,156,-109,129,1457,108,379,San Francisco,2015-07-15
2016,7,15,211,224,21,11,12,12,35,25,8,24,68,92,142,164,13,3,4,10,22,20,6,14,48,62,54,47,5,8,6,0,11,3,0,6,14,20,2,3,0,0,0,0,1,0,0,0,1,1,13,10,3,0,2,2,1,2,2,4,5,9,1801,16,161,-114,124,1083,141,432,San Francisco,2016-07-15
2017,7,15,245,271,17,12,9,19,35,31,10,28,76,104,154,201,10,5,5,11,19,27,6,16,52,68,65,56,3,4,3,7,11,2,1,10,14,24,3,1,0,0,0,0,1,0,0,0,1,1,23,13,4,3,1,1,4,2,3,2,9,11,2279,10,153,-113,125,1398,140,447,San Francisco,2017-07-15
2018,7,15,147,292,16,7,5,14,27,26,6,19,59,78,62,198,8,0,2,10,14,16,5,12,35,47,61,72,6,6,2,2,12,5,0,4,17,21,6,1,0,0,0,0,0,0,0,0,0,0,18,21,2,1,1,2,1,5,1,3,7,10,1964,13,141,-112,126,1217,121,416,San Francisco,2018-07-15
2019,7,15,141,304,18,5,11,16,30,42,9,27,81,108,84,236,15,0,4,11,20,33,6,15,59,74,37,43,1,4,4,3,10,5,2,7,17,24,3,1,1,0,0,0,0,0,1,0,1,1,17,24,1,1,3,2,0,4,0,5,4,9,2306,16,162,-111,127,1482,110,399,San Francisco,2019-07-15
2020,7,15,153,217,11,13,6,7,56,44,15,13,115,128,82,160,8,3,4,4,43,38,13,8,94,102,46,40,2,9,0,3,9,4,1,3,14,17,3,0,0,1,0,0,1,0,0,0,1,1,22,17,1,0,2,0,3,2,1,2,6,8,1625,16,111,-109,129,1061,93,347,San Francisco,2020-07-15
2021,7,15,96,196,16,11,6,3,39,31,10,9,80,89,57,142,11,0,4,3,27,26,7,7,60,67,26,36,5,9,2,0,8,2,1,2,11,13,2,1,0,0,0,0,1,0,0,0,1,1,11,17,0,2,0,0,3,3,2,0,8,8,1526,14,120,-115,123,941,92,325,San Francisco,2021-07-15
2022,7,15,103,191,8,8,3,6,42,33,6,9,81,90,55,142,6,1,1,2,27,27,5,3,59,62,36,26,2,6,0,2,11,2,1,2,14,16,0,1,0,0,0,1,1,1,0,1,2,3,12,22,0,1,2,1,3,3,0,3,6,9,1360,11,127,-114,124,771,74,384,San Francisco,2022-07-15
2023,7,15,163,177,16,10,6,15,33,21,21,21,75,96,93,130,11,6,3,7,21,17,18,10,56,66,50,34,4,2,1,5,9,2,2,6,13,19,5,3,0,0,1,0,1,0,0,1,1,2,15,10,1,2,1,3,2,2,1,4,5,9,1506,15,133,-113,125,861,95,409,San Francisco,2023-07-15
2024,7,15,95,167,12,8,3,11,32,31,19,14,82,96,54,124,7,2,3,9,20,24,16,12,60,72,29,33,5,4,0,1,7,4,2,1,13,14,1,2,0,0,0,0,1,1,0,0,2,2,11,8,0,2,0,1,4,2,1,1,7,8,1366,11,115,-111,127,768,108,349,San Francisco,2024-07-15
2012,8,15,,,,,,,,,,,,,,,,,,,,,,,,,,,,,,,,,,,,,,,,,,,,,,,,,,,,,,,,,,,,,,,,,,,,,San Francisco,2012-08-15
2013,8,15,,,,,,,,,,,,,,,,,,,,,,,,,,,,,,,,,,,,,,,,,,,,,,,,,,,,,,,,,,,,,,,,,,,,,San Francisco,2013-08-15
2014,8,15,,,,,,,,,,,,,,,,,,,,,,,,,,,,,,,,,,,,,,,,,,,,,,,,,,,,,,,,,,,,,,,,,,,,,San Francisco,2014-08-15
2015,8,15,306,315,25,7,14,15,29,27,9,29,65,94,163,199,17,3,3,11,13,22,6,14,41,55,129,89,5,3,11,2,10,2,3,13,15,28,1,3,0,0,0,0,0,0,0,0,0,0,13,24,3,1,0,2,6,3,0,2,9,11,2337,11,153,-78,160,1546,159,449,San Francisco,2015-08-15
2016,8,15,228,294,17,10,5,8,36,39,6,13,81,94,139,198,13,1,4,6,26,22,6,10,54,64,66,77,1,7,0,2,8,10,0,2,18,20,10,2,0,0,0,0,2,1,0,0,3,3,13,17,3,2,1,0,0,6,0,1,6,7,2108,22,137,-83,155,1465,129,354,San Francisco,2016-08-15
2017,8,15,247,278,19,14,11,11,31,29,12,22,72,94,153,199,16,3,3,4,17,24,8,7,49,56,69,68,1,10,7,5,9,4,3,12,16,28,9,1,0,0,0,0,0,0,0,0,0,0,16,10,2,1,1,2,5,1,1,3,7,10,2315,19,119,-82,156,1330,125,417,San Francisco,2017-08-15
2018,8,15,147,376,16,3,14,8,41,42,8,22,91,113,82,264,15,0,6,6,28,32,6,12,66,78,54,91,0,2,7,1,9,6,2,8,17,25,3,2,1,0,0,0,1,0,0,0,1,1,8,19,0,1,1,1,3,4,0,2,7,9,2250,18,127,-81,157,1458,126,416,San Francisco,2018-08-15
2019,8,15,332,278,20,5,10,8,35,36,7,18,78,96,265,178,17,0,8,5,21,30,6,13,57,70,51,75,3,5,2,2,11,3,1,4,15,19,2,7,0,0,0,0,0,0,0,0,0,0,14,18,0,0,0,1,3,3,0,1,6,7,2368,13,143,-80,158,1506,117,553,San Francisco,2019-08-15
2020,8,15,196,215,11,6,7,13,30,24,9,20,63,83,67,125,9,1,5,6,21,17,7,11,45,56,107,67,1,5,1,6,6,4,1,7,11,18,3,2,0,0,0,0,0,1,1,0,2,2,19,21,1,0,1,1,3,2,0,2,5,7,1778,15,124,-78,160,1108,111,423,San Francisco,2020-08-15
2021,8,15,127,191,14,9,8,12,45,29,14,20,88,108,52,120,11,4,4,8,26,25,13,12,64,76,66,61,2,3,3,4,14,0,1,7,15,22,0,0,0,0,0,0,0,0,0,0,0,0,9,10,1,2,1,0,5,4,0,1,9,10,1485,15,101,-84,154,839,90,404,San Francisco,2021-08-15
2022,8,15,90,176,16,4,4,11,43,34,14,15,91,106,44,125,11,3,3,8,29,29,11,11,69,80,41,34,3,1,0,1,8,2,2,1,12,13,0,2,0,0,0,0,1,0,0,0,1,1,5,15,2,0,1,2,5,3,1,3,9,12,1444,15,95,-83,155,846,110,313,San Francisco,2022-08-15
2023,8,15,105,207,12,8,5,7,32,32,7,12,71,83,63,157,10,1,3,6,24,30,5,9,59,68,38,39,1,7,2,1,5,1,2,3,8,11,1,1,0,0,0,0,1,0,0,0,1,1,3,10,1,0,0,0,2,1,0,0,3,3,1589,11,117,-82,156,932,104,413,San Francisco,2023-08-15
2024,8,15,113,198,16,3,6,9,31,35,8,15,74,89,74,145,11,0,4,6,22,30,5,10,57,67,31,43,3,2,2,2,8,4,1,4,13,17,4,2,0,0,0,0,0,0,0,0,0,0,4,8,2,1,0,1,1,1,2,1,4,5,1589,17,89,-80,158,920,76,436,San Francisco,2024-08-15
2012,9,15,,,,,,,,,,,,,,,,,,,,,,,,,,,,,,,,,,,,,,,,,,,,,,,,,,,,,,,,,,,,,,,,,,,,,San Francisco,2012-09-15
2013,9,15,,,,,,,,,,,,,,,,,,,,,,,,,,,,,,,,,,,,,,,,,,,,,,,,,,,,,,,,,,,,,,,,,,,,,San Francisco,2013-09-15
2014,9,15,,,,,,,,,,,,,,,,,,,,,,,,,,,,,,,,,,,,,,,,,,,,,,,,,,,,,,,,,,,,,,,,,,,,,San Francisco,2014-09-15
2015,9,15,251,300,34,11,10,8,27,32,11,18,70,88,130,193,24,1,7,3,17,22,6,10,45,55,89,81,6,10,3,4,10,7,3,7,20,27,7,3,0,0,0,1,0,0,0,1,0,1,25,23,4,0,0,0,0,3,2,0,5,5,2327,25,152,-47,191,1585,153,418,San Francisco,2015-09-15
2016,9,15,303,316,21,7,8,6,33,34,7,14,74,88,198,188,15,0,2,4,20,21,6,6,47,53,85,97,4,6,5,2,11,10,1,7,22,29,4,2,0,0,0,0,0,1,0,0,1,1,16,29,2,1,1,0,2,2,0,1,4,5,2537,24,157,-52,186,1782,114,400,San Francisco,2016-09-15
2017,9,15,306,300,24,8,9,15,39,28,8,24,75,99,185,207,17,1,2,10,20,22,6,12,48,60,99,74,6,4,5,4,15,2,0,9,17,26,7,2,0,0,0,0,1,0,0,0,1,1,15,17,1,3,2,1,3,4,2,3,9,12,2501,21,171,-51,187,1569,179,469,San Francisco,2017-09-15
2018,9,15,195,292,17,10,14,4,44,32,9,18,85,103,86,190,6,0,8,2,32,25,5,10,62,72,91,72,9,9,5,2,11,4,3,7,18,25,9,7,1,0,0,0,0,1,0,0,1,1,9,23,1,1,1,0,1,2,1,1,4,5,2001,34,134,-50,188,1261,111,454,San Francisco,2018-09-15
2019,9,15,220,296,20,6,10,17,26,35,7,27,68,95,113,168,13,1,5,11,16,28,6,16,50,66,93,101,6,4,4,6,8,5,1,10,14,24,2,1,0,0,0,0,0,0,0,0,0,0,12,26,1,1,1,0,2,2,0,1,4,5,2097,10,146,-49,189,1317,111,475,San Francisco,2019-09-15
2020,9,15,108,222,17,7,4,11,43,60,17,15,120,135,54,147,15,3,2,8,23,48,13,10,84,94,45,54,2,4,1,2,16,7,2,3,25,28,3,4,0,0,0,0,0,0,1,0,1,1,6,17,0,0,1,1,4,5,1,2,10,12,1733,24,123,-47,191,1127,101,355,San Francisco,2020-09-15
2021,9,15,133,197,6,6,4,14,63,41,8,18,112,130,49,135,4,1,2,8,43,29,6,10,78,88,72,50,1,4,1,5,17,9,2,6,28,34,1,1,0,0,0,0,2,0,0,0,2,2,11,11,1,1,1,1,1,3,0,2,4,6,1624,14,89,-53,185,1008,97,357,San Francisco,2021-09-15
2022,9,15,116,227,16,10,5,8,36,20,9,13,65,78,57,159,12,5,3,5,18,14,7,8,39,47,51,59,4,4,2,3,15,3,2,5,20,25,2,1,0,1,0,0,1,0,0,0,1,1,6,8,0,0,0,0,2,3,0,0,5,5,1589,18,100,-52,186,910,94,397,San Francisco,2022-09-15
2023,9,15,141,198,12,9,16,15,41,42,15,31,98,129,68,130,9,2,9,6,29,35,10,15,74,89,63,50,2,7,5,8,12,7,3,13,22,35,1,4,0,0,1,1,0,0,1,2,1,3,9,14,1,0,1,0,0,0,1,1,1,2,1856,25,147,-51,187,1018,111,492,San Francisco,2023-09-15
2024,9,15,127,165,8,4,4,11,29,16,11,15,56,71,70,97,4,1,1,5,12,13,8,6,33,39,50,56,3,3,3,5,11,0,3,8,14,22,1,3,0,0,0,1,3,1,0,1,4,5,6,9,1,0,0,0,3,2,0,0,5,5,1415,17,91,-49,189,742,92,365,San Francisco,2024-09-15
2012,10,15,,,,,,,,,,,,,,,,,,,,,,,,,,,,,,,,,,,,,,,,,,,,,,,,,,,,,,,,,,,,,,,,,,,,,San Francisco,2012-10-15
2013,10,15,,,,,,,,,,,,,,,,,,,,,,,,,,,,,,,,,,,,,,,,,,,,,,,,,,,,,,,,,,,,,,,,,,,,,San Francisco,2013-10-15
2014,10,15,,,,,,,,,,,,,,,,,,,,,,,,,,,,,,,,,,,,,,,,,,,,,,,,,,,,,,,,,,,,,,,,,,,,,San Francisco,2014-10-15
2015,10,15,268,399,29,5,7,8,30,39,17,15,86,101,136,227,17,1,2,3,16,28,10,5,54,59,111,137,10,3,4,3,12,4,3,7,19,26,11,5,1,0,0,0,0,0,2,0,2,2,10,30,1,1,1,2,2,7,2,3,11,14,2239,37,160,-17,221,1503,137,424,San Francisco,2015-10-15
2016,10,15,225,265,19,10,9,11,26,29,7,20,62,82,99,164,5,4,4,4,18,22,7,8,47,55,115,86,11,4,4,7,5,5,0,11,10,21,4,4,0,0,1,0,0,0,0,1,0,1,7,11,3,2,0,0,3,2,0,0,5,5,1885,26,127,-22,216,1138,112,454,San Francisco,2016-10-15
2017,10,15,239,272,19,7,9,21,42,34,13,30,89,119,113,158,11,3,3,10,21,24,9,13,54,67,107,91,5,3,5,9,14,8,3,14,25,39,7,2,1,0,0,0,0,0,0,0,0,0,12,21,2,1,1,2,7,2,1,3,10,13,2011,24,157,-21,217,1225,124,445,San Francisco,2017-10-15
2018,10,15,148,301,25,11,12,8,45,46,8,20,99,119,76,195,20,2,4,5,24,34,5,9,63,72,62,89,4,8,7,2,15,9,3,9,27,36,5,2,0,0,0,0,2,1,0,0,3,3,5,15,1,1,1,1,4,2,0,2,6,8,2172,33,133,-20,218,1337,128,453,San Francisco,2018-10-15
2019,10,15,209,300,12,1,9,9,32,43,9,18,84,102,127,187,7,0,5,6,19,38,9,11,66,77,69,85,2,1,3,2,9,5,0,5,14,19,2,11,2,0,0,0,0,0,0,0,0,0,11,17,1,0,1,1,4,0,0,2,4,6,2345,38,186,-19,219,1493,119,457,San Francisco,2019-10-15
2020,10,15,130,242,17,7,5,11,32,26,18,16,76,92,48,139,13,1,3,4,19,18,17,7,54,61,72,79,4,2,2,6,8,5,1,8,14,22,4,2,0,0,0,0,1,0,0,0,1,1,6,22,0,4,0,1,4,3,0,1,7,8,1674,27,156,-17,221,1033,120,384,San Francisco,2020-10-15
2021,10,15,134,166,17,8,11,12,44,40,8,23,92,115,57,88,11,1,6,3,29,27,5,9,61,70,68,62,6,6,4,8,12,10,3,12,25,37,2,3,0,0,1,0,0,0,0,1,0,1,7,13,0,1,0,1,3,3,0,1,6,7,1565,26,121,-23,215,836,98,475,San Francisco,2021-10-15
2022,10,15,143,159,20,6,5,9,35,30,14,14,79,93,51,87,10,1,2,4,17,21,11,6,49,55,89,62,9,4,2,4,18,5,2,6,25,31,0,1,0,0,0,0,0,0,0,0,0,0,3,9,1,1,1,1,0,4,1,2,5,7,1554,21,116,-22,216,824,88,442,San Francisco,2022-10-15
2023,10,15,118,166,8,6,10,9,30,28,10,19,68,87,54,91,1,1,4,5,12,19,5,9,36,45,59,64,4,4,6,3,14,4,5,9,23,32,2,3,0,1,0,0,0,1,0,0,1,1,3,8,3,0,0,1,4,4,0,1,8,9,1458,15,94,-21,217,744,121,404,San Francisco,2023-10-15
2024,10,15,122,217,16,1,3,6,35,44,11,9,90,99,79,142,13,0,2,2,21,26,5,4,52,56,37,63,3,1,0,3,13,11,5,3,29,32,2,3,0,0,1,0,0,1,0,1,1,2,4,9,0,0,0,1,1,6,1,1,8,9,1768,44,92,-19,219,972,94,386,San Francisco,2024-10-15
2012,11,15,,,,,,,,,,,,,,,,,,,,,,,,,,,,,,,,,,,,,,,,,,,,,,,,,,,,,,,,,,,,,,,,,,,,,San Francisco,2012-11-15
2013,11,15,,,,,,,,,,,,,,,,,,,,,,,,,,,,,,,,,,,,,,,,,,,,,,,,,,,,,,,,,,,,,,,,,,,,,San Francisco,2013-11-15
2014,11,15,,,,,,,,,,,,,,,,,,,,,,,,,,,,,,,,,,,,,,,,,,,,,,,,,,,,,,,,,,,,,,,,,,,,,San Francisco,2014-11-15
2015,11,15,227,261,27,9,11,12,46,35,12,23,93,116,80,114,16,1,1,6,18,19,7,7,44,51,127,123,9,8,8,6,22,11,5,14,38,52,6,3,0,0,1,0,0,0,0,1,0,1,14,21,2,0,1,0,6,5,0,1,11,12,2054,23,192,14,252,1368,141,364,San Francisco,2015-11-15
2016,11,15,246,247,20,5,9,11,38,35,9,20,82,102,132,135,12,2,4,5,17,23,5,9,45,54,97,90,6,1,3,5,18,8,3,8,29,37,5,6,0,0,0,1,1,0,0,1,1,2,12,16,2,2,2,0,2,4,1,2,7,9,2039,41,190,9,247,1285,134,417,San Francisco,2016-11-15
2017,11,15,232,329,20,8,6,5,41,40,7,11,88,99,136,171,9,1,2,4,24,28,3,6,55,61,79,132,9,6,3,1,12,10,3,4,25,29,9,1,0,0,0,0,0,0,0,0,0,0,8,25,2,1,1,0,5,2,1,1,8,9,2173,26,190,10,248,1424,107,414,San Francisco,2017-11-15
2018,11,15,161,296,32,5,7,13,29,35,13,20,77,97,83,161,16,0,4,7,15,28,8,11,51,62,70,100,11,5,2,3,12,6,3,5,21,26,2,6,0,0,0,0,0,0,0,0,0,0,6,29,5,0,1,3,2,1,2,4,5,9,2054,24,198,11,249,1329,133,389,San Francisco,2018-11-15
2019,11,15,209,287,12,2,7,20,29,45,9,27,83,110,103,137,5,0,1,10,18,27,7,11,52,63,94,125,5,2,6,9,11,9,0,15,20,35,1,6,0,0,0,0,0,1,0,0,1,1,11,19,2,0,0,1,0,8,2,1,10,11,2246,23,228,12,250,1356,109,490,San Francisco,2019-11-15
2020,11,15,120,189,17,11,1,8,49,31,18,9,98,107,48,95,7,1,1,3,28,18,6,4,52,56,69,80,7,9,0,5,19,9,11,5,39,44,1,4,0,0,0,0,0,0,0,0,0,0,2,10,3,1,0,0,2,4,1,0,7,7,1573,15,171,14,252,981,104,352,San Francisco,2020-11-15
2021,11,15,103,182,8,6,7,13,49,26,12,20,87,107,47,95,4,1,2,5,35,22,6,7,63,70,47,75,4,5,2,6,11,2,4,8,17,25,5,1,0,0,1,0,1,0,0,1,1,2,4,11,0,0,2,2,2,2,2,4,6,10,1509,17,106,8,246,884,104,350,San Francisco,2021-11-15
2022,11,15,106,169,23,5,5,6,33,27,10,11,70,81,47,79,13,2,1,1,18,16,6,2,40,42,46,72,8,2,3,4,12,10,3,7,25,32,1,1,1,0,0,0,1,0,0,0,1,1,12,17,1,1,1,1,2,1,1,2,4,6,1653,26,180,9,247,967,89,350,San Francisco,2022-11-15
2023,11,15,93,194,13,4,9,13,25,20,15,22,60,82,43,113,9,1,3,4,9,13,10,7,32,39,43,64,2,1,6,5,14,6,4,11,24,35,2,3,0,0,0,0,0,0,0,0,0,0,5,14,2,2,0,4,2,1,1,4,4,8,1346,20,95,10,248,774,92,358,San Francisco,2023-11-15
2024,11,15,147,175,20,6,7,14,29,30,5,21,64,85,89,85,12,0,2,7,14,17,2,9,33,42,53,76,5,6,5,6,14,10,2,11,26,37,1,3,0,0,0,0,0,0,0,0,0,0,4,11,3,0,0,1,1,3,1,1,5,6,1718,25,138,12,250,963,105,475,San Francisco,2024-11-15
2012,12,15,,,,,,,,,,,,,,,,,,,,,,,,,,,,,,,,,,,,,,,,,,,,,,,,,,,,,,,,,,,,,,,,,,,,,San Francisco,2012-12-15
2013,12,15,,,,,,,,,,,,,,,,,,,,,,,,,,,,,,,,,,,,,,,,,,,,,,,,,,,,,,,,,,,,,,,,,,,,,San Francisco,2013-12-15
2014,12,15,,,,,,,,,,,,,,,,,,,,,,,,,,,,,,,,,,,,,,,,,,,,,,,,,,,,,,,,,,,,,,,,,,,,,San Francisco,2014-12-15
2015,12,15,235,330,25,5,5,4,32,29,10,9,71,80,135,174,16,2,1,2,17,19,5,3,41,44,83,123,7,3,4,2,12,6,4,6,22,28,12,7,0,0,0,0,0,1,0,0,1,1,5,26,2,0,0,0,3,3,1,0,7,7,2243,47,222,44,282,1502,154,347,San Francisco,2015-12-15
2016,12,15,208,222,33,1,4,10,38,26,20,14,84,98,108,95,16,0,0,5,19,14,12,5,45,50,88,114,12,1,4,5,15,8,5,9,28,37,6,1,0,0,0,0,2,0,2,0,4,4,6,12,5,0,0,0,2,4,1,0,7,7,1923,32,166,39,277,1253,148,358,San Francisco,2016-12-15
2017,12,15,250,270,24,5,15,14,34,28,6,29,68,97,106,132,12,0,6,8,15,16,2,14,33,47,123,115,8,5,5,5,15,9,2,10,26,36,9,5,0,0,0,0,0,0,0,0,0,0,12,18,4,0,4,1,4,3,2,5,9,14,2209,48,208,40,278,1369,129,436,San Francisco,2017-12-15
2018,12,15,200,268,14,8,15,9,42,27,9,24,78,102,61,134,5,2,6,5,21,13,3,11,37,48,124,106,8,5,9,4,19,7,4,13,30,43,7,3,1,0,0,0,0,1,0,0,1,1,8,25,0,1,0,0,2,6,2,0,10,10,2061,30,213,41,279,1172,113,533,San Francisco,2018-12-15
2019,12,15,160,227,9,10,4,15,33,27,7,19,67,86,51,107,3,0,2,9,11,16,6,11,33,44,100,96,6,10,1,3,19,7,0,4,26,30,5,1,0,0,0,0,0,0,0,0,0,0,4,23,0,0,1,3,3,4,1,4,8,12,1868,22,165,42,280,1156,108,445,San Francisco,2019-12-15
2020,12,15,117,197,12,8,6,7,44,37,13,13,94,107,49,110,8,1,3,3,24,23,6,6,53,59,64,76,2,4,2,3,16,6,6,5,28,33,1,0,0,0,0,0,2,1,0,0,3,3,3,11,2,3,1,1,2,7,1,2,10,12,1516,23,125,44,282,1014,91,281,San Francisco,2020-12-15
2021,12,15,89,191,22,7,3,5,38,45,11,8,94,102,36,107,10,3,2,1,12,31,6,3,49,52,47,62,9,4,0,3,22,11,4,3,37,40,1,6,0,0,0,0,0,0,0,0,0,0,5,16,3,0,1,1,4,3,1,2,8,10,1542,32,122,38,276,936,118,331,San Francisco,2021-12-15
2022,12,15,92,144,13,9,6,6,29,26,9,12,64,76,33,72,7,2,2,4,14,15,5,6,34,40,54,60,4,7,3,1,13,8,2,4,23,27,1,2,0,0,0,0,0,0,1,0,1,1,4,10,2,0,1,1,2,3,1,2,6,8,1436,30,124,39,277,794,91,337,San Francisco,2022-12-15
2023,12,15,115,204,14,6,8,14,28,40,6,22,74,96,41,101,9,0,1,3,14,20,5,4,39,43,70,91,4,6,5,8,13,17,1,13,31,44,1,0,0,0,1,0,0,1,0,1,1,2,3,12,1,0,1,3,1,2,0,4,3,7,1750,22,139,40,278,1001,96,429,San Francisco,2023-12-15
2024,12,15,119,162,18,7,9,7,37,35,13,16,85,101,47,76,7,1,2,4,17,17,6,6,40,46,66,71,8,6,7,3,18,12,6,10,36,46,3,1,1,0,0,0,0,1,0,0,1,1,3,14,2,0,0,0,2,5,1,0,8,8,1481,19,128,42,280,787,91,437,San Francisco,2024-12-15
2012,1,16,,,,,,,,,,,,,,,,,,,,,,,,,,,,,,,,,,,,,,,,,,,,,,,,,,,,,,,,,,,,,,,,,,,,,San Francisco,2012-01-16
2013,1,16,,,,,,,,,,,,,,,,,,,,,,,,,,,,,,,,,,,,,,,,,,,,,,,,,,,,,,,,,,,,,,,,,,,,,San Francisco,2013-01-16
2014,1,16,,,,,,,,,,,,,,,,,,,,,,,,,,,,,,,,,,,,,,,,,,,,,,,,,,,,,,,,,,,,,,,,,,,,,San Francisco,2014-01-16
2015,1,16,235,308,26,5,13,7,36,37,7,20,80,100,110,162,10,1,5,3,22,22,3,8,47,55,100,124,11,4,8,2,10,11,4,10,25,35,8,3,0,0,0,0,0,0,0,0,0,0,17,19,5,0,0,2,4,4,0,2,8,10,2150,30,162,-289,-51,1535,127,329,San Francisco,2015-01-16
2016,1,16,194,269,20,9,8,8,27,29,17,16,73,89,84,148,8,2,4,3,9,16,13,7,38,45,97,99,8,7,3,4,16,13,4,7,33,40,5,2,0,0,0,0,0,0,0,0,0,0,8,20,4,0,1,1,2,0,0,2,2,4,2134,20,195,-295,-57,1452,133,372,San Francisco,2016-01-16
2017,1,16,196,280,9,2,12,3,30,24,14,15,68,83,105,152,7,1,7,1,21,18,9,8,48,56,69,112,2,1,5,1,9,4,2,6,15,21,9,5,0,0,0,0,0,0,0,0,0,0,13,11,0,0,0,1,0,2,3,1,5,6,2227,44,221,-293,-55,1547,119,335,San Francisco,2017-01-16
2018,1,16,272,299,24,4,10,11,45,37,14,21,96,117,155,172,14,0,2,6,20,22,12,8,54,62,94,105,5,3,3,3,16,10,2,6,28,34,9,5,0,0,0,0,3,0,0,0,3,3,14,17,5,1,5,2,6,5,0,7,11,18,2283,48,238,-292,-54,1516,145,443,San Francisco,2018-01-16
2019,1,16,128,273,15,5,9,11,22,24,7,20,53,73,55,145,5,2,4,6,12,17,3,10,32,42,58,100,7,3,1,5,8,5,3,6,16,22,7,9,0,0,0,0,0,0,1,0,1,1,8,19,3,0,4,0,2,2,0,4,4,8,2001,49,213,-291,-53,1256,135,366,San Francisco,2019-01-16
2020,1,16,169,263,16,5,8,6,34,31,16,14,81,95,117,144,12,1,5,2,20,20,7,7,47,54,45,93,2,4,1,4,11,7,8,5,26,31,4,4,1,0,0,0,1,1,0,0,2,2,3,22,1,0,2,0,2,3,1,2,6,8,1929,36,164,-290,-52,1264,123,314,San Francisco,2020-01-16
2021,1,16,141,214,16,23,12,10,51,39,12,22,102,124,51,100,9,1,2,5,28,28,8,7,64,71,80,97,6,20,9,5,20,9,4,14,33,47,1,2,0,1,0,0,2,0,0,0,2,2,9,15,1,1,1,0,1,2,0,1,3,4,1618,32,137,-295,-57,1028,86,343,San Francisco,2021-01-16
2022,1,16,104,165,17,17,7,13,29,23,7,20,59,79,30,84,8,2,2,5,13,15,3,7,31,38,68,70,6,14,3,7,14,6,3,10,23,33,0,1,0,0,0,0,1,0,0,0,1,1,6,10,3,1,2,1,1,2,1,3,4,7,1407,19,113,-294,-56,789,84,338,San Francisco,2022-01-16
2023,1,16,74,177,8,3,4,10,36,22,5,14,63,77,30,109,4,2,3,4,19,18,4,7,41,48,37,56,4,1,1,5,14,2,0,6,16,22,1,1,0,0,0,0,0,0,0,0,0,0,6,11,0,0,0,1,3,2,1,1,6,7,1344,21,96,-293,-55,766,106,332,San Francisco,2023-01-16
2024,1,16,73,154,10,3,4,11,41,28,7,15,76,91,44,95,3,0,3,7,31,17,4,10,52,62,22,50,4,3,0,3,6,4,2,3,12,15,4,2,0,0,0,0,2,1,0,0,3,3,3,7,3,0,1,1,2,6,1,2,9,11,1638,28,149,-292,-54,1007,80,293,San Francisco,2024-01-16
2012,2,16,,,,,,,,,,,,,,,,,,,,,,,,,,,,,,,,,,,,,,,,,,,,,,,,,,,,,,,,,,,,,,,,,,,,,San Francisco,2012-02-16
2013,2,16,,,,,,,,,,,,,,,,,,,,,,,,,,,,,,,,,,,,,,,,,,,,,,,,,,,,,,,,,,,,,,,,,,,,,San Francisco,2013-02-16
2014,2,16,,,,,,,,,,,,,,,,,,,,,,,,,,,,,,,,,,,,,,,,,,,,,,,,,,,,,,,,,,,,,,,,,,,,,San Francisco,2014-02-16
2015,2,16,223,351,24,2,9,5,36,35,18,14,89,103,107,181,15,2,5,2,22,19,11,7,52,59,98,128,8,0,4,3,12,12,6,7,30,37,6,5,0,0,0,0,0,0,0,0,0,0,12,37,1,0,0,0,2,4,1,0,7,7,2467,29,209,-258,-20,1796,125,334,San Francisco,2015-02-16
2016,2,16,222,313,27,6,3,19,40,32,16,22,88,110,88,174,20,2,1,4,29,18,11,5,58,63,114,110,7,3,2,12,8,13,1,14,22,36,7,7,0,0,0,0,1,0,1,0,2,2,13,22,0,1,0,3,2,1,3,3,6,9,1990,35,154,-264,-26,1310,122,410,San Francisco,2016-02-16
2017,2,16,216,276,22,2,9,8,26,35,8,17,69,86,104,153,12,0,3,3,15,17,6,6,38,44,97,104,5,2,6,3,9,11,0,9,20,29,4,3,1,0,0,1,0,1,0,1,1,2,11,16,4,0,0,1,2,6,2,1,10,11,2151,22,205,-262,-24,1347,124,462,San Francisco,2017-02-16
2018,2,16,258,275,15,21,10,13,25,32,8,23,65,88,128,167,4,4,6,4,12,21,6,10,39,49,111,93,7,14,3,9,10,10,2,12,22,34,7,3,0,0,0,0,2,0,0,0,2,2,12,12,4,3,1,0,1,1,0,1,2,3,2186,24,217,-261,-23,1437,142,393,San Francisco,2018-02-16
2019,2,16,134,299,16,7,6,13,31,31,7,19,69,88,51,187,8,0,4,7,19,25,5,11,49,60,74,94,7,7,2,4,11,6,2,6,19,25,3,4,1,0,0,0,0,0,0,0,0,0,6,14,0,0,0,2,1,0,0,2,1,3,1924,19,154,-260,-22,1206,111,376,San Francisco,2019-02-16
2020,2,16,115,235,14,15,11,8,37,37,5,19,79,98,37,124,8,5,5,3,20,27,3,8,50,58,70,90,4,9,5,5,13,5,2,10,20,30,1,1,0,0,0,0,1,0,0,0,1,1,7,20,2,1,1,0,3,5,0,1,8,9,1725,19,132,-259,-21,1063,111,397,San Francisco,2020-02-16
2021,2,16,89,182,8,5,7,7,49,38,13,14,100,114,39,112,6,1,3,2,33,26,7,5,66,71,42,55,2,3,3,5,14,5,5,8,24,32,2,1,0,0,0,0,1,0,1,0,2,2,6,14,0,1,1,0,1,7,0,1,8,9,1585,24,150,-264,-26,1042,78,322,San Francisco,2021-02-16
2022,2,16,100,194,15,9,7,6,35,24,16,13,75,88,41,124,15,2,4,4,20,19,11,8,50,58,43,57,0,7,3,1,13,4,4,4,21,25,5,1,0,0,0,0,0,0,0,0,0,0,11,12,0,0,0,1,2,1,1,1,4,5,1424,23,120,-263,-25,807,97,395,San Francisco,2022-02-16
2023,2,16,72,172,12,11,12,9,45,28,12,21,85,106,28,102,8,3,6,6,28,20,8,12,56,68,39,47,2,5,5,3,12,6,2,8,20,28,2,6,1,1,0,0,0,0,1,0,1,1,3,17,1,2,1,0,5,2,1,1,8,9,1524,29,123,-262,-24,912,83,341,San Francisco,2023-02-16
2024,2,16,83,197,19,7,3,10,36,24,15,13,75,88,33,109,13,2,2,4,17,17,10,6,44,50,46,71,4,5,0,5,17,4,2,5,23,28,0,2,0,0,0,0,0,0,0,0,0,0,4,15,2,0,1,1,2,3,3,2,8,10,1646,15,123,-261,-23,903,105,378,San Francisco,2024-02-16
2012,3,16,,,,,,,,,,,,,,,,,,,,,,,,,,,,,,,,,,,,,,,,,,,,,,,,,,,,,,,,,,,,,,,,,,,,,San Francisco,2012-03-16
2013,3,16,,,,,,,,,,,,,,,,,,,,,,,,,,,,,,,,,,,,,,,,,,,,,,,,,,,,,,,,,,,,,,,,,,,,,San Francisco,2013-03-16
2014,3,16,,,,,,,,,,,,,,,,,,,,,,,,,,,,,,,,,,,,,,,,,,,,,,,,,,,,,,,,,,,,,,,,,,,,,San Francisco,2014-03-16
2015,3,16,263,368,18,7,14,7,35,34,12,21,81,102,138,216,13,3,6,4,25,24,9,10,58,68,107,129,3,2,6,2,7,6,2,8,15,23,9,6,2,0,0,0,0,0,0,0,0,0,9,17,0,2,2,1,3,4,1,3,8,11,2196,39,142,-230,8,1543,130,368,San Francisco,2015-03-16
2016,3,16,297,355,20,6,5,9,23,29,16,14,68,82,167,228,14,0,3,8,16,20,11,11,47,58,103,99,4,5,2,1,6,7,4,3,17,20,10,4,0,0,0,0,0,1,0,0,1,1,17,24,2,1,0,0,1,1,1,0,3,3,2284,35,172,-235,3,1622,122,367,San Francisco,2016-03-16
2017,3,16,298,287,20,6,7,9,37,38,10,16,85,101,166,176,12,2,4,3,23,27,5,7,55,62,107,91,7,4,2,5,12,9,5,7,26,33,9,3,0,0,0,0,1,0,0,0,1,1,16,17,1,0,1,1,1,2,0,2,3,5,2263,33,136,-234,4,1540,131,400,San Francisco,2017-03-16
2018,3,16,224,301,31,6,4,12,27,33,11,16,71,87,135,192,14,2,1,9,17,27,5,10,49,59,73,89,12,3,1,2,6,3,4,3,13,16,10,1,2,0,0,0,2,1,0,0,3,3,6,19,3,1,2,1,2,2,2,3,6,9,2196,37,140,-233,5,1460,98,382,San Francisco,2018-03-16
2019,3,16,220,270,22,3,12,10,30,27,6,22,63,85,120,158,17,0,7,5,19,20,5,12,44,56,90,91,4,1,5,3,10,5,0,8,15,23,3,4,0,0,0,1,1,1,0,1,2,3,7,17,1,2,0,1,0,1,1,1,2,3,2311,24,133,-232,6,1413,133,481,San Francisco,2019-03-16
2020,3,16,132,226,10,11,7,11,31,45,14,18,90,108,79,138,5,6,6,9,17,35,10,15,62,77,45,71,4,4,1,2,9,6,3,3,18,21,2,1,0,0,0,0,0,0,0,0,0,0,6,16,1,1,0,0,5,4,1,0,10,10,1748,24,100,-230,8,1095,113,371,San Francisco,2020-03-16
2021,3,16,109,181,5,3,8,10,42,40,17,18,99,117,59,128,3,2,6,7,23,30,13,13,66,79,45,44,1,0,1,2,13,5,2,3,20,23,2,1,0,1,0,0,3,2,1,0,6,6,3,8,1,0,1,1,3,3,1,2,7,9,1650,38,98,-236,2,1076,100,311,San Francisco,2021-03-16
2022,3,16,108,182,12,8,4,11,44,45,8,15,97,112,56,122,10,0,3,8,23,38,8,11,69,80,43,47,1,8,0,2,20,7,0,2,27,29,4,3,1,0,0,0,0,0,0,0,0,0,5,10,0,0,1,1,1,0,0,2,1,3,1516,29,84,-235,3,888,96,370,San Francisco,2022-03-16
2023,3,16,107,207,13,8,10,14,22,37,9,24,68,92,56,143,11,1,7,8,12,30,7,15,49,64,43,56,2,6,3,6,9,4,1,9,14,23,2,1,0,0,0,0,0,0,0,0,0,0,6,7,0,1,0,0,1,3,1,0,5,5,1582,14,108,-234,4,915,87,405,San Francisco,2023-03-16
2024,3,16,117,156,19,7,10,13,24,18,17,23,59,82,49,86,7,1,4,10,12,11,14,14,37,51,61,61,8,5,6,2,8,3,3,8,14,22,0,0,0,0,0,0,1,0,0,0,1,1,7,9,4,1,0,1,3,4,0,1,7,8,1439,11,120,-232,6,813,97,389,San Francisco,2024-03-16
2012,4,16,,,,,,,,,,,,,,,,,,,,,,,,,,,,,,,,,,,,,,,,,,,,,,,,,,,,,,,,,,,,,,,,,,,,,San Francisco,2012-04-16
2013,4,16,,,,,,,,,,,,,,,,,,,,,,,,,,,,,,,,,,,,,,,,,,,,,,,,,,,,,,,,,,,,,,,,,,,,,San Francisco,2013-04-16
2014,4,16,,,,,,,,,,,,,,,,,,,,,,,,,,,,,,,,,,,,,,,,,,,,,,,,,,,,,,,,,,,,,,,,,,,,,San Francisco,2014-04-16
2015,4,16,242,309,28,7,8,11,29,35,15,19,79,98,161,221,25,1,3,10,24,28,14,13,66,79,62,68,2,5,4,1,4,6,1,5,11,16,6,1,0,0,0,0,0,0,0,0,0,0,13,19,1,1,1,0,1,1,0,1,2,3,2237,20,143,-199,39,1520,135,402,San Francisco,2015-04-16
2016,4,16,277,280,14,8,11,12,20,34,14,23,68,91,141,172,10,4,5,4,14,21,9,9,44,53,116,83,4,4,5,7,6,8,4,12,18,30,4,1,0,0,0,0,0,2,0,0,2,2,16,24,0,0,1,1,0,3,1,2,4,6,2098,17,139,-204,34,1368,135,428,San Francisco,2016-04-16
2017,4,16,190,239,8,3,12,17,41,22,9,29,72,101,89,140,6,1,6,7,22,17,5,13,44,57,87,73,2,1,6,8,16,5,2,14,23,37,6,4,0,0,0,0,0,0,1,0,1,1,8,22,0,1,0,2,3,0,1,2,4,6,1793,15,130,-203,35,1147,109,334,San Francisco,2017-04-16
2018,4,16,237,275,11,6,6,11,46,45,3,17,94,111,167,189,9,3,4,6,29,37,3,10,69,79,54,66,2,3,2,5,10,2,0,7,12,19,7,4,0,0,0,0,2,0,0,0,2,2,9,16,0,0,0,0,5,6,0,0,11,11,2185,26,130,-202,36,1401,113,427,San Francisco,2018-04-16
2019,4,16,173,347,11,3,6,9,39,23,8,15,70,85,120,240,10,1,4,5,27,19,7,9,53,62,45,80,1,2,2,3,11,2,0,5,13,18,1,9,0,0,0,0,0,1,0,0,1,1,7,18,0,0,0,1,1,1,1,1,3,4,2203,26,121,-201,37,1404,130,389,San Francisco,2019-04-16
2020,4,16,165,260,8,9,5,9,47,24,14,14,85,99,98,176,8,2,4,7,28,23,12,11,63,74,53,62,0,7,1,2,17,0,1,3,18,21,2,4,0,0,0,0,0,0,1,0,1,1,12,18,0,0,0,0,2,1,0,0,3,3,1811,13,96,-199,39,1116,117,304,San Francisco,2020-04-16
2021,4,16,128,196,12,7,5,9,33,34,16,14,83,97,69,138,9,5,2,5,19,29,13,7,61,68,52,42,2,2,2,4,11,3,1,6,15,21,2,4,0,0,0,0,0,0,0,0,0,0,5,12,1,0,1,0,3,2,2,1,7,8,1439,11,84,-205,33,859,102,349,San Francisco,2021-04-16
2022,4,16,85,149,13,7,4,8,41,26,7,12,74,86,29,99,8,1,3,3,31,18,6,6,55,61,50,40,4,5,0,5,8,6,0,5,14,19,2,1,0,0,0,0,0,0,0,0,0,0,4,9,1,1,1,0,2,2,1,1,5,6,1338,14,90,-204,34,750,95,356,San Francisco,2022-04-16
2023,4,16,95,139,15,11,4,13,37,31,13,17,81,98,48,102,5,1,4,10,21,23,8,14,52,66,42,30,8,10,0,2,13,6,4,2,23,25,1,0,0,0,0,0,0,0,0,0,0,0,4,7,2,0,0,1,3,2,1,1,6,7,1446,11,93,-203,35,812,81,366,San Francisco,2023-04-16
2024,4,16,92,181,9,2,6,8,30,32,8,14,70,84,48,121,7,1,4,7,20,23,6,11,49,60,39,42,2,1,1,1,9,4,2,2,15,17,2,0,0,0,0,0,0,1,0,0,1,1,3,18,0,0,1,0,1,4,0,1,5,6,1765,14,100,-201,37,1035,100,350,San Francisco,2024-04-16
2012,5,16,,,,,,,,,,,,,,,,,,,,,,,,,,,,,,,,,,,,,,,,,,,,,,,,,,,,,,,,,,,,,,,,,,,,,San Francisco,2012-05-16
2013,5,16,,,,,,,,,,,,,,,,,,,,,,,,,,,,,,,,,,,,,,,,,,,,,,,,,,,,,,,,,,,,,,,,,,,,,San Francisco,2013-05-16
2014,5,16,,,,,,,,,,,,,,,,,,,,,,,,,,,,,,,,,,,,,,,,,,,,,,,,,,,,,,,,,,,,,,,,,,,,,San Francisco,2014-05-16
2015,5,16,260,320,16,2,14,8,35,52,13,22,100,122,146,221,9,1,9,3,17,42,11,12,70,82,94,79,5,1,4,4,16,8,1,8,25,33,2,4,0,0,0,0,0,0,0,0,0,0,18,16,2,0,1,1,2,2,1,2,5,7,2306,18,156,-169,69,1599,119,417,San Francisco,2015-05-16
2016,5,16,259,333,28,3,16,12,42,47,7,28,96,124,177,238,21,2,12,8,25,34,5,20,64,84,59,78,7,1,4,4,12,6,1,8,19,27,5,2,0,0,0,0,1,0,0,0,1,1,18,15,0,0,0,0,4,7,1,0,12,12,2237,14,139,-174,64,1560,116,346,San Francisco,2016-05-16
2017,5,16,227,267,18,1,5,15,50,20,11,20,81,101,157,181,13,0,4,11,42,18,9,15,69,84,46,58,4,1,0,3,7,2,1,3,10,13,3,1,0,0,0,0,0,0,0,0,0,0,21,27,1,0,1,1,1,0,1,2,2,4,2532,11,137,-173,65,1767,123,360,San Francisco,2017-05-16
2018,5,16,139,323,23,5,1,9,34,39,10,10,83,93,95,217,17,3,1,4,26,34,9,5,69,74,34,80,4,2,0,4,7,3,1,4,11,15,2,4,0,0,0,0,0,0,0,0,0,0,8,22,2,0,0,1,1,2,0,1,3,4,2103,14,121,-172,66,1325,129,419,San Francisco,2018-05-16
2019,5,16,121,292,18,1,5,11,34,32,5,16,71,87,85,205,14,0,4,8,24,26,5,12,55,67,28,63,3,1,1,2,6,3,0,3,9,12,2,2,0,0,0,0,0,2,0,0,2,2,6,22,1,0,0,1,4,1,0,1,5,6,2139,17,155,-171,67,1407,123,357,San Francisco,2019-05-16
2020,5,16,195,244,12,9,7,6,41,29,9,13,79,92,119,163,4,3,4,2,27,26,8,6,61,67,54,59,6,4,2,4,9,2,0,6,11,17,1,1,0,0,0,0,1,0,0,0,1,1,21,21,2,2,1,0,4,1,1,1,6,7,2033,14,176,-169,69,1234,79,384,San Francisco,2020-05-16
2021,5,16,122,170,10,9,5,6,39,40,12,11,91,102,52,117,5,3,5,4,25,32,10,9,67,76,57,37,4,4,0,2,9,3,1,2,13,15,0,1,0,0,0,0,1,0,0,0,1,1,13,15,1,2,0,0,4,5,1,0,10,10,1586,9,129,-175,63,983,114,325,San Francisco,2021-05-16
2022,5,16,86,165,12,6,7,13,47,37,10,20,94,114,48,112,9,3,5,11,34,30,5,16,69,85,30,38,3,1,1,0,10,3,5,1,18,19,0,1,0,0,0,0,1,2,0,0,3,3,8,14,0,2,1,2,2,2,0,3,4,7,1569,13,128,-174,64,956,87,308,San Francisco,2022-05-16
2023,5,16,100,185,16,6,5,8,31,29,12,13,72,85,63,148,13,1,3,7,21,28,7,10,56,66,33,27,1,5,1,1,10,1,2,2,13,15,0,0,0,0,0,0,0,0,1,0,1,1,4,10,2,0,1,0,0,0,2,1,2,3,1605,12,138,-173,65,1015,88,315,San Francisco,2023-05-16
2024,5,16,85,212,16,3,5,5,24,28,11,10,63,73,52,150,11,1,5,3,14,25,8,8,47,55,24,49,4,2,0,2,7,2,3,2,12,14,0,0,0,0,0,0,2,0,0,0,2,2,9,13,1,0,0,0,1,1,0,0,2,2,1799,7,132,-171,67,1085,107,377,San Francisco,2024-05-16
2012,6,16,,,,,,,,,,,,,,,,,,,,,,,,,,,,,,,,,,,,,,,,,,,,,,,,,,,,,,,,,,,,,,,,,,,,,San Francisco,2012-06-16
2013,6,16,,,,,,,,,,,,,,,,,,,,,,,,,,,,,,,,,,,,,,,,,,,,,,,,,,,,,,,,,,,,,,,,,,,,,San Francisco,2013-06-16
2014,6,16,,,,,,,,,,,,,,,,,,,,,,,,,,,,,,,,,,,,,,,,,,,,,,,,,,,,,,,,,,,,,,,,,,,,,San Francisco,2014-06-16
2015,6,16,195,268,15,15,9,12,35,33,22,21,90,111,138,188,13,1,4,6,27,24,19,10,70,80,42,56,1,5,4,3,7,3,2,7,12,19,0,4,0,0,0,0,0,1,0,0,1,1,15,20,1,9,1,3,1,5,1,4,7,11,1976,15,205,-138,100,1377,129,345,San Francisco,2015-06-16
2016,6,16,253,323,25,16,11,15,47,30,12,26,89,115,171,234,17,3,10,7,38,21,8,17,67,84,60,51,5,7,0,6,7,6,0,6,13,19,3,4,0,0,0,1,0,0,0,1,0,1,19,34,3,6,1,1,2,3,4,2,9,11,2389,14,215,-143,95,1692,123,405,San Francisco,2016-06-16
2017,6,16,266,249,30,7,7,22,35,24,10,29,69,98,170,165,28,0,6,11,27,21,9,17,57,74,63,60,0,3,0,7,5,3,1,7,9,16,9,0,0,0,0,0,0,0,0,0,0,0,24,24,2,4,1,4,3,0,0,5,3,8,2153,21,183,-142,96,1328,142,488,San Francisco,2017-06-16
2018,6,16,150,259,25,10,11,9,29,37,11,20,77,97,67,204,14,2,6,4,18,29,9,10,56,66,58,37,7,7,5,4,6,4,2,9,12,21,0,2,0,0,0,0,1,0,0,0,1,1,25,16,4,1,0,1,4,4,0,1,8,9,1842,11,150,-141,97,1102,120,423,San Francisco,2018-06-16
2019,6,16,189,240,21,9,7,8,31,32,12,15,75,90,135,174,11,4,2,4,21,25,9,6,55,61,47,41,8,4,4,3,4,5,1,7,10,17,0,4,0,0,0,0,0,0,0,0,0,0,7,21,2,1,1,1,6,2,2,2,10,12,1914,19,127,-140,98,1154,118,400,San Francisco,2019-06-16
2020,6,16,125,200,10,13,6,17,54,39,17,23,110,133,58,151,7,2,6,10,42,32,16,16,90,106,33,34,3,7,0,4,12,2,1,4,15,19,4,1,0,0,0,0,0,1,0,0,1,1,30,14,0,4,0,3,0,4,0,3,4,7,1757,10,160,-138,100,1179,106,309,San Francisco,2020-06-16
2021,6,16,145,219,25,12,5,7,41,26,6,12,73,85,87,174,16,4,4,7,28,23,5,11,56,67,39,27,6,5,1,0,9,2,1,1,12,13,3,0,0,0,0,0,2,0,0,0,2,2,16,18,3,3,0,0,2,1,0,0,3,3,1585,11,135,-144,94,943,104,400,San Francisco,2021-06-16
2022,6,16,111,180,13,15,5,13,37,31,13,18,81,99,56,124,12,6,2,7,28,27,10,9,65,74,31,35,1,4,3,4,7,3,1,7,11,18,2,1,0,0,0,1,0,0,1,1,1,2,22,20,0,5,0,1,2,1,1,1,4,5,1546,17,189,-143,95,808,83,408,San Francisco,2022-06-16
2023,6,16,127,226,15,12,11,6,39,36,22,17,97,114,69,168,12,1,8,4,25,29,17,12,71,83,43,43,3,6,1,1,9,5,3,2,17,19,3,1,0,0,0,0,1,0,0,0,1,1,12,14,0,5,2,1,4,2,2,3,8,11,1647,11,136,-142,96,875,99,476,San Francisco,2023-06-16
2024,6,16,110,137,8,8,1,6,23,20,13,7,56,63,63,89,7,3,0,4,16,16,9,4,41,45,35,30,1,3,1,2,6,2,1,3,9,12,0,1,0,0,0,0,0,0,0,0,0,0,12,17,0,2,0,0,1,2,3,0,6,6,1212,8,106,-140,98,665,95,337,San Francisco,2024-06-16
2012,7,16,,,,,,,,,,,,,,,,,,,,,,,,,,,,,,,,,,,,,,,,,,,,,,,,,,,,,,,,,,,,,,,,,,,,,San Francisco,2012-07-16
2013,7,16,,,,,,,,,,,,,,,,,,,,,,,,,,,,,,,,,,,,,,,,,,,,,,,,,,,,,,,,,,,,,,,,,,,,,San Francisco,2013-07-16
2014,7,16,,,,,,,,,,,,,,,,,,,,,,,,,,,,,,,,,,,,,,,,,,,,,,,,,,,,,,,,,,,,,,,,,,,,,San Francisco,2014-07-16
2015,7,16,217,287,18,11,8,9,40,34,17,17,91,108,139,195,14,6,6,5,30,30,12,11,72,83,47,66,4,4,1,2,8,2,3,3,13,16,3,1,0,0,0,0,0,0,0,0,0,0,28,25,0,1,1,2,2,2,2,3,6,9,2004,14,161,-108,130,1353,117,395,San Francisco,2015-07-16
2016,7,16,230,235,16,14,11,20,28,30,12,31,70,101,141,160,10,4,5,13,17,26,9,18,52,70,68,59,3,7,3,5,8,3,2,8,13,21,4,0,0,1,0,1,1,0,0,1,1,2,17,16,3,2,3,1,2,1,1,4,4,8,1948,11,139,-113,125,1265,112,385,San Francisco,2016-07-16
2017,7,16,255,230,15,9,8,14,30,39,9,22,78,100,157,143,10,1,1,8,20,30,8,9,58,67,70,62,3,8,5,5,7,7,0,10,14,24,2,2,0,0,0,0,1,0,0,0,1,1,26,23,2,0,2,1,2,2,1,3,5,8,2037,10,170,-112,126,1242,111,450,San Francisco,2017-07-16
2018,7,16,129,324,14,4,15,7,39,35,9,22,83,105,82,215,13,1,10,5,30,30,6,15,66,81,30,76,1,3,2,2,6,2,3,4,11,15,4,4,0,0,1,0,0,0,0,1,0,1,13,29,0,0,2,0,3,3,0,2,6,8,1966,15,151,-111,127,1173,144,423,San Francisco,2018-07-16
2019,7,16,198,268,15,6,6,9,32,35,3,15,70,85,145,193,13,2,4,6,17,33,2,10,52,62,36,52,2,3,1,1,8,2,1,2,11,13,5,2,0,0,0,0,2,0,0,0,2,2,12,21,0,1,1,2,5,0,0,3,5,8,2302,22,168,-110,128,1491,103,462,San Francisco,2019-07-16
2020,7,16,156,219,11,14,4,13,42,41,13,17,96,113,91,161,9,7,2,10,30,37,12,12,79,91,45,42,1,4,2,2,10,2,0,4,12,16,2,3,0,0,0,0,0,0,0,0,0,0,18,13,1,3,0,1,2,2,1,1,5,6,1562,9,107,-108,130,923,113,387,San Francisco,2020-07-16
2021,7,16,149,194,20,9,6,9,57,33,14,15,104,119,71,141,17,1,4,5,40,29,10,9,79,88,62,38,2,8,2,4,13,2,3,6,18,24,2,2,0,0,0,0,1,0,0,0,1,1,14,13,1,0,0,0,3,2,1,0,6,6,1745,10,121,-114,124,1056,113,375,San Francisco,2021-07-16
2022,7,16,181,153,19,9,6,11,37,28,15,17,80,97,89,115,12,2,2,9,27,21,13,11,61,72,72,30,6,4,4,2,7,6,2,6,15,21,10,2,0,0,0,0,1,0,0,0,1,1,10,6,1,3,0,0,2,1,0,0,3,3,1484,21,111,-113,125,890,74,375,San Francisco,2022-07-16
2023,7,16,125,178,14,9,4,8,30,18,17,12,65,77,75,125,9,1,2,4,18,14,12,6,44,50,31,40,4,7,2,3,9,3,3,5,15,20,2,2,0,0,0,0,0,0,0,0,0,0,17,11,1,1,0,1,3,1,2,1,6,7,1347,10,120,-112,126,712,93,428,San Francisco,2023-07-16
2024,7,16,100,166,15,6,2,12,40,29,4,14,73,87,75,121,13,0,2,7,30,24,4,9,58,67,18,30,2,5,0,2,8,3,0,2,11,13,0,3,0,0,0,0,0,0,0,0,0,0,7,12,0,1,0,3,2,2,0,3,4,7,1587,12,99,-110,128,895,100,348,San Francisco,2024-07-16
2012,8,16,,,,,,,,,,,,,,,,,,,,,,,,,,,,,,,,,,,,,,,,,,,,,,,,,,,,,,,,,,,,,,,,,,,,,San Francisco,2012-08-16
2013,8,16,,,,,,,,,,,,,,,,,,,,,,,,,,,,,,,,,,,,,,,,,,,,,,,,,,,,,,,,,,,,,,,,,,,,,San Francisco,2013-08-16
2014,8,16,,,,,,,,,,,,,,,,,,,,,,,,,,,,,,,,,,,,,,,,,,,,,,,,,,,,,,,,,,,,,,,,,,,,,San Francisco,2014-08-16
2015,8,16,272,375,11,8,15,14,32,32,8,29,72,101,140,257,3,0,5,9,17,25,5,14,47,61,110,82,5,4,9,5,7,5,2,14,14,28,4,7,0,0,0,0,0,0,0,0,0,0,18,29,3,4,1,0,8,2,1,1,11,12,2158,16,158,-77,161,1461,111,409,San Francisco,2015-08-16
2016,8,16,229,277,16,4,3,10,33,35,15,13,83,96,149,194,13,1,3,8,21,27,9,11,57,68,65,64,2,2,0,2,8,7,5,2,20,22,3,3,0,0,0,0,0,0,0,0,0,0,12,16,1,1,0,0,4,1,1,0,6,6,2134,12,127,-82,156,1477,144,349,San Francisco,2016-08-16
2017,8,16,286,303,18,7,10,8,28,37,12,18,77,95,196,209,17,5,6,3,18,25,11,9,54,63,67,75,0,2,3,4,7,9,0,7,16,23,6,0,1,0,0,0,0,0,1,0,1,1,17,19,0,0,1,1,3,3,0,2,6,8,2533,19,129,-81,157,1557,126,446,San Francisco,2017-08-16
2018,8,16,135,341,20,2,8,10,34,51,10,18,95,113,70,217,18,1,4,5,24,40,9,9,73,82,49,99,0,1,4,2,9,6,1,6,16,22,5,2,0,0,0,0,0,0,0,0,0,0,11,23,2,0,0,3,1,5,0,3,6,9,2180,15,136,-80,158,1353,132,455,San Francisco,2018-08-16
2019,8,16,202,290,22,3,8,12,40,40,6,20,86,106,119,197,16,1,4,6,22,31,5,10,58,68,69,68,4,2,4,5,12,3,0,9,15,24,4,3,0,0,0,0,1,0,0,0,1,1,10,22,2,0,0,1,5,6,1,1,12,13,2138,14,173,-79,159,1358,150,399,San Francisco,2019-08-16
2020,8,16,156,188,13,22,4,10,41,34,10,14,85,99,53,110,8,1,3,7,25,30,9,10,64,74,91,64,4,20,0,3,10,1,0,3,11,14,1,0,0,0,0,0,4,0,0,0,4,4,11,14,1,1,1,0,2,3,1,1,6,7,1484,16,103,-77,161,860,106,378,San Francisco,2020-08-16
2021,8,16,108,179,13,8,8,9,36,33,17,17,86,103,62,117,9,3,6,7,27,27,15,13,69,82,36,51,3,5,1,1,5,4,2,2,11,13,2,1,0,0,0,0,0,0,0,0,0,0,8,10,1,0,1,1,4,2,0,2,6,8,1549,8,84,-83,155,976,91,342,San Francisco,2021-08-16
2022,8,16,114,195,18,5,9,15,42,30,9,24,81,105,69,145,16,3,4,9,27,23,5,13,55,68,30,38,1,1,4,4,11,5,4,8,20,28,1,3,0,1,0,0,1,0,0,0,1,1,14,9,1,0,1,2,3,2,0,3,5,8,1505,13,101,-82,156,881,93,380,San Francisco,2022-08-16
2023,8,16,87,247,17,4,7,9,30,26,12,16,68,84,56,185,17,3,6,2,19,24,9,8,52,60,28,48,0,0,0,6,10,2,1,6,13,19,0,1,0,0,0,0,0,0,1,0,1,1,3,13,0,1,1,1,1,0,1,2,2,4,1634,10,92,-81,157,942,89,453,San Francisco,2023-08-16
2024,8,16,138,187,14,9,6,9,40,27,6,15,73,88,82,125,11,1,5,4,24,18,5,9,47,56,52,49,2,8,0,4,13,3,1,4,17,21,0,4,0,0,0,0,0,0,0,0,0,0,4,9,1,0,1,1,3,6,0,2,9,11,1603,16,79,-79,159,946,105,395,San Francisco,2024-08-16
2012,9,16,,,,,,,,,,,,,,,,,,,,,,,,,,,,,,,,,,,,,,,,,,,,,,,,,,,,,,,,,,,,,,,,,,,,,San Francisco,2012-09-16
2013,9,16,,,,,,,,,,,,,,,,,,,,,,,,,,,,,,,,,,,,,,,,,,,,,,,,,,,,,,,,,,,,,,,,,,,,,San Francisco,2013-09-16
2014,9,16,,,,,,,,,,,,,,,,,,,,,,,,,,,,,,,,,,,,,,,,,,,,,,,,,,,,,,,,,,,,,,,,,,,,,San Francisco,2014-09-16
2015,9,16,242,295,23,17,18,11,28,45,10,29,83,112,135,199,18,3,7,6,19,31,6,13,56,69,87,69,2,12,10,4,7,11,3,14,21,35,8,3,0,0,0,0,0,0,0,0,0,0,12,24,3,2,1,1,2,3,1,2,6,8,2134,32,125,-46,192,1413,123,408,San Francisco,2015-09-16
2016,9,16,294,303,26,9,7,19,33,33,3,26,69,95,160,193,21,4,4,9,20,27,3,13,50,63,104,84,4,5,3,9,10,4,0,12,14,26,8,5,0,0,0,0,0,0,0,0,0,0,22,21,1,0,0,1,3,2,0,1,5,6,2328,29,144,-51,187,1516,127,477,San Francisco,2016-09-16
2017,9,16,302,244,16,6,12,16,42,35,7,28,84,112,164,162,9,1,6,4,26,26,4,10,56,66,118,66,5,5,6,10,12,5,3,16,20,36,8,2,0,0,0,0,1,0,0,0,1,1,12,14,2,0,0,2,3,4,0,2,7,9,2344,25,124,-50,188,1402,121,455,San Francisco,2017-09-16
2018,9,16,182,294,20,6,6,14,29,28,11,20,68,88,103,199,17,1,3,6,10,20,7,9,37,46,74,73,1,4,3,7,13,5,3,10,21,31,1,3,0,0,0,0,1,0,0,0,1,1,4,19,2,1,0,1,5,3,1,1,9,10,1979,17,127,-49,189,1180,108,473,San Francisco,2018-09-16
2019,9,16,182,291,17,10,14,17,44,44,16,31,104,135,107,185,13,1,9,9,27,35,13,18,75,93,53,90,1,7,5,6,11,6,2,11,19,30,5,2,0,0,0,0,1,0,0,0,1,1,17,14,3,2,0,2,5,3,1,2,9,11,2251,21,147,-48,190,1432,149,420,San Francisco,2019-09-16
2020,9,16,159,254,9,15,8,9,49,49,12,17,110,127,71,180,8,2,6,3,31,46,7,9,84,93,74,58,1,10,1,5,17,2,4,6,23,29,5,4,0,0,0,0,1,0,0,0,1,1,9,12,0,3,1,1,0,1,1,2,2,4,1699,19,118,-46,192,1059,111,404,San Francisco,2020-09-16
2021,9,16,115,205,12,6,4,6,48,40,8,10,96,106,45,138,12,2,3,4,33,33,5,7,71,78,60,51,0,4,1,2,12,4,2,3,18,21,1,0,0,0,0,0,0,0,0,0,0,0,9,16,0,0,0,0,3,3,1,0,7,7,1653,20,124,-52,186,972,99,408,San Francisco,2021-09-16
2022,9,16,118,222,22,9,8,14,37,28,4,22,69,91,42,147,15,1,5,9,16,25,3,14,44,58,66,49,5,8,2,3,14,2,1,5,17,22,2,6,0,0,0,0,2,0,0,0,2,2,8,20,2,0,1,2,5,1,0,3,6,9,1573,22,138,-51,187,881,85,432,San Francisco,2022-09-16
2023,9,16,137,140,11,6,6,11,31,27,16,17,74,91,52,84,7,2,1,4,22,25,10,5,57,62,76,43,0,4,4,7,8,1,6,11,15,26,0,3,0,0,0,0,0,0,0,0,0,0,9,10,4,0,1,0,1,1,0,1,2,3,1513,15,98,-50,188,816,101,422,San Francisco,2023-09-16
2024,9,16,102,199,7,5,4,8,32,29,8,12,69,81,55,127,4,3,3,5,19,24,5,8,48,56,34,57,2,1,1,2,11,2,0,3,13,16,0,4,0,0,0,0,0,0,2,0,2,2,13,11,1,1,0,1,2,3,1,1,6,7,1657,22,114,-48,190,941,94,407,San Francisco,2024-09-16
2012,10,16,,,,,,,,,,,,,,,,,,,,,,,,,,,,,,,,,,,,,,,,,,,,,,,,,,,,,,,,,,,,,,,,,,,,,San Francisco,2012-10-16
2013,10,16,,,,,,,,,,,,,,,,,,,,,,,,,,,,,,,,,,,,,,,,,,,,,,,,,,,,,,,,,,,,,,,,,,,,,San Francisco,2013-10-16
2014,10,16,,,,,,,,,,,,,,,,,,,,,,,,,,,,,,,,,,,,,,,,,,,,,,,,,,,,,,,,,,,,,,,,,,,,,San Francisco,2014-10-16
2015,10,16,287,383,24,2,8,9,38,41,11,17,90,107,133,221,8,1,5,4,26,28,8,9,62,71,134,127,11,1,2,5,7,6,2,7,15,22,6,3,0,0,0,0,0,2,0,0,2,2,14,32,5,0,1,0,5,5,1,1,11,12,2318,30,207,-16,222,1586,114,445,San Francisco,2015-10-16
2016,10,16,246,257,18,9,5,18,27,39,8,23,74,97,96,140,10,1,2,8,15,22,6,10,43,53,132,88,7,8,3,6,9,16,2,9,27,36,5,7,0,0,0,0,0,0,0,0,0,0,13,22,1,0,0,4,3,1,0,4,4,8,2019,29,187,-21,217,1364,120,357,San Francisco,2016-10-16
2017,10,16,269,298,27,7,8,13,46,29,6,21,81,102,151,177,17,1,5,6,28,23,4,11,55,66,94,94,4,5,1,4,14,3,1,5,18,23,6,4,1,0,0,0,1,0,0,0,1,1,18,23,5,1,2,3,3,3,1,5,7,12,2071,37,158,-20,218,1288,121,458,San Francisco,2017-10-16
2018,10,16,117,362,24,7,4,14,33,41,5,18,79,97,63,227,21,1,3,8,8,29,4,11,41,52,44,107,2,5,1,5,21,8,0,6,29,35,3,12,0,0,0,0,1,0,0,0,1,1,7,16,1,1,0,1,3,4,1,1,8,9,2116,49,144,-19,219,1314,129,449,San Francisco,2018-10-16
2019,10,16,247,320,32,5,16,6,42,49,8,22,99,121,165,182,21,5,4,4,26,33,3,8,62,70,59,112,7,0,10,1,14,9,5,11,28,39,7,6,1,0,0,0,2,1,0,0,3,3,16,20,3,0,2,1,0,6,0,3,6,9,2396,45,166,-18,220,1595,113,403,San Francisco,2019-10-16
2020,10,16,156,191,12,19,3,11,44,30,17,14,91,105,47,111,8,6,2,6,30,21,12,8,63,71,96,69,2,11,1,3,10,4,4,4,18,22,1,1,0,0,0,0,1,1,1,0,3,3,12,10,2,2,0,2,3,4,0,2,7,9,1735,19,118,-16,222,1055,109,424,San Francisco,2020-10-16
2021,10,16,149,165,14,22,10,11,32,31,14,21,77,98,42,90,9,2,6,4,18,18,11,10,47,57,94,57,5,16,4,6,14,8,2,10,24,34,0,2,0,1,0,0,0,0,1,0,1,1,13,16,0,3,0,1,0,5,0,1,5,6,1644,24,116,-22,216,902,90,505,San Francisco,2021-10-16
2022,10,16,122,172,12,13,8,13,44,32,14,21,90,111,51,96,2,1,5,4,25,23,11,9,59,68,65,56,9,10,2,7,18,7,2,9,27,36,4,6,0,0,0,0,1,0,0,0,1,1,2,14,1,2,1,2,0,2,1,3,3,6,1428,19,88,-21,217,774,86,417,San Francisco,2022-10-16
2023,10,16,86,200,23,6,9,7,36,23,20,16,79,95,52,127,17,2,4,4,22,18,14,8,54,62,27,54,6,3,2,2,11,4,4,4,19,23,1,2,0,0,0,0,1,1,2,0,4,4,6,17,0,1,3,1,2,0,0,4,2,6,1650,33,108,-20,218,839,95,436,San Francisco,2023-10-16
2024,10,16,110,212,15,4,4,2,39,25,7,6,71,77,65,122,6,0,2,2,21,14,5,4,40,44,41,78,4,4,2,0,15,8,2,2,25,27,1,3,1,0,0,0,0,0,0,0,0,0,3,9,4,0,0,0,3,3,0,0,6,6,1644,28,126,-18,220,963,90,396,San Francisco,2024-10-16
2012,11,16,,,,,,,,,,,,,,,,,,,,,,,,,,,,,,,,,,,,,,,,,,,,,,,,,,,,,,,,,,,,,,,,,,,,,San Francisco,2012-11-16
2013,11,16,,,,,,,,,,,,,,,,,,,,,,,,,,,,,,,,,,,,,,,,,,,,,,,,,,,,,,,,,,,,,,,,,,,,,San Francisco,2013-11-16
2014,11,16,,,,,,,,,,,,,,,,,,,,,,,,,,,,,,,,,,,,,,,,,,,,,,,,,,,,,,,,,,,,,,,,,,,,,San Francisco,2014-11-16
2015,11,16,205,336,33,8,4,9,46,35,23,13,104,117,100,179,25,0,2,4,23,19,12,6,54,60,88,135,5,8,2,4,18,10,8,6,36,42,3,5,0,0,0,1,0,1,0,1,1,2,14,17,3,0,0,0,5,5,3,0,13,13,2071,26,166,15,253,1385,131,388,San Francisco,2015-11-16
2016,11,16,238,294,25,10,10,13,39,24,14,23,77,100,118,136,17,2,4,6,23,13,9,10,45,55,105,127,3,7,6,6,13,8,4,12,25,37,7,8,0,0,0,0,0,0,0,0,0,0,8,23,5,1,0,1,3,3,1,1,7,8,2189,30,191,10,248,1399,147,418,San Francisco,2016-11-16
2017,11,16,165,254,28,4,2,4,36,30,4,6,70,76,97,133,18,0,2,0,25,19,3,2,47,49,56,99,7,4,0,3,10,8,1,3,19,22,4,7,3,0,0,0,0,0,0,0,0,0,8,15,0,0,0,1,1,3,0,1,4,5,1929,24,193,11,249,1249,128,368,San Francisco,2017-11-16
2018,11,16,135,306,21,12,7,10,18,34,11,17,63,80,59,166,19,0,3,6,6,21,8,9,35,44,68,116,1,11,3,4,12,8,3,7,23,30,2,2,0,1,0,0,0,0,0,0,0,0,6,22,1,0,1,0,0,5,0,1,5,6,1998,23,204,12,250,1287,125,366,San Francisco,2018-11-16
2019,11,16,247,269,18,12,20,8,32,54,10,28,96,124,112,135,13,1,8,4,13,37,7,12,57,69,124,114,4,11,10,4,16,14,2,14,32,46,3,1,0,0,0,0,0,0,0,0,0,0,8,19,1,0,2,0,3,3,1,2,7,9,2335,26,189,13,251,1457,142,491,San Francisco,2019-11-16
2020,11,16,104,170,12,18,2,11,48,42,21,13,111,124,54,84,7,2,1,5,26,31,15,6,72,78,43,65,3,16,0,6,19,7,4,6,30,36,2,3,0,0,1,0,1,0,0,1,1,2,5,18,2,0,0,0,2,4,2,0,8,8,1719,22,146,15,253,1135,107,329,San Francisco,2020-11-16
2021,11,16,99,190,20,8,3,9,45,37,9,12,91,103,51,120,10,2,1,0,26,25,4,1,55,56,44,55,7,6,2,5,15,6,5,7,26,33,0,2,0,0,0,0,1,0,0,0,1,1,4,13,3,0,0,4,3,6,0,4,9,13,1648,14,133,9,247,969,104,396,San Francisco,2021-11-16
2022,11,16,139,183,18,7,8,8,43,25,14,16,82,98,64,96,10,0,2,4,22,15,4,6,41,47,62,69,4,7,5,4,21,8,5,9,34,43,6,6,0,0,0,0,0,0,0,0,0,0,7,12,4,0,1,0,0,2,5,1,7,8,1588,23,130,10,248,933,106,373,San Francisco,2022-11-16
2023,11,16,88,176,13,5,12,6,25,28,15,18,68,86,44,97,6,1,5,2,16,16,9,7,41,48,40,62,6,4,4,3,8,8,5,7,21,28,0,4,0,0,0,0,1,0,0,0,1,1,4,13,1,0,3,1,0,4,1,4,5,9,1244,20,102,11,249,724,65,301,San Francisco,2023-11-16
2024,11,16,122,171,7,5,2,9,19,25,7,11,51,62,41,90,2,0,0,3,8,14,6,3,28,31,72,66,5,5,2,6,9,7,1,8,17,25,3,2,0,0,0,0,0,0,0,0,0,0,6,13,0,0,0,0,2,4,0,0,6,6,1505,20,116,13,251,793,99,479,San Francisco,2024-11-16
2012,12,16,,,,,,,,,,,,,,,,,,,,,,,,,,,,,,,,,,,,,,,,,,,,,,,,,,,,,,,,,,,,,,,,,,,,,San Francisco,2012-12-16
2013,12,16,,,,,,,,,,,,,,,,,,,,,,,,,,,,,,,,,,,,,,,,,,,,,,,,,,,,,,,,,,,,,,,,,,,,,San Francisco,2013-12-16
2014,12,16,,,,,,,,,,,,,,,,,,,,,,,,,,,,,,,,,,,,,,,,,,,,,,,,,,,,,,,,,,,,,,,,,,,,,San Francisco,2014-12-16
2015,12,16,221,296,33,2,15,11,42,28,10,26,80,106,103,139,14,0,5,6,19,12,6,11,37,48,94,125,11,2,9,5,15,10,2,14,27,41,5,6,1,0,0,0,2,0,0,0,2,2,19,26,7,0,1,0,6,6,2,1,14,15,2152,38,248,45,283,1463,119,411,San Francisco,2015-12-16
2016,12,16,219,267,32,13,9,9,41,31,17,18,89,107,99,120,16,2,1,3,17,18,10,4,45,49,105,125,12,9,7,5,21,12,7,12,40,52,8,5,0,0,0,1,1,0,0,1,1,2,7,17,4,2,1,0,2,1,0,1,3,4,2031,42,166,40,278,1280,134,454,San Francisco,2016-12-16
2017,12,16,267,216,24,6,19,14,37,39,7,33,83,116,93,96,12,1,2,8,19,25,3,10,47,57,152,98,10,5,14,4,17,10,3,18,30,48,6,3,0,0,0,0,0,0,0,0,0,0,16,19,2,0,3,2,1,4,1,5,6,11,2103,31,178,41,279,1315,128,444,San Francisco,2017-12-16
2018,12,16,138,213,19,4,6,5,36,32,6,11,74,85,39,103,5,0,2,3,19,17,3,5,39,44,94,91,12,4,4,2,13,9,2,6,24,30,1,2,0,0,0,0,0,0,0,0,0,0,4,17,2,0,0,0,4,6,1,0,11,11,1833,18,205,42,280,1073,119,414,San Francisco,2018-12-16
2019,12,16,137,271,23,5,7,10,45,48,16,17,109,126,67,125,12,0,4,1,30,24,6,5,60,65,51,107,6,5,2,7,12,17,6,9,35,44,8,5,0,0,0,0,1,0,2,0,3,3,11,34,5,0,1,2,2,7,2,3,11,14,1984,41,220,43,281,1238,120,382,San Francisco,2019-12-16
2020,12,16,107,171,18,11,4,11,42,42,9,15,93,108,38,97,9,3,3,4,28,26,4,7,58,65,56,60,5,7,0,5,11,11,5,5,27,32,3,1,1,0,0,0,1,0,0,0,1,1,10,13,3,1,1,2,2,5,0,3,7,10,1463,30,154,45,283,905,101,321,San Francisco,2020-12-16
2021,12,16,103,205,12,9,4,3,44,38,15,7,97,104,37,122,7,1,2,3,26,27,9,5,62,67,56,69,5,7,1,0,18,6,6,1,30,31,3,4,0,0,0,0,0,0,0,0,0,0,7,10,0,1,1,0,0,5,0,1,5,6,1625,22,134,39,277,929,120,369,San Francisco,2021-12-16
2022,12,16,96,137,17,7,7,10,43,31,9,17,83,100,33,72,8,2,3,5,21,18,7,8,46,54,56,56,5,4,4,4,16,5,2,8,23,31,1,4,0,0,0,0,2,0,0,0,2,2,6,5,4,1,0,1,4,8,0,1,12,13,1400,19,108,40,278,742,91,401,San Francisco,2022-12-16
2023,12,16,128,154,11,7,3,11,32,26,13,14,71,85,51,79,4,0,1,5,15,10,6,6,31,37,70,60,5,6,2,6,17,11,6,8,34,42,1,4,0,0,0,0,0,0,0,0,0,0,6,11,2,1,0,0,0,5,1,0,6,6,1569,19,137,41,279,848,109,425,San Francisco,2023-12-16
2024,12,16,84,190,18,2,2,13,38,33,14,15,85,100,48,98,9,0,1,7,22,13,10,8,45,53,25,73,3,2,0,4,11,15,4,4,30,34,0,5,0,0,0,1,1,0,0,1,1,2,11,14,6,0,1,1,4,5,0,2,9,11,1579,25,145,43,281,923,85,345,San Francisco,2024-12-16
2012,1,17,,,,,,,,,,,,,,,,,,,,,,,,,,,,,,,,,,,,,,,,,,,,,,,,,,,,,,,,,,,,,,,,,,,,,San Francisco,2012-01-17
2013,1,17,,,,,,,,,,,,,,,,,,,,,,,,,,,,,,,,,,,,,,,,,,,,,,,,,,,,,,,,,,,,,,,,,,,,,San Francisco,2013-01-17
2014,1,17,,,,,,,,,,,,,,,,,,,,,,,,,,,,,,,,,,,,,,,,,,,,,,,,,,,,,,,,,,,,,,,,,,,,,San Francisco,2014-01-17
2015,1,17,248,345,26,11,18,12,33,40,18,30,91,121,86,175,10,3,8,3,18,24,15,11,57,68,135,132,13,7,10,8,13,12,1,18,26,44,8,4,1,0,0,0,0,1,0,0,1,1,19,34,2,1,0,1,2,3,2,1,7,8,2093,30,177,-288,-50,1490,135,358,San Francisco,2015-01-17
2016,1,17,194,271,18,6,7,4,26,36,13,11,75,86,87,145,4,1,3,2,10,23,7,5,40,45,96,110,11,5,4,2,15,9,5,6,29,35,2,4,0,0,0,0,0,1,0,0,1,1,9,12,3,0,0,0,1,3,1,0,5,5,1853,21,155,-294,-56,1278,89,326,San Francisco,2016-01-17
2017,1,17,255,263,23,1,8,7,34,23,11,15,68,83,140,112,16,0,3,2,15,14,8,5,37,42,90,129,5,1,5,5,16,8,1,10,25,35,10,7,0,0,0,0,0,0,1,0,1,1,15,15,2,0,0,0,3,1,1,0,5,5,2247,55,209,-292,-54,1585,107,356,San Francisco,2017-01-17
2018,1,17,250,332,22,4,7,13,36,37,9,20,82,102,135,169,14,1,3,6,17,21,6,9,44,53,85,129,5,2,4,4,15,10,2,8,27,35,13,5,0,0,0,0,0,1,0,0,1,1,17,29,3,1,0,3,4,5,1,3,10,13,2330,47,240,-291,-53,1542,126,369,San Francisco,2018-01-17
2019,1,17,127,298,22,10,7,10,38,31,11,17,80,97,61,167,11,4,3,4,23,19,7,7,49,56,58,101,3,6,3,4,11,9,3,7,23,30,4,8,0,0,0,0,2,2,1,0,5,5,4,22,8,0,1,2,2,1,0,3,3,6,2065,42,245,-290,-52,1253,107,429,San Francisco,2019-01-17
2020,1,17,124,290,29,3,17,9,29,42,10,26,81,107,45,162,18,1,7,5,14,26,7,12,47,59,71,96,8,2,7,2,13,11,3,9,27,36,5,8,0,0,0,1,0,1,0,1,1,2,3,24,3,0,3,1,2,4,0,4,6,10,1964,41,214,-289,-51,1114,142,464,San Francisco,2020-01-17
2021,1,17,93,193,15,19,5,7,37,40,10,12,87,99,29,85,10,0,3,4,20,27,6,7,53,60,57,87,4,16,1,2,13,8,2,3,23,26,2,3,0,0,0,0,2,0,1,0,3,3,5,18,1,3,1,1,2,5,1,2,8,10,1399,21,136,-294,-56,869,101,314,San Francisco,2021-01-17
2022,1,17,117,201,11,10,2,5,59,33,15,7,107,114,67,105,5,2,0,3,26,21,10,3,57,60,46,78,4,8,1,1,27,8,3,2,38,40,3,4,0,0,0,0,5,1,0,0,6,6,1,14,2,0,1,1,1,3,2,2,6,8,1647,31,117,-293,-55,918,92,377,San Francisco,2022-01-17
2023,1,17,67,170,10,9,9,11,39,36,2,20,77,97,26,101,8,0,6,7,29,22,1,13,52,65,32,51,1,9,1,2,10,11,1,3,22,25,0,2,0,0,0,0,0,0,0,0,0,0,9,16,1,0,2,2,0,3,0,4,3,7,1404,10,126,-292,-54,790,109,315,San Francisco,2023-01-17
2024,1,17,100,210,18,3,7,7,28,19,18,14,65,79,49,108,13,0,3,3,19,11,13,6,43,49,41,72,4,1,4,2,6,6,4,6,16,22,3,7,0,1,0,0,1,0,1,0,2,2,7,23,1,1,0,2,2,2,0,2,4,6,1641,46,170,-291,-53,989,76,384,San Francisco,2024-01-17
2012,2,17,,,,,,,,,,,,,,,,,,,,,,,,,,,,,,,,,,,,,,,,,,,,,,,,,,,,,,,,,,,,,,,,,,,,,San Francisco,2012-02-17
2013,2,17,,,,,,,,,,,,,,,,,,,,,,,,,,,,,,,,,,,,,,,,,,,,,,,,,,,,,,,,,,,,,,,,,,,,,San Francisco,2013-02-17
2014,2,17,,,,,,,,,,,,,,,,,,,,,,,,,,,,,,,,,,,,,,,,,,,,,,,,,,,,,,,,,,,,,,,,,,,,,San Francisco,2014-02-17
2015,2,17,216,367,23,9,15,7,34,40,18,22,92,114,116,204,17,3,5,2,21,29,10,7,60,67,75,130,3,6,8,5,9,9,6,13,24,37,12,2,0,0,0,0,1,0,2,0,3,3,13,31,3,0,2,0,3,2,0,2,5,7,2338,41,195,-257,-19,1722,134,327,San Francisco,2015-02-17
2016,2,17,228,289,26,4,11,17,36,36,7,28,79,107,129,152,16,0,5,11,21,28,3,16,52,68,78,109,7,4,5,5,14,7,4,10,25,35,10,2,0,0,0,0,0,0,0,0,0,0,11,26,3,0,1,1,1,1,0,2,2,4,2144,30,186,-263,-25,1506,133,362,San Francisco,2016-02-17
2017,2,17,179,268,26,11,7,8,37,37,17,15,91,106,76,133,19,4,1,4,24,26,10,5,60,65,89,112,4,7,6,3,13,8,6,9,27,36,4,5,0,0,0,1,0,0,0,1,0,1,10,18,3,0,0,0,0,3,1,0,4,4,2234,21,184,-261,-23,1451,139,406,San Francisco,2017-02-17
2018,2,17,252,236,10,10,9,16,33,25,2,25,60,85,134,142,5,3,3,4,17,18,2,7,37,44,97,79,5,6,5,10,12,5,0,15,17,32,7,2,0,0,0,0,1,0,0,0,1,1,14,13,0,1,1,2,3,2,0,3,5,8,1888,24,168,-260,-22,1179,106,382,San Francisco,2018-02-17
2019,2,17,143,300,14,5,4,5,35,34,8,9,77,86,77,169,8,0,3,2,18,21,4,5,43,48,61,108,5,5,1,2,17,7,3,3,27,30,3,10,0,0,0,0,0,0,1,0,1,1,2,13,1,0,0,1,0,6,0,1,6,7,2020,28,160,-259,-21,1280,124,374,San Francisco,2019-02-17
2020,2,17,162,257,8,5,4,13,27,46,8,17,81,98,78,150,4,2,1,6,13,25,6,7,44,51,62,86,3,3,2,6,9,9,1,8,19,27,3,4,0,0,0,0,2,1,1,0,4,4,19,17,1,0,1,1,3,11,0,2,14,16,2088,23,219,-258,-20,1292,144,382,San Francisco,2020-02-17
2021,2,17,96,212,9,17,3,16,44,27,13,19,84,103,36,119,3,3,2,7,20,21,9,9,50,59,50,72,3,14,0,8,20,4,3,8,27,35,2,2,0,0,0,0,2,0,0,0,2,2,8,19,3,0,1,1,2,2,1,2,5,7,1597,16,128,-263,-25,970,105,368,San Francisco,2021-02-17
2022,2,17,111,173,12,10,5,11,47,18,17,16,82,98,42,109,8,0,4,6,28,13,12,10,53,63,58,49,4,9,1,5,14,2,3,6,19,25,6,0,0,0,0,0,2,0,1,0,3,3,5,15,0,1,0,0,3,3,1,0,7,7,1519,24,112,-262,-24,897,85,350,San Francisco,2022-02-17
2023,2,17,81,190,13,3,12,9,42,27,10,21,79,100,35,117,9,0,3,4,25,16,7,7,48,55,43,63,3,3,9,4,17,9,1,13,27,40,0,0,0,0,0,0,0,0,0,0,0,0,3,10,1,0,0,1,0,2,2,1,4,5,1639,9,117,-261,-23,957,87,378,San Francisco,2023-02-17
2024,2,17,93,161,14,13,9,6,30,28,22,15,80,95,36,86,3,4,6,2,19,15,13,8,47,55,51,62,8,9,3,4,10,11,7,7,28,35,2,1,0,0,0,0,0,0,0,0,0,0,4,12,3,0,0,0,1,2,2,0,5,5,1394,13,93,-260,-22,832,86,322,San Francisco,2024-02-17
2012,3,17,,,,,,,,,,,,,,,,,,,,,,,,,,,,,,,,,,,,,,,,,,,,,,,,,,,,,,,,,,,,,,,,,,,,,San Francisco,2012-03-17
2013,3,17,,,,,,,,,,,,,,,,,,,,,,,,,,,,,,,,,,,,,,,,,,,,,,,,,,,,,,,,,,,,,,,,,,,,,San Francisco,2013-03-17
2014,3,17,,,,,,,,,,,,,,,,,,,,,,,,,,,,,,,,,,,,,,,,,,,,,,,,,,,,,,,,,,,,,,,,,,,,,San Francisco,2014-03-17
2015,3,17,250,400,41,14,5,16,31,38,12,21,81,102,140,262,36,2,2,10,18,30,10,12,58,70,87,108,3,12,2,5,11,7,2,7,20,27,5,5,0,0,0,0,0,0,0,0,0,0,18,25,2,0,1,1,2,1,0,2,3,5,2373,32,145,-229,9,1706,132,359,San Francisco,2015-03-17
2016,3,17,305,402,27,7,8,6,23,36,15,14,74,88,172,253,18,3,6,4,14,29,8,10,51,61,107,115,3,4,2,1,6,5,6,3,17,20,9,3,2,0,0,0,0,0,0,0,0,0,17,31,4,0,0,1,3,2,1,1,6,7,2407,40,186,-234,4,1626,150,429,San Francisco,2016-03-17
2017,3,17,271,314,21,5,14,12,51,37,14,26,102,128,141,203,15,0,7,5,38,20,4,12,62,74,108,90,4,5,6,7,12,15,9,13,36,49,7,5,0,0,0,0,0,0,0,0,0,0,15,16,2,0,1,0,1,2,1,1,4,5,2364,31,158,-233,5,1499,146,485,San Francisco,2017-03-17
2018,3,17,221,276,15,7,9,11,33,19,4,20,56,76,113,164,9,0,4,6,16,15,2,10,33,43,91,89,4,6,4,2,13,3,2,6,18,24,6,3,1,0,0,0,1,0,0,0,1,1,11,20,1,1,1,3,3,1,0,4,4,8,2010,31,123,-232,6,1239,116,408,San Francisco,2018-03-17
2019,3,17,187,267,17,7,13,10,23,25,4,23,52,75,100,165,9,1,4,6,14,17,3,10,34,44,71,84,6,3,7,4,8,5,1,11,14,25,5,2,0,0,1,0,0,1,0,1,1,2,11,16,2,3,1,0,1,2,0,1,3,4,2092,28,173,-231,7,1285,109,428,San Francisco,2019-03-17
2020,3,17,110,263,7,8,5,7,39,31,6,12,76,88,73,186,4,4,2,4,24,29,5,6,58,64,32,69,2,4,3,3,12,2,1,6,15,21,0,1,0,0,0,0,1,0,0,0,1,1,5,7,1,0,0,0,2,0,0,0,2,2,1995,30,103,-229,9,1300,146,287,San Francisco,2020-03-17
2021,3,17,125,239,15,7,5,15,37,24,14,20,75,95,58,145,13,2,3,9,17,16,9,12,42,54,62,78,1,3,2,4,18,4,3,6,25,31,1,3,0,0,0,0,0,0,0,0,0,0,4,13,1,2,0,2,2,4,2,2,8,10,1762,24,119,-235,3,1137,102,317,San Francisco,2021-03-17
2022,3,17,108,190,11,11,4,7,58,36,10,11,104,115,62,117,8,1,3,6,39,21,5,9,65,74,43,57,3,9,1,1,16,7,4,2,27,29,2,2,0,1,0,0,0,0,0,0,0,0,1,14,0,0,0,0,3,8,1,0,12,12,1677,23,116,-234,4,1015,109,362,San Francisco,2022-03-17
2023,3,17,127,176,13,4,6,8,33,35,14,14,82,96,73,111,10,1,5,4,20,24,9,9,53,62,45,54,2,3,1,3,12,7,3,4,22,26,7,3,1,0,0,0,0,0,0,0,0,0,2,8,0,0,0,1,1,4,2,1,7,8,1717,32,112,-233,5,969,106,398,San Francisco,2023-03-17
2024,3,17,85,178,11,3,5,10,17,18,14,15,49,64,32,101,4,1,3,5,9,12,13,8,34,42,50,64,6,1,2,5,7,3,1,7,11,18,0,2,0,0,0,0,0,0,0,0,0,0,3,11,1,1,0,0,1,3,0,0,4,4,1538,16,91,-231,7,827,85,427,San Francisco,2024-03-17
2012,4,17,,,,,,,,,,,,,,,,,,,,,,,,,,,,,,,,,,,,,,,,,,,,,,,,,,,,,,,,,,,,,,,,,,,,,San Francisco,2012-04-17
2013,4,17,,,,,,,,,,,,,,,,,,,,,,,,,,,,,,,,,,,,,,,,,,,,,,,,,,,,,,,,,,,,,,,,,,,,,San Francisco,2013-04-17
2014,4,17,,,,,,,,,,,,,,,,,,,,,,,,,,,,,,,,,,,,,,,,,,,,,,,,,,,,,,,,,,,,,,,,,,,,,San Francisco,2014-04-17
2015,4,17,289,272,39,5,10,11,36,36,20,21,92,113,171,176,35,1,7,8,20,25,14,15,59,74,97,70,4,4,3,1,10,6,4,4,20,24,4,1,0,0,0,0,3,1,1,0,5,5,17,25,0,0,0,2,3,4,1,2,8,10,2319,22,171,-198,40,1637,144,399,San Francisco,2015-04-17
2016,4,17,222,309,27,8,7,12,32,31,15,19,78,97,106,196,17,2,3,8,22,21,10,11,53,64,100,87,7,5,1,4,8,8,3,5,19,24,4,3,0,0,1,0,1,0,0,1,1,2,12,23,3,1,2,0,1,2,2,2,5,7,1977,16,130,-203,35,1352,99,373,San Francisco,2016-04-17
2017,4,17,223,259,26,8,6,10,39,36,10,16,85,101,141,181,20,3,1,8,28,26,7,9,61,70,60,58,4,4,5,1,9,8,2,6,19,25,8,4,0,0,0,0,0,0,0,0,0,0,14,16,2,1,0,1,2,2,1,1,5,6,2266,20,131,-202,36,1586,128,352,San Francisco,2017-04-17
2018,4,17,254,280,23,5,8,7,32,43,12,15,87,102,168,193,19,2,7,6,27,33,6,13,66,79,61,66,3,3,1,1,4,7,5,2,16,18,5,5,0,0,0,0,0,0,0,0,0,0,20,16,1,0,0,0,1,3,1,0,5,5,2197,20,108,-201,37,1380,131,449,San Francisco,2018-04-17
2019,4,17,185,340,18,0,12,7,33,38,7,19,78,97,122,239,14,0,6,4,27,28,3,10,58,68,55,70,2,0,6,3,5,5,1,9,11,20,2,4,0,0,0,0,0,2,0,0,2,2,6,27,2,0,0,0,1,3,3,0,7,7,2337,21,141,-200,38,1520,105,405,San Francisco,2019-04-17
2020,4,17,176,269,3,2,5,9,43,37,17,14,97,111,114,184,0,0,5,6,27,33,15,11,75,86,47,63,1,2,0,2,14,1,2,2,17,19,1,3,0,0,0,0,1,0,0,0,1,1,14,19,2,0,0,1,1,3,0,1,4,5,1942,15,115,-198,40,1234,99,347,San Francisco,2020-04-17
2021,4,17,118,162,12,10,4,6,38,32,9,10,79,89,47,97,7,1,2,3,24,27,7,5,58,63,62,49,5,8,2,3,12,4,1,5,17,22,0,1,0,0,0,0,0,1,0,0,1,1,9,15,0,1,0,0,2,0,1,0,3,3,1545,9,97,-204,34,983,90,332,San Francisco,2021-04-17
2022,4,17,93,131,7,12,7,14,39,20,14,21,73,94,46,86,4,4,5,7,25,16,10,12,51,63,44,38,3,7,2,4,10,4,1,6,15,21,0,1,0,0,0,0,0,0,0,0,0,0,3,6,0,1,0,3,4,0,3,3,7,10,1213,10,75,-203,35,697,77,325,San Francisco,2022-04-17
2023,4,17,81,173,13,8,4,9,34,24,12,13,70,83,50,127,11,1,2,7,20,22,8,9,50,59,26,36,2,6,2,2,11,1,4,4,16,20,1,0,0,0,0,0,0,0,0,0,0,0,4,10,0,1,0,0,3,1,0,0,4,4,1579,13,84,-202,36,970,97,310,San Francisco,2023-04-17
2024,4,17,100,202,18,2,6,6,35,34,10,12,79,91,60,138,11,0,3,3,23,28,9,6,60,66,28,49,5,2,3,2,9,2,1,5,12,17,0,1,0,0,0,1,2,1,0,1,3,4,12,14,2,0,0,0,1,3,0,0,4,4,1620,17,99,-200,38,1007,100,350,San Francisco,2024-04-17
2012,5,17,,,,,,,,,,,,,,,,,,,,,,,,,,,,,,,,,,,,,,,,,,,,,,,,,,,,,,,,,,,,,,,,,,,,,San Francisco,2012-05-17
2013,5,17,,,,,,,,,,,,,,,,,,,,,,,,,,,,,,,,,,,,,,,,,,,,,,,,,,,,,,,,,,,,,,,,,,,,,San Francisco,2013-05-17
2014,5,17,,,,,,,,,,,,,,,,,,,,,,,,,,,,,,,,,,,,,,,,,,,,,,,,,,,,,,,,,,,,,,,,,,,,,San Francisco,2014-05-17
2015,5,17,237,298,21,7,9,12,47,35,22,21,104,125,144,206,14,3,7,8,30,25,18,15,73,88,77,72,6,2,1,3,14,7,3,4,24,28,2,5,1,0,1,0,0,0,0,1,0,1,14,15,0,2,0,1,3,3,1,1,7,8,2173,13,144,-168,70,1509,111,375,San Francisco,2015-05-17
2016,5,17,283,330,26,7,8,12,24,38,13,20,75,95,201,226,19,1,4,9,16,31,10,13,57,70,65,72,6,4,3,1,6,4,3,4,13,17,3,1,0,0,0,0,0,0,0,0,0,0,14,31,1,2,1,2,2,3,0,3,5,8,2337,13,159,-173,65,1601,125,393,San Francisco,2016-05-17
2017,5,17,238,282,25,5,7,14,43,22,6,21,71,92,176,181,19,0,4,13,29,14,5,17,48,65,46,82,3,4,3,1,9,5,1,4,15,19,7,1,0,0,0,0,0,0,0,0,0,0,9,18,3,1,0,0,5,3,0,0,8,8,2269,15,135,-172,66,1510,136,384,San Francisco,2017-05-17
2018,5,17,127,307,15,2,8,17,30,34,8,25,72,97,71,227,11,0,7,9,23,30,5,16,58,74,42,64,3,2,1,5,2,1,2,6,5,11,3,2,0,0,0,1,0,0,0,1,0,1,11,14,1,0,0,2,5,3,1,2,9,11,2084,17,159,-171,67,1255,138,466,San Francisco,2018-05-17
2019,5,17,184,299,24,5,4,5,31,33,6,9,70,79,132,214,15,1,2,3,24,25,6,5,55,60,36,63,6,3,2,2,7,5,0,4,12,16,4,4,0,1,0,0,0,0,0,0,0,0,12,18,3,0,0,0,0,3,0,0,3,3,2070,24,124,-170,68,1257,111,462,San Francisco,2019-05-17
2020,5,17,163,246,9,3,3,10,44,19,12,13,75,88,111,166,8,3,2,4,28,15,12,6,55,61,43,61,0,0,1,5,12,0,0,6,12,18,0,0,0,0,0,0,0,0,0,0,0,0,9,19,1,0,0,1,4,4,0,1,8,9,2010,9,147,-168,70,1226,98,346,San Francisco,2020-05-17
2021,5,17,82,177,15,8,0,15,39,35,20,15,94,109,49,134,13,5,0,12,29,33,15,12,77,89,26,31,2,3,0,2,5,1,5,2,11,13,1,1,0,0,0,0,3,0,0,0,3,3,6,11,0,0,0,1,2,1,0,1,3,4,1506,15,82,-174,64,947,106,309,San Francisco,2021-05-17
2022,5,17,115,191,15,7,5,12,40,30,6,17,76,93,63,147,14,3,2,11,32,26,4,13,62,75,39,35,1,3,3,0,5,4,1,3,10,13,3,2,0,0,0,0,0,0,0,0,0,0,10,7,0,1,0,1,3,0,1,1,4,5,1532,14,103,-173,65,889,111,347,San Francisco,2022-05-17
2023,5,17,81,191,10,10,9,8,36,20,21,17,77,94,52,139,9,4,5,5,24,19,20,10,63,73,22,45,1,6,3,3,9,1,1,6,11,17,2,0,0,0,0,0,1,0,0,0,1,1,5,7,0,0,1,0,2,0,0,1,2,3,1426,10,82,-172,66,861,79,365,San Francisco,2023-05-17
2024,5,17,106,191,12,7,6,13,33,25,9,19,67,86,62,126,7,1,2,9,23,21,7,11,51,62,36,52,4,3,4,4,7,3,1,8,11,19,1,0,0,0,0,0,1,0,0,0,1,1,7,13,1,3,0,0,2,1,1,0,4,4,1677,6,121,-170,68,950,107,415,San Francisco,2024-05-17
2012,6,17,,,,,,,,,,,,,,,,,,,,,,,,,,,,,,,,,,,,,,,,,,,,,,,,,,,,,,,,,,,,,,,,,,,,,San Francisco,2012-06-17
2013,6,17,,,,,,,,,,,,,,,,,,,,,,,,,,,,,,,,,,,,,,,,,,,,,,,,,,,,,,,,,,,,,,,,,,,,,San Francisco,2013-06-17
2014,6,17,,,,,,,,,,,,,,,,,,,,,,,,,,,,,,,,,,,,,,,,,,,,,,,,,,,,,,,,,,,,,,,,,,,,,San Francisco,2014-06-17
2015,6,17,233,341,20,8,12,12,38,47,19,24,104,128,164,261,18,1,6,8,32,38,14,14,84,98,52,51,1,2,3,4,5,2,2,7,9,16,3,2,0,0,0,0,0,0,0,0,0,0,14,27,1,5,3,0,1,7,3,3,11,14,2247,19,171,-137,101,1597,149,343,San Francisco,2015-06-17
2016,6,17,243,336,28,11,6,11,29,38,13,17,80,97,149,227,19,4,3,8,23,31,9,11,63,74,67,79,6,2,2,2,2,3,2,4,7,11,3,3,2,0,0,0,0,0,0,0,0,0,24,27,1,5,1,1,4,4,2,2,10,12,2200,11,189,-142,96,1487,127,412,San Francisco,2016-06-17
2017,6,17,275,277,24,19,2,15,29,27,10,17,66,83,168,186,15,2,0,10,17,21,5,10,43,53,74,65,6,12,2,2,10,4,5,4,19,23,1,3,0,0,0,0,1,1,0,0,2,2,32,23,3,5,0,3,1,1,0,3,2,5,2067,9,179,-141,97,1201,128,491,San Francisco,2017-06-17
2018,6,17,134,266,12,11,10,8,29,36,12,18,77,95,64,180,8,3,3,6,20,32,8,9,60,69,56,64,2,7,6,1,5,2,4,7,11,18,2,4,0,0,0,0,1,0,0,0,1,1,12,18,2,1,1,1,3,2,0,2,5,7,1692,14,108,-140,98,1025,98,389,San Francisco,2018-06-17
2019,6,17,151,268,15,6,3,11,41,35,12,14,88,102,106,197,14,2,1,6,29,30,11,7,70,77,35,51,0,2,1,4,10,5,1,5,16,21,1,4,0,0,1,0,0,0,0,1,0,1,9,16,1,2,0,1,2,0,0,1,2,3,2246,17,146,-139,99,1445,117,444,San Francisco,2019-06-17
2020,6,17,168,177,10,20,12,8,44,30,14,20,88,108,99,139,6,2,6,6,33,24,13,12,70,82,35,19,3,10,6,1,9,2,1,7,12,19,0,1,0,0,0,0,0,1,0,0,1,1,34,18,1,8,0,1,2,3,0,1,5,6,1762,17,155,-137,101,1043,122,387,San Francisco,2020-06-17
2021,6,17,163,175,21,7,4,13,37,30,13,17,80,97,79,131,13,1,3,5,24,28,10,8,62,70,57,29,6,6,1,5,8,0,0,6,8,14,5,0,0,0,0,0,2,0,0,0,2,2,22,15,2,0,0,3,3,2,3,3,8,11,1645,17,157,-143,95,1005,101,426,San Francisco,2021-06-17
2022,6,17,106,177,10,15,6,12,37,27,7,18,71,89,54,119,6,3,3,6,22,25,3,9,50,59,43,41,2,10,2,2,11,2,4,4,17,21,4,1,0,0,0,0,1,0,0,0,1,1,5,16,2,2,1,4,3,0,0,5,3,8,1400,18,112,-142,96,782,86,403,San Francisco,2022-06-17
2023,6,17,109,174,13,12,10,6,38,31,9,16,78,94,52,124,10,4,6,6,30,25,5,12,60,72,40,28,2,7,1,0,5,3,4,1,12,13,3,2,0,0,0,0,1,0,0,0,1,1,14,20,1,1,3,0,2,3,0,3,5,8,1422,12,132,-141,97,795,76,404,San Francisco,2023-06-17
2024,6,17,115,173,13,12,7,8,41,30,11,15,82,97,70,121,9,5,3,4,26,29,8,7,63,70,31,32,2,5,3,3,8,1,3,6,12,18,0,2,1,0,0,0,2,0,0,0,2,2,14,18,1,2,1,1,5,0,0,2,5,7,1520,14,104,-139,99,901,88,382,San Francisco,2024-06-17
2012,7,17,,,,,,,,,,,,,,,,,,,,,,,,,,,,,,,,,,,,,,,,,,,,,,,,,,,,,,,,,,,,,,,,,,,,,San Francisco,2012-07-17
2013,7,17,,,,,,,,,,,,,,,,,,,,,,,,,,,,,,,,,,,,,,,,,,,,,,,,,,,,,,,,,,,,,,,,,,,,,San Francisco,2013-07-17
2014,7,17,,,,,,,,,,,,,,,,,,,,,,,,,,,,,,,,,,,,,,,,,,,,,,,,,,,,,,,,,,,,,,,,,,,,,San Francisco,2014-07-17
2015,7,17,268,376,26,13,12,16,35,34,10,28,79,107,158,280,23,3,5,10,20,32,8,15,60,75,80,72,1,10,6,5,10,1,0,11,11,22,4,0,0,0,0,0,1,0,1,0,2,2,26,24,2,0,1,1,4,1,1,2,6,8,2384,15,179,-107,131,1607,142,433,San Francisco,2015-07-17
2016,7,17,249,220,17,14,5,15,34,37,8,20,79,99,155,155,12,5,3,7,26,31,7,10,64,74,77,50,5,5,2,8,6,5,1,10,12,22,3,1,0,0,0,0,0,0,0,0,0,0,14,14,0,4,0,0,2,1,0,0,3,3,1713,15,131,-112,126,1102,95,374,San Francisco,2016-07-17
2017,7,17,239,291,24,12,9,15,49,34,11,24,94,118,167,206,22,3,4,9,41,24,10,13,75,88,48,57,1,6,4,4,3,4,1,8,8,16,4,5,1,0,0,0,0,0,0,0,0,0,20,23,0,3,1,2,5,6,0,3,11,14,2128,18,181,-111,127,1343,122,454,San Francisco,2017-07-17
2018,7,17,140,339,22,10,12,9,43,39,10,21,92,113,90,249,19,0,6,6,31,33,8,12,72,84,37,68,1,10,5,2,9,3,2,7,14,21,5,2,0,0,1,0,1,0,0,1,1,2,8,20,2,0,0,1,2,3,0,1,5,6,2129,14,143,-110,128,1393,147,392,San Francisco,2018-07-17
2019,7,17,205,317,21,7,5,14,33,36,5,19,74,93,142,232,20,3,3,9,26,26,4,12,56,68,56,57,1,3,1,3,6,5,1,4,12,16,0,5,0,0,0,0,1,0,0,0,1,1,7,23,0,1,1,2,0,5,0,3,5,8,2315,12,162,-109,129,1489,135,424,San Francisco,2019-07-17
2020,7,17,158,184,15,7,9,11,46,38,13,20,97,117,85,142,12,1,6,6,35,34,10,12,79,91,53,31,0,2,3,3,6,2,0,6,8,14,5,4,0,0,0,0,1,0,1,0,2,2,15,7,3,4,0,2,4,2,2,2,8,10,1735,15,160,-107,131,1146,109,354,San Francisco,2020-07-17
2021,7,17,160,173,9,9,2,7,30,33,16,9,79,88,62,109,6,1,0,6,19,31,12,6,62,68,75,46,1,6,2,1,7,1,4,3,12,15,2,0,0,0,0,0,1,0,0,0,1,1,21,18,2,2,0,0,3,1,0,0,4,4,1605,9,144,-113,125,978,97,357,San Francisco,2021-07-17
2022,7,17,101,177,6,11,6,14,32,19,9,20,60,80,42,123,5,2,5,7,24,17,9,12,50,62,47,41,0,8,1,4,6,1,0,5,7,12,1,0,0,0,0,0,1,0,0,0,1,1,11,13,1,1,0,3,1,1,0,3,2,5,1323,10,102,-112,126,750,105,336,San Francisco,2022-07-17
2023,7,17,123,204,17,12,8,11,40,30,15,19,85,104,85,157,12,3,4,8,24,26,12,12,62,74,29,34,4,7,4,3,11,3,2,7,16,23,1,0,0,0,0,0,2,0,0,0,2,2,8,13,1,2,0,0,3,1,1,0,5,5,1536,14,119,-111,127,837,114,453,San Francisco,2023-07-17
2024,7,17,87,216,14,7,7,14,31,36,9,21,76,97,53,167,12,0,6,9,25,31,6,15,62,77,26,31,0,7,1,3,5,3,2,4,10,14,2,1,0,0,0,0,0,0,0,0,0,0,6,17,2,0,0,2,1,2,1,2,4,6,1404,6,102,-109,129,810,95,325,San Francisco,2024-07-17
2012,8,17,,,,,,,,,,,,,,,,,,,,,,,,,,,,,,,,,,,,,,,,,,,,,,,,,,,,,,,,,,,,,,,,,,,,,San Francisco,2012-08-17
2013,8,17,,,,,,,,,,,,,,,,,,,,,,,,,,,,,,,,,,,,,,,,,,,,,,,,,,,,,,,,,,,,,,,,,,,,,San Francisco,2013-08-17
2014,8,17,,,,,,,,,,,,,,,,,,,,,,,,,,,,,,,,,,,,,,,,,,,,,,,,,,,,,,,,,,,,,,,,,,,,,San Francisco,2014-08-17
2015,8,17,245,337,21,9,7,9,55,44,23,16,122,138,167,241,18,0,3,4,37,33,19,7,89,96,62,75,2,9,3,3,13,7,3,6,23,29,3,4,0,0,0,0,0,0,1,0,1,1,13,17,1,0,1,2,5,4,0,3,9,12,2204,21,131,-76,162,1566,117,326,San Francisco,2015-08-17
2016,8,17,260,318,19,7,13,10,31,37,8,23,76,99,175,210,13,0,9,9,18,27,7,18,52,70,65,87,3,5,2,1,9,7,0,3,16,19,4,4,0,0,0,0,1,0,1,0,2,2,16,17,3,2,2,0,3,3,0,2,6,8,2265,16,142,-81,157,1540,111,407,San Francisco,2016-08-17
2017,8,17,271,275,27,6,8,8,44,31,10,16,85,101,175,188,18,2,4,6,31,21,9,10,61,71,73,62,5,3,3,2,7,6,0,5,13,18,5,4,0,0,0,0,1,0,0,0,1,1,18,21,4,1,1,0,5,4,1,1,10,11,2512,29,135,-80,158,1516,139,443,San Francisco,2017-08-17
2018,8,17,148,350,16,6,6,15,34,56,6,21,96,117,62,237,11,1,3,7,22,48,5,10,75,85,73,96,4,3,2,6,9,6,1,8,16,24,2,5,0,0,0,0,0,0,0,0,0,0,11,12,1,2,1,2,3,2,0,3,5,8,2245,22,131,-79,159,1373,136,484,San Francisco,2018-08-17
2019,8,17,215,292,19,11,9,14,27,43,5,23,75,98,105,201,9,0,5,9,16,36,2,14,54,68,98,60,8,9,4,3,9,4,3,7,16,23,2,1,0,0,0,0,0,0,0,0,0,0,10,30,2,2,0,2,2,3,0,2,5,7,2279,17,156,-78,160,1362,129,516,San Francisco,2019-08-17
2020,8,17,140,235,17,14,6,17,44,32,24,23,100,123,77,168,15,7,3,15,33,26,19,18,78,96,51,49,1,5,3,1,9,4,3,4,16,20,0,2,0,2,0,0,2,0,0,0,2,2,12,16,1,0,0,1,0,2,2,1,4,5,1630,16,91,-76,162,1003,95,388,San Francisco,2020-08-17
2021,8,17,105,187,12,6,4,12,44,26,10,16,80,96,54,134,6,1,4,10,33,26,9,14,68,82,46,38,2,5,0,1,9,0,1,1,10,11,1,1,0,0,0,1,0,0,0,1,0,1,4,14,4,0,0,0,2,0,0,0,2,2,1650,10,96,-82,156,1037,103,381,San Francisco,2021-08-17
2022,8,17,108,234,22,8,3,13,44,30,11,16,85,101,57,170,14,1,0,8,33,24,9,8,66,74,43,46,5,6,3,5,8,2,1,8,11,19,1,2,0,0,0,0,1,0,0,0,1,1,7,16,3,1,0,0,2,4,1,0,7,7,1502,10,94,-81,157,825,107,418,San Francisco,2022-08-17
2023,8,17,102,215,20,6,4,8,41,26,17,12,84,96,60,136,12,1,4,7,29,22,13,11,64,75,36,62,8,5,0,0,7,2,3,0,12,12,1,0,0,0,0,0,2,0,0,0,2,2,5,17,0,0,0,1,3,2,1,1,6,7,1718,11,130,-80,158,986,124,424,San Francisco,2023-08-17
2024,8,17,128,149,19,5,5,2,29,28,8,7,65,72,56,87,13,3,3,1,13,22,4,4,39,43,58,47,6,2,2,1,13,2,2,3,17,20,0,2,0,0,0,0,2,0,0,0,2,2,14,13,0,0,0,0,1,4,2,0,7,7,1469,10,128,-78,160,811,100,383,San Francisco,2024-08-17
2012,9,17,,,,,,,,,,,,,,,,,,,,,,,,,,,,,,,,,,,,,,,,,,,,,,,,,,,,,,,,,,,,,,,,,,,,,San Francisco,2012-09-17
2013,9,17,,,,,,,,,,,,,,,,,,,,,,,,,,,,,,,,,,,,,,,,,,,,,,,,,,,,,,,,,,,,,,,,,,,,,San Francisco,2013-09-17
2014,9,17,,,,,,,,,,,,,,,,,,,,,,,,,,,,,,,,,,,,,,,,,,,,,,,,,,,,,,,,,,,,,,,,,,,,,San Francisco,2014-09-17
2015,9,17,303,336,28,5,8,8,19,37,15,16,71,87,165,227,19,0,1,6,8,23,12,7,43,50,119,81,7,5,7,1,9,11,2,8,22,30,3,4,0,0,0,0,0,0,0,0,0,0,16,24,2,0,0,1,2,3,1,1,6,7,2345,25,145,-45,193,1615,133,395,San Francisco,2015-09-17
2016,9,17,334,260,17,11,6,11,37,35,4,17,76,93,175,160,11,2,2,5,17,28,4,7,49,56,132,80,6,9,4,4,14,4,0,8,18,26,6,1,0,0,0,0,1,0,0,0,1,1,21,19,0,0,0,2,5,3,0,2,8,10,2209,17,155,-50,188,1448,122,478,San Francisco,2016-09-17
2017,9,17,269,273,18,4,6,11,28,42,5,17,75,92,156,174,10,3,3,7,20,33,5,10,58,68,88,84,5,1,3,4,7,5,0,7,12,19,5,1,0,0,0,0,0,0,0,0,0,0,20,14,3,0,0,0,1,4,0,0,5,5,2167,13,136,-49,189,1353,99,413,San Francisco,2017-09-17
2018,9,17,178,322,21,4,4,8,48,41,12,12,101,113,99,203,12,1,4,5,32,32,8,9,72,81,64,90,7,3,0,2,13,5,2,2,20,22,4,5,1,0,0,0,1,0,2,0,3,3,11,24,1,0,0,1,2,4,0,1,6,7,2330,28,149,-48,190,1535,133,440,San Francisco,2018-09-17
2019,9,17,181,284,28,8,10,13,48,36,14,23,98,121,88,188,24,1,4,6,28,23,8,10,59,69,81,71,3,6,2,3,18,9,4,5,31,36,4,1,0,0,0,0,0,1,1,0,2,2,8,24,1,1,4,4,2,3,1,8,6,14,2328,26,147,-47,191,1482,127,448,San Francisco,2019-09-17
2020,9,17,148,266,12,14,6,11,50,43,13,17,106,123,59,157,9,1,2,4,30,33,9,6,72,78,80,89,2,13,2,7,11,7,4,9,22,31,1,2,0,0,0,0,4,0,0,0,4,4,8,18,1,0,2,0,5,3,0,2,8,10,1733,22,115,-45,193,1049,125,396,San Francisco,2020-09-17
2021,9,17,131,191,17,11,5,10,43,32,7,15,82,97,54,128,12,2,1,2,28,25,7,3,60,63,68,51,5,8,4,7,13,3,0,11,16,27,2,3,0,0,0,0,1,0,0,0,1,1,7,9,0,1,0,1,1,4,0,1,5,6,1635,18,109,-51,187,915,103,450,San Francisco,2021-09-17
2022,9,17,136,172,10,6,6,18,34,30,13,24,77,101,49,107,5,1,4,6,17,24,7,10,48,58,78,55,5,2,2,11,16,4,5,13,25,38,0,2,0,0,0,0,0,0,0,0,0,0,9,8,0,3,0,1,1,2,1,1,4,5,1532,14,115,-50,188,783,86,494,San Francisco,2022-09-17
2023,9,17,131,169,5,14,9,12,32,15,16,21,63,84,67,107,3,2,6,6,18,13,12,12,43,55,55,50,1,9,3,3,11,1,4,6,16,22,1,2,0,0,0,0,2,0,0,0,2,2,8,10,1,3,0,3,1,1,0,3,2,5,1481,19,89,-49,189,805,99,392,San Francisco,2023-09-17
2024,9,17,143,196,21,4,6,4,45,28,10,10,83,93,92,124,16,2,4,1,24,24,8,5,56,61,39,49,3,2,2,3,16,1,2,5,19,24,2,4,1,0,0,0,1,0,0,0,1,1,10,19,1,0,0,0,4,3,0,0,7,7,1771,23,118,-47,191,961,115,379,San Francisco,2024-09-17
2012,10,17,,,,,,,,,,,,,,,,,,,,,,,,,,,,,,,,,,,,,,,,,,,,,,,,,,,,,,,,,,,,,,,,,,,,,San Francisco,2012-10-17
2013,10,17,,,,,,,,,,,,,,,,,,,,,,,,,,,,,,,,,,,,,,,,,,,,,,,,,,,,,,,,,,,,,,,,,,,,,San Francisco,2013-10-17
2014,10,17,,,,,,,,,,,,,,,,,,,,,,,,,,,,,,,,,,,,,,,,,,,,,,,,,,,,,,,,,,,,,,,,,,,,,San Francisco,2014-10-17
2015,10,17,317,308,19,10,8,11,23,38,7,19,68,87,112,178,9,1,4,7,7,26,5,11,38,49,181,111,8,9,2,4,14,10,1,6,25,31,5,4,0,0,0,0,0,0,0,0,0,0,19,15,2,0,2,0,2,2,1,2,5,7,2261,29,178,-15,223,1484,131,445,San Francisco,2015-10-17
2016,10,17,260,252,24,6,5,14,34,25,9,19,68,87,136,133,12,1,2,7,17,15,9,9,41,50,110,96,9,5,2,5,12,6,0,7,18,25,5,2,1,0,0,1,2,0,0,1,2,3,9,21,2,0,1,1,3,4,0,2,7,9,2119,37,174,-20,218,1384,121,405,San Francisco,2016-10-17
2017,10,17,217,301,18,8,4,11,43,35,9,15,87,102,137,191,10,2,2,6,28,26,5,8,59,67,63,93,4,6,1,2,10,5,3,3,18,21,8,0,1,0,0,1,1,0,1,1,2,3,9,17,3,0,1,2,4,4,0,3,8,11,2150,44,178,-19,219,1374,122,441,San Francisco,2017-10-17
2018,10,17,185,288,22,7,10,13,43,41,3,23,87,110,98,199,15,0,7,10,28,25,2,17,55,72,79,68,6,6,2,3,12,10,1,5,23,28,4,3,0,0,0,0,0,0,0,0,0,0,4,18,1,1,1,0,3,6,0,1,9,10,2146,45,161,-18,220,1365,120,406,San Francisco,2018-10-17
2019,10,17,225,294,25,2,7,16,46,46,3,23,95,118,137,177,16,1,3,7,31,30,3,10,64,74,62,89,6,1,4,7,13,11,0,11,24,35,8,3,0,0,0,0,0,0,0,0,0,0,18,25,3,0,0,2,2,5,0,2,7,9,2310,48,183,-17,221,1428,136,454,San Francisco,2019-10-17
2020,10,17,183,183,14,18,8,16,33,29,7,24,69,93,51,104,5,3,3,9,22,22,6,12,50,62,122,65,7,11,4,2,9,5,0,6,14,20,2,1,0,0,0,0,0,0,0,0,0,0,8,13,2,4,1,5,2,2,1,6,5,11,1831,23,144,-15,223,1056,117,488,San Francisco,2020-10-17
2021,10,17,118,148,11,15,8,5,35,32,14,13,81,94,30,95,8,1,4,2,23,20,7,6,50,56,81,48,3,14,3,3,12,7,6,6,25,31,1,0,0,0,0,0,0,0,0,0,0,0,6,5,0,0,1,0,0,5,1,1,6,7,1445,10,79,-21,217,856,87,388,San Francisco,2021-10-17
2022,10,17,119,183,12,2,15,8,45,31,14,23,90,113,70,125,6,1,6,6,22,25,11,12,58,70,41,50,2,1,7,1,19,5,1,8,25,33,2,2,1,0,0,1,1,0,0,1,1,2,6,6,3,0,2,0,3,1,2,2,6,8,1538,26,122,-20,218,876,101,366,San Francisco,2022-10-17
2023,10,17,96,194,19,3,9,8,35,25,8,17,68,85,55,101,12,1,3,7,24,13,4,10,41,51,34,78,5,2,6,1,10,7,2,7,19,26,1,2,1,0,0,0,0,0,0,0,0,0,6,13,1,0,0,0,1,5,2,0,8,8,1654,19,135,-19,219,958,108,343,San Francisco,2023-10-17
2024,10,17,102,193,15,7,9,5,19,32,7,14,58,72,58,119,10,1,7,4,14,20,2,11,36,47,41,66,4,6,2,1,3,6,4,3,13,16,2,0,0,0,0,0,0,0,0,0,0,0,1,8,1,0,0,0,2,6,1,0,9,9,1743,33,109,-17,221,1019,126,419,San Francisco,2024-10-17
2012,11,17,,,,,,,,,,,,,,,,,,,,,,,,,,,,,,,,,,,,,,,,,,,,,,,,,,,,,,,,,,,,,,,,,,,,,San Francisco,2012-11-17
2013,11,17,,,,,,,,,,,,,,,,,,,,,,,,,,,,,,,,,,,,,,,,,,,,,,,,,,,,,,,,,,,,,,,,,,,,,San Francisco,2013-11-17
2014,11,17,,,,,,,,,,,,,,,,,,,,,,,,,,,,,,,,,,,,,,,,,,,,,,,,,,,,,,,,,,,,,,,,,,,,,San Francisco,2014-11-17
2015,11,17,254,349,24,9,15,6,30,31,14,21,75,96,139,193,16,3,7,1,19,18,9,8,46,54,101,118,5,3,8,5,7,10,4,13,21,34,5,2,1,0,0,0,2,0,0,0,2,2,9,36,2,3,0,0,2,3,1,0,6,6,2349,27,245,16,254,1645,138,421,San Francisco,2015-11-17
2016,11,17,227,272,25,4,7,9,31,32,7,16,70,86,109,146,17,0,4,2,21,15,4,6,40,46,96,106,8,4,3,7,7,13,3,10,23,33,7,1,0,0,0,0,0,0,0,0,0,0,15,19,0,0,0,0,3,4,0,0,7,7,2315,29,215,11,249,1625,142,365,San Francisco,2016-11-17
2017,11,17,246,260,28,7,4,15,31,47,7,19,85,104,119,118,13,2,1,5,17,32,4,6,53,59,109,120,11,5,2,9,12,13,2,11,27,38,5,5,1,0,0,0,0,0,0,0,0,0,13,17,3,0,1,1,2,2,1,2,5,7,2052,27,180,12,250,1284,123,448,San Francisco,2017-11-17
2018,11,17,172,284,10,12,7,9,19,31,9,16,59,75,78,143,2,1,5,2,10,22,7,7,39,46,87,111,7,7,2,5,7,7,2,7,16,23,2,4,0,1,0,0,1,0,0,0,1,1,5,26,1,3,0,2,1,2,0,2,3,5,1976,16,172,13,251,1271,105,347,San Francisco,2018-11-17
2019,11,17,212,218,13,8,16,10,23,48,7,26,78,104,100,108,6,0,6,5,11,29,3,11,43,54,94,88,6,7,6,5,10,14,3,11,27,38,1,3,0,0,0,0,0,1,0,0,1,1,17,19,1,1,4,0,2,4,1,4,7,11,2037,24,216,14,252,1272,90,435,San Francisco,2019-11-17
2020,11,17,76,176,13,14,7,8,32,43,8,15,83,98,31,94,8,0,2,1,23,30,8,3,61,64,39,63,4,13,4,4,8,12,0,8,20,28,2,1,0,0,0,0,0,0,0,0,0,0,4,18,1,1,1,3,1,1,0,4,2,6,1440,19,105,16,254,909,89,313,San Francisco,2020-11-17
2021,11,17,103,203,13,8,4,11,43,23,14,15,80,95,42,109,9,1,3,4,25,16,10,7,51,58,57,75,2,7,1,6,12,4,4,7,20,27,3,0,0,0,0,0,1,0,0,0,1,1,1,19,2,0,0,1,5,3,0,1,8,9,1625,16,169,10,248,926,105,420,San Francisco,2021-11-17
2022,11,17,126,174,13,8,7,11,29,33,8,18,70,88,57,95,6,1,5,5,20,21,5,10,46,56,49,64,5,7,2,4,6,9,3,6,18,24,3,2,0,0,0,0,2,0,0,0,2,2,17,13,2,0,0,2,1,3,0,2,4,6,1532,18,157,11,249,891,97,376,San Francisco,2022-11-17
2023,11,17,98,185,17,6,10,8,33,18,11,18,62,80,45,109,9,0,5,3,20,14,9,8,43,51,44,64,7,6,5,5,11,2,2,10,15,25,1,2,0,0,0,0,1,0,0,0,1,1,8,10,1,0,0,0,1,2,0,0,3,3,1380,13,93,12,250,781,97,357,San Francisco,2023-11-17
2024,11,17,86,164,13,4,8,9,24,21,8,17,53,70,31,84,4,0,2,4,14,11,2,6,27,33,48,60,8,3,6,5,6,9,5,11,20,31,1,3,0,0,0,0,1,0,0,0,1,1,6,17,1,1,0,0,3,1,1,0,5,5,1377,27,116,14,252,803,74,363,San Francisco,2024-11-17
2012,12,17,,,,,,,,,,,,,,,,,,,,,,,,,,,,,,,,,,,,,,,,,,,,,,,,,,,,,,,,,,,,,,,,,,,,,San Francisco,2012-12-17
2013,12,17,,,,,,,,,,,,,,,,,,,,,,,,,,,,,,,,,,,,,,,,,,,,,,,,,,,,,,,,,,,,,,,,,,,,,San Francisco,2013-12-17
2014,12,17,,,,,,,,,,,,,,,,,,,,,,,,,,,,,,,,,,,,,,,,,,,,,,,,,,,,,,,,,,,,,,,,,,,,,San Francisco,2014-12-17
2015,12,17,225,336,23,5,11,17,36,34,18,28,88,116,95,170,10,3,3,11,14,16,9,14,39,53,105,138,9,2,8,6,21,11,7,14,39,53,8,3,0,0,0,0,0,2,1,0,3,3,17,25,4,0,0,0,1,5,1,0,7,7,2230,39,221,46,284,1533,144,380,San Francisco,2015-12-17
2016,12,17,240,258,18,8,8,14,33,29,9,22,71,93,99,111,8,4,2,7,15,20,5,9,40,49,126,126,10,4,5,5,16,5,3,10,24,34,1,3,0,0,1,0,0,0,0,1,0,1,14,18,0,0,0,2,2,4,1,2,7,9,2032,21,200,41,279,1304,119,419,San Francisco,2016-12-17
2017,12,17,206,212,19,3,12,16,25,19,11,28,55,83,85,94,9,0,2,6,14,7,5,8,26,34,97,107,7,3,9,8,10,7,5,17,22,39,10,1,0,0,0,0,0,1,0,0,1,1,14,10,3,0,1,2,1,4,1,3,6,9,1741,28,199,42,280,1074,95,370,San Francisco,2017-12-17
2018,12,17,160,312,25,1,10,14,39,42,8,24,89,113,84,152,15,0,3,2,23,22,7,5,52,57,61,132,8,1,5,10,15,16,1,15,32,47,4,9,0,0,0,0,0,1,0,0,1,1,11,19,2,0,2,2,1,3,0,4,4,8,2231,40,195,43,281,1486,129,392,San Francisco,2018-12-17
2019,12,17,124,257,13,4,8,3,37,41,12,11,90,101,62,140,6,1,3,1,24,26,9,4,59,63,52,88,3,2,4,2,11,9,1,6,21,27,5,1,0,0,0,0,0,0,0,0,0,0,5,28,4,1,1,0,2,6,2,1,10,11,2021,28,173,44,282,1211,136,421,San Francisco,2019-12-17
2020,12,17,100,198,17,7,9,7,58,37,14,16,109,125,41,98,9,0,7,3,35,20,6,10,61,71,50,77,3,7,2,2,21,11,6,4,38,42,0,2,0,0,0,0,1,0,1,0,2,2,9,21,5,0,0,2,1,6,1,2,8,10,1523,22,134,46,284,995,88,326,San Francisco,2020-12-17
2021,12,17,108,146,20,6,6,13,30,30,9,19,69,88,41,86,6,0,3,5,18,18,5,8,41,49,62,48,12,6,1,6,11,11,4,7,26,33,2,0,0,0,0,0,0,0,0,0,0,0,3,12,2,0,2,2,1,1,0,4,2,6,1650,30,124,40,278,898,113,396,San Francisco,2021-12-17
2022,12,17,107,144,13,12,8,10,46,37,10,18,93,111,59,58,5,1,3,6,24,19,8,9,51,60,42,69,8,10,2,4,20,11,1,6,32,38,1,5,0,0,0,0,0,2,1,0,3,3,5,12,0,1,3,0,2,5,0,3,7,10,1437,12,151,41,279,728,90,417,San Francisco,2022-12-17
2023,12,17,137,131,10,9,4,8,19,26,10,12,55,67,59,74,5,1,2,5,11,19,6,7,36,43,73,47,4,8,2,3,5,6,0,5,11,16,1,1,0,0,0,0,1,0,2,0,3,3,4,9,1,0,0,0,2,1,2,0,5,5,1347,16,111,42,280,765,83,361,San Francisco,2023-12-17
2024,12,17,66,232,19,6,3,7,20,25,13,10,58,68,32,135,9,1,1,4,8,15,8,5,31,36,31,73,6,5,2,1,11,9,4,3,24,27,0,6,0,0,0,1,0,0,0,1,0,1,3,18,4,0,0,1,1,1,1,1,3,4,1684,32,155,44,282,920,97,372,San Francisco,2024-12-17
2012,1,18,,,,,,,,,,,,,,,,,,,,,,,,,,,,,,,,,,,,,,,,,,,,,,,,,,,,,,,,,,,,,,,,,,,,,San Francisco,2012-01-18
2013,1,18,,,,,,,,,,,,,,,,,,,,,,,,,,,,,,,,,,,,,,,,,,,,,,,,,,,,,,,,,,,,,,,,,,,,,San Francisco,2013-01-18
2014,1,18,,,,,,,,,,,,,,,,,,,,,,,,,,,,,,,,,,,,,,,,,,,,,,,,,,,,,,,,,,,,,,,,,,,,,San Francisco,2014-01-18
2015,1,18,234,299,21,14,14,11,31,25,15,25,71,96,82,153,8,4,4,7,11,19,6,11,36,47,139,123,12,10,9,2,17,6,7,11,30,41,3,1,0,0,0,0,0,0,0,0,0,0,10,22,1,0,1,2,3,0,2,3,5,8,1994,24,149,-287,-49,1446,110,341,San Francisco,2015-01-18
2016,1,18,228,361,22,5,10,9,37,27,12,19,76,95,109,203,11,0,4,5,25,13,10,9,48,57,94,123,10,5,5,4,11,8,2,9,21,30,7,8,0,0,0,0,0,0,0,0,0,0,18,27,1,0,1,0,1,6,0,1,7,8,2053,36,188,-293,-55,1457,107,314,San Francisco,2016-01-18
2017,1,18,212,241,31,2,2,18,24,26,5,20,55,75,103,122,14,1,1,8,13,16,5,9,34,43,91,93,7,1,1,9,8,5,0,10,13,23,7,8,1,0,0,0,0,1,0,0,1,1,11,18,9,0,0,1,3,4,0,1,7,8,1906,44,166,-291,-53,1265,125,330,San Francisco,2017-01-18
2018,1,18,188,265,23,8,7,9,35,38,10,16,83,99,99,141,14,1,2,4,18,20,6,6,44,50,73,97,6,7,5,5,15,13,4,10,32,42,8,5,1,0,0,0,0,0,0,0,0,0,8,22,2,0,0,0,2,5,0,0,7,7,2101,44,209,-290,-52,1405,117,359,San Francisco,2018-01-18
2019,1,18,154,337,16,2,9,13,27,32,9,22,68,90,82,179,8,0,2,5,15,17,6,7,38,45,59,126,7,2,7,7,10,13,2,14,25,39,3,7,0,0,0,0,1,0,0,0,1,1,10,25,1,0,0,1,1,2,1,1,4,5,2221,31,237,-289,-51,1376,118,477,San Francisco,2019-01-18
2020,1,18,115,230,15,9,7,8,50,46,8,15,104,119,42,116,9,0,2,3,22,23,6,5,51,56,69,94,5,8,5,3,24,14,2,8,40,48,0,3,0,0,0,0,1,0,0,0,1,1,4,17,1,1,0,2,3,9,0,2,12,14,1797,13,153,-288,-50,1077,136,430,San Francisco,2020-01-18
2021,1,18,120,201,15,12,5,8,56,39,10,13,105,118,56,109,8,2,4,3,28,32,4,7,64,71,56,67,4,10,0,4,24,5,5,4,34,38,2,5,0,0,0,0,3,0,0,0,3,3,6,20,3,0,1,1,1,2,1,2,4,6,1786,22,143,-293,-55,1180,98,345,San Francisco,2021-01-18
2022,1,18,106,225,18,10,5,10,41,29,12,15,82,97,48,118,9,3,3,5,29,19,5,8,53,61,54,91,7,7,0,2,10,9,5,2,24,26,1,1,0,0,0,0,0,0,1,0,1,1,3,15,2,0,2,3,2,1,1,5,4,9,1692,26,141,-292,-54,1021,83,368,San Francisco,2022-01-18
2023,1,18,73,200,16,5,8,5,41,26,10,13,77,90,31,108,9,2,5,3,24,17,6,8,47,55,39,69,5,3,3,1,14,6,3,4,23,27,2,4,0,0,0,0,1,0,1,0,2,2,1,19,2,0,0,1,2,3,0,1,5,6,1513,20,132,-291,-53,856,111,379,San Francisco,2023-01-18
2024,1,18,110,225,12,5,8,4,31,28,9,12,68,80,48,118,3,0,3,2,15,18,4,5,37,42,51,91,6,3,4,2,13,5,2,6,20,26,3,3,1,1,0,0,1,0,3,0,4,4,8,13,2,1,1,0,2,5,0,1,7,8,1899,44,171,-290,-52,1166,88,369,San Francisco,2024-01-18
2012,2,18,,,,,,,,,,,,,,,,,,,,,,,,,,,,,,,,,,,,,,,,,,,,,,,,,,,,,,,,,,,,,,,,,,,,,San Francisco,2012-02-18
2013,2,18,,,,,,,,,,,,,,,,,,,,,,,,,,,,,,,,,,,,,,,,,,,,,,,,,,,,,,,,,,,,,,,,,,,,,San Francisco,2013-02-18
2014,2,18,,,,,,,,,,,,,,,,,,,,,,,,,,,,,,,,,,,,,,,,,,,,,,,,,,,,,,,,,,,,,,,,,,,,,San Francisco,2014-02-18
2015,2,18,283,363,21,10,13,10,30,39,22,23,91,114,137,207,15,1,4,3,18,26,15,7,59,66,127,118,3,5,8,6,9,11,5,14,25,39,8,1,0,0,0,0,1,1,0,0,2,2,11,37,3,4,1,1,2,1,2,2,5,7,2325,32,186,-256,-18,1697,122,379,San Francisco,2015-02-18
2016,2,18,215,308,19,4,5,4,35,39,15,9,89,98,122,194,12,0,1,1,25,28,5,2,58,60,70,91,6,4,3,3,10,5,6,6,21,27,7,5,0,0,0,0,0,0,0,0,0,0,16,18,1,0,1,0,0,6,4,1,10,11,2151,33,195,-262,-24,1497,146,377,San Francisco,2016-02-18
2017,2,18,234,267,32,9,4,14,33,33,7,18,73,91,117,136,12,1,1,8,15,17,4,9,36,45,104,108,13,7,1,5,15,16,2,6,33,39,3,0,1,0,0,0,0,0,1,0,1,1,10,23,6,1,2,1,3,0,0,3,3,6,2407,21,217,-260,-22,1653,124,391,San Francisco,2017-02-18
2018,2,18,211,277,15,11,14,15,36,26,7,29,69,98,112,173,7,2,3,10,13,16,3,13,32,45,85,92,5,9,9,4,19,8,4,13,31,44,5,3,0,0,0,0,1,0,0,0,1,1,9,9,3,0,2,1,3,2,0,3,5,8,1978,16,168,-259,-21,1278,128,340,San Francisco,2018-02-18
2019,2,18,154,327,16,6,8,6,41,42,4,14,87,101,91,193,13,2,3,4,23,27,3,7,53,60,47,101,2,4,4,0,15,14,1,4,30,34,10,5,0,0,0,0,2,0,0,0,2,2,6,28,1,0,1,2,1,1,0,3,2,5,2223,37,192,-258,-20,1414,138,371,San Francisco,2019-02-18
2020,2,18,167,279,18,15,12,7,31,44,14,19,89,108,91,159,13,2,5,3,14,29,10,8,53,61,53,103,1,12,5,3,15,8,1,8,24,32,3,4,1,0,0,0,0,0,0,0,0,0,20,13,3,1,2,1,2,7,3,3,12,15,2041,30,185,-257,-19,1293,137,402,San Francisco,2020-02-18
2021,2,18,104,253,15,2,3,8,37,36,11,11,84,95,50,131,7,0,1,3,24,25,9,4,58,62,47,92,4,2,1,4,10,10,2,5,22,27,2,4,1,0,0,0,2,0,0,0,2,2,5,26,3,0,1,1,1,1,0,2,2,4,1820,23,166,-262,-24,1187,102,345,San Francisco,2021-02-18
2022,2,18,111,167,20,4,7,6,42,14,15,13,71,84,38,103,10,1,5,0,28,11,13,5,52,57,66,50,4,3,2,5,12,2,1,7,15,22,3,0,0,0,0,0,1,0,0,0,1,1,4,14,6,0,0,1,1,1,1,1,3,4,1525,23,117,-261,-23,875,97,403,San Francisco,2022-02-18
2023,2,18,132,149,15,7,8,5,34,22,11,13,67,80,55,80,10,1,5,4,20,17,5,9,42,51,67,57,5,6,2,0,10,4,5,2,19,21,0,2,0,0,1,0,0,0,0,1,0,1,10,10,0,0,0,1,4,1,1,1,6,7,1570,17,123,-260,-22,854,95,415,San Francisco,2023-02-18
2024,2,18,93,138,7,5,6,10,22,22,13,16,57,73,40,80,2,0,4,4,12,15,11,8,38,46,49,52,5,4,2,5,9,5,0,7,14,21,0,0,0,1,0,0,0,0,0,0,0,0,4,6,0,0,0,1,1,2,2,1,5,6,1428,27,108,-259,-21,786,103,307,San Francisco,2024-02-18
2012,3,18,,,,,,,,,,,,,,,,,,,,,,,,,,,,,,,,,,,,,,,,,,,,,,,,,,,,,,,,,,,,,,,,,,,,,San Francisco,2012-03-18
2013,3,18,,,,,,,,,,,,,,,,,,,,,,,,,,,,,,,,,,,,,,,,,,,,,,,,,,,,,,,,,,,,,,,,,,,,,San Francisco,2013-03-18
2014,3,18,,,,,,,,,,,,,,,,,,,,,,,,,,,,,,,,,,,,,,,,,,,,,,,,,,,,,,,,,,,,,,,,,,,,,San Francisco,2014-03-18
2015,3,18,252,368,32,3,16,12,30,42,9,28,81,109,143,218,25,1,8,7,14,32,7,15,53,68,91,115,5,2,6,4,13,8,2,10,23,33,4,2,0,0,0,1,0,0,0,1,0,1,14,33,2,0,2,0,3,2,0,2,5,7,2293,41,174,-228,10,1647,122,392,San Francisco,2015-03-18
2016,3,18,283,362,21,11,9,9,37,33,11,18,81,99,158,226,17,3,5,6,26,26,6,11,58,69,105,109,3,7,4,2,7,7,4,6,18,24,4,5,0,0,0,0,1,0,0,0,1,1,16,22,1,1,0,1,3,0,1,1,4,5,2282,29,150,-233,5,1546,121,440,San Francisco,2016-03-18
2017,3,18,268,281,16,15,4,14,31,36,12,18,79,97,133,165,12,2,2,8,21,28,7,10,56,66,116,97,4,12,2,5,10,6,4,7,20,27,3,4,0,0,0,0,0,0,1,0,1,1,16,15,0,1,0,1,0,2,0,1,2,3,2264,19,166,-232,6,1402,135,481,San Francisco,2017-03-18
2018,3,18,242,278,11,8,12,13,26,18,6,25,50,75,130,183,5,3,9,9,14,15,4,18,33,51,89,72,6,4,3,4,9,1,2,7,12,19,8,2,0,0,0,0,0,0,0,0,0,0,15,21,0,1,0,0,3,2,0,0,5,5,1967,33,133,-231,7,1254,106,380,San Francisco,2018-03-18
2019,3,18,156,295,20,2,10,15,48,18,5,25,71,96,88,194,12,0,4,7,31,14,3,11,48,59,54,77,4,2,4,6,13,4,2,10,19,29,3,4,1,0,0,0,3,0,0,0,3,3,11,20,3,0,2,2,1,0,0,4,1,5,2263,32,138,-230,8,1385,125,435,San Francisco,2019-03-18
2020,3,18,172,243,8,5,7,13,33,42,9,20,84,104,117,151,5,1,5,5,20,34,8,10,62,72,44,68,2,4,2,4,9,5,1,6,15,21,6,4,1,0,0,1,1,1,0,1,2,3,5,20,0,0,0,3,3,2,0,3,5,8,2274,47,144,-228,10,1418,126,315,San Francisco,2020-03-18
2021,3,18,93,196,8,6,5,3,38,25,14,8,77,85,34,129,6,4,2,2,23,21,12,4,56,60,53,52,2,2,2,1,12,4,2,3,18,21,2,0,0,0,1,0,1,0,0,1,1,2,4,15,0,0,0,0,2,0,0,0,2,2,1494,22,92,-234,4,950,97,295,San Francisco,2021-03-18
2022,3,18,104,177,15,2,4,10,37,23,9,14,69,83,51,117,8,0,3,7,27,19,8,10,54,64,49,47,6,2,1,2,7,3,1,3,11,14,0,1,0,0,0,0,1,0,0,0,1,1,4,12,1,0,0,1,2,1,0,1,3,4,1481,16,107,-233,5,870,94,381,San Francisco,2022-03-18
2023,3,18,130,182,15,17,6,11,32,30,13,17,75,92,60,105,6,4,5,8,22,23,10,13,55,68,64,70,8,11,1,1,8,5,2,2,15,17,2,0,0,0,0,0,0,0,0,0,0,0,4,7,1,2,0,2,2,2,1,2,5,7,1604,10,86,-232,6,813,87,479,San Francisco,2023-03-18
2024,3,18,78,176,13,1,9,10,35,27,10,19,72,91,39,126,10,1,4,5,25,17,7,9,49,58,36,36,3,0,3,4,9,6,2,7,17,24,0,4,0,0,0,0,0,0,0,0,0,0,3,10,0,0,2,1,1,4,1,3,6,9,1729,27,121,-230,8,1008,84,330,San Francisco,2024-03-18
2012,4,18,,,,,,,,,,,,,,,,,,,,,,,,,,,,,,,,,,,,,,,,,,,,,,,,,,,,,,,,,,,,,,,,,,,,,San Francisco,2012-04-18
2013,4,18,,,,,,,,,,,,,,,,,,,,,,,,,,,,,,,,,,,,,,,,,,,,,,,,,,,,,,,,,,,,,,,,,,,,,San Francisco,2013-04-18
2014,4,18,,,,,,,,,,,,,,,,,,,,,,,,,,,,,,,,,,,,,,,,,,,,,,,,,,,,,,,,,,,,,,,,,,,,,San Francisco,2014-04-18
2015,4,18,202,254,14,4,17,13,32,44,13,30,89,119,104,176,5,0,10,8,16,30,9,18,55,73,87,61,8,4,6,3,11,7,3,9,21,30,2,3,1,0,0,1,1,0,0,1,1,2,9,14,0,0,1,1,4,7,1,2,12,14,2022,13,151,-197,41,1429,108,368,San Francisco,2015-04-18
2016,4,18,353,334,22,1,12,11,37,26,13,23,76,99,231,192,18,0,8,5,23,16,9,13,48,61,82,123,3,1,3,3,10,8,4,6,22,28,10,3,0,0,0,0,0,0,0,0,0,0,30,16,1,0,1,3,4,2,0,4,6,10,2264,22,158,-202,36,1452,143,465,San Francisco,2016-04-18
2017,4,18,280,256,23,6,13,11,37,34,13,24,84,108,175,177,20,1,7,7,29,29,10,14,68,82,83,66,1,0,4,2,6,3,3,6,12,18,2,2,0,0,0,0,0,1,0,0,1,1,20,11,2,5,2,2,2,1,0,4,3,7,2308,12,138,-201,37,1582,124,386,San Francisco,2017-04-18
2018,4,18,265,299,13,4,9,15,44,31,4,24,79,103,191,209,12,1,9,12,28,25,2,21,55,76,56,67,0,2,0,2,13,2,2,2,17,19,6,3,0,0,0,0,0,0,0,0,0,0,12,20,1,1,0,1,3,4,0,1,7,8,2327,17,140,-200,38,1558,106,421,San Francisco,2018-04-18
2019,4,18,181,321,23,3,10,15,39,43,17,25,99,124,125,223,18,1,7,10,29,35,9,17,73,90,40,70,3,1,1,5,9,5,8,6,22,28,5,6,0,0,0,0,1,1,0,0,2,2,11,22,2,1,2,0,0,2,0,2,2,4,2372,23,140,-199,39,1480,117,424,San Francisco,2019-04-18
2020,4,18,272,259,14,1,5,7,50,34,8,12,92,104,166,190,11,0,4,2,39,27,5,6,71,77,94,54,2,1,0,4,8,2,0,4,10,14,1,4,0,0,0,0,0,0,0,0,0,0,11,11,1,0,1,1,3,5,3,2,11,13,1969,11,125,-197,41,1276,110,346,San Francisco,2020-04-18
2021,4,18,114,194,14,9,4,5,33,26,16,9,75,84,55,118,6,2,2,5,22,22,13,7,57,64,56,60,4,5,2,0,8,1,1,2,10,12,0,4,0,0,0,0,0,0,0,0,0,0,3,12,4,2,0,0,3,3,2,0,8,8,1614,14,99,-203,35,1051,96,323,San Francisco,2021-04-18
2022,4,18,100,170,10,5,8,15,41,34,14,23,89,112,59,114,5,2,6,10,29,31,11,16,71,87,38,48,4,2,0,5,10,0,2,5,12,17,0,2,0,0,1,0,0,0,0,1,0,1,3,6,1,1,1,0,2,3,1,1,6,7,1415,11,79,-202,36,839,96,351,San Francisco,2022-04-18
2023,4,18,81,213,14,6,11,7,36,36,16,18,88,106,54,137,11,2,7,6,21,29,10,13,60,73,21,56,3,4,1,1,11,3,5,2,19,21,1,2,0,0,0,0,0,0,0,0,0,0,5,18,0,0,3,0,4,4,1,3,9,12,1637,14,108,-201,37,993,92,365,San Francisco,2023-04-18
2024,4,18,94,169,15,3,5,7,24,24,7,12,55,67,70,123,10,0,0,4,17,23,6,4,46,50,19,28,2,2,5,2,5,0,1,7,6,13,0,2,0,0,0,0,0,0,0,0,0,0,5,16,3,1,0,1,2,1,0,1,3,4,1609,15,117,-199,39,958,100,390,San Francisco,2024-04-18
2012,5,18,,,,,,,,,,,,,,,,,,,,,,,,,,,,,,,,,,,,,,,,,,,,,,,,,,,,,,,,,,,,,,,,,,,,,San Francisco,2012-05-18
2013,5,18,,,,,,,,,,,,,,,,,,,,,,,,,,,,,,,,,,,,,,,,,,,,,,,,,,,,,,,,,,,,,,,,,,,,,San Francisco,2013-05-18
2014,5,18,,,,,,,,,,,,,,,,,,,,,,,,,,,,,,,,,,,,,,,,,,,,,,,,,,,,,,,,,,,,,,,,,,,,,San Francisco,2014-05-18
2015,5,18,221,317,24,3,10,12,25,44,19,22,88,110,152,229,21,0,3,8,17,36,18,11,71,82,50,64,2,2,7,3,5,8,0,10,13,23,5,2,0,0,0,0,0,0,0,0,0,0,14,22,1,1,0,1,3,0,1,1,4,5,2158,14,134,-167,71,1521,124,357,San Francisco,2015-05-18
2016,5,18,299,293,21,10,11,7,30,33,14,18,77,95,205,207,14,0,3,7,18,28,12,10,58,68,66,64,6,9,6,0,8,3,2,6,13,19,5,2,0,0,1,0,1,0,0,1,1,2,23,20,1,1,1,0,3,2,0,1,5,6,2110,20,140,-172,66,1406,114,425,San Francisco,2016-05-18
2017,5,18,238,291,25,5,14,12,32,41,8,26,81,107,164,195,21,1,12,8,25,38,7,20,70,90,51,76,4,4,1,1,4,1,1,2,6,8,9,1,0,0,0,0,0,0,0,0,0,0,14,19,0,0,1,3,3,2,0,4,5,9,2336,23,144,-171,67,1552,138,402,San Francisco,2017-05-18
2018,5,18,130,293,12,2,11,20,41,32,11,31,84,115,65,202,8,0,7,15,26,26,10,22,62,84,51,69,2,1,3,2,8,3,1,5,12,17,4,5,1,0,0,0,1,1,0,0,2,2,10,17,1,1,1,3,6,2,0,4,8,12,2210,18,160,-170,68,1435,151,430,San Francisco,2018-05-18
2019,5,18,165,246,16,8,6,13,37,23,9,19,69,88,96,181,4,1,3,3,28,16,6,6,50,56,63,48,8,6,2,9,9,6,2,11,17,28,1,1,0,1,0,0,0,0,0,0,0,0,5,16,4,0,1,1,0,1,1,2,2,4,1916,7,124,-169,69,1129,106,437,San Francisco,2019-05-18
2020,5,18,154,294,11,4,6,15,50,39,17,21,106,127,95,214,9,1,6,12,34,31,13,18,78,96,40,56,0,2,0,2,9,5,1,2,15,17,4,3,0,0,0,0,1,0,0,0,1,1,15,21,2,1,0,1,6,3,3,1,12,13,2093,15,125,-167,71,1272,115,360,San Francisco,2020-05-18
2021,5,18,95,184,12,10,11,16,43,29,17,27,89,116,57,137,9,3,7,9,34,23,14,16,71,87,27,31,3,4,2,5,7,5,1,7,13,20,3,1,0,0,0,0,1,0,0,0,1,1,8,15,0,3,2,2,1,1,2,4,4,8,1513,13,108,-173,65,961,95,321,San Francisco,2021-05-18
2022,5,18,98,225,19,10,8,12,38,21,14,20,73,93,57,168,15,6,2,6,24,18,9,8,51,59,31,39,3,2,3,4,10,2,4,7,16,23,5,2,0,1,0,0,0,0,0,0,0,0,5,16,1,1,3,2,4,1,1,5,6,11,1448,18,108,-172,66,787,96,410,San Francisco,2022-05-18
2023,5,18,82,199,18,6,5,6,36,31,22,11,89,100,45,148,11,2,4,5,22,25,16,9,63,72,31,38,5,3,0,1,11,3,5,1,19,20,0,0,0,0,0,0,0,0,0,0,0,0,6,13,2,1,1,0,3,3,1,1,7,8,1544,8,118,-171,67,909,93,356,San Francisco,2023-05-18
2024,5,18,112,166,15,7,4,6,24,20,6,10,50,60,53,108,11,1,2,3,14,16,6,5,36,41,48,41,3,5,1,3,9,2,0,4,11,15,1,2,0,0,0,0,0,1,0,0,1,1,10,15,1,1,1,0,1,1,0,1,2,3,1427,12,117,-169,69,736,89,452,San Francisco,2024-05-18
2012,6,18,,,,,,,,,,,,,,,,,,,,,,,,,,,,,,,,,,,,,,,,,,,,,,,,,,,,,,,,,,,,,,,,,,,,,San Francisco,2012-06-18
2013,6,18,,,,,,,,,,,,,,,,,,,,,,,,,,,,,,,,,,,,,,,,,,,,,,,,,,,,,,,,,,,,,,,,,,,,,San Francisco,2013-06-18
2014,6,18,,,,,,,,,,,,,,,,,,,,,,,,,,,,,,,,,,,,,,,,,,,,,,,,,,,,,,,,,,,,,,,,,,,,,San Francisco,2014-06-18
2015,6,18,239,305,31,11,7,11,25,21,18,18,64,82,182,220,28,1,5,6,14,15,15,11,44,55,30,65,1,9,0,3,10,3,3,3,16,19,5,3,0,0,0,0,0,0,0,0,0,0,22,17,2,1,2,2,1,3,0,4,4,8,2114,22,177,-136,102,1487,140,321,San Francisco,2015-06-18
2016,6,18,255,278,15,16,3,18,37,42,10,21,89,110,158,186,6,1,2,13,26,32,5,15,63,78,69,70,8,8,0,2,6,7,3,2,16,18,1,3,0,0,0,0,0,0,1,0,1,1,27,19,1,7,1,3,5,3,1,4,9,13,2039,11,195,-141,97,1354,115,375,San Francisco,2016-06-18
2017,6,18,235,216,16,25,6,12,32,34,12,18,78,96,135,163,11,5,4,8,22,25,9,12,56,68,65,36,4,20,2,2,7,6,1,4,14,18,2,2,0,0,0,1,1,0,0,1,1,2,33,15,1,0,0,1,2,3,2,1,7,8,1988,13,149,-140,98,1219,127,383,San Francisco,2017-06-18
2018,6,18,129,309,14,5,8,8,40,37,11,16,88,104,81,222,10,1,4,7,28,33,9,11,70,81,34,55,3,2,3,0,10,2,2,3,14,17,3,4,0,1,0,1,0,0,0,1,0,1,11,28,1,1,1,0,2,2,0,1,4,5,1920,15,117,-139,99,1199,97,391,San Francisco,2018-06-18
2019,6,18,167,278,17,11,8,15,28,36,8,23,72,95,123,211,13,4,7,10,19,29,6,17,54,71,33,44,3,4,1,4,7,2,0,5,9,14,3,4,1,0,0,0,2,0,0,0,2,2,8,19,0,3,0,1,0,5,2,1,7,8,2078,30,171,-138,100,1262,119,438,San Francisco,2019-06-18
2020,6,18,185,186,16,9,10,16,31,41,11,26,83,109,97,135,13,2,5,12,21,36,10,17,67,84,51,34,0,4,2,1,9,2,1,3,12,15,3,1,0,0,1,0,0,1,0,1,1,2,34,16,3,3,2,3,1,2,0,5,3,8,1667,16,145,-136,102,1001,97,397,San Francisco,2020-06-18
2021,6,18,168,199,18,7,14,7,40,30,8,21,78,99,66,139,9,2,11,6,33,24,7,17,64,81,70,31,8,2,1,0,5,3,1,1,9,10,4,2,0,0,1,0,0,0,0,1,0,1,28,27,1,3,1,1,2,3,0,2,5,7,1625,20,169,-142,96,950,100,423,San Francisco,2021-06-18
2022,6,18,121,139,22,10,10,12,38,26,9,22,73,95,61,92,13,4,6,7,29,19,9,13,57,70,45,32,7,4,3,3,9,4,0,6,13,19,0,3,0,0,0,0,0,0,0,0,0,0,15,12,2,2,1,2,0,3,0,3,3,6,1323,21,102,-141,97,753,86,374,San Francisco,2022-06-18
2023,6,18,97,152,18,15,7,3,31,30,15,10,76,86,53,104,12,8,4,2,22,25,12,6,59,65,35,34,5,6,3,0,6,3,3,3,12,15,0,1,0,0,0,0,1,0,0,0,1,1,9,13,1,1,0,1,2,2,0,1,4,5,1280,8,116,-140,98,723,108,348,San Francisco,2023-06-18
2024,6,18,88,158,17,7,4,5,29,24,11,9,64,73,47,118,11,3,3,4,22,22,9,7,53,60,30,19,6,3,1,0,6,1,0,1,7,8,0,0,0,0,0,0,0,0,1,0,1,1,11,21,0,1,0,1,1,1,1,1,3,4,1474,8,126,-138,100,811,89,378,San Francisco,2024-06-18
2012,7,18,,,,,,,,,,,,,,,,,,,,,,,,,,,,,,,,,,,,,,,,,,,,,,,,,,,,,,,,,,,,,,,,,,,,,San Francisco,2012-07-18
2013,7,18,,,,,,,,,,,,,,,,,,,,,,,,,,,,,,,,,,,,,,,,,,,,,,,,,,,,,,,,,,,,,,,,,,,,,San Francisco,2013-07-18
2014,7,18,,,,,,,,,,,,,,,,,,,,,,,,,,,,,,,,,,,,,,,,,,,,,,,,,,,,,,,,,,,,,,,,,,,,,San Francisco,2014-07-18
2015,7,18,246,310,22,21,13,10,24,31,10,23,65,88,123,218,14,3,6,8,16,28,8,14,52,66,103,61,5,17,4,1,5,2,2,5,9,14,4,3,0,0,0,1,1,0,0,1,1,2,16,28,3,1,3,0,2,1,0,3,3,6,2202,19,181,-106,132,1505,114,416,San Francisco,2015-07-18
2016,7,18,255,277,27,6,15,13,35,31,8,28,74,102,190,205,17,2,8,9,28,26,3,17,57,74,42,49,5,2,5,4,7,4,4,9,15,24,5,3,1,0,0,0,0,0,0,0,0,0,18,20,4,2,2,0,0,1,1,2,2,4,1927,15,144,-111,127,1257,120,377,San Francisco,2016-07-18
2017,7,18,260,282,19,8,16,20,31,27,12,36,70,106,186,193,17,2,9,9,22,25,8,18,55,73,52,66,2,6,5,8,8,1,1,13,10,23,2,4,0,0,0,0,0,0,0,0,0,0,20,19,0,0,2,3,1,1,3,5,5,10,2347,18,166,-110,128,1542,154,403,San Francisco,2017-07-18
2018,7,18,148,341,8,3,11,16,37,60,13,27,110,137,89,254,4,1,8,10,33,52,12,18,97,115,41,73,1,2,1,5,2,3,0,6,5,11,6,2,1,0,0,0,1,1,1,0,3,3,12,12,2,0,2,1,1,4,0,3,5,8,2170,22,135,-109,129,1402,130,401,San Francisco,2018-07-18
2019,7,18,193,268,14,5,7,11,29,34,4,18,67,85,129,201,11,1,5,5,18,30,1,10,49,59,44,52,1,4,1,5,7,1,2,6,10,16,4,3,0,0,0,1,0,0,0,1,0,1,16,12,2,0,1,0,4,3,1,1,8,9,2255,22,166,-108,130,1510,130,396,San Francisco,2019-07-18
2020,7,18,169,186,8,11,5,7,45,29,14,12,88,100,59,145,4,0,2,5,32,25,11,7,68,75,71,26,1,8,1,2,9,2,1,3,12,15,1,0,0,0,0,0,2,0,0,0,2,2,38,15,3,3,2,0,2,2,2,2,6,8,1564,11,129,-106,132,1027,91,331,San Francisco,2020-07-18
2021,7,18,132,166,24,14,2,16,38,25,9,18,72,90,67,103,15,3,1,8,26,21,4,9,51,60,52,40,9,7,1,7,9,1,4,8,14,22,2,2,0,0,0,1,1,0,0,1,1,2,11,21,0,4,0,0,2,3,1,0,6,6,1533,12,111,-112,126,918,78,359,San Francisco,2021-07-18
2022,7,18,97,181,11,9,9,12,50,25,8,21,83,104,59,135,6,1,6,7,35,21,7,13,63,76,29,28,3,5,1,3,11,4,1,4,16,20,2,1,0,0,0,0,0,0,0,0,0,0,7,17,2,3,2,2,4,0,0,4,4,8,1400,7,102,-111,127,795,97,382,San Francisco,2022-07-18
2023,7,18,103,189,8,9,4,11,31,29,12,15,72,87,67,143,4,2,3,8,25,26,10,11,61,72,28,25,1,6,1,1,4,1,1,2,6,8,1,2,0,0,0,0,0,0,0,0,0,0,7,19,3,1,0,2,2,2,1,2,5,7,1536,14,120,-110,128,901,100,365,San Francisco,2023-07-18
2024,7,18,98,186,17,6,5,14,41,27,13,19,81,100,57,141,15,0,3,11,25,24,8,14,57,71,23,32,0,4,1,2,11,2,3,3,16,19,0,1,0,0,0,1,0,0,0,1,0,1,18,12,2,2,1,0,5,1,2,1,8,9,1479,9,119,-108,130,885,103,361,San Francisco,2024-07-18
2012,8,18,,,,,,,,,,,,,,,,,,,,,,,,,,,,,,,,,,,,,,,,,,,,,,,,,,,,,,,,,,,,,,,,,,,,,San Francisco,2012-08-18
2013,8,18,,,,,,,,,,,,,,,,,,,,,,,,,,,,,,,,,,,,,,,,,,,,,,,,,,,,,,,,,,,,,,,,,,,,,San Francisco,2013-08-18
2014,8,18,,,,,,,,,,,,,,,,,,,,,,,,,,,,,,,,,,,,,,,,,,,,,,,,,,,,,,,,,,,,,,,,,,,,,San Francisco,2014-08-18
2015,8,18,259,332,24,4,11,11,32,38,11,22,81,103,161,230,15,1,5,6,20,30,10,11,60,71,77,81,4,3,5,3,9,6,1,8,16,24,4,2,1,0,0,0,1,0,0,0,1,1,17,19,4,0,1,2,2,2,0,3,4,7,2199,22,160,-75,163,1560,150,357,San Francisco,2015-08-18
2016,8,18,250,295,25,7,13,12,32,37,12,25,81,106,168,202,18,0,8,6,24,24,8,14,56,70,67,66,6,7,5,6,7,8,3,11,18,29,5,1,0,0,0,0,1,0,1,0,2,2,10,26,1,0,0,0,0,5,0,0,5,5,2173,16,151,-80,158,1482,111,404,San Francisco,2016-08-18
2017,8,18,265,300,20,5,9,17,44,48,4,26,96,122,165,204,16,0,7,9,32,39,3,16,74,90,73,78,1,4,2,7,11,6,0,9,17,26,9,1,0,0,0,0,0,0,0,0,0,0,18,17,3,1,0,1,1,3,1,1,5,6,2455,16,171,-79,159,1532,141,448,San Francisco,2017-08-18
2018,8,18,155,301,10,10,8,12,26,35,4,20,65,85,70,202,8,3,2,10,19,31,2,12,52,64,71,81,1,7,6,2,6,4,2,8,12,20,1,1,1,0,0,0,0,0,0,0,0,0,13,17,0,0,0,0,1,0,0,0,1,1,2016,12,127,-78,160,1189,108,479,San Francisco,2018-08-18
2019,8,18,223,269,22,6,11,19,41,26,11,30,78,108,113,174,12,1,5,14,30,21,7,19,58,77,98,69,7,4,4,5,9,5,3,9,17,26,3,0,0,0,1,0,0,0,0,1,0,1,9,26,3,1,1,0,2,0,1,1,3,4,2113,20,145,-77,161,1262,108,513,San Francisco,2019-08-18
2020,8,18,134,237,17,6,1,12,40,34,13,13,87,100,83,172,12,1,1,9,20,29,9,10,58,68,42,42,2,5,0,2,16,2,4,2,22,24,1,3,0,0,0,0,1,0,0,0,1,1,8,20,3,0,0,1,3,3,0,1,6,7,1718,13,99,-75,163,1048,101,383,San Francisco,2020-08-18
2021,8,18,129,194,12,11,5,9,46,22,10,14,78,92,82,147,7,2,3,3,30,18,6,6,54,60,40,34,4,5,2,2,13,3,2,4,18,22,1,3,0,0,0,0,1,0,0,0,1,1,6,10,1,4,0,4,2,1,2,4,5,9,1732,14,82,-81,157,1059,117,403,San Francisco,2021-08-18
2022,8,18,109,198,17,4,11,14,33,27,13,25,73,98,52,146,10,0,5,9,21,24,11,14,56,70,43,44,6,3,6,4,10,1,1,10,12,22,0,1,0,0,0,0,0,1,0,0,1,1,14,7,1,1,0,1,2,1,1,1,4,5,1544,14,109,-80,158,863,120,374,San Francisco,2022-08-18
2023,8,18,119,215,19,6,5,10,46,32,12,15,90,105,66,154,12,2,2,8,30,24,11,10,65,75,47,42,5,2,3,1,15,1,1,4,17,21,0,2,0,1,0,0,1,1,0,0,2,2,6,17,2,1,0,1,0,6,0,1,6,7,1689,14,139,-79,159,894,95,489,San Francisco,2023-08-18
2024,8,18,89,171,11,11,8,7,47,23,11,15,81,96,37,102,4,2,4,3,27,14,10,7,51,58,45,52,5,7,4,4,17,4,1,8,22,30,2,3,0,0,0,0,1,0,0,0,1,1,5,14,2,2,0,0,2,5,0,0,7,7,1414,12,110,-77,161,739,101,380,San Francisco,2024-08-18
2012,9,18,,,,,,,,,,,,,,,,,,,,,,,,,,,,,,,,,,,,,,,,,,,,,,,,,,,,,,,,,,,,,,,,,,,,,San Francisco,2012-09-18
2013,9,18,,,,,,,,,,,,,,,,,,,,,,,,,,,,,,,,,,,,,,,,,,,,,,,,,,,,,,,,,,,,,,,,,,,,,San Francisco,2013-09-18
2014,9,18,,,,,,,,,,,,,,,,,,,,,,,,,,,,,,,,,,,,,,,,,,,,,,,,,,,,,,,,,,,,,,,,,,,,,San Francisco,2014-09-18
2015,9,18,295,347,30,15,15,16,45,43,12,31,100,131,137,230,23,5,9,9,31,31,10,18,72,90,120,94,5,10,6,6,12,8,1,12,21,33,15,3,0,0,0,0,1,0,0,0,1,1,23,20,2,0,0,1,1,4,1,1,6,7,2288,35,159,-44,194,1511,149,474,San Francisco,2015-09-18
2016,9,18,257,231,25,11,14,12,33,29,10,26,72,98,140,124,16,3,7,5,25,22,7,12,54,66,104,83,7,8,5,7,8,6,1,12,15,27,3,3,1,0,1,0,0,0,0,1,0,1,10,21,1,0,1,0,0,1,2,1,3,4,1954,23,116,-49,189,1287,88,439,San Francisco,2016-09-18
2017,9,18,292,338,11,6,15,8,57,39,16,23,112,135,177,218,9,1,7,5,33,27,14,12,74,86,90,94,1,5,8,3,18,6,2,11,26,37,8,6,0,0,0,0,2,0,0,0,2,2,17,20,1,0,0,0,4,6,0,0,10,10,2466,38,136,-48,190,1639,144,402,San Francisco,2017-09-18
2018,9,18,205,349,17,4,8,12,36,28,5,20,69,89,115,230,15,1,6,7,23,22,2,13,47,60,76,82,1,3,2,4,10,5,1,6,16,22,8,11,0,0,0,0,1,1,1,0,3,3,6,26,1,0,0,1,2,0,1,1,3,4,2312,43,138,-47,191,1470,122,430,San Francisco,2018-09-18
2019,9,18,250,302,27,4,6,9,48,50,13,15,111,126,151,207,19,0,5,4,33,42,8,9,83,92,84,72,4,3,1,3,12,4,4,4,20,24,4,2,0,0,0,0,0,0,0,0,0,0,11,21,4,1,0,2,3,4,1,2,8,10,2351,28,154,-46,192,1424,121,499,San Francisco,2019-09-18
2020,9,18,145,238,13,11,4,9,37,38,14,13,89,102,56,151,11,4,2,8,24,29,12,10,65,75,72,70,2,7,1,1,10,5,1,2,16,18,5,2,0,0,0,0,0,0,0,0,0,0,12,15,0,0,1,0,3,4,1,1,8,9,1819,19,134,-44,194,1095,139,413,San Francisco,2020-09-18
2021,9,18,149,180,18,12,8,12,41,24,16,20,81,101,51,107,11,3,3,7,23,18,9,10,50,60,88,52,6,9,4,3,16,5,5,7,26,33,3,4,0,0,0,0,0,0,0,0,0,0,7,17,1,0,1,2,2,1,2,3,5,8,1592,15,97,-50,188,873,103,449,San Francisco,2021-09-18
2022,9,18,66,123,10,9,7,16,36,18,15,23,69,92,21,72,8,0,1,7,24,14,12,8,50,58,40,41,2,7,4,7,11,3,3,11,17,28,0,2,0,1,1,0,0,0,0,1,0,1,5,8,0,1,1,2,1,1,0,3,2,5,1223,14,84,-49,189,666,93,345,San Francisco,2022-09-18
2023,9,18,105,200,19,10,3,10,33,28,13,13,74,87,62,129,15,2,2,5,14,17,10,7,41,48,37,53,3,6,1,5,14,5,3,6,22,28,1,3,0,0,0,0,0,1,0,0,1,1,5,15,1,2,0,0,5,5,0,0,10,10,1703,30,123,-48,190,1015,117,376,San Francisco,2023-09-18
2024,9,18,128,218,17,3,5,7,43,34,11,12,88,100,85,139,11,0,4,2,24,27,7,6,58,64,35,62,3,3,0,5,16,6,1,5,23,28,0,2,0,0,0,0,1,0,2,0,3,3,8,15,3,0,1,0,2,1,1,1,4,5,1625,25,101,-46,192,920,80,397,San Francisco,2024-09-18
2012,10,18,,,,,,,,,,,,,,,,,,,,,,,,,,,,,,,,,,,,,,,,,,,,,,,,,,,,,,,,,,,,,,,,,,,,,San Francisco,2012-10-18
2013,10,18,,,,,,,,,,,,,,,,,,,,,,,,,,,,,,,,,,,,,,,,,,,,,,,,,,,,,,,,,,,,,,,,,,,,,San Francisco,2013-10-18
2014,10,18,,,,,,,,,,,,,,,,,,,,,,,,,,,,,,,,,,,,,,,,,,,,,,,,,,,,,,,,,,,,,,,,,,,,,San Francisco,2014-10-18
2015,10,18,240,294,14,7,12,14,39,29,13,26,81,107,105,162,4,0,4,8,24,21,11,12,56,68,118,114,9,5,7,6,12,5,2,13,19,32,4,2,0,0,1,0,0,0,0,1,0,1,13,16,1,2,0,0,3,3,0,0,6,6,2094,26,132,-14,224,1404,127,398,San Francisco,2015-10-18
2016,10,18,288,317,26,11,10,9,42,34,10,19,86,105,176,193,13,2,5,4,29,24,8,9,61,70,91,102,8,8,5,2,8,8,2,7,18,25,9,4,0,0,0,1,3,0,0,1,3,4,12,18,5,1,0,2,2,2,0,2,4,6,2414,49,168,-19,219,1619,116,448,San Francisco,2016-10-18
2017,10,18,237,264,39,3,8,12,38,39,3,20,80,100,128,167,27,0,6,8,29,28,2,14,59,73,88,77,8,3,2,3,7,7,1,5,15,20,9,8,1,0,0,0,0,0,0,0,0,0,12,12,3,0,0,1,2,4,0,1,6,7,2012,42,143,-18,220,1268,131,435,San Francisco,2017-10-18
2018,10,18,158,288,25,2,4,14,39,47,9,18,95,113,82,166,15,0,3,9,22,43,4,12,69,81,63,92,9,1,0,4,14,3,5,4,22,26,3,7,0,0,0,0,0,0,0,0,0,0,10,23,1,1,1,1,3,1,0,2,4,6,1988,33,164,-17,221,1219,125,435,San Francisco,2018-10-18
2019,10,18,246,287,18,5,12,10,27,38,7,22,72,94,155,167,13,1,4,6,17,29,2,10,48,58,78,98,4,4,3,2,8,7,3,5,18,23,4,4,0,0,0,0,1,0,0,0,1,1,9,18,1,0,5,2,1,2,2,7,5,12,2191,28,172,-16,222,1295,131,442,San Francisco,2019-10-18
2020,10,18,154,192,15,10,4,15,48,29,15,19,92,111,72,106,8,3,2,10,27,21,11,12,59,71,74,67,6,5,2,3,18,6,4,5,28,33,4,1,0,0,0,2,0,0,0,2,0,2,4,18,1,2,0,0,3,2,0,0,5,5,1664,26,118,-14,224,1042,98,377,San Francisco,2020-10-18
2021,10,18,105,148,21,12,9,9,46,35,18,18,99,117,52,99,12,3,5,6,34,27,10,11,71,82,44,43,7,9,4,3,11,5,6,7,22,29,1,1,0,0,0,0,1,0,1,0,2,2,8,5,2,0,0,0,0,3,1,0,4,4,1431,22,90,-20,218,855,101,358,San Francisco,2021-10-18
2022,10,18,122,173,14,4,9,10,50,25,16,19,91,110,53,117,8,1,8,6,23,16,14,14,53,67,61,41,6,3,1,4,20,6,2,5,28,33,4,3,0,0,0,0,1,0,0,0,1,1,4,12,0,0,0,0,6,3,0,0,9,9,1546,35,118,-19,219,856,106,413,San Francisco,2022-10-18
2023,10,18,105,211,20,2,8,11,23,26,15,19,64,83,54,108,14,0,5,5,16,18,8,10,42,52,42,77,5,2,1,5,6,5,4,6,15,21,3,3,0,0,0,0,1,0,2,0,3,3,6,23,1,0,2,1,0,3,1,3,4,7,1586,24,129,-18,220,899,89,412,San Francisco,2023-10-18
2024,10,18,143,218,21,1,6,7,36,39,2,13,77,90,71,131,13,0,2,2,19,30,0,4,49,53,66,75,7,1,4,2,11,6,2,6,19,25,0,2,0,0,0,0,0,0,0,0,0,0,6,10,1,0,0,3,6,3,0,3,9,12,1792,30,127,-16,222,1036,100,455,San Francisco,2024-10-18
2012,11,18,,,,,,,,,,,,,,,,,,,,,,,,,,,,,,,,,,,,,,,,,,,,,,,,,,,,,,,,,,,,,,,,,,,,,San Francisco,2012-11-18
2013,11,18,,,,,,,,,,,,,,,,,,,,,,,,,,,,,,,,,,,,,,,,,,,,,,,,,,,,,,,,,,,,,,,,,,,,,San Francisco,2013-11-18
2014,11,18,,,,,,,,,,,,,,,,,,,,,,,,,,,,,,,,,,,,,,,,,,,,,,,,,,,,,,,,,,,,,,,,,,,,,San Francisco,2014-11-18
2015,11,18,259,362,31,6,11,8,38,44,14,19,96,115,129,219,19,1,2,3,23,25,9,5,57,62,107,104,3,5,8,4,11,13,5,12,29,41,4,10,0,0,0,0,1,0,0,0,1,1,19,29,9,0,1,1,3,6,0,2,9,11,2363,32,221,17,255,1607,149,446,San Francisco,2015-11-18
2016,11,18,223,264,18,11,9,11,34,33,12,20,79,99,113,138,11,0,0,1,19,20,5,1,44,45,86,107,4,10,9,9,13,11,6,18,30,48,10,1,0,0,0,0,0,1,0,0,1,1,14,18,3,1,0,1,2,1,1,1,4,5,2093,31,203,12,250,1339,115,417,San Francisco,2016-11-18
2017,11,18,245,258,17,7,14,9,31,22,5,23,58,81,122,136,10,2,2,4,16,13,1,6,30,36,105,95,7,5,10,4,14,4,2,14,20,34,6,2,0,0,0,0,0,0,0,0,0,0,12,25,0,0,2,1,1,5,2,3,8,11,1985,20,193,13,251,1205,127,441,San Francisco,2017-11-18
2018,11,18,139,273,9,5,9,9,22,24,5,18,51,69,56,136,4,0,4,3,9,16,4,7,29,36,75,117,5,4,3,6,10,7,1,9,18,27,3,1,0,0,0,0,0,0,0,0,0,0,5,19,0,1,2,0,3,1,0,2,4,6,1777,17,179,14,252,1074,106,327,San Francisco,2018-11-18
2019,11,18,138,248,17,5,15,11,31,45,9,26,85,111,74,128,5,0,4,4,14,28,6,8,48,56,58,88,12,4,10,4,11,13,3,14,27,41,1,3,0,0,0,0,0,0,0,0,0,0,5,29,0,1,1,3,6,4,0,4,10,14,2088,18,204,15,253,1286,110,407,San Francisco,2019-11-18
2020,11,18,78,212,17,10,7,9,36,36,11,16,83,99,38,112,8,1,4,3,19,17,9,7,45,52,35,76,7,8,3,6,15,14,0,9,29,38,0,2,0,0,0,0,1,0,0,0,1,1,5,22,2,1,0,0,1,5,2,0,8,8,1528,16,132,17,255,963,103,332,San Francisco,2020-11-18
2021,11,18,141,206,15,10,2,6,41,39,16,8,96,104,57,112,8,3,1,2,20,31,11,3,62,65,71,70,3,7,1,4,18,5,4,5,27,32,6,3,3,0,0,0,0,0,0,0,0,0,7,21,1,0,0,0,3,3,1,0,7,7,1598,23,121,11,249,907,121,384,San Francisco,2021-11-18
2022,11,18,92,165,23,0,7,5,32,34,19,12,85,97,35,80,15,0,0,3,19,18,12,3,49,52,53,74,4,0,6,2,11,10,7,8,28,36,1,2,0,0,0,0,0,0,0,0,0,0,3,9,4,0,1,0,2,6,0,1,8,9,1627,21,145,12,250,917,89,404,San Francisco,2022-11-18
2023,11,18,90,156,18,6,10,15,41,18,18,25,77,102,35,77,6,1,4,8,20,13,10,12,43,55,45,66,12,5,6,5,19,4,7,11,30,41,0,5,0,0,0,0,0,0,0,0,0,0,10,8,0,0,0,2,2,1,1,2,4,6,1477,17,124,13,251,855,93,340,San Francisco,2023-11-18
2024,11,18,88,197,13,2,4,7,29,33,14,11,76,87,42,100,9,0,4,4,15,25,6,8,46,54,38,76,4,1,0,3,10,5,3,3,18,21,0,3,0,0,0,0,0,1,1,0,2,2,8,18,0,1,0,0,4,2,4,0,10,10,1556,20,115,15,253,940,92,358,San Francisco,2024-11-18
2012,12,18,,,,,,,,,,,,,,,,,,,,,,,,,,,,,,,,,,,,,,,,,,,,,,,,,,,,,,,,,,,,,,,,,,,,,San Francisco,2012-12-18
2013,12,18,,,,,,,,,,,,,,,,,,,,,,,,,,,,,,,,,,,,,,,,,,,,,,,,,,,,,,,,,,,,,,,,,,,,,San Francisco,2013-12-18
2014,12,18,,,,,,,,,,,,,,,,,,,,,,,,,,,,,,,,,,,,,,,,,,,,,,,,,,,,,,,,,,,,,,,,,,,,,San Francisco,2014-12-18
2015,12,18,220,271,27,4,5,11,38,31,17,16,86,102,112,158,13,1,1,6,11,27,9,7,47,54,87,89,13,3,4,3,22,3,8,7,33,40,11,4,0,0,0,1,0,0,0,1,0,1,10,20,1,0,0,1,5,1,0,1,6,7,1940,45,170,47,285,1218,140,420,San Francisco,2015-12-18
2016,12,18,222,208,19,18,9,9,28,22,20,18,70,88,105,107,7,6,4,2,18,11,7,6,36,42,105,75,11,9,5,7,7,8,9,12,24,36,4,2,0,0,0,0,0,0,1,0,1,1,8,24,1,3,0,0,3,3,3,0,9,9,1879,20,229,42,280,1238,114,344,San Francisco,2016-12-18
2017,12,18,263,257,25,2,5,13,44,34,9,18,87,105,135,137,19,0,2,9,22,21,5,11,48,59,96,93,3,2,2,4,12,8,2,6,22,28,21,8,2,0,0,0,1,0,0,0,1,1,11,19,1,0,1,0,9,5,2,1,16,17,2202,65,212,43,281,1425,113,412,San Francisco,2017-12-18
2018,12,18,156,302,12,4,8,12,32,30,10,20,72,92,66,151,7,1,0,6,13,13,6,6,32,38,69,119,3,3,8,5,13,13,4,13,30,43,8,10,1,0,0,0,2,1,0,0,3,3,13,22,1,0,0,1,4,3,0,1,7,8,2131,53,216,44,282,1344,135,395,San Francisco,2018-12-18
2019,12,18,150,269,22,2,12,10,31,30,6,22,67,89,64,141,9,0,4,7,15,19,5,11,39,50,75,105,10,2,7,2,13,9,1,9,23,32,5,4,1,0,0,0,1,0,0,0,1,1,6,19,2,0,1,1,2,2,0,2,4,6,2057,43,167,45,283,1220,123,417,San Francisco,2019-12-18
2020,12,18,112,189,17,16,7,13,39,31,13,20,83,103,36,103,10,1,3,5,20,22,10,8,52,60,63,66,6,14,4,6,13,8,3,10,24,34,2,1,0,0,0,0,1,0,0,0,1,1,11,19,1,1,0,2,5,1,0,2,6,8,1453,29,136,47,285,907,105,335,San Francisco,2020-12-18
2021,12,18,95,181,12,9,11,9,43,40,10,20,93,113,29,86,6,0,4,1,27,24,5,5,56,61,59,75,6,9,7,5,15,12,4,12,31,43,1,4,0,0,0,0,1,0,0,0,1,1,6,16,0,0,0,3,0,4,1,3,5,8,1518,24,164,41,279,845,101,403,San Francisco,2021-12-18
2022,12,18,66,134,12,14,4,7,31,26,14,11,71,82,33,74,5,6,2,4,17,16,10,6,43,49,31,55,4,8,2,3,14,8,3,5,25,30,0,0,0,0,0,0,0,1,1,0,2,2,2,5,3,0,0,0,0,1,0,0,1,1,1292,18,103,42,280,698,76,362,San Francisco,2022-12-18
2023,12,18,64,155,11,5,3,12,22,21,16,15,59,74,31,86,8,0,0,5,10,15,9,5,34,39,25,55,3,4,2,6,10,5,5,8,20,28,3,1,0,0,0,0,1,0,0,0,1,1,5,13,0,1,1,1,1,1,2,2,4,6,1401,31,150,43,281,818,79,301,San Francisco,2023-12-18
2024,12,18,105,237,20,6,6,13,23,28,8,19,59,78,48,132,9,1,1,6,13,18,5,7,36,43,46,85,6,4,1,6,9,9,2,7,20,27,2,4,1,0,1,0,0,1,0,1,1,2,9,16,4,1,3,1,1,0,1,4,2,6,1652,36,125,45,283,937,92,446,San Francisco,2024-12-18
2012,1,19,,,,,,,,,,,,,,,,,,,,,,,,,,,,,,,,,,,,,,,,,,,,,,,,,,,,,,,,,,,,,,,,,,,,,San Francisco,2012-01-19
2013,1,19,,,,,,,,,,,,,,,,,,,,,,,,,,,,,,,,,,,,,,,,,,,,,,,,,,,,,,,,,,,,,,,,,,,,,San Francisco,2013-01-19
2014,1,19,,,,,,,,,,,,,,,,,,,,,,,,,,,,,,,,,,,,,,,,,,,,,,,,,,,,,,,,,,,,,,,,,,,,,San Francisco,2014-01-19
2015,1,19,212,346,18,5,10,10,38,33,28,20,99,119,101,182,7,1,4,3,20,18,16,7,54,61,93,130,9,3,5,5,13,10,12,10,35,45,5,1,0,0,0,0,1,0,0,0,1,1,13,33,2,1,1,2,4,5,0,3,9,12,2178,32,221,-286,-48,1601,90,376,San Francisco,2015-01-19
2016,1,19,194,301,26,2,8,13,47,30,12,21,89,110,84,132,18,1,5,7,29,17,9,12,55,67,93,137,5,1,2,5,15,11,1,7,27,34,5,0,2,0,0,0,0,0,0,0,0,0,12,32,1,0,1,1,3,2,2,2,7,9,2067,25,188,-292,-54,1452,133,358,San Francisco,2016-01-19
2017,1,19,208,262,23,7,7,14,39,33,7,21,79,100,111,146,13,2,1,7,19,24,4,8,47,55,72,95,5,5,5,6,14,6,2,11,22,33,7,5,1,0,0,0,3,1,0,0,4,4,18,16,4,0,1,1,3,2,1,2,6,8,2072,55,186,-290,-52,1448,109,360,San Francisco,2017-01-19
2018,1,19,217,301,21,6,11,6,37,36,11,17,84,101,125,156,9,1,4,3,23,26,9,7,58,65,71,124,8,5,6,2,13,8,2,8,23,31,9,4,0,0,0,0,1,0,0,0,1,1,12,17,4,0,1,1,0,2,0,2,2,4,2168,35,230,-289,-51,1427,127,351,San Francisco,2018-01-19
2019,1,19,185,254,10,7,17,9,35,34,8,26,77,103,73,139,5,0,7,3,13,20,2,10,35,45,100,96,3,7,9,5,14,9,6,14,29,43,6,4,1,0,0,0,1,0,0,0,1,1,6,15,1,0,1,1,7,5,0,2,12,14,2141,32,229,-288,-50,1310,112,465,San Francisco,2019-01-19
2020,1,19,138,231,10,9,12,8,37,32,5,20,74,94,56,113,7,0,4,5,18,22,1,9,41,50,74,95,3,7,8,2,17,7,4,10,28,38,1,3,0,0,0,0,0,0,0,0,0,0,7,20,0,2,0,1,2,3,0,1,5,6,1884,28,177,-287,-49,1092,133,385,San Francisco,2020-01-19
2021,1,19,98,218,11,4,6,15,69,38,14,21,121,142,36,105,6,1,1,10,33,22,7,11,62,73,60,94,4,3,5,4,32,13,4,9,49,58,1,3,0,0,0,1,1,0,1,1,2,3,1,16,1,0,0,0,3,3,2,0,8,8,1795,28,135,-292,-54,1205,119,335,San Francisco,2021-01-19
2022,1,19,112,251,13,12,5,5,48,23,16,10,87,97,51,141,7,3,4,1,24,15,10,5,49,54,53,82,6,8,1,3,17,5,5,4,27,31,1,6,0,0,0,0,2,0,1,0,3,3,7,22,0,1,0,1,5,3,0,1,8,9,1559,30,126,-291,-53,905,98,394,San Francisco,2022-01-19
2023,1,19,99,207,13,3,12,9,25,34,11,21,70,91,29,107,7,0,9,4,14,23,7,13,44,57,60,81,6,3,3,4,9,7,3,7,19,26,0,2,0,0,0,0,1,0,0,0,1,1,10,17,0,0,0,1,1,4,1,1,6,7,1580,26,122,-290,-52,935,95,354,San Francisco,2023-01-19
2024,1,19,81,181,21,6,4,4,25,31,16,8,72,80,28,95,4,0,2,2,14,23,10,4,47,51,46,72,11,5,2,0,9,5,5,2,19,21,1,2,0,0,0,0,0,1,0,0,1,1,6,12,6,1,0,2,2,2,1,2,5,7,1586,29,152,-289,-51,919,107,341,San Francisco,2024-01-19
2012,2,19,,,,,,,,,,,,,,,,,,,,,,,,,,,,,,,,,,,,,,,,,,,,,,,,,,,,,,,,,,,,,,,,,,,,,San Francisco,2012-02-19
2013,2,19,,,,,,,,,,,,,,,,,,,,,,,,,,,,,,,,,,,,,,,,,,,,,,,,,,,,,,,,,,,,,,,,,,,,,San Francisco,2013-02-19
2014,2,19,,,,,,,,,,,,,,,,,,,,,,,,,,,,,,,,,,,,,,,,,,,,,,,,,,,,,,,,,,,,,,,,,,,,,San Francisco,2014-02-19
2015,2,19,249,340,21,15,9,10,33,31,19,19,83,102,127,193,13,4,3,5,16,20,13,8,49,57,97,116,6,10,5,5,13,5,4,10,22,32,10,4,0,0,0,0,1,0,1,0,2,2,15,27,2,1,1,0,3,6,1,1,10,11,2209,43,185,-255,-17,1607,122,327,San Francisco,2015-02-19
2016,2,19,217,316,29,3,5,11,38,34,11,16,83,99,120,158,21,1,1,5,24,22,8,6,54,60,82,135,5,2,2,4,11,8,1,6,20,26,6,2,0,0,1,0,0,0,2,1,2,3,9,21,3,0,1,2,3,4,0,3,7,10,2032,26,171,-261,-23,1341,125,402,San Francisco,2016-02-19
2017,2,19,181,247,17,6,4,7,34,33,6,11,73,84,73,123,9,0,2,2,21,25,4,4,50,54,97,97,6,5,2,5,12,7,2,7,21,28,6,3,0,0,0,0,0,0,0,0,0,0,5,24,2,1,0,0,1,1,0,0,2,2,1859,19,148,-259,-21,1175,111,370,San Francisco,2017-02-19
2018,2,19,234,247,14,7,17,9,33,29,10,26,72,98,133,135,10,2,7,4,18,18,6,11,42,53,82,89,4,5,9,3,9,6,4,12,19,31,7,4,0,0,0,0,1,1,0,0,2,2,12,19,0,0,1,2,5,4,0,3,9,12,2030,35,169,-258,-20,1389,110,313,San Francisco,2018-02-19
2019,2,19,167,310,22,1,6,8,33,40,11,14,84,98,103,182,16,0,4,4,17,22,8,8,47,55,54,104,4,1,2,4,13,15,2,6,30,36,3,1,0,0,0,0,1,0,1,0,2,2,7,23,2,0,0,0,2,3,0,0,5,5,2207,22,171,-257,-19,1373,153,380,San Francisco,2019-02-19
2020,2,19,188,249,21,4,11,11,34,49,11,22,94,116,114,144,16,0,5,5,18,36,6,10,60,70,64,76,4,4,5,6,12,8,5,11,25,36,4,6,0,0,0,0,1,0,0,0,1,1,6,23,1,0,1,0,3,5,0,1,8,9,2119,27,198,-256,-18,1276,129,449,San Francisco,2020-02-19
2021,2,19,119,208,19,9,3,11,44,37,9,14,90,104,34,128,14,0,2,6,30,27,6,8,63,71,75,62,4,8,1,2,9,7,1,3,17,20,1,3,0,0,0,0,2,0,2,0,4,4,9,15,1,1,0,3,3,3,0,3,6,9,1577,22,117,-261,-23,983,81,379,San Francisco,2021-02-19
2022,2,19,115,156,22,8,3,11,36,30,13,14,79,93,43,87,10,0,1,7,18,18,10,8,46,54,59,59,11,6,1,2,12,10,2,3,24,27,2,2,0,0,0,0,2,0,0,0,2,2,11,8,1,2,1,2,4,2,1,3,7,10,1490,12,116,-260,-22,826,107,442,San Francisco,2022-02-19
2023,2,19,105,155,7,8,8,12,34,34,13,20,81,101,43,89,4,2,5,5,16,16,11,10,43,53,56,56,2,5,3,7,15,13,2,10,30,40,0,0,0,0,0,0,0,0,0,0,0,0,6,10,1,1,0,0,3,5,0,0,8,8,1514,14,109,-259,-21,798,104,373,San Francisco,2023-02-19
2024,2,19,95,181,12,9,12,4,31,34,15,16,80,96,54,107,10,0,4,3,18,18,12,7,48,55,32,58,1,9,6,1,11,8,2,7,21,28,2,2,0,0,0,0,0,1,1,0,2,2,7,14,1,0,2,0,2,7,0,2,9,11,1728,21,126,-258,-20,1044,98,318,San Francisco,2024-02-19
2012,3,19,,,,,,,,,,,,,,,,,,,,,,,,,,,,,,,,,,,,,,,,,,,,,,,,,,,,,,,,,,,,,,,,,,,,,San Francisco,2012-03-19
2013,3,19,,,,,,,,,,,,,,,,,,,,,,,,,,,,,,,,,,,,,,,,,,,,,,,,,,,,,,,,,,,,,,,,,,,,,San Francisco,2013-03-19
2014,3,19,,,,,,,,,,,,,,,,,,,,,,,,,,,,,,,,,,,,,,,,,,,,,,,,,,,,,,,,,,,,,,,,,,,,,San Francisco,2014-03-19
2015,3,19,259,352,28,4,24,18,34,29,14,42,77,119,135,206,23,1,13,9,21,23,10,22,54,76,102,115,5,3,10,6,11,2,3,16,16,32,7,6,0,0,0,0,1,0,0,0,1,1,15,25,0,0,1,3,1,4,1,4,6,10,2356,49,148,-227,11,1670,134,370,San Francisco,2015-03-19
2016,3,19,310,348,26,12,14,13,41,39,12,27,92,119,151,224,14,2,5,5,22,25,8,10,55,65,134,97,10,9,7,6,14,11,4,13,29,42,8,6,1,0,0,0,1,0,0,0,1,1,17,21,1,1,2,2,4,3,0,4,7,11,2355,36,157,-232,6,1570,130,448,San Francisco,2016-03-19
2017,3,19,246,286,13,7,12,12,38,44,14,24,96,120,138,179,5,2,5,5,17,29,12,10,58,68,95,91,7,5,6,6,14,7,1,12,22,34,2,3,0,0,0,0,1,2,0,0,3,3,11,13,1,0,1,1,6,6,1,2,13,15,2098,29,140,-231,7,1350,113,401,San Francisco,2017-03-19
2018,3,19,217,292,17,6,6,13,41,25,13,19,79,98,120,202,10,6,5,5,30,18,2,10,50,60,72,74,7,0,1,8,9,2,9,9,20,29,15,1,0,0,0,0,0,0,1,0,1,1,10,15,0,0,0,0,2,5,1,0,8,8,2269,31,104,-230,8,1540,120,335,San Francisco,2018-03-19
2019,3,19,161,281,17,4,5,11,41,29,8,16,78,94,111,183,13,1,1,7,30,22,4,8,56,64,44,78,3,3,2,4,7,4,3,6,14,20,0,4,0,0,0,0,1,0,1,0,2,2,6,16,1,0,2,0,3,3,0,2,6,8,2143,25,127,-229,9,1308,121,438,San Francisco,2019-03-19
2020,3,19,159,245,7,3,7,4,38,53,12,11,103,114,96,155,7,0,7,3,27,44,9,10,80,90,54,67,0,3,0,0,8,3,2,0,13,13,3,3,0,0,0,1,1,0,0,1,1,2,6,20,0,0,0,0,2,6,1,0,9,9,2169,31,121,-227,11,1346,121,326,San Francisco,2020-03-19
2021,3,19,117,206,17,8,3,8,35,32,18,11,85,96,46,127,10,1,3,4,22,29,11,7,62,69,67,66,6,6,0,3,8,0,6,3,14,17,3,2,0,0,0,0,1,1,1,0,3,3,1,11,1,1,0,1,4,2,0,1,6,7,1659,27,105,-233,5,1025,96,342,San Francisco,2021-03-19
2022,3,19,114,164,12,11,5,11,27,26,10,16,63,79,38,92,9,2,1,5,19,20,8,6,47,53,68,63,3,8,4,6,6,4,2,10,12,22,2,2,0,0,0,0,0,0,0,0,0,0,6,7,0,1,0,0,2,2,0,0,4,4,1512,15,75,-232,6,868,87,388,San Francisco,2022-03-19
2023,3,19,84,141,13,13,6,10,47,24,15,16,86,102,33,80,5,4,3,3,29,18,10,6,57,63,46,46,7,8,3,6,17,3,3,9,23,32,0,3,0,1,0,1,1,0,0,1,1,2,5,12,1,0,0,0,0,3,2,0,5,5,1456,13,80,-231,7,827,87,349,San Francisco,2023-03-19
2024,3,19,96,180,15,6,5,6,36,20,12,11,68,79,61,117,13,1,3,5,24,14,11,8,49,57,24,46,1,5,2,1,12,6,1,3,19,22,4,3,0,0,0,0,0,0,0,0,0,0,7,14,1,0,0,0,0,0,0,0,0,0,1756,26,121,-229,9,1079,97,353,San Francisco,2024-03-19
2012,4,19,,,,,,,,,,,,,,,,,,,,,,,,,,,,,,,,,,,,,,,,,,,,,,,,,,,,,,,,,,,,,,,,,,,,,San Francisco,2012-04-19
2013,4,19,,,,,,,,,,,,,,,,,,,,,,,,,,,,,,,,,,,,,,,,,,,,,,,,,,,,,,,,,,,,,,,,,,,,,San Francisco,2013-04-19
2014,4,19,,,,,,,,,,,,,,,,,,,,,,,,,,,,,,,,,,,,,,,,,,,,,,,,,,,,,,,,,,,,,,,,,,,,,San Francisco,2014-04-19
2015,4,19,199,285,22,6,16,16,25,44,16,32,85,117,111,208,13,3,5,7,17,33,11,12,61,73,73,59,8,2,9,8,5,8,5,17,18,35,0,3,0,1,1,0,1,0,0,1,1,2,15,15,1,0,1,1,2,3,0,2,5,7,2095,13,124,-196,42,1495,109,356,San Francisco,2015-04-19
2016,4,19,309,373,18,7,9,12,32,27,16,21,75,96,188,234,13,3,6,6,22,18,10,12,50,62,91,117,4,4,1,4,6,6,5,5,17,22,4,2,0,0,1,0,1,0,0,1,1,2,26,20,1,0,1,2,3,3,1,3,7,10,2412,13,144,-201,37,1632,122,418,San Francisco,2016-04-19
2017,4,19,329,299,22,6,4,12,33,38,8,16,79,95,207,209,18,1,2,7,24,31,7,9,62,71,82,69,2,5,2,4,5,5,1,6,11,17,11,3,0,0,0,0,2,0,0,0,2,2,29,18,2,0,0,1,2,2,0,1,4,5,2297,24,142,-200,38,1608,112,382,San Francisco,2017-04-19
2018,4,19,315,310,21,3,7,14,28,47,14,21,89,110,225,188,18,0,4,9,23,36,13,13,72,85,64,100,3,3,3,3,5,9,1,6,15,21,6,2,0,0,0,0,0,0,0,0,0,0,20,20,0,0,0,2,0,2,0,2,2,4,2363,20,125,-199,39,1545,136,449,San Francisco,2018-04-19
2019,4,19,186,317,21,4,5,11,40,36,7,16,83,99,119,212,16,2,4,5,21,30,3,9,54,63,59,94,5,1,1,4,14,4,4,5,22,27,0,0,0,0,0,0,0,0,0,0,0,0,8,11,0,1,0,2,5,2,0,2,7,9,2265,13,133,-198,40,1359,145,455,San Francisco,2019-04-19
2020,4,19,185,244,6,5,4,12,45,37,8,16,90,106,119,167,5,0,2,5,27,30,6,7,63,70,57,57,1,3,2,6,15,2,2,8,19,27,1,2,0,0,0,0,1,0,0,0,1,1,8,18,0,2,0,1,2,5,0,1,7,8,2031,12,139,-196,42,1328,87,334,San Francisco,2020-04-19
2021,4,19,72,168,17,12,5,6,37,36,14,11,87,98,36,120,14,4,3,2,29,35,12,5,76,81,29,36,2,8,1,3,6,0,1,4,7,11,2,0,0,0,0,0,0,0,0,0,0,0,5,12,1,0,1,1,2,1,1,2,4,6,1627,9,96,-202,36,1025,108,292,San Francisco,2021-04-19
2022,4,19,93,178,16,11,5,7,36,27,13,12,76,88,53,123,13,3,4,4,22,23,11,8,56,64,29,44,2,7,1,3,13,2,2,4,17,21,0,3,0,0,0,0,0,0,0,0,0,0,11,8,1,1,0,0,1,2,0,0,3,3,1353,8,99,-201,37,745,93,388,San Francisco,2022-04-19
2023,4,19,62,196,16,6,5,11,46,25,18,16,89,105,34,140,12,1,3,9,25,21,15,12,61,73,24,44,3,4,1,2,15,2,2,3,19,22,0,2,0,0,0,0,2,0,0,0,2,2,4,10,1,1,1,0,4,2,1,1,7,8,1507,12,87,-200,38,869,120,369,San Francisco,2023-04-19
2024,4,19,104,205,19,7,5,15,29,37,7,20,73,93,50,128,14,1,5,9,19,28,7,14,54,68,45,63,5,4,0,5,10,3,0,5,13,18,5,0,0,0,0,0,0,1,0,0,1,1,4,14,0,2,0,1,0,5,0,1,5,6,1714,20,121,-198,40,1050,88,402,San Francisco,2024-04-19
2012,5,19,,,,,,,,,,,,,,,,,,,,,,,,,,,,,,,,,,,,,,,,,,,,,,,,,,,,,,,,,,,,,,,,,,,,,San Francisco,2012-05-19
2013,5,19,,,,,,,,,,,,,,,,,,,,,,,,,,,,,,,,,,,,,,,,,,,,,,,,,,,,,,,,,,,,,,,,,,,,,San Francisco,2013-05-19
2014,5,19,,,,,,,,,,,,,,,,,,,,,,,,,,,,,,,,,,,,,,,,,,,,,,,,,,,,,,,,,,,,,,,,,,,,,San Francisco,2014-05-19
2015,5,19,254,300,24,5,10,8,37,42,12,18,91,109,178,240,16,1,5,7,31,37,8,12,76,88,47,38,5,4,2,0,4,4,3,2,11,13,14,2,0,0,1,0,0,0,0,1,0,1,15,20,3,0,2,1,2,1,1,3,4,7,2120,27,146,-166,72,1528,124,342,San Francisco,2015-05-19
2016,5,19,266,334,23,4,9,7,44,42,10,16,96,112,181,226,19,2,7,4,28,32,5,11,65,76,62,88,3,1,2,2,12,8,1,4,21,25,2,3,0,0,0,0,0,0,0,0,0,0,21,17,1,1,0,1,4,2,4,1,10,11,2171,19,175,-171,67,1495,131,372,San Francisco,2016-05-19
2017,5,19,264,319,18,8,3,13,37,40,7,16,84,100,162,221,10,2,2,8,30,35,5,10,70,80,71,67,5,3,0,4,5,3,1,4,9,13,6,2,0,0,0,1,0,0,0,1,0,1,25,29,3,3,1,0,2,2,1,1,5,6,2356,19,224,-170,68,1474,142,473,San Francisco,2017-05-19
2018,5,19,128,291,14,8,7,12,35,34,6,19,75,94,70,218,11,2,5,9,25,26,4,14,55,69,43,57,1,3,2,3,4,6,2,5,12,17,1,1,0,0,0,0,2,0,0,0,2,2,14,15,2,3,0,0,4,2,0,0,6,6,1984,9,141,-169,69,1237,131,391,San Francisco,2018-05-19
2019,5,19,239,237,16,6,8,11,26,34,8,19,68,87,175,175,12,3,6,9,16,25,6,15,47,62,46,44,2,3,1,1,7,5,2,2,14,16,2,1,0,0,0,0,0,0,0,0,0,0,16,17,2,0,1,1,3,4,0,2,7,9,2020,10,131,-168,70,1192,122,451,San Francisco,2019-05-19
2020,5,19,161,263,11,8,6,11,47,42,20,17,109,126,96,198,11,0,5,7,32,38,20,12,90,102,46,44,0,4,0,4,11,0,0,4,11,15,5,2,0,0,0,0,1,0,0,0,1,1,14,19,0,4,1,0,3,4,0,1,7,8,1948,14,143,-166,72,1180,109,371,San Francisco,2020-05-19
2021,5,19,117,193,26,8,7,14,48,28,17,21,93,114,74,141,19,4,3,5,35,23,15,8,73,81,36,34,3,2,3,6,11,2,2,9,15,24,2,2,0,0,0,0,0,0,0,0,0,0,5,16,4,2,1,3,2,3,0,4,5,9,1702,9,117,-172,66,1042,101,357,San Francisco,2021-05-19
2022,5,19,104,186,15,4,14,20,44,28,8,34,80,114,60,139,12,1,12,15,30,23,5,27,58,85,34,35,2,3,2,4,8,2,2,6,12,18,1,1,0,0,0,0,0,0,0,0,0,0,9,11,1,0,0,1,6,3,1,1,10,11,1538,8,98,-171,67,912,99,380,San Francisco,2022-05-19
2023,5,19,100,176,13,9,7,9,29,35,10,16,74,90,45,132,8,1,2,5,18,30,8,7,56,63,44,30,2,6,3,4,10,3,2,7,15,22,0,0,0,0,0,0,0,0,0,0,0,0,11,14,3,2,2,0,1,2,0,2,3,5,1657,8,125,-170,68,977,72,420,San Francisco,2023-05-19
2024,5,19,96,137,9,7,15,13,26,25,16,28,67,95,58,87,6,0,3,11,15,17,12,14,44,58,30,37,3,5,9,1,7,4,3,10,14,24,0,0,0,1,1,0,0,1,0,1,1,2,8,13,0,1,2,1,4,3,1,3,8,11,1398,9,85,-168,70,800,76,350,San Francisco,2024-05-19
2012,6,19,,,,,,,,,,,,,,,,,,,,,,,,,,,,,,,,,,,,,,,,,,,,,,,,,,,,,,,,,,,,,,,,,,,,,San Francisco,2012-06-19
2013,6,19,,,,,,,,,,,,,,,,,,,,,,,,,,,,,,,,,,,,,,,,,,,,,,,,,,,,,,,,,,,,,,,,,,,,,San Francisco,2013-06-19
2014,6,19,,,,,,,,,,,,,,,,,,,,,,,,,,,,,,,,,,,,,,,,,,,,,,,,,,,,,,,,,,,,,,,,,,,,,San Francisco,2014-06-19
2015,6,19,221,314,27,6,11,9,30,31,14,20,75,95,145,216,24,0,2,6,19,26,12,8,57,65,55,63,2,4,6,2,7,2,1,8,10,18,3,3,0,0,0,0,0,0,0,0,0,0,18,32,1,2,3,1,4,3,1,4,8,12,2015,23,164,-135,103,1391,147,347,San Francisco,2015-06-19
2016,6,19,243,266,21,17,7,17,21,34,15,24,70,94,147,180,19,1,4,10,13,29,12,14,54,68,56,57,2,10,1,4,7,5,2,5,14,19,2,5,0,1,0,1,0,0,0,1,0,1,38,24,0,5,2,2,1,0,1,4,2,6,1981,16,204,-140,98,1256,159,389,San Francisco,2016-06-19
2017,6,19,243,254,16,18,8,16,34,34,13,24,81,105,176,180,16,2,5,10,26,28,8,15,62,77,46,53,0,12,3,5,6,4,2,8,12,20,3,1,0,0,0,1,0,0,2,1,2,3,18,20,0,4,0,0,2,2,1,0,5,5,2100,10,166,-139,99,1385,131,396,San Francisco,2017-06-19
2018,6,19,139,334,14,4,5,11,37,43,8,16,88,104,88,251,12,0,5,8,27,38,8,13,73,86,33,62,0,1,0,0,5,0,0,0,5,5,4,2,0,0,0,0,0,1,0,0,1,1,14,19,2,3,0,3,5,4,0,3,9,12,2003,21,152,-138,100,1263,139,411,San Francisco,2018-06-19
2019,6,19,237,294,19,3,12,14,39,37,14,26,90,116,176,222,14,1,11,13,29,31,13,24,73,97,44,52,2,1,1,1,5,5,0,2,10,12,9,2,0,0,0,0,1,0,0,0,1,1,8,18,3,1,0,0,4,1,1,0,6,6,2281,21,127,-137,101,1462,138,438,San Francisco,2019-06-19
2020,6,19,188,168,5,23,4,17,36,33,22,21,91,112,93,116,5,6,4,12,30,28,22,16,80,96,40,36,0,12,0,1,5,4,0,1,9,10,3,1,0,0,0,0,0,0,0,0,0,0,52,15,0,5,0,4,1,1,0,4,2,6,1613,6,177,-135,103,972,103,393,San Francisco,2020-06-19
2021,6,19,198,170,14,19,14,4,26,24,10,18,60,78,83,120,12,1,14,3,21,22,8,17,51,68,79,33,0,13,0,1,5,2,2,1,9,10,1,2,0,1,0,0,0,0,0,0,0,0,35,15,2,4,0,0,0,0,0,0,0,0,1601,14,147,-141,97,897,113,451,San Francisco,2021-06-19
2022,6,19,134,145,15,8,12,12,41,21,10,24,72,96,61,91,9,1,10,8,28,18,8,18,54,72,57,35,3,5,2,3,9,2,2,5,13,18,2,1,0,0,0,0,0,0,0,0,0,0,14,18,3,2,0,1,4,1,0,1,5,6,1352,8,108,-140,98,767,89,357,San Francisco,2022-06-19
2023,6,19,83,177,10,11,9,14,46,27,16,23,89,112,39,133,10,3,8,9,34,22,13,17,69,86,35,30,0,5,0,2,7,1,3,2,11,13,1,0,0,0,1,0,0,0,0,1,0,1,8,14,0,3,0,3,5,4,0,3,9,12,1518,7,127,-139,99,824,93,380,San Francisco,2023-06-19
2024,6,19,108,181,13,6,8,6,31,46,11,14,88,102,66,131,12,3,6,4,18,40,10,10,68,78,33,33,0,0,1,2,7,4,1,3,12,15,0,1,0,0,0,0,0,0,0,0,0,0,9,16,1,3,1,0,6,2,0,1,8,9,1528,9,122,-137,101,941,98,336,San Francisco,2024-06-19
2012,7,19,,,,,,,,,,,,,,,,,,,,,,,,,,,,,,,,,,,,,,,,,,,,,,,,,,,,,,,,,,,,,,,,,,,,,San Francisco,2012-07-19
2013,7,19,,,,,,,,,,,,,,,,,,,,,,,,,,,,,,,,,,,,,,,,,,,,,,,,,,,,,,,,,,,,,,,,,,,,,San Francisco,2013-07-19
2014,7,19,,,,,,,,,,,,,,,,,,,,,,,,,,,,,,,,,,,,,,,,,,,,,,,,,,,,,,,,,,,,,,,,,,,,,San Francisco,2014-07-19
2015,7,19,242,338,15,10,7,12,18,32,10,19,60,79,134,247,7,1,3,5,12,28,10,8,50,58,82,62,5,8,3,5,4,4,0,8,8,16,4,1,1,0,0,0,0,0,0,0,0,0,22,28,2,1,1,2,2,0,0,3,2,5,2129,11,179,-105,133,1445,136,369,San Francisco,2015-07-19
2016,7,19,233,300,29,14,12,13,42,35,6,25,83,108,166,218,22,4,6,11,32,24,6,17,62,79,47,54,4,3,5,1,8,6,0,6,14,20,2,2,1,0,1,0,1,1,0,1,2,3,18,26,2,7,0,1,1,4,0,1,5,6,2138,13,171,-110,128,1459,114,394,San Francisco,2016-07-19
2017,7,19,252,271,20,3,7,20,47,39,9,27,95,122,184,201,13,0,3,13,37,25,4,16,66,82,45,52,2,1,2,5,6,7,5,7,18,25,3,2,0,1,0,0,0,1,0,0,1,1,20,16,5,1,2,2,4,6,0,4,10,14,2268,15,173,-109,129,1487,147,408,San Francisco,2017-07-19
2018,7,19,136,345,17,1,23,13,41,35,5,36,81,117,85,256,14,0,15,9,32,32,5,24,69,93,35,59,3,0,6,2,6,1,0,8,7,15,2,4,0,0,0,0,1,0,0,0,1,1,14,26,0,1,2,2,2,2,0,4,4,8,2071,13,149,-108,130,1331,100,435,San Francisco,2018-07-19
2019,7,19,168,272,23,7,7,9,32,37,8,16,77,93,109,200,19,2,5,7,21,32,6,12,59,71,37,47,3,3,1,1,8,2,1,2,11,13,5,1,0,0,0,0,0,0,0,0,0,0,17,24,1,2,1,1,3,3,1,2,7,9,2192,12,199,-107,131,1355,151,451,San Francisco,2019-07-19
2020,7,19,135,161,11,15,6,11,55,30,8,17,93,110,63,114,8,6,4,7,44,26,5,11,75,86,62,35,0,6,1,3,9,2,1,4,12,16,2,0,1,0,0,0,0,0,0,0,0,0,8,12,2,3,1,1,2,2,2,2,6,8,1500,10,145,-105,133,985,83,320,San Francisco,2020-07-19
2021,7,19,103,161,9,10,4,6,42,36,12,10,90,100,58,112,9,1,3,5,28,31,8,8,67,75,28,38,0,4,1,0,11,2,2,1,15,16,2,1,0,1,0,0,0,0,0,0,0,0,15,10,0,4,0,1,3,3,2,1,8,9,1553,11,116,-111,127,994,101,310,San Francisco,2021-07-19
2022,7,19,107,219,11,11,8,10,41,34,10,18,85,103,70,155,8,5,6,7,34,29,8,13,71,84,28,43,3,5,2,1,4,4,0,3,8,11,1,3,0,1,0,0,0,0,0,0,0,0,8,18,0,0,0,2,3,1,2,2,6,8,1447,7,94,-110,128,836,100,380,San Francisco,2022-07-19
2023,7,19,133,202,12,7,12,9,54,28,32,21,114,135,90,150,7,2,8,7,42,27,25,15,94,109,37,33,4,5,3,2,11,0,4,5,15,20,1,2,1,0,0,0,0,1,0,0,1,1,5,17,0,0,1,0,1,0,3,1,4,5,1567,16,106,-109,129,928,80,408,San Francisco,2023-07-19
2024,7,19,110,187,9,14,9,6,49,23,16,15,88,103,74,132,4,2,7,3,28,19,14,10,61,71,25,43,3,11,1,1,17,2,2,2,21,23,0,0,0,0,0,1,2,0,0,1,2,3,11,12,2,1,1,1,2,2,0,2,4,6,1593,15,111,-107,131,900,114,419,San Francisco,2024-07-19
2012,8,19,,,,,,,,,,,,,,,,,,,,,,,,,,,,,,,,,,,,,,,,,,,,,,,,,,,,,,,,,,,,,,,,,,,,,San Francisco,2012-08-19
2013,8,19,,,,,,,,,,,,,,,,,,,,,,,,,,,,,,,,,,,,,,,,,,,,,,,,,,,,,,,,,,,,,,,,,,,,,San Francisco,2013-08-19
2014,8,19,,,,,,,,,,,,,,,,,,,,,,,,,,,,,,,,,,,,,,,,,,,,,,,,,,,,,,,,,,,,,,,,,,,,,San Francisco,2014-08-19
2015,8,19,294,355,35,10,10,8,31,53,14,18,98,116,185,259,27,1,6,8,22,37,10,14,69,83,88,71,6,8,1,0,8,9,3,1,20,21,5,0,1,0,1,0,0,2,0,1,2,3,16,25,1,1,2,0,1,5,1,2,7,9,2338,20,152,-74,164,1629,142,382,San Francisco,2015-08-19
2016,8,19,254,302,20,5,7,18,50,30,12,25,92,117,159,222,16,1,5,7,41,26,8,12,75,87,77,58,3,4,2,9,7,3,3,11,13,24,5,3,0,0,0,0,0,0,0,0,0,0,13,19,1,0,0,2,2,1,1,2,4,6,2236,18,132,-79,159,1540,114,398,San Francisco,2016-08-19
2017,8,19,256,261,23,10,15,15,45,33,6,30,84,114,145,178,15,0,9,6,33,25,5,15,63,78,92,66,1,5,4,7,7,6,1,11,14,25,3,0,0,0,0,1,3,0,0,1,3,4,16,17,7,5,2,1,2,2,0,3,4,7,2233,19,149,-78,160,1353,147,417,San Francisco,2017-08-19
2018,8,19,125,333,8,8,6,7,29,42,1,13,72,85,55,244,7,3,3,5,22,30,1,8,53,61,59,68,1,2,1,2,6,8,0,3,14,17,4,0,0,0,0,0,0,0,0,0,0,0,7,21,0,3,2,0,1,4,0,2,5,7,1993,11,120,-77,161,1251,106,405,San Francisco,2018-08-19
2019,8,19,214,295,14,5,9,14,49,46,7,23,102,125,156,215,13,2,4,8,33,35,6,12,74,86,54,61,0,3,4,4,14,7,0,8,21,29,2,1,0,0,0,0,0,0,0,0,0,0,2,18,1,0,1,2,2,4,1,3,7,10,2414,19,141,-76,162,1599,111,430,San Francisco,2019-08-19
2020,8,19,163,241,14,7,6,10,35,42,12,16,89,105,86,179,9,1,3,6,21,37,7,9,65,74,62,45,4,6,1,3,10,2,4,4,16,20,2,3,0,0,0,0,1,1,0,0,2,2,13,14,1,0,2,1,3,2,1,3,6,9,1806,17,109,-74,164,1092,100,413,San Francisco,2020-08-19
2021,8,19,126,208,9,13,3,5,38,24,10,8,72,80,65,141,6,4,2,1,31,22,9,3,62,65,51,43,3,7,0,3,5,2,1,3,8,11,2,2,0,0,0,0,0,0,0,0,0,0,8,22,0,2,1,1,2,0,0,2,2,4,1533,12,93,-80,158,906,111,354,San Francisco,2021-08-19
2022,8,19,139,197,15,6,2,10,28,29,13,12,70,82,60,133,13,3,1,6,24,25,7,7,56,63,67,48,0,2,0,1,4,1,3,1,8,9,2,2,0,0,0,0,0,0,1,0,1,1,10,14,2,1,1,3,0,3,2,4,5,9,1453,15,89,-79,159,787,90,416,San Francisco,2022-08-19
2023,8,19,137,176,15,14,8,11,29,32,14,19,75,94,59,118,10,3,5,7,22,23,11,12,56,68,71,44,2,10,2,4,5,6,3,6,14,20,1,2,0,0,0,0,1,0,0,0,1,1,6,12,3,1,1,0,1,3,0,1,4,5,1604,14,117,-78,160,842,91,495,San Francisco,2023-08-19
2024,8,19,108,189,20,4,7,8,35,27,17,15,79,94,68,123,16,0,5,5,20,18,10,10,48,58,31,45,3,4,2,1,13,5,6,3,24,27,3,4,0,0,0,0,0,0,0,0,0,0,6,17,1,0,0,2,2,4,1,2,7,9,1609,15,85,-76,162,960,90,387,San Francisco,2024-08-19
2012,9,19,,,,,,,,,,,,,,,,,,,,,,,,,,,,,,,,,,,,,,,,,,,,,,,,,,,,,,,,,,,,,,,,,,,,,San Francisco,2012-09-19
2013,9,19,,,,,,,,,,,,,,,,,,,,,,,,,,,,,,,,,,,,,,,,,,,,,,,,,,,,,,,,,,,,,,,,,,,,,San Francisco,2013-09-19
2014,9,19,,,,,,,,,,,,,,,,,,,,,,,,,,,,,,,,,,,,,,,,,,,,,,,,,,,,,,,,,,,,,,,,,,,,,San Francisco,2014-09-19
2015,9,19,337,353,31,6,18,13,19,24,17,31,60,91,145,207,17,2,6,8,10,17,15,14,42,56,159,123,13,3,10,3,5,4,2,13,11,24,6,4,0,0,0,0,0,1,0,0,1,1,27,19,1,1,2,2,4,2,0,4,6,10,2304,23,160,-43,195,1465,133,487,San Francisco,2015-09-19
2016,9,19,264,341,28,7,8,18,32,46,11,26,89,115,154,227,22,3,4,8,20,33,10,12,63,75,87,88,5,3,4,8,7,10,0,12,17,29,8,5,0,0,0,0,2,0,1,0,3,3,15,21,1,1,0,2,3,3,0,2,6,8,2396,34,162,-48,190,1603,132,478,San Francisco,2016-09-19
2017,9,19,274,298,21,4,13,12,28,33,9,25,70,95,172,187,16,2,4,5,15,26,7,9,48,57,72,87,2,2,6,5,10,4,2,11,16,27,9,5,0,0,0,0,0,0,0,0,0,0,21,19,3,0,3,2,3,3,0,5,6,11,2263,29,170,-47,191,1439,133,429,San Francisco,2017-09-19
2018,9,19,170,388,18,3,7,17,50,42,13,24,105,129,114,272,12,0,5,12,33,32,10,17,75,92,50,91,4,3,2,4,14,7,3,6,24,30,3,5,0,0,0,0,1,0,0,0,1,1,3,20,2,0,0,1,2,3,0,1,5,6,2557,32,151,-46,192,1664,126,473,San Francisco,2018-09-19
2019,9,19,232,277,29,6,10,12,33,47,11,22,91,113,149,180,17,1,5,8,21,42,5,13,68,81,71,78,10,4,5,3,10,2,4,8,16,24,4,2,0,0,0,1,0,0,1,1,1,2,8,17,2,1,0,0,2,3,1,0,6,6,2378,18,140,-45,193,1524,121,486,San Francisco,2019-09-19
2020,9,19,167,239,7,22,2,17,45,25,10,19,80,99,54,135,3,5,1,11,27,17,6,12,50,62,93,87,3,15,1,6,14,6,4,7,24,31,1,2,0,0,0,0,0,1,0,0,1,1,19,15,1,2,0,0,4,1,0,0,5,5,1868,23,142,-43,195,1127,118,453,San Francisco,2020-09-19
2021,9,19,105,167,17,8,3,13,43,32,10,16,85,101,38,101,9,0,1,5,21,26,8,6,55,61,55,55,6,8,1,8,15,5,2,9,22,31,2,2,0,0,0,0,4,0,0,0,4,4,10,9,2,0,1,0,3,1,0,1,4,5,1454,15,96,-49,189,832,84,422,San Francisco,2021-09-19
2022,9,19,125,179,6,9,10,11,38,26,17,21,81,102,72,125,5,2,4,8,24,18,8,12,50,62,46,38,0,6,5,2,14,4,5,7,23,30,1,1,0,0,0,0,0,0,1,0,1,1,6,15,1,1,1,1,0,4,3,2,7,9,1642,10,122,-48,190,916,88,402,San Francisco,2022-09-19
2023,9,19,84,187,12,7,11,9,36,34,20,20,90,110,41,124,8,1,6,5,18,30,13,11,61,72,35,48,2,6,5,3,15,2,5,8,22,30,3,2,0,0,0,0,1,0,1,0,2,2,5,13,2,0,0,1,2,2,1,1,5,6,1860,22,142,-47,191,1104,99,409,San Francisco,2023-09-19
2024,9,19,108,207,13,1,5,12,29,36,11,17,76,93,65,137,10,0,5,8,22,27,9,13,58,71,38,57,3,1,0,3,5,6,1,3,12,15,0,3,0,0,0,0,1,0,1,0,2,2,5,10,0,0,0,1,1,3,0,1,4,5,1701,26,88,-45,193,1016,110,377,San Francisco,2024-09-19
2012,10,19,,,,,,,,,,,,,,,,,,,,,,,,,,,,,,,,,,,,,,,,,,,,,,,,,,,,,,,,,,,,,,,,,,,,,San Francisco,2012-10-19
2013,10,19,,,,,,,,,,,,,,,,,,,,,,,,,,,,,,,,,,,,,,,,,,,,,,,,,,,,,,,,,,,,,,,,,,,,,San Francisco,2013-10-19
2014,10,19,,,,,,,,,,,,,,,,,,,,,,,,,,,,,,,,,,,,,,,,,,,,,,,,,,,,,,,,,,,,,,,,,,,,,San Francisco,2014-10-19
2015,10,19,259,363,24,2,12,18,39,27,14,30,80,110,131,212,19,0,7,15,25,17,10,22,52,74,105,119,4,1,5,2,12,7,4,7,23,30,9,9,0,0,0,0,0,0,0,0,0,0,14,23,1,1,0,1,2,3,0,1,5,6,2159,29,169,-13,225,1504,124,380,San Francisco,2015-10-19
2016,10,19,279,333,27,11,7,12,36,28,9,19,73,92,149,189,17,3,2,6,24,23,7,8,54,62,105,115,8,8,3,5,9,3,2,8,14,22,11,1,1,0,0,0,1,0,0,0,1,1,14,28,1,0,2,1,2,2,0,3,4,7,2390,37,183,-18,220,1607,134,442,San Francisco,2016-10-19
2017,10,19,247,210,26,6,9,19,35,38,7,28,80,108,122,119,18,0,3,11,19,33,5,14,57,71,102,70,6,6,5,7,15,4,1,12,20,32,13,6,1,0,0,1,0,0,0,1,0,1,10,15,1,0,1,0,1,1,1,1,3,4,1755,39,133,-17,221,1060,125,418,San Francisco,2017-10-19
2018,10,19,171,296,14,4,13,12,39,43,7,25,89,114,74,186,9,0,4,5,19,26,3,9,48,57,88,87,5,3,9,7,15,11,3,16,29,45,2,6,0,0,0,0,0,0,0,0,0,0,7,17,0,1,0,0,5,6,1,0,12,12,2152,33,164,-16,222,1262,140,472,San Francisco,2018-10-19
2019,10,19,214,265,9,3,16,13,34,39,6,29,79,108,98,160,4,2,8,5,19,32,2,13,53,66,95,81,5,0,6,5,12,6,2,11,20,31,3,2,0,0,1,1,1,0,0,2,1,3,18,22,0,1,1,2,2,1,2,3,5,8,2130,32,162,-15,223,1289,125,485,San Francisco,2019-10-19
2020,10,19,93,217,10,11,6,10,49,34,13,16,96,112,46,138,6,1,3,6,29,20,7,9,56,65,42,56,4,10,2,2,15,11,6,4,32,36,0,3,0,0,0,0,1,1,0,0,2,2,5,20,0,0,1,2,4,2,0,3,6,9,1664,30,117,-13,225,1061,106,348,San Francisco,2020-10-19
2021,10,19,95,186,11,17,4,8,37,27,21,12,85,97,48,111,8,3,2,6,22,19,11,8,52,60,41,62,3,13,1,1,14,6,5,2,25,27,1,2,0,0,0,1,0,0,2,1,2,3,5,11,0,1,1,0,1,2,3,1,6,7,1556,28,117,-19,219,938,112,377,San Francisco,2021-10-19
2022,10,19,105,171,17,7,6,12,36,26,7,18,69,87,45,99,9,0,2,6,23,14,4,8,41,49,52,57,8,6,4,5,11,7,3,9,21,30,1,3,0,0,0,0,1,0,0,0,1,1,7,12,0,1,0,1,1,5,0,1,6,7,1498,24,114,-18,220,819,106,424,San Francisco,2022-10-19
2023,10,19,121,245,20,10,9,6,30,24,10,15,64,79,63,131,15,3,5,4,21,15,7,9,43,52,50,88,5,7,1,1,9,7,2,2,18,20,1,6,0,0,1,0,0,0,0,1,0,1,7,20,0,0,2,1,0,2,1,3,3,6,1707,29,139,-17,221,1038,101,414,San Francisco,2023-10-19
2024,10,19,142,203,21,3,0,12,32,30,14,12,76,88,51,117,13,1,0,5,21,21,7,5,49,54,80,65,5,1,0,6,9,3,7,6,19,25,4,6,0,0,0,0,0,0,0,0,0,0,7,15,3,1,0,1,2,6,0,1,8,9,1602,37,122,-15,223,855,86,483,San Francisco,2024-10-19
2012,11,19,,,,,,,,,,,,,,,,,,,,,,,,,,,,,,,,,,,,,,,,,,,,,,,,,,,,,,,,,,,,,,,,,,,,,San Francisco,2012-11-19
2013,11,19,,,,,,,,,,,,,,,,,,,,,,,,,,,,,,,,,,,,,,,,,,,,,,,,,,,,,,,,,,,,,,,,,,,,,San Francisco,2013-11-19
2014,11,19,,,,,,,,,,,,,,,,,,,,,,,,,,,,,,,,,,,,,,,,,,,,,,,,,,,,,,,,,,,,,,,,,,,,,San Francisco,2014-11-19
2015,11,19,247,353,23,14,18,16,25,32,14,34,71,105,115,173,14,2,5,9,13,17,12,14,42,56,109,132,5,11,11,6,11,11,2,17,24,41,11,10,0,0,0,0,1,0,0,0,1,1,12,38,4,1,2,1,0,4,0,3,4,7,2416,42,238,18,256,1672,138,402,San Francisco,2015-11-19
2016,11,19,188,208,29,11,8,7,16,28,16,15,60,75,81,95,12,0,3,2,8,15,13,5,36,41,93,91,15,11,5,4,8,12,3,9,23,32,4,1,2,0,0,0,0,0,0,0,0,0,10,21,0,0,0,1,0,1,0,1,1,2,1911,23,229,13,251,1168,115,381,San Francisco,2016-11-19
2017,11,19,236,240,12,5,11,8,41,28,8,19,77,96,105,120,4,1,3,3,25,15,3,6,43,49,113,96,5,4,8,4,11,11,4,12,26,38,3,0,0,0,0,0,3,0,0,0,3,3,15,24,3,0,0,1,2,2,1,1,5,6,1950,22,244,14,252,1185,106,410,San Francisco,2017-11-19
2018,11,19,131,272,12,7,10,12,32,24,6,22,62,84,71,135,7,0,4,6,21,18,4,10,43,53,50,108,4,7,5,5,8,6,1,10,15,25,2,5,0,0,0,0,0,0,0,0,0,0,8,24,1,0,1,1,3,0,1,2,4,6,2000,23,197,15,253,1241,134,374,San Francisco,2018-11-19
2019,11,19,143,260,19,6,8,6,25,52,9,14,86,100,60,132,8,0,3,3,15,30,5,6,50,56,65,105,5,5,3,3,7,14,3,6,24,30,5,3,2,0,0,0,0,1,0,0,1,1,13,20,4,1,2,0,3,7,1,2,11,13,2075,32,189,16,254,1316,98,404,San Francisco,2019-11-19
2020,11,19,101,213,17,8,4,12,39,24,15,16,78,94,32,121,10,2,1,5,24,21,10,6,55,61,61,74,6,6,3,6,13,2,5,9,20,29,3,5,1,0,0,0,2,0,0,0,2,2,5,13,0,0,0,1,0,1,0,1,1,2,1610,19,123,18,256,1015,115,336,San Francisco,2020-11-19
2021,11,19,97,203,16,4,7,4,44,44,10,11,98,109,35,104,6,0,5,4,20,26,9,9,55,64,56,76,7,4,1,0,23,16,1,1,40,41,1,1,0,0,0,0,0,0,0,0,0,0,5,22,3,0,1,0,1,2,0,1,3,4,1596,8,131,12,250,854,104,425,San Francisco,2021-11-19
2022,11,19,122,151,14,6,11,13,33,38,9,24,80,104,45,67,7,1,4,6,10,19,7,10,36,46,72,68,6,4,6,7,21,14,1,13,36,49,1,2,0,0,0,0,0,1,0,0,1,1,4,14,1,1,1,0,2,4,1,1,7,8,1482,13,108,13,251,796,103,412,San Francisco,2022-11-19
2023,11,19,83,155,14,5,9,10,36,23,12,19,71,90,40,75,8,0,5,6,15,14,4,11,33,44,37,60,6,5,4,4,17,5,5,8,27,35,2,1,0,0,0,0,2,0,0,0,2,2,4,19,0,0,0,0,2,4,3,0,9,9,1341,15,108,14,252,770,82,336,San Francisco,2023-11-19
2024,11,19,128,203,12,5,8,7,30,39,6,15,75,90,89,107,6,1,3,3,18,24,5,6,47,53,34,75,3,4,5,4,11,13,0,9,24,33,1,2,0,0,0,0,0,1,0,0,1,1,4,19,3,0,0,0,1,1,1,0,3,3,1687,23,137,16,254,932,110,372,San Francisco,2024-11-19
2012,12,19,,,,,,,,,,,,,,,,,,,,,,,,,,,,,,,,,,,,,,,,,,,,,,,,,,,,,,,,,,,,,,,,,,,,,San Francisco,2012-12-19
2013,12,19,,,,,,,,,,,,,,,,,,,,,,,,,,,,,,,,,,,,,,,,,,,,,,,,,,,,,,,,,,,,,,,,,,,,,San Francisco,2013-12-19
2014,12,19,,,,,,,,,,,,,,,,,,,,,,,,,,,,,,,,,,,,,,,,,,,,,,,,,,,,,,,,,,,,,,,,,,,,,San Francisco,2014-12-19
2015,12,19,231,297,15,8,16,18,34,33,15,34,82,116,108,149,10,2,5,9,13,18,9,14,40,54,106,123,5,6,9,8,17,11,5,17,33,50,5,3,0,0,1,0,2,0,0,1,2,3,12,22,0,0,1,1,2,4,1,2,7,9,2134,29,251,48,286,1385,129,432,San Francisco,2015-12-19
2016,12,19,188,237,12,4,7,6,42,32,13,13,87,100,89,114,6,0,3,0,17,20,7,3,44,47,80,97,4,3,3,6,21,7,4,9,32,41,5,3,0,0,0,0,1,0,0,0,1,1,14,23,2,1,1,0,3,5,2,1,10,11,1896,26,189,43,281,1264,117,314,San Francisco,2016-12-19
2017,12,19,209,288,22,7,11,14,28,27,7,25,62,87,100,152,11,2,6,8,17,18,5,14,40,54,85,106,5,5,5,4,9,6,0,9,15,24,9,4,0,0,0,0,0,0,0,0,0,0,15,26,6,0,0,2,2,3,2,2,7,9,2222,37,249,44,282,1543,114,375,San Francisco,2017-12-19
2018,12,19,175,331,20,4,6,11,29,47,8,17,84,101,87,165,11,2,2,5,15,30,6,7,51,58,73,143,9,2,3,4,7,16,1,7,24,31,10,2,0,0,0,0,0,0,0,0,0,0,5,21,0,0,1,2,7,1,1,3,9,12,2108,46,175,45,283,1309,131,449,San Francisco,2018-12-19
2019,12,19,186,276,20,9,7,10,35,50,5,17,90,107,105,139,9,0,3,6,13,29,3,9,45,54,70,114,7,8,4,3,21,13,2,7,36,43,5,4,0,0,0,1,0,2,0,1,2,3,6,19,4,1,0,0,1,6,0,0,7,7,2137,34,238,46,284,1253,124,469,San Francisco,2019-12-19
2020,12,19,122,195,11,20,0,9,44,34,24,9,102,111,53,84,7,0,0,6,24,25,19,6,68,74,65,94,4,19,0,3,19,5,3,3,27,30,0,2,0,0,0,0,0,0,0,0,0,0,4,15,0,1,0,0,1,4,2,0,7,7,1458,23,109,48,286,884,106,354,San Francisco,2020-12-19
2021,12,19,69,162,9,7,7,11,45,23,7,18,75,93,18,80,3,1,3,4,17,14,6,7,37,44,48,67,6,5,3,6,22,6,1,9,29,38,1,5,0,0,0,0,1,0,0,0,1,1,2,10,0,1,1,1,5,3,0,2,8,10,1367,21,100,42,280,756,92,335,San Francisco,2021-12-19
2022,12,19,87,165,16,9,7,5,39,34,13,12,86,98,35,76,10,4,3,1,19,20,11,4,50,54,45,72,5,5,3,4,18,11,1,7,30,37,3,3,0,0,0,0,0,0,1,0,1,1,4,14,1,0,1,0,2,3,0,1,5,6,1348,23,125,43,281,836,78,275,San Francisco,2022-12-19
2023,12,19,97,198,12,8,3,6,39,21,16,9,76,85,52,114,6,0,1,1,20,17,9,2,46,48,42,65,3,7,2,3,17,4,6,5,27,32,2,4,0,0,0,0,1,0,0,0,1,1,1,15,3,1,0,2,1,0,1,2,2,4,1601,24,125,44,282,946,94,353,San Francisco,2023-12-19
2024,12,19,96,171,16,3,3,13,21,26,7,16,54,70,58,96,8,1,3,4,15,15,7,7,37,44,28,58,5,1,0,8,6,8,0,8,14,22,1,5,0,0,0,0,0,0,0,0,0,0,9,12,3,1,0,1,0,3,0,1,3,4,1527,22,136,46,284,868,108,383,San Francisco,2024-12-19
2012,1,20,,,,,,,,,,,,,,,,,,,,,,,,,,,,,,,,,,,,,,,,,,,,,,,,,,,,,,,,,,,,,,,,,,,,,San Francisco,2012-01-20
2013,1,20,,,,,,,,,,,,,,,,,,,,,,,,,,,,,,,,,,,,,,,,,,,,,,,,,,,,,,,,,,,,,,,,,,,,,San Francisco,2013-01-20
2014,1,20,,,,,,,,,,,,,,,,,,,,,,,,,,,,,,,,,,,,,,,,,,,,,,,,,,,,,,,,,,,,,,,,,,,,,San Francisco,2014-01-20
2015,1,20,252,364,32,7,7,15,37,35,18,22,90,112,119,194,20,0,4,6,20,22,11,10,53,63,106,131,6,4,1,7,11,10,5,8,26,34,13,7,0,0,1,1,3,0,0,2,3,5,14,32,6,3,1,1,3,3,2,2,8,10,2279,42,210,-285,-47,1717,98,343,San Francisco,2015-01-20
2016,1,20,242,317,28,1,4,14,39,32,10,18,81,99,115,153,15,0,0,8,20,18,7,8,45,53,109,137,9,1,4,4,14,11,2,8,27,35,6,3,0,0,0,0,0,0,1,0,1,1,12,24,4,0,0,2,5,3,0,2,8,10,2124,38,176,-291,-53,1453,127,395,San Francisco,2016-01-20
2017,1,20,177,219,21,11,7,4,48,33,6,11,87,98,89,116,11,7,3,3,30,23,4,6,57,63,76,84,6,4,4,1,14,6,2,5,22,27,6,0,3,0,0,0,2,0,0,0,2,2,6,19,1,0,0,0,2,4,0,0,6,6,1756,35,129,-289,-51,1089,130,377,San Francisco,2017-01-20
2018,1,20,270,221,13,8,9,14,32,31,5,23,68,91,117,100,7,0,2,11,18,14,5,13,37,50,135,92,3,8,5,2,13,9,0,7,22,29,9,5,0,0,0,0,0,0,0,0,0,0,9,24,3,0,2,1,1,8,0,3,9,12,1995,42,195,-288,-50,1218,129,415,San Francisco,2018-01-20
2019,1,20,148,274,12,7,5,12,29,42,11,17,82,99,62,134,2,1,1,5,15,28,4,6,47,53,79,123,7,6,3,6,10,12,6,9,28,37,3,4,1,0,0,1,1,1,0,1,2,3,4,13,2,0,1,0,3,1,1,1,5,6,1942,28,172,-287,-49,1149,108,422,San Francisco,2019-01-20
2020,1,20,137,254,14,9,9,9,37,47,10,18,94,112,65,121,5,3,5,3,18,31,5,8,54,62,55,104,6,6,4,5,15,12,5,9,32,41,4,5,0,0,0,0,3,1,0,0,4,4,13,24,3,0,0,1,1,3,0,1,4,5,2057,32,228,-286,-48,1256,137,390,San Francisco,2020-01-20
2021,1,20,125,260,16,9,6,9,47,44,14,15,105,120,60,156,9,1,4,3,27,34,10,7,71,78,59,76,5,8,1,4,19,8,3,5,30,35,2,3,1,0,0,0,0,0,0,0,0,0,4,25,1,0,1,2,1,2,1,3,4,7,1752,22,137,-291,-53,1098,129,343,San Francisco,2021-01-20
2022,1,20,112,203,18,6,3,9,51,35,12,12,98,110,49,125,10,0,1,6,28,22,9,7,59,66,55,59,7,6,1,3,18,8,2,4,28,32,3,3,0,0,1,0,0,0,0,1,0,1,5,16,1,0,0,0,5,5,1,0,11,11,1618,28,152,-290,-52,929,91,373,San Francisco,2022-01-20
2023,1,20,87,190,19,4,6,8,37,28,10,14,75,89,29,97,11,3,3,4,14,21,5,7,40,47,53,74,5,1,3,3,19,4,5,6,28,34,2,1,1,0,0,0,0,0,0,0,0,0,3,18,2,0,0,1,4,3,0,1,7,8,1565,13,157,-289,-51,890,99,393,San Francisco,2023-01-20
2024,1,20,95,119,7,7,9,11,30,32,7,20,69,89,34,61,3,0,2,6,16,24,4,8,44,52,58,46,4,7,5,5,10,5,3,10,18,28,2,3,0,0,0,0,2,0,0,0,2,2,1,9,0,0,2,0,2,3,0,2,5,7,1281,20,92,-288,-50,700,88,345,San Francisco,2024-01-20
2012,2,20,,,,,,,,,,,,,,,,,,,,,,,,,,,,,,,,,,,,,,,,,,,,,,,,,,,,,,,,,,,,,,,,,,,,,San Francisco,2012-02-20
2013,2,20,,,,,,,,,,,,,,,,,,,,,,,,,,,,,,,,,,,,,,,,,,,,,,,,,,,,,,,,,,,,,,,,,,,,,San Francisco,2013-02-20
2014,2,20,,,,,,,,,,,,,,,,,,,,,,,,,,,,,,,,,,,,,,,,,,,,,,,,,,,,,,,,,,,,,,,,,,,,,San Francisco,2014-02-20
2015,2,20,280,363,23,13,19,7,30,39,9,26,78,104,152,188,14,4,6,1,18,28,6,7,52,59,105,139,5,8,10,5,9,10,2,15,21,36,15,5,1,0,0,0,0,0,1,0,1,1,8,31,3,1,3,1,3,1,0,4,4,8,2417,39,185,-254,-16,1789,118,341,San Francisco,2015-02-20
2016,2,20,209,285,14,2,11,12,22,27,15,23,64,87,95,168,10,1,3,9,15,12,9,12,36,48,94,96,2,1,6,3,6,12,5,9,23,32,7,0,0,0,1,0,0,0,1,1,1,2,13,21,2,0,1,0,1,3,0,1,4,5,1859,23,148,-260,-22,1196,112,403,San Francisco,2016-02-20
2017,2,20,156,249,25,2,6,10,37,27,13,16,77,93,91,132,14,0,1,5,22,19,12,6,53,59,57,94,7,2,3,4,9,6,0,7,15,22,2,4,0,0,0,0,1,1,0,0,2,2,6,19,4,0,2,1,5,1,1,3,7,10,1754,17,152,-258,-20,1219,105,256,San Francisco,2017-02-20
2018,2,20,218,278,16,6,10,13,44,26,4,23,74,97,140,169,10,2,5,4,25,16,4,9,45,54,60,88,4,4,5,6,17,8,0,11,25,36,2,1,0,0,0,0,0,0,0,0,0,0,16,20,2,0,0,3,2,2,0,3,4,7,2216,30,192,-257,-19,1481,112,381,San Francisco,2018-02-20
2019,2,20,161,386,13,3,9,9,40,40,5,18,85,103,95,263,10,0,3,5,22,27,4,8,53,61,53,93,2,3,5,3,13,10,0,8,23,31,4,4,0,0,0,0,1,1,0,0,2,2,9,26,1,0,1,1,4,2,1,2,7,9,2126,27,202,-256,-18,1370,110,419,San Francisco,2019-02-20
2020,2,20,173,279,17,3,6,8,31,75,15,14,121,135,82,161,9,0,0,5,19,51,8,5,78,83,65,92,6,3,5,3,9,17,5,8,31,39,5,5,0,0,0,0,1,1,0,0,2,2,21,21,2,0,1,0,2,6,2,1,10,11,2200,20,210,-255,-17,1342,132,445,San Francisco,2020-02-20
2021,2,20,138,182,8,12,5,12,55,38,18,17,111,128,58,101,4,6,3,6,37,29,15,9,81,90,70,68,2,5,2,5,15,7,2,7,24,31,3,2,0,0,0,0,1,0,0,0,1,1,7,11,2,1,0,1,2,2,1,1,5,6,1749,17,116,-260,-22,1121,114,358,San Francisco,2021-02-20
2022,2,20,114,157,13,7,7,9,40,31,11,16,82,98,44,94,5,0,3,3,28,22,7,6,57,63,63,54,4,7,4,5,10,6,3,9,19,28,2,1,0,0,0,0,0,0,1,0,1,1,5,8,4,0,0,1,2,3,0,1,5,6,1503,11,101,-259,-21,913,89,338,San Francisco,2022-02-20
2023,2,20,112,164,6,7,13,8,30,24,17,21,71,92,51,97,1,1,6,4,17,15,12,10,44,54,48,57,4,5,3,3,10,5,4,6,19,25,0,1,0,0,0,0,0,0,0,0,0,0,13,9,1,1,4,1,3,4,1,5,8,13,1615,13,134,-258,-20,956,88,351,San Francisco,2023-02-20
2024,2,20,77,193,12,3,4,3,44,17,13,7,74,81,37,105,8,1,1,1,25,9,11,2,45,47,33,69,3,2,2,2,14,7,2,4,23,27,2,5,1,0,0,0,2,0,0,0,2,2,5,14,0,0,1,0,3,1,0,1,4,5,1578,25,113,-257,-19,926,100,319,San Francisco,2024-02-20
2012,3,20,,,,,,,,,,,,,,,,,,,,,,,,,,,,,,,,,,,,,,,,,,,,,,,,,,,,,,,,,,,,,,,,,,,,,San Francisco,2012-03-20
2013,3,20,,,,,,,,,,,,,,,,,,,,,,,,,,,,,,,,,,,,,,,,,,,,,,,,,,,,,,,,,,,,,,,,,,,,,San Francisco,2013-03-20
2014,3,20,,,,,,,,,,,,,,,,,,,,,,,,,,,,,,,,,,,,,,,,,,,,,,,,,,,,,,,,,,,,,,,,,,,,,San Francisco,2014-03-20
2015,3,20,237,330,19,12,16,9,27,31,10,25,68,93,151,214,14,1,11,2,18,19,10,13,47,60,69,93,4,11,3,6,8,7,0,9,15,24,8,3,0,0,0,0,0,0,0,0,0,0,9,20,1,0,2,1,1,5,0,3,6,9,2146,30,142,-226,12,1536,117,341,San Francisco,2015-03-20
2016,3,20,242,292,24,4,10,15,15,25,12,25,52,77,121,167,15,2,3,5,9,21,9,8,39,47,94,101,7,1,6,8,4,3,2,14,9,23,6,2,0,0,0,0,0,0,0,0,0,0,21,22,2,1,1,2,2,1,1,3,4,7,2029,24,135,-231,7,1329,113,390,San Francisco,2016-03-20
2017,3,20,208,271,27,5,10,7,43,42,9,17,94,111,139,170,18,1,5,4,27,33,8,9,68,77,55,77,5,4,3,2,14,5,1,5,20,25,6,3,0,0,1,0,0,0,0,1,0,1,8,21,4,0,1,1,2,4,0,2,6,8,2038,34,127,-230,8,1354,130,349,San Francisco,2017-03-20
2018,3,20,218,280,26,3,2,10,29,36,4,12,69,81,143,162,18,2,1,6,22,32,4,7,58,65,62,92,5,1,1,4,7,2,0,5,9,14,4,2,0,0,0,0,0,0,0,0,0,0,9,24,3,0,0,0,0,2,0,0,2,2,1839,32,116,-229,9,1179,127,335,San Francisco,2018-03-20
2019,3,20,151,324,24,2,8,10,36,28,5,18,69,87,95,203,17,1,5,7,25,21,4,12,50,62,44,99,5,1,1,3,7,3,1,4,11,15,6,2,1,0,0,0,1,0,0,0,1,1,6,20,1,0,2,0,3,4,0,2,7,9,2189,36,127,-228,10,1466,125,368,San Francisco,2019-03-20
2020,3,20,149,226,6,8,11,10,32,36,17,21,85,106,65,142,6,3,6,6,20,30,13,12,63,75,73,58,0,5,2,4,11,3,2,6,16,22,4,4,0,0,0,0,0,0,1,0,1,1,7,22,0,0,3,0,1,3,1,3,5,8,1944,29,123,-226,12,1238,130,296,San Francisco,2020-03-20
2021,3,20,121,202,13,4,2,7,40,29,9,9,78,87,41,119,7,1,2,4,22,24,6,6,52,58,72,65,4,3,0,3,12,3,1,3,16,19,2,3,0,0,0,0,2,0,0,0,2,2,6,15,2,0,0,0,4,2,2,0,8,8,1554,14,137,-232,6,958,73,369,San Francisco,2021-03-20
2022,3,20,116,162,13,7,6,6,37,17,11,12,65,77,43,96,6,3,6,5,22,10,9,11,41,52,64,52,6,3,0,0,9,5,2,0,16,16,5,1,0,0,0,0,1,0,0,0,1,1,4,13,1,1,0,1,5,2,0,1,7,8,1605,20,97,-231,7,959,100,352,San Francisco,2022-03-20
2023,3,20,129,167,5,6,3,12,40,26,17,15,83,98,76,106,5,2,0,9,28,22,12,9,62,71,46,48,0,3,3,2,9,2,4,5,15,20,2,0,0,0,0,0,2,0,1,0,3,3,5,13,0,1,0,1,1,2,0,1,3,4,1764,23,127,-230,8,986,110,386,San Francisco,2023-03-20
2024,3,20,93,189,17,4,5,7,30,25,8,12,63,75,49,118,13,1,2,7,21,23,6,9,50,59,37,56,2,3,2,0,6,2,2,2,10,12,0,1,0,0,0,0,0,0,0,0,0,0,7,14,2,0,1,0,3,0,0,1,3,4,1525,26,94,-228,10,886,89,351,San Francisco,2024-03-20
2012,4,20,,,,,,,,,,,,,,,,,,,,,,,,,,,,,,,,,,,,,,,,,,,,,,,,,,,,,,,,,,,,,,,,,,,,,San Francisco,2012-04-20
2013,4,20,,,,,,,,,,,,,,,,,,,,,,,,,,,,,,,,,,,,,,,,,,,,,,,,,,,,,,,,,,,,,,,,,,,,,San Francisco,2013-04-20
2014,4,20,,,,,,,,,,,,,,,,,,,,,,,,,,,,,,,,,,,,,,,,,,,,,,,,,,,,,,,,,,,,,,,,,,,,,San Francisco,2014-04-20
2015,4,20,223,300,19,6,10,14,40,56,24,24,120,144,146,205,17,3,8,12,34,42,20,20,96,116,58,77,1,1,1,2,4,13,3,3,20,23,4,3,1,0,0,0,0,0,0,0,0,0,15,15,0,2,1,0,2,1,1,1,4,5,2275,23,147,-195,43,1602,116,375,San Francisco,2015-04-20
2016,4,20,301,352,28,8,12,9,33,27,11,21,71,92,190,225,21,6,5,4,25,22,10,9,57,66,84,97,5,0,7,4,4,4,1,11,9,20,8,7,0,0,0,0,1,0,0,0,1,1,19,23,2,2,0,1,3,1,0,1,4,5,2496,31,154,-200,38,1662,124,528,San Francisco,2016-04-20
2017,4,20,232,303,21,8,12,11,24,27,10,23,61,84,131,195,17,6,10,9,19,18,8,19,45,64,76,90,1,0,0,0,4,6,0,0,10,10,9,0,1,0,0,0,1,0,1,0,2,2,16,18,2,2,2,2,0,3,1,4,4,8,2226,32,144,-199,39,1438,125,452,San Francisco,2017-04-20
2018,4,20,244,358,24,8,8,13,41,40,9,21,90,111,157,261,17,1,7,5,25,33,3,12,61,73,65,82,3,7,1,6,14,4,5,7,23,30,5,2,0,0,0,0,0,0,0,0,0,0,17,13,4,0,0,2,2,3,1,2,6,8,2313,19,151,-198,40,1401,138,522,San Francisco,2018-04-20
2019,4,20,182,295,26,5,6,10,26,32,8,16,66,82,110,183,18,2,2,6,17,25,7,8,49,57,65,77,6,3,4,4,9,6,0,8,15,23,0,7,0,0,0,0,0,0,0,0,0,0,7,28,2,0,0,0,0,1,1,0,2,2,2480,16,153,-197,41,1587,135,458,San Francisco,2019-04-20
2020,4,20,142,244,8,10,9,10,39,33,10,19,82,101,90,181,8,5,8,7,23,30,9,15,62,77,41,41,0,4,1,2,15,2,1,3,18,21,2,2,0,0,0,0,1,1,0,0,2,2,9,20,0,1,0,1,0,0,0,1,0,1,1969,19,137,-195,43,1226,84,339,San Francisco,2020-04-20
2021,4,20,102,182,19,10,1,9,34,35,12,10,81,91,56,123,13,1,1,7,20,27,7,8,54,62,37,45,5,8,0,2,11,3,5,2,19,21,1,3,0,0,0,0,1,0,0,0,1,1,8,11,1,1,0,0,2,5,0,0,7,7,1863,9,98,-201,37,1215,110,319,San Francisco,2021-04-20
2022,4,20,107,195,24,5,8,16,36,29,17,24,82,106,68,142,17,3,5,9,26,22,13,14,61,75,33,45,6,2,2,5,8,4,3,7,15,22,0,1,0,0,0,0,0,0,0,0,0,0,6,7,1,0,1,2,2,3,1,3,6,9,1551,9,85,-200,38,900,99,394,San Francisco,2022-04-20
2023,4,20,102,185,19,15,5,8,34,32,15,13,81,94,70,139,14,4,3,7,26,28,10,10,64,74,28,29,3,8,2,1,6,3,4,3,13,16,0,2,1,0,0,0,0,0,0,0,0,0,4,15,1,3,0,0,2,1,1,0,4,4,1679,16,97,-199,39,926,111,456,San Francisco,2023-04-20
2024,4,20,114,182,20,7,6,11,28,26,4,17,58,75,61,119,11,0,2,6,14,24,2,8,40,48,45,48,8,7,4,3,11,2,1,7,14,21,0,1,0,0,0,0,0,0,1,0,1,1,8,14,1,0,0,2,3,0,0,2,3,5,1617,8,101,-197,41,959,75,362,San Francisco,2024-04-20
2012,5,20,,,,,,,,,,,,,,,,,,,,,,,,,,,,,,,,,,,,,,,,,,,,,,,,,,,,,,,,,,,,,,,,,,,,,San Francisco,2012-05-20
2013,5,20,,,,,,,,,,,,,,,,,,,,,,,,,,,,,,,,,,,,,,,,,,,,,,,,,,,,,,,,,,,,,,,,,,,,,San Francisco,2013-05-20
2014,5,20,,,,,,,,,,,,,,,,,,,,,,,,,,,,,,,,,,,,,,,,,,,,,,,,,,,,,,,,,,,,,,,,,,,,,San Francisco,2014-05-20
2015,5,20,234,287,29,5,16,9,39,39,20,25,98,123,167,214,20,2,7,6,30,31,13,13,74,87,51,49,7,2,9,3,5,3,3,12,11,23,6,1,0,0,0,0,1,0,1,0,2,2,10,23,2,1,0,0,3,5,3,0,11,11,2140,16,145,-165,73,1529,108,365,San Francisco,2015-05-20
2016,5,20,279,294,21,5,13,15,34,39,6,28,79,107,194,204,14,3,6,12,24,31,3,18,58,76,66,65,4,1,4,1,8,6,1,5,15,20,1,1,0,0,0,0,0,1,0,0,1,1,18,24,3,1,3,2,2,1,2,5,5,10,2160,13,174,-170,68,1387,132,420,San Francisco,2016-05-20
2017,5,20,255,260,29,4,8,23,32,33,5,31,70,101,126,177,21,0,4,13,19,22,3,17,44,61,100,59,7,4,4,9,12,5,0,13,17,30,7,2,0,0,0,0,0,0,0,0,0,0,22,22,1,0,0,1,1,6,2,1,9,10,2202,16,146,-169,69,1394,129,410,San Francisco,2017-05-20
2018,5,20,160,273,16,5,12,8,37,19,10,20,66,86,109,215,13,3,6,7,28,13,4,13,45,58,36,45,3,1,5,1,8,3,4,6,15,21,0,1,0,0,0,0,0,0,0,0,0,0,15,12,0,1,1,0,1,3,2,1,6,7,1969,13,119,-168,70,1253,124,351,San Francisco,2018-05-20
2019,5,20,164,281,7,10,7,16,30,36,6,23,72,95,117,193,6,1,3,14,22,28,3,17,53,70,35,65,1,5,3,2,5,4,1,5,10,15,1,6,0,0,0,0,0,0,0,0,0,0,11,17,0,4,1,0,3,4,2,1,9,10,2070,15,155,-167,71,1241,113,412,San Francisco,2019-05-20
2020,5,20,152,236,10,5,4,16,46,34,19,20,99,119,88,186,9,3,4,12,30,29,13,16,72,88,44,34,0,1,0,3,14,2,3,3,19,22,2,2,0,0,0,0,0,0,1,0,1,1,18,14,1,1,0,1,2,3,2,1,7,8,1863,14,113,-165,73,1078,115,347,San Francisco,2020-05-20
2021,5,20,146,198,14,9,4,13,41,31,21,17,93,110,83,151,11,3,3,9,29,25,15,12,69,81,50,28,2,4,1,3,10,1,2,4,13,17,1,2,0,0,0,0,0,0,0,0,0,0,12,17,1,2,0,1,2,5,4,1,11,12,1788,16,138,-171,67,1097,105,397,San Francisco,2021-05-20
2022,5,20,147,217,20,7,3,12,43,38,11,15,92,107,69,153,15,1,3,10,28,34,4,13,66,79,60,46,3,4,0,2,14,2,4,2,20,22,6,3,0,0,0,0,0,0,0,0,0,0,12,15,2,2,0,0,1,2,3,0,6,6,1473,15,112,-170,68,840,108,411,San Francisco,2022-05-20
2023,5,20,171,153,16,7,8,13,25,22,17,21,64,85,98,117,10,2,3,10,13,18,14,13,45,58,59,27,5,4,3,2,9,4,2,5,15,20,2,0,0,0,0,0,0,0,0,0,0,0,12,9,1,1,2,1,3,0,1,3,4,7,1551,9,128,-169,69,862,76,434,San Francisco,2023-05-20
2024,5,20,82,165,12,7,9,9,40,24,12,18,76,94,54,118,7,0,5,5,30,22,12,10,64,74,23,28,2,6,4,2,5,0,0,6,5,11,1,0,1,0,0,0,0,1,0,0,1,1,4,19,2,1,0,2,5,1,0,2,6,8,1450,11,106,-167,71,794,107,400,San Francisco,2024-05-20
2012,6,20,,,,,,,,,,,,,,,,,,,,,,,,,,,,,,,,,,,,,,,,,,,,,,,,,,,,,,,,,,,,,,,,,,,,,San Francisco,2012-06-20
2013,6,20,,,,,,,,,,,,,,,,,,,,,,,,,,,,,,,,,,,,,,,,,,,,,,,,,,,,,,,,,,,,,,,,,,,,,San Francisco,2013-06-20
2014,6,20,,,,,,,,,,,,,,,,,,,,,,,,,,,,,,,,,,,,,,,,,,,,,,,,,,,,,,,,,,,,,,,,,,,,,San Francisco,2014-06-20
2015,6,20,247,293,22,10,10,19,28,20,12,29,60,89,148,212,15,1,6,10,16,16,9,16,41,57,79,61,4,7,3,5,9,4,2,8,15,23,2,3,0,0,0,0,0,0,0,0,0,0,18,17,3,2,1,4,3,0,1,5,4,9,1973,14,169,-134,104,1398,114,335,San Francisco,2015-06-20
2016,6,20,249,302,15,5,13,7,30,31,10,20,71,91,189,216,13,2,8,6,24,19,9,14,52,66,44,58,2,2,4,0,5,7,1,4,13,17,4,4,0,0,0,0,0,0,0,0,0,0,12,24,0,1,1,1,1,5,0,2,6,8,2033,16,155,-139,99,1370,116,370,San Francisco,2016-06-20
2017,6,20,240,240,12,13,10,10,46,24,9,20,79,99,153,153,11,3,5,8,34,18,4,13,56,69,54,63,0,6,3,1,10,2,2,4,14,18,12,1,0,1,1,0,0,0,1,1,1,2,21,23,1,3,1,1,2,4,2,2,8,10,2215,26,162,-138,100,1501,114,413,San Francisco,2017-06-20
2018,6,20,129,289,16,17,10,11,40,30,15,21,85,106,93,205,15,3,5,8,29,26,9,13,64,77,26,62,1,11,5,1,6,1,4,6,11,17,1,4,0,0,0,0,1,0,1,0,2,2,9,18,0,3,0,2,4,3,1,2,8,10,2101,15,152,-137,101,1341,131,372,San Francisco,2018-06-20
2019,6,20,219,324,22,12,8,10,33,37,10,18,80,98,174,237,19,1,2,7,19,28,8,9,55,64,31,50,3,10,4,2,7,6,1,6,14,20,2,2,0,0,0,0,0,0,1,0,1,1,12,35,0,1,2,1,7,3,0,3,10,13,2219,16,177,-136,102,1307,134,487,San Francisco,2019-06-20
2020,6,20,181,159,17,12,4,9,46,24,15,13,85,98,62,114,14,2,2,7,27,22,12,9,61,70,82,29,1,3,2,1,11,1,3,3,15,18,2,0,0,0,0,0,2,0,0,0,2,2,35,16,2,7,0,1,6,1,0,1,7,8,1483,13,153,-134,104,917,85,346,San Francisco,2020-06-20
2021,6,20,139,145,19,19,6,9,31,30,11,15,72,87,50,91,13,7,4,7,18,26,8,11,52,63,67,36,3,11,2,1,8,3,1,3,12,15,4,2,2,0,0,0,1,0,0,0,1,1,18,16,1,1,0,1,4,1,2,1,7,8,1401,21,123,-140,98,801,108,359,San Francisco,2021-06-20
2022,6,20,89,175,13,12,15,11,33,28,14,26,75,101,48,125,8,3,8,9,23,22,6,17,51,68,26,30,3,8,2,0,8,5,5,2,18,20,0,2,0,0,0,0,0,0,1,0,1,1,15,18,2,1,5,2,2,1,2,7,5,12,1341,6,112,-139,99,750,98,371,San Francisco,2022-06-20
2023,6,20,90,207,12,4,12,10,52,33,13,22,98,120,52,167,9,2,12,7,40,26,11,19,77,96,27,23,1,2,0,2,11,4,0,2,15,17,1,0,0,0,0,0,0,2,1,0,3,3,10,17,2,0,0,1,1,1,1,1,3,4,1592,19,119,-138,100,918,105,372,San Francisco,2023-06-20
2024,6,20,85,193,13,5,7,15,28,32,17,22,77,99,62,141,8,1,5,10,24,30,15,15,69,84,16,33,4,3,1,5,4,1,1,6,6,12,0,3,1,0,0,0,0,0,0,0,0,0,7,16,0,1,1,0,0,1,1,1,2,3,1485,14,127,-136,102,894,97,342,San Francisco,2024-06-20
2012,7,20,,,,,,,,,,,,,,,,,,,,,,,,,,,,,,,,,,,,,,,,,,,,,,,,,,,,,,,,,,,,,,,,,,,,,San Francisco,2012-07-20
2013,7,20,,,,,,,,,,,,,,,,,,,,,,,,,,,,,,,,,,,,,,,,,,,,,,,,,,,,,,,,,,,,,,,,,,,,,San Francisco,2013-07-20
2014,7,20,,,,,,,,,,,,,,,,,,,,,,,,,,,,,,,,,,,,,,,,,,,,,,,,,,,,,,,,,,,,,,,,,,,,,San Francisco,2014-07-20
2015,7,20,266,307,22,8,13,14,39,34,18,27,91,118,168,222,19,4,5,5,35,30,15,10,80,90,71,59,1,4,6,6,3,4,1,12,8,20,6,2,0,0,0,1,0,0,0,1,0,1,21,24,2,0,2,2,1,0,2,4,3,7,2160,19,183,-104,134,1456,144,379,San Francisco,2015-07-20
2016,7,20,260,249,25,13,9,16,47,29,15,25,91,116,179,167,20,3,7,12,30,26,9,19,65,84,61,64,4,10,2,3,12,3,3,5,18,23,8,1,0,0,0,0,0,0,0,0,0,0,12,17,1,0,0,1,5,0,3,1,8,9,2047,18,152,-109,129,1375,126,395,San Francisco,2016-07-20
2017,7,20,242,260,21,10,7,15,20,46,12,22,78,100,174,190,16,6,1,9,13,32,11,10,56,66,48,51,1,4,2,4,4,10,1,6,15,21,4,2,0,0,0,0,0,0,0,0,0,0,16,17,4,0,4,2,3,4,0,6,7,13,2254,14,175,-108,130,1510,122,387,San Francisco,2017-07-20
2018,7,20,150,335,11,8,9,9,44,39,5,18,88,106,75,238,9,5,5,7,29,29,5,12,63,75,56,66,2,2,2,1,10,4,0,3,14,17,3,4,0,0,0,0,2,0,0,0,2,2,16,27,0,1,2,1,3,6,0,3,9,12,1952,14,160,-107,131,1187,128,411,San Francisco,2018-07-20
2019,7,20,229,245,16,10,7,15,34,37,8,22,79,101,118,165,11,1,5,11,23,29,6,16,58,74,87,64,4,6,2,4,11,7,1,6,19,25,3,3,0,0,0,0,0,0,0,0,0,0,21,13,1,3,0,0,0,1,1,0,2,2,2076,16,142,-106,132,1254,138,471,San Francisco,2019-07-20
2020,7,20,118,184,7,7,0,7,61,46,18,7,125,132,76,129,5,2,0,5,42,38,17,5,97,102,30,42,2,5,0,1,13,5,0,1,18,19,1,1,0,0,0,0,1,0,1,0,2,2,11,12,0,0,0,1,5,3,0,1,8,9,1619,10,110,-104,134,1027,89,366,San Francisco,2020-07-20
2021,7,20,83,200,7,7,2,7,54,32,20,9,106,115,53,139,7,1,1,3,37,29,19,4,85,89,23,49,0,4,1,2,11,1,0,3,12,15,1,2,0,0,0,0,1,0,1,0,2,2,6,10,0,2,0,2,5,2,0,2,7,9,1632,12,108,-110,128,1030,120,348,San Francisco,2021-07-20
2022,7,20,98,189,21,11,5,10,32,34,17,15,83,98,58,139,18,3,4,8,24,30,15,12,69,81,31,34,3,3,0,1,4,2,1,1,7,8,4,1,0,0,0,0,1,0,1,0,2,2,5,15,0,5,1,1,3,2,0,2,5,7,1381,12,111,-109,129,822,96,360,San Francisco,2022-07-20
2023,7,20,103,207,11,5,7,8,40,29,13,15,82,97,64,144,7,2,3,6,30,25,10,9,65,74,29,42,1,2,3,1,4,3,1,4,8,12,2,4,0,0,0,0,1,0,0,0,1,1,8,17,3,1,1,1,5,1,2,2,8,10,1617,15,116,-108,130,954,92,389,San Francisco,2023-07-20
2024,7,20,138,154,16,8,7,7,36,25,7,14,68,82,76,105,10,1,1,4,15,20,7,5,42,47,48,40,5,5,5,2,13,4,0,7,17,24,1,2,0,0,0,0,2,0,0,0,2,2,13,7,1,2,1,1,6,1,0,2,7,9,1550,18,120,-106,132,815,103,410,San Francisco,2024-07-20
2012,8,20,,,,,,,,,,,,,,,,,,,,,,,,,,,,,,,,,,,,,,,,,,,,,,,,,,,,,,,,,,,,,,,,,,,,,San Francisco,2012-08-20
2013,8,20,,,,,,,,,,,,,,,,,,,,,,,,,,,,,,,,,,,,,,,,,,,,,,,,,,,,,,,,,,,,,,,,,,,,,San Francisco,2013-08-20
2014,8,20,,,,,,,,,,,,,,,,,,,,,,,,,,,,,,,,,,,,,,,,,,,,,,,,,,,,,,,,,,,,,,,,,,,,,San Francisco,2014-08-20
2015,8,20,287,361,15,8,15,13,26,39,10,28,75,103,170,247,11,1,12,8,20,30,8,20,58,78,94,95,2,7,3,4,3,6,1,7,10,17,6,1,0,0,0,0,1,1,0,0,2,2,17,18,2,0,0,1,2,2,1,1,5,6,2310,22,147,-73,165,1627,126,410,San Francisco,2015-08-20
2016,8,20,276,307,17,9,8,14,37,33,7,22,77,99,151,208,12,1,3,8,27,26,5,11,58,69,111,81,4,4,4,4,8,6,2,8,16,24,1,1,0,0,1,0,1,0,0,1,1,2,13,17,1,4,0,2,1,1,0,2,2,4,2266,17,137,-78,160,1471,128,454,San Francisco,2016-08-20
2017,8,20,227,268,11,8,10,18,34,38,5,28,77,105,134,196,5,1,3,9,25,32,1,12,58,70,77,51,3,7,4,8,6,4,4,12,14,26,3,7,0,0,2,0,0,0,0,2,0,2,13,14,3,0,1,1,3,2,0,2,5,7,2149,21,120,-77,161,1268,93,431,San Francisco,2017-08-20
2018,8,20,134,337,17,7,9,10,31,33,8,19,72,91,81,216,15,2,4,7,21,26,5,11,52,63,46,100,0,5,4,3,7,2,0,7,9,16,2,6,0,0,0,0,0,1,2,0,3,3,5,15,2,0,1,0,3,4,1,1,8,9,2374,21,118,-76,162,1583,132,370,San Francisco,2018-08-20
2019,8,20,229,318,15,9,10,9,39,34,8,19,81,100,145,216,14,4,7,5,26,29,5,12,60,72,63,72,1,5,3,4,11,4,2,7,17,24,4,5,0,0,0,0,1,0,0,0,1,1,17,25,0,0,0,0,1,1,1,0,3,3,2431,29,129,-75,163,1589,128,412,San Francisco,2019-08-20
2020,8,20,140,169,20,3,9,7,42,43,8,16,93,109,72,126,15,1,7,5,30,37,6,12,73,85,60,29,4,1,2,2,9,2,2,4,13,17,3,5,0,0,0,0,0,1,0,0,1,1,5,9,1,1,0,0,3,3,0,0,6,6,1669,22,93,-73,165,1101,110,326,San Francisco,2020-08-20
2021,8,20,117,228,16,12,7,10,37,34,13,17,84,101,53,160,10,2,3,4,29,31,10,7,70,77,52,57,5,10,2,5,6,1,2,7,9,16,1,1,0,0,1,0,0,0,0,1,0,1,11,10,1,0,1,1,2,2,1,2,5,7,1646,15,110,-79,159,943,109,427,San Francisco,2021-08-20
2022,8,20,126,150,10,5,3,13,43,20,9,16,72,88,49,108,6,2,1,10,27,17,8,11,52,63,65,33,2,3,2,3,13,1,1,5,15,20,2,1,0,0,0,0,2,0,0,0,2,2,10,8,2,0,0,0,1,2,0,0,3,3,1349,11,87,-78,160,715,98,406,San Francisco,2022-08-20
2023,8,20,123,157,12,10,10,7,43,23,11,17,77,94,61,110,7,4,5,5,26,18,9,10,53,63,57,31,4,4,5,2,16,4,1,7,21,28,2,0,0,0,0,0,0,0,0,0,0,0,3,16,1,2,0,0,1,1,1,0,3,3,1531,8,91,-77,161,787,94,422,San Francisco,2023-08-20
2024,8,20,106,179,6,5,2,10,39,26,9,12,74,86,67,124,5,1,0,5,25,22,7,5,54,59,32,41,0,2,1,3,11,0,2,4,13,17,0,4,0,1,0,1,0,0,0,1,0,1,7,10,1,1,1,1,3,4,0,2,7,9,1719,17,108,-75,163,961,91,403,San Francisco,2024-08-20
2012,9,20,,,,,,,,,,,,,,,,,,,,,,,,,,,,,,,,,,,,,,,,,,,,,,,,,,,,,,,,,,,,,,,,,,,,,San Francisco,2012-09-20
2013,9,20,,,,,,,,,,,,,,,,,,,,,,,,,,,,,,,,,,,,,,,,,,,,,,,,,,,,,,,,,,,,,,,,,,,,,San Francisco,2013-09-20
2014,9,20,,,,,,,,,,,,,,,,,,,,,,,,,,,,,,,,,,,,,,,,,,,,,,,,,,,,,,,,,,,,,,,,,,,,,San Francisco,2014-09-20
2015,9,20,279,300,21,14,13,15,33,49,20,28,102,130,113,175,12,1,1,4,24,34,16,5,74,79,145,111,8,12,12,8,7,9,3,20,19,39,5,1,0,0,0,0,0,0,0,0,0,0,16,13,1,1,0,3,2,6,1,3,9,12,2211,28,162,-42,196,1388,133,483,San Francisco,2015-09-20
2016,9,20,268,303,16,11,9,12,32,37,9,21,78,99,154,189,11,3,5,10,19,26,8,15,53,68,93,92,2,7,1,2,9,10,1,3,20,23,5,5,0,0,0,0,1,1,0,0,2,2,16,17,3,1,3,0,3,0,0,3,3,6,2254,33,126,-47,191,1553,130,397,San Francisco,2016-09-20
2017,9,20,286,373,14,6,8,12,35,42,5,20,82,102,179,253,12,0,6,6,21,35,3,12,59,71,81,96,2,5,2,4,11,5,2,6,18,24,9,1,0,0,0,0,0,0,0,0,0,0,17,23,0,1,0,2,3,2,0,2,5,7,2466,29,148,-46,192,1644,142,441,San Francisco,2017-09-20
2018,9,20,180,403,22,3,5,10,34,43,4,15,81,96,88,283,17,1,2,6,17,30,3,8,50,58,64,102,2,2,1,3,15,11,1,4,27,31,16,2,0,0,0,0,1,0,0,0,1,1,12,16,3,0,2,1,1,2,0,3,3,6,2481,41,206,-45,193,1625,120,489,San Francisco,2018-09-20
2019,9,20,227,299,19,7,8,18,34,56,18,26,108,134,117,198,13,0,8,13,17,46,11,21,74,95,95,81,5,4,0,5,15,6,5,5,26,31,3,6,0,0,0,0,0,0,1,0,1,1,12,14,1,3,0,0,2,4,1,0,7,7,2359,25,141,-44,194,1370,130,546,San Francisco,2019-09-20
2020,9,20,158,205,9,7,5,8,33,31,10,13,74,87,58,110,4,0,3,4,22,26,5,7,53,60,85,80,5,6,1,4,10,4,2,5,16,21,5,1,0,0,0,0,0,0,0,0,0,0,10,14,0,1,1,0,1,1,3,1,5,6,1694,20,139,-42,196,1047,110,377,San Francisco,2020-09-20
2021,9,20,146,177,22,11,4,9,50,28,18,13,96,109,74,121,17,1,2,4,30,22,14,6,66,72,56,49,3,6,1,3,16,3,3,4,22,26,8,2,1,0,0,0,1,0,0,0,1,1,8,5,1,4,1,2,3,3,1,3,7,10,1729,21,110,-48,190,1054,111,380,San Francisco,2021-09-20
2022,9,20,126,182,14,4,5,19,40,35,22,24,97,121,74,108,9,2,3,9,24,23,10,12,57,69,40,53,4,2,2,7,15,8,5,9,28,37,6,5,0,0,0,0,0,0,4,0,4,4,6,16,1,0,0,3,1,4,3,3,8,11,1658,30,111,-47,191,960,93,402,San Francisco,2022-09-20
2023,9,20,104,279,17,4,5,9,43,41,9,14,93,107,68,189,11,3,3,4,21,32,7,7,60,67,28,66,5,1,2,5,19,8,2,7,29,36,0,5,0,0,0,0,0,0,0,0,0,0,8,19,1,0,0,0,3,1,0,0,4,4,1705,25,111,-46,192,1025,103,405,San Francisco,2023-09-20
2024,9,20,127,178,14,10,9,6,38,34,11,15,83,98,81,119,11,2,6,3,23,27,9,9,59,68,38,46,3,7,3,3,13,4,2,6,19,25,1,1,0,0,0,0,1,0,0,0,1,1,7,12,0,1,0,0,1,3,0,0,4,4,1685,16,103,-44,194,980,91,417,San Francisco,2024-09-20
2012,10,20,,,,,,,,,,,,,,,,,,,,,,,,,,,,,,,,,,,,,,,,,,,,,,,,,,,,,,,,,,,,,,,,,,,,,San Francisco,2012-10-20
2013,10,20,,,,,,,,,,,,,,,,,,,,,,,,,,,,,,,,,,,,,,,,,,,,,,,,,,,,,,,,,,,,,,,,,,,,,San Francisco,2013-10-20
2014,10,20,,,,,,,,,,,,,,,,,,,,,,,,,,,,,,,,,,,,,,,,,,,,,,,,,,,,,,,,,,,,,,,,,,,,,San Francisco,2014-10-20
2015,10,20,280,357,37,6,13,11,32,27,20,24,79,103,154,214,28,1,6,7,18,17,14,13,49,62,107,120,5,5,6,1,10,7,6,7,23,30,10,2,1,0,0,0,0,0,0,0,0,0,9,21,3,0,1,3,4,3,0,4,7,11,2304,34,160,-12,226,1588,145,398,San Francisco,2015-10-20
2016,10,20,261,265,25,5,14,11,35,33,13,25,81,106,145,149,16,2,3,8,21,23,9,11,53,64,87,91,7,3,11,2,12,10,3,13,25,38,9,4,0,0,0,0,1,0,0,0,1,1,20,21,2,0,0,1,1,0,1,1,2,3,2047,41,167,-17,221,1264,128,439,San Francisco,2016-10-20
2017,10,20,245,250,10,10,7,9,31,45,14,16,90,106,128,146,8,1,2,4,21,35,12,6,68,74,102,79,2,9,5,5,10,6,2,10,18,28,4,5,0,0,0,0,0,0,0,0,0,0,11,20,0,0,0,0,0,4,0,0,4,4,2001,23,142,-16,222,1306,112,401,San Francisco,2017-10-20
2018,10,20,197,255,20,12,11,21,33,49,7,32,89,121,68,146,11,2,1,11,20,32,4,12,56,68,108,86,8,7,8,8,12,12,1,16,25,41,3,3,0,0,0,0,0,0,1,0,1,1,18,20,1,3,2,2,1,5,1,4,7,11,2107,21,163,-15,223,1234,117,474,San Francisco,2018-10-20
2019,10,20,187,258,17,14,17,11,43,49,7,28,99,127,93,153,11,2,11,6,22,36,4,17,62,79,82,76,6,10,5,4,16,10,3,9,29,38,2,4,0,0,0,0,1,0,0,0,1,1,10,25,0,2,1,1,4,3,0,2,7,9,1902,26,146,-14,224,1157,111,461,San Francisco,2019-10-20
2020,10,20,102,235,20,8,2,12,35,29,14,14,78,92,48,159,13,2,0,6,14,21,9,6,44,50,48,54,6,5,2,6,20,2,1,8,23,31,2,4,0,0,0,0,0,0,1,0,1,1,4,18,1,1,0,0,1,6,3,0,10,10,1751,34,120,-12,226,1136,97,361,San Francisco,2020-10-20
2021,10,20,74,162,11,7,7,13,43,25,15,20,83,103,29,106,3,2,5,8,26,21,11,13,58,71,40,43,3,5,1,5,16,2,1,6,19,25,3,4,0,0,1,0,0,0,0,1,0,1,2,9,5,0,0,0,1,2,3,0,6,6,1571,29,115,-18,220,900,113,381,San Francisco,2021-10-20
2022,10,20,111,206,11,4,3,10,39,32,14,13,85,98,40,127,5,2,0,5,20,26,10,5,56,61,57,64,4,2,3,5,16,4,3,8,23,31,5,1,0,0,0,0,1,0,0,0,1,1,9,14,2,0,0,0,2,2,1,0,5,5,1673,35,150,-17,221,937,95,407,San Francisco,2022-10-20
2023,10,20,143,191,24,14,2,2,20,21,6,4,47,51,85,103,13,6,2,1,10,13,3,3,26,29,52,70,6,6,0,1,8,5,2,1,15,16,3,2,0,0,0,0,0,0,1,0,1,1,3,16,5,2,0,0,2,3,0,0,5,5,1655,18,142,-16,222,948,98,422,San Francisco,2023-10-20
2024,10,20,127,187,13,3,10,10,27,25,14,20,66,86,40,99,9,1,2,3,16,18,8,5,42,47,75,80,4,1,7,4,9,5,6,11,20,31,1,4,0,0,0,1,0,0,0,1,0,1,11,4,0,1,1,2,2,2,0,3,4,7,1574,24,99,-14,224,777,109,518,San Francisco,2024-10-20
2012,11,20,,,,,,,,,,,,,,,,,,,,,,,,,,,,,,,,,,,,,,,,,,,,,,,,,,,,,,,,,,,,,,,,,,,,,San Francisco,2012-11-20
2013,11,20,,,,,,,,,,,,,,,,,,,,,,,,,,,,,,,,,,,,,,,,,,,,,,,,,,,,,,,,,,,,,,,,,,,,,San Francisco,2013-11-20
2014,11,20,,,,,,,,,,,,,,,,,,,,,,,,,,,,,,,,,,,,,,,,,,,,,,,,,,,,,,,,,,,,,,,,,,,,,San Francisco,2014-11-20
2015,11,20,286,355,31,10,5,21,34,37,13,26,84,110,137,182,14,1,3,10,19,27,9,13,55,68,126,142,12,9,2,10,13,4,3,12,20,32,9,8,0,0,0,0,1,0,1,0,2,2,14,23,5,0,0,1,1,6,0,1,7,8,2304,32,215,19,257,1503,146,467,San Francisco,2015-11-20
2016,11,20,229,257,16,18,6,9,26,24,10,15,60,75,91,127,9,1,0,1,10,15,5,1,30,31,125,104,6,16,6,7,12,7,3,13,22,35,1,6,0,0,0,0,2,0,0,0,2,2,12,20,1,1,0,1,2,2,2,1,6,7,2099,22,208,14,252,1439,116,341,San Francisco,2016-11-20
2017,11,20,262,297,21,7,11,12,42,34,10,23,86,109,136,153,15,0,3,3,27,15,6,6,48,54,90,110,4,7,6,7,14,13,4,13,31,44,9,2,0,0,0,0,1,0,0,0,1,1,27,32,2,0,2,2,0,6,0,4,6,10,2202,31,242,15,253,1482,124,380,San Francisco,2017-11-20
2018,11,20,140,269,11,4,8,10,37,37,9,18,83,101,81,138,5,0,4,5,19,26,5,9,50,59,47,106,6,4,2,4,15,8,3,6,26,32,3,5,0,0,0,1,1,0,0,1,1,2,9,20,0,0,2,0,2,3,1,2,6,8,2006,26,204,16,254,1283,134,374,San Francisco,2018-11-20
2019,11,20,185,306,28,7,15,15,45,56,10,30,111,141,97,151,18,0,2,11,18,39,3,13,60,73,69,116,7,7,12,4,22,13,7,16,42,58,5,9,0,0,1,0,1,0,0,1,1,2,14,30,3,0,0,0,4,4,0,0,8,8,2261,42,224,17,255,1436,113,405,San Francisco,2019-11-20
2020,11,20,114,198,10,3,1,6,36,39,21,7,96,103,45,112,5,0,0,0,29,23,13,0,65,65,61,72,3,3,1,5,7,11,6,6,24,30,2,1,1,0,0,0,0,0,0,0,0,0,6,13,1,0,0,1,0,5,2,1,7,8,1655,18,141,19,257,1056,100,361,San Francisco,2020-11-20
2021,11,20,145,145,16,6,1,13,44,24,7,14,75,89,41,72,6,0,0,3,16,16,3,3,35,38,99,53,8,6,1,9,27,5,4,10,36,46,0,2,0,0,0,0,0,0,0,0,0,0,5,18,2,0,0,1,1,3,0,1,4,5,1582,7,145,13,251,877,80,423,San Francisco,2021-11-20
2022,11,20,132,179,18,13,8,7,28,28,13,15,69,84,53,82,10,2,3,2,14,16,7,5,37,42,71,83,7,11,3,4,13,10,5,7,28,35,1,2,0,0,1,1,0,0,0,2,0,2,7,12,1,0,1,0,1,2,1,1,4,5,1534,12,122,14,252,865,84,392,San Francisco,2022-11-20
2023,11,20,100,138,15,10,8,5,31,32,19,13,82,95,45,78,7,0,3,3,13,19,7,6,39,45,49,48,4,9,4,2,13,9,10,6,32,38,1,1,0,0,1,0,0,0,1,1,1,2,5,11,4,1,0,0,5,4,1,0,10,10,1470,23,150,15,253,829,99,355,San Francisco,2023-11-20
2024,11,20,109,174,21,1,2,9,40,29,14,11,83,94,67,79,9,0,1,2,21,16,10,3,47,50,33,78,8,1,1,7,19,9,3,8,31,39,4,6,0,0,0,0,0,0,0,0,0,0,5,11,4,0,0,0,0,4,1,0,5,5,1465,25,105,17,255,830,107,356,San Francisco,2024-11-20
2012,12,20,,,,,,,,,,,,,,,,,,,,,,,,,,,,,,,,,,,,,,,,,,,,,,,,,,,,,,,,,,,,,,,,,,,,,San Francisco,2012-12-20
2013,12,20,,,,,,,,,,,,,,,,,,,,,,,,,,,,,,,,,,,,,,,,,,,,,,,,,,,,,,,,,,,,,,,,,,,,,San Francisco,2013-12-20
2014,12,20,,,,,,,,,,,,,,,,,,,,,,,,,,,,,,,,,,,,,,,,,,,,,,,,,,,,,,,,,,,,,,,,,,,,,San Francisco,2014-12-20
2015,12,20,211,244,27,7,11,15,29,35,12,26,76,102,100,125,9,0,2,3,14,20,7,5,41,46,94,106,14,7,8,10,12,11,3,18,26,44,8,2,0,0,0,0,1,0,0,0,1,1,9,11,4,0,1,2,2,4,2,3,8,11,1923,33,208,49,287,1312,121,331,San Francisco,2015-12-20
2016,12,20,239,273,23,3,9,8,49,41,13,17,103,120,118,137,9,1,2,2,26,21,4,4,51,55,99,104,9,2,6,5,18,18,5,11,41,52,6,8,0,0,0,0,3,1,1,0,5,5,16,24,5,0,1,1,2,1,3,2,6,8,2289,53,227,44,282,1630,120,324,San Francisco,2016-12-20
2017,12,20,229,317,21,3,10,15,38,39,7,25,84,109,130,154,16,1,5,4,21,21,4,9,46,55,77,131,3,1,3,8,15,17,2,11,34,45,11,5,0,0,1,0,1,0,0,1,1,2,11,27,2,1,1,3,1,1,1,4,3,7,2254,44,211,45,283,1549,119,333,San Francisco,2017-12-20
2018,12,20,152,348,20,3,10,17,24,49,9,27,82,109,71,180,10,1,6,5,7,35,4,11,46,57,68,128,6,2,3,11,14,10,4,14,28,42,6,16,2,0,0,0,0,0,0,0,0,0,7,24,2,0,1,1,3,4,1,2,8,10,2130,51,201,46,284,1270,121,438,San Francisco,2018-12-20
2019,12,20,164,268,22,10,15,6,36,36,6,21,78,99,71,135,11,3,8,0,14,17,3,8,34,42,81,107,10,6,7,5,19,13,3,12,35,47,4,4,0,0,0,0,0,1,0,0,1,1,8,22,1,1,0,1,3,5,0,1,8,9,2058,28,199,47,285,1288,111,432,San Francisco,2019-12-20
2020,12,20,112,167,9,22,6,16,57,56,21,22,134,156,48,79,5,0,1,6,35,35,10,7,80,87,57,80,4,21,3,9,16,15,8,12,39,51,2,0,0,0,0,0,2,0,0,0,2,2,5,8,0,1,2,1,4,6,3,3,13,16,1471,14,122,49,287,915,89,284,San Francisco,2020-12-20
2021,12,20,84,170,11,15,6,10,43,25,17,16,85,101,37,81,6,3,5,6,27,20,5,11,52,63,42,65,4,10,1,4,11,2,8,5,21,26,3,6,0,1,0,0,0,0,2,0,2,2,2,18,1,1,0,0,5,3,2,0,10,10,1512,25,151,43,281,882,101,310,San Francisco,2021-12-20
2022,12,20,75,140,7,3,4,16,38,38,9,20,85,105,28,65,4,1,1,7,22,22,8,8,52,60,39,60,3,2,2,6,14,7,1,8,22,30,1,1,0,0,0,1,0,0,0,1,0,1,7,14,0,0,1,2,2,9,0,3,11,14,1398,25,121,44,282,819,103,280,San Francisco,2022-12-20
2023,12,20,83,200,13,6,3,12,27,29,16,15,72,87,32,93,8,1,0,4,13,20,8,4,41,45,44,82,4,4,3,7,14,8,7,10,29,39,2,6,0,0,0,0,0,0,0,0,0,0,5,19,1,1,0,1,0,1,1,1,2,3,1437,29,137,45,283,829,101,336,San Francisco,2023-12-20
2024,12,20,102,195,12,2,6,7,30,32,7,13,69,82,45,109,5,0,0,6,13,21,3,6,37,43,52,71,4,2,5,1,13,5,2,6,20,26,1,1,0,0,0,0,2,1,0,0,3,3,4,14,3,0,1,0,2,5,2,1,9,10,1619,26,168,47,285,937,108,423,San Francisco,2024-12-20
2012,1,21,,,,,,,,,,,,,,,,,,,,,,,,,,,,,,,,,,,,,,,,,,,,,,,,,,,,,,,,,,,,,,,,,,,,,San Francisco,2012-01-21
2013,1,21,,,,,,,,,,,,,,,,,,,,,,,,,,,,,,,,,,,,,,,,,,,,,,,,,,,,,,,,,,,,,,,,,,,,,San Francisco,2013-01-21
2014,1,21,,,,,,,,,,,,,,,,,,,,,,,,,,,,,,,,,,,,,,,,,,,,,,,,,,,,,,,,,,,,,,,,,,,,,San Francisco,2014-01-21
2015,1,21,220,343,20,7,6,7,32,40,19,13,91,104,94,156,9,1,1,2,14,31,13,3,58,61,107,163,6,6,3,4,13,8,4,7,25,32,9,3,0,0,0,0,1,0,0,0,1,1,10,21,5,0,2,1,4,1,2,3,7,10,2215,31,197,-284,-46,1686,117,286,San Francisco,2015-01-21
2016,1,21,241,351,11,3,9,17,39,41,13,26,93,119,131,188,6,0,3,9,22,23,7,12,52,64,86,133,5,2,5,7,15,13,5,12,33,45,10,2,0,0,0,0,1,0,0,0,1,1,14,28,0,1,1,1,1,5,1,2,7,9,2264,30,229,-290,-52,1580,131,374,San Francisco,2016-01-21
2017,1,21,204,247,18,14,8,13,27,30,8,21,65,86,103,123,8,4,3,3,17,17,3,6,37,43,93,105,8,10,5,7,9,12,5,12,26,38,2,6,1,0,0,0,0,0,0,0,0,0,6,13,1,0,0,3,1,1,0,3,2,5,1840,26,136,-288,-50,1196,115,361,San Francisco,2017-01-21
2018,1,21,218,234,14,5,9,12,23,29,8,21,60,81,94,133,8,0,4,3,14,20,5,7,39,46,110,74,4,4,5,7,8,5,3,12,16,28,6,1,1,0,0,0,0,0,0,0,0,0,8,26,1,1,0,2,1,4,0,2,5,7,1834,20,175,-287,-49,1148,107,361,San Francisco,2018-01-21
2019,1,21,173,319,15,8,6,9,40,46,9,15,95,110,106,164,8,2,2,7,21,30,3,9,54,63,59,122,7,5,3,2,11,13,5,5,29,34,1,6,0,0,0,0,2,0,0,0,2,2,7,27,0,1,1,0,6,3,1,1,10,11,2286,37,218,-286,-48,1432,127,419,San Francisco,2019-01-21
2020,1,21,122,256,26,3,9,4,36,33,11,13,80,93,64,126,9,0,5,2,19,21,7,7,47,54,50,105,13,3,3,2,13,11,3,5,27,32,5,10,0,0,0,0,1,0,1,0,2,2,3,15,4,0,1,0,3,1,0,1,4,5,2018,50,149,-285,-47,1323,115,362,San Francisco,2020-01-21
2021,1,21,110,231,13,13,3,10,57,43,13,13,113,126,48,126,10,2,3,2,33,27,8,5,68,73,53,83,3,10,0,7,17,11,4,7,32,39,2,8,0,0,0,0,1,0,1,0,2,2,7,14,0,1,0,1,6,5,0,1,11,12,1518,27,125,-290,-52,949,90,339,San Francisco,2021-01-21
2022,1,21,99,203,11,5,6,5,38,27,12,11,77,88,30,114,5,1,5,2,23,20,9,7,52,59,68,66,4,3,1,1,12,5,1,2,18,20,0,4,0,0,0,0,1,0,1,0,2,2,1,19,2,1,0,2,2,2,1,2,5,7,1605,30,127,-289,-51,928,95,409,San Francisco,2022-01-21
2023,1,21,120,152,16,16,8,10,28,20,13,18,61,79,43,87,9,2,3,2,10,12,10,5,32,37,66,58,4,14,2,7,18,5,3,9,26,35,1,1,0,0,0,1,0,0,0,1,0,1,10,6,3,0,3,0,0,3,0,3,3,6,1422,16,130,-288,-50,748,81,437,San Francisco,2023-01-21
2024,1,21,90,168,17,8,7,15,42,26,12,22,80,102,44,99,4,3,5,4,18,12,7,9,37,46,44,61,8,5,2,10,20,7,5,12,32,44,0,0,0,0,0,0,1,0,0,0,1,1,2,8,5,0,0,1,3,7,0,1,10,11,1424,12,120,-287,-49,783,70,355,San Francisco,2024-01-21
2012,2,21,,,,,,,,,,,,,,,,,,,,,,,,,,,,,,,,,,,,,,,,,,,,,,,,,,,,,,,,,,,,,,,,,,,,,San Francisco,2012-02-21
2013,2,21,,,,,,,,,,,,,,,,,,,,,,,,,,,,,,,,,,,,,,,,,,,,,,,,,,,,,,,,,,,,,,,,,,,,,San Francisco,2013-02-21
2014,2,21,,,,,,,,,,,,,,,,,,,,,,,,,,,,,,,,,,,,,,,,,,,,,,,,,,,,,,,,,,,,,,,,,,,,,San Francisco,2014-02-21
2015,2,21,237,305,21,21,9,13,30,39,12,22,81,103,106,170,7,1,4,1,14,31,7,5,52,57,119,112,11,18,4,12,12,7,4,16,23,39,4,1,0,1,0,0,0,0,0,0,0,0,8,22,3,1,1,0,4,1,1,1,6,7,2167,23,149,-253,-15,1490,147,383,San Francisco,2015-02-21
2016,2,21,220,344,21,15,6,14,19,28,11,20,58,78,98,188,11,3,3,6,12,13,9,9,34,43,110,128,8,12,3,6,6,11,2,9,19,28,1,1,1,0,0,0,0,0,0,0,0,0,11,27,1,0,0,2,1,4,0,2,5,7,2009,14,162,-259,-21,1392,111,366,San Francisco,2016-02-21
2017,2,21,191,247,24,3,3,10,36,24,14,13,74,87,103,133,17,0,1,8,21,11,10,9,42,51,72,102,4,3,2,1,12,10,4,3,26,29,5,1,0,0,0,0,0,1,0,0,1,1,11,11,3,0,0,1,3,2,0,1,5,6,1984,20,154,-257,-19,1372,115,344,San Francisco,2017-02-21
2018,2,21,222,312,18,6,2,16,40,27,7,18,74,92,139,190,11,1,2,11,24,20,3,13,47,60,68,99,6,5,0,4,14,5,4,4,23,27,3,2,1,0,0,0,0,0,0,0,0,0,12,21,0,0,0,1,2,2,0,1,4,5,2236,21,186,-256,-18,1593,104,354,San Francisco,2018-02-21
2019,2,21,202,331,11,2,8,9,39,35,12,17,86,103,108,171,6,0,2,5,22,25,9,7,56,63,79,133,5,2,6,4,12,6,3,10,21,31,5,4,0,0,0,0,2,0,0,0,2,2,10,23,0,0,0,0,3,4,0,0,7,7,2243,24,190,-255,-17,1441,126,429,San Francisco,2019-02-21
2020,2,21,199,309,21,3,8,10,38,65,13,18,116,134,94,196,14,0,3,1,23,48,5,4,76,80,91,86,5,3,5,6,13,10,6,11,29,40,5,9,0,0,0,0,0,0,0,0,0,0,9,18,2,0,0,3,2,7,2,3,11,14,2245,25,197,-254,-16,1417,134,481,San Francisco,2020-02-21
2021,2,21,102,174,8,10,3,12,35,33,10,15,78,93,37,95,5,0,0,5,17,24,8,5,49,54,62,69,3,9,3,6,15,6,2,9,23,32,1,1,0,0,0,1,1,0,0,1,1,2,2,9,0,1,0,0,2,3,0,0,5,5,1645,19,116,-259,-21,1016,89,340,San Francisco,2021-02-21
2022,2,21,96,173,7,6,6,15,29,38,15,21,82,103,46,92,4,2,2,10,20,26,9,12,55,67,45,61,2,4,3,4,8,7,6,7,21,28,1,2,0,0,1,0,0,0,0,1,0,1,4,18,1,0,0,1,1,5,0,1,6,7,1475,14,119,-258,-20,881,103,328,San Francisco,2022-02-21
2023,2,21,78,119,12,6,8,11,47,35,13,19,95,114,29,69,8,0,5,2,24,23,4,7,51,58,47,40,3,5,2,9,19,7,9,11,35,46,1,0,0,0,0,0,1,0,0,0,1,1,1,10,1,1,1,0,3,5,0,1,8,9,1506,13,148,-257,-19,886,119,318,San Francisco,2023-02-21
2024,2,21,76,171,23,3,10,7,31,32,13,17,76,93,33,118,16,0,6,5,15,18,8,11,41,52,41,39,4,3,3,2,12,10,4,5,26,31,0,3,0,0,0,0,1,0,0,0,1,1,2,11,3,0,1,0,3,4,1,1,8,9,1428,18,96,-256,-18,816,103,380,San Francisco,2024-02-21
2012,3,21,,,,,,,,,,,,,,,,,,,,,,,,,,,,,,,,,,,,,,,,,,,,,,,,,,,,,,,,,,,,,,,,,,,,,San Francisco,2012-03-21
2013,3,21,,,,,,,,,,,,,,,,,,,,,,,,,,,,,,,,,,,,,,,,,,,,,,,,,,,,,,,,,,,,,,,,,,,,,San Francisco,2013-03-21
2014,3,21,,,,,,,,,,,,,,,,,,,,,,,,,,,,,,,,,,,,,,,,,,,,,,,,,,,,,,,,,,,,,,,,,,,,,San Francisco,2014-03-21
2015,3,21,263,308,23,14,5,23,28,32,6,28,66,94,128,186,12,1,1,13,15,25,5,14,45,59,121,97,11,11,4,7,11,4,1,11,16,27,1,2,0,0,0,0,0,1,0,0,1,1,13,23,0,2,0,3,2,2,0,3,4,7,2024,14,136,-225,13,1408,120,393,San Francisco,2015-03-21
2016,3,21,224,312,25,5,3,19,42,30,11,22,83,105,121,203,23,3,1,9,31,23,6,10,60,70,79,92,1,2,1,6,4,5,2,7,11,18,10,1,0,0,1,1,0,0,2,2,2,4,14,16,1,0,0,3,7,2,1,3,10,13,2179,33,137,-230,8,1518,131,356,San Francisco,2016-03-21
2017,3,21,240,301,29,6,5,5,35,30,2,10,67,77,146,186,22,4,2,4,25,16,2,6,43,49,71,94,6,2,2,1,6,9,0,3,15,18,4,4,1,0,0,0,0,0,0,0,0,0,19,17,0,0,1,0,4,5,0,1,9,10,2169,30,126,-229,9,1423,113,403,San Francisco,2017-03-21
2018,3,21,224,265,15,3,13,7,41,38,7,20,86,106,157,189,12,1,8,6,26,30,6,14,62,76,53,55,2,2,4,1,12,6,1,5,19,24,6,6,0,0,1,0,1,0,0,1,1,2,8,15,1,0,0,0,2,2,0,0,4,4,1995,32,95,-228,10,1267,119,379,San Francisco,2018-03-21
2019,3,21,237,300,19,2,6,11,41,37,8,17,86,103,149,190,17,0,4,8,20,26,4,12,50,62,67,93,2,0,1,3,14,4,3,4,21,25,13,5,0,0,0,0,4,2,1,0,7,7,8,12,0,2,1,0,3,5,0,1,8,9,2264,43,147,-227,11,1404,119,455,San Francisco,2019-03-21
2020,3,21,182,271,4,11,7,16,33,49,8,23,90,113,83,164,0,4,5,9,20,42,4,14,66,80,81,88,3,7,1,2,11,4,2,3,17,20,4,3,0,0,0,0,0,0,2,0,2,2,14,16,1,0,1,5,2,3,0,6,5,11,1862,22,95,-225,13,1187,111,331,San Francisco,2020-03-21
2021,3,21,131,176,11,12,3,13,27,36,5,16,68,84,57,94,8,3,2,8,14,31,5,10,50,60,70,71,3,9,1,4,11,4,0,5,15,20,1,0,0,0,0,0,0,0,0,0,0,0,3,11,0,0,0,1,2,1,0,1,3,4,1603,16,107,-231,7,1003,86,331,San Francisco,2021-03-21
2022,3,21,115,193,10,3,11,5,52,30,11,16,93,109,62,129,7,0,6,4,37,25,7,10,69,79,43,52,3,3,5,1,13,2,3,6,18,24,7,1,0,0,0,0,0,0,1,0,1,1,3,11,0,0,0,0,2,3,0,0,5,5,1542,25,77,-230,8,951,66,340,San Francisco,2022-03-21
2023,3,21,64,137,29,3,8,13,31,29,12,21,72,93,21,90,20,0,8,8,22,26,8,16,56,72,37,33,8,1,0,5,7,2,4,5,13,18,2,2,0,0,0,0,0,0,0,0,0,0,4,12,1,2,0,0,2,1,0,0,3,3,1473,18,87,-229,9,902,75,293,San Francisco,2023-03-21
2024,3,21,101,204,16,0,8,8,36,24,8,16,68,84,66,131,12,0,5,3,21,23,4,8,48,56,26,50,3,0,3,4,13,1,4,7,18,25,0,3,0,0,0,0,0,0,0,0,0,0,9,20,1,0,0,1,2,0,0,1,2,3,1863,24,161,-227,11,1138,94,421,San Francisco,2024-03-21
2012,4,21,,,,,,,,,,,,,,,,,,,,,,,,,,,,,,,,,,,,,,,,,,,,,,,,,,,,,,,,,,,,,,,,,,,,,San Francisco,2012-04-21
2013,4,21,,,,,,,,,,,,,,,,,,,,,,,,,,,,,,,,,,,,,,,,,,,,,,,,,,,,,,,,,,,,,,,,,,,,,San Francisco,2013-04-21
2014,4,21,,,,,,,,,,,,,,,,,,,,,,,,,,,,,,,,,,,,,,,,,,,,,,,,,,,,,,,,,,,,,,,,,,,,,San Francisco,2014-04-21
2015,4,21,255,278,32,1,8,9,40,43,13,17,96,113,165,193,23,1,6,8,32,31,10,14,73,87,61,67,4,0,2,1,5,11,3,3,19,22,13,2,0,0,0,0,0,0,0,0,0,0,16,16,5,0,0,0,3,1,0,0,4,4,2187,24,113,-194,44,1559,120,351,San Francisco,2015-04-21
2016,4,21,267,331,13,3,9,14,41,27,13,23,81,104,169,224,11,1,2,8,26,18,9,10,53,63,71,84,2,1,7,5,11,3,4,12,18,30,4,3,0,0,0,0,2,0,0,0,2,2,23,20,0,1,0,1,2,6,0,1,8,9,2285,19,143,-199,39,1580,115,391,San Francisco,2016-04-21
2017,4,21,248,266,17,2,7,11,43,41,13,18,97,115,132,172,13,1,4,3,26,26,6,7,58,65,87,76,4,0,3,6,13,11,4,9,28,37,6,4,0,0,0,0,0,1,1,0,2,2,23,14,0,1,0,2,4,3,2,2,9,11,2473,17,165,-198,40,1646,140,432,San Francisco,2017-04-21
2018,4,21,248,241,21,7,7,18,29,32,2,25,63,88,156,156,14,1,2,8,18,27,2,10,47,57,77,65,6,5,3,7,10,3,0,10,13,23,3,1,0,0,0,0,0,1,0,0,1,1,12,19,1,1,2,3,1,1,0,5,2,7,2030,18,120,-197,41,1177,132,490,San Francisco,2018-04-21
2019,4,21,179,303,11,4,12,11,33,24,4,23,61,84,110,203,8,0,6,6,21,15,3,12,39,51,61,84,1,4,5,4,9,7,1,9,17,26,2,1,0,0,0,0,1,0,0,0,1,1,6,15,2,0,1,1,2,2,0,2,4,6,2171,9,119,-196,42,1324,120,382,San Francisco,2019-04-21
2020,4,21,164,255,11,10,2,7,43,27,13,9,83,92,117,166,9,6,1,6,28,22,11,7,61,68,37,64,2,4,0,1,13,2,2,1,17,18,4,2,0,0,0,0,0,0,0,0,0,0,6,23,0,0,1,0,2,3,0,1,5,6,1894,10,102,-194,44,1224,121,336,San Francisco,2020-04-21
2021,4,21,87,190,12,7,3,7,46,41,9,10,96,106,50,135,9,2,2,1,29,37,8,3,74,77,30,46,0,5,1,3,15,1,0,4,16,20,0,1,0,0,0,1,0,1,0,1,1,2,7,8,3,0,0,2,2,2,1,2,5,7,1604,9,84,-200,38,982,102,325,San Francisco,2021-04-21
2022,4,21,98,193,10,4,5,9,47,30,12,14,89,103,58,131,9,3,2,7,28,25,11,9,64,73,32,47,0,1,3,2,16,3,1,5,20,25,0,2,0,0,0,0,0,1,0,0,1,1,8,13,1,0,0,0,3,1,0,0,4,4,1425,11,95,-199,39,845,78,371,San Francisco,2022-04-21
2023,4,21,112,204,13,3,8,5,40,26,5,13,71,84,63,138,11,1,4,1,25,21,4,5,50,55,39,48,2,2,2,4,13,4,1,6,18,24,5,2,0,0,0,0,0,0,0,0,0,0,5,16,0,0,2,0,2,1,0,2,3,5,1636,18,104,-198,40,942,85,380,San Francisco,2023-04-21
2024,4,21,106,169,15,3,6,8,23,22,10,14,55,69,56,119,8,0,3,3,12,16,7,6,35,41,43,35,7,3,1,2,4,5,1,3,10,13,2,2,0,0,0,0,0,0,0,0,0,0,5,13,0,0,2,3,7,1,2,5,10,15,1501,16,107,-196,42,828,94,422,San Francisco,2024-04-21
2012,5,21,,,,,,,,,,,,,,,,,,,,,,,,,,,,,,,,,,,,,,,,,,,,,,,,,,,,,,,,,,,,,,,,,,,,,San Francisco,2012-05-21
2013,5,21,,,,,,,,,,,,,,,,,,,,,,,,,,,,,,,,,,,,,,,,,,,,,,,,,,,,,,,,,,,,,,,,,,,,,San Francisco,2013-05-21
2014,5,21,,,,,,,,,,,,,,,,,,,,,,,,,,,,,,,,,,,,,,,,,,,,,,,,,,,,,,,,,,,,,,,,,,,,,San Francisco,2014-05-21
2015,5,21,218,321,28,7,12,12,36,50,23,24,109,133,144,235,21,3,6,7,26,40,17,13,83,96,50,60,4,3,4,4,7,7,4,8,18,26,10,1,0,0,0,0,0,0,0,0,0,0,14,25,3,1,2,1,3,3,2,3,8,11,2246,18,156,-164,74,1595,126,384,San Francisco,2015-05-21
2016,5,21,255,285,18,7,17,10,27,37,10,27,74,101,131,186,8,0,5,8,22,30,5,13,57,70,99,66,7,5,8,2,5,6,5,10,16,26,1,7,0,0,0,0,0,0,0,0,0,0,24,26,3,2,4,0,0,1,0,4,1,5,2008,14,171,-169,69,1304,119,411,San Francisco,2016-05-21
2017,5,21,228,222,21,17,14,9,36,33,10,23,79,102,161,150,14,2,6,4,24,24,5,10,53,63,55,56,5,13,5,3,11,6,2,8,19,27,0,2,0,0,0,0,0,0,1,0,1,1,12,14,2,2,3,2,1,3,2,5,6,11,1966,7,159,-168,70,1243,106,395,San Francisco,2017-05-21
2018,5,21,115,294,28,4,8,7,31,38,8,15,77,92,76,200,26,2,7,2,29,30,6,9,65,74,27,75,2,2,1,3,2,5,2,4,9,13,3,2,0,0,0,0,0,0,0,0,0,0,9,17,0,0,0,2,0,3,0,2,3,5,2153,9,118,-167,71,1443,120,392,San Francisco,2018-05-21
2019,5,21,123,307,13,6,4,9,37,34,7,13,78,91,86,214,11,1,2,7,23,29,5,9,57,66,22,55,0,3,2,2,9,4,1,4,14,18,2,1,0,0,0,0,3,0,0,0,3,3,13,37,2,2,0,0,2,1,1,0,4,4,2042,18,147,-166,72,1316,117,392,San Francisco,2019-05-21
2020,5,21,163,281,12,12,6,9,40,40,15,15,95,110,109,214,11,2,3,7,27,34,15,10,76,86,45,48,1,7,2,1,10,1,0,3,11,14,3,0,0,0,0,0,0,0,0,0,0,0,6,19,0,3,1,1,3,5,0,2,8,10,1937,11,143,-164,74,1115,95,361,San Francisco,2020-05-21
2021,5,21,168,168,19,12,8,12,48,38,8,20,94,114,63,105,15,3,6,8,34,32,7,14,73,87,83,45,3,6,1,3,10,4,1,4,15,19,4,2,1,0,0,0,2,0,0,0,2,2,18,16,0,3,1,1,2,2,0,2,4,6,1674,23,137,-170,68,982,103,411,San Francisco,2021-05-21
2022,5,21,104,158,15,4,6,7,35,20,11,13,66,79,37,101,12,0,5,5,22,16,9,10,47,57,51,48,2,3,0,1,12,1,2,1,15,16,4,1,1,0,0,0,0,0,0,0,0,0,12,8,0,1,1,1,1,3,0,2,4,6,1369,18,120,-169,69,782,100,366,San Francisco,2022-05-21
2023,5,21,127,178,12,9,2,10,40,27,15,12,82,94,69,121,6,2,0,5,28,18,11,5,57,62,47,41,4,6,1,4,9,3,1,5,13,18,0,1,0,0,0,1,1,0,0,1,1,2,11,15,2,1,1,0,2,6,3,1,11,12,1470,6,115,-168,70,837,92,394,San Francisco,2023-05-21
2024,5,21,79,195,13,8,12,6,27,26,13,18,66,84,43,137,11,0,8,2,18,17,9,10,44,54,30,38,2,8,4,3,7,4,4,7,15,22,1,5,0,0,0,0,1,0,0,0,1,1,5,15,0,0,0,1,1,5,0,1,6,7,1640,17,149,-166,72,967,83,364,San Francisco,2024-05-21
2012,6,21,,,,,,,,,,,,,,,,,,,,,,,,,,,,,,,,,,,,,,,,,,,,,,,,,,,,,,,,,,,,,,,,,,,,,San Francisco,2012-06-21
2013,6,21,,,,,,,,,,,,,,,,,,,,,,,,,,,,,,,,,,,,,,,,,,,,,,,,,,,,,,,,,,,,,,,,,,,,,San Francisco,2013-06-21
2014,6,21,,,,,,,,,,,,,,,,,,,,,,,,,,,,,,,,,,,,,,,,,,,,,,,,,,,,,,,,,,,,,,,,,,,,,San Francisco,2014-06-21
2015,6,21,236,277,23,14,17,6,30,19,10,23,59,82,143,191,13,2,7,4,24,16,6,11,46,57,75,61,7,11,7,2,5,3,3,9,11,20,2,4,0,0,0,0,1,0,0,0,1,1,16,21,3,1,3,0,0,0,1,3,1,4,1886,13,140,-133,105,1317,91,325,San Francisco,2015-06-21
2016,6,21,240,305,25,7,9,9,36,36,9,18,81,99,182,229,20,4,4,6,27,26,8,10,61,71,38,52,5,1,4,3,8,7,1,7,16,23,5,3,0,0,0,0,0,0,0,0,0,0,15,21,0,2,1,0,1,3,0,1,4,5,2046,13,140,-138,100,1348,139,364,San Francisco,2016-06-21
2017,6,21,217,262,27,16,9,12,38,29,6,21,73,94,150,186,22,2,6,9,29,25,4,15,58,73,40,55,3,9,2,1,8,2,2,3,12,15,2,3,0,0,0,0,0,0,0,0,0,0,25,18,2,5,1,2,1,2,0,3,3,6,2187,11,174,-137,101,1469,136,393,San Francisco,2017-06-21
2018,6,21,123,281,19,10,14,8,36,36,12,22,84,106,88,191,16,3,6,5,30,29,9,11,68,79,20,64,2,3,3,2,5,5,3,5,13,18,4,2,0,0,1,0,0,0,0,1,0,1,11,24,1,4,4,1,1,2,0,5,3,8,2057,19,162,-136,102,1348,116,383,San Francisco,2018-06-21
2019,6,21,158,243,21,17,7,6,30,40,7,13,77,90,88,181,17,7,5,5,22,34,6,10,62,72,56,36,1,7,1,0,6,2,1,1,9,10,4,4,0,0,0,0,0,0,0,0,0,0,10,22,3,3,1,1,2,4,0,2,6,8,2123,19,169,-135,103,1349,128,411,San Francisco,2019-06-21
2020,6,21,196,153,12,13,2,10,39,29,14,12,82,94,81,91,10,2,2,6,29,22,12,8,63,71,61,47,0,4,0,3,7,5,1,3,13,16,1,0,1,0,0,0,0,0,0,0,0,0,53,15,1,7,0,1,3,2,1,1,6,7,1356,5,155,-133,105,853,83,281,San Francisco,2020-06-21
2021,6,21,116,188,16,20,4,11,43,21,10,15,74,89,69,130,13,5,3,8,31,18,6,11,55,66,34,35,2,10,1,2,10,2,2,3,14,17,2,3,0,0,0,0,0,0,0,0,0,0,11,20,1,5,0,1,2,1,2,1,5,6,1546,15,119,-139,99,872,101,420,San Francisco,2021-06-21
2022,6,21,112,166,16,9,6,11,44,19,15,17,78,95,76,116,13,2,3,7,36,13,12,10,61,71,22,30,0,5,3,3,5,3,3,6,11,17,0,1,0,0,0,0,2,1,0,0,3,3,14,19,3,2,0,1,1,2,0,1,3,4,1383,12,114,-138,100,793,92,361,San Francisco,2022-06-21
2023,6,21,90,200,8,6,6,10,48,36,17,16,101,117,51,143,4,2,5,7,37,32,14,12,83,95,27,33,3,3,1,2,9,3,1,3,13,16,0,1,0,0,0,0,1,0,0,0,1,1,12,23,1,1,0,1,1,1,2,1,4,5,1459,9,129,-137,101,811,102,440,San Francisco,2023-06-21
2024,6,21,116,177,8,13,11,17,28,26,7,28,61,89,84,121,4,7,4,10,22,23,3,14,48,62,21,36,0,3,3,5,5,1,2,8,8,16,0,3,0,0,0,0,0,0,1,0,1,1,11,17,4,3,4,2,1,2,1,6,4,10,1469,17,126,-135,103,820,113,378,San Francisco,2024-06-21
2012,7,21,,,,,,,,,,,,,,,,,,,,,,,,,,,,,,,,,,,,,,,,,,,,,,,,,,,,,,,,,,,,,,,,,,,,,San Francisco,2012-07-21
2013,7,21,,,,,,,,,,,,,,,,,,,,,,,,,,,,,,,,,,,,,,,,,,,,,,,,,,,,,,,,,,,,,,,,,,,,,San Francisco,2013-07-21
2014,7,21,,,,,,,,,,,,,,,,,,,,,,,,,,,,,,,,,,,,,,,,,,,,,,,,,,,,,,,,,,,,,,,,,,,,,San Francisco,2014-07-21
2015,7,21,266,333,18,9,7,13,36,35,21,20,92,112,178,253,11,2,5,8,30,30,19,13,79,92,72,51,4,3,1,4,3,0,0,5,3,8,3,3,0,1,0,0,0,0,0,0,0,0,13,26,3,3,1,1,3,5,2,2,10,12,2224,17,180,-103,135,1557,149,375,San Francisco,2015-07-21
2016,7,21,227,291,29,6,10,10,35,35,10,20,80,100,158,206,25,2,5,7,26,23,8,12,57,69,49,64,3,4,4,2,6,6,1,6,13,19,4,3,1,0,0,0,0,1,0,0,1,1,16,18,0,0,1,1,3,5,1,2,9,11,2040,20,135,-108,130,1352,121,372,San Francisco,2016-07-21
2017,7,21,233,305,28,9,6,13,34,42,8,19,84,103,165,218,23,1,4,6,19,30,5,10,54,64,41,60,5,8,2,4,10,8,2,6,20,26,5,2,0,0,0,0,2,0,0,0,2,2,22,25,0,0,0,3,3,4,1,3,8,11,2153,20,164,-107,131,1307,116,462,San Francisco,2017-07-21
2018,7,21,155,293,15,7,17,13,42,43,8,30,93,123,71,224,9,2,8,8,26,34,6,16,66,82,66,49,3,3,8,5,11,5,1,13,17,30,2,3,0,0,0,0,0,0,0,0,0,0,16,17,3,2,1,0,5,4,1,1,10,11,1896,8,129,-106,132,1129,132,426,San Francisco,2018-07-21
2019,7,21,202,278,17,9,9,12,38,36,8,21,82,103,126,181,9,3,9,7,31,24,3,16,58,74,61,67,7,6,0,3,4,8,4,3,16,19,2,3,0,0,0,0,0,1,0,0,1,1,13,27,1,0,0,2,3,3,1,2,7,9,2062,14,155,-105,133,1260,112,447,San Francisco,2019-07-21
2020,7,21,112,194,9,5,4,10,52,42,10,14,104,118,64,142,6,0,4,9,38,39,8,13,85,98,36,37,1,2,0,1,13,0,0,1,13,14,0,1,0,0,0,0,0,0,0,0,0,0,12,14,2,3,0,0,1,3,2,0,6,6,1642,8,117,-103,135,1096,91,314,San Francisco,2020-07-21
2021,7,21,95,188,9,6,5,4,44,40,13,9,97,106,57,121,6,0,4,4,29,37,9,8,75,83,30,37,0,5,1,0,8,2,2,1,12,13,0,3,1,0,0,0,0,0,0,0,0,0,8,27,2,1,0,0,7,1,2,0,10,10,1730,12,131,-109,129,1104,88,362,San Francisco,2021-07-21
2022,7,21,110,179,10,7,13,18,40,35,10,31,85,116,65,135,3,2,12,12,26,33,9,24,68,92,34,36,6,3,1,3,10,2,1,4,13,17,3,4,0,0,0,0,2,0,0,0,2,2,8,4,1,2,0,3,2,0,0,3,2,5,1507,14,108,-108,130,908,100,332,San Francisco,2022-07-21
2023,7,21,137,163,13,11,7,13,30,31,16,20,77,97,74,124,12,2,4,9,19,26,12,13,57,70,45,29,1,6,2,2,10,3,3,4,16,20,3,1,0,0,0,0,0,0,0,0,0,0,15,9,0,3,1,2,1,2,1,3,4,7,1562,12,119,-107,131,881,95,415,San Francisco,2023-07-21
2024,7,21,91,168,10,8,6,14,32,22,8,20,62,82,35,119,8,5,1,9,19,16,4,10,39,49,46,33,2,3,5,4,11,3,4,9,18,27,0,5,0,0,0,0,0,1,0,0,1,1,10,11,0,0,0,1,2,2,0,1,4,5,1350,13,118,-105,133,750,81,340,San Francisco,2024-07-21
2012,8,21,,,,,,,,,,,,,,,,,,,,,,,,,,,,,,,,,,,,,,,,,,,,,,,,,,,,,,,,,,,,,,,,,,,,,San Francisco,2012-08-21
2013,8,21,,,,,,,,,,,,,,,,,,,,,,,,,,,,,,,,,,,,,,,,,,,,,,,,,,,,,,,,,,,,,,,,,,,,,San Francisco,2013-08-21
2014,8,21,,,,,,,,,,,,,,,,,,,,,,,,,,,,,,,,,,,,,,,,,,,,,,,,,,,,,,,,,,,,,,,,,,,,,San Francisco,2014-08-21
2015,8,21,320,385,19,8,9,6,35,37,18,15,90,105,195,255,12,2,5,2,26,29,14,7,69,76,105,95,4,5,3,4,8,5,3,7,16,23,8,6,0,0,0,0,0,0,0,0,0,0,12,29,3,1,1,0,1,3,1,1,5,6,2498,28,153,-72,166,1722,126,432,San Francisco,2015-08-21
2016,8,21,210,285,19,15,17,10,26,46,12,27,84,111,120,201,9,0,8,2,19,37,6,10,62,72,82,62,9,14,8,6,5,5,4,14,14,28,3,4,0,1,0,0,0,1,0,0,1,1,5,18,1,0,1,2,2,3,2,3,7,10,2056,21,115,-77,161,1427,111,384,San Francisco,2016-08-21
2017,8,21,282,290,17,6,8,17,37,37,6,25,80,105,187,191,12,4,6,10,27,30,5,16,62,78,70,73,3,2,1,6,7,4,0,7,11,18,8,1,0,0,0,0,0,0,0,0,0,0,17,25,2,0,1,1,3,3,1,2,7,9,2434,22,132,-76,162,1511,148,421,San Francisco,2017-08-21
2018,8,21,154,356,16,7,10,12,38,37,7,22,82,104,97,262,11,2,5,5,24,29,5,10,58,68,44,72,3,3,2,7,13,3,2,9,18,27,2,1,1,0,0,0,0,0,0,0,0,0,11,21,1,2,3,0,1,5,0,3,6,9,2308,17,139,-75,163,1452,130,475,San Francisco,2018-08-21
2019,8,21,215,335,25,5,6,12,39,54,14,18,107,125,158,213,21,2,3,9,28,39,11,12,78,90,43,87,3,3,2,2,9,5,3,4,17,21,4,4,0,0,0,0,0,0,0,0,0,0,10,31,1,0,1,1,2,10,0,2,12,14,2573,19,158,-74,164,1652,130,497,San Francisco,2019-08-21
2020,8,21,170,241,14,7,1,10,45,36,9,11,90,101,80,160,10,2,0,8,31,26,5,8,62,70,77,61,4,1,0,1,10,6,2,1,18,19,2,2,0,0,0,0,2,0,0,0,2,2,11,18,0,4,1,1,2,4,2,2,8,10,1836,10,151,-72,166,1185,107,420,San Francisco,2020-08-21
2021,8,21,129,183,8,13,12,8,38,31,13,20,82,102,43,131,6,3,10,3,24,27,10,13,61,74,71,42,1,8,2,5,12,2,3,7,17,24,1,2,0,0,0,0,0,0,0,0,0,0,14,8,1,2,0,0,2,2,0,0,4,4,1676,8,124,-78,160,977,109,417,San Francisco,2021-08-21
2022,8,21,111,151,8,4,6,15,36,13,11,21,60,81,39,101,5,2,2,13,19,9,9,15,37,52,64,34,3,2,4,2,11,4,2,6,17,23,2,1,0,0,0,0,0,0,0,0,0,0,6,15,0,0,0,0,6,0,0,0,6,6,1328,8,95,-77,161,694,89,367,San Francisco,2022-08-21
2023,8,21,107,175,10,3,12,8,54,32,13,20,99,119,61,126,6,2,6,7,37,29,8,13,74,87,39,35,2,0,4,0,12,1,5,4,18,22,0,1,0,0,0,0,1,0,0,0,1,1,7,13,2,1,2,1,4,2,0,3,6,9,1606,9,105,-76,162,860,104,383,San Francisco,2023-08-21
2024,8,21,103,206,16,10,7,6,32,27,8,13,67,80,58,135,15,2,7,5,19,21,5,12,45,57,37,53,1,7,0,1,10,3,3,1,16,17,1,3,0,0,0,0,0,0,0,0,0,0,7,15,0,1,0,0,3,3,0,0,6,6,1519,15,101,-74,164,873,115,380,San Francisco,2024-08-21
2012,9,21,,,,,,,,,,,,,,,,,,,,,,,,,,,,,,,,,,,,,,,,,,,,,,,,,,,,,,,,,,,,,,,,,,,,,San Francisco,2012-09-21
2013,9,21,,,,,,,,,,,,,,,,,,,,,,,,,,,,,,,,,,,,,,,,,,,,,,,,,,,,,,,,,,,,,,,,,,,,,San Francisco,2013-09-21
2014,9,21,,,,,,,,,,,,,,,,,,,,,,,,,,,,,,,,,,,,,,,,,,,,,,,,,,,,,,,,,,,,,,,,,,,,,San Francisco,2014-09-21
2015,9,21,309,382,20,4,9,7,63,50,25,16,138,154,191,230,16,2,7,3,37,38,17,10,92,102,96,123,3,2,0,3,16,9,7,3,32,35,7,6,0,0,1,0,1,0,0,1,1,2,15,23,1,0,1,1,9,3,1,2,13,15,2512,31,174,-41,197,1768,144,413,San Francisco,2015-09-21
2016,9,21,233,303,25,5,7,10,42,33,9,17,84,101,139,179,19,3,3,5,29,23,6,8,58,66,77,99,3,2,3,4,10,9,3,7,22,29,7,5,0,0,0,0,1,0,0,0,1,1,10,20,3,0,1,1,2,1,0,2,3,5,2556,25,184,-46,192,1826,151,382,San Francisco,2016-09-21
2017,9,21,268,310,28,5,6,9,45,37,6,15,88,103,168,187,19,1,5,4,32,28,4,9,64,73,73,93,4,4,1,5,8,5,0,6,13,19,13,6,0,0,0,0,1,0,0,0,1,1,14,24,5,0,0,0,4,4,2,0,10,10,2397,39,168,-45,193,1571,149,395,San Francisco,2017-09-21
2018,9,21,165,338,26,5,5,9,37,43,4,14,84,98,84,223,19,3,2,6,26,30,3,8,59,67,74,95,3,0,2,3,11,7,0,5,18,23,2,4,0,0,0,0,0,0,0,0,0,0,5,16,4,2,1,0,0,6,1,1,7,8,2282,31,160,-44,194,1368,135,477,San Francisco,2018-09-21
2019,9,21,286,329,12,9,5,13,33,55,13,18,101,119,139,199,8,0,2,5,12,43,9,7,64,71,132,100,2,8,3,7,18,9,4,10,31,41,1,5,0,0,0,0,1,1,0,0,2,2,14,25,2,1,0,1,2,2,0,1,4,5,2479,18,172,-43,195,1510,140,573,San Francisco,2019-09-21
2020,9,21,128,246,8,20,8,9,55,30,19,17,104,121,57,149,4,5,5,4,37,19,17,9,73,82,54,83,3,14,3,4,11,8,1,7,20,27,6,3,0,0,0,0,1,0,0,0,1,1,11,11,1,1,0,1,6,3,1,1,10,11,1736,29,150,-41,197,1133,118,341,San Francisco,2020-09-21
2021,9,21,159,193,12,5,12,16,34,35,8,28,77,105,69,138,9,1,7,10,15,23,6,17,44,61,80,39,1,4,5,6,17,7,2,11,26,37,5,2,0,0,0,0,1,1,0,0,2,2,5,14,2,0,0,0,1,4,0,0,5,5,1784,28,118,-47,191,1046,116,426,San Francisco,2021-09-21
2022,9,21,130,243,19,7,5,11,48,43,14,16,105,121,73,158,11,3,2,5,35,30,11,7,76,83,47,62,6,3,2,4,11,7,2,6,20,26,0,4,0,0,0,1,2,0,1,1,3,4,10,19,2,1,1,1,0,6,0,2,6,8,1712,24,154,-46,192,938,108,408,San Francisco,2022-09-21
2023,9,21,118,221,11,4,8,12,39,38,10,20,87,107,67,153,3,1,7,9,22,28,5,16,55,71,45,51,4,3,1,3,14,2,4,4,20,24,0,2,3,0,0,0,1,0,0,0,1,1,6,15,1,0,0,0,2,8,1,0,11,11,1736,29,124,-45,193,994,102,432,San Francisco,2023-09-21
2024,9,21,142,174,14,5,7,10,29,28,9,17,66,83,69,113,6,0,2,6,18,24,5,8,47,55,59,54,8,5,4,4,7,3,3,8,13,21,3,1,0,0,0,0,0,0,1,0,1,1,11,6,0,0,1,0,4,1,0,1,5,6,1536,22,89,-43,195,848,106,396,San Francisco,2024-09-21
2012,10,21,,,,,,,,,,,,,,,,,,,,,,,,,,,,,,,,,,,,,,,,,,,,,,,,,,,,,,,,,,,,,,,,,,,,,San Francisco,2012-10-21
2013,10,21,,,,,,,,,,,,,,,,,,,,,,,,,,,,,,,,,,,,,,,,,,,,,,,,,,,,,,,,,,,,,,,,,,,,,San Francisco,2013-10-21
2014,10,21,,,,,,,,,,,,,,,,,,,,,,,,,,,,,,,,,,,,,,,,,,,,,,,,,,,,,,,,,,,,,,,,,,,,,San Francisco,2014-10-21
2015,10,21,259,337,39,5,9,17,37,48,20,26,105,131,124,177,28,1,3,8,23,30,14,11,67,78,121,135,9,4,3,9,13,14,3,12,30,42,7,9,0,0,1,0,0,0,1,1,1,2,7,16,2,0,2,0,1,4,2,2,7,9,2178,49,160,-11,227,1414,108,477,San Francisco,2015-10-21
2016,10,21,226,317,27,8,12,12,34,41,10,24,85,109,88,171,17,2,5,6,24,28,8,11,60,71,119,124,5,6,7,6,7,8,2,13,17,30,8,5,1,0,0,0,1,0,0,0,1,1,11,17,4,0,0,0,2,5,0,0,7,7,2218,46,177,-16,222,1405,125,477,San Francisco,2016-10-21
2017,10,21,260,215,20,7,7,11,29,26,10,18,65,83,113,118,9,1,2,5,17,18,5,7,40,47,131,76,8,4,4,4,9,5,5,8,19,27,3,3,0,0,0,1,1,0,0,1,1,2,13,18,3,2,1,1,2,3,0,2,5,7,1960,21,150,-15,223,1161,103,451,San Francisco,2017-10-21
2018,10,21,169,293,21,9,13,12,23,38,9,25,70,95,64,175,14,3,7,3,12,25,6,10,43,53,87,93,5,6,5,9,10,10,2,14,22,36,6,9,0,0,0,0,0,1,0,0,1,1,12,16,2,0,1,0,1,2,1,1,4,5,2098,30,193,-14,224,1293,125,440,San Francisco,2018-10-21
2019,10,21,159,310,20,3,9,10,48,41,10,19,99,118,85,200,13,0,6,7,26,34,5,13,65,78,67,86,7,3,3,2,18,5,4,5,27,32,3,5,0,0,0,0,2,0,0,0,2,2,4,19,0,0,0,1,2,2,1,1,5,6,2331,35,176,-13,225,1450,116,467,San Francisco,2019-10-21
2020,10,21,133,232,16,12,6,7,37,37,12,13,86,99,70,144,15,0,3,5,22,21,10,8,53,61,51,72,0,12,3,2,15,12,0,5,27,32,0,1,1,0,0,0,0,0,2,0,2,2,12,15,0,0,0,0,0,4,0,0,4,4,1642,22,111,-11,227,990,91,442,San Francisco,2020-10-21
2021,10,21,127,186,11,5,3,9,40,38,15,12,93,105,52,107,9,2,2,3,24,28,11,5,63,68,71,64,1,2,1,5,15,7,2,6,24,30,0,3,1,0,0,1,0,0,0,1,0,1,4,12,0,1,0,0,1,3,2,0,6,6,1509,17,95,-17,221,845,92,405,San Francisco,2021-10-21
2022,10,21,97,180,14,5,9,8,35,21,9,17,65,82,32,95,5,1,5,4,19,13,7,9,39,48,55,67,7,4,3,3,13,4,2,6,19,25,5,5,1,0,0,0,1,0,0,0,1,1,5,13,1,0,1,1,2,4,0,2,6,8,1571,21,119,-16,222,926,80,376,San Francisco,2022-10-21
2023,10,21,155,169,14,14,13,7,26,28,12,20,66,86,56,102,8,0,5,3,15,19,4,8,38,46,91,55,6,13,8,2,10,6,6,10,22,32,2,2,0,0,0,0,0,0,1,0,1,1,6,10,0,1,0,2,1,3,1,2,5,7,1519,20,92,-15,223,884,98,422,San Francisco,2023-10-21
2024,10,21,115,204,13,2,5,10,38,44,13,15,95,110,57,125,10,1,3,5,18,37,9,8,64,72,53,69,2,1,1,4,17,5,3,5,25,30,1,1,0,0,0,0,1,0,1,0,2,2,4,9,1,0,1,1,2,2,0,2,4,6,1608,30,99,-13,225,915,73,435,San Francisco,2024-10-21
2012,11,21,,,,,,,,,,,,,,,,,,,,,,,,,,,,,,,,,,,,,,,,,,,,,,,,,,,,,,,,,,,,,,,,,,,,,San Francisco,2012-11-21
2013,11,21,,,,,,,,,,,,,,,,,,,,,,,,,,,,,,,,,,,,,,,,,,,,,,,,,,,,,,,,,,,,,,,,,,,,,San Francisco,2013-11-21
2014,11,21,,,,,,,,,,,,,,,,,,,,,,,,,,,,,,,,,,,,,,,,,,,,,,,,,,,,,,,,,,,,,,,,,,,,,San Francisco,2014-11-21
2015,11,21,292,325,34,11,13,20,44,41,13,33,98,131,135,170,19,2,6,7,27,24,6,13,57,70,146,125,13,8,6,13,15,13,5,19,33,52,3,2,0,0,0,0,1,0,1,0,2,2,8,28,2,1,1,0,1,4,1,1,6,7,2338,19,234,20,258,1529,135,444,San Francisco,2015-11-21
2016,11,21,216,248,21,5,16,13,47,27,12,29,86,115,104,143,15,0,5,6,24,20,9,11,53,64,93,87,4,5,11,5,20,5,2,16,27,43,7,6,0,0,0,0,1,0,0,0,1,1,12,12,2,0,0,2,2,2,1,2,5,7,2009,32,144,15,253,1323,123,336,San Francisco,2016-11-21
2017,11,21,233,284,22,10,12,11,44,36,5,23,85,108,126,162,15,1,6,4,27,25,4,10,56,66,82,99,4,9,5,7,13,8,1,12,22,34,11,4,0,0,0,0,0,0,0,0,0,0,14,19,3,0,1,0,4,3,0,1,7,8,2197,33,223,16,254,1410,143,372,San Francisco,2017-11-21
2018,11,21,137,262,28,5,7,8,31,37,9,15,77,92,67,137,17,1,2,4,19,18,6,6,43,49,57,95,9,4,5,4,10,15,1,9,26,35,2,5,0,0,0,0,1,0,1,0,2,2,11,25,2,0,0,0,1,4,1,0,6,6,1920,22,203,17,255,1228,113,347,San Francisco,2018-11-21
2019,11,21,231,277,18,0,12,18,45,43,10,30,98,128,106,152,10,0,6,7,27,31,4,13,62,75,91,101,5,0,5,8,15,7,5,13,27,40,4,6,0,0,0,0,1,0,0,0,1,1,30,18,3,0,1,3,2,5,1,4,8,12,2348,26,230,18,256,1417,143,449,San Francisco,2019-11-21
2020,11,21,119,182,12,19,6,9,44,33,6,15,83,98,27,78,8,0,3,3,20,22,5,6,47,53,87,86,4,18,2,6,20,8,0,8,28,36,0,1,0,1,0,0,0,0,0,0,0,0,5,17,0,0,1,0,4,3,1,1,8,9,1519,13,131,20,258,923,100,350,San Francisco,2020-11-21
2021,11,21,139,159,6,9,3,9,37,36,10,12,83,95,47,70,1,2,1,5,21,19,9,6,49,55,85,75,5,6,2,4,14,10,1,6,25,31,1,1,0,0,0,0,0,0,0,0,0,0,6,13,0,1,0,0,2,7,0,0,9,9,1564,25,95,14,252,882,82,390,San Francisco,2021-11-21
2022,11,21,94,156,15,11,5,13,40,18,13,18,71,89,36,82,5,1,4,6,23,13,12,10,48,58,48,63,9,9,0,5,14,2,1,5,17,22,2,1,1,0,0,0,1,0,0,0,1,1,8,10,0,1,1,2,2,3,0,3,5,8,1508,14,128,15,253,887,89,345,San Francisco,2022-11-21
2023,11,21,103,144,14,6,8,9,40,26,8,17,74,91,45,82,5,0,3,4,21,16,1,7,38,45,49,55,5,5,3,4,18,6,4,7,28,35,0,1,0,0,0,0,0,0,2,0,2,2,9,6,4,1,2,1,1,4,1,3,6,9,1462,26,130,16,254,913,79,315,San Francisco,2023-11-21
2024,11,21,87,197,13,1,6,2,42,33,7,8,82,90,47,100,10,0,3,1,23,19,3,4,45,49,32,76,2,1,3,1,19,13,1,4,33,37,0,4,0,0,0,0,0,0,0,0,0,0,8,17,1,0,0,0,0,1,3,0,4,4,1599,28,127,18,256,852,91,391,San Francisco,2024-11-21
2012,12,21,,,,,,,,,,,,,,,,,,,,,,,,,,,,,,,,,,,,,,,,,,,,,,,,,,,,,,,,,,,,,,,,,,,,,San Francisco,2012-12-21
2013,12,21,,,,,,,,,,,,,,,,,,,,,,,,,,,,,,,,,,,,,,,,,,,,,,,,,,,,,,,,,,,,,,,,,,,,,San Francisco,2013-12-21
2014,12,21,,,,,,,,,,,,,,,,,,,,,,,,,,,,,,,,,,,,,,,,,,,,,,,,,,,,,,,,,,,,,,,,,,,,,San Francisco,2014-12-21
2015,12,21,205,220,32,3,5,10,39,27,24,15,90,105,104,98,20,0,3,7,21,10,14,10,45,55,86,100,8,3,2,3,15,12,7,5,34,39,9,6,0,0,0,0,1,0,1,0,2,2,6,16,4,0,0,0,2,5,2,0,9,9,1832,38,162,50,288,1204,152,310,San Francisco,2015-12-21
2016,12,21,280,300,14,8,5,11,41,23,6,16,70,86,148,161,8,1,2,4,23,13,3,6,39,45,104,106,4,7,3,7,16,7,2,10,25,35,8,6,0,0,0,0,0,0,0,0,0,0,20,27,2,0,0,0,2,3,1,0,6,6,2269,42,237,45,283,1551,125,375,San Francisco,2016-12-21
2017,12,21,224,249,18,6,8,7,41,33,14,15,88,103,116,133,11,2,1,4,23,19,13,5,55,60,87,92,5,4,7,1,12,9,1,8,22,30,9,4,0,0,0,0,0,0,0,0,0,0,12,20,2,0,0,2,6,5,0,2,11,13,2092,43,231,46,284,1402,130,339,San Francisco,2017-12-21
2018,12,21,138,308,31,10,12,12,28,35,8,24,71,95,59,171,19,0,5,6,12,20,2,11,34,45,66,114,8,8,7,5,14,12,6,12,32,44,5,3,1,0,0,0,1,0,0,0,1,1,8,20,3,2,0,1,1,3,0,1,4,5,2015,38,215,47,285,1174,118,441,San Francisco,2018-12-21
2019,12,21,130,248,17,8,8,13,45,47,8,21,100,121,64,139,6,2,4,8,26,24,6,12,56,68,62,88,11,6,4,5,16,14,2,9,32,41,1,4,0,0,0,0,1,0,0,0,1,1,3,17,0,0,0,0,2,9,0,0,11,11,1839,29,123,48,286,1074,135,431,San Francisco,2019-12-21
2020,12,21,103,185,10,12,6,10,50,45,29,16,124,140,49,102,6,5,4,2,25,32,23,6,80,86,48,63,3,6,2,8,22,9,3,10,34,44,1,5,0,0,0,0,1,0,0,0,1,1,5,15,1,1,0,0,2,4,3,0,9,9,1412,26,125,50,288,854,114,328,San Francisco,2020-12-21
2021,12,21,78,161,9,8,3,10,50,27,17,13,94,107,32,84,5,0,2,5,28,18,13,7,59,66,36,60,3,6,1,4,19,7,4,5,30,35,4,4,0,0,0,0,1,0,0,0,1,1,6,13,1,2,0,1,2,2,0,1,4,5,1545,36,132,44,282,975,98,296,San Francisco,2021-12-21
2022,12,21,128,143,14,6,8,8,38,41,11,16,90,106,43,69,10,1,3,3,19,26,9,6,54,60,69,62,4,5,4,4,18,9,1,8,28,36,4,1,0,0,0,0,1,0,0,0,1,1,12,11,0,0,1,1,0,6,1,2,7,9,1349,28,111,45,283,798,97,318,San Francisco,2022-12-21
2023,12,21,105,220,18,1,7,13,27,32,9,20,68,88,51,114,9,0,3,2,9,21,6,5,36,41,45,76,6,0,4,8,14,7,3,12,24,36,3,6,0,0,0,0,1,0,0,0,1,1,6,24,3,1,0,3,3,4,0,3,7,10,1640,43,154,46,284,983,88,367,San Francisco,2023-12-21
2024,12,21,69,146,17,6,7,6,29,29,5,13,63,76,22,77,6,1,4,2,21,19,1,6,41,47,42,61,9,5,3,4,6,9,3,7,18,25,2,0,0,0,0,0,1,0,0,0,1,1,3,8,2,0,0,0,1,1,1,0,3,3,1162,19,80,48,286,618,99,345,San Francisco,2024-12-21
2012,1,22,,,,,,,,,,,,,,,,,,,,,,,,,,,,,,,,,,,,,,,,,,,,,,,,,,,,,,,,,,,,,,,,,,,,,San Francisco,2012-01-22
2013,1,22,,,,,,,,,,,,,,,,,,,,,,,,,,,,,,,,,,,,,,,,,,,,,,,,,,,,,,,,,,,,,,,,,,,,,San Francisco,2013-01-22
2014,1,22,,,,,,,,,,,,,,,,,,,,,,,,,,,,,,,,,,,,,,,,,,,,,,,,,,,,,,,,,,,,,,,,,,,,,San Francisco,2014-01-22
2015,1,22,258,319,23,5,13,6,36,39,8,19,83,102,124,181,12,1,3,4,22,23,5,7,50,57,111,109,5,4,9,2,12,11,3,11,26,37,8,1,2,0,0,0,1,2,0,0,3,3,15,28,4,0,1,0,1,3,0,1,4,5,2114,45,180,-283,-45,1544,113,316,San Francisco,2015-01-22
2016,1,22,216,289,24,10,10,10,43,28,16,20,87,107,109,155,10,2,7,0,22,22,8,7,52,59,84,103,12,8,3,9,17,3,4,12,24,36,12,2,1,0,0,1,1,0,1,1,2,3,11,29,1,0,0,0,3,3,3,0,9,9,2092,41,209,-289,-51,1454,142,364,San Francisco,2016-01-22
2017,1,22,195,237,16,9,11,12,29,31,13,23,73,96,91,119,6,2,9,4,17,18,10,13,45,58,86,93,7,7,2,5,9,6,3,7,18,25,5,2,2,0,0,0,2,1,0,0,3,3,13,23,1,0,0,3,1,6,0,3,7,10,1992,29,224,-287,-49,1396,112,309,San Francisco,2017-01-22
2018,1,22,229,265,18,1,9,11,46,35,11,20,92,112,123,135,11,0,3,5,30,20,9,8,59,67,83,102,5,1,4,5,12,10,1,9,23,32,4,2,0,0,0,0,2,0,0,0,2,2,19,26,2,0,2,1,2,5,1,3,8,11,2046,16,216,-286,-48,1343,123,389,San Francisco,2018-01-22
2019,1,22,119,315,14,3,5,11,26,27,11,16,64,80,41,180,9,1,3,4,11,19,5,7,35,42,65,102,3,2,2,7,11,7,6,9,24,33,4,7,0,0,0,0,0,0,0,0,0,0,9,26,2,0,0,0,4,1,0,0,5,5,2093,32,212,-285,-47,1361,119,405,San Francisco,2019-01-22
2020,1,22,190,278,18,3,3,12,41,35,11,15,87,102,105,160,10,1,2,5,21,22,7,7,50,57,64,93,6,2,1,3,18,9,4,4,31,35,2,4,0,0,0,1,1,1,0,1,2,3,19,21,2,0,0,3,1,3,0,3,4,7,2189,37,190,-284,-46,1415,120,387,San Francisco,2020-01-22
2021,1,22,142,194,7,9,4,6,49,38,17,10,104,114,53,104,4,0,1,2,26,31,13,3,70,73,77,71,2,5,1,4,18,4,4,5,26,31,6,5,0,0,0,0,2,1,0,0,3,3,6,14,1,4,2,0,3,2,0,2,5,7,1547,31,137,-289,-51,1026,95,307,San Francisco,2021-01-22
2022,1,22,120,159,10,16,5,9,22,17,11,14,50,64,30,78,7,1,2,2,14,9,8,4,31,35,84,67,2,14,2,5,5,7,3,7,15,22,0,3,0,0,0,1,1,0,0,1,1,2,6,11,1,1,1,1,2,1,0,2,3,5,1638,19,118,-288,-50,883,99,411,San Francisco,2022-01-22
2023,1,22,134,139,13,19,2,14,29,31,11,16,71,87,61,65,5,4,2,5,13,22,4,7,39,46,66,63,7,15,0,8,14,7,7,8,28,36,1,3,0,0,0,1,0,0,0,1,0,1,6,8,1,0,0,0,2,2,0,0,4,4,1445,23,94,-287,-49,757,97,417,San Francisco,2023-01-22
2024,1,22,74,166,25,5,1,5,39,23,9,6,71,77,22,74,13,1,0,1,24,16,8,1,48,49,45,76,8,4,1,3,9,5,1,4,15,19,0,1,1,0,0,0,4,0,0,0,4,4,7,15,3,0,0,1,2,2,0,1,4,5,1685,27,173,-286,-48,938,93,338,San Francisco,2024-01-22
2012,2,22,,,,,,,,,,,,,,,,,,,,,,,,,,,,,,,,,,,,,,,,,,,,,,,,,,,,,,,,,,,,,,,,,,,,,San Francisco,2012-02-22
2013,2,22,,,,,,,,,,,,,,,,,,,,,,,,,,,,,,,,,,,,,,,,,,,,,,,,,,,,,,,,,,,,,,,,,,,,,San Francisco,2013-02-22
2014,2,22,,,,,,,,,,,,,,,,,,,,,,,,,,,,,,,,,,,,,,,,,,,,,,,,,,,,,,,,,,,,,,,,,,,,,San Francisco,2014-02-22
2015,2,22,212,299,16,16,8,11,35,29,12,19,76,95,93,162,7,2,3,8,22,22,9,11,53,64,103,111,9,13,4,2,12,1,3,6,16,22,6,6,0,0,0,0,0,1,0,0,1,1,10,20,0,1,1,1,1,5,0,2,6,8,1978,19,143,-252,-14,1359,103,366,San Francisco,2015-02-22
2016,2,22,221,306,20,4,9,7,48,34,15,16,97,113,122,168,14,0,6,4,31,16,11,10,58,68,85,109,3,4,2,2,14,15,4,4,33,37,4,4,1,0,1,0,0,1,0,1,1,2,10,25,2,0,0,1,3,2,0,1,5,6,1869,25,169,-258,-20,1204,138,378,San Francisco,2016-02-22
2017,2,22,207,291,22,5,4,7,51,39,9,11,99,110,103,165,19,0,2,4,34,27,6,6,67,73,80,94,2,5,2,3,13,11,1,5,25,30,10,5,0,0,0,0,1,0,1,0,2,2,14,27,1,0,0,0,3,1,1,0,5,5,2220,33,181,-256,-18,1515,122,388,San Francisco,2017-02-22
2018,2,22,208,308,26,3,11,5,44,34,8,16,86,102,111,166,13,0,8,3,25,23,6,11,54,65,83,121,7,3,3,2,14,10,0,5,24,29,5,3,1,0,0,0,1,0,0,0,1,1,9,18,5,0,0,0,4,1,2,0,7,7,2263,25,175,-255,-17,1558,120,347,San Francisco,2018-02-22
2019,2,22,146,267,20,5,8,14,39,33,13,22,85,107,89,156,12,1,3,8,24,24,8,11,56,67,50,79,7,4,4,5,10,8,3,9,21,30,1,4,0,0,0,0,3,0,0,0,3,3,6,28,1,0,1,1,2,1,2,2,5,7,2066,28,189,-254,-16,1214,119,424,San Francisco,2019-02-22
2020,2,22,197,230,14,6,14,15,35,42,7,29,84,113,88,136,8,0,3,9,24,32,5,12,61,73,97,77,6,6,9,6,8,9,1,15,18,33,3,0,0,0,0,0,1,0,0,0,1,1,9,17,0,0,2,0,2,1,1,2,4,6,2019,16,155,-253,-15,1249,123,466,San Francisco,2020-02-22
2021,2,22,105,202,14,7,7,10,48,34,22,17,104,121,49,129,11,2,3,5,27,24,17,8,68,76,46,61,2,3,3,3,15,7,4,6,26,32,1,2,0,0,0,0,1,0,0,0,1,1,9,10,1,2,1,2,5,3,1,3,9,12,1683,12,150,-258,-20,1111,95,336,San Francisco,2021-02-22
2022,2,22,78,163,8,6,7,4,39,28,18,11,85,96,41,96,6,2,3,0,27,22,13,3,62,65,30,51,2,2,3,4,9,4,5,7,18,25,4,3,0,0,0,0,0,0,0,0,0,0,3,13,0,2,1,0,3,2,0,1,5,6,1486,29,111,-257,-19,959,98,261,San Francisco,2022-02-22
2023,2,22,67,181,14,3,3,8,32,22,10,11,64,75,37,115,6,0,2,5,18,14,7,7,39,46,25,57,8,2,1,3,13,4,3,4,20,24,0,0,0,0,0,0,0,0,0,0,0,0,5,9,0,1,0,0,1,4,0,0,5,5,1521,12,120,-256,-18,933,93,332,San Francisco,2023-02-22
2024,2,22,96,192,17,6,10,12,19,33,12,22,64,86,57,106,11,4,5,4,11,26,8,9,45,54,28,63,5,2,3,8,7,6,2,11,15,26,1,3,0,0,0,0,0,0,1,0,1,1,10,20,1,0,2,0,1,1,1,2,3,5,1653,18,135,-255,-17,990,105,371,San Francisco,2024-02-22
2012,3,22,,,,,,,,,,,,,,,,,,,,,,,,,,,,,,,,,,,,,,,,,,,,,,,,,,,,,,,,,,,,,,,,,,,,,San Francisco,2012-03-22
2013,3,22,,,,,,,,,,,,,,,,,,,,,,,,,,,,,,,,,,,,,,,,,,,,,,,,,,,,,,,,,,,,,,,,,,,,,San Francisco,2013-03-22
2014,3,22,,,,,,,,,,,,,,,,,,,,,,,,,,,,,,,,,,,,,,,,,,,,,,,,,,,,,,,,,,,,,,,,,,,,,San Francisco,2014-03-22
2015,3,22,217,303,28,18,4,20,33,30,16,24,79,103,101,194,12,7,1,8,20,22,11,9,53,62,100,82,13,11,3,11,11,4,4,14,19,33,1,1,1,0,0,0,0,0,0,0,0,0,15,26,2,0,0,1,2,4,1,1,7,8,2011,15,149,-224,14,1417,104,362,San Francisco,2015-03-22
2016,3,22,212,295,24,9,4,9,38,32,12,13,82,95,129,179,18,2,2,5,22,19,6,7,47,54,72,82,4,7,2,4,10,11,4,6,25,31,5,6,0,0,0,0,4,0,1,0,5,5,6,28,2,0,0,0,2,2,1,0,5,5,2235,40,146,-229,9,1579,111,376,San Francisco,2016-03-22
2017,3,22,258,307,17,6,1,22,39,24,8,23,71,94,137,187,11,3,0,7,24,16,7,7,47,54,96,103,4,2,1,13,10,6,1,14,17,31,9,3,1,0,0,0,0,0,0,0,0,0,16,14,1,1,0,2,5,2,0,2,7,9,2332,40,140,-228,10,1569,135,387,San Francisco,2017-03-22
2018,3,22,238,266,24,1,5,16,43,34,8,21,85,106,139,181,17,0,3,8,28,30,8,11,66,77,78,63,7,1,1,5,13,3,0,6,16,22,4,5,0,0,0,0,2,0,0,0,2,2,17,17,0,0,1,3,0,1,0,4,1,5,2024,22,133,-227,11,1268,123,416,San Francisco,2018-03-22
2019,3,22,146,279,14,5,5,10,38,44,5,15,87,102,74,170,10,2,4,6,27,37,2,10,66,76,66,87,3,3,1,2,8,5,3,3,16,19,0,9,0,0,0,0,0,1,0,0,1,1,6,13,1,0,0,2,3,1,0,2,4,6,2011,31,122,-226,12,1259,119,387,San Francisco,2019-03-22
2020,3,22,131,234,5,5,8,7,49,41,5,15,95,110,57,148,2,0,3,5,27,33,2,8,62,70,67,64,2,5,4,1,17,4,2,5,23,28,1,2,0,0,1,0,1,0,0,1,1,2,6,20,1,0,0,1,4,4,1,1,9,10,1680,19,118,-224,14,1037,121,322,San Francisco,2020-03-22
2021,3,22,91,205,12,5,5,7,38,35,14,12,87,99,47,138,9,1,3,4,25,31,9,7,65,72,39,53,2,4,1,2,11,3,4,3,18,21,1,3,1,0,0,0,0,0,1,0,1,1,4,11,0,0,1,1,2,1,0,2,3,5,1753,30,75,-230,8,1169,99,335,San Francisco,2021-03-22
2022,3,22,118,216,17,13,3,9,41,22,21,12,84,96,64,127,15,3,1,5,27,18,18,6,63,69,49,76,2,9,1,3,12,2,2,4,16,20,1,2,0,0,1,1,0,0,0,2,0,2,4,11,0,1,0,0,2,2,1,0,5,5,1668,22,99,-229,9,1001,111,384,San Francisco,2022-03-22
2023,3,22,88,203,20,14,6,1,34,37,7,7,78,85,49,129,16,7,3,1,19,31,5,4,55,59,24,55,4,4,1,0,13,2,2,1,17,18,6,6,0,0,0,0,0,0,0,0,0,0,9,13,0,3,2,0,2,4,0,2,6,8,1413,20,66,-228,10,879,92,263,San Francisco,2023-03-22
2024,3,22,98,157,29,3,7,12,36,31,4,19,71,90,56,108,20,0,4,7,21,27,2,11,50,61,37,44,7,3,2,4,13,3,2,6,18,24,2,0,0,0,0,0,1,0,0,0,1,1,3,5,2,0,1,1,1,1,0,2,2,4,1756,28,89,-226,12,993,94,415,San Francisco,2024-03-22
2012,4,22,,,,,,,,,,,,,,,,,,,,,,,,,,,,,,,,,,,,,,,,,,,,,,,,,,,,,,,,,,,,,,,,,,,,,San Francisco,2012-04-22
2013,4,22,,,,,,,,,,,,,,,,,,,,,,,,,,,,,,,,,,,,,,,,,,,,,,,,,,,,,,,,,,,,,,,,,,,,,San Francisco,2013-04-22
2014,4,22,,,,,,,,,,,,,,,,,,,,,,,,,,,,,,,,,,,,,,,,,,,,,,,,,,,,,,,,,,,,,,,,,,,,,San Francisco,2014-04-22
2015,4,22,277,330,30,5,9,18,47,38,11,27,96,123,184,243,25,2,6,13,35,32,9,19,76,95,63,62,5,3,3,5,8,3,1,8,12,20,16,3,0,0,0,0,0,0,0,0,0,0,14,22,0,0,0,0,4,3,1,0,8,8,2304,33,122,-193,45,1620,121,382,San Francisco,2015-04-22
2016,4,22,228,317,25,6,6,12,45,25,11,18,81,99,141,214,17,0,2,5,35,21,9,7,65,72,63,83,4,6,4,3,6,2,1,7,9,16,6,2,2,0,0,1,0,0,0,1,0,1,18,18,2,0,0,3,4,2,1,3,7,10,2286,18,131,-198,40,1615,118,387,San Francisco,2016-04-22
2017,4,22,242,261,16,11,15,26,40,31,12,41,83,124,125,164,9,4,5,11,25,25,7,16,57,73,103,77,7,5,9,15,12,5,5,24,22,46,3,0,0,0,0,0,0,0,0,0,0,0,11,20,0,2,1,0,3,1,0,1,4,5,2200,12,136,-197,41,1396,147,442,San Francisco,2017-04-22
2018,4,22,219,269,16,5,9,14,29,41,11,23,81,104,129,168,13,3,7,12,19,30,6,19,55,74,65,81,3,2,2,2,9,6,5,4,20,24,2,1,0,0,0,0,0,0,0,0,0,0,23,19,0,0,0,0,1,5,0,0,6,6,2036,8,140,-196,42,1253,122,412,San Francisco,2018-04-22
2019,4,22,218,277,23,6,14,11,35,36,13,25,84,109,151,191,12,1,10,6,20,26,8,16,54,70,46,65,8,5,3,4,8,7,4,7,19,26,3,3,0,0,0,0,3,0,0,0,3,3,18,18,3,0,1,1,4,3,1,2,8,10,2200,24,147,-195,43,1370,140,464,San Francisco,2019-04-22
2020,4,22,173,252,10,5,3,7,43,27,9,10,79,89,120,174,9,0,3,5,21,24,7,8,52,60,44,53,1,5,0,0,12,1,1,0,14,14,1,1,0,0,0,0,2,1,0,0,3,3,8,24,0,0,0,2,8,1,1,2,10,12,1961,8,118,-193,45,1200,118,328,San Francisco,2020-04-22
2021,4,22,107,209,11,12,8,8,41,33,27,16,101,117,70,153,7,3,7,7,27,28,17,14,72,86,29,38,3,6,1,1,11,2,7,2,20,22,1,1,0,1,0,0,0,0,0,0,0,0,7,17,1,2,0,0,3,3,3,0,9,9,1595,7,101,-199,39,1003,127,321,San Francisco,2021-04-22
2022,4,22,95,200,13,7,2,10,46,34,14,12,94,106,55,123,11,3,0,5,32,28,12,5,72,77,35,62,2,2,1,5,11,2,0,6,13,19,2,1,0,1,0,0,0,0,1,0,1,1,3,14,0,1,1,0,3,4,1,1,8,9,1592,16,118,-198,40,896,92,431,San Francisco,2022-04-22
2023,4,22,184,158,15,11,9,16,37,38,15,25,90,115,111,120,7,2,4,11,22,30,8,15,60,75,56,22,6,9,4,5,15,8,4,9,27,36,3,2,1,0,0,0,0,0,0,0,0,0,14,14,1,0,1,0,0,0,3,1,3,4,1622,14,119,-197,41,924,81,421,San Francisco,2023-04-22
2024,4,22,82,171,17,5,3,5,26,25,7,8,58,66,65,116,13,1,3,1,18,19,6,4,43,47,16,37,4,4,0,2,6,2,1,2,9,11,0,2,0,0,0,0,2,0,0,0,2,2,1,16,0,0,0,2,0,4,0,2,4,6,1520,13,91,-195,43,920,85,360,San Francisco,2024-04-22
2012,5,22,,,,,,,,,,,,,,,,,,,,,,,,,,,,,,,,,,,,,,,,,,,,,,,,,,,,,,,,,,,,,,,,,,,,,San Francisco,2012-05-22
2013,5,22,,,,,,,,,,,,,,,,,,,,,,,,,,,,,,,,,,,,,,,,,,,,,,,,,,,,,,,,,,,,,,,,,,,,,San Francisco,2013-05-22
2014,5,22,,,,,,,,,,,,,,,,,,,,,,,,,,,,,,,,,,,,,,,,,,,,,,,,,,,,,,,,,,,,,,,,,,,,,San Francisco,2014-05-22
2015,5,22,212,327,17,6,8,9,37,24,17,17,78,95,137,230,15,3,6,7,28,22,15,13,65,78,61,77,2,1,2,1,8,2,2,3,12,15,3,2,0,0,0,0,0,0,0,0,0,0,11,18,0,2,0,1,1,0,0,1,1,2,2254,14,153,-163,75,1558,136,362,San Francisco,2015-05-22
2016,5,22,230,237,15,12,8,11,23,25,7,19,55,74,139,164,10,2,2,4,16,19,7,6,42,48,65,57,4,6,5,6,6,5,0,11,11,22,7,2,0,0,0,0,0,0,0,0,0,0,19,14,1,4,1,1,1,1,0,2,2,4,1885,14,140,-168,70,1199,104,374,San Francisco,2016-05-22
2017,5,22,234,236,17,6,11,10,47,42,16,21,105,126,182,169,14,0,10,7,38,34,13,17,85,102,32,46,2,5,1,1,8,4,0,2,12,14,4,2,0,0,0,0,0,0,0,0,0,0,16,19,1,1,0,2,1,4,3,2,8,10,2238,21,120,-167,71,1512,131,384,San Francisco,2017-05-22
2018,5,22,131,293,20,4,12,11,32,35,4,23,71,94,87,199,17,0,7,10,24,31,4,17,59,76,32,76,0,3,2,1,5,3,0,3,8,11,2,0,1,0,0,0,0,0,0,0,0,0,10,18,2,1,3,0,3,1,0,3,4,7,2013,16,115,-166,72,1312,130,393,San Francisco,2018-05-22
2019,5,22,175,419,17,4,7,14,22,31,7,21,60,81,115,316,13,2,4,13,14,29,3,17,46,63,47,70,2,1,3,0,4,1,3,3,8,11,1,11,0,0,0,0,2,1,0,0,3,3,12,22,2,1,0,1,2,0,1,1,3,4,2476,24,159,-165,73,1569,130,480,San Francisco,2019-05-22
2020,5,22,141,246,12,9,4,10,39,28,21,14,88,102,79,191,11,0,3,6,26,25,19,9,70,79,47,38,1,5,1,3,10,3,1,4,14,18,4,1,0,0,0,0,0,0,1,0,1,1,11,16,0,4,0,1,3,0,0,1,3,4,1946,15,142,-163,75,1157,100,368,San Francisco,2020-05-22
2021,5,22,179,185,16,14,6,7,38,36,16,13,90,103,80,132,10,2,4,1,22,30,13,5,65,70,83,43,5,9,1,6,12,2,1,7,15,22,0,2,0,0,0,0,2,0,0,0,2,2,16,8,1,3,1,0,2,4,2,1,8,9,1604,10,123,-169,69,978,96,400,San Francisco,2021-05-22
2022,5,22,123,177,21,9,7,11,33,26,10,18,69,87,64,121,12,2,3,9,25,21,10,12,56,68,52,42,7,5,3,1,6,2,0,4,8,12,0,1,0,0,0,0,1,0,0,0,1,1,7,13,2,2,1,1,1,3,0,2,4,6,1353,9,97,-168,70,756,77,391,San Francisco,2022-05-22
2023,5,22,97,199,12,8,5,15,33,20,12,20,65,85,71,150,9,2,3,9,23,19,8,12,50,62,20,33,1,5,1,3,7,0,3,4,10,14,1,2,0,0,0,0,0,0,1,0,1,1,5,14,2,1,1,3,3,1,0,4,4,8,1575,9,94,-167,71,899,82,384,San Francisco,2023-05-22
2024,5,22,97,200,16,3,6,9,33,15,10,15,58,73,57,145,13,0,3,5,18,15,7,8,40,48,24,46,3,3,3,3,9,0,2,6,11,17,5,0,0,0,0,0,0,0,0,0,0,0,11,9,0,0,0,1,6,0,1,1,7,8,1514,11,132,-165,73,896,82,375,San Francisco,2024-05-22
2012,6,22,,,,,,,,,,,,,,,,,,,,,,,,,,,,,,,,,,,,,,,,,,,,,,,,,,,,,,,,,,,,,,,,,,,,,San Francisco,2012-06-22
2013,6,22,,,,,,,,,,,,,,,,,,,,,,,,,,,,,,,,,,,,,,,,,,,,,,,,,,,,,,,,,,,,,,,,,,,,,San Francisco,2013-06-22
2014,6,22,,,,,,,,,,,,,,,,,,,,,,,,,,,,,,,,,,,,,,,,,,,,,,,,,,,,,,,,,,,,,,,,,,,,,San Francisco,2014-06-22
2015,6,22,236,262,12,6,8,12,41,38,22,20,101,121,171,190,9,2,6,10,31,34,19,16,84,100,41,52,1,2,2,1,7,3,3,3,13,16,4,2,0,0,0,0,1,0,0,0,1,1,20,18,2,2,0,1,2,1,0,1,3,4,1865,20,144,-132,106,1323,120,325,San Francisco,2015-06-22
2016,6,22,228,290,24,12,12,9,30,30,6,21,66,87,182,221,20,7,7,5,23,20,4,12,47,59,30,50,2,1,4,2,6,4,0,6,10,16,2,2,0,0,0,0,1,1,1,0,3,3,14,17,2,4,1,2,0,5,1,3,6,9,2207,14,162,-137,101,1495,133,421,San Francisco,2016-06-22
2017,6,22,221,249,25,9,12,9,33,37,5,21,75,96,162,189,16,0,10,8,27,29,0,18,56,74,34,39,7,7,0,1,2,0,1,1,3,4,4,0,0,0,1,0,0,0,0,1,0,1,21,21,2,2,1,0,4,8,4,1,16,17,2173,11,168,-136,102,1465,127,408,San Francisco,2017-06-22
2018,6,22,169,278,27,11,16,11,46,56,9,27,111,138,110,195,22,3,9,9,36,44,8,18,88,106,42,57,3,7,5,2,6,5,1,7,12,19,3,2,0,0,0,0,0,0,0,0,0,0,14,24,2,1,2,0,4,7,0,2,11,13,2219,21,177,-135,103,1356,165,458,San Francisco,2018-06-22
2019,6,22,224,245,11,15,10,21,26,30,8,31,64,95,129,169,6,3,7,9,14,24,7,16,45,61,68,49,5,5,3,8,9,4,0,11,13,24,3,2,0,0,0,0,0,1,0,0,1,1,24,25,0,7,0,4,3,1,1,4,5,9,2084,10,175,-134,104,1161,158,487,San Francisco,2019-06-22
2020,6,22,124,179,14,11,11,11,42,40,14,22,96,118,58,144,13,3,9,8,36,38,13,17,87,104,42,24,0,7,1,2,4,2,1,3,7,10,2,2,0,0,0,1,0,0,0,1,0,1,22,9,1,1,1,0,2,0,0,1,2,3,1488,8,114,-132,106,912,93,300,San Francisco,2020-06-22
2021,6,22,115,184,20,20,5,12,38,27,6,17,71,88,67,138,13,4,3,12,28,23,5,15,56,71,30,37,5,10,1,0,9,2,1,1,12,13,1,0,0,0,0,0,0,0,0,0,0,0,17,9,2,6,1,0,1,2,0,1,3,4,1530,12,120,-138,100,945,94,327,San Francisco,2021-06-22
2022,6,22,103,199,16,11,7,13,48,20,16,20,84,104,60,128,15,3,6,7,33,16,13,13,62,75,32,53,1,7,0,5,9,2,2,5,13,18,0,3,0,0,0,0,1,0,0,0,1,1,11,15,0,1,1,1,5,2,1,2,8,10,1424,13,105,-137,101,831,91,350,San Francisco,2022-06-22
2023,6,22,114,203,14,11,10,7,31,42,19,17,92,109,72,152,13,6,7,3,25,39,17,10,81,91,28,37,0,2,3,3,5,2,1,6,8,14,1,2,0,0,0,0,1,0,0,0,1,1,13,12,1,3,0,1,0,1,1,1,2,3,1493,10,112,-136,102,815,108,414,San Francisco,2023-06-22
2024,6,22,132,172,6,12,7,16,33,29,7,23,69,92,84,117,4,0,5,12,20,23,6,17,49,66,40,32,0,11,2,4,9,1,1,6,11,17,0,3,0,0,0,0,1,0,0,0,1,1,8,20,2,1,0,0,3,5,0,0,8,8,1471,10,111,-134,104,795,105,365,San Francisco,2024-06-22
2012,7,22,,,,,,,,,,,,,,,,,,,,,,,,,,,,,,,,,,,,,,,,,,,,,,,,,,,,,,,,,,,,,,,,,,,,,San Francisco,2012-07-22
2013,7,22,,,,,,,,,,,,,,,,,,,,,,,,,,,,,,,,,,,,,,,,,,,,,,,,,,,,,,,,,,,,,,,,,,,,,San Francisco,2013-07-22
2014,7,22,,,,,,,,,,,,,,,,,,,,,,,,,,,,,,,,,,,,,,,,,,,,,,,,,,,,,,,,,,,,,,,,,,,,,San Francisco,2014-07-22
2015,7,22,254,311,21,5,10,14,37,30,18,24,85,109,168,215,17,2,8,9,25,27,15,17,67,84,65,74,2,2,1,4,8,2,3,5,13,18,4,3,0,0,1,0,0,0,0,1,0,1,17,19,2,1,0,1,4,1,0,1,5,6,2144,17,159,-102,136,1538,116,332,San Francisco,2015-07-22
2016,7,22,269,245,28,8,13,12,37,32,9,25,78,103,175,179,15,1,10,8,29,26,7,18,62,80,63,46,12,4,3,4,4,5,2,7,11,18,1,2,0,0,0,0,1,0,0,0,1,1,30,18,1,3,0,0,3,1,0,0,4,4,1983,11,164,-107,131,1271,122,422,San Francisco,2016-07-22
2017,7,22,263,249,21,14,10,12,41,28,6,22,75,97,169,162,13,3,5,5,31,20,4,10,55,65,65,59,3,7,4,4,8,5,2,8,15,23,3,5,0,0,0,0,1,0,0,0,1,1,26,23,5,4,1,3,1,3,0,4,4,8,2153,12,173,-106,132,1274,127,480,San Francisco,2017-07-22
2018,7,22,151,301,18,3,6,13,38,31,5,19,74,93,63,203,14,0,3,6,25,25,2,9,52,61,73,62,1,1,2,4,8,3,2,6,13,19,2,4,0,1,0,1,0,1,0,1,1,2,13,32,3,1,1,2,5,2,1,3,8,11,1890,16,156,-105,133,1139,103,412,San Francisco,2018-07-22
2019,7,22,220,270,12,10,9,15,43,41,13,24,97,121,150,195,11,1,7,9,32,35,11,16,78,94,58,51,0,8,1,3,10,4,1,4,15,19,1,0,0,0,0,0,0,0,0,0,0,0,11,24,1,1,1,3,1,2,1,4,4,8,2165,10,160,-104,134,1347,130,453,San Francisco,2019-07-22
2020,7,22,153,207,11,9,4,10,47,30,13,14,90,104,79,161,8,4,1,9,34,27,9,10,70,80,57,34,1,3,2,0,9,1,2,2,12,14,0,1,0,0,0,0,0,0,1,0,1,1,17,11,2,2,1,1,4,2,1,2,7,9,1564,9,110,-102,136,1032,98,298,San Francisco,2020-07-22
2021,7,22,113,226,18,7,4,7,45,44,7,11,96,107,63,172,14,3,3,4,27,36,7,7,70,77,41,39,1,4,1,1,13,2,0,2,15,17,1,2,1,0,0,0,3,2,0,0,5,5,8,13,2,0,0,2,2,4,0,2,6,8,1564,18,86,-108,130,963,105,361,San Francisco,2021-07-22
2022,7,22,95,157,15,3,12,5,34,41,9,17,84,101,42,104,14,0,10,3,25,35,5,13,65,78,42,41,0,3,1,1,7,6,4,2,17,19,1,3,0,0,0,0,0,0,0,0,0,0,10,9,1,0,1,1,2,0,0,2,2,4,1250,10,90,-107,131,707,97,336,San Francisco,2022-07-22
2023,7,22,135,160,12,4,8,9,30,31,17,17,78,95,80,104,10,1,7,8,17,25,13,15,55,70,40,37,2,2,0,1,11,5,2,1,18,19,5,1,0,0,0,0,1,0,0,0,1,1,10,18,0,1,1,0,1,1,2,1,4,5,1556,12,135,-106,132,790,99,459,San Francisco,2023-07-22
2024,7,22,93,175,12,11,9,7,38,24,16,16,78,94,55,125,11,4,3,2,28,16,12,5,56,61,29,35,1,7,5,3,6,7,4,8,17,25,2,1,0,0,1,0,0,0,0,1,0,1,7,14,0,0,0,2,4,1,0,2,5,7,1664,9,138,-104,134,876,108,340,San Francisco,2024-07-22
2012,8,22,,,,,,,,,,,,,,,,,,,,,,,,,,,,,,,,,,,,,,,,,,,,,,,,,,,,,,,,,,,,,,,,,,,,,San Francisco,2012-08-22
2013,8,22,,,,,,,,,,,,,,,,,,,,,,,,,,,,,,,,,,,,,,,,,,,,,,,,,,,,,,,,,,,,,,,,,,,,,San Francisco,2013-08-22
2014,8,22,,,,,,,,,,,,,,,,,,,,,,,,,,,,,,,,,,,,,,,,,,,,,,,,,,,,,,,,,,,,,,,,,,,,,San Francisco,2014-08-22
2015,8,22,317,319,18,9,13,17,34,27,16,30,77,107,171,211,12,0,7,10,20,21,12,17,53,70,126,84,6,9,4,4,12,5,3,8,20,28,2,5,0,0,0,0,0,0,0,0,0,0,18,19,0,0,2,3,2,1,1,5,4,9,2234,12,118,-71,167,1498,126,423,San Francisco,2015-08-22
2016,8,22,252,274,13,12,8,7,36,35,11,15,82,97,179,185,11,2,3,6,29,30,8,9,67,76,56,66,2,9,3,1,6,4,2,4,12,16,6,2,0,0,0,0,0,0,0,0,0,0,11,21,0,1,2,0,1,1,1,2,3,5,2162,21,134,-76,162,1459,123,393,San Francisco,2016-08-22
2017,8,22,284,315,25,8,11,11,31,49,10,22,90,112,194,201,18,0,7,7,18,33,8,14,59,73,77,95,4,6,3,4,7,11,1,7,19,26,5,5,0,0,0,0,2,0,0,0,2,2,8,14,3,2,1,0,4,5,1,1,10,11,2644,25,131,-75,163,1716,137,416,San Francisco,2017-08-22
2018,8,22,175,344,22,7,12,8,37,42,7,20,86,106,98,251,16,0,5,5,26,32,4,10,62,72,59,70,1,4,5,1,9,9,2,6,20,26,8,1,0,0,0,0,0,0,0,0,0,0,10,22,5,3,2,2,2,1,1,4,4,8,2235,18,166,-74,164,1416,129,461,San Francisco,2018-08-22
2019,8,22,271,327,25,2,16,9,27,36,8,25,71,96,193,224,18,0,13,5,18,28,6,18,52,70,58,74,6,2,3,4,5,5,2,7,12,19,6,6,0,0,0,0,0,0,0,0,0,0,14,23,1,0,0,0,4,3,0,0,7,7,2379,25,141,-73,165,1495,126,492,San Francisco,2019-08-22
2020,8,22,205,181,12,14,12,11,51,40,18,23,109,132,87,118,9,1,6,7,34,32,14,13,80,93,95,50,2,11,2,4,15,5,3,6,23,29,2,1,0,0,0,0,0,0,0,0,0,0,21,12,1,2,4,0,2,3,1,4,6,10,1861,13,137,-71,167,1185,96,435,San Francisco,2020-08-22
2021,8,22,119,171,12,9,9,13,44,25,20,22,89,111,49,107,7,5,7,8,32,20,13,15,65,80,65,40,4,4,2,5,12,3,6,7,21,28,1,3,0,0,0,0,0,0,0,0,0,0,4,21,1,0,0,0,0,2,1,0,3,3,1661,9,119,-77,161,1057,96,324,San Francisco,2021-08-22
2022,8,22,113,199,19,7,4,5,37,32,9,9,78,87,60,137,14,2,3,4,25,28,8,7,61,68,43,46,1,4,1,0,8,2,1,1,11,12,2,2,0,0,0,0,1,0,0,0,1,1,8,14,4,1,0,1,3,2,0,1,5,6,1507,12,89,-76,162,867,87,355,San Francisco,2022-08-22
2023,8,22,99,199,18,13,8,15,35,39,10,23,84,107,48,144,14,2,4,9,22,31,6,13,59,72,39,38,2,8,3,6,12,6,2,9,20,29,0,1,2,0,1,0,0,1,0,1,1,2,12,16,0,3,0,0,1,1,2,0,4,4,1735,21,142,-75,163,949,119,445,San Francisco,2023-08-22
2024,8,22,118,207,12,8,4,7,37,28,14,11,79,90,74,152,8,1,4,2,20,20,11,6,51,57,33,37,4,6,0,5,13,4,1,5,18,23,1,1,0,0,0,0,1,0,1,0,2,2,10,17,0,1,0,0,3,4,1,0,8,8,1644,13,127,-73,165,943,111,417,San Francisco,2024-08-22
2012,9,22,,,,,,,,,,,,,,,,,,,,,,,,,,,,,,,,,,,,,,,,,,,,,,,,,,,,,,,,,,,,,,,,,,,,,San Francisco,2012-09-22
2013,9,22,,,,,,,,,,,,,,,,,,,,,,,,,,,,,,,,,,,,,,,,,,,,,,,,,,,,,,,,,,,,,,,,,,,,,San Francisco,2013-09-22
2014,9,22,,,,,,,,,,,,,,,,,,,,,,,,,,,,,,,,,,,,,,,,,,,,,,,,,,,,,,,,,,,,,,,,,,,,,San Francisco,2014-09-22
2015,9,22,206,354,16,10,13,8,44,44,21,21,109,130,120,227,11,0,6,1,24,30,17,7,71,78,65,91,3,10,7,5,15,11,4,12,30,42,9,6,0,0,0,0,0,0,0,0,0,0,12,30,2,0,0,2,5,3,0,2,8,10,2359,33,171,-40,198,1678,129,385,San Francisco,2015-09-22
2016,9,22,242,310,26,6,9,16,42,38,11,25,91,116,141,202,18,1,1,11,25,27,9,12,61,73,83,77,4,4,8,5,11,8,2,13,21,34,6,1,1,0,0,0,1,0,0,0,1,1,12,30,3,1,0,0,5,3,0,0,8,8,2374,25,149,-45,193,1613,119,413,San Francisco,2016-09-22
2017,9,22,268,311,18,6,7,18,33,32,8,25,73,98,162,206,9,1,1,6,21,22,6,7,49,56,86,82,5,5,6,9,11,8,1,15,20,35,3,3,0,0,0,0,0,0,1,0,1,1,17,20,4,0,0,3,1,2,0,3,3,6,2252,24,146,-44,194,1439,123,440,San Francisco,2017-09-22
2018,9,22,234,352,15,6,8,10,40,41,10,18,91,109,96,228,10,1,6,8,25,32,3,14,60,74,127,94,4,5,1,1,13,5,6,2,24,26,5,2,0,0,1,0,0,1,0,1,1,2,6,28,1,0,0,1,2,3,1,1,6,7,2211,19,163,-43,195,1360,132,470,San Francisco,2018-09-22
2019,9,22,182,322,13,10,5,16,43,53,8,21,104,125,99,185,4,1,0,8,25,40,6,8,71,79,67,105,9,8,5,6,14,8,0,11,22,33,0,3,0,0,0,1,2,0,1,1,3,4,16,29,0,1,0,1,2,5,1,1,8,9,2114,17,154,-42,196,1335,112,451,San Francisco,2019-09-22
2020,9,22,108,215,14,12,6,12,55,35,12,18,102,120,50,141,11,1,4,6,34,26,9,10,69,79,49,56,3,10,1,5,14,5,1,6,20,26,3,1,0,0,0,0,2,1,1,0,4,4,6,17,0,1,1,1,5,3,1,2,9,11,1792,26,143,-40,198,1163,112,361,San Francisco,2020-09-22
2021,9,22,140,201,15,6,4,10,28,26,19,14,73,87,65,119,9,1,3,7,21,15,12,10,48,58,58,60,5,5,0,3,6,8,6,3,20,23,8,3,0,0,0,0,0,0,0,0,0,0,9,19,1,0,1,0,1,3,1,1,5,6,1766,25,101,-46,192,1069,143,376,San Francisco,2021-09-22
2022,9,22,118,199,17,6,6,14,44,38,12,20,94,114,66,123,11,1,2,7,31,28,5,9,64,73,44,58,3,3,4,7,10,8,5,11,23,34,4,2,1,0,0,0,0,0,0,0,0,0,4,16,2,2,0,0,3,2,2,0,7,7,1611,19,119,-45,193,888,92,391,San Francisco,2022-09-22
2023,9,22,119,215,10,12,5,5,40,31,12,10,83,93,58,129,8,0,2,5,26,22,8,7,56,63,53,74,0,9,3,0,10,7,2,3,19,22,0,2,0,0,0,0,2,0,0,0,2,2,8,10,2,3,0,0,2,2,2,0,6,6,1747,27,122,-44,194,976,102,475,San Francisco,2023-09-22
2024,9,22,102,159,13,9,5,8,33,27,9,13,69,82,47,96,5,2,4,5,20,20,8,9,48,57,48,57,8,6,1,2,9,3,0,3,12,15,2,1,0,0,0,0,2,0,0,0,2,2,5,5,0,1,0,1,2,4,1,1,7,8,1403,25,91,-42,196,744,86,386,San Francisco,2024-09-22
2012,10,22,,,,,,,,,,,,,,,,,,,,,,,,,,,,,,,,,,,,,,,,,,,,,,,,,,,,,,,,,,,,,,,,,,,,,San Francisco,2012-10-22
2013,10,22,,,,,,,,,,,,,,,,,,,,,,,,,,,,,,,,,,,,,,,,,,,,,,,,,,,,,,,,,,,,,,,,,,,,,San Francisco,2013-10-22
2014,10,22,,,,,,,,,,,,,,,,,,,,,,,,,,,,,,,,,,,,,,,,,,,,,,,,,,,,,,,,,,,,,,,,,,,,,San Francisco,2014-10-22
2015,10,22,267,321,24,3,10,8,34,43,21,18,98,116,131,172,18,0,5,2,22,26,15,7,63,70,109,122,4,3,5,6,10,9,5,11,24,35,12,6,0,0,0,0,0,0,1,0,1,1,15,21,2,0,0,0,2,8,0,0,10,10,2150,45,173,-10,228,1452,136,400,San Francisco,2015-10-22
2016,10,22,287,246,19,10,8,22,37,28,16,30,81,111,134,109,15,4,2,8,25,21,11,10,57,67,136,113,4,5,4,14,12,6,4,18,22,40,3,4,0,0,0,0,0,0,0,0,0,0,14,20,0,1,2,0,0,1,1,2,2,4,2100,35,144,-15,223,1245,122,498,San Francisco,2016-10-22
2017,10,22,218,286,18,4,3,13,39,33,6,16,78,94,91,148,9,2,3,6,21,24,6,9,51,60,110,110,8,2,0,7,17,4,0,7,21,28,3,5,0,0,0,0,1,0,0,0,1,1,14,23,1,0,0,0,0,5,0,0,5,5,1991,30,160,-14,224,1216,117,438,San Francisco,2017-10-22
2018,10,22,169,303,21,6,7,2,32,37,12,9,81,90,98,181,14,0,4,1,16,25,5,5,46,51,58,109,5,4,0,1,15,10,4,1,29,30,6,2,1,0,0,0,0,0,1,0,1,1,7,11,1,2,3,0,1,2,2,3,5,8,2058,42,132,-13,225,1266,118,385,San Francisco,2018-10-22
2019,10,22,189,342,30,11,9,18,35,42,3,27,80,107,85,204,20,1,4,9,16,20,3,13,39,52,64,107,6,10,5,6,18,14,0,11,32,43,5,5,0,0,0,0,1,0,0,0,1,1,35,26,4,0,0,3,0,8,0,3,8,11,2418,36,233,-12,226,1485,142,467,San Francisco,2019-10-22
2020,10,22,105,227,14,13,5,14,44,35,17,19,96,115,40,131,10,4,3,10,32,25,14,13,71,84,55,73,3,8,1,4,11,7,2,5,20,25,5,4,0,0,0,0,0,0,1,0,1,1,5,19,1,1,1,0,1,3,0,1,4,5,1595,39,94,-10,228,978,117,367,San Francisco,2020-10-22
2021,10,22,133,202,17,14,4,9,43,27,23,13,93,106,47,112,9,6,2,4,27,19,16,6,62,68,82,77,7,8,1,4,14,4,5,5,23,28,1,5,0,0,0,0,1,0,1,0,2,2,3,8,1,0,1,1,1,4,1,2,6,8,1642,28,105,-16,222,945,99,444,San Francisco,2021-10-22
2022,10,22,189,161,25,6,5,12,51,26,10,17,87,104,73,88,14,0,3,5,33,19,6,8,58,66,106,61,10,6,2,6,15,5,3,8,23,31,7,1,0,0,0,0,1,0,0,0,1,1,3,11,1,0,0,1,2,2,1,1,5,6,1633,29,105,-15,223,952,98,393,San Francisco,2022-10-22
2023,10,22,119,150,11,12,9,8,26,27,13,17,66,83,56,96,6,1,3,1,12,18,8,4,38,42,59,39,4,11,4,4,11,7,4,8,22,30,1,1,1,0,0,0,1,1,0,0,2,2,3,14,0,0,2,3,2,1,1,5,4,9,1430,20,83,-14,224,773,91,405,San Francisco,2023-10-22
2024,10,22,132,192,11,3,5,9,34,35,9,14,78,92,87,120,7,1,2,2,17,22,6,4,45,49,40,57,2,2,3,5,13,8,3,8,24,32,2,5,0,0,0,1,1,0,0,1,1,2,3,10,2,0,0,1,3,5,0,1,8,9,1705,36,107,-12,226,972,98,393,San Francisco,2024-10-22
2012,11,22,,,,,,,,,,,,,,,,,,,,,,,,,,,,,,,,,,,,,,,,,,,,,,,,,,,,,,,,,,,,,,,,,,,,,San Francisco,2012-11-22
2013,11,22,,,,,,,,,,,,,,,,,,,,,,,,,,,,,,,,,,,,,,,,,,,,,,,,,,,,,,,,,,,,,,,,,,,,,San Francisco,2013-11-22
2014,11,22,,,,,,,,,,,,,,,,,,,,,,,,,,,,,,,,,,,,,,,,,,,,,,,,,,,,,,,,,,,,,,,,,,,,,San Francisco,2014-11-22
2015,11,22,240,346,24,18,12,15,29,22,16,27,67,94,91,164,17,2,2,8,16,16,12,10,44,54,128,143,7,16,8,3,11,5,4,11,20,31,3,5,0,0,0,1,0,0,0,1,0,1,18,34,0,0,2,3,2,1,0,5,3,8,2037,17,200,21,259,1308,99,438,San Francisco,2015-11-22
2016,11,22,214,227,35,9,8,11,45,44,11,19,100,119,108,117,14,2,3,6,24,31,4,9,59,68,84,90,9,6,4,5,17,11,6,9,34,43,9,3,3,0,0,0,0,0,0,0,0,0,13,17,9,1,1,0,4,2,1,1,7,8,1946,30,228,16,254,1279,132,337,San Francisco,2016-11-22
2017,11,22,215,335,21,9,11,14,41,41,9,25,91,116,111,191,13,0,3,7,28,18,8,10,54,64,86,123,7,9,7,6,13,19,0,13,32,45,10,3,0,0,0,0,0,1,0,0,1,1,8,18,1,0,1,1,0,3,1,2,4,6,2262,30,201,17,255,1553,92,350,San Francisco,2017-11-22
2018,11,22,124,205,22,7,12,8,36,24,7,20,67,87,65,118,6,1,6,1,22,15,5,7,42,49,50,75,13,4,4,6,12,8,0,10,20,30,4,2,0,0,0,0,0,0,1,0,1,1,5,10,3,2,2,1,2,1,1,3,4,7,1500,24,123,18,256,1021,84,231,San Francisco,2018-11-22
2019,11,22,229,282,25,8,14,16,35,40,12,30,87,117,103,149,14,1,6,5,22,26,7,11,55,66,104,96,9,7,6,8,12,9,4,14,25,39,3,6,1,0,1,0,0,1,0,1,1,2,19,31,1,0,1,3,1,4,1,4,6,10,2355,28,239,19,257,1469,120,520,San Francisco,2019-11-22
2020,11,22,121,183,6,18,3,7,39,30,9,10,78,88,33,85,2,1,0,3,29,19,2,3,50,53,75,82,4,15,1,4,8,6,5,5,19,24,1,2,0,0,0,0,0,0,1,0,1,1,12,14,0,2,2,0,2,5,1,2,8,10,1363,16,113,21,259,864,87,297,San Francisco,2020-11-22
2021,11,22,102,194,20,7,9,6,39,43,13,15,95,110,44,110,10,2,6,4,24,30,7,10,61,71,48,71,8,5,3,2,13,8,4,5,25,30,3,3,0,0,0,0,1,0,1,0,2,2,7,10,2,0,0,0,1,5,1,0,7,7,1565,26,113,15,253,896,111,426,San Francisco,2021-11-22
2022,11,22,65,141,13,12,2,10,38,30,10,12,78,90,29,80,6,2,0,3,21,18,4,3,43,46,30,44,4,10,2,4,15,9,4,6,28,34,2,3,0,0,0,0,0,0,0,0,0,0,4,14,3,0,0,3,2,3,2,3,7,10,1437,23,143,16,254,811,99,313,San Francisco,2022-11-22
2023,11,22,79,177,17,2,9,6,23,20,9,15,52,67,28,97,9,0,3,2,11,12,5,5,28,33,41,62,7,2,6,2,11,6,2,8,19,27,1,7,0,0,0,0,0,0,1,0,1,1,9,11,1,0,0,2,1,2,1,2,4,6,1327,22,107,17,255,747,90,355,San Francisco,2023-11-22
2024,11,22,124,158,22,5,8,9,39,23,5,17,67,84,72,80,9,1,3,5,25,20,2,8,47,55,39,63,11,4,3,4,10,2,3,7,15,22,2,1,0,0,0,0,2,0,0,0,2,2,11,14,2,0,2,0,2,1,0,2,3,5,1513,12,126,19,257,850,102,355,San Francisco,2024-11-22
2012,12,22,,,,,,,,,,,,,,,,,,,,,,,,,,,,,,,,,,,,,,,,,,,,,,,,,,,,,,,,,,,,,,,,,,,,,San Francisco,2012-12-22
2013,12,22,,,,,,,,,,,,,,,,,,,,,,,,,,,,,,,,,,,,,,,,,,,,,,,,,,,,,,,,,,,,,,,,,,,,,San Francisco,2013-12-22
2014,12,22,,,,,,,,,,,,,,,,,,,,,,,,,,,,,,,,,,,,,,,,,,,,,,,,,,,,,,,,,,,,,,,,,,,,,San Francisco,2014-12-22
2015,12,22,175,245,21,3,12,10,28,31,16,22,75,97,85,107,12,2,4,6,13,15,10,10,38,48,78,114,8,1,6,3,11,9,6,9,26,35,8,1,0,0,0,0,0,1,0,0,1,1,4,23,1,0,2,1,4,6,0,3,10,13,1919,37,196,51,289,1356,142,287,San Francisco,2015-12-22
2016,12,22,246,330,15,11,9,6,34,20,10,15,64,79,115,164,5,1,2,3,12,10,7,5,29,34,110,129,7,7,6,2,19,7,3,8,29,37,4,2,0,0,0,0,2,0,0,0,2,2,17,35,3,3,1,1,1,3,0,2,4,6,2314,42,242,46,284,1591,136,386,San Francisco,2016-12-22
2017,12,22,217,263,17,6,7,13,31,26,3,20,60,80,99,135,7,0,1,4,18,18,1,5,37,42,94,101,8,5,5,7,9,7,2,12,18,30,11,11,2,0,0,0,1,0,0,0,1,1,13,16,0,1,1,2,3,1,0,3,4,7,2134,59,189,47,285,1349,123,382,San Francisco,2017-12-22
2018,12,22,170,276,13,12,11,8,31,38,10,19,79,98,81,156,5,0,4,2,12,20,6,6,38,44,78,95,6,11,6,4,14,13,3,10,30,40,4,3,0,0,0,0,0,0,0,0,0,0,7,22,2,1,1,2,5,5,1,3,11,14,1912,26,219,48,286,1115,105,410,San Francisco,2018-12-22
2019,12,22,117,205,9,5,11,7,30,30,11,18,71,89,39,101,4,1,2,1,14,16,7,3,37,40,66,82,5,4,9,6,14,10,2,15,26,41,3,5,0,0,0,0,1,0,0,0,1,1,9,17,0,0,0,0,1,4,2,0,7,7,1632,24,143,49,287,966,122,361,San Francisco,2019-12-22
2020,12,22,91,164,12,8,4,8,42,58,13,12,113,125,39,90,7,2,4,5,19,34,10,9,63,72,46,58,4,6,0,3,17,17,2,3,36,39,0,4,0,0,0,0,3,0,0,0,3,3,6,12,1,0,0,0,3,7,1,0,11,11,1298,19,123,51,289,816,103,275,San Francisco,2020-12-22
2021,12,22,73,186,18,5,8,8,47,25,11,16,83,99,23,96,5,0,4,5,33,17,9,9,59,68,46,67,9,5,4,3,11,5,1,7,17,24,0,4,0,0,0,0,0,0,0,0,0,0,4,19,4,0,0,0,3,3,1,0,7,7,1367,29,121,45,283,793,98,305,San Francisco,2021-12-22
2022,12,22,101,159,10,9,5,8,43,38,12,13,93,106,41,67,4,4,1,4,32,19,7,5,58,63,53,70,5,4,1,3,9,11,3,4,23,27,2,8,0,0,0,0,0,0,0,0,0,0,5,14,1,1,3,1,2,8,2,4,12,16,1431,33,128,46,284,834,84,311,San Francisco,2022-12-22
2023,12,22,106,154,13,7,8,7,35,35,9,15,79,94,45,81,6,1,3,2,16,24,2,5,42,47,47,62,6,6,5,5,15,4,4,10,23,33,1,3,0,0,0,0,1,0,0,0,1,1,13,8,1,0,0,0,3,7,3,0,13,13,1434,28,130,47,285,808,83,332,San Francisco,2023-12-22
2024,12,22,86,157,14,6,8,9,33,32,8,17,73,90,27,90,7,2,3,4,16,17,5,7,38,45,54,52,6,4,5,5,15,13,3,10,31,41,1,2,0,0,0,0,0,0,0,0,0,0,4,13,1,0,0,0,2,2,0,0,4,4,1263,24,89,49,287,679,94,332,San Francisco,2024-12-22
2012,1,23,,,,,,,,,,,,,,,,,,,,,,,,,,,,,,,,,,,,,,,,,,,,,,,,,,,,,,,,,,,,,,,,,,,,,San Francisco,2012-01-23
2013,1,23,,,,,,,,,,,,,,,,,,,,,,,,,,,,,,,,,,,,,,,,,,,,,,,,,,,,,,,,,,,,,,,,,,,,,San Francisco,2013-01-23
2014,1,23,,,,,,,,,,,,,,,,,,,,,,,,,,,,,,,,,,,,,,,,,,,,,,,,,,,,,,,,,,,,,,,,,,,,,San Francisco,2014-01-23
2015,1,23,251,343,30,5,10,9,38,40,14,19,92,111,115,169,23,1,2,3,21,27,10,5,58,63,112,136,4,3,7,6,13,11,4,13,28,41,12,2,0,1,0,0,1,0,0,0,1,1,12,36,3,0,1,0,3,2,0,1,5,6,2149,39,182,-282,-44,1515,108,387,San Francisco,2015-01-23
2016,1,23,212,292,18,15,12,11,26,32,15,23,73,96,80,134,11,4,4,6,15,21,7,10,43,53,118,135,7,10,8,4,8,8,7,12,23,35,5,2,0,0,0,0,0,0,0,0,0,0,9,21,0,1,0,1,3,3,1,1,7,8,2095,21,190,-288,-50,1397,116,404,San Francisco,2016-01-23
2017,1,23,184,212,14,5,4,10,35,27,13,14,75,89,95,124,8,1,1,5,22,18,9,6,49,55,76,73,6,4,2,5,9,6,3,7,18,25,4,1,0,0,0,0,3,1,0,0,4,4,9,14,0,0,1,0,1,2,1,1,4,5,1924,34,185,-286,-48,1370,117,283,San Francisco,2017-01-23
2018,1,23,231,280,13,3,6,11,42,33,6,17,81,98,114,141,8,2,3,6,25,22,5,9,52,61,88,115,5,1,2,5,15,5,1,7,21,28,8,5,0,0,0,0,1,0,0,0,1,1,21,19,0,0,1,0,1,6,0,1,7,8,2157,41,241,-285,-47,1421,132,408,San Francisco,2018-01-23
2019,1,23,180,288,23,7,6,15,32,39,13,21,84,105,89,155,10,0,1,8,18,24,12,9,54,63,82,100,10,7,4,6,7,11,1,10,19,29,6,8,0,0,0,0,3,0,0,0,3,3,3,25,3,0,1,1,4,4,0,2,8,10,2229,47,207,-284,-46,1402,133,422,San Francisco,2019-01-23
2020,1,23,136,280,21,1,11,10,45,37,6,21,88,109,69,153,13,0,7,6,18,24,4,13,46,59,51,101,7,1,4,3,24,8,2,7,34,41,4,6,0,0,0,0,3,0,0,0,3,3,12,20,1,0,0,1,0,5,0,1,5,6,2011,40,181,-283,-45,1240,127,429,San Francisco,2020-01-23
2021,1,23,125,170,10,26,3,7,36,34,12,10,82,92,42,80,4,3,2,4,26,23,7,6,56,62,75,70,4,21,1,3,9,7,5,4,21,25,2,1,0,0,0,0,0,1,0,0,1,1,6,19,2,2,0,0,1,3,0,0,4,4,1587,23,146,-288,-50,988,94,360,San Francisco,2021-01-23
2022,1,23,104,168,12,16,6,16,36,21,17,22,74,96,30,79,5,2,4,5,18,16,10,9,44,53,64,75,2,13,1,11,17,3,5,12,25,37,4,1,0,0,0,0,1,0,0,0,1,1,6,13,5,1,1,0,0,2,2,1,4,5,1435,18,113,-287,-49,833,87,387,San Francisco,2022-01-23
2023,1,23,65,154,12,11,7,7,48,37,18,14,103,117,24,80,7,2,3,2,30,20,12,5,62,67,33,58,4,9,3,4,16,9,3,7,28,35,0,3,0,0,0,0,1,0,2,0,3,3,8,13,1,0,1,1,1,8,1,2,10,12,1522,37,139,-286,-48,872,91,370,San Francisco,2023-01-23
2024,1,23,94,192,7,2,4,8,31,28,7,12,66,78,45,97,3,1,2,6,15,17,5,8,37,45,41,74,4,1,0,2,13,7,0,2,20,22,0,2,0,0,0,0,0,0,2,0,2,2,8,19,0,0,2,0,3,4,0,2,7,9,1616,26,151,-285,-47,975,109,298,San Francisco,2024-01-23
2012,2,23,,,,,,,,,,,,,,,,,,,,,,,,,,,,,,,,,,,,,,,,,,,,,,,,,,,,,,,,,,,,,,,,,,,,,San Francisco,2012-02-23
2013,2,23,,,,,,,,,,,,,,,,,,,,,,,,,,,,,,,,,,,,,,,,,,,,,,,,,,,,,,,,,,,,,,,,,,,,,San Francisco,2013-02-23
2014,2,23,,,,,,,,,,,,,,,,,,,,,,,,,,,,,,,,,,,,,,,,,,,,,,,,,,,,,,,,,,,,,,,,,,,,,San Francisco,2014-02-23
2015,2,23,227,322,19,3,16,9,40,40,17,25,97,122,128,176,13,0,5,6,19,27,15,11,61,72,81,112,4,3,11,2,13,9,1,13,23,36,12,9,0,0,0,0,1,0,0,0,1,1,6,25,2,0,0,1,7,4,1,1,12,13,2261,40,163,-251,-13,1626,156,319,San Francisco,2015-02-23
2016,2,23,228,328,27,3,10,9,37,39,8,19,84,103,129,176,20,0,4,7,23,28,5,11,56,67,83,116,4,3,6,2,10,6,2,8,18,26,6,2,0,0,0,0,2,0,0,0,2,2,10,34,3,0,0,0,2,5,1,0,8,8,2220,23,182,-257,-19,1557,123,384,San Francisco,2016-02-23
2017,2,23,244,303,11,6,10,4,38,25,8,14,71,85,135,167,9,3,1,2,26,16,3,3,45,48,87,114,2,1,7,2,9,5,4,9,18,27,5,1,0,0,0,0,0,0,0,0,0,0,17,21,0,2,2,0,3,4,1,2,8,10,2399,22,179,-255,-17,1654,133,389,San Francisco,2017-02-23
2018,2,23,226,300,20,8,9,7,30,40,2,16,72,88,117,192,12,1,4,3,17,28,2,7,47,54,91,89,6,7,1,4,10,9,0,5,19,24,9,3,1,0,1,0,1,0,0,1,1,2,9,16,1,0,3,0,2,3,0,3,5,8,2232,25,180,-254,-16,1508,133,386,San Francisco,2018-02-23
2019,2,23,161,232,14,5,6,7,30,36,6,13,72,85,71,131,6,0,1,2,12,22,2,3,36,39,82,87,7,5,3,5,16,12,2,8,30,38,2,1,0,0,0,0,1,0,0,0,1,1,6,13,1,0,2,0,1,2,2,2,5,7,1923,9,147,-253,-15,1222,113,412,San Francisco,2019-02-23
2020,2,23,169,253,12,7,11,16,37,50,8,27,95,122,84,140,10,2,6,10,18,40,6,16,64,80,73,96,0,5,4,6,17,3,1,10,21,31,2,2,0,0,0,0,0,1,0,0,1,1,10,15,2,0,1,0,2,6,1,1,9,10,2044,14,164,-252,-14,1291,124,464,San Francisco,2020-02-23
2021,2,23,105,201,10,13,11,13,49,40,10,24,99,123,53,127,6,0,3,7,28,31,5,10,64,74,45,55,2,10,7,3,17,6,3,10,26,36,1,3,0,0,0,0,2,0,0,0,2,2,6,16,2,3,1,3,2,3,2,4,7,11,1675,25,108,-257,-19,1101,97,311,San Francisco,2021-02-23
2022,2,23,82,158,9,6,8,8,30,43,15,16,88,104,44,92,6,0,5,3,16,34,14,8,64,72,32,48,1,6,1,3,12,7,1,4,20,24,1,3,1,0,0,0,0,0,0,0,0,0,5,15,1,0,2,2,2,2,0,4,4,8,1330,24,100,-256,-18,751,99,362,San Francisco,2022-02-23
2023,2,23,65,183,12,10,9,10,56,18,13,19,87,106,26,110,9,1,5,6,39,11,10,11,60,71,33,57,3,9,3,3,14,6,2,6,22,28,1,2,0,0,0,0,2,0,0,0,2,2,5,14,0,0,1,1,1,1,1,2,3,5,1457,20,116,-255,-17,837,89,363,San Francisco,2023-02-23
2024,2,23,90,167,28,2,5,10,32,13,8,15,53,68,42,98,21,0,1,8,17,8,2,9,27,36,41,61,6,2,4,2,13,4,3,6,20,26,2,0,0,0,0,0,0,0,1,0,1,1,5,8,1,0,0,0,2,1,2,0,5,5,1664,23,104,-254,-16,971,96,389,San Francisco,2024-02-23
2012,3,23,,,,,,,,,,,,,,,,,,,,,,,,,,,,,,,,,,,,,,,,,,,,,,,,,,,,,,,,,,,,,,,,,,,,,San Francisco,2012-03-23
2013,3,23,,,,,,,,,,,,,,,,,,,,,,,,,,,,,,,,,,,,,,,,,,,,,,,,,,,,,,,,,,,,,,,,,,,,,San Francisco,2013-03-23
2014,3,23,,,,,,,,,,,,,,,,,,,,,,,,,,,,,,,,,,,,,,,,,,,,,,,,,,,,,,,,,,,,,,,,,,,,,San Francisco,2014-03-23
2015,3,23,234,334,28,8,16,12,53,35,19,28,107,135,135,226,24,2,10,5,31,24,17,15,72,87,77,80,4,4,6,7,12,5,0,13,17,30,9,4,0,0,0,0,1,2,2,0,5,5,13,24,0,2,0,0,9,4,0,0,13,13,2155,37,159,-223,15,1531,122,384,San Francisco,2015-03-23
2016,3,23,295,302,27,8,8,11,33,42,7,19,82,101,178,196,22,1,6,4,23,31,5,10,59,69,96,82,4,6,1,6,9,9,1,7,19,26,9,0,0,0,0,0,0,0,0,0,0,0,12,24,1,1,1,1,1,2,1,2,4,6,2361,23,136,-228,10,1621,148,441,San Francisco,2016-03-23
2017,3,23,265,284,31,2,7,8,27,32,14,15,73,88,155,168,23,0,2,4,20,22,8,6,50,56,87,96,5,2,4,3,6,8,4,7,18,25,9,1,1,0,0,0,1,0,1,0,2,2,14,19,2,0,1,1,0,2,1,2,3,5,2219,39,143,-227,11,1463,138,413,San Francisco,2017-03-23
2018,3,23,284,282,24,7,9,11,39,31,6,20,76,96,182,166,17,2,4,6,27,23,3,10,53,63,82,87,5,4,5,4,8,3,1,9,12,21,11,10,0,1,0,0,0,0,0,0,0,0,9,19,2,0,0,1,4,5,2,1,11,12,2202,35,121,-226,12,1310,135,494,San Francisco,2018-03-23
2019,3,23,185,306,11,6,4,15,33,41,4,19,78,97,94,195,4,0,0,7,15,31,1,7,47,54,81,91,6,3,2,5,14,6,3,7,23,30,1,4,0,0,0,0,3,1,0,0,4,4,9,16,1,3,2,3,1,3,0,5,4,9,2172,22,129,-225,13,1267,108,445,San Francisco,2019-03-23
2020,3,23,143,256,9,4,9,10,52,56,11,19,119,138,85,162,8,1,5,8,24,45,7,13,76,89,50,73,0,3,2,0,25,7,3,2,35,37,1,2,0,0,0,0,2,1,0,0,3,3,7,19,1,0,2,2,1,3,1,4,5,9,1844,24,86,-223,15,1135,126,321,San Francisco,2020-03-23
2021,3,23,99,216,14,10,5,11,39,40,11,16,90,106,59,142,8,2,4,6,27,33,10,10,70,80,36,61,5,7,1,1,11,3,1,2,15,17,1,1,0,0,0,0,0,0,0,0,0,0,3,12,1,1,0,4,1,4,0,4,5,9,1815,27,87,-229,9,1213,93,319,San Francisco,2021-03-23
2022,3,23,123,197,14,7,6,12,51,17,16,18,84,102,65,129,9,1,4,6,30,16,12,10,58,68,50,59,4,6,1,4,16,1,3,5,20,25,2,1,0,0,0,0,2,0,0,0,2,2,6,8,1,0,1,2,3,0,1,3,4,7,1514,20,69,-228,10,862,91,420,San Francisco,2022-03-23
2023,3,23,78,175,17,11,2,7,29,19,14,9,62,71,33,109,11,0,1,3,20,16,9,4,45,49,37,53,4,9,1,3,8,2,3,4,13,17,0,5,1,0,0,0,0,0,0,0,0,0,8,8,1,2,0,1,1,1,2,1,4,5,1573,21,120,-227,11,910,95,340,San Francisco,2023-03-23
2024,3,23,94,197,11,3,3,11,31,13,9,14,53,67,37,116,6,0,2,8,16,10,7,10,33,43,54,61,5,3,0,3,12,2,2,3,16,19,0,1,0,0,0,0,0,1,0,0,1,1,3,19,0,0,1,0,3,0,0,1,3,4,1538,17,95,-225,13,875,90,397,San Francisco,2024-03-23
2012,4,23,,,,,,,,,,,,,,,,,,,,,,,,,,,,,,,,,,,,,,,,,,,,,,,,,,,,,,,,,,,,,,,,,,,,,San Francisco,2012-04-23
2013,4,23,,,,,,,,,,,,,,,,,,,,,,,,,,,,,,,,,,,,,,,,,,,,,,,,,,,,,,,,,,,,,,,,,,,,,San Francisco,2013-04-23
2014,4,23,,,,,,,,,,,,,,,,,,,,,,,,,,,,,,,,,,,,,,,,,,,,,,,,,,,,,,,,,,,,,,,,,,,,,San Francisco,2014-04-23
2015,4,23,222,306,26,1,16,22,32,34,8,38,74,112,137,186,21,0,10,13,20,25,6,23,51,74,56,86,5,1,5,7,10,5,2,12,17,29,8,1,0,0,0,0,1,0,0,0,1,1,21,33,0,0,1,2,1,4,0,3,5,8,2127,20,151,-192,46,1499,131,354,San Francisco,2015-04-23
2016,4,23,285,279,16,3,8,14,36,30,7,22,73,95,164,192,9,1,6,8,25,20,3,14,48,62,100,69,5,1,1,5,9,9,3,6,21,27,2,1,1,1,0,0,0,0,0,0,0,0,19,17,1,0,1,1,2,1,1,2,4,6,2226,12,149,-197,41,1484,135,415,San Francisco,2016-04-23
2017,4,23,216,263,10,6,25,15,44,21,11,40,76,116,117,186,5,0,8,8,29,16,9,16,54,70,82,63,4,4,17,6,13,3,1,23,17,40,2,0,0,0,0,0,1,0,0,0,1,1,15,14,1,2,0,1,1,2,1,1,4,5,2085,9,115,-196,42,1314,147,385,San Francisco,2017-04-23
2018,4,23,295,272,16,8,11,7,39,40,7,18,86,104,221,189,15,0,6,4,27,31,5,10,63,73,55,69,1,7,3,3,7,4,1,6,12,18,5,1,0,0,0,0,1,0,0,0,1,1,14,13,0,1,2,0,4,5,1,2,10,12,2118,19,115,-195,43,1283,113,467,San Francisco,2018-04-23
2019,4,23,177,294,24,10,10,12,37,29,9,22,75,97,112,211,20,0,5,8,27,24,7,13,58,71,53,58,4,9,3,4,9,3,2,7,14,21,2,2,0,0,0,0,0,0,0,0,0,0,10,23,0,1,2,0,1,2,0,2,3,5,2144,20,139,-194,44,1345,130,454,San Francisco,2019-04-23
2020,4,23,179,254,7,7,3,11,41,32,14,14,87,101,110,189,6,1,3,8,24,27,11,11,62,73,57,51,0,6,0,2,14,3,3,2,20,22,0,1,0,0,0,0,1,1,0,0,2,2,12,13,1,0,0,1,2,1,0,1,3,4,2169,9,117,-192,46,1381,115,333,San Francisco,2020-04-23
2021,4,23,122,221,12,16,8,10,40,25,13,18,78,96,59,158,9,7,7,6,30,23,11,13,64,77,48,51,2,8,1,1,7,2,2,2,11,13,2,0,0,0,0,0,1,0,0,0,1,1,13,12,1,1,0,3,2,0,0,3,2,5,1590,12,101,-198,40,958,95,359,San Francisco,2021-04-23
2022,4,23,131,170,18,10,7,12,45,26,6,19,77,96,64,113,13,4,4,8,33,15,5,12,53,65,55,42,4,4,2,2,7,9,1,4,17,21,1,5,0,0,0,0,1,0,0,0,1,1,11,10,1,2,1,2,4,2,0,3,6,9,1451,10,118,-197,41,832,101,386,San Francisco,2022-04-23
2023,4,23,151,171,16,12,1,11,29,35,11,12,75,87,97,119,12,2,0,7,15,24,6,7,45,52,49,39,3,9,1,4,13,6,5,5,24,29,0,1,0,0,0,0,0,1,0,0,1,1,5,12,1,1,0,0,1,4,0,0,5,5,1629,13,111,-196,42,952,70,427,San Francisco,2023-04-23
2024,4,23,102,200,11,5,6,9,32,32,15,15,79,94,59,128,7,1,3,5,18,27,13,8,58,66,37,54,3,3,2,4,12,2,2,6,16,22,0,1,1,0,0,0,1,0,0,0,1,1,6,17,0,1,1,0,1,3,0,1,4,5,1774,13,122,-194,44,970,107,431,San Francisco,2024-04-23
2012,5,23,,,,,,,,,,,,,,,,,,,,,,,,,,,,,,,,,,,,,,,,,,,,,,,,,,,,,,,,,,,,,,,,,,,,,San Francisco,2012-05-23
2013,5,23,,,,,,,,,,,,,,,,,,,,,,,,,,,,,,,,,,,,,,,,,,,,,,,,,,,,,,,,,,,,,,,,,,,,,San Francisco,2013-05-23
2014,5,23,,,,,,,,,,,,,,,,,,,,,,,,,,,,,,,,,,,,,,,,,,,,,,,,,,,,,,,,,,,,,,,,,,,,,San Francisco,2014-05-23
2015,5,23,216,333,29,8,18,18,27,37,12,36,76,112,122,221,19,0,8,6,17,32,8,14,57,71,68,81,8,7,9,10,7,3,3,19,13,32,1,0,0,0,0,0,0,0,1,0,1,1,25,31,2,1,1,2,3,2,0,3,5,8,2254,9,206,-162,76,1613,108,357,San Francisco,2015-05-23
2016,5,23,266,298,15,9,12,9,49,37,7,21,93,114,202,218,11,3,11,6,40,32,5,17,77,94,38,67,4,5,0,1,7,3,1,1,11,12,0,1,0,0,0,0,1,0,0,0,1,1,26,12,0,1,1,2,1,2,1,3,4,7,2181,4,161,-167,71,1457,136,395,San Francisco,2016-05-23
2017,5,23,243,263,20,2,10,8,43,43,7,18,93,111,173,185,18,2,7,3,30,35,5,10,70,80,51,52,2,0,3,3,10,6,1,6,17,23,5,2,0,0,0,0,0,0,0,0,0,0,14,24,0,0,0,2,3,2,1,2,6,8,2442,12,148,-166,72,1631,136,433,San Francisco,2017-05-23
2018,5,23,122,379,22,6,9,8,26,40,7,17,73,90,74,269,17,1,3,6,19,30,7,9,56,65,32,86,3,3,6,1,5,4,0,7,9,16,4,5,0,0,0,0,0,0,0,0,0,0,12,19,2,2,0,1,2,6,0,1,8,9,2137,16,146,-165,73,1379,127,422,San Francisco,2018-05-23
2019,5,23,179,302,24,1,3,12,43,27,9,15,79,94,137,221,18,1,1,11,34,21,9,12,64,76,24,60,2,0,2,1,9,4,0,3,13,16,3,2,1,0,0,0,0,0,0,0,0,0,15,19,3,0,0,0,0,2,0,0,2,2,2236,14,155,-164,74,1376,98,439,San Francisco,2019-05-23
2020,5,23,148,202,2,4,3,16,30,37,13,19,80,99,71,140,1,1,1,11,21,32,12,12,65,77,57,35,0,1,1,4,7,2,1,5,10,15,2,3,0,0,1,0,1,0,0,1,1,2,18,24,1,2,0,1,1,3,0,1,4,5,1964,14,188,-162,76,1223,109,353,San Francisco,2020-05-23
2021,5,23,134,170,11,16,3,15,40,33,9,18,82,100,65,111,6,7,1,5,28,28,5,6,61,67,56,44,4,6,1,6,8,3,2,7,13,20,4,1,0,2,0,0,0,0,0,0,0,0,9,14,1,1,1,4,4,2,2,5,8,13,1502,16,135,-168,70,894,90,361,San Francisco,2021-05-23
2022,5,23,73,151,12,11,7,8,31,27,18,15,76,91,43,118,11,5,5,6,20,23,14,11,57,68,26,23,1,6,1,1,7,0,4,2,11,13,1,3,0,0,0,0,1,0,0,0,1,1,3,7,0,0,1,1,3,4,0,2,7,9,1406,10,80,-167,71,867,94,316,San Francisco,2022-05-23
2023,5,23,77,174,12,5,10,7,38,27,22,17,87,104,45,119,11,0,5,4,23,18,15,9,56,65,24,38,1,4,3,2,12,4,6,5,22,27,0,2,0,0,0,0,1,0,0,0,1,1,8,15,0,1,2,1,2,5,1,3,8,11,1575,10,105,-166,72,960,87,349,San Francisco,2023-05-23
2024,5,23,103,175,24,8,9,10,15,25,14,19,54,73,63,135,22,2,5,9,12,23,8,14,43,57,32,27,2,6,2,0,3,1,4,2,8,10,1,1,0,0,0,0,0,0,1,0,1,1,7,12,0,0,2,1,0,1,1,3,2,5,1694,9,123,-164,74,1006,107,406,San Francisco,2024-05-23
2012,6,23,,,,,,,,,,,,,,,,,,,,,,,,,,,,,,,,,,,,,,,,,,,,,,,,,,,,,,,,,,,,,,,,,,,,,San Francisco,2012-06-23
2013,6,23,,,,,,,,,,,,,,,,,,,,,,,,,,,,,,,,,,,,,,,,,,,,,,,,,,,,,,,,,,,,,,,,,,,,,San Francisco,2013-06-23
2014,6,23,,,,,,,,,,,,,,,,,,,,,,,,,,,,,,,,,,,,,,,,,,,,,,,,,,,,,,,,,,,,,,,,,,,,,San Francisco,2014-06-23
2015,6,23,211,349,20,4,10,9,28,40,25,19,93,112,141,279,16,0,3,6,17,36,21,9,74,83,43,37,1,2,5,2,9,3,2,7,14,21,5,3,0,0,0,0,0,0,1,0,1,1,22,30,3,2,2,1,2,1,1,3,4,7,2328,14,199,-131,107,1686,130,347,San Francisco,2015-06-23
2016,6,23,251,237,25,9,6,20,17,31,5,26,53,79,182,160,23,3,4,10,13,28,4,14,45,59,48,52,2,5,0,7,4,1,0,7,5,12,5,3,0,0,0,0,0,0,0,0,0,0,16,22,0,1,2,3,0,2,1,5,3,8,2034,14,193,-136,102,1359,145,370,San Francisco,2016-06-23
2017,6,23,262,217,20,12,10,19,35,37,4,29,76,105,169,149,18,5,4,14,26,33,2,18,61,79,65,45,2,6,3,3,5,2,1,6,8,14,9,4,0,0,0,0,0,0,0,0,0,0,19,19,0,1,3,2,4,2,1,5,7,12,2170,26,165,-135,103,1367,143,418,San Francisco,2017-06-23
2018,6,23,169,292,25,17,8,16,18,35,5,24,58,82,70,206,15,4,6,10,12,30,4,16,46,62,79,55,6,6,1,5,4,3,1,6,8,14,4,1,0,1,0,0,1,0,0,0,1,1,16,30,4,6,1,1,1,2,0,2,3,5,2215,13,202,-134,104,1409,121,506,San Francisco,2018-06-23
2019,6,23,215,255,20,9,5,10,31,29,7,15,67,82,143,177,11,2,2,6,19,24,7,8,50,58,60,55,6,5,3,3,10,3,0,6,13,19,1,0,0,1,0,0,0,0,0,0,0,0,11,23,3,1,0,1,2,2,0,1,4,5,2070,11,133,-133,105,1268,135,389,San Francisco,2019-06-23
2020,6,23,133,197,13,5,9,6,27,36,9,15,72,87,75,136,13,2,8,6,15,30,7,14,52,66,32,38,0,0,1,0,9,5,1,1,15,16,0,2,0,1,0,0,1,0,0,0,1,1,26,21,0,2,0,0,2,1,1,0,4,4,1622,15,146,-131,107,1043,87,334,San Francisco,2020-06-23
2021,6,23,125,191,19,14,7,10,51,29,14,17,94,111,68,144,18,5,6,7,40,25,13,13,78,91,33,33,1,8,1,1,8,1,0,2,9,11,4,2,0,0,0,0,1,0,0,0,1,1,20,12,0,1,0,2,2,3,1,2,6,8,1643,19,136,-137,101,985,97,407,San Francisco,2021-06-23
2022,6,23,97,182,13,4,4,12,29,24,13,16,66,82,58,138,11,1,3,7,21,22,10,10,53,63,24,28,2,2,1,4,5,2,1,5,8,13,1,1,0,0,0,0,0,0,1,0,1,1,14,15,0,1,0,1,3,0,1,1,4,5,1504,4,115,-136,102,849,101,383,San Francisco,2022-06-23
2023,6,23,129,195,14,7,6,6,43,29,12,12,84,96,71,146,11,3,5,4,30,24,9,9,63,72,42,34,1,0,1,1,6,3,1,2,10,12,0,0,0,0,0,0,1,0,0,0,1,1,16,15,2,4,0,1,6,2,2,1,10,11,1502,8,127,-135,103,795,106,481,San Francisco,2023-06-23
2024,6,23,112,164,11,10,7,9,29,25,11,16,65,81,58,117,8,3,4,5,17,19,9,9,45,54,40,34,2,5,2,1,10,1,1,3,12,15,1,1,0,1,1,0,0,0,0,1,0,1,13,12,1,1,0,3,2,5,1,3,8,11,1410,10,116,-133,105,798,83,354,San Francisco,2024-06-23
2012,7,23,,,,,,,,,,,,,,,,,,,,,,,,,,,,,,,,,,,,,,,,,,,,,,,,,,,,,,,,,,,,,,,,,,,,,San Francisco,2012-07-23
2013,7,23,,,,,,,,,,,,,,,,,,,,,,,,,,,,,,,,,,,,,,,,,,,,,,,,,,,,,,,,,,,,,,,,,,,,,San Francisco,2013-07-23
2014,7,23,,,,,,,,,,,,,,,,,,,,,,,,,,,,,,,,,,,,,,,,,,,,,,,,,,,,,,,,,,,,,,,,,,,,,San Francisco,2014-07-23
2015,7,23,277,313,14,4,12,16,38,35,16,28,89,117,192,222,11,2,8,9,29,28,13,17,70,87,62,70,3,2,3,5,7,5,3,8,15,23,6,2,0,0,1,0,1,1,0,1,2,3,17,19,0,0,0,2,1,1,0,2,2,4,2147,21,150,-101,137,1501,122,337,San Francisco,2015-07-23
2016,7,23,241,257,22,8,11,16,23,22,8,27,53,80,141,167,13,2,3,12,17,17,5,15,39,54,77,67,7,6,7,1,5,3,2,8,10,18,6,5,0,0,0,0,0,0,1,0,1,1,17,18,2,0,1,3,1,2,0,4,3,7,1991,24,136,-106,132,1311,123,375,San Francisco,2016-07-23
2017,7,23,253,213,17,11,13,21,30,29,13,34,72,106,160,143,13,3,7,14,22,23,11,21,56,77,71,52,3,4,4,5,8,4,2,9,14,23,4,0,0,0,0,0,0,1,0,0,1,1,18,18,1,4,2,2,0,1,0,4,1,5,2062,12,156,-105,133,1286,115,408,San Francisco,2017-07-23
2018,7,23,167,340,14,4,6,10,48,30,6,16,84,100,97,238,10,1,3,7,35,25,6,10,66,76,49,66,3,2,2,2,9,2,0,4,11,15,5,7,0,0,0,0,1,0,0,0,1,1,16,29,1,1,1,1,3,3,0,2,6,8,2187,19,137,-104,134,1441,116,383,San Francisco,2018-07-23
2019,7,23,179,294,17,6,7,9,49,28,9,16,86,102,100,204,14,2,5,4,33,24,9,9,66,75,45,63,3,3,1,4,13,3,0,5,16,21,1,5,0,0,0,0,0,0,0,0,0,0,33,22,0,1,1,1,3,1,0,2,4,6,2138,14,157,-103,135,1366,126,414,San Francisco,2019-07-23
2020,7,23,136,247,6,3,6,17,39,38,20,23,97,120,83,172,6,1,1,13,30,32,19,14,81,95,42,54,0,2,2,2,5,3,1,4,9,13,1,0,0,0,2,0,1,0,0,2,1,3,10,21,0,0,1,2,3,3,0,3,6,9,1596,10,97,-101,137,1001,119,343,San Francisco,2020-07-23
2021,7,23,123,223,7,9,2,10,54,20,10,12,84,96,57,161,6,2,1,5,37,13,9,6,59,65,51,46,1,7,0,5,15,1,1,5,17,22,0,2,0,0,0,0,0,1,0,0,1,1,15,14,0,0,1,0,2,5,0,1,7,8,1564,9,98,-107,131,936,96,391,San Francisco,2021-07-23
2022,7,23,130,169,14,6,7,13,42,20,2,20,64,84,61,117,12,2,3,10,24,16,2,13,42,55,50,42,2,3,3,3,14,4,0,6,18,24,1,2,0,0,0,0,1,0,0,0,1,1,18,8,0,1,1,0,3,0,0,1,3,4,1292,10,112,-106,132,722,92,366,San Francisco,2022-07-23
2023,7,23,131,155,9,10,11,7,30,19,14,18,63,81,65,101,6,3,8,5,18,15,5,13,38,51,59,49,2,4,3,2,8,0,7,5,15,20,0,0,0,2,0,0,0,0,0,0,0,0,7,5,1,1,0,0,4,4,2,0,10,10,1480,9,120,-105,133,881,79,380,San Francisco,2023-07-23
2024,7,23,117,168,12,6,6,7,34,31,12,13,77,90,68,121,9,0,5,4,22,30,10,9,62,71,34,34,0,6,1,2,11,1,2,3,14,17,1,0,0,0,0,0,0,0,0,0,0,0,14,13,3,0,0,1,1,0,0,1,1,2,1667,7,104,-103,135,945,95,333,San Francisco,2024-07-23
2012,8,23,,,,,,,,,,,,,,,,,,,,,,,,,,,,,,,,,,,,,,,,,,,,,,,,,,,,,,,,,,,,,,,,,,,,,San Francisco,2012-08-23
2013,8,23,,,,,,,,,,,,,,,,,,,,,,,,,,,,,,,,,,,,,,,,,,,,,,,,,,,,,,,,,,,,,,,,,,,,,San Francisco,2013-08-23
2014,8,23,,,,,,,,,,,,,,,,,,,,,,,,,,,,,,,,,,,,,,,,,,,,,,,,,,,,,,,,,,,,,,,,,,,,,San Francisco,2014-08-23
2015,8,23,302,280,16,13,10,17,30,39,9,27,78,105,149,188,9,4,3,3,18,35,9,6,62,68,129,75,6,9,3,12,7,4,0,15,11,26,3,2,0,0,0,0,0,0,0,0,0,0,21,15,1,0,4,2,5,0,0,6,5,11,2146,15,137,-70,168,1385,150,417,San Francisco,2015-08-23
2016,8,23,250,323,21,8,15,14,48,30,14,29,92,121,165,221,19,5,9,7,34,21,12,16,67,83,69,79,2,2,4,4,11,4,1,8,16,24,6,4,0,0,0,1,0,0,0,1,0,1,10,19,0,1,2,2,3,5,1,4,9,13,2275,20,135,-75,163,1610,103,379,San Francisco,2016-08-23
2017,8,23,261,309,16,6,10,8,38,35,10,18,83,101,157,211,14,4,5,1,28,27,8,6,63,69,79,79,1,2,4,5,8,5,2,9,15,24,7,2,0,0,0,0,0,0,0,0,0,0,18,17,1,0,1,2,2,3,0,3,5,8,2375,19,124,-74,164,1479,112,422,San Francisco,2017-08-23
2018,8,23,141,356,20,5,8,13,43,44,12,21,99,120,86,262,12,0,4,7,31,33,11,11,75,86,47,70,4,4,3,5,7,5,1,8,13,21,3,1,0,1,0,0,0,0,0,0,0,0,5,23,4,0,1,1,5,6,0,2,11,13,2256,13,159,-73,165,1468,132,454,San Francisco,2018-08-23
2019,8,23,253,314,21,9,12,5,45,46,2,17,93,110,150,216,15,2,8,4,30,36,1,12,67,79,79,68,4,7,3,1,10,3,1,4,14,18,3,2,0,0,0,0,2,0,0,0,2,2,21,28,2,0,1,0,3,7,0,1,10,11,2346,20,147,-72,166,1430,122,500,San Francisco,2019-08-23
2020,8,23,151,198,7,7,5,7,51,35,15,12,101,113,77,123,3,1,1,5,36,27,13,6,76,82,65,61,3,6,4,1,12,2,2,5,16,21,1,1,0,0,0,0,0,1,0,0,1,1,8,13,1,0,0,1,3,5,0,1,8,9,1630,10,105,-70,168,1065,92,339,San Francisco,2020-08-23
2021,8,23,94,206,10,8,2,8,42,31,14,10,87,97,51,140,8,1,1,6,34,25,11,7,70,77,34,53,2,7,0,1,6,3,2,1,11,12,1,1,0,0,0,0,0,1,0,0,1,1,8,12,0,0,1,1,2,2,1,2,5,7,1573,6,86,-76,162,989,102,340,San Francisco,2021-08-23
2022,8,23,111,176,14,8,12,10,48,31,13,22,92,114,65,129,12,3,8,10,34,26,11,18,71,89,38,39,0,5,3,0,12,2,2,3,16,19,2,3,0,0,0,0,0,0,0,0,0,0,6,5,2,0,1,0,2,3,0,1,5,6,1549,14,81,-75,163,897,85,378,San Francisco,2022-08-23
2023,8,23,132,200,16,3,7,12,30,21,11,19,62,81,71,143,11,0,3,5,18,17,4,8,39,47,48,42,3,3,4,4,11,2,7,8,20,28,0,0,0,0,0,0,0,1,0,0,1,1,13,15,2,0,0,3,1,1,0,3,2,5,1710,11,121,-74,164,960,124,447,San Francisco,2023-08-23
2024,8,23,143,256,17,8,3,7,31,38,10,10,79,89,87,163,13,3,0,4,13,32,10,4,55,59,48,73,2,5,3,3,18,3,0,6,21,27,0,3,0,0,0,0,0,0,0,0,0,0,8,17,2,0,0,0,0,3,0,0,3,3,1709,14,109,-72,166,986,119,470,San Francisco,2024-08-23
2012,9,23,,,,,,,,,,,,,,,,,,,,,,,,,,,,,,,,,,,,,,,,,,,,,,,,,,,,,,,,,,,,,,,,,,,,,San Francisco,2012-09-23
2013,9,23,,,,,,,,,,,,,,,,,,,,,,,,,,,,,,,,,,,,,,,,,,,,,,,,,,,,,,,,,,,,,,,,,,,,,San Francisco,2013-09-23
2014,9,23,,,,,,,,,,,,,,,,,,,,,,,,,,,,,,,,,,,,,,,,,,,,,,,,,,,,,,,,,,,,,,,,,,,,,San Francisco,2014-09-23
2015,9,23,259,405,28,5,10,17,41,48,15,27,104,131,140,254,24,0,3,9,33,32,8,12,73,85,98,114,3,4,5,5,5,12,5,10,22,32,8,7,0,0,0,0,0,0,0,0,0,0,13,30,1,1,2,3,3,4,2,5,9,14,2411,37,166,-39,199,1669,126,446,San Francisco,2015-09-23
2016,9,23,256,293,37,11,8,6,35,32,8,14,75,89,150,181,29,0,2,4,24,20,6,6,50,56,86,84,5,11,5,1,8,8,2,6,18,24,12,3,0,0,0,0,1,0,0,0,1,1,8,25,3,0,1,1,2,4,0,2,6,8,2322,30,165,-44,194,1498,140,427,San Francisco,2016-09-23
2017,9,23,297,277,21,8,11,13,40,43,6,24,89,113,162,189,12,1,5,6,21,29,5,11,55,66,114,76,8,7,5,3,14,10,0,8,24,32,4,2,0,0,0,2,0,0,1,2,1,3,17,10,1,0,1,2,5,4,0,3,9,12,2207,24,131,-43,195,1320,126,514,San Francisco,2017-09-23
2018,9,23,187,290,22,7,11,9,54,43,10,20,107,127,95,198,16,1,3,5,28,34,9,8,71,79,81,76,6,6,6,4,20,6,1,10,27,37,6,3,0,0,1,0,2,0,0,1,2,3,5,13,0,0,1,0,4,3,0,1,7,8,1981,26,132,-42,196,1259,120,434,San Francisco,2018-09-23
2019,9,23,171,297,23,11,14,11,39,43,12,25,94,119,93,194,17,3,11,7,21,32,8,18,61,79,63,81,6,8,2,4,14,6,4,6,24,30,1,3,0,0,0,0,1,1,0,0,2,2,14,19,0,0,1,0,3,4,0,1,7,8,2283,22,154,-41,197,1395,127,474,San Francisco,2019-09-23
2020,9,23,136,201,6,7,7,9,47,39,11,16,97,113,58,134,5,4,5,6,23,31,7,11,61,72,71,51,1,2,1,3,24,5,4,4,33,37,0,1,0,0,0,0,0,1,0,0,1,1,7,15,0,1,1,0,0,2,0,1,2,3,1729,17,140,-39,199,1054,119,400,San Francisco,2020-09-23
2021,9,23,121,207,13,4,3,15,53,33,17,18,103,121,54,136,9,0,1,7,33,31,12,8,76,84,54,57,1,4,1,6,15,2,3,7,20,27,5,1,0,0,0,0,3,0,2,0,5,5,8,13,3,0,1,2,2,0,0,3,2,5,1684,19,132,-45,193,1032,107,409,San Francisco,2021-09-23
2022,9,23,143,218,18,6,7,16,41,43,13,23,97,120,57,134,8,2,4,10,29,35,11,14,75,89,80,62,9,4,2,5,11,5,0,7,16,23,1,2,0,0,0,0,0,0,1,0,1,1,5,20,1,0,1,1,1,3,1,2,5,7,1802,20,136,-44,194,1018,98,473,San Francisco,2022-09-23
2023,9,23,132,186,16,6,12,8,31,33,14,20,78,98,45,114,6,1,7,2,22,22,5,9,49,58,82,61,9,5,5,4,9,6,7,9,22,31,0,1,0,0,0,1,0,0,0,1,0,1,5,10,1,0,0,1,0,5,2,1,7,8,1534,13,111,-43,195,894,88,415,San Francisco,2023-09-23
2024,9,23,123,188,17,11,7,11,38,33,13,18,84,102,78,115,15,1,3,6,27,27,9,9,63,72,39,55,2,9,4,4,8,4,4,8,16,24,0,1,0,0,0,0,1,0,0,0,1,1,6,17,0,1,0,1,2,2,0,1,4,5,1648,12,96,-41,197,927,85,417,San Francisco,2024-09-23
2012,10,23,,,,,,,,,,,,,,,,,,,,,,,,,,,,,,,,,,,,,,,,,,,,,,,,,,,,,,,,,,,,,,,,,,,,,San Francisco,2012-10-23
2013,10,23,,,,,,,,,,,,,,,,,,,,,,,,,,,,,,,,,,,,,,,,,,,,,,,,,,,,,,,,,,,,,,,,,,,,,San Francisco,2013-10-23
2014,10,23,,,,,,,,,,,,,,,,,,,,,,,,,,,,,,,,,,,,,,,,,,,,,,,,,,,,,,,,,,,,,,,,,,,,,San Francisco,2014-10-23
2015,10,23,312,395,22,5,9,15,29,37,22,24,88,112,153,222,11,1,2,7,21,22,14,9,57,66,138,130,7,3,4,7,6,12,4,11,22,33,11,2,1,0,1,0,0,0,3,1,3,4,10,41,3,1,2,1,2,3,1,3,6,9,2296,47,199,-9,229,1509,116,445,San Francisco,2015-10-23
2016,10,23,225,300,17,7,10,10,37,28,10,20,75,95,123,164,8,0,2,8,17,16,8,10,41,51,89,114,6,6,6,2,15,8,1,8,24,32,3,2,0,0,0,0,1,0,0,0,1,1,10,20,3,1,2,0,4,4,1,2,9,11,1961,33,176,-14,224,1229,106,415,San Francisco,2016-10-23
2017,10,23,283,289,23,5,6,21,34,43,13,27,90,117,141,176,17,0,0,11,19,28,7,11,54,65,105,90,3,4,5,8,11,9,4,13,24,37,14,3,1,0,0,0,2,0,0,0,2,2,23,20,2,1,1,2,2,6,2,3,10,13,2244,43,183,-13,225,1434,142,430,San Francisco,2017-10-23
2018,10,23,154,318,24,3,13,20,56,38,7,33,101,134,77,175,21,2,5,11,34,26,7,16,67,83,63,118,3,1,5,5,18,5,0,10,23,33,4,2,0,0,0,0,0,0,0,0,0,0,10,23,0,0,3,4,4,7,0,7,11,18,2138,32,194,-12,226,1332,145,437,San Francisco,2018-10-23
2019,10,23,250,350,17,12,11,14,47,57,5,25,109,134,151,198,11,3,8,7,25,43,4,15,72,87,74,108,2,8,3,5,16,8,0,8,24,32,7,7,2,0,0,0,0,0,0,0,0,0,18,37,2,1,0,2,6,6,1,2,13,15,2554,54,214,-11,227,1557,135,532,San Francisco,2019-10-23
2020,10,23,145,203,14,7,7,15,42,40,12,22,94,116,66,110,7,1,4,7,21,26,7,11,54,65,69,74,6,2,2,7,20,8,3,9,31,40,2,2,0,0,0,0,1,3,2,0,6,6,8,17,1,4,1,1,0,3,0,2,3,5,1776,21,124,-9,229,1101,114,430,San Francisco,2020-10-23
2021,10,23,137,166,13,7,8,11,46,23,11,19,80,99,52,107,6,3,5,7,18,19,7,12,44,56,71,52,6,4,3,4,22,3,3,7,28,35,2,2,0,0,0,0,1,0,0,0,1,1,12,5,1,0,0,0,5,1,1,0,7,7,1564,25,109,-15,223,857,97,418,San Francisco,2021-10-23
2022,10,23,102,143,14,8,8,12,42,36,12,20,90,110,39,75,6,3,5,5,20,26,8,10,54,64,56,59,7,4,3,6,18,5,3,9,26,35,1,1,0,0,0,0,2,1,0,0,3,3,6,8,1,1,0,1,2,4,1,1,7,8,1382,16,100,-14,224,737,84,411,San Francisco,2022-10-23
2023,10,23,104,182,17,11,8,6,41,26,8,14,75,89,54,105,11,3,3,2,21,16,3,5,40,45,42,61,2,8,5,4,16,4,5,9,25,34,2,4,1,0,0,0,1,0,0,0,1,1,6,12,3,0,0,0,3,6,0,0,9,9,1558,30,122,-13,225,850,99,398,San Francisco,2023-10-23
2024,10,23,119,194,20,7,4,8,28,33,18,12,79,91,68,116,13,1,3,1,18,22,14,4,54,58,47,67,5,5,0,5,6,5,3,5,14,19,0,2,0,0,0,0,1,2,0,0,3,3,4,9,2,1,1,2,3,4,1,3,8,11,1700,43,111,-11,227,998,109,413,San Francisco,2024-10-23
2012,11,23,,,,,,,,,,,,,,,,,,,,,,,,,,,,,,,,,,,,,,,,,,,,,,,,,,,,,,,,,,,,,,,,,,,,,San Francisco,2012-11-23
2013,11,23,,,,,,,,,,,,,,,,,,,,,,,,,,,,,,,,,,,,,,,,,,,,,,,,,,,,,,,,,,,,,,,,,,,,,San Francisco,2013-11-23
2014,11,23,,,,,,,,,,,,,,,,,,,,,,,,,,,,,,,,,,,,,,,,,,,,,,,,,,,,,,,,,,,,,,,,,,,,,San Francisco,2014-11-23
2015,11,23,274,348,29,4,4,14,37,33,18,18,88,106,142,163,14,1,2,8,28,17,12,10,57,67,104,146,11,3,2,6,8,13,4,8,25,33,10,6,0,0,0,0,0,0,0,0,0,0,18,33,4,0,0,0,1,3,2,0,6,6,2213,28,229,22,260,1485,109,383,San Francisco,2015-11-23
2016,11,23,228,296,16,4,9,15,18,23,10,24,51,75,115,151,9,0,2,5,8,14,9,7,31,38,99,117,7,4,5,7,7,4,0,12,11,23,4,6,0,0,0,0,0,1,0,0,1,1,10,22,0,0,2,3,3,4,1,5,8,13,2206,29,231,17,255,1529,100,377,San Francisco,2016-11-23
2017,11,23,165,208,16,7,7,16,44,34,4,23,82,105,79,103,8,0,3,10,17,21,2,13,40,53,80,83,7,7,4,4,22,9,2,8,33,41,2,4,0,0,0,0,1,0,0,0,1,1,4,18,1,0,0,2,4,4,0,2,8,10,1659,21,136,18,256,1089,93,240,San Francisco,2017-11-23
2018,11,23,122,242,19,1,11,3,29,34,5,14,68,82,66,122,9,0,6,1,15,18,4,7,37,44,48,93,6,0,4,2,14,13,0,6,27,33,5,5,0,0,0,0,0,0,0,0,0,0,3,22,4,1,1,0,0,3,1,1,4,5,2084,26,210,19,257,1282,104,278,San Francisco,2018-11-23
2019,11,23,208,272,12,8,13,11,37,32,9,24,78,102,78,147,8,1,4,8,17,18,4,12,39,51,121,97,3,5,7,2,18,9,4,9,31,40,1,2,0,0,0,0,1,0,0,0,1,1,8,26,1,2,2,1,1,5,1,3,7,10,2092,17,190,20,258,1273,130,477,San Francisco,2019-11-23
2020,11,23,87,183,11,14,3,4,41,45,15,7,101,108,38,100,7,1,1,2,18,31,11,3,60,63,41,68,4,9,2,2,19,8,4,4,31,35,2,3,0,0,0,0,4,0,0,0,4,4,6,12,0,4,0,0,0,6,0,0,6,6,1615,23,114,22,260,1056,81,327,San Francisco,2020-11-23
2021,11,23,107,187,18,12,5,10,49,41,13,15,103,118,44,100,11,1,3,3,29,29,6,6,64,70,57,75,6,11,1,6,17,9,4,7,30,37,1,4,0,0,0,0,1,0,1,0,2,2,5,8,1,0,1,1,2,3,2,2,7,9,1516,20,100,16,254,889,92,394,San Francisco,2021-11-23
2022,11,23,89,187,15,7,4,7,47,30,14,11,91,102,45,102,9,1,2,1,26,23,10,3,59,62,38,72,4,6,1,4,16,5,1,5,22,27,4,4,1,0,0,0,0,0,1,0,1,1,2,9,1,0,1,2,5,2,2,3,9,12,1396,24,104,17,255,807,82,349,San Francisco,2022-11-23
2023,11,23,84,111,9,9,6,5,27,19,10,11,56,67,30,69,2,0,1,3,16,10,6,4,32,36,48,36,5,9,5,2,11,8,4,7,23,30,2,2,0,0,0,0,0,0,0,0,0,0,4,4,2,0,0,0,0,1,0,0,1,1,926,15,39,18,256,528,59,249,San Francisco,2023-11-23
2024,11,23,101,191,15,4,6,14,26,27,10,20,63,83,35,106,6,0,2,8,13,16,6,10,35,45,59,70,9,4,3,5,12,9,4,8,25,33,2,1,0,0,0,0,0,0,0,0,0,0,5,14,0,0,1,1,1,2,0,2,3,5,1572,17,130,20,258,892,92,435,San Francisco,2024-11-23
2012,12,23,,,,,,,,,,,,,,,,,,,,,,,,,,,,,,,,,,,,,,,,,,,,,,,,,,,,,,,,,,,,,,,,,,,,,San Francisco,2012-12-23
2013,12,23,,,,,,,,,,,,,,,,,,,,,,,,,,,,,,,,,,,,,,,,,,,,,,,,,,,,,,,,,,,,,,,,,,,,,San Francisco,2013-12-23
2014,12,23,,,,,,,,,,,,,,,,,,,,,,,,,,,,,,,,,,,,,,,,,,,,,,,,,,,,,,,,,,,,,,,,,,,,,San Francisco,2014-12-23
2015,12,23,221,275,23,4,9,13,32,26,17,22,75,97,114,138,13,0,4,6,19,19,13,10,51,61,82,106,8,4,5,5,11,3,3,10,17,27,11,3,1,0,0,0,1,1,0,0,2,2,14,28,1,0,0,2,1,3,1,2,5,7,2130,34,201,52,290,1432,129,361,San Francisco,2015-12-23
2016,12,23,160,214,14,8,8,8,39,34,7,16,80,96,75,92,9,0,2,1,20,20,5,3,45,48,72,103,3,7,4,7,13,12,1,11,26,37,6,3,0,0,0,0,1,0,0,0,1,1,7,16,2,1,2,0,5,2,1,2,8,10,1796,32,185,47,285,1186,130,295,San Francisco,2016-12-23
2017,12,23,191,269,7,8,8,8,33,37,7,16,77,93,95,126,4,0,3,2,22,18,5,5,45,50,85,106,3,7,4,6,9,13,2,10,24,34,4,4,0,0,0,0,1,1,0,0,2,2,7,33,0,1,1,0,1,5,0,1,6,7,1928,34,209,48,286,1195,117,342,San Francisco,2017-12-23
2018,12,23,141,248,9,7,14,14,35,34,6,28,75,103,71,126,2,0,6,6,18,17,1,12,36,48,62,103,4,7,8,8,13,15,3,16,31,47,0,3,0,0,0,0,1,1,1,0,3,3,8,16,3,0,0,0,3,1,1,0,5,5,1670,15,174,49,287,974,84,356,San Francisco,2018-12-23
2019,12,23,115,197,17,2,11,13,39,51,6,24,96,120,64,96,11,1,7,3,21,25,5,10,51,61,47,75,5,1,4,7,15,16,0,11,31,42,2,8,0,0,0,0,2,1,1,0,4,4,2,18,1,0,0,3,1,9,0,3,10,13,1790,35,208,50,288,1043,122,368,San Francisco,2019-12-23
2020,12,23,93,188,9,6,11,9,38,44,18,20,100,120,38,79,4,1,7,7,25,31,13,14,69,83,47,90,2,5,2,1,10,8,4,3,22,25,1,1,0,0,0,0,0,0,1,0,1,1,7,18,3,0,2,1,3,5,0,3,8,11,1395,18,110,52,290,874,99,290,San Francisco,2020-12-23
2021,12,23,62,187,10,16,6,7,35,26,8,13,69,82,25,112,4,2,2,4,23,20,6,6,49,55,33,66,5,11,3,3,7,5,1,6,13,19,3,2,0,0,0,0,3,0,0,0,3,3,1,7,1,3,1,0,2,1,1,1,4,5,1388,24,94,46,284,838,91,317,San Francisco,2021-12-23
2022,12,23,74,125,15,8,5,10,33,25,8,15,66,81,31,68,11,2,0,3,10,15,6,3,31,34,40,41,4,5,4,5,19,7,2,9,28,37,0,0,0,0,0,0,2,1,0,0,3,3,3,16,0,1,1,2,2,2,0,3,4,7,1229,19,113,47,285,719,76,309,San Francisco,2022-12-23
2023,12,23,115,138,10,9,9,11,30,30,6,20,66,86,48,76,4,0,3,3,14,17,5,6,36,42,63,48,5,7,5,7,14,11,0,12,25,37,2,3,0,0,0,0,0,1,0,0,1,1,2,11,1,2,1,1,2,1,1,2,4,6,1250,14,80,48,286,732,93,308,San Francisco,2023-12-23
2024,12,23,61,184,11,2,9,9,28,33,4,18,65,83,25,101,6,2,2,4,18,15,3,6,36,42,34,66,4,0,6,4,8,14,1,10,23,33,0,3,0,0,0,0,1,1,0,0,2,2,2,14,1,0,1,1,1,3,0,2,4,6,1310,25,112,50,288,747,102,295,San Francisco,2024-12-23
2012,1,24,,,,,,,,,,,,,,,,,,,,,,,,,,,,,,,,,,,,,,,,,,,,,,,,,,,,,,,,,,,,,,,,,,,,,San Francisco,2012-01-24
2013,1,24,,,,,,,,,,,,,,,,,,,,,,,,,,,,,,,,,,,,,,,,,,,,,,,,,,,,,,,,,,,,,,,,,,,,,San Francisco,2013-01-24
2014,1,24,,,,,,,,,,,,,,,,,,,,,,,,,,,,,,,,,,,,,,,,,,,,,,,,,,,,,,,,,,,,,,,,,,,,,San Francisco,2014-01-24
2015,1,24,248,263,17,17,5,16,32,35,12,21,79,100,98,111,11,0,0,3,15,19,6,3,40,43,136,127,6,13,5,12,15,12,4,17,31,48,5,4,0,0,0,0,1,0,0,0,1,1,9,21,0,4,0,1,1,4,2,1,7,8,1961,35,157,-281,-43,1287,151,395,San Francisco,2015-01-24
2016,1,24,208,356,19,3,12,8,37,30,11,20,78,98,98,165,12,0,2,2,19,13,9,4,41,45,97,155,5,3,10,6,15,14,2,16,31,47,1,5,0,0,0,0,0,0,0,0,0,0,12,31,2,0,0,0,3,3,0,0,6,6,2091,21,199,-287,-49,1412,113,373,San Francisco,2016-01-24
2017,1,24,227,268,17,2,5,15,29,31,11,20,71,91,107,137,9,0,2,4,15,19,9,6,43,49,102,103,3,2,3,11,11,6,2,14,19,33,7,4,0,0,0,0,0,0,0,0,0,0,11,24,5,0,0,0,3,6,0,0,9,9,2326,33,216,-285,-47,1681,108,342,San Francisco,2017-01-24
2018,1,24,228,273,22,1,5,12,45,38,10,17,93,110,120,158,8,0,4,4,19,25,9,8,53,61,84,94,5,0,0,7,22,8,1,7,31,38,12,8,0,0,0,0,1,1,0,0,2,2,12,13,9,1,1,1,3,4,0,2,7,9,2101,57,180,-284,-46,1366,134,361,San Francisco,2018-01-24
2019,1,24,147,337,12,3,10,11,31,36,4,21,71,92,78,183,8,0,5,4,19,23,4,9,46,55,64,121,2,3,4,6,11,9,0,10,20,30,2,7,0,0,0,0,1,0,0,0,1,1,3,26,2,0,1,1,0,4,0,2,4,6,2134,37,221,-283,-45,1356,125,365,San Francisco,2019-01-24
2020,1,24,154,280,16,9,9,11,36,34,12,20,82,102,60,155,8,0,3,6,21,24,6,9,51,60,80,94,7,5,4,4,13,4,5,8,22,30,6,2,0,0,0,0,0,0,0,0,0,0,8,29,1,4,2,1,2,6,1,3,9,12,2025,38,185,-282,-44,1257,105,452,San Francisco,2020-01-24
2021,1,24,108,178,11,21,2,4,53,33,15,6,101,107,32,93,5,7,1,0,34,25,10,1,69,70,70,62,5,12,1,2,17,5,5,3,27,30,2,5,0,0,0,0,1,0,0,0,1,1,4,18,1,2,0,2,1,3,0,2,4,6,1503,30,105,-287,-49,998,97,289,San Francisco,2021-01-24
2022,1,24,84,202,8,3,8,6,40,42,9,14,91,105,31,108,4,0,5,1,28,33,5,6,66,72,48,69,3,3,2,3,7,7,3,5,17,22,4,5,0,0,0,0,3,0,0,0,3,3,1,20,1,0,1,2,2,2,1,3,5,8,1570,33,113,-286,-48,976,91,356,San Francisco,2022-01-24
2023,1,24,89,166,12,9,6,10,38,32,14,16,84,100,42,96,8,3,4,4,27,21,10,8,58,66,35,52,2,6,2,5,9,3,4,7,16,23,0,4,0,0,0,0,1,1,0,0,2,2,12,14,2,0,0,1,1,7,0,1,8,9,1529,22,149,-285,-47,859,102,376,San Francisco,2023-01-24
2024,1,24,66,196,14,4,8,11,26,26,14,19,66,85,29,105,8,2,4,7,14,18,9,11,41,52,32,71,4,2,3,2,9,5,4,5,18,23,2,3,0,0,0,0,1,0,0,0,1,1,3,17,2,0,1,2,2,3,1,3,6,9,1546,42,152,-284,-46,882,109,352,San Francisco,2024-01-24
2012,2,24,,,,,,,,,,,,,,,,,,,,,,,,,,,,,,,,,,,,,,,,,,,,,,,,,,,,,,,,,,,,,,,,,,,,,San Francisco,2012-02-24
2013,2,24,,,,,,,,,,,,,,,,,,,,,,,,,,,,,,,,,,,,,,,,,,,,,,,,,,,,,,,,,,,,,,,,,,,,,San Francisco,2013-02-24
2014,2,24,,,,,,,,,,,,,,,,,,,,,,,,,,,,,,,,,,,,,,,,,,,,,,,,,,,,,,,,,,,,,,,,,,,,,San Francisco,2014-02-24
2015,2,24,223,350,20,6,16,14,39,41,16,30,96,126,115,200,17,4,7,9,26,21,12,16,59,75,80,111,2,2,8,4,10,10,4,12,24,36,12,4,0,0,0,0,1,0,0,0,1,1,16,35,1,0,1,1,2,10,0,2,12,14,2294,42,203,-250,-12,1670,125,350,San Francisco,2015-02-24
2016,2,24,262,344,23,6,11,9,31,34,16,20,81,101,148,224,17,0,4,4,20,18,14,8,52,60,89,87,5,6,6,5,11,14,2,11,27,38,8,5,0,0,0,0,0,0,0,0,0,0,17,28,1,0,1,0,0,2,0,1,2,3,2311,22,235,-256,-18,1605,114,433,San Francisco,2016-02-24
2017,2,24,209,267,22,7,5,7,27,35,12,12,74,86,115,159,18,4,1,2,15,22,10,3,47,50,75,82,3,3,3,3,10,10,2,6,22,28,6,3,0,0,0,1,0,0,0,1,0,1,13,23,1,0,1,1,2,3,0,2,5,7,2256,20,207,-254,-16,1529,151,371,San Francisco,2017-02-24
2018,2,24,214,282,17,7,8,11,37,24,7,19,68,87,105,167,8,2,3,3,21,12,5,6,38,44,97,97,7,5,5,8,12,9,2,13,23,36,2,4,1,0,0,0,0,0,0,0,0,0,10,14,1,0,0,0,4,3,0,0,7,7,1912,16,143,-253,-15,1246,128,377,San Francisco,2018-02-24
2019,2,24,167,258,14,5,6,5,33,29,15,11,77,88,97,153,11,2,3,3,14,20,10,6,44,50,57,94,3,3,2,1,16,6,2,3,24,27,6,2,0,0,0,0,1,0,1,0,2,2,7,9,0,0,1,1,2,3,2,2,7,9,1963,23,170,-252,-14,1170,101,430,San Francisco,2019-02-24
2020,2,24,155,280,9,3,3,14,40,51,16,17,107,124,81,159,7,0,2,8,24,36,8,10,68,78,56,97,2,3,1,4,10,9,6,5,25,30,5,2,0,0,0,0,1,0,1,0,2,2,13,22,0,0,0,2,5,6,1,2,12,14,2137,27,217,-251,-13,1352,114,404,San Francisco,2020-02-24
2021,2,24,108,211,14,7,6,8,51,36,8,14,95,109,54,135,9,1,3,2,32,28,3,5,63,68,45,62,3,6,1,6,19,5,3,7,27,34,2,1,0,0,0,0,0,0,0,0,0,0,7,13,2,0,2,0,0,3,2,2,5,7,1549,16,110,-256,-18,997,106,355,San Francisco,2021-02-24
2022,2,24,88,160,20,11,10,12,26,29,19,22,74,96,40,91,17,3,6,6,16,23,14,12,53,65,38,53,1,8,3,6,10,5,4,9,19,28,7,1,0,0,0,0,0,0,0,0,0,0,3,15,2,0,1,0,0,1,1,1,2,3,1464,21,119,-255,-17,869,96,346,San Francisco,2022-02-24
2023,2,24,86,188,21,6,12,5,28,24,14,17,66,83,25,103,11,1,7,4,15,15,7,11,37,48,55,73,6,5,5,1,13,4,6,6,23,29,2,1,0,0,0,0,0,0,1,0,1,1,4,11,4,0,0,0,0,5,0,0,5,5,1593,24,146,-254,-16,905,101,371,San Francisco,2023-02-24
2024,2,24,147,169,13,12,8,9,27,21,18,17,66,83,59,102,4,1,4,5,10,17,14,9,41,50,77,50,9,9,4,3,12,2,3,7,17,24,1,1,0,0,0,0,2,0,0,0,2,2,10,16,0,2,0,1,3,2,1,1,6,7,1591,14,131,-253,-15,836,109,434,San Francisco,2024-02-24
2012,3,24,,,,,,,,,,,,,,,,,,,,,,,,,,,,,,,,,,,,,,,,,,,,,,,,,,,,,,,,,,,,,,,,,,,,,San Francisco,2012-03-24
2013,3,24,,,,,,,,,,,,,,,,,,,,,,,,,,,,,,,,,,,,,,,,,,,,,,,,,,,,,,,,,,,,,,,,,,,,,San Francisco,2013-03-24
2014,3,24,,,,,,,,,,,,,,,,,,,,,,,,,,,,,,,,,,,,,,,,,,,,,,,,,,,,,,,,,,,,,,,,,,,,,San Francisco,2014-03-24
2015,3,24,254,354,36,1,13,13,25,46,18,26,89,115,145,249,23,0,7,6,15,38,15,13,68,81,87,79,9,1,6,5,7,7,3,11,17,28,8,4,0,0,0,0,1,0,0,0,1,1,14,22,4,0,0,2,2,1,0,2,3,5,2220,29,149,-222,16,1577,136,380,San Francisco,2015-03-24
2016,3,24,232,339,31,3,5,13,37,48,10,18,95,113,135,204,24,1,1,4,23,39,8,5,70,75,73,115,5,2,4,9,14,4,1,13,19,32,8,1,0,0,0,0,0,1,0,0,1,1,16,19,2,0,0,0,0,4,1,0,5,5,2312,27,136,-227,11,1607,134,421,San Francisco,2016-03-24
2017,3,24,188,260,17,6,7,13,41,26,12,20,79,99,104,148,9,3,2,9,31,19,7,11,57,68,73,96,6,3,4,4,9,4,3,8,16,24,6,5,1,0,0,0,1,1,0,0,2,2,5,11,1,0,1,0,0,2,2,1,4,5,1960,30,122,-226,12,1306,133,363,San Francisco,2017-03-24
2018,3,24,228,273,16,3,11,7,32,36,9,18,77,95,146,159,12,2,3,4,19,25,6,7,50,57,67,95,2,1,6,3,12,10,3,9,25,34,5,2,0,0,1,0,1,1,0,1,2,3,10,17,2,0,1,0,0,0,0,1,0,1,2037,27,126,-225,13,1259,129,415,San Francisco,2018-03-24
2019,3,24,172,251,8,6,10,11,33,32,6,21,71,92,91,177,5,0,4,8,20,25,4,12,49,61,75,59,3,5,6,3,9,3,1,9,13,22,0,3,0,0,0,0,2,0,0,0,2,2,6,12,0,1,0,0,2,4,1,0,7,7,1958,19,128,-224,14,1165,103,443,San Francisco,2019-03-24
2020,3,24,121,229,12,5,1,11,30,40,14,12,84,96,66,164,10,1,1,6,15,33,8,7,56,63,43,49,1,4,0,5,13,2,4,5,19,24,2,3,0,0,0,0,1,0,1,0,2,2,10,13,1,0,0,0,1,5,1,0,7,7,1783,28,94,-222,16,1171,90,278,San Francisco,2020-03-24
2021,3,24,125,221,12,10,4,3,38,30,10,7,78,85,75,149,8,3,1,2,24,28,5,3,57,60,43,55,3,5,3,1,12,1,5,4,18,22,1,2,0,0,0,0,0,0,0,0,0,0,6,15,1,2,0,0,2,1,0,0,3,3,1765,21,128,-228,10,1145,98,346,San Francisco,2021-03-24
2022,3,24,100,207,13,9,7,11,42,29,10,18,81,99,52,135,7,0,4,8,28,18,10,12,56,68,43,52,2,7,2,1,11,5,0,3,16,19,1,4,2,0,0,0,0,1,0,0,1,1,4,16,2,2,1,2,3,5,0,3,8,11,1501,20,102,-227,11,885,94,353,San Francisco,2022-03-24
2023,3,24,68,166,23,10,6,12,35,23,11,18,69,87,27,112,17,2,4,6,21,20,7,10,48,58,36,45,5,5,1,6,12,3,4,7,19,26,1,1,0,0,0,0,0,0,0,0,0,0,4,8,1,3,1,0,2,0,0,1,2,3,1599,14,98,-226,12,949,103,332,San Francisco,2023-03-24
2024,3,24,99,145,15,3,7,15,30,22,12,22,64,86,50,86,8,1,4,9,19,17,9,13,45,58,44,46,7,0,2,6,8,5,2,8,15,23,1,2,0,1,0,0,0,0,0,0,0,0,4,11,0,1,1,0,3,0,1,1,4,5,1472,17,85,-224,14,840,89,378,San Francisco,2024-03-24
2012,4,24,,,,,,,,,,,,,,,,,,,,,,,,,,,,,,,,,,,,,,,,,,,,,,,,,,,,,,,,,,,,,,,,,,,,,San Francisco,2012-04-24
2013,4,24,,,,,,,,,,,,,,,,,,,,,,,,,,,,,,,,,,,,,,,,,,,,,,,,,,,,,,,,,,,,,,,,,,,,,San Francisco,2013-04-24
2014,4,24,,,,,,,,,,,,,,,,,,,,,,,,,,,,,,,,,,,,,,,,,,,,,,,,,,,,,,,,,,,,,,,,,,,,,San Francisco,2014-04-24
2015,4,24,192,332,34,8,15,20,36,33,17,35,86,121,119,228,21,0,9,9,26,25,12,18,63,81,53,75,10,6,3,7,7,1,3,10,11,21,4,2,0,0,0,0,1,1,1,0,3,3,16,27,3,2,3,4,2,6,1,7,9,16,2208,16,162,-191,47,1571,124,366,San Francisco,2015-04-24
2016,4,24,240,307,26,3,5,16,23,37,6,21,66,87,139,210,17,0,2,10,13,30,6,12,49,61,83,81,9,2,2,3,8,6,0,5,14,19,1,0,0,0,1,0,0,1,0,1,1,2,17,16,0,1,0,3,2,0,0,3,2,5,2110,5,120,-196,42,1445,132,364,San Francisco,2016-04-24
2017,4,24,221,284,19,3,13,16,39,37,10,29,86,115,158,200,16,3,9,9,31,27,7,18,65,83,48,69,3,0,3,5,7,9,2,8,18,26,5,2,0,0,0,0,0,0,1,0,1,1,10,13,0,0,1,2,1,1,0,3,2,5,2339,16,116,-195,43,1714,137,301,San Francisco,2017-04-24
2018,4,24,256,280,23,1,7,11,49,48,13,18,110,128,178,190,16,0,3,8,30,39,10,11,79,90,56,74,5,1,4,1,17,8,2,5,27,32,8,3,0,0,0,0,0,0,0,0,0,0,14,13,2,0,0,2,2,1,1,2,4,6,2368,15,121,-194,44,1541,123,450,San Francisco,2018-04-24
2019,4,24,263,316,30,6,14,17,33,32,5,31,70,101,190,227,24,1,8,10,24,27,4,18,55,73,49,65,3,5,5,6,5,3,1,11,9,20,3,2,0,0,0,0,1,0,0,0,1,1,21,22,3,0,1,1,3,2,0,2,5,7,2413,17,169,-193,45,1519,136,493,San Francisco,2019-04-24
2020,4,24,176,281,5,5,8,10,49,20,13,18,82,100,90,201,5,1,6,9,29,17,12,15,58,73,68,52,0,2,1,1,18,2,0,2,20,22,0,4,0,0,0,0,0,0,0,0,0,0,18,24,0,2,1,0,2,1,1,1,4,5,1949,11,131,-191,47,1183,123,390,San Francisco,2020-04-24
2021,4,24,149,176,10,17,9,8,47,37,6,17,90,107,54,114,4,3,7,5,29,27,4,12,60,72,82,51,5,8,2,3,14,3,2,5,19,24,2,1,0,0,0,0,0,1,0,0,1,1,11,10,1,6,0,0,4,6,0,0,10,10,1510,11,97,-197,41,878,103,363,San Francisco,2021-04-24
2022,4,24,95,181,14,21,1,8,43,31,11,9,85,94,44,113,12,5,1,4,28,25,7,5,60,65,42,58,1,13,0,4,11,6,4,4,21,25,3,1,0,1,0,0,0,0,0,0,0,0,6,9,1,2,0,0,4,0,0,0,4,4,1302,10,88,-196,42,695,83,401,San Francisco,2022-04-24
2023,4,24,94,181,10,10,6,11,42,38,15,17,95,112,50,137,8,1,2,8,30,33,13,10,76,86,35,36,2,8,4,2,12,3,2,6,17,23,1,0,0,1,0,0,0,0,0,0,0,0,8,8,0,0,0,1,0,2,0,1,2,3,1546,6,87,-195,43,877,98,409,San Francisco,2023-04-24
2024,4,24,88,219,9,5,12,14,29,19,10,26,58,84,47,157,6,0,8,5,20,13,5,13,38,51,36,46,1,3,3,7,5,2,5,10,12,22,0,2,0,0,0,1,1,1,0,1,2,3,5,14,2,2,1,1,3,3,0,2,6,8,1603,13,120,-193,45,964,93,377,San Francisco,2024-04-24
2012,5,24,,,,,,,,,,,,,,,,,,,,,,,,,,,,,,,,,,,,,,,,,,,,,,,,,,,,,,,,,,,,,,,,,,,,,San Francisco,2012-05-24
2013,5,24,,,,,,,,,,,,,,,,,,,,,,,,,,,,,,,,,,,,,,,,,,,,,,,,,,,,,,,,,,,,,,,,,,,,,San Francisco,2013-05-24
2014,5,24,,,,,,,,,,,,,,,,,,,,,,,,,,,,,,,,,,,,,,,,,,,,,,,,,,,,,,,,,,,,,,,,,,,,,San Francisco,2014-05-24
2015,5,24,210,365,20,3,14,20,30,38,11,34,79,113,125,256,12,0,6,6,19,29,7,12,55,67,69,86,6,3,5,13,8,8,1,18,17,35,1,2,0,0,0,0,1,0,0,0,1,1,15,21,2,0,3,1,2,1,3,4,6,10,2146,16,169,-161,77,1521,118,361,San Francisco,2015-05-24
2016,5,24,293,272,21,8,13,10,40,39,11,23,90,113,212,199,20,6,6,8,32,27,9,14,68,82,53,53,0,1,7,2,6,5,2,9,13,22,4,1,0,0,0,0,0,0,0,0,0,0,24,19,1,1,0,0,2,7,0,0,9,9,2224,13,140,-166,72,1588,108,386,San Francisco,2016-05-24
2017,5,24,288,312,21,10,12,15,35,28,8,27,71,98,193,206,19,3,8,10,27,23,6,18,56,74,72,79,1,4,4,3,6,3,2,7,11,18,5,2,0,0,0,0,0,0,0,0,0,0,18,25,1,3,0,2,2,2,0,2,4,6,2457,21,146,-165,73,1622,123,438,San Francisco,2017-05-24
2018,5,24,150,314,14,2,10,10,42,46,8,20,96,116,98,233,14,0,7,9,34,37,5,16,76,92,42,54,0,1,2,1,5,3,2,3,10,13,3,5,0,0,0,0,0,0,0,0,0,0,7,22,0,1,1,0,3,6,1,1,10,11,2157,15,153,-164,74,1385,138,430,San Francisco,2018-05-24
2019,5,24,183,300,17,5,9,19,36,44,6,28,86,114,117,200,13,0,4,16,24,42,4,20,70,90,52,66,2,4,2,2,9,1,2,4,12,16,3,7,0,0,0,0,1,0,0,0,1,1,11,27,2,1,3,1,2,1,0,4,3,7,2269,27,165,-163,75,1352,139,534,San Francisco,2019-05-24
2020,5,24,134,237,13,7,9,15,35,28,6,24,69,93,54,147,8,1,5,8,24,25,5,13,54,67,67,60,1,4,3,3,8,2,1,6,11,17,5,0,0,0,0,0,0,0,0,0,0,0,8,30,4,2,1,4,3,1,0,5,4,9,1958,11,194,-161,77,1225,88,327,San Francisco,2020-05-24
2021,5,24,112,207,14,16,2,10,34,32,13,12,79,91,63,152,10,2,1,9,25,28,10,10,63,73,33,37,2,12,0,1,8,4,2,1,14,15,0,1,0,1,0,0,0,0,0,0,0,0,16,17,2,1,1,0,1,0,1,1,2,3,1568,6,111,-167,71,939,95,379,San Francisco,2021-05-24
2022,5,24,95,176,13,5,0,15,38,34,10,15,82,97,56,123,12,1,0,10,28,27,7,10,62,72,29,35,1,3,0,4,10,4,1,4,15,19,0,3,0,0,0,0,0,0,0,0,0,0,10,15,0,1,0,1,0,3,2,1,5,6,1451,9,121,-166,72,843,87,345,San Francisco,2022-05-24
2023,5,24,97,153,14,10,14,6,40,18,15,20,73,93,48,109,12,1,10,4,31,13,11,14,55,69,41,31,2,8,3,0,6,3,3,3,12,15,2,1,0,0,0,0,1,0,0,0,1,1,6,12,0,1,1,2,2,2,1,3,5,8,1368,9,98,-165,73,806,84,339,San Francisco,2023-05-24
2024,5,24,92,174,16,2,4,7,33,25,4,11,62,73,54,132,12,0,2,4,19,19,4,6,42,48,28,37,3,2,0,2,9,4,0,2,13,15,1,3,0,0,0,0,3,0,0,0,3,3,9,2,1,0,2,1,2,2,0,3,4,7,1550,14,121,-163,75,919,90,395,San Francisco,2024-05-24
2012,6,24,,,,,,,,,,,,,,,,,,,,,,,,,,,,,,,,,,,,,,,,,,,,,,,,,,,,,,,,,,,,,,,,,,,,,San Francisco,2012-06-24
2013,6,24,,,,,,,,,,,,,,,,,,,,,,,,,,,,,,,,,,,,,,,,,,,,,,,,,,,,,,,,,,,,,,,,,,,,,San Francisco,2013-06-24
2014,6,24,,,,,,,,,,,,,,,,,,,,,,,,,,,,,,,,,,,,,,,,,,,,,,,,,,,,,,,,,,,,,,,,,,,,,San Francisco,2014-06-24
2015,6,24,213,306,24,13,16,7,31,41,16,23,88,111,158,232,21,1,12,2,19,36,15,14,70,84,40,48,1,8,3,4,7,3,1,7,11,18,0,4,0,0,0,0,1,0,0,0,1,1,15,22,2,4,1,1,4,2,0,2,6,8,2129,13,177,-130,108,1483,125,371,San Francisco,2015-06-24
2016,6,24,265,363,24,17,13,18,32,32,9,31,73,104,187,248,20,6,10,9,24,32,6,19,62,81,54,76,2,4,3,4,6,0,1,7,7,14,0,4,0,1,0,0,0,0,0,0,0,0,24,35,2,6,0,5,2,0,2,5,4,9,2480,12,250,-135,103,1685,126,442,San Francisco,2016-06-24
2017,6,24,257,231,27,24,8,9,39,36,10,17,85,102,133,158,18,3,4,5,28,32,7,9,67,76,87,52,6,12,3,3,8,3,1,6,12,18,3,1,0,0,0,0,1,0,0,0,1,1,34,20,3,9,1,1,2,1,2,2,5,7,2254,17,232,-134,104,1368,131,449,San Francisco,2017-06-24
2018,6,24,153,230,17,17,20,17,32,42,8,37,82,119,68,148,13,2,10,10,19,35,5,20,59,79,61,53,3,10,6,6,7,5,1,12,13,25,1,3,0,0,1,0,1,0,1,1,2,3,23,26,1,5,3,1,5,2,1,4,8,12,1802,18,173,-133,105,1063,111,447,San Francisco,2018-06-24
2019,6,24,170,277,21,6,10,12,30,29,8,22,67,89,119,207,14,2,5,7,23,27,7,12,57,69,36,49,6,3,3,3,4,1,0,6,5,11,6,1,0,1,0,0,0,0,1,0,1,1,9,20,1,0,2,2,3,1,0,4,4,8,2050,20,168,-132,106,1279,123,433,San Francisco,2019-06-24
2020,6,24,181,203,13,12,4,11,34,35,15,15,84,99,102,153,8,3,4,7,27,34,9,11,70,81,39,37,3,8,0,2,7,0,3,2,10,12,8,0,0,0,0,0,0,0,2,0,2,2,32,13,2,1,0,2,0,1,1,2,2,4,1802,15,155,-130,108,1112,107,378,San Francisco,2020-06-24
2021,6,24,144,203,13,12,8,17,37,23,13,25,73,98,74,146,12,4,6,8,26,19,10,14,55,69,46,35,0,3,1,6,9,4,3,7,16,23,5,2,0,0,0,0,0,0,0,0,0,0,19,20,1,5,1,3,2,0,0,4,2,6,1641,24,129,-136,102,920,110,441,San Francisco,2021-06-24
2022,6,24,81,147,21,6,7,14,46,21,7,21,74,95,38,109,14,5,5,9,36,19,5,14,60,74,32,24,6,0,2,4,7,1,2,6,10,16,0,1,0,1,0,0,0,0,0,0,0,0,11,13,1,0,0,1,3,1,0,1,4,5,1251,9,122,-135,103,715,86,329,San Francisco,2022-06-24
2023,6,24,148,158,17,18,10,11,33,29,10,21,72,93,63,108,11,4,3,6,27,27,7,9,61,70,56,33,5,12,4,4,2,1,3,8,6,14,4,1,0,0,0,0,0,0,0,0,0,0,25,16,1,2,3,1,4,1,0,4,5,9,1580,10,147,-134,104,818,98,448,San Francisco,2023-06-24
2024,6,24,85,171,9,8,7,6,39,24,11,13,74,87,47,124,9,2,3,4,30,20,10,7,60,67,25,29,0,6,4,2,8,2,1,6,11,17,0,2,0,0,0,0,0,0,0,0,0,0,13,16,0,0,0,0,1,2,0,0,3,3,1561,8,126,-132,106,910,109,341,San Francisco,2024-06-24
2012,7,24,,,,,,,,,,,,,,,,,,,,,,,,,,,,,,,,,,,,,,,,,,,,,,,,,,,,,,,,,,,,,,,,,,,,,San Francisco,2012-07-24
2013,7,24,,,,,,,,,,,,,,,,,,,,,,,,,,,,,,,,,,,,,,,,,,,,,,,,,,,,,,,,,,,,,,,,,,,,,San Francisco,2013-07-24
2014,7,24,,,,,,,,,,,,,,,,,,,,,,,,,,,,,,,,,,,,,,,,,,,,,,,,,,,,,,,,,,,,,,,,,,,,,San Francisco,2014-07-24
2015,7,24,291,335,32,9,9,13,33,27,14,22,74,96,179,248,21,2,3,6,21,21,10,9,52,61,82,53,7,2,6,5,7,6,3,11,16,27,9,0,0,0,0,0,0,0,0,0,0,0,21,34,4,5,0,2,5,0,1,2,6,8,2268,15,187,-100,138,1599,145,386,San Francisco,2015-07-24
2016,7,24,202,284,16,8,10,19,27,26,5,29,58,87,123,187,12,2,3,12,23,23,5,15,51,66,68,75,4,5,4,6,4,3,0,10,7,17,0,1,0,0,0,0,0,0,0,0,0,0,11,21,0,1,3,1,0,0,0,4,0,4,1820,7,120,-105,133,1170,103,368,San Francisco,2016-07-24
2017,7,24,255,250,16,12,11,19,46,48,9,30,103,133,187,162,11,2,9,13,32,37,7,22,76,98,43,68,2,7,2,3,9,7,2,5,18,23,4,1,0,0,0,0,2,0,0,0,2,2,21,19,3,3,0,3,3,4,0,3,7,10,2252,11,155,-104,134,1395,147,377,San Francisco,2017-07-24
2018,7,24,156,314,20,11,12,10,30,48,11,22,89,111,87,212,17,3,6,6,25,38,8,12,71,83,53,82,0,5,5,2,3,4,2,7,9,16,0,0,1,0,0,0,1,0,0,0,1,1,16,20,2,3,1,2,1,6,1,3,8,11,2131,9,146,-103,135,1299,120,425,San Francisco,2018-07-24
2019,7,24,238,315,25,9,7,19,28,34,6,26,68,94,173,217,18,3,7,11,20,26,5,18,51,69,48,61,3,5,0,6,6,5,1,6,12,18,5,6,0,0,0,0,0,0,0,0,0,0,12,31,4,1,0,2,2,3,0,2,5,7,2326,21,161,-102,136,1447,147,492,San Francisco,2019-07-24
2020,7,24,151,175,14,6,5,9,34,41,2,14,77,91,75,112,11,2,3,5,25,37,1,8,63,71,59,45,2,4,1,3,7,3,1,4,11,15,1,1,0,0,0,0,0,0,0,0,0,0,16,17,1,0,1,1,2,1,0,2,3,5,1437,11,108,-100,138,905,100,326,San Francisco,2020-07-24
2021,7,24,134,171,12,8,6,3,35,23,18,9,76,85,58,105,8,0,2,2,21,18,13,4,52,56,63,45,3,8,4,1,11,3,2,5,16,21,0,0,0,0,0,0,0,0,0,0,0,0,13,21,1,0,0,0,3,2,3,0,8,8,1598,3,114,-106,132,903,98,414,San Francisco,2021-07-24
2022,7,24,77,153,18,7,5,15,35,23,13,20,71,91,37,97,12,1,2,11,27,18,11,13,56,69,27,37,4,6,2,2,6,0,1,4,7,11,4,2,0,0,0,1,0,0,0,1,0,1,9,17,2,0,1,1,2,5,1,2,8,10,1173,12,87,-105,133,641,72,335,San Francisco,2022-07-24
2023,7,24,98,176,14,4,10,8,47,26,13,18,86,104,52,134,10,0,7,5,40,24,10,12,74,86,38,27,2,3,3,2,5,2,3,5,10,15,0,5,0,0,0,0,0,0,0,0,0,0,8,10,2,1,0,1,2,0,0,1,2,3,1553,16,103,-104,134,896,98,376,San Francisco,2023-07-24
2024,7,24,105,187,9,3,7,7,33,30,13,14,76,90,61,137,5,2,5,6,23,25,9,11,57,68,34,34,4,1,1,1,7,2,2,2,11,13,2,1,0,0,0,0,2,1,0,0,3,3,8,15,0,0,1,0,1,2,2,1,5,6,1479,15,106,-102,136,906,91,340,San Francisco,2024-07-24
2012,8,24,,,,,,,,,,,,,,,,,,,,,,,,,,,,,,,,,,,,,,,,,,,,,,,,,,,,,,,,,,,,,,,,,,,,,San Francisco,2012-08-24
2013,8,24,,,,,,,,,,,,,,,,,,,,,,,,,,,,,,,,,,,,,,,,,,,,,,,,,,,,,,,,,,,,,,,,,,,,,San Francisco,2013-08-24
2014,8,24,,,,,,,,,,,,,,,,,,,,,,,,,,,,,,,,,,,,,,,,,,,,,,,,,,,,,,,,,,,,,,,,,,,,,San Francisco,2014-08-24
2015,8,24,268,309,19,1,8,16,63,33,19,24,115,139,158,215,14,1,5,13,50,27,15,18,92,110,80,73,3,0,2,3,9,2,3,5,14,19,11,1,0,0,0,0,0,0,0,0,0,0,19,20,2,0,1,0,4,4,1,1,9,10,2330,28,156,-69,169,1651,131,365,San Francisco,2015-08-24
2016,8,24,278,291,11,11,18,11,40,43,13,29,96,125,182,195,8,2,12,10,23,28,11,22,62,84,80,77,1,9,6,0,12,10,1,6,23,29,6,4,0,0,0,0,0,0,0,0,0,0,10,15,2,0,0,1,5,5,1,1,11,12,2339,18,133,-74,164,1636,123,396,San Francisco,2016-08-24
2017,8,24,289,306,16,3,6,20,43,41,15,26,99,125,178,204,13,1,6,9,29,33,12,15,74,89,88,74,3,2,0,9,11,4,2,9,17,26,7,2,0,0,0,0,1,0,0,0,1,1,16,26,0,0,0,2,2,4,1,2,7,9,2524,19,158,-73,165,1608,125,404,San Francisco,2017-08-24
2018,8,24,179,350,13,14,11,6,33,48,12,17,93,110,83,250,11,5,6,3,21,37,10,9,68,77,77,74,2,9,2,3,10,3,1,5,14,19,9,3,0,0,0,0,1,0,0,0,1,1,10,23,0,0,3,0,1,8,1,3,10,13,2313,27,148,-72,166,1429,150,485,San Francisco,2018-08-24
2019,8,24,229,243,12,7,9,10,32,31,9,19,72,91,122,169,8,0,6,6,20,27,5,12,52,64,91,58,4,7,3,4,11,3,2,7,16,23,6,3,0,0,0,0,0,0,0,0,0,0,10,13,0,0,0,0,1,1,2,0,4,4,2179,17,131,-71,167,1305,133,522,San Francisco,2019-08-24
2020,8,24,136,208,14,9,5,9,36,40,14,14,90,104,77,152,12,2,3,5,30,32,9,8,71,79,51,43,2,5,0,2,5,2,3,2,10,12,1,0,0,1,0,0,0,1,1,0,2,2,7,13,0,1,2,2,1,5,1,4,7,11,1626,15,93,-69,169,999,114,365,San Francisco,2020-08-24
2021,8,24,125,209,8,6,13,9,38,44,18,22,100,122,69,158,7,0,7,4,23,38,16,11,77,88,40,42,0,6,5,4,13,3,0,9,16,25,4,1,0,0,0,0,0,0,1,0,1,1,12,8,1,0,1,1,2,3,1,2,6,8,1840,17,93,-75,163,1211,93,366,San Francisco,2021-08-24
2022,8,24,100,182,11,4,5,7,48,29,5,12,82,94,58,126,9,2,3,5,37,24,3,8,64,72,33,41,1,2,2,1,8,3,2,3,13,16,1,2,1,0,0,0,0,1,0,0,1,1,8,13,0,0,0,1,3,1,0,1,4,5,1443,14,82,-74,164,823,95,371,San Francisco,2022-08-24
2023,8,24,115,193,25,6,15,7,35,21,13,22,69,91,65,129,21,2,8,5,24,21,11,13,56,69,43,50,2,4,7,1,10,0,2,8,12,20,0,2,0,0,0,0,1,0,0,0,1,1,7,12,2,0,0,1,0,0,0,1,0,1,1695,22,117,-73,165,993,90,429,San Francisco,2023-08-24
2024,8,24,119,193,18,10,8,19,35,28,6,27,69,96,44,110,12,1,4,11,26,25,6,15,57,72,69,68,2,7,3,7,7,1,0,10,8,18,0,1,1,0,0,1,0,0,0,1,0,1,6,14,3,2,1,0,2,2,0,1,4,5,1445,13,106,-71,167,789,104,455,San Francisco,2024-08-24
2012,9,24,,,,,,,,,,,,,,,,,,,,,,,,,,,,,,,,,,,,,,,,,,,,,,,,,,,,,,,,,,,,,,,,,,,,,San Francisco,2012-09-24
2013,9,24,,,,,,,,,,,,,,,,,,,,,,,,,,,,,,,,,,,,,,,,,,,,,,,,,,,,,,,,,,,,,,,,,,,,,San Francisco,2013-09-24
2014,9,24,,,,,,,,,,,,,,,,,,,,,,,,,,,,,,,,,,,,,,,,,,,,,,,,,,,,,,,,,,,,,,,,,,,,,San Francisco,2014-09-24
2015,9,24,314,357,29,8,9,16,32,47,8,25,87,112,172,246,20,1,3,11,16,29,6,14,51,65,118,86,8,6,6,3,14,13,2,9,29,38,11,3,0,0,0,0,0,0,0,0,0,0,13,22,1,1,0,2,2,5,0,2,7,9,2357,33,155,-38,200,1546,145,502,San Francisco,2015-09-24
2016,9,24,245,267,20,15,8,13,40,32,5,21,77,98,116,159,12,5,1,8,20,22,2,9,44,53,118,95,5,10,6,3,18,7,3,9,28,37,0,5,0,0,0,0,1,0,0,0,1,1,11,8,3,0,1,2,1,3,0,3,4,7,2175,23,143,-43,195,1339,145,478,San Francisco,2016-09-24
2017,9,24,250,264,20,7,11,18,44,27,6,29,77,106,139,175,11,3,9,10,26,16,6,19,48,67,93,66,9,4,2,6,15,9,0,8,24,32,5,3,0,0,0,0,2,0,0,0,2,2,13,20,0,0,0,2,1,2,0,2,3,5,2013,24,125,-42,196,1186,110,461,San Francisco,2017-09-24
2018,9,24,167,336,18,2,7,7,48,51,10,14,109,123,95,221,13,0,2,3,32,42,6,5,80,85,67,97,2,2,4,3,11,6,4,7,21,28,2,0,0,0,0,0,0,0,0,0,0,0,3,18,3,0,1,1,5,3,0,2,8,10,2174,22,135,-41,197,1358,126,405,San Francisco,2018-09-24
2019,9,24,201,333,21,6,8,13,28,49,12,21,89,110,128,211,18,2,4,8,13,30,7,12,50,62,61,94,1,4,4,4,13,13,4,8,30,38,2,7,0,0,0,0,0,0,0,0,0,0,10,21,2,0,0,1,2,6,1,1,9,10,2368,27,146,-40,198,1439,140,475,San Francisco,2019-09-24
2020,9,24,143,219,15,10,4,9,48,28,12,13,88,101,60,149,11,5,1,7,29,22,10,8,61,69,73,55,1,5,3,1,15,2,2,4,19,23,2,2,1,0,0,0,2,0,0,0,2,2,8,13,2,0,0,1,2,4,0,1,6,7,1687,18,99,-38,200,1026,108,396,San Francisco,2020-09-24
2021,9,24,122,186,4,6,3,11,57,32,7,14,96,110,51,130,1,1,1,8,35,25,5,9,65,74,63,44,3,4,1,2,21,5,0,3,26,29,1,6,0,1,0,0,0,0,0,0,0,0,7,6,0,0,1,1,1,2,2,2,5,7,1676,16,102,-44,194,995,118,408,San Francisco,2021-09-24
2022,9,24,134,169,25,5,7,12,37,29,9,19,75,94,53,96,10,0,3,3,22,23,4,6,49,55,74,58,12,5,4,8,12,5,5,12,22,34,0,2,0,0,0,0,1,0,0,0,1,1,7,13,3,0,0,1,2,1,0,1,3,4,1561,15,99,-43,195,887,96,425,San Francisco,2022-09-24
2023,9,24,109,136,17,8,9,7,26,20,8,16,54,70,50,84,9,0,6,3,16,16,5,9,37,46,48,43,5,8,2,4,8,3,2,6,13,19,0,1,0,0,0,0,0,0,1,0,1,1,11,8,3,0,1,0,2,1,0,1,3,4,1420,7,121,-42,196,819,89,360,San Francisco,2023-09-24
2024,9,24,109,212,21,10,2,8,32,32,10,10,74,84,71,139,18,0,1,4,20,24,7,5,51,56,30,53,2,7,0,2,11,6,2,2,19,21,1,2,0,1,0,0,0,0,0,0,0,0,7,18,1,2,1,2,1,2,1,3,4,7,1595,11,101,-40,198,911,99,385,San Francisco,2024-09-24
2012,10,24,,,,,,,,,,,,,,,,,,,,,,,,,,,,,,,,,,,,,,,,,,,,,,,,,,,,,,,,,,,,,,,,,,,,,San Francisco,2012-10-24
2013,10,24,,,,,,,,,,,,,,,,,,,,,,,,,,,,,,,,,,,,,,,,,,,,,,,,,,,,,,,,,,,,,,,,,,,,,San Francisco,2013-10-24
2014,10,24,,,,,,,,,,,,,,,,,,,,,,,,,,,,,,,,,,,,,,,,,,,,,,,,,,,,,,,,,,,,,,,,,,,,,San Francisco,2014-10-24
2015,10,24,249,364,21,12,9,15,26,25,13,24,64,88,110,189,12,1,2,6,13,13,9,8,35,43,119,130,9,9,6,7,12,9,4,13,25,38,4,5,0,2,0,1,0,0,0,1,0,1,16,40,0,0,1,1,1,3,0,2,4,6,2161,30,209,-8,230,1449,116,441,San Francisco,2015-10-24
2016,10,24,248,250,23,7,6,6,59,43,13,12,115,127,140,154,13,1,2,5,34,29,10,7,73,80,93,80,8,4,3,1,18,9,3,4,30,34,7,1,1,0,0,0,1,0,0,0,1,1,8,15,1,2,1,0,6,5,0,1,11,12,2267,33,190,-13,225,1591,101,381,San Francisco,2016-10-24
2017,10,24,279,329,26,11,11,11,35,40,5,22,80,102,140,208,18,1,1,7,20,30,3,8,53,61,100,90,2,10,6,4,14,9,1,10,24,34,13,4,0,0,2,0,0,0,0,2,0,2,26,27,6,0,2,0,1,1,1,2,3,5,2366,49,216,-12,226,1511,141,458,San Francisco,2017-10-24
2018,10,24,191,366,21,4,9,12,33,46,9,21,88,109,110,219,17,2,6,7,16,30,6,13,52,65,61,107,2,2,2,4,15,9,3,6,27,33,10,6,0,0,0,0,0,0,0,0,0,0,10,34,2,0,1,1,2,7,0,2,9,11,2348,41,200,-11,227,1428,123,496,San Francisco,2018-10-24
2019,10,24,241,305,24,9,12,14,31,47,5,26,83,109,143,172,17,4,2,6,20,34,4,8,58,66,81,111,5,5,6,8,6,10,0,14,16,30,6,6,2,0,0,0,1,0,1,0,2,2,11,16,0,0,4,0,4,3,0,4,7,11,2467,52,176,-10,228,1468,164,541,San Francisco,2019-10-24
2020,10,24,171,198,10,11,11,10,42,37,11,21,90,111,52,105,8,5,6,4,25,24,9,10,58,68,109,70,1,4,3,6,14,10,0,9,24,33,3,3,0,0,0,0,1,0,2,0,3,3,7,20,1,2,2,0,2,3,0,2,5,7,1579,18,123,-8,230,982,105,374,San Francisco,2020-10-24
2021,10,24,79,121,17,10,3,5,38,17,11,8,66,74,31,70,4,3,2,4,19,13,7,6,39,45,41,38,10,7,1,1,17,3,4,2,24,26,3,2,0,0,0,0,1,0,0,0,1,1,4,11,3,0,0,0,1,1,0,0,2,2,1302,24,81,-14,224,780,123,302,San Francisco,2021-10-24
2022,10,24,97,174,18,6,5,12,53,43,14,17,110,127,50,86,9,1,4,5,31,24,9,9,64,73,41,71,5,5,1,4,17,18,5,5,40,45,1,3,1,0,0,1,1,0,0,1,1,2,5,14,3,0,0,2,4,1,0,2,5,7,1526,27,119,-13,225,876,95,374,San Francisco,2022-10-24
2023,10,24,82,168,23,8,6,10,31,23,13,16,67,83,44,103,13,2,5,5,17,20,6,10,43,53,35,53,8,6,0,4,12,1,5,4,18,22,1,3,1,0,0,0,0,0,1,0,1,1,2,9,1,0,1,1,2,2,1,2,5,7,1697,21,138,-12,226,927,97,381,San Francisco,2023-10-24
2024,10,24,139,224,11,1,3,12,39,25,11,15,75,90,94,143,5,1,2,5,19,15,7,7,41,48,41,68,3,0,0,6,20,5,4,6,29,35,2,5,0,0,0,0,0,1,0,0,1,1,2,8,3,0,1,1,0,4,0,2,4,6,1717,34,97,-10,228,948,109,463,San Francisco,2024-10-24
2012,11,24,,,,,,,,,,,,,,,,,,,,,,,,,,,,,,,,,,,,,,,,,,,,,,,,,,,,,,,,,,,,,,,,,,,,,San Francisco,2012-11-24
2013,11,24,,,,,,,,,,,,,,,,,,,,,,,,,,,,,,,,,,,,,,,,,,,,,,,,,,,,,,,,,,,,,,,,,,,,,San Francisco,2013-11-24
2014,11,24,,,,,,,,,,,,,,,,,,,,,,,,,,,,,,,,,,,,,,,,,,,,,,,,,,,,,,,,,,,,,,,,,,,,,San Francisco,2014-11-24
2015,11,24,260,304,17,8,6,8,34,28,6,14,68,82,125,145,8,1,1,7,17,17,1,8,35,43,110,124,4,7,4,1,11,6,4,5,21,26,10,2,1,0,0,0,0,2,0,0,2,2,15,33,4,0,1,0,6,3,1,1,10,11,2210,31,229,23,261,1485,141,374,San Francisco,2015-11-24
2016,11,24,157,200,7,13,10,8,31,25,6,18,62,80,74,87,4,0,5,5,13,15,3,10,31,41,77,100,3,13,5,3,16,7,2,8,25,33,1,0,0,0,0,0,0,1,0,0,1,1,5,13,0,0,0,0,2,2,1,0,5,5,1479,15,118,18,256,981,98,243,San Francisco,2016-11-24
2017,11,24,230,284,16,8,7,16,39,39,9,23,87,110,120,158,9,0,1,9,25,22,6,10,53,63,91,101,4,8,5,4,12,12,2,9,26,35,5,2,0,0,0,0,1,0,0,0,1,1,14,23,3,0,1,3,1,5,1,4,7,11,2116,28,222,19,257,1390,117,332,San Francisco,2017-11-24
2018,11,24,133,295,12,3,11,12,32,38,10,23,80,103,65,159,7,1,4,5,16,20,5,9,41,50,61,109,5,2,6,7,14,11,4,13,29,42,1,6,0,0,0,0,1,0,0,0,1,1,6,21,0,0,1,0,1,7,1,1,9,10,2131,18,243,20,258,1394,118,312,San Francisco,2018-11-24
2019,11,24,147,248,16,4,14,13,30,34,6,27,70,97,74,132,4,2,5,4,17,20,2,9,39,48,66,92,10,2,7,8,12,9,2,15,23,38,3,1,0,0,0,0,0,1,0,0,1,1,4,23,2,0,2,1,1,4,2,3,7,10,1894,22,175,21,259,1198,91,368,San Francisco,2019-11-24
2020,11,24,86,208,18,7,4,5,35,38,8,9,81,90,39,113,12,1,2,4,13,25,5,6,43,49,42,71,5,6,1,1,20,7,2,2,29,31,2,6,0,0,0,0,1,1,0,0,2,2,3,18,1,0,1,0,1,5,1,1,7,8,1455,28,116,23,261,913,109,318,San Francisco,2020-11-24
2021,11,24,95,194,14,10,6,9,41,40,11,15,92,107,30,115,7,3,3,5,18,22,6,8,46,54,57,58,4,7,2,4,19,15,4,6,38,44,0,6,0,0,0,0,1,0,0,0,1,1,8,15,3,0,1,0,3,3,1,1,7,8,1536,16,132,17,255,860,112,406,San Francisco,2021-11-24
2022,11,24,71,132,14,4,3,11,30,9,13,14,52,66,18,70,5,1,1,7,14,4,6,8,24,32,48,55,8,1,1,4,16,4,6,5,26,31,1,1,0,0,0,0,0,0,0,0,0,0,4,6,1,2,1,0,0,1,1,1,2,3,1003,19,72,18,256,625,70,211,San Francisco,2022-11-24
2023,11,24,86,139,13,9,11,8,22,29,8,19,59,78,48,64,6,0,3,3,11,18,5,6,34,40,32,61,4,9,6,5,9,9,2,11,20,31,2,2,1,0,0,0,0,0,0,0,0,0,4,12,2,0,2,0,2,2,1,2,5,7,1264,13,102,19,257,750,78,285,San Francisco,2023-11-24
2024,11,24,73,171,15,5,3,8,38,23,9,11,70,81,20,83,7,1,0,2,19,11,6,2,36,38,47,73,6,4,2,5,18,11,2,7,31,38,1,3,0,0,1,0,0,0,0,1,0,1,5,12,2,0,0,1,1,1,1,1,3,4,1448,21,115,21,259,781,100,374,San Francisco,2024-11-24
2012,12,24,,,,,,,,,,,,,,,,,,,,,,,,,,,,,,,,,,,,,,,,,,,,,,,,,,,,,,,,,,,,,,,,,,,,,San Francisco,2012-12-24
2013,12,24,,,,,,,,,,,,,,,,,,,,,,,,,,,,,,,,,,,,,,,,,,,,,,,,,,,,,,,,,,,,,,,,,,,,,San Francisco,2013-12-24
2014,12,24,,,,,,,,,,,,,,,,,,,,,,,,,,,,,,,,,,,,,,,,,,,,,,,,,,,,,,,,,,,,,,,,,,,,,San Francisco,2014-12-24
2015,12,24,170,246,18,6,9,7,25,29,13,16,67,83,102,122,8,1,2,6,16,16,8,8,40,48,57,101,6,5,6,1,8,10,4,7,22,29,5,2,2,0,0,0,0,0,0,0,0,0,6,21,2,0,1,0,1,3,1,1,5,6,1592,22,142,53,291,1054,114,279,San Francisco,2015-12-24
2016,12,24,164,222,16,11,4,16,32,33,5,20,70,90,91,109,8,0,0,3,16,21,2,3,39,42,60,98,8,8,4,11,15,8,1,15,24,39,1,1,0,0,0,0,1,0,0,0,1,1,12,14,0,3,0,2,0,4,2,2,6,8,1676,14,203,48,286,1065,89,313,San Francisco,2016-12-24
2017,12,24,189,207,9,7,6,8,29,23,8,14,60,74,95,92,6,2,4,2,17,16,4,6,37,43,79,99,3,5,2,5,12,4,2,7,18,25,3,3,0,0,0,0,0,0,0,0,0,0,12,13,0,0,0,1,0,3,2,1,5,6,1662,21,179,49,287,1008,114,284,San Francisco,2017-12-24
2018,12,24,138,177,17,10,10,10,37,30,7,20,74,94,71,90,10,1,4,6,19,21,6,10,46,56,54,70,6,7,4,3,15,6,1,7,22,29,8,7,0,0,0,0,1,0,0,0,1,1,5,10,1,2,2,1,2,3,0,3,5,8,1540,32,181,50,288,919,99,286,San Francisco,2018-12-24
2019,12,24,143,194,11,8,11,9,20,50,8,20,78,98,75,122,9,1,3,5,10,37,5,8,52,60,59,59,2,5,6,4,10,7,2,10,19,29,4,3,0,0,0,0,0,0,1,0,1,1,5,10,0,2,2,0,0,6,0,2,6,8,1549,36,113,51,289,948,125,306,San Francisco,2019-12-24
2020,12,24,105,153,12,12,15,14,41,33,16,29,90,119,34,72,3,1,4,5,21,27,8,9,56,65,67,65,6,11,9,6,19,2,6,15,27,42,1,2,1,0,1,0,1,0,0,1,1,2,3,14,2,0,1,3,0,4,2,4,6,10,1331,15,105,53,291,823,112,274,San Francisco,2020-12-24
2021,12,24,88,137,17,8,13,11,37,30,12,24,79,103,25,75,11,1,9,4,21,21,8,13,50,63,58,53,4,7,2,7,12,6,3,9,21,30,2,1,0,0,0,0,0,0,0,0,0,0,3,8,2,0,2,0,4,3,1,2,8,10,1186,25,78,47,285,698,97,268,San Francisco,2021-12-24
2022,12,24,104,130,14,14,4,6,38,14,4,10,56,66,25,67,6,3,3,3,20,9,2,6,31,37,71,53,8,10,1,3,13,3,1,4,17,21,2,1,0,0,0,0,1,0,0,0,1,1,6,9,0,1,0,0,4,2,1,0,7,7,1037,10,78,48,286,586,73,288,San Francisco,2022-12-24
2023,12,24,85,113,14,7,9,11,20,27,9,20,56,76,34,61,6,0,4,1,9,16,4,5,29,34,41,45,7,7,5,9,9,8,3,14,20,34,5,1,0,0,0,0,1,0,0,0,1,1,5,6,1,0,0,1,1,3,2,1,6,7,996,14,64,49,287,522,71,302,San Francisco,2023-12-24
2024,12,24,102,154,13,10,3,12,37,30,7,15,74,89,44,85,6,0,2,5,18,16,4,7,38,45,57,59,5,9,1,6,17,10,3,7,30,37,0,2,0,0,0,0,0,1,0,0,1,1,1,8,2,1,0,1,2,3,0,1,5,6,1273,10,89,51,289,701,87,356,San Francisco,2024-12-24
2012,1,25,,,,,,,,,,,,,,,,,,,,,,,,,,,,,,,,,,,,,,,,,,,,,,,,,,,,,,,,,,,,,,,,,,,,,San Francisco,2012-01-25
2013,1,25,,,,,,,,,,,,,,,,,,,,,,,,,,,,,,,,,,,,,,,,,,,,,,,,,,,,,,,,,,,,,,,,,,,,,San Francisco,2013-01-25
2014,1,25,,,,,,,,,,,,,,,,,,,,,,,,,,,,,,,,,,,,,,,,,,,,,,,,,,,,,,,,,,,,,,,,,,,,,San Francisco,2014-01-25
2015,1,25,221,339,18,7,17,10,25,26,13,27,64,91,97,185,6,0,4,2,10,14,5,6,29,35,111,121,11,7,13,7,12,8,4,20,24,44,5,5,0,0,0,0,0,0,0,0,0,0,8,28,1,0,0,1,3,4,4,1,11,12,2017,32,176,-280,-42,1412,131,326,San Francisco,2015-01-25
2016,1,25,212,354,11,5,9,11,36,26,14,20,76,96,100,181,7,1,3,5,22,10,5,8,37,45,87,140,3,4,5,6,11,10,6,11,27,38,8,0,0,0,0,0,0,0,1,0,1,1,17,33,1,0,1,0,3,6,2,1,11,12,2054,24,162,-286,-48,1455,120,333,San Francisco,2016-01-25
2017,1,25,229,274,22,9,11,10,44,31,12,21,87,108,118,144,15,0,6,3,23,18,7,9,48,57,85,102,5,9,4,6,19,11,3,10,33,43,11,3,0,0,1,0,1,0,0,1,1,2,15,25,2,0,0,1,1,2,2,1,5,6,2148,34,196,-284,-46,1432,126,420,San Francisco,2017-01-25
2018,1,25,263,268,12,1,6,10,33,33,8,16,74,90,128,144,5,0,3,3,17,27,5,6,49,55,111,105,5,1,2,6,14,5,3,8,22,30,7,5,0,0,0,0,0,0,0,0,0,0,17,14,2,0,1,1,2,1,0,2,3,5,2232,37,231,-283,-45,1457,147,382,San Francisco,2018-01-25
2019,1,25,173,324,19,5,6,4,38,41,5,10,84,94,90,179,11,2,4,3,19,24,2,7,45,52,74,112,6,3,1,1,18,13,2,2,33,35,6,5,2,0,0,0,0,0,1,0,1,1,3,28,0,0,1,0,1,4,0,1,5,6,2297,42,245,-282,-44,1358,129,489,San Francisco,2019-01-25
2020,1,25,213,228,10,12,10,7,41,42,10,17,93,110,65,115,7,1,2,5,22,25,6,7,53,60,129,93,2,11,5,2,18,12,4,7,34,41,5,6,0,0,0,0,0,0,0,0,0,0,14,14,1,0,3,0,1,5,0,3,6,9,1891,28,136,-281,-43,1087,137,484,San Francisco,2020-01-25
2021,1,25,82,208,14,7,5,6,48,44,12,11,104,115,36,106,8,0,1,5,29,28,6,6,63,69,38,79,4,3,3,1,18,10,3,4,31,35,1,4,0,0,0,0,0,0,0,0,0,0,7,19,2,4,1,0,1,6,3,1,10,11,1655,25,142,-286,-48,1157,102,225,San Francisco,2021-01-25
2022,1,25,96,199,16,4,6,5,42,23,14,11,79,90,33,113,12,0,4,3,25,14,9,7,48,55,59,70,2,4,1,2,11,4,3,3,18,21,1,2,0,0,0,0,1,0,1,0,2,2,3,14,2,0,1,0,5,5,1,1,11,12,1541,18,128,-285,-47,928,97,347,San Francisco,2022-01-25
2023,1,25,85,159,13,11,4,8,50,33,12,12,95,107,30,93,6,3,3,5,21,22,10,8,53,61,47,51,7,8,1,3,21,5,2,4,28,32,2,3,0,0,0,0,4,0,0,0,4,4,6,12,0,0,0,0,4,6,0,0,10,10,1456,25,136,-284,-46,834,89,389,San Francisco,2023-01-25
2024,1,25,95,203,16,2,7,15,36,34,10,22,80,102,46,107,10,0,2,10,19,16,7,12,42,54,36,77,3,2,2,3,15,14,3,5,32,37,2,4,1,0,0,0,0,1,0,0,1,1,11,15,2,0,3,2,2,3,0,5,5,10,1848,38,203,-283,-45,1121,88,404,San Francisco,2024-01-25
2012,2,25,,,,,,,,,,,,,,,,,,,,,,,,,,,,,,,,,,,,,,,,,,,,,,,,,,,,,,,,,,,,,,,,,,,,,San Francisco,2012-02-25
2013,2,25,,,,,,,,,,,,,,,,,,,,,,,,,,,,,,,,,,,,,,,,,,,,,,,,,,,,,,,,,,,,,,,,,,,,,San Francisco,2013-02-25
2014,2,25,,,,,,,,,,,,,,,,,,,,,,,,,,,,,,,,,,,,,,,,,,,,,,,,,,,,,,,,,,,,,,,,,,,,,San Francisco,2014-02-25
2015,2,25,263,378,27,11,8,13,38,35,10,21,83,104,133,207,19,2,3,6,22,26,7,9,55,64,99,141,5,8,4,4,13,6,2,8,21,29,10,2,1,0,0,0,0,0,0,0,0,0,21,28,2,1,1,3,3,3,1,4,7,11,2278,43,197,-249,-11,1666,126,335,San Francisco,2015-02-25
2016,2,25,319,329,17,6,2,10,44,36,14,12,94,106,180,183,12,1,0,5,26,29,11,5,66,71,113,119,4,5,2,5,13,7,3,7,23,30,9,4,0,0,0,0,0,0,0,0,0,0,17,23,1,0,0,0,5,0,0,0,5,5,2298,22,167,-255,-17,1564,125,427,San Francisco,2016-02-25
2017,2,25,250,278,14,5,7,15,43,31,5,22,79,101,138,159,8,2,1,7,18,20,1,8,39,47,91,99,4,3,6,4,19,8,3,10,30,40,5,4,0,0,0,0,1,0,0,0,1,1,16,16,2,0,0,4,5,3,1,4,9,13,2145,19,185,-253,-15,1347,117,423,San Francisco,2017-02-25
2018,2,25,205,260,12,7,10,9,36,32,11,19,79,98,109,143,7,2,4,4,18,18,5,8,41,49,86,93,4,5,6,3,15,12,4,9,31,40,1,1,0,0,0,1,0,0,0,1,0,1,9,23,1,0,0,1,3,2,2,1,7,8,1906,12,168,-252,-14,1139,134,373,San Francisco,2018-02-25
2019,2,25,126,248,23,9,8,11,44,18,5,19,67,86,83,165,18,1,3,5,27,14,5,8,46,54,39,70,4,6,5,4,10,1,0,9,11,20,1,5,0,0,0,0,2,1,0,0,3,3,3,8,1,2,0,2,5,2,0,2,7,9,1953,24,144,-251,-13,1203,135,368,San Francisco,2019-02-25
2020,2,25,133,300,20,9,7,15,22,58,10,22,90,112,82,177,15,4,2,10,14,37,8,12,59,71,46,104,4,5,5,2,7,13,1,7,21,28,0,4,0,0,0,0,0,1,0,0,1,1,5,15,1,0,0,3,1,7,1,3,9,12,2054,20,172,-250,-12,1298,116,445,San Francisco,2020-02-25
2021,2,25,138,202,15,13,4,16,40,35,13,20,88,108,59,105,9,2,2,11,19,28,8,13,55,68,65,78,5,10,1,5,18,5,3,6,26,32,3,1,0,1,0,0,1,0,1,0,2,2,11,18,1,0,1,0,2,2,1,1,5,6,1569,15,137,-255,-17,994,106,339,San Francisco,2021-02-25
2022,2,25,100,162,24,7,8,7,29,31,13,15,73,88,38,100,16,3,7,3,14,22,9,10,45,55,58,51,6,3,1,4,13,6,3,5,22,27,1,2,0,0,0,0,1,0,0,0,1,1,3,9,2,1,0,0,1,3,1,0,5,5,1461,14,84,-254,-16,858,89,352,San Francisco,2022-02-25
2023,2,25,128,171,7,11,9,10,35,19,15,19,69,88,60,89,6,1,5,5,17,17,8,10,42,52,61,68,1,9,2,4,18,0,7,6,25,31,0,2,0,0,1,0,0,0,0,1,0,1,7,12,0,1,1,1,0,2,0,2,2,4,1608,15,122,-253,-15,826,87,433,San Francisco,2023-02-25
2024,2,25,116,160,14,14,5,22,31,18,7,27,56,83,53,91,13,2,3,11,17,10,6,14,33,47,54,57,1,12,2,10,11,5,1,12,17,29,0,1,0,0,0,0,1,0,0,0,1,1,9,11,0,0,0,1,2,3,0,1,5,6,1559,17,113,-252,-14,855,82,394,San Francisco,2024-02-25
2012,3,25,,,,,,,,,,,,,,,,,,,,,,,,,,,,,,,,,,,,,,,,,,,,,,,,,,,,,,,,,,,,,,,,,,,,,San Francisco,2012-03-25
2013,3,25,,,,,,,,,,,,,,,,,,,,,,,,,,,,,,,,,,,,,,,,,,,,,,,,,,,,,,,,,,,,,,,,,,,,,San Francisco,2013-03-25
2014,3,25,,,,,,,,,,,,,,,,,,,,,,,,,,,,,,,,,,,,,,,,,,,,,,,,,,,,,,,,,,,,,,,,,,,,,San Francisco,2014-03-25
2015,3,25,249,368,26,6,14,9,27,41,17,23,85,108,141,238,19,2,9,6,21,30,9,15,60,75,85,96,4,4,4,3,4,9,6,7,19,26,15,4,0,0,0,0,0,0,0,0,0,0,8,30,3,0,1,0,2,2,2,1,6,7,2355,42,148,-221,17,1721,139,369,San Francisco,2015-03-25
2016,3,25,271,321,37,7,14,15,34,42,5,29,81,110,162,196,23,0,6,6,24,30,4,12,58,70,95,101,10,7,7,8,7,9,1,15,17,32,3,2,3,0,0,0,1,0,0,0,1,1,11,22,1,0,1,1,2,3,0,2,5,7,2325,29,145,-226,12,1584,122,417,San Francisco,2016-03-25
2017,3,25,256,254,17,12,8,16,38,31,11,24,80,104,153,162,14,2,3,12,26,25,7,15,58,73,82,73,2,10,5,4,10,5,4,9,19,28,3,7,0,0,0,0,0,0,0,0,0,0,18,12,1,0,0,0,2,1,0,0,3,3,2030,24,132,-225,13,1278,128,439,San Francisco,2017-03-25
2018,3,25,219,260,23,5,11,19,35,25,3,30,63,93,119,162,13,0,7,11,17,16,2,18,35,53,79,80,9,3,4,7,13,9,0,11,22,33,3,2,0,0,0,1,2,0,0,1,2,3,18,16,1,2,0,0,3,0,1,0,4,4,1968,25,118,-224,14,1269,134,341,San Francisco,2018-03-25
2019,3,25,132,279,11,7,14,12,42,37,7,26,86,112,93,179,7,3,5,8,30,31,6,13,67,80,35,84,3,3,7,2,8,4,1,9,13,22,1,3,0,0,0,0,1,0,0,0,1,1,3,13,1,1,2,2,3,2,0,4,5,9,2073,31,112,-223,15,1248,118,422,San Francisco,2019-03-25
2020,3,25,148,235,8,3,6,6,38,39,11,12,88,100,87,160,7,2,4,6,20,30,9,10,59,69,48,59,1,1,1,0,12,1,1,1,14,15,5,1,0,0,0,0,3,0,0,0,3,3,8,15,0,0,1,0,3,8,1,1,12,13,2091,35,106,-221,17,1347,98,335,San Francisco,2020-03-25
2021,3,25,106,207,14,5,5,11,44,41,9,16,94,110,48,138,7,2,2,8,36,34,7,10,77,87,49,53,4,3,1,2,6,5,0,3,11,14,1,3,2,0,0,0,0,0,0,0,0,0,8,13,1,0,2,1,2,2,2,3,6,9,1616,14,91,-227,11,1015,101,346,San Francisco,2021-03-25
2022,3,25,113,201,18,7,9,8,39,42,7,17,88,105,58,123,13,1,5,5,27,30,5,10,62,72,47,60,2,4,3,3,8,8,2,6,18,24,0,1,0,0,0,0,0,1,0,0,1,1,8,17,3,2,1,0,4,3,0,1,7,8,1700,19,129,-226,12,1005,111,413,San Francisco,2022-03-25
2023,3,25,117,177,11,9,4,7,25,35,9,11,69,80,70,125,7,0,2,4,17,31,4,6,52,58,39,43,4,9,0,2,7,3,5,2,15,17,1,0,0,0,1,0,0,0,0,1,0,1,7,9,0,0,1,1,1,1,0,2,2,4,1600,13,104,-225,13,930,106,347,San Francisco,2023-03-25
2024,3,25,65,183,17,7,4,12,30,28,9,16,67,83,37,115,13,2,2,7,22,21,6,9,49,58,23,50,2,3,0,3,6,5,3,3,14,17,0,2,0,0,0,0,0,0,0,0,0,0,5,16,2,2,2,2,2,2,0,4,4,8,1495,16,93,-223,15,862,90,365,San Francisco,2024-03-25
2012,4,25,,,,,,,,,,,,,,,,,,,,,,,,,,,,,,,,,,,,,,,,,,,,,,,,,,,,,,,,,,,,,,,,,,,,,San Francisco,2012-04-25
2013,4,25,,,,,,,,,,,,,,,,,,,,,,,,,,,,,,,,,,,,,,,,,,,,,,,,,,,,,,,,,,,,,,,,,,,,,San Francisco,2013-04-25
2014,4,25,,,,,,,,,,,,,,,,,,,,,,,,,,,,,,,,,,,,,,,,,,,,,,,,,,,,,,,,,,,,,,,,,,,,,San Francisco,2014-04-25
2015,4,25,205,303,26,4,10,16,25,50,9,26,84,110,136,192,14,2,4,8,17,39,5,12,61,73,54,83,11,1,4,5,4,5,4,9,13,22,1,3,0,0,0,0,0,2,0,0,2,2,14,25,1,1,2,3,4,4,0,5,8,13,2121,13,169,-190,48,1479,119,356,San Francisco,2015-04-25
2016,4,25,290,318,20,6,7,11,40,27,6,18,73,91,204,219,18,1,4,8,35,20,5,12,60,72,64,79,2,3,2,3,4,5,1,5,10,15,4,6,0,0,0,0,0,2,0,0,2,2,18,14,0,2,1,0,1,0,0,1,1,2,2265,18,145,-195,43,1555,135,388,San Francisco,2016-04-25
2017,4,25,237,294,15,7,10,14,34,39,12,24,85,109,168,214,8,0,4,9,21,33,4,13,58,71,49,65,5,4,5,4,12,5,7,9,24,33,4,3,0,0,0,0,0,0,0,0,0,0,16,12,2,3,1,1,1,1,1,2,3,5,2196,17,125,-194,44,1503,129,352,San Francisco,2017-04-25
2018,4,25,248,242,20,8,8,7,65,51,6,15,122,137,176,177,19,1,6,4,42,41,5,10,88,98,56,53,1,6,1,2,19,7,1,3,27,30,5,2,0,0,0,0,1,1,0,0,2,2,11,10,0,1,1,1,3,2,0,2,5,7,2195,19,106,-193,45,1370,140,475,San Francisco,2018-04-25
2019,4,25,190,292,22,3,9,21,38,36,6,30,80,110,125,202,15,2,7,16,19,29,6,23,54,77,43,67,6,1,1,3,10,6,0,4,16,20,2,6,0,0,0,0,1,0,0,0,1,1,20,17,1,0,1,2,8,1,0,3,9,12,2255,18,137,-192,46,1379,132,454,San Francisco,2019-04-25
2020,4,25,247,237,7,8,6,16,43,28,10,22,81,103,155,171,5,3,4,9,25,24,9,13,58,71,73,42,1,1,1,6,16,3,1,7,20,27,2,2,0,0,0,0,1,0,0,0,1,1,17,22,1,4,1,1,1,1,0,2,2,4,1915,13,128,-190,48,1131,96,418,San Francisco,2020-04-25
2021,4,25,98,180,14,16,4,11,30,20,13,15,63,78,40,114,6,5,2,6,18,15,8,8,41,49,49,47,6,10,1,3,12,3,3,4,18,22,1,2,0,0,0,0,0,0,0,0,0,0,8,17,2,1,1,2,0,2,2,3,4,7,1348,10,99,-196,42,828,88,279,San Francisco,2021-04-25
2022,4,25,99,152,10,2,4,11,59,23,13,15,95,110,57,93,8,0,2,5,38,20,12,7,70,77,37,49,2,2,0,3,16,2,0,3,18,21,1,0,0,0,0,0,1,0,1,0,2,2,4,10,0,0,2,3,4,1,0,5,5,10,1414,12,75,-195,43,867,90,341,San Francisco,2022-04-25
2023,4,25,81,181,13,3,5,10,31,28,17,15,76,91,44,132,10,2,3,9,20,25,11,12,56,68,32,37,1,1,2,0,6,1,5,2,12,14,2,0,0,0,0,0,0,0,1,0,1,1,3,12,2,0,0,1,5,2,0,1,7,8,1586,17,111,-194,44,972,90,340,San Francisco,2023-04-25
2024,4,25,98,199,20,7,7,13,27,33,9,20,69,89,72,138,11,1,5,7,20,29,8,12,57,69,23,50,7,6,2,5,3,2,0,7,5,12,0,0,0,0,0,0,0,0,0,0,0,0,3,11,2,0,0,1,4,2,1,1,7,8,1742,1,139,-192,46,1032,105,414,San Francisco,2024-04-25
2012,5,25,,,,,,,,,,,,,,,,,,,,,,,,,,,,,,,,,,,,,,,,,,,,,,,,,,,,,,,,,,,,,,,,,,,,,San Francisco,2012-05-25
2013,5,25,,,,,,,,,,,,,,,,,,,,,,,,,,,,,,,,,,,,,,,,,,,,,,,,,,,,,,,,,,,,,,,,,,,,,San Francisco,2013-05-25
2014,5,25,,,,,,,,,,,,,,,,,,,,,,,,,,,,,,,,,,,,,,,,,,,,,,,,,,,,,,,,,,,,,,,,,,,,,San Francisco,2014-05-25
2015,5,25,231,293,17,4,9,14,33,43,23,23,99,122,153,221,14,0,3,11,24,33,13,14,70,84,60,54,3,3,4,1,6,8,5,5,19,24,2,0,0,0,0,0,0,0,1,0,1,1,16,18,0,1,2,2,3,2,4,4,9,13,2100,15,165,-160,78,1555,126,284,San Francisco,2015-05-25
2016,5,25,276,278,21,8,5,16,30,36,11,21,77,98,190,200,18,2,5,11,24,27,7,16,58,74,55,51,0,4,0,2,3,6,2,2,11,13,2,2,0,0,0,1,0,0,0,1,0,1,29,25,3,2,0,2,3,3,2,2,8,10,2222,19,171,-165,73,1593,115,356,San Francisco,2016-05-25
2017,5,25,265,254,22,9,11,14,50,35,9,25,94,119,191,171,19,3,8,12,37,30,4,20,71,91,49,58,3,4,3,1,10,2,3,4,15,19,5,2,0,0,0,0,1,0,1,0,2,2,20,23,0,2,0,1,2,3,1,1,6,7,2384,20,143,-164,74,1576,155,425,San Francisco,2017-05-25
2018,5,25,133,322,23,7,3,13,38,40,10,16,88,104,79,253,17,1,0,10,27,33,6,10,66,76,38,47,6,4,2,3,3,4,2,5,9,14,3,4,0,0,0,0,2,0,1,0,3,3,13,18,0,2,1,0,6,3,1,1,10,11,2153,17,156,-163,75,1308,138,483,San Francisco,2018-05-25
2019,5,25,163,257,22,6,9,8,30,29,6,17,65,82,96,173,13,2,4,4,18,20,5,8,43,51,55,57,7,4,3,4,8,6,1,7,15,22,2,1,1,0,0,0,0,0,0,0,0,0,10,26,1,0,2,0,4,3,0,2,7,9,2010,16,173,-162,76,1182,132,422,San Francisco,2019-05-25
2020,5,25,168,225,9,11,3,14,45,40,14,17,99,116,106,148,6,2,2,11,27,32,13,13,72,85,45,60,1,3,0,1,13,3,0,1,16,17,2,0,0,0,0,0,1,0,0,0,1,1,15,17,2,6,1,2,4,5,1,3,10,13,2245,13,200,-160,78,1378,86,372,San Francisco,2020-05-25
2021,5,25,115,202,14,11,3,10,42,33,10,13,85,98,67,151,11,4,2,7,34,29,8,9,71,80,32,40,2,5,1,2,5,2,2,3,9,12,1,1,1,0,0,0,1,0,0,0,1,1,15,10,0,2,0,1,2,2,0,1,4,5,1752,11,97,-166,72,1117,86,341,San Francisco,2021-05-25
2022,5,25,107,178,14,9,4,7,51,38,22,11,111,122,55,131,11,1,3,4,36,35,18,7,89,96,43,29,1,7,1,2,11,3,3,3,17,20,1,2,0,0,0,0,0,0,0,0,0,0,8,16,2,1,0,1,4,0,1,1,5,6,1489,11,109,-165,73,864,100,402,San Francisco,2022-05-25
2023,5,25,87,206,15,4,2,8,36,27,8,10,71,81,39,141,12,0,1,6,28,25,5,7,58,65,37,46,2,4,1,0,7,1,1,1,9,10,0,2,0,0,0,0,0,0,0,0,0,0,11,17,1,0,0,2,1,1,2,2,4,6,1657,6,129,-164,74,978,92,390,San Francisco,2023-05-25
2024,5,25,98,176,13,9,6,16,15,21,13,22,49,71,48,124,8,0,5,11,9,18,8,16,35,51,41,37,4,5,1,5,3,2,2,6,7,13,0,1,1,1,0,0,1,0,1,0,2,2,9,14,0,3,0,0,2,1,2,0,5,5,1425,12,116,-162,76,819,97,377,San Francisco,2024-05-25
2012,6,25,,,,,,,,,,,,,,,,,,,,,,,,,,,,,,,,,,,,,,,,,,,,,,,,,,,,,,,,,,,,,,,,,,,,,San Francisco,2012-06-25
2013,6,25,,,,,,,,,,,,,,,,,,,,,,,,,,,,,,,,,,,,,,,,,,,,,,,,,,,,,,,,,,,,,,,,,,,,,San Francisco,2013-06-25
2014,6,25,,,,,,,,,,,,,,,,,,,,,,,,,,,,,,,,,,,,,,,,,,,,,,,,,,,,,,,,,,,,,,,,,,,,,San Francisco,2014-06-25
2015,6,25,270,314,24,12,16,16,27,43,14,32,84,116,193,225,20,1,12,12,20,33,14,24,67,91,45,57,2,6,3,2,5,8,0,5,13,18,6,3,0,0,0,0,0,0,0,0,0,0,26,29,2,5,1,2,2,2,0,3,4,7,2334,18,216,-129,109,1647,130,413,San Francisco,2015-06-25
2016,6,25,276,364,23,22,16,11,29,30,10,27,69,96,164,284,12,5,8,3,22,27,10,11,59,70,94,56,7,12,4,6,4,2,0,10,6,16,1,1,0,0,1,0,1,1,0,1,2,3,17,23,4,5,3,2,2,0,0,5,2,7,2513,16,218,-134,104,1699,112,440,San Francisco,2016-06-25
2017,6,25,193,204,21,15,12,28,48,22,17,40,87,127,98,140,12,5,5,17,33,17,12,22,62,84,74,40,6,6,4,8,13,4,2,12,19,31,2,1,0,0,0,1,0,0,0,1,0,1,19,23,3,4,3,2,2,1,3,5,6,11,2035,8,183,-133,105,1227,132,388,San Francisco,2017-06-25
2018,6,25,117,276,14,9,14,12,56,39,3,26,98,124,68,201,11,1,10,10,39,35,3,20,77,97,34,47,0,6,3,2,11,1,0,5,12,17,1,2,1,0,0,0,1,2,0,0,3,3,14,26,2,2,1,0,5,1,0,1,6,7,1868,17,154,-132,106,1141,113,430,San Francisco,2018-06-25
2019,6,25,180,310,16,6,7,15,34,42,8,22,84,106,141,225,14,3,5,14,24,36,5,19,65,84,29,54,1,2,1,1,8,2,3,2,13,15,3,3,0,0,0,0,0,0,0,0,0,0,7,28,1,1,1,0,2,4,0,1,6,7,2204,18,164,-131,107,1375,114,485,San Francisco,2019-06-25
2020,6,25,161,207,7,12,4,12,25,31,12,16,68,84,92,145,7,6,4,8,18,28,9,12,55,67,42,42,0,4,0,4,7,1,2,4,10,14,0,2,0,0,0,0,0,0,0,0,0,0,27,18,0,2,0,0,0,2,1,0,3,3,1751,8,154,-129,109,1128,92,366,San Francisco,2020-06-25
2021,6,25,187,206,19,18,6,12,38,36,13,18,87,105,82,153,14,8,4,9,23,34,7,13,64,77,74,38,4,6,1,2,10,1,5,3,16,19,5,0,0,0,0,0,3,0,0,0,3,3,26,15,1,4,1,1,2,1,1,2,4,6,1706,19,133,-135,103,974,101,455,San Francisco,2021-06-25
2022,6,25,142,150,18,14,11,17,37,23,19,28,79,107,54,108,13,2,4,10,27,19,14,14,60,74,64,27,4,8,7,6,7,3,5,13,15,28,1,0,0,0,0,0,1,0,0,0,1,1,23,15,1,4,0,1,2,1,0,1,3,4,1483,5,116,-134,104,838,82,431,San Francisco,2022-06-25
2023,6,25,124,159,20,16,11,7,41,30,28,18,99,117,57,106,13,4,7,4,34,26,20,11,80,91,55,33,5,9,3,2,6,3,5,5,14,19,0,2,0,0,0,0,0,0,1,0,1,1,12,18,2,3,1,1,1,1,2,2,4,6,1473,14,124,-133,105,814,109,405,San Francisco,2023-06-25
2024,6,25,105,200,11,9,6,10,40,33,11,16,84,100,65,148,9,2,5,8,29,25,8,13,62,75,28,31,1,7,1,2,10,5,2,3,17,20,0,4,0,0,0,0,0,0,0,0,0,0,12,17,1,0,0,0,1,3,1,0,5,5,1624,8,125,-131,107,931,111,359,San Francisco,2024-06-25
2012,7,25,,,,,,,,,,,,,,,,,,,,,,,,,,,,,,,,,,,,,,,,,,,,,,,,,,,,,,,,,,,,,,,,,,,,,San Francisco,2012-07-25
2013,7,25,,,,,,,,,,,,,,,,,,,,,,,,,,,,,,,,,,,,,,,,,,,,,,,,,,,,,,,,,,,,,,,,,,,,,San Francisco,2013-07-25
2014,7,25,,,,,,,,,,,,,,,,,,,,,,,,,,,,,,,,,,,,,,,,,,,,,,,,,,,,,,,,,,,,,,,,,,,,,San Francisco,2014-07-25
2015,7,25,268,281,27,20,12,22,37,29,12,34,78,112,156,188,22,1,5,13,24,22,9,18,55,73,89,68,4,13,6,7,9,6,2,13,17,30,3,0,0,2,0,0,0,0,0,0,0,0,20,25,1,4,1,2,4,1,1,3,6,9,2119,11,160,-99,139,1439,132,377,San Francisco,2015-07-25
2016,7,25,230,230,19,8,8,15,45,33,9,23,87,110,148,157,17,2,7,10,35,25,7,17,67,84,63,53,2,5,1,2,8,3,2,3,13,16,2,1,0,0,0,0,0,0,0,0,0,0,17,19,0,1,0,3,2,5,0,3,7,10,1885,11,149,-104,134,1201,117,419,San Francisco,2016-07-25
2017,7,25,274,283,22,6,8,11,34,37,8,19,79,98,206,196,19,3,6,7,29,32,5,13,66,79,48,65,1,2,2,2,5,3,2,4,10,14,3,4,1,0,0,0,0,0,0,0,0,0,17,18,1,1,0,2,0,2,1,2,3,5,2194,19,132,-103,135,1386,127,397,San Francisco,2017-07-25
2018,7,25,160,350,18,6,5,14,37,34,11,19,82,101,91,236,16,1,4,10,25,29,11,14,65,79,52,83,0,3,0,4,6,3,0,4,9,13,7,2,0,0,0,0,0,1,0,0,1,1,10,29,2,2,1,0,6,1,0,1,7,8,2289,20,180,-102,136,1500,125,451,San Francisco,2018-07-25
2019,7,25,218,284,17,3,12,12,39,37,6,24,82,106,153,205,10,0,2,7,29,29,5,9,63,72,37,54,6,3,6,4,8,4,1,10,13,23,5,1,0,0,0,0,0,0,0,0,0,0,23,24,1,0,4,1,2,4,0,5,6,11,2249,15,167,-101,137,1469,109,438,San Francisco,2019-07-25
2020,7,25,170,145,14,6,10,12,39,50,11,22,100,122,73,99,7,2,7,9,25,39,8,16,72,88,80,27,5,4,2,2,12,7,1,4,20,24,0,2,0,0,0,0,0,0,0,0,0,0,17,17,2,0,1,1,2,4,2,2,8,10,1428,9,115,-99,139,849,100,327,San Francisco,2020-07-25
2021,7,25,99,174,20,8,12,7,49,36,16,19,101,120,44,114,15,2,3,4,33,31,13,7,77,84,49,43,4,6,8,3,12,5,2,11,19,30,0,1,1,0,0,0,0,0,1,0,1,1,6,16,0,0,1,0,4,0,0,1,4,5,1576,9,94,-105,133,892,98,369,San Francisco,2021-07-25
2022,7,25,129,186,12,6,4,11,48,34,9,15,91,106,87,129,11,0,3,7,34,29,9,10,72,82,35,44,0,6,1,4,7,2,0,5,9,14,1,3,0,0,0,0,0,2,0,0,2,2,6,10,1,0,0,0,7,1,0,0,8,8,1367,9,99,-104,134,787,95,329,San Francisco,2022-07-25
2023,7,25,95,173,17,6,6,13,42,35,15,19,92,111,66,133,13,1,4,8,29,30,9,12,68,80,23,26,4,5,2,3,10,2,4,5,16,21,0,1,0,0,0,0,0,1,1,0,2,2,6,13,0,0,0,2,3,2,1,2,6,8,1519,9,115,-103,135,900,79,323,San Francisco,2023-07-25
2024,7,25,97,209,19,8,3,5,33,38,12,8,83,91,62,145,12,1,3,5,18,28,9,8,55,63,24,42,5,5,0,0,11,5,2,0,18,18,0,4,0,0,0,0,0,1,0,0,1,1,11,18,2,2,0,0,4,4,1,0,9,9,1655,8,158,-101,137,980,106,388,San Francisco,2024-07-25
2012,8,25,,,,,,,,,,,,,,,,,,,,,,,,,,,,,,,,,,,,,,,,,,,,,,,,,,,,,,,,,,,,,,,,,,,,,San Francisco,2012-08-25
2013,8,25,,,,,,,,,,,,,,,,,,,,,,,,,,,,,,,,,,,,,,,,,,,,,,,,,,,,,,,,,,,,,,,,,,,,,San Francisco,2013-08-25
2014,8,25,,,,,,,,,,,,,,,,,,,,,,,,,,,,,,,,,,,,,,,,,,,,,,,,,,,,,,,,,,,,,,,,,,,,,San Francisco,2014-08-25
2015,8,25,269,353,37,6,12,8,54,45,30,20,129,149,164,247,30,2,3,4,38,34,29,7,101,108,82,78,6,2,7,2,12,9,1,9,22,31,10,6,0,0,0,0,0,0,0,0,0,0,13,22,1,2,2,2,4,2,0,4,6,10,2274,23,150,-68,170,1641,119,364,San Francisco,2015-08-25
2016,8,25,241,291,21,6,7,10,37,37,9,17,83,100,154,204,17,2,3,6,28,27,5,9,60,69,69,65,1,4,4,3,6,7,4,7,17,24,8,3,1,0,0,0,0,0,0,0,0,0,10,19,2,0,0,1,3,3,0,1,6,7,2264,21,148,-73,165,1592,104,386,San Francisco,2016-08-25
2017,8,25,267,331,11,5,6,16,35,25,8,22,68,90,146,218,9,0,3,11,24,19,8,14,51,65,90,91,1,5,3,5,8,3,0,8,11,19,11,1,0,0,0,0,1,0,0,0,1,1,20,21,1,0,0,0,2,3,0,0,5,5,2355,22,148,-72,166,1394,139,440,San Francisco,2017-08-25
2018,8,25,182,280,17,5,12,15,36,44,8,27,88,115,90,193,13,2,6,4,22,36,6,10,64,74,80,66,4,3,5,7,14,6,1,12,21,33,4,3,0,0,0,0,0,0,0,0,0,0,8,18,0,0,1,4,0,2,1,5,3,8,2338,26,124,-71,167,1473,122,453,San Francisco,2018-08-25
2019,8,25,237,268,15,12,7,15,38,31,6,22,75,97,151,197,9,2,3,8,24,22,6,11,52,63,80,58,4,8,3,5,10,7,0,8,17,25,2,2,0,0,0,0,0,0,0,0,0,0,4,11,2,2,1,2,4,2,0,3,6,9,2178,16,125,-70,168,1336,112,437,San Francisco,2019-08-25
2020,8,25,130,217,7,11,5,9,45,41,19,14,105,119,71,156,6,3,4,6,22,36,18,10,76,86,46,50,1,7,1,1,22,0,1,2,23,25,1,0,0,0,0,0,0,1,0,0,1,1,12,11,0,1,0,2,1,4,0,2,5,7,1642,13,103,-68,170,1012,98,368,San Francisco,2020-08-25
2021,8,25,113,207,21,6,5,12,41,38,9,17,88,105,68,147,13,2,5,8,30,30,9,13,69,82,40,40,6,4,0,3,9,3,0,3,12,15,0,1,1,0,0,0,1,0,0,0,1,1,5,19,1,0,0,1,1,5,0,1,6,7,1648,14,87,-74,164,980,98,384,San Francisco,2021-08-25
2022,8,25,94,211,18,12,12,6,43,36,12,18,91,109,48,149,9,5,7,5,25,31,10,12,66,78,33,49,4,6,3,1,12,3,1,4,16,20,2,1,0,0,0,0,2,0,0,0,2,2,11,12,5,1,2,0,4,2,1,2,7,9,1507,13,116,-73,165,840,102,408,San Francisco,2022-08-25
2023,8,25,118,205,18,12,11,4,35,30,14,15,79,94,65,138,14,1,7,3,25,27,9,10,61,71,45,48,2,10,4,1,9,2,5,5,16,21,0,2,1,0,0,0,0,0,0,0,0,0,8,17,1,1,0,0,1,1,0,0,2,2,1694,16,110,-72,166,946,105,441,San Francisco,2023-08-25
2024,8,25,117,188,14,13,5,12,20,16,20,17,56,73,46,127,9,5,3,1,10,11,16,4,37,41,57,48,5,7,2,9,8,2,3,11,13,24,3,1,0,0,0,0,0,1,0,0,1,1,11,12,0,1,0,2,2,2,1,2,5,7,1490,15,93,-70,168,790,94,435,San Francisco,2024-08-25
2012,9,25,,,,,,,,,,,,,,,,,,,,,,,,,,,,,,,,,,,,,,,,,,,,,,,,,,,,,,,,,,,,,,,,,,,,,San Francisco,2012-09-25
2013,9,25,,,,,,,,,,,,,,,,,,,,,,,,,,,,,,,,,,,,,,,,,,,,,,,,,,,,,,,,,,,,,,,,,,,,,San Francisco,2013-09-25
2014,9,25,,,,,,,,,,,,,,,,,,,,,,,,,,,,,,,,,,,,,,,,,,,,,,,,,,,,,,,,,,,,,,,,,,,,,San Francisco,2014-09-25
2015,9,25,263,321,25,7,14,13,44,32,15,27,91,118,128,200,15,1,4,6,25,24,8,10,57,67,120,98,10,6,7,6,14,6,7,13,27,40,7,3,0,0,0,0,2,0,0,0,2,2,8,20,0,0,3,1,3,2,0,4,5,9,2242,28,145,-37,201,1428,149,448,San Francisco,2015-09-25
2016,9,25,265,274,24,13,7,18,24,29,7,25,60,85,127,148,16,4,1,8,10,22,6,9,38,47,123,92,6,7,6,8,13,2,1,14,16,30,2,3,0,0,0,0,0,0,0,0,0,0,13,31,2,2,0,2,1,5,0,2,6,8,2118,21,164,-42,196,1297,130,472,San Francisco,2016-09-25
2017,9,25,249,310,21,3,2,13,31,29,4,15,64,79,149,179,14,0,2,7,23,23,4,9,50,59,85,106,5,2,0,6,5,3,0,6,8,14,3,2,1,0,0,0,0,0,0,0,0,0,12,23,1,1,0,0,3,3,0,0,6,6,2420,24,159,-41,197,1637,98,427,San Francisco,2017-09-25
2018,9,25,152,324,20,5,7,14,38,44,8,21,90,111,78,196,15,0,1,8,24,35,6,9,65,74,60,108,2,5,6,3,11,5,2,9,18,27,4,1,0,0,0,0,0,1,0,0,1,1,10,19,3,0,0,3,3,3,0,3,6,9,2119,25,133,-40,198,1298,112,447,San Francisco,2018-09-25
2019,9,25,229,332,19,5,7,9,41,38,9,16,88,104,145,217,13,0,2,7,27,27,7,9,61,70,65,96,4,4,4,2,12,9,2,6,23,29,9,5,0,0,0,0,0,0,0,0,0,0,10,14,2,1,1,0,2,2,0,1,4,5,2434,38,145,-39,199,1470,131,543,San Francisco,2019-09-25
2020,9,25,145,216,19,10,9,14,42,36,9,23,87,110,54,139,13,5,3,9,24,27,5,12,56,68,76,68,4,5,5,4,14,2,4,9,20,29,3,0,0,0,1,0,0,0,0,1,0,1,12,9,2,0,0,1,4,7,0,1,11,12,1771,21,124,-37,201,1103,123,375,San Francisco,2020-09-25
2021,9,25,165,151,16,16,3,9,38,30,8,12,76,88,42,99,8,3,2,3,23,22,6,5,51,56,115,35,5,13,1,6,12,3,2,7,17,24,1,1,0,0,0,0,2,2,0,0,4,4,7,16,3,0,0,0,1,3,0,0,4,4,1578,13,118,-43,195,923,99,407,San Francisco,2021-09-25
2022,9,25,131,158,9,14,5,15,51,33,15,20,99,119,63,85,5,1,2,11,28,24,6,13,58,71,62,60,2,12,3,4,18,3,8,7,29,36,0,0,2,0,0,0,1,0,0,0,1,1,6,13,0,1,0,0,4,6,1,0,11,11,1393,17,94,-42,196,805,72,400,San Francisco,2022-09-25
2023,9,25,89,206,19,8,10,17,34,18,16,27,68,95,51,133,13,2,7,11,22,10,13,18,45,63,34,59,4,5,3,6,11,6,2,9,19,28,2,2,0,0,0,0,1,0,0,0,1,1,2,12,2,1,0,0,0,2,1,0,3,3,1686,23,105,-41,197,963,88,417,San Francisco,2023-09-25
2024,9,25,121,223,12,6,7,10,23,27,9,17,59,76,81,133,7,1,7,3,14,22,5,10,41,51,33,70,4,2,0,4,7,2,3,4,12,16,1,1,0,0,0,1,2,0,0,1,2,3,6,19,1,3,0,2,0,3,1,2,4,6,1715,23,119,-39,199,1005,95,429,San Francisco,2024-09-25
2012,10,25,,,,,,,,,,,,,,,,,,,,,,,,,,,,,,,,,,,,,,,,,,,,,,,,,,,,,,,,,,,,,,,,,,,,,San Francisco,2012-10-25
2013,10,25,,,,,,,,,,,,,,,,,,,,,,,,,,,,,,,,,,,,,,,,,,,,,,,,,,,,,,,,,,,,,,,,,,,,,San Francisco,2013-10-25
2014,10,25,,,,,,,,,,,,,,,,,,,,,,,,,,,,,,,,,,,,,,,,,,,,,,,,,,,,,,,,,,,,,,,,,,,,,San Francisco,2014-10-25
2015,10,25,276,345,18,10,13,9,24,28,21,22,73,95,109,182,11,4,4,3,12,15,15,7,42,49,144,135,4,6,9,4,11,12,5,13,28,41,4,3,1,0,0,0,0,0,1,0,1,1,19,25,2,0,0,2,1,1,0,2,2,4,2153,20,184,-7,231,1399,116,433,San Francisco,2015-10-25
2016,10,25,244,252,20,7,4,9,31,33,10,13,74,87,130,120,15,1,1,4,20,20,8,5,48,53,97,110,2,6,2,5,9,10,2,7,21,28,8,4,1,0,1,0,0,0,0,1,0,1,9,18,2,0,0,0,2,3,0,0,5,5,2074,45,174,-12,226,1397,124,372,San Francisco,2016-10-25
2017,10,25,299,281,25,14,10,17,36,33,9,27,78,105,145,153,18,2,6,7,25,21,5,13,51,64,116,90,5,9,4,8,10,8,3,12,21,33,18,9,0,0,0,0,0,0,0,0,0,0,20,29,2,3,0,2,1,4,1,2,6,8,2300,60,176,-11,227,1442,148,467,San Francisco,2017-10-25
2018,10,25,185,339,15,3,12,10,36,51,11,22,98,120,88,205,10,0,6,7,16,37,10,13,63,76,74,105,4,3,5,3,16,11,1,8,28,36,15,4,0,0,0,0,1,0,0,0,1,1,8,25,1,0,1,0,3,3,0,1,6,7,2288,46,187,-10,228,1397,118,462,San Francisco,2018-10-25
2019,10,25,242,317,18,11,11,13,34,43,10,24,87,111,136,172,11,1,6,9,15,29,5,15,49,64,95,117,4,10,5,4,15,10,4,9,29,38,5,2,0,0,0,0,2,0,0,0,2,2,6,26,3,0,0,0,2,4,1,0,7,7,2401,44,197,-9,229,1403,130,577,San Francisco,2019-10-25
2020,10,25,117,178,12,7,6,11,50,33,10,17,93,110,44,107,7,1,5,7,26,28,8,12,62,74,64,58,4,6,1,3,22,3,2,4,27,31,1,2,0,0,0,0,0,0,0,0,0,0,8,11,1,0,0,1,2,2,0,1,4,5,1501,24,82,-7,231,966,106,310,San Francisco,2020-10-25
2021,10,25,103,162,16,8,4,9,44,30,20,13,94,107,49,104,15,4,2,3,28,20,15,5,63,68,47,51,1,4,2,4,13,6,2,6,21,27,2,5,0,0,0,0,1,0,1,0,2,2,5,2,0,0,0,2,2,4,2,2,8,10,1597,28,120,-13,225,993,104,373,San Francisco,2021-10-25
2022,10,25,91,168,17,12,13,6,36,27,11,19,74,93,41,109,10,1,9,3,24,20,8,12,52,64,41,44,5,10,3,3,8,4,3,6,15,21,2,5,0,0,1,0,1,0,0,1,1,2,7,10,2,1,0,0,3,3,0,0,6,6,1417,27,104,-12,226,764,102,397,San Francisco,2022-10-25
2023,10,25,98,187,21,5,8,7,37,18,12,15,67,82,55,123,17,1,1,3,18,13,8,4,39,43,38,42,4,4,5,3,19,3,1,8,23,31,2,1,0,0,0,1,0,0,2,1,2,3,3,21,0,0,2,0,0,2,1,2,3,5,1476,21,109,-11,227,874,86,363,San Francisco,2023-10-25
2024,10,25,143,213,15,4,6,10,31,31,11,16,73,89,68,116,7,0,6,6,11,21,8,12,40,52,70,74,8,4,0,1,17,5,1,1,23,24,0,9,0,0,0,0,1,0,1,0,2,2,5,14,0,0,0,3,2,5,1,3,8,11,1692,38,108,-9,229,918,100,508,San Francisco,2024-10-25
2012,11,25,,,,,,,,,,,,,,,,,,,,,,,,,,,,,,,,,,,,,,,,,,,,,,,,,,,,,,,,,,,,,,,,,,,,,San Francisco,2012-11-25
2013,11,25,,,,,,,,,,,,,,,,,,,,,,,,,,,,,,,,,,,,,,,,,,,,,,,,,,,,,,,,,,,,,,,,,,,,,San Francisco,2013-11-25
2014,11,25,,,,,,,,,,,,,,,,,,,,,,,,,,,,,,,,,,,,,,,,,,,,,,,,,,,,,,,,,,,,,,,,,,,,,San Francisco,2014-11-25
2015,11,25,189,361,19,15,10,9,46,49,19,19,114,133,103,192,14,1,4,4,22,28,14,8,64,72,76,136,5,14,5,4,21,17,5,9,43,52,5,2,0,0,0,0,1,1,0,0,2,2,5,31,0,0,1,1,2,3,0,2,5,7,2415,30,217,24,262,1677,163,357,San Francisco,2015-11-25
2016,11,25,207,272,16,8,13,5,28,24,2,18,54,72,108,120,7,3,5,2,12,17,2,7,31,38,83,123,5,5,5,3,13,5,0,8,18,26,4,2,0,0,1,0,1,0,0,1,1,2,12,27,4,0,2,0,2,2,0,2,4,6,2181,24,230,19,257,1570,105,261,San Francisco,2016-11-25
2017,11,25,233,321,20,7,11,12,38,31,9,23,78,101,113,175,4,3,4,9,16,20,5,13,41,54,103,119,10,4,7,3,18,8,3,10,29,39,7,5,1,0,0,0,0,0,0,0,0,0,10,22,5,0,0,0,4,3,1,0,8,8,1962,20,178,20,258,1264,100,365,San Francisco,2017-11-25
2018,11,25,178,300,14,8,8,12,31,30,3,20,64,84,91,151,9,0,4,6,11,16,0,10,27,37,82,115,4,8,3,6,15,10,3,9,28,37,1,6,0,0,1,0,2,0,0,1,2,3,4,28,1,0,0,0,3,4,0,0,7,7,1982,21,203,21,259,1277,101,324,San Francisco,2018-11-25
2019,11,25,131,254,17,6,12,7,38,46,6,19,90,109,81,136,11,1,4,3,13,24,3,7,40,47,40,92,2,5,7,4,19,17,3,11,39,50,0,2,0,0,0,0,0,1,0,0,1,1,10,24,4,0,1,0,6,4,0,1,10,11,2032,17,223,22,260,1304,112,369,San Francisco,2019-11-25
2020,11,25,115,157,6,10,7,8,39,39,11,15,89,104,52,87,5,0,2,5,19,25,7,7,51,58,51,58,1,8,5,3,14,12,2,8,28,36,4,1,0,0,0,0,2,0,2,0,4,4,8,11,0,2,0,0,4,2,0,0,6,6,1465,19,124,24,262,907,103,324,San Francisco,2020-11-25
2021,11,25,88,133,5,11,3,11,46,25,10,14,81,95,29,68,2,4,0,6,15,20,6,6,41,47,52,57,3,6,3,5,25,5,3,8,33,41,4,1,0,0,0,0,1,0,0,0,1,1,3,7,0,1,0,0,5,0,1,0,6,6,1076,15,70,18,256,614,70,285,San Francisco,2021-11-25
2022,11,25,66,152,14,6,9,7,30,24,10,16,64,80,29,79,7,2,6,2,19,11,6,8,36,44,34,58,7,3,3,4,10,8,3,7,21,28,0,2,0,0,0,1,0,0,0,1,0,1,3,13,0,1,0,0,1,5,1,0,7,7,1321,20,108,19,257,692,82,305,San Francisco,2022-11-25
2023,11,25,103,145,14,10,10,13,32,25,15,23,72,95,42,74,5,0,4,3,20,15,12,7,47,54,57,58,6,10,4,7,10,7,2,11,19,30,0,2,1,0,0,0,0,0,0,0,0,0,4,11,2,0,2,3,2,3,1,5,6,11,1271,12,115,20,258,734,81,322,San Francisco,2023-11-25
2024,11,25,100,172,16,4,8,6,47,29,10,14,86,100,49,98,8,1,3,2,25,16,7,5,48,53,45,63,6,3,5,4,20,8,2,9,30,39,1,1,0,0,0,0,0,0,0,0,0,0,5,10,2,0,0,0,2,5,1,0,8,8,1506,17,143,22,260,863,101,304,San Francisco,2024-11-25
2012,12,25,,,,,,,,,,,,,,,,,,,,,,,,,,,,,,,,,,,,,,,,,,,,,,,,,,,,,,,,,,,,,,,,,,,,,San Francisco,2012-12-25
2013,12,25,,,,,,,,,,,,,,,,,,,,,,,,,,,,,,,,,,,,,,,,,,,,,,,,,,,,,,,,,,,,,,,,,,,,,San Francisco,2013-12-25
2014,12,25,,,,,,,,,,,,,,,,,,,,,,,,,,,,,,,,,,,,,,,,,,,,,,,,,,,,,,,,,,,,,,,,,,,,,San Francisco,2014-12-25
2015,12,25,126,179,16,10,17,7,22,22,9,24,53,77,52,86,7,1,5,1,15,13,5,6,33,39,64,78,8,9,12,4,5,5,4,16,14,30,3,1,0,0,0,1,0,0,0,1,0,1,7,14,1,0,0,1,2,4,0,1,6,7,1238,22,100,54,292,839,88,208,San Francisco,2015-12-25
2016,12,25,116,150,6,11,9,10,30,18,10,19,58,77,45,62,3,0,5,4,14,9,3,9,26,35,64,69,3,9,4,6,11,6,6,10,23,33,1,2,0,0,0,0,2,0,1,0,3,3,6,17,0,2,0,0,3,3,0,0,6,6,1269,16,172,49,287,807,85,190,San Francisco,2016-12-25
2017,12,25,153,153,4,18,5,11,29,17,2,16,48,64,60,86,2,0,3,6,13,10,2,9,25,34,79,56,1,17,2,4,11,6,0,6,17,23,4,0,0,1,0,0,1,0,0,0,1,1,10,11,1,0,0,1,4,1,0,1,5,6,1383,30,155,50,288,876,91,203,San Francisco,2017-12-25
2018,12,25,118,211,15,7,9,13,21,18,5,22,44,66,63,108,9,0,2,7,13,3,3,9,19,28,45,80,5,6,5,5,7,10,1,10,18,28,6,4,0,0,1,0,0,0,0,1,0,1,4,19,1,1,1,1,1,5,1,2,7,9,1378,26,136,51,289,862,94,236,San Francisco,2018-12-25
2019,12,25,181,210,9,7,1,7,26,27,8,8,61,69,74,126,3,1,1,5,11,15,4,6,30,36,86,68,2,6,0,1,13,5,4,1,22,23,2,4,1,0,0,0,1,2,0,0,3,3,19,12,3,0,0,1,1,5,0,1,6,7,1523,35,133,52,290,980,89,303,San Francisco,2019-12-25
2020,12,25,95,123,9,22,8,10,31,35,12,18,78,96,23,44,5,1,3,6,14,22,5,9,41,50,65,69,3,18,5,4,15,10,5,9,30,39,1,3,0,0,0,0,0,1,0,0,1,1,6,7,1,3,0,0,2,2,2,0,6,6,1048,11,66,54,292,654,70,218,San Francisco,2020-12-25
2021,12,25,76,92,10,5,4,11,43,11,9,15,63,78,22,28,5,1,0,3,23,5,5,3,33,36,49,53,4,3,4,8,16,4,3,12,23,35,0,0,0,0,0,0,0,0,0,0,0,0,5,11,1,1,0,0,4,2,1,0,7,7,934,12,87,48,286,566,69,206,San Francisco,2021-12-25
2022,12,25,86,99,12,12,4,7,36,8,6,11,50,61,31,47,4,1,0,3,20,5,5,3,30,33,48,43,6,9,4,3,15,2,1,7,18,25,0,1,0,0,0,1,0,0,0,1,0,1,7,8,2,2,0,0,1,1,0,0,2,2,893,12,82,49,287,500,54,246,San Francisco,2022-12-25
2023,12,25,94,102,6,9,6,9,31,11,5,15,47,62,24,49,2,0,2,6,12,7,3,8,22,30,61,47,3,9,3,3,17,3,1,6,21,27,1,1,0,0,0,0,1,0,0,0,1,1,8,5,1,0,1,0,1,1,1,1,3,4,803,9,66,50,288,409,57,246,San Francisco,2023-12-25
2024,12,25,101,140,10,15,3,8,22,15,11,11,48,59,38,67,4,3,1,6,10,6,6,7,22,29,58,60,4,11,1,1,11,5,5,2,21,23,2,2,0,0,1,0,1,0,0,1,1,2,3,11,2,1,0,1,0,4,0,1,4,5,885,21,57,52,290,481,66,233,San Francisco,2024-12-25
2012,1,26,,,,,,,,,,,,,,,,,,,,,,,,,,,,,,,,,,,,,,,,,,,,,,,,,,,,,,,,,,,,,,,,,,,,,San Francisco,2012-01-26
2013,1,26,,,,,,,,,,,,,,,,,,,,,,,,,,,,,,,,,,,,,,,,,,,,,,,,,,,,,,,,,,,,,,,,,,,,,San Francisco,2013-01-26
2014,1,26,,,,,,,,,,,,,,,,,,,,,,,,,,,,,,,,,,,,,,,,,,,,,,,,,,,,,,,,,,,,,,,,,,,,,San Francisco,2014-01-26
2015,1,26,223,335,24,14,6,6,27,31,17,12,75,87,98,184,10,1,2,3,20,23,10,5,53,58,96,125,8,13,4,3,6,6,4,7,16,23,9,5,1,0,0,0,0,0,0,0,0,0,20,21,5,0,0,0,1,2,3,0,6,6,2192,48,174,-279,-41,1568,125,325,San Francisco,2015-01-26
2016,1,26,245,358,19,6,11,5,35,33,15,16,83,99,108,178,12,3,3,1,22,21,11,4,54,58,121,149,6,3,7,3,7,7,4,10,18,28,6,3,0,0,0,1,0,0,0,1,0,1,10,28,1,0,1,0,6,5,0,1,11,12,2162,39,161,-285,-47,1535,127,352,San Francisco,2016-01-26
2017,1,26,218,262,21,4,5,15,31,38,8,20,77,97,94,134,14,0,1,5,18,18,6,6,42,48,106,102,6,4,4,9,11,12,2,13,25,38,7,4,1,0,0,0,1,1,0,0,2,2,11,22,0,0,0,1,1,7,0,1,8,9,2175,45,189,-283,-45,1415,119,400,San Francisco,2017-01-26
2018,1,26,318,280,12,6,9,11,44,46,12,20,102,122,162,149,6,1,4,1,21,32,6,5,59,64,116,109,3,5,3,10,18,10,6,13,34,47,16,2,0,0,0,0,1,0,0,0,1,1,24,20,3,0,2,0,4,4,0,2,8,10,2339,50,222,-282,-44,1599,112,427,San Francisco,2018-01-26
2019,1,26,170,297,16,7,11,16,32,32,7,27,71,98,69,168,9,3,5,5,11,25,4,10,40,50,86,107,6,4,6,10,16,4,3,16,23,39,4,5,0,0,0,0,0,0,0,0,0,0,11,17,1,0,0,1,5,3,0,1,8,9,2154,32,193,-281,-43,1270,121,487,San Francisco,2019-01-26
2020,1,26,140,226,20,7,13,14,44,47,8,27,99,126,58,106,9,0,7,8,29,31,6,15,66,81,74,97,11,5,4,3,11,11,2,7,24,31,3,2,0,0,0,1,0,0,0,1,0,1,5,21,0,2,2,2,4,5,0,4,9,13,1807,30,130,-280,-42,1083,126,434,San Francisco,2020-01-26
2021,1,26,72,175,5,11,7,5,46,32,22,12,100,112,41,102,3,2,4,3,31,21,17,7,69,76,28,58,2,7,2,2,13,9,2,4,24,28,1,3,0,1,0,0,1,0,2,0,3,3,2,12,0,1,1,0,1,2,1,1,4,5,1548,24,106,-285,-47,1067,105,244,San Francisco,2021-01-26
2022,1,26,83,172,7,5,4,8,44,17,9,12,70,82,36,94,3,0,2,4,27,10,5,6,42,48,39,68,4,5,2,4,12,6,4,6,22,28,1,4,0,0,0,0,0,1,0,0,1,1,7,6,0,0,0,0,5,0,0,0,5,5,1368,19,98,-284,-46,776,103,375,San Francisco,2022-01-26
2023,1,26,91,166,12,5,6,7,40,30,13,13,83,96,41,77,7,1,1,5,28,19,11,6,58,64,43,75,4,4,4,1,11,7,2,5,20,25,1,2,0,0,0,0,1,0,0,0,1,1,6,12,1,0,1,1,0,4,0,2,4,6,1596,19,123,-283,-45,918,107,366,San Francisco,2023-01-26
2024,1,26,103,176,10,8,9,10,32,27,15,19,74,93,40,82,7,0,2,4,18,19,13,6,50,56,59,70,2,8,6,5,14,7,1,11,22,33,2,3,0,0,0,0,0,0,0,0,0,0,2,21,1,0,1,1,0,1,1,2,2,4,1722,38,120,-282,-44,997,106,401,San Francisco,2024-01-26
2012,2,26,,,,,,,,,,,,,,,,,,,,,,,,,,,,,,,,,,,,,,,,,,,,,,,,,,,,,,,,,,,,,,,,,,,,,San Francisco,2012-02-26
2013,2,26,,,,,,,,,,,,,,,,,,,,,,,,,,,,,,,,,,,,,,,,,,,,,,,,,,,,,,,,,,,,,,,,,,,,,San Francisco,2013-02-26
2014,2,26,,,,,,,,,,,,,,,,,,,,,,,,,,,,,,,,,,,,,,,,,,,,,,,,,,,,,,,,,,,,,,,,,,,,,San Francisco,2014-02-26
2015,2,26,246,308,33,7,4,7,29,34,15,11,78,89,134,180,27,0,3,5,16,17,8,8,41,49,91,102,2,7,1,2,8,10,5,3,23,26,9,4,0,0,0,0,0,0,1,0,1,1,12,22,4,0,0,0,5,7,1,0,13,13,2217,33,188,-248,-10,1575,110,358,San Francisco,2015-02-26
2016,2,26,276,303,20,6,8,8,37,35,12,16,84,100,167,176,14,0,4,5,29,23,9,9,61,70,91,101,5,5,1,3,6,10,3,4,19,23,2,5,0,0,0,0,1,0,0,0,1,1,16,21,1,1,3,0,1,2,0,3,3,6,2053,21,157,-254,-16,1282,116,489,San Francisco,2016-02-26
2017,2,26,234,279,17,9,13,17,39,23,11,30,73,103,113,165,14,0,6,13,23,16,7,19,46,65,102,88,3,5,7,4,13,5,3,11,21,32,7,1,0,0,0,0,0,0,0,0,0,0,12,25,0,4,0,0,3,2,1,0,6,6,2192,17,225,-252,-14,1493,106,370,San Francisco,2017-02-26
2018,2,26,209,245,13,5,2,5,43,41,7,7,91,98,137,151,8,1,0,3,28,27,3,3,58,61,56,78,3,2,2,2,11,7,4,4,22,26,1,3,1,0,0,0,0,0,0,0,0,0,15,13,1,2,0,0,4,7,0,0,11,11,2009,13,172,-251,-13,1326,86,365,San Francisco,2018-02-26
2019,2,26,130,293,13,2,5,9,46,34,11,14,91,105,95,181,6,0,1,4,33,26,7,5,66,71,29,90,5,2,4,5,11,5,3,9,19,28,4,3,1,0,0,0,1,0,0,0,1,1,2,19,1,0,0,0,1,3,1,0,5,5,2018,22,181,-250,-12,1288,108,339,San Francisco,2019-02-26
2020,2,26,175,325,16,4,10,14,37,39,18,24,94,118,93,208,12,2,5,6,20,29,12,11,61,72,63,95,2,2,4,6,14,7,5,10,26,36,6,5,0,0,0,0,0,0,1,0,1,1,13,17,2,0,1,2,3,3,0,3,6,9,2176,24,180,-249,-11,1334,108,491,San Francisco,2020-02-26
2021,2,26,107,228,18,13,2,4,48,42,5,6,95,101,51,130,12,5,1,2,20,32,4,3,56,59,51,81,2,8,1,2,20,5,1,3,26,29,3,1,1,0,0,0,1,2,0,0,3,3,2,16,3,0,0,0,7,3,0,0,10,10,1593,19,119,-254,-16,996,92,356,San Francisco,2021-02-26
2022,2,26,141,155,5,11,6,17,27,25,9,23,61,84,57,92,2,3,2,5,15,17,8,7,40,47,70,47,3,6,4,10,9,7,1,14,17,31,8,0,0,0,0,0,1,0,0,0,1,1,6,16,0,2,0,2,2,1,0,2,3,5,1523,20,122,-253,-15,873,103,388,San Francisco,2022-02-26
2023,2,26,89,131,14,6,10,14,33,25,15,24,73,97,33,79,9,1,5,8,15,14,9,13,38,51,51,44,4,5,5,6,12,9,5,11,26,37,1,0,0,0,0,0,1,0,0,0,1,1,4,8,1,0,0,0,5,2,1,0,8,8,1387,15,89,-252,-14,797,99,322,San Francisco,2023-02-26
2024,2,26,79,178,14,2,6,6,40,33,14,12,87,99,45,99,12,1,3,2,23,24,9,5,56,61,27,57,1,1,3,3,14,5,0,6,19,25,1,3,0,0,0,0,0,0,2,0,2,2,6,19,1,0,0,1,3,4,3,1,10,11,1547,13,122,-251,-13,910,97,346,San Francisco,2024-02-26
2012,3,26,,,,,,,,,,,,,,,,,,,,,,,,,,,,,,,,,,,,,,,,,,,,,,,,,,,,,,,,,,,,,,,,,,,,,San Francisco,2012-03-26
2013,3,26,,,,,,,,,,,,,,,,,,,,,,,,,,,,,,,,,,,,,,,,,,,,,,,,,,,,,,,,,,,,,,,,,,,,,San Francisco,2013-03-26
2014,3,26,,,,,,,,,,,,,,,,,,,,,,,,,,,,,,,,,,,,,,,,,,,,,,,,,,,,,,,,,,,,,,,,,,,,,San Francisco,2014-03-26
2015,3,26,248,326,26,8,11,11,33,42,21,22,96,118,138,197,19,7,6,6,22,32,13,12,67,79,87,109,3,1,4,2,7,5,5,6,17,23,7,3,1,0,0,0,2,0,0,0,2,2,16,17,3,0,1,3,2,5,3,4,10,14,2205,36,158,-220,18,1569,114,367,San Francisco,2015-03-26
2016,3,26,256,313,28,9,9,14,27,38,8,23,73,96,134,186,17,2,3,11,18,23,8,14,49,63,107,106,11,6,5,3,7,11,0,8,18,26,1,2,0,0,0,0,0,0,0,0,0,0,14,19,0,1,1,0,2,4,0,1,6,7,2160,16,140,-225,13,1368,137,451,San Francisco,2016-03-26
2017,3,26,255,286,23,5,9,10,38,28,11,19,77,96,146,191,12,2,2,3,18,19,7,5,44,49,92,85,4,3,4,5,18,6,4,9,28,37,4,2,0,0,0,0,0,0,0,0,0,0,13,8,7,0,3,2,2,3,0,5,5,10,2047,18,126,-224,14,1302,102,410,San Francisco,2017-03-26
2018,3,26,245,274,22,4,12,10,50,21,3,22,74,96,146,171,17,1,8,2,38,18,2,10,58,68,75,82,4,3,4,6,9,3,0,10,12,22,8,1,0,0,0,0,0,0,0,0,0,0,16,20,1,0,0,2,3,0,1,2,4,6,2290,23,127,-223,15,1578,100,402,San Francisco,2018-03-26
2019,3,26,147,326,26,4,4,4,42,32,6,8,80,88,103,200,19,1,3,2,24,23,6,5,53,58,33,87,6,3,1,0,16,6,0,1,22,23,3,8,0,0,0,0,1,0,0,0,1,1,8,31,1,0,0,2,1,3,0,2,4,6,2327,46,150,-222,16,1455,136,447,San Francisco,2019-03-26
2020,3,26,133,248,7,4,6,11,36,38,12,17,86,103,59,171,6,0,2,6,20,30,8,8,58,66,55,55,0,4,2,4,12,3,1,6,16,22,5,2,0,0,0,0,0,1,0,0,1,1,14,20,1,0,2,1,4,4,3,3,11,14,1798,20,115,-220,18,1053,95,357,San Francisco,2020-03-26
2021,3,26,147,222,17,8,5,12,25,36,10,17,71,88,65,138,11,3,4,6,16,28,4,10,48,58,70,73,1,3,0,3,6,4,5,3,15,18,4,2,1,0,0,1,0,0,0,1,0,1,8,9,4,2,1,2,3,4,1,3,8,11,1639,25,117,-226,12,1032,105,373,San Francisco,2021-03-26
2022,3,26,130,172,13,9,7,7,31,24,8,14,63,77,46,112,7,4,4,4,17,14,3,8,34,42,75,49,3,3,2,3,12,7,5,5,24,29,2,2,0,1,0,0,1,0,0,0,1,1,7,9,3,1,1,0,1,3,0,1,4,5,1526,16,101,-225,13,894,88,390,San Francisco,2022-03-26
2023,3,26,127,159,13,14,14,6,23,26,8,20,57,77,71,84,9,1,5,5,16,22,8,10,46,56,51,61,3,13,7,1,6,4,0,8,10,18,0,0,0,0,0,0,0,0,0,0,0,0,5,14,1,0,2,0,1,0,0,2,1,3,1517,9,99,-224,14,874,87,374,San Francisco,2023-03-26
2024,3,26,77,185,30,2,8,13,23,24,7,21,54,75,47,131,24,1,7,9,16,19,6,16,41,57,25,48,6,1,1,4,7,2,1,5,10,15,3,1,0,0,0,0,0,0,0,0,0,0,2,5,0,0,0,0,0,3,0,0,3,3,1638,18,76,-222,16,953,112,351,San Francisco,2024-03-26
2012,4,26,,,,,,,,,,,,,,,,,,,,,,,,,,,,,,,,,,,,,,,,,,,,,,,,,,,,,,,,,,,,,,,,,,,,,San Francisco,2012-04-26
2013,4,26,,,,,,,,,,,,,,,,,,,,,,,,,,,,,,,,,,,,,,,,,,,,,,,,,,,,,,,,,,,,,,,,,,,,,San Francisco,2013-04-26
2014,4,26,,,,,,,,,,,,,,,,,,,,,,,,,,,,,,,,,,,,,,,,,,,,,,,,,,,,,,,,,,,,,,,,,,,,,San Francisco,2014-04-26
2015,4,26,211,293,22,4,12,14,33,43,17,26,93,119,110,197,15,0,7,9,16,32,13,16,61,77,83,79,6,3,2,3,15,9,2,5,26,31,2,1,1,0,0,0,0,0,0,0,0,0,16,16,0,1,3,2,2,2,2,5,6,11,2011,12,138,-189,49,1417,105,330,San Francisco,2015-04-26
2016,4,26,277,367,18,1,8,6,34,47,6,14,87,101,204,260,15,1,4,3,23,35,4,7,62,69,56,93,2,0,1,2,7,9,2,3,18,21,6,1,0,0,1,0,0,0,0,1,0,1,11,13,1,0,2,1,4,3,0,3,7,10,2377,16,133,-194,44,1652,125,394,San Francisco,2016-04-26
2017,4,26,233,270,24,4,16,12,41,28,13,28,82,110,151,195,20,0,11,4,25,22,8,15,55,70,65,59,2,4,4,6,10,4,4,10,18,28,6,3,0,0,0,1,0,0,0,1,0,1,11,13,2,0,1,1,6,2,1,2,9,11,2218,19,120,-193,45,1522,133,366,San Francisco,2017-04-26
2018,4,26,251,244,14,7,8,13,49,34,9,21,92,113,172,180,13,3,4,6,40,28,7,10,75,85,58,51,1,4,3,3,5,3,2,6,10,16,7,1,0,0,0,0,1,0,0,0,1,1,14,12,0,0,1,4,3,3,0,5,6,11,2161,13,149,-192,46,1375,118,478,San Francisco,2018-04-26
2019,4,26,167,336,18,1,12,11,35,33,7,23,75,98,110,231,14,1,10,8,16,28,5,18,49,67,49,74,3,0,1,2,10,3,2,3,15,18,3,0,0,0,1,0,0,0,0,1,0,1,5,31,1,0,0,1,9,2,0,1,11,12,2235,15,140,-191,47,1396,102,471,San Francisco,2019-04-26
2020,4,26,193,248,4,14,4,16,57,42,9,20,108,128,123,165,4,3,2,10,36,34,8,12,78,90,62,55,0,10,1,4,19,3,1,5,23,28,0,1,0,0,0,0,1,0,0,0,1,1,8,27,0,1,1,2,1,5,0,3,6,9,1980,5,128,-189,49,1271,90,316,San Francisco,2020-04-26
2021,4,26,88,172,7,6,5,12,43,38,15,17,96,113,42,130,7,1,3,9,30,35,14,12,79,91,36,36,0,5,1,2,7,1,0,3,8,11,0,1,0,0,0,0,1,0,0,0,1,1,10,5,0,0,1,1,5,2,1,2,8,10,1635,11,85,-195,43,1076,101,310,San Francisco,2021-04-26
2022,4,26,116,163,13,3,7,10,42,34,11,17,87,104,67,112,10,0,5,10,25,26,7,15,58,73,41,35,3,3,1,0,14,5,2,1,21,22,2,1,0,0,0,0,0,0,2,0,2,2,6,15,0,0,1,0,3,3,0,1,6,7,1464,10,97,-194,44,894,91,342,San Francisco,2022-04-26
2023,4,26,69,185,25,2,8,15,53,21,12,23,86,109,30,126,16,1,6,8,38,20,8,14,66,80,34,46,4,1,2,4,11,1,4,6,16,22,1,2,1,0,0,1,0,0,0,1,0,1,4,11,4,0,0,2,4,0,0,2,4,6,1503,12,103,-193,45,910,88,379,San Francisco,2023-04-26
2024,4,26,102,180,24,8,7,7,21,31,9,14,61,75,56,114,16,0,3,4,16,24,8,7,48,55,38,50,3,6,2,3,4,2,0,5,6,11,0,0,0,0,0,0,1,1,0,0,2,2,8,16,5,2,2,0,0,4,1,2,5,7,1708,9,143,-191,47,1015,96,413,San Francisco,2024-04-26
2012,5,26,,,,,,,,,,,,,,,,,,,,,,,,,,,,,,,,,,,,,,,,,,,,,,,,,,,,,,,,,,,,,,,,,,,,,San Francisco,2012-05-26
2013,5,26,,,,,,,,,,,,,,,,,,,,,,,,,,,,,,,,,,,,,,,,,,,,,,,,,,,,,,,,,,,,,,,,,,,,,San Francisco,2013-05-26
2014,5,26,,,,,,,,,,,,,,,,,,,,,,,,,,,,,,,,,,,,,,,,,,,,,,,,,,,,,,,,,,,,,,,,,,,,,San Francisco,2014-05-26
2015,5,26,216,346,23,3,9,14,51,33,20,23,104,127,160,245,16,1,8,11,34,22,18,19,74,93,32,72,6,2,1,2,12,9,2,3,23,26,1,1,0,0,0,0,0,0,0,0,0,0,23,28,1,0,0,1,5,2,0,1,7,8,2165,12,177,-159,79,1597,102,327,San Francisco,2015-05-26
2016,5,26,254,283,17,7,6,10,24,41,15,16,80,96,177,188,13,3,6,7,14,34,12,13,60,73,52,67,0,2,0,3,8,4,3,3,15,18,2,1,1,0,0,0,1,0,0,0,1,1,23,27,3,2,0,0,1,3,0,0,4,4,2036,13,154,-164,74,1356,136,392,San Francisco,2016-05-26
2017,5,26,277,273,15,5,7,6,26,42,8,13,76,89,182,196,12,2,2,6,17,34,5,8,56,64,75,55,2,3,4,0,5,6,2,4,13,17,7,1,0,0,0,0,0,0,0,0,0,0,13,21,1,0,1,0,4,2,1,1,7,8,2477,13,165,-163,75,1629,130,435,San Francisco,2017-05-26
2018,5,26,137,330,24,6,10,9,42,42,9,19,93,112,70,250,14,3,8,5,33,34,5,13,72,85,49,59,9,1,2,4,6,5,2,6,13,19,3,1,0,1,0,0,1,0,1,0,2,2,15,20,1,1,0,0,2,3,1,0,6,6,2164,21,151,-162,76,1405,125,387,San Francisco,2018-05-26
2019,5,26,169,243,10,8,12,12,43,35,8,24,86,110,123,169,6,4,9,7,32,30,6,16,68,84,40,54,3,4,1,3,7,2,2,4,11,15,1,1,0,0,0,0,0,0,0,0,0,0,5,19,1,0,2,2,4,3,0,4,7,11,1970,8,148,-161,77,1213,104,384,San Francisco,2019-05-26
2020,5,26,149,275,10,5,3,6,38,35,16,9,89,98,83,190,8,1,3,4,29,30,15,7,74,81,39,57,2,2,0,1,7,2,1,1,10,11,2,5,0,0,0,0,0,0,0,0,0,0,25,23,0,2,0,1,2,3,0,1,5,6,2066,18,170,-159,79,1205,119,395,San Francisco,2020-05-26
2021,5,26,135,213,20,10,8,4,35,42,11,12,88,100,75,149,16,1,7,3,28,35,9,10,72,82,46,49,2,7,1,0,4,4,1,1,9,10,4,0,0,0,0,0,0,0,0,0,0,0,10,15,2,2,0,1,3,3,1,1,7,8,1921,13,130,-165,73,1218,122,381,San Francisco,2021-05-26
2022,5,26,125,171,17,4,3,8,45,38,10,11,93,104,69,119,12,0,2,7,30,33,6,9,69,78,42,38,2,2,1,1,7,2,2,2,11,13,4,2,0,0,0,0,1,1,1,0,3,3,10,12,3,2,0,0,7,2,1,0,10,10,1598,18,128,-164,74,912,110,374,San Francisco,2022-05-26
2023,5,26,95,181,12,7,14,8,33,21,16,22,70,92,41,119,11,1,10,6,22,18,11,16,51,67,48,42,1,4,2,2,9,2,4,4,15,19,0,0,0,0,0,0,1,0,0,0,1,1,6,20,0,2,2,0,1,1,1,2,3,5,1583,6,116,-163,75,903,100,385,San Francisco,2023-05-26
2024,5,26,91,145,20,6,7,11,24,15,10,18,49,67,39,94,10,0,3,5,15,13,7,8,35,43,41,35,8,5,4,5,5,2,1,9,8,17,0,0,0,1,0,1,2,0,0,1,2,3,11,16,2,0,0,0,2,0,2,0,4,4,1407,9,122,-161,77,803,95,336,San Francisco,2024-05-26
2012,6,26,,,,,,,,,,,,,,,,,,,,,,,,,,,,,,,,,,,,,,,,,,,,,,,,,,,,,,,,,,,,,,,,,,,,,San Francisco,2012-06-26
2013,6,26,,,,,,,,,,,,,,,,,,,,,,,,,,,,,,,,,,,,,,,,,,,,,,,,,,,,,,,,,,,,,,,,,,,,,San Francisco,2013-06-26
2014,6,26,,,,,,,,,,,,,,,,,,,,,,,,,,,,,,,,,,,,,,,,,,,,,,,,,,,,,,,,,,,,,,,,,,,,,San Francisco,2014-06-26
2015,6,26,264,300,22,6,14,10,26,43,14,24,83,107,175,208,16,0,6,7,19,31,9,13,59,72,62,60,4,4,4,1,5,9,2,5,16,21,5,2,0,0,0,0,0,0,0,0,0,0,22,30,2,2,4,2,2,3,3,6,8,14,2194,22,201,-128,110,1479,124,449,San Francisco,2015-06-26
2016,6,26,236,286,19,19,17,15,26,37,14,32,77,109,143,203,15,3,7,9,17,31,7,16,55,71,75,56,3,9,7,5,7,2,4,12,13,25,4,1,0,0,0,0,0,0,0,0,0,0,14,26,1,7,3,1,2,4,3,4,9,13,2232,18,218,-133,105,1426,140,441,San Francisco,2016-06-26
2017,6,26,223,219,16,12,15,20,44,45,9,35,98,133,160,163,13,6,12,9,26,36,5,21,67,88,45,38,2,4,3,8,12,6,4,11,22,33,4,4,1,0,0,0,0,1,0,0,1,1,14,14,0,2,0,3,6,2,0,3,8,11,2205,22,149,-132,106,1439,148,439,San Francisco,2017-06-26
2018,6,26,146,285,22,7,10,8,38,51,11,18,100,118,98,209,18,3,8,6,28,45,7,14,80,94,29,56,2,2,1,2,5,3,2,3,10,13,2,2,0,0,0,0,0,0,0,0,0,0,17,18,2,2,1,0,5,3,2,1,10,11,1895,16,141,-131,107,1240,100,371,San Francisco,2018-06-26
2019,6,26,179,300,12,10,3,13,35,39,12,16,86,102,118,227,10,2,2,8,23,35,8,10,66,76,34,51,1,5,0,2,8,0,2,2,10,12,4,3,0,0,0,0,1,0,0,0,1,1,23,19,1,3,1,3,3,4,2,4,9,13,2123,22,171,-130,108,1284,109,440,San Francisco,2019-06-26
2020,6,26,190,211,12,11,5,9,29,32,5,14,66,80,86,138,9,4,4,5,19,27,4,9,50,59,59,46,1,4,0,2,9,2,1,2,12,14,2,3,0,0,0,1,1,0,0,1,1,2,43,24,2,3,1,1,0,3,0,2,3,5,1743,9,209,-128,110,1098,116,396,San Francisco,2020-06-26
2021,6,26,149,168,15,20,5,16,40,21,5,21,66,87,45,128,5,5,3,6,31,16,4,9,51,60,78,28,8,10,2,8,6,3,1,10,10,20,4,0,0,0,0,0,2,0,0,0,2,2,22,12,2,5,0,2,1,2,0,2,3,5,1671,13,144,-134,104,988,95,405,San Francisco,2021-06-26
2022,6,26,142,146,11,12,17,17,29,39,11,34,79,113,61,104,9,6,7,9,18,34,7,16,59,75,62,30,1,5,9,6,5,3,2,15,10,25,3,1,1,0,0,0,2,0,0,0,2,2,16,11,0,1,1,2,4,2,2,3,8,11,1448,19,114,-133,105,844,78,395,San Francisco,2022-06-26
2023,6,26,130,157,15,12,16,13,34,42,20,29,96,125,83,120,10,2,10,10,22,37,18,20,77,97,32,22,2,9,2,3,10,2,2,5,14,19,2,0,0,0,0,0,0,1,0,0,1,1,13,15,3,1,4,0,2,2,0,4,4,8,1577,8,125,-132,106,903,94,384,San Francisco,2023-06-26
2024,6,26,101,188,12,5,5,7,22,22,6,12,50,62,61,133,11,2,3,3,12,18,5,6,35,41,33,34,1,1,1,2,8,2,1,3,11,14,0,3,0,0,0,0,0,0,0,0,0,0,7,18,0,2,1,2,2,2,0,3,4,7,1371,8,123,-130,108,773,86,377,San Francisco,2024-06-26
2012,7,26,,,,,,,,,,,,,,,,,,,,,,,,,,,,,,,,,,,,,,,,,,,,,,,,,,,,,,,,,,,,,,,,,,,,,San Francisco,2012-07-26
2013,7,26,,,,,,,,,,,,,,,,,,,,,,,,,,,,,,,,,,,,,,,,,,,,,,,,,,,,,,,,,,,,,,,,,,,,,San Francisco,2013-07-26
2014,7,26,,,,,,,,,,,,,,,,,,,,,,,,,,,,,,,,,,,,,,,,,,,,,,,,,,,,,,,,,,,,,,,,,,,,,San Francisco,2014-07-26
2015,7,26,229,305,28,15,11,16,30,31,15,27,76,103,130,234,17,2,4,10,17,26,13,14,56,70,85,50,7,11,6,4,10,5,0,10,15,25,2,4,0,0,1,0,2,0,0,1,2,3,12,17,4,2,0,2,1,0,2,2,3,5,2185,17,152,-98,140,1533,110,349,San Francisco,2015-07-26
2016,7,26,266,306,15,4,5,10,32,40,17,15,89,104,187,210,8,1,3,5,25,32,14,8,71,79,58,67,0,1,1,4,5,5,3,5,13,18,9,3,0,0,0,0,0,0,0,0,0,0,12,26,7,2,1,1,2,3,0,2,5,7,2020,18,135,-103,135,1353,126,403,San Francisco,2016-07-26
2017,7,26,237,304,18,7,13,11,52,47,10,24,109,133,166,206,16,1,9,8,40,37,8,17,85,102,55,77,1,5,3,2,7,5,2,5,14,19,2,2,0,0,0,0,1,0,0,0,1,1,14,19,1,1,1,1,4,5,0,2,9,11,2227,11,149,-102,136,1428,127,438,San Francisco,2017-07-26
2018,7,26,150,287,19,4,12,12,34,42,13,24,89,113,109,193,12,0,8,5,24,33,9,13,66,79,29,75,6,3,4,2,6,6,3,6,15,21,6,2,0,0,0,1,0,1,0,1,1,2,6,17,1,1,0,4,4,2,1,4,7,11,1942,21,125,-101,137,1214,131,389,San Francisco,2018-07-26
2019,7,26,196,306,15,8,6,8,46,51,7,14,104,118,134,232,10,1,6,6,29,41,6,12,76,88,46,57,4,4,0,2,14,4,1,2,19,21,1,4,0,0,0,0,2,0,0,0,2,2,15,13,1,3,0,0,1,6,0,0,7,7,2218,18,158,-100,138,1433,127,433,San Francisco,2019-07-26
2020,7,26,153,151,6,8,5,11,50,43,11,16,104,120,85,105,6,1,1,5,35,37,7,6,79,85,50,37,0,7,2,3,14,4,2,5,20,25,2,0,0,0,0,1,0,1,0,1,1,2,16,9,0,0,2,2,1,1,2,4,4,8,1356,8,96,-98,140,869,83,305,San Francisco,2020-07-26
2021,7,26,108,173,13,10,0,10,43,32,11,10,86,96,60,126,9,3,0,5,35,29,10,5,74,79,37,33,2,6,0,4,5,3,1,4,9,13,2,0,0,0,0,0,0,0,0,0,0,0,9,14,2,1,0,1,3,0,0,1,3,4,1509,9,91,-104,134,950,101,323,San Francisco,2021-07-26
2022,7,26,112,164,8,9,11,10,42,26,7,21,75,96,67,112,6,5,5,6,27,22,5,11,54,65,34,33,1,2,5,4,13,2,1,9,16,25,5,2,0,0,0,0,0,1,0,0,1,1,6,17,1,2,1,0,2,1,1,1,4,5,1401,16,94,-103,135,808,100,327,San Francisco,2022-07-26
2023,7,26,129,226,15,8,7,10,54,25,17,17,96,113,76,168,11,2,5,9,38,21,10,14,69,83,41,39,2,5,1,0,10,3,4,1,17,18,1,1,0,0,0,0,2,1,0,0,3,3,11,18,2,1,1,1,4,0,3,2,7,9,1492,9,123,-102,136,828,92,437,San Francisco,2023-07-26
2024,7,26,92,207,19,6,8,6,40,33,13,14,86,100,50,145,14,1,4,5,25,29,8,9,62,71,32,47,3,4,4,0,10,2,5,4,17,21,3,4,0,0,0,0,0,0,0,0,0,0,7,11,2,1,0,1,5,2,0,1,7,8,1519,12,96,-100,138,875,95,382,San Francisco,2024-07-26
2012,8,26,,,,,,,,,,,,,,,,,,,,,,,,,,,,,,,,,,,,,,,,,,,,,,,,,,,,,,,,,,,,,,,,,,,,,San Francisco,2012-08-26
2013,8,26,,,,,,,,,,,,,,,,,,,,,,,,,,,,,,,,,,,,,,,,,,,,,,,,,,,,,,,,,,,,,,,,,,,,,San Francisco,2013-08-26
2014,8,26,,,,,,,,,,,,,,,,,,,,,,,,,,,,,,,,,,,,,,,,,,,,,,,,,,,,,,,,,,,,,,,,,,,,,San Francisco,2014-08-26
2015,8,26,280,314,30,6,9,10,34,41,8,19,83,102,186,219,25,1,3,6,27,30,7,9,64,73,74,77,3,3,5,4,5,10,1,9,16,25,6,1,0,0,0,0,1,0,0,0,1,1,14,17,2,2,1,0,1,1,0,1,2,3,2286,27,170,-67,171,1670,133,366,San Francisco,2015-08-26
2016,8,26,282,295,18,1,11,8,31,40,7,19,78,97,174,189,15,0,7,5,24,31,5,12,60,72,89,87,2,1,3,2,3,8,2,5,13,18,5,2,0,0,0,0,0,0,0,0,0,0,14,17,1,0,1,1,4,1,0,2,5,7,2179,14,135,-72,166,1463,114,422,San Francisco,2016-08-26
2017,8,26,256,296,19,7,7,19,29,39,8,26,76,102,128,205,13,1,4,13,14,26,5,17,45,62,110,75,6,6,2,6,9,6,1,8,16,24,2,1,0,0,0,0,1,0,0,0,1,1,16,15,0,0,1,0,5,7,2,1,14,15,2095,20,134,-71,167,1274,139,488,San Francisco,2017-08-26
2018,8,26,164,294,13,6,10,11,47,24,10,21,81,102,83,193,9,0,4,6,29,19,9,10,57,67,68,81,2,6,6,4,12,2,1,10,15,25,3,2,0,0,0,0,1,0,0,0,1,1,10,18,2,0,0,1,5,3,0,1,8,9,2052,12,113,-70,168,1283,104,452,San Francisco,2018-08-26
2019,8,26,183,253,21,4,9,13,43,53,12,22,108,130,132,182,16,1,7,9,31,44,7,16,82,98,45,53,3,3,2,2,9,4,5,4,18,22,2,1,0,0,0,0,2,0,0,0,2,2,4,17,2,0,0,2,1,5,0,2,6,8,2245,15,145,-69,169,1448,115,432,San Francisco,2019-08-26
2020,8,26,138,202,11,6,3,9,44,35,10,12,89,101,93,145,9,2,2,6,30,29,8,8,67,75,40,44,2,3,0,3,11,5,2,3,18,21,2,1,0,0,0,0,0,0,0,0,0,0,3,12,0,1,1,0,3,1,0,1,4,5,1655,14,64,-67,171,1047,108,354,San Francisco,2020-08-26
2021,8,26,119,206,15,13,8,6,35,36,12,14,83,97,56,135,10,1,5,3,23,25,7,8,55,63,52,57,5,10,3,3,9,6,4,6,19,25,0,1,0,0,0,0,1,0,0,0,1,1,11,13,0,2,0,0,2,5,1,0,8,8,1750,12,104,-73,165,1054,104,402,San Francisco,2021-08-26
2022,8,26,109,220,10,4,6,11,45,24,9,17,78,95,60,143,8,1,5,6,30,20,8,11,58,69,40,61,2,3,1,4,11,2,1,5,14,19,0,2,0,0,0,0,0,0,0,0,0,0,9,14,0,0,0,1,4,2,0,1,6,7,1562,15,122,-72,166,870,90,435,San Francisco,2022-08-26
2023,8,26,145,194,18,8,6,9,36,22,10,15,68,83,69,129,11,1,3,6,29,18,7,9,54,63,71,58,7,6,2,3,6,2,3,5,11,16,1,1,0,0,0,0,0,0,0,0,0,0,4,6,0,1,1,0,1,2,0,1,3,4,1626,14,94,-71,167,920,101,455,San Francisco,2023-08-26
2024,8,26,131,214,9,5,5,5,34,33,8,10,75,85,66,146,6,3,2,0,25,27,7,2,59,61,57,52,1,2,2,5,4,2,1,7,7,14,2,4,0,0,0,0,0,0,0,0,0,0,6,12,2,0,1,0,5,4,0,1,9,10,1609,17,109,-69,169,869,107,424,San Francisco,2024-08-26
2012,9,26,,,,,,,,,,,,,,,,,,,,,,,,,,,,,,,,,,,,,,,,,,,,,,,,,,,,,,,,,,,,,,,,,,,,,San Francisco,2012-09-26
2013,9,26,,,,,,,,,,,,,,,,,,,,,,,,,,,,,,,,,,,,,,,,,,,,,,,,,,,,,,,,,,,,,,,,,,,,,San Francisco,2013-09-26
2014,9,26,,,,,,,,,,,,,,,,,,,,,,,,,,,,,,,,,,,,,,,,,,,,,,,,,,,,,,,,,,,,,,,,,,,,,San Francisco,2014-09-26
2015,9,26,328,332,26,16,10,13,37,49,5,23,91,114,134,199,19,2,4,10,30,30,4,14,64,78,179,111,7,11,6,3,5,16,0,9,21,30,4,0,0,0,0,0,0,0,0,0,0,0,11,22,0,3,0,0,2,3,1,0,6,6,2230,21,157,-36,202,1446,117,470,San Francisco,2015-09-26
2016,9,26,316,270,24,8,6,16,42,41,11,22,94,116,164,156,19,2,3,11,23,31,7,14,61,75,119,88,4,5,2,2,15,9,4,4,28,32,5,3,0,0,0,0,0,1,0,0,1,1,28,23,1,1,1,3,4,0,0,4,4,8,2269,23,161,-41,197,1506,126,455,San Francisco,2016-09-26
2017,9,26,316,349,22,4,11,17,49,43,5,28,97,125,182,256,15,2,5,8,30,31,2,13,63,76,100,68,6,1,4,6,12,9,3,10,24,34,20,5,0,0,0,0,0,0,0,0,0,0,14,20,1,1,2,3,7,3,0,5,10,15,2518,42,181,-40,198,1698,129,449,San Francisco,2017-09-26
2018,9,26,174,358,16,0,8,11,43,41,3,19,87,106,91,261,12,0,4,8,30,30,1,12,61,73,75,70,4,0,4,3,9,6,1,7,16,23,4,3,0,0,0,0,1,1,1,0,3,3,4,24,0,0,0,0,3,4,0,0,7,7,2424,38,159,-39,199,1586,116,441,San Francisco,2018-09-26
2019,9,26,198,370,24,4,8,19,34,44,10,27,88,115,124,234,18,0,7,10,22,37,7,17,66,83,62,104,5,3,1,7,7,7,2,8,16,24,5,4,0,0,0,0,0,0,0,0,0,0,7,28,1,1,0,2,5,0,1,2,6,8,2468,35,164,-38,200,1497,152,504,San Francisco,2019-09-26
2020,9,26,208,228,7,12,5,15,45,25,10,20,80,100,73,135,4,3,1,10,26,18,5,11,49,60,117,77,3,8,3,5,17,4,4,8,25,33,2,1,0,0,0,0,0,0,0,0,0,0,16,15,0,1,1,0,2,3,1,1,6,7,1746,12,128,-36,202,1042,103,404,San Francisco,2020-09-26
2021,9,26,132,173,12,7,5,14,36,29,7,19,72,91,40,110,6,1,3,8,25,25,6,11,56,67,78,55,6,3,2,4,9,1,1,6,11,17,3,2,0,0,0,0,0,0,0,0,0,0,11,6,0,3,0,2,2,3,0,2,5,7,1449,16,91,-42,196,830,89,394,San Francisco,2021-09-26
2022,9,26,129,192,17,8,5,15,33,28,14,20,75,95,63,125,11,0,1,5,22,17,12,6,51,57,63,57,6,6,3,8,10,5,0,11,15,26,3,1,0,0,0,0,1,1,1,0,3,3,0,9,0,2,1,2,0,5,1,3,6,9,1542,24,92,-41,197,823,98,436,San Francisco,2022-09-26
2023,9,26,99,216,16,2,6,19,35,28,20,25,83,108,60,148,12,0,3,12,19,21,13,15,53,68,33,56,2,2,3,5,13,5,6,8,24,32,0,0,0,0,0,1,0,0,0,1,0,1,6,12,2,0,0,1,3,2,1,1,6,7,1882,25,141,-40,198,1032,118,408,San Francisco,2023-09-26
2024,9,26,133,209,17,12,3,8,33,28,12,11,73,84,76,121,10,3,2,7,20,23,9,9,52,61,50,71,5,9,0,1,9,4,1,1,14,15,2,4,0,0,0,0,2,0,0,0,2,2,5,13,2,0,1,0,2,1,2,1,5,6,1716,28,110,-38,200,1011,105,398,San Francisco,2024-09-26
2012,10,26,,,,,,,,,,,,,,,,,,,,,,,,,,,,,,,,,,,,,,,,,,,,,,,,,,,,,,,,,,,,,,,,,,,,,San Francisco,2012-10-26
2013,10,26,,,,,,,,,,,,,,,,,,,,,,,,,,,,,,,,,,,,,,,,,,,,,,,,,,,,,,,,,,,,,,,,,,,,,San Francisco,2013-10-26
2014,10,26,,,,,,,,,,,,,,,,,,,,,,,,,,,,,,,,,,,,,,,,,,,,,,,,,,,,,,,,,,,,,,,,,,,,,San Francisco,2014-10-26
2015,10,26,277,306,20,5,21,21,40,40,22,42,102,144,140,174,12,3,8,14,27,26,13,22,66,88,116,102,8,2,13,7,8,8,7,20,23,43,9,3,0,0,0,0,1,2,0,0,3,3,12,27,0,0,0,0,4,4,2,0,10,10,2214,35,156,-6,232,1514,112,432,San Francisco,2015-10-26
2016,10,26,246,300,20,2,11,9,32,50,12,20,94,114,138,156,13,0,5,5,18,37,8,10,63,73,88,122,6,2,4,0,9,9,3,4,21,25,6,3,0,0,0,0,0,2,0,0,2,2,14,19,1,0,2,4,5,2,1,6,8,14,2399,35,219,-11,227,1608,140,435,San Francisco,2016-10-26
2017,10,26,271,353,26,13,7,14,33,49,10,21,92,113,142,203,20,2,4,3,22,32,6,7,60,67,104,123,3,11,2,7,9,13,3,9,25,34,15,5,0,0,0,0,1,1,1,0,3,3,10,22,3,0,1,4,1,3,0,5,4,9,2506,60,195,-10,228,1590,135,506,San Francisco,2017-10-26
2018,10,26,202,353,18,4,6,15,35,46,9,21,90,111,84,219,16,1,2,9,18,28,6,11,52,63,101,90,2,3,2,5,14,16,3,7,33,40,13,8,0,0,0,0,0,1,0,0,1,1,4,36,0,0,2,1,3,1,0,3,4,7,2314,50,201,-9,229,1404,127,508,San Francisco,2018-10-26
2019,10,26,275,241,30,14,19,17,30,38,13,36,81,117,121,139,12,2,11,7,16,26,10,18,52,70,140,82,14,11,8,7,13,10,3,15,26,41,3,4,1,1,0,0,1,0,0,0,1,1,11,16,3,0,0,3,0,2,0,3,2,5,2160,29,143,-8,230,1308,138,564,San Francisco,2019-10-26
2020,10,26,90,204,14,14,3,11,41,45,16,14,102,116,39,107,10,1,3,6,24,31,11,9,66,75,45,76,3,11,0,3,15,8,4,3,27,30,1,4,0,0,0,1,1,0,1,1,2,3,5,17,1,2,0,1,1,6,0,1,7,8,1694,37,151,-6,232,1116,114,321,San Francisco,2020-10-26
2021,10,26,103,178,8,7,8,10,52,46,9,18,107,125,47,109,6,1,4,2,28,36,7,6,71,77,50,49,0,6,4,3,19,7,1,7,27,34,2,5,0,0,0,4,1,0,1,4,2,6,4,15,2,0,0,1,4,3,0,1,7,8,1745,39,141,-12,226,1066,118,406,San Francisco,2021-10-26
2022,10,26,109,205,16,6,12,11,44,37,16,23,97,120,51,127,11,2,8,8,24,26,14,16,64,80,50,65,3,4,3,2,17,6,2,5,25,30,1,1,0,0,0,1,2,0,0,1,2,3,7,12,2,0,1,0,1,5,0,1,6,7,1550,22,112,-11,227,896,89,421,San Francisco,2022-10-26
2023,10,26,95,206,17,4,10,11,31,26,10,21,67,88,49,134,12,2,8,3,12,18,6,11,36,47,39,55,4,1,2,6,16,5,4,8,25,33,3,3,0,0,0,0,2,0,0,0,2,2,4,14,1,1,0,2,1,3,0,2,4,6,1578,33,124,-10,228,922,80,393,San Francisco,2023-10-26
2024,10,26,182,164,23,6,6,8,27,29,7,14,63,77,60,98,5,0,1,4,15,18,3,5,36,41,112,54,14,6,5,4,11,8,4,9,23,32,4,1,0,0,0,0,0,0,0,0,0,0,6,11,4,0,0,0,1,3,0,0,4,4,1603,20,117,-8,230,807,104,551,San Francisco,2024-10-26
2012,11,26,,,,,,,,,,,,,,,,,,,,,,,,,,,,,,,,,,,,,,,,,,,,,,,,,,,,,,,,,,,,,,,,,,,,,San Francisco,2012-11-26
2013,11,26,,,,,,,,,,,,,,,,,,,,,,,,,,,,,,,,,,,,,,,,,,,,,,,,,,,,,,,,,,,,,,,,,,,,,San Francisco,2013-11-26
2014,11,26,,,,,,,,,,,,,,,,,,,,,,,,,,,,,,,,,,,,,,,,,,,,,,,,,,,,,,,,,,,,,,,,,,,,,San Francisco,2014-11-26
2015,11,26,162,217,20,4,7,8,30,29,4,15,63,78,72,97,13,1,3,2,17,17,3,5,37,42,72,98,6,3,4,4,9,10,1,8,20,28,5,2,0,0,0,0,0,1,0,0,1,1,13,20,1,0,0,2,4,1,0,2,5,7,1678,28,139,25,263,1211,94,226,San Francisco,2015-11-26
2016,11,26,167,251,12,8,6,9,25,25,8,15,58,73,85,106,8,1,1,3,11,13,4,4,28,32,72,128,2,5,4,6,11,9,4,10,24,34,4,2,0,0,0,0,0,0,0,0,0,0,6,15,2,2,1,0,3,3,0,1,6,7,1947,16,190,20,258,1356,82,255,San Francisco,2016-11-26
2017,11,26,181,275,15,11,4,9,37,31,8,13,76,89,69,131,6,2,1,5,15,20,3,6,38,44,95,113,8,9,2,4,20,7,3,6,30,36,6,4,0,0,0,0,0,0,0,0,0,0,11,27,1,0,1,0,2,4,2,1,8,9,1836,20,190,21,259,1174,95,326,San Francisco,2017-11-26
2018,11,26,131,289,14,5,5,12,41,40,11,17,92,109,63,157,10,0,0,6,23,21,9,6,53,59,61,99,3,5,5,4,16,13,2,9,31,40,3,8,0,0,0,0,2,1,0,0,3,3,4,25,1,0,0,2,0,5,0,2,5,7,2016,38,208,22,260,1240,132,374,San Francisco,2018-11-26
2019,11,26,130,267,28,1,7,7,38,35,10,14,83,97,72,153,10,1,4,6,19,20,7,10,46,56,43,91,11,0,3,1,16,9,3,4,28,32,4,4,0,0,0,0,1,0,0,0,1,1,11,19,7,0,0,0,2,6,0,0,8,8,2143,32,247,23,261,1427,110,363,San Francisco,2019-11-26
2020,11,26,112,139,7,12,2,7,41,32,6,9,79,88,37,73,5,4,1,2,17,22,4,3,43,46,74,57,1,8,1,3,23,4,2,4,29,33,0,1,0,0,0,0,0,0,0,0,0,0,1,8,1,0,0,2,1,6,0,2,7,9,1222,8,70,25,263,773,80,248,San Francisco,2020-11-26
2021,11,26,85,154,17,9,9,16,39,30,10,25,79,104,23,85,6,1,4,5,21,21,3,9,45,54,58,50,10,7,5,8,17,8,4,13,29,42,0,2,1,0,0,0,0,0,0,0,0,0,4,17,0,1,0,3,1,1,3,3,5,8,1347,15,135,19,257,737,70,364,San Francisco,2021-11-26
2022,11,26,91,133,14,5,5,10,25,28,8,15,61,76,41,62,11,2,1,3,13,16,6,4,35,39,48,60,2,3,4,3,12,9,2,7,23,30,2,1,0,0,0,0,0,0,0,0,0,0,0,10,1,0,0,4,0,3,0,4,3,7,1203,14,122,20,258,641,83,297,San Francisco,2022-11-26
2023,11,26,99,151,9,6,5,3,45,23,10,8,78,86,38,77,5,1,1,2,27,15,7,3,49,52,58,56,3,5,4,1,15,6,3,5,24,29,0,2,0,0,0,0,0,0,0,0,0,0,3,16,1,0,0,0,3,2,0,0,5,5,1163,16,83,21,259,673,81,265,San Francisco,2023-11-26
2024,11,26,103,196,12,2,9,7,22,35,7,16,64,80,60,107,10,0,4,3,9,21,6,7,36,43,37,64,1,2,4,4,12,7,0,8,19,27,0,3,0,0,0,0,0,0,1,0,1,1,6,22,1,0,1,0,1,7,0,1,8,9,1507,21,142,23,261,868,120,313,San Francisco,2024-11-26
2012,12,26,,,,,,,,,,,,,,,,,,,,,,,,,,,,,,,,,,,,,,,,,,,,,,,,,,,,,,,,,,,,,,,,,,,,,San Francisco,2012-12-26
2013,12,26,,,,,,,,,,,,,,,,,,,,,,,,,,,,,,,,,,,,,,,,,,,,,,,,,,,,,,,,,,,,,,,,,,,,,San Francisco,2013-12-26
2014,12,26,,,,,,,,,,,,,,,,,,,,,,,,,,,,,,,,,,,,,,,,,,,,,,,,,,,,,,,,,,,,,,,,,,,,,San Francisco,2014-12-26
2015,12,26,188,273,16,4,7,11,33,26,14,18,73,91,76,135,6,0,2,3,12,16,10,5,38,43,102,106,8,4,3,8,17,8,3,11,28,39,2,7,0,0,1,0,1,0,0,1,1,2,8,25,2,0,1,0,3,2,1,1,6,7,1746,24,195,55,293,1216,117,260,San Francisco,2015-12-26
2016,12,26,163,230,7,2,9,5,36,22,5,14,63,77,80,101,4,0,4,3,15,7,2,7,24,31,71,102,2,2,4,2,17,11,3,6,31,37,4,2,0,0,0,0,0,0,0,0,0,0,8,25,1,0,1,0,4,4,0,1,8,9,1662,25,192,50,288,1103,107,246,San Francisco,2016-12-26
2017,12,26,187,211,14,6,11,9,38,27,6,20,71,91,109,109,7,2,7,2,21,13,2,9,36,45,63,83,5,4,3,6,14,12,3,9,29,38,1,0,0,0,0,0,0,0,0,0,0,0,14,19,2,0,1,1,3,2,1,2,6,8,1820,26,201,51,289,1255,97,257,San Francisco,2017-12-26
2018,12,26,134,278,12,2,8,10,37,26,6,18,69,87,80,150,8,0,6,6,20,9,5,12,34,46,43,96,3,2,2,4,15,13,0,6,28,34,3,6,0,0,0,0,1,0,1,0,2,2,8,26,1,0,0,0,1,4,0,0,5,5,1954,29,229,52,290,1250,112,312,San Francisco,2018-12-26
2019,12,26,217,230,17,4,9,8,20,45,8,17,73,90,108,118,12,0,1,2,9,21,4,3,34,37,69,81,2,4,8,3,10,11,3,11,24,35,9,7,1,0,0,0,1,0,0,0,1,1,31,24,2,0,0,3,0,13,1,3,14,17,1915,36,264,53,291,1354,103,266,San Francisco,2019-12-26
2020,12,26,101,143,7,14,3,7,47,45,8,10,100,110,46,69,2,5,2,2,26,33,6,4,65,69,51,70,5,9,1,5,19,9,1,6,29,35,0,0,0,0,0,0,0,0,0,0,0,0,4,4,0,0,0,0,2,3,1,0,6,6,1208,10,74,55,293,711,88,280,San Francisco,2020-12-26
2021,12,26,58,124,7,9,6,10,39,24,11,16,74,90,19,63,5,2,2,6,15,15,8,8,38,46,35,50,2,7,3,4,17,7,2,7,26,33,1,0,0,0,0,0,1,0,1,0,2,2,3,11,0,0,1,0,6,2,0,1,8,9,1070,12,84,49,287,653,75,193,San Francisco,2021-12-26
2022,12,26,69,126,11,6,4,4,34,25,7,8,66,74,37,61,3,2,2,0,22,11,4,2,37,39,26,55,6,4,2,4,11,7,1,6,19,25,2,1,0,0,0,0,0,1,0,0,1,1,4,9,2,0,0,0,1,6,2,0,9,9,1085,20,87,50,288,681,74,225,San Francisco,2022-12-26
2023,12,26,65,141,17,8,4,16,32,29,15,20,76,96,35,75,6,1,1,6,14,14,10,7,38,45,26,49,6,6,3,7,15,11,4,10,30,40,2,4,1,0,0,1,1,0,1,1,2,3,2,13,4,1,0,2,2,4,0,2,6,8,1302,30,126,51,289,754,95,287,San Francisco,2023-12-26
2024,12,26,62,164,14,4,8,4,44,35,6,12,85,97,36,87,5,0,3,1,27,23,3,4,53,57,17,55,9,4,5,3,15,10,2,8,27,35,3,7,0,0,0,0,1,0,0,0,1,1,6,15,0,0,0,0,1,2,1,0,4,4,1317,20,109,53,291,754,92,292,San Francisco,2024-12-26
2012,1,27,,,,,,,,,,,,,,,,,,,,,,,,,,,,,,,,,,,,,,,,,,,,,,,,,,,,,,,,,,,,,,,,,,,,,San Francisco,2012-01-27
2013,1,27,,,,,,,,,,,,,,,,,,,,,,,,,,,,,,,,,,,,,,,,,,,,,,,,,,,,,,,,,,,,,,,,,,,,,San Francisco,2013-01-27
2014,1,27,,,,,,,,,,,,,,,,,,,,,,,,,,,,,,,,,,,,,,,,,,,,,,,,,,,,,,,,,,,,,,,,,,,,,San Francisco,2014-01-27
2015,1,27,237,357,19,10,9,13,37,37,19,22,93,115,117,182,10,4,3,7,28,30,11,10,69,79,98,133,5,6,6,4,5,6,7,10,18,28,4,6,0,0,0,2,1,0,0,2,1,3,18,36,4,0,0,0,3,1,1,0,5,5,2236,47,199,-278,-40,1616,123,362,San Francisco,2015-01-27
2016,1,27,261,271,23,2,8,14,35,33,11,22,79,101,128,143,9,0,2,6,18,23,4,8,45,53,108,106,10,2,6,7,14,7,6,13,27,40,9,0,1,0,0,0,0,0,1,0,1,1,16,22,3,0,0,1,3,3,0,1,6,7,2086,40,162,-284,-46,1438,140,367,San Francisco,2016-01-27
2017,1,27,225,298,19,14,6,14,27,27,16,20,70,90,98,142,7,1,3,4,15,15,11,7,41,48,104,120,9,12,3,10,9,9,3,13,21,34,9,2,0,0,0,0,1,0,0,0,1,1,14,34,3,1,0,0,2,3,2,0,7,7,2091,35,195,-282,-44,1348,128,407,San Francisco,2017-01-27
2018,1,27,233,286,15,5,16,13,45,26,7,29,78,107,108,144,5,1,9,8,25,16,4,17,45,62,109,115,8,4,7,5,16,6,3,12,25,37,1,3,0,0,0,0,0,0,0,0,0,0,15,24,2,0,0,0,4,4,0,0,8,8,2166,23,237,-281,-43,1398,104,405,San Francisco,2018-01-27
2019,1,27,168,314,11,3,12,13,36,23,6,25,65,90,92,165,8,0,7,4,22,17,5,11,44,55,69,127,2,3,4,9,11,5,1,13,17,30,3,5,0,0,0,0,2,0,0,0,2,2,4,17,1,0,1,0,1,1,0,1,2,3,2221,35,223,-280,-42,1419,121,410,San Francisco,2019-01-27
2020,1,27,111,259,14,8,7,14,49,41,9,21,99,120,51,120,10,1,3,6,30,26,3,9,59,68,50,106,0,7,4,5,13,14,6,9,33,42,3,6,2,0,0,0,0,0,0,0,0,0,7,27,2,0,0,3,6,1,0,3,7,10,1866,33,200,-279,-41,1148,114,375,San Francisco,2020-01-27
2021,1,27,87,186,7,5,2,11,45,38,15,13,98,111,34,107,5,0,2,6,31,30,11,8,72,80,45,68,2,2,0,5,12,4,4,5,20,25,3,2,0,0,0,0,1,0,0,0,1,1,5,9,0,3,0,0,1,4,0,0,5,5,1553,38,104,-284,-46,1019,81,295,San Francisco,2021-01-27
2022,1,27,109,224,6,6,8,11,44,21,12,19,77,96,50,123,5,1,6,6,25,16,7,12,48,60,52,88,0,3,2,5,16,4,4,7,24,31,0,3,0,0,0,0,1,0,0,0,1,1,7,10,1,2,0,0,2,1,1,0,4,4,1522,27,117,-283,-45,913,96,374,San Francisco,2022-01-27
2023,1,27,97,158,12,5,9,12,32,30,12,21,74,95,38,86,9,0,4,5,17,20,6,9,43,52,51,52,3,5,4,6,12,5,4,10,21,31,2,0,0,0,0,0,0,1,1,0,2,2,6,20,0,0,1,1,3,4,1,2,8,10,1415,15,148,-282,-44,764,91,395,San Francisco,2023-01-27
2024,1,27,138,203,11,8,9,12,31,27,11,21,69,90,54,107,6,1,3,6,16,17,2,9,35,44,76,82,2,5,3,5,13,9,6,8,28,36,2,6,0,0,1,0,0,0,0,1,0,1,6,8,3,2,2,1,2,1,3,3,6,9,1725,39,111,-281,-43,1046,75,411,San Francisco,2024-01-27
2012,2,27,,,,,,,,,,,,,,,,,,,,,,,,,,,,,,,,,,,,,,,,,,,,,,,,,,,,,,,,,,,,,,,,,,,,,San Francisco,2012-02-27
2013,2,27,,,,,,,,,,,,,,,,,,,,,,,,,,,,,,,,,,,,,,,,,,,,,,,,,,,,,,,,,,,,,,,,,,,,,San Francisco,2013-02-27
2014,2,27,,,,,,,,,,,,,,,,,,,,,,,,,,,,,,,,,,,,,,,,,,,,,,,,,,,,,,,,,,,,,,,,,,,,,San Francisco,2014-02-27
2015,2,27,206,282,28,8,8,11,29,34,10,19,73,92,110,158,15,0,1,5,16,26,5,6,47,53,82,104,11,7,4,5,8,6,5,9,19,28,6,4,1,0,0,0,0,0,0,0,0,0,8,16,1,1,3,1,5,2,0,4,7,11,2123,26,164,-247,-9,1509,134,335,San Francisco,2015-02-27
2016,2,27,296,281,21,9,9,22,37,29,16,31,82,113,122,166,10,0,2,7,19,22,12,9,53,62,152,96,8,9,7,12,15,4,3,19,22,41,5,4,0,0,0,0,1,0,0,0,1,1,17,15,3,0,0,3,2,3,1,3,6,9,2118,21,168,-253,-15,1317,106,504,San Francisco,2016-02-27
2017,2,27,209,272,18,5,5,14,39,25,8,19,72,91,136,158,9,1,3,9,27,21,5,12,53,65,59,83,5,4,1,3,8,2,1,4,11,15,5,1,0,0,0,0,0,0,2,0,2,2,9,30,4,0,1,2,4,2,0,3,6,9,2128,21,188,-251,-13,1438,129,364,San Francisco,2017-02-27
2018,2,27,214,276,16,1,8,13,36,32,9,21,77,98,126,175,9,0,5,5,22,23,6,10,51,61,77,88,4,1,3,6,11,6,2,9,19,28,3,2,1,0,0,0,0,0,0,0,0,0,8,11,2,0,0,2,3,3,1,2,7,9,2145,22,160,-250,-12,1409,114,387,San Francisco,2018-02-27
2019,2,27,132,289,28,4,6,10,37,26,6,16,69,85,78,172,14,1,3,9,21,21,3,12,45,57,42,91,9,2,3,0,16,5,3,3,24,27,7,6,2,0,0,0,0,0,0,0,0,0,5,20,3,1,0,1,0,0,0,1,0,1,2098,31,183,-249,-11,1310,117,417,San Francisco,2019-02-27
2020,2,27,209,306,23,2,7,13,22,41,17,20,80,100,135,189,14,1,1,7,11,29,13,8,53,61,56,91,7,1,5,4,9,6,1,9,16,25,3,3,1,0,0,0,1,1,0,0,2,2,15,23,1,0,1,2,1,5,3,3,9,12,2162,23,200,-248,-10,1293,134,475,San Francisco,2020-02-27
2021,2,27,157,221,16,13,5,8,41,34,6,13,81,94,51,109,11,2,3,3,24,19,5,6,48,54,99,93,3,9,2,5,14,11,1,7,26,33,1,0,0,0,0,0,0,0,0,0,0,0,6,19,2,2,0,0,3,4,0,0,7,7,1701,6,143,-253,-15,1096,111,329,San Francisco,2021-02-27
2022,2,27,115,181,13,6,9,10,41,26,14,19,81,100,39,93,10,2,4,4,22,17,10,8,49,57,73,75,1,3,5,5,13,4,4,10,21,31,0,0,0,0,0,0,1,0,0,0,1,1,3,13,2,1,0,1,5,5,0,1,10,11,1529,12,109,-252,-14,846,92,401,San Francisco,2022-02-27
2023,2,27,46,159,10,9,6,13,40,34,13,19,87,106,19,90,6,2,5,5,26,23,8,10,57,67,24,53,3,6,0,7,11,5,5,7,21,28,1,0,0,0,0,0,0,0,0,0,0,0,2,16,1,1,1,1,3,6,0,2,9,11,1325,12,118,-251,-13,771,87,297,San Francisco,2023-02-27
2024,2,27,89,170,11,13,7,8,33,29,15,15,77,92,38,98,9,0,2,3,21,18,11,5,50,55,47,53,1,13,5,4,10,7,3,9,20,29,0,0,0,0,0,0,0,0,1,0,1,1,4,19,1,0,0,1,2,4,0,1,6,7,1899,15,190,-250,-12,1122,108,354,San Francisco,2024-02-27
2012,3,27,,,,,,,,,,,,,,,,,,,,,,,,,,,,,,,,,,,,,,,,,,,,,,,,,,,,,,,,,,,,,,,,,,,,,San Francisco,2012-03-27
2013,3,27,,,,,,,,,,,,,,,,,,,,,,,,,,,,,,,,,,,,,,,,,,,,,,,,,,,,,,,,,,,,,,,,,,,,,San Francisco,2013-03-27
2014,3,27,,,,,,,,,,,,,,,,,,,,,,,,,,,,,,,,,,,,,,,,,,,,,,,,,,,,,,,,,,,,,,,,,,,,,San Francisco,2014-03-27
2015,3,27,236,340,29,13,3,13,29,31,19,16,79,95,126,220,21,2,1,5,18,21,18,6,57,63,88,95,8,10,2,7,8,7,1,9,16,25,5,3,0,0,0,0,1,0,0,0,1,1,17,22,0,1,0,1,2,3,0,1,5,6,2249,24,142,-219,19,1584,137,359,San Francisco,2015-03-27
2016,3,27,244,321,13,6,9,12,28,19,7,21,54,75,113,194,10,1,1,6,17,9,5,7,31,38,106,97,3,3,8,4,10,6,1,12,17,29,4,8,0,0,0,0,0,0,0,0,0,0,21,22,0,2,0,2,1,4,1,2,6,8,2002,27,124,-224,14,1319,132,356,San Francisco,2016-03-27
2017,3,27,250,228,18,4,12,9,40,32,10,21,82,103,170,150,14,2,5,5,29,21,8,10,58,68,67,50,4,1,4,3,8,8,1,7,17,24,3,4,0,0,0,0,0,0,1,0,1,1,10,24,0,1,3,1,3,3,0,4,6,10,2094,37,115,-223,15,1411,134,361,San Francisco,2017-03-27
2018,3,27,233,265,25,8,5,16,50,39,12,21,101,122,152,182,20,1,3,9,39,35,8,12,82,94,66,67,4,7,2,5,10,0,4,7,14,21,9,3,0,0,0,0,0,1,0,0,1,1,6,13,1,0,0,2,1,3,0,2,4,6,2043,27,116,-222,16,1369,98,396,San Francisco,2018-03-27
2019,3,27,186,358,16,2,5,7,43,33,7,12,83,95,123,234,14,1,2,6,28,30,3,8,61,69,55,95,1,1,2,0,11,2,2,2,15,17,1,7,1,0,0,0,1,0,2,0,3,3,7,22,0,0,1,1,3,1,0,2,4,6,2270,27,126,-221,17,1480,113,424,San Francisco,2019-03-27
2020,3,27,123,240,5,3,5,5,36,37,9,10,82,92,55,166,4,1,4,4,20,27,4,8,51,59,57,54,0,2,1,1,12,6,2,2,20,22,2,3,0,0,0,0,0,0,1,0,1,1,9,17,1,0,0,0,4,4,2,0,10,10,1822,13,109,-219,19,1183,102,323,San Francisco,2020-03-27
2021,3,27,163,179,18,10,8,12,40,27,9,20,76,96,58,113,9,3,6,8,29,22,8,14,59,73,95,52,9,3,2,3,10,3,1,5,14,19,3,1,0,0,0,0,0,0,0,0,0,0,7,13,0,4,0,1,1,2,0,1,3,4,1550,25,82,-225,13,933,73,388,San Francisco,2021-03-27
2022,3,27,112,178,14,14,8,8,48,22,10,16,80,96,41,104,4,3,3,5,29,11,4,8,44,52,69,63,7,9,4,3,17,6,4,7,27,34,0,0,1,0,0,0,0,0,0,0,0,0,2,11,2,2,1,0,2,5,2,1,9,10,1372,11,89,-224,14,821,77,327,San Francisco,2022-03-27
2023,3,27,82,172,12,9,5,10,32,23,14,15,69,84,33,113,10,1,2,8,23,17,9,10,49,59,42,46,1,6,2,1,8,6,5,3,19,22,0,0,0,0,1,0,1,0,0,1,1,2,7,13,1,2,0,1,0,0,0,1,0,1,1513,16,100,-223,15,889,88,341,San Francisco,2023-03-27
2024,3,27,67,211,14,6,7,8,30,35,7,15,72,87,40,141,7,4,5,4,17,26,4,9,47,56,22,50,5,2,2,2,10,5,2,4,17,21,2,5,0,0,0,0,0,0,0,0,0,0,3,15,2,0,0,2,3,4,1,2,8,10,1714,32,113,-221,17,1053,102,391,San Francisco,2024-03-27
2012,4,27,,,,,,,,,,,,,,,,,,,,,,,,,,,,,,,,,,,,,,,,,,,,,,,,,,,,,,,,,,,,,,,,,,,,,San Francisco,2012-04-27
2013,4,27,,,,,,,,,,,,,,,,,,,,,,,,,,,,,,,,,,,,,,,,,,,,,,,,,,,,,,,,,,,,,,,,,,,,,San Francisco,2013-04-27
2014,4,27,,,,,,,,,,,,,,,,,,,,,,,,,,,,,,,,,,,,,,,,,,,,,,,,,,,,,,,,,,,,,,,,,,,,,San Francisco,2014-04-27
2015,4,27,211,349,20,2,11,4,39,44,22,15,105,120,138,250,17,1,2,2,34,35,19,4,88,92,57,79,2,1,8,2,3,5,2,10,10,20,3,2,0,0,0,0,0,0,0,0,0,0,13,18,1,0,1,0,2,4,1,1,7,8,2163,14,118,-188,50,1516,141,346,San Francisco,2015-04-27
2016,4,27,272,358,21,6,6,8,32,33,10,14,75,89,182,241,19,0,4,1,26,26,7,5,59,64,72,93,2,4,2,6,4,4,3,8,11,19,5,1,0,1,0,0,0,1,0,0,1,1,13,23,0,1,0,1,2,2,0,1,4,5,2295,14,123,-193,45,1574,116,420,San Francisco,2016-04-27
2017,4,27,219,275,26,1,14,10,38,34,13,24,85,109,135,184,14,0,10,6,23,24,7,16,54,70,63,71,9,1,1,3,13,5,5,4,23,27,9,2,0,0,0,0,0,2,0,0,2,2,12,18,3,0,3,1,2,3,1,4,6,10,2307,21,160,-192,46,1556,133,385,San Francisco,2017-04-27
2018,4,27,267,264,26,7,11,14,34,35,13,25,82,107,157,179,19,1,6,10,21,27,6,16,54,70,95,63,6,5,3,2,12,3,6,5,21,26,4,3,0,0,0,0,0,0,1,0,1,1,11,19,1,1,2,2,1,5,0,4,6,10,2119,16,154,-191,47,1243,121,556,San Francisco,2018-04-27
2019,4,27,191,280,19,7,8,16,42,30,8,24,80,104,109,188,15,1,5,14,32,22,4,19,58,77,66,75,3,6,2,2,9,7,1,4,17,21,2,1,0,0,0,0,1,0,0,0,1,1,14,16,1,0,1,0,0,1,3,1,4,5,2192,19,140,-190,48,1332,133,449,San Francisco,2019-04-27
2020,4,27,183,263,11,10,7,13,37,28,19,20,84,104,122,201,9,5,2,8,24,24,15,10,63,73,47,40,0,4,4,2,9,2,3,6,14,20,2,3,0,0,0,0,0,0,1,0,1,1,12,19,2,1,1,3,4,2,0,4,6,10,2065,10,153,-188,50,1321,101,357,San Francisco,2020-04-27
2021,4,27,115,186,18,3,11,12,49,35,9,23,93,116,81,130,14,1,6,6,34,26,8,12,68,80,27,42,4,2,2,5,10,6,0,7,16,23,0,1,0,0,0,0,1,0,0,0,1,1,7,13,0,0,3,1,4,3,1,4,8,12,1655,9,93,-194,44,1051,95,330,San Francisco,2021-04-27
2022,4,27,84,170,13,8,5,2,37,39,15,7,91,98,48,113,11,2,4,2,25,37,12,6,74,80,31,43,2,6,1,0,8,0,2,1,10,11,1,1,0,0,0,0,2,0,0,0,2,2,4,13,0,0,0,0,2,2,1,0,5,5,1390,9,76,-193,45,806,107,372,San Francisco,2022-04-27
2023,4,27,89,190,18,11,5,12,27,31,17,17,75,92,54,132,13,3,3,7,20,26,12,10,58,68,29,45,4,8,2,4,6,4,5,6,15,21,0,0,0,0,0,0,0,0,0,0,0,0,6,13,1,0,0,1,1,1,0,1,2,3,1697,8,108,-192,46,1055,88,405,San Francisco,2023-04-27
2024,4,27,107,153,18,7,2,9,26,28,9,11,63,74,51,96,9,0,2,5,18,17,8,7,43,50,50,48,7,4,0,4,7,6,0,4,13,17,0,0,0,0,0,0,0,1,0,0,1,1,6,9,2,3,0,0,1,4,1,0,6,6,1444,6,112,-190,48,825,85,398,San Francisco,2024-04-27
2012,5,27,,,,,,,,,,,,,,,,,,,,,,,,,,,,,,,,,,,,,,,,,,,,,,,,,,,,,,,,,,,,,,,,,,,,,San Francisco,2012-05-27
2013,5,27,,,,,,,,,,,,,,,,,,,,,,,,,,,,,,,,,,,,,,,,,,,,,,,,,,,,,,,,,,,,,,,,,,,,,San Francisco,2013-05-27
2014,5,27,,,,,,,,,,,,,,,,,,,,,,,,,,,,,,,,,,,,,,,,,,,,,,,,,,,,,,,,,,,,,,,,,,,,,San Francisco,2014-05-27
2015,5,27,225,341,17,3,11,9,35,41,21,20,97,117,153,263,13,0,6,6,27,37,19,12,83,95,48,51,4,2,2,3,8,3,2,5,13,18,8,3,0,0,0,0,0,1,0,0,1,1,16,24,0,1,3,0,0,0,0,3,0,3,2207,17,173,-158,80,1618,116,330,San Francisco,2015-05-27
2016,5,27,240,283,31,2,11,12,30,42,9,23,81,104,159,186,23,1,7,9,22,35,6,16,63,79,53,70,6,0,3,2,6,3,2,5,11,16,3,2,0,0,0,0,0,1,0,0,1,1,25,25,2,1,1,1,2,3,1,2,6,8,2109,17,187,-163,75,1398,130,415,San Francisco,2016-05-27
2017,5,27,239,265,15,6,9,10,30,48,11,19,89,108,143,166,9,1,5,4,22,36,9,9,67,76,72,79,2,5,4,5,5,10,1,9,16,25,4,2,0,0,0,0,0,0,0,0,0,0,20,18,4,0,0,1,3,2,1,1,6,7,2412,20,179,-162,76,1598,98,399,San Francisco,2017-05-27
2018,5,27,149,305,20,4,16,22,30,40,3,38,73,111,73,216,15,2,9,17,21,34,2,26,57,83,53,67,5,2,7,5,7,3,0,12,10,22,5,1,0,0,0,0,0,0,0,0,0,0,18,21,0,0,0,0,2,3,1,0,6,6,2054,16,149,-161,77,1260,117,459,San Francisco,2018-05-27
2019,5,27,234,323,16,2,7,13,27,24,2,20,53,73,171,235,12,0,2,11,18,20,2,13,40,53,52,62,4,1,4,1,6,3,0,5,9,14,3,1,0,0,0,0,1,0,0,0,1,1,8,25,0,1,1,1,2,1,0,2,3,5,2228,7,150,-160,78,1426,109,398,San Francisco,2019-05-27
2020,5,27,142,265,8,7,6,6,28,40,8,12,76,88,84,200,8,1,5,4,23,35,8,9,66,75,43,49,0,4,1,0,3,3,0,1,6,7,1,1,0,0,0,0,0,0,0,0,0,0,14,15,0,2,0,2,2,2,0,2,4,6,2046,14,129,-158,80,1212,129,369,San Francisco,2020-05-27
2021,5,27,128,215,14,6,2,15,42,30,8,17,80,97,79,152,11,1,2,10,30,26,7,12,63,75,39,48,0,2,0,3,10,2,1,3,13,16,4,1,2,0,0,0,0,0,0,0,0,0,6,14,1,3,0,2,2,2,0,2,4,6,1720,20,108,-164,74,1088,102,367,San Francisco,2021-05-27
2022,5,27,94,157,21,7,5,15,47,28,10,20,85,105,49,102,16,2,4,9,29,26,9,13,64,77,39,35,4,5,1,6,15,2,1,7,18,25,0,1,0,0,0,0,1,0,0,0,1,1,6,19,1,0,0,0,2,0,0,0,2,2,1454,17,118,-163,75,822,104,403,San Francisco,2022-05-27
2023,5,27,97,145,6,4,9,10,24,33,15,19,72,91,43,97,4,0,7,4,17,30,11,11,58,69,43,33,2,3,1,5,4,1,3,6,8,14,1,0,0,0,1,0,0,0,1,1,1,2,10,15,0,1,0,1,3,2,0,1,5,6,1365,16,131,-162,76,727,95,369,San Francisco,2023-05-27
2024,5,27,78,155,6,10,3,9,32,25,7,12,64,76,44,109,5,1,1,2,23,20,7,3,50,53,28,31,1,9,2,5,6,3,0,7,9,16,0,1,0,0,0,0,0,0,0,0,0,0,6,14,0,0,0,2,3,2,0,2,5,7,1296,8,101,-160,78,770,84,307,San Francisco,2024-05-27
2012,6,27,,,,,,,,,,,,,,,,,,,,,,,,,,,,,,,,,,,,,,,,,,,,,,,,,,,,,,,,,,,,,,,,,,,,,San Francisco,2012-06-27
2013,6,27,,,,,,,,,,,,,,,,,,,,,,,,,,,,,,,,,,,,,,,,,,,,,,,,,,,,,,,,,,,,,,,,,,,,,San Francisco,2013-06-27
2014,6,27,,,,,,,,,,,,,,,,,,,,,,,,,,,,,,,,,,,,,,,,,,,,,,,,,,,,,,,,,,,,,,,,,,,,,San Francisco,2014-06-27
2015,6,27,265,307,24,19,14,11,36,29,16,25,81,106,145,189,15,4,5,6,25,24,11,11,60,71,80,84,5,13,6,2,10,3,4,8,17,25,4,3,0,0,0,0,1,0,0,0,1,1,36,31,4,2,3,3,0,2,1,6,3,9,2264,19,234,-127,111,1493,144,428,San Francisco,2015-06-27
2016,6,27,263,313,20,10,10,10,40,27,14,20,81,101,185,219,15,1,2,7,33,17,10,9,60,69,60,63,5,5,4,1,7,5,4,5,16,21,2,2,0,0,0,1,0,0,0,1,0,1,16,29,0,4,4,1,0,5,0,5,5,10,2288,17,180,-132,106,1595,135,369,San Francisco,2016-06-27
2017,6,27,218,208,24,16,6,18,36,47,9,24,92,116,144,147,22,3,4,14,29,38,8,18,75,93,52,43,2,9,2,3,5,3,1,5,9,14,2,0,0,1,0,0,0,0,0,0,0,0,20,18,0,3,0,1,2,6,0,1,8,9,1957,17,151,-131,107,1217,134,441,San Francisco,2017-06-27
2018,6,27,124,283,20,19,6,13,45,35,11,19,91,110,79,200,19,4,5,6,32,30,11,11,73,84,34,62,1,9,0,3,11,4,0,3,15,18,2,1,0,0,1,0,0,0,0,1,0,1,9,20,0,6,0,4,2,1,0,4,3,7,2003,12,150,-130,108,1240,131,438,San Francisco,2018-06-27
2019,6,27,179,267,19,17,6,11,32,45,8,17,85,102,123,198,12,8,6,6,20,34,5,12,59,71,42,48,3,8,0,3,10,5,2,3,17,20,3,0,0,0,0,1,0,1,0,1,1,2,11,21,4,1,0,1,2,5,1,1,8,9,2120,11,169,-129,109,1282,127,478,San Francisco,2019-06-27
2020,6,27,170,179,7,21,6,7,49,42,9,13,100,113,74,118,6,1,2,6,29,35,8,8,72,80,57,37,1,18,2,0,17,4,1,2,22,24,2,0,0,0,0,1,1,0,0,1,1,2,37,24,0,2,2,0,2,3,0,2,5,7,1766,14,189,-127,111,1122,98,347,San Francisco,2020-06-27
2021,6,27,162,174,11,20,5,17,40,35,6,22,81,103,69,127,7,2,4,8,27,28,3,12,58,70,65,30,3,12,1,7,6,3,3,8,12,20,1,3,0,0,0,0,2,0,0,0,2,2,27,14,1,6,0,2,5,4,0,2,9,11,1582,13,142,-133,105,927,74,419,San Francisco,2021-06-27
2022,6,27,100,186,7,8,5,13,42,35,18,18,95,113,61,145,6,2,1,9,33,30,13,10,76,86,22,26,0,4,4,4,6,2,4,8,12,20,1,0,0,0,0,0,1,0,0,0,1,1,16,15,1,2,0,0,2,3,1,0,6,6,1362,10,107,-132,106,810,99,332,San Francisco,2022-06-27
2023,6,27,114,207,15,10,14,11,37,33,10,25,80,105,77,146,11,2,12,11,26,30,8,23,64,87,24,39,4,7,1,0,8,2,1,1,11,12,1,2,0,0,0,0,1,0,0,0,1,1,12,20,0,1,1,0,2,1,1,1,4,5,1578,10,135,-131,107,922,94,365,San Francisco,2023-06-27
2024,6,27,85,169,12,7,3,10,21,23,11,13,55,68,55,109,8,4,1,7,13,19,9,8,41,49,21,44,1,3,1,2,3,3,1,3,7,10,0,1,0,0,0,0,1,1,0,0,2,2,9,15,3,0,1,1,4,0,1,2,5,7,1546,15,140,-129,109,878,122,353,San Francisco,2024-06-27
2012,7,27,,,,,,,,,,,,,,,,,,,,,,,,,,,,,,,,,,,,,,,,,,,,,,,,,,,,,,,,,,,,,,,,,,,,,San Francisco,2012-07-27
2013,7,27,,,,,,,,,,,,,,,,,,,,,,,,,,,,,,,,,,,,,,,,,,,,,,,,,,,,,,,,,,,,,,,,,,,,,San Francisco,2013-07-27
2014,7,27,,,,,,,,,,,,,,,,,,,,,,,,,,,,,,,,,,,,,,,,,,,,,,,,,,,,,,,,,,,,,,,,,,,,,San Francisco,2014-07-27
2015,7,27,230,312,26,10,14,6,36,45,11,20,92,112,158,234,19,2,7,4,27,38,8,11,73,84,59,52,2,4,4,1,4,6,2,5,12,17,6,4,0,0,0,1,0,0,1,1,1,2,7,22,5,4,3,0,5,1,0,3,6,9,2208,21,148,-97,141,1573,123,342,San Francisco,2015-07-27
2016,7,27,252,313,18,3,15,10,47,33,14,25,94,119,175,226,15,1,14,7,36,30,9,21,75,96,56,61,3,0,1,2,11,1,5,3,17,20,3,1,0,0,0,0,0,0,0,0,0,0,18,25,0,2,0,1,0,2,0,1,2,3,2065,12,138,-102,136,1429,116,378,San Francisco,2016-07-27
2017,7,27,275,279,11,5,13,23,33,42,5,36,80,116,197,188,9,1,9,17,23,34,1,26,58,84,48,66,1,4,2,5,6,6,3,7,15,22,7,1,0,0,0,0,1,0,1,0,2,2,23,24,1,0,2,1,3,2,0,3,5,8,2232,19,148,-101,137,1399,132,446,San Francisco,2017-07-27
2018,7,27,164,287,11,7,13,16,37,38,13,29,88,117,100,202,10,1,6,10,25,35,11,16,71,87,51,56,1,3,3,3,10,2,2,6,14,20,0,4,0,0,0,0,0,0,0,0,0,0,13,25,0,3,4,3,2,1,0,7,3,10,1956,13,138,-100,138,1162,102,474,San Francisco,2018-07-27
2019,7,27,242,273,26,13,8,16,27,43,7,24,77,101,123,203,22,3,6,7,20,31,5,13,56,69,96,44,3,9,2,6,6,10,1,8,17,25,3,1,0,0,0,0,0,0,1,0,1,1,20,25,1,1,0,3,1,2,0,3,3,6,2287,12,163,-99,139,1433,122,453,San Francisco,2019-07-27
2020,7,27,99,193,10,6,6,17,48,44,19,23,111,134,62,141,9,2,5,16,32,37,16,21,85,106,26,38,1,4,0,1,13,2,3,1,18,19,2,2,0,0,0,0,0,0,0,0,0,0,9,12,0,0,1,0,3,5,0,1,8,9,1646,10,139,-97,141,1080,105,328,San Francisco,2020-07-27
2021,7,27,101,186,13,5,6,6,41,40,14,12,95,107,59,133,8,3,3,2,25,35,9,5,69,74,29,41,4,2,2,3,12,4,5,5,21,26,3,1,0,0,0,0,0,0,0,0,0,0,10,11,1,0,1,1,4,1,0,2,5,7,1522,12,91,-103,135,954,88,361,San Francisco,2021-07-27
2022,7,27,126,201,10,7,6,13,42,27,12,19,81,100,77,148,5,5,4,8,29,23,11,12,63,75,41,39,5,1,1,5,7,3,0,6,10,16,3,1,0,0,0,0,1,0,1,0,2,2,5,13,0,1,1,0,5,1,0,1,6,7,1444,14,85,-102,136,863,107,342,San Francisco,2022-07-27
2023,7,27,78,216,13,4,7,8,35,27,11,15,73,88,49,162,10,2,5,5,24,22,8,10,54,64,24,41,3,2,2,1,8,3,1,3,12,15,0,2,0,0,0,0,0,0,0,0,0,0,5,11,0,0,0,2,3,2,2,2,7,9,1623,8,121,-101,137,947,113,401,San Francisco,2023-07-27
2024,7,27,125,154,16,4,9,8,40,21,17,17,78,95,66,95,11,2,5,6,23,19,13,11,55,66,50,50,3,2,3,2,15,0,2,5,17,22,0,3,0,0,0,0,1,0,0,0,1,1,9,6,2,0,1,0,1,2,2,1,5,6,1479,11,111,-99,139,844,91,357,San Francisco,2024-07-27
2012,8,27,,,,,,,,,,,,,,,,,,,,,,,,,,,,,,,,,,,,,,,,,,,,,,,,,,,,,,,,,,,,,,,,,,,,,San Francisco,2012-08-27
2013,8,27,,,,,,,,,,,,,,,,,,,,,,,,,,,,,,,,,,,,,,,,,,,,,,,,,,,,,,,,,,,,,,,,,,,,,San Francisco,2013-08-27
2014,8,27,,,,,,,,,,,,,,,,,,,,,,,,,,,,,,,,,,,,,,,,,,,,,,,,,,,,,,,,,,,,,,,,,,,,,San Francisco,2014-08-27
2015,8,27,265,365,38,5,8,9,35,42,20,17,97,114,167,249,30,0,5,5,17,29,16,10,62,72,80,92,6,5,3,4,13,10,4,7,27,34,4,3,0,0,0,0,1,0,0,0,1,1,14,21,2,0,0,0,4,3,0,0,7,7,2359,25,157,-66,172,1647,120,436,San Francisco,2015-08-27
2016,8,27,283,319,17,14,5,13,36,29,13,18,78,96,155,213,13,2,3,8,22,23,11,11,56,67,108,91,4,12,2,3,11,3,2,5,16,21,6,1,0,0,0,0,0,0,0,0,0,0,14,14,0,0,0,2,3,3,0,2,6,8,2148,14,120,-71,167,1362,135,451,San Francisco,2016-08-27
2017,8,27,251,269,18,4,10,19,36,28,8,29,72,101,132,173,13,0,4,12,25,20,6,16,51,67,105,78,5,3,5,6,10,5,2,11,17,28,3,3,0,0,0,0,0,0,0,0,0,0,11,15,0,1,1,1,1,3,0,2,4,6,2003,18,113,-70,168,1178,150,435,San Francisco,2017-08-27
2018,8,27,125,341,16,6,9,13,39,35,13,22,87,109,73,227,11,2,3,10,31,31,11,13,73,86,44,90,4,4,4,3,6,2,0,7,8,15,3,6,0,0,0,0,0,0,0,0,0,0,5,18,1,0,2,0,2,2,2,2,6,8,2347,21,129,-69,169,1587,108,429,San Francisco,2018-08-27
2019,8,27,200,331,22,6,4,10,34,29,5,14,68,82,146,240,17,1,1,6,27,23,3,7,53,60,40,68,4,4,2,3,5,3,1,5,9,14,0,2,0,0,0,0,0,0,0,0,0,0,14,21,1,1,1,1,2,3,1,2,6,8,2389,21,142,-68,170,1518,126,455,San Francisco,2019-08-27
2020,8,27,133,231,16,8,6,7,38,35,11,13,84,97,54,164,13,2,3,4,27,28,10,7,65,72,68,46,2,6,2,2,11,4,0,4,15,19,4,2,0,0,0,0,0,0,1,0,1,1,7,19,1,0,1,1,0,3,0,2,3,5,1733,17,91,-66,172,1097,110,374,San Francisco,2020-08-27
2021,8,27,169,241,16,10,5,14,34,31,17,19,82,101,70,181,13,3,4,6,20,23,16,10,59,69,85,46,3,5,1,5,11,6,1,6,18,24,3,1,0,0,0,0,0,0,0,0,0,0,11,13,0,2,0,3,3,2,0,3,5,8,1922,18,113,-72,166,1099,123,465,San Francisco,2021-08-27
2022,8,27,114,158,13,6,4,17,29,35,12,21,76,97,53,109,7,0,1,9,17,30,8,10,55,65,45,39,6,6,3,6,10,3,3,9,16,25,2,2,0,0,0,0,0,0,0,0,0,0,14,8,0,0,0,2,2,2,1,2,5,7,1390,14,98,-71,167,782,82,382,San Francisco,2022-08-27
2023,8,27,131,159,12,12,5,7,35,24,14,12,73,85,66,103,6,2,1,2,23,19,8,3,50,53,55,50,5,9,3,5,10,2,3,8,15,23,2,0,0,0,1,0,0,1,0,1,1,2,8,6,1,1,0,0,2,2,3,0,7,7,1407,11,101,-70,168,754,94,411,San Francisco,2023-08-27
2024,8,27,98,215,18,9,5,7,48,18,10,12,76,88,61,145,13,4,2,6,29,14,8,8,51,59,32,54,5,5,3,0,14,3,1,3,18,21,1,2,0,0,0,0,1,0,1,0,2,2,4,14,0,0,0,1,4,1,0,1,5,6,1680,12,98,-68,170,935,88,383,San Francisco,2024-08-27
2012,9,27,,,,,,,,,,,,,,,,,,,,,,,,,,,,,,,,,,,,,,,,,,,,,,,,,,,,,,,,,,,,,,,,,,,,,San Francisco,2012-09-27
2013,9,27,,,,,,,,,,,,,,,,,,,,,,,,,,,,,,,,,,,,,,,,,,,,,,,,,,,,,,,,,,,,,,,,,,,,,San Francisco,2013-09-27
2014,9,27,,,,,,,,,,,,,,,,,,,,,,,,,,,,,,,,,,,,,,,,,,,,,,,,,,,,,,,,,,,,,,,,,,,,,San Francisco,2014-09-27
2015,9,27,265,308,19,5,13,13,29,42,15,26,86,112,112,163,14,2,6,5,9,31,10,11,50,61,133,113,3,3,6,7,17,10,4,13,31,44,4,8,0,0,0,0,0,0,0,0,0,0,16,24,2,0,1,1,3,1,1,2,5,7,2021,25,149,-35,203,1326,121,404,San Francisco,2015-09-27
2016,9,27,281,295,30,7,11,9,34,32,11,20,77,97,158,181,23,0,8,4,22,23,7,12,52,64,91,96,3,7,2,3,11,7,4,5,22,27,10,4,1,0,0,0,0,0,0,0,0,0,22,14,3,0,1,2,1,2,0,3,3,6,2254,33,148,-40,198,1469,135,454,San Francisco,2016-09-27
2017,9,27,303,383,24,10,10,16,54,43,8,26,105,131,186,250,22,4,4,10,36,27,6,14,69,83,88,100,2,6,4,5,14,11,1,9,26,35,8,3,0,0,0,0,3,0,0,0,3,3,21,30,0,0,2,1,1,5,1,3,7,10,2456,36,186,-39,199,1587,130,478,San Francisco,2017-09-27
2018,9,27,166,336,16,1,11,15,23,42,6,26,71,97,94,209,11,0,6,10,14,33,4,16,51,67,57,91,5,0,4,4,8,5,2,8,15,23,4,8,0,0,1,0,0,2,0,1,2,3,11,28,0,1,0,1,1,2,0,1,3,4,2210,36,194,-38,200,1457,105,405,San Francisco,2018-09-27
2019,9,27,260,305,22,5,16,11,49,45,23,27,117,144,167,197,11,0,8,7,30,31,19,15,80,95,77,84,9,4,4,3,14,9,4,7,27,34,7,3,0,0,0,0,2,0,0,0,2,2,9,21,2,1,4,1,3,5,0,5,8,13,2431,26,150,-37,201,1521,139,510,San Francisco,2019-09-27
2020,9,27,174,233,10,7,5,19,56,34,11,24,101,125,76,137,6,2,2,6,36,25,8,8,69,77,84,73,4,4,1,10,18,8,1,11,27,38,2,1,0,0,0,2,0,0,0,2,0,2,12,22,0,1,2,1,2,1,2,3,5,8,1817,16,135,-35,203,1111,100,411,San Francisco,2020-09-27
2021,9,27,127,180,20,8,6,6,54,36,11,12,101,113,62,115,13,4,3,4,31,30,7,7,68,75,55,52,6,3,2,0,18,4,4,2,26,28,4,2,0,0,1,0,1,0,0,1,1,2,6,11,1,1,0,2,4,2,0,2,6,8,1530,24,90,-41,197,857,108,419,San Francisco,2021-09-27
2022,9,27,128,187,11,8,6,11,46,37,16,17,99,116,63,133,9,2,5,8,25,29,13,13,67,80,56,42,1,6,1,3,14,5,1,4,20,24,4,2,0,0,0,0,1,0,0,0,1,1,5,10,1,0,0,0,6,3,2,0,11,11,1554,20,105,-40,198,926,108,341,San Francisco,2022-09-27
2023,9,27,111,217,15,2,9,9,32,23,10,18,65,83,60,140,12,2,3,5,19,17,6,8,42,50,46,59,2,0,5,4,11,5,4,9,20,29,0,3,0,0,0,0,0,0,0,0,0,0,5,15,1,0,1,0,2,1,0,1,3,4,1569,23,115,-39,199,880,91,427,San Francisco,2023-09-27
2024,9,27,138,205,16,6,8,8,31,30,12,16,73,89,74,131,13,1,4,4,14,26,8,8,48,56,60,53,2,5,3,4,15,2,2,7,19,26,0,6,0,0,1,0,1,0,1,1,2,3,4,15,1,0,0,0,1,2,1,0,4,4,1798,22,138,-37,201,1005,133,452,San Francisco,2024-09-27
2012,10,27,,,,,,,,,,,,,,,,,,,,,,,,,,,,,,,,,,,,,,,,,,,,,,,,,,,,,,,,,,,,,,,,,,,,,San Francisco,2012-10-27
2013,10,27,,,,,,,,,,,,,,,,,,,,,,,,,,,,,,,,,,,,,,,,,,,,,,,,,,,,,,,,,,,,,,,,,,,,,San Francisco,2013-10-27
2014,10,27,,,,,,,,,,,,,,,,,,,,,,,,,,,,,,,,,,,,,,,,,,,,,,,,,,,,,,,,,,,,,,,,,,,,,San Francisco,2014-10-27
2015,10,27,262,357,15,0,14,13,32,34,21,27,87,114,117,201,8,0,10,4,21,21,17,14,59,73,121,133,2,0,2,8,10,13,3,10,26,36,11,3,0,0,0,0,0,0,1,0,1,1,13,20,5,0,2,1,1,0,0,3,1,4,2154,39,150,-5,233,1511,97,382,San Francisco,2015-10-27
2016,10,27,235,269,22,4,10,8,31,34,13,18,78,96,149,143,8,0,4,5,18,22,7,9,47,56,75,109,10,3,3,3,10,8,4,6,22,28,7,4,0,0,0,0,0,0,1,0,1,1,4,13,4,1,3,0,3,4,1,3,8,11,2170,48,150,-10,228,1451,132,443,San Francisco,2016-10-27
2017,10,27,309,329,18,15,13,13,37,57,13,26,107,133,138,175,11,2,9,8,19,41,5,17,65,82,151,129,7,12,4,4,14,11,6,8,31,39,3,6,0,0,0,0,1,4,1,0,6,6,17,19,0,1,0,1,3,1,1,1,5,6,2401,42,171,-9,229,1522,138,482,San Francisco,2017-10-27
2018,10,27,268,251,22,3,14,11,28,30,7,25,65,90,92,136,13,0,4,6,15,20,4,10,39,49,158,94,8,3,8,5,12,7,3,13,22,35,5,3,0,0,0,0,0,0,0,0,0,0,13,18,1,0,2,0,1,3,0,2,4,6,2265,33,182,-8,230,1275,149,566,San Francisco,2018-10-27
2019,10,27,177,208,19,7,18,13,31,33,6,31,70,101,78,112,12,1,8,9,11,25,4,17,40,57,93,78,4,5,8,3,20,7,2,11,29,40,0,4,1,0,0,0,0,0,0,0,0,0,6,14,2,1,2,1,0,1,0,3,1,4,1970,21,141,-7,231,1197,121,505,San Francisco,2019-10-27
2020,10,27,115,177,18,17,5,10,33,36,11,15,80,95,55,102,12,1,2,4,18,25,7,6,50,56,53,53,4,16,2,6,13,6,3,8,22,30,2,4,0,0,0,0,0,1,0,0,1,1,5,18,2,0,1,0,2,4,1,1,7,8,1644,25,129,-5,233,1060,96,389,San Francisco,2020-10-27
2021,10,27,117,216,20,8,9,4,35,35,15,13,85,98,59,136,16,1,5,3,19,19,9,8,47,55,52,59,1,5,4,1,15,11,5,5,31,36,1,7,0,0,0,0,0,1,0,0,1,1,5,14,3,2,0,0,1,4,1,0,6,6,1734,28,140,-11,227,1060,105,409,San Francisco,2021-10-27
2022,10,27,100,203,22,10,9,13,35,28,19,22,82,104,44,125,14,1,4,10,19,20,10,14,49,63,51,65,2,8,3,3,11,6,6,6,23,29,0,1,2,0,0,0,2,0,1,0,3,3,5,12,4,1,2,0,3,2,2,2,7,9,1660,26,123,-10,228,956,99,407,San Francisco,2022-10-27
2023,10,27,137,181,12,5,9,3,38,29,11,12,78,90,55,104,10,2,3,1,25,24,4,4,53,57,74,61,2,3,6,2,11,4,3,8,18,26,3,2,0,0,0,0,0,0,0,0,0,0,5,14,0,0,0,0,2,1,4,0,7,7,1743,34,116,-9,229,982,111,417,San Francisco,2023-10-27
2024,10,27,118,175,16,10,7,6,26,26,12,13,64,77,30,98,5,0,3,3,14,18,10,6,42,48,82,60,6,9,3,3,11,5,2,6,18,24,3,1,0,0,0,0,0,0,0,0,0,0,3,16,5,1,1,0,1,3,0,1,4,5,1431,18,93,-7,231,718,103,443,San Francisco,2024-10-27
2012,11,27,,,,,,,,,,,,,,,,,,,,,,,,,,,,,,,,,,,,,,,,,,,,,,,,,,,,,,,,,,,,,,,,,,,,,San Francisco,2012-11-27
2013,11,27,,,,,,,,,,,,,,,,,,,,,,,,,,,,,,,,,,,,,,,,,,,,,,,,,,,,,,,,,,,,,,,,,,,,,San Francisco,2013-11-27
2014,11,27,,,,,,,,,,,,,,,,,,,,,,,,,,,,,,,,,,,,,,,,,,,,,,,,,,,,,,,,,,,,,,,,,,,,,San Francisco,2014-11-27
2015,11,27,215,312,15,7,7,6,32,19,15,13,66,79,100,178,9,0,1,3,18,8,6,4,32,36,95,115,5,7,5,2,9,10,7,7,26,33,12,1,0,0,0,0,0,0,0,0,0,0,8,18,1,0,1,1,5,1,2,2,8,10,2163,31,189,26,264,1559,126,235,San Francisco,2015-11-27
2016,11,27,197,238,11,8,10,10,39,21,15,20,75,95,96,116,3,3,2,2,21,13,7,4,41,45,91,94,5,5,7,7,17,4,7,14,28,42,2,4,0,0,0,0,0,0,0,0,0,0,8,24,3,0,1,1,1,4,1,2,6,8,1881,17,224,21,259,1254,88,299,San Francisco,2016-11-27
2017,11,27,211,265,25,1,7,8,48,35,6,15,89,104,129,147,19,0,3,4,27,16,3,7,46,53,67,93,2,1,4,2,17,13,2,6,32,38,1,3,0,0,0,0,0,0,1,0,1,1,14,22,4,0,0,2,4,6,0,2,10,12,2009,31,213,22,260,1343,123,312,San Francisco,2017-11-27
2018,11,27,129,274,21,10,14,9,24,34,8,23,66,89,55,136,11,3,4,4,11,25,6,8,42,50,64,105,9,6,10,5,8,8,2,15,18,33,2,10,0,0,0,0,1,0,0,0,1,1,8,23,1,1,0,0,4,1,0,0,5,5,1931,33,184,23,261,1188,134,366,San Francisco,2018-11-27
2019,11,27,162,242,13,2,11,8,31,39,9,19,79,98,100,121,3,0,6,1,13,26,7,7,46,53,53,100,7,2,4,6,13,5,2,10,20,30,5,2,1,0,0,0,0,0,0,0,0,0,4,19,2,0,1,1,5,8,0,2,13,15,2070,26,221,24,262,1355,105,319,San Francisco,2019-11-27
2020,11,27,110,180,12,20,4,12,34,48,13,16,95,111,36,84,3,0,0,6,25,36,8,6,69,75,66,86,7,19,2,6,8,5,5,8,18,26,0,0,0,0,0,0,1,1,0,0,2,2,8,10,2,1,2,0,0,6,0,2,6,8,1470,11,115,26,264,948,102,257,San Francisco,2020-11-27
2021,11,27,112,146,10,15,2,9,34,32,13,11,79,90,37,70,2,1,1,2,14,19,8,3,41,44,67,68,6,14,1,6,19,12,4,7,35,42,0,1,0,0,0,0,0,0,0,0,0,0,8,7,2,0,0,1,1,1,1,1,3,4,1495,7,156,20,258,867,88,343,San Francisco,2021-11-27
2022,11,27,104,124,13,9,5,8,27,23,11,13,61,74,42,54,4,1,3,4,11,11,6,7,28,35,55,54,7,8,2,4,15,10,4,6,29,35,2,0,0,0,0,0,0,0,0,0,0,0,5,16,2,0,0,0,1,2,1,0,4,4,1160,12,96,21,259,655,79,235,San Francisco,2022-11-27
2023,11,27,74,143,11,6,10,7,43,23,26,17,92,109,37,68,5,1,4,3,20,13,21,7,54,61,32,50,6,4,5,4,19,7,5,9,31,40,1,5,0,0,0,0,2,0,0,0,2,2,4,20,0,1,1,0,2,3,0,1,5,6,1613,23,168,22,260,892,88,312,San Francisco,2023-11-27
2024,11,27,104,195,15,4,4,6,30,29,9,10,68,78,56,97,8,0,2,2,19,13,4,4,36,40,40,80,5,3,1,3,9,8,5,4,22,26,1,2,0,0,0,0,0,2,0,0,2,2,7,16,2,1,1,1,2,6,0,2,8,10,1464,20,130,24,262,825,98,366,San Francisco,2024-11-27
2012,12,27,,,,,,,,,,,,,,,,,,,,,,,,,,,,,,,,,,,,,,,,,,,,,,,,,,,,,,,,,,,,,,,,,,,,,San Francisco,2012-12-27
2013,12,27,,,,,,,,,,,,,,,,,,,,,,,,,,,,,,,,,,,,,,,,,,,,,,,,,,,,,,,,,,,,,,,,,,,,,San Francisco,2013-12-27
2014,12,27,,,,,,,,,,,,,,,,,,,,,,,,,,,,,,,,,,,,,,,,,,,,,,,,,,,,,,,,,,,,,,,,,,,,,San Francisco,2014-12-27
2015,12,27,178,272,14,6,6,12,31,25,11,18,67,85,87,135,7,1,0,6,13,17,7,6,37,43,78,111,5,4,5,5,13,6,3,10,22,32,5,3,1,0,0,0,0,0,0,0,0,0,8,23,1,1,1,1,5,2,1,2,8,10,1827,30,206,56,294,1279,113,252,San Francisco,2015-12-27
2016,12,27,219,253,17,4,7,6,31,28,6,13,65,78,125,113,11,2,2,3,15,15,3,5,33,38,78,104,4,2,5,2,13,11,2,7,26,33,9,2,0,0,0,0,1,1,0,0,2,2,7,34,2,0,0,1,2,1,1,1,4,5,1955,44,208,51,289,1328,125,271,San Francisco,2016-12-27
2017,12,27,203,347,22,14,9,6,43,26,8,15,77,92,112,175,13,1,4,1,24,17,5,5,46,51,69,143,8,12,4,5,18,4,2,9,24,33,3,5,0,0,0,0,0,1,0,0,1,1,19,24,1,1,1,0,1,4,1,1,6,7,2161,35,229,52,290,1424,122,329,San Francisco,2017-12-27
2018,12,27,134,297,18,5,20,8,42,32,9,28,83,111,77,161,12,0,6,3,22,20,5,9,47,56,46,112,4,5,11,4,12,7,2,15,21,36,3,5,1,0,0,0,1,0,0,0,1,1,8,19,1,0,3,1,7,5,2,4,14,18,1889,28,195,53,291,1202,106,319,San Francisco,2018-12-27
2019,12,27,160,282,12,3,12,5,47,36,8,17,91,108,84,136,7,0,5,3,24,20,4,8,48,56,65,118,4,3,6,2,18,12,4,8,34,42,4,6,1,0,0,0,0,1,0,0,1,1,7,22,0,0,1,0,5,3,0,1,8,9,1960,28,173,54,292,1268,117,370,San Francisco,2019-12-27
2020,12,27,96,185,5,23,11,12,58,45,20,23,123,146,36,98,1,1,5,7,26,30,12,12,68,80,51,70,4,16,4,5,29,9,6,9,44,53,4,4,0,0,0,0,1,0,0,0,1,1,5,13,0,6,2,0,2,6,2,2,10,12,1361,26,111,56,294,861,68,305,San Francisco,2020-12-27
2021,12,27,74,173,13,7,4,6,28,27,16,10,71,81,25,99,5,3,3,3,21,17,11,6,49,55,37,52,6,4,0,3,5,5,3,3,13,16,3,3,0,0,0,0,0,0,0,0,0,0,9,19,2,0,1,0,2,5,2,1,9,10,1397,21,120,50,288,846,102,273,San Francisco,2021-12-27
2022,12,27,79,141,14,7,5,11,45,30,10,16,85,101,34,64,11,2,3,6,21,15,8,9,44,53,39,58,2,3,2,5,21,5,2,7,28,35,0,7,0,0,0,0,1,0,0,0,1,1,6,12,1,2,0,0,2,10,0,0,12,12,1274,25,111,51,289,763,82,285,San Francisco,2022-12-27
2023,12,27,89,184,15,6,8,12,32,33,9,20,74,94,33,97,9,1,3,6,18,17,8,9,43,52,44,67,6,5,4,6,10,11,1,10,22,32,2,3,0,0,0,0,1,0,0,0,1,1,10,17,0,0,1,0,3,5,0,1,8,9,1317,29,125,52,290,788,86,309,San Francisco,2023-12-27
2024,12,27,79,177,18,6,5,4,35,29,2,9,66,75,32,92,6,2,3,2,18,19,1,5,38,43,39,70,11,4,2,2,15,5,1,4,21,25,1,3,0,0,0,0,1,1,0,0,2,2,7,12,1,0,0,0,1,4,0,0,5,5,1341,17,111,54,292,778,96,313,San Francisco,2024-12-27
2012,1,28,,,,,,,,,,,,,,,,,,,,,,,,,,,,,,,,,,,,,,,,,,,,,,,,,,,,,,,,,,,,,,,,,,,,,San Francisco,2012-01-28
2013,1,28,,,,,,,,,,,,,,,,,,,,,,,,,,,,,,,,,,,,,,,,,,,,,,,,,,,,,,,,,,,,,,,,,,,,,San Francisco,2013-01-28
2014,1,28,,,,,,,,,,,,,,,,,,,,,,,,,,,,,,,,,,,,,,,,,,,,,,,,,,,,,,,,,,,,,,,,,,,,,San Francisco,2014-01-28
2015,1,28,260,302,25,4,6,12,29,53,12,18,94,112,144,171,15,1,4,7,14,38,4,11,56,67,87,95,6,3,1,4,12,10,6,5,28,33,16,4,0,0,0,0,0,0,1,0,1,1,13,32,4,0,1,1,3,5,1,2,9,11,2242,42,177,-277,-39,1612,113,350,San Francisco,2015-01-28
2016,1,28,252,309,23,6,6,3,47,34,6,9,87,96,124,152,16,0,2,2,25,21,5,4,51,55,101,121,6,6,4,1,18,9,1,5,28,33,7,2,0,0,0,0,2,1,0,0,3,3,20,34,1,0,0,0,2,3,0,0,5,5,2092,30,173,-283,-45,1430,124,400,San Francisco,2016-01-28
2017,1,28,228,294,13,23,5,8,22,37,9,13,68,81,95,154,8,7,1,4,10,21,6,5,37,42,119,110,4,15,3,3,10,10,3,6,23,29,4,2,0,0,0,0,0,0,0,0,0,0,10,28,1,1,1,1,2,6,0,2,8,10,2051,17,197,-281,-43,1307,138,402,San Francisco,2017-01-28
2018,1,28,255,270,11,4,11,12,27,29,7,23,63,86,113,147,4,1,0,4,12,20,3,4,35,39,126,94,6,3,11,7,12,7,2,18,21,39,3,6,0,0,0,0,0,0,0,0,0,0,13,23,1,0,0,1,3,2,2,1,7,8,1970,15,182,-280,-42,1250,99,413,San Francisco,2018-01-28
2019,1,28,141,333,19,6,11,11,35,38,5,22,78,100,73,180,10,2,7,6,21,30,4,13,55,68,59,118,7,4,3,4,10,6,1,7,17,24,3,7,0,0,1,0,0,0,0,1,0,1,6,28,2,0,0,1,4,2,0,1,6,7,2340,45,268,-279,-41,1480,122,454,San Francisco,2019-01-28
2020,1,28,110,258,19,6,7,7,51,42,10,14,103,117,48,131,11,0,3,3,28,28,8,6,64,70,44,100,2,6,4,4,22,11,2,8,35,43,10,5,0,0,0,0,0,0,0,0,0,0,8,22,6,0,0,0,1,3,0,0,4,4,1950,39,188,-278,-40,1198,125,403,San Francisco,2020-01-28
2021,1,28,85,199,17,13,4,6,53,37,25,10,115,125,35,106,12,2,1,3,32,25,22,4,79,83,45,75,4,11,2,2,18,7,2,4,27,31,3,6,0,0,0,0,1,0,0,0,1,1,2,12,1,0,1,1,2,5,1,2,8,10,1546,20,113,-283,-45,983,102,345,San Francisco,2021-01-28
2022,1,28,110,179,7,5,7,9,44,26,14,16,84,100,40,95,1,0,5,5,24,17,9,10,50,60,67,68,4,3,2,3,16,7,3,5,26,31,0,4,0,0,0,0,1,0,1,0,2,2,3,12,2,2,0,1,3,2,1,1,6,7,1515,23,113,-282,-44,878,81,366,San Francisco,2022-01-28
2023,1,28,126,140,10,7,6,11,40,38,13,17,91,108,48,67,7,0,3,4,24,22,5,7,51,58,74,59,3,6,3,6,14,9,6,9,29,38,1,1,0,0,0,0,0,1,0,0,1,1,3,13,0,1,0,1,2,6,2,1,10,11,1533,26,115,-281,-43,809,83,441,San Francisco,2023-01-28
2024,1,28,154,153,27,14,0,11,31,17,12,11,60,71,57,73,11,2,0,3,11,11,9,3,31,34,89,69,14,12,0,8,15,5,3,8,23,31,3,1,0,0,0,0,2,0,0,0,2,2,5,10,2,0,0,0,3,1,0,0,4,4,1643,24,113,-280,-42,892,72,430,San Francisco,2024-01-28
2012,2,28,,,,,,,,,,,,,,,,,,,,,,,,,,,,,,,,,,,,,,,,,,,,,,,,,,,,,,,,,,,,,,,,,,,,,San Francisco,2012-02-28
2013,2,28,,,,,,,,,,,,,,,,,,,,,,,,,,,,,,,,,,,,,,,,,,,,,,,,,,,,,,,,,,,,,,,,,,,,,San Francisco,2013-02-28
2014,2,28,,,,,,,,,,,,,,,,,,,,,,,,,,,,,,,,,,,,,,,,,,,,,,,,,,,,,,,,,,,,,,,,,,,,,San Francisco,2014-02-28
2015,2,28,244,268,19,14,10,18,39,27,11,28,77,105,104,153,12,2,4,6,18,15,5,10,38,48,124,94,7,10,5,12,18,10,3,17,31,48,2,1,0,0,0,0,0,0,1,0,1,1,14,20,0,2,1,0,3,2,2,1,7,8,1991,16,169,-246,-8,1366,110,393,San Francisco,2015-02-28
2016,2,28,224,292,17,3,10,17,32,22,4,27,58,85,111,152,10,0,2,8,22,12,3,10,37,47,99,110,5,2,8,9,10,9,1,17,20,37,4,4,0,0,0,0,0,0,0,0,0,0,10,26,2,1,0,0,0,1,0,0,1,1,1954,14,167,-252,-14,1274,101,416,San Francisco,2016-02-28
2017,2,28,207,270,17,5,11,10,32,39,6,21,77,98,130,163,13,0,6,5,14,28,3,11,45,56,63,91,2,4,4,4,15,5,2,8,22,30,5,2,0,0,0,0,1,0,0,0,1,1,9,14,2,1,1,1,2,6,1,2,9,11,2137,28,165,-250,-12,1432,126,366,San Francisco,2017-02-28
2018,2,28,261,326,24,3,8,6,33,36,10,14,79,93,163,196,17,1,3,4,22,28,5,7,55,62,78,96,6,2,4,2,7,2,4,6,13,19,7,3,0,0,0,0,0,1,0,0,1,1,13,31,1,0,1,0,4,5,1,1,10,11,2341,24,228,-249,-11,1616,116,364,San Francisco,2018-02-28
2019,2,28,172,316,22,0,9,9,36,34,17,18,87,105,103,190,15,0,5,5,20,18,10,10,48,58,62,100,5,0,3,4,14,11,3,7,28,35,4,2,0,0,0,0,0,0,1,0,1,1,3,24,2,0,1,0,2,5,3,1,10,11,2276,26,169,-248,-10,1396,142,453,San Francisco,2019-02-28
2020,2,28,182,249,14,7,9,19,28,47,4,28,79,107,61,144,11,1,4,7,10,34,3,11,47,58,104,77,2,6,2,11,15,10,1,13,26,39,1,5,0,0,0,0,1,0,0,0,1,1,16,23,1,0,3,1,2,3,0,4,5,9,2035,27,187,-247,-9,1153,117,531,San Francisco,2020-02-28
2021,2,28,127,201,16,13,5,12,41,22,10,17,73,90,49,96,10,4,2,4,26,17,5,6,48,54,70,91,5,8,2,7,11,3,5,9,19,28,4,2,0,0,1,0,2,0,0,1,2,3,4,12,1,1,0,1,2,2,0,1,4,5,1582,23,119,-252,-14,991,74,348,San Francisco,2021-02-28
2022,2,28,112,191,15,11,9,5,44,37,15,14,96,110,64,115,9,3,6,3,31,25,12,9,68,77,43,61,3,3,2,1,10,6,1,3,17,20,2,1,0,0,0,0,0,0,2,0,2,2,3,14,3,5,1,1,3,6,0,2,9,11,1598,17,104,-251,-13,915,84,389,San Francisco,2022-02-28
2023,2,28,64,162,4,3,11,8,40,28,19,19,87,106,34,87,3,1,4,2,27,16,9,6,52,58,25,55,1,2,7,6,9,8,8,13,25,38,0,3,0,0,0,0,1,0,1,0,2,2,5,17,0,0,0,0,3,4,1,0,8,8,1335,22,128,-250,-12,797,88,299,San Francisco,2023-02-28
2024,2,28,89,203,16,7,10,6,28,33,11,16,72,88,58,132,9,1,5,4,19,24,4,9,47,56,29,57,5,6,3,2,6,6,6,5,18,23,0,2,0,0,0,0,0,0,1,0,1,1,2,12,2,0,2,0,3,3,0,2,6,8,1558,15,102,-249,-11,951,99,352,San Francisco,2024-02-28
2012,3,28,,,,,,,,,,,,,,,,,,,,,,,,,,,,,,,,,,,,,,,,,,,,,,,,,,,,,,,,,,,,,,,,,,,,,San Francisco,2012-03-28
2013,3,28,,,,,,,,,,,,,,,,,,,,,,,,,,,,,,,,,,,,,,,,,,,,,,,,,,,,,,,,,,,,,,,,,,,,,San Francisco,2013-03-28
2014,3,28,,,,,,,,,,,,,,,,,,,,,,,,,,,,,,,,,,,,,,,,,,,,,,,,,,,,,,,,,,,,,,,,,,,,,San Francisco,2014-03-28
2015,3,28,270,333,23,14,11,12,36,25,13,23,74,97,138,192,14,2,4,7,18,18,8,11,44,55,119,114,6,8,7,3,15,5,5,10,25,35,2,5,0,0,0,0,0,0,0,0,0,0,11,22,3,4,0,2,3,2,0,2,5,7,2336,24,156,-218,20,1629,134,373,San Francisco,2015-03-28
2016,3,28,241,302,26,6,10,8,47,33,9,18,89,107,141,179,21,1,7,4,36,24,8,11,68,79,69,99,2,5,2,3,8,5,0,5,13,18,12,2,0,0,0,0,0,1,0,0,1,1,19,22,3,0,1,1,3,3,1,2,7,9,2149,31,156,-223,15,1471,125,328,San Francisco,2016-03-28
2017,3,28,259,310,10,5,10,14,21,36,8,24,65,89,147,190,8,2,4,9,18,24,5,13,47,60,79,97,1,3,5,3,2,11,3,8,16,24,10,4,0,0,0,0,0,0,0,0,0,0,23,19,1,0,1,2,1,1,0,3,2,5,2510,35,145,-222,16,1724,116,411,San Francisco,2017-03-28
2018,3,28,295,303,31,8,4,11,41,32,7,15,80,95,197,187,18,6,2,8,24,25,7,10,56,66,75,96,5,2,2,3,11,4,0,5,15,20,6,7,0,0,0,0,0,0,0,0,0,0,17,13,8,0,0,0,6,3,0,0,9,9,2246,30,132,-221,17,1465,119,425,San Francisco,2018-03-28
2019,3,28,240,301,13,3,7,9,26,31,7,16,64,80,156,187,10,1,1,6,16,24,4,7,44,51,54,95,2,1,5,3,7,5,3,8,15,23,8,4,0,0,1,0,0,1,0,1,1,2,22,15,1,1,0,0,3,1,0,0,4,4,2209,27,127,-220,18,1387,121,430,San Francisco,2019-03-28
2020,3,28,130,199,14,14,4,11,33,40,10,15,83,98,62,130,6,4,1,10,19,34,7,11,60,71,62,56,6,9,3,1,11,2,1,4,14,18,0,2,0,1,0,0,0,0,0,0,0,0,6,11,2,0,0,0,3,4,2,0,9,9,1708,13,119,-218,20,1113,84,304,San Francisco,2020-03-28
2021,3,28,153,162,11,14,5,6,34,33,11,11,78,89,62,98,8,2,3,4,19,26,8,7,53,60,84,53,3,8,2,2,14,5,3,4,22,26,3,2,0,3,0,0,1,0,0,0,1,1,4,9,0,1,0,0,0,2,0,0,2,2,1463,15,97,-224,14,900,87,334,San Francisco,2021-03-28
2022,3,28,103,178,10,8,5,9,49,28,10,14,87,101,64,110,7,5,5,5,26,21,6,10,53,63,32,59,2,3,0,3,19,4,3,3,26,29,3,0,0,0,0,0,0,0,0,0,0,0,4,9,1,0,0,1,4,3,1,1,8,9,1463,13,91,-223,15,908,89,336,San Francisco,2022-03-28
2023,3,28,72,156,9,8,3,4,37,25,14,7,76,83,30,98,8,1,2,3,19,20,11,5,50,55,38,44,1,6,0,1,16,3,3,1,22,23,3,4,0,0,0,0,0,0,0,0,0,0,1,10,0,1,1,0,2,2,0,1,4,5,1492,26,107,-222,16,897,84,321,San Francisco,2023-03-28
2024,3,28,110,181,11,3,6,8,30,34,7,14,71,85,76,135,7,0,3,6,20,28,3,9,51,60,28,29,3,3,2,2,7,3,2,4,12,16,1,5,0,0,0,0,0,0,0,0,0,0,5,12,1,0,1,0,3,3,2,1,8,9,1532,14,106,-220,18,861,75,392,San Francisco,2024-03-28
2012,4,28,,,,,,,,,,,,,,,,,,,,,,,,,,,,,,,,,,,,,,,,,,,,,,,,,,,,,,,,,,,,,,,,,,,,,San Francisco,2012-04-28
2013,4,28,,,,,,,,,,,,,,,,,,,,,,,,,,,,,,,,,,,,,,,,,,,,,,,,,,,,,,,,,,,,,,,,,,,,,San Francisco,2013-04-28
2014,4,28,,,,,,,,,,,,,,,,,,,,,,,,,,,,,,,,,,,,,,,,,,,,,,,,,,,,,,,,,,,,,,,,,,,,,San Francisco,2014-04-28
2015,4,28,212,317,29,2,13,13,46,32,20,26,98,124,133,211,24,2,5,9,33,26,17,14,76,90,59,75,2,0,8,2,11,5,2,10,18,28,8,2,0,0,0,0,0,0,0,0,0,0,12,29,3,0,0,2,2,1,1,2,4,6,2140,17,150,-187,51,1517,132,356,San Francisco,2015-04-28
2016,4,28,265,405,24,6,9,11,31,29,16,20,76,96,168,299,17,2,4,6,25,23,13,10,61,71,64,78,6,4,2,3,4,4,1,5,9,14,7,1,0,0,0,0,2,0,0,0,2,2,26,27,1,0,3,2,0,2,2,5,4,9,2419,28,159,-192,46,1698,114,412,San Francisco,2016-04-28
2017,4,28,223,286,23,8,9,13,29,49,8,22,86,108,140,193,19,2,7,4,19,37,7,11,63,74,66,62,3,6,2,7,9,9,1,9,19,28,2,1,0,0,0,0,1,0,0,0,1,1,15,30,1,0,0,2,0,3,0,2,3,5,2190,19,146,-191,47,1415,117,398,San Francisco,2017-04-28
2018,4,28,313,247,12,9,7,17,30,32,7,24,69,93,169,157,8,1,6,8,24,23,3,14,50,64,130,74,4,5,1,9,6,6,3,10,15,25,5,1,0,1,0,0,0,0,0,0,0,0,9,15,0,2,0,0,0,3,1,0,4,4,2219,15,112,-190,48,1328,109,506,San Francisco,2018-04-28
2019,4,28,209,232,10,9,10,13,44,20,3,23,67,90,131,154,7,2,5,5,31,17,3,10,51,61,63,64,2,5,4,5,8,2,0,9,10,19,3,0,0,1,0,0,1,0,0,0,1,1,12,14,1,1,1,3,4,1,0,4,5,9,2107,16,123,-189,49,1334,111,391,San Francisco,2019-04-28
2020,4,28,153,261,9,12,7,8,41,41,10,15,92,107,85,189,8,0,4,8,24,36,8,12,68,80,59,54,1,12,1,0,17,3,2,1,22,23,0,4,0,0,0,0,0,0,0,0,0,0,9,14,0,0,2,0,0,2,0,2,2,4,1958,4,130,-187,51,1243,90,315,San Francisco,2020-04-28
2021,4,28,109,208,9,8,4,8,43,37,10,12,90,102,61,141,7,1,2,6,33,32,8,8,73,81,39,49,2,2,2,1,7,1,2,3,10,13,0,3,0,0,0,0,2,0,0,0,2,2,9,15,0,5,0,1,1,4,0,1,5,6,1597,13,102,-193,45,958,107,371,San Francisco,2021-04-28
2022,4,28,86,177,19,5,1,5,42,31,16,6,89,95,44,128,17,3,1,3,26,26,12,4,64,68,37,44,2,2,0,1,11,3,2,1,16,17,0,0,0,0,0,0,1,0,0,0,1,1,5,5,0,0,0,1,4,2,2,1,8,9,1524,3,106,-192,46,839,122,376,San Francisco,2022-04-28
2023,4,28,94,182,7,4,3,12,42,22,15,15,79,94,41,141,4,1,0,4,26,18,10,4,54,58,46,28,2,3,2,6,15,2,1,8,18,26,0,2,0,0,0,0,1,0,1,0,2,2,7,11,1,0,1,2,0,2,3,3,5,8,1587,10,121,-191,47,928,95,406,San Francisco,2023-04-28
2024,4,28,92,135,12,11,12,9,21,21,2,21,44,65,44,96,9,3,7,6,12,15,0,13,27,40,43,29,1,8,5,1,8,6,1,6,15,21,2,0,0,0,0,1,0,0,0,1,0,1,3,10,2,0,0,1,1,0,1,1,2,3,1470,4,92,-189,49,802,92,396,San Francisco,2024-04-28
2012,5,28,,,,,,,,,,,,,,,,,,,,,,,,,,,,,,,,,,,,,,,,,,,,,,,,,,,,,,,,,,,,,,,,,,,,,San Francisco,2012-05-28
2013,5,28,,,,,,,,,,,,,,,,,,,,,,,,,,,,,,,,,,,,,,,,,,,,,,,,,,,,,,,,,,,,,,,,,,,,,San Francisco,2013-05-28
2014,5,28,,,,,,,,,,,,,,,,,,,,,,,,,,,,,,,,,,,,,,,,,,,,,,,,,,,,,,,,,,,,,,,,,,,,,San Francisco,2014-05-28
2015,5,28,201,306,25,7,14,9,37,35,24,23,96,119,142,215,22,2,8,3,26,27,17,11,70,81,37,70,2,5,5,2,7,6,5,7,18,25,5,0,0,0,0,0,1,0,0,0,1,1,17,21,1,0,1,4,3,2,2,5,7,12,2114,16,171,-157,81,1506,141,311,San Francisco,2015-05-28
2016,5,28,265,301,20,13,9,13,35,24,6,22,65,87,152,202,8,3,4,9,24,18,5,13,47,60,91,70,10,8,5,4,9,3,0,9,12,21,3,6,0,0,0,0,0,1,0,0,1,1,19,23,2,2,0,0,2,2,1,0,5,5,2080,11,169,-162,76,1383,117,409,San Francisco,2016-05-28
2017,5,28,245,270,20,11,9,12,24,26,11,21,61,82,154,184,10,2,3,8,15,20,5,11,40,51,66,57,8,7,6,2,5,4,4,8,13,21,1,4,0,0,0,1,1,0,0,1,1,2,24,25,2,2,0,1,3,2,2,1,7,8,2198,17,172,-161,77,1492,99,345,San Francisco,2017-05-28
2018,5,28,157,298,13,6,7,11,45,43,13,18,101,119,98,190,13,2,4,8,30,24,11,12,65,77,41,78,0,2,1,1,9,10,0,2,19,21,3,1,0,0,0,0,1,0,0,0,1,1,15,29,0,2,2,2,5,9,2,4,16,20,2113,13,163,-160,78,1394,117,378,San Francisco,2018-05-28
2019,5,28,212,297,24,8,4,9,37,33,13,13,83,96,155,221,22,1,3,5,28,24,11,8,63,71,44,45,1,4,1,2,7,4,1,3,12,15,2,10,0,0,0,0,0,1,0,0,1,1,11,21,1,3,0,2,2,4,1,2,7,9,2268,23,151,-159,79,1390,147,453,San Francisco,2019-05-28
2020,5,28,158,246,7,5,4,9,23,47,12,13,82,95,93,184,6,0,3,4,14,36,9,7,59,66,48,31,1,5,0,1,6,5,2,1,13,14,2,0,0,0,0,0,1,0,0,0,1,1,15,31,0,0,1,4,2,6,1,5,9,14,1881,18,144,-157,81,1127,113,349,San Francisco,2020-05-28
2021,5,28,122,176,20,10,2,6,34,38,12,8,84,92,54,122,15,2,1,3,21,33,8,4,62,66,56,35,2,4,1,3,10,3,3,4,16,20,4,2,1,1,0,0,2,0,0,0,2,2,8,17,2,3,0,0,1,2,1,0,4,4,1604,19,117,-163,75,942,108,366,San Francisco,2021-05-28
2022,5,28,107,145,20,12,3,7,43,30,12,10,85,95,52,108,11,7,2,5,31,27,7,7,65,72,44,23,6,5,1,2,7,2,5,3,14,17,0,1,0,0,0,0,2,0,0,0,2,2,11,13,3,0,0,0,3,1,0,0,4,4,1423,8,94,-162,76,774,85,392,San Francisco,2022-05-28
2023,5,28,88,148,17,7,4,9,20,21,7,13,48,61,33,99,9,2,2,3,14,17,6,5,37,42,35,30,3,1,1,5,4,2,1,6,7,13,3,2,0,0,0,0,0,0,0,0,0,0,17,17,5,4,1,1,2,2,0,2,4,6,1511,10,123,-161,77,846,104,323,San Francisco,2023-05-28
2024,5,28,69,173,16,7,4,15,35,31,9,19,75,94,45,121,12,2,4,10,26,27,8,14,61,75,20,34,3,5,0,4,4,3,0,4,7,11,0,3,0,0,0,1,1,0,0,1,1,2,4,15,1,0,0,0,4,1,1,0,6,6,1582,15,97,-159,79,910,104,331,San Francisco,2024-05-28
2012,6,28,,,,,,,,,,,,,,,,,,,,,,,,,,,,,,,,,,,,,,,,,,,,,,,,,,,,,,,,,,,,,,,,,,,,,San Francisco,2012-06-28
2013,6,28,,,,,,,,,,,,,,,,,,,,,,,,,,,,,,,,,,,,,,,,,,,,,,,,,,,,,,,,,,,,,,,,,,,,,San Francisco,2013-06-28
2014,6,28,,,,,,,,,,,,,,,,,,,,,,,,,,,,,,,,,,,,,,,,,,,,,,,,,,,,,,,,,,,,,,,,,,,,,San Francisco,2014-06-28
2015,6,28,224,280,16,23,19,21,30,47,13,40,90,130,117,177,14,5,6,12,19,37,10,18,66,84,86,77,2,11,9,7,7,8,3,16,18,34,2,1,0,1,0,0,0,0,0,0,0,0,19,25,0,6,4,2,4,2,0,6,6,12,2067,18,188,-126,112,1357,125,416,San Francisco,2015-06-28
2016,6,28,258,271,22,13,9,14,37,27,15,23,79,102,193,190,18,2,7,8,26,23,12,15,61,76,42,57,2,10,0,4,8,2,3,4,13,17,5,1,1,0,0,0,0,0,0,0,0,0,18,23,1,1,2,2,3,2,0,4,5,9,2162,12,150,-131,107,1476,128,393,San Francisco,2016-06-28
2017,6,28,234,279,12,16,7,12,38,30,12,19,80,99,169,210,10,3,4,10,29,25,10,14,64,78,47,51,1,6,2,1,4,2,0,3,6,9,0,0,0,0,0,0,2,0,0,0,2,2,18,18,1,7,1,1,3,3,2,2,8,10,2112,15,170,-130,108,1404,128,424,San Francisco,2017-06-28
2018,6,28,132,269,21,13,11,9,33,47,9,20,89,109,91,192,15,3,8,8,26,39,9,16,74,90,20,54,4,6,2,1,6,3,0,3,9,12,2,0,0,0,0,0,0,0,0,0,0,0,19,23,2,4,1,0,1,5,0,1,6,7,2084,8,168,-129,109,1325,161,403,San Francisco,2018-06-28
2019,6,28,249,267,17,10,6,7,36,39,13,13,88,101,177,203,15,4,5,3,31,33,13,8,77,85,47,37,1,3,1,2,5,4,0,3,9,12,2,5,1,0,0,0,0,1,0,0,1,1,23,22,0,3,0,2,0,1,0,2,1,3,2228,15,185,-128,110,1257,139,469,San Francisco,2019-06-28
2020,6,28,177,154,4,11,8,14,43,43,19,22,105,127,72,102,2,4,3,9,27,37,16,12,80,92,55,41,1,5,4,4,10,4,0,8,14,22,3,0,0,0,0,0,0,0,1,0,1,1,47,11,1,2,1,1,6,2,2,2,10,12,1482,15,160,-126,112,903,98,313,San Francisco,2020-06-28
2021,6,28,114,182,8,16,6,8,44,31,10,14,85,99,61,130,8,5,5,4,30,27,9,9,66,75,32,35,0,6,1,3,6,2,0,4,8,12,1,0,0,1,0,0,2,0,1,0,3,3,20,17,0,4,0,1,6,2,0,1,8,9,1519,9,132,-132,106,912,111,359,San Francisco,2021-06-28
2022,6,28,113,149,9,6,6,5,44,26,15,11,85,96,65,109,8,0,3,3,28,24,13,6,65,71,35,24,0,4,2,1,12,0,1,3,13,16,0,5,0,0,0,0,1,0,0,0,1,1,13,11,1,2,1,1,3,2,1,2,6,8,1377,10,113,-131,107,817,90,330,San Francisco,2022-06-28
2023,6,28,123,188,15,11,5,8,42,33,17,13,92,105,86,146,12,3,1,6,34,28,14,7,76,83,22,26,1,5,4,1,6,4,2,5,12,17,0,1,0,0,0,0,1,0,0,0,1,1,15,15,2,3,0,1,1,1,1,1,3,4,1432,10,114,-130,108,765,102,458,San Francisco,2023-06-28
2024,6,28,118,190,20,3,3,12,21,27,8,15,56,71,55,133,9,1,2,8,12,20,6,10,38,48,45,34,8,0,1,3,8,3,1,4,12,16,0,1,1,0,0,0,0,0,0,0,0,0,18,22,2,2,0,1,1,4,1,1,6,7,1493,10,138,-128,110,854,94,385,San Francisco,2024-06-28
2012,7,28,,,,,,,,,,,,,,,,,,,,,,,,,,,,,,,,,,,,,,,,,,,,,,,,,,,,,,,,,,,,,,,,,,,,,San Francisco,2012-07-28
2013,7,28,,,,,,,,,,,,,,,,,,,,,,,,,,,,,,,,,,,,,,,,,,,,,,,,,,,,,,,,,,,,,,,,,,,,,San Francisco,2013-07-28
2014,7,28,,,,,,,,,,,,,,,,,,,,,,,,,,,,,,,,,,,,,,,,,,,,,,,,,,,,,,,,,,,,,,,,,,,,,San Francisco,2014-07-28
2015,7,28,242,295,24,7,11,11,33,48,7,22,88,110,165,212,20,4,7,8,23,40,5,15,68,83,55,55,2,3,3,2,6,2,2,5,10,15,8,4,0,0,0,0,0,0,0,0,0,0,14,24,2,0,1,1,4,6,0,2,10,12,2093,20,182,-96,142,1427,107,379,San Francisco,2015-07-28
2016,7,28,230,241,11,11,5,14,40,37,15,19,92,111,167,145,8,4,3,7,33,28,12,10,73,83,48,70,2,6,2,5,6,5,2,7,13,20,1,3,1,0,0,0,0,2,0,0,2,2,14,23,0,1,0,2,1,2,1,2,4,6,1882,12,132,-101,137,1228,114,367,San Francisco,2016-07-28
2017,7,28,268,297,21,13,14,10,40,39,9,24,88,112,173,197,17,1,5,4,27,30,4,9,61,70,67,74,2,8,7,3,9,5,4,10,18,28,8,1,1,0,1,0,0,0,0,1,0,1,20,25,1,4,1,3,4,4,1,4,9,13,2274,19,183,-100,138,1421,133,452,San Francisco,2017-07-28
2018,7,28,173,300,10,10,11,8,39,32,6,19,77,96,80,205,7,2,6,5,25,23,4,11,52,63,76,68,3,6,2,3,9,7,1,5,17,22,3,5,0,0,0,0,0,0,1,0,1,1,14,22,0,2,3,0,5,2,0,3,7,10,1997,15,135,-99,139,1207,131,425,San Francisco,2018-07-28
2019,7,28,243,273,21,19,10,11,33,39,10,21,82,103,146,187,18,2,8,7,24,32,4,15,60,75,77,64,3,14,2,4,6,5,3,6,14,20,3,4,0,0,0,0,0,0,0,0,0,0,17,18,0,3,0,0,3,2,3,0,8,8,2284,26,147,-98,140,1421,102,495,San Francisco,2019-07-28
2020,7,28,140,198,12,11,12,13,47,42,12,25,101,126,73,135,9,3,11,9,32,38,9,20,79,99,51,37,2,4,1,2,11,1,3,3,15,18,3,0,0,0,0,0,0,0,0,0,0,0,13,26,1,4,0,2,4,3,0,2,7,9,1754,9,158,-96,142,1166,101,348,San Francisco,2020-07-28
2021,7,28,88,200,20,5,11,9,45,34,16,20,95,115,45,139,14,1,8,4,29,28,13,12,70,82,34,47,5,3,3,4,12,3,2,7,17,24,0,0,0,0,0,0,1,0,0,0,1,1,9,14,1,1,0,1,3,3,1,1,7,8,1613,9,107,-102,136,992,96,345,San Francisco,2021-07-28
2022,7,28,99,209,16,3,7,11,47,31,11,18,89,107,54,147,10,2,6,7,42,24,8,13,74,87,36,50,5,1,0,2,3,4,1,2,8,10,1,1,0,0,0,0,0,0,1,0,1,1,8,11,1,0,1,2,2,3,1,3,6,9,1445,8,99,-101,137,883,103,331,San Francisco,2022-07-28
2023,7,28,88,174,12,2,7,12,51,26,17,19,94,113,36,127,6,2,5,6,36,22,12,11,70,81,38,40,4,0,2,2,14,1,1,4,16,20,2,1,0,0,0,0,0,0,2,0,2,2,12,6,2,0,0,4,1,3,2,4,6,10,1563,8,121,-100,138,870,83,439,San Francisco,2023-07-28
2024,7,28,123,148,19,5,1,13,29,27,8,14,64,78,57,98,12,3,0,9,17,21,6,9,44,53,53,36,5,1,0,4,10,5,2,4,17,21,3,0,0,0,0,0,0,0,0,0,0,0,10,14,2,1,1,0,2,1,0,1,3,4,1336,7,100,-98,140,753,84,383,San Francisco,2024-07-28
2012,8,28,,,,,,,,,,,,,,,,,,,,,,,,,,,,,,,,,,,,,,,,,,,,,,,,,,,,,,,,,,,,,,,,,,,,,San Francisco,2012-08-28
2013,8,28,,,,,,,,,,,,,,,,,,,,,,,,,,,,,,,,,,,,,,,,,,,,,,,,,,,,,,,,,,,,,,,,,,,,,San Francisco,2013-08-28
2014,8,28,,,,,,,,,,,,,,,,,,,,,,,,,,,,,,,,,,,,,,,,,,,,,,,,,,,,,,,,,,,,,,,,,,,,,San Francisco,2014-08-28
2015,8,28,349,361,27,9,22,16,29,35,17,38,81,119,206,249,17,1,12,6,21,28,15,18,64,82,112,87,5,8,9,8,6,7,0,17,13,30,13,3,0,0,1,0,0,0,0,1,0,1,18,22,5,0,0,2,2,0,2,2,4,6,2483,31,149,-65,173,1664,124,529,San Francisco,2015-08-28
2016,8,28,254,250,19,12,13,12,31,17,13,25,61,86,143,165,11,3,6,4,17,15,8,10,40,50,92,70,7,8,6,8,11,1,3,14,15,29,1,2,0,0,0,0,1,0,0,0,1,1,18,13,1,1,1,0,2,1,2,1,5,6,2015,15,111,-70,168,1332,104,415,San Francisco,2016-08-28
2017,8,28,244,296,7,3,7,14,31,49,9,21,89,110,168,205,5,0,1,8,21,34,4,9,59,68,60,69,1,2,3,4,6,9,3,7,18,25,4,1,0,0,1,0,0,1,1,1,2,3,12,21,1,1,2,2,4,5,1,4,10,14,2070,20,125,-69,169,1356,125,350,San Francisco,2017-08-28
2018,8,28,172,360,22,6,9,12,34,35,6,21,75,96,94,264,17,3,5,10,21,28,2,15,51,66,66,75,4,3,2,1,10,3,3,3,16,19,3,3,0,0,0,0,0,0,0,0,0,0,9,18,1,0,2,1,3,4,1,3,8,11,2208,17,118,-68,170,1403,121,436,San Francisco,2018-08-28
2019,8,28,227,358,20,5,17,8,37,35,14,25,86,111,150,247,17,2,11,3,27,30,9,14,66,80,63,81,1,3,5,2,9,2,3,7,14,21,7,7,0,0,0,0,0,0,0,0,0,0,7,23,2,0,1,3,1,3,2,4,6,10,2560,28,147,-67,171,1717,122,423,San Francisco,2019-08-28
2020,8,28,138,215,17,11,6,5,48,38,14,11,100,111,67,138,11,4,4,2,32,34,10,6,76,82,63,63,4,7,2,2,15,2,4,4,21,25,2,3,0,0,0,0,0,0,0,0,0,0,6,11,2,0,0,1,1,2,0,1,3,4,1796,15,113,-65,173,1156,83,409,San Francisco,2020-08-28
2021,8,28,178,218,26,14,7,20,34,38,9,27,81,108,69,153,13,3,4,9,21,32,5,13,58,71,100,50,9,10,3,10,11,2,2,13,15,28,0,0,0,0,0,0,0,1,1,0,2,2,9,15,4,1,0,1,2,3,1,1,6,7,1738,10,120,-71,167,1001,115,451,San Francisco,2021-08-28
2022,8,28,100,187,22,10,8,12,32,26,14,20,72,92,53,114,11,0,3,6,22,22,9,9,53,62,41,64,10,8,4,4,9,2,5,8,16,24,0,0,0,0,0,0,0,0,0,0,0,0,6,9,1,2,1,2,1,2,0,3,3,6,1454,18,87,-70,168,827,71,380,San Francisco,2022-08-28
2023,8,28,98,194,15,5,4,10,32,30,18,14,80,94,58,138,12,1,3,9,20,21,12,12,53,65,38,46,2,4,1,1,11,3,4,2,18,20,0,1,0,0,0,0,0,1,0,0,1,1,2,9,1,0,0,0,1,5,2,0,8,8,1632,18,109,-69,169,916,97,421,San Francisco,2023-08-28
2024,8,28,127,213,20,3,5,11,37,35,5,16,77,93,84,157,17,3,3,8,20,30,3,11,53,64,38,43,3,0,0,2,15,2,1,2,18,20,3,3,0,0,0,0,0,1,1,0,2,2,2,10,0,0,2,1,2,2,0,3,4,7,1665,16,82,-67,171,924,111,444,San Francisco,2024-08-28
2012,9,28,,,,,,,,,,,,,,,,,,,,,,,,,,,,,,,,,,,,,,,,,,,,,,,,,,,,,,,,,,,,,,,,,,,,,San Francisco,2012-09-28
2013,9,28,,,,,,,,,,,,,,,,,,,,,,,,,,,,,,,,,,,,,,,,,,,,,,,,,,,,,,,,,,,,,,,,,,,,,San Francisco,2013-09-28
2014,9,28,,,,,,,,,,,,,,,,,,,,,,,,,,,,,,,,,,,,,,,,,,,,,,,,,,,,,,,,,,,,,,,,,,,,,San Francisco,2014-09-28
2015,9,28,220,264,25,11,15,13,39,42,22,28,103,131,118,167,16,4,8,9,24,30,12,17,66,83,86,80,6,6,5,3,11,8,6,8,25,33,8,0,0,0,0,0,0,0,1,0,1,1,8,17,3,1,2,1,4,4,3,3,11,14,2101,22,124,-34,204,1466,121,378,San Francisco,2015-09-28
2016,9,28,228,257,22,8,13,13,33,39,6,26,78,104,130,146,13,0,10,6,21,31,4,16,56,72,74,94,7,7,2,6,9,3,2,8,14,22,8,0,0,0,0,0,0,0,0,0,0,0,16,17,2,1,1,1,3,5,0,2,8,10,2269,31,153,-39,199,1454,182,433,San Francisco,2016-09-28
2017,9,28,297,324,20,1,12,14,37,40,15,26,92,118,164,211,14,0,4,8,24,29,7,12,60,72,100,86,3,1,5,4,12,5,6,9,23,32,15,2,0,0,0,0,0,0,1,0,1,1,18,25,3,0,3,2,1,6,1,5,8,13,2293,45,150,-38,200,1406,162,490,San Francisco,2017-09-28
2018,9,28,166,331,25,3,14,12,45,44,6,26,95,121,83,201,19,1,8,8,22,26,5,16,53,69,70,103,3,2,6,3,21,14,1,9,36,45,6,2,0,0,0,0,0,1,0,0,1,1,7,25,3,0,0,1,2,3,0,1,5,6,2325,21,173,-37,201,1411,152,473,San Francisco,2018-09-28
2019,9,28,196,260,22,8,11,7,37,50,13,18,100,118,76,165,12,0,6,6,19,40,10,12,69,81,112,75,6,8,5,1,13,7,2,6,22,28,4,3,0,0,0,0,1,0,0,0,1,1,4,17,4,0,0,0,4,3,1,0,8,8,2214,29,134,-36,202,1351,118,474,San Francisco,2019-09-28
2020,9,28,120,220,13,10,4,11,38,42,18,15,98,113,55,138,9,1,1,4,24,29,15,5,68,73,57,68,3,9,2,6,12,6,1,8,19,27,1,1,0,0,0,1,1,0,0,1,1,2,7,13,1,0,1,0,1,7,2,1,10,11,1767,30,103,-34,204,1116,115,376,San Francisco,2020-09-28
2021,9,28,100,204,14,12,5,10,44,38,11,15,93,108,49,132,6,0,4,5,28,25,8,9,61,70,42,57,7,11,1,5,14,10,2,6,26,32,4,1,0,0,0,0,0,0,0,0,0,0,5,14,1,1,0,0,2,3,1,0,6,6,1693,18,126,-40,198,1011,110,441,San Francisco,2021-09-28
2022,9,28,101,192,16,5,8,9,52,30,12,17,94,111,47,123,11,2,2,4,32,24,10,6,66,72,50,46,4,3,4,5,12,4,2,9,18,27,2,5,0,0,1,0,3,0,0,1,3,4,2,18,1,0,1,0,5,2,0,1,7,8,1380,29,99,-39,199,777,76,373,San Francisco,2022-09-28
2023,9,28,101,192,19,9,7,9,48,34,10,16,92,108,50,113,18,3,5,4,28,28,8,9,64,73,47,63,0,6,2,3,18,3,0,5,21,26,2,0,0,0,0,0,1,0,1,0,2,2,2,16,1,0,0,2,1,3,1,2,5,7,1745,20,124,-38,200,973,89,413,San Francisco,2023-09-28
2024,9,28,141,173,14,10,6,8,32,18,10,14,60,74,53,108,10,3,4,5,14,13,4,9,31,40,84,52,4,7,2,1,16,4,6,3,26,29,0,2,0,0,0,0,0,0,0,0,0,0,4,11,0,0,0,2,2,1,0,2,3,5,1483,15,86,-36,202,768,116,465,San Francisco,2024-09-28
2012,10,28,,,,,,,,,,,,,,,,,,,,,,,,,,,,,,,,,,,,,,,,,,,,,,,,,,,,,,,,,,,,,,,,,,,,,San Francisco,2012-10-28
2013,10,28,,,,,,,,,,,,,,,,,,,,,,,,,,,,,,,,,,,,,,,,,,,,,,,,,,,,,,,,,,,,,,,,,,,,,San Francisco,2013-10-28
2014,10,28,,,,,,,,,,,,,,,,,,,,,,,,,,,,,,,,,,,,,,,,,,,,,,,,,,,,,,,,,,,,,,,,,,,,,San Francisco,2014-10-28
2015,10,28,295,350,23,4,12,11,39,43,15,23,97,120,142,186,13,0,7,3,26,29,10,10,65,75,125,126,8,3,4,7,9,12,3,11,24,35,5,5,0,0,0,1,1,0,0,1,1,2,23,33,2,1,1,0,3,2,2,1,7,8,2343,29,177,-4,234,1596,130,422,San Francisco,2015-10-28
2016,10,28,262,288,24,10,7,10,28,34,6,17,68,85,113,170,17,1,1,6,16,25,3,7,44,51,134,92,6,7,4,4,10,9,2,8,21,29,4,2,0,0,0,0,1,0,1,0,2,2,11,24,1,2,2,0,1,0,0,2,1,3,2117,23,189,-9,229,1288,121,491,San Francisco,2016-10-28
2017,10,28,314,272,22,7,10,8,38,33,6,18,77,95,109,154,16,4,2,4,23,24,5,6,52,58,189,93,4,2,4,4,11,9,1,8,21,29,4,8,1,0,0,0,2,0,0,0,2,2,12,17,1,1,4,0,2,0,0,4,2,6,2357,30,194,-8,230,1463,123,507,San Francisco,2017-10-28
2018,10,28,200,281,21,15,11,16,39,38,5,27,82,109,68,147,8,1,2,4,22,24,5,6,51,57,120,112,10,13,7,12,14,11,0,19,25,44,4,6,0,0,0,0,0,0,0,0,0,0,8,16,3,1,2,0,3,3,0,2,6,8,2189,30,170,-7,231,1284,118,517,San Francisco,2018-10-28
2019,10,28,167,275,28,5,19,7,37,48,12,26,97,123,102,173,17,0,10,2,19,37,9,12,65,77,49,81,8,5,6,5,16,8,2,11,26,37,5,2,0,0,2,0,0,1,0,2,1,3,11,19,3,0,1,0,2,2,1,1,5,6,2093,35,170,-6,232,1265,119,449,San Francisco,2019-10-28
2020,10,28,126,215,9,10,3,11,51,45,18,14,114,128,46,123,6,4,2,7,32,30,13,9,75,84,67,70,2,6,1,4,17,8,2,5,27,32,5,6,0,0,0,0,0,1,1,0,2,2,8,16,1,0,0,0,2,6,2,0,10,10,1640,36,138,-4,234,1013,115,388,San Francisco,2020-10-28
2021,10,28,117,205,11,8,7,12,45,31,20,19,96,115,52,128,7,1,6,4,23,24,16,10,63,73,53,62,4,7,1,6,18,5,3,7,26,33,1,4,0,0,0,0,0,0,0,0,0,0,11,11,0,0,0,2,4,2,1,2,7,9,1648,27,123,-10,228,862,116,509,San Francisco,2021-10-28
2022,10,28,124,198,17,6,5,12,43,34,10,17,87,104,41,104,6,0,1,5,29,25,8,6,62,68,77,78,6,4,4,6,12,8,2,10,22,32,1,4,0,0,0,0,0,0,0,0,0,0,5,12,5,2,0,1,2,1,0,1,3,4,1708,26,142,-9,229,938,110,457,San Francisco,2022-10-28
2023,10,28,170,160,20,16,7,11,22,15,9,18,46,64,68,83,8,2,2,6,11,10,5,8,26,34,93,60,9,13,3,5,9,5,4,8,18,26,1,6,1,0,0,0,0,0,0,0,0,0,8,11,2,1,2,0,2,0,0,2,2,4,1476,20,108,-8,230,776,93,479,San Francisco,2023-10-28
2024,10,28,97,184,11,4,5,7,38,32,9,12,79,91,44,108,7,0,3,4,20,25,6,7,51,58,47,63,3,4,1,3,16,7,2,4,25,29,4,1,0,0,1,0,1,0,1,1,2,3,2,12,1,0,0,0,1,0,0,0,1,1,1634,37,116,-6,232,938,97,358,San Francisco,2024-10-28
2012,11,28,,,,,,,,,,,,,,,,,,,,,,,,,,,,,,,,,,,,,,,,,,,,,,,,,,,,,,,,,,,,,,,,,,,,,San Francisco,2012-11-28
2013,11,28,,,,,,,,,,,,,,,,,,,,,,,,,,,,,,,,,,,,,,,,,,,,,,,,,,,,,,,,,,,,,,,,,,,,,San Francisco,2013-11-28
2014,11,28,,,,,,,,,,,,,,,,,,,,,,,,,,,,,,,,,,,,,,,,,,,,,,,,,,,,,,,,,,,,,,,,,,,,,San Francisco,2014-11-28
2015,11,28,228,314,14,10,7,10,32,34,11,17,77,94,113,144,9,1,4,3,13,19,4,7,36,43,103,131,5,9,2,6,15,9,7,8,31,39,2,4,0,0,0,0,0,0,0,0,0,0,10,35,0,0,1,1,4,6,0,2,10,12,2217,19,216,27,265,1614,115,287,San Francisco,2015-11-28
2016,11,28,233,234,14,2,11,11,50,31,15,22,96,118,114,120,6,1,2,3,29,19,8,5,56,61,90,90,6,1,8,8,16,7,6,16,29,45,6,1,1,0,0,0,1,1,1,0,3,3,23,23,1,0,1,0,4,4,0,1,8,9,2154,34,228,22,260,1532,112,323,San Francisco,2016-11-28
2017,11,28,254,298,23,5,4,13,47,39,14,17,100,117,127,146,13,1,2,10,27,20,11,12,58,70,102,119,5,4,2,2,18,12,3,4,33,37,11,4,0,0,0,0,0,0,0,0,0,0,14,29,5,0,0,1,2,7,0,1,9,10,2276,42,244,23,261,1482,134,406,San Francisco,2017-11-28
2018,11,28,150,301,24,2,9,13,28,41,12,22,81,103,90,186,16,1,3,10,15,28,6,13,49,62,38,93,7,1,5,3,11,8,3,8,22,30,6,4,1,0,0,0,2,0,0,0,2,2,16,18,0,0,1,0,0,5,3,1,8,9,2219,40,191,24,262,1377,147,392,San Francisco,2018-11-28
2019,11,28,86,163,5,2,6,4,28,22,9,10,59,69,38,85,2,0,3,1,15,16,5,4,36,40,40,59,3,1,2,1,11,5,2,3,18,21,7,5,0,0,0,0,1,0,2,0,3,3,1,14,0,1,1,2,1,1,0,3,2,5,1322,37,79,25,263,898,72,193,San Francisco,2019-11-28
2020,11,28,108,154,6,12,4,8,40,25,6,12,71,83,42,76,2,4,0,2,17,20,3,2,40,42,53,62,3,7,3,6,20,4,2,9,26,35,1,2,0,0,0,0,0,0,0,0,0,0,12,14,1,1,1,0,3,1,1,1,5,6,1355,19,115,27,265,876,91,261,San Francisco,2020-11-28
2021,11,28,83,135,16,17,8,9,46,47,14,17,107,124,27,64,6,2,0,4,25,29,9,4,63,67,52,55,8,15,8,5,18,15,5,13,38,51,0,2,0,0,0,0,2,0,0,0,2,2,4,14,2,0,0,0,1,3,0,0,4,4,1404,10,137,21,259,848,69,346,San Francisco,2021-11-28
2022,11,28,111,151,10,4,5,10,40,34,13,15,87,102,48,82,8,3,2,5,16,22,7,7,45,52,44,52,2,1,1,4,19,8,4,5,31,36,4,4,0,0,0,0,2,0,1,0,3,3,15,13,0,0,2,1,3,4,1,3,8,11,1313,25,126,22,260,848,78,224,San Francisco,2022-11-28
2023,11,28,108,160,8,5,4,9,32,32,13,13,77,90,57,84,6,1,2,5,19,17,7,7,43,50,47,59,1,4,1,4,13,12,4,5,29,34,1,1,0,0,1,0,0,0,1,1,1,2,3,16,1,0,0,0,0,3,1,0,4,4,1611,23,136,23,261,945,89,335,San Francisco,2023-11-28
2024,11,28,97,164,5,11,2,9,19,8,11,11,38,49,39,84,2,0,0,1,10,5,5,1,20,21,50,66,3,10,2,7,9,2,5,9,16,25,2,3,0,0,0,0,0,0,0,0,0,0,6,11,0,1,0,1,0,1,1,1,2,3,1141,19,70,25,263,629,72,298,San Francisco,2024-11-28
2012,12,28,,,,,,,,,,,,,,,,,,,,,,,,,,,,,,,,,,,,,,,,,,,,,,,,,,,,,,,,,,,,,,,,,,,,,San Francisco,2012-12-28
2013,12,28,,,,,,,,,,,,,,,,,,,,,,,,,,,,,,,,,,,,,,,,,,,,,,,,,,,,,,,,,,,,,,,,,,,,,San Francisco,2013-12-28
2014,12,28,,,,,,,,,,,,,,,,,,,,,,,,,,,,,,,,,,,,,,,,,,,,,,,,,,,,,,,,,,,,,,,,,,,,,San Francisco,2014-12-28
2015,12,28,208,320,17,1,16,9,29,38,17,25,84,109,123,159,13,0,9,2,17,18,12,11,47,58,62,115,4,1,5,7,3,12,5,12,20,32,5,8,0,0,0,0,3,0,0,0,3,3,18,38,0,0,2,0,6,8,0,2,14,16,1956,37,200,57,295,1419,130,297,San Francisco,2015-12-28
2016,12,28,247,305,17,6,14,10,29,34,14,24,77,101,127,143,10,1,6,3,19,18,8,9,45,54,95,115,4,4,6,6,9,14,5,12,28,40,7,2,1,0,0,0,0,0,0,0,0,0,18,45,2,1,2,1,1,2,1,3,4,7,2431,58,254,52,290,1752,135,310,San Francisco,2016-12-28
2017,12,28,231,305,16,5,9,15,40,34,3,24,77,101,127,178,7,1,2,3,23,22,1,5,46,51,78,102,6,4,7,12,12,7,2,19,21,40,9,3,1,0,0,0,1,0,0,0,1,1,17,22,2,0,0,0,4,5,0,0,9,9,2198,42,238,53,291,1447,131,354,San Francisco,2017-12-28
2018,12,28,143,256,27,8,11,8,31,43,10,19,84,103,77,121,16,2,3,4,15,25,4,7,44,51,48,109,7,6,6,3,13,9,5,9,27,36,10,5,0,0,0,0,0,2,1,0,3,3,8,21,4,0,2,1,3,7,0,3,10,13,1873,42,186,54,292,1154,112,336,San Francisco,2018-12-28
2019,12,28,184,213,14,8,11,7,36,29,9,18,74,92,92,96,5,1,7,5,17,19,7,12,43,55,72,102,7,7,2,2,17,5,1,4,23,27,6,3,0,0,0,0,1,0,0,0,1,1,14,12,2,0,2,0,1,5,1,2,7,9,1763,26,168,55,293,1169,119,312,San Francisco,2019-12-28
2020,12,28,90,185,17,19,8,2,67,39,23,10,129,139,42,112,13,1,6,0,44,25,19,6,88,94,38,63,1,17,2,0,20,10,4,2,34,36,4,1,0,0,0,0,2,0,0,0,2,2,6,9,3,1,0,2,1,4,0,2,5,7,1469,23,110,57,295,963,84,291,San Francisco,2020-12-28
2021,12,28,81,186,7,8,7,10,41,27,13,17,81,98,32,110,4,2,1,5,25,16,7,6,48,54,43,56,1,6,5,4,13,8,6,9,27,36,1,6,0,0,0,0,1,0,0,0,1,1,5,14,2,0,1,1,2,3,0,2,5,7,1351,22,95,51,289,802,85,279,San Francisco,2021-12-28
2022,12,28,81,156,17,6,5,5,42,26,17,10,85,95,35,77,6,2,3,2,26,18,13,5,57,62,44,64,7,3,2,3,14,7,3,5,24,29,1,3,0,0,0,0,0,0,0,0,0,0,1,12,4,1,0,0,2,1,1,0,4,4,1250,21,119,52,290,741,79,316,San Francisco,2022-12-28
2023,12,28,80,158,14,6,8,11,27,26,12,19,65,84,44,76,6,1,4,0,16,16,8,4,40,44,29,64,5,5,2,8,10,7,3,10,20,30,2,0,0,0,0,1,0,1,0,1,1,2,5,18,3,0,2,2,1,2,1,4,4,8,1422,29,122,53,291,824,96,339,San Francisco,2023-12-28
2024,12,28,85,191,22,6,1,7,36,29,13,8,78,86,36,94,13,2,1,2,15,19,6,3,40,43,46,76,9,3,0,5,18,9,4,5,31,36,3,3,0,0,0,0,0,1,0,0,1,1,0,18,0,1,0,0,3,0,3,0,6,6,1337,21,101,55,293,771,89,325,San Francisco,2024-12-28
2012,1,29,,,,,,,,,,,,,,,,,,,,,,,,,,,,,,,,,,,,,,,,,,,,,,,,,,,,,,,,,,,,,,,,,,,,,San Francisco,2012-01-29
2013,1,29,,,,,,,,,,,,,,,,,,,,,,,,,,,,,,,,,,,,,,,,,,,,,,,,,,,,,,,,,,,,,,,,,,,,,San Francisco,2013-01-29
2014,1,29,,,,,,,,,,,,,,,,,,,,,,,,,,,,,,,,,,,,,,,,,,,,,,,,,,,,,,,,,,,,,,,,,,,,,San Francisco,2014-01-29
2015,1,29,210,320,19,8,5,12,32,27,21,17,80,97,99,153,13,2,1,8,16,17,13,9,46,55,92,140,3,5,3,3,13,6,5,6,24,30,12,4,0,0,0,0,2,0,0,0,2,2,7,23,3,1,1,1,1,4,3,2,8,10,2043,46,176,-276,-38,1444,119,343,San Francisco,2015-01-29
2016,1,29,236,283,26,5,5,11,20,31,10,16,61,77,115,130,13,0,0,2,12,17,8,2,37,39,104,126,12,5,4,7,7,11,2,11,20,31,10,2,0,0,0,0,0,0,0,0,0,0,7,25,1,0,1,2,1,3,0,3,4,7,1964,26,133,-282,-44,1314,111,392,San Francisco,2016-01-29
2017,1,29,217,254,19,25,12,16,32,20,16,28,68,96,99,139,6,3,4,5,19,14,8,9,41,50,101,98,8,21,8,11,10,6,6,19,22,41,5,4,0,0,0,0,0,0,1,0,1,1,12,13,5,1,0,0,3,0,1,0,4,4,1869,26,147,-280,-42,1157,115,417,San Francisco,2017-01-29
2018,1,29,236,295,11,6,8,11,55,49,9,19,113,132,133,152,7,1,3,7,34,34,3,10,71,81,88,118,3,5,4,3,19,12,3,7,34,41,5,2,0,0,0,0,0,0,0,0,0,0,10,23,1,0,1,1,2,3,3,2,8,10,2320,34,220,-279,-41,1599,125,386,San Francisco,2018-01-29
2019,1,29,158,304,19,3,9,17,34,39,13,26,86,112,84,171,8,1,5,7,20,27,10,12,57,69,65,108,6,2,4,8,12,6,1,12,19,31,2,4,0,0,0,0,1,4,1,0,6,6,7,21,5,0,0,2,1,2,1,2,4,6,2304,45,241,-278,-40,1410,138,472,San Francisco,2019-01-29
2020,1,29,179,265,15,4,9,10,47,51,14,19,112,131,98,146,7,0,4,6,23,33,9,10,65,75,72,98,7,1,2,4,19,11,4,6,34,40,4,5,0,0,0,0,2,1,0,0,3,3,5,16,1,3,3,0,3,6,1,3,10,13,2266,39,211,-277,-39,1411,134,429,San Francisco,2020-01-29
2021,1,29,119,218,18,9,2,6,42,31,11,8,84,92,50,126,11,1,1,2,27,17,8,3,52,55,58,78,3,7,1,3,13,8,2,4,23,27,2,2,1,0,0,0,0,0,0,0,0,0,9,12,3,1,0,1,2,6,1,1,9,10,1565,15,128,-282,-44,1022,89,297,San Francisco,2021-01-29
2022,1,29,127,189,15,6,2,9,35,18,9,11,62,73,27,124,9,2,2,4,21,10,5,6,36,42,92,51,6,4,0,4,11,7,3,4,21,25,3,3,0,0,0,0,1,0,1,0,2,2,5,11,0,0,0,1,2,1,0,1,3,4,1560,24,117,-281,-43,883,94,381,San Francisco,2022-01-29
2023,1,29,79,139,12,9,6,8,40,22,13,14,75,89,33,59,9,2,4,4,21,13,7,8,41,49,39,67,2,4,1,4,19,6,5,5,30,35,1,4,0,0,0,0,0,0,0,0,0,0,6,9,1,3,1,0,0,3,1,1,4,5,1397,16,114,-280,-42,794,71,362,San Francisco,2023-01-29
2024,1,29,78,210,8,10,1,9,31,37,12,10,80,90,33,106,5,2,0,4,21,21,7,4,49,53,39,81,2,8,1,3,9,14,5,4,28,32,1,3,1,0,0,0,0,0,0,0,0,0,5,20,0,0,0,2,1,2,0,2,3,5,1615,23,126,-279,-41,966,114,333,San Francisco,2024-01-29
2012,2,29,,,,,,,,,,,,,,,,,,,,,,,,,,,,,,,,,,,,,,,,,,,,,,,,,,,,,,,,,,,,,,,,,,,,,San Francisco,2012-02-29
2016,2,29,317,310,19,8,5,10,46,33,13,15,92,107,195,185,14,1,2,3,27,21,9,5,57,62,98,100,5,7,3,5,12,9,4,8,25,33,11,1,0,0,0,0,0,0,0,0,0,0,13,24,0,0,0,2,7,3,0,2,10,12,2034,20,152,-251,-13,1330,137,404,San Francisco,2016-02-29
2020,2,29,154,219,16,4,12,12,40,46,5,24,91,115,63,130,9,1,8,4,18,35,4,12,57,69,79,75,5,2,2,7,19,7,1,9,27,36,5,2,0,0,0,0,0,0,0,0,0,0,7,12,2,1,2,1,3,4,0,3,7,10,1978,22,147,-246,-8,1188,113,478,San Francisco,2020-02-29
2024,2,29,106,206,19,1,4,8,28,32,9,12,69,81,69,126,13,0,1,6,22,23,7,7,52,59,34,66,4,1,1,2,6,7,1,3,14,17,0,0,0,0,0,0,0,0,0,0,0,0,3,14,2,0,2,0,0,2,1,2,3,5,1623,25,122,-248,-10,976,91,381,San Francisco,2024-02-29
2012,3,29,,,,,,,,,,,,,,,,,,,,,,,,,,,,,,,,,,,,,,,,,,,,,,,,,,,,,,,,,,,,,,,,,,,,,San Francisco,2012-03-29
2013,3,29,,,,,,,,,,,,,,,,,,,,,,,,,,,,,,,,,,,,,,,,,,,,,,,,,,,,,,,,,,,,,,,,,,,,,San Francisco,2013-03-29
2014,3,29,,,,,,,,,,,,,,,,,,,,,,,,,,,,,,,,,,,,,,,,,,,,,,,,,,,,,,,,,,,,,,,,,,,,,San Francisco,2014-03-29
2015,3,29,237,316,20,10,7,8,25,41,11,15,77,92,124,194,16,0,0,4,19,34,7,4,60,64,102,105,4,10,7,4,5,4,3,11,12,23,3,5,0,0,0,0,0,0,0,0,0,0,8,12,0,0,0,0,1,3,1,0,5,5,2062,17,97,-217,21,1357,120,413,San Francisco,2015-03-29
2016,3,29,239,309,17,5,10,9,33,43,13,19,89,108,135,182,16,1,5,6,24,34,9,11,67,78,86,94,1,4,5,1,8,7,2,6,17,23,2,5,0,0,0,0,0,0,0,0,0,0,16,28,0,0,0,2,1,2,2,2,5,7,2179,23,136,-222,16,1495,138,364,San Francisco,2016-03-29
2017,3,29,266,341,18,4,10,20,35,36,4,30,75,105,171,223,13,1,5,15,25,32,2,20,59,79,77,100,3,3,2,3,6,3,2,5,11,16,8,4,0,0,0,0,0,0,0,0,0,0,10,14,2,0,3,2,4,1,0,5,5,10,2374,44,126,-221,17,1604,117,396,San Francisco,2017-03-29
2018,3,29,254,297,24,4,5,16,38,22,5,21,65,86,144,199,19,1,2,8,22,18,3,10,43,53,91,76,3,3,2,4,15,2,1,6,18,24,8,6,0,0,0,0,1,0,0,0,1,1,11,16,2,0,1,4,0,2,1,5,3,8,2082,23,135,-220,18,1323,123,409,San Francisco,2018-03-29
2019,3,29,209,289,19,4,9,15,37,36,3,24,76,100,146,184,14,2,5,10,27,26,3,15,56,71,50,90,5,2,3,4,8,6,0,7,14,21,5,4,0,0,0,0,1,0,0,0,1,1,8,11,0,0,1,1,1,4,0,2,5,7,2305,33,135,-219,19,1363,119,477,San Francisco,2019-03-29
2020,3,29,141,187,5,6,9,13,41,30,8,22,79,101,62,126,4,1,4,3,30,26,6,7,62,69,71,49,0,5,4,10,8,2,1,14,11,25,0,0,0,0,0,0,0,0,0,0,0,0,8,12,1,0,1,0,3,2,1,1,6,7,1634,9,111,-217,21,1034,90,311,San Francisco,2020-03-29
2021,3,29,105,215,15,10,2,7,40,41,14,9,95,104,49,148,11,2,0,4,30,37,11,4,78,82,42,51,4,7,2,1,10,2,3,3,15,18,1,2,0,0,0,1,0,0,0,1,0,1,13,14,0,1,0,1,0,2,0,1,2,3,1719,22,95,-223,15,1160,79,337,San Francisco,2021-03-29
2022,3,29,98,169,10,5,6,9,38,31,11,15,80,95,53,109,4,2,2,5,24,22,8,7,54,61,40,43,5,3,2,3,12,5,2,5,19,24,1,4,0,0,0,1,0,0,0,1,0,1,4,13,1,0,2,0,2,4,1,2,7,9,1530,21,83,-222,16,954,116,304,San Francisco,2022-03-29
2023,3,29,75,168,12,12,2,2,41,26,13,4,80,84,37,107,11,2,2,1,28,21,7,3,56,59,33,45,1,9,0,0,12,3,3,0,18,18,2,3,0,0,0,0,0,1,0,0,1,1,3,13,0,1,0,1,1,1,3,1,5,6,1391,16,106,-221,17,854,83,303,San Francisco,2023-03-29
2024,3,29,71,154,16,3,0,5,32,34,14,5,80,85,41,90,8,0,0,4,24,26,10,4,60,64,28,44,5,3,0,1,7,5,4,1,16,17,0,1,0,0,0,0,1,0,0,0,1,1,2,19,3,0,0,0,0,3,0,0,3,3,1515,24,111,-219,19,895,76,369,San Francisco,2024-03-29
2012,4,29,,,,,,,,,,,,,,,,,,,,,,,,,,,,,,,,,,,,,,,,,,,,,,,,,,,,,,,,,,,,,,,,,,,,,San Francisco,2012-04-29
2013,4,29,,,,,,,,,,,,,,,,,,,,,,,,,,,,,,,,,,,,,,,,,,,,,,,,,,,,,,,,,,,,,,,,,,,,,San Francisco,2013-04-29
2014,4,29,,,,,,,,,,,,,,,,,,,,,,,,,,,,,,,,,,,,,,,,,,,,,,,,,,,,,,,,,,,,,,,,,,,,,San Francisco,2014-04-29
2015,4,29,246,348,24,3,11,8,31,29,24,19,84,103,164,227,20,1,4,6,19,22,16,10,57,67,58,88,4,2,6,1,10,5,7,7,22,29,7,3,0,0,0,0,0,0,0,0,0,0,17,30,0,0,1,1,2,2,1,2,5,7,2264,21,150,-186,52,1648,114,338,San Francisco,2015-04-29
2016,4,29,241,298,24,9,8,14,22,40,7,22,69,91,154,210,19,3,2,8,15,29,6,10,50,60,68,72,2,4,4,5,3,8,0,9,11,20,5,2,0,0,0,0,0,1,0,0,1,1,14,14,3,2,2,1,4,2,1,3,7,10,2167,16,133,-191,47,1469,130,408,San Francisco,2016-04-29
2017,4,29,256,263,20,7,10,15,33,26,9,25,68,93,135,171,15,2,6,10,21,22,8,16,51,67,94,76,4,3,3,3,9,1,0,6,10,16,4,0,0,0,1,1,1,0,0,2,1,3,23,16,1,2,0,1,2,3,1,1,6,7,2135,14,141,-190,48,1369,137,434,San Francisco,2017-04-29
2018,4,29,267,243,19,4,6,8,33,19,8,14,60,74,148,157,13,0,6,3,18,14,7,9,39,48,98,66,6,3,0,4,11,3,1,4,15,19,4,1,0,0,0,0,1,0,0,0,1,1,17,19,0,1,0,1,3,2,0,1,5,6,1958,15,147,-189,49,1202,130,448,San Francisco,2018-04-29
2019,4,29,178,302,12,3,11,16,35,46,12,27,93,120,139,200,10,0,7,13,26,39,10,20,75,95,26,79,1,3,2,1,6,4,1,3,11,14,0,5,0,0,0,0,1,0,0,0,1,1,13,18,1,0,2,2,2,3,1,4,6,10,2348,20,151,-188,50,1486,126,428,San Francisco,2019-04-29
2020,4,29,144,245,13,15,6,4,43,25,11,10,79,89,87,185,12,6,4,2,25,24,8,6,57,63,43,43,1,9,2,2,15,1,3,4,19,23,3,2,0,0,0,0,0,0,0,0,0,0,11,15,0,0,0,0,3,0,0,0,3,3,2167,8,126,-186,52,1337,118,289,San Francisco,2020-04-29
2021,4,29,116,198,10,9,4,7,39,42,13,11,94,105,56,123,7,4,3,6,28,41,9,9,78,87,50,50,2,3,1,1,9,0,4,2,13,15,2,6,0,0,0,0,1,0,0,0,1,1,8,19,1,2,0,0,1,1,0,0,2,2,1541,14,101,-192,46,957,99,355,San Francisco,2021-04-29
2022,4,29,107,184,23,10,6,13,45,29,16,19,90,109,53,128,18,3,4,8,25,24,12,12,61,73,46,39,4,6,1,4,18,5,2,5,25,30,1,1,0,0,0,0,0,0,0,0,0,0,7,16,1,1,1,1,2,0,2,2,4,6,1479,9,111,-191,47,839,103,404,San Francisco,2022-04-29
2023,4,29,131,145,9,9,2,9,29,16,5,11,50,61,62,102,6,1,2,5,19,9,5,7,33,40,60,29,3,8,0,2,5,1,0,2,6,8,0,1,0,0,0,0,1,0,0,0,1,1,9,13,0,0,0,2,4,6,0,2,10,12,1560,6,120,-190,48,860,98,398,San Francisco,2023-04-29
2024,4,29,78,184,15,6,7,6,26,26,8,13,60,73,45,123,12,0,5,3,17,22,6,8,45,53,29,37,2,4,2,3,9,3,1,5,13,18,0,2,0,0,0,0,0,0,0,0,0,0,4,22,1,2,0,0,0,1,1,0,2,2,1561,6,112,-188,50,867,97,356,San Francisco,2024-04-29
2012,5,29,,,,,,,,,,,,,,,,,,,,,,,,,,,,,,,,,,,,,,,,,,,,,,,,,,,,,,,,,,,,,,,,,,,,,San Francisco,2012-05-29
2013,5,29,,,,,,,,,,,,,,,,,,,,,,,,,,,,,,,,,,,,,,,,,,,,,,,,,,,,,,,,,,,,,,,,,,,,,San Francisco,2013-05-29
2014,5,29,,,,,,,,,,,,,,,,,,,,,,,,,,,,,,,,,,,,,,,,,,,,,,,,,,,,,,,,,,,,,,,,,,,,,San Francisco,2014-05-29
2015,5,29,238,331,18,7,11,8,35,32,16,19,83,102,168,239,12,1,9,5,27,26,14,14,67,81,54,73,6,6,2,2,7,1,0,4,8,12,2,1,0,0,0,0,1,1,0,0,2,2,14,18,0,0,0,1,0,4,2,1,6,7,2287,13,151,-156,82,1625,112,351,San Francisco,2015-05-29
2016,5,29,236,298,32,10,11,14,24,38,4,25,66,91,135,198,19,2,3,11,14,29,4,14,47,61,82,70,10,5,7,2,10,6,0,9,16,25,2,0,0,0,0,0,0,0,0,0,0,0,17,30,3,3,1,1,0,3,0,2,3,5,2172,12,173,-161,77,1469,116,372,San Francisco,2016-05-29
2017,5,29,231,293,21,11,3,13,48,30,5,16,83,99,170,195,11,1,1,9,25,24,4,10,53,63,50,75,6,5,2,2,18,5,0,4,23,27,2,2,1,0,0,0,1,0,0,0,1,1,9,21,3,5,0,2,4,1,1,2,6,8,2187,12,126,-160,78,1556,123,294,San Francisco,2017-05-29
2018,5,29,136,330,27,1,9,22,44,39,8,31,91,122,82,240,19,1,6,15,34,37,8,21,79,100,39,70,3,0,1,4,7,0,0,5,7,12,4,1,0,0,0,0,1,0,0,0,1,1,11,19,5,0,2,3,2,2,0,5,4,9,2250,13,168,-159,79,1487,116,415,San Francisco,2018-05-29
2019,5,29,205,341,16,6,9,11,35,30,10,20,75,95,158,254,16,1,7,7,29,24,8,14,61,75,35,67,0,4,2,2,5,6,1,4,12,16,4,1,0,0,0,0,0,0,0,0,0,0,8,19,0,1,0,2,1,0,1,2,2,4,2295,12,138,-158,80,1467,127,444,San Francisco,2019-05-29
2020,5,29,177,225,13,4,6,11,46,33,12,17,91,108,105,174,12,3,4,9,28,29,10,13,67,80,60,33,1,0,2,0,16,3,1,2,20,22,1,2,0,0,0,0,0,0,0,0,0,0,11,16,0,1,0,2,2,1,1,2,4,6,2067,16,160,-156,82,1318,121,375,San Francisco,2020-05-29
2021,5,29,122,149,17,14,7,11,36,30,8,18,74,92,59,106,11,1,5,5,25,25,6,10,56,66,47,31,6,9,2,6,8,3,1,8,12,20,0,0,0,0,0,0,3,0,0,0,3,3,16,12,0,4,0,0,0,2,1,0,3,3,1592,10,121,-162,76,1010,77,332,San Francisco,2021-05-29
2022,5,29,116,138,18,9,1,19,36,27,12,20,75,95,58,96,9,4,1,13,24,21,10,14,55,69,44,30,4,4,0,5,6,3,1,5,10,15,1,2,0,1,0,0,2,0,0,0,2,2,13,10,5,0,0,1,4,3,1,1,8,9,1368,11,122,-161,77,767,85,377,San Francisco,2022-05-29
2023,5,29,91,171,9,9,6,9,42,20,18,15,80,95,40,120,6,1,2,9,28,19,14,11,61,72,36,37,2,5,3,0,8,1,2,3,11,14,2,0,0,0,0,0,0,0,0,0,0,0,13,14,1,3,1,0,6,0,2,1,8,9,1520,8,139,-160,78,898,87,332,San Francisco,2023-05-29
2024,5,29,95,211,14,7,8,17,39,29,12,25,80,105,67,140,14,3,5,11,26,27,11,16,64,80,19,52,0,2,2,4,10,1,1,6,12,18,0,2,0,0,0,0,1,0,0,0,1,1,9,17,0,2,1,2,2,1,0,3,3,6,1631,10,125,-158,80,971,87,424,San Francisco,2024-05-29
2012,6,29,,,,,,,,,,,,,,,,,,,,,,,,,,,,,,,,,,,,,,,,,,,,,,,,,,,,,,,,,,,,,,,,,,,,,San Francisco,2012-06-29
2013,6,29,,,,,,,,,,,,,,,,,,,,,,,,,,,,,,,,,,,,,,,,,,,,,,,,,,,,,,,,,,,,,,,,,,,,,San Francisco,2013-06-29
2014,6,29,,,,,,,,,,,,,,,,,,,,,,,,,,,,,,,,,,,,,,,,,,,,,,,,,,,,,,,,,,,,,,,,,,,,,San Francisco,2014-06-29
2015,6,29,243,251,35,28,12,11,37,39,33,23,109,132,153,174,34,8,6,7,31,28,29,13,88,101,71,55,0,18,5,2,3,4,4,7,11,18,2,1,0,0,0,0,0,0,0,0,0,0,17,21,1,2,1,2,3,7,0,3,10,13,1977,10,148,-125,113,1317,137,405,San Francisco,2015-06-29
2016,6,29,259,301,25,13,12,12,29,38,8,24,75,99,192,212,22,1,7,7,22,34,5,14,61,75,43,62,1,5,2,4,5,4,1,6,10,16,5,1,1,0,0,0,0,0,0,0,0,0,19,26,1,7,3,1,2,0,2,4,4,8,2274,11,209,-130,108,1565,159,371,San Francisco,2016-06-29
2017,6,29,227,249,14,18,10,10,30,32,13,20,75,95,168,189,12,3,7,8,23,27,8,15,58,73,39,41,1,11,1,1,4,2,4,2,10,12,5,1,0,0,0,0,0,2,0,0,2,2,15,18,1,4,2,1,3,1,1,3,5,8,2119,14,159,-129,109,1399,135,400,San Francisco,2017-06-29
2018,6,29,130,278,25,13,6,12,40,41,13,18,94,112,73,203,23,5,4,8,27,31,9,12,67,79,35,52,1,7,1,4,6,5,3,5,14,19,1,1,0,0,0,0,0,0,0,0,0,0,21,22,1,1,1,0,7,5,1,1,13,14,1935,10,172,-128,110,1153,127,426,San Francisco,2018-06-29
2019,6,29,202,257,27,17,7,14,26,33,7,21,66,87,100,195,19,4,4,9,19,26,5,13,50,63,70,35,6,9,2,5,3,6,1,7,10,17,5,2,0,0,0,0,0,0,0,0,0,0,27,25,2,4,1,0,4,1,1,1,6,7,2322,18,205,-127,111,1442,118,467,San Francisco,2019-06-29
2020,6,29,134,192,8,8,6,13,52,48,21,19,121,140,64,149,6,4,6,9,29,40,20,15,89,104,44,33,2,4,0,2,16,5,0,2,21,23,1,2,0,0,0,0,2,0,0,0,2,2,25,8,0,0,0,2,5,3,1,2,9,11,1564,8,117,-125,113,947,104,344,San Francisco,2020-06-29
2021,6,29,104,225,8,13,11,6,46,40,11,17,97,114,64,169,8,3,7,4,34,32,9,11,75,86,23,42,0,5,3,0,9,5,1,3,15,18,0,2,0,0,0,0,1,1,0,0,2,2,17,12,0,5,1,2,2,2,1,3,5,8,1639,16,152,-131,107,1036,122,357,San Francisco,2021-06-29
2022,6,29,95,209,11,8,7,7,44,31,14,14,89,103,60,153,8,1,5,7,33,29,11,12,73,85,25,38,2,2,1,0,7,1,2,1,10,11,2,2,0,0,0,0,1,0,0,0,1,1,8,16,1,5,1,0,3,1,1,1,5,6,1311,7,95,-130,108,777,93,332,San Francisco,2022-06-29
2023,6,29,99,213,16,4,5,11,43,31,16,16,90,106,60,160,12,2,4,8,35,26,13,12,74,86,28,32,1,2,1,2,5,1,3,3,9,12,1,3,0,0,0,0,0,0,0,0,0,0,10,18,3,0,0,1,3,4,0,1,7,8,1601,19,136,-129,109,893,98,413,San Francisco,2023-06-29
2024,6,29,119,154,16,7,6,13,41,25,12,19,78,97,56,96,10,1,2,10,30,21,7,12,58,70,41,41,5,4,3,3,9,2,4,6,15,21,1,2,0,0,0,0,1,0,0,0,1,1,21,15,1,2,1,0,1,2,1,1,4,5,1495,14,144,-127,111,864,87,407,San Francisco,2024-06-29
2012,7,29,,,,,,,,,,,,,,,,,,,,,,,,,,,,,,,,,,,,,,,,,,,,,,,,,,,,,,,,,,,,,,,,,,,,,San Francisco,2012-07-29
2013,7,29,,,,,,,,,,,,,,,,,,,,,,,,,,,,,,,,,,,,,,,,,,,,,,,,,,,,,,,,,,,,,,,,,,,,,San Francisco,2013-07-29
2014,7,29,,,,,,,,,,,,,,,,,,,,,,,,,,,,,,,,,,,,,,,,,,,,,,,,,,,,,,,,,,,,,,,,,,,,,San Francisco,2014-07-29
2015,7,29,242,317,36,13,10,10,31,31,14,20,76,96,150,241,27,3,6,6,19,24,10,12,53,65,61,55,5,8,4,4,10,2,2,8,14,22,10,0,0,0,0,0,0,0,0,0,0,0,21,21,4,2,0,0,2,5,2,0,9,9,2230,18,161,-95,143,1550,129,342,San Francisco,2015-07-29
2016,7,29,233,254,23,16,9,8,41,31,18,17,90,107,150,174,19,2,5,6,30,21,13,11,64,75,63,51,4,9,2,1,6,7,3,3,16,19,5,5,0,0,0,0,0,0,0,0,0,0,15,24,0,5,2,1,5,3,2,3,10,13,1889,17,173,-100,138,1170,144,392,San Francisco,2016-07-29
2017,7,29,252,265,10,4,10,20,36,31,10,30,77,107,139,179,6,1,6,13,23,26,7,19,56,75,90,65,1,3,2,7,12,4,3,9,19,28,2,3,0,0,0,0,0,0,0,0,0,0,21,18,3,0,2,0,1,1,0,2,2,4,2227,13,167,-99,139,1370,142,423,San Francisco,2017-07-29
2018,7,29,126,253,9,4,15,23,36,31,7,38,74,112,67,180,4,2,7,11,27,25,5,18,57,75,49,51,4,2,6,7,7,3,1,13,11,24,1,1,1,0,0,1,0,1,0,1,1,2,9,21,0,0,2,4,2,2,1,6,5,11,1739,11,115,-98,140,999,112,373,San Francisco,2018-07-29
2019,7,29,181,280,19,4,13,13,25,49,17,26,91,117,122,191,14,0,9,10,19,44,15,19,78,97,36,63,2,1,3,2,4,2,0,5,6,11,0,4,0,0,0,0,0,0,0,0,0,0,23,22,3,3,1,1,2,3,2,2,7,9,2128,8,167,-97,141,1336,136,401,San Francisco,2019-07-29
2020,7,29,153,228,10,7,3,15,51,35,17,18,103,121,97,157,9,1,2,12,33,31,16,14,80,94,43,54,1,5,1,2,12,1,1,3,14,17,3,0,0,0,0,0,1,0,0,0,1,1,10,17,0,1,0,1,5,3,0,1,8,9,1835,10,123,-95,143,1197,93,377,San Francisco,2020-07-29
2021,7,29,123,213,11,5,2,10,43,26,10,12,79,91,73,159,7,1,1,8,27,21,9,9,57,66,39,34,0,2,1,2,15,2,1,3,18,21,0,1,0,0,0,0,0,0,0,0,0,0,11,19,4,2,0,0,1,3,0,0,4,4,1528,6,105,-101,137,913,88,394,San Francisco,2021-07-29
2022,7,29,79,200,13,11,4,8,45,25,9,12,79,91,42,152,7,4,4,6,34,23,7,10,64,74,28,29,3,3,0,2,6,2,1,2,9,11,0,2,1,0,0,0,0,0,0,0,0,0,9,17,2,4,0,0,5,0,1,0,6,6,1353,8,93,-100,138,792,109,343,San Francisco,2022-07-29
2023,7,29,119,174,20,17,10,5,40,28,14,15,82,97,60,135,11,0,1,2,27,19,9,3,55,58,48,26,5,16,7,2,8,4,3,9,15,24,0,1,0,0,0,0,0,1,0,0,1,1,11,12,4,1,2,1,5,4,2,3,11,14,1431,7,110,-99,139,791,91,423,San Francisco,2023-07-29
2024,7,29,78,170,10,7,4,10,46,39,16,14,101,115,46,119,8,0,3,7,37,31,14,10,82,92,25,41,1,7,1,3,8,3,1,4,12,16,0,2,0,0,0,0,0,0,1,0,1,1,7,8,1,0,0,0,1,5,0,0,6,6,1399,11,92,-97,141,806,93,376,San Francisco,2024-07-29
2012,8,29,,,,,,,,,,,,,,,,,,,,,,,,,,,,,,,,,,,,,,,,,,,,,,,,,,,,,,,,,,,,,,,,,,,,,San Francisco,2012-08-29
2013,8,29,,,,,,,,,,,,,,,,,,,,,,,,,,,,,,,,,,,,,,,,,,,,,,,,,,,,,,,,,,,,,,,,,,,,,San Francisco,2013-08-29
2014,8,29,,,,,,,,,,,,,,,,,,,,,,,,,,,,,,,,,,,,,,,,,,,,,,,,,,,,,,,,,,,,,,,,,,,,,San Francisco,2014-08-29
2015,8,29,344,330,23,11,17,21,28,35,20,38,83,121,157,202,15,0,11,12,15,25,14,23,54,77,156,99,7,11,6,7,7,10,4,13,21,34,2,4,1,0,0,0,3,0,0,0,3,3,29,25,0,0,0,2,3,0,2,2,5,7,2377,21,167,-64,174,1523,152,485,San Francisco,2015-08-29
2016,8,29,267,304,13,7,11,14,47,32,7,25,86,111,185,218,11,2,3,9,26,21,4,12,51,63,57,67,2,3,8,4,16,5,3,12,24,36,10,3,0,0,0,0,2,1,0,0,3,3,15,16,0,2,0,1,3,5,0,1,8,9,2341,26,136,-69,169,1638,119,378,San Francisco,2016-08-29
2017,8,29,245,337,19,12,3,15,45,35,7,18,87,105,157,238,17,3,3,11,36,29,5,14,70,84,63,73,2,6,0,4,6,3,1,4,10,14,9,6,0,0,0,0,0,1,0,0,1,1,16,20,0,3,0,0,3,2,1,0,6,6,2327,27,114,-68,170,1516,122,410,San Francisco,2017-08-29
2018,8,29,157,344,25,6,8,10,54,38,7,18,99,117,87,244,19,3,4,4,28,26,5,8,59,67,58,70,6,3,3,5,22,10,1,8,33,41,3,7,0,0,0,0,1,0,1,0,2,2,9,23,0,0,1,1,3,2,0,2,5,7,2295,31,115,-67,171,1428,130,444,San Francisco,2018-08-29
2019,8,29,243,303,21,14,7,16,44,34,9,23,87,110,170,195,18,0,5,11,30,25,8,16,63,79,59,80,1,12,2,3,10,6,0,5,16,21,5,2,0,0,0,0,2,0,0,0,2,2,9,26,2,2,0,2,2,3,1,2,6,8,2375,23,154,-66,172,1488,149,507,San Francisco,2019-08-29
2020,8,29,148,194,12,11,6,8,36,30,11,14,77,91,53,136,10,7,2,6,29,23,10,8,62,70,88,42,2,4,4,1,6,3,0,5,9,14,0,2,0,0,0,0,0,1,0,0,1,1,7,14,0,0,0,1,1,3,1,1,5,6,1683,9,125,-64,174,1029,109,399,San Francisco,2020-08-29
2021,8,29,137,185,10,10,5,11,30,32,7,16,69,85,59,119,4,1,4,8,15,24,4,12,43,55,69,48,6,7,1,3,12,3,3,4,18,22,1,2,0,0,0,0,2,0,0,0,2,2,8,16,0,2,0,0,1,5,0,0,6,6,1580,10,95,-70,168,955,101,388,San Francisco,2021-08-29
2022,8,29,110,205,9,8,7,6,37,40,10,13,87,100,60,147,7,0,5,3,26,30,7,8,63,71,39,47,2,5,2,3,5,5,3,5,13,18,1,0,0,0,0,0,2,0,0,0,2,2,10,11,0,3,0,0,4,5,0,0,9,9,1432,10,90,-69,169,779,103,381,San Francisco,2022-08-29
2023,8,29,96,183,23,10,11,15,43,24,10,26,77,103,53,130,22,2,6,12,36,21,8,18,65,83,39,35,1,8,4,2,4,1,1,6,6,12,0,3,0,0,0,0,0,0,1,0,1,1,4,15,0,0,1,1,3,2,0,2,5,7,1578,11,86,-68,170,879,109,418,San Francisco,2023-08-29
2024,8,29,111,208,10,3,10,10,23,33,8,20,64,84,70,130,9,0,7,6,17,29,5,13,51,64,33,54,0,1,2,3,5,3,3,5,11,16,1,5,0,0,0,0,1,1,0,0,2,2,7,19,1,2,1,1,0,0,0,2,0,2,1642,19,113,-66,172,940,89,401,San Francisco,2024-08-29
2012,9,29,,,,,,,,,,,,,,,,,,,,,,,,,,,,,,,,,,,,,,,,,,,,,,,,,,,,,,,,,,,,,,,,,,,,,San Francisco,2012-09-29
2013,9,29,,,,,,,,,,,,,,,,,,,,,,,,,,,,,,,,,,,,,,,,,,,,,,,,,,,,,,,,,,,,,,,,,,,,,San Francisco,2013-09-29
2014,9,29,,,,,,,,,,,,,,,,,,,,,,,,,,,,,,,,,,,,,,,,,,,,,,,,,,,,,,,,,,,,,,,,,,,,,San Francisco,2014-09-29
2015,9,29,262,369,22,7,8,11,29,41,23,19,93,112,153,261,16,0,3,4,18,28,16,7,62,69,93,84,3,7,4,6,8,8,4,10,20,30,6,3,1,0,0,0,0,0,1,0,1,1,10,21,2,0,1,1,3,5,2,2,10,12,2383,22,162,-33,205,1660,136,381,San Francisco,2015-09-29
2016,9,29,265,296,18,7,8,17,46,37,6,25,89,114,150,181,8,0,4,6,29,28,4,10,61,71,87,81,8,7,4,10,12,3,2,14,17,31,10,5,1,0,0,0,0,0,0,0,0,0,18,29,1,0,0,1,5,6,0,1,11,12,2462,30,204,-38,200,1738,124,389,San Francisco,2016-09-29
2017,9,29,293,291,20,10,9,11,39,41,6,20,86,106,163,186,13,2,3,3,24,26,5,6,55,61,111,85,7,6,5,6,11,10,1,11,22,33,6,1,0,0,1,0,0,0,0,1,0,1,13,19,0,2,0,2,4,5,0,2,9,11,2303,27,154,-37,201,1411,145,481,San Francisco,2017-09-29
2018,9,29,211,312,17,6,5,13,39,34,13,18,86,104,94,193,5,4,3,7,19,27,9,10,55,65,107,98,10,2,2,6,18,6,3,8,27,35,3,4,1,0,0,0,0,0,0,0,0,0,7,17,1,0,0,0,2,1,1,0,4,4,2160,21,138,-36,202,1332,137,491,San Francisco,2018-09-29
2019,9,29,182,247,17,8,18,14,32,42,8,32,82,114,103,149,12,1,8,8,20,27,6,16,53,69,67,69,4,7,10,6,6,14,2,16,22,38,3,5,0,0,0,0,1,0,0,0,1,1,9,24,1,0,0,0,5,1,0,0,6,6,1981,22,125,-35,203,1237,104,463,San Francisco,2019-09-29
2020,9,29,110,195,15,7,5,10,39,36,11,15,86,101,54,128,13,0,2,5,23,28,11,7,62,69,51,54,2,6,3,3,14,4,0,6,18,24,1,1,0,0,0,0,1,0,0,0,1,1,4,12,0,1,0,2,1,4,0,2,5,7,1738,18,99,-33,205,1126,99,340,San Francisco,2020-09-29
2021,9,29,128,204,21,7,5,6,41,34,8,11,83,94,60,130,16,0,2,4,26,26,6,6,58,64,57,60,4,7,2,1,11,3,2,3,16,19,3,1,0,0,0,0,1,1,0,0,2,2,8,13,1,0,1,1,3,4,0,2,7,9,1683,16,117,-39,199,995,101,423,San Francisco,2021-09-29
2022,9,29,107,191,14,7,7,13,57,34,13,20,104,124,44,105,9,0,4,10,37,26,8,14,71,85,55,68,5,7,3,2,16,4,4,5,24,29,2,2,0,0,0,0,2,0,0,0,2,2,6,16,0,0,0,1,2,4,1,1,7,8,1654,21,122,-38,200,930,105,411,San Francisco,2022-09-29
2023,9,29,107,173,22,5,9,6,31,36,5,15,72,87,54,107,15,1,3,3,16,27,4,6,47,53,51,54,7,4,3,3,13,5,1,6,19,25,0,2,0,0,0,0,0,0,0,0,0,0,2,10,0,0,3,0,2,4,0,3,6,9,1652,20,100,-37,201,928,88,440,San Francisco,2023-09-29
2024,9,29,117,165,16,13,8,8,32,16,6,16,54,70,44,112,4,0,6,3,18,14,4,9,36,45,67,44,10,13,2,4,11,2,1,6,14,20,2,2,0,0,0,0,0,0,0,0,0,0,4,7,2,0,0,1,3,0,1,1,4,5,1484,14,91,-35,203,796,89,425,San Francisco,2024-09-29
2012,10,29,,,,,,,,,,,,,,,,,,,,,,,,,,,,,,,,,,,,,,,,,,,,,,,,,,,,,,,,,,,,,,,,,,,,,San Francisco,2012-10-29
2013,10,29,,,,,,,,,,,,,,,,,,,,,,,,,,,,,,,,,,,,,,,,,,,,,,,,,,,,,,,,,,,,,,,,,,,,,San Francisco,2013-10-29
2014,10,29,,,,,,,,,,,,,,,,,,,,,,,,,,,,,,,,,,,,,,,,,,,,,,,,,,,,,,,,,,,,,,,,,,,,,San Francisco,2014-10-29
2015,10,29,279,349,29,4,12,8,39,36,12,20,87,107,127,179,14,0,7,4,13,23,8,11,44,55,123,134,11,4,4,3,24,9,4,7,37,44,10,3,2,0,1,0,0,0,0,1,0,1,19,33,2,0,0,1,2,4,0,1,6,7,2201,50,190,-3,235,1466,114,453,San Francisco,2015-10-29
2016,10,29,384,277,26,19,15,15,21,38,10,30,69,99,120,141,9,1,6,10,9,24,6,16,39,55,237,115,14,18,8,5,10,11,3,13,24,37,6,0,0,0,0,0,0,0,0,0,0,0,21,21,3,0,1,0,2,3,1,1,6,7,2406,19,206,-8,230,1472,135,558,San Francisco,2016-10-29
2017,10,29,251,256,15,18,11,20,35,30,12,31,77,108,113,147,7,5,3,12,20,24,10,15,54,69,127,89,8,13,6,5,11,6,2,11,19,30,4,3,0,0,1,1,0,0,0,2,0,2,7,17,0,0,1,2,4,0,0,3,4,7,2071,22,167,-7,231,1195,115,448,San Francisco,2017-10-29
2018,10,29,197,339,30,5,11,9,45,39,13,20,97,117,105,194,17,0,6,4,26,26,7,10,59,69,75,109,10,5,5,4,11,7,5,9,23,32,8,8,0,0,0,0,2,2,0,0,4,4,9,28,3,0,0,1,6,4,1,1,11,12,2353,65,197,-6,232,1519,118,407,San Francisco,2018-10-29
2019,10,29,173,309,23,3,15,6,32,60,6,21,98,119,102,187,19,0,7,2,17,46,4,9,67,76,54,91,4,1,5,3,14,9,2,8,25,33,10,8,0,1,0,0,0,0,0,0,0,0,7,23,0,1,3,1,1,5,0,4,6,10,2182,53,173,-5,233,1331,122,430,San Francisco,2019-10-29
2020,10,29,129,225,14,11,9,9,45,30,13,18,88,106,51,140,9,0,6,3,24,22,8,9,54,63,63,58,4,9,1,3,14,5,4,4,23,27,0,4,1,1,1,1,4,0,0,2,4,6,15,23,0,1,1,2,3,3,1,3,7,10,1658,38,152,-3,235,1025,117,369,San Francisco,2020-10-29
2021,10,29,122,186,20,9,15,10,31,38,30,25,99,124,38,112,12,2,9,3,13,24,23,12,60,72,75,58,5,7,4,5,17,9,4,9,30,39,1,4,0,0,0,1,0,0,2,1,2,3,8,12,3,0,2,1,1,5,1,3,7,10,1757,31,138,-9,229,936,125,542,San Francisco,2021-10-29
2022,10,29,174,182,16,10,6,13,25,20,20,19,65,84,44,91,7,1,3,6,11,12,14,9,37,46,122,79,6,8,2,6,12,7,6,8,25,33,4,6,0,0,0,0,0,0,0,0,0,0,4,6,3,1,1,1,2,1,0,2,3,5,1714,28,119,-8,230,908,77,472,San Francisco,2022-10-29
2023,10,29,119,129,20,14,11,15,42,16,16,26,74,100,48,78,6,2,7,8,20,14,9,15,43,58,70,38,13,11,3,6,21,1,7,9,29,38,0,0,0,0,0,0,0,0,0,0,0,0,1,13,1,1,1,1,1,1,0,2,2,4,1387,9,92,-7,231,756,82,423,San Francisco,2023-10-29
2024,10,29,130,205,13,1,4,6,33,36,7,10,76,86,82,120,6,1,2,1,20,26,5,3,51,54,46,66,3,0,1,4,9,4,2,5,15,20,0,2,0,0,1,0,2,0,0,1,2,3,2,17,4,0,0,1,2,6,0,1,8,9,1775,27,154,-5,233,1016,91,347,San Francisco,2024-10-29
2012,11,29,,,,,,,,,,,,,,,,,,,,,,,,,,,,,,,,,,,,,,,,,,,,,,,,,,,,,,,,,,,,,,,,,,,,,San Francisco,2012-11-29
2013,11,29,,,,,,,,,,,,,,,,,,,,,,,,,,,,,,,,,,,,,,,,,,,,,,,,,,,,,,,,,,,,,,,,,,,,,San Francisco,2013-11-29
2014,11,29,,,,,,,,,,,,,,,,,,,,,,,,,,,,,,,,,,,,,,,,,,,,,,,,,,,,,,,,,,,,,,,,,,,,,San Francisco,2014-11-29
2015,11,29,146,284,17,11,13,8,35,23,13,21,71,92,67,134,6,0,6,3,16,12,7,9,35,44,66,125,11,10,7,4,18,8,6,11,32,43,4,1,0,0,0,1,0,0,0,1,0,1,9,24,0,1,0,0,1,3,0,0,4,4,1741,16,174,28,266,1190,102,270,San Francisco,2015-11-29
2016,11,29,233,303,14,4,11,11,35,37,12,22,84,106,102,159,11,1,4,5,20,17,9,9,46,55,105,117,3,2,5,5,13,15,2,10,30,40,9,5,0,0,0,0,1,1,0,0,2,2,17,22,0,1,2,1,1,4,1,3,6,9,2200,40,238,23,261,1533,116,388,San Francisco,2016-11-29
2017,11,29,250,283,15,6,3,7,34,35,9,10,78,88,132,148,9,0,1,1,22,23,4,2,49,51,94,107,3,6,1,6,9,9,3,7,21,28,3,5,0,0,0,0,1,0,1,0,2,2,21,23,3,0,1,0,2,3,1,1,6,7,2139,28,230,24,262,1423,102,406,San Francisco,2017-11-29
2018,11,29,125,315,26,5,5,12,23,38,9,17,70,87,61,154,14,1,2,5,11,24,6,7,41,48,56,131,7,2,2,5,10,10,3,7,23,30,3,6,0,0,0,0,1,1,0,0,2,2,5,24,5,2,1,2,1,3,0,3,4,7,2056,32,210,25,263,1350,136,353,San Francisco,2018-11-29
2019,11,29,136,232,14,4,5,13,18,28,9,18,55,73,58,132,8,1,4,5,10,14,7,9,31,40,58,82,4,3,1,8,7,7,2,9,16,25,3,4,0,0,0,0,1,0,0,0,1,1,17,14,2,0,0,0,0,7,0,0,7,7,1837,19,155,26,264,1288,85,216,San Francisco,2019-11-29
2020,11,29,115,142,3,9,6,12,41,36,16,18,93,111,52,76,2,0,1,4,23,20,11,5,54,59,53,52,1,8,4,8,13,7,4,12,24,36,2,4,0,1,0,0,1,0,0,0,1,1,8,10,0,0,1,0,4,9,1,1,14,15,1392,26,127,28,266,908,74,268,San Francisco,2020-11-29
2021,11,29,119,186,14,12,8,14,31,34,13,22,78,100,39,100,9,0,6,6,21,19,9,12,49,61,63,71,5,12,1,8,8,12,2,9,22,31,6,3,0,0,0,0,0,0,1,0,1,1,11,12,0,0,1,0,2,3,1,1,6,7,1550,26,168,22,260,893,95,386,San Francisco,2021-11-29
2022,11,29,106,158,14,8,3,3,35,28,16,6,79,85,48,81,11,3,2,2,23,17,12,4,52,56,46,67,2,3,1,0,11,8,2,1,21,22,2,2,0,2,0,0,1,0,0,0,1,1,10,8,1,0,0,1,0,3,2,1,5,6,1464,15,145,23,261,825,99,367,San Francisco,2022-11-29
2023,11,29,121,155,11,3,6,4,27,33,10,10,70,80,58,79,7,1,2,3,12,18,4,5,34,39,53,68,4,0,4,1,12,11,2,5,25,30,5,0,0,0,0,0,0,0,2,0,2,2,5,8,0,2,0,0,3,4,2,0,9,9,1413,20,102,24,262,831,76,336,San Francisco,2023-11-29
2024,11,29,110,171,13,7,10,7,20,29,8,17,57,74,72,82,8,1,5,3,11,23,6,8,40,48,31,70,3,6,4,4,8,3,2,8,13,21,0,3,0,0,0,0,1,0,0,0,1,1,7,16,2,0,1,0,0,3,0,1,3,4,1442,21,144,26,264,874,98,278,San Francisco,2024-11-29
2012,12,29,,,,,,,,,,,,,,,,,,,,,,,,,,,,,,,,,,,,,,,,,,,,,,,,,,,,,,,,,,,,,,,,,,,,,San Francisco,2012-12-29
2013,12,29,,,,,,,,,,,,,,,,,,,,,,,,,,,,,,,,,,,,,,,,,,,,,,,,,,,,,,,,,,,,,,,,,,,,,San Francisco,2013-12-29
2014,12,29,,,,,,,,,,,,,,,,,,,,,,,,,,,,,,,,,,,,,,,,,,,,,,,,,,,,,,,,,,,,,,,,,,,,,San Francisco,2014-12-29
2015,12,29,218,298,20,3,7,11,37,34,18,18,89,107,111,159,12,0,5,2,22,25,8,7,55,62,86,109,8,3,1,5,11,4,6,6,21,27,11,2,0,0,0,1,2,1,1,1,4,5,10,28,0,0,1,3,2,4,3,4,9,13,1924,35,181,58,296,1344,118,312,San Francisco,2015-12-29
2016,12,29,238,254,16,8,10,9,28,29,9,19,66,85,134,113,6,4,2,4,15,17,4,6,36,42,85,122,10,3,8,3,10,7,5,11,22,33,6,4,0,0,0,0,0,2,0,0,2,2,13,15,0,1,0,2,3,3,0,2,6,8,1955,27,187,53,291,1265,140,360,San Francisco,2016-12-29
2017,12,29,233,302,22,3,8,10,35,30,7,18,72,90,134,154,9,0,2,4,17,20,5,6,42,48,75,121,9,3,6,4,13,6,1,10,20,30,9,1,0,0,0,1,2,0,0,1,2,3,15,26,4,0,0,1,3,4,1,1,8,9,1947,29,227,54,292,1237,118,326,San Francisco,2017-12-29
2018,12,29,153,242,8,8,9,7,27,25,10,16,62,78,71,122,3,0,5,1,15,12,5,6,32,38,64,91,2,8,3,4,12,10,3,7,25,32,3,7,0,0,0,0,0,0,0,0,0,0,15,22,3,0,1,2,0,3,2,3,5,8,1882,29,209,55,293,1074,117,368,San Francisco,2018-12-29
2019,12,29,137,201,16,5,6,7,29,29,12,13,70,83,63,100,6,0,2,4,16,21,5,6,42,48,65,79,9,5,4,2,11,6,7,6,24,30,2,3,0,0,0,0,1,0,0,0,1,1,7,19,1,0,0,1,1,2,0,1,3,4,1637,16,150,56,294,1079,97,312,San Francisco,2019-12-29
2020,12,29,86,200,19,19,5,11,44,31,21,16,96,112,40,103,8,3,2,5,25,19,11,7,55,62,39,75,7,14,3,4,17,10,9,7,36,43,1,4,0,0,0,0,2,0,0,0,2,2,6,18,4,2,0,2,0,2,1,2,3,5,1391,28,106,58,296,868,91,302,San Francisco,2020-12-29
2021,12,29,71,182,14,10,10,6,43,24,15,16,82,98,28,98,7,1,7,1,23,16,9,8,48,56,40,65,2,9,3,2,19,6,5,5,30,35,2,5,0,0,0,2,0,0,0,2,0,2,1,14,5,0,0,1,1,2,1,1,4,5,1232,28,118,52,290,781,98,233,San Francisco,2021-12-29
2022,12,29,50,154,19,4,5,6,48,30,12,11,90,101,18,74,12,1,2,2,32,20,9,4,61,65,28,66,4,3,0,3,14,4,3,3,21,24,0,4,0,0,0,0,0,0,0,0,0,0,4,10,3,0,3,1,2,6,0,4,8,12,1267,28,106,53,291,743,89,286,San Francisco,2022-12-29
2023,12,29,65,143,25,4,4,10,22,18,15,14,55,69,22,69,13,1,2,4,11,13,10,6,34,40,33,51,12,3,2,5,10,2,3,7,15,22,1,2,0,0,0,0,1,0,0,0,1,1,9,21,0,0,0,1,0,3,2,1,5,6,1354,18,112,54,292,782,109,291,San Francisco,2023-12-29
2024,12,29,89,181,9,4,6,10,27,24,6,16,57,73,19,87,3,0,3,5,14,13,3,8,30,38,67,76,6,3,2,5,10,8,3,7,21,28,2,4,0,0,0,0,1,1,0,0,2,2,1,14,0,1,1,0,2,2,0,1,4,5,1397,26,98,56,294,745,106,336,San Francisco,2024-12-29
2012,1,30,,,,,,,,,,,,,,,,,,,,,,,,,,,,,,,,,,,,,,,,,,,,,,,,,,,,,,,,,,,,,,,,,,,,,San Francisco,2012-01-30
2013,1,30,,,,,,,,,,,,,,,,,,,,,,,,,,,,,,,,,,,,,,,,,,,,,,,,,,,,,,,,,,,,,,,,,,,,,San Francisco,2013-01-30
2014,1,30,,,,,,,,,,,,,,,,,,,,,,,,,,,,,,,,,,,,,,,,,,,,,,,,,,,,,,,,,,,,,,,,,,,,,San Francisco,2014-01-30
2015,1,30,225,327,26,6,10,10,36,30,11,20,77,97,95,189,16,1,0,3,18,18,6,3,42,45,110,105,9,5,9,5,16,6,4,14,26,40,5,4,0,0,0,0,0,1,0,0,1,1,15,29,1,0,1,2,2,5,1,3,8,11,2198,31,177,-275,-37,1514,147,381,San Francisco,2015-01-30
2016,1,30,294,328,17,12,10,18,25,29,11,28,65,93,127,172,7,1,4,9,13,21,8,13,42,55,150,141,9,11,5,8,9,5,3,13,17,30,3,3,0,0,0,0,0,0,0,0,0,0,14,12,1,0,1,1,3,3,0,2,6,8,2159,21,131,-281,-43,1489,129,396,San Francisco,2016-01-30
2017,1,30,220,276,19,15,8,11,40,31,6,19,77,96,110,155,13,3,3,5,19,19,5,8,43,51,98,105,3,12,3,4,18,8,1,7,27,34,8,1,0,0,0,1,1,0,0,1,1,2,4,15,3,0,2,1,2,4,0,3,6,9,2221,34,189,-279,-41,1525,134,355,San Francisco,2017-01-30
2018,1,30,259,269,16,3,8,7,38,34,12,15,84,99,148,135,9,0,4,1,24,17,11,5,52,57,88,104,3,3,3,5,11,13,1,8,25,33,8,3,1,0,0,0,1,0,0,0,1,1,15,27,3,0,1,1,2,4,0,2,6,8,2139,33,217,-278,-40,1411,118,374,San Francisco,2018-01-30
2019,1,30,148,328,15,2,4,8,40,30,6,12,76,88,83,178,9,0,1,7,17,20,4,8,41,49,53,117,4,2,2,1,16,8,2,3,26,29,4,6,1,0,1,0,2,0,0,1,2,3,8,27,1,0,0,0,5,2,0,0,7,7,2280,53,246,-277,-39,1471,119,420,San Francisco,2019-01-30
2020,1,30,154,274,13,1,5,10,34,46,5,15,85,100,82,134,9,0,3,5,15,33,3,8,51,59,67,110,1,1,2,4,14,9,1,6,24,30,1,3,0,0,0,0,1,0,0,0,1,1,4,27,3,0,0,1,4,4,1,1,9,10,2155,25,240,-276,-38,1352,107,400,San Francisco,2020-01-30
2021,1,30,139,220,15,18,6,9,49,34,23,15,106,121,49,98,8,2,3,5,23,20,14,8,57,65,79,102,5,16,3,3,22,10,8,6,40,46,0,5,0,0,0,0,1,0,0,0,1,1,11,15,2,0,0,1,3,4,1,1,8,9,1598,27,118,-281,-43,1032,106,337,San Francisco,2021-01-30
2022,1,30,115,178,10,9,7,11,44,25,13,18,82,100,39,88,5,3,5,3,22,15,7,8,44,52,72,76,3,5,2,8,20,7,5,10,32,42,2,1,0,0,0,0,0,1,0,0,1,1,2,13,2,1,0,0,2,2,1,0,5,5,1581,19,144,-280,-42,844,90,391,San Francisco,2022-01-30
2023,1,30,84,150,11,6,2,11,37,23,23,13,83,96,32,66,4,0,1,4,16,16,13,5,45,50,46,65,5,5,1,7,17,3,6,8,26,34,1,3,0,0,0,0,0,0,1,0,1,1,5,16,2,1,0,0,4,4,3,0,11,11,1527,18,148,-279,-41,891,110,370,San Francisco,2023-01-30
2024,1,30,86,220,12,3,3,6,33,38,9,9,80,89,42,118,10,1,2,3,17,23,5,5,45,50,38,83,2,2,0,3,14,9,2,3,25,28,1,3,0,0,1,0,0,1,1,1,2,3,5,16,0,0,0,0,2,5,1,0,8,8,1741,35,178,-278,-40,1032,101,339,San Francisco,2024-01-30
2012,3,30,,,,,,,,,,,,,,,,,,,,,,,,,,,,,,,,,,,,,,,,,,,,,,,,,,,,,,,,,,,,,,,,,,,,,San Francisco,2012-03-30
2013,3,30,,,,,,,,,,,,,,,,,,,,,,,,,,,,,,,,,,,,,,,,,,,,,,,,,,,,,,,,,,,,,,,,,,,,,San Francisco,2013-03-30
2014,3,30,,,,,,,,,,,,,,,,,,,,,,,,,,,,,,,,,,,,,,,,,,,,,,,,,,,,,,,,,,,,,,,,,,,,,San Francisco,2014-03-30
2015,3,30,236,287,21,3,15,9,48,39,15,24,102,126,142,189,18,0,5,6,29,33,13,11,75,86,69,68,2,3,9,3,14,6,2,12,22,34,11,4,0,0,1,0,0,0,0,1,0,1,14,26,1,0,0,0,5,0,0,0,5,5,1996,28,134,-216,22,1398,135,300,San Francisco,2015-03-30
2016,3,30,261,335,19,2,13,9,36,33,8,22,77,99,159,213,14,1,5,3,20,25,6,8,51,59,79,100,4,1,6,5,13,4,2,11,19,30,6,2,0,0,0,0,1,1,0,0,2,2,17,20,1,0,2,1,2,3,0,3,5,8,2166,26,121,-221,17,1491,136,354,San Francisco,2016-03-30
2017,3,30,241,319,23,3,9,16,48,34,9,25,91,116,161,216,18,1,6,7,27,19,8,13,54,67,57,86,4,2,2,9,20,10,1,11,31,42,7,3,0,0,0,0,0,0,0,0,0,0,16,14,1,0,1,0,1,5,0,1,6,7,2486,36,164,-220,18,1670,147,403,San Francisco,2017-03-30
2018,3,30,305,312,11,6,12,12,44,39,8,24,91,115,195,197,5,0,4,7,24,29,7,11,60,71,95,91,3,5,6,3,14,8,1,9,23,32,3,3,0,0,0,0,1,0,0,0,1,1,12,21,3,1,2,2,5,2,0,4,7,11,2213,28,132,-219,19,1411,133,469,San Francisco,2018-03-30
2019,3,30,169,221,21,12,9,13,44,44,7,22,95,117,92,141,15,0,5,7,24,27,3,12,54,66,64,60,5,11,4,4,15,11,2,8,28,36,2,5,0,0,0,0,3,0,0,0,3,3,11,15,1,1,0,2,2,6,2,2,10,12,2031,21,121,-218,20,1166,111,453,San Francisco,2019-03-30
2020,3,30,142,248,8,8,7,6,42,35,10,13,87,100,84,182,6,4,4,4,18,32,9,8,59,67,45,54,0,4,1,2,21,0,1,3,22,25,2,2,0,0,0,0,0,0,0,0,0,0,11,10,2,0,2,0,3,3,0,2,6,8,1807,16,110,-216,22,1140,98,340,San Francisco,2020-03-30
2021,3,30,116,196,13,9,6,10,45,26,11,16,82,98,57,113,7,2,3,7,26,22,5,10,53,63,52,65,4,4,2,2,17,2,4,4,23,27,2,2,0,1,0,0,0,0,1,0,1,1,5,16,2,2,1,1,2,2,1,2,5,7,1728,22,93,-222,16,1197,100,288,San Francisco,2021-03-30
2022,3,30,105,179,11,4,4,12,45,44,7,16,96,112,56,120,8,0,2,9,26,29,6,11,61,72,39,47,0,4,1,2,12,9,1,3,22,25,2,2,1,0,0,0,0,0,0,0,0,0,8,10,2,0,1,1,7,6,0,2,13,15,1595,23,113,-221,17,971,106,359,San Francisco,2022-03-30
2023,3,30,84,195,15,16,7,8,37,31,12,15,80,95,44,125,13,2,6,8,24,25,11,14,60,74,38,59,1,14,1,0,9,4,1,1,14,15,0,1,1,0,0,0,3,0,0,0,3,3,2,10,0,0,0,0,1,2,0,0,3,3,1642,10,116,-220,18,943,98,367,San Francisco,2023-03-30
2024,3,30,90,166,16,6,4,8,36,28,10,12,74,86,47,112,7,0,3,3,20,23,8,6,51,57,35,46,9,6,0,5,15,1,1,5,17,22,1,2,0,0,0,0,0,0,0,0,0,0,7,6,0,0,1,0,1,4,1,1,6,7,1539,12,102,-218,20,842,95,370,San Francisco,2024-03-30
2012,4,30,,,,,,,,,,,,,,,,,,,,,,,,,,,,,,,,,,,,,,,,,,,,,,,,,,,,,,,,,,,,,,,,,,,,,San Francisco,2012-04-30
2013,4,30,,,,,,,,,,,,,,,,,,,,,,,,,,,,,,,,,,,,,,,,,,,,,,,,,,,,,,,,,,,,,,,,,,,,,San Francisco,2013-04-30
2014,4,30,,,,,,,,,,,,,,,,,,,,,,,,,,,,,,,,,,,,,,,,,,,,,,,,,,,,,,,,,,,,,,,,,,,,,San Francisco,2014-04-30
2015,4,30,262,345,37,6,11,17,33,35,18,28,86,114,180,223,26,2,4,13,24,29,13,17,66,83,65,98,9,2,3,2,8,4,4,5,16,21,6,3,0,0,0,0,0,1,0,0,1,1,11,21,2,2,4,2,1,1,1,6,3,9,2160,16,149,-185,53,1467,115,407,San Francisco,2015-04-30
2016,4,30,248,328,26,14,8,8,30,26,11,16,67,83,131,227,13,4,4,2,20,20,10,6,50,56,94,72,9,8,4,2,9,4,1,6,14,20,4,4,0,0,0,0,1,0,0,0,1,1,19,25,4,2,0,4,0,2,0,4,2,6,2145,15,149,-190,48,1426,127,417,San Francisco,2016-04-30
2017,4,30,216,243,23,8,7,15,39,19,17,22,75,97,113,164,10,3,3,8,28,12,13,11,53,64,88,58,10,3,3,5,8,5,2,8,15,23,5,2,0,0,1,0,1,0,0,1,1,2,10,19,3,2,0,2,2,2,2,2,6,8,2118,12,122,-189,49,1371,131,395,San Francisco,2017-04-30
2018,4,30,268,267,15,6,7,11,36,40,3,18,79,97,178,178,10,0,3,6,31,29,2,9,62,71,65,71,4,5,4,3,2,6,1,7,9,16,5,3,0,0,0,0,2,2,0,0,4,4,20,15,1,1,0,2,1,3,0,2,4,6,2315,19,149,-188,50,1553,110,451,San Francisco,2018-04-30
2019,4,30,182,356,16,4,7,9,31,32,8,16,71,87,144,244,14,0,5,5,20,27,7,10,54,64,31,82,2,3,0,2,9,2,1,2,12,14,0,1,0,0,0,0,0,0,0,0,0,0,7,29,0,1,2,2,2,3,0,4,5,9,2244,15,136,-187,51,1434,106,426,San Francisco,2019-04-30
2020,4,30,159,253,8,9,6,7,36,30,17,13,83,96,93,175,7,5,6,4,19,23,15,10,57,67,48,54,1,3,0,2,12,2,2,2,16,18,1,2,0,0,0,0,0,1,0,0,1,1,17,22,0,1,0,1,5,4,0,1,9,10,1919,13,138,-185,53,1204,117,318,San Francisco,2020-04-30
2021,4,30,101,205,8,13,4,13,36,27,13,17,76,93,42,135,7,0,2,9,29,25,9,11,63,74,52,55,1,9,1,3,6,1,3,4,10,14,0,0,0,0,0,0,0,0,0,0,0,0,7,15,0,4,1,1,1,1,1,2,3,5,1528,3,103,-191,47,915,95,371,San Francisco,2021-04-30
2022,4,30,126,161,17,12,6,9,45,23,7,15,75,90,62,108,11,3,4,3,29,19,4,7,52,59,55,44,5,9,2,5,12,0,1,7,13,20,2,2,1,0,0,1,1,0,0,1,1,2,7,7,0,0,0,0,3,4,2,0,9,9,1436,10,91,-190,48,752,104,440,San Francisco,2022-04-30
2023,4,30,77,162,14,7,7,6,28,17,11,13,56,69,30,114,8,0,5,2,18,14,8,7,40,47,40,40,5,7,2,4,6,2,3,6,11,17,0,0,0,0,0,0,0,0,0,0,0,0,7,8,1,0,0,0,4,1,0,0,5,5,1534,4,95,-189,49,853,97,366,San Francisco,2023-04-30
2024,4,30,93,190,12,1,7,8,23,28,6,15,57,72,65,128,11,0,6,6,15,20,4,12,39,51,20,51,1,1,0,1,5,2,2,1,9,10,2,2,0,0,0,0,1,1,0,0,2,2,6,9,0,0,1,1,2,5,0,2,7,9,1681,14,97,-187,51,953,98,370,San Francisco,2024-04-30
2012,5,30,,,,,,,,,,,,,,,,,,,,,,,,,,,,,,,,,,,,,,,,,,,,,,,,,,,,,,,,,,,,,,,,,,,,,San Francisco,2012-05-30
2013,5,30,,,,,,,,,,,,,,,,,,,,,,,,,,,,,,,,,,,,,,,,,,,,,,,,,,,,,,,,,,,,,,,,,,,,,San Francisco,2013-05-30
2014,5,30,,,,,,,,,,,,,,,,,,,,,,,,,,,,,,,,,,,,,,,,,,,,,,,,,,,,,,,,,,,,,,,,,,,,,San Francisco,2014-05-30
2015,5,30,187,329,22,20,9,15,27,31,6,24,64,88,120,243,11,2,6,9,18,26,4,15,48,63,49,68,10,15,2,4,7,5,1,6,13,19,2,1,0,0,0,0,0,0,0,0,0,0,16,17,1,3,1,2,2,0,1,3,3,6,2106,12,153,-155,83,1518,121,312,San Francisco,2015-05-30
2016,5,30,206,286,7,8,9,12,36,40,6,21,82,103,133,198,5,0,4,9,26,34,4,13,64,77,56,71,1,5,3,2,3,4,1,5,8,13,5,0,0,0,1,0,1,0,0,1,1,2,12,17,1,3,1,1,6,2,1,2,9,11,2006,22,147,-160,78,1404,106,291,San Francisco,2016-05-30
2017,5,30,278,231,15,4,3,13,36,38,8,16,82,98,190,167,14,1,3,11,29,32,5,14,66,80,59,48,0,3,0,1,2,5,2,1,9,10,5,1,0,0,0,0,0,0,0,0,0,0,24,15,1,0,0,1,5,1,1,1,7,8,2241,14,128,-159,79,1539,135,331,San Francisco,2017-05-30
2018,5,30,122,286,17,2,9,7,54,34,6,16,94,110,74,204,15,1,7,6,41,29,3,13,73,86,32,59,0,0,0,1,9,1,1,1,11,12,5,4,0,0,1,0,1,0,0,1,1,2,11,19,2,1,1,0,3,4,2,1,9,10,2079,26,144,-158,80,1374,125,371,San Francisco,2018-05-30
2019,5,30,182,322,11,6,12,10,36,34,8,22,78,100,136,221,9,2,6,5,27,30,7,11,64,75,29,70,1,3,2,5,5,2,1,7,8,15,4,4,0,0,0,0,0,0,0,0,0,0,13,27,1,1,4,0,4,2,0,4,6,10,2352,15,159,-157,81,1516,130,446,San Francisco,2019-05-30
2020,5,30,206,192,9,33,4,16,105,32,16,20,153,173,96,144,7,6,3,9,27,29,14,12,70,82,64,33,1,16,1,5,61,3,1,6,65,71,1,1,0,0,0,0,0,0,0,0,0,0,45,14,1,11,0,2,17,0,1,2,18,20,1907,13,203,-155,83,1163,119,397,San Francisco,2020-05-30
2021,5,30,118,152,6,21,6,6,35,21,12,12,68,80,63,108,4,6,3,3,24,18,6,6,48,54,45,32,2,9,2,1,9,2,3,3,14,17,1,1,0,0,0,0,2,0,0,0,2,2,9,11,0,6,1,2,0,1,3,3,4,7,1600,6,155,-161,77,1006,81,333,San Francisco,2021-05-30
2022,5,30,110,166,13,6,6,13,37,23,11,19,71,90,59,109,5,1,1,11,25,23,11,12,59,71,38,47,7,4,2,0,8,0,0,2,8,10,0,0,0,0,0,0,0,0,0,0,0,0,13,10,1,1,3,2,4,0,0,5,4,9,1479,6,109,-160,78,859,92,316,San Francisco,2022-05-30
2023,5,30,95,198,11,8,7,10,29,33,20,17,82,99,62,154,9,1,5,7,22,30,13,12,65,77,26,30,2,2,1,3,6,1,7,4,14,18,0,1,0,0,0,0,0,0,0,0,0,0,7,13,0,5,1,0,1,2,0,1,3,4,1614,10,135,-159,79,968,91,335,San Francisco,2023-05-30
2024,5,30,100,195,8,1,3,8,34,32,10,11,76,87,61,128,5,1,3,4,29,27,7,7,63,70,34,44,1,0,0,4,4,3,3,4,10,14,0,4,0,0,0,0,0,0,0,0,0,0,5,19,2,0,0,0,1,2,0,0,3,3,1680,9,137,-157,81,1066,93,345,San Francisco,2024-05-30
2012,6,30,,,,,,,,,,,,,,,,,,,,,,,,,,,,,,,,,,,,,,,,,,,,,,,,,,,,,,,,,,,,,,,,,,,,,San Francisco,2012-06-30
2013,6,30,,,,,,,,,,,,,,,,,,,,,,,,,,,,,,,,,,,,,,,,,,,,,,,,,,,,,,,,,,,,,,,,,,,,,San Francisco,2013-06-30
2014,6,30,,,,,,,,,,,,,,,,,,,,,,,,,,,,,,,,,,,,,,,,,,,,,,,,,,,,,,,,,,,,,,,,,,,,,San Francisco,2014-06-30
2015,6,30,264,297,20,13,10,7,40,35,26,17,101,118,194,197,18,1,10,3,31,31,21,13,83,96,52,68,2,3,0,3,7,3,2,3,12,15,0,4,0,0,0,0,0,0,1,0,1,1,18,28,0,9,0,1,2,1,2,1,5,6,2136,11,192,-124,114,1488,128,430,San Francisco,2015-06-30
2016,6,30,250,317,25,7,8,12,38,38,7,20,83,103,175,223,22,0,3,9,22,33,6,12,61,73,53,69,1,3,3,2,12,3,1,5,16,21,2,3,0,0,0,0,0,1,0,0,1,1,20,22,2,4,2,1,4,1,0,3,5,8,2269,14,175,-129,109,1589,142,398,San Francisco,2016-06-30
2017,6,30,229,255,15,19,11,10,35,28,4,21,67,88,158,185,10,5,6,9,23,24,3,15,50,65,51,58,3,10,4,0,9,1,1,4,11,15,4,2,0,0,0,0,1,2,0,0,3,3,16,10,2,4,1,1,2,1,0,2,3,5,2011,14,153,-128,110,1254,145,437,San Francisco,2017-06-30
2018,6,30,171,292,20,16,6,12,38,44,5,18,87,105,76,196,14,3,3,5,24,35,3,8,62,70,75,62,2,8,2,5,12,7,2,7,21,28,1,5,1,0,0,0,0,0,0,0,0,0,19,29,3,5,1,2,2,2,0,3,4,7,1991,14,177,-127,111,1189,107,468,San Francisco,2018-06-30
2019,6,30,137,232,15,14,15,16,25,29,6,31,60,91,76,169,8,3,11,11,17,20,3,22,40,62,47,44,1,11,4,3,5,7,3,7,15,22,2,3,0,0,0,0,0,1,0,0,1,1,12,16,6,0,0,2,3,1,0,2,4,6,2137,22,166,-126,112,1338,116,392,San Francisco,2019-06-30
2020,6,30,142,187,16,7,10,15,39,46,13,25,98,123,73,145,14,1,8,13,27,41,11,21,79,100,37,25,1,3,0,2,6,3,1,2,10,12,4,1,0,0,0,0,1,0,1,0,2,2,28,16,1,3,2,0,5,2,0,2,7,9,1603,14,133,-124,114,957,98,380,San Francisco,2020-06-30
2021,6,30,140,198,10,10,4,12,53,31,14,16,98,114,54,147,9,5,2,9,34,26,14,11,74,85,47,32,1,5,2,3,13,4,0,5,17,22,2,1,0,0,0,0,2,0,0,0,2,2,37,18,0,0,0,0,4,1,0,0,5,5,1625,25,176,-130,108,933,126,405,San Francisco,2021-06-30
2022,6,30,81,166,15,8,11,16,41,36,15,27,92,119,48,129,14,1,10,13,28,28,11,23,67,90,24,21,1,4,1,1,10,8,3,2,21,23,0,1,0,0,0,0,1,0,1,0,2,2,9,15,0,3,0,2,2,0,0,2,2,4,1377,11,101,-129,109,760,106,357,San Francisco,2022-06-30
2023,6,30,113,212,10,11,7,10,40,22,18,17,80,97,60,151,7,5,7,8,30,19,12,15,61,76,37,39,2,5,0,1,6,0,4,1,10,11,0,0,0,0,0,0,2,0,0,0,2,2,16,22,1,1,0,1,2,3,2,1,7,8,1493,5,139,-128,110,813,96,418,San Francisco,2023-06-30
2024,6,30,104,161,17,12,12,15,34,24,9,27,67,94,41,96,14,1,7,7,27,18,8,14,53,67,44,44,1,6,4,5,5,3,1,9,9,18,2,4,0,0,0,0,0,0,0,0,0,0,17,17,2,5,1,3,2,3,0,4,5,9,1407,13,138,-126,112,785,77,394,San Francisco,2024-06-30
2012,7,30,,,,,,,,,,,,,,,,,,,,,,,,,,,,,,,,,,,,,,,,,,,,,,,,,,,,,,,,,,,,,,,,,,,,,San Francisco,2012-07-30
2013,7,30,,,,,,,,,,,,,,,,,,,,,,,,,,,,,,,,,,,,,,,,,,,,,,,,,,,,,,,,,,,,,,,,,,,,,San Francisco,2013-07-30
2014,7,30,,,,,,,,,,,,,,,,,,,,,,,,,,,,,,,,,,,,,,,,,,,,,,,,,,,,,,,,,,,,,,,,,,,,,San Francisco,2014-07-30
2015,7,30,263,308,16,6,6,12,21,32,17,18,70,88,172,212,15,0,5,6,18,27,14,11,59,70,68,70,1,3,1,4,2,1,0,5,3,8,6,2,0,0,0,0,0,0,0,0,0,0,17,24,0,3,0,2,1,4,3,2,8,10,2121,20,175,-94,144,1466,121,373,San Francisco,2015-07-30
2016,7,30,249,296,18,10,11,10,36,29,7,21,72,93,153,207,10,3,3,5,25,24,6,8,55,63,77,71,6,6,7,4,7,4,1,11,12,23,1,1,0,0,0,0,1,0,0,0,1,1,18,17,2,1,1,1,3,1,0,2,4,6,2093,9,142,-99,139,1344,124,420,San Francisco,2016-07-30
2017,7,30,242,262,13,3,12,8,42,30,6,20,78,98,150,177,7,0,3,6,24,22,4,9,50,59,73,63,4,3,7,2,9,4,2,9,15,24,4,2,1,0,0,0,1,0,0,0,1,1,15,20,1,0,2,0,8,4,0,2,12,14,2137,12,133,-98,140,1335,110,399,San Francisco,2017-07-30
2018,7,30,155,311,13,7,7,15,33,38,7,22,78,100,98,220,11,3,2,10,24,33,5,12,62,74,47,68,0,4,4,2,8,5,1,6,14,20,0,3,0,0,0,0,0,0,1,0,1,1,10,20,2,0,1,3,1,0,0,4,1,5,1964,10,126,-97,141,1237,128,359,San Francisco,2018-07-30
2019,7,30,229,302,17,10,12,12,43,35,7,24,85,109,172,215,12,0,11,7,35,25,7,18,67,85,46,57,3,9,1,4,7,5,0,5,12,17,3,2,1,0,0,1,0,0,0,1,0,1,8,28,1,1,0,0,1,5,0,0,6,6,2235,13,132,-96,142,1403,124,448,San Francisco,2019-07-30
2020,7,30,145,226,6,4,7,10,39,42,12,17,93,110,73,151,5,2,4,8,28,34,10,12,72,84,60,56,1,2,3,2,11,4,0,5,15,20,3,2,0,0,0,0,0,0,0,0,0,0,9,17,0,0,0,0,0,4,2,0,6,6,1720,8,96,-94,144,1088,97,378,San Francisco,2020-07-30
2021,7,30,132,221,12,4,3,14,43,39,11,17,93,110,65,154,11,2,1,8,30,35,11,9,76,85,50,48,1,2,2,4,6,4,0,6,10,16,3,1,0,0,0,0,0,0,0,0,0,0,14,18,0,0,0,2,7,0,0,2,7,9,1726,13,106,-100,138,1073,99,370,San Francisco,2021-07-30
2022,7,30,135,184,10,9,5,11,29,32,2,16,63,79,45,127,3,3,3,7,21,27,2,10,50,60,72,41,6,5,1,2,7,5,0,3,12,15,3,1,0,1,0,0,0,0,0,0,0,0,15,15,1,0,1,2,1,0,0,3,1,4,1437,13,105,-99,139,809,106,390,San Francisco,2022-07-30
2023,7,30,101,150,17,12,11,12,32,22,18,23,72,95,46,104,9,4,8,6,19,17,17,14,53,67,44,23,4,5,3,4,12,2,1,7,15,22,1,2,0,0,0,1,0,0,0,1,0,1,10,21,4,3,0,1,1,3,0,1,4,5,1365,9,106,-98,140,751,96,389,San Francisco,2023-07-30
2024,7,30,65,168,16,5,1,9,53,27,9,10,89,99,40,119,12,0,0,4,35,19,7,4,61,65,21,33,4,4,1,3,13,4,1,4,18,22,0,2,0,0,0,0,2,0,0,0,2,2,4,14,0,1,0,2,3,4,1,2,8,10,1443,9,109,-96,142,819,98,334,San Francisco,2024-07-30
2012,8,30,,,,,,,,,,,,,,,,,,,,,,,,,,,,,,,,,,,,,,,,,,,,,,,,,,,,,,,,,,,,,,,,,,,,,San Francisco,2012-08-30
2013,8,30,,,,,,,,,,,,,,,,,,,,,,,,,,,,,,,,,,,,,,,,,,,,,,,,,,,,,,,,,,,,,,,,,,,,,San Francisco,2013-08-30
2014,8,30,,,,,,,,,,,,,,,,,,,,,,,,,,,,,,,,,,,,,,,,,,,,,,,,,,,,,,,,,,,,,,,,,,,,,San Francisco,2014-08-30
2015,8,30,284,340,19,6,9,13,26,31,14,22,71,93,123,233,14,0,5,7,16,25,10,12,51,63,145,79,5,6,4,5,10,4,4,9,18,27,4,2,0,0,0,0,0,0,0,0,0,0,12,26,0,0,0,1,0,2,0,1,2,3,2149,15,125,-63,175,1427,130,428,San Francisco,2015-08-30
2016,8,30,241,335,20,5,6,10,40,45,10,16,95,111,165,213,17,1,2,7,24,36,6,9,66,75,55,98,2,4,4,2,13,7,3,6,23,29,6,2,0,0,0,0,0,0,0,0,0,0,15,22,1,0,0,1,3,2,1,1,6,7,2291,22,135,-68,170,1623,109,373,San Francisco,2016-08-30
2017,8,30,265,314,13,3,8,12,32,38,8,20,78,98,170,204,10,0,6,7,20,26,8,13,54,67,70,82,3,3,1,4,10,8,0,5,18,23,11,4,0,0,0,0,0,0,0,0,0,0,14,24,0,0,1,1,2,4,0,2,6,8,2212,24,136,-67,171,1408,149,426,San Francisco,2017-08-30
2018,8,30,150,312,15,8,6,15,33,38,10,21,81,102,73,209,8,2,3,10,20,33,6,13,59,72,63,73,6,4,3,5,7,4,3,8,14,22,5,3,0,0,0,0,1,0,1,0,2,2,9,27,1,2,0,0,5,1,0,0,6,6,2188,27,147,-66,172,1281,126,469,San Francisco,2018-08-30
2019,8,30,200,305,21,9,9,15,50,45,9,24,104,128,124,183,17,0,9,9,36,35,5,18,76,94,67,94,4,8,0,6,10,5,4,6,19,25,1,4,0,0,0,0,0,1,0,0,1,1,8,24,0,1,0,0,4,4,0,0,8,8,2113,18,130,-65,173,1283,120,500,San Francisco,2019-08-30
2020,8,30,127,199,6,13,5,10,36,49,5,15,90,105,53,130,4,7,2,7,22,38,5,9,65,74,64,57,2,5,3,1,13,8,0,4,21,25,0,2,0,0,0,0,0,0,0,0,0,0,10,10,0,1,0,2,1,3,0,2,4,6,1561,9,112,-63,175,1000,73,356,San Francisco,2020-08-30
2021,8,30,120,205,15,12,5,15,42,34,17,20,93,113,60,145,10,2,4,12,29,26,13,16,68,84,49,50,3,7,1,2,12,5,2,3,19,22,5,2,0,0,0,0,0,2,0,0,2,2,6,8,2,3,0,1,1,1,2,1,4,5,1704,14,91,-69,169,1047,109,376,San Francisco,2021-08-30
2022,8,30,157,167,13,9,9,11,37,38,17,20,92,112,93,122,8,1,4,6,25,31,12,10,68,78,53,35,3,5,5,5,11,5,3,10,19,29,1,0,2,0,0,0,0,0,0,0,0,0,10,10,0,3,0,0,1,2,2,0,5,5,1542,17,108,-68,170,877,108,375,San Francisco,2022-08-30
2023,8,30,110,242,15,7,12,6,45,20,12,18,77,95,66,167,13,2,7,6,29,18,9,13,56,69,42,58,2,4,4,0,12,2,2,4,16,20,0,1,0,0,0,0,1,0,0,0,1,1,2,16,0,1,1,0,3,0,1,1,4,5,1629,13,90,-67,171,901,115,436,San Francisco,2023-08-30
2024,8,30,125,201,21,7,4,14,30,28,6,18,64,82,72,127,17,1,2,7,17,24,4,9,45,54,41,56,4,6,1,7,11,2,1,8,14,22,3,1,0,0,0,0,0,0,0,0,0,0,9,17,0,0,1,0,2,2,1,1,5,6,1482,17,79,-65,173,797,82,427,San Francisco,2024-08-30
2012,9,30,,,,,,,,,,,,,,,,,,,,,,,,,,,,,,,,,,,,,,,,,,,,,,,,,,,,,,,,,,,,,,,,,,,,,San Francisco,2012-09-30
2013,9,30,,,,,,,,,,,,,,,,,,,,,,,,,,,,,,,,,,,,,,,,,,,,,,,,,,,,,,,,,,,,,,,,,,,,,San Francisco,2013-09-30
2014,9,30,,,,,,,,,,,,,,,,,,,,,,,,,,,,,,,,,,,,,,,,,,,,,,,,,,,,,,,,,,,,,,,,,,,,,San Francisco,2014-09-30
2015,9,30,262,337,28,10,7,12,33,35,13,19,81,100,134,207,20,2,4,6,25,27,7,10,59,69,103,108,6,6,2,4,7,6,5,6,18,24,12,4,0,0,0,1,0,0,0,1,0,1,13,18,2,2,1,1,1,2,1,2,4,6,2194,39,152,-32,206,1516,119,384,San Francisco,2015-09-30
2016,9,30,244,328,31,7,9,3,37,31,9,12,77,89,114,200,19,1,4,1,23,24,5,5,52,57,115,100,5,5,4,2,12,3,4,6,19,25,4,4,3,0,0,0,0,0,0,0,0,0,11,24,4,1,1,0,2,4,0,1,6,7,2262,41,169,-37,201,1495,131,443,San Francisco,2016-09-30
2017,9,30,308,250,23,12,13,15,37,32,6,28,75,103,152,150,14,2,1,11,22,19,2,12,43,55,132,84,7,10,12,4,11,8,4,16,23,39,1,3,0,0,0,0,2,0,0,0,2,2,23,13,2,0,0,0,2,5,0,0,7,7,2035,18,151,-36,202,1140,126,513,San Francisco,2017-09-30
2018,9,30,211,293,15,3,12,19,29,31,5,31,65,96,79,177,8,1,5,10,15,19,2,15,36,51,118,91,6,2,6,8,14,9,2,14,25,39,7,2,0,0,0,0,0,0,0,0,0,0,7,23,1,0,1,1,0,3,1,2,4,6,1954,30,125,-35,203,1138,117,475,San Francisco,2018-09-30
2019,9,30,164,298,29,6,10,11,39,43,13,21,95,116,91,194,25,0,5,5,29,34,9,10,72,82,59,86,4,6,4,6,8,7,4,10,19,29,4,0,0,0,0,0,2,0,0,0,2,2,10,18,0,0,1,0,0,2,0,1,2,3,2324,26,147,-34,204,1488,113,439,San Francisco,2019-09-30
2020,9,30,138,205,10,10,4,16,37,48,15,20,100,120,58,128,6,6,3,6,21,29,13,9,63,72,66,56,2,2,1,8,14,16,2,9,32,41,3,6,0,0,0,0,0,0,0,0,0,0,11,15,2,2,0,2,2,3,0,2,5,7,1667,29,127,-32,206,1051,108,358,San Francisco,2020-09-30
2021,9,30,121,203,14,6,2,12,30,37,15,14,82,96,49,151,8,0,1,8,12,28,12,9,52,61,65,42,5,5,1,3,15,8,2,4,25,29,1,2,1,1,0,0,1,1,0,0,2,2,6,8,0,0,0,1,2,0,1,1,3,4,1598,28,92,-38,200,903,114,417,San Francisco,2021-09-30
2022,9,30,90,202,21,12,8,8,41,20,10,16,71,87,41,119,15,4,4,4,28,18,6,8,52,60,43,65,6,7,3,1,11,1,2,4,14,18,1,1,0,0,0,1,0,0,0,1,0,1,5,17,0,1,1,2,2,1,2,3,5,8,1578,27,118,-37,201,872,98,449,San Francisco,2022-09-30
2023,9,30,135,165,12,4,9,12,31,26,7,21,64,85,52,104,6,0,7,6,15,19,6,13,40,53,74,46,4,4,1,4,15,5,0,5,20,25,1,3,0,0,0,0,0,0,0,0,0,0,8,12,2,0,1,2,1,2,1,3,4,7,1505,18,95,-36,202,814,91,448,San Francisco,2023-09-30
2024,9,30,108,196,14,10,4,11,42,36,8,15,86,101,63,120,9,1,2,5,23,27,5,7,55,62,38,56,4,9,1,5,17,7,3,6,27,33,3,1,0,0,0,0,0,0,0,0,0,0,4,19,1,0,1,1,2,2,0,2,4,6,1646,16,93,-34,204,944,115,384,San Francisco,2024-09-30
2012,10,30,,,,,,,,,,,,,,,,,,,,,,,,,,,,,,,,,,,,,,,,,,,,,,,,,,,,,,,,,,,,,,,,,,,,,San Francisco,2012-10-30
2013,10,30,,,,,,,,,,,,,,,,,,,,,,,,,,,,,,,,,,,,,,,,,,,,,,,,,,,,,,,,,,,,,,,,,,,,,San Francisco,2013-10-30
2014,10,30,,,,,,,,,,,,,,,,,,,,,,,,,,,,,,,,,,,,,,,,,,,,,,,,,,,,,,,,,,,,,,,,,,,,,San Francisco,2014-10-30
2015,10,30,302,313,26,4,16,19,37,31,13,35,81,116,132,172,17,0,5,11,18,17,10,16,45,61,148,115,6,4,9,4,15,10,2,13,27,40,8,6,0,0,0,0,1,1,1,0,3,3,14,20,3,0,2,4,3,3,0,6,6,12,2164,43,165,-2,236,1393,147,483,San Francisco,2015-10-30
2016,10,30,342,279,10,9,13,16,23,45,9,29,77,106,107,133,4,0,6,9,14,25,8,15,47,62,218,121,6,9,6,6,9,17,1,12,27,39,7,5,0,0,0,1,0,0,0,1,0,1,10,20,0,0,1,0,0,3,0,1,3,4,2188,28,152,-7,231,1363,126,492,San Francisco,2016-10-30
2017,10,30,233,337,23,6,4,16,48,33,8,20,89,109,123,194,12,5,2,9,30,18,5,11,53,64,87,104,7,1,1,5,15,9,1,6,25,31,13,5,0,0,0,1,0,1,0,1,1,2,10,34,4,0,1,1,3,5,2,2,10,12,2218,51,196,-6,232,1478,132,384,San Francisco,2017-10-30
2018,10,30,206,340,17,3,9,6,35,36,6,15,77,92,132,210,12,0,3,2,17,28,2,5,47,52,64,102,5,3,5,3,17,4,4,8,25,33,4,2,0,0,0,0,1,1,0,0,2,2,6,26,0,0,1,1,0,3,0,2,3,5,2464,43,225,-5,233,1520,127,501,San Francisco,2018-10-30
2019,10,30,216,287,20,7,10,11,26,35,7,21,68,89,124,181,12,3,4,5,17,27,5,9,49,58,74,87,6,3,5,5,9,3,1,10,13,23,7,2,1,0,0,0,0,0,0,0,0,0,11,17,1,1,1,1,0,5,1,2,6,8,2289,39,177,-4,234,1393,123,480,San Francisco,2019-10-30
2020,10,30,137,241,21,11,10,12,51,43,13,22,107,129,39,130,14,1,4,7,31,27,10,11,68,79,88,93,5,10,6,4,17,8,2,10,27,37,0,4,0,0,0,0,0,0,1,0,1,1,10,14,2,0,0,1,3,8,0,1,11,12,1692,21,104,-2,236,1062,116,372,San Francisco,2020-10-30
2021,10,30,156,165,20,8,4,6,31,27,14,10,72,82,46,92,8,1,1,2,13,17,9,3,39,42,100,58,8,5,2,4,16,7,3,6,26,32,4,1,1,0,0,0,1,0,1,0,2,2,6,14,3,2,1,0,1,3,1,1,5,6,1811,25,158,-8,230,972,124,501,San Francisco,2021-10-30
2022,10,30,129,153,13,12,9,19,44,40,11,28,95,123,29,91,4,0,6,10,24,25,9,16,58,74,98,56,9,11,3,9,14,12,2,12,28,40,0,2,0,0,0,0,2,0,0,0,2,2,2,4,0,1,0,0,4,3,0,0,7,7,1525,21,75,-7,231,797,86,447,San Francisco,2022-10-30
2023,10,30,87,171,17,7,8,8,33,26,10,16,69,85,43,96,10,1,3,6,17,15,4,9,36,45,36,63,5,4,4,1,11,5,5,5,21,26,4,1,1,0,0,0,1,2,0,0,3,3,4,11,1,2,1,1,4,4,1,2,9,11,1712,32,157,-6,232,948,89,403,San Francisco,2023-10-30
2024,10,30,114,207,14,5,2,8,25,35,5,10,65,75,59,118,11,2,2,5,15,19,5,7,39,46,49,67,2,3,0,3,8,12,0,3,20,23,0,5,1,0,0,0,0,0,0,0,0,0,6,17,0,0,0,0,2,4,0,0,6,6,1671,44,124,-4,234,1007,92,402,San Francisco,2024-10-30
2012,11,30,,,,,,,,,,,,,,,,,,,,,,,,,,,,,,,,,,,,,,,,,,,,,,,,,,,,,,,,,,,,,,,,,,,,,San Francisco,2012-11-30
2013,11,30,,,,,,,,,,,,,,,,,,,,,,,,,,,,,,,,,,,,,,,,,,,,,,,,,,,,,,,,,,,,,,,,,,,,,San Francisco,2013-11-30
2014,11,30,,,,,,,,,,,,,,,,,,,,,,,,,,,,,,,,,,,,,,,,,,,,,,,,,,,,,,,,,,,,,,,,,,,,,San Francisco,2014-11-30
2015,11,30,244,309,11,5,5,9,47,34,18,14,99,113,121,155,4,2,2,4,26,20,12,6,58,64,101,122,4,3,3,5,15,11,6,8,32,40,6,5,1,0,0,0,1,1,0,0,2,2,16,27,2,0,0,0,5,2,0,0,7,7,2109,26,212,29,267,1437,129,329,San Francisco,2015-11-30
2016,11,30,235,271,25,4,8,10,29,34,11,18,74,92,129,143,12,2,1,6,16,16,5,7,37,44,89,110,7,2,6,4,11,12,4,10,27,37,6,4,1,0,0,0,0,0,1,0,1,1,11,14,5,0,1,0,2,6,1,1,9,10,1980,33,182,24,262,1293,138,397,San Francisco,2016-11-30
2017,11,30,276,291,14,3,11,9,35,43,9,20,87,107,150,136,8,0,1,2,24,26,4,3,54,57,99,133,5,3,10,5,7,12,5,15,24,39,7,3,0,0,0,1,2,0,0,1,2,3,20,19,1,0,0,1,2,5,0,1,7,8,2203,39,233,25,263,1467,109,394,San Francisco,2017-11-30
2018,11,30,180,327,31,2,9,14,42,40,6,23,88,111,73,169,14,0,4,6,23,33,4,10,60,70,86,139,14,1,4,6,17,4,2,10,23,33,5,2,0,0,0,0,0,0,0,0,0,0,16,17,3,1,1,2,2,3,0,3,5,8,2293,28,236,26,264,1432,153,446,San Francisco,2018-11-30
2019,11,30,113,180,12,9,10,11,37,29,10,21,76,97,40,88,5,1,6,3,20,17,8,9,45,54,50,71,6,6,2,5,16,9,2,7,27,34,0,2,0,0,0,0,0,0,0,0,0,0,23,19,1,2,2,3,1,3,0,5,4,9,1515,8,148,27,265,973,87,290,San Francisco,2019-11-30
2020,11,30,94,175,14,5,10,6,47,42,14,16,103,119,43,84,8,0,4,5,24,28,8,9,60,69,40,70,5,3,4,1,19,9,5,5,33,38,3,4,0,0,0,0,0,0,0,0,0,0,8,17,1,2,2,0,4,5,1,2,10,12,1466,27,156,29,267,963,106,278,San Francisco,2020-11-30
2021,11,30,96,224,10,11,7,12,33,47,17,19,97,116,43,130,7,0,2,5,17,31,10,7,58,65,41,67,3,10,2,5,14,13,5,7,32,39,4,4,0,0,1,0,0,0,1,1,1,2,8,23,0,1,2,2,2,3,1,4,6,10,1724,23,161,23,261,1035,97,408,San Francisco,2021-11-30
2022,11,30,86,175,13,7,5,7,32,26,16,12,74,86,44,96,9,2,2,3,20,17,12,5,49,54,31,62,3,5,2,4,12,6,4,6,22,28,5,3,1,0,0,0,0,0,0,0,0,0,6,14,0,0,1,0,0,3,0,1,3,4,1434,23,124,24,262,856,71,330,San Francisco,2022-11-30
2023,11,30,91,165,20,3,9,17,32,30,13,26,75,101,51,101,11,1,3,10,16,19,9,13,44,57,31,54,4,1,4,7,13,9,3,11,25,36,1,0,0,1,0,0,0,0,0,0,0,0,8,10,5,0,2,0,3,2,1,2,6,8,1518,20,140,25,263,891,93,362,San Francisco,2023-11-30
2024,11,30,102,152,16,6,7,7,24,27,8,14,59,73,37,68,10,0,1,4,8,16,4,5,28,33,60,68,5,6,5,3,14,10,4,8,28,36,1,1,0,0,0,0,1,0,0,0,1,1,4,15,1,0,1,0,1,1,0,1,2,3,1315,13,96,27,265,744,80,328,San Francisco,2024-11-30
2012,12,30,,,,,,,,,,,,,,,,,,,,,,,,,,,,,,,,,,,,,,,,,,,,,,,,,,,,,,,,,,,,,,,,,,,,,San Francisco,2012-12-30
2013,12,30,,,,,,,,,,,,,,,,,,,,,,,,,,,,,,,,,,,,,,,,,,,,,,,,,,,,,,,,,,,,,,,,,,,,,San Francisco,2013-12-30
2014,12,30,,,,,,,,,,,,,,,,,,,,,,,,,,,,,,,,,,,,,,,,,,,,,,,,,,,,,,,,,,,,,,,,,,,,,San Francisco,2014-12-30
2015,12,30,237,275,17,7,6,13,49,36,16,19,101,120,129,122,12,1,1,6,31,24,11,7,66,73,91,129,4,2,2,5,14,7,5,7,26,33,8,3,0,0,0,0,2,0,0,0,2,2,9,21,1,4,3,2,2,5,0,5,7,12,2122,41,194,59,297,1523,156,294,San Francisco,2015-12-30
2016,12,30,213,273,23,4,9,14,43,24,5,23,72,95,98,144,12,0,1,8,27,14,3,9,44,53,93,104,8,4,8,4,13,6,1,12,20,32,3,2,0,0,0,0,1,0,0,0,1,1,19,23,3,0,0,2,2,4,1,2,7,9,2196,45,230,54,292,1509,107,314,San Francisco,2016-12-30
2017,12,30,229,301,11,15,8,14,40,20,8,22,68,90,113,147,5,0,4,5,19,12,4,9,35,44,99,124,4,15,4,9,19,5,3,13,27,40,5,3,1,0,0,0,1,0,0,0,1,1,12,27,1,0,0,0,1,3,1,0,5,5,1957,19,231,55,293,1212,121,328,San Francisco,2017-12-30
2018,12,30,132,268,14,9,10,10,25,27,10,20,62,82,63,142,6,2,1,3,9,15,5,4,29,33,58,102,8,7,7,6,12,8,5,13,25,38,4,2,0,0,0,0,1,1,0,0,2,2,7,22,0,0,2,1,3,3,0,3,6,9,1871,29,206,56,294,1150,99,350,San Francisco,2018-12-30
2019,12,30,123,274,15,11,5,12,39,49,11,17,99,116,59,128,9,1,3,6,22,34,7,9,63,72,53,115,6,10,2,6,13,10,2,8,25,33,5,3,0,0,0,0,1,0,1,0,2,2,6,28,0,0,0,0,3,5,1,0,9,9,1947,33,193,57,295,1164,130,363,San Francisco,2019-12-30
2020,12,30,83,175,13,11,11,8,49,44,25,19,118,137,37,85,5,1,9,6,29,30,15,15,74,89,36,74,6,7,1,2,20,10,8,3,38,41,2,7,0,0,0,0,0,0,0,0,0,0,8,9,2,3,1,0,0,4,2,1,6,7,1404,30,117,59,297,892,97,283,San Francisco,2020-12-30
2021,12,30,67,192,11,5,6,8,35,32,13,14,80,94,27,110,7,0,2,2,21,24,11,4,56,60,35,62,2,4,3,6,12,6,2,9,20,29,0,6,1,0,0,0,1,0,0,0,1,1,5,14,1,1,1,0,1,2,0,1,3,4,1331,19,83,53,291,815,98,262,San Francisco,2021-12-30
2022,12,30,50,149,11,7,5,9,49,23,15,14,87,101,16,69,5,0,5,4,27,15,9,9,51,60,30,70,3,6,0,5,18,7,6,5,31,36,2,2,0,0,0,0,1,0,0,0,1,1,2,8,3,1,0,0,3,1,0,0,4,4,1344,20,109,54,292,794,80,280,San Francisco,2022-12-30
2023,12,30,94,168,9,4,4,9,26,24,6,13,56,69,42,83,5,1,2,6,15,13,2,8,30,38,47,79,2,3,1,3,9,8,4,4,21,25,1,1,0,0,0,0,0,0,0,0,0,0,4,5,2,0,1,0,2,3,0,1,5,6,1305,17,103,55,293,779,80,298,San Francisco,2023-12-30
2024,12,30,86,183,13,6,10,6,31,31,7,16,69,85,34,84,6,0,6,2,15,18,4,8,37,45,48,75,4,6,3,4,16,9,3,7,28,35,1,3,1,0,0,0,0,0,0,0,0,0,3,21,2,0,1,0,0,4,0,1,4,5,1333,32,127,57,295,746,87,358,San Francisco,2024-12-30
2012,1,31,,,,,,,,,,,,,,,,,,,,,,,,,,,,,,,,,,,,,,,,,,,,,,,,,,,,,,,,,,,,,,,,,,,,,San Francisco,2012-01-31
2013,1,31,,,,,,,,,,,,,,,,,,,,,,,,,,,,,,,,,,,,,,,,,,,,,,,,,,,,,,,,,,,,,,,,,,,,,San Francisco,2013-01-31
2014,1,31,,,,,,,,,,,,,,,,,,,,,,,,,,,,,,,,,,,,,,,,,,,,,,,,,,,,,,,,,,,,,,,,,,,,,San Francisco,2014-01-31
2015,1,31,265,339,12,10,18,11,17,30,17,29,64,93,109,173,6,0,10,4,7,22,12,14,41,55,140,135,6,9,7,7,9,5,4,14,18,32,2,2,0,0,0,0,0,0,0,0,0,0,14,29,0,1,1,0,1,3,1,1,5,6,2206,18,173,-274,-36,1487,118,428,San Francisco,2015-01-31
2016,1,31,237,350,23,11,10,8,26,22,14,18,62,80,106,209,11,1,3,3,14,13,7,6,34,40,116,119,8,10,6,3,8,7,5,9,20,29,6,1,0,0,1,0,0,0,0,1,0,1,9,21,4,0,0,2,4,2,2,2,8,10,2170,25,153,-280,-42,1509,129,363,San Francisco,2016-01-31
2017,1,31,207,282,15,2,11,10,30,29,9,21,68,89,112,141,6,0,4,5,17,15,9,9,41,50,74,108,6,1,6,3,9,11,0,9,20,29,8,4,1,0,0,0,0,0,0,0,0,0,13,29,2,1,1,2,4,3,0,3,7,10,2114,34,176,-278,-40,1468,121,336,San Francisco,2017-01-31
2018,1,31,270,346,14,4,5,9,45,40,11,14,96,110,139,193,10,0,1,5,29,25,8,6,62,68,104,127,1,4,3,4,12,10,0,7,22,29,11,3,0,0,0,0,2,0,3,0,5,5,16,23,3,0,1,0,2,5,0,1,7,8,2163,51,198,-277,-39,1345,111,425,San Francisco,2018-01-31
2019,1,31,151,298,13,7,4,10,43,39,4,14,86,100,84,156,6,2,1,7,21,27,4,8,52,60,53,104,6,5,2,3,21,7,0,5,28,33,6,7,0,0,0,0,1,0,0,0,1,1,8,31,1,0,1,0,0,5,0,1,5,6,2183,42,226,-276,-38,1392,132,442,San Francisco,2019-01-31
2020,1,31,176,278,16,1,12,10,39,31,12,22,82,104,98,153,10,0,4,7,22,19,8,11,49,60,68,101,3,1,8,3,15,8,4,11,27,38,3,2,1,0,0,0,1,0,0,0,1,1,7,22,2,0,0,0,1,4,0,0,5,5,2069,26,200,-275,-37,1216,127,523,San Francisco,2020-01-31
2021,1,31,135,199,11,10,3,8,50,39,21,11,110,121,47,107,8,2,0,5,29,24,9,5,62,67,78,71,3,6,3,3,19,9,10,6,38,44,3,3,0,0,0,0,0,0,0,0,0,0,7,18,0,2,0,0,2,6,2,0,10,10,1577,32,121,-280,-42,986,107,340,San Francisco,2021-01-31
2022,1,31,118,183,15,9,6,9,44,29,17,15,90,105,43,113,8,0,2,6,24,20,12,8,56,64,68,57,5,9,4,2,13,7,3,6,23,29,1,1,0,0,0,0,2,0,0,0,2,2,6,12,2,0,0,1,5,2,2,1,9,10,1488,21,109,-279,-41,872,107,353,San Francisco,2022-01-31
2023,1,31,93,143,9,6,10,10,39,30,9,20,78,98,39,77,4,1,5,7,28,25,4,12,57,69,46,56,2,5,3,3,10,5,5,6,20,26,2,3,2,0,0,0,0,0,0,0,0,0,6,7,1,0,2,0,1,0,0,2,1,3,1508,26,109,-278,-40,971,80,307,San Francisco,2023-01-31
2024,1,31,101,170,14,5,2,3,37,20,9,5,66,71,60,90,5,1,2,2,24,16,6,4,46,50,28,72,6,4,0,1,11,3,3,1,17,18,3,0,0,0,0,0,1,1,0,0,2,2,10,8,3,0,0,0,1,0,0,0,1,1,1495,26,116,-277,-39,921,97,330,San Francisco,2024-01-31
2012,3,31,,,,,,,,,,,,,,,,,,,,,,,,,,,,,,,,,,,,,,,,,,,,,,,,,,,,,,,,,,,,,,,,,,,,,San Francisco,2012-03-31
2013,3,31,,,,,,,,,,,,,,,,,,,,,,,,,,,,,,,,,,,,,,,,,,,,,,,,,,,,,,,,,,,,,,,,,,,,,San Francisco,2013-03-31
2014,3,31,,,,,,,,,,,,,,,,,,,,,,,,,,,,,,,,,,,,,,,,,,,,,,,,,,,,,,,,,,,,,,,,,,,,,San Francisco,2014-03-31
2015,3,31,232,337,22,5,9,7,47,50,21,16,118,134,138,244,19,0,5,7,38,41,18,12,97,109,70,70,2,5,4,0,4,5,2,4,11,15,14,5,0,0,0,0,1,0,0,0,1,1,10,18,1,0,0,0,4,4,1,0,9,9,2150,38,127,-215,23,1517,141,350,San Francisco,2015-03-31
2016,3,31,234,325,13,5,9,15,48,26,17,24,91,115,136,202,9,1,6,6,27,19,12,12,58,70,72,99,4,4,2,7,14,4,5,9,23,32,10,6,0,0,0,0,0,0,0,0,0,0,16,18,0,0,1,2,7,3,0,3,10,13,2072,29,135,-220,18,1433,115,363,San Francisco,2016-03-31
2017,3,31,274,271,18,6,8,17,51,31,5,25,87,112,169,159,11,1,6,7,33,27,5,13,65,78,84,89,4,5,1,10,14,2,0,11,16,27,9,2,0,0,0,0,1,0,0,0,1,1,12,21,3,0,1,0,3,2,0,1,5,6,2402,37,158,-219,19,1573,133,422,San Francisco,2017-03-31
2018,3,31,267,296,16,10,13,16,35,42,9,29,86,115,142,189,8,5,8,7,21,32,6,15,59,74,108,80,7,5,5,8,12,7,3,13,22,35,2,4,0,0,0,0,1,0,0,0,1,1,15,23,1,0,0,1,1,3,0,1,4,5,2240,22,121,-218,20,1373,154,406,San Francisco,2018-03-31
2019,3,31,171,272,22,12,7,13,51,34,7,20,92,112,91,180,13,0,3,8,25,24,6,11,55,66,72,76,7,12,4,4,25,7,1,8,33,41,1,2,0,0,0,0,0,0,0,0,0,0,7,14,2,0,0,1,1,3,0,1,4,5,2114,17,129,-217,21,1242,118,485,San Francisco,2019-03-31
2020,3,31,153,266,7,2,3,11,25,35,11,14,71,85,81,196,7,0,2,7,12,32,9,9,53,62,58,50,0,2,1,4,12,1,2,5,15,20,5,2,0,0,0,0,0,0,0,0,0,0,9,18,0,0,0,0,1,2,0,0,3,3,1742,26,81,-215,23,1067,105,321,San Francisco,2020-03-31
2021,3,31,135,209,16,6,3,8,34,36,13,11,83,94,73,139,12,0,1,7,17,30,9,8,56,64,56,52,3,6,2,1,12,3,2,3,17,20,1,1,0,0,0,0,2,0,0,0,2,2,5,17,1,0,0,0,3,3,2,0,8,8,1686,19,97,-221,17,1079,102,350,San Francisco,2021-03-31
2022,3,31,127,205,11,9,7,14,32,38,8,21,78,99,65,155,5,4,5,11,25,28,6,16,59,75,58,42,2,4,0,3,6,6,2,3,14,17,2,0,0,1,0,0,0,0,0,0,0,0,2,8,4,0,2,0,1,4,0,2,5,7,1554,12,76,-220,18,936,81,373,San Francisco,2022-03-31
2023,3,31,106,172,15,16,9,7,35,27,12,16,74,90,49,99,11,2,4,4,19,22,9,8,50,58,48,58,4,12,2,1,13,5,1,3,19,22,1,1,0,0,0,0,0,0,2,0,2,2,8,14,0,2,3,2,3,0,0,5,3,8,1668,15,117,-219,19,965,88,384,San Francisco,2023-03-31
2024,3,31,91,166,10,7,4,6,34,21,3,10,58,68,38,108,5,1,2,2,19,15,2,4,36,40,51,44,5,5,2,4,11,6,1,6,18,24,0,2,0,0,0,0,0,0,0,0,0,0,2,12,0,1,0,0,4,0,0,0,4,4,1358,11,78,-217,21,752,83,360,San Francisco,2024-03-31
2012,5,31,,,,,,,,,,,,,,,,,,,,,,,,,,,,,,,,,,,,,,,,,,,,,,,,,,,,,,,,,,,,,,,,,,,,,San Francisco,2012-05-31
2013,5,31,,,,,,,,,,,,,,,,,,,,,,,,,,,,,,,,,,,,,,,,,,,,,,,,,,,,,,,,,,,,,,,,,,,,,San Francisco,2013-05-31
2014,5,31,,,,,,,,,,,,,,,,,,,,,,,,,,,,,,,,,,,,,,,,,,,,,,,,,,,,,,,,,,,,,,,,,,,,,San Francisco,2014-05-31
2015,5,31,234,281,22,13,10,12,31,32,13,22,76,98,131,208,12,3,7,6,19,22,7,13,48,61,83,54,5,6,3,4,10,5,3,7,18,25,1,2,0,0,0,0,0,0,0,0,0,0,19,17,5,4,0,2,2,5,3,2,10,12,1963,9,163,-154,84,1336,130,356,San Francisco,2015-05-31
2016,5,31,244,342,26,3,10,15,30,29,15,25,74,99,182,229,23,0,7,11,24,22,13,18,59,77,43,88,1,2,2,3,3,2,2,5,7,12,3,2,0,0,0,0,0,0,0,0,0,0,16,23,2,1,1,1,3,5,0,2,8,10,2293,11,157,-159,79,1643,114,352,San Francisco,2016-05-31
2017,5,31,271,285,21,5,10,8,29,27,5,18,61,79,197,211,17,2,9,6,25,23,4,15,52,67,49,54,1,2,1,1,1,2,0,2,3,5,3,1,0,0,0,0,0,0,0,0,0,0,22,19,3,1,0,1,3,2,1,1,6,7,2383,11,182,-158,80,1638,128,386,San Francisco,2017-05-31
2018,5,31,111,288,18,5,15,6,48,34,6,21,88,109,71,188,16,3,12,5,36,31,4,17,71,88,31,75,2,1,1,0,8,1,1,1,10,11,2,2,0,0,0,1,0,0,0,1,0,1,7,23,0,1,2,0,4,2,1,2,7,9,1999,15,157,-157,81,1323,132,383,San Francisco,2018-05-31
2019,5,31,193,301,18,7,8,9,38,32,3,17,73,90,135,217,13,2,7,6,28,24,0,13,52,65,39,58,3,5,0,3,6,5,1,3,12,15,4,1,1,0,0,0,2,0,1,0,3,3,15,25,1,0,1,0,2,3,1,1,6,7,2099,18,163,-156,82,1233,105,486,San Francisco,2019-05-31
2020,5,31,147,204,12,18,15,15,274,16,17,30,307,337,67,122,8,3,8,10,117,15,17,18,149,167,59,52,2,11,6,1,124,0,0,7,124,131,1,0,0,0,0,0,4,0,0,0,4,4,20,30,2,4,1,4,29,1,0,5,30,35,1991,13,245,-154,84,1237,125,369,San Francisco,2020-05-31
2021,5,31,117,183,12,13,4,15,42,30,11,19,83,102,67,139,7,1,2,10,32,24,8,12,64,76,33,29,3,9,2,4,7,3,2,6,12,18,4,1,0,0,0,0,0,0,0,0,0,0,13,14,2,3,0,1,3,3,1,1,7,8,1628,11,121,-160,78,1048,91,297,San Francisco,2021-05-31
2022,5,31,81,179,12,7,2,11,45,24,12,13,81,94,54,141,12,1,1,7,34,21,10,8,65,73,20,23,0,5,1,2,7,1,2,3,10,13,1,0,0,0,0,0,0,0,0,0,0,0,6,15,0,1,0,2,4,2,0,2,6,8,1502,10,114,-159,79,798,98,376,San Francisco,2022-05-31
2023,5,31,100,203,13,7,8,6,46,21,14,14,81,95,64,153,11,1,6,3,36,16,12,9,64,73,21,34,2,6,1,2,8,2,2,3,12,15,1,0,0,0,0,0,0,0,0,0,0,0,14,16,0,0,1,1,2,3,0,2,5,7,1538,8,112,-158,80,927,85,377,San Francisco,2023-05-31
2024,5,31,100,207,17,5,6,9,40,32,10,15,82,97,61,138,12,1,1,8,21,26,8,9,55,64,32,48,2,4,5,1,14,1,0,6,15,21,1,0,0,0,0,0,0,0,0,0,0,0,6,21,3,0,0,0,5,5,2,0,12,12,1562,7,142,-156,82,914,105,396,San Francisco,2024-05-31
2012,7,31,,,,,,,,,,,,,,,,,,,,,,,,,,,,,,,,,,,,,,,,,,,,,,,,,,,,,,,,,,,,,,,,,,,,,San Francisco,2012-07-31
2013,7,31,,,,,,,,,,,,,,,,,,,,,,,,,,,,,,,,,,,,,,,,,,,,,,,,,,,,,,,,,,,,,,,,,,,,,San Francisco,2013-07-31
2014,7,31,,,,,,,,,,,,,,,,,,,,,,,,,,,,,,,,,,,,,,,,,,,,,,,,,,,,,,,,,,,,,,,,,,,,,San Francisco,2014-07-31
2015,7,31,261,324,29,3,3,8,28,36,13,11,77,88,153,199,27,0,3,6,20,30,11,9,61,70,88,84,2,2,0,2,7,6,1,2,14,16,8,2,0,1,0,0,1,0,0,0,1,1,12,39,0,0,0,0,0,0,1,0,1,1,2093,21,163,-93,145,1434,128,368,San Francisco,2015-07-31
2016,7,31,217,242,15,17,10,10,29,37,15,20,81,101,148,155,10,1,4,5,22,29,10,9,61,70,50,71,5,16,6,4,5,6,3,10,14,24,3,1,0,0,0,0,0,0,0,0,0,0,16,15,0,0,0,1,2,2,2,1,6,7,1763,9,117,-98,140,1115,110,365,San Francisco,2016-07-31
2017,7,31,245,270,16,6,9,12,39,53,5,21,97,118,174,188,14,3,7,7,27,39,3,14,69,83,52,56,2,2,1,4,8,6,2,5,16,21,0,1,0,0,0,0,1,0,0,0,1,1,19,25,0,1,1,1,3,8,0,2,11,13,2243,10,149,-97,141,1435,125,411,San Francisco,2017-07-31
2018,7,31,156,369,17,4,12,10,42,37,10,22,89,111,94,280,16,1,9,6,32,30,9,15,71,86,40,68,0,3,3,3,3,4,1,6,8,14,5,1,0,0,0,1,0,0,0,1,0,1,17,20,1,0,0,0,7,3,0,0,10,10,2198,17,138,-96,142,1498,122,389,San Francisco,2018-07-31
2019,7,31,186,302,14,11,16,3,28,38,10,19,76,95,136,230,13,3,13,1,17,31,8,14,56,70,37,53,1,5,3,2,6,5,1,5,12,17,5,3,0,1,0,0,1,1,0,0,2,2,8,16,0,2,0,0,4,1,1,0,6,6,2205,22,137,-95,143,1389,112,466,San Francisco,2019-07-31
2020,7,31,154,212,11,8,1,12,45,23,15,13,83,96,69,158,8,2,0,8,32,22,11,8,65,73,63,41,0,4,1,0,13,0,3,1,16,17,3,1,0,0,0,1,0,0,0,1,0,1,19,12,3,2,0,3,0,1,1,3,2,5,1578,12,96,-93,145,1002,105,334,San Francisco,2020-07-31
2021,7,31,139,198,13,10,5,12,42,22,8,17,72,89,55,130,11,2,3,11,34,20,7,14,61,75,71,50,2,8,1,0,6,1,0,1,7,8,2,2,0,0,0,0,0,0,0,0,0,0,11,16,0,0,1,1,2,1,1,2,4,6,1599,18,122,-99,139,889,115,406,San Francisco,2021-07-31
2022,7,31,138,162,10,11,8,16,38,21,9,24,68,92,54,100,5,3,5,9,24,19,8,14,51,65,64,45,5,7,2,6,10,1,1,8,12,20,9,1,0,0,0,0,1,0,0,0,1,1,11,16,0,1,1,1,3,1,0,2,4,6,1267,18,101,-98,140,692,83,364,San Francisco,2022-07-31
2023,7,31,105,157,20,8,7,13,35,27,13,20,75,95,67,115,13,1,4,11,22,20,10,15,52,67,24,33,5,5,3,1,8,5,2,4,15,19,0,1,0,0,0,0,0,0,1,0,1,1,14,8,2,2,0,1,5,2,0,1,7,8,1493,8,109,-97,141,822,101,416,San Francisco,2023-07-31
2024,7,31,75,165,13,8,7,11,32,30,4,18,66,84,53,125,10,7,3,7,24,23,3,10,50,60,17,31,3,1,3,3,7,2,1,6,10,16,1,0,0,0,0,0,0,0,0,0,0,0,4,9,0,0,1,1,1,5,0,2,6,8,1367,6,93,-95,143,798,87,315,San Francisco,2024-07-31
2012,8,31,,,,,,,,,,,,,,,,,,,,,,,,,,,,,,,,,,,,,,,,,,,,,,,,,,,,,,,,,,,,,,,,,,,,,San Francisco,2012-08-31
2013,8,31,,,,,,,,,,,,,,,,,,,,,,,,,,,,,,,,,,,,,,,,,,,,,,,,,,,,,,,,,,,,,,,,,,,,,San Francisco,2013-08-31
2014,8,31,,,,,,,,,,,,,,,,,,,,,,,,,,,,,,,,,,,,,,,,,,,,,,,,,,,,,,,,,,,,,,,,,,,,,San Francisco,2014-08-31
2015,8,31,269,319,23,7,5,17,45,40,8,22,93,115,172,207,17,0,1,15,29,24,7,16,60,76,74,89,3,4,3,2,14,10,0,5,24,29,8,6,0,0,0,0,0,0,1,0,1,1,15,17,3,3,1,0,2,6,0,1,8,9,2340,28,157,-62,176,1590,161,393,San Francisco,2015-08-31
2016,8,31,245,307,19,3,7,10,22,39,9,17,70,87,160,200,14,1,4,4,15,29,6,8,50,58,64,80,5,1,0,4,5,7,3,4,15,19,7,4,0,0,1,0,1,0,0,1,1,2,14,23,0,1,2,2,1,3,0,4,4,8,2347,28,141,-67,171,1602,119,417,San Francisco,2016-08-31
2017,8,31,265,306,13,7,7,12,39,33,5,19,77,96,174,209,9,1,5,8,30,24,5,13,59,72,69,74,3,5,1,4,6,6,0,5,12,17,4,4,0,0,1,0,1,0,0,1,1,2,18,19,1,1,0,0,2,3,0,0,5,5,2286,27,136,-66,172,1442,137,468,San Francisco,2017-08-31
2018,8,31,150,377,16,6,14,14,37,33,7,28,77,105,77,246,12,1,8,9,27,26,5,17,58,75,62,103,4,5,5,4,6,4,1,9,11,20,1,5,0,0,0,1,1,0,0,1,1,2,10,23,0,0,1,0,3,3,1,1,7,8,2076,21,136,-65,173,1225,145,451,San Francisco,2018-08-31
2019,8,31,207,264,14,8,12,14,29,39,8,26,76,102,103,171,9,1,6,8,18,25,6,14,49,63,95,71,4,7,5,5,7,4,2,10,13,23,0,2,0,0,0,0,0,0,0,0,0,0,9,20,1,0,1,1,4,10,0,2,14,16,2029,14,129,-64,174,1201,123,457,San Francisco,2019-08-31
2020,8,31,111,228,7,9,5,9,32,42,13,14,87,101,53,163,5,1,3,5,25,35,11,8,71,79,51,52,2,6,1,1,5,1,2,2,8,10,0,4,0,0,0,0,0,0,0,0,0,0,7,9,0,2,1,3,2,6,0,4,8,12,1824,15,85,-62,176,1220,100,338,San Francisco,2020-08-31
2021,8,31,120,174,20,10,5,16,45,29,14,21,88,109,59,126,16,4,4,9,23,24,11,13,58,71,48,40,3,6,0,6,18,4,3,6,25,31,0,3,0,0,1,0,3,0,0,1,3,4,13,5,1,0,0,1,1,1,0,1,2,3,1701,19,94,-68,170,1011,109,397,San Francisco,2021-08-31
2022,8,31,107,195,24,4,6,7,35,25,13,13,73,86,60,144,20,0,2,2,21,18,6,4,45,49,38,34,4,4,1,2,12,3,6,3,21,24,1,2,0,0,0,0,0,0,0,0,0,0,8,15,0,0,3,3,2,4,1,6,7,13,1497,17,109,-67,171,830,112,385,San Francisco,2022-08-31
2023,8,31,105,198,16,4,13,11,39,40,20,24,99,123,60,143,12,1,9,7,28,33,14,16,75,91,41,43,3,3,4,4,10,4,4,8,18,26,1,1,0,0,0,0,0,0,1,0,1,1,3,11,1,0,0,0,1,3,1,0,5,5,1690,17,111,-66,172,971,105,369,San Francisco,2023-08-31
2024,8,31,132,145,15,21,6,15,17,31,13,21,61,82,72,88,10,4,2,5,10,23,7,7,40,47,55,46,4,13,4,7,6,5,6,11,17,28,0,2,0,0,0,1,0,0,0,1,0,1,5,9,1,4,0,2,1,3,0,2,4,6,1401,9,89,-64,174,697,94,460,San Francisco,2024-08-31
2012,10,31,,,,,,,,,,,,,,,,,,,,,,,,,,,,,,,,,,,,,,,,,,,,,,,,,,,,,,,,,,,,,,,,,,,,,San Francisco,2012-10-31
2013,10,31,,,,,,,,,,,,,,,,,,,,,,,,,,,,,,,,,,,,,,,,,,,,,,,,,,,,,,,,,,,,,,,,,,,,,San Francisco,2013-10-31
2014,10,31,,,,,,,,,,,,,,,,,,,,,,,,,,,,,,,,,,,,,,,,,,,,,,,,,,,,,,,,,,,,,,,,,,,,,San Francisco,2014-10-31
2015,10,31,370,357,35,6,16,13,30,30,12,29,72,101,126,174,23,0,5,6,19,21,7,11,47,58,225,156,11,6,10,7,9,8,4,17,21,38,6,2,0,0,0,0,1,0,0,0,1,1,13,25,1,0,1,0,1,1,1,1,3,4,2548,32,200,-1,237,1565,125,568,San Francisco,2015-10-31
2016,10,31,256,295,20,3,16,12,37,49,13,28,99,127,135,133,9,1,8,5,26,40,7,13,73,86,104,137,7,2,8,5,9,5,3,13,17,30,9,0,0,0,0,1,0,0,2,1,2,3,8,25,4,0,0,1,2,4,1,1,7,8,2037,31,191,-6,232,1322,121,426,San Francisco,2016-10-31
2017,10,31,254,303,23,17,5,10,37,34,18,15,89,104,120,163,14,1,4,5,20,23,14,9,57,66,117,112,7,14,1,5,17,7,4,6,28,34,6,7,1,0,0,0,0,0,0,0,0,0,11,21,1,2,0,0,0,4,0,0,4,4,2387,37,225,-5,233,1566,147,421,San Francisco,2017-10-31
2018,10,31,261,347,19,10,13,15,27,54,8,28,89,117,130,199,12,1,6,6,10,35,4,12,49,61,111,114,6,9,7,7,12,14,3,14,29,43,16,7,0,0,0,0,2,2,0,0,4,4,4,27,1,0,0,2,3,3,1,2,7,9,2594,55,184,-4,234,1628,139,527,San Francisco,2018-10-31
2019,10,31,182,273,30,13,15,17,33,43,6,32,82,114,84,150,20,3,6,5,26,27,5,11,58,69,90,102,8,7,5,9,6,11,1,14,18,32,2,4,0,0,0,0,0,0,0,0,0,0,6,17,2,3,4,3,1,5,0,7,6,13,2369,47,214,-3,235,1480,110,462,San Francisco,2019-10-31
2020,10,31,218,181,19,28,7,7,54,29,6,14,89,103,43,110,10,2,5,5,29,21,4,10,54,64,162,57,7,22,0,1,21,6,1,1,28,29,2,3,1,2,0,0,2,1,0,0,3,3,11,11,1,2,2,1,2,1,1,3,4,7,1838,32,186,-1,237,1106,103,494,San Francisco,2020-10-31
2021,10,31,184,175,21,15,5,15,25,25,22,20,72,92,56,98,8,4,3,4,15,19,11,7,45,52,119,60,13,11,2,10,8,5,8,12,21,33,0,2,0,0,0,0,0,0,1,0,1,1,9,15,0,0,0,1,2,1,2,1,5,6,1894,13,171,-7,231,1052,126,530,San Francisco,2021-10-31
2022,10,31,117,165,17,10,6,13,43,33,6,19,82,101,54,96,5,1,4,6,29,24,4,10,57,67,56,53,11,9,2,6,12,4,1,8,17,25,2,4,0,0,0,0,0,1,0,0,1,1,5,12,1,0,0,1,2,4,1,1,7,8,1624,25,154,-6,232,881,87,409,San Francisco,2022-10-31
2023,10,31,86,187,15,6,7,11,41,22,14,18,77,95,40,116,9,1,3,7,20,15,10,10,45,55,40,59,4,5,3,3,19,3,3,6,25,31,1,4,0,0,0,0,1,1,0,0,2,2,5,8,2,0,1,1,1,3,1,2,5,7,1837,27,188,-5,233,1044,104,390,San Francisco,2023-10-31
2024,10,31,157,211,25,6,4,15,26,36,4,19,66,85,80,115,8,0,4,11,10,22,2,15,34,49,61,74,12,6,0,3,13,12,2,3,27,30,4,8,0,0,0,0,1,0,0,0,1,1,12,14,5,0,0,1,2,2,0,1,4,5,1855,38,150,-3,235,1039,121,439,San Francisco,2024-10-31
2012,12,31,,,,,,,,,,,,,,,,,,,,,,,,,,,,,,,,,,,,,,,,,,,,,,,,,,,,,,,,,,,,,,,,,,,,,San Francisco,2012-12-31
2013,12,31,,,,,,,,,,,,,,,,,,,,,,,,,,,,,,,,,,,,,,,,,,,,,,,,,,,,,,,,,,,,,,,,,,,,,San Francisco,2013-12-31
2014,12,31,13,10,1,3,0,2,0,2,1,2,3,5,0,1,0,0,0,0,0,0,0,0,0,0,13,9,1,2,0,2,0,2,1,2,3,5,0,0,0,0,0,0,0,0,0,0,0,0,0,0,0,1,0,0,0,0,0,0,0,0,90,0,3,59,297,59,5,18,San Francisco,2014-12-31
2015,12,31,205,324,23,21,4,12,37,17,11,16,65,81,118,132,14,1,0,2,24,12,7,2,43,45,77,165,7,18,2,9,12,3,3,11,18,29,2,6,0,0,0,0,0,1,1,0,2,2,8,21,2,2,2,1,1,1,0,3,2,5,1894,29,138,60,298,1292,138,338,San Francisco,2015-12-31
2016,12,31,194,292,17,13,13,10,28,26,8,23,62,85,99,110,6,1,1,4,14,15,6,5,35,40,87,159,9,10,12,6,14,9,2,18,25,43,4,4,1,0,0,0,0,1,0,0,1,1,4,19,1,2,0,0,0,1,0,0,1,1,2223,22,211,55,293,1487,112,342,San Francisco,2016-12-31
2017,12,31,218,239,10,18,2,8,28,23,6,10,57,67,106,142,4,2,1,6,12,11,4,7,27,34,95,83,4,14,1,1,14,11,0,2,25,27,5,4,0,0,0,0,1,1,0,0,2,2,12,10,2,2,0,1,1,0,2,1,3,4,1839,30,162,56,294,1155,111,309,San Francisco,2017-12-31
2018,12,31,129,240,11,11,11,9,36,28,10,20,74,94,51,101,4,0,3,2,18,22,6,5,46,51,71,106,5,11,6,6,8,6,2,12,16,28,4,7,0,0,0,0,4,0,0,0,4,4,3,26,2,0,2,1,6,0,2,3,8,11,1875,37,190,57,295,1171,122,291,San Francisco,2018-12-31
2019,12,31,133,251,19,17,15,11,24,30,5,26,59,85,72,120,11,0,11,4,13,21,4,15,38,53,50,109,5,17,3,7,8,3,1,10,12,22,4,4,0,0,1,0,2,0,0,1,2,3,7,18,3,0,0,0,1,6,0,0,7,7,1868,31,134,58,296,1136,118,349,San Francisco,2019-12-31
2020,12,31,164,175,13,35,5,9,56,41,9,14,106,120,43,84,7,8,4,4,29,32,6,8,67,75,108,74,2,25,0,5,25,5,2,5,32,37,3,3,0,0,0,0,1,0,0,0,1,1,10,14,4,2,1,0,1,4,1,1,6,7,1565,28,130,60,298,899,101,389,San Francisco,2020-12-31
2021,12,31,112,168,8,14,7,10,41,21,3,17,65,82,33,79,3,2,7,5,21,9,3,12,33,45,72,70,2,12,0,4,15,8,0,4,23,27,1,4,0,0,0,0,1,0,0,0,1,1,6,15,3,0,0,1,4,4,0,1,8,9,1566,19,109,54,292,871,102,351,San Francisco,2021-12-31
2022,12,31,74,126,22,10,6,7,37,16,10,13,63,76,14,58,6,3,0,6,22,8,6,6,36,42,60,57,12,7,5,1,14,5,3,6,22,28,0,1,0,0,0,0,1,0,0,0,1,1,0,10,4,0,1,0,0,3,1,1,4,5,1380,10,116,55,293,801,94,303,San Francisco,2022-12-31
2023,12,31,103,161,7,16,8,14,33,16,8,22,57,79,32,78,4,3,3,7,18,11,7,10,36,46,66,68,3,13,5,7,11,2,0,12,13,25,1,3,0,0,0,0,1,0,1,0,2,2,4,12,0,0,0,0,3,3,0,0,6,6,1463,19,95,56,294,808,85,341,San Francisco,2023-12-31
2024,12,31,105,192,15,16,2,8,25,24,9,10,58,68,64,99,5,1,1,5,17,17,5,6,39,45,34,69,8,14,1,3,7,6,4,4,17,21,0,4,0,0,0,0,0,0,0,0,0,0,7,20,2,1,0,0,1,1,0,0,2,2,1571,23,114,58,296,872,112,350,San Francisco,2024-12-31
