year,month,day,calls_disorder,calls_behavior,calls_traffic,calls_gun,calls_robbery,calls_aggravated_assault,calls_burglary,calls_theft,calls_mv_theft,calls_violent,calls_property,calls_index,calls_disorder_day,calls_behavior_day,calls_traffic_day,calls_gun_day,calls_robbery_day,calls_aggravated_assault_day,calls_burglary_day,calls_theft_day,calls_mv_theft_day,calls_violent_day,calls_property_day,calls_index_day,calls_disorder_night,calls_behavior_night,calls_traffic_night,calls_gun_night,calls_robbery_night,calls_aggravated_assault_night,calls_burglary_night,calls_theft_night,calls_mv_theft_night,calls_violent_night,calls_property_night,calls_index_night,calls_disorder_is_sunrise,calls_behavior_is_sunrise,calls_traffic_is_sunrise,calls_gun_is_sunrise,calls_robbery_is_sunrise,calls_aggravated_assault_is_sunrise,calls_burglary_is_sunrise,calls_theft_is_sunrise,calls_mv_theft_is_sunrise,calls_violent_is_sunrise,calls_property_is_sunrise,calls_index_is_sunrise,calls_disorder_is_sunset,calls_behavior_is_sunset,calls_traffic_is_sunset,calls_gun_is_sunset,calls_robbery_is_sunset,calls_aggravated_assault_is_sunset,calls_burglary_is_sunset,calls_theft_is_sunset,calls_mv_theft_is_sunset,calls_violent_is_sunset,calls_property_is_sunset,calls_index_is_sunset,total_calls,calls_sunrise,calls_sunset,days_until_fall_dst,days_until_spring_dst,calls_handled,calls_no_action,calls_unable_to_locate,city,date
2012,1,1,,,,,,,,,,,,,,,,,,,,,,,,,,,,,,,,,,,,,,,,,,,,,,,,,,,,,,,,,,,,,,,,,,,,,Austin,2012-01-01
2013,1,1,,,,,,,,,,,,,,,,,,,,,,,,,,,,,,,,,,,,,,,,,,,,,,,,,,,,,,,,,,,,,,,,,,,,,Austin,2013-01-01
2014,1,1,165,80,37,26,5,40,34,15,23,45,72,117,67,27,16,6,2,7,15,5,11,9,31,40,93,47,20,18,3,31,16,5,10,34,31,65,2,0,0,0,0,1,1,0,1,1,2,3,3,6,1,2,0,1,2,5,1,1,8,9,1768,12,114,-305,-67,462,851,187,Austin,2014-01-01
2015,1,1,101,93,59,28,2,30,16,17,17,32,50,82,29,23,27,2,1,5,7,10,11,6,28,34,71,63,28,24,1,23,8,7,4,24,19,43,0,0,0,0,0,1,0,0,0,1,0,1,1,7,4,2,0,1,1,0,2,1,3,4,1434,16,82,-304,-66,401,752,113,Austin,2015-01-01
2016,1,1,145,93,54,25,6,21,20,8,14,27,42,69,45,34,20,2,1,4,14,3,9,5,26,31,87,50,30,22,5,16,6,5,4,21,15,36,4,2,0,0,0,1,0,0,0,1,0,1,9,7,4,1,0,0,0,0,1,0,1,1,1645,14,101,-310,-72,421,869,152,Austin,2016-01-01
2017,1,1,163,123,53,28,6,33,26,14,14,39,54,93,56,37,19,5,1,10,8,6,7,11,21,32,100,77,33,19,3,21,14,5,5,24,24,48,1,0,0,0,0,0,0,0,0,0,0,0,6,9,1,4,2,2,4,3,2,4,9,13,1454,9,105,-308,-70,403,789,181,Austin,2017-01-01
2018,1,1,115,80,30,30,7,26,14,13,20,33,47,80,45,31,15,2,2,3,9,8,9,5,26,31,65,42,12,26,5,21,4,4,6,26,14,40,2,0,0,0,0,1,0,0,1,1,1,2,3,7,3,2,0,1,1,1,4,1,6,7,1241,11,72,-307,-69,310,687,121,Austin,2018-01-01
2019,1,1,111,115,31,28,3,41,11,16,15,44,42,86,41,46,11,3,0,11,4,10,5,11,19,30,64,63,14,23,3,28,7,6,8,31,21,52,2,1,0,0,0,1,0,0,0,1,0,1,4,5,6,2,0,1,0,0,2,1,2,3,1243,8,81,-306,-68,345,650,153,Austin,2019-01-01
2020,1,1,138,140,36,29,2,35,12,9,21,37,42,79,55,65,16,7,0,11,7,4,8,11,19,30,75,62,16,20,1,23,4,4,11,24,19,43,1,1,0,0,0,0,0,0,0,0,0,0,7,12,4,2,1,1,1,1,2,2,4,6,1330,7,82,-305,-67,356,673,182,Austin,2020-01-01
2021,1,1,88,118,42,29,5,27,7,11,22,32,40,72,29,55,16,3,2,10,3,5,11,12,19,31,51,56,23,25,2,16,3,6,10,18,19,37,0,0,0,0,0,0,0,0,0,0,0,0,8,7,3,1,1,1,1,0,1,2,2,4,1053,8,65,-310,-72,336,523,112,Austin,2021-01-01
2022,1,1,90,139,32,43,4,36,7,7,16,40,30,70,31,53,11,7,0,10,4,4,12,10,20,30,52,75,17,33,2,25,3,2,4,27,9,36,1,1,3,1,0,0,0,0,0,0,0,0,6,10,1,2,2,1,0,1,0,3,1,4,967,10,61,-309,-71,269,507,150,Austin,2022-01-01
2023,1,1,89,106,33,37,3,24,19,5,34,27,58,85,38,55,9,6,2,3,5,1,19,5,25,30,42,41,18,30,1,19,11,4,14,20,29,49,1,2,1,0,0,1,1,0,0,1,1,2,8,8,5,1,0,1,2,0,1,1,3,4,890,12,82,-308,-70,291,428,132,Austin,2023-01-01
2024,1,1,85,127,44,35,4,29,16,4,30,33,50,83,35,57,14,4,2,15,3,2,22,17,27,44,46,55,26,30,2,13,12,2,8,15,22,37,0,2,1,0,0,1,0,0,0,1,0,1,4,13,3,1,0,0,1,0,0,0,1,1,928,11,51,-307,-69,263,504,120,Austin,2024-01-01
2012,2,1,,,,,,,,,,,,,,,,,,,,,,,,,,,,,,,,,,,,,,,,,,,,,,,,,,,,,,,,,,,,,,,,,,,,,Austin,2012-02-01
2013,2,1,,,,,,,,,,,,,,,,,,,,,,,,,,,,,,,,,,,,,,,,,,,,,,,,,,,,,,,,,,,,,,,,,,,,,Austin,2013-02-01
2014,2,1,153,141,58,11,5,18,27,19,12,23,58,81,64,57,31,0,1,7,16,10,8,8,34,42,79,71,23,10,4,10,8,7,3,14,18,32,2,0,1,0,0,0,0,0,0,0,0,0,8,13,3,1,0,1,3,2,1,1,6,7,1714,16,121,-274,-36,402,921,172,Austin,2014-02-01
2015,2,1,128,93,65,18,5,33,37,11,19,38,67,105,52,36,42,1,3,10,16,6,14,13,36,49,64,53,20,13,2,21,19,3,5,23,27,50,0,0,0,1,0,0,1,0,0,0,1,1,12,4,3,3,0,2,1,2,0,2,3,5,1285,8,80,-273,-35,393,635,132,Austin,2015-02-01
2016,2,1,89,131,89,6,2,29,29,19,20,31,68,99,49,66,65,1,0,7,16,13,14,7,43,50,34,50,10,4,1,16,10,3,3,17,16,33,0,1,5,0,0,0,1,0,0,0,1,1,6,14,9,1,1,6,2,3,3,7,8,15,1689,28,121,-279,-41,458,815,113,Austin,2016-02-01
2017,2,1,117,128,94,5,1,16,22,19,14,17,55,72,57,59,71,3,0,5,14,10,8,5,32,37,48,55,15,2,1,9,7,3,6,10,16,26,1,3,0,0,0,0,0,2,0,0,2,2,11,11,8,0,0,2,1,4,0,2,5,7,1732,37,127,-277,-39,421,906,128,Austin,2017-02-01
2018,2,1,82,130,75,11,4,23,21,10,16,27,47,74,51,70,46,5,2,6,15,7,10,8,32,40,27,47,21,5,2,12,5,2,3,14,10,24,0,3,3,1,0,0,0,0,1,0,1,1,4,10,5,0,0,5,1,1,2,5,4,9,1472,27,92,-276,-38,388,772,131,Austin,2018-02-01
2019,2,1,102,144,105,8,4,19,22,9,19,23,50,73,48,81,76,1,0,7,16,4,17,7,37,44,41,47,23,6,4,12,3,3,2,16,8,24,0,3,3,0,0,0,2,0,0,0,2,2,13,13,3,1,0,0,1,2,0,0,3,3,1473,19,111,-275,-37,380,788,144,Austin,2019-02-01
2020,2,1,129,156,73,19,0,23,13,9,23,23,45,68,58,67,43,4,0,5,6,5,16,5,27,32,59,79,24,13,0,18,5,4,5,18,14,32,3,5,0,0,0,0,1,0,0,0,1,1,9,5,6,2,0,0,1,0,2,0,3,3,1441,17,107,-274,-36,362,767,187,Austin,2020-02-01
2021,2,1,98,144,43,7,2,16,4,6,20,18,30,48,57,72,31,1,1,8,3,2,14,9,19,28,33,56,9,4,1,7,1,3,2,8,6,14,0,3,0,0,0,0,0,0,0,0,0,0,8,13,3,2,0,1,0,1,4,1,5,6,976,12,84,-279,-41,296,468,121,Austin,2021-02-01
2022,2,1,83,145,48,24,4,22,4,10,23,26,37,63,43,77,35,2,2,13,1,6,16,15,23,38,32,54,9,20,2,8,3,3,6,10,12,22,0,1,1,0,0,0,0,0,0,0,0,0,8,13,3,2,0,1,0,1,1,1,2,3,966,11,75,-278,-40,289,513,118,Austin,2022-02-01
2023,2,1,44,90,57,23,2,13,7,0,13,15,20,35,29,44,26,2,1,5,3,0,8,6,11,17,11,39,24,15,1,8,3,0,4,9,7,16,1,1,1,0,0,0,0,0,1,0,1,1,3,6,6,6,0,0,1,0,0,0,1,1,984,20,62,-277,-39,159,730,64,Austin,2023-02-01
2024,2,1,87,186,54,11,1,14,10,8,29,15,47,62,45,100,35,6,1,7,4,4,20,8,28,36,30,73,12,4,0,7,6,3,8,7,17,24,1,3,0,0,0,0,0,0,0,0,0,0,11,10,7,1,0,0,0,1,1,0,2,2,1097,11,69,-276,-38,345,554,103,Austin,2024-02-01
2012,3,1,,,,,,,,,,,,,,,,,,,,,,,,,,,,,,,,,,,,,,,,,,,,,,,,,,,,,,,,,,,,,,,,,,,,,Austin,2012-03-01
2013,3,1,,,,,,,,,,,,,,,,,,,,,,,,,,,,,,,,,,,,,,,,,,,,,,,,,,,,,,,,,,,,,,,,,,,,,Austin,2013-03-01
2014,3,1,124,118,76,10,1,23,26,17,21,24,64,88,44,47,48,4,0,6,13,10,12,6,35,41,65,64,23,6,1,16,13,6,8,17,27,44,0,0,2,0,0,0,0,0,0,0,0,0,15,7,3,0,0,1,0,1,1,1,2,3,1915,18,107,-246,-8,438,1006,170,Austin,2014-03-01
2015,3,1,90,107,69,9,4,27,12,8,15,31,35,66,40,36,37,2,1,9,5,3,8,10,16,26,48,58,25,6,3,16,6,4,5,19,15,34,1,2,0,0,0,0,0,1,1,0,2,2,1,11,7,1,0,2,1,0,1,2,2,4,1173,11,69,-245,-7,331,634,101,Austin,2015-03-01
2016,3,1,100,101,82,8,4,11,15,10,20,15,45,60,45,59,63,3,0,3,11,7,13,3,31,34,46,34,14,5,3,7,2,3,7,10,12,22,1,1,0,0,1,0,1,0,0,1,1,2,8,7,5,0,0,1,1,0,0,1,1,2,1596,15,121,-250,-12,374,830,134,Austin,2016-03-01
2017,3,1,117,162,116,3,3,21,28,18,15,24,61,85,68,86,88,0,2,7,16,11,8,9,35,44,40,63,18,2,1,13,9,3,5,14,17,31,0,3,1,0,0,0,0,0,0,0,0,0,9,10,9,1,0,1,3,4,2,1,9,10,1706,18,109,-249,-11,445,915,142,Austin,2017-03-01
2018,3,1,88,149,82,2,2,12,21,12,16,14,49,63,53,73,57,1,1,6,14,10,10,7,34,41,29,68,16,1,1,5,7,2,6,6,15,21,0,0,1,0,0,0,0,0,0,0,0,0,6,8,8,0,0,1,0,0,0,1,0,1,1475,12,73,-248,-10,350,767,147,Austin,2018-03-01
2019,3,1,94,135,94,3,1,20,25,11,13,21,49,70,53,76,59,0,1,10,11,8,5,11,24,35,35,53,23,3,0,7,11,3,7,7,21,28,1,0,2,0,0,0,2,0,0,0,2,2,5,6,10,0,0,3,1,0,1,3,2,5,1463,15,85,-247,-9,382,771,147,Austin,2019-03-01
2020,3,1,125,155,54,19,3,29,17,11,16,32,44,76,55,65,31,3,1,13,12,7,9,14,28,42,59,75,20,14,2,10,4,3,7,12,14,26,1,0,0,0,0,1,0,0,0,1,0,1,10,15,3,2,0,5,1,1,0,5,2,7,1276,24,102,-245,-7,361,631,169,Austin,2020-03-01
2021,3,1,82,154,40,19,5,15,10,9,26,20,45,65,51,82,29,4,1,6,5,5,19,7,29,36,25,60,8,15,3,8,5,3,6,11,14,25,0,1,2,0,1,0,0,0,1,1,1,2,6,11,1,0,0,1,0,1,0,1,1,2,983,15,51,-251,-13,299,483,145,Austin,2021-03-01
2022,3,1,58,146,60,15,1,18,8,7,34,19,49,68,38,87,45,3,0,7,0,5,27,7,32,39,13,49,10,11,1,11,7,2,5,12,14,26,1,1,1,0,0,0,0,0,2,0,2,2,6,9,4,1,0,0,1,0,0,0,1,1,952,8,66,-250,-12,278,489,122,Austin,2022-03-01
2023,3,1,77,164,62,20,1,17,14,13,23,18,50,68,49,90,39,6,0,8,7,8,15,8,30,38,25,59,15,12,1,9,7,5,8,10,20,30,0,2,2,0,0,0,0,0,0,0,0,0,3,13,6,2,0,0,0,0,0,0,0,0,943,10,63,-249,-11,296,467,128,Austin,2023-03-01
2024,3,1,77,163,81,20,4,13,10,8,24,17,42,59,48,82,57,5,1,6,4,7,16,7,27,34,24,71,20,13,3,6,6,1,5,9,12,21,1,2,1,0,0,0,0,0,0,0,0,0,4,8,3,2,0,1,0,0,3,1,3,4,1054,12,84,-247,-9,287,523,126,Austin,2024-03-01
2012,4,1,,,,,,,,,,,,,,,,,,,,,,,,,,,,,,,,,,,,,,,,,,,,,,,,,,,,,,,,,,,,,,,,,,,,,Austin,2012-04-01
2013,4,1,,,,,,,,,,,,,,,,,,,,,,,,,,,,,,,,,,,,,,,,,,,,,,,,,,,,,,,,,,,,,,,,,,,,,Austin,2013-04-01
2014,4,1,116,139,68,2,7,13,22,17,12,20,51,71,68,83,56,1,4,8,12,13,7,12,32,44,36,45,12,1,2,2,7,2,4,4,13,17,2,1,0,0,0,0,0,0,0,0,0,0,10,10,0,0,1,3,3,2,1,4,6,10,1807,29,128,-215,23,416,877,140,Austin,2014-04-01
2015,4,1,116,138,101,9,3,17,22,12,9,20,43,63,70,82,78,3,1,8,17,6,7,9,30,39,40,50,17,6,2,7,3,4,2,9,9,18,0,0,2,0,0,0,0,0,0,0,0,0,6,6,4,0,0,2,2,2,0,2,4,6,1641,19,92,-214,24,419,856,145,Austin,2015-04-01
2016,4,1,148,135,114,7,2,31,33,16,18,33,67,100,71,86,90,2,1,9,25,12,9,10,46,56,58,35,17,5,0,21,7,3,7,21,17,38,0,3,2,0,0,0,0,0,2,0,2,2,19,11,5,0,1,1,1,1,0,2,2,4,1725,26,119,-219,19,392,990,152,Austin,2016-04-01
2017,4,1,131,130,58,12,3,24,11,13,12,27,36,63,78,63,40,5,1,7,4,8,8,8,20,28,43,58,14,6,2,16,4,5,3,18,12,30,0,0,0,0,0,0,1,0,0,0,1,1,10,9,4,1,0,1,2,0,1,1,3,4,1513,15,122,-218,20,352,829,146,Austin,2017-04-01
2018,4,1,114,90,57,13,3,33,19,16,17,36,52,88,57,47,39,1,2,13,10,13,12,15,35,50,46,38,17,10,1,18,7,2,5,19,14,33,1,1,0,0,0,0,1,0,0,0,1,1,10,4,1,2,0,2,1,1,0,2,2,4,1285,10,82,-217,21,321,705,132,Austin,2018-04-01
2019,4,1,86,111,89,10,3,21,24,18,30,24,72,96,58,66,75,5,2,14,17,12,26,16,55,71,22,38,11,5,1,5,5,3,2,6,10,16,1,0,1,0,0,0,0,0,0,0,0,0,5,7,2,0,0,2,2,3,2,2,7,9,1341,18,75,-216,22,354,726,128,Austin,2019-04-01
2020,4,1,104,130,17,12,5,19,17,8,17,24,42,66,61,88,12,2,4,13,14,5,12,17,31,48,39,33,2,10,0,4,3,2,4,4,9,13,0,1,1,0,0,1,0,0,0,1,0,1,4,8,2,0,1,1,0,1,1,2,2,4,963,11,57,-214,24,289,524,104,Austin,2020-04-01
2021,4,1,86,160,49,17,1,15,12,1,20,16,33,49,57,94,40,5,0,9,5,0,14,9,19,28,20,50,5,11,1,5,5,1,6,6,12,18,2,0,0,0,0,0,1,0,0,0,1,1,7,16,4,1,0,1,1,0,0,1,1,2,967,13,73,-220,18,271,502,142,Austin,2021-04-01
2022,4,1,110,165,66,26,2,17,14,9,41,19,64,83,62,107,47,5,0,8,4,8,34,8,46,54,43,44,11,19,1,8,8,1,5,9,14,23,0,1,0,0,0,0,0,0,1,0,1,1,5,13,8,2,1,1,2,0,1,2,3,5,1174,14,84,-219,19,322,575,197,Austin,2022-04-01
2023,4,1,72,135,47,31,3,26,13,8,33,29,54,83,29,59,30,3,1,13,6,5,20,14,31,45,39,66,15,27,2,10,5,3,11,12,19,31,0,2,0,0,0,0,1,0,1,0,2,2,4,8,2,1,0,3,1,0,1,3,2,5,914,8,60,-218,20,283,444,144,Austin,2023-04-01
2024,4,1,67,167,60,20,2,18,6,16,30,20,52,72,43,92,51,8,2,6,2,13,19,8,34,42,19,62,7,11,0,10,4,1,9,10,14,24,1,2,1,0,0,0,0,0,0,0,0,0,4,11,1,1,0,2,0,2,2,2,4,6,1026,7,66,-216,22,263,544,138,Austin,2024-04-01
2012,5,1,,,,,,,,,,,,,,,,,,,,,,,,,,,,,,,,,,,,,,,,,,,,,,,,,,,,,,,,,,,,,,,,,,,,,Austin,2012-05-01
2013,5,1,,,,,,,,,,,,,,,,,,,,,,,,,,,,,,,,,,,,,,,,,,,,,,,,,,,,,,,,,,,,,,,,,,,,,Austin,2013-05-01
2014,5,1,116,112,76,5,1,15,24,12,18,16,54,70,76,69,69,1,1,11,16,10,12,12,38,50,33,31,6,4,0,3,4,1,4,3,9,12,1,0,0,0,0,0,2,0,1,0,3,3,6,12,1,0,0,1,2,1,1,1,4,5,1704,19,138,-185,53,397,830,140,Austin,2014-05-01
2015,5,1,98,125,110,6,3,22,19,14,19,25,52,77,47,62,96,0,2,9,10,11,13,11,34,45,32,54,9,6,1,7,9,2,4,8,15,23,1,0,1,0,0,2,0,0,0,2,0,2,18,9,4,0,0,4,0,1,2,4,3,7,1651,17,130,-184,54,376,872,175,Austin,2015-05-01
2016,5,1,114,139,72,11,5,23,24,8,14,28,46,74,62,68,42,2,3,14,19,6,9,17,34,51,47,58,24,8,1,9,5,2,4,10,11,21,0,2,0,0,0,0,0,0,0,0,0,0,5,11,6,1,1,0,0,0,1,1,1,2,1392,4,115,-189,49,338,758,149,Austin,2016-05-01
2017,5,1,124,160,91,11,5,25,23,12,21,30,56,86,75,89,73,5,1,19,17,9,13,20,39,59,37,56,12,2,3,5,5,3,7,8,15,23,0,2,1,0,0,0,0,0,0,0,0,0,12,13,5,4,1,1,1,0,1,2,2,4,1670,18,131,-188,50,435,825,182,Austin,2017-05-01
2018,5,1,97,157,69,7,6,27,27,15,12,33,54,87,73,102,60,3,4,14,19,9,7,18,35,53,18,42,6,3,2,11,5,6,2,13,13,26,0,2,0,0,0,0,1,0,1,0,2,2,6,11,3,1,0,2,2,0,2,2,4,6,1517,14,105,-187,51,418,741,143,Austin,2018-05-01
2019,5,1,118,160,90,6,2,18,19,10,26,20,55,75,66,98,70,1,1,12,11,6,18,13,35,48,40,46,10,3,1,5,7,2,7,6,16,22,3,3,2,0,0,0,0,0,0,0,0,0,9,13,8,2,0,1,1,2,1,1,4,5,1487,21,108,-186,52,369,797,153,Austin,2019-05-01
2020,5,1,115,163,41,18,3,24,17,12,24,27,53,80,76,94,34,6,3,12,10,9,19,15,38,53,34,55,2,9,0,8,4,2,5,8,11,19,0,1,0,0,0,0,1,0,0,0,1,1,5,13,5,3,0,4,2,1,0,4,3,7,1202,20,114,-184,54,345,617,131,Austin,2020-05-01
2021,5,1,109,156,66,18,3,18,10,12,23,21,45,66,66,87,38,8,2,7,2,9,18,9,29,38,34,51,24,10,1,9,8,2,3,10,13,23,0,1,0,0,0,0,0,0,0,0,0,0,9,17,4,0,0,2,0,1,2,2,3,5,1003,7,80,-190,48,292,518,170,Austin,2021-05-01
2022,5,1,106,150,62,27,3,20,7,8,26,23,41,64,67,93,42,3,1,11,3,5,16,12,24,36,30,46,15,18,1,8,4,2,7,9,13,22,0,3,1,0,0,0,0,0,0,0,0,0,9,8,4,6,1,1,0,1,3,2,4,6,1047,15,79,-189,49,281,550,181,Austin,2022-05-01
2023,5,1,71,151,57,16,4,22,11,8,35,26,54,80,47,99,45,4,1,12,7,7,24,13,38,51,18,37,6,11,2,9,4,1,7,11,12,23,0,1,0,0,0,0,0,0,0,0,0,0,6,14,6,1,1,1,0,0,4,2,4,6,996,9,81,-188,50,309,519,117,Austin,2023-05-01
2024,5,1,94,146,69,9,3,24,15,6,20,27,41,68,56,102,46,1,2,13,5,5,15,15,25,40,30,37,14,7,1,8,9,0,4,9,13,22,1,0,1,0,0,0,0,0,1,0,1,1,7,7,8,1,0,3,1,1,0,3,2,5,1038,7,81,-186,52,309,538,135,Austin,2024-05-01
2012,6,1,,,,,,,,,,,,,,,,,,,,,,,,,,,,,,,,,,,,,,,,,,,,,,,,,,,,,,,,,,,,,,,,,,,,,Austin,2012-06-01
2013,6,1,,,,,,,,,,,,,,,,,,,,,,,,,,,,,,,,,,,,,,,,,,,,,,,,,,,,,,,,,,,,,,,,,,,,,Austin,2013-06-01
2014,6,1,115,104,43,5,1,26,25,21,17,27,63,90,63,56,30,1,1,11,15,16,14,12,45,57,39,36,10,4,0,14,8,4,3,14,15,29,1,1,0,0,0,0,0,0,0,0,0,0,12,11,3,0,0,1,2,1,0,1,3,4,1452,12,111,-154,84,361,773,123,Austin,2014-06-01
2015,6,1,112,107,87,6,3,19,29,20,22,22,71,93,75,64,77,1,1,10,18,15,18,11,51,62,27,30,5,1,2,7,7,4,4,9,15,24,0,4,0,0,0,0,0,0,0,0,0,0,10,9,5,4,0,2,4,1,0,2,5,7,1567,15,144,-153,85,417,806,134,Austin,2015-06-01
2016,6,1,110,127,84,3,1,21,24,16,20,22,60,82,77,82,73,1,1,9,18,13,14,10,45,55,24,33,8,1,0,8,4,2,4,8,10,18,1,0,1,0,0,0,0,0,0,0,0,0,8,12,2,1,0,4,2,1,2,4,5,9,1608,14,112,-158,80,353,875,141,Austin,2016-06-01
2017,6,1,130,145,79,5,9,22,23,12,9,31,44,75,78,99,69,1,4,11,16,10,7,15,33,48,34,37,5,2,4,8,6,1,1,12,8,20,1,2,0,0,0,0,0,0,0,0,0,0,17,7,5,2,1,3,1,1,1,4,3,7,1712,25,171,-157,81,430,843,132,Austin,2017-06-01
2018,6,1,118,144,103,6,3,26,15,21,17,29,53,82,83,81,92,3,2,17,12,14,15,19,41,60,21,46,8,0,1,7,3,5,1,8,9,17,1,3,0,0,0,0,0,0,0,0,0,0,13,14,3,3,0,2,0,2,1,2,3,5,1670,29,147,-156,82,403,920,140,Austin,2018-06-01
2019,6,1,136,147,82,16,6,25,15,11,21,31,47,78,76,92,68,2,5,8,6,9,16,13,31,44,47,42,6,12,0,12,7,1,3,12,11,23,1,0,0,0,0,0,0,0,0,0,0,0,12,13,8,2,1,5,2,1,2,6,5,11,1479,11,150,-155,83,347,842,171,Austin,2019-06-01
2020,6,1,117,153,30,19,12,24,61,7,18,36,86,122,79,85,23,8,3,13,31,6,15,16,52,68,28,53,5,9,9,8,27,1,2,17,30,47,1,3,1,0,0,0,0,0,0,0,0,0,9,12,1,2,0,3,3,0,1,3,4,7,1064,11,94,-153,85,337,536,158,Austin,2020-06-01
2021,6,1,87,172,64,18,1,11,4,4,24,12,32,44,59,125,52,5,1,6,2,3,20,7,25,32,20,37,11,10,0,4,1,1,3,4,5,9,0,0,0,0,0,1,0,0,0,1,0,1,8,10,1,3,0,0,1,0,1,0,2,2,1023,12,78,-159,79,288,525,160,Austin,2021-06-01
2022,6,1,89,175,70,11,7,19,5,9,22,26,36,62,58,118,63,5,4,7,3,6,17,11,26,37,22,40,4,6,2,8,2,2,3,10,7,17,1,0,0,0,0,0,0,0,0,0,0,0,8,17,3,0,1,4,0,1,2,5,3,8,1052,8,81,-158,80,288,564,161,Austin,2022-06-01
2023,6,1,89,189,57,20,0,20,17,6,36,20,59,79,58,125,43,6,0,12,10,6,29,12,45,57,17,44,10,11,0,5,5,0,5,5,10,15,0,4,1,0,0,2,0,0,1,2,1,3,14,16,3,3,0,1,2,0,1,1,3,4,1136,17,96,-157,81,350,570,148,Austin,2023-06-01
2024,6,1,98,153,44,21,3,25,11,10,31,28,52,80,59,86,30,2,2,13,5,6,25,15,36,51,31,51,9,18,1,11,5,2,4,12,11,23,0,3,1,0,0,0,0,0,1,0,1,1,8,13,4,1,0,1,1,2,1,1,4,5,1054,9,99,-155,83,278,572,151,Austin,2024-06-01
2012,7,1,,,,,,,,,,,,,,,,,,,,,,,,,,,,,,,,,,,,,,,,,,,,,,,,,,,,,,,,,,,,,,,,,,,,,Austin,2012-07-01
2013,7,1,,,,,,,,,,,,,,,,,,,,,,,,,,,,,,,,,,,,,,,,,,,,,,,,,,,,,,,,,,,,,,,,,,,,,Austin,2013-07-01
2014,7,1,120,143,87,6,5,23,27,25,17,28,69,97,70,86,73,2,1,17,18,23,15,18,56,74,33,39,9,3,2,5,8,1,2,7,11,18,0,3,1,0,0,0,0,0,0,0,0,0,17,15,4,1,2,1,1,1,0,3,2,5,1689,20,159,-124,114,460,831,136,Austin,2014-07-01
2015,7,1,99,121,83,8,2,19,16,13,12,21,41,62,68,69,67,0,1,8,9,7,10,9,26,35,18,39,12,6,1,7,7,6,1,8,14,22,0,0,0,0,0,0,0,0,0,0,0,0,13,13,4,2,0,4,0,0,1,4,1,5,1680,19,161,-123,115,374,865,128,Austin,2015-07-01
2016,7,1,128,137,101,12,0,22,27,14,15,22,56,78,81,67,90,1,0,10,23,12,15,10,50,60,32,52,6,8,0,7,1,0,0,7,1,8,0,2,0,0,0,0,1,0,0,0,1,1,15,16,5,3,0,5,2,2,0,5,4,9,1733,17,220,-128,110,380,943,151,Austin,2016-07-01
2017,7,1,132,132,70,18,2,30,11,17,16,32,44,76,75,74,55,5,2,12,3,8,14,14,25,39,45,42,10,8,0,15,7,8,2,15,17,32,0,2,2,1,0,0,1,0,0,0,1,1,12,14,3,4,0,3,0,1,0,3,1,4,1592,25,152,-127,111,378,862,165,Austin,2017-07-01
2018,7,1,123,120,47,14,3,37,20,14,22,40,56,96,62,67,33,0,2,16,14,8,19,18,41,59,48,38,10,10,1,15,3,5,1,16,9,25,0,0,0,0,0,2,0,0,0,2,0,2,13,15,4,4,0,4,3,1,2,4,6,10,1344,9,148,-126,112,329,738,140,Austin,2018-07-01
2019,7,1,121,157,81,11,4,21,29,26,27,25,82,107,85,76,70,2,3,15,22,19,21,18,62,80,25,57,11,7,0,3,5,4,5,3,14,17,2,2,0,0,1,0,0,0,0,1,0,1,9,22,0,2,0,3,2,3,1,3,6,9,1474,20,114,-125,113,399,768,158,Austin,2019-07-01
2020,7,1,112,164,44,25,6,18,22,11,25,24,58,82,77,113,40,6,2,10,13,5,23,12,41,53,20,36,4,17,3,5,7,3,1,8,11,19,1,3,0,0,0,0,0,0,0,0,0,0,14,12,0,2,1,3,2,3,1,4,6,10,1035,13,92,-123,115,312,550,124,Austin,2020-07-01
2021,7,1,133,172,74,15,2,32,9,8,22,34,39,73,103,108,53,1,2,15,5,6,19,17,30,47,17,52,14,11,0,14,4,0,2,14,6,20,1,4,4,0,0,1,0,0,0,1,0,1,12,8,3,3,0,2,0,2,1,2,3,5,1138,21,88,-129,109,342,583,160,Austin,2021-07-01
2022,7,1,110,207,65,24,4,26,14,4,31,30,49,79,75,136,51,6,4,17,5,4,24,21,33,54,28,47,8,12,0,5,9,0,5,5,14,19,1,4,1,0,0,0,0,0,0,0,0,0,6,20,5,6,0,4,0,0,2,4,2,6,1121,12,89,-128,110,333,557,180,Austin,2022-07-01
2023,7,1,105,156,51,17,2,31,13,12,24,33,49,82,50,89,35,1,2,9,1,7,17,11,25,36,45,52,14,13,0,15,12,4,7,15,23,38,1,2,0,0,0,1,0,0,0,1,0,1,9,13,2,3,0,6,0,1,0,6,1,7,1043,13,86,-127,111,258,597,124,Austin,2023-07-01
2024,7,1,86,188,57,19,1,22,18,14,26,23,58,81,56,135,44,8,1,11,8,12,22,12,42,54,19,38,9,9,0,7,10,1,1,7,12,19,1,2,0,0,0,1,0,0,2,1,2,3,10,13,4,2,0,3,0,1,1,3,2,5,1088,20,78,-125,113,303,596,131,Austin,2024-07-01
2012,8,1,,,,,,,,,,,,,,,,,,,,,,,,,,,,,,,,,,,,,,,,,,,,,,,,,,,,,,,,,,,,,,,,,,,,,Austin,2012-08-01
2013,8,1,,,,,,,,,,,,,,,,,,,,,,,,,,,,,,,,,,,,,,,,,,,,,,,,,,,,,,,,,,,,,,,,,,,,,Austin,2013-08-01
2014,8,1,137,131,87,3,3,21,17,25,14,24,56,80,81,82,74,0,1,11,14,16,11,12,41,53,40,39,10,3,1,8,2,6,2,9,10,19,1,0,0,0,0,0,0,0,1,0,1,1,15,10,3,0,1,2,1,3,0,3,4,7,1875,14,167,-93,145,440,914,137,Austin,2014-08-01
2015,8,1,106,119,89,8,5,29,25,15,13,34,53,87,52,61,61,1,2,10,17,10,8,12,35,47,46,45,21,4,3,13,6,2,5,16,13,29,0,0,0,0,0,0,0,0,0,0,0,0,8,13,7,3,0,6,2,3,0,6,5,11,1596,3,141,-92,146,358,889,141,Austin,2015-08-01
2016,8,1,106,128,83,10,4,16,25,16,21,20,62,82,71,76,72,4,2,8,13,13,16,10,42,52,26,41,7,6,2,5,10,3,3,7,16,23,0,1,1,0,0,1,0,0,0,1,0,1,9,10,3,0,0,2,2,0,2,2,4,6,1569,15,120,-97,141,393,806,137,Austin,2016-08-01
2017,8,1,123,132,114,5,1,21,14,15,19,22,48,70,87,72,103,3,0,12,9,14,16,12,39,51,30,44,4,2,1,7,4,1,1,8,6,14,0,1,0,0,0,0,0,0,0,0,0,0,6,15,7,0,0,2,1,0,2,2,3,5,1526,12,110,-96,142,400,813,147,Austin,2017-08-01
2018,8,1,93,129,102,4,0,19,19,15,21,19,55,74,64,85,92,0,0,11,12,10,14,11,36,47,24,28,5,2,0,6,4,3,4,6,11,17,0,0,1,1,0,0,1,0,1,0,2,2,5,16,4,1,0,2,2,2,2,2,6,8,1412,26,105,-95,143,356,798,139,Austin,2018-08-01
2019,8,1,100,166,97,5,5,23,24,11,17,28,52,80,67,100,88,1,1,17,22,6,13,18,41,59,25,47,3,3,3,4,1,2,4,7,7,14,0,6,2,0,0,0,0,1,0,0,1,1,8,13,4,1,1,2,1,2,0,3,3,6,1449,27,112,-94,144,393,772,152,Austin,2019-08-01
2020,8,1,92,141,48,22,7,23,9,9,27,30,45,75,61,79,33,9,7,7,4,4,20,14,28,42,26,48,12,10,0,15,5,3,5,15,13,28,1,0,0,0,0,0,0,0,0,0,0,0,4,14,3,3,0,1,0,2,2,1,4,5,988,11,80,-92,146,256,541,152,Austin,2020-08-01
2021,8,1,116,156,47,21,3,30,11,12,21,33,44,77,71,96,30,9,0,19,3,9,18,19,30,49,37,44,14,10,3,7,5,3,0,10,8,18,1,2,0,0,0,1,0,0,1,1,1,2,7,14,3,2,0,3,3,0,2,3,5,8,1028,9,89,-98,140,309,533,143,Austin,2021-08-01
2022,8,1,88,197,52,12,4,24,10,7,29,28,46,74,59,120,39,4,4,14,6,4,21,18,31,49,22,62,9,7,0,9,3,3,6,9,12,21,1,2,2,0,0,0,0,0,0,0,0,0,6,13,2,1,0,1,1,0,2,1,3,4,1048,15,77,-97,141,316,539,151,Austin,2022-08-01
2023,8,1,95,177,58,9,2,19,7,8,38,21,53,74,62,123,54,3,2,11,3,4,31,13,38,51,25,42,4,5,0,4,1,3,4,4,8,12,0,0,0,0,0,0,0,0,0,0,0,0,8,12,0,1,0,4,3,1,3,4,7,11,1041,7,76,-96,142,296,557,107,Austin,2023-08-01
2024,8,1,81,142,69,14,3,25,10,12,36,28,58,86,49,81,51,3,2,16,4,7,25,18,36,54,21,47,10,10,1,8,6,4,7,9,17,26,2,2,2,0,0,0,0,0,4,0,4,4,9,12,6,1,0,1,0,1,0,1,1,2,1043,17,79,-94,144,294,567,96,Austin,2024-08-01
2012,9,1,,,,,,,,,,,,,,,,,,,,,,,,,,,,,,,,,,,,,,,,,,,,,,,,,,,,,,,,,,,,,,,,,,,,,Austin,2012-09-01
2013,9,1,,,,,,,,,,,,,,,,,,,,,,,,,,,,,,,,,,,,,,,,,,,,,,,,,,,,,,,,,,,,,,,,,,,,,Austin,2013-09-01
2014,9,1,130,133,52,8,2,25,20,11,23,27,54,81,63,66,40,3,2,12,11,7,16,14,34,48,55,52,10,2,0,10,8,2,5,10,15,25,1,2,0,0,0,0,0,0,0,0,0,0,11,13,2,3,0,3,1,2,2,3,5,8,1767,18,140,-62,176,385,888,129,Austin,2014-09-01
2015,9,1,121,119,100,5,2,23,24,10,18,25,52,77,77,70,86,3,0,11,19,6,15,11,40,51,36,39,12,1,2,10,5,2,1,12,8,20,0,1,0,0,0,0,0,0,0,0,0,0,8,9,2,1,0,2,0,2,2,2,4,6,1631,14,94,-61,177,385,856,128,Austin,2015-09-01
2016,9,1,109,135,86,12,3,25,32,19,22,28,73,101,75,75,77,4,0,14,23,10,19,14,52,66,31,53,6,8,3,10,7,4,1,13,12,25,1,3,1,0,0,0,0,1,0,0,1,1,2,4,2,0,0,1,2,4,2,1,8,9,1603,26,108,-66,172,378,884,147,Austin,2016-09-01
2017,9,1,117,130,90,11,3,18,20,10,12,21,42,63,76,59,64,5,1,9,12,8,5,10,25,35,30,54,16,5,1,7,5,2,6,8,13,21,1,2,2,0,0,0,0,0,0,0,0,0,10,15,8,1,1,2,3,0,1,3,4,7,1667,19,135,-65,173,392,963,148,Austin,2017-09-01
2018,9,1,128,107,76,13,2,36,19,12,20,38,51,89,73,57,52,5,2,18,13,3,16,20,32,52,41,42,16,6,0,16,5,7,2,16,14,30,0,0,0,0,0,0,0,0,1,0,1,1,14,8,8,2,0,2,1,2,1,2,4,6,1384,11,100,-64,174,335,790,118,Austin,2018-09-01
2019,9,1,103,170,55,21,4,29,25,9,14,33,48,81,42,96,32,8,2,16,15,7,10,18,32,50,55,59,15,10,2,10,7,2,3,12,12,24,0,0,0,0,0,0,2,0,0,0,2,2,6,15,8,3,0,3,1,0,1,3,2,5,1313,9,107,-63,175,329,711,176,Austin,2019-09-01
2020,9,1,85,160,54,20,4,17,11,10,22,21,43,64,60,89,36,7,1,11,6,7,16,12,29,41,19,57,14,12,3,5,4,3,3,8,10,18,0,0,1,0,0,0,0,0,1,0,1,1,6,14,3,1,0,1,1,0,2,1,3,4,1038,7,78,-61,177,305,541,138,Austin,2020-09-01
2021,9,1,117,177,57,13,5,22,19,8,19,27,46,73,75,110,45,6,3,7,7,5,16,10,28,38,38,52,7,5,2,11,12,2,3,13,17,30,1,0,3,0,0,1,0,0,0,1,0,1,3,15,2,2,0,3,0,1,0,3,1,4,1121,16,93,-67,171,332,572,161,Austin,2021-09-01
2022,9,1,84,169,51,14,6,28,6,16,29,34,51,85,51,99,44,6,3,14,1,14,22,17,37,54,24,54,6,7,2,11,5,2,6,13,13,26,1,1,0,0,0,0,0,0,0,0,0,0,8,15,1,1,1,3,0,0,1,4,1,5,1062,11,80,-66,172,322,552,126,Austin,2022-09-01
2023,9,1,91,188,76,16,2,14,14,9,26,16,49,65,58,119,47,3,1,9,6,4,19,10,29,39,25,46,21,12,1,5,7,3,3,6,13,19,1,9,0,0,0,0,1,0,1,0,2,2,7,14,8,1,0,0,0,2,3,0,5,5,1117,22,83,-65,173,308,586,132,Austin,2023-09-01
2024,9,1,80,148,41,27,4,29,8,7,23,33,38,71,43,80,28,6,2,15,3,4,15,17,22,39,34,52,10,18,2,13,5,3,8,15,16,31,1,1,0,0,0,0,0,0,0,0,0,0,2,15,3,3,0,1,0,0,0,1,0,1,1075,12,77,-63,175,287,580,146,Austin,2024-09-01
2012,10,1,,,,,,,,,,,,,,,,,,,,,,,,,,,,,,,,,,,,,,,,,,,,,,,,,,,,,,,,,,,,,,,,,,,,,Austin,2012-10-01
2013,10,1,,,,,,,,,,,,,,,,,,,,,,,,,,,,,,,,,,,,,,,,,,,,,,,,,,,,,,,,,,,,,,,,,,,,,Austin,2013-10-01
2014,10,1,98,146,83,4,3,26,25,28,13,29,66,95,58,71,64,1,0,10,21,20,7,10,48,58,33,55,10,2,3,13,4,6,6,16,16,32,0,1,2,0,0,0,0,0,0,0,0,0,7,19,7,1,0,3,0,2,0,3,2,5,1715,26,109,-32,206,432,862,150,Austin,2014-10-01
2015,10,1,103,100,81,5,2,28,18,16,18,30,52,82,58,57,69,3,1,16,11,11,11,17,33,50,36,33,10,2,1,10,7,5,5,11,17,28,1,0,1,0,0,0,0,0,0,0,0,0,8,10,1,0,0,2,0,0,2,2,2,4,1645,17,110,-31,207,380,817,128,Austin,2015-10-01
2016,10,1,140,130,78,9,4,25,25,25,23,29,73,102,63,57,47,5,1,11,12,18,16,12,46,58,68,65,25,4,2,10,11,5,7,12,23,35,1,1,0,0,1,1,0,0,0,2,0,2,8,7,6,0,0,3,2,2,0,3,4,7,1535,12,100,-36,202,392,843,160,Austin,2016-10-01
2017,10,1,114,149,70,8,4,29,10,9,19,33,38,71,51,64,47,1,3,15,7,7,14,18,28,46,50,71,15,6,1,12,3,2,4,13,9,22,2,1,1,0,0,0,0,0,0,0,0,0,11,13,7,1,0,2,0,0,1,2,1,3,1330,10,93,-35,203,370,714,140,Austin,2017-10-01
2018,10,1,97,139,74,5,5,25,21,17,19,30,57,87,58,73,57,1,0,11,10,9,13,11,32,43,33,61,8,4,5,14,8,6,4,19,18,37,0,0,4,0,0,0,1,1,0,0,2,2,6,5,5,0,0,0,2,1,2,0,5,5,1384,25,90,-34,204,371,731,154,Austin,2018-10-01
2019,10,1,104,160,109,10,5,27,24,16,16,32,56,88,57,89,87,1,4,15,14,11,11,19,36,55,37,54,16,8,1,10,6,3,5,11,14,25,1,3,3,0,0,0,0,0,0,0,0,0,9,14,3,1,0,2,4,2,0,2,6,8,1462,17,117,-33,205,426,758,153,Austin,2019-10-01
2020,10,1,87,143,60,10,4,27,6,8,23,31,37,68,54,77,42,3,3,10,4,4,21,13,29,42,30,54,13,5,1,16,1,2,2,17,5,22,0,2,1,0,0,0,0,0,0,0,0,0,3,10,4,2,0,1,1,2,0,1,3,4,987,10,56,-31,207,292,497,138,Austin,2020-10-01
2021,10,1,87,158,82,16,2,17,6,7,31,19,44,63,57,93,49,4,0,4,2,6,20,4,28,32,28,53,23,11,2,11,4,1,8,13,13,26,1,0,5,0,0,0,0,0,1,0,1,1,1,12,5,1,0,2,0,0,2,2,2,4,1084,19,72,-37,201,279,622,120,Austin,2021-10-01
2022,10,1,98,144,63,17,4,23,10,5,18,27,33,60,47,62,30,6,1,10,3,2,12,11,17,28,43,68,27,11,3,11,6,2,4,14,12,26,1,6,0,0,0,1,0,0,1,1,1,2,7,8,6,0,0,1,1,1,1,1,3,4,966,17,54,-36,202,270,527,128,Austin,2022-10-01
2023,10,1,89,152,49,14,1,19,7,12,31,20,50,70,44,76,27,2,0,6,4,7,23,6,34,40,39,63,20,12,1,11,3,2,5,12,10,22,2,1,0,0,0,0,0,0,1,0,1,1,4,12,2,0,0,2,0,3,2,2,5,7,1035,9,85,-35,203,277,551,130,Austin,2023-10-01
2024,10,1,95,160,69,6,1,26,6,8,14,27,28,55,47,89,56,3,1,13,1,8,10,14,19,33,41,61,7,3,0,12,5,0,3,12,8,20,0,3,2,0,0,0,0,0,0,0,0,0,7,7,4,0,0,1,0,0,1,1,1,2,1068,11,60,-33,205,303,547,132,Austin,2024-10-01
2012,11,1,,,,,,,,,,,,,,,,,,,,,,,,,,,,,,,,,,,,,,,,,,,,,,,,,,,,,,,,,,,,,,,,,,,,,Austin,2012-11-01
2013,11,1,,,,,,,,,,,,,,,,,,,,,,,,,,,,,,,,,,,,,,,,,,,,,,,,,,,,,,,,,,,,,,,,,,,,,Austin,2013-11-01
2014,11,1,149,133,78,4,6,35,18,13,12,41,43,84,50,52,45,2,1,8,8,8,6,9,22,31,89,70,28,2,4,25,9,0,4,29,13,42,1,1,0,0,0,0,1,0,1,0,2,2,9,10,5,0,1,2,0,5,1,3,6,9,1740,18,121,-1,237,416,954,181,Austin,2014-11-01
2015,11,1,132,132,57,12,6,33,26,15,17,39,58,97,38,45,33,3,5,6,17,8,12,11,37,48,86,75,18,8,1,26,8,7,5,27,20,47,0,1,0,0,0,0,0,0,0,0,0,0,8,11,6,1,0,1,1,0,0,1,1,2,1578,12,108,0,238,397,861,178,Austin,2015-11-01
2016,11,1,126,160,103,9,2,23,23,16,10,25,49,74,55,92,61,3,1,11,14,9,7,12,30,42,59,55,31,6,1,9,5,6,2,10,13,23,2,4,4,0,0,1,0,0,0,1,0,1,10,9,7,0,0,2,4,1,1,2,6,8,1617,33,117,-5,233,437,865,144,Austin,2016-11-01
2017,11,1,125,141,98,8,1,18,19,18,21,19,58,77,69,84,64,0,0,8,9,9,14,8,32,40,45,40,23,8,1,9,10,6,6,10,22,32,1,4,2,0,0,0,0,0,1,0,1,1,10,13,9,0,0,1,0,3,0,1,3,4,1513,24,94,-4,234,385,804,138,Austin,2017-11-01
2018,11,1,106,136,96,5,4,25,24,13,20,29,57,86,56,70,74,2,2,12,15,7,13,14,35,49,45,53,13,3,2,11,9,2,5,13,16,29,0,1,1,0,0,0,0,1,1,0,2,2,5,12,8,0,0,2,0,3,1,2,4,6,1473,26,105,-3,235,409,773,130,Austin,2018-11-01
2019,11,1,103,146,108,11,5,24,22,12,23,29,57,86,55,74,81,2,1,4,12,6,18,5,36,41,44,65,15,9,4,19,5,6,3,23,14,37,0,2,4,0,0,0,2,0,2,0,4,4,4,5,8,0,0,1,3,0,0,1,3,4,1488,18,71,-2,236,383,794,163,Austin,2019-11-01
2020,11,1,135,130,51,35,5,27,1,7,24,32,32,64,60,49,28,6,0,11,1,4,14,11,19,30,62,71,20,28,5,14,0,1,10,19,11,30,0,2,0,1,0,0,0,0,0,0,0,0,13,8,3,0,0,2,0,2,0,2,2,4,1128,8,83,0,238,329,562,178,Austin,2020-11-01
2021,11,1,89,157,75,30,4,28,13,6,39,32,58,90,49,93,38,7,2,5,4,3,28,7,35,42,35,53,27,22,1,20,9,2,10,21,21,42,1,1,1,1,1,1,0,0,0,2,0,2,4,10,9,0,0,2,0,1,1,2,2,4,1065,15,65,-6,232,328,540,142,Austin,2021-11-01
2022,11,1,70,152,56,19,3,24,13,4,34,27,51,78,35,65,35,6,2,8,3,2,19,10,24,34,31,71,11,11,1,13,9,2,10,14,21,35,0,4,4,0,0,0,0,0,4,0,4,4,4,12,6,2,0,3,1,0,1,3,2,5,943,22,73,-5,233,316,451,132,Austin,2022-11-01
2023,11,1,76,137,86,15,2,17,10,12,34,19,56,75,42,75,60,3,0,6,4,10,22,6,36,42,30,52,20,11,2,7,6,2,10,9,18,27,1,0,1,0,0,1,0,0,0,1,0,1,3,10,5,1,0,3,0,0,2,3,2,5,991,11,57,-4,234,309,527,103,Austin,2023-11-01
2024,11,1,96,165,76,25,3,30,6,7,28,33,41,74,38,85,43,6,1,11,3,3,22,12,28,40,46,72,23,19,2,18,3,4,5,20,12,32,0,1,2,0,0,0,0,0,0,0,0,0,12,7,8,0,0,1,0,0,1,1,1,2,1148,19,81,-2,236,296,618,158,Austin,2024-11-01
2012,12,1,,,,,,,,,,,,,,,,,,,,,,,,,,,,,,,,,,,,,,,,,,,,,,,,,,,,,,,,,,,,,,,,,,,,,Austin,2012-12-01
2013,12,1,,,,,,,,,,,,,,,,,,,,,,,,,,,,,,,,,,,,,,,,,,,,,,,,,,,,,,,,,,,,,,,,,,,,,Austin,2013-12-01
2014,12,1,80,101,74,3,5,15,34,15,26,20,75,95,26,36,43,0,3,8,24,8,17,11,49,60,43,55,17,2,1,7,7,6,8,8,21,29,0,1,1,0,1,0,1,0,0,1,1,2,11,9,13,1,0,0,2,1,1,0,4,4,1454,25,114,29,267,372,697,108,Austin,2014-12-01
2015,12,1,110,125,62,6,1,6,28,17,14,7,59,66,51,53,39,2,1,4,17,10,9,5,36,41,46,57,12,4,0,2,10,5,3,2,18,20,0,3,1,0,0,0,1,0,1,0,2,2,13,12,10,0,0,0,0,2,1,0,3,3,1665,19,120,30,268,360,811,145,Austin,2015-12-01
2016,12,1,105,124,111,10,1,23,28,19,10,24,57,81,45,55,72,4,0,10,12,4,5,10,21,31,50,58,24,6,1,10,11,10,3,11,24,35,2,1,2,0,0,1,0,0,1,1,1,2,8,10,13,0,0,2,5,5,1,2,11,13,1625,18,129,25,263,386,878,141,Austin,2016-12-01
2017,12,1,105,123,99,10,7,13,19,3,15,20,37,57,41,62,69,1,3,6,11,2,11,9,24,33,54,55,17,8,4,6,6,1,3,10,10,20,1,1,1,0,0,1,2,0,0,1,2,3,9,5,12,1,0,0,0,0,1,0,1,1,1436,17,101,26,264,322,775,149,Austin,2017-12-01
2018,12,1,133,141,76,19,5,21,27,20,19,26,66,92,48,54,45,4,3,6,13,11,11,9,35,44,67,71,25,9,2,14,13,5,6,16,24,40,3,1,0,0,0,0,0,0,0,0,0,0,15,15,6,6,0,1,1,4,2,1,7,8,1488,12,138,27,265,389,808,179,Austin,2018-12-01
2019,12,1,106,174,38,12,4,18,43,15,19,22,77,99,55,71,22,5,0,3,20,9,12,3,41,44,47,81,10,7,2,13,20,4,5,15,29,44,0,6,0,0,0,0,0,1,0,0,1,1,4,16,6,0,2,2,3,1,2,4,6,10,1274,19,97,28,266,334,682,149,Austin,2019-12-01
2020,12,1,66,109,53,11,2,22,16,6,22,24,44,68,34,42,41,2,0,14,5,6,17,14,28,42,23,58,4,7,2,7,10,0,2,9,12,21,2,1,2,0,0,0,0,0,1,0,1,1,7,8,6,2,0,1,1,0,2,1,3,4,898,12,63,30,268,289,417,116,Austin,2020-12-01
2021,12,1,95,153,64,7,4,26,15,6,24,30,45,75,53,71,43,2,2,13,4,3,13,15,20,35,36,71,16,5,2,9,9,2,9,11,20,31,0,1,0,0,0,0,1,1,1,0,3,3,6,10,5,0,0,4,1,0,1,4,2,6,998,11,83,24,262,310,495,147,Austin,2021-12-01
2022,12,1,68,130,55,8,0,15,9,8,27,15,44,59,33,64,25,3,0,9,4,4,14,9,22,31,28,54,17,5,0,5,4,2,12,5,18,23,0,2,2,0,0,0,1,0,0,0,1,1,7,10,11,0,0,1,0,2,1,1,3,4,875,16,69,25,263,245,491,99,Austin,2022-12-01
2023,12,1,75,174,73,15,3,22,8,7,30,25,45,70,26,86,38,4,1,5,3,7,22,6,32,38,42,72,24,10,0,14,4,0,6,14,10,24,0,0,2,0,0,1,0,0,0,1,0,1,7,16,9,1,2,2,1,0,2,4,3,7,1047,9,76,26,264,295,566,102,Austin,2023-12-01
2024,12,1,73,135,50,25,4,26,6,5,15,30,26,56,38,55,31,7,1,9,4,3,10,10,17,27,25,68,16,17,2,16,2,2,4,18,8,26,0,1,0,0,0,0,0,0,1,0,1,1,10,11,3,1,1,1,0,0,0,2,0,2,868,9,61,28,266,263,446,105,Austin,2024-12-01
2012,1,2,,,,,,,,,,,,,,,,,,,,,,,,,,,,,,,,,,,,,,,,,,,,,,,,,,,,,,,,,,,,,,,,,,,,,Austin,2012-01-02
2013,1,2,,,,,,,,,,,,,,,,,,,,,,,,,,,,,,,,,,,,,,,,,,,,,,,,,,,,,,,,,,,,,,,,,,,,,Austin,2013-01-02
2014,1,2,98,96,65,11,1,19,29,14,17,20,60,80,45,40,47,1,1,11,17,9,9,12,35,47,47,47,12,8,0,7,10,3,6,7,19,26,0,1,0,0,0,0,0,0,0,0,0,0,6,8,6,2,0,1,2,2,2,1,6,7,1718,24,115,-304,-66,360,849,96,Austin,2014-01-02
2015,1,2,89,93,92,8,3,22,42,10,26,25,78,103,41,37,54,0,1,8,28,8,13,9,49,58,39,49,27,8,2,11,13,0,8,13,21,34,1,0,0,0,0,0,1,0,1,0,2,2,8,7,11,0,0,3,0,2,4,3,6,9,1386,19,98,-303,-65,360,686,84,Austin,2015-01-02
2016,1,2,80,86,74,7,5,22,18,7,19,27,44,71,50,34,37,0,0,9,7,4,11,9,22,31,29,43,20,6,5,7,11,3,7,12,21,33,0,3,1,0,0,1,0,0,0,1,0,1,1,6,16,1,0,5,0,0,1,5,1,6,1240,17,88,-309,-71,328,652,94,Austin,2016-01-02
2017,1,2,98,129,75,11,2,14,23,19,14,16,56,72,45,49,47,1,0,9,12,9,8,9,29,38,44,59,23,9,1,5,10,7,5,6,22,28,0,2,1,0,0,0,0,0,0,0,0,0,9,19,4,1,1,0,1,3,1,1,5,6,1510,10,119,-307,-69,405,758,136,Austin,2017-01-02
2018,1,2,52,100,93,8,6,12,26,10,14,18,50,68,31,49,64,2,2,5,22,8,10,7,40,47,18,44,10,4,3,7,4,0,2,10,6,16,0,1,0,0,0,0,0,0,1,0,1,1,3,6,19,2,1,0,0,2,1,1,3,4,1221,16,90,-306,-68,311,700,89,Austin,2018-01-02
2019,1,2,68,107,107,14,4,12,20,9,21,16,50,66,34,55,64,4,1,5,13,4,12,6,29,35,29,40,32,8,3,4,6,4,7,7,17,24,0,2,2,0,0,0,0,0,0,0,0,0,5,10,9,2,0,3,1,1,2,3,4,7,1141,16,92,-305,-67,317,643,93,Austin,2019-01-02
2020,1,2,103,144,52,16,1,12,23,25,27,13,75,88,58,74,26,4,1,5,14,14,19,6,47,53,37,53,14,11,0,6,9,9,6,6,24,30,0,0,2,0,0,0,0,0,0,0,0,0,8,17,10,1,0,1,0,2,2,1,4,5,1297,20,89,-304,-66,372,636,147,Austin,2020-01-02
2021,1,2,76,114,37,15,2,23,6,7,18,25,31,56,32,60,25,6,0,11,3,5,12,11,20,31,37,46,8,9,0,12,2,2,5,12,9,21,1,0,0,0,0,0,0,0,0,0,0,0,6,8,4,0,2,0,1,0,1,2,2,4,844,3,59,-309,-71,269,404,109,Austin,2021-01-02
2022,1,2,63,109,40,6,2,21,8,5,23,23,36,59,33,46,20,2,1,5,3,4,18,6,25,31,27,54,16,3,1,15,4,1,4,16,9,25,0,0,0,0,0,0,0,0,0,0,0,0,3,9,4,1,0,1,1,0,1,1,2,3,864,12,59,-308,-70,240,501,91,Austin,2022-01-02
2023,1,2,75,130,61,16,2,20,14,6,36,22,56,78,41,72,35,3,0,7,7,4,24,7,35,42,28,45,16,10,2,11,6,2,11,13,19,32,0,3,0,0,0,1,0,0,0,1,0,1,6,10,10,3,0,1,1,0,1,1,2,3,975,12,79,-307,-69,303,472,114,Austin,2023-01-02
2024,1,2,52,152,58,12,0,17,6,7,29,17,42,59,29,67,30,6,0,11,2,6,20,11,28,39,20,67,17,4,0,3,4,1,7,3,12,15,0,3,1,1,0,0,0,0,0,0,0,0,3,15,10,1,0,3,0,0,2,3,2,5,884,16,86,-306,-68,260,470,106,Austin,2024-01-02
2012,2,2,,,,,,,,,,,,,,,,,,,,,,,,,,,,,,,,,,,,,,,,,,,,,,,,,,,,,,,,,,,,,,,,,,,,,Austin,2012-02-02
2013,2,2,,,,,,,,,,,,,,,,,,,,,,,,,,,,,,,,,,,,,,,,,,,,,,,,,,,,,,,,,,,,,,,,,,,,,Austin,2013-02-02
2014,2,2,100,98,40,9,6,29,17,15,14,35,46,81,44,33,17,1,2,4,10,8,7,6,25,31,51,59,21,7,3,24,7,7,6,27,20,47,0,0,0,0,0,0,0,0,0,0,0,0,5,6,2,1,1,1,0,0,1,2,1,3,1263,9,69,-273,-35,324,675,105,Austin,2014-02-02
2015,2,2,99,107,55,8,2,20,29,12,21,22,62,84,55,55,27,1,1,11,14,6,12,12,32,44,36,40,16,7,0,8,9,5,6,8,20,28,1,2,3,0,0,0,1,0,0,0,1,1,7,10,9,0,1,1,5,1,3,2,9,11,1459,23,114,-272,-34,376,763,95,Austin,2015-02-02
2016,2,2,104,136,104,5,2,24,25,15,11,26,51,77,54,67,87,2,1,7,15,10,8,8,33,41,43,53,9,1,1,10,7,3,3,11,13,24,0,1,1,0,0,1,1,0,0,1,1,2,7,15,7,2,0,6,2,2,0,6,4,10,1781,27,114,-278,-40,449,840,130,Austin,2016-02-02
2017,2,2,130,140,74,10,8,23,30,13,13,31,56,87,67,69,48,1,2,7,15,7,8,9,30,39,52,58,13,9,4,14,11,4,4,18,19,37,1,4,2,0,0,0,0,1,0,0,1,1,10,9,11,0,2,2,4,1,1,4,6,10,1779,32,123,-276,-38,454,887,126,Austin,2017-02-02
2018,2,2,98,135,96,9,3,16,16,15,14,19,45,64,51,71,55,2,1,9,11,8,7,10,26,36,40,58,26,6,2,5,5,4,6,7,15,22,1,0,3,0,0,0,0,0,0,0,0,0,6,6,12,1,0,2,0,3,1,2,4,6,1529,22,107,-275,-37,365,804,154,Austin,2018-02-02
2019,2,2,131,126,74,15,5,28,14,17,14,33,45,78,62,61,42,0,0,13,10,10,6,13,26,39,59,59,14,12,4,14,4,5,6,18,15,33,0,0,1,0,0,1,0,0,0,1,0,1,10,6,17,3,1,0,0,2,2,1,4,5,1307,7,100,-274,-36,318,738,158,Austin,2019-02-02
2020,2,2,115,141,58,20,4,22,15,13,23,26,51,77,61,66,28,8,3,9,8,5,16,12,29,41,45,64,25,11,1,11,6,5,7,12,18,30,1,2,1,0,0,0,0,1,0,0,1,1,8,9,4,1,0,2,1,2,0,2,3,5,1276,15,70,-273,-35,316,695,174,Austin,2020-02-02
2021,2,2,79,127,32,12,4,19,12,4,15,23,31,54,49,65,21,4,2,9,4,3,9,11,16,27,25,49,6,7,2,8,6,0,3,10,9,19,0,0,0,0,0,0,0,0,0,0,0,0,5,13,5,1,0,2,2,1,3,2,6,8,902,4,73,-278,-40,293,440,88,Austin,2021-02-02
2022,2,2,71,161,52,18,6,14,12,7,35,20,54,74,44,92,31,6,1,7,7,4,23,8,34,42,19,56,18,10,3,6,5,3,7,9,15,24,2,6,0,1,0,0,0,0,0,0,0,0,6,7,3,1,2,1,0,0,5,3,5,8,944,14,73,-277,-39,279,515,117,Austin,2022-02-02
2023,2,2,76,126,78,16,4,14,14,3,31,18,48,66,34,57,46,2,1,7,2,1,18,8,21,29,33,59,28,12,3,5,10,1,8,8,19,27,0,2,1,0,0,0,1,0,0,0,1,1,9,8,3,2,0,2,1,1,5,2,7,9,957,13,73,-276,-38,225,590,90,Austin,2023-02-02
2024,2,2,91,164,63,11,2,15,6,6,14,17,26,43,48,85,30,4,1,7,2,5,9,8,16,24,34,71,29,7,1,8,4,1,4,9,9,18,1,1,1,0,0,0,0,0,0,0,0,0,8,7,3,0,0,0,0,0,1,0,1,1,1075,14,86,-275,-37,291,515,116,Austin,2024-02-02
2012,3,2,,,,,,,,,,,,,,,,,,,,,,,,,,,,,,,,,,,,,,,,,,,,,,,,,,,,,,,,,,,,,,,,,,,,,Austin,2012-03-02
2013,3,2,,,,,,,,,,,,,,,,,,,,,,,,,,,,,,,,,,,,,,,,,,,,,,,,,,,,,,,,,,,,,,,,,,,,,Austin,2013-03-02
2014,3,2,83,79,53,9,3,25,17,11,14,28,42,70,21,34,34,1,2,9,11,4,5,11,20,31,50,42,17,8,1,13,5,6,6,14,17,31,0,0,0,0,0,1,0,0,0,1,0,1,12,3,2,0,0,2,1,1,3,2,5,7,1455,10,84,-245,-7,360,801,117,Austin,2014-03-02
2015,3,2,86,89,73,2,1,20,32,13,23,21,68,89,59,44,50,1,0,7,28,9,19,7,56,63,26,41,17,1,0,12,3,3,3,12,9,21,1,0,2,0,0,0,0,0,0,0,0,0,0,4,4,0,1,1,1,1,1,2,3,5,1289,8,90,-244,-6,344,675,109,Austin,2015-03-02
2016,3,2,118,131,86,8,8,15,24,10,13,23,47,70,53,76,67,3,4,6,15,5,12,10,32,42,55,44,13,5,3,6,7,4,1,9,12,21,1,1,2,0,0,0,0,0,0,0,0,0,9,10,4,0,1,3,2,1,0,4,3,7,1594,23,110,-249,-11,393,783,151,Austin,2016-03-02
2017,3,2,94,133,92,10,0,19,28,17,26,19,71,90,48,66,69,5,0,8,16,11,16,8,43,51,42,50,14,5,0,8,10,3,7,8,20,28,0,3,1,0,0,0,0,0,0,0,0,0,4,14,8,0,0,3,2,3,3,3,8,11,1803,19,105,-248,-10,407,919,155,Austin,2017-03-02
2018,3,2,119,147,99,12,4,21,15,10,7,25,32,57,63,82,66,6,2,3,11,8,6,5,25,30,50,51,26,6,2,13,4,0,0,15,4,19,0,2,2,0,0,0,0,0,0,0,0,0,6,12,5,0,0,5,0,2,1,5,3,8,1598,22,99,-247,-9,351,884,178,Austin,2018-03-02
2019,3,2,88,138,66,9,2,26,22,14,21,28,57,85,34,70,36,3,1,13,12,10,12,14,34,48,47,56,22,6,1,12,7,2,7,13,16,29,0,0,2,0,0,0,1,0,0,0,1,1,7,12,6,0,0,1,2,2,2,1,6,7,1265,11,94,-246,-8,339,702,119,Austin,2019-03-02
2020,3,2,115,168,81,5,2,20,33,17,24,22,74,96,56,88,60,1,2,10,25,11,12,12,48,60,49,68,16,3,0,7,6,5,8,7,19,26,0,0,2,0,0,0,0,0,0,0,0,0,10,12,3,1,0,3,2,1,4,3,7,10,1441,15,98,-244,-6,402,705,175,Austin,2020-03-02
2021,3,2,83,165,44,16,2,20,4,6,30,22,40,62,46,95,30,4,1,8,3,4,18,9,25,34,32,56,10,12,1,11,1,2,10,12,13,25,0,2,1,0,0,0,0,0,0,0,0,0,5,12,3,0,0,1,0,0,2,1,2,3,945,11,66,-250,-12,336,440,130,Austin,2021-03-02
2022,3,2,82,125,45,12,3,21,9,8,25,24,42,66,49,71,34,2,1,11,2,7,12,12,21,33,26,45,7,10,1,8,5,1,13,9,19,28,0,0,1,0,0,0,0,0,0,0,0,0,7,9,3,0,1,2,2,0,0,3,2,5,951,11,68,-249,-11,297,467,125,Austin,2022-03-02
2023,3,2,94,182,77,15,6,13,12,5,24,19,41,60,57,96,40,4,3,10,4,3,18,13,25,38,33,73,31,10,2,3,5,0,6,5,11,16,1,2,2,0,0,0,2,0,0,0,2,2,3,11,4,1,1,0,1,2,0,1,3,4,1029,14,65,-248,-10,320,526,151,Austin,2023-03-02
2024,3,2,93,167,66,20,0,23,11,9,23,23,43,66,43,100,45,2,0,7,6,5,17,7,28,35,41,56,14,16,0,15,5,3,6,15,14,29,0,4,2,0,0,0,0,1,0,0,1,1,9,7,5,2,0,1,0,0,0,1,0,1,1084,12,73,-246,-8,285,607,127,Austin,2024-03-02
2012,4,2,,,,,,,,,,,,,,,,,,,,,,,,,,,,,,,,,,,,,,,,,,,,,,,,,,,,,,,,,,,,,,,,,,,,,Austin,2012-04-02
2013,4,2,,,,,,,,,,,,,,,,,,,,,,,,,,,,,,,,,,,,,,,,,,,,,,,,,,,,,,,,,,,,,,,,,,,,,Austin,2013-04-02
2014,4,2,107,123,75,6,1,29,27,22,22,30,71,101,60,86,50,2,1,16,20,15,17,17,52,69,35,29,18,4,0,12,5,6,5,12,16,28,1,2,0,0,0,0,1,0,0,0,1,1,11,6,7,0,0,1,1,1,0,1,2,3,1770,27,117,-214,24,438,865,147,Austin,2014-04-02
2015,4,2,120,124,90,4,0,21,24,22,15,21,61,82,65,76,77,1,0,8,18,17,11,8,46,54,42,35,10,2,0,9,5,4,3,9,12,21,1,1,1,0,0,0,0,0,1,0,1,1,12,12,2,1,0,4,1,1,0,4,2,6,1727,13,124,-213,25,414,789,146,Austin,2015-04-02
2016,4,2,130,130,94,14,2,30,21,14,18,32,53,85,73,63,62,2,0,11,11,10,10,11,31,42,50,63,24,12,2,13,8,2,5,15,15,30,1,0,0,0,0,0,0,0,0,0,0,0,6,4,8,0,0,6,2,2,3,6,7,13,1694,10,132,-218,20,365,945,174,Austin,2016-04-02
2017,4,2,105,127,60,9,1,38,28,22,14,39,64,103,49,50,36,1,0,21,11,13,11,21,35,56,49,67,21,8,1,13,13,6,2,14,21,35,1,0,1,0,0,0,4,0,1,0,5,5,6,10,2,0,0,4,0,3,0,4,3,7,1511,12,101,-217,21,396,818,157,Austin,2017-04-02
2018,4,2,99,129,71,4,2,24,22,12,19,26,53,79,63,69,58,1,1,14,15,7,14,15,36,51,29,54,7,2,1,8,6,5,4,9,15,24,0,0,1,0,0,0,0,0,0,0,0,0,7,6,5,1,0,2,1,0,1,2,2,4,1424,14,89,-216,22,358,798,118,Austin,2018-04-02
2019,4,2,89,111,79,6,1,30,20,12,19,31,51,82,63,63,66,3,0,18,14,9,13,18,36,54,19,40,9,2,1,10,2,1,3,11,6,17,3,0,2,0,0,0,0,0,1,0,1,1,4,8,2,1,0,2,4,2,2,2,8,10,1397,24,99,-215,23,357,754,131,Austin,2019-04-02
2020,4,2,73,130,38,11,1,13,9,4,18,14,31,45,46,70,25,4,1,7,5,3,12,8,20,28,24,49,9,6,0,4,4,1,3,4,8,12,0,0,0,0,0,0,0,0,0,0,0,0,3,11,4,1,0,2,0,0,3,2,3,5,853,8,55,-213,25,264,437,98,Austin,2020-04-02
2021,4,2,102,186,48,16,5,20,6,13,23,25,42,67,60,119,34,4,3,9,2,7,16,12,25,37,37,57,8,9,2,8,4,4,5,10,13,23,1,1,0,0,0,0,0,1,0,0,1,1,4,9,6,3,0,3,0,1,2,3,3,6,1119,7,72,-219,19,332,545,184,Austin,2021-04-02
2022,4,2,96,139,57,30,4,26,9,9,26,30,44,74,57,82,35,6,1,16,1,7,19,17,27,44,30,48,18,21,1,9,8,1,7,10,16,26,0,0,1,0,0,0,0,0,0,0,0,0,9,9,3,3,2,1,0,1,0,3,1,4,1006,7,65,-218,20,297,518,143,Austin,2022-04-02
2023,4,2,91,156,59,32,1,29,9,8,39,30,56,86,44,79,33,5,0,12,4,6,25,12,35,47,37,64,20,23,0,15,5,2,11,15,18,33,0,4,0,0,0,0,0,0,1,0,1,1,10,9,6,4,1,2,0,0,2,3,2,5,1030,11,84,-217,21,276,543,170,Austin,2023-04-02
2024,4,2,74,164,65,8,7,15,11,9,23,22,43,65,47,95,53,0,5,7,6,8,19,12,33,45,23,56,6,8,1,6,4,1,3,7,8,15,0,3,4,0,1,1,0,0,0,2,0,2,4,10,2,0,0,1,1,0,1,1,2,3,1016,20,65,-215,23,275,521,133,Austin,2024-04-02
2012,5,2,,,,,,,,,,,,,,,,,,,,,,,,,,,,,,,,,,,,,,,,,,,,,,,,,,,,,,,,,,,,,,,,,,,,,Austin,2012-05-02
2013,5,2,,,,,,,,,,,,,,,,,,,,,,,,,,,,,,,,,,,,,,,,,,,,,,,,,,,,,,,,,,,,,,,,,,,,,Austin,2013-05-02
2014,5,2,146,116,102,2,0,16,28,13,19,16,60,76,87,67,91,1,0,5,18,10,14,5,42,47,47,42,9,1,0,9,8,1,3,9,12,21,1,0,0,0,0,0,0,0,0,0,0,0,11,7,2,0,0,2,2,2,2,2,6,8,1869,14,141,-184,54,442,914,140,Austin,2014-05-02
2015,5,2,124,110,76,6,3,17,17,18,18,20,53,73,64,65,56,1,2,10,8,8,11,12,27,39,44,36,11,4,1,5,5,8,4,6,17,23,0,0,1,0,0,0,0,0,0,0,0,0,16,9,8,1,0,2,4,2,3,2,9,11,1472,6,118,-183,55,353,787,149,Austin,2015-05-02
2016,5,2,111,115,75,6,3,12,32,12,30,15,74,89,64,66,63,3,3,5,25,12,19,8,56,64,37,41,11,0,0,7,5,0,5,7,10,17,1,0,0,0,0,0,1,0,1,0,2,2,9,8,1,3,0,0,1,0,5,0,6,6,1494,12,112,-188,50,400,763,129,Austin,2016-05-02
2017,5,2,124,144,81,4,2,23,17,16,17,25,50,75,79,87,66,0,1,9,13,14,11,10,38,48,32,41,7,3,1,10,4,2,1,11,7,18,0,2,1,0,0,0,0,0,1,0,1,1,13,14,7,1,0,4,0,0,4,4,4,8,1768,19,130,-187,51,461,879,154,Austin,2017-05-02
2018,5,2,122,110,76,4,3,15,21,12,21,18,54,72,87,64,66,2,2,8,15,8,14,10,37,47,22,36,7,2,1,5,5,2,6,6,13,19,0,0,1,0,0,0,0,0,0,0,0,0,13,10,2,0,0,2,1,2,1,2,4,6,1476,12,104,-186,52,372,775,140,Austin,2018-05-02
2019,5,2,116,178,86,7,1,21,24,22,21,22,67,89,82,105,72,1,0,12,17,19,16,12,52,64,24,58,8,6,0,5,3,3,4,5,10,15,0,1,4,0,0,0,3,0,1,0,4,4,10,14,2,0,1,4,1,0,0,5,1,6,1515,22,109,-185,53,378,800,166,Austin,2019-05-02
2020,5,2,106,151,24,18,3,34,16,8,33,37,57,94,63,79,15,1,2,20,13,5,31,22,49,71,32,49,7,13,1,11,3,1,1,12,5,17,0,5,0,0,0,0,0,0,0,0,0,0,11,18,2,4,0,3,0,2,1,3,3,6,1040,17,94,-183,55,293,526,158,Austin,2020-05-02
2021,5,2,111,147,50,21,0,35,8,3,30,35,41,76,70,90,32,10,0,16,6,1,23,16,30,46,34,40,12,7,0,16,2,1,6,16,9,25,0,2,0,0,0,0,0,0,1,0,1,1,7,15,6,4,0,3,0,1,0,3,1,4,1087,9,80,-189,49,301,578,159,Austin,2021-05-02
2022,5,2,89,184,52,15,1,21,7,7,31,22,45,67,55,126,42,3,0,11,1,7,21,11,29,40,24,46,5,9,1,9,6,0,7,10,13,23,0,3,1,0,0,0,0,0,0,0,0,0,10,9,4,3,0,1,0,0,3,1,3,4,1080,13,71,-188,50,313,546,162,Austin,2022-05-02
2023,5,2,76,144,56,13,2,24,6,10,20,26,36,62,48,90,49,6,1,17,2,5,18,18,25,43,19,37,4,5,1,6,4,4,2,7,10,17,2,3,1,0,0,0,0,0,0,0,0,0,7,14,2,2,0,1,0,1,0,1,1,2,962,16,73,-187,51,273,514,100,Austin,2023-05-02
2024,5,2,108,165,70,25,1,19,12,9,26,20,47,67,68,107,46,6,1,8,6,4,21,9,31,40,28,43,10,8,0,11,6,3,2,11,11,22,1,1,0,0,0,0,0,1,1,0,2,2,11,14,14,11,0,0,0,1,2,0,3,3,1082,6,100,-185,53,318,562,146,Austin,2024-05-02
2012,6,2,,,,,,,,,,,,,,,,,,,,,,,,,,,,,,,,,,,,,,,,,,,,,,,,,,,,,,,,,,,,,,,,,,,,,Austin,2012-06-02
2013,6,2,,,,,,,,,,,,,,,,,,,,,,,,,,,,,,,,,,,,,,,,,,,,,,,,,,,,,,,,,,,,,,,,,,,,,Austin,2013-06-02
2014,6,2,110,119,67,3,4,34,31,20,17,38,68,106,73,76,55,1,1,16,26,16,15,17,57,74,26,32,10,1,3,15,3,3,1,18,7,25,0,1,0,0,0,0,1,0,0,0,1,1,11,10,2,1,0,3,1,1,1,3,3,6,1620,14,144,-153,85,434,798,123,Austin,2014-06-02
2015,6,2,112,106,101,2,2,16,23,15,8,18,46,64,78,73,90,0,2,8,14,13,5,10,32,42,27,22,6,1,0,3,7,2,3,3,12,15,1,0,1,0,0,0,0,0,0,0,0,0,6,11,4,1,0,5,2,0,0,5,2,7,1594,19,135,-152,86,384,849,120,Austin,2015-06-02
2016,6,2,104,141,100,8,0,25,19,14,29,25,62,87,67,85,83,3,0,19,14,12,24,19,50,69,26,42,9,4,0,6,3,2,3,6,8,14,1,2,2,0,0,0,0,0,0,0,0,0,10,12,6,1,0,0,2,0,2,0,4,4,1638,22,158,-157,81,404,905,142,Austin,2016-06-02
2017,6,2,99,168,95,10,3,34,10,21,10,37,41,78,66,99,83,2,0,18,7,14,9,18,30,48,27,47,6,7,2,13,2,5,1,15,8,23,0,0,0,0,0,0,0,0,0,0,0,0,6,22,6,1,1,3,1,2,0,4,3,7,1758,7,160,-156,82,420,971,152,Austin,2017-06-02
2018,6,2,124,112,70,12,1,31,20,17,20,32,57,89,82,67,49,5,1,15,10,12,14,16,36,52,34,39,17,5,0,12,4,3,4,12,11,23,2,0,0,0,0,0,0,0,0,0,0,0,6,6,4,2,0,4,6,2,2,4,10,14,1479,13,141,-155,83,347,836,165,Austin,2018-06-02
2019,6,2,122,125,61,7,8,27,19,14,18,35,51,86,69,60,47,2,5,16,11,12,13,21,36,57,40,54,8,3,3,11,6,1,4,14,11,25,1,1,0,0,0,0,0,0,0,0,0,0,12,10,6,2,0,0,2,1,1,0,4,4,1342,8,106,-154,84,357,720,151,Austin,2019-06-02
2020,6,2,87,144,45,19,8,21,26,12,19,29,57,86,59,90,35,5,4,10,12,10,15,14,37,51,20,36,8,12,4,7,12,1,3,11,16,27,0,1,0,0,0,0,0,0,0,0,0,0,8,17,2,2,0,4,2,1,1,4,4,8,983,10,104,-152,86,299,514,139,Austin,2020-06-02
2021,6,2,86,161,52,10,2,19,7,11,36,21,54,75,57,106,38,5,2,14,3,9,31,16,43,59,22,41,8,3,0,4,3,2,4,4,9,13,1,3,1,1,0,0,1,0,0,0,1,1,6,11,5,1,0,1,0,0,1,1,1,2,1013,14,94,-158,80,291,542,140,Austin,2021-06-02
2022,6,2,100,163,43,13,4,20,7,11,28,24,46,70,75,112,33,4,3,10,4,9,23,13,36,49,17,33,6,6,1,7,3,0,3,8,6,14,0,1,0,2,0,0,0,0,0,0,0,0,8,17,4,1,0,3,0,2,2,3,4,7,991,8,89,-157,81,300,520,130,Austin,2022-06-02
2023,6,2,91,201,69,16,1,22,9,10,33,23,52,75,62,119,59,4,1,12,5,6,25,13,36,49,19,61,7,10,0,8,3,1,6,8,10,18,0,2,1,0,0,0,0,0,0,0,0,0,10,19,2,2,0,2,1,3,2,2,6,8,1131,11,100,-156,82,339,572,144,Austin,2023-06-02
2024,6,2,87,163,57,23,1,23,7,10,22,24,39,63,47,98,37,5,0,10,5,10,16,10,31,41,27,44,13,15,0,10,2,0,3,10,5,15,1,0,2,0,1,0,0,0,1,1,1,2,12,21,5,3,0,3,0,0,2,3,2,5,1034,7,93,-154,84,295,558,140,Austin,2024-06-02
2012,7,2,,,,,,,,,,,,,,,,,,,,,,,,,,,,,,,,,,,,,,,,,,,,,,,,,,,,,,,,,,,,,,,,,,,,,Austin,2012-07-02
2013,7,2,,,,,,,,,,,,,,,,,,,,,,,,,,,,,,,,,,,,,,,,,,,,,,,,,,,,,,,,,,,,,,,,,,,,,Austin,2013-07-02
2014,7,2,126,143,55,7,8,13,18,23,10,21,51,72,84,88,45,2,4,8,9,14,7,12,30,42,33,33,6,4,3,2,6,6,1,5,13,18,1,2,0,0,0,0,1,1,1,0,3,3,8,20,4,1,1,3,2,2,1,4,5,9,1660,26,155,-123,115,414,810,138,Austin,2014-07-02
2015,7,2,108,127,82,4,4,25,19,19,12,29,50,79,63,74,69,0,1,12,11,15,9,13,35,48,35,33,8,2,3,12,6,3,1,15,10,25,0,1,1,0,0,0,0,0,0,0,0,0,10,19,4,2,0,1,2,1,2,1,5,6,1735,15,178,-122,116,413,901,117,Austin,2015-07-02
2016,7,2,132,138,71,12,4,21,20,10,15,25,45,70,76,79,55,2,4,8,12,7,12,12,31,43,39,47,13,8,0,8,7,2,2,8,11,19,0,3,0,0,0,0,0,0,0,0,0,0,17,9,3,2,0,5,1,1,1,5,3,8,1594,8,149,-127,111,381,870,140,Austin,2016-07-02
2017,7,2,122,112,43,7,4,35,17,17,16,39,50,89,67,64,33,3,2,18,10,15,9,20,34,54,37,37,9,3,1,14,7,2,4,15,13,28,1,1,0,0,0,0,0,0,1,0,1,1,17,10,1,1,1,3,0,0,2,4,2,6,1471,12,138,-126,112,375,817,124,Austin,2017-07-02
2018,7,2,105,120,85,9,6,31,22,17,12,37,51,88,64,70,75,5,5,17,12,15,9,22,36,58,25,37,2,3,1,11,9,1,0,12,10,22,1,1,2,0,0,0,0,0,0,0,0,0,15,12,6,1,0,3,1,1,3,3,5,8,1465,16,131,-125,113,385,772,126,Austin,2018-07-02
2019,7,2,103,138,76,10,5,16,12,22,17,21,51,72,68,80,66,4,2,9,7,15,13,11,35,46,27,50,6,3,0,4,5,4,2,4,11,15,0,1,1,0,0,0,0,0,0,0,0,0,8,7,3,3,3,3,0,3,2,6,5,11,1432,18,130,-124,114,380,713,150,Austin,2019-07-02
2020,7,2,107,150,40,18,2,26,18,9,29,28,56,84,72,98,33,8,1,16,14,6,24,17,44,61,24,35,5,6,1,7,4,2,5,8,11,19,0,2,0,0,0,1,0,0,0,1,0,1,11,15,2,4,0,2,0,1,0,2,1,3,1023,11,85,-122,116,311,531,148,Austin,2020-07-02
2021,7,2,109,182,56,22,6,17,17,13,23,23,53,76,70,107,40,6,2,10,10,11,17,12,38,50,29,64,14,13,3,5,4,2,2,8,8,16,1,1,0,0,0,0,0,0,1,0,1,1,9,10,2,3,1,2,3,0,3,3,6,9,1193,8,98,-128,110,354,603,175,Austin,2021-07-02
2022,7,2,100,170,53,19,7,23,5,9,27,30,41,71,69,108,35,4,4,7,3,9,23,11,35,46,22,44,14,13,2,10,2,0,4,12,6,18,2,0,1,0,0,0,0,0,0,0,0,0,7,18,3,2,1,6,0,0,0,7,0,7,1022,6,95,-127,111,291,525,169,Austin,2022-07-02
2023,7,2,89,157,41,17,5,33,5,5,30,38,40,78,43,94,21,6,3,18,3,1,23,21,27,48,38,45,18,8,2,11,1,4,3,13,8,21,0,1,0,0,0,0,0,0,1,0,1,1,8,17,2,3,0,4,1,0,3,4,4,8,1040,8,93,-126,112,284,572,124,Austin,2023-07-02
2024,7,2,90,178,49,12,1,20,10,10,26,21,46,67,65,125,32,1,1,8,5,6,23,9,34,43,12,39,8,11,0,7,5,2,2,7,9,16,0,2,1,0,0,1,0,0,0,1,0,1,13,12,8,0,0,4,0,2,1,4,3,7,1070,15,84,-124,114,303,578,117,Austin,2024-07-02
2012,8,2,,,,,,,,,,,,,,,,,,,,,,,,,,,,,,,,,,,,,,,,,,,,,,,,,,,,,,,,,,,,,,,,,,,,,Austin,2012-08-02
2013,8,2,,,,,,,,,,,,,,,,,,,,,,,,,,,,,,,,,,,,,,,,,,,,,,,,,,,,,,,,,,,,,,,,,,,,,Austin,2013-08-02
2014,8,2,129,123,64,7,4,23,15,27,16,27,58,85,68,61,40,2,2,13,7,20,11,15,38,53,55,52,18,4,2,10,6,7,3,12,16,28,0,0,1,0,0,0,0,0,0,0,0,0,6,10,5,1,0,0,2,0,2,0,4,4,1637,11,136,-92,146,390,859,128,Austin,2014-08-02
2015,8,2,124,122,53,7,2,23,18,15,16,25,49,74,63,57,43,0,2,13,13,7,12,15,32,47,46,51,7,7,0,9,4,8,4,9,16,25,1,2,1,0,0,0,0,0,0,0,0,0,14,12,2,0,0,1,1,0,0,1,1,2,1464,14,128,-91,147,341,852,111,Austin,2015-08-02
2016,8,2,103,120,93,5,4,12,25,17,18,16,60,76,63,69,84,0,2,8,14,9,13,10,36,46,26,37,6,4,2,2,9,6,3,4,18,22,0,1,1,0,0,0,0,0,0,0,0,0,14,13,2,1,0,2,2,2,2,2,6,8,1584,8,162,-96,142,409,858,132,Austin,2016-08-02
2017,8,2,130,134,111,8,2,18,18,17,14,20,49,69,83,94,99,5,2,12,12,14,11,14,37,51,34,29,7,2,0,6,4,3,3,6,10,16,1,0,1,0,0,0,0,0,0,0,0,0,12,11,4,1,0,0,2,0,0,0,2,2,1475,16,105,-95,143,383,772,153,Austin,2017-08-02
2018,8,2,104,148,85,6,1,17,27,14,14,18,55,73,64,97,74,3,1,6,15,12,12,7,39,46,35,40,7,2,0,10,10,2,1,10,13,23,1,3,0,0,0,0,0,0,0,0,0,0,4,8,4,1,0,1,2,0,1,1,3,4,1508,23,122,-94,144,395,838,139,Austin,2018-08-02
2019,8,2,123,185,99,5,2,35,19,17,14,37,50,87,79,112,85,2,0,22,11,12,9,22,32,54,35,54,11,3,1,9,7,2,3,10,12,22,1,1,1,0,0,1,0,0,1,1,1,2,8,18,2,0,1,3,1,3,1,4,5,9,1588,14,125,-93,145,434,832,154,Austin,2019-08-02
2020,8,2,93,138,38,18,3,24,13,8,26,27,47,74,58,72,21,6,2,9,5,6,20,11,31,42,28,57,14,11,1,12,6,0,2,13,8,21,1,2,1,0,0,0,2,0,1,0,3,3,6,7,2,1,0,3,0,2,3,3,5,8,923,18,74,-91,147,296,480,119,Austin,2020-08-02
2021,8,2,85,154,76,8,7,31,11,8,29,38,48,86,47,93,61,3,5,14,3,5,25,19,33,52,27,49,13,3,2,11,6,3,3,13,12,25,1,2,2,0,0,0,0,0,0,0,0,0,10,10,0,2,0,6,2,0,1,6,3,9,1025,10,75,-97,141,314,539,136,Austin,2021-08-02
2022,8,2,81,158,65,15,7,16,13,8,22,23,43,66,50,101,56,6,5,10,3,8,21,15,32,47,22,46,9,6,2,5,9,0,1,7,10,17,1,1,0,1,0,0,0,0,0,0,0,0,8,10,0,2,0,1,1,0,0,1,1,2,963,9,81,-96,142,288,488,147,Austin,2022-08-02
2023,8,2,86,156,55,19,2,25,5,8,40,27,53,80,56,100,47,7,1,14,1,8,33,15,42,57,23,39,7,11,1,8,2,0,7,9,9,18,0,2,0,0,0,0,1,0,0,0,1,1,7,15,1,1,0,3,1,0,0,3,1,4,1015,12,70,-95,143,298,536,114,Austin,2023-08-02
2024,8,2,82,186,72,14,4,26,13,12,31,30,56,86,48,109,54,5,3,16,4,10,21,19,35,54,24,64,12,9,1,9,9,1,7,10,17,27,0,0,1,0,0,0,0,1,1,0,2,2,10,13,5,0,0,1,0,0,2,1,2,3,1212,11,89,-93,145,292,654,137,Austin,2024-08-02
2012,9,2,,,,,,,,,,,,,,,,,,,,,,,,,,,,,,,,,,,,,,,,,,,,,,,,,,,,,,,,,,,,,,,,,,,,,Austin,2012-09-02
2013,9,2,,,,,,,,,,,,,,,,,,,,,,,,,,,,,,,,,,,,,,,,,,,,,,,,,,,,,,,,,,,,,,,,,,,,,Austin,2013-09-02
2014,9,2,106,108,79,2,0,20,29,17,17,20,63,83,66,59,67,0,0,10,24,11,16,10,51,61,26,42,10,2,0,8,4,4,1,8,9,17,1,0,1,0,0,0,0,0,0,0,0,0,13,7,1,0,0,2,1,2,0,2,3,5,1766,23,113,-61,177,395,861,110,Austin,2014-09-02
2015,9,2,93,127,90,5,2,28,19,18,14,30,51,81,57,62,74,0,1,7,15,12,11,8,38,46,24,45,8,4,1,18,3,4,3,19,10,29,0,2,3,0,0,0,0,0,0,0,0,0,12,18,5,1,0,3,1,2,0,3,3,6,1567,29,116,-60,178,380,809,110,Austin,2015-09-02
2016,9,2,105,151,88,7,0,16,16,10,16,16,42,58,60,79,73,3,0,8,9,6,11,8,26,34,30,54,7,3,0,4,7,4,4,4,15,19,1,4,2,0,0,0,0,0,0,0,0,0,14,14,6,1,0,4,0,0,1,4,1,5,1731,28,118,-65,173,387,991,147,Austin,2016-09-02
2017,9,2,122,130,78,6,5,24,12,13,12,29,37,66,79,72,57,3,3,7,10,8,8,10,26,36,33,51,15,3,2,15,2,5,3,17,10,27,0,0,0,0,0,0,0,0,0,0,0,0,10,7,6,0,0,2,0,0,1,2,1,3,1465,12,113,-64,174,355,807,171,Austin,2017-09-02
2018,9,2,110,132,51,14,7,23,17,8,10,30,35,65,52,66,33,2,1,13,12,6,8,14,26,40,44,56,12,11,5,10,3,2,1,15,6,21,3,2,0,0,0,0,0,0,0,0,0,0,11,8,6,1,1,0,2,0,1,1,3,4,1312,14,100,-63,175,331,740,146,Austin,2018-09-02
2019,9,2,115,149,36,12,7,23,20,15,21,30,56,86,57,86,28,1,2,8,13,7,16,10,36,46,52,50,6,9,5,11,4,7,3,16,14,30,1,3,0,0,0,0,1,0,0,0,1,1,5,10,2,2,0,4,2,1,2,4,5,9,1296,9,86,-62,176,360,652,143,Austin,2019-09-02
2020,9,2,85,157,51,18,4,16,10,14,30,20,54,74,49,95,37,8,3,8,6,7,26,11,39,50,30,47,8,7,1,8,4,6,4,9,14,23,0,5,4,1,0,0,0,0,0,0,0,0,6,10,2,2,0,0,0,1,0,0,1,1,991,16,68,-60,178,306,512,124,Austin,2020-09-02
2021,9,2,97,169,72,19,2,22,12,9,31,24,52,76,73,104,51,3,1,10,6,9,25,11,40,51,21,53,15,13,1,9,5,0,4,10,9,19,0,1,1,0,0,0,0,0,1,0,1,1,3,11,5,3,0,3,1,0,1,3,2,5,1093,8,84,-66,172,322,532,166,Austin,2021-09-02
2022,9,2,99,177,60,13,5,26,3,7,32,31,42,73,53,106,42,0,3,15,2,5,25,18,32,50,36,55,11,10,2,7,1,2,4,9,7,16,1,3,0,0,0,0,0,0,0,0,0,0,9,13,7,3,0,4,0,0,3,4,3,7,1088,11,99,-65,173,318,551,168,Austin,2022-09-02
2023,9,2,79,138,55,11,4,24,5,9,24,28,38,66,43,73,41,3,1,5,1,6,15,6,22,28,36,59,10,8,3,18,4,3,5,21,12,33,0,2,0,0,0,0,0,0,0,0,0,0,0,4,4,0,0,1,0,0,4,1,4,5,930,6,47,-64,174,255,500,103,Austin,2023-09-02
2024,9,2,87,154,36,22,3,24,11,14,25,27,50,77,48,87,28,6,1,12,4,10,20,13,34,47,30,53,6,12,2,9,7,4,4,11,15,26,0,2,0,1,0,0,0,0,0,0,0,0,9,12,2,3,0,3,0,0,1,3,1,4,1046,9,75,-62,176,299,522,113,Austin,2024-09-02
2012,10,2,,,,,,,,,,,,,,,,,,,,,,,,,,,,,,,,,,,,,,,,,,,,,,,,,,,,,,,,,,,,,,,,,,,,,Austin,2012-10-02
2013,10,2,,,,,,,,,,,,,,,,,,,,,,,,,,,,,,,,,,,,,,,,,,,,,,,,,,,,,,,,,,,,,,,,,,,,,Austin,2013-10-02
2014,10,2,107,122,112,4,2,20,26,17,14,22,57,79,69,64,83,3,0,11,17,12,11,11,40,51,32,47,14,1,2,8,9,4,2,10,15,25,1,3,3,0,0,0,0,0,0,0,0,0,5,8,12,0,0,1,0,1,1,1,2,3,1774,35,124,-31,207,421,927,118,Austin,2014-10-02
2015,10,2,111,126,125,3,5,19,24,20,11,24,55,79,55,71,98,1,1,7,16,10,8,8,34,42,47,43,21,2,3,11,6,6,2,14,14,28,0,0,2,0,0,0,0,0,0,0,0,0,9,12,4,0,1,1,2,4,1,2,7,9,1733,13,106,-30,208,390,905,149,Austin,2015-10-02
2016,10,2,108,109,47,12,8,15,18,11,8,23,37,60,41,45,32,4,2,6,12,6,6,8,24,32,53,52,10,6,5,9,5,4,0,14,9,23,0,0,0,0,0,0,0,0,0,0,0,0,14,12,5,2,1,0,1,1,2,1,4,5,1322,12,93,-35,203,321,719,142,Austin,2016-10-02
2017,10,2,91,155,80,9,2,18,30,14,24,20,68,88,49,85,61,2,1,6,17,13,18,7,48,55,30,55,12,6,0,10,10,1,4,10,15,25,4,2,2,0,0,0,2,0,0,0,2,2,8,13,5,1,1,2,1,0,2,3,3,6,1494,23,100,-34,204,397,777,141,Austin,2017-10-02
2018,10,2,108,155,89,8,4,17,11,14,20,21,45,66,61,85,73,5,2,5,7,7,15,7,29,36,36,59,9,3,2,9,4,6,5,11,15,26,3,0,1,0,0,0,0,0,0,0,0,0,8,11,6,0,0,3,0,1,0,3,1,4,1514,20,105,-33,205,389,823,152,Austin,2018-10-02
2019,10,2,102,194,88,10,3,26,26,12,23,29,61,90,64,110,59,3,1,10,21,6,18,11,45,56,32,73,17,5,2,13,4,4,4,15,12,27,1,2,5,0,0,0,0,0,0,0,0,0,5,9,7,2,0,3,1,2,1,3,4,7,1432,29,76,-32,206,408,728,173,Austin,2019-10-02
2020,10,2,94,151,67,18,1,13,15,8,29,14,52,66,53,79,46,3,1,6,7,7,18,7,32,39,33,64,14,14,0,6,8,1,8,6,17,23,0,3,1,0,0,0,0,0,1,0,1,1,8,5,6,1,0,1,0,0,2,1,2,3,1082,13,65,-30,208,302,563,153,Austin,2020-10-02
2021,10,2,83,142,53,21,6,14,9,5,20,20,34,54,40,67,30,4,3,4,3,2,13,7,18,25,40,61,22,17,2,8,6,1,6,10,13,23,0,0,0,0,0,0,0,1,0,0,1,1,3,14,1,0,1,2,0,1,1,3,2,5,942,6,68,-36,202,245,499,135,Austin,2021-10-02
2022,10,2,80,151,47,21,7,24,12,10,25,31,47,78,36,81,24,4,3,9,4,4,20,12,28,40,37,62,19,16,4,13,7,4,5,17,16,33,0,1,0,0,0,0,0,0,0,0,0,0,7,7,4,1,0,2,1,2,0,2,3,5,970,9,73,-35,203,281,511,132,Austin,2022-10-02
2023,10,2,100,165,56,13,5,18,14,7,34,23,55,78,51,89,43,1,1,15,4,3,29,16,36,52,39,61,8,11,4,3,8,3,3,7,14,21,1,2,0,0,0,0,0,0,0,0,0,0,9,13,5,1,0,0,2,1,2,0,5,5,1120,8,82,-34,204,320,585,120,Austin,2023-10-02
2024,10,2,88,188,82,10,2,20,6,9,24,22,39,61,47,117,64,3,2,8,2,6,20,10,28,38,32,52,14,6,0,10,3,2,3,10,8,18,2,1,1,0,0,0,0,0,0,0,0,0,7,18,3,1,0,2,1,1,1,2,3,5,1138,9,73,-32,206,303,592,146,Austin,2024-10-02
2012,11,2,,,,,,,,,,,,,,,,,,,,,,,,,,,,,,,,,,,,,,,,,,,,,,,,,,,,,,,,,,,,,,,,,,,,,Austin,2012-11-02
2013,11,2,,,,,,,,,,,,,,,,,,,,,,,,,,,,,,,,,,,,,,,,,,,,,,,,,,,,,,,,,,,,,,,,,,,,,Austin,2013-11-02
2014,11,2,122,116,69,3,2,29,10,24,11,31,45,76,42,48,39,1,2,5,6,10,5,7,21,28,76,62,20,2,0,22,4,11,6,22,21,43,2,1,0,0,0,0,0,1,0,0,1,1,2,5,10,0,0,2,0,2,0,2,2,4,1429,16,94,0,238,344,772,112,Austin,2014-11-02
2015,11,2,124,115,78,5,3,14,37,13,12,17,62,79,63,56,53,1,2,4,20,9,6,6,35,41,51,46,11,4,1,7,12,3,6,8,21,29,0,2,0,0,0,0,0,0,0,0,0,0,10,11,14,0,0,3,5,1,0,3,6,9,1515,14,121,1,239,391,770,141,Austin,2015-11-02
2016,11,2,121,149,87,3,3,22,27,9,16,25,52,77,68,75,59,0,3,8,15,8,8,11,31,42,43,60,22,3,0,10,10,1,7,10,18,28,1,4,5,0,0,0,1,0,0,0,1,1,9,10,1,0,0,4,1,0,1,4,2,6,1508,29,93,-4,234,376,816,131,Austin,2016-11-02
2017,11,2,135,158,89,3,5,9,17,25,20,14,62,76,66,77,63,1,2,5,12,16,13,7,41,48,61,64,16,2,3,4,3,6,3,7,12,19,1,2,3,0,0,0,1,0,2,0,3,3,7,15,7,0,0,0,1,3,2,0,6,6,1613,29,105,-3,235,389,865,181,Austin,2017-11-02
2018,11,2,106,162,96,12,5,24,27,9,12,29,48,77,51,82,71,3,4,14,17,4,6,18,27,45,49,69,18,8,0,9,7,5,3,9,15,24,2,2,2,0,0,0,0,0,0,0,0,0,4,9,5,1,1,1,3,0,3,2,6,8,1512,30,94,-2,236,401,831,135,Austin,2018-11-02
2019,11,2,106,158,78,17,5,20,19,15,19,25,53,78,55,78,44,1,1,4,9,8,13,5,30,35,44,70,26,15,3,15,8,4,6,18,18,36,1,1,2,0,0,0,0,0,0,0,0,0,6,9,6,1,1,1,2,3,0,2,5,7,1285,11,94,-1,237,369,667,161,Austin,2019-11-02
2020,11,2,74,118,44,12,5,22,6,13,29,27,48,75,38,65,25,4,2,11,3,9,20,13,32,45,30,45,9,8,2,10,2,4,7,12,13,25,1,1,0,0,0,0,1,0,0,0,1,1,5,7,10,0,1,1,0,0,2,2,2,4,945,13,71,1,239,305,439,122,Austin,2020-11-02
2021,11,2,93,152,65,10,3,14,16,6,28,17,50,67,49,75,47,3,0,5,5,3,19,5,27,32,28,61,14,5,3,9,10,3,7,12,20,32,0,3,2,0,0,0,0,0,0,0,0,0,16,13,2,2,0,0,1,0,2,0,3,3,984,14,72,-5,233,294,511,134,Austin,2021-11-02
2022,11,2,89,138,65,21,1,16,14,9,32,17,55,72,56,88,41,3,1,10,7,4,27,11,38,49,22,42,13,16,0,3,6,5,4,3,15,18,3,0,4,0,0,0,0,0,1,0,1,1,8,8,7,2,0,3,1,0,0,3,1,4,897,15,62,-4,234,265,454,135,Austin,2022-11-02
2023,11,2,74,144,75,21,5,21,10,7,36,26,53,79,39,82,47,4,4,12,2,5,25,16,32,48,29,54,23,17,1,7,7,0,10,8,17,25,1,0,1,0,0,1,0,0,0,1,0,1,5,8,4,0,0,1,1,2,1,1,4,5,1020,9,53,-3,235,295,510,129,Austin,2023-11-02
2024,11,2,92,149,63,25,3,23,14,10,19,26,43,69,39,66,37,5,1,6,3,6,12,7,21,28,50,69,17,17,1,16,8,3,6,17,17,34,0,1,0,0,0,0,1,1,0,0,2,2,3,13,9,3,1,1,2,0,1,2,3,5,1072,6,70,-1,237,253,610,146,Austin,2024-11-02
2012,12,2,,,,,,,,,,,,,,,,,,,,,,,,,,,,,,,,,,,,,,,,,,,,,,,,,,,,,,,,,,,,,,,,,,,,,Austin,2012-12-02
2013,12,2,,,,,,,,,,,,,,,,,,,,,,,,,,,,,,,,,,,,,,,,,,,,,,,,,,,,,,,,,,,,,,,,,,,,,Austin,2013-12-02
2014,12,2,84,86,82,5,7,14,25,19,9,21,53,74,48,50,51,2,4,5,14,12,6,9,32,41,31,30,12,1,3,8,10,4,2,11,16,27,0,0,0,1,0,1,1,0,0,1,1,2,5,6,19,1,0,0,0,3,1,0,4,4,1610,20,121,30,268,364,755,106,Austin,2014-12-02
2015,12,2,95,141,106,4,0,13,27,18,7,13,52,65,43,70,68,0,0,5,18,8,4,5,30,35,44,58,12,4,0,4,8,8,3,4,19,23,0,2,2,0,0,0,0,0,0,0,0,0,8,11,24,0,0,4,1,2,0,4,3,7,1573,21,118,31,269,357,809,142,Austin,2015-12-02
2016,12,2,95,160,146,9,4,15,26,17,14,19,57,76,49,76,86,2,0,6,13,13,10,6,36,42,41,67,36,4,4,7,8,3,3,11,14,25,0,1,6,0,0,0,0,0,0,0,0,0,5,16,18,3,0,2,5,1,1,2,7,9,1705,21,117,26,264,431,945,146,Austin,2016-12-02
2017,12,2,113,160,80,10,4,31,12,10,11,35,33,68,41,69,42,3,1,12,4,2,5,13,11,24,66,77,25,7,2,16,8,7,4,18,19,37,0,2,1,0,0,0,0,0,0,0,0,0,6,12,12,0,1,3,0,1,2,4,3,7,1354,14,103,27,265,322,723,189,Austin,2017-12-02
2018,12,2,90,131,57,16,6,27,31,20,22,33,73,106,37,52,31,0,2,14,17,13,12,16,42,58,47,69,18,15,3,11,13,5,8,14,26,40,0,1,0,0,1,0,0,0,0,1,0,1,6,9,8,1,0,2,1,2,2,2,5,7,1294,10,99,28,266,367,680,156,Austin,2018-12-02
2019,12,2,83,161,83,5,2,22,26,12,23,24,61,85,42,83,66,0,1,10,17,9,13,11,39,50,37,72,9,4,1,12,6,2,9,13,17,30,1,0,0,0,0,0,1,0,1,0,2,2,3,6,8,1,0,0,2,1,0,0,3,3,1330,20,101,29,267,365,702,131,Austin,2019-12-02
2020,12,2,56,146,40,13,2,17,11,10,20,19,41,60,35,73,21,4,0,12,2,7,16,12,25,37,15,60,12,8,2,4,7,2,4,6,13,19,0,3,0,0,0,0,0,0,0,0,0,0,6,10,7,1,0,1,2,1,0,1,3,4,928,16,69,31,269,269,457,118,Austin,2020-12-02
2021,12,2,76,149,46,23,0,23,12,5,23,23,40,63,35,58,25,6,0,9,4,5,16,9,25,34,35,79,14,17,0,14,8,0,6,14,14,28,2,2,2,0,0,0,0,0,0,0,0,0,4,10,5,0,0,0,0,0,1,0,1,1,908,15,61,25,263,280,442,132,Austin,2021-12-02
2022,12,2,82,157,73,17,4,19,2,4,30,23,36,59,37,91,39,2,1,5,0,0,19,6,19,25,39,52,20,15,2,14,2,3,8,16,13,29,0,4,2,0,0,0,0,0,2,0,2,2,6,10,12,0,1,0,0,1,1,1,2,3,942,20,76,26,264,264,524,113,Austin,2022-12-02
2023,12,2,92,153,45,23,5,26,6,7,18,31,31,62,39,59,25,4,1,10,2,5,9,11,16,27,45,76,16,18,4,15,3,2,9,19,14,33,1,5,0,0,0,0,1,0,0,0,1,1,7,13,4,1,0,1,0,0,0,1,0,1,980,12,80,27,265,282,486,149,Austin,2023-12-02
2024,12,2,61,117,56,17,2,16,5,6,21,18,32,50,36,58,37,4,2,7,2,2,14,9,18,27,20,51,12,13,0,8,3,3,7,8,13,21,1,3,0,0,0,0,0,0,0,0,0,0,4,5,7,0,0,1,0,1,0,1,1,2,938,14,65,29,267,236,522,101,Austin,2024-12-02
2012,1,3,,,,,,,,,,,,,,,,,,,,,,,,,,,,,,,,,,,,,,,,,,,,,,,,,,,,,,,,,,,,,,,,,,,,,Austin,2012-01-03
2013,1,3,,,,,,,,,,,,,,,,,,,,,,,,,,,,,,,,,,,,,,,,,,,,,,,,,,,,,,,,,,,,,,,,,,,,,Austin,2013-01-03
2014,1,3,92,107,79,4,2,22,24,11,18,24,53,77,40,44,59,1,1,11,16,10,13,12,39,51,44,52,15,3,1,10,7,1,2,11,10,21,0,1,1,0,0,0,1,0,0,0,1,1,8,10,4,0,0,1,0,0,3,1,3,4,1692,25,84,-303,-65,389,805,101,Austin,2014-01-03
2015,1,3,114,120,57,16,2,16,24,14,12,18,50,68,56,41,34,1,1,7,12,8,9,8,29,37,46,67,21,13,1,8,10,6,3,9,19,28,1,1,0,0,0,0,0,0,0,0,0,0,11,11,2,2,0,1,2,0,0,1,2,3,1462,19,111,-302,-64,326,753,134,Austin,2015-01-03
2016,1,3,91,129,55,21,4,18,19,15,18,22,52,74,41,38,31,3,0,7,6,10,13,7,29,36,48,81,19,11,4,11,12,4,5,15,21,36,1,1,1,0,0,0,0,0,0,0,0,0,1,9,4,7,0,0,1,1,0,0,2,2,1239,13,76,-308,-70,324,640,120,Austin,2016-01-03
2017,1,3,124,136,93,9,0,21,27,13,23,21,63,84,64,63,57,3,0,12,14,8,12,12,34,46,51,62,15,5,0,6,8,3,10,6,21,27,1,1,3,0,0,0,0,0,0,0,0,0,8,10,18,1,0,3,5,2,1,3,8,11,1654,17,152,-306,-68,447,850,124,Austin,2017-01-03
2018,1,3,95,105,74,11,7,17,26,10,15,24,51,75,50,46,45,1,1,6,16,6,10,7,32,39,37,52,18,9,5,9,8,4,4,14,16,30,0,0,2,0,0,0,0,0,0,0,0,0,8,7,9,1,1,2,2,0,1,3,3,6,1306,19,107,-305,-67,332,703,136,Austin,2018-01-03
2019,1,3,90,104,82,14,3,22,19,6,14,25,39,64,43,47,57,4,1,9,11,3,6,10,20,30,36,46,16,9,1,9,7,2,8,10,17,27,1,1,2,0,0,0,0,0,0,0,0,0,10,10,7,1,1,4,1,1,0,5,2,7,1302,20,107,-304,-66,320,725,123,Austin,2019-01-03
2020,1,3,107,172,72,15,3,17,20,24,30,20,74,94,54,67,50,4,1,5,12,18,16,6,46,52,41,89,11,10,2,11,7,5,13,13,25,38,0,6,3,0,0,0,0,0,1,0,1,1,12,10,8,1,0,1,1,1,0,1,2,3,1346,23,96,-303,-65,390,710,150,Austin,2020-01-03
2021,1,3,69,125,29,27,10,18,11,5,17,28,33,61,32,61,12,3,2,7,5,1,9,9,15,24,33,56,15,23,8,9,5,4,8,17,17,34,0,0,0,0,0,1,0,0,0,1,0,1,4,8,2,1,0,1,1,0,0,1,1,2,914,7,73,-308,-70,275,443,111,Austin,2021-01-03
2022,1,3,77,109,48,16,2,19,5,9,23,21,37,58,39,51,32,3,1,10,2,4,17,11,23,34,32,49,14,12,1,7,3,4,4,8,11,19,0,2,0,0,0,0,0,1,0,0,1,1,6,7,2,1,0,2,0,0,2,2,2,4,828,14,56,-307,-69,242,439,106,Austin,2022-01-03
2023,1,3,82,154,56,22,5,21,7,10,25,26,42,68,47,73,32,8,0,9,4,6,17,9,27,36,26,68,13,13,5,8,2,3,8,13,13,26,3,2,1,0,0,0,0,0,0,0,0,0,6,11,10,1,0,4,1,1,0,4,2,6,914,14,71,-306,-68,299,428,128,Austin,2023-01-03
2024,1,3,60,156,49,15,2,15,8,6,24,17,38,55,39,65,26,6,0,4,2,3,16,4,21,25,15,79,13,7,2,9,6,3,4,11,13,24,0,2,3,0,0,1,0,0,2,1,2,3,6,10,7,2,0,1,0,0,2,1,2,3,923,14,93,-305,-67,287,444,98,Austin,2024-01-03
2012,2,3,,,,,,,,,,,,,,,,,,,,,,,,,,,,,,,,,,,,,,,,,,,,,,,,,,,,,,,,,,,,,,,,,,,,,Austin,2012-02-03
2013,2,3,,,,,,,,,,,,,,,,,,,,,,,,,,,,,,,,,,,,,,,,,,,,,,,,,,,,,,,,,,,,,,,,,,,,,Austin,2013-02-03
2014,2,3,99,89,45,7,1,19,36,20,16,20,72,92,58,50,38,1,0,10,23,10,12,10,45,55,38,34,5,5,1,9,12,7,2,10,21,31,0,1,0,0,0,0,0,1,0,0,1,1,3,4,2,1,0,0,1,2,2,0,5,5,1562,17,98,-272,-34,389,804,85,Austin,2014-02-03
2015,2,3,78,99,97,3,1,12,34,15,23,13,72,85,42,48,80,0,1,7,23,7,15,8,45,53,30,44,5,3,0,4,4,4,6,4,14,18,0,0,3,0,0,0,0,0,1,0,1,1,6,7,9,0,0,1,7,4,1,1,12,13,1323,13,102,-271,-33,344,631,99,Austin,2015-02-03
2016,2,3,94,130,113,4,0,19,29,12,22,19,63,82,47,75,89,1,0,10,22,8,16,10,46,56,38,43,15,1,0,6,6,3,4,6,13,19,3,3,2,0,0,0,0,0,2,0,2,2,6,9,7,2,0,3,1,1,0,3,2,5,1643,31,93,-277,-39,390,857,94,Austin,2016-02-03
2017,2,3,109,112,88,13,2,23,26,15,21,25,62,87,60,52,59,4,2,9,20,8,12,11,40,51,44,43,19,9,0,11,4,5,7,11,16,27,0,1,4,0,0,1,0,0,0,1,0,1,5,16,6,0,0,2,2,2,2,2,6,8,1796,26,119,-275,-37,438,930,125,Austin,2017-02-03
2018,2,3,120,95,71,10,3,24,16,11,17,27,44,71,58,40,45,2,1,13,13,5,11,14,29,43,52,44,21,8,2,10,2,4,3,12,9,21,0,3,1,0,0,0,0,0,0,0,0,0,10,8,4,0,0,1,1,2,3,1,6,7,1262,14,99,-274,-36,342,655,137,Austin,2018-02-03
2019,2,3,123,127,53,12,1,32,21,14,13,33,48,81,53,44,29,1,0,7,15,8,7,7,30,37,66,70,19,10,1,22,5,5,5,23,15,38,0,1,1,0,0,0,1,0,0,0,1,1,4,12,4,1,0,3,0,1,1,3,2,5,1309,10,94,-273,-35,336,719,163,Austin,2019-02-03
2020,2,3,114,166,78,9,3,14,31,20,20,17,71,88,62,81,54,1,1,8,21,13,16,9,50,59,42,69,18,7,2,4,10,4,3,6,17,23,1,6,1,0,0,0,0,0,1,0,1,1,9,10,5,1,0,2,0,3,0,2,3,5,1485,29,107,-272,-34,428,741,178,Austin,2020-02-03
2021,2,3,86,161,41,5,4,22,6,10,12,26,28,54,50,94,30,3,3,7,1,6,7,10,14,24,32,52,5,1,0,13,4,1,4,13,9,22,1,6,1,0,0,0,0,1,0,0,1,1,3,9,5,1,1,2,1,2,1,3,4,7,968,10,60,-277,-39,301,465,108,Austin,2021-02-03
2022,2,3,53,85,64,15,3,18,7,2,19,21,28,49,29,45,32,3,1,11,1,2,12,12,15,27,21,37,24,12,2,5,6,0,4,7,10,17,0,0,1,0,0,0,0,0,0,0,0,0,3,3,7,0,0,2,0,0,3,2,3,5,808,6,59,-276,-38,200,515,70,Austin,2022-02-03
2023,2,3,65,140,97,22,2,21,7,7,36,23,50,73,37,71,54,6,2,8,5,4,26,10,35,45,20,57,29,14,0,12,2,2,7,12,11,23,2,1,6,0,0,0,0,0,1,0,1,1,6,11,8,2,0,1,0,1,2,1,3,4,1066,21,81,-275,-37,275,620,89,Austin,2023-02-03
2024,2,3,92,154,67,20,2,19,13,7,28,21,48,69,41,87,41,2,1,9,2,5,20,10,27,37,40,50,16,16,1,10,10,2,7,11,19,30,2,3,0,0,0,0,0,0,0,0,0,0,9,14,10,2,0,0,1,0,1,0,2,2,1046,9,90,-274,-36,273,541,127,Austin,2024-02-03
2012,3,3,,,,,,,,,,,,,,,,,,,,,,,,,,,,,,,,,,,,,,,,,,,,,,,,,,,,,,,,,,,,,,,,,,,,,Austin,2012-03-03
2013,3,3,,,,,,,,,,,,,,,,,,,,,,,,,,,,,,,,,,,,,,,,,,,,,,,,,,,,,,,,,,,,,,,,,,,,,Austin,2013-03-03
2014,3,3,75,88,62,1,1,9,14,13,9,10,36,46,41,52,49,0,0,6,10,9,6,6,25,31,24,33,10,1,1,2,3,2,1,3,6,9,0,0,0,0,0,1,0,0,0,1,0,1,10,3,3,0,0,0,1,2,2,0,5,5,1357,15,87,-244,-6,274,791,93,Austin,2014-03-03
2015,3,3,87,117,82,2,2,11,19,16,15,13,50,63,48,63,66,2,1,5,12,13,10,6,35,41,29,37,6,0,1,5,6,3,4,6,13,19,0,2,2,0,0,0,1,0,1,0,2,2,10,15,8,0,0,1,0,0,0,1,0,1,1348,17,101,-243,-5,360,736,90,Austin,2015-03-03
2016,3,3,107,135,98,8,5,18,24,25,12,23,61,84,56,79,76,2,3,7,13,12,9,10,34,44,38,43,11,5,0,10,8,10,1,10,19,29,2,0,2,0,1,0,0,0,0,1,0,1,11,13,9,1,1,1,3,3,2,2,8,10,1702,16,142,-248,-10,407,856,146,Austin,2016-03-03
2017,3,3,106,126,117,4,5,16,34,14,22,21,70,91,63,63,85,2,2,4,13,7,13,6,33,39,38,57,25,1,2,12,20,6,9,14,35,49,0,0,3,0,0,0,0,0,0,0,0,0,5,6,4,1,1,0,1,1,0,1,2,3,1762,19,85,-247,-9,405,950,146,Austin,2017-03-03
2018,3,3,127,107,84,11,3,23,12,12,20,26,44,70,66,50,58,6,3,11,9,4,15,14,28,42,53,47,17,5,0,10,2,5,5,10,12,22,2,1,0,0,0,0,0,0,0,0,0,0,6,9,9,0,0,2,1,3,0,2,4,6,1359,15,93,-246,-8,323,718,167,Austin,2018-03-03
2019,3,3,83,115,51,9,2,32,24,15,20,34,59,93,48,54,32,4,1,15,17,12,11,16,40,56,29,56,15,5,1,15,7,3,5,16,15,31,0,1,1,0,0,1,0,0,0,1,0,1,6,4,3,0,0,1,0,0,4,1,4,5,1171,15,79,-245,-7,331,636,104,Austin,2019-03-03
2020,3,3,135,191,77,8,4,17,31,7,19,21,57,78,77,98,53,1,1,5,20,3,12,6,35,41,49,72,12,5,2,9,7,4,3,11,14,25,1,3,2,0,0,1,0,0,2,1,2,3,8,18,10,2,1,2,4,0,2,3,6,9,1491,22,115,-243,-5,429,708,185,Austin,2020-03-03
2021,3,3,78,153,57,13,0,18,9,9,21,18,39,57,45,78,43,2,0,8,6,8,13,8,27,35,29,64,9,11,0,9,3,1,7,9,11,20,1,0,1,0,0,0,0,0,0,0,0,0,3,11,4,0,0,1,0,0,1,1,1,2,987,13,71,-249,-11,298,468,155,Austin,2021-03-03
2022,3,3,89,154,56,13,5,22,11,7,26,27,44,71,52,83,38,1,2,11,4,4,15,13,23,36,27,54,13,11,3,10,7,2,9,13,18,31,2,4,0,0,0,0,0,0,0,0,0,0,8,13,5,1,0,1,0,1,2,1,3,4,966,7,71,-248,-10,311,468,140,Austin,2022-03-03
2023,3,3,99,184,72,19,2,20,14,6,29,22,49,71,53,91,56,1,0,8,5,4,23,8,32,40,36,76,12,16,2,11,9,2,6,13,17,30,2,3,0,0,0,0,0,0,0,0,0,0,8,14,4,2,0,1,0,0,0,1,0,1,1082,12,70,-247,-9,314,545,155,Austin,2023-03-03
2024,3,3,80,151,49,23,0,22,13,6,29,22,48,70,35,70,26,4,0,9,4,4,23,9,31,40,39,71,17,19,0,12,8,2,3,12,13,25,0,1,1,0,0,0,0,0,1,0,1,1,6,9,5,0,0,1,1,0,2,1,3,4,1044,7,68,-245,-7,280,544,122,Austin,2024-03-03
2012,4,3,,,,,,,,,,,,,,,,,,,,,,,,,,,,,,,,,,,,,,,,,,,,,,,,,,,,,,,,,,,,,,,,,,,,,Austin,2012-04-03
2013,4,3,,,,,,,,,,,,,,,,,,,,,,,,,,,,,,,,,,,,,,,,,,,,,,,,,,,,,,,,,,,,,,,,,,,,,Austin,2013-04-03
2014,4,3,129,116,56,3,0,18,21,10,19,18,50,68,80,60,45,2,0,9,16,5,10,9,31,40,33,47,7,1,0,8,3,5,4,8,12,20,2,0,1,0,0,0,0,0,2,0,2,2,14,9,3,0,0,1,2,0,3,1,5,6,1740,25,135,-213,25,424,834,142,Austin,2014-04-03
2015,4,3,153,136,80,5,3,22,19,21,16,25,56,81,84,71,59,1,2,8,11,14,11,10,36,46,54,53,17,2,1,11,6,4,5,12,15,27,0,0,0,0,0,1,1,0,0,1,1,2,15,12,4,2,0,2,1,3,0,2,4,6,1832,13,123,-212,26,437,948,167,Austin,2015-04-03
2016,4,3,123,117,83,15,6,40,23,20,12,46,55,101,62,49,48,5,3,17,14,10,7,20,31,51,51,58,30,10,2,21,8,7,5,23,20,43,2,0,0,0,0,0,0,0,0,0,0,0,8,10,5,0,1,2,1,3,0,3,4,7,1405,10,99,-217,21,376,738,143,Austin,2016-04-03
2017,4,3,136,154,97,5,0,19,21,10,13,19,44,63,88,78,79,2,0,6,9,8,12,6,29,35,37,65,13,3,0,11,8,2,1,11,11,22,1,0,1,0,0,0,0,0,0,0,0,0,10,11,4,0,0,2,4,0,0,2,4,6,1693,20,102,-216,22,447,877,144,Austin,2017-04-03
2018,4,3,102,135,91,8,2,22,15,6,19,24,40,64,62,75,73,5,2,12,6,4,13,14,23,37,27,49,13,2,0,6,8,1,3,6,12,18,1,0,2,0,0,0,1,0,1,0,2,2,12,11,3,1,0,4,0,1,2,4,3,7,1473,13,108,-215,23,364,797,151,Austin,2018-04-03
2019,4,3,112,145,109,11,3,12,12,19,21,15,52,67,78,93,77,6,2,7,9,11,13,9,33,42,27,42,18,4,1,3,1,7,8,4,16,20,1,1,1,0,0,0,1,0,0,0,1,1,6,9,13,1,0,2,1,1,0,2,2,4,1500,30,101,-214,24,356,818,149,Austin,2019-04-03
2020,4,3,74,156,48,17,2,20,20,13,23,22,56,78,51,90,39,5,1,10,13,12,18,11,43,54,18,53,7,12,1,9,6,1,5,10,12,22,0,2,0,0,0,1,0,0,0,1,0,1,5,11,2,0,0,0,1,0,0,0,1,1,966,8,53,-212,26,309,510,108,Austin,2020-04-03
2021,4,3,87,143,58,16,2,15,3,7,16,17,26,43,49,79,39,4,1,7,1,5,10,8,16,24,33,55,16,12,0,8,2,1,5,8,8,16,0,1,0,0,0,0,0,0,0,0,0,0,5,8,3,0,1,0,0,1,1,1,2,3,983,6,59,-218,20,287,499,151,Austin,2021-04-03
2022,4,3,93,153,47,33,1,23,17,5,22,24,44,68,49,79,28,5,1,12,3,3,19,13,25,38,32,60,12,26,0,10,13,2,1,10,16,26,4,1,1,0,0,0,0,0,0,0,0,0,8,13,6,2,0,1,1,0,2,1,3,4,1006,8,72,-217,21,291,504,152,Austin,2022-04-03
2023,4,3,78,180,63,20,2,25,16,17,43,27,76,103,52,114,48,8,1,5,7,15,29,6,51,57,17,55,9,11,1,17,8,2,9,18,19,37,0,1,3,0,0,0,0,0,1,0,1,1,9,10,3,1,0,3,1,0,4,3,5,8,1097,15,75,-216,22,327,545,148,Austin,2023-04-03
2024,4,3,78,176,77,7,3,16,7,5,21,19,33,52,45,104,54,3,3,9,2,5,17,12,24,36,29,56,13,2,0,7,4,0,4,7,8,15,1,5,7,0,0,0,0,0,0,0,0,0,3,11,3,2,0,0,1,0,0,0,1,1,973,19,75,-214,24,268,505,116,Austin,2024-04-03
2012,5,3,,,,,,,,,,,,,,,,,,,,,,,,,,,,,,,,,,,,,,,,,,,,,,,,,,,,,,,,,,,,,,,,,,,,,Austin,2012-05-03
2013,5,3,,,,,,,,,,,,,,,,,,,,,,,,,,,,,,,,,,,,,,,,,,,,,,,,,,,,,,,,,,,,,,,,,,,,,Austin,2013-05-03
2014,5,3,143,105,69,11,1,29,19,16,16,30,51,81,73,41,50,2,1,15,9,12,9,16,30,46,60,55,16,8,0,11,7,4,4,11,15,26,0,1,0,0,0,1,0,0,0,1,0,1,10,8,3,1,0,2,3,0,3,2,6,8,1786,12,168,-183,55,394,928,157,Austin,2014-05-03
2015,5,3,113,120,66,10,3,42,20,15,14,45,49,94,60,55,48,0,2,14,9,10,12,16,31,47,48,52,17,7,1,25,7,4,1,26,12,38,0,0,0,1,0,0,0,0,0,0,0,0,5,13,1,2,0,3,4,1,1,3,6,9,1411,11,92,-182,56,361,762,134,Austin,2015-05-03
2016,5,3,106,146,98,7,6,19,19,13,13,25,45,70,65,93,88,3,5,13,16,10,8,18,34,52,25,41,4,3,0,6,2,2,5,6,9,15,0,3,2,0,1,0,1,1,0,1,2,3,16,9,4,1,0,0,0,0,0,0,0,0,1571,16,107,-187,51,416,789,146,Austin,2016-05-03
2017,5,3,127,152,88,4,3,16,18,15,16,19,49,68,89,91,74,2,3,8,8,10,14,11,32,43,29,50,8,2,0,8,10,4,2,8,16,24,1,1,1,0,0,0,0,0,0,0,0,0,8,10,5,0,0,0,0,1,0,0,1,1,1760,14,125,-186,52,423,903,159,Austin,2017-05-03
2018,5,3,129,124,83,5,8,17,20,16,12,25,48,73,86,72,68,0,1,11,17,12,11,12,40,52,32,39,9,4,5,5,3,2,1,10,6,16,0,1,0,1,1,0,0,0,0,1,0,1,11,12,6,0,1,1,0,2,0,2,2,4,1536,20,129,-185,53,403,817,148,Austin,2018-05-03
2019,5,3,106,156,127,11,4,17,20,10,18,21,48,69,71,99,93,5,2,12,16,9,15,14,40,54,27,47,20,6,2,4,4,0,3,6,7,13,1,1,2,0,0,0,0,0,0,0,0,0,7,9,12,0,0,1,0,1,0,1,1,2,1690,12,129,-184,54,357,1028,173,Austin,2019-05-03
2020,5,3,106,163,33,17,1,22,19,12,22,23,53,76,56,86,20,7,1,11,10,9,21,12,40,52,36,62,5,10,0,9,6,3,0,9,9,18,1,2,0,0,0,1,2,0,1,1,3,4,13,13,8,0,0,1,1,0,0,1,1,2,978,18,82,-182,56,310,494,131,Austin,2020-05-03
2021,5,3,114,166,44,12,2,17,12,5,34,19,51,70,69,98,30,2,1,11,10,4,22,12,36,48,35,54,10,9,1,4,0,1,7,5,8,13,1,4,2,0,0,0,1,0,1,0,2,2,9,10,2,1,0,2,1,0,4,2,5,7,1139,20,82,-188,50,358,560,149,Austin,2021-05-03
2022,5,3,99,191,64,13,3,19,10,17,19,22,46,68,62,120,59,3,2,7,4,12,16,9,32,41,26,58,1,8,1,10,5,3,3,11,11,22,2,1,1,0,0,0,0,0,0,0,0,0,9,12,3,2,0,2,1,2,0,2,3,5,1009,11,72,-187,51,302,497,163,Austin,2022-05-03
2023,5,3,90,154,65,12,2,15,13,6,25,17,44,61,55,94,53,7,2,7,5,5,16,9,26,35,28,43,11,4,0,8,8,1,8,8,17,25,1,1,0,0,0,0,0,0,1,0,1,1,6,16,1,1,0,0,0,0,0,0,0,0,997,6,63,-186,52,298,521,122,Austin,2023-05-03
2024,5,3,79,194,79,13,6,14,13,8,29,20,50,70,51,122,60,6,4,6,7,6,22,10,35,45,22,56,11,5,2,4,4,2,6,6,12,18,1,0,2,0,0,0,0,0,0,0,0,0,5,16,6,2,0,4,2,0,1,4,3,7,1109,8,86,-184,54,317,588,133,Austin,2024-05-03
2012,6,3,,,,,,,,,,,,,,,,,,,,,,,,,,,,,,,,,,,,,,,,,,,,,,,,,,,,,,,,,,,,,,,,,,,,,Austin,2012-06-03
2013,6,3,,,,,,,,,,,,,,,,,,,,,,,,,,,,,,,,,,,,,,,,,,,,,,,,,,,,,,,,,,,,,,,,,,,,,Austin,2013-06-03
2014,6,3,117,107,77,5,3,23,30,22,15,26,67,93,80,72,69,2,1,14,21,18,11,15,50,65,23,25,5,3,2,8,6,3,3,10,12,22,1,0,0,0,0,1,0,0,1,1,1,2,13,10,3,0,0,0,3,1,0,0,4,4,1809,27,156,-152,86,428,914,134,Austin,2014-06-03
2015,6,3,131,105,92,1,4,20,16,20,14,24,50,74,90,66,85,0,3,14,9,19,10,17,38,55,30,29,1,1,0,6,5,1,3,6,9,15,1,1,0,0,0,0,1,0,0,0,1,1,10,9,6,0,1,0,1,0,1,1,2,3,1663,18,108,-151,87,406,836,157,Austin,2015-06-03
2016,6,3,122,132,99,8,2,28,18,20,20,30,58,88,82,78,66,3,2,16,13,17,17,18,47,65,31,47,24,2,0,5,5,2,2,5,9,14,1,1,0,0,0,0,0,0,0,0,0,0,8,6,9,3,0,7,0,1,1,7,2,9,1644,15,146,-156,82,416,903,142,Austin,2016-06-03
2017,6,3,137,154,75,6,9,30,16,11,17,39,44,83,86,83,57,1,3,17,9,10,13,20,32,52,37,58,14,5,3,10,7,1,2,13,10,23,1,1,0,0,0,0,0,0,0,0,0,0,13,12,4,0,3,3,0,0,2,6,2,8,1539,17,128,-155,83,384,837,172,Austin,2017-06-03
2018,6,3,131,137,64,6,1,38,14,10,19,39,43,82,77,66,43,2,0,19,8,5,14,19,27,46,45,52,15,4,1,14,5,2,2,15,9,24,1,1,0,0,0,0,0,0,1,0,1,1,8,18,6,0,0,5,1,3,2,5,6,11,1386,10,133,-154,84,340,799,140,Austin,2018-06-03
2019,6,3,104,153,76,6,1,28,30,15,26,29,71,100,66,97,66,1,1,16,24,11,15,17,50,67,27,43,8,5,0,8,3,3,8,8,14,22,0,0,0,0,0,0,0,0,1,0,1,1,11,13,2,0,0,4,3,1,2,4,6,10,1546,16,126,-153,85,427,764,172,Austin,2019-06-03
2020,6,3,87,134,35,18,3,17,20,8,23,20,51,71,59,88,29,4,2,11,16,5,22,13,43,56,21,40,4,11,0,4,4,1,1,4,6,10,3,0,0,0,0,0,0,1,0,0,1,1,4,6,2,3,1,2,0,1,0,3,1,4,945,10,80,-151,87,268,484,152,Austin,2020-06-03
2021,6,3,78,151,55,17,2,21,7,6,23,23,36,59,57,102,49,8,0,10,7,5,21,10,33,43,15,35,2,6,2,7,0,1,1,9,2,11,0,2,2,0,0,0,0,0,1,0,1,1,6,12,2,3,0,4,0,0,0,4,0,4,979,14,80,-157,81,275,513,145,Austin,2021-06-03
2022,6,3,122,178,74,21,2,24,12,8,31,26,51,77,76,114,59,10,2,14,5,4,23,16,32,48,36,48,9,8,0,8,6,3,6,8,15,23,1,1,1,1,0,0,1,0,0,0,1,1,9,15,5,2,0,2,0,1,2,2,3,5,1156,13,79,-156,82,342,612,137,Austin,2022-06-03
2023,6,3,108,140,71,19,6,23,9,9,34,29,52,81,69,81,52,6,3,10,3,6,26,13,35,48,32,49,14,13,1,8,5,2,7,9,14,23,2,1,2,0,0,1,0,0,0,1,0,1,5,9,3,0,2,4,1,1,1,6,3,9,1058,15,97,-155,83,294,560,147,Austin,2023-06-03
2024,6,3,63,189,56,8,2,26,9,9,37,28,55,83,37,129,44,2,0,13,6,8,31,13,45,58,20,45,11,5,2,9,2,0,3,11,5,16,2,2,1,0,0,0,1,0,1,0,2,2,4,13,0,1,0,4,0,1,2,4,3,7,1061,17,79,-153,85,328,552,128,Austin,2024-06-03
2012,7,3,,,,,,,,,,,,,,,,,,,,,,,,,,,,,,,,,,,,,,,,,,,,,,,,,,,,,,,,,,,,,,,,,,,,,Austin,2012-07-03
2013,7,3,,,,,,,,,,,,,,,,,,,,,,,,,,,,,,,,,,,,,,,,,,,,,,,,,,,,,,,,,,,,,,,,,,,,,Austin,2013-07-03
2014,7,3,103,126,93,4,4,28,29,19,12,32,60,92,66,64,81,0,1,19,13,14,10,20,37,57,26,48,7,3,3,6,15,3,1,9,19,28,1,0,0,0,0,0,0,0,0,0,0,0,10,14,5,1,0,3,1,2,1,3,4,7,1694,11,157,-122,116,414,883,155,Austin,2014-07-03
2015,7,3,139,127,68,5,2,19,14,21,21,21,56,77,72,72,59,0,1,8,10,14,15,9,39,48,48,43,5,4,1,7,3,4,4,8,11,19,1,2,0,0,0,0,0,0,0,0,0,0,18,10,4,1,0,4,1,3,2,4,6,10,1721,21,153,-121,117,382,919,153,Austin,2015-07-03
2016,7,3,118,129,65,19,6,33,17,14,10,39,41,80,58,62,43,5,4,16,8,10,8,20,26,46,43,55,15,9,2,11,8,3,2,13,13,26,3,2,0,0,0,0,0,0,0,0,0,0,14,10,7,5,0,6,1,1,0,6,2,8,1430,14,140,-126,112,366,773,155,Austin,2016-07-03
2017,7,3,125,126,100,13,4,23,18,14,14,27,46,73,83,68,85,4,2,14,13,9,11,16,33,49,33,38,11,5,2,8,4,5,3,10,12,22,1,1,0,0,0,0,0,0,0,0,0,0,8,19,4,4,0,1,1,0,0,1,1,2,1690,21,146,-125,113,419,907,153,Austin,2017-07-03
2018,7,3,118,135,82,7,1,29,26,13,17,30,56,86,83,91,77,1,0,16,19,11,12,16,42,58,27,34,3,4,1,10,6,1,3,11,10,21,0,1,1,0,0,0,0,0,1,0,1,1,8,9,1,2,0,3,1,1,1,3,3,6,1516,30,110,-124,114,365,796,162,Austin,2018-07-03
2019,7,3,96,163,111,12,3,22,15,21,32,25,68,93,66,108,97,3,2,14,10,13,19,16,42,58,24,47,11,8,0,6,3,5,9,6,17,23,0,2,1,0,0,0,0,0,2,0,2,2,6,6,2,1,1,2,2,3,2,3,7,10,1493,29,101,-123,115,380,763,151,Austin,2019-07-03
2020,7,3,109,157,41,23,6,26,16,14,19,32,49,81,82,107,34,3,3,15,13,7,15,18,35,53,19,36,4,17,2,7,3,3,4,9,10,19,0,3,0,0,0,1,0,0,0,1,0,1,8,11,3,3,1,3,0,4,0,4,4,8,1055,16,81,-121,117,331,537,146,Austin,2020-07-03
2021,7,3,111,167,59,30,3,33,9,10,24,36,43,79,76,97,40,6,2,21,5,7,19,23,31,54,30,54,16,18,1,9,4,2,5,10,11,21,1,3,0,0,0,0,0,0,0,0,0,0,4,13,3,6,0,3,0,1,0,3,1,4,1076,11,77,-127,111,315,547,153,Austin,2021-07-03
2022,7,3,106,143,39,33,6,30,10,10,17,36,37,73,68,94,21,8,2,12,3,9,13,14,25,39,27,30,11,18,4,18,5,0,3,22,8,30,0,1,1,1,0,0,0,0,1,0,1,1,11,18,6,6,0,0,2,1,0,0,3,3,999,8,94,-126,112,271,543,145,Austin,2022-07-03
2023,7,3,96,175,49,15,3,26,9,8,19,29,36,65,64,117,35,2,2,14,4,6,17,16,27,43,25,44,7,11,1,9,4,2,2,10,8,18,2,2,1,0,0,0,0,0,0,0,0,0,5,12,6,2,0,3,1,0,0,3,1,4,1059,16,84,-125,113,278,583,124,Austin,2023-07-03
2024,7,3,74,181,56,15,3,16,15,10,40,19,65,84,45,123,50,4,2,7,8,7,30,9,45,54,21,47,6,10,1,6,6,1,8,7,15,22,0,4,0,0,0,0,0,0,1,0,1,1,8,7,0,1,0,3,1,2,1,3,4,7,1048,14,66,-123,115,304,573,113,Austin,2024-07-03
2012,8,3,,,,,,,,,,,,,,,,,,,,,,,,,,,,,,,,,,,,,,,,,,,,,,,,,,,,,,,,,,,,,,,,,,,,,Austin,2012-08-03
2013,8,3,,,,,,,,,,,,,,,,,,,,,,,,,,,,,,,,,,,,,,,,,,,,,,,,,,,,,,,,,,,,,,,,,,,,,Austin,2013-08-03
2014,8,3,110,116,56,7,0,27,22,19,16,27,57,84,50,55,39,1,0,14,11,10,9,14,30,44,42,54,12,4,0,9,9,6,6,9,21,30,0,1,0,0,0,0,0,0,0,0,0,0,18,6,5,2,0,4,2,3,1,4,6,10,1462,12,118,-91,147,395,735,129,Austin,2014-08-03
2015,8,3,97,124,89,0,4,19,31,28,16,23,75,98,59,69,71,0,3,10,24,25,12,13,61,74,29,44,13,0,1,8,5,3,4,9,12,21,0,0,1,0,0,0,1,0,0,0,1,1,9,11,4,0,0,1,1,0,0,1,1,2,1615,12,122,-90,148,392,854,136,Austin,2015-08-03
2016,8,3,100,161,111,8,3,22,14,13,13,25,40,65,63,87,97,2,0,13,7,9,12,13,28,41,31,58,5,5,2,7,4,3,1,9,8,17,0,2,1,0,0,0,1,0,0,0,1,1,6,14,8,1,1,2,2,1,0,3,3,6,1574,16,115,-95,143,418,859,112,Austin,2016-08-03
2017,8,3,122,133,114,7,3,20,20,10,14,23,44,67,74,73,88,1,1,11,17,10,12,12,39,51,37,53,19,6,2,9,3,0,2,11,5,16,0,2,2,0,0,0,0,0,0,0,0,0,11,5,5,0,0,0,0,0,0,0,0,0,1474,16,98,-94,144,387,763,134,Austin,2017-08-03
2018,8,3,105,151,91,9,1,20,19,13,17,21,49,70,71,104,75,6,0,12,11,11,13,12,35,47,28,32,13,3,1,7,7,2,4,8,13,21,1,3,3,0,0,0,0,0,0,0,0,0,5,12,0,0,0,1,1,0,0,1,1,2,1532,19,110,-93,145,351,864,155,Austin,2018-08-03
2019,8,3,147,181,68,8,2,34,25,15,22,36,62,98,85,106,43,4,1,20,13,9,19,21,41,62,53,58,15,3,0,11,9,4,3,11,16,27,1,0,1,0,0,0,0,0,0,0,0,0,8,17,9,1,1,3,3,2,0,4,5,9,1424,9,127,-92,146,405,721,167,Austin,2019-08-03
2020,8,3,92,145,58,22,6,21,7,10,28,27,45,72,52,84,51,5,2,11,2,10,23,13,35,48,21,49,3,14,4,5,4,0,4,9,8,17,3,1,0,0,0,1,0,0,0,1,0,1,16,11,4,3,0,4,1,0,1,4,2,6,1051,16,91,-90,148,313,546,132,Austin,2020-08-03
2021,8,3,101,167,62,9,4,15,14,9,36,19,59,78,74,112,46,2,2,6,5,7,28,8,40,48,21,37,10,4,2,7,7,2,5,9,14,23,0,6,1,0,0,0,1,0,0,0,1,1,6,12,5,3,0,2,1,0,3,2,4,6,1093,17,84,-96,142,362,528,142,Austin,2021-08-03
2022,8,3,84,168,51,12,6,14,10,14,40,20,64,84,52,109,43,4,2,8,5,6,28,10,39,49,25,43,6,6,4,3,5,6,10,7,21,28,2,4,0,0,0,1,0,0,1,1,1,2,5,12,2,2,0,2,0,2,1,2,3,5,1031,20,78,-95,143,302,542,138,Austin,2022-08-03
2023,8,3,89,187,67,18,5,25,9,6,29,30,44,74,51,117,55,5,3,14,5,5,19,17,29,46,29,54,8,12,2,10,3,1,5,12,9,21,0,4,1,0,0,0,0,0,1,0,1,1,9,12,3,1,0,1,1,0,4,1,5,6,1114,17,88,-94,144,294,623,124,Austin,2023-08-03
2024,8,3,95,161,54,18,9,21,8,9,23,30,40,70,45,101,34,4,5,14,3,8,15,19,26,45,44,42,15,11,4,7,5,1,7,11,13,24,1,2,0,0,0,0,0,0,0,0,0,0,5,16,5,3,0,0,0,0,1,0,1,1,1096,15,83,-92,146,281,604,139,Austin,2024-08-03
2012,9,3,,,,,,,,,,,,,,,,,,,,,,,,,,,,,,,,,,,,,,,,,,,,,,,,,,,,,,,,,,,,,,,,,,,,,Austin,2012-09-03
2013,9,3,,,,,,,,,,,,,,,,,,,,,,,,,,,,,,,,,,,,,,,,,,,,,,,,,,,,,,,,,,,,,,,,,,,,,Austin,2013-09-03
2014,9,3,106,109,87,2,3,15,22,21,29,18,72,90,71,62,66,0,1,9,14,18,26,10,58,68,20,38,14,2,1,2,8,3,2,3,13,16,2,0,4,0,0,0,0,0,0,0,0,0,13,9,3,0,1,4,0,0,1,5,1,6,1679,32,103,-60,178,401,836,105,Austin,2014-09-03
2015,9,3,87,122,96,5,2,19,14,19,18,21,51,72,56,63,79,1,2,10,12,15,12,12,39,51,21,46,8,4,0,8,1,2,6,8,9,17,1,0,3,0,0,0,0,0,0,0,0,0,9,13,6,0,0,1,1,2,0,1,3,4,1625,31,132,-59,179,369,868,127,Austin,2015-09-03
2016,9,3,136,130,66,8,6,20,22,17,21,26,60,86,74,64,38,4,4,8,13,11,8,12,32,44,49,53,24,4,2,9,7,4,10,11,21,32,1,2,0,0,0,1,0,0,1,1,1,2,12,11,4,0,0,2,2,2,2,2,6,8,1462,18,103,-64,174,367,833,144,Austin,2016-09-03
2017,9,3,121,134,67,13,1,31,15,9,10,32,34,66,55,69,42,5,0,16,7,6,7,16,20,36,55,48,22,7,1,10,7,3,2,11,12,23,2,3,0,0,0,1,0,0,0,1,0,1,9,14,3,1,0,4,1,0,1,4,2,6,1371,10,97,-63,175,333,787,136,Austin,2017-09-03
2018,9,3,85,129,66,8,4,25,14,24,15,29,53,82,54,75,43,1,3,10,8,16,14,13,38,51,23,46,14,7,1,11,5,7,0,12,12,24,4,1,1,0,0,0,0,0,0,0,0,0,4,7,8,0,0,4,1,1,1,4,3,7,1273,25,88,-62,176,342,685,136,Austin,2018-09-03
2019,9,3,121,175,86,5,4,28,30,18,42,32,90,122,72,108,76,2,0,21,23,11,28,21,62,83,36,50,5,1,4,5,5,5,12,9,22,31,2,1,1,1,0,1,0,0,0,1,0,1,11,16,4,1,0,1,2,2,2,1,6,7,1487,23,118,-61,177,421,745,177,Austin,2019-09-03
2020,9,3,81,132,46,15,4,19,10,8,12,23,30,53,44,86,36,4,2,9,4,5,10,11,19,30,32,36,8,10,2,9,6,3,2,11,11,22,0,1,0,0,0,0,0,0,0,0,0,0,5,9,2,1,0,1,0,0,0,1,0,1,936,6,62,-59,179,266,523,110,Austin,2020-09-03
2021,9,3,84,179,71,10,4,31,17,6,30,35,53,88,56,113,56,5,2,19,6,4,25,21,35,56,23,54,5,5,2,9,9,1,3,11,13,24,0,6,1,0,0,0,0,0,0,0,0,0,5,6,9,0,0,3,2,1,2,3,5,8,1145,9,72,-65,173,342,587,154,Austin,2021-09-03
2022,9,3,103,163,60,24,6,20,8,6,35,26,49,75,49,98,44,4,1,8,2,4,26,9,32,41,45,57,12,16,3,8,4,2,6,11,12,23,1,1,0,0,0,0,0,0,0,0,0,0,8,7,4,4,2,4,2,0,3,6,5,11,1022,6,65,-64,174,264,543,150,Austin,2022-09-03
2023,9,3,78,132,48,25,10,25,11,11,34,35,56,91,32,79,30,2,3,15,7,7,25,18,39,57,37,40,14,22,6,10,4,3,8,16,15,31,1,2,0,0,1,0,0,0,1,1,1,2,8,11,4,1,0,0,0,1,0,0,1,1,895,13,56,-63,175,265,448,123,Austin,2023-09-03
2024,9,3,87,167,53,9,2,16,13,6,20,18,39,57,64,106,33,4,1,10,4,2,13,11,19,30,22,47,12,4,1,5,9,3,4,6,16,22,0,5,2,0,0,0,0,0,2,0,2,2,1,9,6,1,0,1,0,1,1,1,2,3,1114,17,67,-61,177,280,619,123,Austin,2024-09-03
2012,10,3,,,,,,,,,,,,,,,,,,,,,,,,,,,,,,,,,,,,,,,,,,,,,,,,,,,,,,,,,,,,,,,,,,,,,Austin,2012-10-03
2013,10,3,,,,,,,,,,,,,,,,,,,,,,,,,,,,,,,,,,,,,,,,,,,,,,,,,,,,,,,,,,,,,,,,,,,,,Austin,2013-10-03
2014,10,3,123,126,106,6,1,23,23,21,24,24,68,92,61,64,78,0,0,7,15,11,21,7,47,54,48,55,20,6,1,11,7,7,2,12,16,28,1,1,4,0,0,0,0,0,0,0,0,0,13,6,4,0,0,5,1,3,1,5,5,10,1945,29,111,-30,208,416,1055,151,Austin,2014-10-03
2015,10,3,119,121,84,6,3,40,13,16,16,43,45,88,62,52,62,2,2,13,9,12,10,15,31,46,50,55,17,3,1,25,3,4,6,26,13,39,1,1,3,0,0,0,0,0,0,0,0,0,6,13,2,1,0,2,1,0,0,2,1,3,1547,15,93,-29,209,367,865,157,Austin,2015-10-03
2016,10,3,121,114,89,6,5,18,22,11,20,23,53,76,71,59,69,1,2,9,12,7,16,11,35,46,39,38,14,5,3,7,10,3,2,10,15,25,1,2,1,0,0,0,0,0,2,0,2,2,10,15,5,0,0,2,0,1,0,2,1,3,1538,27,107,-34,204,387,840,131,Austin,2016-10-03
2017,10,3,97,121,123,6,2,16,26,16,16,18,58,76,52,66,102,2,2,9,18,11,11,11,40,51,38,44,14,4,0,5,5,4,3,5,12,17,2,0,2,0,0,0,0,0,0,0,0,0,5,11,5,0,0,2,3,1,2,2,6,8,1521,20,99,-33,205,398,803,158,Austin,2017-10-03
2018,10,3,127,147,90,11,3,24,20,16,17,27,53,80,70,83,66,5,2,14,11,10,10,16,31,47,40,55,16,6,1,9,6,6,4,10,16,26,1,2,2,0,0,0,1,0,0,0,1,1,16,7,6,0,0,1,2,0,3,1,5,6,1424,22,90,-32,206,373,749,146,Austin,2018-10-03
2019,10,3,90,176,120,9,5,21,23,16,33,26,72,98,44,101,87,1,2,11,16,13,26,13,55,68,39,57,20,7,2,10,6,2,5,12,13,25,0,3,6,0,0,0,0,0,0,0,0,0,7,15,7,1,1,0,1,1,2,1,4,5,1534,34,104,-31,207,449,769,190,Austin,2019-10-03
2020,10,3,113,142,52,27,5,27,4,8,41,32,53,85,60,72,33,5,2,13,1,6,26,15,33,48,47,59,13,18,3,11,2,2,10,14,14,28,0,1,1,0,0,0,0,0,1,0,1,1,6,10,5,4,0,3,1,0,4,3,5,8,1042,15,65,-29,209,306,542,150,Austin,2020-10-03
2021,10,3,69,136,49,25,1,26,4,5,21,27,30,57,29,71,26,5,0,9,3,5,12,9,20,29,35,54,18,15,1,13,1,0,6,14,7,21,0,0,0,0,0,0,0,0,0,0,0,0,5,11,5,5,0,4,0,0,3,4,3,7,944,14,63,-35,203,291,488,130,Austin,2021-10-03
2022,10,3,71,189,51,17,9,17,8,9,25,26,42,68,32,95,37,2,2,9,6,6,14,11,26,37,34,75,11,13,6,6,2,3,7,12,12,24,0,3,1,1,0,0,0,0,1,0,1,1,5,16,2,1,1,2,0,0,3,3,3,6,1013,14,66,-34,204,309,528,138,Austin,2022-10-03
2023,10,3,72,153,61,17,4,24,10,13,33,28,56,84,42,87,42,1,3,12,4,9,20,15,33,48,24,53,15,13,1,11,5,3,11,12,19,31,0,1,4,0,0,0,0,0,1,0,1,1,6,12,0,3,0,1,1,1,1,1,3,4,1016,16,73,-33,205,278,555,117,Austin,2023-10-03
2024,10,3,94,180,62,15,3,26,14,11,21,29,46,75,52,103,43,3,1,15,5,9,14,16,28,44,30,59,12,10,1,10,7,2,6,11,15,26,3,2,0,0,0,0,0,0,1,0,1,1,9,16,7,2,1,1,2,0,0,2,2,4,1125,14,75,-31,207,292,598,141,Austin,2024-10-03
2012,11,3,,,,,,,,,,,,,,,,,,,,,,,,,,,,,,,,,,,,,,,,,,,,,,,,,,,,,,,,,,,,,,,,,,,,,Austin,2012-11-03
2013,11,3,,,,,,,,,,,,,,,,,,,,,,,,,,,,,,,,,,,,,,,,,,,,,,,,,,,,,,,,,,,,,,,,,,,,,Austin,2013-11-03
2014,11,3,105,103,85,3,3,22,22,21,23,25,66,91,50,46,63,0,1,9,11,11,15,10,37,47,40,46,14,2,1,12,8,6,8,13,22,35,0,0,2,0,0,0,0,0,0,0,0,0,15,11,6,1,1,1,3,4,0,2,7,9,1566,12,119,1,239,408,797,130,Austin,2014-11-03
2015,11,3,116,140,124,4,1,21,24,19,12,22,55,77,55,66,87,0,1,11,14,12,12,12,38,50,49,61,15,3,0,9,9,5,0,9,14,23,0,0,2,0,0,0,0,0,0,0,0,0,12,13,20,1,0,1,1,2,0,1,3,4,1573,15,126,2,240,395,775,150,Austin,2015-11-03
2016,11,3,122,140,142,13,6,18,21,18,18,24,57,81,64,66,110,2,3,5,14,9,13,8,36,44,41,59,17,11,2,13,4,4,3,15,11,26,3,1,6,0,0,0,0,0,0,0,0,0,14,14,9,0,1,0,3,5,2,1,10,11,1660,33,116,-3,235,432,865,159,Austin,2016-11-03
2017,11,3,131,145,102,9,5,23,36,9,16,28,61,89,70,71,72,2,3,9,15,6,6,12,27,39,47,62,18,6,2,11,18,2,6,13,26,39,1,0,4,0,0,0,1,0,2,0,3,3,13,12,8,1,0,3,2,1,2,3,5,8,1642,25,121,-2,236,426,869,167,Austin,2017-11-03
2018,11,3,129,142,80,15,4,17,13,19,16,21,48,69,62,49,55,2,2,5,5,7,9,7,21,28,52,84,21,11,2,11,8,7,7,13,22,35,1,1,0,0,0,0,0,0,0,0,0,0,14,8,4,2,0,1,0,5,0,1,5,6,1337,12,103,-1,237,361,743,160,Austin,2018-11-03
2019,11,3,98,125,63,14,3,26,19,18,20,29,57,86,43,55,32,5,1,5,9,11,9,6,29,35,48,58,22,9,2,18,7,7,8,20,22,42,0,0,1,0,0,1,0,0,1,1,1,2,7,12,8,0,0,2,3,0,2,2,5,7,1192,14,92,0,238,310,648,151,Austin,2019-11-03
2020,11,3,78,129,51,11,4,29,8,10,25,33,43,76,47,58,32,4,4,12,4,5,15,16,24,40,19,57,12,6,0,14,4,4,8,14,16,30,2,2,3,1,0,0,0,0,1,0,1,1,10,12,4,0,0,3,0,1,1,3,2,5,943,14,62,2,240,334,450,98,Austin,2020-11-03
2021,11,3,61,152,74,13,3,17,5,10,40,20,55,75,33,78,55,0,0,9,3,7,23,9,33,42,26,59,10,12,3,8,2,3,15,11,20,31,1,5,3,1,0,0,0,0,1,0,1,1,1,10,6,0,0,0,0,0,1,0,1,1,929,21,44,-4,234,269,501,113,Austin,2021-11-03
2022,11,3,94,183,58,20,0,14,12,11,20,14,43,57,56,108,35,4,0,8,6,8,15,8,29,37,30,58,19,14,0,6,6,3,1,6,10,16,1,3,1,0,0,0,0,0,2,0,2,2,7,14,3,2,0,0,0,0,2,0,2,2,978,24,69,-3,235,274,510,150,Austin,2022-11-03
2023,11,3,109,180,70,9,2,15,9,7,37,17,53,70,64,88,50,2,2,7,3,4,26,9,33,42,37,73,14,7,0,6,6,2,10,6,18,24,2,2,1,0,0,0,0,0,0,0,0,0,6,17,5,0,0,2,0,1,1,2,2,4,1137,13,82,-2,236,315,589,145,Austin,2023-11-03
2024,11,3,103,162,62,14,3,36,11,9,37,39,57,96,51,73,25,4,2,10,4,5,20,12,29,41,46,73,31,9,1,23,6,4,14,24,24,48,0,1,0,0,0,1,0,0,2,1,2,3,6,15,6,1,0,2,1,0,1,2,2,4,1086,18,66,0,238,306,585,162,Austin,2024-11-03
2012,12,3,,,,,,,,,,,,,,,,,,,,,,,,,,,,,,,,,,,,,,,,,,,,,,,,,,,,,,,,,,,,,,,,,,,,,Austin,2012-12-03
2013,12,3,,,,,,,,,,,,,,,,,,,,,,,,,,,,,,,,,,,,,,,,,,,,,,,,,,,,,,,,,,,,,,,,,,,,,Austin,2013-12-03
2014,12,3,90,116,77,4,1,18,22,13,20,19,55,74,46,51,42,3,0,7,15,7,12,7,34,41,37,56,16,1,1,8,4,5,6,9,15,24,1,0,3,0,0,1,1,0,0,1,1,2,6,9,16,0,0,2,2,1,2,2,5,7,1703,27,142,31,269,380,753,123,Austin,2014-12-03
2015,12,3,103,117,100,5,4,19,25,6,14,23,45,68,55,47,69,0,3,7,19,3,6,10,28,38,37,54,14,5,0,10,3,3,6,10,12,22,0,1,2,0,0,0,0,0,1,0,1,1,11,15,15,0,1,2,3,0,1,3,4,7,1593,26,124,32,270,388,833,134,Austin,2015-12-03
2016,12,3,95,120,111,10,6,30,31,13,17,36,61,97,33,46,59,2,1,8,19,5,12,9,36,45,56,60,45,8,4,19,10,2,2,23,14,37,0,1,1,0,0,0,1,0,0,0,1,1,6,13,6,0,1,3,1,6,3,4,10,14,1369,14,91,27,265,380,775,109,Austin,2016-12-03
2017,12,3,114,128,83,10,7,22,16,14,10,29,40,69,48,47,53,0,2,9,7,3,7,11,17,28,56,69,22,10,5,12,9,9,3,17,21,38,1,2,2,0,0,0,0,0,0,0,0,0,9,10,6,0,0,1,0,2,0,1,2,3,1249,8,91,28,266,346,662,138,Austin,2017-12-03
2018,12,3,101,124,86,7,5,15,25,19,16,20,60,80,62,59,48,2,2,7,13,12,7,9,32,41,30,53,23,5,2,6,11,5,7,8,23,31,0,1,0,0,0,0,0,1,0,0,1,1,9,11,15,0,1,2,1,1,2,3,4,7,1403,20,129,29,267,376,724,121,Austin,2018-12-03
2019,12,3,96,175,80,12,2,23,25,25,21,25,71,96,41,83,56,1,1,9,11,16,16,10,43,53,41,71,12,10,1,11,8,5,4,12,17,29,4,1,1,0,0,0,0,0,0,0,0,0,10,20,11,1,0,3,6,4,1,3,11,14,1331,21,130,30,268,381,663,152,Austin,2019-12-03
2020,12,3,63,136,49,7,2,17,8,8,19,19,35,54,34,69,33,1,1,8,3,5,14,9,22,31,24,56,11,6,1,8,5,2,3,9,10,19,0,0,1,0,0,0,0,0,0,0,0,0,5,11,4,0,0,1,0,1,2,1,3,4,922,13,69,32,270,294,457,101,Austin,2020-12-03
2021,12,3,98,160,62,23,4,16,20,5,24,20,49,69,56,76,36,2,0,5,9,2,15,5,26,31,33,68,15,21,3,9,11,3,7,12,21,33,2,0,2,0,0,0,0,0,0,0,0,0,7,16,9,0,1,2,0,0,2,3,2,5,1083,14,94,26,264,335,548,146,Austin,2021-12-03
2022,12,3,84,182,34,27,1,20,11,7,24,21,42,63,40,81,16,2,0,6,5,2,15,6,22,28,36,88,15,23,1,12,5,5,7,13,17,30,1,1,0,0,0,0,1,0,0,0,1,1,7,12,3,2,0,2,0,0,2,2,2,4,980,12,68,27,265,276,517,154,Austin,2022-12-03
2023,12,3,93,172,47,23,5,19,20,7,24,24,51,75,30,70,21,3,3,7,6,3,15,10,24,34,58,84,14,19,1,12,12,3,7,13,22,35,0,4,0,0,0,0,1,0,0,0,1,1,5,14,12,1,1,0,1,1,2,1,4,5,1009,12,81,28,266,282,533,142,Austin,2023-12-03
2024,12,3,81,123,83,13,3,20,9,10,21,23,40,63,36,66,38,5,0,12,5,7,13,12,25,37,38,46,24,7,3,6,4,3,6,9,13,22,3,0,1,0,0,0,0,0,2,0,2,2,4,11,20,1,0,2,0,0,0,2,0,2,959,9,85,30,268,269,506,111,Austin,2024-12-03
2012,1,4,,,,,,,,,,,,,,,,,,,,,,,,,,,,,,,,,,,,,,,,,,,,,,,,,,,,,,,,,,,,,,,,,,,,,Austin,2012-01-04
2013,1,4,,,,,,,,,,,,,,,,,,,,,,,,,,,,,,,,,,,,,,,,,,,,,,,,,,,,,,,,,,,,,,,,,,,,,Austin,2013-01-04
2014,1,4,115,104,72,12,4,32,24,13,15,36,52,88,43,35,47,3,0,11,9,7,8,11,24,35,59,60,19,8,4,19,13,4,7,23,24,47,2,0,1,0,0,0,0,1,0,0,1,1,11,9,5,1,0,2,2,1,0,2,3,5,1568,18,120,-302,-64,379,733,131,Austin,2014-01-04
2015,1,4,86,94,39,17,1,26,17,17,21,27,55,82,37,36,23,2,0,9,5,10,10,9,25,34,43,52,12,13,1,15,10,5,9,16,24,40,0,1,0,0,0,1,0,0,0,1,0,1,6,5,4,2,0,1,2,2,2,1,6,7,1245,3,96,-301,-63,309,651,103,Austin,2015-01-04
2016,1,4,73,121,90,14,3,22,21,15,26,25,62,87,34,46,56,4,1,12,13,11,14,13,38,51,33,60,17,9,2,8,6,4,11,10,21,31,1,2,1,0,0,0,1,0,0,0,1,1,5,13,16,1,0,2,1,0,1,2,2,4,1561,25,112,-307,-69,373,772,136,Austin,2016-01-04
2017,1,4,93,117,68,6,3,4,24,14,18,7,56,63,41,57,42,2,1,1,13,8,15,2,36,38,35,53,15,2,2,3,6,4,2,5,12,17,1,1,1,0,0,0,0,0,0,0,0,0,16,6,10,2,0,0,5,2,1,0,8,8,1548,16,114,-305,-67,395,808,91,Austin,2017-01-04
2018,1,4,101,116,65,9,1,11,21,12,18,12,51,63,52,64,35,1,0,1,14,5,8,1,27,28,32,40,23,6,0,7,2,6,8,7,16,23,1,0,2,1,0,0,0,0,1,0,1,1,16,12,5,1,1,3,5,1,1,4,7,11,1340,21,113,-304,-66,322,681,115,Austin,2018-01-04
2019,1,4,88,135,82,16,0,18,15,20,19,18,54,72,46,55,50,2,0,8,7,10,11,8,28,36,36,65,19,14,0,9,8,6,8,9,22,31,0,0,1,0,0,0,0,0,0,0,0,0,6,15,12,0,0,1,0,4,0,1,4,5,1420,17,133,-303,-65,370,763,138,Austin,2019-01-04
2020,1,4,119,127,52,22,5,33,16,13,18,38,47,85,63,55,30,6,3,10,7,8,10,13,25,38,48,59,14,14,2,19,6,5,4,21,15,36,1,2,0,0,0,0,1,0,1,0,2,2,7,11,8,2,0,4,2,0,3,4,5,9,1176,15,78,-302,-64,337,609,157,Austin,2020-01-04
2021,1,4,75,126,48,10,1,21,15,14,27,22,56,78,45,62,28,3,0,10,6,9,22,10,37,47,27,54,9,6,1,8,8,4,3,9,15,24,0,1,0,0,0,0,0,0,2,0,2,2,3,9,11,1,0,3,1,1,0,3,2,5,945,9,79,-307,-69,323,460,102,Austin,2021-01-04
2022,1,4,68,116,52,9,3,17,8,11,25,20,44,64,34,59,34,2,2,6,2,6,16,8,24,32,26,47,10,7,1,10,6,4,8,11,18,29,2,3,0,0,0,0,0,0,0,0,0,0,6,7,8,0,0,1,0,1,1,1,2,3,834,14,66,-306,-68,280,407,100,Austin,2022-01-04
2023,1,4,66,139,66,13,3,27,8,9,26,30,43,73,34,78,43,2,0,14,5,7,16,14,28,42,22,51,13,9,3,11,3,1,9,14,13,27,0,1,1,0,0,1,0,0,1,1,1,2,10,9,9,2,0,1,0,1,0,1,1,2,943,12,79,-305,-67,301,473,113,Austin,2023-01-04
2024,1,4,73,152,52,14,2,15,10,3,36,17,49,66,39,76,27,4,2,4,4,1,25,6,30,36,32,65,17,10,0,7,5,0,10,7,15,22,0,4,2,0,0,0,1,0,0,0,1,1,2,7,6,0,0,4,0,2,1,4,3,7,909,13,64,-304,-66,280,484,89,Austin,2024-01-04
2012,2,4,,,,,,,,,,,,,,,,,,,,,,,,,,,,,,,,,,,,,,,,,,,,,,,,,,,,,,,,,,,,,,,,,,,,,Austin,2012-02-04
2013,2,4,,,,,,,,,,,,,,,,,,,,,,,,,,,,,,,,,,,,,,,,,,,,,,,,,,,,,,,,,,,,,,,,,,,,,Austin,2013-02-04
2014,2,4,82,110,75,7,3,19,36,14,16,22,66,88,40,54,52,2,2,9,20,11,11,11,42,53,33,51,13,3,1,7,12,3,5,8,20,28,1,0,3,0,0,0,1,0,0,0,1,1,8,5,7,2,0,3,3,0,0,3,3,6,1569,27,95,-271,-33,417,732,97,Austin,2014-02-04
2015,2,4,97,126,65,2,2,18,26,17,15,20,58,78,51,65,50,1,1,5,15,9,11,6,35,41,37,47,8,1,1,8,8,7,4,9,19,28,2,1,4,0,0,1,2,0,0,1,2,3,7,13,3,0,0,4,1,1,0,4,2,6,1446,25,106,-270,-32,368,738,119,Austin,2015-02-04
2016,2,4,77,112,100,3,1,17,15,15,10,18,40,58,51,59,73,0,1,7,13,10,7,8,30,38,23,41,16,3,0,7,2,2,3,7,7,14,0,0,3,0,0,0,0,1,0,0,1,1,3,12,8,0,0,3,0,2,0,3,2,5,1710,26,123,-276,-38,388,869,105,Austin,2016-02-04
2017,2,4,91,121,90,16,3,21,17,10,10,24,37,61,47,47,58,2,0,9,9,7,5,9,21,30,34,64,23,13,3,10,7,3,3,13,13,26,1,1,0,0,0,0,0,0,0,0,0,0,9,9,9,1,0,2,1,0,2,2,3,5,1459,12,111,-274,-36,328,798,129,Austin,2017-02-04
2018,2,4,97,110,71,16,3,37,19,13,7,40,39,79,37,54,40,1,2,13,9,7,4,15,20,35,53,49,25,15,1,24,9,6,3,25,18,43,1,0,0,0,0,0,0,0,0,0,0,0,6,7,6,0,0,0,1,0,0,0,1,1,1206,8,70,-273,-35,334,649,121,Austin,2018-02-04
2019,2,4,120,103,80,5,3,29,36,16,27,32,79,111,65,52,47,1,2,10,26,9,18,12,53,65,42,43,21,4,1,16,7,6,8,17,21,38,2,3,5,0,0,0,0,0,0,0,0,0,11,5,7,0,0,3,3,1,1,3,5,8,1392,28,83,-272,-34,393,702,132,Austin,2019-02-04
2020,2,4,115,153,69,5,2,22,31,22,30,24,83,107,63,65,53,0,1,9,19,14,25,10,58,68,44,81,10,5,1,10,9,4,4,11,17,28,1,0,1,0,0,0,0,1,0,0,1,1,7,7,5,0,0,3,3,3,1,3,7,10,1500,18,107,-271,-33,419,765,174,Austin,2020-02-04
2021,2,4,82,155,48,6,3,25,4,6,28,28,38,66,39,78,33,3,0,13,1,4,18,13,23,36,37,67,10,3,2,11,2,1,8,13,11,24,1,0,1,0,0,0,0,0,0,0,0,0,5,10,4,0,1,1,1,1,2,2,4,6,963,12,72,-276,-38,286,474,129,Austin,2021-02-04
2022,2,4,61,104,48,11,3,22,18,5,26,25,49,74,30,42,28,2,1,12,7,4,17,13,28,41,26,51,15,7,2,8,11,1,3,10,15,25,2,1,1,0,0,0,0,0,0,0,0,0,3,10,4,2,0,2,0,0,6,2,6,8,861,13,57,-275,-37,264,474,95,Austin,2022-02-04
2023,2,4,101,144,66,26,8,18,10,7,31,26,48,74,32,57,35,4,4,7,3,3,19,11,25,36,50,76,25,21,4,10,4,4,11,14,19,33,5,1,1,1,0,0,0,0,0,0,0,0,14,10,5,0,0,1,3,0,1,1,4,5,1046,17,79,-274,-36,265,585,127,Austin,2023-02-04
2024,2,4,84,159,54,29,4,23,16,9,32,27,57,84,31,76,31,6,3,7,8,4,17,10,29,39,47,69,20,22,0,13,8,4,13,13,25,38,0,4,1,0,0,0,0,0,0,0,0,0,6,10,2,1,1,3,0,1,2,4,3,7,1037,9,68,-273,-35,274,576,128,Austin,2024-02-04
2012,3,4,,,,,,,,,,,,,,,,,,,,,,,,,,,,,,,,,,,,,,,,,,,,,,,,,,,,,,,,,,,,,,,,,,,,,Austin,2012-03-04
2013,3,4,,,,,,,,,,,,,,,,,,,,,,,,,,,,,,,,,,,,,,,,,,,,,,,,,,,,,,,,,,,,,,,,,,,,,Austin,2013-03-04
2014,3,4,87,95,94,2,4,21,31,16,16,25,63,88,49,49,64,1,1,5,20,10,13,6,43,49,28,36,19,1,3,13,9,5,2,16,16,32,0,2,6,0,0,0,1,0,1,0,2,2,10,8,5,0,0,3,1,1,0,3,2,5,1352,13,94,-243,-5,365,650,127,Austin,2014-03-04
2015,3,4,70,117,100,1,8,21,16,24,9,29,49,78,36,53,72,0,3,10,13,16,5,13,34,47,29,52,11,1,5,7,2,7,4,12,13,25,2,3,4,0,0,1,1,0,0,1,1,2,3,9,13,0,0,3,0,1,0,3,1,4,1383,25,96,-242,-4,381,757,116,Austin,2015-03-04
2016,3,4,116,143,99,7,1,17,18,18,20,18,56,74,76,70,73,1,0,3,13,14,14,3,41,44,31,60,18,5,1,14,4,4,6,15,14,29,0,0,3,0,0,0,0,0,0,0,0,0,9,13,5,1,0,0,1,0,0,0,1,1,1716,14,104,-247,-9,391,914,160,Austin,2016-03-04
2017,3,4,109,97,127,12,7,21,21,12,14,28,47,75,54,46,79,3,4,7,8,7,8,11,23,34,46,45,29,8,2,12,10,4,4,14,18,32,0,0,0,0,0,0,1,0,0,0,1,1,9,6,19,1,1,2,2,1,2,3,5,8,1376,11,104,-246,-8,403,757,114,Austin,2017-03-04
2018,3,4,130,130,73,10,4,24,17,11,17,28,45,73,64,57,41,0,2,10,6,8,9,12,23,35,56,59,27,8,2,11,8,2,8,13,18,31,1,2,0,0,0,0,1,0,0,0,1,1,9,12,5,2,0,3,2,1,0,3,3,6,1288,12,80,-245,-7,320,674,153,Austin,2018-03-04
2019,3,4,71,104,53,3,5,17,18,13,29,22,60,82,41,53,40,2,3,10,15,11,18,13,44,57,23,42,8,1,2,6,3,2,8,8,13,21,1,0,0,0,0,0,0,0,0,0,0,0,6,9,5,0,0,1,0,0,3,1,3,4,1288,13,103,-244,-6,337,710,112,Austin,2019-03-04
2020,3,4,112,171,128,13,9,23,39,20,19,32,78,110,66,107,82,4,6,15,24,14,12,21,50,71,40,60,32,7,2,5,11,3,6,7,20,27,1,0,5,0,0,0,1,0,0,0,1,1,5,4,9,2,1,3,3,3,1,4,7,11,1351,16,78,-242,-4,440,657,159,Austin,2020-03-04
2021,3,4,73,164,32,7,2,21,8,11,29,23,48,71,41,74,22,3,1,12,4,6,20,13,30,43,27,73,7,3,0,8,4,5,9,8,18,26,0,3,0,0,0,0,0,0,0,0,0,0,5,14,3,1,1,1,0,0,0,2,0,2,958,7,63,-248,-10,304,456,111,Austin,2021-03-04
2022,3,4,85,191,58,29,3,26,5,7,34,29,46,75,43,121,31,8,1,11,2,2,22,12,26,38,34,56,16,18,1,12,3,3,11,13,17,30,3,1,0,0,0,0,0,0,0,0,0,0,5,13,11,3,1,3,0,2,1,4,3,7,1123,11,84,-247,-9,330,569,159,Austin,2022-03-04
2023,3,4,85,159,72,32,10,23,11,6,17,33,34,67,44,89,46,5,2,13,5,5,10,15,20,35,32,62,17,25,7,8,6,1,7,15,14,29,1,1,1,0,0,0,0,0,0,0,0,0,8,7,8,2,1,2,0,0,0,3,0,3,1002,12,61,-246,-8,289,508,150,Austin,2023-03-04
2024,3,4,67,158,49,16,2,20,7,15,40,22,62,84,45,96,35,3,1,9,2,10,29,10,41,51,18,51,10,11,1,10,4,4,8,11,16,27,0,1,0,0,0,0,1,0,1,0,2,2,4,10,4,2,0,1,0,1,2,1,3,4,1035,10,72,-244,-6,299,562,100,Austin,2024-03-04
2012,4,4,,,,,,,,,,,,,,,,,,,,,,,,,,,,,,,,,,,,,,,,,,,,,,,,,,,,,,,,,,,,,,,,,,,,,Austin,2012-04-04
2013,4,4,,,,,,,,,,,,,,,,,,,,,,,,,,,,,,,,,,,,,,,,,,,,,,,,,,,,,,,,,,,,,,,,,,,,,Austin,2013-04-04
2014,4,4,108,141,105,0,8,29,22,13,18,37,53,90,61,84,87,0,4,13,16,8,13,17,37,54,38,41,11,0,4,14,2,3,4,18,9,27,0,4,3,0,0,1,0,0,0,1,0,1,9,12,4,0,0,1,4,2,1,1,7,8,1831,29,136,-212,26,409,921,169,Austin,2014-04-04
2015,4,4,115,118,63,4,1,16,20,17,9,17,46,63,50,55,51,2,0,8,12,11,6,8,29,37,54,48,8,1,1,8,6,4,2,9,12,21,0,1,0,0,0,0,0,0,0,0,0,0,11,14,4,1,0,0,2,2,1,0,5,5,1607,14,124,-211,27,349,811,137,Austin,2015-04-04
2016,4,4,124,119,115,5,1,30,31,20,15,31,66,97,75,67,92,3,0,17,23,13,11,17,47,64,35,34,13,2,1,10,8,4,4,11,16,27,2,4,3,0,0,1,0,0,0,1,0,1,12,14,7,0,0,2,0,3,0,2,3,5,1507,28,111,-216,22,433,794,121,Austin,2016-04-04
2017,4,4,113,123,78,3,0,14,20,16,24,14,60,74,77,82,64,2,0,9,11,9,19,9,39,48,27,31,12,1,0,4,6,4,4,4,14,18,2,1,1,0,0,0,1,0,0,0,1,1,7,9,1,0,0,1,2,3,1,1,6,7,1645,21,107,-215,23,402,922,125,Austin,2017-04-04
2018,4,4,90,121,87,7,3,17,17,10,11,20,38,58,57,66,71,3,1,7,14,7,9,8,30,38,30,36,13,4,2,8,3,3,2,10,8,18,0,4,0,0,0,2,0,0,0,2,0,2,3,15,3,0,0,0,0,0,0,0,0,0,1458,26,96,-214,24,354,776,141,Austin,2018-04-04
2019,4,4,116,150,99,12,1,25,20,23,24,26,67,93,76,93,83,4,0,18,15,14,15,18,44,62,27,47,13,8,0,3,5,4,6,3,15,18,1,2,1,0,1,0,0,0,1,1,1,2,12,8,2,0,0,4,0,5,2,4,7,11,1620,28,118,-213,25,433,868,161,Austin,2019-04-04
2020,4,4,82,149,31,12,0,21,15,4,17,21,36,57,55,86,27,4,0,10,6,3,15,10,24,34,23,54,4,4,0,9,7,0,2,9,9,18,2,0,0,0,0,0,0,0,0,0,0,0,2,9,0,4,0,2,2,1,0,2,3,5,837,5,62,-211,27,304,407,99,Austin,2020-04-04
2021,4,4,102,135,45,23,2,31,9,3,17,33,29,62,58,71,24,5,2,13,5,2,11,15,18,33,32,52,18,15,0,17,2,1,3,17,6,23,1,1,2,0,0,0,0,0,0,0,0,0,11,11,1,3,0,1,2,0,3,1,5,6,895,11,75,-217,21,276,447,132,Austin,2021-04-04
2022,4,4,99,153,48,23,2,21,8,5,32,23,45,68,56,87,42,4,1,13,1,4,22,14,27,41,33,55,6,15,1,5,7,0,7,6,14,20,0,0,0,0,0,0,0,1,1,0,2,2,10,11,0,4,0,3,0,0,2,3,2,5,959,15,56,-216,22,307,459,143,Austin,2022-04-04
2023,4,4,102,184,68,14,1,22,4,14,40,23,58,81,63,122,49,3,1,13,1,10,29,14,40,54,25,46,14,10,0,8,2,3,8,8,13,21,2,1,0,0,0,0,1,0,1,0,2,2,12,15,5,1,0,1,0,1,2,1,3,4,1159,17,100,-215,23,342,603,120,Austin,2023-04-04
2024,4,4,66,147,70,19,1,17,13,4,26,18,43,61,37,86,54,5,1,7,9,3,20,8,32,40,22,46,9,12,0,10,3,0,3,10,6,16,1,5,4,0,0,0,0,0,1,0,1,1,6,10,3,2,0,0,1,1,2,0,4,4,927,21,67,-213,25,254,505,106,Austin,2024-04-04
2012,5,4,,,,,,,,,,,,,,,,,,,,,,,,,,,,,,,,,,,,,,,,,,,,,,,,,,,,,,,,,,,,,,,,,,,,,Austin,2012-05-04
2013,5,4,,,,,,,,,,,,,,,,,,,,,,,,,,,,,,,,,,,,,,,,,,,,,,,,,,,,,,,,,,,,,,,,,,,,,Austin,2013-05-04
2014,5,4,126,107,62,2,0,25,14,12,11,25,37,62,59,44,41,1,0,11,6,10,8,11,24,35,51,55,15,1,0,11,7,1,3,11,11,22,1,1,1,0,0,1,1,0,0,1,1,2,15,7,5,0,0,2,0,1,0,2,1,3,1507,10,115,-182,56,352,777,125,Austin,2014-05-04
2015,5,4,124,129,72,5,1,17,19,28,18,18,65,83,82,79,63,1,0,8,15,23,15,8,53,61,32,44,6,4,1,7,2,5,2,8,9,17,0,0,2,0,0,0,0,0,0,0,0,0,10,6,1,0,0,2,2,0,1,2,3,5,1554,14,120,-181,57,420,785,137,Austin,2015-05-04
2016,5,4,101,146,80,10,3,14,19,10,14,17,43,60,74,98,70,3,2,6,13,9,11,8,33,41,20,27,6,7,1,7,5,0,2,8,7,15,0,1,0,0,0,0,0,0,0,0,0,0,7,20,4,0,0,1,1,1,1,1,3,4,1532,7,130,-186,52,368,828,128,Austin,2016-05-04
2017,5,4,111,137,95,12,2,24,21,10,13,26,44,70,68,78,84,4,2,12,18,7,10,14,35,49,27,43,9,6,0,9,0,1,3,9,4,13,1,0,1,0,0,0,0,0,0,0,0,0,15,16,1,2,0,3,3,2,0,3,5,8,1856,26,169,-185,53,414,957,149,Austin,2017-05-04
2018,5,4,110,119,138,3,0,18,18,6,9,18,33,51,60,73,103,1,0,10,11,5,8,10,24,34,39,38,19,2,0,7,5,1,1,7,7,14,1,2,4,0,0,0,0,0,0,0,0,0,10,6,12,0,0,1,2,0,0,1,2,3,1564,18,106,-184,54,376,921,146,Austin,2018-05-04
2019,5,4,136,139,89,13,4,28,22,15,22,32,59,91,75,78,70,7,2,16,14,12,13,18,39,57,50,52,12,5,2,10,6,1,7,12,14,26,0,0,1,0,0,1,1,0,0,1,1,2,11,9,6,1,0,1,1,2,2,1,5,6,1448,19,105,-183,55,334,826,184,Austin,2019-05-04
2020,5,4,98,139,40,16,3,27,13,10,26,30,49,79,76,83,29,6,3,18,7,9,19,21,35,56,21,37,7,6,0,6,5,1,4,6,10,16,0,1,1,0,0,0,1,0,1,0,2,2,1,18,3,4,0,3,0,0,2,3,2,5,1129,21,94,-181,57,335,557,158,Austin,2020-05-04
2021,5,4,103,181,39,12,0,27,8,6,26,27,40,67,64,118,33,2,0,11,2,2,20,11,24,35,32,48,4,8,0,14,6,2,3,14,11,25,1,1,1,0,0,0,0,0,1,0,1,1,6,14,1,2,0,2,0,2,2,2,4,6,1037,12,82,-187,51,303,519,165,Austin,2021-05-04
2022,5,4,102,190,56,7,4,21,9,9,23,25,41,66,68,130,51,2,3,14,2,6,17,17,25,42,28,45,2,5,1,5,6,3,2,6,11,17,1,2,0,0,0,0,1,0,0,0,1,1,5,13,3,0,0,2,0,0,4,2,4,6,1100,14,78,-186,52,305,576,171,Austin,2022-05-04
2023,5,4,97,191,66,12,1,14,5,12,22,15,39,54,68,141,53,5,1,11,2,7,16,12,25,37,20,41,8,6,0,2,3,3,5,2,11,13,2,1,1,0,0,0,0,0,0,0,0,0,7,8,4,1,0,1,0,2,1,1,3,4,1046,8,67,-185,53,297,552,137,Austin,2023-05-04
2024,5,4,98,152,48,27,2,24,6,11,20,26,37,63,58,92,32,4,0,13,3,5,16,13,24,37,31,49,13,21,1,10,3,6,4,11,13,24,2,2,1,0,1,0,0,0,0,1,0,1,7,9,2,2,0,1,0,0,0,1,0,1,998,10,67,-183,55,243,542,159,Austin,2024-05-04
2012,6,4,,,,,,,,,,,,,,,,,,,,,,,,,,,,,,,,,,,,,,,,,,,,,,,,,,,,,,,,,,,,,,,,,,,,,Austin,2012-06-04
2013,6,4,,,,,,,,,,,,,,,,,,,,,,,,,,,,,,,,,,,,,,,,,,,,,,,,,,,,,,,,,,,,,,,,,,,,,Austin,2013-06-04
2014,6,4,108,118,82,4,3,20,21,19,17,23,57,80,64,80,75,2,2,13,18,17,14,15,49,64,31,27,5,2,1,5,3,2,1,6,6,12,0,2,0,0,0,0,0,0,0,0,0,0,13,9,2,0,0,2,0,0,2,2,2,4,1776,28,125,-151,87,438,911,112,Austin,2014-06-04
2015,6,4,106,137,91,4,2,16,24,16,18,18,58,76,61,84,81,0,2,9,16,14,13,11,43,54,29,35,8,0,0,5,5,2,3,5,10,15,1,0,1,0,0,1,0,0,0,1,0,1,15,18,1,4,0,1,3,0,2,1,5,6,1756,19,165,-150,88,401,950,147,Austin,2015-06-04
2016,6,4,96,118,73,17,2,22,11,15,8,24,34,58,59,73,54,3,1,7,6,10,5,8,21,29,28,33,15,8,1,13,3,3,1,14,7,21,1,2,0,0,0,0,1,0,0,0,1,1,8,10,4,6,0,2,1,2,2,2,5,7,1401,17,160,-155,83,337,805,128,Austin,2016-06-04
2017,6,4,117,107,55,8,4,30,16,12,14,34,42,76,69,58,42,3,1,15,8,11,8,16,27,43,39,34,11,4,3,12,7,1,5,15,13,28,0,3,0,0,0,0,0,0,1,0,1,1,9,12,2,1,0,3,1,0,0,3,1,4,1431,19,113,-154,84,348,832,131,Austin,2017-06-04
2018,6,4,97,134,73,4,3,23,26,10,15,26,51,77,65,75,57,2,2,14,21,7,11,16,39,55,24,50,12,2,1,6,5,0,1,7,6,13,0,0,2,0,0,0,0,1,1,0,2,2,8,9,2,0,0,3,0,2,2,3,4,7,1594,25,126,-153,85,354,977,126,Austin,2018-06-04
2019,6,4,122,146,95,8,4,23,18,15,20,27,53,80,78,101,85,3,1,12,12,7,17,13,36,49,35,32,5,5,2,8,5,5,3,10,13,23,1,2,1,0,1,1,0,0,0,2,0,2,8,11,4,0,0,2,1,3,0,2,4,6,1408,21,98,-152,86,373,729,170,Austin,2019-06-04
2020,6,4,110,115,38,10,4,24,21,10,25,28,56,84,70,70,29,2,0,11,15,7,17,11,39,50,32,33,3,7,3,9,4,3,4,12,11,23,0,1,1,0,0,0,1,0,0,0,1,1,8,11,5,1,1,4,1,0,4,5,5,10,936,8,78,-150,88,241,511,142,Austin,2020-06-04
2021,6,4,78,155,54,12,4,28,12,6,28,32,46,78,50,105,42,4,4,14,8,6,22,18,36,54,19,36,7,5,0,7,4,0,5,7,9,16,2,2,2,0,0,1,0,0,0,1,0,1,7,12,3,3,0,6,0,0,1,6,1,7,1041,14,82,-156,82,325,547,133,Austin,2021-06-04
2022,6,4,82,162,69,33,3,24,12,10,21,27,43,70,52,91,48,9,1,11,7,7,16,12,30,42,22,53,15,23,1,7,5,2,3,8,10,18,0,2,2,0,0,2,0,0,0,2,0,2,8,16,4,1,1,4,0,1,2,5,3,8,1059,13,94,-155,83,281,581,148,Austin,2022-06-04
2023,6,4,89,143,44,30,5,18,11,13,39,23,63,86,53,90,35,10,4,9,3,10,27,13,40,53,34,38,6,18,0,8,8,2,12,8,22,30,0,2,1,0,0,0,0,0,0,0,0,0,2,13,2,2,1,1,0,1,0,2,1,3,937,9,75,-154,84,265,461,146,Austin,2023-06-04
2024,6,4,94,176,65,13,5,20,13,10,27,25,50,75,68,121,52,4,2,12,8,5,22,14,35,49,21,41,7,6,2,5,5,4,4,7,13,20,1,2,3,0,0,1,0,0,0,1,0,1,4,12,3,3,1,2,0,1,1,3,2,5,1153,15,83,-152,86,308,637,118,Austin,2024-06-04
2012,7,4,,,,,,,,,,,,,,,,,,,,,,,,,,,,,,,,,,,,,,,,,,,,,,,,,,,,,,,,,,,,,,,,,,,,,Austin,2012-07-04
2013,7,4,,,,,,,,,,,,,,,,,,,,,,,,,,,,,,,,,,,,,,,,,,,,,,,,,,,,,,,,,,,,,,,,,,,,,Austin,2013-07-04
2014,7,4,139,112,50,27,12,35,20,22,8,47,50,97,53,58,37,4,8,16,13,13,8,24,34,58,59,43,7,16,3,14,4,7,0,17,11,28,0,1,0,0,0,0,1,0,0,0,1,1,27,10,6,7,1,5,2,2,0,6,4,10,1806,13,205,-121,117,422,943,140,Austin,2014-07-04
2015,7,4,117,123,53,24,3,36,20,12,15,39,47,86,53,60,28,0,2,11,13,10,10,13,33,46,52,48,22,18,1,21,7,2,3,22,12,34,0,1,0,0,0,0,0,0,1,0,1,1,12,14,3,6,0,4,0,0,1,4,1,5,1547,14,155,-120,118,393,821,154,Austin,2015-07-04
2016,7,4,137,128,41,12,4,30,22,19,20,34,61,95,70,70,32,3,2,10,14,18,18,12,50,62,51,50,7,6,1,13,4,1,2,14,7,21,1,0,0,0,1,0,0,0,0,1,0,1,15,8,2,3,0,7,4,0,0,7,4,11,1517,10,161,-125,113,383,856,154,Austin,2016-07-04
2017,7,4,126,122,59,30,2,35,9,16,15,37,40,77,69,72,37,0,1,15,2,11,11,16,24,40,46,40,15,17,1,17,6,4,4,18,14,32,1,1,0,0,0,0,0,0,0,0,0,0,10,9,7,13,0,3,1,1,0,3,2,5,1625,12,168,-124,114,375,941,129,Austin,2017-07-04
2018,7,4,123,104,56,17,2,24,34,14,14,26,62,88,74,55,39,3,0,11,26,10,10,11,46,57,34,39,14,8,2,10,5,3,4,12,12,24,1,1,0,0,0,0,0,0,0,0,0,0,14,9,3,6,0,3,3,1,0,3,4,7,1396,16,119,-123,115,346,831,127,Austin,2018-07-04
2019,7,4,128,156,50,27,2,27,17,13,13,29,43,72,80,86,35,6,0,10,13,11,7,10,31,41,33,52,11,16,2,14,3,1,4,16,8,24,0,3,0,0,0,0,0,0,0,0,0,0,15,15,4,5,0,3,1,1,2,3,4,7,1438,20,155,-122,116,343,742,164,Austin,2019-07-04
2020,7,4,104,131,33,45,0,37,13,13,17,37,43,80,49,79,25,2,0,17,4,9,13,17,26,43,40,39,5,31,0,13,7,4,3,13,14,27,0,0,0,0,0,0,1,0,0,0,1,1,15,13,3,12,0,7,1,0,1,7,2,9,1011,7,117,-120,118,282,521,174,Austin,2020-07-04
2021,7,4,108,139,53,36,4,35,11,10,15,39,36,75,61,83,37,6,3,15,5,7,12,18,24,42,36,40,11,21,1,19,4,2,2,20,8,28,0,4,2,1,0,0,0,0,0,0,0,0,11,12,3,8,0,1,2,1,1,1,4,5,1018,13,90,-126,112,272,548,163,Austin,2021-07-04
2022,7,4,91,152,40,34,7,30,13,6,30,37,49,86,57,96,23,8,4,12,3,5,23,16,31,47,25,41,9,21,3,15,10,0,5,18,15,33,0,3,0,0,0,0,0,1,0,0,1,1,9,12,8,5,0,3,0,0,2,3,2,5,961,14,90,-125,113,266,520,136,Austin,2022-07-04
2023,7,4,80,155,28,25,2,30,9,10,27,32,46,78,53,83,19,3,2,15,7,8,23,17,38,55,20,53,5,15,0,13,1,2,4,13,7,20,0,4,0,0,0,0,0,0,0,0,0,0,7,15,4,7,0,2,1,0,0,2,1,3,928,10,88,-124,114,258,491,121,Austin,2023-07-04
2024,7,4,99,155,54,36,2,27,11,8,21,29,40,69,47,97,34,7,1,14,5,6,16,15,27,42,34,43,17,24,1,10,5,1,3,11,9,20,2,4,0,0,0,0,1,0,0,0,1,1,16,11,3,5,0,3,0,1,2,3,3,6,1050,19,105,-122,116,284,573,134,Austin,2024-07-04
2012,8,4,,,,,,,,,,,,,,,,,,,,,,,,,,,,,,,,,,,,,,,,,,,,,,,,,,,,,,,,,,,,,,,,,,,,,Austin,2012-08-04
2013,8,4,,,,,,,,,,,,,,,,,,,,,,,,,,,,,,,,,,,,,,,,,,,,,,,,,,,,,,,,,,,,,,,,,,,,,Austin,2013-08-04
2014,8,4,137,133,73,4,1,30,27,14,22,31,63,94,78,76,64,0,0,13,17,12,10,13,39,52,39,40,5,3,1,14,8,2,8,15,18,33,2,1,3,0,0,0,0,0,0,0,0,0,18,16,1,1,0,3,2,0,4,3,6,9,1665,24,155,-90,148,451,848,130,Austin,2014-08-04
2015,8,4,106,113,97,4,1,23,13,17,24,24,54,78,69,65,85,1,1,9,10,10,20,10,40,50,24,38,7,2,0,11,2,5,3,11,10,21,3,0,0,0,0,0,0,0,1,0,1,1,10,10,5,1,0,3,1,2,0,3,3,6,1622,24,129,-89,149,365,815,145,Austin,2015-08-04
2016,8,4,107,126,86,7,0,18,12,17,15,18,44,62,69,72,72,2,0,12,7,14,10,12,31,43,26,39,10,4,0,5,4,1,4,5,9,14,1,2,0,0,0,0,0,0,1,0,1,1,11,13,4,1,0,1,1,2,0,1,3,4,1559,22,152,-94,144,360,875,116,Austin,2016-08-04
2017,8,4,122,151,104,8,3,27,20,18,14,30,52,82,76,97,79,4,2,14,9,14,11,16,34,50,24,44,15,3,1,9,8,4,2,10,14,24,0,2,0,0,0,0,0,0,0,0,0,0,22,8,10,1,0,4,3,0,1,4,4,8,1569,9,121,-93,145,427,830,165,Austin,2017-08-04
2018,8,4,101,108,79,9,2,26,13,16,21,28,50,78,50,56,66,3,1,10,7,11,10,11,28,39,45,43,10,4,0,13,3,5,9,13,17,30,0,1,0,0,0,1,1,0,0,1,1,2,6,8,3,2,1,2,2,0,2,3,4,7,1413,11,98,-92,146,328,817,144,Austin,2018-08-04
2019,8,4,119,165,55,12,5,22,30,12,29,27,71,98,66,91,38,3,4,11,21,8,22,15,51,66,44,59,14,8,1,8,8,1,5,9,14,23,0,2,2,0,0,0,0,0,0,0,0,0,9,13,1,1,0,3,1,3,2,3,6,9,1321,11,111,-91,147,365,696,151,Austin,2019-08-04
2020,8,4,92,149,38,12,2,20,8,8,29,22,45,67,62,88,33,8,2,16,6,8,21,18,35,53,19,46,4,3,0,4,2,0,6,4,8,12,3,3,0,0,0,0,0,0,0,0,0,0,8,12,1,1,0,0,0,0,2,0,2,2,1032,11,77,-89,149,283,550,131,Austin,2020-08-04
2021,8,4,105,195,56,18,2,28,8,11,27,30,46,76,66,125,51,8,1,16,3,6,15,17,24,41,31,55,2,10,1,10,4,4,11,11,19,30,0,2,0,0,0,0,1,0,0,0,1,1,8,13,3,0,0,2,0,1,1,2,2,4,1045,9,75,-95,143,300,548,160,Austin,2021-08-04
2022,8,4,100,164,60,14,5,13,9,4,27,18,40,58,63,108,47,6,5,6,5,3,18,11,26,37,25,48,7,6,0,5,4,1,5,5,10,15,1,1,1,0,0,1,0,0,0,1,0,1,11,7,5,2,0,1,0,0,4,1,4,5,1062,18,82,-94,144,284,581,137,Austin,2022-08-04
2023,8,4,71,187,79,12,2,23,11,15,36,25,62,87,48,131,61,2,0,7,9,12,24,7,45,52,16,35,14,8,1,10,2,1,9,11,12,23,1,2,0,0,0,0,0,1,2,0,3,3,6,19,4,2,1,6,0,1,1,7,2,9,1171,23,108,-93,145,350,609,125,Austin,2023-08-04
2024,8,4,87,150,55,23,3,24,8,4,26,27,38,65,51,88,41,4,1,12,3,4,12,13,19,32,25,53,11,19,1,11,4,0,12,12,16,28,1,1,0,0,0,0,0,0,1,0,1,1,10,8,3,0,1,1,1,0,1,2,2,4,1044,10,75,-91,147,252,619,125,Austin,2024-08-04
2012,9,4,,,,,,,,,,,,,,,,,,,,,,,,,,,,,,,,,,,,,,,,,,,,,,,,,,,,,,,,,,,,,,,,,,,,,Austin,2012-09-04
2013,9,4,,,,,,,,,,,,,,,,,,,,,,,,,,,,,,,,,,,,,,,,,,,,,,,,,,,,,,,,,,,,,,,,,,,,,Austin,2013-09-04
2014,9,4,125,119,82,4,5,15,19,16,17,20,52,72,74,61,72,2,1,9,17,8,12,10,37,47,36,42,5,2,4,5,1,7,4,9,12,21,0,2,0,0,0,0,0,0,0,0,0,0,15,14,5,0,0,1,1,1,1,1,3,4,1774,28,117,-59,179,416,846,157,Austin,2014-09-04
2015,9,4,125,137,92,6,8,23,17,23,10,31,50,81,76,79,76,2,3,13,7,17,5,16,29,45,41,51,10,4,4,10,7,3,4,14,14,28,0,2,1,0,0,0,0,1,0,0,1,1,8,5,5,0,1,0,3,2,1,1,6,7,1687,21,119,-58,180,375,940,148,Austin,2015-09-04
2016,9,4,106,124,47,21,3,31,20,11,17,34,48,82,51,61,25,5,0,11,10,8,13,11,31,42,51,49,20,15,3,19,9,2,4,22,15,37,0,1,0,0,0,0,0,0,0,0,0,0,4,13,2,1,0,1,1,1,0,1,2,3,1349,9,81,-63,175,335,758,154,Austin,2016-09-04
2017,9,4,112,107,42,7,2,27,22,22,18,29,62,91,66,59,31,2,1,11,16,8,12,12,36,48,43,39,8,3,1,16,6,11,4,17,21,38,0,1,0,0,0,0,0,0,0,0,0,0,3,8,3,2,0,0,0,3,2,0,5,5,1379,14,111,-62,176,365,701,134,Austin,2017-09-04
2018,9,4,92,132,81,3,8,10,33,10,23,18,66,84,58,85,68,0,3,7,24,6,18,10,48,58,22,39,7,3,5,2,8,3,3,7,14,21,0,3,2,0,0,0,0,0,0,0,0,0,12,5,4,0,0,1,1,1,2,1,4,5,1475,18,89,-61,177,373,817,131,Austin,2018-09-04
2019,9,4,120,174,102,6,2,24,22,15,27,26,64,90,81,110,90,3,2,15,18,11,17,17,46,63,28,44,7,3,0,8,3,4,9,8,16,24,2,4,2,0,0,0,0,0,0,0,0,0,9,16,3,0,0,1,1,0,1,1,2,3,1498,21,95,-60,178,389,798,146,Austin,2019-09-04
2020,9,4,74,150,71,17,2,21,11,9,21,23,41,64,39,84,55,5,2,7,5,5,14,9,24,33,28,51,13,12,0,11,5,4,5,11,14,25,0,2,0,0,0,0,0,0,0,0,0,0,7,13,3,0,0,3,1,0,2,3,3,6,1062,16,83,-58,180,313,565,120,Austin,2020-09-04
2021,9,4,100,154,63,24,5,31,9,9,26,36,44,80,65,76,46,5,3,9,3,9,17,12,29,41,27,60,14,17,2,18,6,0,7,20,13,33,0,4,0,0,0,0,0,0,2,0,2,2,8,14,3,2,0,4,0,0,0,4,0,4,1096,13,71,-64,174,294,578,170,Austin,2021-09-04
2022,9,4,103,155,52,34,3,30,9,5,24,33,38,71,59,95,31,11,3,13,5,3,13,16,21,37,37,52,16,20,0,13,4,2,11,13,17,30,1,1,1,0,0,0,0,0,0,0,0,0,6,7,4,3,0,4,0,0,0,4,0,4,979,6,79,-63,175,283,505,144,Austin,2022-09-04
2023,9,4,80,122,39,23,3,24,12,10,32,27,54,81,51,77,33,5,2,16,6,6,24,18,36,54,25,39,5,16,1,6,5,3,6,7,14,21,0,0,0,0,0,0,0,0,1,0,1,1,4,6,1,2,0,2,1,1,1,2,3,5,945,10,67,-62,176,283,511,90,Austin,2023-09-04
2024,9,4,65,158,55,14,1,17,3,8,20,18,31,49,42,105,41,6,1,12,2,4,17,13,23,36,19,46,9,5,0,4,1,3,2,4,6,10,0,1,3,0,0,0,0,0,0,0,0,0,4,6,2,3,0,1,0,1,1,1,2,3,1089,15,64,-60,178,277,591,98,Austin,2024-09-04
2012,10,4,,,,,,,,,,,,,,,,,,,,,,,,,,,,,,,,,,,,,,,,,,,,,,,,,,,,,,,,,,,,,,,,,,,,,Austin,2012-10-04
2013,10,4,,,,,,,,,,,,,,,,,,,,,,,,,,,,,,,,,,,,,,,,,,,,,,,,,,,,,,,,,,,,,,,,,,,,,Austin,2013-10-04
2014,10,4,122,113,93,9,3,16,21,23,12,19,56,75,48,45,65,2,0,6,7,15,7,6,29,35,63,58,21,5,3,9,11,7,5,12,23,35,0,1,0,1,0,0,1,0,0,0,1,1,11,9,7,1,0,1,2,1,0,1,3,4,1615,7,114,-29,209,366,881,163,Austin,2014-10-04
2015,10,4,93,115,75,10,3,21,12,14,9,24,35,59,48,51,53,0,1,6,8,10,5,7,23,30,38,53,19,9,2,14,3,3,3,16,9,25,1,3,1,0,0,0,0,0,0,0,0,0,6,8,2,1,0,1,1,1,1,1,3,4,1385,12,90,-28,210,340,719,141,Austin,2015-10-04
2016,10,4,120,160,93,5,2,25,26,13,23,27,62,89,76,95,71,1,1,17,20,10,15,18,45,63,30,55,17,4,1,6,4,1,6,7,11,18,2,0,2,0,0,0,0,0,1,0,1,1,12,10,3,0,0,2,2,2,1,2,5,7,1613,21,129,-33,205,418,876,139,Austin,2016-10-04
2017,10,4,129,130,108,7,4,17,24,15,15,21,54,75,81,75,79,3,3,6,18,11,12,9,41,50,35,44,19,3,1,8,5,3,2,9,10,19,2,1,5,0,0,0,0,0,0,0,0,0,11,10,5,1,0,3,1,1,1,3,3,6,1503,21,100,-32,206,396,795,164,Austin,2017-10-04
2018,10,4,92,150,102,6,3,16,18,15,15,19,48,67,58,81,82,1,1,8,12,13,9,9,34,43,29,54,14,5,1,8,6,1,5,9,12,21,0,3,3,0,1,0,0,0,1,1,1,2,5,12,3,0,0,0,0,1,0,0,1,1,1510,25,103,-31,207,409,808,139,Austin,2018-10-04
2019,10,4,116,151,116,8,3,22,14,14,28,25,56,81,65,86,78,7,2,7,6,12,20,9,38,47,40,49,28,1,1,13,6,0,5,14,11,25,0,3,3,0,0,0,0,0,1,0,1,1,11,13,7,0,0,2,2,2,2,2,6,8,1528,22,104,-30,208,388,823,157,Austin,2019-10-04
2020,10,4,112,138,46,19,2,23,9,6,15,25,30,55,59,69,23,5,2,11,5,5,8,13,18,31,42,59,19,12,0,12,3,1,5,12,9,21,2,1,0,0,0,0,0,0,0,0,0,0,9,9,4,2,0,0,1,0,2,0,3,3,952,8,62,-28,210,279,490,143,Austin,2020-10-04
2021,10,4,78,184,63,12,3,19,7,8,19,22,34,56,46,103,48,5,2,7,5,3,12,9,20,29,26,63,13,7,1,9,2,3,7,10,12,22,0,5,0,0,0,0,0,0,0,0,0,0,6,13,2,0,0,3,0,2,0,3,2,5,965,13,67,-34,204,284,476,147,Austin,2021-10-04
2022,10,4,72,176,71,15,3,21,6,11,32,24,49,73,42,109,52,5,1,9,3,8,25,10,36,46,19,53,12,10,2,12,2,2,5,14,9,23,1,2,3,0,0,0,0,0,1,0,1,1,10,12,4,0,0,0,1,1,1,0,3,3,984,15,71,-33,205,292,503,143,Austin,2022-10-04
2023,10,4,71,166,66,13,2,18,10,8,24,20,42,62,46,105,38,4,1,8,6,6,18,9,30,39,21,48,18,6,1,10,4,1,3,11,8,19,1,3,5,1,0,0,0,1,2,0,3,3,3,10,5,2,0,0,0,0,1,0,1,1,992,22,69,-32,206,296,519,106,Austin,2023-10-04
2024,10,4,116,197,83,12,0,20,10,13,20,20,43,63,59,113,51,0,0,7,4,5,15,7,24,31,47,76,20,12,0,10,5,8,5,10,18,28,1,1,1,0,0,0,0,0,0,0,0,0,9,7,11,0,0,3,1,0,0,3,1,4,1273,19,85,-30,208,313,721,145,Austin,2024-10-04
2012,11,4,,,,,,,,,,,,,,,,,,,,,,,,,,,,,,,,,,,,,,,,,,,,,,,,,,,,,,,,,,,,,,,,,,,,,Austin,2012-11-04
2013,11,4,,,,,,,,,,,,,,,,,,,,,,,,,,,,,,,,,,,,,,,,,,,,,,,,,,,,,,,,,,,,,,,,,,,,,Austin,2013-11-04
2014,11,4,109,115,119,7,6,15,33,24,26,21,83,104,67,65,78,2,4,7,20,17,19,11,56,67,32,40,27,5,1,7,9,6,6,8,21,29,0,0,3,0,0,0,1,0,0,0,1,1,10,10,11,0,1,1,3,1,1,2,5,7,1595,15,120,2,240,421,824,143,Austin,2014-11-04
2015,11,4,111,119,87,7,5,21,33,27,17,26,77,103,57,60,60,2,2,5,20,17,10,7,47,54,43,50,12,5,2,12,7,8,6,14,21,35,2,2,2,0,0,0,0,0,0,0,0,0,9,7,13,0,1,4,6,2,1,5,9,14,1576,16,130,3,241,379,792,135,Austin,2015-11-04
2016,11,4,97,163,80,9,6,18,36,8,8,24,52,76,42,89,55,4,3,5,20,4,6,8,30,38,46,61,7,5,2,12,15,2,2,14,19,33,0,2,6,0,0,0,1,0,0,0,1,1,9,11,12,0,1,1,0,2,0,2,2,4,1786,32,118,-2,236,406,959,170,Austin,2016-11-04
2017,11,4,116,138,55,22,5,31,21,18,14,36,53,89,55,65,38,7,0,13,12,12,3,13,27,40,53,58,9,13,5,15,8,5,11,20,24,44,1,2,0,0,0,0,0,0,0,0,0,0,7,13,8,2,0,3,1,1,0,3,2,5,1426,13,100,-1,237,312,805,177,Austin,2017-11-04
2018,11,4,111,149,60,18,2,29,29,19,19,31,67,98,44,58,30,2,2,7,15,8,11,9,34,43,62,80,26,13,0,19,11,8,7,19,26,45,0,4,0,0,0,0,0,0,0,0,0,0,5,7,4,3,0,3,3,3,1,3,7,10,1267,16,85,0,238,344,655,162,Austin,2018-11-04
2019,11,4,99,139,93,11,4,26,26,25,29,30,80,110,51,66,64,1,0,11,16,13,21,11,50,61,38,58,13,10,4,15,8,8,3,19,19,38,0,3,1,0,0,0,0,0,1,0,1,1,10,12,15,0,0,0,2,4,4,0,10,10,1488,14,113,1,239,410,773,153,Austin,2019-11-04
2020,11,4,76,131,48,17,3,21,5,8,27,24,40,64,43,61,27,1,0,9,0,3,22,9,25,34,25,56,14,14,3,11,4,3,3,14,10,24,1,1,2,0,0,0,0,0,0,0,0,0,7,13,5,2,0,1,1,2,2,1,5,6,931,12,88,3,241,302,461,112,Austin,2020-11-04
2021,11,4,78,141,52,17,1,20,13,7,22,21,42,63,42,81,35,2,1,3,9,6,16,4,31,35,30,51,12,11,0,12,2,1,3,12,6,18,0,1,3,0,0,1,0,0,0,1,0,1,6,8,2,4,0,4,2,0,3,4,5,9,939,17,75,-3,235,257,517,110,Austin,2021-11-04
2022,11,4,90,176,81,23,4,17,9,9,32,21,50,71,51,102,48,3,0,5,2,8,23,5,33,38,32,60,20,18,3,9,6,1,8,12,15,27,0,1,5,0,0,0,0,0,1,0,1,1,7,13,8,2,1,3,1,0,0,4,1,5,1139,22,81,-2,236,329,615,156,Austin,2022-11-04
2023,11,4,93,140,56,17,6,22,16,11,46,28,73,101,47,79,37,1,2,9,5,6,32,11,43,54,39,52,14,13,4,13,11,3,13,17,27,44,0,3,0,0,0,0,0,0,0,0,0,0,7,6,5,3,0,0,0,2,1,0,3,3,1018,11,51,-1,237,298,552,132,Austin,2023-11-04
2024,11,4,72,161,83,16,3,18,12,10,34,21,56,77,41,82,44,4,2,8,4,6,22,10,32,42,26,69,26,12,1,8,6,3,6,9,15,24,0,3,2,0,0,0,0,0,1,0,1,1,5,7,11,0,0,2,2,1,5,2,8,10,1080,11,80,1,239,277,593,142,Austin,2024-11-04
2012,12,4,,,,,,,,,,,,,,,,,,,,,,,,,,,,,,,,,,,,,,,,,,,,,,,,,,,,,,,,,,,,,,,,,,,,,Austin,2012-12-04
2013,12,4,,,,,,,,,,,,,,,,,,,,,,,,,,,,,,,,,,,,,,,,,,,,,,,,,,,,,,,,,,,,,,,,,,,,,Austin,2013-12-04
2014,12,4,90,105,113,6,4,16,23,18,14,20,55,75,41,52,71,2,3,4,16,11,8,7,35,42,37,44,26,3,1,10,2,6,5,11,13,24,0,2,4,0,0,0,1,0,0,0,1,1,12,7,12,1,0,2,4,1,1,2,6,8,1667,22,134,32,270,404,830,110,Austin,2014-12-04
2015,12,4,113,164,88,9,4,18,19,13,12,22,44,66,53,67,60,0,2,6,9,8,9,8,26,34,51,84,20,7,1,10,9,4,3,11,16,27,0,1,0,0,0,0,0,0,0,0,0,0,9,12,8,2,1,2,1,1,0,3,2,5,1677,17,106,33,271,345,894,154,Austin,2015-12-04
2016,12,4,92,99,71,16,3,19,22,13,10,22,45,67,41,43,34,1,1,5,12,7,5,6,24,30,44,46,26,11,1,14,6,3,5,15,14,29,0,2,1,1,0,0,0,0,0,0,0,0,7,8,10,3,1,0,4,3,0,1,7,8,1182,16,87,28,266,325,697,88,Austin,2016-12-04
2017,12,4,118,155,80,1,3,22,27,15,11,25,53,78,54,78,49,0,1,11,19,8,3,12,30,42,53,63,16,1,2,9,5,5,6,11,16,27,3,2,5,0,0,1,1,0,0,1,1,2,8,12,10,0,0,1,2,2,2,1,6,7,1431,21,109,29,267,381,727,162,Austin,2017-12-04
2018,12,4,77,101,96,5,6,19,28,13,21,25,62,87,36,53,66,1,4,9,20,8,16,13,44,57,35,39,17,4,1,8,5,3,3,9,11,20,2,0,1,0,0,0,1,0,0,0,1,1,4,9,12,0,1,2,2,2,2,3,6,9,1347,23,102,30,268,382,659,141,Austin,2018-12-04
2019,12,4,98,185,95,6,5,22,21,14,22,27,57,84,43,85,59,1,2,6,11,9,10,8,30,38,43,82,24,3,3,13,9,5,10,16,24,40,1,3,0,0,0,0,0,0,0,0,0,0,11,15,12,2,0,3,1,0,2,3,3,6,1396,19,107,31,269,391,728,156,Austin,2019-12-04
2020,12,4,87,142,49,20,4,18,5,5,23,22,33,55,46,61,28,1,2,9,2,3,16,11,21,32,32,63,15,19,2,9,3,1,7,11,11,22,0,3,1,0,0,0,0,0,0,0,0,0,9,15,5,0,0,0,0,1,0,0,1,1,960,10,76,33,271,298,457,146,Austin,2020-12-04
2021,12,4,98,155,69,33,4,37,14,8,23,41,45,86,53,64,33,3,2,17,7,4,12,19,23,42,37,80,31,27,2,18,7,2,9,20,18,38,1,1,0,0,0,0,0,0,1,0,1,1,7,10,5,3,0,2,0,2,1,2,3,5,1113,9,70,27,265,318,553,173,Austin,2021-12-04
2022,12,4,82,160,45,27,3,20,11,11,35,23,57,80,31,72,15,6,1,10,4,9,15,11,28,39,46,70,23,21,0,7,7,2,16,7,25,32,1,1,1,0,0,0,0,0,1,0,1,1,4,17,6,0,2,3,0,0,3,5,3,8,959,11,73,28,266,276,495,154,Austin,2022-12-04
2023,12,4,79,169,61,29,5,9,5,10,24,14,39,53,38,78,39,8,4,3,1,7,15,7,23,30,34,82,12,20,1,6,4,1,8,7,13,20,1,1,0,0,0,0,0,0,0,0,0,0,6,8,10,1,0,0,0,2,1,0,3,3,1009,9,80,29,267,275,513,124,Austin,2023-12-04
2024,12,4,53,145,91,16,1,7,10,8,31,8,49,57,28,66,62,6,1,4,3,2,20,5,25,30,21,62,18,10,0,3,7,5,9,3,21,24,1,3,1,0,0,0,0,0,0,0,0,0,3,14,10,0,0,0,0,1,2,0,3,3,951,15,64,31,269,313,463,106,Austin,2024-12-04
2012,1,5,,,,,,,,,,,,,,,,,,,,,,,,,,,,,,,,,,,,,,,,,,,,,,,,,,,,,,,,,,,,,,,,,,,,,Austin,2012-01-05
2013,1,5,,,,,,,,,,,,,,,,,,,,,,,,,,,,,,,,,,,,,,,,,,,,,,,,,,,,,,,,,,,,,,,,,,,,,Austin,2013-01-05
2014,1,5,84,98,36,11,6,27,27,15,14,33,56,89,29,31,18,1,2,4,13,8,7,6,28,34,47,61,13,10,3,20,12,7,4,23,23,46,0,1,0,0,0,0,0,0,1,0,1,1,8,5,5,0,1,3,2,0,2,4,4,8,1321,11,81,-301,-63,324,677,102,Austin,2014-01-05
2015,1,5,87,83,77,6,0,19,26,16,23,19,65,84,47,35,58,0,0,12,13,9,14,12,36,48,39,38,4,4,0,5,11,6,8,5,25,30,1,3,5,0,0,0,1,0,0,0,1,1,0,7,10,2,0,2,1,1,1,2,3,5,1460,28,106,-300,-62,395,686,81,Austin,2015-01-05
2016,1,5,85,110,78,7,7,25,20,12,19,32,51,83,43,35,54,1,1,13,11,4,12,14,27,41,33,58,13,6,5,9,7,4,5,14,16,30,0,1,1,0,0,0,0,0,0,0,0,0,9,16,10,0,1,3,2,4,2,4,8,12,1620,19,120,-306,-68,373,783,112,Austin,2016-01-05
2017,1,5,74,143,73,5,6,16,24,10,17,22,51,73,44,68,43,1,2,6,12,8,10,8,30,38,25,62,15,1,4,7,10,1,7,11,18,29,0,1,2,0,0,0,0,0,0,0,0,0,5,12,13,3,0,3,2,1,0,3,3,6,1745,19,145,-304,-66,413,918,123,Austin,2017-01-05
2018,1,5,126,147,72,13,6,17,25,12,27,23,64,87,62,78,45,2,4,8,16,7,16,12,39,51,50,57,18,8,2,8,8,4,8,10,20,30,1,2,1,1,0,0,0,0,0,0,0,0,13,10,8,2,0,1,1,1,3,1,5,6,1525,21,122,-303,-65,371,817,138,Austin,2018-01-05
2019,1,5,90,144,63,15,6,30,21,18,18,36,57,93,45,72,37,1,1,9,12,11,11,10,34,44,38,60,18,11,5,19,9,5,4,24,18,42,0,0,1,0,0,0,0,0,0,0,0,0,7,12,7,3,0,2,0,2,3,2,5,7,1348,8,102,-302,-64,369,722,130,Austin,2019-01-05
2020,1,5,98,143,52,13,2,24,17,16,11,26,44,70,39,50,27,3,0,7,8,7,5,7,20,27,51,79,19,10,1,15,7,5,3,16,15,31,0,3,0,0,0,1,2,0,0,1,2,3,8,11,6,0,1,1,0,4,3,2,7,9,1140,18,78,-301,-63,317,600,133,Austin,2020-01-05
2021,1,5,85,147,26,13,3,26,9,5,19,29,33,62,43,71,14,0,2,15,4,3,10,17,17,34,35,62,7,12,1,8,4,2,6,9,12,21,1,3,0,0,0,0,0,0,1,0,1,1,6,11,5,1,0,3,1,0,2,3,3,6,894,10,76,-306,-68,281,425,117,Austin,2021-01-05
2022,1,5,73,126,50,18,5,17,12,1,36,22,49,71,38,56,37,3,3,7,6,0,19,10,25,35,25,57,6,15,2,9,5,1,13,11,19,30,3,2,1,0,0,0,0,0,1,0,1,1,7,11,6,0,0,1,1,0,3,1,4,5,865,14,67,-305,-67,266,450,118,Austin,2022-01-05
2023,1,5,78,145,62,17,1,15,8,7,13,16,28,44,35,72,31,5,0,4,5,3,9,4,17,21,41,68,22,11,1,8,3,3,4,9,10,19,0,1,1,0,0,0,0,0,0,0,0,0,2,4,8,1,0,3,0,1,0,3,1,4,987,11,68,-304,-66,269,520,136,Austin,2023-01-05
2024,1,5,80,137,61,16,0,19,6,8,23,19,37,56,39,63,40,6,0,6,4,5,16,6,25,31,33,60,15,9,0,12,1,3,5,12,9,21,2,3,3,0,0,0,0,0,0,0,0,0,6,11,3,1,0,1,1,0,2,1,3,4,1005,14,87,-303,-65,274,543,96,Austin,2024-01-05
2012,2,5,,,,,,,,,,,,,,,,,,,,,,,,,,,,,,,,,,,,,,,,,,,,,,,,,,,,,,,,,,,,,,,,,,,,,Austin,2012-02-05
2013,2,5,,,,,,,,,,,,,,,,,,,,,,,,,,,,,,,,,,,,,,,,,,,,,,,,,,,,,,,,,,,,,,,,,,,,,Austin,2013-02-05
2014,2,5,70,103,53,2,1,15,19,20,11,16,50,66,41,61,35,2,1,4,12,13,7,5,32,37,25,33,11,0,0,10,5,4,3,10,12,22,0,0,1,0,0,0,0,0,0,0,0,0,4,9,6,0,0,1,2,3,1,1,6,7,1551,21,103,-270,-32,350,779,111,Austin,2014-02-05
2015,2,5,92,110,63,5,1,18,24,14,19,19,57,76,47,52,49,1,1,7,9,7,14,8,30,38,32,50,8,3,0,8,13,5,5,8,23,31,1,0,1,0,0,0,2,0,0,0,2,2,12,8,5,1,0,3,0,2,0,3,2,5,1415,17,93,-269,-31,349,737,116,Austin,2015-02-05
2016,2,5,105,152,109,8,2,17,14,19,9,19,42,61,51,76,82,2,0,8,9,10,6,8,25,33,47,61,18,5,2,7,5,5,3,9,13,22,2,2,1,0,0,0,0,0,0,0,0,0,5,13,8,1,0,2,0,4,0,2,4,6,1722,21,119,-275,-37,397,902,140,Austin,2016-02-05
2017,2,5,98,106,72,11,3,20,17,19,8,23,44,67,41,48,47,3,0,5,10,9,7,5,26,31,48,52,21,7,3,14,7,8,1,17,16,33,1,1,0,0,0,1,0,0,0,1,0,1,8,5,4,1,0,0,0,2,0,0,2,2,1360,11,93,-273,-35,343,753,128,Austin,2017-02-05
2018,2,5,111,119,64,6,4,17,37,13,13,21,63,84,56,59,46,1,2,3,19,10,12,5,41,46,46,51,9,4,2,11,16,1,1,13,18,31,2,3,3,0,0,0,0,0,0,0,0,0,7,6,6,1,0,3,2,2,0,3,4,7,1379,23,93,-272,-34,348,675,130,Austin,2018-02-05
2019,2,5,101,150,85,7,1,15,25,20,18,16,63,79,53,83,53,1,1,5,15,13,14,6,42,48,35,59,19,5,0,5,9,6,3,5,18,23,0,4,3,0,0,0,1,0,1,0,2,2,13,4,10,1,0,5,0,1,0,5,1,6,1505,35,86,-271,-33,413,747,151,Austin,2019-02-05
2020,2,5,86,157,64,8,1,15,21,19,14,16,54,70,56,79,40,0,0,7,15,16,6,7,37,44,27,63,12,7,1,7,5,3,8,8,16,24,0,2,5,0,0,0,0,0,0,0,0,0,3,13,7,1,0,1,1,0,0,1,1,2,1377,23,87,-270,-32,352,770,135,Austin,2020-02-05
2021,2,5,90,158,56,11,4,12,8,8,19,16,35,51,54,82,37,2,3,6,4,7,14,9,25,34,29,64,11,9,1,6,2,0,3,7,5,12,0,1,1,0,0,0,1,0,0,0,1,1,7,11,7,0,0,0,1,1,2,0,4,4,977,10,67,-275,-37,311,447,145,Austin,2021-02-05
2022,2,5,70,108,58,27,1,23,6,4,27,24,37,61,34,55,35,6,1,7,4,2,17,8,23,31,28,44,17,19,0,15,1,1,9,15,11,26,1,0,0,0,0,0,1,0,0,0,1,1,7,9,6,2,0,1,0,1,1,1,2,3,885,6,56,-274,-36,232,508,114,Austin,2022-02-05
2023,2,5,99,148,43,44,8,17,18,7,30,25,55,80,34,71,23,6,3,6,6,3,21,9,30,39,50,68,14,36,4,10,11,4,5,14,20,34,0,3,0,0,0,0,0,0,0,0,0,0,15,6,6,2,1,1,1,0,4,2,5,7,1000,13,66,-273,-35,283,525,158,Austin,2023-02-05
2024,2,5,64,184,47,14,3,20,9,4,42,23,55,78,38,100,33,2,1,8,6,4,28,9,38,47,19,70,10,11,1,11,3,0,10,12,13,25,0,1,2,0,0,0,0,0,3,0,3,3,7,13,2,1,1,1,0,0,1,2,1,3,1022,16,80,-272,-34,286,547,106,Austin,2024-02-05
2012,3,5,,,,,,,,,,,,,,,,,,,,,,,,,,,,,,,,,,,,,,,,,,,,,,,,,,,,,,,,,,,,,,,,,,,,,Austin,2012-03-05
2013,3,5,,,,,,,,,,,,,,,,,,,,,,,,,,,,,,,,,,,,,,,,,,,,,,,,,,,,,,,,,,,,,,,,,,,,,Austin,2013-03-05
2014,3,5,87,124,66,1,2,19,31,17,19,21,67,88,42,71,52,1,0,5,21,12,10,5,43,48,35,44,8,0,2,13,10,4,7,15,21,36,0,2,1,0,0,0,0,0,0,0,0,0,10,7,5,0,0,1,0,1,2,1,3,4,1579,14,96,-242,-4,417,792,116,Austin,2014-03-05
2015,3,5,83,88,57,5,3,15,16,9,16,18,41,59,50,46,36,0,1,6,11,5,8,7,24,31,26,35,14,5,1,8,4,2,7,9,13,22,0,0,1,0,0,0,0,0,0,0,0,0,7,7,6,0,1,1,1,2,1,2,4,6,1433,17,95,-241,-3,344,772,108,Austin,2015-03-05
2016,3,5,128,123,86,14,3,33,14,13,21,36,48,84,59,67,59,1,1,14,8,11,14,15,33,48,60,41,21,13,2,17,5,1,7,19,13,32,1,1,0,0,0,0,0,0,0,0,0,0,8,14,6,0,0,2,1,1,0,2,2,4,1770,14,127,-246,-8,415,975,161,Austin,2016-03-05
2017,3,5,87,113,62,17,2,26,16,16,19,28,51,79,40,55,42,4,1,8,5,8,13,9,26,35,39,50,16,11,1,18,7,6,5,19,18,37,0,3,0,0,0,0,0,0,0,0,0,0,8,5,4,2,0,0,4,2,1,0,7,7,1312,11,90,-245,-7,366,677,113,Austin,2017-03-05
2018,3,5,121,176,74,7,6,20,23,9,22,26,54,80,63,92,57,5,2,5,14,6,17,7,37,44,44,67,14,1,3,14,7,3,3,17,13,30,1,2,0,0,0,1,0,0,1,1,1,2,13,15,3,1,1,0,2,0,1,1,3,4,1485,17,115,-244,-6,390,789,145,Austin,2018-03-05
2019,3,5,82,124,76,9,3,21,18,8,19,24,45,69,46,76,62,1,1,9,8,5,15,10,28,38,30,37,8,7,1,12,8,2,3,13,13,26,0,2,2,0,0,0,0,0,0,0,0,0,6,9,4,1,1,0,2,1,1,1,4,5,1450,13,102,-243,-5,377,786,123,Austin,2019-03-05
2020,3,5,124,186,110,10,4,18,24,14,18,22,56,78,66,103,90,4,2,10,20,10,10,12,40,52,49,64,14,6,1,8,2,3,5,9,10,19,0,2,1,0,0,0,0,0,0,0,0,0,9,17,5,0,1,0,2,1,3,1,6,7,1524,19,98,-241,-3,420,727,186,Austin,2020-03-05
2021,3,5,93,166,45,12,6,20,13,9,33,26,55,81,48,86,33,1,1,6,5,6,26,7,37,44,37,71,10,11,3,13,6,3,6,16,15,31,0,0,0,0,0,0,1,0,0,0,1,1,8,9,2,0,2,1,1,0,1,3,2,5,1132,12,84,-247,-9,346,555,152,Austin,2021-03-05
2022,3,5,101,141,57,27,7,18,13,8,17,25,38,63,53,77,27,5,3,6,6,5,11,9,22,31,41,53,24,22,2,11,7,3,5,13,15,28,2,0,0,0,0,0,0,0,1,0,1,1,5,11,6,0,2,1,0,0,0,3,0,3,1006,12,66,-246,-8,284,510,141,Austin,2022-03-05
2023,3,5,91,128,65,31,7,21,14,5,32,28,51,79,44,61,40,6,3,4,2,4,21,7,27,34,40,55,23,20,4,15,11,0,8,19,19,38,0,2,1,0,0,0,1,0,0,0,1,1,7,10,1,5,0,2,0,1,3,2,4,6,976,11,63,-245,-7,288,490,125,Austin,2023-03-05
2024,3,5,84,168,62,12,3,13,12,8,40,16,60,76,42,97,44,4,1,6,5,6,31,7,42,49,34,57,15,6,2,5,7,1,8,7,16,23,2,0,2,0,0,1,0,0,0,1,0,1,6,14,1,2,0,1,0,1,1,1,2,3,1037,15,77,-243,-5,302,529,126,Austin,2024-03-05
2012,4,5,,,,,,,,,,,,,,,,,,,,,,,,,,,,,,,,,,,,,,,,,,,,,,,,,,,,,,,,,,,,,,,,,,,,,Austin,2012-04-05
2013,4,5,,,,,,,,,,,,,,,,,,,,,,,,,,,,,,,,,,,,,,,,,,,,,,,,,,,,,,,,,,,,,,,,,,,,,Austin,2013-04-05
2014,4,5,129,124,62,12,4,31,22,19,10,35,51,86,66,69,39,6,1,17,12,12,7,18,31,49,48,48,14,6,3,12,6,7,1,15,14,29,1,0,2,0,0,0,0,0,1,0,1,1,14,7,7,0,0,2,4,0,1,2,5,7,1626,8,115,-211,27,418,796,155,Austin,2014-04-05
2015,4,5,112,111,55,10,3,25,11,15,9,28,35,63,51,37,38,1,2,7,7,10,8,9,25,34,50,67,10,8,1,17,3,5,0,18,8,26,0,0,1,0,0,1,1,0,0,1,1,2,11,7,6,1,0,0,0,0,1,0,1,1,1347,14,92,-210,28,354,693,134,Austin,2015-04-05
2016,4,5,130,124,105,11,2,22,30,12,12,24,54,78,86,73,83,3,1,14,24,6,9,15,39,54,28,42,15,5,1,6,6,4,2,7,12,19,0,0,1,0,0,1,0,1,0,1,1,2,16,9,6,3,0,1,0,1,1,1,2,3,1593,20,108,-215,23,409,852,132,Austin,2016-04-05
2017,4,5,117,116,90,6,3,15,11,16,14,18,41,59,80,76,76,3,1,5,7,10,9,6,26,32,27,33,9,3,1,10,2,3,3,11,8,19,2,1,2,0,0,0,0,0,1,0,1,1,8,6,3,0,1,0,2,3,1,1,6,7,1577,20,99,-214,24,399,805,157,Austin,2017-04-05
2018,4,5,110,121,84,3,2,18,9,16,15,20,40,60,78,74,70,1,1,9,6,12,11,10,29,39,28,34,10,2,1,5,2,4,2,6,8,14,0,1,2,0,0,0,0,0,0,0,0,0,4,12,2,0,0,4,1,0,2,4,3,7,1469,11,118,-213,25,336,819,129,Austin,2018-04-05
2019,4,5,147,168,94,6,3,34,16,18,18,37,52,89,86,103,71,2,1,15,14,16,11,16,41,57,51,56,18,4,2,13,2,0,3,15,5,20,1,1,0,0,0,0,0,0,0,0,0,0,9,8,5,0,0,6,0,2,4,6,6,12,1643,11,105,-212,26,430,884,167,Austin,2019-04-05
2020,4,5,96,107,13,15,2,28,13,6,14,30,33,63,55,63,7,5,0,19,9,6,11,19,26,45,36,33,6,9,2,8,4,0,2,10,6,16,1,0,0,0,0,0,0,0,1,0,1,1,4,11,0,1,0,1,0,0,0,1,0,1,788,9,41,-210,28,256,403,98,Austin,2020-04-05
2021,4,5,107,152,35,12,2,17,9,8,23,19,40,59,59,91,27,1,2,11,5,3,17,13,25,38,35,51,7,11,0,4,4,3,5,4,12,16,1,3,1,0,0,1,0,0,0,1,0,1,12,7,0,0,0,1,0,2,1,1,3,4,1058,14,72,-216,22,304,552,156,Austin,2021-04-05
2022,4,5,97,156,54,15,3,21,11,9,34,24,54,78,70,100,42,6,3,10,6,8,27,13,41,54,21,45,6,9,0,11,5,1,4,11,10,21,1,3,0,0,0,0,0,0,1,0,1,1,5,8,6,0,0,0,0,0,2,0,2,2,1051,15,62,-215,23,319,532,136,Austin,2022-04-05
2023,4,5,100,171,62,14,2,18,11,7,39,20,57,77,68,102,55,4,1,11,7,5,32,12,44,56,24,56,6,9,1,6,3,2,6,7,11,18,0,1,1,0,0,0,0,0,0,0,0,0,8,12,0,1,0,1,1,0,1,1,2,3,1065,9,64,-214,24,315,542,135,Austin,2023-04-05
2024,4,5,96,152,85,16,2,19,10,12,25,21,47,68,52,94,67,2,0,9,3,8,22,9,33,42,34,43,13,10,2,7,7,4,3,9,14,23,1,3,1,0,0,0,0,0,0,0,0,0,9,12,4,4,0,3,0,0,0,3,0,3,1119,9,76,-212,26,323,566,147,Austin,2024-04-05
2012,5,5,,,,,,,,,,,,,,,,,,,,,,,,,,,,,,,,,,,,,,,,,,,,,,,,,,,,,,,,,,,,,,,,,,,,,Austin,2012-05-05
2013,5,5,,,,,,,,,,,,,,,,,,,,,,,,,,,,,,,,,,,,,,,,,,,,,,,,,,,,,,,,,,,,,,,,,,,,,Austin,2013-05-05
2014,5,5,120,130,90,4,3,24,34,19,31,27,84,111,69,63,79,1,0,11,19,16,24,11,59,70,35,56,9,3,3,12,13,3,4,15,20,35,1,2,0,0,0,0,1,0,0,0,1,1,15,9,2,0,0,1,1,0,3,1,4,5,1705,22,120,-181,57,431,851,152,Austin,2014-05-05
2015,5,5,77,115,92,1,1,14,22,16,9,15,47,62,61,75,72,0,1,9,18,9,8,10,35,45,12,32,12,1,0,3,4,7,0,3,11,14,2,0,1,0,0,0,0,0,0,0,0,0,2,8,7,0,0,2,0,0,1,2,1,3,1557,13,109,-180,58,375,859,124,Austin,2015-05-05
2016,5,5,121,139,107,5,7,21,25,16,20,28,61,89,84,89,95,2,3,10,19,12,14,13,45,58,27,42,9,3,2,10,5,2,3,12,10,22,0,0,1,0,1,0,0,0,0,1,0,1,10,8,2,0,1,1,1,2,3,2,6,8,1590,18,121,-185,53,396,858,139,Austin,2016-05-05
2017,5,5,124,131,102,14,3,18,34,7,11,21,52,73,81,71,88,4,3,12,21,3,5,15,29,44,33,44,6,7,0,4,11,1,5,4,17,21,2,0,2,0,0,0,0,0,0,0,0,0,8,16,6,3,0,2,2,3,1,2,6,8,1812,18,147,-184,54,435,977,164,Austin,2017-05-05
2018,5,5,136,133,74,9,5,34,17,14,20,39,51,90,90,77,50,1,1,18,7,9,16,19,32,51,35,45,18,7,4,13,7,4,3,17,14,31,0,3,1,0,0,0,1,0,0,0,1,1,11,8,5,1,0,3,2,1,1,3,4,7,1501,13,117,-183,55,370,863,151,Austin,2018-05-05
2019,5,5,120,149,63,15,2,36,17,18,20,38,55,93,62,76,41,3,0,15,8,13,11,15,32,47,50,60,21,10,2,16,7,4,5,18,16,34,0,1,0,1,0,0,0,0,0,0,0,0,8,12,1,1,0,5,2,1,4,5,7,12,1335,16,103,-182,56,365,712,160,Austin,2019-05-05
2020,5,5,129,163,43,12,2,29,14,8,19,31,41,72,84,107,38,4,2,17,10,5,12,19,27,46,30,45,3,7,0,8,4,3,5,8,12,20,2,1,1,0,0,1,0,0,0,1,0,1,13,10,1,1,0,3,0,0,2,3,2,5,1141,17,83,-180,58,341,590,124,Austin,2020-05-05
2021,5,5,110,177,63,14,1,19,4,10,29,20,43,63,71,96,45,3,0,11,3,8,21,11,32,43,26,71,13,7,1,6,1,2,7,7,10,17,0,0,3,0,0,0,0,0,1,0,1,1,13,10,2,4,0,2,0,0,0,2,0,2,1113,12,89,-186,52,338,566,148,Austin,2021-05-05
2022,5,5,107,163,67,13,3,19,10,8,27,22,45,67,74,99,48,3,2,13,6,7,21,15,34,49,26,47,14,8,1,3,3,1,4,4,8,12,1,2,1,0,0,0,0,0,0,0,0,0,6,15,4,2,0,3,1,0,2,3,3,6,1122,16,88,-185,53,332,583,155,Austin,2022-05-05
2023,5,5,103,173,70,26,1,24,4,13,39,25,56,81,60,116,50,9,0,12,2,11,30,12,43,55,25,43,10,12,1,9,1,1,7,10,9,19,2,2,1,0,0,0,0,0,0,0,0,0,16,12,9,5,0,3,1,1,2,3,4,7,1164,14,98,-184,54,319,607,174,Austin,2023-05-05
2024,5,5,80,141,63,29,3,29,13,12,31,32,56,88,37,83,31,6,2,14,4,4,21,16,29,45,34,46,25,20,1,12,9,4,8,13,21,34,1,1,1,0,0,1,0,1,0,1,1,2,8,11,6,3,0,2,0,3,2,2,5,7,1095,13,96,-182,56,289,609,132,Austin,2024-05-05
2012,6,5,,,,,,,,,,,,,,,,,,,,,,,,,,,,,,,,,,,,,,,,,,,,,,,,,,,,,,,,,,,,,,,,,,,,,Austin,2012-06-05
2013,6,5,,,,,,,,,,,,,,,,,,,,,,,,,,,,,,,,,,,,,,,,,,,,,,,,,,,,,,,,,,,,,,,,,,,,,Austin,2013-06-05
2014,6,5,141,140,86,2,1,22,17,15,15,23,47,70,91,88,74,1,1,9,15,13,12,10,40,50,30,40,7,0,0,11,2,2,1,11,5,16,1,0,0,0,0,0,0,0,1,0,1,1,19,12,5,1,0,2,0,0,1,2,1,3,1822,19,173,-150,88,405,980,142,Austin,2014-06-05
2015,6,5,115,122,80,6,5,28,23,21,13,33,57,90,76,82,70,2,3,15,14,15,9,18,38,56,30,33,4,4,2,9,6,3,3,11,12,23,0,0,0,0,0,0,0,0,0,0,0,0,9,7,6,0,0,4,3,3,1,4,7,11,1756,9,177,-149,89,401,910,152,Austin,2015-06-05
2016,6,5,133,116,58,8,4,35,24,17,7,39,48,87,68,66,37,2,2,19,13,14,5,21,32,53,52,38,13,6,2,13,7,2,1,15,10,25,1,0,0,0,0,1,1,0,0,1,1,2,12,12,8,0,0,2,3,1,1,2,5,7,1425,13,152,-154,84,371,745,157,Austin,2016-06-05
2017,6,5,107,136,111,11,7,23,26,13,18,30,57,87,72,78,96,5,3,15,19,11,14,18,44,62,27,38,11,5,3,7,6,2,2,10,10,20,1,2,0,0,0,0,0,0,0,0,0,0,7,18,4,1,1,1,1,0,2,2,3,5,1609,19,123,-153,85,415,857,148,Austin,2017-06-05
2018,6,5,103,134,65,6,4,15,22,13,18,19,53,72,72,86,52,0,2,11,15,9,15,13,39,52,22,34,3,5,1,4,5,1,3,5,9,14,0,4,0,0,0,0,0,1,0,0,1,1,9,10,10,1,1,0,2,2,0,1,4,5,1582,22,146,-152,86,393,906,129,Austin,2018-06-05
2019,6,5,96,132,101,3,4,21,24,18,25,25,67,92,59,87,89,2,3,11,19,10,21,14,50,64,26,33,9,1,1,6,5,5,3,7,13,20,0,0,0,0,0,0,0,0,0,0,0,0,11,12,3,0,0,4,0,3,1,4,4,8,1437,12,113,-151,87,399,714,143,Austin,2019-06-05
2020,6,5,101,153,61,14,6,17,12,12,27,23,51,74,67,105,52,8,3,9,9,11,21,12,41,53,21,34,5,4,3,8,3,0,5,11,8,19,2,2,1,1,0,0,0,0,0,0,0,0,11,12,3,1,0,0,0,1,1,0,2,2,1025,15,86,-149,89,300,530,154,Austin,2020-06-05
2021,6,5,120,176,53,18,6,22,9,4,14,28,27,55,66,105,36,4,4,13,4,2,12,17,18,35,45,53,12,11,1,7,3,2,2,8,7,15,1,3,0,0,0,0,1,0,0,0,1,1,8,15,5,3,1,2,1,0,0,3,1,4,1045,13,93,-155,83,269,548,185,Austin,2021-06-05
2022,6,5,102,148,40,26,4,28,7,8,23,32,38,70,60,98,26,4,2,8,4,7,18,10,29,39,38,39,11,19,1,16,3,0,5,17,8,25,1,0,0,0,1,0,0,0,0,1,0,1,3,11,3,3,0,4,0,1,0,4,1,5,1020,14,80,-154,84,259,567,159,Austin,2022-06-05
2023,6,5,88,179,69,20,2,20,13,8,62,22,83,105,58,124,50,6,1,15,6,6,53,16,65,81,22,40,15,11,0,1,4,1,5,1,10,11,0,4,2,0,0,0,2,0,1,0,3,3,8,11,2,3,1,4,1,1,3,5,5,10,1039,16,87,-153,85,337,509,135,Austin,2023-06-05
2024,6,5,89,151,69,12,5,14,10,1,22,19,33,52,59,100,59,5,2,10,7,1,17,12,25,37,23,42,6,5,3,3,2,0,4,6,6,12,0,0,0,0,0,0,0,0,0,0,0,0,7,9,4,2,0,1,1,0,1,1,2,3,1051,8,72,-151,87,301,560,116,Austin,2024-06-05
2012,7,5,,,,,,,,,,,,,,,,,,,,,,,,,,,,,,,,,,,,,,,,,,,,,,,,,,,,,,,,,,,,,,,,,,,,,Austin,2012-07-05
2013,7,5,,,,,,,,,,,,,,,,,,,,,,,,,,,,,,,,,,,,,,,,,,,,,,,,,,,,,,,,,,,,,,,,,,,,,Austin,2013-07-05
2014,7,5,125,123,62,9,5,31,22,22,18,36,62,98,62,72,45,0,3,16,13,17,13,19,43,62,53,39,13,5,1,14,8,4,4,15,16,31,0,0,1,0,0,0,0,0,0,0,0,0,10,12,3,4,1,1,1,1,1,2,3,5,1755,9,160,-120,118,379,916,177,Austin,2014-07-05
2015,7,5,117,121,52,14,1,35,20,21,18,36,59,95,62,65,31,1,1,14,12,15,15,15,42,57,48,40,16,11,0,16,5,5,3,16,13,29,0,0,1,0,0,0,0,0,0,0,0,0,7,16,4,2,0,5,3,1,0,5,4,9,1408,12,133,-119,119,355,737,159,Austin,2015-07-05
2016,7,5,113,118,90,11,1,27,23,13,23,28,59,87,79,69,84,2,0,15,16,12,17,15,45,60,26,39,6,7,1,12,5,1,5,13,11,24,4,1,0,0,0,0,1,0,0,0,1,1,4,9,0,2,0,0,1,0,1,0,2,2,1534,18,132,-124,114,391,841,127,Austin,2016-07-05
2017,7,5,114,136,74,10,2,31,24,9,16,33,49,82,75,84,65,3,0,16,16,3,12,16,31,47,29,42,8,4,2,13,6,6,4,15,16,31,0,1,0,0,0,0,1,0,0,0,1,1,10,9,1,3,0,2,1,0,0,2,1,3,1552,17,109,-123,115,450,784,127,Austin,2017-07-05
2018,7,5,121,113,68,14,2,21,24,19,14,23,57,80,80,70,57,2,1,13,9,13,11,14,33,47,32,32,5,10,1,7,8,3,2,8,13,21,0,0,0,0,0,0,2,0,0,0,2,2,9,11,6,2,0,1,5,3,1,1,9,10,1494,10,151,-122,116,383,811,131,Austin,2018-07-05
2019,7,5,127,163,68,21,1,28,20,6,14,29,40,69,75,102,54,6,0,14,15,5,10,14,30,44,40,51,12,13,1,10,5,1,4,11,10,21,1,2,0,0,0,0,0,0,0,0,0,0,11,8,2,2,0,4,0,0,0,4,0,4,1507,14,130,-121,117,395,818,152,Austin,2019-07-05
2020,7,5,90,128,21,21,4,28,18,9,14,32,41,73,49,77,13,4,2,14,9,8,11,16,28,44,30,36,8,15,0,11,8,1,3,11,12,23,2,1,0,0,2,0,0,0,0,2,0,2,9,14,0,2,0,3,1,0,0,3,1,4,998,15,88,-119,119,280,511,147,Austin,2020-07-05
2021,7,5,116,182,47,16,2,25,12,10,36,27,58,85,67,111,30,5,1,9,7,6,27,10,40,50,38,42,13,9,1,10,5,4,5,11,14,25,1,2,1,0,0,0,0,0,1,0,1,1,10,27,3,2,0,6,0,0,3,6,3,9,1036,11,98,-125,113,314,543,136,Austin,2021-07-05
2022,7,5,97,182,33,22,1,25,10,10,30,26,50,76,55,130,30,9,0,13,5,8,25,13,38,51,30,34,2,13,1,7,5,0,4,8,9,17,2,1,0,0,0,0,0,0,0,0,0,0,10,17,1,0,0,5,0,2,1,5,3,8,1033,8,85,-124,114,301,580,108,Austin,2022-07-05
2023,7,5,86,173,45,12,3,15,7,7,37,18,51,69,50,111,35,3,1,9,3,6,29,10,38,48,32,46,9,9,1,6,3,1,6,7,10,17,0,1,0,0,0,0,0,0,0,0,0,0,4,15,1,0,1,0,1,0,2,1,3,4,996,6,76,-123,115,276,527,117,Austin,2023-07-05
2024,7,5,104,163,39,27,3,25,13,15,24,28,52,80,55,115,24,2,2,14,4,11,15,16,30,46,39,35,10,24,1,8,7,1,7,9,15,24,1,2,0,0,0,1,0,0,0,1,0,1,9,11,5,1,0,2,2,3,2,2,7,9,1158,14,95,-121,117,315,654,132,Austin,2024-07-05
2012,8,5,,,,,,,,,,,,,,,,,,,,,,,,,,,,,,,,,,,,,,,,,,,,,,,,,,,,,,,,,,,,,,,,,,,,,Austin,2012-08-05
2013,8,5,,,,,,,,,,,,,,,,,,,,,,,,,,,,,,,,,,,,,,,,,,,,,,,,,,,,,,,,,,,,,,,,,,,,,Austin,2013-08-05
2014,8,5,97,105,98,5,6,20,27,14,13,26,54,80,60,63,85,1,6,10,15,11,12,16,38,54,24,36,7,3,0,6,10,3,1,6,14,20,0,0,0,0,0,0,1,0,0,0,1,1,13,6,6,1,0,4,1,0,0,4,1,5,1732,29,148,-89,149,440,827,125,Austin,2014-08-05
2015,8,5,94,118,78,2,7,25,26,20,17,32,63,95,60,78,61,0,1,13,16,11,14,14,41,55,23,30,13,2,5,11,8,8,3,16,19,35,2,1,1,0,0,0,0,0,0,0,0,0,9,9,3,0,1,1,2,1,0,2,3,5,1635,23,120,-88,150,390,878,122,Austin,2015-08-05
2016,8,5,115,132,103,9,3,20,21,16,18,23,55,78,75,90,84,5,1,8,15,13,11,9,39,48,28,33,10,4,2,9,5,1,4,11,10,21,1,2,1,0,0,0,0,0,0,0,0,0,11,7,8,0,0,3,1,2,3,3,6,9,1665,21,130,-93,145,416,889,117,Austin,2016-08-05
2017,8,5,126,137,85,6,2,30,24,18,21,32,63,95,64,80,58,1,1,10,13,11,12,11,36,47,42,39,18,5,1,19,10,7,7,20,24,44,2,1,1,0,0,0,0,0,0,0,0,0,18,17,8,0,0,1,1,0,2,1,3,4,1356,12,128,-92,146,337,763,168,Austin,2017-08-05
2018,8,5,106,113,51,11,5,26,28,15,24,31,67,98,58,57,31,6,3,8,20,10,19,11,49,60,37,51,15,4,2,13,7,2,5,15,14,29,2,0,0,0,0,0,0,0,0,0,0,0,9,5,5,1,0,5,1,3,0,5,4,9,1279,13,105,-91,147,354,709,116,Austin,2018-08-05
2019,8,5,95,158,65,12,4,29,26,26,18,33,70,103,60,97,51,2,4,17,19,17,13,21,49,70,29,46,9,10,0,8,5,4,5,8,14,22,1,4,1,0,0,0,0,0,0,0,0,0,5,11,4,0,0,4,2,5,0,4,7,11,1281,24,106,-90,148,370,628,145,Austin,2019-08-05
2020,8,5,84,165,46,13,1,30,6,11,21,31,38,69,52,102,38,1,0,20,2,7,17,20,26,46,22,42,5,9,1,9,4,2,4,10,10,20,1,4,1,0,0,0,0,1,0,0,1,1,9,17,2,3,0,1,0,1,0,1,1,2,1001,15,74,-88,150,346,486,98,Austin,2020-08-05
2021,8,5,102,185,49,19,5,19,13,11,22,24,46,70,66,123,31,5,4,12,8,8,18,16,34,50,23,55,14,14,0,4,3,3,2,4,8,12,0,1,1,0,0,0,1,0,0,0,1,1,13,6,3,0,1,3,1,0,2,4,3,7,1037,13,74,-94,144,296,540,157,Austin,2021-08-05
2022,8,5,103,169,67,19,5,24,7,5,29,29,41,70,69,102,53,3,2,12,2,5,23,14,30,44,26,48,9,12,2,12,5,0,5,14,10,24,1,2,1,0,0,0,0,0,0,0,0,0,7,17,4,4,1,0,0,0,1,1,1,2,1119,17,92,-93,145,315,572,153,Austin,2022-08-05
2023,8,5,109,153,62,20,4,31,9,11,37,35,57,92,56,98,47,7,2,12,4,6,24,14,34,48,39,46,9,11,1,16,5,3,8,17,16,33,1,2,0,0,0,0,0,0,3,0,3,3,13,7,6,2,1,3,0,2,2,4,4,8,1112,13,91,-92,146,287,580,160,Austin,2023-08-05
2024,8,5,81,199,48,10,5,21,9,9,25,26,43,69,64,122,32,4,3,12,3,6,22,15,31,46,14,60,9,6,1,6,6,3,1,7,10,17,2,5,3,0,1,0,0,0,1,1,1,2,1,12,4,0,0,3,0,0,1,3,1,4,1120,19,73,-90,148,298,599,124,Austin,2024-08-05
2012,9,5,,,,,,,,,,,,,,,,,,,,,,,,,,,,,,,,,,,,,,,,,,,,,,,,,,,,,,,,,,,,,,,,,,,,,Austin,2012-09-05
2013,9,5,,,,,,,,,,,,,,,,,,,,,,,,,,,,,,,,,,,,,,,,,,,,,,,,,,,,,,,,,,,,,,,,,,,,,Austin,2013-09-05
2014,9,5,113,138,89,3,2,26,19,14,14,28,47,75,55,76,69,2,0,12,16,10,10,12,36,48,46,48,10,1,2,11,2,3,3,13,8,21,2,3,2,0,0,0,0,0,0,0,0,0,10,11,8,0,0,3,1,1,1,3,3,6,1900,27,124,-58,180,437,1026,145,Austin,2014-09-05
2015,9,5,141,132,67,4,5,31,20,10,12,36,42,78,77,65,50,0,3,9,12,6,9,12,27,39,60,53,14,4,2,18,7,3,3,20,13,33,0,1,1,0,0,1,1,0,0,1,1,2,4,13,2,0,0,3,0,1,0,3,1,4,1472,10,104,-57,181,357,812,147,Austin,2015-09-05
2016,9,5,118,117,44,8,6,20,25,17,13,26,55,81,60,62,33,3,1,7,17,8,10,8,35,43,44,49,9,4,5,8,6,6,1,13,13,26,3,1,0,0,0,0,0,0,0,0,0,0,11,5,2,1,0,5,2,3,2,5,7,12,1363,17,105,-62,176,357,739,113,Austin,2016-09-05
2017,9,5,111,141,94,3,3,25,26,14,24,28,64,92,63,80,80,1,2,16,17,9,20,18,46,64,39,46,6,1,0,8,8,4,2,8,14,22,2,2,4,0,0,0,0,0,0,0,0,0,7,13,4,1,1,1,1,1,2,2,4,6,1530,18,93,-61,177,411,799,141,Austin,2017-09-05
2018,9,5,86,137,61,3,4,29,20,12,11,33,43,76,58,86,40,1,3,15,12,11,5,18,28,46,20,46,12,2,1,11,7,1,4,12,12,24,0,0,7,0,0,1,0,0,2,1,2,3,8,5,2,0,0,2,1,0,0,2,1,3,1362,30,69,-60,178,359,734,110,Austin,2018-09-05
2019,9,5,107,182,104,6,1,17,24,19,37,18,80,98,60,107,90,3,1,10,14,13,28,11,55,66,35,62,7,3,0,7,6,5,8,7,19,26,3,0,5,0,0,0,1,0,0,0,1,1,9,13,2,0,0,0,3,1,1,0,5,5,1508,20,93,-59,179,397,784,174,Austin,2019-09-05
2020,9,5,98,135,33,23,4,27,6,13,15,31,34,65,47,66,20,1,1,6,4,10,11,7,25,32,42,53,11,19,3,16,2,3,4,19,9,28,1,1,0,0,0,0,0,0,0,0,0,0,8,15,2,3,0,5,0,0,0,5,0,5,1010,17,83,-57,181,283,537,146,Austin,2020-09-05
2021,9,5,97,166,59,21,2,30,13,8,22,32,43,75,49,83,34,5,1,13,4,7,12,14,23,37,36,63,20,13,1,13,8,1,9,14,18,32,4,5,0,0,0,1,1,0,0,1,1,2,8,15,5,3,0,3,0,0,1,3,1,4,1070,19,83,-63,175,295,562,175,Austin,2021-09-05
2022,9,5,93,171,48,16,5,26,11,3,27,31,41,72,63,92,29,3,2,13,5,2,19,15,26,41,22,61,14,12,2,12,6,1,6,14,13,27,0,4,0,0,0,0,0,0,1,0,1,1,8,14,5,1,1,1,0,0,1,2,1,3,997,10,73,-62,176,281,528,131,Austin,2022-09-05
2023,9,5,97,171,59,7,3,19,7,13,34,22,54,76,64,112,50,2,3,11,1,10,24,14,35,49,23,43,6,3,0,5,6,3,9,5,18,23,2,2,2,0,0,0,0,0,1,0,1,1,8,14,1,2,0,3,0,0,0,3,0,3,993,15,70,-61,177,302,507,134,Austin,2023-09-05
2024,9,5,72,140,77,8,1,19,12,13,19,20,44,64,42,84,68,1,0,7,3,8,12,7,23,30,26,43,5,6,1,9,6,2,2,10,10,20,2,4,2,0,0,0,0,0,2,0,2,2,2,9,2,1,0,3,3,3,3,3,9,12,1067,18,64,-59,179,294,559,102,Austin,2024-09-05
2012,10,5,,,,,,,,,,,,,,,,,,,,,,,,,,,,,,,,,,,,,,,,,,,,,,,,,,,,,,,,,,,,,,,,,,,,,Austin,2012-10-05
2013,10,5,,,,,,,,,,,,,,,,,,,,,,,,,,,,,,,,,,,,,,,,,,,,,,,,,,,,,,,,,,,,,,,,,,,,,Austin,2013-10-05
2014,10,5,121,116,54,3,2,29,16,28,17,31,61,92,59,45,26,2,1,9,7,14,11,10,32,42,56,56,25,1,1,20,8,12,5,21,25,46,0,4,0,0,0,0,0,0,0,0,0,0,6,11,3,0,0,0,1,2,1,0,4,4,1440,18,87,-28,210,384,737,153,Austin,2014-10-05
2015,10,5,111,128,82,6,2,19,31,19,16,21,66,87,62,73,67,2,1,8,19,12,12,9,43,52,47,43,11,3,1,9,10,4,4,10,18,28,0,2,1,0,0,0,1,0,0,0,1,1,2,10,3,1,0,2,1,3,0,2,4,6,1479,27,97,-27,211,358,801,130,Austin,2015-10-05
2016,10,5,103,171,97,5,4,15,41,12,19,19,72,91,61,89,76,1,1,6,28,9,12,7,49,56,32,69,14,3,2,8,11,1,5,10,17,27,0,1,1,0,0,0,0,1,1,0,2,2,10,12,6,1,1,1,2,1,1,2,4,6,1599,20,103,-32,206,398,873,141,Austin,2016-10-05
2017,10,5,102,154,76,6,2,16,20,18,16,18,54,72,54,79,53,0,1,7,12,8,12,8,32,40,37,66,15,5,1,6,8,6,4,7,18,25,1,2,1,0,0,1,0,0,0,1,0,1,10,7,7,1,0,2,0,4,0,2,4,6,1446,10,95,-31,207,355,776,155,Austin,2017-10-05
2018,10,5,103,155,91,6,1,14,18,11,11,15,40,55,51,92,73,1,1,8,12,6,4,9,22,31,39,46,15,3,0,5,4,2,6,5,12,17,2,3,1,0,0,0,0,0,0,0,0,0,11,14,2,2,0,1,2,3,1,1,6,7,1538,24,108,-30,208,375,865,155,Austin,2018-10-05
2019,10,5,127,137,70,18,4,29,22,12,25,33,59,92,63,58,44,5,3,12,13,7,17,15,37,52,58,68,24,12,1,17,8,4,6,18,18,36,0,1,0,0,0,0,0,0,1,0,1,1,6,10,2,1,0,0,1,1,1,0,3,3,1346,10,79,-29,209,340,726,184,Austin,2019-10-05
2020,10,5,85,142,41,10,4,13,21,11,31,17,63,80,53,67,35,1,1,8,5,7,23,9,35,44,25,60,4,8,3,4,15,4,6,7,25,32,2,1,0,0,0,0,0,0,0,0,0,0,5,14,2,1,0,1,1,0,2,1,3,4,1002,14,72,-27,211,323,499,107,Austin,2020-10-05
2021,10,5,48,118,50,4,1,18,9,4,31,19,44,63,31,62,37,1,1,6,5,3,20,7,28,35,15,47,10,2,0,11,4,1,7,11,12,23,0,0,0,0,0,1,0,0,0,1,0,1,2,9,3,1,0,0,0,0,4,0,4,4,932,12,59,-33,205,293,474,103,Austin,2021-10-05
2022,10,5,91,177,60,11,6,19,10,11,31,25,52,77,47,102,43,5,5,10,5,7,21,15,33,48,33,57,11,5,1,6,4,3,7,7,14,21,3,7,0,0,0,0,0,0,1,0,1,1,8,11,6,1,0,3,1,1,2,3,4,7,1011,16,69,-32,206,312,508,140,Austin,2022-10-05
2023,10,5,93,167,63,15,4,18,7,6,30,22,43,65,61,93,31,2,3,10,2,3,22,13,27,40,27,66,22,12,1,5,5,3,6,6,14,20,0,1,6,0,0,0,0,0,1,0,1,1,5,7,4,1,0,3,0,0,1,3,1,4,1084,16,61,-31,207,313,592,122,Austin,2023-10-05
2024,10,5,97,140,69,33,4,21,8,11,11,25,30,55,42,78,38,7,2,12,5,5,5,14,15,29,43,54,25,22,2,8,2,3,4,10,9,19,1,2,0,0,0,1,0,0,0,1,0,1,11,6,6,4,0,0,1,3,2,0,6,6,1124,16,75,-29,209,247,657,148,Austin,2024-10-05
2012,11,5,,,,,,,,,,,,,,,,,,,,,,,,,,,,,,,,,,,,,,,,,,,,,,,,,,,,,,,,,,,,,,,,,,,,,Austin,2012-11-05
2013,11,5,,,,,,,,,,,,,,,,,,,,,,,,,,,,,,,,,,,,,,,,,,,,,,,,,,,,,,,,,,,,,,,,,,,,,Austin,2013-11-05
2014,11,5,72,94,110,10,5,13,22,14,15,18,51,69,39,48,68,2,3,6,13,12,10,9,35,44,27,39,20,7,2,7,8,2,4,9,14,23,0,1,1,0,0,0,0,0,0,0,0,0,6,6,21,1,0,0,1,0,1,0,2,2,1306,13,127,3,241,323,740,122,Austin,2014-11-05
2015,11,5,91,138,84,5,4,10,26,15,13,14,54,68,49,70,50,0,0,2,14,6,7,2,27,29,35,55,16,5,3,7,9,5,6,10,20,30,0,0,2,0,0,0,0,0,0,0,0,0,7,13,16,0,1,1,3,4,0,2,7,9,1566,11,125,4,242,369,785,138,Austin,2015-11-05
2016,11,5,117,144,80,11,5,18,19,20,14,23,53,76,54,54,45,0,3,4,7,11,7,7,25,32,50,77,24,9,2,10,11,9,6,12,26,38,0,2,2,0,0,0,0,0,0,0,0,0,13,11,9,2,0,4,1,0,1,4,2,6,1492,10,124,-1,237,353,813,157,Austin,2016-11-05
2017,11,5,146,128,67,14,4,29,15,15,13,33,43,76,66,52,37,2,3,6,7,6,8,9,21,30,73,69,21,11,1,21,8,7,5,22,20,42,0,1,2,0,0,0,0,0,0,0,0,0,7,6,7,1,0,2,0,2,0,2,2,4,1366,14,87,0,238,371,719,159,Austin,2017-11-05
2018,11,5,96,118,88,6,2,15,18,17,18,17,53,70,51,62,59,3,1,3,14,9,12,4,35,39,35,43,17,3,1,11,3,4,6,12,13,25,2,0,1,0,0,0,1,0,0,0,1,1,8,13,11,0,0,1,0,4,0,1,4,5,1342,15,101,1,239,357,739,119,Austin,2018-11-05
2019,11,5,90,185,73,10,3,30,21,22,24,33,67,100,56,94,49,3,1,15,15,16,16,16,47,63,27,69,7,7,2,15,3,5,6,17,14,31,1,1,0,0,0,0,1,0,1,0,2,2,6,21,17,0,0,0,2,1,1,0,4,4,1442,21,96,2,240,441,721,140,Austin,2019-11-05
2020,11,5,88,121,39,15,3,24,8,11,25,27,44,71,44,57,28,2,1,11,4,6,15,12,25,37,34,58,7,10,2,10,4,4,7,12,15,27,0,1,0,0,0,0,0,0,1,0,1,1,10,5,4,3,0,3,0,1,2,3,3,6,933,15,70,4,242,268,449,136,Austin,2020-11-05
2021,11,5,71,120,79,19,2,22,9,8,33,24,50,74,35,62,54,3,0,11,3,6,25,11,34,45,32,48,17,13,2,10,6,2,5,12,13,25,1,2,1,0,0,0,0,0,0,0,0,0,3,8,7,3,0,1,0,0,3,1,3,4,1004,17,75,-2,236,310,520,134,Austin,2021-11-05
2022,11,5,88,151,62,38,1,28,11,7,22,29,40,69,50,66,33,7,1,10,3,3,10,11,16,27,32,71,26,29,0,17,8,4,8,17,20,37,0,4,0,0,0,0,0,0,0,0,0,0,6,10,3,2,0,1,0,0,4,1,4,5,984,13,50,-1,237,266,523,152,Austin,2022-11-05
2023,11,5,96,168,45,33,2,27,11,10,24,29,45,74,49,76,29,7,1,11,3,5,14,12,22,34,41,81,15,24,1,14,7,4,6,15,17,32,1,0,1,0,0,0,0,0,1,0,1,1,5,11,0,2,0,2,1,1,3,2,5,7,1028,8,66,0,238,278,538,149,Austin,2023-11-05
2024,11,5,73,194,68,6,4,16,4,13,17,20,34,54,43,106,48,0,3,8,1,10,9,11,20,31,22,71,16,6,1,6,3,2,7,7,12,19,0,3,2,0,0,1,0,0,0,1,0,1,8,14,2,0,0,1,0,1,1,1,2,3,977,13,70,2,240,240,535,129,Austin,2024-11-05
2012,12,5,,,,,,,,,,,,,,,,,,,,,,,,,,,,,,,,,,,,,,,,,,,,,,,,,,,,,,,,,,,,,,,,,,,,,Austin,2012-12-05
2013,12,5,,,,,,,,,,,,,,,,,,,,,,,,,,,,,,,,,,,,,,,,,,,,,,,,,,,,,,,,,,,,,,,,,,,,,Austin,2013-12-05
2014,12,5,123,119,113,3,1,30,41,17,19,31,77,108,46,51,65,1,1,15,24,9,10,16,43,59,68,54,29,2,0,13,10,6,7,13,23,36,1,1,1,0,0,0,1,0,1,0,2,2,8,13,18,0,0,2,6,2,1,2,9,11,1827,30,140,33,271,441,884,144,Austin,2014-12-05
2015,12,5,124,125,81,6,8,23,10,20,10,31,40,71,49,50,51,1,3,11,6,8,4,14,18,32,66,61,24,5,5,11,4,10,5,16,19,35,0,2,1,0,0,0,0,1,1,0,2,2,9,12,5,0,0,1,0,1,0,1,1,2,1528,14,104,34,272,323,840,160,Austin,2015-12-05
2016,12,5,84,113,132,3,2,15,30,14,16,17,60,77,42,62,92,1,1,7,22,8,11,8,41,49,35,40,19,2,1,6,6,5,4,7,15,22,1,0,2,0,0,1,0,0,0,1,0,1,6,11,19,0,0,1,2,1,1,1,4,5,1388,19,113,29,267,345,793,127,Austin,2016-12-05
2017,12,5,82,133,85,5,5,26,36,15,12,31,63,94,38,77,46,1,1,14,21,10,5,15,36,51,33,47,23,4,3,11,10,5,5,14,20,34,1,1,7,0,0,1,0,0,0,1,0,1,10,8,9,0,1,0,5,0,2,1,7,8,1482,22,112,30,268,365,818,144,Austin,2017-12-05
2018,12,5,76,141,77,6,5,21,14,18,25,26,57,83,41,73,47,3,0,9,7,12,21,9,40,49,26,60,18,3,4,12,7,4,4,16,15,31,2,0,0,0,0,0,0,0,0,0,0,0,7,8,12,0,1,0,0,2,0,1,2,3,1378,16,100,31,269,383,754,122,Austin,2018-12-05
2019,12,5,125,190,79,6,4,20,30,16,22,24,68,92,65,90,50,1,3,6,19,6,13,9,38,47,43,77,15,4,1,10,9,7,7,11,23,34,1,1,1,0,0,0,0,0,0,0,0,0,16,22,13,1,0,4,2,3,2,4,7,11,1420,13,124,32,270,359,750,171,Austin,2019-12-05
2020,12,5,77,105,39,28,4,16,11,19,28,20,58,78,29,48,23,3,0,5,5,12,21,5,38,43,42,52,10,22,4,8,5,4,6,12,15,27,0,0,0,0,0,0,0,0,0,0,0,0,6,5,6,3,0,3,1,3,1,3,5,8,850,3,67,34,272,272,409,120,Austin,2020-12-05
2021,12,5,100,159,48,24,5,25,11,7,21,30,39,69,46,75,23,3,2,6,4,2,16,8,22,30,46,72,20,20,3,16,6,4,5,19,15,34,1,4,1,0,0,0,0,1,0,0,1,1,7,8,4,1,0,3,1,0,0,3,1,4,1048,22,57,28,266,295,546,158,Austin,2021-12-05
2022,12,5,91,168,53,18,2,25,13,11,33,27,57,84,42,91,25,4,0,8,2,8,25,8,35,43,39,66,14,13,1,14,10,2,5,15,17,32,1,1,1,0,0,0,1,0,1,0,2,2,9,10,13,1,1,3,0,1,2,4,3,7,969,13,83,29,267,285,500,131,Austin,2022-12-05
2023,12,5,100,131,59,23,1,14,5,6,37,15,48,63,53,55,32,5,1,5,3,2,22,6,27,33,42,62,18,17,0,8,0,2,12,8,14,22,0,2,2,0,0,0,0,0,1,0,1,1,5,12,7,1,0,1,2,2,2,1,6,7,964,18,70,30,268,256,510,131,Austin,2023-12-05
2024,12,5,66,146,66,11,4,6,9,6,22,10,37,47,36,72,40,3,2,2,2,5,14,4,21,25,25,66,16,8,2,4,6,1,7,6,14,20,1,2,4,0,0,0,0,0,1,0,1,1,4,6,6,0,0,0,1,0,0,0,1,1,983,15,60,32,270,237,532,113,Austin,2024-12-05
2012,1,6,,,,,,,,,,,,,,,,,,,,,,,,,,,,,,,,,,,,,,,,,,,,,,,,,,,,,,,,,,,,,,,,,,,,,Austin,2012-01-06
2013,1,6,,,,,,,,,,,,,,,,,,,,,,,,,,,,,,,,,,,,,,,,,,,,,,,,,,,,,,,,,,,,,,,,,,,,,Austin,2013-01-06
2014,1,6,68,75,70,4,0,17,29,20,15,17,64,81,35,39,49,2,0,5,15,15,10,5,40,45,26,27,8,2,0,9,8,4,5,9,17,26,0,0,2,0,0,0,0,0,0,0,0,0,7,9,11,0,0,3,6,1,0,3,7,10,1368,24,106,-300,-62,342,725,89,Austin,2014-01-06
2015,1,6,114,101,69,9,2,20,25,17,17,22,59,81,65,50,53,1,0,11,15,13,12,11,40,51,38,43,6,8,2,9,6,3,5,11,14,25,0,0,1,0,0,0,1,0,0,0,1,1,11,8,9,0,0,0,3,1,0,0,4,4,1619,22,119,-299,-61,397,758,127,Austin,2015-01-06
2016,1,6,83,94,84,12,1,16,22,18,19,17,59,76,43,44,50,2,1,10,15,12,9,11,36,47,36,42,22,8,0,5,7,5,9,5,21,26,0,1,4,0,0,0,0,0,1,0,1,1,4,7,8,2,0,1,0,1,0,1,1,2,1361,21,89,-305,-67,360,693,112,Austin,2016-01-06
2017,1,6,91,116,60,6,2,18,20,11,20,20,51,71,40,53,42,0,1,7,15,10,15,8,40,48,38,52,14,6,1,10,4,1,4,11,9,20,2,2,1,0,0,0,0,0,0,0,0,0,11,9,3,0,0,1,1,0,1,1,2,3,1573,12,108,-303,-65,348,942,104,Austin,2017-01-06
2018,1,6,101,116,52,25,3,22,21,17,11,25,49,74,51,58,33,4,0,9,14,14,7,9,35,44,42,47,15,18,2,10,7,3,2,12,12,24,3,1,0,0,0,0,0,0,1,0,1,1,5,10,4,3,1,3,0,0,1,4,1,5,1306,12,107,-302,-64,326,691,136,Austin,2018-01-06
2019,1,6,101,138,42,13,8,22,12,8,16,30,36,66,44,64,22,1,1,7,7,5,10,8,22,30,48,64,15,11,7,15,3,3,4,22,10,32,3,0,0,0,0,0,0,0,0,0,0,0,6,10,5,1,0,0,2,0,2,0,4,4,1147,12,89,-301,-63,307,618,127,Austin,2019-01-06
2020,1,6,101,160,87,12,5,16,31,19,22,21,72,93,54,85,68,2,0,8,21,13,16,8,50,58,37,56,13,5,5,6,8,4,3,11,15,26,3,3,1,0,0,0,0,0,2,0,2,2,7,16,5,5,0,2,2,2,1,2,5,7,1315,24,109,-300,-62,381,648,177,Austin,2020-01-06
2021,1,6,66,159,54,9,3,17,7,6,19,20,32,52,39,89,39,3,1,10,3,2,9,11,14,25,21,61,8,4,2,7,4,3,9,9,16,25,1,0,3,0,0,0,0,0,0,0,0,0,5,9,4,2,0,0,0,1,1,0,2,2,896,13,62,-305,-67,286,451,93,Austin,2021-01-06
2022,1,6,64,128,45,3,3,12,5,5,30,15,40,55,38,68,32,0,2,1,4,3,20,3,27,30,23,49,9,3,0,8,1,1,7,8,9,17,0,2,1,0,0,1,0,0,2,1,2,3,3,9,3,0,1,2,0,1,1,3,2,5,855,16,67,-304,-66,251,450,118,Austin,2022-01-06
2023,1,6,83,179,71,26,3,16,4,10,20,19,34,53,45,82,45,4,2,7,1,3,13,9,17,26,32,84,16,20,1,7,3,5,7,8,15,23,1,3,2,0,0,0,0,1,0,0,1,1,5,10,8,2,0,2,0,1,0,2,1,3,1008,15,67,-303,-65,289,510,123,Austin,2023-01-06
2024,1,6,81,159,58,28,4,13,9,9,16,17,34,51,32,75,41,5,2,5,3,3,8,7,14,21,40,69,15,22,2,8,6,5,7,10,18,28,0,3,0,0,0,0,0,0,0,0,0,0,9,12,2,1,0,0,0,1,1,0,2,2,1015,16,66,-302,-64,275,542,122,Austin,2024-01-06
2012,2,6,,,,,,,,,,,,,,,,,,,,,,,,,,,,,,,,,,,,,,,,,,,,,,,,,,,,,,,,,,,,,,,,,,,,,Austin,2012-02-06
2013,2,6,,,,,,,,,,,,,,,,,,,,,,,,,,,,,,,,,,,,,,,,,,,,,,,,,,,,,,,,,,,,,,,,,,,,,Austin,2013-02-06
2014,2,6,63,95,66,3,0,20,15,10,7,20,32,52,31,47,49,1,0,10,5,5,5,10,15,25,29,36,11,2,0,10,10,4,2,10,16,26,1,2,0,0,0,0,0,0,0,0,0,0,2,10,6,0,0,0,0,1,0,0,1,1,1526,23,90,-269,-31,328,813,77,Austin,2014-02-06
2015,2,6,93,131,94,1,0,23,20,16,27,23,63,86,40,68,70,1,0,13,11,8,16,13,35,48,44,53,17,0,0,9,8,7,9,9,24,33,2,2,0,0,0,0,0,0,1,0,1,1,7,8,7,0,0,1,1,1,1,1,3,4,1693,17,101,-268,-30,397,875,141,Austin,2015-02-06
2016,2,6,111,103,75,12,7,20,12,19,14,27,45,72,40,39,44,5,3,3,6,14,10,6,30,36,61,54,26,6,2,15,4,4,2,17,10,27,2,0,0,0,0,0,0,0,1,0,1,1,8,10,5,1,2,2,2,1,1,4,4,8,1515,13,133,-274,-36,373,735,147,Austin,2016-02-06
2017,2,6,107,134,79,13,2,16,27,16,16,18,59,77,62,70,62,1,1,9,15,10,11,10,36,46,34,52,16,11,1,4,8,4,4,5,16,21,0,1,0,0,0,0,1,0,0,0,1,1,11,11,1,1,0,3,3,2,1,3,6,9,1670,22,118,-272,-34,414,874,134,Austin,2017-02-06
2018,2,6,78,105,95,9,1,9,34,17,15,10,66,76,40,52,65,1,1,4,21,12,11,5,44,49,29,45,17,8,0,4,13,4,4,4,21,25,1,0,2,0,0,0,0,0,0,0,0,0,8,8,11,0,0,1,0,1,0,1,1,2,1330,19,93,-271,-33,335,692,110,Austin,2018-02-06
2019,2,6,104,144,96,8,1,19,20,19,20,20,59,79,63,86,59,3,1,11,10,14,8,12,32,44,32,47,20,5,0,7,9,3,7,7,19,26,1,1,7,0,0,0,0,0,1,0,1,1,8,10,10,0,0,1,1,2,4,1,7,8,1449,34,95,-270,-32,401,766,140,Austin,2019-02-06
2020,2,6,89,141,101,11,1,13,24,9,18,14,51,65,53,75,70,1,0,8,16,6,15,8,37,45,28,56,16,9,1,5,6,3,1,6,10,16,1,1,4,0,0,0,0,0,0,0,0,0,7,9,11,1,0,0,2,0,2,0,4,4,1341,19,92,-269,-31,326,722,159,Austin,2020-02-06
2021,2,6,99,132,58,23,1,27,8,11,19,28,38,66,55,62,39,4,0,13,3,7,11,13,21,34,36,58,15,19,1,10,5,3,6,11,14,25,1,3,1,0,0,2,0,0,0,2,0,2,7,9,3,0,0,2,0,1,2,2,3,5,941,11,62,-274,-36,304,468,126,Austin,2021-02-06
2022,2,6,82,126,38,26,2,23,9,3,24,25,36,61,38,59,20,5,2,8,5,0,11,10,16,26,34,56,16,18,0,15,3,3,12,15,18,33,0,0,0,0,0,0,0,0,0,0,0,0,10,11,2,3,0,0,1,0,1,0,2,2,924,10,79,-273,-35,300,472,117,Austin,2022-02-06
2023,2,6,111,161,71,25,4,21,13,3,37,25,53,78,51,91,52,6,2,8,3,3,26,10,32,42,43,58,14,15,2,11,8,0,9,13,17,30,2,2,0,0,0,0,0,0,0,0,0,0,15,10,5,4,0,2,2,0,2,2,4,6,1006,7,72,-272,-34,297,525,146,Austin,2023-02-06
2024,2,6,78,182,62,9,1,11,8,9,35,12,52,64,39,102,47,3,0,4,5,6,25,4,36,40,27,70,8,6,1,5,3,3,8,6,14,20,1,1,3,0,0,0,0,0,2,0,2,2,11,9,4,0,0,2,0,0,0,2,0,2,1023,14,86,-271,-33,285,506,115,Austin,2024-02-06
2012,3,6,,,,,,,,,,,,,,,,,,,,,,,,,,,,,,,,,,,,,,,,,,,,,,,,,,,,,,,,,,,,,,,,,,,,,Austin,2012-03-06
2013,3,6,,,,,,,,,,,,,,,,,,,,,,,,,,,,,,,,,,,,,,,,,,,,,,,,,,,,,,,,,,,,,,,,,,,,,Austin,2013-03-06
2014,3,6,92,108,91,3,2,20,28,20,19,22,67,89,46,50,77,0,1,9,21,11,11,10,43,53,43,51,8,3,1,11,6,8,6,12,20,32,0,2,2,0,0,0,0,0,1,0,1,1,3,5,4,0,0,0,1,1,1,0,3,3,1701,21,107,-241,-3,419,828,121,Austin,2014-03-06
2015,3,6,111,138,75,6,4,15,29,17,15,19,61,80,53,68,50,2,3,7,14,12,13,10,39,49,47,59,21,4,1,7,11,3,2,8,16,24,0,0,0,0,0,0,1,0,0,0,1,1,11,11,4,0,0,1,3,2,0,1,5,6,1584,10,107,-240,-2,388,817,120,Austin,2015-03-06
2016,3,6,126,111,56,17,7,32,26,16,13,39,55,94,57,53,38,7,4,12,10,13,7,16,30,46,58,51,14,7,3,15,13,1,4,18,18,36,0,2,0,1,0,0,1,0,1,0,2,2,11,5,4,2,0,5,2,2,1,5,5,10,1481,12,86,-245,-7,377,781,161,Austin,2016-03-06
2017,3,6,117,129,80,11,4,24,20,12,25,28,57,85,59,74,60,4,1,9,14,11,17,10,42,52,45,47,17,7,3,14,4,1,6,17,11,28,1,1,0,0,0,0,0,0,0,0,0,0,12,7,3,0,0,1,2,0,2,1,4,5,1636,6,120,-244,-6,426,806,137,Austin,2017-03-06
2018,3,6,115,131,74,11,1,19,22,11,16,20,49,69,69,65,58,2,0,9,19,5,10,9,34,43,36,51,10,9,0,8,3,5,6,8,14,22,0,1,0,0,0,0,0,0,0,0,0,0,10,14,6,0,1,2,0,1,0,3,1,4,1491,15,90,-243,-5,370,804,140,Austin,2018-03-06
2019,3,6,79,159,80,6,2,11,15,11,24,13,50,63,45,88,66,0,1,6,10,6,19,7,35,42,25,64,10,6,1,5,5,3,4,6,12,18,1,0,0,0,0,0,0,0,0,0,0,0,8,7,4,0,0,0,0,2,1,0,3,3,1371,12,88,-242,-4,346,758,131,Austin,2019-03-06
2020,3,6,124,194,105,18,5,28,12,13,17,33,42,75,72,92,75,4,0,12,5,8,12,12,25,37,38,86,18,12,4,14,6,3,4,18,13,31,3,3,1,0,0,0,0,0,0,0,0,0,11,13,11,2,1,2,1,2,1,3,4,7,1595,24,105,-240,-2,452,794,197,Austin,2020-03-06
2021,3,6,66,128,68,23,3,15,7,10,15,18,32,50,29,59,46,8,2,5,1,5,14,7,20,27,31,58,12,13,1,8,6,4,1,9,11,20,1,1,0,0,0,0,0,0,0,0,0,0,5,10,10,2,0,2,0,1,0,2,1,3,988,8,81,-246,-8,272,491,156,Austin,2021-03-06
2022,3,6,90,131,39,24,6,31,12,2,28,37,42,79,46,70,18,5,6,13,3,2,20,19,25,44,40,55,21,17,0,15,9,0,6,15,15,30,0,0,0,0,0,0,0,0,0,0,0,0,4,6,0,2,0,3,0,0,2,3,2,5,1000,8,52,-245,-7,297,496,165,Austin,2022-03-06
2023,3,6,73,178,59,18,0,21,7,8,25,21,40,61,45,105,37,2,0,10,2,5,17,10,24,34,23,61,14,14,0,8,4,1,6,8,11,19,1,2,1,0,0,0,0,0,0,0,0,0,4,10,7,2,0,3,1,2,2,3,5,8,969,11,73,-244,-6,263,528,125,Austin,2023-03-06
2024,3,6,100,158,47,12,5,28,3,12,35,33,50,83,58,80,36,3,1,16,1,10,24,17,35,52,34,64,7,9,4,11,1,2,8,15,11,26,0,3,1,0,0,0,0,0,0,0,0,0,8,11,3,0,0,1,1,0,3,1,4,5,1030,7,70,-242,-4,306,546,127,Austin,2024-03-06
2012,4,6,,,,,,,,,,,,,,,,,,,,,,,,,,,,,,,,,,,,,,,,,,,,,,,,,,,,,,,,,,,,,,,,,,,,,Austin,2012-04-06
2013,4,6,,,,,,,,,,,,,,,,,,,,,,,,,,,,,,,,,,,,,,,,,,,,,,,,,,,,,,,,,,,,,,,,,,,,,Austin,2013-04-06
2014,4,6,119,91,62,3,1,27,22,9,9,28,40,68,55,40,50,1,0,11,7,6,7,11,20,31,54,45,11,2,0,16,14,3,2,16,19,35,3,1,0,0,0,0,0,0,0,0,0,0,7,5,1,0,1,0,1,0,0,1,1,2,1282,12,69,-210,28,343,681,112,Austin,2014-04-06
2015,4,6,98,105,85,7,2,12,22,16,16,14,54,68,63,54,74,3,2,6,14,13,12,8,39,47,27,41,6,3,0,5,6,2,4,5,12,17,1,0,2,0,0,1,1,0,0,1,1,2,7,10,3,1,0,0,1,1,0,0,2,2,1550,14,99,-209,29,364,762,117,Austin,2015-04-06
2016,4,6,118,132,77,10,5,17,25,17,14,22,56,78,75,66,58,3,1,6,17,12,9,7,38,45,35,49,10,6,3,8,6,4,3,11,13,24,0,3,1,0,0,2,0,0,0,2,0,2,8,14,8,1,1,1,2,1,2,2,5,7,1530,24,95,-214,24,362,852,124,Austin,2016-04-06
2017,4,6,111,147,95,8,1,22,20,8,18,23,46,69,67,93,80,1,1,14,6,6,14,15,26,41,33,41,13,7,0,6,10,2,3,6,15,21,2,2,0,0,0,0,1,0,0,0,1,1,9,11,2,0,0,2,3,0,1,2,4,6,1630,12,113,-213,25,438,848,143,Austin,2017-04-06
2018,4,6,99,153,93,2,4,21,19,12,17,25,48,73,63,95,73,0,1,10,15,9,13,11,37,48,31,50,14,1,3,8,3,2,1,11,6,17,0,0,2,0,0,0,0,0,1,0,1,1,5,8,4,1,0,3,1,1,2,3,4,7,1584,10,93,-212,26,390,895,152,Austin,2018-04-06
2019,4,6,97,150,94,11,4,18,11,11,17,22,39,61,53,91,65,2,1,5,7,8,14,6,29,35,38,49,23,8,3,12,3,2,3,15,8,23,2,0,2,0,0,1,0,0,0,1,0,1,4,10,4,1,0,0,1,1,0,0,2,2,1439,15,88,-211,27,313,869,156,Austin,2019-04-06
2020,4,6,87,155,19,14,7,14,20,11,20,21,51,72,57,90,14,3,4,7,10,7,15,11,32,43,21,43,4,5,3,4,8,3,5,7,16,23,0,4,0,0,0,2,1,0,0,2,1,3,9,18,1,6,0,1,1,1,0,1,2,3,953,16,77,-209,29,283,509,104,Austin,2020-04-06
2021,4,6,111,147,43,14,1,29,8,9,19,30,36,66,71,88,33,3,0,18,4,7,16,18,27,45,34,46,8,8,1,8,2,1,3,9,6,15,1,3,0,0,0,1,0,0,0,1,0,1,5,10,2,3,0,2,2,1,0,2,3,5,1060,11,73,-215,23,317,541,146,Austin,2021-04-06
2022,4,6,78,160,46,12,3,17,9,7,27,20,43,63,46,105,32,5,2,8,5,5,22,10,32,42,27,40,8,6,1,6,3,2,3,7,8,15,1,4,0,0,0,0,0,0,0,0,0,0,4,11,6,1,0,3,1,0,2,3,3,6,1001,19,65,-214,24,291,515,129,Austin,2022-04-06
2023,4,6,76,173,72,11,3,14,5,5,31,17,41,58,47,105,59,3,1,5,1,5,24,6,30,36,21,55,9,7,2,6,3,0,5,8,8,16,2,2,1,0,0,1,0,0,0,1,0,1,6,11,3,1,0,2,1,0,2,2,3,5,953,14,70,-213,25,307,481,117,Austin,2023-04-06
2024,4,6,105,195,61,18,3,24,16,8,30,27,54,81,52,115,33,3,2,14,8,6,23,16,37,53,42,66,22,11,1,8,6,0,7,9,13,22,0,5,0,0,0,0,0,0,0,0,0,0,11,9,6,4,0,2,2,2,0,2,4,6,1087,9,63,-211,27,275,574,177,Austin,2024-04-06
2012,5,6,,,,,,,,,,,,,,,,,,,,,,,,,,,,,,,,,,,,,,,,,,,,,,,,,,,,,,,,,,,,,,,,,,,,,Austin,2012-05-06
2013,5,6,,,,,,,,,,,,,,,,,,,,,,,,,,,,,,,,,,,,,,,,,,,,,,,,,,,,,,,,,,,,,,,,,,,,,Austin,2013-05-06
2014,5,6,124,107,66,8,2,28,27,22,15,30,64,94,81,69,55,3,1,17,19,16,10,18,45,63,32,26,4,5,1,10,8,4,5,11,17,28,1,2,0,0,0,0,0,0,0,0,0,0,10,10,7,0,0,1,0,2,0,1,2,3,1701,25,143,-180,58,404,801,143,Austin,2014-05-06
2015,5,6,101,107,73,1,1,20,27,25,19,21,71,92,65,77,58,0,1,12,23,20,17,13,60,73,26,24,11,1,0,7,3,4,2,7,9,16,0,0,1,0,0,0,0,0,0,0,0,0,10,6,3,0,0,1,1,1,0,1,2,3,1617,11,121,-179,59,388,854,132,Austin,2015-05-06
2016,5,6,135,131,140,12,4,19,18,13,10,23,41,64,84,80,119,2,2,9,15,10,8,11,33,44,36,35,17,6,2,9,3,1,1,11,5,16,1,1,0,0,0,0,0,0,0,0,0,0,14,15,4,4,0,1,0,2,1,1,3,4,1778,7,149,-184,54,395,975,160,Austin,2016-05-06
2017,5,6,111,130,89,8,6,35,15,27,14,41,56,97,55,72,63,0,3,15,8,18,10,18,36,54,47,43,21,8,3,15,6,6,4,18,16,34,0,1,1,0,0,0,0,0,0,0,0,0,9,14,4,0,0,5,1,3,0,5,4,9,1573,12,135,-183,55,386,856,167,Austin,2017-05-06
2018,5,6,130,122,72,12,4,35,13,13,17,39,43,82,71,74,50,0,2,18,9,11,10,20,30,50,51,40,17,12,2,14,4,2,7,16,13,29,1,0,1,0,0,1,0,0,0,1,0,1,7,8,4,0,0,2,0,0,0,2,0,2,1468,10,110,-182,56,372,800,181,Austin,2018-05-06
2019,5,6,121,166,75,7,4,23,27,20,19,27,66,93,84,110,67,3,3,10,22,15,17,13,54,67,28,48,5,3,1,11,4,4,2,12,10,22,3,0,1,0,0,0,0,0,0,0,0,0,6,8,2,1,0,2,1,1,0,2,2,4,1439,22,85,-181,57,393,790,145,Austin,2019-05-06
2020,5,6,101,131,21,8,3,20,10,13,19,23,42,65,67,85,20,2,3,12,5,11,15,15,31,46,24,34,1,6,0,7,4,2,1,7,7,14,0,2,0,0,0,0,0,0,1,0,1,1,10,10,0,0,0,1,1,0,2,1,3,4,1045,9,78,-179,59,325,513,123,Austin,2020-05-06
2021,5,6,138,187,50,15,4,20,11,9,21,24,41,65,84,122,38,4,2,8,4,5,15,10,24,34,42,46,8,10,1,11,7,4,4,12,15,27,1,4,0,0,0,1,0,0,1,1,1,2,11,15,4,1,1,0,0,0,1,1,1,2,1098,15,84,-185,53,330,558,171,Austin,2021-05-06
2022,5,6,106,162,80,16,3,17,8,7,26,20,41,61,73,102,56,3,3,9,3,5,22,12,30,42,27,46,18,9,0,5,4,1,1,5,6,11,1,1,2,0,0,0,0,0,0,0,0,0,5,13,4,4,0,3,1,1,3,3,5,8,1137,14,96,-184,54,288,597,173,Austin,2022-05-06
2023,5,6,102,156,45,21,5,23,9,10,28,28,47,75,60,103,27,7,3,7,3,6,21,10,30,40,34,40,16,12,2,12,5,2,6,14,13,27,1,0,0,0,0,0,0,0,1,0,1,1,7,13,2,2,0,4,1,2,0,4,3,7,1052,7,84,-183,55,286,565,143,Austin,2023-05-06
2024,5,6,75,162,61,18,2,21,13,12,36,23,61,84,43,111,49,3,2,15,3,7,33,17,43,60,31,41,8,15,0,6,10,4,2,6,16,22,0,1,1,0,0,0,0,0,0,0,0,0,1,9,3,0,0,0,0,1,1,0,2,2,1083,11,72,-181,57,293,578,112,Austin,2024-05-06
2012,6,6,,,,,,,,,,,,,,,,,,,,,,,,,,,,,,,,,,,,,,,,,,,,,,,,,,,,,,,,,,,,,,,,,,,,,Austin,2012-06-06
2013,6,6,,,,,,,,,,,,,,,,,,,,,,,,,,,,,,,,,,,,,,,,,,,,,,,,,,,,,,,,,,,,,,,,,,,,,Austin,2013-06-06
2014,6,6,127,127,94,2,3,23,24,14,9,26,47,73,74,75,78,0,1,15,15,10,7,16,32,48,34,30,9,2,0,7,6,2,0,7,8,15,1,2,0,0,0,0,0,0,0,0,0,0,18,20,7,0,2,1,3,2,2,3,7,10,1792,18,185,-149,89,416,895,147,Austin,2014-06-06
2015,6,6,125,133,82,5,2,36,14,13,19,38,46,84,70,74,57,0,1,14,6,10,14,15,30,45,39,40,16,4,1,17,8,2,2,18,12,30,0,0,2,0,0,1,0,0,1,1,1,2,16,19,7,1,0,4,0,1,2,4,3,7,1679,6,170,-148,90,432,901,154,Austin,2015-06-06
2016,6,6,142,149,85,7,3,22,29,17,19,25,65,90,102,95,71,2,2,11,17,13,15,13,45,58,23,34,8,2,0,8,6,3,3,8,12,20,3,2,0,0,1,0,0,0,1,1,1,2,14,18,6,3,0,3,6,1,0,3,7,10,1607,19,157,-153,85,424,850,128,Austin,2016-06-06
2017,6,6,108,120,95,9,0,25,14,12,14,25,40,65,74,75,77,4,0,17,10,8,13,17,31,48,24,33,7,3,0,6,3,1,1,6,5,11,1,3,2,0,0,0,0,0,0,0,0,0,9,9,9,2,0,2,1,3,0,2,4,6,1556,26,125,-152,86,418,810,145,Austin,2017-06-06
2018,6,6,106,136,76,8,3,29,20,12,20,32,52,84,74,89,69,5,2,12,13,10,13,14,36,50,26,39,5,3,0,13,5,2,3,13,10,23,1,1,0,0,1,1,0,0,0,2,0,2,5,7,2,0,0,3,2,0,4,3,6,9,1563,19,119,-151,87,402,841,144,Austin,2018-06-06
2019,6,6,95,156,110,6,0,19,22,13,21,19,56,75,62,92,96,3,0,13,18,11,13,13,42,55,22,46,7,2,0,5,3,2,6,5,11,16,1,0,0,0,0,0,0,0,0,0,0,0,10,18,7,1,0,1,1,0,2,1,3,4,1579,15,131,-150,88,368,910,158,Austin,2019-06-06
2020,6,6,106,139,45,19,4,35,19,9,19,39,47,86,60,83,27,7,3,17,7,6,14,20,27,47,33,41,16,12,1,15,12,3,4,16,19,35,0,3,2,0,0,1,0,0,1,1,1,2,13,12,0,0,0,2,0,0,0,2,0,2,978,12,72,-148,90,300,494,151,Austin,2020-06-06
2021,6,6,104,168,53,30,4,21,24,8,14,25,46,71,59,80,32,7,3,9,13,6,11,12,30,42,40,66,18,19,1,10,10,1,3,11,14,25,0,5,0,1,0,1,0,0,0,1,0,1,5,17,3,3,0,1,1,1,0,1,2,3,1020,11,85,-154,84,269,527,175,Austin,2021-06-06
2022,6,6,106,188,61,12,3,23,13,11,25,26,49,75,74,125,52,4,0,13,9,7,16,13,32,45,25,42,8,7,3,7,3,3,6,10,12,22,0,2,0,0,0,0,0,0,2,0,2,2,7,19,1,1,0,3,1,1,1,3,3,6,1126,11,92,-153,85,304,579,184,Austin,2022-06-06
2023,6,6,99,183,49,12,1,15,13,7,47,16,67,83,69,118,34,4,0,10,8,4,38,10,50,60,15,45,11,6,0,1,5,2,6,1,13,14,2,1,0,0,0,1,0,0,1,1,1,2,13,19,4,2,1,3,0,1,2,4,3,7,1014,12,98,-152,86,287,532,140,Austin,2023-06-06
2024,6,6,92,158,68,12,3,20,8,9,36,23,53,76,60,96,59,4,1,10,4,4,28,11,36,47,23,46,3,6,2,6,3,3,6,8,12,20,0,1,0,0,0,0,0,0,0,0,0,0,9,15,6,2,0,4,1,2,2,4,5,9,1084,6,105,-150,88,293,613,100,Austin,2024-06-06
2012,7,6,,,,,,,,,,,,,,,,,,,,,,,,,,,,,,,,,,,,,,,,,,,,,,,,,,,,,,,,,,,,,,,,,,,,,Austin,2012-07-06
2013,7,6,,,,,,,,,,,,,,,,,,,,,,,,,,,,,,,,,,,,,,,,,,,,,,,,,,,,,,,,,,,,,,,,,,,,,Austin,2013-07-06
2014,7,6,136,97,41,15,8,35,25,21,11,43,57,100,57,58,26,2,2,18,14,16,9,20,39,59,62,30,10,10,6,11,9,3,2,17,14,31,4,0,0,0,0,0,0,0,0,0,0,0,13,9,5,3,0,6,2,2,0,6,4,10,1544,17,147,-119,119,425,717,126,Austin,2014-07-06
2015,7,6,107,119,88,4,4,15,21,19,16,19,56,75,72,76,75,2,3,9,16,15,9,12,40,52,24,29,5,2,0,5,2,3,5,5,10,15,1,3,1,0,0,0,1,0,1,0,2,2,10,11,7,0,1,1,2,1,1,2,4,6,1598,17,154,-118,120,365,831,125,Austin,2015-07-06
2016,7,6,96,122,66,7,2,17,28,15,18,19,61,80,75,74,54,2,1,11,17,7,12,12,36,48,15,35,3,3,1,6,8,4,4,7,16,23,0,2,3,0,0,0,0,1,0,0,1,1,6,11,6,2,0,0,3,3,2,0,8,8,1443,14,134,-123,115,377,757,112,Austin,2016-07-06
2017,7,6,95,121,90,10,2,23,22,19,10,25,51,76,58,74,78,3,0,14,15,16,6,14,37,51,30,30,7,3,2,5,6,2,3,7,11,18,1,2,1,0,0,0,0,0,0,0,0,0,6,15,4,4,0,4,1,1,1,4,3,7,1623,27,172,-122,116,399,863,113,Austin,2017-07-06
2018,7,6,101,124,63,10,3,22,21,23,21,25,65,90,75,74,52,3,2,13,16,18,18,15,52,67,19,39,8,5,1,8,4,2,2,9,8,17,1,1,1,0,0,0,0,0,0,0,0,0,6,10,2,2,0,1,1,3,1,1,5,6,1548,15,128,-121,117,375,869,131,Austin,2018-07-06
2019,7,6,131,131,53,6,3,25,19,14,22,28,55,83,84,75,39,0,1,13,11,9,19,14,39,53,36,45,10,6,1,9,7,1,1,10,9,19,0,0,0,0,0,0,1,0,1,0,2,2,11,11,4,0,1,3,0,4,1,4,5,9,1260,13,120,-120,118,330,704,132,Austin,2019-07-06
2020,7,6,111,155,38,11,4,16,26,19,36,20,81,101,78,97,31,6,0,8,19,10,33,8,62,70,20,38,6,5,4,5,6,7,2,9,15,24,1,2,0,0,0,0,0,0,0,0,0,0,12,18,1,0,0,3,1,2,1,3,4,7,1057,18,94,-118,120,326,535,145,Austin,2020-07-06
2021,7,6,91,191,69,14,3,19,7,17,29,22,53,75,62,116,54,6,3,12,4,12,20,15,36,51,20,60,8,6,0,4,3,3,5,4,11,15,2,2,0,0,0,0,0,0,1,0,1,1,7,13,7,2,0,3,0,2,3,3,5,8,1082,17,91,-124,114,346,538,139,Austin,2021-07-06
2022,7,6,76,147,53,18,3,18,11,8,35,21,54,75,59,90,45,7,2,11,5,7,29,13,41,54,8,43,3,7,1,5,5,1,3,6,9,15,2,0,0,0,0,0,0,0,0,0,0,0,7,14,5,4,0,2,1,0,3,2,4,6,961,9,74,-123,115,266,531,111,Austin,2022-07-06
2023,7,6,83,174,61,14,2,26,12,5,23,28,40,68,63,115,52,7,1,14,7,1,18,15,26,41,13,43,7,6,1,9,4,1,4,10,9,19,0,3,2,0,0,0,0,0,0,0,0,0,7,13,0,1,0,3,1,3,1,3,5,8,998,12,87,-122,116,326,497,118,Austin,2023-07-06
2024,7,6,105,135,72,17,1,20,7,8,22,21,37,58,60,72,51,8,0,8,2,6,17,8,25,33,38,51,12,9,0,10,4,2,3,10,9,19,0,2,0,0,1,0,0,0,0,1,0,1,7,10,9,0,0,2,1,0,2,2,3,5,1015,9,93,-120,118,262,576,125,Austin,2024-07-06
2012,8,6,,,,,,,,,,,,,,,,,,,,,,,,,,,,,,,,,,,,,,,,,,,,,,,,,,,,,,,,,,,,,,,,,,,,,Austin,2012-08-06
2013,8,6,,,,,,,,,,,,,,,,,,,,,,,,,,,,,,,,,,,,,,,,,,,,,,,,,,,,,,,,,,,,,,,,,,,,,Austin,2013-08-06
2014,8,6,97,119,78,8,2,18,27,23,16,20,66,86,60,60,68,1,2,7,15,12,12,9,39,48,24,51,4,4,0,9,6,6,4,9,16,25,1,1,1,0,0,0,0,0,0,0,0,0,12,7,5,3,0,2,6,5,0,2,11,13,1685,20,137,-88,150,426,796,114,Austin,2014-08-06
2015,8,6,87,123,111,5,2,17,19,25,6,19,50,69,55,78,88,3,0,10,13,18,4,10,35,45,22,32,14,2,1,5,5,5,2,6,12,18,0,1,2,0,0,0,0,0,0,0,0,0,10,12,7,0,1,2,1,2,0,3,3,6,1714,19,139,-87,151,396,847,157,Austin,2015-08-06
2016,8,6,128,134,54,13,10,21,19,13,15,31,47,78,68,77,45,2,2,10,15,12,12,12,39,51,54,41,5,11,7,9,4,1,2,16,7,23,0,3,1,0,0,1,0,0,0,1,0,1,6,13,3,0,1,1,0,0,1,2,1,3,1479,18,119,-92,146,339,827,132,Austin,2016-08-06
2017,8,6,116,141,77,9,4,23,17,14,10,27,41,68,53,78,53,3,0,10,10,9,8,10,27,37,50,54,17,6,4,13,7,3,2,17,12,29,1,1,0,0,0,0,0,0,0,0,0,0,12,8,7,0,0,0,0,2,0,0,2,2,1316,9,104,-91,147,351,718,151,Austin,2017-08-06
2018,8,6,117,147,83,6,7,20,29,12,28,27,69,96,83,91,63,2,6,9,20,11,25,15,56,71,23,39,14,3,1,9,5,1,1,10,7,17,1,0,2,0,0,0,0,0,0,0,0,0,10,17,4,1,0,2,4,0,2,2,6,8,1454,17,109,-90,148,377,799,125,Austin,2018-08-06
2019,8,6,123,191,103,7,6,24,22,11,15,30,48,78,75,117,82,3,4,14,14,9,9,18,32,50,40,59,14,4,2,8,5,2,4,10,11,21,0,1,1,0,0,0,2,0,1,0,3,3,8,14,6,0,0,2,1,0,1,2,2,4,1544,15,132,-89,149,410,797,154,Austin,2019-08-06
2020,8,6,86,153,41,8,5,13,6,10,30,18,46,64,59,80,33,3,4,6,3,7,22,10,32,42,20,60,6,4,1,7,2,3,6,8,11,19,0,1,1,0,0,0,1,0,0,0,1,1,7,12,1,1,0,0,0,0,2,0,2,2,1051,13,96,-87,151,324,525,120,Austin,2020-08-06
2021,8,6,104,188,67,17,3,24,8,6,22,27,36,63,61,128,47,4,2,17,4,3,16,19,23,42,35,47,8,11,1,4,4,2,3,5,9,14,1,3,2,1,0,1,0,0,0,1,0,1,7,10,10,1,0,2,0,1,3,2,4,6,1178,19,84,-93,145,307,620,169,Austin,2021-08-06
2022,8,6,87,177,58,18,2,19,10,15,24,21,49,70,46,108,37,5,2,9,5,10,16,11,31,42,37,50,15,10,0,6,3,2,6,6,11,17,0,2,0,1,0,0,1,1,0,0,2,2,4,17,6,2,0,4,1,2,2,4,5,9,1041,13,82,-92,146,269,569,161,Austin,2022-08-06
2023,8,6,82,157,59,22,4,20,10,12,27,24,49,73,51,97,41,10,0,12,3,11,21,12,35,47,26,51,14,10,2,4,5,1,5,6,11,17,0,1,0,0,1,0,0,0,0,1,0,1,5,8,4,2,1,4,2,0,1,5,3,8,1041,3,80,-91,147,297,557,124,Austin,2023-08-06
2024,8,6,90,189,61,13,2,14,11,7,27,16,45,61,58,121,52,6,2,6,5,5,17,8,27,35,28,52,6,6,0,7,6,2,9,7,17,24,0,6,1,0,0,0,0,0,1,0,1,1,4,10,2,1,0,1,0,0,0,1,0,1,1145,12,73,-89,149,295,644,124,Austin,2024-08-06
2012,9,6,,,,,,,,,,,,,,,,,,,,,,,,,,,,,,,,,,,,,,,,,,,,,,,,,,,,,,,,,,,,,,,,,,,,,Austin,2012-09-06
2013,9,6,,,,,,,,,,,,,,,,,,,,,,,,,,,,,,,,,,,,,,,,,,,,,,,,,,,,,,,,,,,,,,,,,,,,,Austin,2013-09-06
2014,9,6,112,104,49,8,4,32,19,11,11,36,41,77,44,38,36,1,1,9,11,8,5,10,24,34,57,53,12,6,3,20,8,3,5,23,16,39,2,1,1,0,0,0,0,0,0,0,0,0,9,12,0,1,0,3,0,0,1,3,1,4,1488,15,99,-57,181,343,822,130,Austin,2014-09-06
2015,9,6,114,114,56,9,4,31,24,18,16,35,58,93,63,53,35,2,1,10,19,12,9,11,40,51,41,52,21,5,3,19,5,6,7,22,18,40,1,1,0,1,0,0,0,0,0,0,0,0,9,8,0,1,0,2,0,0,0,2,0,2,1430,9,87,-56,182,360,724,158,Austin,2015-09-06
2016,9,6,120,128,103,3,4,23,24,12,13,27,49,76,76,84,86,0,1,13,20,8,10,14,38,52,33,32,8,3,2,9,3,3,2,11,8,19,1,1,2,0,1,0,1,0,1,1,2,3,10,11,7,0,0,1,0,1,0,1,1,2,1548,23,110,-61,177,376,867,127,Austin,2016-09-06
2017,9,6,119,144,93,2,3,23,31,15,21,26,67,93,77,74,71,0,2,14,18,11,17,16,46,62,35,46,14,2,1,9,10,3,3,10,16,26,2,3,5,0,0,0,0,0,0,0,0,0,5,21,3,0,0,0,3,1,1,0,5,5,1555,36,105,-60,178,393,827,129,Austin,2017-09-06
2018,9,6,96,131,82,8,3,18,20,17,20,21,57,78,68,77,63,1,1,12,13,10,16,13,39,52,23,40,10,5,2,5,6,6,1,7,13,20,1,3,4,0,0,0,0,0,0,0,0,0,4,11,5,2,0,1,1,1,3,1,5,6,1494,19,105,-59,179,364,847,137,Austin,2018-09-06
2019,9,6,117,163,102,7,1,28,20,17,25,29,62,91,60,98,77,2,0,10,14,10,14,10,38,48,44,56,17,3,1,17,5,6,6,18,17,35,1,1,1,0,0,0,0,0,2,0,2,2,12,8,7,2,0,1,1,1,3,1,5,6,1616,19,114,-58,180,403,844,160,Austin,2019-09-06
2020,9,6,92,136,50,18,6,34,8,14,21,40,43,83,51,57,22,2,2,13,2,10,15,15,27,42,36,63,21,16,2,20,6,4,3,22,13,35,2,2,0,0,0,0,0,0,0,0,0,0,3,14,7,0,2,1,0,0,3,3,3,6,1019,13,78,-56,182,312,498,136,Austin,2020-09-06
2021,9,6,95,140,44,17,6,30,13,5,29,36,47,83,70,73,30,6,4,13,7,3,22,17,32,49,20,60,10,9,1,16,5,2,5,17,12,29,0,1,0,0,0,1,1,0,0,1,1,2,5,6,4,2,1,0,0,0,2,1,2,3,1024,10,70,-62,176,313,504,137,Austin,2021-09-06
2022,9,6,95,191,61,14,1,18,6,7,33,19,46,65,66,114,45,7,0,8,3,6,25,8,34,42,22,64,8,6,1,9,3,1,6,10,10,20,1,2,4,0,0,0,0,0,1,0,1,1,6,11,4,1,0,1,0,0,1,1,1,2,1074,21,64,-61,177,340,537,152,Austin,2022-09-06
2023,9,6,90,163,61,12,1,17,11,9,44,18,64,82,50,108,49,3,0,10,2,8,31,10,41,51,36,46,8,7,1,5,8,1,12,6,21,27,0,4,1,0,0,1,0,0,0,1,0,1,4,5,3,2,0,1,1,0,1,1,2,3,1023,22,47,-60,178,297,551,121,Austin,2023-09-06
2024,9,6,89,202,70,14,2,20,9,5,25,22,39,61,54,125,57,4,0,9,7,2,22,9,31,40,24,64,9,9,2,10,2,3,3,12,8,20,2,3,0,0,0,0,0,0,0,0,0,0,9,10,4,1,0,1,0,0,0,1,0,1,1147,17,82,-58,180,292,626,159,Austin,2024-09-06
2012,10,6,,,,,,,,,,,,,,,,,,,,,,,,,,,,,,,,,,,,,,,,,,,,,,,,,,,,,,,,,,,,,,,,,,,,,Austin,2012-10-06
2013,10,6,,,,,,,,,,,,,,,,,,,,,,,,,,,,,,,,,,,,,,,,,,,,,,,,,,,,,,,,,,,,,,,,,,,,,Austin,2013-10-06
2014,10,6,122,123,78,3,5,20,25,20,22,25,67,92,69,58,63,2,1,5,20,12,15,6,47,53,40,54,8,1,3,11,2,7,6,14,15,29,2,2,2,0,1,0,0,0,0,1,0,1,11,9,5,0,0,4,3,1,1,4,5,9,1676,30,83,-27,211,429,844,137,Austin,2014-10-06
2015,10,6,95,136,87,5,2,26,29,14,17,28,60,88,55,60,63,2,2,12,17,9,13,14,39,53,29,58,15,2,0,9,10,4,4,9,18,27,0,2,4,0,0,0,0,0,0,0,0,0,11,16,5,1,0,5,2,1,0,5,3,8,1572,23,141,-26,212,388,835,133,Austin,2015-10-06
2016,10,6,94,161,116,2,1,15,24,12,20,16,56,72,53,89,83,0,0,7,17,10,17,7,44,51,36,60,28,2,1,8,5,2,2,9,9,18,0,0,0,0,0,0,0,0,0,0,0,0,5,12,5,0,0,0,2,0,1,0,3,3,1672,27,107,-31,207,414,893,147,Austin,2016-10-06
2017,10,6,130,152,94,10,0,17,25,13,16,17,54,71,80,87,71,0,0,7,16,7,15,7,38,45,38,50,16,9,0,8,8,4,1,8,13,21,2,3,0,0,0,0,1,0,0,0,1,1,10,12,7,1,0,2,0,2,0,2,2,4,1612,18,116,-30,208,390,877,160,Austin,2017-10-06
2018,10,6,115,118,68,15,4,27,12,13,15,31,40,71,64,56,44,1,2,11,7,10,9,13,26,39,40,52,21,13,2,15,4,2,5,17,11,28,0,3,0,0,0,0,1,0,0,0,1,1,11,7,3,1,0,1,0,1,1,1,2,3,1295,15,87,-29,209,367,690,138,Austin,2018-10-06
2019,10,6,130,171,75,10,6,33,20,13,19,39,52,91,56,81,46,3,3,11,12,10,10,14,32,46,67,74,21,7,3,20,7,2,9,23,18,41,0,2,0,0,0,0,0,0,0,0,0,0,7,14,8,0,0,2,1,1,0,2,2,4,1355,15,105,-28,210,362,723,199,Austin,2019-10-06
2020,10,6,83,158,40,13,2,26,14,6,25,28,45,73,46,80,29,2,0,11,7,5,16,11,28,39,29,60,1,11,2,12,7,1,7,14,15,29,0,1,4,0,0,0,0,0,1,0,1,1,8,17,6,0,0,3,0,0,1,3,1,4,1067,21,90,-26,212,340,492,135,Austin,2020-10-06
2021,10,6,84,141,74,13,4,22,5,9,37,26,51,77,55,79,52,5,1,11,1,7,27,12,35,47,25,48,15,7,3,8,4,2,6,11,12,23,1,3,4,0,0,1,0,0,2,1,2,3,3,11,3,1,0,2,0,0,2,2,2,4,937,18,64,-32,206,309,477,105,Austin,2021-10-06
2022,10,6,96,170,59,7,2,23,9,6,24,25,39,64,48,92,48,2,2,10,5,3,13,12,21,33,36,68,7,4,0,12,4,2,6,12,12,24,2,3,1,0,0,0,0,0,2,0,2,2,10,7,3,1,0,1,0,1,3,1,4,5,1017,14,59,-31,207,316,519,131,Austin,2022-10-06
2023,10,6,86,168,69,13,2,21,12,14,21,23,47,70,48,97,46,5,0,10,2,9,11,10,22,32,27,55,14,7,2,11,10,5,8,13,23,36,1,2,5,0,0,0,0,0,1,0,1,1,10,14,4,1,0,0,0,0,1,0,1,1,1102,14,68,-30,208,305,610,109,Austin,2023-10-06
2024,10,6,89,141,56,34,6,25,12,12,22,31,46,77,40,57,30,8,2,10,6,3,13,12,22,34,38,77,20,25,4,13,5,7,9,17,21,38,2,1,1,0,0,0,1,0,0,0,1,1,9,6,5,1,0,2,0,2,0,2,2,4,1121,10,73,-28,210,291,660,122,Austin,2024-10-06
2012,11,6,,,,,,,,,,,,,,,,,,,,,,,,,,,,,,,,,,,,,,,,,,,,,,,,,,,,,,,,,,,,,,,,,,,,,Austin,2012-11-06
2013,11,6,,,,,,,,,,,,,,,,,,,,,,,,,,,,,,,,,,,,,,,,,,,,,,,,,,,,,,,,,,,,,,,,,,,,,Austin,2013-11-06
2014,11,6,82,107,101,1,4,19,18,17,26,23,61,84,38,49,64,1,0,11,11,9,20,11,40,51,39,49,19,0,3,7,6,6,5,10,17,27,0,1,2,0,0,0,0,0,1,0,1,1,5,8,16,0,1,1,1,2,0,2,3,5,1717,24,135,4,242,389,838,119,Austin,2014-11-06
2015,11,6,113,141,93,11,3,18,19,18,16,21,53,74,51,62,67,1,0,5,14,11,10,5,35,40,52,63,15,8,3,9,4,4,6,12,14,26,0,3,1,0,0,1,0,0,0,1,0,1,10,13,10,2,0,3,1,3,0,3,4,7,1708,14,117,5,243,386,908,150,Austin,2015-11-06
2016,11,6,95,105,75,12,5,26,31,17,9,31,57,88,36,34,41,1,1,9,12,12,7,10,31,41,48,65,24,6,3,15,17,4,2,18,23,41,0,0,0,1,0,0,0,1,0,0,1,1,11,6,10,4,1,2,2,0,0,3,2,5,1318,12,98,0,238,367,686,146,Austin,2016-11-06
2017,11,6,132,128,81,10,4,22,35,14,14,26,63,89,66,66,58,2,4,9,21,12,7,13,40,53,50,53,16,6,0,9,13,2,6,9,21,30,1,1,0,0,0,0,1,0,0,0,1,1,15,8,7,2,0,4,0,0,1,4,1,5,1552,21,105,1,239,373,841,145,Austin,2017-11-06
2018,11,6,111,123,84,11,4,17,20,19,14,21,53,74,55,71,59,3,2,5,12,10,9,7,31,38,47,41,13,6,2,12,7,6,4,14,17,31,0,0,1,0,0,0,0,0,0,0,0,0,9,11,11,2,0,0,1,3,1,0,5,5,1365,10,99,2,240,338,720,168,Austin,2018-11-06
2019,11,6,90,187,89,5,6,23,30,15,17,29,62,91,52,90,52,1,4,11,17,9,11,15,37,52,23,83,21,4,1,10,8,5,5,11,18,29,3,1,1,0,0,1,1,1,0,1,2,3,12,13,15,0,1,1,4,0,1,2,5,7,1481,24,107,3,241,401,774,160,Austin,2019-11-06
2020,11,6,105,152,52,27,4,14,5,14,23,18,42,60,57,94,35,3,2,7,2,6,17,9,25,34,43,52,15,23,2,4,3,6,6,6,15,21,0,1,0,0,0,0,0,1,0,0,1,1,5,5,2,1,0,3,0,1,0,3,1,4,1099,12,72,5,243,330,555,158,Austin,2020-11-06
2021,11,6,84,105,56,26,1,30,12,6,22,31,40,71,41,50,39,5,0,11,4,5,14,11,23,34,37,52,13,21,0,17,8,1,8,17,17,34,0,0,0,0,0,0,0,0,0,0,0,0,6,3,4,0,1,2,0,0,0,3,0,3,950,4,57,-1,237,257,493,176,Austin,2021-11-06
2022,11,6,110,155,48,27,2,20,14,7,21,22,42,64,42,70,23,8,0,12,8,5,11,12,24,36,57,70,23,16,2,7,6,1,8,9,15,24,1,0,0,0,0,0,0,0,0,0,0,0,10,15,2,3,0,1,0,1,2,1,3,4,1008,4,75,0,238,298,493,166,Austin,2022-11-06
2023,11,6,92,185,68,11,2,15,15,10,40,17,65,82,38,95,42,4,1,10,5,5,29,11,39,50,44,80,10,7,1,4,9,5,10,5,24,29,0,2,2,0,0,0,0,0,0,0,0,0,10,8,14,0,0,1,1,0,1,1,2,3,1061,12,78,1,239,301,581,104,Austin,2023-11-06
2024,11,6,86,139,65,15,1,12,9,10,16,13,35,48,41,71,42,2,0,3,5,8,10,3,23,26,37,63,15,12,1,9,2,1,3,10,6,16,0,0,0,0,0,0,0,0,1,0,1,1,8,5,8,1,0,0,2,1,2,0,5,5,979,5,67,3,241,291,509,116,Austin,2024-11-06
2012,12,6,,,,,,,,,,,,,,,,,,,,,,,,,,,,,,,,,,,,,,,,,,,,,,,,,,,,,,,,,,,,,,,,,,,,,Austin,2012-12-06
2013,12,6,,,,,,,,,,,,,,,,,,,,,,,,,,,,,,,,,,,,,,,,,,,,,,,,,,,,,,,,,,,,,,,,,,,,,Austin,2013-12-06
2014,12,6,119,113,81,18,3,23,22,14,26,26,62,88,36,40,45,3,0,5,11,9,11,5,31,36,76,63,29,12,3,16,11,5,15,19,31,50,1,6,0,0,0,0,0,0,0,0,0,0,6,4,7,3,0,2,0,0,0,2,0,2,1579,13,111,34,272,388,795,170,Austin,2014-12-06
2015,12,6,120,129,60,9,1,28,20,19,19,29,58,87,50,47,34,1,1,9,9,12,11,10,32,42,57,62,24,8,0,17,10,6,7,17,23,40,1,0,0,0,0,0,0,0,0,0,0,0,12,20,2,0,0,2,1,1,1,2,3,5,1402,10,102,35,273,336,761,165,Austin,2015-12-06
2016,12,6,105,120,107,10,3,17,36,13,16,20,65,85,41,48,69,3,1,8,23,8,7,9,38,47,55,59,24,7,2,8,9,3,6,10,18,28,1,1,1,0,0,0,0,0,0,0,0,0,8,12,13,0,0,1,4,2,3,1,9,10,1617,18,131,30,268,383,886,117,Austin,2016-12-06
2017,12,6,80,101,185,9,1,14,19,11,23,15,53,68,47,54,117,1,0,6,15,5,18,6,38,44,25,38,41,5,1,7,3,5,4,8,12,20,0,1,5,1,0,1,0,0,0,1,0,1,8,8,22,2,0,0,1,1,1,0,3,3,1287,20,96,31,269,337,734,113,Austin,2017-12-06
2018,12,6,92,112,170,13,2,17,18,16,8,19,42,61,39,46,99,5,0,7,15,12,5,7,32,39,39,56,38,5,2,10,3,3,2,12,8,20,1,3,6,0,0,0,0,0,0,0,0,0,13,7,27,3,0,0,0,1,1,0,2,2,1392,29,111,32,270,373,749,150,Austin,2018-12-06
2019,12,6,106,192,133,10,4,22,19,13,26,26,58,84,57,86,85,2,2,9,14,7,16,11,37,48,36,90,31,7,2,12,5,3,8,14,16,30,2,2,2,0,0,0,0,1,1,0,2,2,11,14,15,1,0,1,0,2,1,1,3,4,1514,26,110,33,271,428,756,201,Austin,2019-12-06
2020,12,6,92,129,44,19,5,27,7,8,21,32,36,68,43,60,26,7,1,11,5,5,11,12,21,33,39,57,16,11,4,13,2,2,5,17,9,26,0,3,0,0,0,0,0,0,0,0,0,0,10,9,2,1,0,3,0,1,5,3,6,9,903,9,65,35,273,277,438,133,Austin,2020-12-06
2021,12,6,68,130,56,6,3,27,17,10,36,30,63,93,26,59,31,3,2,13,8,4,20,15,32,47,38,57,17,3,1,13,9,5,9,14,23,37,2,4,2,0,0,1,0,0,2,1,2,3,2,10,6,0,0,0,0,1,5,0,6,6,937,19,64,29,267,295,472,120,Austin,2021-12-06
2022,12,6,73,197,53,20,2,18,13,7,25,20,45,65,38,94,30,8,2,7,6,4,15,9,25,34,27,88,14,12,0,10,7,3,8,10,18,28,1,1,1,0,0,0,0,0,0,0,0,0,7,14,8,0,0,1,0,0,2,1,2,3,948,7,73,30,268,293,464,148,Austin,2022-12-06
2023,12,6,73,179,73,13,3,20,10,9,27,23,46,69,40,96,51,5,0,9,5,4,16,9,25,34,28,69,12,6,2,8,5,4,8,10,17,27,1,4,2,0,0,0,0,0,1,0,1,1,4,10,8,2,1,3,0,1,2,4,3,7,1003,15,68,31,269,306,498,136,Austin,2023-12-06
2024,12,6,50,148,70,12,0,16,10,10,16,16,36,52,22,73,32,5,0,6,1,4,12,6,17,23,26,63,23,7,0,6,8,3,4,6,15,21,0,4,4,0,0,0,0,0,0,0,0,0,2,8,11,0,0,4,1,3,0,4,4,8,996,16,78,33,271,255,536,127,Austin,2024-12-06
2012,1,7,,,,,,,,,,,,,,,,,,,,,,,,,,,,,,,,,,,,,,,,,,,,,,,,,,,,,,,,,,,,,,,,,,,,,Austin,2012-01-07
2013,1,7,,,,,,,,,,,,,,,,,,,,,,,,,,,,,,,,,,,,,,,,,,,,,,,,,,,,,,,,,,,,,,,,,,,,,Austin,2013-01-07
2014,1,7,72,82,58,2,0,13,36,13,7,13,56,69,28,42,41,0,0,5,21,9,6,5,36,41,35,28,8,2,0,8,11,4,1,8,16,24,0,1,3,0,0,0,0,0,0,0,0,0,9,11,6,0,0,0,4,0,0,0,4,4,1519,19,133,-299,-61,362,773,107,Austin,2014-01-07
2015,1,7,76,112,55,4,3,18,17,22,14,21,53,74,40,54,34,0,2,9,12,12,8,11,32,43,27,47,13,4,1,6,3,7,5,7,15,22,1,1,4,0,0,1,1,0,0,1,1,2,8,10,4,0,0,2,1,3,1,2,5,7,1529,23,108,-298,-60,392,768,102,Austin,2015-01-07
2016,1,7,96,112,93,17,2,11,30,10,23,13,63,76,42,54,64,3,2,7,16,7,15,9,38,47,45,49,18,13,0,3,12,1,7,3,20,23,0,1,1,1,0,0,0,0,0,0,0,0,9,8,10,0,0,1,2,2,1,1,5,6,1630,22,111,-304,-66,396,810,145,Austin,2016-01-07
2017,1,7,80,99,77,9,3,18,17,9,9,21,35,56,31,35,49,2,0,9,8,2,7,9,17,26,46,50,22,7,2,8,8,5,2,10,15,25,0,3,0,0,0,0,0,0,0,0,0,0,3,11,6,0,1,1,1,2,0,2,3,5,1300,13,99,-302,-64,296,757,109,Austin,2017-01-07
2018,1,7,96,116,46,26,6,24,19,11,11,30,41,71,42,60,26,4,1,6,9,2,7,7,18,25,47,47,14,18,5,15,9,8,3,20,20,40,0,0,0,0,0,0,0,0,0,0,0,0,7,9,6,4,0,3,1,1,1,3,3,6,1189,12,88,-301,-63,313,630,124,Austin,2018-01-07
2019,1,7,95,158,84,9,3,14,28,16,23,17,67,84,51,83,52,1,0,7,14,7,13,7,34,41,33,63,13,7,3,4,11,5,8,7,24,31,1,3,6,0,0,0,0,0,0,0,0,0,10,9,13,1,0,3,3,4,2,3,9,12,1335,25,103,-300,-62,326,761,147,Austin,2019-01-07
2020,1,7,82,152,87,11,4,14,21,17,18,18,56,74,46,60,57,3,1,5,17,10,16,6,43,49,29,71,23,8,3,6,2,6,1,9,9,18,1,2,1,0,0,1,0,0,1,1,1,2,6,19,6,0,0,2,2,1,0,2,3,5,1252,17,86,-299,-61,353,663,134,Austin,2020-01-07
2021,1,7,81,133,46,10,0,21,10,7,25,21,42,63,43,61,26,2,0,8,4,7,15,8,26,34,30,59,14,8,0,9,5,0,5,9,10,19,0,1,1,0,0,0,0,0,1,0,1,1,8,12,5,0,0,4,1,0,4,4,5,9,984,20,78,-304,-66,318,447,118,Austin,2021-01-07
2022,1,7,78,124,53,13,3,10,11,8,38,13,57,70,40,56,27,4,1,2,8,4,22,3,34,37,30,60,20,6,2,6,3,2,12,8,17,25,1,2,0,0,0,0,0,0,1,0,1,1,7,6,6,3,0,2,0,2,3,2,5,7,873,14,67,-303,-65,261,465,97,Austin,2022-01-07
2023,1,7,95,182,53,23,5,15,10,17,18,20,45,65,45,80,19,5,3,4,2,7,10,7,19,26,41,82,27,16,2,10,8,7,6,12,21,33,0,4,2,0,0,1,0,1,0,1,1,2,9,16,5,2,0,0,0,2,2,0,4,4,1023,13,82,-302,-64,310,494,137,Austin,2023-01-07
2024,1,7,74,150,35,23,3,19,9,11,28,22,48,70,36,60,23,3,1,3,2,5,18,4,25,29,33,80,10,19,2,13,7,4,8,15,19,34,1,3,0,0,0,0,0,0,1,0,1,1,4,7,2,1,0,3,0,2,1,3,3,6,945,17,63,-301,-63,264,502,102,Austin,2024-01-07
2012,2,7,,,,,,,,,,,,,,,,,,,,,,,,,,,,,,,,,,,,,,,,,,,,,,,,,,,,,,,,,,,,,,,,,,,,,Austin,2012-02-07
2013,2,7,,,,,,,,,,,,,,,,,,,,,,,,,,,,,,,,,,,,,,,,,,,,,,,,,,,,,,,,,,,,,,,,,,,,,Austin,2013-02-07
2014,2,7,104,122,54,2,2,14,15,18,11,16,44,60,49,51,28,0,1,4,7,11,7,5,25,30,44,62,22,1,1,9,8,4,2,10,14,24,0,2,0,0,0,0,0,0,0,0,0,0,11,7,4,1,0,1,0,3,2,1,5,6,1471,18,72,-268,-30,368,774,99,Austin,2014-02-07
2015,2,7,116,112,84,9,6,29,23,15,11,35,49,84,48,46,56,2,4,13,14,6,7,17,27,44,64,56,23,6,2,15,9,8,3,17,20,37,0,0,0,0,0,0,0,0,0,0,0,0,4,10,5,1,0,1,0,1,1,1,2,3,1538,14,112,-267,-29,393,749,150,Austin,2015-02-07
2016,2,7,108,119,62,20,5,30,33,16,19,35,68,103,46,45,39,5,0,10,22,10,11,10,43,53,55,63,22,14,5,20,10,4,6,25,20,45,0,2,1,0,0,0,0,0,0,0,0,0,7,9,0,1,0,0,1,2,2,0,5,5,1344,10,98,-273,-35,400,648,132,Austin,2016-02-07
2017,2,7,112,139,103,3,6,19,18,18,19,25,55,80,53,64,77,0,1,8,10,10,9,9,29,38,43,60,16,2,5,8,5,8,7,13,20,33,1,3,3,0,0,0,0,0,0,0,0,0,15,12,7,1,0,3,3,0,3,3,6,9,1676,21,121,-271,-33,408,870,147,Austin,2017-02-07
2018,2,7,71,106,57,6,4,20,15,17,5,24,37,61,37,48,45,1,4,7,13,9,4,11,26,37,26,48,11,5,0,11,2,6,0,11,8,19,1,3,0,0,0,0,0,0,0,0,0,0,7,7,1,0,0,2,0,2,1,2,3,5,1299,16,82,-270,-32,302,697,102,Austin,2018-02-07
2019,2,7,90,143,75,6,3,18,25,18,14,21,57,78,48,64,59,2,0,8,18,12,9,8,39,47,38,66,9,4,3,7,6,6,4,10,16,26,0,0,4,0,0,0,1,0,0,0,1,1,4,13,3,0,0,3,0,0,1,3,1,4,1552,21,102,-269,-31,372,841,140,Austin,2019-02-07
2020,2,7,121,148,100,12,3,20,32,19,22,23,73,96,57,67,72,1,2,10,18,12,17,12,47,59,51,66,20,9,1,8,13,6,5,9,24,33,1,1,2,0,0,1,0,0,0,1,0,1,12,14,6,2,0,1,1,1,0,1,2,3,1588,24,103,-268,-30,422,855,176,Austin,2020-02-07
2021,2,7,89,135,37,22,3,28,4,8,12,31,24,55,39,67,25,4,2,13,1,4,3,15,8,23,46,60,11,16,1,13,2,4,8,14,14,28,1,1,0,0,0,0,1,0,0,0,1,1,3,7,1,2,0,2,0,0,1,2,1,3,867,10,44,-273,-35,270,413,137,Austin,2021-02-07
2022,2,7,73,153,55,19,2,13,11,10,37,15,58,73,38,77,35,3,2,3,2,7,24,5,33,38,23,67,18,16,0,9,7,3,8,9,18,27,3,3,0,0,0,0,1,0,1,0,2,2,9,6,2,0,0,1,1,0,4,1,5,6,936,14,61,-272,-34,279,497,129,Austin,2022-02-07
2023,2,7,80,178,71,27,3,18,9,6,30,21,45,66,36,103,40,5,0,7,1,3,22,7,26,33,35,63,22,20,2,10,8,2,5,12,15,27,2,0,2,0,0,0,0,0,1,0,1,1,7,12,7,2,1,1,0,1,2,2,3,5,972,11,74,-271,-33,291,495,124,Austin,2023-02-07
2024,2,7,74,168,45,7,4,23,15,8,24,27,47,74,46,101,34,3,2,12,7,4,16,14,27,41,25,59,5,4,2,10,7,4,7,12,18,30,0,0,2,0,0,0,0,0,0,0,0,0,3,8,4,0,0,1,1,0,1,1,2,3,964,10,83,-270,-32,264,518,106,Austin,2024-02-07
2012,3,7,,,,,,,,,,,,,,,,,,,,,,,,,,,,,,,,,,,,,,,,,,,,,,,,,,,,,,,,,,,,,,,,,,,,,Austin,2012-03-07
2013,3,7,,,,,,,,,,,,,,,,,,,,,,,,,,,,,,,,,,,,,,,,,,,,,,,,,,,,,,,,,,,,,,,,,,,,,Austin,2013-03-07
2014,3,7,119,124,99,4,4,29,35,14,11,33,60,93,67,64,85,1,1,8,20,8,6,9,34,43,45,48,9,3,3,20,13,5,4,23,22,45,0,0,0,0,0,0,0,0,0,0,0,0,7,12,5,0,0,1,2,1,1,1,4,5,1821,14,104,-240,-2,415,925,146,Austin,2014-03-07
2015,3,7,117,105,57,4,3,26,21,29,9,29,59,88,51,43,34,0,0,9,8,15,6,9,29,38,58,52,16,3,2,16,11,11,2,18,24,42,1,0,0,0,1,0,0,1,0,1,1,2,7,10,7,1,0,1,2,2,1,1,5,6,1656,12,95,-239,-1,436,868,155,Austin,2015-03-07
2016,3,7,110,130,97,9,2,26,17,11,13,28,41,69,67,67,69,3,2,11,7,9,10,13,26,39,37,52,16,5,0,15,9,1,1,15,11,26,0,2,6,0,0,0,0,0,1,0,1,1,6,9,6,1,0,0,1,1,1,0,3,3,1659,21,123,-244,-6,390,891,175,Austin,2016-03-07
2017,3,7,116,124,59,6,1,29,26,9,20,30,55,85,67,71,51,1,1,18,16,5,11,19,32,51,39,42,4,3,0,9,7,3,7,9,17,26,1,1,0,0,0,1,0,0,1,1,1,2,9,10,4,2,0,1,3,1,1,1,5,6,1695,19,116,-243,-5,399,873,127,Austin,2017-03-07
2018,3,7,94,121,85,9,1,14,13,14,13,15,40,55,51,64,70,5,1,4,11,7,8,5,26,31,34,48,13,4,0,8,2,4,4,8,10,18,1,2,1,0,0,0,0,0,0,0,0,0,8,7,1,0,0,2,0,3,1,2,4,6,1392,14,96,-242,-4,330,739,138,Austin,2018-03-07
2019,3,7,88,155,76,3,1,20,16,16,12,21,44,65,44,89,56,1,0,9,6,11,7,9,24,33,35,55,12,2,1,10,6,2,5,11,13,24,2,1,1,0,0,0,0,0,0,0,0,0,7,10,7,0,0,1,4,3,0,1,7,8,1369,17,105,-241,-3,338,769,132,Austin,2019-03-07
2020,3,7,126,150,62,14,4,20,19,13,18,24,50,74,67,74,36,2,2,11,7,7,14,13,28,41,46,65,18,12,2,6,11,4,3,8,18,26,3,1,0,0,0,0,0,0,0,0,0,0,10,10,8,0,0,3,1,2,1,3,4,7,1289,15,91,-239,-1,338,667,175,Austin,2020-03-07
2021,3,7,94,151,33,16,1,19,14,10,27,20,51,71,42,69,16,0,1,7,10,6,17,8,33,41,46,70,16,15,0,11,4,4,6,11,14,25,1,2,0,0,0,0,0,0,0,0,0,0,5,10,1,1,0,1,0,0,4,1,4,5,974,9,76,-245,-7,295,487,137,Austin,2021-03-07
2022,3,7,68,171,50,13,3,19,15,8,34,22,57,79,40,86,26,2,3,12,7,7,28,15,42,57,21,70,19,9,0,5,8,0,6,5,14,19,0,2,1,0,0,1,0,0,0,1,0,1,7,13,4,2,0,1,0,1,0,1,1,2,1023,11,66,-244,-6,313,517,125,Austin,2022-03-07
2023,3,7,84,169,68,22,3,11,7,2,26,14,35,49,49,111,45,2,1,4,4,1,19,5,24,29,32,45,10,18,1,6,2,1,6,7,9,16,0,1,3,0,0,0,0,0,1,0,1,1,3,12,10,2,1,1,1,0,0,2,1,3,949,10,81,-243,-5,280,494,124,Austin,2023-03-07
2024,3,7,95,172,55,14,2,18,10,12,32,20,54,74,67,106,38,6,1,6,4,7,21,7,32,39,24,57,6,8,0,10,6,4,10,10,20,30,0,3,0,0,0,0,0,1,0,0,1,1,4,6,11,0,1,2,0,0,1,3,1,4,1037,7,68,-241,-3,281,561,127,Austin,2024-03-07
2012,4,7,,,,,,,,,,,,,,,,,,,,,,,,,,,,,,,,,,,,,,,,,,,,,,,,,,,,,,,,,,,,,,,,,,,,,Austin,2012-04-07
2013,4,7,,,,,,,,,,,,,,,,,,,,,,,,,,,,,,,,,,,,,,,,,,,,,,,,,,,,,,,,,,,,,,,,,,,,,Austin,2013-04-07
2014,4,7,86,96,80,2,7,19,26,16,10,26,52,78,52,61,67,1,4,14,22,10,7,18,39,57,28,31,8,0,3,5,4,5,2,8,11,19,0,0,0,0,0,0,0,0,0,0,0,0,6,4,5,1,0,0,0,1,1,0,2,2,1589,20,111,-209,29,373,822,125,Austin,2014-04-07
2015,4,7,106,141,71,7,0,23,30,14,19,23,63,86,64,84,60,1,0,8,22,12,14,8,48,56,34,44,7,6,0,11,7,1,3,11,11,22,0,1,1,0,0,0,0,1,1,0,2,2,8,12,3,0,0,4,1,0,1,4,2,6,1705,23,127,-208,30,387,866,138,Austin,2015-04-07
2016,4,7,114,138,105,6,2,22,28,22,21,24,71,95,71,80,85,1,1,13,20,17,17,14,54,68,31,43,9,4,0,5,4,4,2,5,10,15,2,4,2,0,0,1,0,0,0,1,0,1,10,11,9,1,1,3,4,1,2,4,7,11,1628,20,126,-213,25,400,908,123,Austin,2016-04-07
2017,4,7,138,130,93,5,1,20,29,20,15,21,64,85,77,71,66,3,1,6,17,13,9,7,39,46,51,44,17,2,0,9,9,5,6,9,20,29,1,3,2,0,0,0,2,0,0,0,2,2,9,12,8,0,0,5,1,2,0,5,3,8,1799,20,140,-212,26,379,1023,144,Austin,2017-04-07
2018,4,7,93,120,64,9,4,25,16,10,17,29,43,72,57,66,43,3,2,13,14,8,11,15,33,48,32,46,17,6,1,10,2,0,6,11,8,19,1,0,0,0,0,1,0,0,0,1,0,1,3,8,4,0,1,1,0,2,0,2,2,4,1346,13,86,-211,27,335,790,104,Austin,2018-04-07
2019,4,7,98,130,64,9,2,20,15,17,14,22,46,68,49,70,38,4,2,7,7,8,8,9,23,32,41,47,22,4,0,11,8,4,4,11,16,27,1,1,1,0,0,0,0,1,0,0,1,1,7,12,3,1,0,2,0,4,2,2,6,8,1270,11,85,-210,28,336,734,141,Austin,2019-04-07
2020,4,7,91,187,21,12,2,26,17,10,21,28,48,76,58,118,18,2,1,16,12,5,14,17,31,48,31,49,2,8,0,9,4,5,5,9,14,23,0,1,1,0,0,0,0,0,0,0,0,0,2,19,0,2,1,1,1,0,2,2,3,5,1028,16,73,-208,30,331,549,107,Austin,2020-04-07
2021,4,7,95,188,47,21,3,25,8,11,20,28,39,67,54,113,34,6,1,21,6,11,12,22,29,51,28,56,5,13,2,3,2,0,8,5,10,15,5,3,0,0,0,0,0,0,0,0,0,0,8,16,8,2,0,1,0,0,0,1,0,1,1064,23,73,-214,24,292,537,179,Austin,2021-04-07
2022,4,7,66,165,60,20,3,21,6,10,27,24,43,67,38,96,46,7,1,8,2,8,19,9,29,38,19,57,10,11,2,12,4,1,5,14,10,24,2,3,1,0,0,0,0,0,0,0,0,0,7,9,3,2,0,1,0,1,3,1,4,5,992,14,70,-213,25,301,513,127,Austin,2022-04-07
2023,4,7,70,172,70,12,0,22,14,5,39,22,58,80,44,113,48,4,0,12,5,4,28,12,37,49,21,46,17,6,0,10,9,1,7,10,17,27,0,4,1,0,0,0,0,0,0,0,0,0,5,9,4,2,0,0,0,0,4,0,4,4,971,14,59,-212,26,291,526,107,Austin,2023-04-07
2024,4,7,109,164,55,27,0,25,8,5,27,25,40,65,60,94,27,4,0,12,3,5,22,12,30,42,38,58,20,23,0,11,5,0,4,11,9,20,4,1,2,0,0,1,0,0,0,1,0,1,7,11,6,0,0,1,0,0,1,1,1,2,1026,13,61,-210,28,277,540,153,Austin,2024-04-07
2012,5,7,,,,,,,,,,,,,,,,,,,,,,,,,,,,,,,,,,,,,,,,,,,,,,,,,,,,,,,,,,,,,,,,,,,,,Austin,2012-05-07
2013,5,7,,,,,,,,,,,,,,,,,,,,,,,,,,,,,,,,,,,,,,,,,,,,,,,,,,,,,,,,,,,,,,,,,,,,,Austin,2013-05-07
2014,5,7,125,136,75,2,2,23,26,21,17,25,64,89,83,81,68,1,1,11,16,12,14,12,42,54,31,37,7,0,1,8,10,6,3,9,19,28,0,0,0,0,0,0,0,1,0,0,1,1,11,18,0,1,0,4,0,2,0,4,2,6,1685,17,118,-179,59,414,838,125,Austin,2014-05-07
2015,5,7,93,119,77,5,1,25,16,16,8,26,40,66,54,77,61,1,0,15,14,13,6,15,33,48,24,33,9,3,0,10,2,1,2,10,5,15,1,1,0,0,0,0,0,0,0,0,0,0,14,8,7,1,1,0,0,2,0,1,2,3,1622,15,137,-178,60,392,792,117,Austin,2015-05-07
2016,5,7,135,115,87,9,5,27,16,23,13,32,52,84,73,79,61,1,2,11,11,15,8,13,34,47,47,29,19,8,2,15,5,5,5,17,15,32,1,0,2,0,0,0,0,0,0,0,0,0,14,7,5,0,1,1,0,3,0,2,3,5,1551,17,133,-183,55,377,819,171,Austin,2016-05-07
2017,5,7,125,132,69,16,5,25,16,15,16,30,47,77,69,62,41,4,2,4,8,11,12,6,31,37,48,54,25,11,3,17,8,3,4,20,15,35,0,2,0,0,0,0,0,0,0,0,0,0,8,14,3,1,0,4,0,1,0,4,1,5,1408,10,114,-182,56,363,775,146,Austin,2017-05-07
2018,5,7,109,139,85,6,5,23,23,14,8,28,45,73,80,81,75,2,3,15,18,11,6,18,35,53,23,49,6,1,1,6,2,2,1,7,5,12,0,0,0,0,0,0,0,0,1,0,1,1,6,9,4,3,1,2,3,1,0,3,4,7,1473,19,105,-181,57,377,784,138,Austin,2018-05-07
2019,5,7,111,171,107,6,0,25,27,11,32,25,70,95,83,116,88,4,0,13,17,10,20,13,47,60,26,44,7,2,0,10,7,1,11,10,19,29,0,0,0,0,0,0,1,0,0,0,1,1,2,11,12,0,0,2,2,0,1,2,3,5,1627,15,120,-180,58,414,916,155,Austin,2019-05-07
2020,5,7,102,140,32,11,3,33,15,17,39,36,71,107,68,78,27,2,2,21,10,15,25,23,50,73,24,47,2,9,1,10,4,1,9,11,14,25,1,0,1,0,0,0,1,0,1,0,2,2,9,15,2,0,0,2,0,1,4,2,5,7,1097,12,94,-178,60,359,554,109,Austin,2020-05-07
2021,5,7,128,211,67,18,4,25,4,7,41,29,52,81,74,140,55,6,4,19,2,4,30,23,36,59,40,54,10,11,0,5,2,3,8,5,13,18,4,3,0,0,0,0,0,0,2,0,2,2,10,14,2,1,0,1,0,0,1,1,1,2,1181,17,75,-184,54,337,592,194,Austin,2021-05-07
2022,5,7,123,166,64,15,7,27,2,9,18,34,29,63,89,107,42,7,6,13,1,6,14,19,21,40,24,44,17,5,1,12,1,2,3,13,6,19,1,0,0,0,0,0,0,0,0,0,0,0,9,15,5,3,0,2,0,1,1,2,2,4,1171,6,92,-183,55,279,680,171,Austin,2022-05-07
2023,5,7,101,166,46,25,4,19,10,11,24,23,45,68,61,102,26,6,3,9,4,5,18,12,27,39,33,48,18,15,0,8,5,6,5,8,16,24,0,1,0,1,0,1,0,0,0,1,0,1,7,15,2,3,1,1,1,0,1,2,2,4,1020,8,83,-182,56,280,561,128,Austin,2023-05-07
2024,5,7,94,195,55,13,4,14,11,9,30,18,50,68,52,125,47,5,3,9,7,7,26,12,40,52,34,48,2,6,0,4,4,1,1,4,6,10,1,2,1,0,0,0,0,0,0,0,0,0,7,20,5,2,1,1,0,1,3,2,4,6,1055,12,99,-180,58,274,573,127,Austin,2024-05-07
2012,6,7,,,,,,,,,,,,,,,,,,,,,,,,,,,,,,,,,,,,,,,,,,,,,,,,,,,,,,,,,,,,,,,,,,,,,Austin,2012-06-07
2013,6,7,,,,,,,,,,,,,,,,,,,,,,,,,,,,,,,,,,,,,,,,,,,,,,,,,,,,,,,,,,,,,,,,,,,,,Austin,2013-06-07
2014,6,7,130,114,76,5,3,48,26,12,15,51,53,104,66,63,57,3,0,21,13,8,10,21,31,52,49,45,13,0,3,19,11,3,4,22,18,40,0,1,0,0,0,0,0,0,0,0,0,0,15,5,6,2,0,8,2,1,1,8,4,12,1635,16,162,-148,90,415,829,160,Austin,2014-06-07
2015,6,7,119,133,63,7,5,28,21,20,11,33,52,85,68,70,45,2,2,15,14,14,6,17,34,51,41,46,14,4,2,12,5,3,4,14,12,26,0,2,1,0,1,0,0,0,0,1,0,1,10,15,3,1,0,1,2,3,1,1,6,7,1490,16,151,-147,91,380,779,165,Austin,2015-06-07
2016,6,7,124,137,93,7,5,21,17,8,18,26,43,69,87,82,81,3,3,15,13,6,13,18,32,50,29,37,9,4,2,4,3,1,3,6,7,13,1,2,0,0,0,0,0,0,0,0,0,0,7,16,3,0,0,2,1,1,2,2,4,6,1598,13,132,-152,86,418,856,137,Austin,2016-06-07
2017,6,7,114,140,80,10,5,36,27,14,21,41,62,103,64,79,70,4,3,21,16,9,18,24,43,67,37,43,6,4,2,10,9,5,3,12,17,29,1,2,0,0,0,1,0,0,0,1,0,1,12,16,4,2,0,4,2,0,0,4,2,6,1564,21,134,-151,87,419,848,132,Austin,2017-06-07
2018,6,7,107,134,74,9,4,18,31,19,26,22,76,98,77,76,65,3,2,11,24,17,20,13,61,74,20,39,6,5,1,4,7,2,4,5,13,18,3,0,0,0,0,0,0,0,0,0,0,0,7,19,3,1,1,3,0,0,2,4,2,6,1567,19,137,-150,88,370,863,151,Austin,2018-06-07
2019,6,7,141,153,95,8,2,32,30,18,25,34,73,107,85,100,84,3,1,19,21,14,19,20,54,74,38,43,8,4,0,6,8,4,5,6,17,23,1,0,1,0,0,1,0,0,0,1,0,1,17,10,2,1,1,6,1,0,1,7,2,9,1674,16,137,-149,89,442,877,160,Austin,2019-06-07
2020,6,7,96,101,35,24,2,30,13,11,14,32,38,70,48,64,25,5,1,13,8,6,12,14,26,40,30,26,8,15,1,15,5,2,1,16,8,24,1,0,0,0,0,0,0,0,0,0,0,0,17,11,2,4,0,2,0,3,1,2,4,6,899,9,80,-147,91,285,447,137,Austin,2020-06-07
2021,6,7,99,195,49,13,0,28,8,9,26,28,43,71,66,123,40,1,0,19,3,3,19,19,25,44,26,60,7,10,0,7,4,4,5,7,13,20,0,2,0,0,0,1,0,0,1,1,1,2,7,10,2,2,0,1,1,2,1,1,4,5,1101,21,90,-153,85,299,561,176,Austin,2021-06-07
2022,6,7,80,156,72,9,3,21,6,7,24,24,37,61,53,104,56,3,1,9,2,5,17,10,24,34,13,36,10,4,2,10,3,1,4,12,8,20,4,2,0,0,0,0,0,0,1,0,1,1,10,14,6,2,0,2,1,1,2,2,4,6,1009,10,99,-152,86,303,515,140,Austin,2022-06-07
2023,6,7,112,181,57,12,3,16,9,6,35,19,50,69,77,132,47,4,3,10,5,5,29,13,39,52,22,35,6,7,0,3,3,1,6,3,10,13,0,2,1,0,0,0,1,0,0,0,1,1,13,12,3,1,0,3,0,0,0,3,0,3,1045,12,78,-151,87,296,565,136,Austin,2023-06-07
2024,6,7,94,200,63,18,1,21,10,9,40,22,59,81,63,126,49,4,0,9,7,6,32,9,45,54,21,60,10,13,1,9,3,2,4,10,9,19,1,2,0,0,0,1,0,0,0,1,0,1,9,12,4,1,0,2,0,1,4,2,5,7,1252,13,108,-149,89,334,683,140,Austin,2024-06-07
2012,7,7,,,,,,,,,,,,,,,,,,,,,,,,,,,,,,,,,,,,,,,,,,,,,,,,,,,,,,,,,,,,,,,,,,,,,Austin,2012-07-07
2013,7,7,,,,,,,,,,,,,,,,,,,,,,,,,,,,,,,,,,,,,,,,,,,,,,,,,,,,,,,,,,,,,,,,,,,,,Austin,2013-07-07
2014,7,7,99,114,77,7,4,27,25,13,14,31,52,83,66,68,71,2,2,16,18,11,13,18,42,60,26,35,4,2,2,9,3,1,1,11,5,16,1,0,1,0,0,0,0,0,0,0,0,0,6,11,1,3,0,2,4,1,0,2,5,7,1609,11,146,-118,120,394,800,144,Austin,2014-07-07
2015,7,7,114,126,80,3,2,27,19,19,15,29,53,82,72,85,68,1,1,10,15,15,9,11,39,50,27,30,8,1,1,12,2,1,2,13,5,18,1,2,1,0,0,1,0,0,2,1,2,3,14,9,3,1,0,4,2,3,2,4,7,11,1643,26,130,-117,121,397,874,133,Austin,2015-07-07
2016,7,7,96,127,94,7,1,16,24,13,23,17,60,77,63,70,76,2,1,11,18,12,18,12,48,60,25,40,12,2,0,4,3,1,4,4,8,12,0,4,3,0,0,0,0,0,0,0,0,0,8,13,3,3,0,1,3,0,1,1,4,5,1584,26,139,-122,116,388,865,139,Austin,2016-07-07
2017,7,7,112,121,97,4,1,28,18,16,15,29,49,78,65,73,79,3,1,12,11,13,13,13,37,50,34,38,11,1,0,11,4,1,1,11,6,17,0,0,1,0,0,0,1,0,0,0,1,1,13,10,6,0,0,5,2,2,1,5,5,10,1695,11,155,-121,117,421,911,111,Austin,2017-07-07
2018,7,7,112,130,57,11,4,34,19,17,9,38,45,83,69,79,45,1,2,22,16,14,7,24,37,61,32,41,9,6,2,12,2,1,2,14,5,19,0,0,0,0,0,0,1,0,0,0,1,1,11,10,3,4,0,0,0,2,0,0,2,2,1413,13,141,-120,118,342,789,142,Austin,2018-07-07
2019,7,7,110,135,54,14,4,38,21,23,16,42,60,102,58,77,33,7,1,21,8,14,13,22,35,57,41,46,15,5,3,14,12,6,1,17,19,36,0,1,1,0,0,0,0,0,0,0,0,0,11,11,5,2,0,3,1,3,2,3,6,9,1235,11,108,-119,119,354,647,137,Austin,2019-07-07
2020,7,7,102,138,31,9,4,22,20,14,42,26,76,102,70,88,26,4,2,14,13,13,36,16,62,78,24,39,3,3,1,7,4,1,1,8,6,14,1,0,1,0,0,0,1,0,2,0,3,3,7,11,1,2,1,1,2,0,3,2,5,7,1027,11,76,-117,121,302,532,127,Austin,2020-07-07
2021,7,7,96,202,53,11,2,18,7,7,24,20,38,58,66,134,37,2,2,8,4,5,19,10,28,38,21,50,12,5,0,6,2,2,4,6,8,14,0,4,2,0,0,0,1,0,1,0,2,2,9,14,2,4,0,4,0,0,0,4,0,4,1071,18,82,-123,115,315,538,148,Austin,2021-07-07
2022,7,7,85,146,43,16,4,29,8,12,25,33,45,78,56,91,38,4,4,16,4,10,22,20,36,56,23,34,2,11,0,7,4,1,2,7,7,14,0,3,0,0,0,1,0,0,0,1,0,1,6,18,3,1,0,5,0,1,1,5,2,7,953,10,80,-122,116,259,526,110,Austin,2022-07-07
2023,7,7,86,188,66,19,1,12,9,12,31,13,52,65,58,119,53,3,1,9,5,10,21,10,36,46,22,54,8,13,0,2,4,0,9,2,13,15,0,1,1,0,0,0,0,0,0,0,0,0,6,14,4,3,0,1,0,2,1,1,3,4,1099,15,87,-121,117,315,577,130,Austin,2023-07-07
2024,7,7,83,157,47,16,4,26,7,10,20,30,37,67,41,91,29,3,1,15,5,7,16,16,28,44,32,49,12,12,2,10,2,2,3,12,7,19,1,3,1,0,0,0,0,0,0,0,0,0,9,14,5,1,1,1,0,1,1,2,2,4,1042,13,97,-119,119,291,548,147,Austin,2024-07-07
2012,8,7,,,,,,,,,,,,,,,,,,,,,,,,,,,,,,,,,,,,,,,,,,,,,,,,,,,,,,,,,,,,,,,,,,,,,Austin,2012-08-07
2013,8,7,,,,,,,,,,,,,,,,,,,,,,,,,,,,,,,,,,,,,,,,,,,,,,,,,,,,,,,,,,,,,,,,,,,,,Austin,2013-08-07
2014,8,7,118,111,71,4,3,18,32,16,21,21,69,90,73,64,59,1,1,8,20,12,18,9,50,59,37,38,7,2,1,10,10,4,2,11,16,27,0,1,2,0,0,0,0,0,0,0,0,0,8,8,3,1,1,0,2,0,1,1,3,4,1824,24,138,-87,151,414,929,119,Austin,2014-08-07
2015,8,7,114,139,109,2,6,21,26,28,11,27,65,92,76,85,84,0,4,9,12,20,8,13,40,53,28,39,19,1,1,10,11,2,3,11,16,27,2,0,1,0,0,0,0,0,0,0,0,0,8,15,5,1,1,2,3,6,0,3,9,12,1794,25,153,-86,152,409,960,135,Austin,2015-08-07
2016,8,7,122,104,50,9,6,26,15,21,15,32,51,83,64,43,34,1,5,14,13,13,10,19,36,55,43,49,12,8,1,10,2,7,5,11,14,25,2,0,0,0,0,0,0,0,0,0,0,0,13,12,4,0,0,2,0,1,0,2,1,3,1390,13,132,-91,147,398,726,125,Austin,2016-08-07
2017,8,7,86,124,102,7,2,12,23,17,17,14,57,71,55,73,85,4,2,8,18,10,15,10,43,53,27,44,12,3,0,3,5,7,2,3,14,17,1,2,2,0,0,0,0,0,0,0,0,0,3,5,3,0,0,1,0,0,0,1,0,1,1306,15,41,-90,148,350,715,115,Austin,2017-08-07
2018,8,7,97,144,108,1,3,25,12,24,23,28,59,87,63,98,98,1,2,12,10,20,19,14,49,63,27,34,7,0,1,12,2,3,2,13,7,20,1,2,0,0,0,0,0,0,1,0,1,1,6,10,3,0,0,1,0,1,1,1,2,3,1533,22,104,-89,149,424,798,133,Austin,2018-08-07
2019,8,7,112,171,77,7,0,19,16,15,21,19,52,71,61,103,63,0,0,10,11,7,14,10,32,42,35,56,9,6,0,7,5,5,3,7,13,20,0,0,1,0,0,0,0,0,0,0,0,0,16,12,4,1,0,2,0,3,4,2,7,9,1419,19,119,-88,150,329,758,152,Austin,2019-08-07
2020,8,7,94,153,57,13,4,20,15,13,23,24,51,75,56,103,38,1,1,9,10,9,18,10,37,47,26,40,14,11,3,6,5,4,5,9,14,23,1,1,1,0,0,0,0,0,0,0,0,0,11,9,4,1,0,5,0,0,0,5,0,5,1054,9,87,-86,152,360,516,116,Austin,2020-08-07
2021,8,7,94,135,56,23,4,29,7,12,26,33,45,78,65,78,37,2,1,15,4,9,22,16,35,51,26,47,15,14,2,11,3,2,4,13,9,22,0,0,2,0,0,1,0,1,0,1,1,2,3,10,2,7,1,2,0,0,0,3,0,3,1068,17,79,-92,146,337,522,162,Austin,2021-08-07
2022,8,7,97,157,47,26,2,34,12,11,14,36,37,73,54,93,25,6,2,13,5,10,12,15,27,42,36,50,19,17,0,15,7,1,2,15,10,25,0,1,0,0,0,0,0,0,0,0,0,0,7,13,3,3,0,6,0,0,0,6,0,6,1048,2,78,-91,147,300,569,135,Austin,2022-08-07
2023,8,7,76,175,52,21,4,21,8,7,49,25,64,89,55,106,44,6,1,14,3,5,40,15,48,63,15,54,6,15,3,6,5,2,4,9,11,20,0,3,1,0,0,0,0,0,0,0,0,0,6,12,1,0,0,1,0,0,5,1,5,6,995,6,76,-90,148,314,523,106,Austin,2023-08-07
2024,8,7,98,201,50,21,4,16,7,8,27,20,42,62,62,136,40,5,0,10,4,6,19,10,29,39,28,54,7,14,3,4,2,1,7,7,10,17,0,2,0,1,0,0,0,0,0,0,0,0,8,9,3,1,1,2,1,1,1,3,3,6,1100,9,78,-88,150,300,566,142,Austin,2024-08-07
2012,9,7,,,,,,,,,,,,,,,,,,,,,,,,,,,,,,,,,,,,,,,,,,,,,,,,,,,,,,,,,,,,,,,,,,,,,Austin,2012-09-07
2013,9,7,,,,,,,,,,,,,,,,,,,,,,,,,,,,,,,,,,,,,,,,,,,,,,,,,,,,,,,,,,,,,,,,,,,,,Austin,2013-09-07
2014,9,7,108,103,66,2,1,30,13,18,10,31,41,72,56,41,31,1,0,8,5,8,7,8,20,28,42,55,32,0,1,19,8,7,3,20,18,38,0,1,0,0,0,1,0,0,0,1,0,1,10,6,3,1,0,2,0,3,0,2,3,5,1340,11,85,-56,182,377,703,119,Austin,2014-09-07
2015,9,7,107,132,46,7,2,34,39,21,20,36,80,116,72,60,35,2,2,13,24,16,14,15,54,69,22,53,8,5,0,17,14,5,5,17,24,41,0,0,0,0,0,0,1,0,1,0,2,2,13,19,3,0,0,4,0,0,0,4,0,4,1518,21,104,-55,183,375,803,148,Austin,2015-09-07
2016,9,7,94,130,98,3,1,14,21,14,15,15,50,65,49,78,80,0,0,7,13,11,11,7,35,42,33,45,15,3,1,5,6,2,3,6,11,17,0,1,0,0,0,0,0,0,0,0,0,0,12,6,3,0,0,2,2,1,1,2,4,6,1568,18,86,-60,178,382,848,139,Austin,2016-09-07
2017,9,7,91,121,77,8,0,23,13,7,13,23,33,56,54,67,63,1,0,14,6,5,6,14,17,31,28,44,10,6,0,9,6,1,5,9,12,21,1,1,2,0,0,0,0,1,0,0,1,1,8,9,2,1,0,0,1,0,2,0,3,3,1571,25,114,-59,179,375,844,116,Austin,2017-09-07
2018,9,7,109,115,94,12,2,16,18,15,22,18,55,73,59,71,77,2,0,9,15,14,17,9,46,55,39,31,5,7,1,7,3,0,5,8,8,16,2,4,5,0,0,0,0,0,0,0,0,0,9,9,7,3,1,0,0,1,0,1,1,2,1616,25,94,-58,180,408,885,148,Austin,2018-09-07
2019,9,7,120,168,81,10,1,30,32,16,26,31,74,105,63,89,56,4,0,8,23,10,16,8,49,57,51,63,20,5,1,19,7,6,8,20,21,41,0,1,0,0,0,1,1,0,1,1,2,3,6,15,5,1,0,2,1,0,1,2,2,4,1411,16,97,-57,181,400,759,153,Austin,2019-09-07
2020,9,7,104,161,30,15,8,24,8,17,24,32,49,81,60,85,24,7,4,13,2,15,16,17,33,50,35,57,4,7,3,9,6,2,7,12,15,27,0,3,0,0,0,0,0,0,0,0,0,0,9,16,2,1,1,2,0,0,1,3,1,4,1067,12,73,-55,183,327,526,127,Austin,2020-09-07
2021,9,7,92,209,62,21,2,14,8,9,34,16,51,67,65,130,45,8,1,8,7,8,25,9,40,49,18,64,9,12,1,3,1,0,9,4,10,14,2,3,2,0,0,0,0,0,0,0,0,0,7,12,6,1,0,3,0,1,0,3,1,4,1035,13,69,-61,177,319,536,138,Austin,2021-09-07
2022,9,7,111,187,69,7,4,22,10,9,29,26,48,74,68,123,47,2,2,11,6,7,20,13,33,46,30,52,16,3,1,8,3,2,6,9,11,20,2,2,1,0,0,1,0,0,1,1,1,2,11,10,5,2,1,2,1,0,2,3,3,6,1091,20,90,-60,178,321,563,157,Austin,2022-09-07
2023,9,7,97,171,52,18,4,21,7,9,45,25,61,86,64,114,40,4,1,8,2,5,38,9,45,54,28,47,11,12,3,11,4,2,5,14,11,25,0,1,0,0,0,0,1,0,1,0,2,2,5,9,1,2,0,2,0,2,1,2,3,5,1003,10,55,-59,179,305,527,117,Austin,2023-09-07
2024,9,7,88,147,57,29,0,26,23,5,28,26,56,82,34,82,39,4,0,13,5,1,18,13,24,37,45,53,16,18,0,12,18,4,6,12,28,40,1,0,0,0,0,0,0,0,1,0,1,1,8,12,2,7,0,1,0,0,3,1,3,4,1120,4,85,-57,181,309,594,159,Austin,2024-09-07
2012,10,7,,,,,,,,,,,,,,,,,,,,,,,,,,,,,,,,,,,,,,,,,,,,,,,,,,,,,,,,,,,,,,,,,,,,,Austin,2012-10-07
2013,10,7,,,,,,,,,,,,,,,,,,,,,,,,,,,,,,,,,,,,,,,,,,,,,,,,,,,,,,,,,,,,,,,,,,,,,Austin,2013-10-07
2014,10,7,108,128,83,1,7,21,25,13,14,28,52,80,65,60,67,0,5,14,13,11,10,19,34,53,29,50,10,1,2,5,10,1,2,7,13,20,1,4,1,0,0,0,1,0,0,0,1,1,13,14,5,0,0,2,1,1,2,2,4,6,1704,25,133,-26,212,451,782,118,Austin,2014-10-07
2015,10,7,107,121,96,8,0,17,25,15,23,17,63,80,64,67,74,5,0,11,17,6,14,11,37,48,33,42,15,2,0,4,7,9,7,4,23,27,4,1,2,0,0,0,1,0,1,0,2,2,6,11,5,1,0,2,0,0,1,2,1,3,1436,36,88,-25,213,357,718,121,Austin,2015-10-07
2016,10,7,103,162,110,4,6,25,30,13,15,31,58,89,66,73,83,2,1,11,19,11,10,12,40,52,28,76,15,2,5,12,10,1,4,17,15,32,1,2,7,0,0,0,0,0,0,0,0,0,8,11,5,0,0,2,1,1,1,2,3,5,1650,26,108,-30,208,381,921,162,Austin,2016-10-07
2017,10,7,124,130,64,13,4,34,18,13,19,38,50,88,61,67,43,1,3,17,8,7,10,20,25,45,50,54,19,11,0,14,10,6,5,14,21,35,1,2,0,0,0,0,0,0,1,0,1,1,12,7,2,1,1,3,0,0,3,4,3,7,1376,15,83,-29,209,327,765,145,Austin,2017-10-07
2018,10,7,100,131,57,9,3,29,19,11,19,32,49,81,47,59,37,2,0,9,13,3,11,9,27,36,45,63,13,7,1,16,5,7,8,17,20,37,0,0,0,0,0,0,1,0,0,0,1,1,8,9,7,0,2,4,0,1,0,6,1,7,1283,10,88,-28,210,324,728,147,Austin,2018-10-07
2019,10,7,115,158,113,3,2,17,35,17,36,19,88,107,69,76,80,0,1,9,18,15,24,10,57,67,34,69,24,2,1,7,15,2,10,8,27,35,1,3,4,0,0,0,0,0,1,0,1,1,11,10,5,1,0,1,2,0,1,1,3,4,1468,23,87,-27,211,407,763,173,Austin,2019-10-07
2020,10,7,95,145,56,12,3,21,14,11,24,24,49,73,48,76,45,2,2,9,6,8,16,11,30,41,39,58,7,8,1,8,7,3,6,9,16,25,2,0,0,0,0,1,0,0,1,1,1,2,6,11,4,2,0,3,1,0,1,3,2,5,1007,11,60,-25,213,327,498,120,Austin,2020-10-07
2021,10,7,74,140,59,19,3,28,5,9,23,31,37,68,44,79,43,4,1,10,3,2,12,11,17,28,21,54,10,14,1,18,2,5,9,19,16,35,1,3,2,0,0,0,0,0,0,0,0,0,8,4,4,1,1,0,0,2,2,1,4,5,971,10,63,-31,207,285,470,146,Austin,2021-10-07
2022,10,7,101,182,84,17,1,23,11,13,24,24,48,72,52,112,60,3,1,13,3,10,17,14,30,44,35,58,18,14,0,7,6,2,5,7,13,20,1,3,0,0,0,0,0,0,0,0,0,0,13,9,6,0,0,3,2,1,2,3,5,8,1114,11,89,-30,208,304,584,164,Austin,2022-10-07
2023,10,7,77,149,60,25,4,25,11,11,31,29,53,82,46,78,35,7,2,13,6,6,22,15,34,49,26,65,22,15,1,10,4,3,6,11,13,24,0,1,0,1,0,0,1,0,1,0,2,2,5,5,3,2,1,2,0,2,2,3,4,7,1037,14,68,-29,209,287,566,125,Austin,2023-10-07
2024,10,7,89,166,85,12,5,20,9,8,42,25,59,84,35,95,60,3,3,14,4,6,29,17,39,56,35,58,18,9,2,3,5,2,11,5,18,23,1,2,0,0,0,0,0,0,0,0,0,0,18,11,7,0,0,3,0,0,2,3,2,5,1181,8,78,-27,211,319,633,139,Austin,2024-10-07
2012,11,7,,,,,,,,,,,,,,,,,,,,,,,,,,,,,,,,,,,,,,,,,,,,,,,,,,,,,,,,,,,,,,,,,,,,,Austin,2012-11-07
2013,11,7,,,,,,,,,,,,,,,,,,,,,,,,,,,,,,,,,,,,,,,,,,,,,,,,,,,,,,,,,,,,,,,,,,,,,Austin,2013-11-07
2014,11,7,126,117,104,9,5,16,18,20,23,21,61,82,53,48,69,4,3,7,14,13,13,10,40,50,64,62,23,5,2,8,3,6,8,10,17,27,0,0,1,0,0,0,0,0,1,0,1,1,9,7,11,0,0,1,1,1,1,1,3,4,1844,21,127,5,243,429,952,155,Austin,2014-11-07
2015,11,7,101,108,90,10,4,17,22,23,11,21,56,77,39,50,58,3,2,9,9,9,5,11,23,34,55,54,25,7,2,7,10,8,5,9,23,32,1,1,1,0,0,0,0,0,0,0,0,0,6,3,6,0,0,1,3,6,1,1,10,11,1483,11,98,6,244,341,833,139,Austin,2015-11-07
2016,11,7,110,117,80,7,2,15,23,15,28,17,66,83,60,62,51,2,1,5,15,10,25,6,50,56,35,42,18,3,1,9,6,5,1,10,12,22,0,2,0,0,0,0,0,0,0,0,0,0,15,11,11,2,0,1,2,0,2,1,4,5,1400,16,104,1,239,374,708,128,Austin,2016-11-07
2017,11,7,121,163,67,9,6,13,22,17,25,19,64,83,71,89,46,2,0,5,10,12,18,5,40,45,42,65,14,6,6,6,10,4,6,12,20,32,0,2,0,0,0,0,0,0,0,0,0,0,8,7,7,1,0,2,2,1,1,2,4,6,1532,15,95,2,240,378,800,154,Austin,2017-11-07
2018,11,7,102,149,111,6,5,23,34,11,20,28,65,93,61,86,73,2,2,10,22,8,12,12,42,54,36,53,24,3,3,11,8,2,6,14,16,30,0,1,2,0,0,0,1,0,0,0,1,1,5,9,12,1,0,2,3,1,2,2,6,8,1510,27,108,3,241,390,774,160,Austin,2018-11-07
2019,11,7,96,173,95,7,2,24,28,15,22,26,65,91,50,100,63,6,1,10,13,10,13,11,36,47,38,62,22,1,1,13,13,5,7,14,25,39,0,0,2,0,0,0,1,0,0,0,1,1,8,11,8,0,0,1,1,0,2,1,3,4,1426,22,84,4,242,384,752,160,Austin,2019-11-07
2020,11,7,99,120,44,38,3,26,12,10,22,29,44,73,41,52,30,6,2,13,5,6,13,15,24,39,53,59,12,29,1,12,6,4,8,13,18,31,0,1,0,0,0,0,0,0,1,0,1,1,5,8,2,3,0,1,1,0,0,1,1,2,986,6,56,6,244,276,509,146,Austin,2020-11-07
2021,11,7,88,128,60,32,2,28,7,3,23,30,33,63,39,56,31,3,1,11,0,2,15,12,17,29,42,59,23,27,1,12,6,1,7,13,14,27,0,1,0,0,0,0,1,0,1,0,2,2,7,12,6,2,0,5,0,0,0,5,0,5,930,8,71,0,238,274,469,150,Austin,2021-11-07
2022,11,7,66,210,69,16,3,25,12,8,20,28,40,68,43,119,48,5,1,13,8,3,15,14,26,40,21,67,9,9,2,11,4,3,5,13,12,25,0,5,2,0,0,0,0,0,0,0,0,0,2,19,10,2,0,1,0,2,0,1,2,3,1063,13,91,1,239,306,551,141,Austin,2022-11-07
2023,11,7,74,139,69,10,3,13,13,1,52,16,66,82,43,78,42,1,1,4,2,1,38,5,41,46,25,50,8,7,2,8,10,0,11,10,21,31,1,0,4,1,0,0,0,0,2,0,2,2,5,11,15,1,0,1,1,0,1,1,2,3,971,14,83,2,240,299,488,126,Austin,2023-11-07
2024,11,7,81,183,61,14,2,9,5,9,35,11,49,60,35,95,35,3,0,2,2,7,21,2,30,32,41,72,17,10,2,7,2,2,10,9,14,23,0,4,0,0,0,0,0,0,0,0,0,0,5,12,9,1,0,0,1,0,4,0,5,5,1000,10,69,4,242,259,528,142,Austin,2024-11-07
2012,12,7,,,,,,,,,,,,,,,,,,,,,,,,,,,,,,,,,,,,,,,,,,,,,,,,,,,,,,,,,,,,,,,,,,,,,Austin,2012-12-07
2013,12,7,,,,,,,,,,,,,,,,,,,,,,,,,,,,,,,,,,,,,,,,,,,,,,,,,,,,,,,,,,,,,,,,,,,,,Austin,2013-12-07
2014,12,7,112,91,42,6,2,19,27,15,19,21,61,82,44,28,22,1,0,6,13,5,13,6,31,37,63,55,13,5,2,12,12,10,6,14,28,42,0,1,0,0,0,0,0,0,0,0,0,0,5,7,7,0,0,1,2,0,0,1,2,3,1352,14,79,35,273,348,690,116,Austin,2014-12-07
2015,12,7,101,119,95,7,7,18,34,23,19,25,76,101,55,53,56,0,2,8,17,13,8,10,38,48,39,53,21,7,4,9,14,10,9,13,33,46,0,1,2,0,0,0,1,0,1,0,2,2,7,12,16,0,1,1,2,0,1,2,3,5,1414,19,121,36,274,381,713,132,Austin,2015-12-07
2016,12,7,113,119,82,8,6,15,19,18,29,21,66,87,59,54,48,4,1,5,7,7,21,6,35,41,45,55,21,4,5,7,7,10,7,12,24,36,0,1,0,0,0,1,0,0,1,1,1,2,9,9,13,0,0,2,5,1,0,2,6,8,1545,22,112,31,269,356,839,146,Austin,2016-12-07
2017,12,7,82,103,117,6,2,13,21,10,11,15,42,57,42,53,58,0,0,5,8,9,9,5,26,31,31,47,39,6,2,6,12,1,2,8,15,23,1,0,2,0,0,1,0,0,0,1,0,1,8,3,18,0,0,1,1,0,0,1,1,2,1327,26,92,32,270,334,753,107,Austin,2017-12-07
2018,12,7,92,132,143,8,4,15,15,12,19,19,46,65,42,65,90,3,2,7,10,9,12,9,31,40,34,58,39,4,2,7,2,2,5,9,9,18,1,1,5,0,0,0,3,0,0,0,3,3,15,8,9,1,0,1,0,1,2,1,3,4,1377,23,119,33,271,401,771,131,Austin,2018-12-07
2019,12,7,109,150,90,13,6,21,23,18,21,27,62,89,40,57,53,2,1,11,13,8,11,12,32,44,59,78,30,11,5,10,10,9,10,15,29,44,1,1,0,0,0,0,0,0,0,0,0,0,9,14,7,0,0,0,0,1,0,0,1,1,1399,9,104,34,272,351,778,166,Austin,2019-12-07
2020,12,7,83,112,54,9,2,16,12,10,21,18,43,61,41,52,35,1,0,12,3,6,11,12,20,32,39,52,12,7,2,4,9,4,5,6,18,24,0,2,2,0,0,0,0,0,0,0,0,0,3,6,5,1,0,0,0,0,5,0,5,5,944,10,82,36,274,307,439,135,Austin,2020-12-07
2021,12,7,68,140,58,8,5,19,3,6,19,24,28,52,34,55,40,2,4,9,1,1,8,13,10,23,29,67,11,5,1,7,2,4,7,8,13,21,0,2,1,0,0,0,0,0,1,0,1,1,5,16,6,1,0,3,0,1,3,3,4,7,968,17,80,30,268,278,516,127,Austin,2021-12-07
2022,12,7,76,198,65,21,4,21,10,8,32,25,50,75,37,104,37,8,1,8,4,3,20,9,27,36,33,85,17,11,2,11,5,4,10,13,19,32,0,0,1,0,0,0,0,0,0,0,0,0,6,9,10,2,1,2,1,1,2,3,4,7,1027,6,88,31,269,298,509,171,Austin,2022-12-07
2023,12,7,68,173,77,13,4,13,7,5,43,17,55,72,27,86,41,2,4,5,2,2,27,9,31,40,30,74,25,11,0,7,5,2,10,7,17,24,0,1,3,0,0,0,0,0,2,0,2,2,11,12,8,0,0,1,0,1,4,1,5,6,1031,8,93,32,270,277,541,133,Austin,2023-12-07
2024,12,7,92,126,92,16,2,23,13,6,25,25,44,69,31,52,44,2,2,4,3,3,16,6,22,28,53,66,33,14,0,18,8,2,8,18,18,36,1,4,2,0,0,0,0,0,0,0,0,0,7,4,13,0,0,1,2,1,1,1,4,5,962,14,54,34,272,261,520,124,Austin,2024-12-07
2012,1,8,,,,,,,,,,,,,,,,,,,,,,,,,,,,,,,,,,,,,,,,,,,,,,,,,,,,,,,,,,,,,,,,,,,,,Austin,2012-01-08
2013,1,8,,,,,,,,,,,,,,,,,,,,,,,,,,,,,,,,,,,,,,,,,,,,,,,,,,,,,,,,,,,,,,,,,,,,,Austin,2013-01-08
2014,1,8,80,91,173,8,3,24,16,11,16,27,43,70,48,47,107,0,0,10,8,3,13,10,24,34,23,38,35,7,3,14,7,4,2,17,13,30,1,1,6,0,0,0,1,0,0,0,1,1,8,5,25,1,0,0,0,4,1,0,5,5,1440,25,104,-298,-60,402,760,106,Austin,2014-01-08
2015,1,8,67,87,74,5,5,15,18,17,9,20,44,64,32,43,48,1,1,6,7,12,4,7,23,30,27,38,15,4,3,7,9,4,3,10,16,26,1,1,1,0,0,0,0,1,1,0,2,2,7,5,10,0,1,2,2,0,1,3,3,6,1481,30,106,-297,-59,332,713,84,Austin,2015-01-08
2016,1,8,104,126,71,12,3,12,32,12,17,15,61,76,49,61,37,0,1,4,17,7,10,5,34,39,47,56,21,12,2,7,11,4,6,9,21,30,3,1,3,0,0,0,1,0,0,0,1,1,5,8,10,0,0,1,3,1,1,1,5,6,1747,23,111,-303,-65,380,842,173,Austin,2016-01-08
2017,1,8,101,93,54,14,3,21,15,19,13,24,47,71,41,37,32,4,1,6,5,7,6,7,18,25,53,52,13,7,2,13,7,8,7,15,22,37,0,0,1,0,0,0,0,0,0,0,0,0,7,4,8,3,0,2,3,4,0,2,7,9,1256,8,124,-301,-63,321,679,125,Austin,2017-01-08
2018,1,8,97,133,94,11,1,27,19,13,16,28,48,76,55,74,73,2,0,14,10,4,11,14,25,39,35,47,13,7,1,11,8,6,5,12,19,31,0,1,1,0,0,0,0,0,0,0,0,0,7,11,7,2,0,2,1,3,0,2,4,6,1373,23,92,-300,-62,335,732,143,Austin,2018-01-08
2019,1,8,98,146,89,9,1,13,18,12,14,14,44,58,53,69,58,1,0,2,11,9,9,2,29,31,35,62,12,7,1,8,6,2,2,9,10,19,1,1,5,0,0,0,0,0,1,0,1,1,9,14,14,1,0,3,1,1,2,3,4,7,1304,19,104,-299,-61,334,705,138,Austin,2019-01-08
2020,1,8,79,162,95,13,4,21,28,16,19,25,63,88,36,82,72,1,3,11,17,6,10,14,33,47,35,72,15,9,1,8,8,6,6,9,20,29,0,1,3,0,0,0,0,1,1,0,2,2,8,7,5,3,0,2,3,3,2,2,8,10,1275,22,96,-298,-60,343,663,173,Austin,2020-01-08
2021,1,8,78,128,36,15,2,15,8,7,27,17,42,59,42,77,20,1,1,5,5,4,14,6,23,29,32,42,10,11,1,8,3,3,11,9,17,26,0,0,1,0,0,0,0,0,0,0,0,0,4,9,5,3,0,2,0,0,2,2,2,4,966,7,75,-303,-65,290,459,118,Austin,2021-01-08
2022,1,8,80,112,67,31,2,11,11,2,23,13,36,49,38,50,45,4,0,4,5,1,14,4,20,24,35,50,17,25,2,6,5,1,8,8,14,22,1,3,0,0,0,0,1,0,0,0,1,1,6,9,5,2,0,1,0,0,1,1,1,2,803,8,58,-302,-64,236,416,120,Austin,2022-01-08
2023,1,8,76,142,49,20,4,31,10,5,15,35,30,65,34,55,29,6,1,9,2,3,9,10,14,24,34,64,15,13,2,20,6,2,4,22,12,34,2,6,0,0,0,1,0,0,1,1,1,2,6,17,5,1,1,1,2,0,1,2,3,5,922,19,71,-301,-63,272,473,119,Austin,2023-01-08
2024,1,8,78,156,62,13,2,16,14,5,37,18,56,74,41,85,41,4,1,12,8,3,24,13,35,48,31,58,15,8,1,4,3,1,12,5,16,21,0,1,1,0,0,0,0,0,0,0,0,0,6,12,5,1,0,0,3,1,1,0,5,5,1037,10,78,-300,-62,302,548,121,Austin,2024-01-08
2012,2,8,,,,,,,,,,,,,,,,,,,,,,,,,,,,,,,,,,,,,,,,,,,,,,,,,,,,,,,,,,,,,,,,,,,,,Austin,2012-02-08
2013,2,8,,,,,,,,,,,,,,,,,,,,,,,,,,,,,,,,,,,,,,,,,,,,,,,,,,,,,,,,,,,,,,,,,,,,,Austin,2013-02-08
2014,2,8,92,114,69,7,1,16,19,16,12,17,47,64,43,51,54,1,0,4,5,8,3,4,16,20,39,56,10,5,1,12,13,3,8,13,24,37,0,0,0,0,0,0,0,0,0,0,0,0,10,7,5,1,0,0,1,5,1,0,7,7,1593,19,103,-267,-29,347,815,142,Austin,2014-02-08
2015,2,8,123,117,56,13,6,32,18,10,21,38,49,87,51,36,36,1,0,13,7,4,11,13,22,35,67,71,12,8,5,17,9,5,6,22,20,42,1,1,0,0,1,0,0,0,1,1,1,2,4,9,8,4,0,2,2,1,3,2,6,8,1403,13,104,-266,-28,352,708,154,Austin,2015-02-08
2016,2,8,111,117,95,8,2,23,30,19,12,25,61,86,57,54,66,2,1,12,17,11,9,13,37,50,44,51,19,5,1,8,11,7,1,9,19,28,1,0,2,0,0,0,1,0,1,0,2,2,9,12,8,1,0,3,1,1,1,3,3,6,1522,23,120,-272,-34,401,765,120,Austin,2016-02-08
2017,2,8,122,142,87,6,2,24,22,11,19,26,52,78,64,71,64,1,1,8,10,6,17,9,33,42,48,59,14,3,1,11,8,2,2,12,12,24,0,3,4,0,0,0,1,0,0,0,1,1,10,9,5,2,0,5,3,3,0,5,6,11,1745,26,105,-270,-32,426,901,131,Austin,2017-02-08
2018,2,8,108,116,88,4,2,14,20,9,19,16,48,64,66,64,53,0,2,3,12,7,15,5,34,39,36,40,22,3,0,9,7,2,2,9,11,20,1,1,1,0,0,0,0,0,0,0,0,0,5,11,12,1,0,2,1,0,2,2,3,5,1486,21,95,-269,-31,363,772,121,Austin,2018-02-08
2019,2,8,74,105,78,8,4,30,21,17,18,34,56,90,32,55,46,4,0,14,12,9,15,14,36,50,37,41,22,3,4,14,8,6,2,18,16,34,1,2,2,0,0,0,0,0,0,0,0,0,4,7,8,1,0,2,1,2,1,2,4,6,1363,22,100,-268,-30,348,793,106,Austin,2019-02-08
2020,2,8,112,157,70,16,3,23,19,13,18,26,50,76,60,68,40,3,2,7,9,7,11,9,27,36,41,74,24,9,1,15,10,6,7,16,23,39,1,4,1,0,0,0,0,0,0,0,0,0,10,11,5,4,0,1,0,0,0,1,0,1,1466,21,104,-267,-29,387,775,192,Austin,2020-02-08
2021,2,8,79,167,41,13,3,22,5,5,15,25,25,50,47,83,23,1,2,12,2,2,9,14,13,27,25,68,12,10,1,8,1,3,5,9,9,18,1,1,0,0,0,0,2,0,1,0,3,3,6,15,6,2,0,2,0,0,0,2,0,2,974,13,73,-272,-34,322,440,137,Austin,2021-02-08
2022,2,8,69,143,64,8,5,19,10,5,33,24,48,72,41,69,49,0,1,9,4,1,20,10,25,35,25,65,8,8,3,9,6,2,7,12,15,27,1,0,1,0,0,0,0,0,2,0,2,2,2,9,6,0,1,1,0,2,4,2,6,8,885,8,61,-271,-33,293,435,114,Austin,2022-02-08
2023,2,8,89,179,59,19,2,13,8,7,32,15,47,62,49,96,39,2,2,5,3,4,19,7,26,33,32,74,10,16,0,6,5,1,10,6,16,22,1,1,3,0,0,0,0,0,1,0,1,1,7,8,7,1,0,2,0,2,2,2,4,6,970,11,70,-270,-32,296,478,138,Austin,2023-02-08
2024,2,8,77,159,53,18,2,12,7,14,35,14,56,70,44,92,32,9,0,7,3,11,23,7,37,44,26,53,11,5,2,4,2,3,11,6,16,22,2,5,1,0,0,1,0,0,1,1,1,2,5,9,9,4,0,0,2,0,0,0,2,2,1038,23,69,-269,-31,314,515,113,Austin,2024-02-08
2012,3,8,,,,,,,,,,,,,,,,,,,,,,,,,,,,,,,,,,,,,,,,,,,,,,,,,,,,,,,,,,,,,,,,,,,,,Austin,2012-03-08
2013,3,8,,,,,,,,,,,,,,,,,,,,,,,,,,,,,,,,,,,,,,,,,,,,,,,,,,,,,,,,,,,,,,,,,,,,,Austin,2013-03-08
2014,3,8,100,135,88,15,3,24,14,20,10,27,44,71,36,63,49,6,1,6,12,12,6,7,30,37,57,64,29,6,2,14,2,4,4,16,10,26,0,0,0,0,0,1,0,0,0,1,0,1,7,8,10,3,0,3,0,4,0,3,4,7,1519,10,97,-239,-1,395,783,133,Austin,2014-03-08
2015,3,8,105,91,76,6,3,27,15,21,20,30,56,86,38,36,47,2,0,10,6,12,13,10,31,41,59,46,23,4,3,14,8,7,7,17,22,39,0,2,0,0,0,1,0,0,0,1,0,1,8,7,6,0,0,2,1,2,0,2,3,5,1288,11,75,-238,0,369,659,135,Austin,2015-03-08
2016,3,8,115,131,112,6,5,21,24,8,13,26,45,71,69,75,89,3,1,9,16,6,10,10,32,42,39,53,15,3,4,12,5,2,2,16,9,25,0,1,1,0,0,0,1,0,0,0,1,1,7,2,7,0,0,0,2,0,1,0,3,3,1692,13,116,-243,-5,409,867,166,Austin,2016-03-08
2017,3,8,124,144,82,7,5,13,24,13,23,18,60,78,60,95,56,1,3,4,15,10,15,7,40,47,55,45,13,5,2,9,7,3,8,11,18,29,1,0,1,0,0,0,0,0,0,0,0,0,8,4,12,1,0,0,2,0,0,0,2,2,1681,14,110,-242,-4,437,909,116,Austin,2017-03-08
2018,3,8,106,100,87,10,2,16,10,10,12,18,32,50,61,49,69,7,1,6,6,6,12,7,24,31,37,42,9,3,1,7,3,4,0,8,7,15,1,0,1,0,0,0,0,0,0,0,0,0,7,9,8,0,0,3,1,0,0,3,1,4,1451,18,100,-241,-3,370,753,159,Austin,2018-03-08
2019,3,8,140,158,98,10,2,21,17,14,20,23,51,74,77,84,63,2,0,6,9,11,12,6,32,38,49,64,27,8,2,11,8,3,3,13,14,27,1,1,0,0,0,0,0,0,1,0,1,1,13,9,8,0,0,4,0,0,4,4,4,8,1678,17,127,-240,-2,385,932,174,Austin,2019-03-08
2020,3,8,122,140,62,22,4,28,18,12,21,32,51,83,69,63,30,3,3,10,11,12,14,13,37,50,45,64,26,18,1,15,7,0,5,16,12,28,1,2,0,0,0,0,0,0,0,0,0,0,7,11,6,1,0,3,0,0,2,3,2,5,1218,12,75,-238,0,340,620,165,Austin,2020-03-08
2021,3,8,96,173,39,12,3,25,6,7,30,28,43,71,57,98,31,9,1,18,2,5,21,19,28,47,32,66,5,3,2,7,4,2,8,9,14,23,0,2,1,0,0,0,0,0,0,0,0,0,7,7,2,0,0,0,0,0,1,0,1,1,990,9,62,-244,-6,316,462,145,Austin,2021-03-08
2022,3,8,92,142,63,8,4,15,10,6,24,19,40,59,48,81,47,3,3,6,3,5,17,9,25,34,36,45,10,5,1,8,6,0,7,9,13,22,1,4,0,0,0,0,0,0,0,0,0,0,7,12,6,0,0,1,1,1,0,1,2,3,948,10,76,-243,-5,317,467,107,Austin,2022-03-08
2023,3,8,82,164,59,17,1,17,10,13,30,18,53,71,51,100,45,4,0,5,4,10,17,5,31,36,25,54,11,12,1,11,6,3,9,12,18,30,2,1,0,0,0,0,0,0,0,0,0,0,4,9,3,1,0,1,0,0,4,1,4,5,980,9,73,-242,-4,313,514,104,Austin,2023-03-08
2024,3,8,95,178,84,16,4,21,5,10,38,25,53,78,52,101,62,2,1,9,0,6,23,10,29,39,29,62,17,13,3,10,5,3,10,13,18,31,1,5,1,0,0,0,0,0,2,0,2,2,13,10,4,1,0,2,0,1,3,2,4,6,1164,26,81,-240,-2,309,651,137,Austin,2024-03-08
2012,4,8,,,,,,,,,,,,,,,,,,,,,,,,,,,,,,,,,,,,,,,,,,,,,,,,,,,,,,,,,,,,,,,,,,,,,Austin,2012-04-08
2013,4,8,,,,,,,,,,,,,,,,,,,,,,,,,,,,,,,,,,,,,,,,,,,,,,,,,,,,,,,,,,,,,,,,,,,,,Austin,2013-04-08
2014,4,8,112,115,84,2,0,25,33,16,10,25,59,84,57,78,68,2,0,18,28,13,10,18,51,69,39,32,12,0,0,5,3,3,0,5,6,11,1,0,0,0,0,0,0,0,0,0,0,0,15,5,4,0,0,2,2,0,0,2,2,4,1734,17,122,-208,30,412,831,132,Austin,2014-04-08
2015,4,8,131,112,57,2,6,16,36,22,8,22,66,88,83,68,44,1,2,10,24,19,8,12,51,63,38,35,8,1,3,5,6,1,0,8,7,15,0,1,1,0,0,1,0,0,0,1,0,1,10,8,4,0,1,0,6,2,0,1,8,9,1659,16,99,-207,31,414,787,128,Austin,2015-04-08
2016,4,8,109,128,113,13,4,23,16,8,7,27,31,58,70,77,100,3,3,11,10,5,5,14,20,34,26,42,10,9,0,10,6,2,2,10,10,20,0,0,0,0,0,0,0,1,0,0,1,1,13,9,3,1,1,2,0,0,0,3,0,3,1629,12,114,-212,26,355,911,152,Austin,2016-04-08
2017,4,8,119,128,70,8,2,25,15,9,16,27,40,67,72,63,47,2,1,10,9,5,12,11,26,37,39,55,16,6,1,11,5,4,3,12,12,24,0,0,0,0,0,0,0,0,0,0,0,0,8,10,7,0,0,4,1,0,1,4,2,6,1541,12,116,-211,27,329,881,152,Austin,2017-04-08
2018,4,8,97,96,49,8,2,23,19,8,12,25,39,64,49,53,39,1,0,10,14,6,6,10,26,36,36,36,7,6,2,10,4,1,4,12,9,21,0,1,0,0,0,0,0,0,0,0,0,0,12,6,3,1,0,3,1,1,2,3,4,7,1172,6,98,-210,28,290,647,117,Austin,2018-04-08
2019,4,8,122,160,93,12,2,25,26,20,28,27,74,101,80,99,75,2,2,14,20,15,21,16,56,72,34,49,13,7,0,9,5,4,5,9,14,23,0,2,1,0,0,0,1,0,0,0,1,1,8,10,4,3,0,2,0,1,2,2,3,5,1528,26,87,-209,29,398,823,170,Austin,2019-04-08
2020,4,8,90,169,22,16,3,21,19,15,26,24,60,84,55,98,16,4,1,9,11,13,20,10,44,54,25,53,2,7,1,9,7,2,5,10,14,24,2,2,0,0,0,0,0,0,0,0,0,0,8,16,4,5,1,3,1,0,1,4,2,6,1010,12,79,-207,31,276,577,117,Austin,2020-04-08
2021,4,8,92,173,64,15,4,13,4,6,20,17,30,47,51,101,48,3,2,6,2,2,15,8,19,27,31,62,7,12,2,3,0,1,5,5,6,11,1,1,5,0,0,0,0,0,0,0,0,0,9,9,4,0,0,4,2,3,0,4,5,9,1077,13,80,-213,25,289,561,158,Austin,2021-04-08
2022,4,8,100,155,78,11,1,14,10,12,24,15,46,61,55,84,52,3,1,4,6,6,21,5,33,38,33,59,20,6,0,9,4,5,2,9,11,20,1,2,0,0,0,0,0,0,1,0,1,1,11,10,6,2,0,1,0,1,0,1,1,2,1083,14,76,-212,26,306,577,146,Austin,2022-04-08
2023,4,8,78,166,45,20,3,26,14,4,26,29,44,73,43,94,23,7,2,9,6,2,22,11,30,41,25,61,16,12,1,16,6,2,3,17,11,28,1,1,0,0,0,0,0,0,0,0,0,0,9,10,6,1,0,1,2,0,1,1,3,4,926,5,65,-211,27,264,476,126,Austin,2023-04-08
2024,4,8,84,148,48,18,4,29,12,6,19,33,37,70,56,91,31,5,0,14,8,4,16,14,28,42,23,44,14,11,2,14,4,2,2,16,8,24,0,0,1,0,0,0,0,0,0,0,0,0,5,13,2,2,2,1,0,0,1,3,1,4,1013,7,73,-209,29,296,514,127,Austin,2024-04-08
2012,5,8,,,,,,,,,,,,,,,,,,,,,,,,,,,,,,,,,,,,,,,,,,,,,,,,,,,,,,,,,,,,,,,,,,,,,Austin,2012-05-08
2013,5,8,,,,,,,,,,,,,,,,,,,,,,,,,,,,,,,,,,,,,,,,,,,,,,,,,,,,,,,,,,,,,,,,,,,,,Austin,2013-05-08
2014,5,8,117,131,106,1,4,16,40,24,21,20,85,105,76,80,89,0,2,9,29,16,18,11,63,74,23,37,8,1,2,6,9,5,3,8,17,25,0,1,3,0,0,0,1,1,0,0,2,2,18,13,6,0,0,1,1,2,0,1,3,4,1734,24,128,-178,60,436,831,157,Austin,2014-05-08
2015,5,8,118,119,106,1,2,25,26,18,18,27,62,89,65,72,96,0,2,12,19,10,10,14,39,53,38,30,7,1,0,12,4,6,7,12,17,29,1,1,0,0,0,0,0,0,0,0,0,0,14,16,3,0,0,1,3,2,1,1,6,7,1707,19,134,-177,61,383,912,129,Austin,2015-05-08
2016,5,8,105,108,74,14,1,21,25,16,24,22,65,87,58,53,63,1,0,8,15,10,19,8,44,52,41,45,9,10,1,11,9,3,2,12,14,26,0,1,0,0,0,0,0,1,1,0,2,2,6,9,2,3,0,2,1,2,2,2,5,7,1299,10,89,-182,56,351,691,142,Austin,2016-05-08
2017,5,8,102,134,64,8,8,16,37,20,13,24,70,94,57,83,54,3,4,11,25,18,9,15,52,67,36,37,8,3,3,4,7,2,3,7,12,19,2,0,0,1,0,0,3,0,1,0,4,4,7,14,2,1,1,1,2,0,0,2,2,4,1561,14,137,-181,57,414,799,128,Austin,2017-05-08
2018,5,8,113,143,93,5,5,22,31,15,17,27,63,90,72,90,76,3,2,13,22,9,15,15,46,61,31,40,10,2,2,5,6,6,1,7,13,20,0,1,2,0,0,0,0,0,0,0,0,0,10,12,5,0,1,4,3,0,1,5,4,9,1627,12,124,-180,58,431,846,137,Austin,2018-05-08
2019,5,8,82,169,106,9,2,18,18,20,17,20,55,75,54,115,98,3,1,13,14,16,10,14,40,54,16,40,3,5,1,4,2,3,6,5,11,16,0,2,2,0,0,0,0,0,0,0,0,0,12,12,3,1,0,1,2,1,1,1,4,5,1425,17,103,-179,59,375,800,121,Austin,2019-05-08
2020,5,8,102,155,49,10,1,25,27,11,21,26,59,85,69,89,38,7,0,13,17,9,15,13,41,54,21,46,6,3,1,10,8,2,4,11,14,25,2,2,1,0,0,1,2,0,0,1,2,3,10,18,4,0,0,1,0,0,2,1,2,3,1249,24,93,-177,61,357,631,139,Austin,2020-05-08
2021,5,8,107,148,44,21,6,28,10,6,31,34,47,81,51,88,31,2,2,14,6,5,23,16,34,50,45,47,9,16,4,13,4,1,5,17,10,27,0,1,0,0,0,0,0,0,1,0,1,1,11,12,4,3,0,1,0,0,2,1,2,3,1045,9,76,-183,55,258,591,155,Austin,2021-05-08
2022,5,8,97,159,37,22,2,33,6,10,17,35,33,68,45,93,25,10,2,19,1,6,11,21,18,39,39,51,7,10,0,11,3,1,5,11,9,20,0,1,0,1,0,0,1,0,0,0,1,1,13,14,5,1,0,3,1,3,1,3,5,8,1022,9,96,-182,56,279,545,148,Austin,2022-05-08
2023,5,8,104,153,55,15,5,14,10,6,27,19,43,62,59,106,41,7,4,9,5,3,18,13,26,39,32,36,7,6,1,3,4,2,9,4,15,19,0,3,2,0,0,1,0,0,0,1,0,1,13,8,5,2,0,1,1,1,0,1,2,3,1029,15,84,-181,57,304,542,118,Austin,2023-05-08
2024,5,8,96,185,54,8,4,16,11,12,31,20,54,74,71,126,41,1,2,6,1,5,24,8,30,38,18,44,11,7,2,8,6,4,4,10,14,24,1,0,1,0,0,1,3,1,0,1,4,5,6,15,1,0,0,1,1,2,3,1,6,7,1091,17,76,-179,59,325,577,126,Austin,2024-05-08
2012,6,8,,,,,,,,,,,,,,,,,,,,,,,,,,,,,,,,,,,,,,,,,,,,,,,,,,,,,,,,,,,,,,,,,,,,,Austin,2012-06-08
2013,6,8,,,,,,,,,,,,,,,,,,,,,,,,,,,,,,,,,,,,,,,,,,,,,,,,,,,,,,,,,,,,,,,,,,,,,Austin,2013-06-08
2014,6,8,127,111,53,7,3,22,15,22,13,25,50,75,72,49,34,2,3,11,7,12,7,14,26,40,44,52,15,4,0,9,4,5,4,9,13,22,0,2,1,0,0,0,0,0,0,0,0,0,11,8,3,1,0,2,4,5,2,2,11,13,1382,9,113,-147,91,364,736,128,Austin,2014-06-08
2015,6,8,119,126,67,4,2,18,24,31,23,20,78,98,65,82,52,1,2,10,19,23,21,12,63,75,44,31,10,3,0,6,4,4,2,6,10,16,0,1,0,0,0,0,1,1,0,0,2,2,10,12,5,0,0,2,0,3,0,2,3,5,1580,18,142,-146,92,428,800,142,Austin,2015-06-08
2016,6,8,115,129,90,3,7,14,15,11,20,21,46,67,81,82,76,1,2,9,12,7,17,11,36,47,24,34,9,2,5,1,2,3,2,6,7,13,1,1,0,0,0,0,0,0,0,0,0,0,9,12,5,0,0,4,1,1,1,4,3,7,1598,15,148,-151,87,393,887,135,Austin,2016-06-08
2017,6,8,115,126,63,7,1,21,20,15,17,22,52,74,75,76,58,1,1,11,14,10,14,12,38,50,33,36,2,4,0,7,6,5,3,7,14,21,0,2,1,1,0,0,0,0,0,0,0,0,7,12,2,1,0,3,0,0,0,3,0,3,1622,16,158,-150,88,427,827,144,Austin,2017-06-08
2018,6,8,109,136,101,8,4,24,22,13,16,28,51,79,73,92,88,3,0,14,19,12,8,14,39,53,27,31,4,4,3,9,3,1,4,12,8,20,0,4,0,0,1,0,0,0,0,1,0,1,9,9,9,1,0,1,0,0,4,1,4,5,1695,24,154,-149,89,377,972,143,Austin,2018-06-08
2019,6,8,126,141,74,12,2,24,13,12,21,26,46,72,69,89,50,3,1,15,7,10,18,16,35,51,42,31,14,8,1,9,6,2,2,10,10,20,3,4,1,0,0,0,0,0,0,0,0,0,12,17,9,1,0,0,0,0,1,0,1,1,1417,21,137,-148,90,348,779,160,Austin,2019-06-08
2020,6,8,101,134,43,14,5,28,21,10,22,33,53,86,61,80,33,3,2,13,14,8,18,15,40,55,31,42,6,9,3,12,7,1,2,15,10,25,1,0,2,0,0,0,0,0,0,0,0,0,8,12,2,2,0,3,0,1,2,3,3,6,967,15,85,-146,92,311,501,129,Austin,2020-06-08
2021,6,8,131,167,41,16,8,26,10,9,28,34,47,81,91,104,38,6,4,13,5,7,22,17,34,51,34,43,1,9,2,10,3,2,4,12,9,21,1,4,0,0,2,1,1,0,0,3,1,4,5,16,2,1,0,2,1,0,2,2,3,5,1084,18,80,-152,86,302,533,193,Austin,2021-06-08
2022,6,8,99,181,62,8,4,24,12,7,27,28,46,74,59,134,49,1,1,16,3,5,21,17,29,46,28,36,7,6,1,6,8,2,2,7,12,19,3,0,0,0,0,0,1,0,0,0,1,1,9,11,6,1,2,2,0,0,4,4,4,8,1060,12,97,-151,87,313,522,154,Austin,2022-06-08
2023,6,8,84,182,46,8,3,22,13,17,40,25,70,95,50,120,37,2,2,11,7,12,30,13,49,62,22,41,4,6,1,8,5,4,7,9,16,25,2,2,1,0,0,1,0,0,2,1,2,3,10,19,4,0,0,2,1,1,1,2,3,5,1054,12,106,-150,88,320,547,135,Austin,2023-06-08
2024,6,8,96,169,67,24,0,23,13,10,29,23,52,75,54,114,41,4,0,7,6,5,21,7,32,39,29,43,14,17,0,11,5,4,7,11,16,27,1,1,1,0,0,0,2,0,0,0,2,2,12,11,11,3,0,5,0,1,1,5,2,7,1124,9,104,-148,90,266,650,137,Austin,2024-06-08
2012,7,8,,,,,,,,,,,,,,,,,,,,,,,,,,,,,,,,,,,,,,,,,,,,,,,,,,,,,,,,,,,,,,,,,,,,,Austin,2012-07-08
2013,7,8,,,,,,,,,,,,,,,,,,,,,,,,,,,,,,,,,,,,,,,,,,,,,,,,,,,,,,,,,,,,,,,,,,,,,Austin,2013-07-08
2014,7,8,105,123,82,7,3,22,28,23,29,25,80,105,67,68,68,0,1,14,17,16,25,15,58,73,32,37,4,5,2,7,8,6,4,9,18,27,0,0,1,1,0,0,1,0,0,0,1,1,6,18,9,1,0,1,2,1,0,1,3,4,1622,22,134,-117,121,426,788,156,Austin,2014-07-08
2015,7,8,104,94,70,4,4,26,27,14,16,30,57,87,62,63,59,1,1,23,18,10,10,24,38,62,30,22,7,2,1,2,7,2,4,3,13,16,0,1,0,0,0,0,1,0,0,0,1,1,12,8,4,1,2,1,1,2,2,3,5,8,1547,16,135,-116,122,396,792,111,Austin,2015-07-08
2016,7,8,120,139,83,8,2,21,21,12,23,23,56,79,76,91,66,2,1,11,17,11,16,12,44,56,30,33,10,5,1,8,3,1,5,9,9,18,0,0,1,0,0,0,1,0,0,0,1,1,14,15,6,1,0,2,0,0,2,2,2,4,1629,12,153,-121,117,387,943,143,Austin,2016-07-08
2017,7,8,110,127,51,6,3,27,19,15,20,30,54,84,67,70,44,2,0,13,14,12,15,13,41,54,33,42,5,4,3,11,4,0,4,14,8,22,2,0,0,0,0,0,0,0,0,0,0,0,8,15,2,0,0,3,1,3,1,3,5,8,1481,12,136,-120,118,331,845,132,Austin,2017-07-08
2018,7,8,83,101,46,15,2,33,19,10,9,35,38,73,42,48,36,4,1,14,12,7,8,15,27,42,31,40,7,9,1,17,5,3,1,18,9,27,0,1,0,0,0,1,0,0,0,1,0,1,10,12,3,2,0,1,2,0,0,1,2,3,1205,10,105,-119,119,287,679,144,Austin,2018-07-08
2019,7,8,98,147,96,18,2,34,26,32,17,36,75,111,66,96,86,5,2,19,20,26,12,21,58,79,22,36,7,9,0,9,5,5,4,9,14,23,1,4,1,0,0,0,0,1,0,0,1,1,9,11,2,4,0,6,1,0,1,6,2,8,1361,20,97,-118,120,373,717,132,Austin,2019-07-08
2020,7,8,103,128,35,15,1,19,14,18,29,20,61,81,75,90,25,6,1,11,10,12,23,12,45,57,13,29,6,8,0,3,4,6,4,3,14,17,2,1,1,0,0,1,0,0,1,1,1,2,13,8,3,1,0,4,0,0,1,4,1,5,948,20,72,-116,122,281,496,118,Austin,2020-07-08
2021,7,8,93,195,45,24,3,24,16,7,20,27,43,70,69,130,36,8,1,15,12,4,15,16,31,47,19,47,7,13,1,6,3,3,2,7,8,15,1,1,0,0,0,0,0,0,0,0,0,0,4,17,2,3,1,3,1,0,3,4,4,8,1048,13,81,-122,116,310,558,133,Austin,2021-07-08
2022,7,8,104,166,67,14,1,14,13,15,25,15,53,68,66,112,54,3,1,7,6,11,23,8,40,48,22,37,9,10,0,4,7,1,2,4,10,14,1,1,0,0,0,0,0,0,0,0,0,0,15,16,4,1,0,3,0,3,0,3,3,6,1095,7,112,-121,117,304,591,137,Austin,2022-07-08
2023,7,8,98,189,63,23,2,30,9,15,26,32,50,82,56,127,38,3,1,18,6,10,16,19,32,51,33,45,19,18,1,10,3,5,6,11,14,25,1,2,0,0,0,0,0,0,1,0,1,1,8,15,6,2,0,2,0,0,3,2,3,5,1130,9,89,-120,118,298,599,151,Austin,2023-07-08
2024,7,8,89,176,50,13,3,13,9,13,28,16,50,66,52,120,40,3,2,3,6,6,20,5,32,37,24,42,4,9,0,10,3,5,7,10,15,25,0,2,0,0,0,0,0,0,1,0,1,1,13,12,6,1,1,0,0,2,0,1,2,3,987,14,84,-118,120,291,562,89,Austin,2024-07-08
2012,8,8,,,,,,,,,,,,,,,,,,,,,,,,,,,,,,,,,,,,,,,,,,,,,,,,,,,,,,,,,,,,,,,,,,,,,Austin,2012-08-08
2013,8,8,,,,,,,,,,,,,,,,,,,,,,,,,,,,,,,,,,,,,,,,,,,,,,,,,,,,,,,,,,,,,,,,,,,,,Austin,2013-08-08
2014,8,8,112,126,88,9,3,28,27,25,16,31,68,99,56,69,70,3,1,14,15,21,12,15,48,63,44,48,9,3,2,14,10,2,4,16,16,32,0,0,0,0,0,0,0,0,0,0,0,0,12,9,9,3,0,0,2,2,0,0,4,4,1849,17,159,-86,152,422,888,127,Austin,2014-08-08
2015,8,8,123,119,75,5,3,29,18,20,17,32,55,87,68,58,51,0,3,14,12,12,9,17,33,50,36,48,19,3,0,13,6,7,5,13,18,31,0,1,0,0,0,1,0,1,0,1,1,2,19,12,5,2,0,1,0,0,3,1,3,4,1631,15,141,-85,153,380,894,132,Austin,2015-08-08
2016,8,8,114,125,85,8,6,29,16,13,17,35,46,81,68,79,68,0,3,16,13,9,16,19,38,57,36,37,12,6,3,9,3,2,1,12,6,18,1,1,0,0,0,1,0,0,0,1,0,1,9,8,5,2,0,3,0,2,0,3,2,5,1565,16,113,-90,148,405,819,128,Austin,2016-08-08
2017,8,8,128,142,107,7,3,17,29,18,23,20,70,90,84,84,91,2,2,7,19,12,17,9,48,57,33,39,10,4,1,7,5,4,3,8,12,20,0,2,0,0,0,0,1,0,1,0,2,2,11,17,6,1,0,3,4,2,2,3,8,11,1539,17,121,-89,149,434,756,146,Austin,2017-08-08
2018,8,8,97,153,83,5,2,26,23,15,23,28,61,89,64,98,73,2,2,17,14,10,18,19,42,61,24,42,7,2,0,9,8,3,2,9,13,22,0,2,1,0,0,0,0,0,1,0,1,1,9,11,2,1,0,0,1,2,2,0,5,5,1488,19,103,-88,150,409,776,146,Austin,2018-08-08
2019,8,8,117,199,94,9,4,18,22,15,18,22,55,77,75,120,77,3,2,13,14,13,11,15,38,53,33,57,11,5,2,5,6,1,7,7,14,21,0,6,2,0,0,0,0,0,0,0,0,0,9,16,4,1,0,0,2,1,0,0,3,3,1515,24,126,-87,151,374,791,157,Austin,2019-08-08
2020,8,8,92,140,45,26,4,18,5,13,18,22,36,58,50,91,28,5,1,8,2,11,11,9,24,33,38,42,11,19,3,8,1,1,4,11,6,17,1,1,1,0,0,0,0,0,0,0,0,0,3,6,5,2,0,2,2,1,3,2,6,8,1043,9,67,-85,153,321,537,141,Austin,2020-08-08
2021,8,8,98,151,44,29,5,28,6,10,22,33,38,71,46,99,31,9,3,15,3,9,14,18,26,44,37,41,10,17,1,12,3,1,4,13,8,21,0,3,1,0,1,0,0,0,0,1,0,1,15,8,2,3,0,1,0,0,4,1,4,5,1042,11,77,-91,147,327,518,157,Austin,2021-08-08
2022,8,8,73,174,45,12,5,18,12,4,33,23,49,72,50,116,34,5,3,8,5,2,23,11,30,41,18,39,6,6,2,9,7,2,9,11,18,29,0,2,1,0,0,0,0,0,0,0,0,0,5,17,4,1,0,1,0,0,1,1,1,2,1000,8,72,-90,148,282,546,129,Austin,2022-08-08
2023,8,8,68,135,51,11,4,11,7,11,34,15,52,67,47,87,42,4,3,6,3,8,26,9,37,46,15,36,8,6,1,3,3,2,2,4,7,11,2,1,0,0,0,0,0,1,1,0,2,2,4,11,1,1,0,2,1,0,5,2,6,8,935,13,72,-89,149,274,477,105,Austin,2023-08-08
2024,8,8,96,187,57,12,1,16,7,9,31,17,47,64,64,116,46,4,1,8,1,4,23,9,28,37,25,58,8,8,0,8,5,3,7,8,15,23,0,2,0,0,0,0,0,0,0,0,0,0,7,11,3,0,0,0,1,2,1,0,4,4,1119,10,89,-87,151,291,605,129,Austin,2024-08-08
2012,9,8,,,,,,,,,,,,,,,,,,,,,,,,,,,,,,,,,,,,,,,,,,,,,,,,,,,,,,,,,,,,,,,,,,,,,Austin,2012-09-08
2013,9,8,,,,,,,,,,,,,,,,,,,,,,,,,,,,,,,,,,,,,,,,,,,,,,,,,,,,,,,,,,,,,,,,,,,,,Austin,2013-09-08
2014,9,8,89,132,77,3,3,18,24,24,23,21,71,92,56,63,61,1,1,2,16,14,16,3,46,49,25,56,13,2,2,15,8,6,5,17,19,36,1,2,0,0,0,0,0,0,2,0,2,2,7,11,3,0,0,1,0,4,0,1,4,5,1541,32,86,-55,183,393,804,109,Austin,2014-09-08
2015,9,8,112,119,97,2,6,27,16,14,18,33,48,81,77,63,86,1,5,18,13,10,12,23,35,58,24,48,7,1,1,6,3,3,5,7,11,18,1,0,0,0,0,0,0,0,0,0,0,0,10,8,4,0,0,3,0,1,1,3,2,5,1594,11,101,-54,184,386,812,149,Austin,2015-09-08
2016,9,8,105,130,84,9,2,21,30,13,14,23,57,80,63,68,74,1,1,8,18,9,9,9,36,45,33,45,6,7,1,12,9,3,4,13,16,29,1,1,0,0,0,0,0,0,0,0,0,0,8,16,4,1,0,1,3,1,1,1,5,6,1581,18,121,-59,179,363,865,135,Austin,2016-09-08
2017,9,8,116,111,92,7,2,11,20,20,13,13,53,66,72,57,69,2,1,9,11,14,6,10,31,41,34,44,18,4,1,2,9,5,4,3,18,21,0,0,0,0,0,0,0,0,0,0,0,0,10,10,5,1,0,0,0,1,3,0,4,4,1609,11,123,-58,180,393,845,145,Austin,2017-09-08
2018,9,8,111,120,65,13,5,22,16,15,12,27,43,70,61,71,41,3,1,13,10,9,10,14,29,43,39,41,19,8,4,7,5,3,2,11,10,21,0,2,1,1,0,0,0,0,0,0,0,0,11,6,4,1,0,2,1,3,0,2,4,6,1306,9,95,-57,181,340,701,150,Austin,2018-09-08
2019,9,8,109,135,59,5,4,32,18,10,40,36,68,104,61,65,33,1,1,8,12,8,27,9,47,56,42,53,18,3,3,21,4,2,11,24,17,41,0,1,1,0,0,0,0,0,1,0,1,1,6,16,7,1,0,3,2,0,1,3,3,6,1284,13,102,-56,182,370,652,151,Austin,2019-09-08
2020,9,8,86,157,51,9,2,23,8,9,29,25,46,71,59,91,38,1,0,10,5,7,18,10,30,40,20,53,8,8,2,11,3,2,7,13,12,25,0,0,2,0,0,0,0,0,1,0,1,1,7,13,3,0,0,2,0,0,3,2,3,5,974,11,72,-54,184,325,469,127,Austin,2020-09-08
2021,9,8,99,194,57,17,2,25,7,13,42,27,62,89,59,137,44,7,2,9,3,8,33,11,44,55,28,44,7,8,0,15,3,4,8,15,15,30,0,0,2,0,0,0,0,0,0,0,0,0,12,13,4,2,0,1,1,1,1,1,3,4,1074,10,80,-60,178,323,536,160,Austin,2021-09-08
2022,9,8,59,187,71,17,1,19,4,8,33,20,45,65,39,105,53,8,1,10,1,5,25,11,31,42,16,63,14,7,0,6,3,1,5,6,9,15,0,4,0,1,0,0,0,0,1,0,1,1,4,15,4,1,0,3,0,2,2,3,4,7,1064,14,75,-59,179,282,597,138,Austin,2022-09-08
2023,9,8,93,132,85,10,4,24,13,11,33,28,57,85,65,76,65,6,1,16,6,7,22,17,35,52,21,43,14,4,3,7,6,2,9,10,17,27,0,5,0,0,0,0,0,0,0,0,0,0,7,8,6,0,0,1,1,2,2,1,5,6,1079,13,67,-58,180,285,597,125,Austin,2023-09-08
2024,9,8,83,130,46,22,2,21,9,7,20,23,36,59,42,59,30,3,2,9,1,4,11,11,16,27,31,62,14,15,0,10,6,3,8,10,17,27,1,1,0,0,0,0,0,0,0,0,0,0,9,8,2,4,0,2,2,0,1,2,3,5,1026,10,65,-56,182,252,592,141,Austin,2024-09-08
2012,10,8,,,,,,,,,,,,,,,,,,,,,,,,,,,,,,,,,,,,,,,,,,,,,,,,,,,,,,,,,,,,,,,,,,,,,Austin,2012-10-08
2013,10,8,,,,,,,,,,,,,,,,,,,,,,,,,,,,,,,,,,,,,,,,,,,,,,,,,,,,,,,,,,,,,,,,,,,,,Austin,2013-10-08
2014,10,8,107,155,79,2,6,19,30,22,17,25,69,94,62,88,59,0,2,7,16,15,12,9,43,52,32,56,9,2,2,9,11,7,5,11,23,34,1,2,3,0,0,0,2,0,0,0,2,2,12,9,8,0,2,3,1,0,0,5,1,6,1686,23,94,-25,213,428,846,131,Austin,2014-10-08
2015,10,8,86,152,98,5,2,18,25,15,23,20,63,83,48,82,65,4,0,10,13,9,18,10,40,50,28,55,25,0,2,6,9,4,5,8,18,26,0,0,5,0,0,0,0,2,0,0,2,2,10,15,3,1,0,2,3,0,0,2,3,5,1612,23,104,-24,214,384,868,145,Austin,2015-10-08
2016,10,8,133,144,77,8,5,20,18,19,9,25,46,71,51,75,48,4,3,7,10,9,3,10,22,32,71,62,23,4,0,12,6,10,5,12,21,33,2,1,0,0,0,0,0,0,0,0,0,0,9,6,6,0,2,1,2,0,1,3,3,6,1511,18,105,-29,209,351,867,144,Austin,2016-10-08
2017,10,8,112,131,55,12,3,36,17,15,25,39,57,96,51,57,38,4,0,14,6,8,15,14,29,43,54,61,13,7,2,22,9,6,9,24,24,48,1,1,0,0,0,0,0,0,0,0,0,0,6,12,4,1,1,0,2,1,1,1,4,5,1366,11,100,-28,210,345,771,147,Austin,2017-10-08
2018,10,8,110,115,124,11,4,19,24,11,23,23,58,81,77,57,97,0,1,6,14,8,16,7,38,45,23,46,16,10,1,12,9,3,5,13,17,30,2,0,1,0,0,0,0,0,0,0,0,0,8,12,10,1,2,1,1,0,2,3,3,6,1361,16,100,-27,211,364,745,156,Austin,2018-10-08
2019,10,8,113,166,109,11,7,25,29,20,21,32,70,102,68,96,93,2,6,14,19,13,11,20,43,63,37,61,13,7,1,10,8,5,10,11,23,34,1,1,2,0,0,1,0,0,0,1,0,1,7,8,1,2,0,0,2,2,0,0,4,4,1481,17,71,-26,212,433,731,174,Austin,2019-10-08
2020,10,8,113,172,46,13,11,20,9,13,27,31,49,80,72,102,29,4,5,12,3,8,20,17,31,48,31,61,12,7,5,7,4,3,6,12,13,25,0,0,1,0,0,0,0,0,0,0,0,0,10,9,4,2,1,1,2,2,1,2,5,7,1053,4,73,-24,214,337,499,153,Austin,2020-10-08
2021,10,8,86,153,66,12,6,29,7,10,35,35,52,87,41,82,46,2,4,17,5,4,25,21,34,55,35,64,14,9,2,11,2,5,7,13,14,27,1,1,0,0,0,1,0,0,1,1,1,2,9,6,6,1,0,0,0,1,2,0,3,3,1100,9,72,-30,208,297,624,123,Austin,2021-10-08
2022,10,8,106,171,58,30,3,19,9,5,24,22,38,60,47,83,43,3,3,8,4,4,14,11,22,33,48,76,10,21,0,11,5,1,7,11,13,24,1,5,0,0,0,0,0,0,2,0,2,2,10,7,5,6,0,0,0,0,1,0,1,1,1073,11,78,-29,209,299,550,169,Austin,2022-10-08
2023,10,8,84,154,46,34,4,22,9,7,20,26,36,62,35,80,22,4,2,6,1,6,14,8,21,29,44,61,22,26,1,12,8,1,6,13,15,28,2,1,0,2,0,0,0,0,0,0,0,0,3,12,2,2,1,4,0,0,0,5,0,5,999,10,82,-28,210,277,532,131,Austin,2023-10-08
2024,10,8,66,176,73,13,0,13,10,7,23,13,40,53,29,102,49,5,0,8,4,6,16,8,26,34,30,63,17,7,0,5,5,0,5,5,10,15,0,2,4,0,0,0,0,0,0,0,0,0,7,9,3,1,0,0,1,1,2,0,4,4,1058,13,70,-26,212,276,580,122,Austin,2024-10-08
2012,11,8,,,,,,,,,,,,,,,,,,,,,,,,,,,,,,,,,,,,,,,,,,,,,,,,,,,,,,,,,,,,,,,,,,,,,Austin,2012-11-08
2013,11,8,,,,,,,,,,,,,,,,,,,,,,,,,,,,,,,,,,,,,,,,,,,,,,,,,,,,,,,,,,,,,,,,,,,,,Austin,2013-11-08
2014,11,8,102,100,73,8,3,27,21,21,24,30,66,96,46,44,47,0,1,7,8,10,12,8,30,38,51,48,20,7,2,17,11,10,10,19,31,50,0,1,0,0,0,0,1,0,0,0,1,1,5,7,6,1,0,3,1,1,2,3,4,7,1514,13,87,6,244,374,798,133,Austin,2014-11-08
2015,11,8,83,110,75,8,5,23,18,20,11,28,49,77,31,33,43,0,1,8,6,8,7,9,21,30,42,65,27,8,4,11,11,10,4,15,25,40,0,0,0,0,0,0,0,0,0,0,0,0,10,12,5,0,0,4,1,2,0,4,3,7,1224,0,113,7,245,296,635,131,Austin,2015-11-08
2016,11,8,104,145,113,8,3,20,24,15,17,23,56,79,59,77,65,4,1,5,12,10,13,6,35,41,39,53,24,4,2,12,10,3,4,14,17,31,1,3,1,0,0,1,0,1,0,1,1,2,5,12,23,0,0,2,2,1,0,2,3,5,1565,33,115,2,240,403,921,122,Austin,2016-11-08
2017,11,8,102,113,101,16,3,19,22,16,13,22,51,73,55,73,66,4,0,9,16,8,12,9,36,45,35,35,18,10,3,9,6,3,0,12,9,21,3,0,1,0,0,0,0,0,0,0,0,0,9,5,16,2,0,1,0,5,1,1,6,7,1404,13,96,3,241,362,741,140,Austin,2017-11-08
2018,11,8,116,152,100,10,4,25,24,14,15,29,53,82,69,84,56,3,2,9,13,11,9,11,33,44,38,57,31,7,2,12,9,2,6,14,17,31,0,0,3,0,0,0,0,0,0,0,0,0,9,11,10,0,0,4,2,1,0,4,3,7,1398,16,88,4,242,369,771,152,Austin,2018-11-08
2019,11,8,86,157,106,7,7,23,23,12,22,30,57,87,55,84,73,1,2,9,14,9,15,11,38,49,28,59,19,6,5,9,7,3,5,14,15,29,0,1,1,0,0,0,1,0,0,0,1,1,3,13,13,0,0,5,1,0,2,5,3,8,1353,10,93,5,243,374,724,129,Austin,2019-11-08
2020,11,8,115,133,41,27,5,27,12,5,16,32,33,65,56,55,24,6,2,9,1,4,11,11,16,27,52,69,13,19,3,16,10,1,4,19,15,34,2,1,0,0,0,0,0,0,0,0,0,0,5,8,4,2,0,2,1,0,1,2,2,4,1014,10,73,7,245,323,474,168,Austin,2020-11-08
2021,11,8,71,133,50,17,2,16,6,2,29,18,37,55,40,61,32,1,1,6,4,2,21,7,27,34,25,60,9,15,1,8,2,0,7,9,9,18,0,1,1,0,0,0,0,0,0,0,0,0,6,11,8,1,0,2,0,0,1,2,1,3,927,10,77,1,239,265,463,126,Austin,2021-11-08
2022,11,8,100,184,52,21,5,21,8,11,21,26,40,66,53,104,23,4,1,9,5,8,11,10,24,34,43,69,21,13,4,11,3,3,9,15,15,30,0,4,0,0,0,0,0,0,0,0,0,0,4,7,8,4,0,1,0,0,1,1,1,2,992,12,63,2,240,281,533,141,Austin,2022-11-08
2023,11,8,91,161,62,15,1,25,8,9,42,26,59,85,51,96,28,5,1,9,3,6,28,10,37,47,33,55,18,6,0,10,5,1,10,10,16,26,1,0,2,0,0,0,0,0,3,0,3,3,6,10,14,4,0,6,0,2,1,6,3,9,1055,13,77,3,241,307,561,114,Austin,2023-11-08
2024,11,8,80,178,80,14,2,19,10,8,20,21,38,59,32,96,47,3,2,10,5,3,15,12,23,35,43,72,21,10,0,6,5,5,4,6,14,20,0,1,3,0,0,0,0,0,1,0,1,1,5,9,9,1,0,3,0,0,0,3,0,3,1079,13,69,5,243,280,584,151,Austin,2024-11-08
2012,12,8,,,,,,,,,,,,,,,,,,,,,,,,,,,,,,,,,,,,,,,,,,,,,,,,,,,,,,,,,,,,,,,,,,,,,Austin,2012-12-08
2013,12,8,,,,,,,,,,,,,,,,,,,,,,,,,,,,,,,,,,,,,,,,,,,,,,,,,,,,,,,,,,,,,,,,,,,,,Austin,2013-12-08
2014,12,8,94,132,71,3,1,18,27,15,20,19,62,81,36,64,43,0,0,10,17,7,13,10,37,47,48,55,14,3,1,5,9,6,6,6,21,27,0,0,0,0,0,0,1,0,0,0,1,1,10,13,14,0,0,3,0,2,1,3,3,6,1663,22,124,36,274,383,798,128,Austin,2014-12-08
2015,12,8,91,122,99,4,3,12,29,14,10,15,53,68,45,65,67,1,1,5,20,9,6,6,35,41,35,44,12,2,2,4,6,4,2,6,12,18,1,1,3,0,0,0,1,0,0,0,1,1,10,12,17,1,0,3,2,1,2,3,5,8,1701,23,136,37,275,364,806,133,Austin,2015-12-08
2016,12,8,72,119,74,4,4,16,27,7,16,20,50,70,38,55,47,0,1,9,15,5,9,10,29,39,27,57,15,4,2,7,11,0,5,9,16,25,0,1,0,0,0,0,1,0,0,0,1,1,7,6,12,0,1,0,0,2,2,1,4,5,1559,16,123,32,270,353,882,107,Austin,2016-12-08
2017,12,8,97,125,90,11,2,19,19,10,9,21,38,59,48,62,46,4,1,6,12,5,5,7,22,29,40,49,30,5,1,12,4,2,3,13,9,22,3,1,2,1,0,0,0,0,1,0,1,1,6,13,12,1,0,1,3,3,0,1,6,7,1426,23,115,33,271,313,806,121,Austin,2017-12-08
2018,12,8,92,92,93,7,3,22,16,13,14,25,43,68,42,44,55,0,2,12,7,4,9,14,20,34,43,42,34,7,1,9,7,7,5,10,19,29,1,0,1,0,0,1,0,0,0,1,0,1,6,6,3,0,0,0,2,2,0,0,4,4,1277,13,83,34,272,338,708,116,Austin,2018-12-08
2019,12,8,129,154,60,17,2,38,20,22,19,40,61,101,46,62,31,5,0,13,11,10,12,13,33,46,69,73,22,11,2,22,8,9,6,24,23,47,2,4,1,1,0,0,0,0,0,0,0,0,12,15,6,0,0,3,1,3,1,3,5,8,1333,14,105,35,273,365,708,185,Austin,2019-12-08
2020,12,8,79,143,59,11,4,20,11,9,19,24,39,63,44,58,34,4,2,8,5,7,11,10,23,33,32,66,13,6,2,6,6,2,7,8,15,23,0,3,2,0,0,1,0,0,0,1,0,1,3,16,10,1,0,5,0,0,1,5,1,6,930,16,77,37,275,291,440,131,Austin,2020-12-08
2021,12,8,88,151,65,18,2,13,10,3,13,15,26,41,42,63,41,4,2,5,3,3,11,7,17,24,30,71,12,13,0,7,7,0,2,7,9,16,2,2,2,0,0,1,0,0,0,1,0,1,14,15,10,1,0,0,0,0,0,0,0,0,951,22,83,31,269,274,482,129,Austin,2021-12-08
2022,12,8,79,155,78,19,2,15,14,3,25,17,42,59,42,83,42,4,0,3,7,0,19,3,26,29,28,63,25,13,2,11,6,3,6,13,15,28,1,0,0,0,0,1,0,0,0,1,0,1,8,9,11,2,0,0,1,0,0,0,1,1,1010,8,90,32,270,300,514,144,Austin,2022-12-08
2023,12,8,73,150,73,15,4,16,14,7,34,20,55,75,36,78,31,3,2,6,6,6,20,8,32,40,31,64,25,10,2,9,8,0,11,11,19,30,1,1,1,0,0,0,0,0,1,0,1,1,5,7,16,2,0,1,0,1,2,1,3,4,1055,13,89,33,271,312,550,125,Austin,2023-12-08
2024,12,8,80,123,47,18,4,23,9,9,26,27,44,71,32,51,18,6,2,8,3,5,18,10,26,36,37,71,25,11,2,13,5,3,6,15,14,29,1,0,0,0,0,0,0,0,1,0,1,1,10,1,4,1,0,2,1,1,1,2,3,5,921,8,67,35,273,252,507,120,Austin,2024-12-08
2012,1,9,,,,,,,,,,,,,,,,,,,,,,,,,,,,,,,,,,,,,,,,,,,,,,,,,,,,,,,,,,,,,,,,,,,,,Austin,2012-01-09
2013,1,9,,,,,,,,,,,,,,,,,,,,,,,,,,,,,,,,,,,,,,,,,,,,,,,,,,,,,,,,,,,,,,,,,,,,,Austin,2013-01-09
2014,1,9,94,107,107,4,1,20,30,18,11,21,59,80,41,44,69,0,0,9,19,5,6,9,30,39,44,46,27,3,0,8,10,11,3,8,24,32,1,2,1,0,0,0,0,0,0,0,0,0,8,15,10,1,1,3,1,2,2,4,5,9,1694,20,135,-297,-59,410,854,119,Austin,2014-01-09
2015,1,9,75,100,68,7,3,21,24,20,14,24,58,82,30,50,44,3,1,6,16,9,9,7,34,41,35,42,16,4,2,12,7,8,4,14,19,33,1,2,3,0,0,0,0,0,0,0,0,0,9,6,5,0,0,3,1,3,1,3,5,8,1523,22,106,-296,-58,337,772,98,Austin,2015-01-09
2016,1,9,107,102,75,14,1,17,19,17,8,18,44,62,53,42,51,0,0,8,10,7,3,8,20,28,43,51,21,13,1,9,9,6,5,10,20,30,1,0,0,0,0,0,0,0,0,0,0,0,10,9,3,1,0,0,0,4,0,0,4,4,1441,16,93,-302,-64,342,739,122,Austin,2016-01-09
2017,1,9,87,125,72,9,4,21,24,15,23,25,62,87,37,71,42,0,2,15,12,9,14,17,35,52,40,40,19,9,2,5,9,4,7,7,20,27,0,1,4,0,0,0,0,0,0,0,0,0,10,13,7,0,0,1,3,2,2,1,7,8,1532,16,134,-300,-62,370,841,123,Austin,2017-01-09
2018,1,9,89,125,82,7,2,19,22,17,17,21,56,77,50,57,57,1,0,7,16,9,12,7,37,44,28,53,17,4,2,11,4,7,5,13,16,29,1,1,2,0,0,0,0,0,0,0,0,0,10,14,6,2,0,1,2,1,0,1,3,4,1349,21,99,-299,-61,376,693,114,Austin,2018-01-09
2019,1,9,107,146,78,8,1,19,27,8,22,20,57,77,53,56,48,1,1,6,19,4,11,7,34,41,37,73,14,6,0,11,6,4,8,11,18,29,1,4,3,0,0,0,1,0,2,0,3,3,16,13,13,1,0,2,1,0,1,2,2,4,1398,34,102,-298,-60,381,717,151,Austin,2019-01-09
2020,1,9,110,174,77,17,1,14,26,15,19,15,60,75,56,85,44,2,0,9,18,10,12,9,40,49,39,65,14,12,1,4,7,5,5,5,17,22,5,2,8,0,0,0,0,0,1,0,1,1,10,22,11,3,0,1,1,0,1,1,2,3,1373,32,115,-297,-59,353,727,171,Austin,2020-01-09
2021,1,9,75,111,44,26,1,18,7,7,24,19,38,57,37,48,21,3,0,6,2,3,15,6,20,26,37,55,17,20,1,9,5,4,6,10,15,25,0,2,0,0,0,0,0,0,1,0,1,1,1,6,6,3,0,3,0,0,2,3,2,5,816,7,63,-302,-64,272,405,91,Austin,2021-01-09
2022,1,9,68,106,40,23,3,20,5,8,21,23,34,57,28,51,20,4,2,9,2,7,9,11,18,29,33,43,14,17,1,11,3,0,11,12,14,26,0,3,0,1,0,0,0,0,0,0,0,0,7,9,6,1,0,0,0,1,1,0,2,2,797,10,55,-301,-63,242,396,124,Austin,2022-01-09
2023,1,9,69,173,52,10,3,14,12,12,34,17,58,75,37,92,43,0,1,3,6,9,16,4,31,35,27,68,5,10,2,10,5,3,13,12,21,33,0,2,2,0,0,0,0,0,2,0,2,2,5,11,2,0,0,1,1,0,3,1,4,5,1001,13,73,-300,-62,314,502,119,Austin,2023-01-09
2024,1,9,64,135,50,6,5,14,12,5,29,19,46,65,37,66,42,1,1,8,3,1,20,9,24,33,22,56,4,3,4,5,9,3,6,9,18,27,0,1,0,0,0,0,0,0,2,0,2,2,5,12,4,2,0,1,0,1,1,1,2,3,983,10,64,-299,-61,280,520,103,Austin,2024-01-09
2012,2,9,,,,,,,,,,,,,,,,,,,,,,,,,,,,,,,,,,,,,,,,,,,,,,,,,,,,,,,,,,,,,,,,,,,,,Austin,2012-02-09
2013,2,9,,,,,,,,,,,,,,,,,,,,,,,,,,,,,,,,,,,,,,,,,,,,,,,,,,,,,,,,,,,,,,,,,,,,,Austin,2013-02-09
2014,2,9,106,93,62,5,4,29,19,19,10,33,48,81,47,30,43,3,0,10,6,10,5,10,21,31,51,57,14,2,2,17,12,8,4,19,24,43,1,0,0,0,0,0,0,0,0,0,0,0,7,6,5,0,2,2,1,1,1,4,3,7,1361,12,93,-266,-28,357,721,112,Austin,2014-02-09
2015,2,9,111,97,94,7,1,23,23,13,8,24,44,68,49,52,69,1,1,12,13,8,4,13,25,38,47,41,11,5,0,9,8,4,3,9,15,24,2,2,2,0,0,0,1,0,0,0,1,1,13,2,12,1,0,2,1,1,1,2,3,5,1441,27,97,-265,-27,392,725,121,Austin,2015-02-09
2016,2,9,102,128,102,5,3,18,29,18,12,21,59,80,61,75,81,1,2,6,13,12,10,8,35,43,32,46,15,3,1,12,13,4,1,13,18,31,0,0,1,0,0,0,0,0,0,0,0,0,9,7,5,1,0,0,3,2,1,0,6,6,1680,23,109,-271,-33,397,830,112,Austin,2016-02-09
2017,2,9,93,134,101,6,3,24,18,14,18,27,50,77,42,75,75,1,0,5,13,9,8,5,30,35,41,54,17,4,3,14,5,4,9,17,18,35,1,1,1,0,0,2,0,0,0,2,0,2,9,4,8,1,0,3,0,1,1,3,2,5,1717,28,125,-269,-31,408,906,143,Austin,2017-02-09
2018,2,9,112,128,98,5,6,25,18,20,15,31,53,84,55,70,55,1,3,13,7,12,13,16,32,48,41,53,25,3,2,11,6,6,2,13,14,27,3,0,2,0,1,0,0,0,0,1,0,1,13,5,16,1,0,1,5,2,0,1,7,8,1509,20,114,-268,-30,396,775,146,Austin,2018-02-09
2019,2,9,91,105,90,10,3,22,16,13,12,25,41,66,40,48,44,2,0,10,12,9,8,10,29,39,43,42,36,8,2,11,4,3,2,13,9,22,2,5,0,0,0,0,0,0,0,0,0,0,6,10,10,0,1,1,0,1,2,2,3,5,1227,16,101,-267,-29,345,667,127,Austin,2019-02-09
2020,2,9,124,153,86,13,3,18,19,16,21,21,56,77,53,72,58,1,0,9,8,9,8,9,25,34,60,70,24,11,2,7,11,7,9,9,27,36,2,1,1,0,0,0,0,0,1,0,1,1,9,10,3,1,1,2,0,0,3,3,3,6,1350,13,88,-266,-28,332,738,163,Austin,2020-02-09
2021,2,9,114,146,51,11,1,28,8,8,26,29,42,71,63,84,34,3,1,17,1,7,18,18,26,44,39,56,11,7,0,7,7,0,7,7,14,21,1,2,0,0,0,0,0,1,1,0,2,2,11,4,6,1,0,4,0,0,0,4,0,4,1044,12,79,-271,-33,331,517,121,Austin,2021-02-09
2022,2,9,77,128,65,9,4,21,12,6,34,25,52,77,42,76,33,1,0,8,3,3,22,8,28,36,29,46,22,6,4,10,7,3,10,14,20,34,0,1,2,0,0,0,0,0,0,0,0,0,6,5,8,2,0,3,2,0,2,3,4,7,908,14,77,-270,-32,276,485,107,Austin,2022-02-09
2023,2,9,79,165,77,15,5,16,10,12,35,21,57,78,35,91,57,6,3,7,3,7,27,10,37,47,34,60,14,8,1,8,6,4,5,9,15,24,0,1,1,0,0,1,0,0,0,1,0,1,10,13,5,1,1,0,1,1,3,1,5,6,1016,13,75,-269,-31,269,563,132,Austin,2023-02-09
2024,2,9,89,178,67,17,6,10,10,12,23,16,45,61,40,93,43,4,3,5,4,7,15,8,26,34,37,73,18,11,2,5,6,4,7,7,17,24,2,3,1,0,0,0,0,0,0,0,0,0,10,9,5,2,1,0,0,1,1,1,2,3,1065,12,82,-268,-30,288,570,144,Austin,2024-02-09
2012,3,9,,,,,,,,,,,,,,,,,,,,,,,,,,,,,,,,,,,,,,,,,,,,,,,,,,,,,,,,,,,,,,,,,,,,,Austin,2012-03-09
2013,3,9,,,,,,,,,,,,,,,,,,,,,,,,,,,,,,,,,,,,,,,,,,,,,,,,,,,,,,,,,,,,,,,,,,,,,Austin,2013-03-09
2014,3,9,89,96,44,10,2,33,32,23,16,35,71,106,43,44,25,3,1,15,15,16,10,16,41,57,35,44,16,5,1,16,14,4,6,17,24,41,1,0,0,0,0,0,0,0,0,0,0,0,10,8,3,2,0,2,3,3,0,2,6,8,1312,7,88,-238,0,345,666,120,Austin,2014-03-09
2015,3,9,80,101,96,6,1,15,19,19,20,16,58,74,38,56,68,0,0,10,13,15,16,10,44,54,31,39,22,5,0,3,5,4,1,3,10,13,1,0,2,1,0,0,0,0,1,0,1,1,10,6,4,0,1,2,1,0,2,3,3,6,1385,23,80,-237,1,415,721,112,Austin,2015-03-09
2016,3,9,80,109,117,4,0,13,29,18,20,13,67,80,53,65,70,2,0,8,19,15,17,8,51,59,23,42,36,1,0,3,9,2,1,3,12,15,0,0,2,0,0,1,0,0,1,1,1,2,4,2,9,1,0,1,1,1,1,1,3,4,1479,13,86,-242,-4,363,901,112,Austin,2016-03-09
2017,3,9,98,144,113,4,5,19,20,11,20,24,51,75,40,76,73,3,1,7,15,7,15,8,37,45,48,60,23,1,4,8,5,3,5,12,13,25,2,0,1,0,0,1,0,0,0,1,0,1,8,8,16,0,0,3,0,1,0,3,1,4,1828,13,110,-241,-3,455,984,141,Austin,2017-03-09
2018,3,9,138,125,97,3,2,15,20,20,14,17,54,71,69,72,74,1,1,5,12,15,7,6,34,40,52,45,18,2,1,9,6,5,4,10,15,25,2,1,1,0,0,0,0,0,2,0,2,2,15,7,4,0,0,1,2,0,1,1,3,4,1647,12,97,-240,-2,351,948,154,Austin,2018-03-09
2019,3,9,134,151,98,16,2,26,20,20,18,28,58,86,53,70,62,6,2,10,9,11,10,12,30,42,69,71,29,10,0,14,10,5,7,14,22,36,1,0,1,0,0,0,0,0,0,0,0,0,11,10,6,0,0,2,1,4,1,2,6,8,1537,17,106,-239,-1,397,800,181,Austin,2019-03-09
2020,3,9,103,141,102,7,3,17,17,15,16,20,48,68,58,72,84,4,3,7,12,9,10,10,31,41,36,54,7,3,0,9,5,4,6,9,15,24,1,4,6,0,0,1,0,0,0,1,0,1,8,11,5,0,0,0,0,2,0,0,2,2,1354,21,89,-237,1,393,655,147,Austin,2020-03-09
2021,3,9,99,133,37,12,2,19,10,9,19,21,38,59,56,72,29,1,2,12,6,3,14,14,23,37,32,46,8,11,0,6,3,4,4,6,11,17,0,1,0,0,0,0,1,0,0,0,1,1,11,14,0,0,0,1,0,2,1,1,3,4,974,21,67,-243,-5,284,464,136,Austin,2021-03-09
2022,3,9,85,131,52,13,2,19,8,10,34,21,52,73,48,81,40,4,1,11,2,3,30,12,35,47,31,34,3,7,0,5,4,6,2,5,12,17,1,2,2,0,0,0,0,0,0,0,0,0,5,14,7,2,1,3,2,1,2,4,5,9,982,16,75,-242,-4,295,497,136,Austin,2022-03-09
2023,3,9,91,200,54,22,4,18,12,7,22,22,41,63,51,127,37,9,3,3,6,4,16,6,26,32,32,58,11,11,1,13,6,3,6,14,15,29,0,5,1,0,0,0,0,0,0,0,0,0,8,10,5,2,0,2,0,0,0,2,0,2,1080,15,58,-241,-3,277,569,168,Austin,2023-03-09
2024,3,9,83,159,57,20,2,25,7,5,27,27,39,66,30,81,33,4,1,9,4,3,24,10,31,41,43,70,19,14,0,16,2,2,3,16,7,23,0,2,0,0,1,0,0,0,0,1,0,1,10,6,5,2,0,0,1,0,0,0,1,1,1051,8,63,-239,-1,268,575,142,Austin,2024-03-09
2012,4,9,,,,,,,,,,,,,,,,,,,,,,,,,,,,,,,,,,,,,,,,,,,,,,,,,,,,,,,,,,,,,,,,,,,,,Austin,2012-04-09
2013,4,9,,,,,,,,,,,,,,,,,,,,,,,,,,,,,,,,,,,,,,,,,,,,,,,,,,,,,,,,,,,,,,,,,,,,,Austin,2013-04-09
2014,4,9,117,126,85,1,3,19,31,20,18,22,69,91,62,81,73,1,2,11,22,12,13,13,47,60,47,35,10,0,0,5,6,8,4,5,18,23,0,1,0,0,0,0,1,0,1,0,2,2,8,9,2,0,1,3,2,0,0,4,2,6,1577,19,88,-207,31,433,743,143,Austin,2014-04-09
2015,4,9,92,116,68,3,3,14,16,17,14,17,47,64,50,72,56,0,0,10,9,9,9,10,27,37,35,34,10,3,2,3,6,7,4,5,17,22,1,2,1,0,0,0,0,0,0,0,0,0,6,8,1,0,1,1,1,1,1,2,3,5,1618,19,109,-206,32,350,786,132,Austin,2015-04-09
2016,4,9,105,135,78,13,6,21,24,13,20,27,57,84,55,69,54,4,2,11,11,9,13,13,33,46,43,51,18,9,4,8,10,3,4,12,17,29,1,2,1,0,0,0,2,0,0,0,2,2,6,13,5,0,0,2,1,1,3,2,5,7,1519,17,124,-211,27,385,806,188,Austin,2016-04-09
2017,4,9,113,119,46,11,2,14,17,12,22,16,51,67,62,54,30,2,1,6,10,4,15,7,29,36,40,52,13,6,1,6,6,4,7,7,17,24,2,1,0,0,0,0,0,1,0,0,1,1,9,12,3,3,0,2,1,3,0,2,4,6,1412,13,121,-210,28,327,767,184,Austin,2017-04-09
2018,4,9,121,129,74,11,2,23,23,9,15,25,47,72,78,72,61,5,0,16,16,7,11,16,34,50,29,45,5,6,2,7,5,1,3,9,9,18,1,2,5,0,0,0,0,0,0,0,0,0,13,10,3,0,0,0,2,1,1,0,4,4,1492,23,113,-209,29,354,781,122,Austin,2018-04-09
2019,4,9,127,154,96,10,2,23,24,17,29,25,70,95,75,95,76,2,1,17,14,11,23,18,48,66,40,47,11,7,0,5,7,5,4,5,16,21,2,2,1,1,0,0,0,1,0,0,1,1,10,10,8,0,1,1,3,0,2,2,5,7,1508,22,116,-208,30,403,795,156,Austin,2019-04-09
2020,4,9,78,170,37,19,5,16,20,12,27,21,59,80,59,103,27,5,3,9,15,8,22,12,45,57,15,57,6,10,1,6,5,4,4,7,13,20,0,1,1,0,0,0,0,0,0,0,0,0,4,9,3,4,1,1,0,0,1,2,1,3,1010,16,49,-206,32,340,509,111,Austin,2020-04-09
2021,4,9,110,212,56,19,5,24,9,8,21,29,38,67,64,122,47,5,0,13,4,5,13,13,22,35,36,72,9,10,4,10,5,3,7,14,15,29,0,3,0,1,0,1,0,0,0,1,0,1,10,15,0,3,1,0,0,0,1,1,1,2,1141,12,69,-212,26,334,573,166,Austin,2021-04-09
2022,4,9,103,151,52,20,5,23,8,4,21,28,33,61,64,85,30,4,3,9,3,2,15,12,20,32,35,59,15,15,0,10,5,2,5,10,12,22,0,2,1,0,0,0,0,0,0,0,0,0,4,5,6,1,2,4,0,0,1,6,1,7,971,9,62,-211,27,261,492,164,Austin,2022-04-09
2023,4,9,78,133,46,40,1,32,6,8,37,33,51,84,44,77,26,11,1,17,3,4,27,18,34,52,30,49,16,23,0,12,3,2,8,12,13,25,1,0,0,0,0,0,0,0,1,0,1,1,3,7,4,6,0,3,0,2,1,3,3,6,1008,6,73,-210,28,271,529,139,Austin,2023-04-09
2024,4,9,86,157,94,6,2,22,10,7,21,24,38,62,66,97,75,0,1,13,5,6,15,14,26,40,16,51,8,6,1,8,5,1,5,9,11,20,1,2,2,0,0,0,0,0,0,0,0,0,3,7,9,0,0,1,0,0,1,1,1,2,1080,14,75,-208,30,306,591,120,Austin,2024-04-09
2012,5,9,,,,,,,,,,,,,,,,,,,,,,,,,,,,,,,,,,,,,,,,,,,,,,,,,,,,,,,,,,,,,,,,,,,,,Austin,2012-05-09
2013,5,9,,,,,,,,,,,,,,,,,,,,,,,,,,,,,,,,,,,,,,,,,,,,,,,,,,,,,,,,,,,,,,,,,,,,,Austin,2013-05-09
2014,5,9,133,130,75,4,1,25,30,26,28,26,84,110,86,76,57,0,1,9,22,22,23,10,67,77,36,47,13,2,0,12,5,3,3,12,11,23,0,0,0,0,0,0,0,0,0,0,0,0,11,7,5,2,0,4,3,1,2,4,6,10,1923,14,158,-177,61,451,941,148,Austin,2014-05-09
2015,5,9,99,119,72,10,2,28,11,13,18,30,42,72,51,65,51,3,2,9,5,8,11,11,24,35,36,43,17,5,0,16,5,2,4,16,11,27,2,0,0,0,0,2,0,0,0,2,0,2,10,11,4,2,0,1,1,3,3,1,7,8,1514,13,121,-176,62,343,821,161,Austin,2015-05-09
2016,5,9,115,142,87,11,4,29,27,18,21,33,66,99,70,86,73,3,2,24,21,15,16,26,52,78,37,44,9,6,1,4,4,0,5,5,9,14,0,4,1,0,0,0,0,0,0,0,0,0,8,8,4,2,1,1,2,3,0,2,5,7,1577,12,116,-181,57,414,817,149,Austin,2016-05-09
2017,5,9,95,129,98,5,6,12,26,18,16,18,60,78,60,96,86,2,1,6,20,13,13,7,46,53,23,21,8,2,5,5,4,4,2,10,10,20,1,1,0,0,0,0,1,0,1,0,2,2,11,11,4,1,0,1,1,1,0,1,2,3,1628,21,121,-180,58,418,822,135,Austin,2017-05-09
2018,5,9,110,152,94,5,3,15,22,9,16,18,47,65,86,93,81,4,2,7,13,8,14,9,35,44,15,50,8,1,1,5,7,1,2,6,10,16,0,0,2,0,0,0,0,0,0,0,0,0,9,9,3,0,0,3,2,0,0,3,2,5,1525,11,103,-179,59,417,801,154,Austin,2018-05-09
2019,5,9,101,165,89,10,2,23,23,15,24,25,62,87,70,108,81,5,0,10,17,11,23,10,51,61,24,46,5,3,2,11,5,2,1,13,8,21,1,0,1,0,0,0,0,0,0,0,0,0,6,11,2,2,0,2,1,2,0,2,3,5,1540,27,108,-178,60,383,816,163,Austin,2019-05-09
2020,5,9,97,151,40,24,3,15,13,12,18,18,43,61,56,84,33,5,1,5,9,9,13,6,31,37,35,50,2,16,2,7,3,2,4,9,9,18,0,2,1,0,0,0,0,0,0,0,0,0,6,15,4,3,0,3,1,1,1,3,3,6,1019,12,82,-176,62,280,537,140,Austin,2020-05-09
2021,5,9,127,139,42,20,3,26,7,6,8,29,21,50,63,77,25,3,3,13,3,4,5,16,12,28,48,50,13,14,0,11,4,2,2,11,8,19,1,0,0,1,0,0,0,0,0,0,0,0,15,12,4,2,0,2,0,0,1,2,1,3,963,7,62,-182,56,270,495,165,Austin,2021-05-09
2022,5,9,85,171,49,14,4,20,7,6,24,24,37,61,51,120,34,2,3,13,7,3,19,16,29,45,27,40,12,11,1,6,0,2,4,7,6,13,1,0,0,0,0,0,0,0,0,0,0,0,6,11,3,1,0,1,0,1,1,1,2,3,1044,17,77,-181,57,292,566,139,Austin,2022-05-09
2023,5,9,91,183,60,18,3,14,11,5,33,17,49,66,58,117,52,7,2,7,5,3,27,9,35,44,22,52,5,7,1,4,6,2,5,5,13,18,0,1,0,0,0,0,0,0,0,0,0,0,11,13,3,4,0,3,0,0,1,3,1,4,979,8,79,-180,58,309,475,135,Austin,2023-05-09
2024,5,9,94,202,69,10,2,17,7,11,40,19,58,77,62,142,53,3,2,13,4,3,30,15,37,52,25,44,10,3,0,2,3,4,8,2,15,17,0,0,0,0,0,0,0,1,1,0,2,2,7,16,6,4,0,2,0,3,1,2,4,6,1161,8,97,-178,60,310,627,151,Austin,2024-05-09
2012,6,9,,,,,,,,,,,,,,,,,,,,,,,,,,,,,,,,,,,,,,,,,,,,,,,,,,,,,,,,,,,,,,,,,,,,,Austin,2012-06-09
2013,6,9,,,,,,,,,,,,,,,,,,,,,,,,,,,,,,,,,,,,,,,,,,,,,,,,,,,,,,,,,,,,,,,,,,,,,Austin,2013-06-09
2014,6,9,108,111,89,4,0,22,22,10,14,22,46,68,66,62,79,2,0,12,18,7,10,12,35,47,27,39,8,1,0,7,4,3,3,7,10,17,1,0,0,0,0,0,0,0,1,0,1,1,14,10,2,1,0,3,0,0,0,3,0,3,1465,15,130,-146,92,368,761,123,Austin,2014-06-09
2015,6,9,114,122,85,1,5,27,21,23,16,32,60,92,72,77,78,0,2,14,17,17,15,16,49,65,29,31,3,1,3,10,2,2,1,13,5,18,1,1,0,0,0,0,0,0,0,0,0,0,12,13,4,0,0,3,2,4,0,3,6,9,1647,16,151,-145,93,429,826,124,Austin,2015-06-09
2016,6,9,120,137,87,9,4,16,22,9,17,20,48,68,81,83,74,4,2,8,16,6,12,10,34,44,28,43,9,5,2,5,4,2,3,7,9,16,1,0,2,0,0,0,0,0,0,0,0,0,10,11,2,0,0,3,2,1,2,3,5,8,1597,17,171,-150,88,392,875,145,Austin,2016-06-09
2017,6,9,114,140,89,3,3,25,18,15,17,28,50,78,82,78,71,2,1,15,12,8,10,16,30,46,26,42,13,0,2,9,4,5,5,11,14,25,0,3,1,0,0,0,0,0,1,0,1,1,6,17,4,1,0,1,2,2,1,1,5,6,1677,19,147,-149,89,438,899,124,Austin,2017-06-09
2018,6,9,120,141,70,8,3,30,16,13,18,33,47,80,67,84,54,1,2,17,10,11,12,19,33,52,35,38,11,6,1,10,5,2,3,11,10,21,0,0,1,0,0,0,0,0,0,0,0,0,18,19,4,1,0,3,1,0,3,3,4,7,1470,8,138,-148,90,343,822,180,Austin,2018-06-09
2019,6,9,105,142,63,13,3,26,17,20,21,29,58,87,57,91,42,3,1,11,11,16,11,12,38,50,38,42,18,9,2,13,4,4,5,15,13,28,1,0,0,1,0,0,0,0,1,0,1,1,9,9,3,0,0,2,2,0,4,2,6,8,1446,16,122,-147,91,330,868,152,Austin,2019-06-09
2020,6,9,101,130,42,14,7,16,21,11,22,23,54,77,71,81,29,9,3,12,16,7,14,15,37,52,17,37,9,3,3,3,3,3,4,6,10,16,0,1,1,1,0,0,0,0,2,0,2,2,13,11,3,1,1,1,2,1,2,2,5,7,1009,19,86,-145,93,318,523,137,Austin,2020-06-09
2021,6,9,114,206,58,19,6,22,21,13,26,28,60,88,82,156,51,7,2,8,11,10,22,10,43,53,28,40,5,10,3,10,7,3,2,13,12,25,0,4,1,0,0,1,0,0,0,1,0,1,4,6,1,2,1,3,3,0,2,4,5,9,1129,8,77,-151,87,325,571,193,Austin,2021-06-09
2022,6,9,99,184,54,15,4,17,8,9,32,21,49,70,62,127,45,7,3,10,3,7,26,13,36,49,27,38,7,7,1,7,3,2,2,8,7,15,1,5,0,0,0,0,0,0,1,0,1,1,9,14,2,1,0,0,2,0,3,0,5,5,1139,17,108,-150,88,320,570,152,Austin,2022-06-09
2023,6,9,97,190,79,13,4,17,13,14,33,21,60,81,63,137,62,5,2,10,6,13,25,12,44,56,25,41,12,5,2,2,6,1,6,4,13,17,2,3,0,0,0,0,0,0,0,0,0,0,7,9,5,3,0,5,1,0,2,5,3,8,1167,12,89,-149,89,310,643,139,Austin,2023-06-09
2024,6,9,122,152,63,21,4,23,6,10,21,27,37,64,69,108,38,3,4,11,4,6,20,15,30,45,41,35,19,14,0,8,2,3,1,8,6,14,3,1,1,0,0,0,0,1,0,0,1,1,9,8,5,4,0,4,0,0,0,4,0,4,1078,17,70,-147,91,269,627,131,Austin,2024-06-09
2012,7,9,,,,,,,,,,,,,,,,,,,,,,,,,,,,,,,,,,,,,,,,,,,,,,,,,,,,,,,,,,,,,,,,,,,,,Austin,2012-07-09
2013,7,9,,,,,,,,,,,,,,,,,,,,,,,,,,,,,,,,,,,,,,,,,,,,,,,,,,,,,,,,,,,,,,,,,,,,,Austin,2013-07-09
2014,7,9,105,106,77,8,8,20,21,32,17,28,70,98,68,55,67,1,5,14,16,26,12,19,54,73,23,35,8,4,3,4,4,5,3,7,12,19,0,0,0,0,0,0,0,0,0,0,0,0,14,16,2,3,0,2,1,1,2,2,4,6,1553,8,147,-116,122,393,790,135,Austin,2014-07-09
2015,7,9,104,122,78,7,3,14,20,19,16,17,55,72,72,84,65,2,1,7,16,11,13,8,40,48,27,30,2,3,1,4,3,5,3,5,11,16,0,2,0,0,0,1,1,2,0,1,3,4,5,6,11,2,1,2,0,1,0,3,1,4,1668,20,161,-115,123,403,879,115,Austin,2015-07-09
2016,7,9,118,117,69,13,1,20,14,21,12,21,47,68,65,56,53,4,1,11,6,15,9,12,30,42,39,47,11,9,0,9,7,3,2,9,12,21,0,1,1,0,0,0,1,0,0,0,1,1,14,13,4,0,0,0,0,3,1,0,4,4,1439,14,141,-120,118,349,834,125,Austin,2016-07-09
2017,7,9,115,129,51,4,7,32,16,18,18,39,52,91,60,73,30,2,4,19,10,17,13,23,40,63,47,41,19,1,2,10,4,1,4,12,9,21,0,2,1,0,0,0,0,0,0,0,0,0,8,13,1,1,1,3,2,0,1,4,3,7,1366,11,120,-119,119,355,723,133,Austin,2017-07-09
2018,7,9,97,128,108,16,2,25,33,8,11,27,52,79,63,85,101,8,0,14,27,6,6,14,39,53,25,23,5,4,2,7,5,0,5,9,10,19,1,4,0,0,0,1,0,0,0,1,0,1,8,16,2,4,0,3,1,2,0,3,3,6,1416,16,131,-118,120,365,766,139,Austin,2018-07-09
2019,7,9,113,136,103,15,2,21,22,20,17,23,59,82,75,89,92,5,0,16,14,18,11,16,43,59,25,37,8,10,1,4,6,1,6,5,13,18,1,0,0,0,0,0,0,0,0,0,0,0,12,10,3,0,1,1,2,1,0,2,3,5,1376,13,97,-117,121,371,703,154,Austin,2019-07-09
2020,7,9,87,132,34,12,5,27,22,8,19,32,49,81,53,82,30,3,5,16,18,7,14,21,39,60,27,34,3,7,0,8,4,0,5,8,9,17,2,3,1,0,0,1,0,0,0,1,0,1,5,13,0,2,0,2,0,1,0,2,1,3,1027,13,86,-115,123,352,509,96,Austin,2020-07-09
2021,7,9,105,164,85,15,4,31,11,10,20,35,41,76,67,108,72,6,3,16,8,8,16,19,32,51,24,48,7,8,1,12,2,1,0,13,3,16,1,0,0,0,0,0,0,0,1,0,1,1,13,8,6,1,0,3,1,1,3,3,5,8,1128,7,83,-121,117,361,577,147,Austin,2021-07-09
2022,7,9,110,126,62,24,5,20,10,8,29,25,47,72,67,72,46,8,1,10,7,6,21,11,34,45,33,42,13,16,2,6,3,1,3,8,7,15,0,0,0,0,0,0,0,0,0,0,0,0,10,12,3,0,2,4,0,1,5,6,6,12,1042,7,82,-120,118,280,550,174,Austin,2022-07-09
2023,7,9,113,169,45,18,2,27,16,9,34,29,59,88,75,113,30,3,2,14,11,7,28,16,46,62,27,44,14,11,0,10,4,1,5,10,10,20,0,4,0,0,0,0,0,1,0,0,1,1,11,8,1,4,0,3,1,0,1,3,2,5,1035,8,68,-119,119,303,554,123,Austin,2023-07-09
2024,7,9,87,161,65,17,1,12,5,14,29,13,48,61,60,120,54,9,1,10,2,8,22,11,32,43,18,31,4,7,0,1,2,4,7,1,13,14,0,0,2,0,0,0,0,0,0,0,0,0,9,10,5,1,0,1,1,2,0,1,3,4,1033,17,87,-117,121,293,571,118,Austin,2024-07-09
2012,8,9,,,,,,,,,,,,,,,,,,,,,,,,,,,,,,,,,,,,,,,,,,,,,,,,,,,,,,,,,,,,,,,,,,,,,Austin,2012-08-09
2013,8,9,,,,,,,,,,,,,,,,,,,,,,,,,,,,,,,,,,,,,,,,,,,,,,,,,,,,,,,,,,,,,,,,,,,,,Austin,2013-08-09
2014,8,9,134,137,69,8,4,33,23,27,17,37,67,104,77,75,53,2,1,10,16,17,13,11,46,57,48,47,13,4,2,22,7,10,2,24,19,43,0,0,0,0,0,0,0,0,0,0,0,0,9,15,3,2,1,1,0,0,2,2,2,4,1595,12,129,-85,153,405,827,143,Austin,2014-08-09
2015,8,9,119,99,77,5,2,30,18,17,20,32,55,87,59,42,52,1,0,8,11,12,12,8,35,43,48,42,19,3,1,19,6,4,6,20,16,36,2,2,0,0,0,0,0,0,0,0,0,0,10,13,6,1,1,3,1,1,2,4,4,8,1448,13,129,-84,154,378,777,129,Austin,2015-08-09
2016,8,9,105,164,83,5,4,16,20,18,22,20,60,80,65,98,73,2,2,10,12,16,20,12,48,60,25,53,5,2,2,5,8,2,1,7,11,18,0,3,0,0,0,0,0,0,0,0,0,0,15,10,5,1,0,1,0,0,1,1,1,2,1639,19,129,-89,149,408,884,128,Austin,2016-08-09
2017,8,9,113,146,88,9,0,26,25,13,14,26,52,78,75,93,75,2,0,15,16,12,13,15,41,56,29,45,10,5,0,7,7,0,1,7,8,15,1,2,1,1,0,0,0,0,0,0,0,0,8,6,2,1,0,4,2,1,0,4,3,7,1475,16,99,-88,150,381,795,143,Austin,2017-08-09
2018,8,9,94,131,96,5,5,22,23,17,14,27,54,81,67,75,73,1,3,13,16,11,12,16,39,55,19,38,17,4,2,9,6,4,0,11,10,21,0,2,0,0,0,0,0,0,1,0,1,1,8,16,6,0,0,0,1,2,1,0,4,4,1572,18,131,-87,151,409,817,156,Austin,2018-08-09
2019,8,9,131,140,99,14,4,26,20,18,12,30,50,80,85,84,79,6,4,16,11,15,11,20,37,57,31,43,11,7,0,8,6,3,1,8,10,18,1,3,1,0,0,1,0,0,0,1,0,1,14,10,8,1,0,1,3,0,0,1,3,4,1572,24,111,-86,152,403,858,141,Austin,2019-08-09
2020,8,9,98,150,32,18,5,35,7,11,13,40,31,71,60,76,18,4,2,16,1,9,9,18,19,37,32,62,12,13,3,15,6,1,3,18,10,28,1,1,0,0,0,1,0,0,0,1,0,1,5,11,2,1,0,3,0,1,1,3,2,5,927,12,67,-84,154,289,473,131,Austin,2020-08-09
2021,8,9,109,180,54,13,3,27,15,13,29,30,57,87,68,114,41,5,1,13,10,10,24,14,44,58,29,49,9,8,1,11,3,3,4,12,10,22,3,2,0,0,0,0,0,0,1,0,1,1,9,15,4,0,1,3,2,0,0,4,2,6,1110,16,87,-90,148,360,535,167,Austin,2021-08-09
2022,8,9,78,161,54,14,2,19,13,12,33,21,58,79,51,107,47,5,2,15,6,10,29,17,45,62,17,37,4,6,0,4,7,2,2,4,11,15,0,2,0,0,0,0,0,0,0,0,0,0,10,15,3,3,0,0,0,0,2,0,2,2,991,11,69,-89,149,289,510,148,Austin,2022-08-09
2023,8,9,68,168,57,12,3,19,8,11,46,22,65,87,40,99,45,6,3,10,3,8,30,13,41,54,21,52,8,3,0,9,5,2,14,9,21,30,1,5,2,0,0,0,0,0,0,0,0,0,6,12,2,3,0,0,0,1,2,0,3,3,1040,16,77,-88,150,308,564,108,Austin,2023-08-09
2024,8,9,67,162,71,13,6,21,15,6,24,27,45,72,39,91,54,4,5,10,8,4,16,15,28,43,21,59,9,6,1,11,6,2,5,12,13,25,0,3,0,0,0,0,1,0,1,0,2,2,7,9,8,3,0,0,0,0,2,0,2,2,1162,14,89,-86,152,314,626,130,Austin,2024-08-09
2012,9,9,,,,,,,,,,,,,,,,,,,,,,,,,,,,,,,,,,,,,,,,,,,,,,,,,,,,,,,,,,,,,,,,,,,,,Austin,2012-09-09
2013,9,9,,,,,,,,,,,,,,,,,,,,,,,,,,,,,,,,,,,,,,,,,,,,,,,,,,,,,,,,,,,,,,,,,,,,,Austin,2013-09-09
2014,9,9,102,114,77,7,0,23,27,25,13,23,65,88,62,69,69,1,0,13,16,16,9,13,41,54,27,31,6,4,0,9,8,9,3,9,20,29,3,1,0,0,0,1,0,0,0,1,0,1,10,13,2,2,0,0,3,0,1,0,4,4,1694,22,104,-54,184,434,798,125,Austin,2014-09-09
2015,9,9,102,137,89,4,5,20,13,10,14,25,37,62,60,94,55,1,1,10,9,7,6,11,22,33,28,34,19,3,4,8,4,3,7,12,14,26,0,1,3,0,0,0,0,0,0,0,0,0,14,8,12,0,0,2,0,0,1,2,1,3,1553,15,109,-53,185,379,811,133,Austin,2015-09-09
2016,9,9,124,117,108,6,10,25,21,21,20,35,62,97,71,64,92,2,2,13,12,14,11,15,37,52,40,46,10,3,5,8,7,6,7,13,20,33,1,2,1,0,1,0,0,0,1,1,1,2,12,5,5,1,2,4,2,1,1,6,4,10,1725,22,135,-58,180,406,947,146,Austin,2016-09-09
2017,9,9,115,129,61,19,2,29,23,14,15,31,52,83,69,67,39,5,0,15,9,9,11,15,29,44,36,55,17,13,2,13,12,4,3,15,19,34,0,0,1,0,0,0,0,0,0,0,0,0,10,7,4,1,0,1,2,1,1,1,4,5,1340,10,101,-57,181,308,755,145,Austin,2017-09-09
2018,9,9,100,128,75,12,2,26,33,17,14,28,64,92,52,66,55,4,1,10,22,9,13,11,44,55,41,46,18,7,1,14,11,8,1,15,20,35,0,1,0,0,0,0,0,0,0,0,0,0,7,15,2,1,0,2,0,0,0,2,0,2,1197,6,93,-56,182,311,627,127,Austin,2018-09-09
2019,9,9,98,180,82,5,5,28,21,19,16,33,56,89,60,104,67,2,2,19,18,12,15,21,45,66,29,64,12,3,3,7,3,6,1,10,10,20,0,2,2,0,0,0,0,0,0,0,0,0,9,10,1,0,0,2,0,1,0,2,1,3,1429,19,79,-55,183,372,733,153,Austin,2019-09-09
2020,9,9,96,142,68,11,4,31,13,13,28,35,54,89,56,75,52,5,2,14,7,7,21,16,35,51,29,56,15,6,1,13,4,4,6,14,14,28,2,2,1,0,0,0,1,0,1,0,2,2,9,9,0,0,1,4,1,2,0,5,3,8,975,10,64,-53,185,332,483,129,Austin,2020-09-09
2021,9,9,104,181,67,12,3,14,7,13,19,17,39,56,62,108,55,4,1,10,4,11,10,11,25,36,33,63,9,8,2,3,3,1,7,5,11,16,1,0,1,0,0,0,0,0,0,0,0,0,8,10,2,0,0,1,0,1,2,1,3,4,1080,15,64,-59,179,295,567,153,Austin,2021-09-09
2022,9,9,88,181,60,23,3,21,4,9,38,24,51,75,46,110,45,3,2,13,1,7,24,15,32,47,31,64,13,17,0,7,1,1,11,7,13,20,0,1,0,1,0,0,0,0,2,0,2,2,11,6,2,2,1,1,2,1,1,2,4,6,1116,8,79,-58,180,283,603,164,Austin,2022-09-09
2023,9,9,106,157,61,14,4,20,5,9,38,24,52,76,66,99,37,2,2,9,3,6,27,11,36,47,30,48,20,10,1,10,1,1,11,11,13,24,0,2,0,0,0,0,0,2,0,0,2,2,10,8,4,2,1,1,1,0,0,2,1,3,1036,6,79,-57,181,281,563,134,Austin,2023-09-09
2024,9,9,87,145,59,19,3,17,13,11,27,20,51,71,51,95,45,5,1,10,3,7,20,11,30,41,29,43,11,12,2,5,6,3,6,7,15,22,0,1,0,0,0,1,2,0,0,1,2,3,7,6,3,2,0,1,2,1,1,1,4,5,1060,12,81,-55,183,303,578,114,Austin,2024-09-09
2012,10,9,,,,,,,,,,,,,,,,,,,,,,,,,,,,,,,,,,,,,,,,,,,,,,,,,,,,,,,,,,,,,,,,,,,,,Austin,2012-10-09
2013,10,9,,,,,,,,,,,,,,,,,,,,,,,,,,,,,,,,,,,,,,,,,,,,,,,,,,,,,,,,,,,,,,,,,,,,,Austin,2013-10-09
2014,10,9,83,122,95,5,5,9,18,15,12,14,45,59,49,58,69,2,3,5,12,12,10,8,34,42,28,52,14,3,2,4,5,2,2,6,9,15,3,0,5,0,0,0,0,0,0,0,0,0,3,12,7,0,0,0,1,1,0,0,2,2,1736,25,108,-24,214,411,892,113,Austin,2014-10-09
2015,10,9,105,142,109,3,6,16,21,13,17,22,51,73,59,57,84,0,1,7,16,5,11,8,32,40,40,72,16,3,4,9,5,5,3,13,13,26,0,1,3,0,0,0,0,0,0,0,0,0,6,12,6,0,1,0,0,3,3,1,6,7,1612,15,104,-23,215,354,889,150,Austin,2015-10-09
2016,10,9,124,117,66,6,5,27,14,12,19,32,45,77,51,49,37,1,2,15,7,8,13,17,28,45,62,58,18,5,3,9,4,3,4,12,11,23,0,1,2,0,0,0,0,0,0,0,0,0,11,9,9,0,0,3,3,1,2,3,6,9,1432,11,102,-28,210,348,773,127,Austin,2016-10-09
2017,10,9,140,144,69,10,1,12,17,18,20,13,55,68,89,84,50,1,0,6,10,11,15,6,36,42,43,51,15,9,1,5,5,5,2,6,12,18,0,2,2,0,0,1,1,0,0,1,1,2,8,7,2,0,0,0,1,2,3,0,6,6,1530,17,105,-27,211,397,797,154,Austin,2017-10-09
2018,10,9,87,153,68,6,4,24,25,18,23,28,66,94,57,81,57,2,1,16,18,12,19,17,49,66,24,59,7,3,2,6,6,4,3,8,13,21,0,1,4,0,0,0,0,0,1,0,1,1,6,12,0,1,1,2,1,2,0,3,3,6,1433,18,89,-26,212,388,770,132,Austin,2018-10-09
2019,10,9,99,182,88,7,3,25,32,14,24,28,70,98,59,112,58,2,2,15,18,9,18,17,45,62,36,59,18,5,1,7,12,5,4,8,21,29,0,1,4,0,0,0,0,0,1,0,1,1,4,10,8,0,0,3,2,0,1,3,3,6,1447,18,99,-25,213,426,715,191,Austin,2019-10-09
2020,10,9,119,166,58,14,4,23,9,10,20,27,39,66,63,85,42,4,1,13,7,8,16,14,31,45,45,63,10,10,3,7,2,2,3,10,7,17,2,3,2,0,0,1,0,0,0,1,0,1,9,15,4,0,0,2,0,0,1,2,1,3,1089,21,66,-23,215,332,537,151,Austin,2020-10-09
2021,10,9,95,154,46,20,8,29,2,8,21,37,31,68,47,75,28,3,1,10,1,5,8,11,14,25,42,67,15,16,7,17,1,3,12,24,16,40,2,4,0,0,0,0,0,0,0,0,0,0,4,8,3,1,0,2,0,0,1,2,1,3,1013,11,70,-29,209,269,576,117,Austin,2021-10-09
2022,10,9,103,162,64,31,1,37,11,5,30,38,46,84,47,78,36,7,0,14,3,2,24,14,29,43,47,67,26,22,1,21,7,3,6,22,16,38,2,1,1,0,0,0,0,0,0,0,0,0,7,16,1,2,0,2,1,0,0,2,1,3,1088,10,65,-28,210,328,563,151,Austin,2022-10-09
2023,10,9,80,165,53,11,3,24,3,10,43,27,56,83,46,95,37,1,2,9,1,6,30,11,37,48,21,54,11,8,0,10,2,4,12,10,18,28,4,5,1,0,0,0,0,0,1,0,1,1,9,11,4,2,1,5,0,0,0,6,0,6,1021,17,82,-27,211,297,528,138,Austin,2023-10-09
2024,10,9,82,163,72,11,0,27,18,7,34,27,59,86,48,97,55,1,0,15,4,6,28,15,38,53,26,58,10,8,0,11,12,1,5,11,18,29,3,0,3,0,0,0,1,0,0,0,1,1,5,8,4,2,0,1,1,0,1,1,2,3,1091,11,79,-25,213,316,561,115,Austin,2024-10-09
2012,11,9,,,,,,,,,,,,,,,,,,,,,,,,,,,,,,,,,,,,,,,,,,,,,,,,,,,,,,,,,,,,,,,,,,,,,Austin,2012-11-09
2013,11,9,,,,,,,,,,,,,,,,,,,,,,,,,,,,,,,,,,,,,,,,,,,,,,,,,,,,,,,,,,,,,,,,,,,,,Austin,2013-11-09
2014,11,9,121,93,59,8,6,31,15,21,18,37,54,91,44,35,38,1,3,8,5,6,11,11,22,33,60,51,18,6,3,21,9,14,6,24,29,53,2,0,0,0,0,0,0,0,0,0,0,0,15,7,3,1,0,2,1,1,1,2,3,5,1364,10,90,7,245,362,712,122,Austin,2014-11-09
2015,11,9,92,128,92,3,6,16,28,14,18,22,60,82,44,59,67,0,1,3,21,9,12,4,42,46,39,59,14,2,4,11,4,3,5,15,12,27,0,1,1,0,0,0,1,0,0,0,1,1,9,9,10,1,1,2,2,2,1,3,5,8,1481,14,111,8,246,381,708,130,Austin,2015-11-09
2016,11,9,100,151,101,10,4,14,23,13,11,18,47,65,58,75,69,3,0,5,11,9,7,5,27,32,30,64,21,7,3,7,10,2,3,10,15,25,1,0,1,0,0,0,0,0,0,0,0,0,11,12,10,0,1,2,2,2,1,3,5,8,1498,20,109,3,241,373,772,160,Austin,2016-11-09
2017,11,9,89,128,81,10,1,14,13,10,16,15,39,54,50,64,49,4,0,6,9,3,10,6,22,28,28,55,16,6,1,6,4,6,5,7,15,22,1,1,0,0,0,0,0,0,1,0,1,1,10,8,16,0,0,2,0,1,0,2,1,3,1478,18,101,4,242,340,804,139,Austin,2017-11-09
2018,11,9,91,144,103,7,1,14,34,24,20,15,78,93,59,73,60,3,0,4,22,13,12,4,47,51,26,63,32,4,1,7,9,8,7,8,24,32,0,0,1,0,0,1,0,0,0,1,0,1,6,8,10,0,0,2,3,3,1,2,7,9,1478,12,111,5,243,352,855,158,Austin,2018-11-09
2019,11,9,111,158,74,13,8,29,34,22,18,37,74,111,52,67,55,2,2,9,22,13,9,11,44,55,52,73,17,10,6,17,10,6,6,23,22,45,0,0,0,0,0,0,0,0,1,0,1,1,7,18,2,1,0,3,2,3,2,3,7,10,1303,10,105,6,244,334,701,184,Austin,2019-11-09
2020,11,9,105,160,59,12,4,22,11,10,32,26,53,79,53,70,37,4,1,9,9,5,26,10,40,50,44,73,10,7,3,13,2,5,6,16,13,29,0,3,1,0,0,0,0,0,0,0,0,0,8,14,11,1,0,0,0,0,0,0,0,0,1014,12,80,8,246,345,472,139,Austin,2020-11-09
2021,11,9,66,167,40,10,1,21,7,7,33,22,47,69,42,100,22,2,1,9,2,2,22,10,26,36,20,56,10,7,0,11,4,3,9,11,16,27,2,1,2,0,0,0,0,0,0,0,0,0,2,10,6,1,0,1,1,2,2,1,5,6,917,17,73,2,240,281,456,141,Austin,2021-11-09
2022,11,9,73,190,66,19,2,20,15,6,24,22,45,67,38,108,37,4,1,11,5,2,11,12,18,30,30,70,22,12,1,8,10,4,11,9,25,34,0,2,1,0,0,0,0,0,0,0,0,0,5,10,6,3,0,1,0,0,2,1,2,3,1002,10,67,3,241,310,514,132,Austin,2022-11-09
2023,11,9,75,173,86,9,2,17,13,14,32,19,59,78,39,95,42,3,0,7,2,8,19,7,29,36,31,65,32,6,2,8,9,6,12,10,27,37,1,2,1,0,0,1,1,0,0,1,1,2,4,11,11,0,0,1,1,0,1,1,2,3,1012,17,75,4,242,325,524,122,Austin,2023-11-09
2024,11,9,92,161,79,20,2,34,5,7,22,36,34,70,42,64,48,4,1,11,2,5,21,12,28,40,45,84,20,14,1,17,3,1,1,18,5,23,0,3,0,0,0,1,0,0,0,1,0,1,5,10,11,2,0,5,0,1,0,5,1,6,1083,11,77,6,244,309,549,168,Austin,2024-11-09
2012,12,9,,,,,,,,,,,,,,,,,,,,,,,,,,,,,,,,,,,,,,,,,,,,,,,,,,,,,,,,,,,,,,,,,,,,,Austin,2012-12-09
2013,12,9,,,,,,,,,,,,,,,,,,,,,,,,,,,,,,,,,,,,,,,,,,,,,,,,,,,,,,,,,,,,,,,,,,,,,Austin,2013-12-09
2014,12,9,88,120,83,9,3,16,24,10,12,19,46,65,44,50,56,2,2,8,14,9,8,10,31,41,36,55,10,6,1,8,9,1,3,9,13,22,0,0,0,0,0,0,0,0,0,0,0,0,8,15,17,1,0,0,1,0,1,0,2,2,1635,19,114,37,275,376,722,150,Austin,2014-12-09
2015,12,9,111,122,96,9,3,15,26,22,9,18,57,75,56,65,58,3,1,6,20,15,7,7,42,49,40,46,17,6,2,8,5,4,2,10,11,21,0,1,3,0,0,0,0,0,0,0,0,0,15,10,18,0,0,1,1,3,0,1,4,5,1611,26,134,38,276,381,810,158,Austin,2015-12-09
2016,12,9,86,122,86,8,4,14,20,9,22,18,51,69,32,66,53,0,1,5,10,5,16,6,31,37,47,48,22,7,3,8,8,4,5,11,17,28,1,0,3,0,0,0,0,0,1,0,1,1,6,8,8,1,0,1,2,0,0,1,2,3,1633,19,101,33,271,387,920,113,Austin,2016-12-09
2017,12,9,96,116,75,8,3,27,18,18,11,30,47,77,46,51,40,1,0,7,7,11,7,7,25,32,38,56,26,6,2,19,10,7,4,21,21,42,2,0,0,0,0,0,1,0,0,0,1,1,10,9,9,1,1,1,0,0,0,2,0,2,1361,24,110,34,272,329,749,162,Austin,2017-12-09
2018,12,9,65,124,50,12,1,25,17,16,10,26,43,69,21,46,23,0,0,5,12,9,8,5,29,34,40,74,20,11,1,16,4,5,2,17,11,28,0,1,0,0,0,0,0,0,0,0,0,0,4,3,7,1,0,4,1,2,0,4,3,7,1170,9,76,35,273,362,596,124,Austin,2018-12-09
2019,12,9,107,159,88,10,2,19,28,17,23,21,68,89,46,85,55,4,0,10,16,8,14,10,38,48,51,57,20,5,2,9,11,6,6,11,23,34,0,2,1,0,0,0,1,0,0,0,1,1,10,15,12,1,0,0,0,3,3,0,6,6,1405,21,116,36,274,372,764,142,Austin,2019-12-09
2020,12,9,98,164,58,18,3,22,8,7,23,25,38,63,51,80,36,7,2,12,4,6,17,14,27,41,38,67,13,10,1,10,4,1,4,11,9,20,2,0,0,0,0,0,0,0,0,0,0,0,7,17,9,1,0,0,0,0,2,0,2,2,1040,11,86,38,276,339,488,141,Austin,2020-12-09
2021,12,9,87,143,69,15,0,14,12,9,30,14,51,65,50,63,34,2,0,6,4,4,15,6,23,29,25,67,18,12,0,6,8,4,10,6,22,28,1,2,3,1,0,0,0,1,2,0,3,3,11,11,14,0,0,2,0,0,3,2,3,5,1001,16,95,32,270,280,520,153,Austin,2021-12-09
2022,12,9,90,167,70,26,1,20,10,11,32,21,53,74,41,100,37,4,0,7,4,6,19,7,29,36,42,54,21,22,1,12,6,1,13,13,20,33,2,2,1,0,0,0,0,1,0,0,1,1,5,11,11,0,0,1,0,3,0,1,3,4,1081,13,90,33,271,330,544,151,Austin,2022-12-09
2023,12,9,107,177,82,18,4,17,9,9,28,21,46,67,45,83,32,5,1,4,5,5,18,5,28,33,57,80,36,12,3,13,2,4,7,16,13,29,0,2,1,1,0,0,1,0,1,0,2,2,5,12,13,0,0,0,1,0,2,0,3,3,1100,8,80,34,272,301,582,147,Austin,2023-12-09
2024,12,9,73,120,60,17,1,18,15,10,29,19,54,73,32,62,35,2,0,8,6,6,16,8,28,36,33,53,16,15,0,9,9,3,10,9,22,31,1,0,3,0,1,1,0,0,0,2,0,2,7,5,6,0,0,0,0,1,3,0,4,4,1025,12,80,36,274,285,547,91,Austin,2024-12-09
2012,1,10,,,,,,,,,,,,,,,,,,,,,,,,,,,,,,,,,,,,,,,,,,,,,,,,,,,,,,,,,,,,,,,,,,,,,Austin,2012-01-10
2013,1,10,,,,,,,,,,,,,,,,,,,,,,,,,,,,,,,,,,,,,,,,,,,,,,,,,,,,,,,,,,,,,,,,,,,,,Austin,2013-01-10
2014,1,10,103,103,96,14,6,22,20,24,12,28,56,84,47,51,69,1,2,9,11,12,7,11,30,41,42,44,21,12,4,10,6,11,4,14,21,35,1,0,1,0,0,1,0,0,0,1,0,1,13,8,5,1,0,2,3,1,1,2,5,7,1759,28,126,-296,-58,386,934,147,Austin,2014-01-10
2015,1,10,86,78,54,14,1,21,12,16,5,22,33,55,39,32,30,0,0,7,6,7,2,7,15,22,41,39,19,11,1,12,5,6,2,13,13,26,1,2,1,0,0,0,0,0,0,0,0,0,5,5,4,3,0,2,1,3,1,2,5,7,1206,13,97,-295,-57,304,658,81,Austin,2015-01-10
2016,1,10,117,100,49,13,4,24,16,20,21,28,57,85,49,38,25,2,1,12,7,10,12,13,29,42,54,57,19,11,3,11,7,8,8,14,23,37,0,2,2,0,0,0,0,0,0,0,0,0,14,3,3,0,0,1,2,2,1,1,5,6,1297,17,86,-301,-63,344,653,110,Austin,2016-01-10
2017,1,10,111,153,90,10,5,24,29,20,18,29,67,96,51,76,58,4,3,11,17,14,13,14,44,58,54,66,21,6,2,11,8,5,4,13,17,30,0,1,2,0,0,0,1,0,1,0,2,2,6,10,9,0,0,2,3,1,0,2,4,6,1696,23,116,-299,-61,445,871,157,Austin,2017-01-10
2018,1,10,96,112,71,14,6,19,15,18,23,25,56,81,50,43,35,4,1,10,10,9,13,11,32,43,34,57,20,10,4,9,5,7,8,13,20,33,1,0,6,0,0,0,0,0,1,0,1,1,11,12,10,0,1,0,0,2,1,1,3,4,1308,29,115,-298,-60,340,680,140,Austin,2018-01-10
2019,1,10,88,130,83,14,1,14,25,19,12,15,56,71,50,65,51,3,1,6,14,11,8,7,33,40,29,52,13,10,0,7,8,6,2,7,16,23,0,2,3,1,0,0,2,0,1,0,3,3,9,11,16,0,0,1,1,2,1,1,4,5,1355,18,114,-297,-59,374,711,136,Austin,2019-01-10
2020,1,10,95,159,80,9,8,26,35,14,27,34,76,110,42,78,45,1,3,9,25,9,18,12,52,64,43,64,30,8,4,15,7,5,7,19,19,38,2,1,0,0,0,1,0,0,0,1,0,1,8,16,5,0,1,1,3,0,2,2,5,7,1374,19,92,-296,-58,390,725,146,Austin,2020-01-10
2021,1,10,48,110,71,22,5,17,6,4,11,22,21,43,19,46,58,4,2,9,2,1,6,11,9,20,25,55,6,16,3,5,2,2,4,8,8,16,0,2,3,0,0,0,0,0,1,0,1,1,4,7,4,2,0,3,2,1,0,3,3,6,827,9,68,-301,-63,232,464,101,Austin,2021-01-10
2022,1,10,59,90,43,16,0,22,17,4,39,22,60,82,29,36,25,2,0,8,6,1,26,8,33,41,24,44,15,14,0,12,9,3,9,12,21,33,1,1,1,0,0,1,0,0,0,1,0,1,5,9,2,0,0,1,2,0,4,1,6,7,832,8,49,-300,-62,249,433,104,Austin,2022-01-10
2023,1,10,82,152,53,16,2,18,15,4,19,20,38,58,43,86,38,4,1,7,4,3,14,8,21,29,30,54,12,9,1,11,9,1,4,12,14,26,1,1,0,1,0,0,0,0,1,0,1,1,8,11,3,2,0,0,2,0,0,0,2,2,933,7,74,-299,-61,284,494,108,Austin,2023-01-10
2024,1,10,64,163,56,10,2,17,11,3,38,19,52,71,36,82,38,3,1,9,4,2,27,10,33,43,22,64,7,7,1,7,5,1,8,8,14,22,0,4,1,0,0,0,0,0,1,0,1,1,6,13,10,0,0,1,2,0,2,1,4,5,999,15,83,-298,-60,281,527,99,Austin,2024-01-10
2012,2,10,,,,,,,,,,,,,,,,,,,,,,,,,,,,,,,,,,,,,,,,,,,,,,,,,,,,,,,,,,,,,,,,,,,,,Austin,2012-02-10
2013,2,10,,,,,,,,,,,,,,,,,,,,,,,,,,,,,,,,,,,,,,,,,,,,,,,,,,,,,,,,,,,,,,,,,,,,,Austin,2013-02-10
2014,2,10,71,90,47,3,2,14,32,27,20,16,79,95,27,43,31,0,2,6,23,15,13,8,51,59,37,38,14,3,0,6,7,8,4,6,19,25,0,0,0,0,0,1,0,0,1,1,1,2,7,9,2,0,0,1,2,4,2,1,8,9,1420,24,102,-265,-27,330,747,106,Austin,2014-02-10
2015,2,10,89,127,70,5,1,17,19,12,18,18,49,67,45,75,58,0,0,10,11,9,13,10,33,43,32,43,8,5,1,6,8,2,4,7,14,21,0,0,2,0,0,0,0,0,0,0,0,0,12,9,2,0,0,1,0,1,1,1,2,3,1417,8,91,-264,-26,379,717,106,Austin,2015-02-10
2016,2,10,106,135,104,4,1,22,32,10,12,23,54,77,55,62,73,4,0,10,19,6,7,10,32,42,40,63,19,0,1,9,9,2,4,10,15,25,0,1,3,0,0,1,1,0,0,1,1,2,11,9,9,0,0,2,3,2,1,2,6,8,1676,29,106,-270,-32,392,842,129,Austin,2016-02-10
2017,2,10,116,134,95,9,3,22,20,15,19,25,54,79,58,72,68,3,1,9,10,7,11,10,28,38,49,52,15,6,1,11,10,5,6,12,21,33,1,0,5,0,0,0,0,0,0,0,0,0,8,10,7,0,1,2,0,3,2,3,5,8,1778,22,123,-268,-30,438,952,140,Austin,2017-02-10
2018,2,10,105,116,55,10,4,28,18,10,7,32,35,67,56,51,36,5,1,11,9,4,3,12,16,28,39,59,12,4,3,16,9,3,2,19,14,33,1,1,1,1,0,0,0,0,0,0,0,0,9,5,6,0,0,1,0,3,2,1,5,6,1297,14,101,-267,-29,322,745,113,Austin,2018-02-10
2019,2,10,88,104,70,5,5,27,14,13,22,32,49,81,34,41,40,1,0,15,9,9,15,15,33,48,50,54,22,3,5,9,5,3,6,14,14,28,0,1,2,0,0,1,0,0,0,1,0,1,4,8,6,1,0,2,0,1,1,2,2,4,1211,9,78,-266,-28,321,654,111,Austin,2019-02-10
2020,2,10,105,159,94,6,4,16,28,11,29,20,68,88,68,83,54,3,3,9,17,6,22,12,45,57,28,66,31,3,0,6,6,5,6,6,17,23,1,2,4,0,0,0,2,0,1,0,3,3,8,8,5,0,1,1,3,0,0,2,3,5,1443,26,88,-265,-27,410,711,162,Austin,2020-02-10
2021,2,10,88,144,40,6,5,16,5,8,21,21,34,55,48,77,24,3,2,7,3,6,13,9,22,31,34,62,11,3,1,7,1,2,5,8,8,16,0,1,1,0,0,0,1,0,0,0,1,1,6,4,4,0,2,2,0,0,3,4,3,7,907,16,56,-270,-32,282,432,125,Austin,2021-02-10
2022,2,10,77,151,68,11,1,20,12,11,21,21,44,65,42,82,47,2,0,10,5,6,13,10,24,34,31,52,12,7,1,7,6,5,5,8,16,24,0,3,3,0,0,0,0,0,0,0,0,0,4,14,6,2,0,3,1,0,3,3,4,7,943,16,77,-269,-31,293,478,124,Austin,2022-02-10
2023,2,10,70,177,65,14,6,13,16,5,31,19,52,71,38,100,36,0,2,6,8,4,18,8,30,38,27,59,15,13,3,7,8,0,13,10,21,31,0,5,0,0,0,0,0,0,0,0,0,0,5,13,14,1,1,0,0,1,0,1,1,2,1022,17,78,-268,-30,323,531,108,Austin,2023-02-10
2024,2,10,77,140,76,15,3,21,7,3,25,24,35,59,31,63,47,2,1,10,1,2,20,11,23,34,42,68,23,12,2,9,6,1,3,11,10,21,0,0,1,0,0,0,0,0,0,0,0,0,4,9,5,1,0,2,0,0,2,2,2,4,963,2,60,-267,-29,262,493,131,Austin,2024-02-10
2012,3,10,,,,,,,,,,,,,,,,,,,,,,,,,,,,,,,,,,,,,,,,,,,,,,,,,,,,,,,,,,,,,,,,,,,,,Austin,2012-03-10
2013,3,10,,,,,,,,,,,,,,,,,,,,,,,,,,,,,,,,,,,,,,,,,,,,,,,,,,,,,,,,,,,,,,,,,,,,,Austin,2013-03-10
2014,3,10,99,122,54,10,2,23,33,10,25,25,68,93,41,59,38,0,2,14,21,7,18,16,46,62,46,56,12,10,0,9,9,3,6,9,18,27,0,0,2,0,0,0,0,0,1,0,1,1,12,7,2,0,0,0,3,0,0,0,3,3,1619,16,111,-237,1,359,826,131,Austin,2014-03-10
2015,3,10,104,130,63,2,1,24,23,15,10,25,48,73,72,68,50,0,0,14,14,12,7,14,33,47,30,48,9,2,1,10,7,3,3,11,13,24,0,2,2,0,0,0,0,0,0,0,0,0,2,12,2,0,0,0,2,0,0,0,2,2,1648,29,92,-236,2,380,797,137,Austin,2015-03-10
2016,3,10,105,106,109,3,2,15,19,11,18,17,48,65,65,48,75,1,0,11,12,8,13,11,33,44,34,38,24,2,2,4,6,1,3,6,10,16,0,1,1,0,0,0,0,1,0,0,1,1,6,19,9,0,0,0,1,1,2,0,4,4,1484,18,94,-241,-3,383,764,126,Austin,2016-03-10
2017,3,10,126,104,90,8,4,22,27,11,22,26,60,86,71,55,71,3,3,9,21,5,14,12,40,52,44,37,16,4,1,12,5,6,7,13,18,31,1,2,0,0,0,0,0,0,1,0,1,1,10,10,3,1,0,1,1,0,0,1,1,2,1778,12,105,-240,-2,432,958,143,Austin,2017-03-10
2018,3,10,127,121,73,11,4,32,19,13,10,36,42,78,69,61,40,3,1,12,8,6,6,13,20,33,49,52,24,6,2,20,10,7,2,22,19,41,0,1,0,0,0,0,1,0,0,0,1,1,9,7,9,2,1,0,0,0,2,1,2,3,1554,11,117,-239,-1,338,890,169,Austin,2018-03-10
2019,3,10,122,131,56,8,5,33,13,17,13,38,43,81,50,59,39,2,1,10,7,13,11,11,31,42,61,60,13,6,4,21,5,3,2,25,10,35,2,3,0,0,0,0,0,0,0,0,0,0,9,9,4,0,0,2,1,1,0,2,2,4,1394,15,91,-238,0,342,756,142,Austin,2019-03-10
2020,3,10,93,192,86,13,8,20,17,20,24,28,61,89,54,113,63,3,3,12,10,13,14,15,37,52,32,66,16,8,5,6,6,5,8,11,19,30,2,2,5,0,0,0,0,0,2,0,2,2,5,11,2,2,0,2,1,2,0,2,3,5,1481,31,92,-236,2,439,704,160,Austin,2020-03-10
2021,3,10,86,151,27,15,2,23,14,9,23,25,46,71,40,84,21,4,0,9,9,9,15,9,33,42,41,51,3,9,1,12,5,0,5,13,10,23,0,1,1,1,0,0,0,0,1,0,1,1,5,15,2,1,1,2,0,0,2,3,2,5,994,6,69,-242,-4,289,513,136,Austin,2021-03-10
2022,3,10,80,136,49,18,0,12,13,14,41,12,68,80,40,75,30,3,0,4,9,9,31,4,49,53,33,46,13,15,0,2,4,4,7,2,15,17,0,1,0,0,0,1,0,0,1,1,1,2,7,14,6,0,0,5,0,1,2,5,3,8,1029,10,79,-241,-3,318,514,122,Austin,2022-03-10
2023,3,10,96,170,68,22,3,23,5,9,25,26,39,65,50,104,47,8,1,11,0,6,17,12,23,35,38,58,15,11,1,9,5,3,8,10,16,26,0,0,0,0,0,0,0,0,0,0,0,0,8,8,6,3,1,3,0,0,0,4,0,4,1131,8,73,-240,-2,305,615,137,Austin,2023-03-10
2024,3,10,94,140,50,24,5,19,6,7,23,24,36,60,43,71,34,4,4,7,1,3,18,11,22,33,45,58,11,19,1,12,5,4,4,13,13,26,0,2,0,0,0,0,0,0,0,0,0,0,6,9,5,1,0,0,0,0,1,0,1,1,955,8,68,-238,0,249,507,131,Austin,2024-03-10
2012,4,10,,,,,,,,,,,,,,,,,,,,,,,,,,,,,,,,,,,,,,,,,,,,,,,,,,,,,,,,,,,,,,,,,,,,,Austin,2012-04-10
2013,4,10,,,,,,,,,,,,,,,,,,,,,,,,,,,,,,,,,,,,,,,,,,,,,,,,,,,,,,,,,,,,,,,,,,,,,Austin,2013-04-10
2014,4,10,104,123,91,2,4,23,37,18,16,27,71,98,54,70,79,1,2,10,26,12,12,12,50,62,32,45,6,1,2,11,8,5,4,13,17,30,1,1,1,0,0,0,0,0,0,0,0,0,17,7,5,0,0,2,3,1,0,2,4,6,1646,20,115,-206,32,431,853,137,Austin,2014-04-10
2015,4,10,112,123,127,5,2,23,29,23,18,25,70,95,62,65,105,2,1,13,19,19,12,14,50,64,41,44,14,2,1,10,8,4,5,11,17,28,0,0,3,0,0,0,0,0,1,0,1,1,9,14,5,1,0,0,2,0,0,0,2,2,1766,21,146,-205,33,439,876,149,Austin,2015-04-10
2016,4,10,115,134,57,12,6,43,24,23,19,49,66,115,47,70,37,4,4,17,10,18,10,21,38,59,65,53,15,7,2,21,11,5,6,23,22,45,1,1,1,0,0,2,1,0,0,2,1,3,2,10,4,1,0,3,2,0,3,3,5,8,1405,12,93,-210,28,397,678,180,Austin,2016-04-10
2017,4,10,105,131,110,5,1,26,20,19,14,27,53,80,78,82,92,3,0,11,13,15,9,11,37,48,21,42,11,2,1,10,6,4,4,11,14,25,1,0,1,0,0,0,0,0,0,0,0,0,5,7,6,0,0,5,1,0,1,5,2,7,1618,24,96,-209,29,420,844,135,Austin,2017-04-10
2018,4,10,118,131,85,11,2,22,22,17,20,24,59,83,77,80,74,5,0,15,17,10,13,15,40,55,30,40,8,6,2,6,3,5,6,8,14,22,0,3,1,0,0,0,0,0,0,0,0,0,11,8,2,0,0,1,2,2,1,1,5,6,1528,13,105,-208,30,410,789,126,Austin,2018-04-10
2019,4,10,101,156,81,9,2,23,24,15,25,25,64,89,70,75,66,0,2,9,17,10,23,11,50,61,25,67,7,5,0,11,7,3,2,11,12,23,0,1,4,0,0,1,0,0,0,1,0,1,6,13,4,4,0,2,0,2,0,2,2,4,1593,28,108,-207,31,415,845,154,Austin,2019-04-10
2020,4,10,76,172,31,24,1,14,24,4,24,15,52,67,53,105,19,6,1,9,16,3,19,10,38,48,15,56,9,16,0,5,5,1,3,5,9,14,0,2,0,0,0,0,0,0,1,0,1,1,8,9,3,2,0,0,3,0,1,0,4,4,1038,16,76,-205,33,302,534,155,Austin,2020-04-10
2021,4,10,112,150,72,25,4,27,11,5,16,31,32,63,65,78,49,5,3,12,4,3,11,15,18,33,38,61,16,17,1,15,6,1,4,16,11,27,1,3,0,0,0,0,0,0,0,0,0,0,8,8,7,3,0,0,1,1,1,0,3,3,1069,11,63,-211,27,296,553,182,Austin,2021-04-10
2022,4,10,94,130,42,26,5,25,6,7,26,30,39,69,47,74,24,9,4,16,3,6,19,20,28,48,36,46,15,15,1,7,3,0,4,8,7,15,0,0,0,0,0,0,0,0,0,0,0,0,11,10,3,2,0,2,0,1,3,2,4,6,981,7,78,-210,28,280,508,160,Austin,2022-04-10
2023,4,10,81,168,47,20,4,13,5,5,32,17,42,59,54,111,39,5,3,5,3,3,21,8,27,35,21,37,7,12,1,7,2,1,7,8,10,18,1,1,0,0,0,0,0,1,0,0,1,1,5,19,1,3,0,1,0,0,4,1,4,5,1050,12,83,-209,29,319,518,125,Austin,2023-04-10
2024,4,10,94,156,61,16,4,15,16,10,24,19,50,69,63,98,46,6,1,6,10,7,18,7,35,42,24,48,12,10,3,7,6,3,4,10,13,23,0,4,1,0,0,0,0,0,0,0,0,0,7,6,2,0,0,2,0,0,2,2,2,4,1035,12,74,-207,31,298,538,127,Austin,2024-04-10
2012,5,10,,,,,,,,,,,,,,,,,,,,,,,,,,,,,,,,,,,,,,,,,,,,,,,,,,,,,,,,,,,,,,,,,,,,,Austin,2012-05-10
2013,5,10,,,,,,,,,,,,,,,,,,,,,,,,,,,,,,,,,,,,,,,,,,,,,,,,,,,,,,,,,,,,,,,,,,,,,Austin,2013-05-10
2014,5,10,143,120,74,3,2,30,23,20,16,32,59,91,86,67,56,1,2,15,10,13,9,17,32,49,45,45,14,2,0,13,12,6,6,13,24,37,1,0,0,0,0,1,0,0,0,1,0,1,11,8,4,0,0,1,1,1,1,1,3,4,1755,8,143,-176,62,400,863,167,Austin,2014-05-10
2015,5,10,99,104,60,5,4,37,17,15,13,41,45,86,53,53,39,1,2,17,11,10,10,19,31,50,37,44,16,3,2,18,5,4,3,20,12,32,0,0,0,0,0,0,0,0,0,0,0,0,9,7,5,1,0,2,1,1,0,2,2,4,1303,12,99,-175,63,306,723,119,Austin,2015-05-10
2016,5,10,94,138,90,4,2,18,22,18,9,20,49,69,54,85,80,1,1,9,16,11,8,10,35,45,31,42,6,3,1,5,4,3,1,6,8,14,2,1,1,0,0,0,0,0,0,0,0,0,7,10,3,0,0,4,2,4,0,4,6,10,1559,15,114,-180,58,383,834,139,Austin,2016-05-10
2017,5,10,112,155,82,6,3,20,30,18,13,23,61,84,63,105,65,2,2,12,19,15,11,14,45,59,35,39,12,2,1,7,11,1,2,8,14,22,0,1,2,0,0,0,0,0,0,0,0,0,14,10,3,2,0,1,0,2,0,1,2,3,1609,19,122,-179,59,445,795,132,Austin,2017-05-10
2018,5,10,97,131,99,4,1,25,27,17,17,26,61,87,64,76,81,2,0,13,22,13,11,13,46,59,22,41,13,2,1,10,4,1,6,11,11,22,1,1,0,0,0,0,0,0,0,0,0,0,10,13,5,0,0,2,1,3,0,2,4,6,1601,15,131,-178,60,390,810,159,Austin,2018-05-10
2019,5,10,120,150,92,13,0,19,17,14,17,19,48,67,79,94,76,4,0,11,12,8,11,11,31,42,34,41,11,9,0,7,4,4,5,7,13,20,0,2,0,0,0,0,0,0,0,0,0,0,7,13,5,0,0,1,1,2,1,1,4,5,1586,18,119,-177,61,392,864,163,Austin,2019-05-10
2020,5,10,93,135,31,16,3,31,10,12,21,34,43,77,44,70,15,7,2,17,8,7,15,19,30,49,40,48,10,8,1,11,2,5,5,12,12,24,0,2,0,0,0,0,0,0,0,0,0,0,9,15,6,1,0,3,0,0,1,3,1,4,965,12,97,-175,63,282,489,135,Austin,2020-05-10
2021,5,10,109,169,42,14,4,25,13,7,34,29,54,83,74,115,35,3,0,16,7,7,25,16,39,55,26,39,6,10,3,5,4,0,7,8,11,19,1,0,0,0,0,2,0,0,0,2,0,2,8,15,1,1,1,2,2,0,2,3,4,7,988,9,67,-181,57,319,485,138,Austin,2021-05-10
2022,5,10,103,169,64,14,3,33,13,12,21,36,46,82,70,104,52,8,3,17,5,9,18,20,32,52,20,55,6,4,0,12,6,2,2,12,10,22,2,1,2,0,0,0,0,0,0,0,0,0,11,9,4,2,0,4,2,1,1,4,4,8,1078,18,85,-180,58,307,565,134,Austin,2022-05-10
2023,5,10,94,183,64,10,4,16,8,8,30,20,46,66,65,119,51,4,3,13,5,6,21,16,32,48,20,51,7,4,0,2,3,2,8,2,13,15,0,1,2,0,0,0,0,0,0,0,0,0,9,12,4,2,1,1,0,0,1,2,1,3,1001,8,83,-179,59,293,516,137,Austin,2023-05-10
2024,5,10,78,187,69,21,2,29,6,7,22,31,35,66,49,125,49,3,1,22,5,4,17,23,26,49,24,49,8,12,1,6,1,2,4,7,7,14,0,2,3,0,0,0,0,0,0,0,0,0,5,11,9,6,0,1,0,1,1,1,2,3,1141,13,94,-177,61,335,582,131,Austin,2024-05-10
2012,6,10,,,,,,,,,,,,,,,,,,,,,,,,,,,,,,,,,,,,,,,,,,,,,,,,,,,,,,,,,,,,,,,,,,,,,Austin,2012-06-10
2013,6,10,,,,,,,,,,,,,,,,,,,,,,,,,,,,,,,,,,,,,,,,,,,,,,,,,,,,,,,,,,,,,,,,,,,,,Austin,2013-06-10
2014,6,10,124,112,82,3,3,15,28,23,11,18,62,80,78,62,74,1,3,7,21,18,9,10,48,58,31,42,4,2,0,6,7,5,2,6,14,20,0,0,0,0,0,0,0,0,0,0,0,0,15,8,4,0,0,2,0,0,0,2,0,2,1601,16,112,-145,93,413,827,130,Austin,2014-06-10
2015,6,10,121,109,81,3,0,19,28,21,17,19,66,85,85,76,72,0,0,12,20,15,9,12,44,56,23,26,5,3,0,6,6,2,5,6,13,19,1,1,0,0,0,0,0,0,0,0,0,0,12,6,4,0,0,1,2,4,3,1,9,10,1621,19,139,-144,94,373,835,150,Austin,2015-06-10
2016,6,10,98,137,99,3,7,30,29,25,26,37,80,117,67,86,81,1,3,17,21,21,22,20,64,84,18,43,11,2,4,8,6,2,3,12,11,23,0,1,1,0,0,0,0,0,0,0,0,0,13,7,6,0,0,5,2,2,1,5,5,10,1629,16,154,-149,89,406,866,131,Austin,2016-06-10
2017,6,10,99,124,68,7,8,34,31,11,22,42,64,106,55,75,51,1,2,20,17,7,17,22,41,63,34,44,11,6,6,11,13,1,3,17,17,34,1,0,0,0,0,0,0,0,0,0,0,0,9,5,6,0,0,3,1,3,2,3,6,9,1487,9,141,-148,90,365,847,150,Austin,2017-06-10
2018,6,10,103,128,47,7,2,31,24,13,16,33,53,86,63,85,33,3,1,14,19,5,12,15,36,51,29,34,12,4,0,13,3,7,3,13,13,26,0,2,0,0,0,1,0,0,0,1,0,1,11,7,2,0,1,3,2,1,1,4,4,8,1333,12,121,-147,91,341,757,138,Austin,2018-06-10
2019,6,10,129,148,81,5,0,14,29,12,29,14,70,84,86,97,67,1,0,10,21,6,22,10,49,59,32,35,9,3,0,3,6,3,4,3,13,16,0,2,1,0,0,0,0,0,1,0,1,1,11,14,4,1,0,1,2,3,2,1,7,8,1486,28,111,-146,92,413,796,124,Austin,2019-06-10
2020,6,10,92,154,31,10,2,26,21,15,28,28,64,92,54,82,24,4,1,19,13,11,21,20,45,65,28,56,3,5,1,6,7,4,4,7,15,22,0,3,0,0,0,0,0,0,1,0,1,1,10,13,4,1,0,1,1,0,2,1,3,4,979,9,90,-144,94,283,508,140,Austin,2020-06-10
2021,6,10,101,182,53,22,3,21,9,5,22,24,36,60,57,108,45,8,1,5,2,3,15,6,20,26,32,56,6,13,1,10,5,1,5,11,11,22,1,4,0,0,0,1,0,0,0,1,0,1,11,14,2,1,1,5,2,1,2,6,5,11,1139,14,107,-150,88,297,615,164,Austin,2021-06-10
2022,6,10,87,184,77,24,5,28,11,8,39,33,58,91,54,121,60,5,2,25,4,7,28,27,39,66,29,43,10,14,2,3,6,1,7,5,14,19,0,5,0,0,0,0,0,0,0,0,0,0,4,15,7,5,1,0,1,0,4,1,5,6,1179,15,99,-149,89,348,627,157,Austin,2022-06-10
2023,6,10,110,168,62,33,1,27,5,9,34,28,48,76,59,103,41,8,0,15,0,7,28,15,35,50,36,54,16,23,0,10,4,2,3,10,9,19,4,2,0,0,0,0,0,0,0,0,0,0,11,9,5,2,1,2,1,0,3,3,4,7,1124,13,76,-148,90,321,565,181,Austin,2023-06-10
2024,6,10,87,211,80,11,3,20,8,9,27,23,44,67,62,126,61,1,3,8,6,8,18,11,32,43,15,61,12,9,0,10,2,1,5,10,8,18,0,4,1,0,0,0,0,0,0,0,0,0,10,20,6,1,0,2,0,0,4,2,4,6,1114,17,99,-146,92,310,589,158,Austin,2024-06-10
2012,7,10,,,,,,,,,,,,,,,,,,,,,,,,,,,,,,,,,,,,,,,,,,,,,,,,,,,,,,,,,,,,,,,,,,,,,Austin,2012-07-10
2013,7,10,,,,,,,,,,,,,,,,,,,,,,,,,,,,,,,,,,,,,,,,,,,,,,,,,,,,,,,,,,,,,,,,,,,,,Austin,2013-07-10
2014,7,10,99,119,88,5,0,24,20,23,16,24,59,83,62,66,78,1,0,12,11,18,12,12,41,53,25,42,5,2,0,8,4,3,4,8,11,19,0,1,0,0,0,1,0,0,0,1,0,1,12,10,5,2,0,3,5,2,0,3,7,10,1603,6,165,-115,123,373,837,137,Austin,2014-07-10
2015,7,10,98,126,87,8,4,24,21,13,15,28,49,77,64,79,62,0,3,15,15,7,11,18,33,51,25,34,17,7,1,9,3,3,2,10,8,18,1,0,0,0,0,0,0,0,2,0,2,2,8,13,8,1,0,0,3,3,0,0,6,6,1710,21,170,-114,124,374,947,135,Austin,2015-07-10
2016,7,10,124,111,59,13,3,25,18,10,17,28,45,73,67,55,47,7,1,15,12,8,9,16,29,45,40,42,9,5,2,10,6,1,6,12,13,25,1,2,0,0,0,0,0,0,0,0,0,0,16,12,3,1,0,0,0,1,2,0,3,3,1387,11,142,-119,119,354,779,124,Austin,2016-07-10
2017,7,10,94,148,88,8,0,24,30,11,21,24,62,86,67,91,76,1,0,17,19,9,19,17,47,64,18,43,8,6,0,5,9,2,1,5,12,17,2,0,0,0,0,0,0,0,0,0,0,0,7,14,4,1,0,2,2,0,1,2,3,5,1623,12,125,-118,120,401,882,126,Austin,2017-07-10
2018,7,10,102,129,67,6,2,19,36,11,15,21,62,83,77,69,58,1,2,10,24,10,12,12,46,58,17,47,3,4,0,8,11,0,1,8,12,20,1,1,1,0,0,0,0,0,1,0,1,1,7,12,5,1,0,1,1,1,1,1,3,4,1509,19,160,-117,121,372,778,145,Austin,2018-07-10
2019,7,10,112,148,87,9,5,15,29,18,19,20,66,86,76,99,73,4,1,14,19,12,17,15,48,63,26,32,5,3,3,1,5,3,2,4,10,14,0,1,1,0,0,0,1,0,0,0,1,1,10,16,8,2,1,0,4,3,0,1,7,8,1432,19,130,-116,122,375,728,159,Austin,2019-07-10
2020,7,10,83,153,45,11,0,23,19,10,22,23,51,74,48,106,34,4,0,14,13,6,17,14,36,50,23,30,8,7,0,8,5,3,4,8,12,20,1,3,0,0,0,0,0,0,0,0,0,0,11,14,3,0,0,1,1,1,1,1,3,4,1013,11,83,-114,124,282,518,146,Austin,2020-07-10
2021,7,10,105,171,71,32,1,30,7,8,20,31,35,66,49,95,47,11,0,14,5,4,10,14,19,33,45,59,15,17,1,14,1,3,7,15,11,26,0,0,1,0,0,1,1,0,0,1,1,2,11,17,8,4,0,1,0,1,3,1,4,5,1080,18,106,-120,118,301,571,174,Austin,2021-07-10
2022,7,10,104,155,42,21,5,25,8,13,30,30,51,81,58,101,26,6,3,13,4,9,26,16,39,55,37,39,9,14,1,12,3,3,3,13,9,22,1,3,0,0,0,0,1,0,0,0,1,1,8,12,7,1,1,0,0,1,1,1,2,3,999,13,98,-119,119,274,542,132,Austin,2022-07-10
2023,7,10,94,157,63,17,2,14,19,7,30,16,56,72,66,104,53,4,1,6,8,4,24,7,36,43,22,38,6,10,1,4,10,1,4,5,15,20,0,3,3,0,0,0,0,0,0,0,0,0,6,12,1,3,0,4,1,2,2,4,5,9,1083,15,94,-118,120,308,565,130,Austin,2023-07-10
2024,7,10,95,159,49,12,2,18,10,12,28,20,50,70,58,107,39,6,1,9,4,8,20,10,32,42,22,38,5,6,0,6,6,4,6,6,16,22,2,1,0,0,1,0,0,0,1,1,1,2,13,13,5,0,0,3,0,0,1,3,1,4,996,16,79,-116,122,270,555,108,Austin,2024-07-10
2012,8,10,,,,,,,,,,,,,,,,,,,,,,,,,,,,,,,,,,,,,,,,,,,,,,,,,,,,,,,,,,,,,,,,,,,,,Austin,2012-08-10
2013,8,10,,,,,,,,,,,,,,,,,,,,,,,,,,,,,,,,,,,,,,,,,,,,,,,,,,,,,,,,,,,,,,,,,,,,,Austin,2013-08-10
2014,8,10,128,100,69,10,3,26,25,16,17,29,58,87,65,37,50,1,0,11,17,8,11,11,36,47,44,50,14,8,3,14,8,6,4,17,18,35,1,4,0,0,0,0,0,1,0,0,1,1,18,9,5,1,0,1,0,1,2,1,3,4,1435,17,121,-84,154,356,759,136,Austin,2014-08-10
2015,8,10,103,103,59,2,7,22,25,24,16,29,65,94,72,55,51,0,2,13,16,16,11,15,43,58,25,36,5,1,5,6,8,7,4,11,19,30,0,2,0,0,0,0,0,0,1,0,1,1,6,10,3,1,0,3,1,1,0,3,2,5,1576,17,126,-83,155,397,792,113,Austin,2015-08-10
2016,8,10,109,142,91,7,2,16,18,14,23,18,55,73,67,90,84,0,1,6,13,8,16,7,37,44,30,43,3,4,0,9,3,4,6,9,13,22,1,1,0,0,0,0,0,0,0,0,0,0,11,8,4,3,1,1,2,2,1,2,5,7,1575,9,109,-88,150,413,819,111,Austin,2016-08-10
2017,8,10,117,141,89,6,2,19,17,16,15,21,48,69,67,85,81,4,2,8,14,8,8,10,30,40,37,45,5,1,0,5,3,5,6,5,14,19,0,0,0,0,0,0,0,0,0,0,0,0,13,11,3,1,0,6,0,3,1,6,4,10,1524,14,114,-87,151,382,839,133,Austin,2017-08-10
2018,8,10,108,142,81,8,6,16,19,7,19,22,45,67,75,81,66,4,1,8,13,5,18,9,36,45,27,44,10,4,5,8,5,2,1,13,8,21,1,0,3,0,0,0,1,0,0,0,1,1,5,17,2,0,0,0,0,0,0,0,0,0,1507,13,104,-86,152,342,858,147,Austin,2018-08-10
2019,8,10,115,179,82,8,4,45,18,18,16,49,52,101,61,97,66,0,2,23,14,12,8,25,34,59,46,67,12,8,2,17,3,6,5,19,14,33,0,1,1,0,0,0,0,0,1,0,1,1,8,14,3,0,0,5,1,0,2,5,3,8,1356,15,109,-85,153,396,711,154,Austin,2019-08-10
2020,8,10,79,128,43,12,6,29,4,19,35,35,58,93,45,74,34,4,2,17,2,13,27,19,42,61,23,40,8,4,2,10,0,6,6,12,12,24,1,2,1,1,1,0,0,0,1,1,1,2,10,12,0,3,1,2,2,0,1,3,3,6,1056,17,75,-83,155,355,523,98,Austin,2020-08-10
2021,8,10,61,180,54,7,3,14,9,8,17,17,34,51,36,103,43,3,1,6,4,6,13,7,23,30,21,63,8,4,2,6,5,1,3,8,9,17,1,1,2,0,0,0,0,0,0,0,0,0,3,13,1,0,0,2,0,1,1,2,2,4,998,11,80,-89,149,306,522,118,Austin,2021-08-10
2022,8,10,78,175,52,7,3,14,11,13,31,17,55,72,48,102,40,2,3,8,6,11,23,11,40,51,21,56,7,4,0,6,5,2,5,6,12,18,2,3,0,1,0,0,0,0,0,0,0,0,7,14,5,0,0,0,0,0,3,0,3,3,998,11,69,-88,150,270,524,133,Austin,2022-08-10
2023,8,10,111,171,50,12,4,24,8,6,30,28,44,72,68,112,38,3,3,16,3,6,23,19,32,51,34,45,10,7,0,7,4,0,4,7,8,15,0,0,0,0,0,0,1,0,1,0,2,2,9,14,2,2,1,1,0,0,2,2,2,4,1024,11,69,-87,151,289,550,120,Austin,2023-08-10
2024,8,10,100,158,58,19,2,22,12,9,17,24,38,62,55,90,43,2,1,14,5,8,14,15,27,42,35,55,10,14,1,8,7,0,2,9,9,18,0,1,2,0,0,0,0,0,1,0,1,1,10,12,3,3,0,0,0,1,0,0,1,1,1017,7,72,-85,153,220,604,129,Austin,2024-08-10
2012,9,10,,,,,,,,,,,,,,,,,,,,,,,,,,,,,,,,,,,,,,,,,,,,,,,,,,,,,,,,,,,,,,,,,,,,,Austin,2012-09-10
2013,9,10,,,,,,,,,,,,,,,,,,,,,,,,,,,,,,,,,,,,,,,,,,,,,,,,,,,,,,,,,,,,,,,,,,,,,Austin,2013-09-10
2014,9,10,108,97,86,3,2,17,18,23,16,19,57,76,64,47,72,0,1,11,14,16,13,12,43,55,34,42,8,3,0,3,2,5,2,3,9,12,2,1,2,0,1,0,0,0,1,1,1,2,8,7,4,0,0,3,2,2,0,3,4,7,1646,36,94,-53,185,405,877,144,Austin,2014-09-10
2015,9,10,85,119,109,3,2,19,14,19,5,21,38,59,49,72,89,1,0,8,11,11,3,8,25,33,27,38,11,2,1,7,3,6,1,8,10,18,0,1,2,0,1,0,0,0,0,1,0,1,9,8,7,0,0,4,0,2,1,4,3,7,1544,22,115,-52,186,325,847,151,Austin,2015-09-10
2016,9,10,137,121,91,13,6,32,25,21,15,38,61,99,78,59,63,4,1,10,14,15,13,11,42,53,46,54,21,7,4,18,10,4,2,22,16,38,2,3,1,0,0,0,1,0,0,0,1,1,11,5,6,2,1,4,0,2,0,5,2,7,1507,17,106,-57,181,391,844,162,Austin,2016-09-10
2017,9,10,112,126,47,12,5,30,13,10,18,35,41,76,56,62,29,5,2,11,6,7,15,13,28,41,47,50,15,7,2,14,5,3,2,16,10,26,0,2,0,0,0,0,0,0,0,0,0,0,9,12,3,0,1,5,2,0,1,6,3,9,1283,13,87,-56,182,337,715,114,Austin,2017-09-10
2018,9,10,92,149,50,10,1,25,21,16,15,26,52,78,65,85,32,5,0,12,16,14,14,12,44,56,25,51,11,4,1,10,4,1,0,11,5,16,0,2,3,0,0,0,0,0,1,0,1,1,2,11,4,1,0,3,1,1,0,3,2,5,1375,24,86,-55,183,379,724,138,Austin,2018-09-10
2019,9,10,93,173,90,8,2,18,26,14,33,20,73,93,58,99,73,4,0,12,16,9,26,12,51,63,26,59,9,3,1,5,7,4,6,6,17,23,1,1,2,0,0,0,0,0,1,0,1,1,8,14,6,1,1,1,3,1,0,2,4,6,1355,19,81,-54,184,395,671,176,Austin,2019-09-10
2020,9,10,95,145,36,13,5,17,13,12,20,22,45,67,59,90,29,3,4,8,5,7,17,12,29,41,28,46,5,10,1,7,7,5,3,8,15,23,1,2,1,0,0,1,0,0,0,1,0,1,7,7,1,0,0,1,1,0,0,1,1,2,937,12,53,-52,186,288,470,109,Austin,2020-09-10
2021,9,10,107,201,75,18,5,14,14,15,31,19,60,79,59,119,57,4,2,7,5,12,21,9,38,47,40,67,12,11,3,7,9,2,8,10,19,29,1,3,1,0,0,0,0,0,0,0,0,0,7,12,5,3,0,0,0,1,2,0,3,3,1147,15,76,-58,180,345,586,162,Austin,2021-09-10
2022,9,10,102,168,69,34,1,24,7,5,30,25,42,67,66,99,50,10,0,10,4,3,22,10,29,39,33,57,17,19,1,10,1,2,7,11,10,21,0,2,0,0,0,0,0,0,0,0,0,0,3,10,2,5,0,4,2,0,1,4,3,7,1055,11,63,-57,181,322,549,145,Austin,2022-09-10
2023,9,10,93,152,44,13,4,15,13,4,24,19,41,60,47,98,30,0,1,5,5,4,17,6,26,32,35,43,11,13,2,8,7,0,6,10,13,23,0,4,0,0,1,0,0,0,0,1,0,1,11,7,3,0,0,2,1,0,1,2,2,4,930,10,58,-56,182,245,548,93,Austin,2023-09-10
2024,9,10,68,188,66,14,1,13,6,6,17,14,29,43,39,124,50,5,1,4,0,5,10,5,15,20,22,51,3,8,0,9,6,1,7,9,14,23,1,3,5,0,0,0,0,0,0,0,0,0,6,10,8,1,0,0,0,0,0,0,0,0,967,17,60,-54,184,270,515,108,Austin,2024-09-10
2012,10,10,,,,,,,,,,,,,,,,,,,,,,,,,,,,,,,,,,,,,,,,,,,,,,,,,,,,,,,,,,,,,,,,,,,,,Austin,2012-10-10
2013,10,10,,,,,,,,,,,,,,,,,,,,,,,,,,,,,,,,,,,,,,,,,,,,,,,,,,,,,,,,,,,,,,,,,,,,,Austin,2013-10-10
2014,10,10,131,135,103,4,4,25,25,19,15,29,59,88,62,68,78,1,2,9,11,13,9,11,33,44,53,56,12,3,2,13,14,3,6,15,23,38,3,2,2,0,0,0,0,0,0,0,0,0,13,9,11,0,0,3,0,3,0,3,3,6,1863,29,120,-23,215,406,985,154,Austin,2014-10-10
2015,10,10,124,112,64,4,6,21,14,15,13,27,42,69,64,62,43,0,2,7,8,8,7,9,23,32,47,36,16,4,4,14,5,5,6,18,16,34,1,1,0,0,0,0,1,0,0,0,1,1,12,13,5,0,0,0,0,2,0,0,2,2,1439,10,109,-22,216,336,820,130,Austin,2015-10-10
2016,10,10,95,138,88,8,0,25,24,12,26,25,62,87,53,63,66,2,0,12,14,8,13,12,35,47,33,64,14,5,0,12,9,3,8,12,20,32,2,0,2,0,0,0,0,0,1,0,1,1,7,11,6,1,0,1,1,1,4,1,6,7,1500,17,112,-27,211,392,781,135,Austin,2016-10-10
2017,10,10,102,121,90,7,2,19,14,12,8,21,34,55,52,53,71,1,2,10,11,5,7,12,23,35,42,57,17,4,0,7,3,7,1,7,11,18,1,0,1,0,0,0,0,0,0,0,0,0,7,11,1,2,0,2,0,0,0,2,0,2,1521,24,98,-26,212,356,842,119,Austin,2017-10-10
2018,10,10,111,145,91,9,3,20,21,15,14,23,50,73,63,84,59,2,1,8,13,13,10,9,36,45,35,48,17,4,2,10,7,2,2,12,11,23,2,1,2,1,0,1,0,0,0,1,0,1,11,12,13,2,0,1,1,0,2,1,3,4,1425,26,91,-25,213,377,760,135,Austin,2018-10-10
2019,10,10,122,164,106,9,6,29,20,14,24,35,58,93,78,92,82,1,2,14,13,10,12,16,35,51,38,59,15,8,3,13,7,2,11,16,20,36,0,1,2,0,0,0,0,0,0,0,0,0,6,12,7,0,1,2,0,2,1,3,3,6,1506,21,88,-24,214,411,786,190,Austin,2019-10-10
2020,10,10,113,135,51,25,3,28,6,12,19,31,37,68,53,66,31,6,1,12,3,7,13,13,23,36,51,55,13,15,2,12,3,3,3,14,9,23,1,0,0,0,0,1,0,0,0,1,0,1,8,14,7,4,0,3,0,2,3,3,5,8,1013,5,75,-22,216,289,535,145,Austin,2020-10-10
2021,10,10,76,114,40,26,8,28,8,4,34,36,46,82,33,54,24,5,5,11,3,2,20,16,25,41,37,51,14,20,3,16,5,2,13,19,20,39,0,1,0,0,0,0,0,0,0,0,0,0,6,8,2,1,0,1,0,0,1,1,1,2,1004,7,65,-28,210,237,588,121,Austin,2021-10-10
2022,10,10,84,173,50,10,3,11,13,4,26,14,43,57,50,92,37,2,0,7,5,3,19,7,27,34,27,67,11,8,3,4,6,1,7,7,14,21,0,3,0,0,0,0,0,0,0,0,0,0,7,11,2,0,0,0,2,0,0,0,2,2,1023,20,69,-27,211,292,535,136,Austin,2022-10-10
2023,10,10,76,153,67,13,4,23,9,10,25,27,44,71,43,94,51,4,2,12,5,8,17,14,30,44,25,47,14,8,2,11,4,1,7,13,12,25,0,1,0,0,0,0,0,1,0,0,1,1,8,11,2,1,0,0,0,0,1,0,1,1,945,8,60,-26,212,265,498,107,Austin,2023-10-10
2024,10,10,82,159,72,16,4,17,8,12,20,21,40,61,44,100,51,6,3,6,6,8,16,9,30,39,29,49,13,6,0,9,2,2,4,9,8,17,3,4,2,0,0,0,0,1,0,0,1,1,6,6,6,4,1,2,0,1,0,3,1,4,1106,20,76,-24,214,295,571,150,Austin,2024-10-10
2012,11,10,,,,,,,,,,,,,,,,,,,,,,,,,,,,,,,,,,,,,,,,,,,,,,,,,,,,,,,,,,,,,,,,,,,,,Austin,2012-11-10
2013,11,10,,,,,,,,,,,,,,,,,,,,,,,,,,,,,,,,,,,,,,,,,,,,,,,,,,,,,,,,,,,,,,,,,,,,,Austin,2013-11-10
2014,11,10,88,114,97,9,4,25,41,14,22,29,77,106,42,51,73,3,3,9,24,10,16,12,50,62,39,51,15,6,0,15,12,2,5,15,19,34,0,1,0,0,0,0,0,0,0,0,0,0,7,11,9,0,1,1,5,2,1,2,8,10,1548,11,100,8,246,395,746,124,Austin,2014-11-10
2015,11,10,109,127,92,6,6,15,38,16,20,21,74,95,57,66,59,1,2,6,17,11,12,8,40,48,41,55,18,4,4,7,15,4,5,11,24,35,2,0,1,0,0,0,2,0,2,0,4,4,9,6,14,1,0,2,4,1,1,2,6,8,1698,19,125,9,247,380,816,148,Austin,2015-11-10
2016,11,10,89,132,94,14,3,27,20,15,14,30,49,79,41,56,51,1,0,9,12,8,10,9,30,39,40,59,21,11,2,14,7,5,4,16,16,32,0,3,1,0,0,1,0,0,0,1,0,1,8,14,21,2,1,3,1,2,0,4,3,7,1509,22,128,4,242,390,765,129,Austin,2016-11-10
2017,11,10,137,133,86,11,4,32,25,12,20,36,57,93,64,66,48,4,1,11,18,7,11,12,36,48,60,56,19,7,1,20,7,4,5,21,16,37,1,1,0,0,0,0,0,0,1,0,1,1,12,10,19,0,2,1,0,1,3,3,4,7,1602,18,121,5,243,384,926,134,Austin,2017-11-10
2018,11,10,100,120,66,10,5,17,33,19,11,22,63,85,54,58,39,1,3,5,21,10,9,8,40,48,38,56,22,8,1,8,11,8,1,9,20,29,1,2,0,0,0,0,0,0,0,0,0,0,7,4,5,1,1,4,1,1,1,5,3,8,1326,8,97,6,244,332,751,153,Austin,2018-11-10
2019,11,10,110,145,70,12,8,20,20,12,13,28,45,73,46,62,36,3,4,5,10,4,5,9,19,28,53,76,28,9,3,12,8,7,8,15,23,38,0,0,0,0,0,0,0,0,0,0,0,0,11,7,6,0,1,3,2,1,0,4,3,7,1262,8,92,7,245,332,684,161,Austin,2019-11-10
2020,11,10,74,126,42,20,6,21,10,10,29,27,49,76,27,53,29,7,3,11,6,3,15,14,24,38,35,64,6,11,3,10,4,5,12,13,21,34,1,0,0,0,0,0,0,0,0,0,0,0,11,9,7,2,0,0,0,2,2,0,4,4,957,9,75,9,247,323,464,123,Austin,2020-11-10
2021,11,10,85,167,70,19,2,15,14,5,23,17,42,59,43,82,47,11,1,6,8,4,13,7,25,32,30,75,13,8,1,6,5,1,8,7,14,21,1,1,1,0,0,1,0,0,0,1,0,1,11,9,9,0,0,2,1,0,2,2,3,5,1014,13,73,3,241,330,465,159,Austin,2021-11-10
2022,11,10,78,196,66,13,2,20,6,12,24,22,42,64,40,118,31,2,1,10,3,6,19,11,28,39,30,65,22,9,0,8,3,5,4,8,12,20,1,2,3,0,0,0,0,0,0,0,0,0,7,11,10,2,1,2,0,1,1,3,2,5,1021,15,68,4,242,293,543,138,Austin,2022-11-10
2023,11,10,80,196,67,13,2,18,12,11,23,20,46,66,48,94,34,1,0,6,2,6,11,6,19,25,26,78,22,9,2,12,6,2,10,14,18,32,0,2,1,0,0,0,0,0,0,0,0,0,6,22,10,3,0,0,4,3,2,0,9,9,1028,13,100,5,243,278,594,109,Austin,2023-11-10
2024,11,10,70,127,57,33,3,19,14,5,28,22,47,69,37,67,32,4,1,7,7,2,25,8,34,42,29,52,24,27,2,10,5,1,3,12,9,21,1,3,0,1,0,0,0,0,0,0,0,0,3,5,1,1,0,2,2,2,0,2,4,6,1001,11,54,7,245,255,558,139,Austin,2024-11-10
2012,12,10,,,,,,,,,,,,,,,,,,,,,,,,,,,,,,,,,,,,,,,,,,,,,,,,,,,,,,,,,,,,,,,,,,,,,Austin,2012-12-10
2013,12,10,,,,,,,,,,,,,,,,,,,,,,,,,,,,,,,,,,,,,,,,,,,,,,,,,,,,,,,,,,,,,,,,,,,,,Austin,2013-12-10
2014,12,10,74,97,86,8,1,17,23,12,14,18,49,67,38,37,42,0,1,8,14,9,10,9,33,42,30,54,21,8,0,9,9,2,3,9,14,23,1,0,2,0,0,0,0,0,0,0,0,0,5,6,21,0,0,0,0,1,1,0,2,2,1553,22,108,38,276,364,752,106,Austin,2014-12-10
2015,12,10,107,135,97,4,2,18,24,13,16,20,53,73,54,68,42,0,1,9,13,4,11,10,28,38,42,49,33,4,1,8,8,7,4,9,19,28,0,2,6,0,0,0,0,0,0,0,0,0,11,16,16,0,0,1,3,2,1,1,6,7,1677,25,124,39,277,384,810,139,Austin,2015-12-10
2016,12,10,111,128,84,12,4,20,23,16,14,24,53,77,46,58,33,0,1,7,10,8,12,8,30,38,52,61,48,12,3,12,11,7,2,15,20,35,0,1,0,0,0,0,0,0,0,0,0,0,13,8,3,0,0,1,2,1,0,1,3,4,1436,9,107,34,272,363,826,127,Austin,2016-12-10
2017,12,10,103,127,52,15,3,29,19,15,16,32,50,82,40,58,29,3,0,7,10,6,7,7,23,30,53,54,14,10,1,20,8,8,9,21,25,46,1,1,1,0,0,0,0,0,0,0,0,0,9,14,8,2,2,2,1,1,0,4,2,6,1304,10,105,35,273,326,732,127,Austin,2017-12-10
2018,12,10,100,129,99,6,1,15,31,17,16,16,64,80,44,65,65,2,0,7,23,8,12,7,43,50,43,56,15,4,1,7,4,8,1,8,13,21,1,3,2,0,0,0,0,0,0,0,0,0,12,5,17,0,0,1,4,1,3,1,8,9,1385,21,108,36,274,369,726,131,Austin,2018-12-10
2019,12,10,92,168,105,9,3,20,22,13,25,23,60,83,48,83,75,3,0,7,11,6,16,7,33,40,40,71,21,6,3,10,9,7,7,13,23,36,1,1,0,0,0,0,0,0,1,0,1,1,3,13,9,0,0,3,2,0,1,3,3,6,1297,19,88,37,275,356,692,129,Austin,2019-12-10
2020,12,10,73,167,63,15,7,19,13,13,38,26,64,90,29,85,42,7,2,5,5,11,22,7,38,45,37,74,8,7,4,11,7,2,13,15,22,37,0,0,0,0,0,0,0,0,0,0,0,0,7,8,13,1,1,3,1,0,3,4,4,8,1041,12,83,39,277,318,511,141,Austin,2020-12-10
2021,12,10,85,147,86,18,1,26,10,7,26,27,43,70,40,73,51,2,0,13,3,3,10,13,16,29,38,62,23,16,1,10,7,4,16,11,27,38,1,2,3,0,0,0,0,0,0,0,0,0,6,10,9,0,0,3,0,0,0,3,0,3,1099,20,72,33,271,298,589,163,Austin,2021-12-10
2022,12,10,83,137,65,26,6,30,11,7,28,36,46,82,41,65,25,0,4,9,1,2,17,13,20,33,39,61,34,23,2,19,9,3,10,21,22,43,0,3,1,0,0,0,1,0,0,0,1,1,3,8,5,3,0,2,0,2,1,2,3,5,964,15,67,34,272,291,481,140,Austin,2022-12-10
2023,12,10,71,147,39,16,3,23,9,10,21,26,40,66,23,61,17,3,1,4,1,5,10,5,16,21,41,72,17,13,2,18,8,5,7,20,20,40,2,2,1,0,0,1,0,0,1,1,1,2,5,12,4,0,0,0,0,0,3,0,3,3,943,11,63,35,273,279,512,100,Austin,2023-12-10
2024,12,10,70,160,60,9,3,16,14,8,25,19,47,66,30,77,32,1,1,6,7,5,15,7,27,34,32,60,14,8,1,8,7,3,7,9,17,26,0,2,0,0,0,0,0,0,1,0,1,1,8,21,14,0,1,2,0,0,2,3,2,5,980,11,100,37,275,278,530,119,Austin,2024-12-10
2012,1,11,,,,,,,,,,,,,,,,,,,,,,,,,,,,,,,,,,,,,,,,,,,,,,,,,,,,,,,,,,,,,,,,,,,,,Austin,2012-01-11
2013,1,11,,,,,,,,,,,,,,,,,,,,,,,,,,,,,,,,,,,,,,,,,,,,,,,,,,,,,,,,,,,,,,,,,,,,,Austin,2013-01-11
2014,1,11,117,97,67,14,1,28,30,23,18,29,71,100,48,43,43,3,0,9,19,11,7,9,37,46,58,48,17,11,1,17,9,9,10,18,28,46,0,0,0,0,0,0,0,0,0,0,0,0,11,6,7,0,0,2,2,3,1,2,6,8,1677,12,120,-295,-57,436,779,158,Austin,2014-01-11
2015,1,11,84,84,40,10,1,19,16,17,8,20,41,61,35,35,22,1,0,4,3,8,5,4,16,20,40,44,13,7,1,14,11,7,2,15,20,35,0,0,0,0,0,0,0,0,0,0,0,0,9,5,5,2,0,1,2,2,1,1,5,6,1144,7,90,-294,-56,284,604,93,Austin,2015-01-11
2016,1,11,78,105,76,10,5,20,38,14,16,25,68,93,29,45,50,4,1,5,29,9,10,6,48,54,35,47,15,6,4,12,6,3,4,16,13,29,1,1,2,0,0,0,2,0,0,0,2,2,13,12,9,0,0,3,1,2,2,3,5,8,1524,23,128,-300,-62,376,737,104,Austin,2016-01-11
2017,1,11,113,145,92,4,1,22,31,9,11,23,51,74,54,71,57,0,0,10,20,6,7,10,33,43,48,55,20,2,1,10,8,2,4,11,14,25,0,3,5,0,0,0,0,0,0,0,0,0,11,16,10,2,0,2,3,1,0,2,4,6,1663,30,126,-298,-60,421,846,147,Austin,2017-01-11
2018,1,11,95,131,74,11,2,17,24,9,11,19,44,63,43,59,43,1,1,7,14,8,5,8,27,35,42,59,23,8,1,7,8,1,3,8,12,20,2,0,3,0,0,1,2,0,0,1,2,3,8,13,5,2,0,2,0,0,3,2,3,5,1395,26,94,-297,-59,333,802,129,Austin,2018-01-11
2019,1,11,88,109,99,7,4,14,33,18,13,18,64,82,50,46,52,2,3,5,18,14,5,8,37,45,29,51,23,4,1,8,13,3,6,9,22,31,1,4,4,0,0,0,0,0,0,0,0,0,8,8,20,1,0,1,2,1,2,1,5,6,1295,23,105,-296,-58,370,694,114,Austin,2019-01-11
2020,1,11,103,159,61,32,4,31,17,23,24,35,64,99,41,80,28,10,3,18,12,12,15,21,39,60,48,69,26,19,1,10,4,10,8,11,22,33,1,3,0,0,0,0,0,0,1,0,1,1,13,7,7,3,0,3,1,1,0,3,2,5,1245,16,101,-295,-57,362,657,155,Austin,2020-01-11
2021,1,11,53,116,111,17,1,17,3,8,20,18,31,49,27,49,51,2,0,7,0,6,12,7,18,25,23,54,49,13,1,10,3,2,7,11,12,23,0,1,5,0,0,0,0,0,0,0,0,0,3,12,6,2,0,0,0,0,1,0,1,1,908,11,64,-300,-62,269,472,101,Austin,2021-01-11
2022,1,11,61,120,48,7,5,16,9,6,35,21,50,71,37,72,23,1,2,7,3,3,26,9,32,41,20,42,15,6,3,5,5,2,6,8,13,21,0,1,0,0,0,0,0,0,2,0,2,2,4,5,10,0,0,4,1,1,1,4,3,7,775,10,59,-299,-61,247,389,94,Austin,2022-01-11
2023,1,11,66,181,57,18,2,12,12,6,29,14,47,61,31,93,31,4,1,3,4,2,18,4,24,28,25,74,19,10,0,8,7,4,9,8,20,28,0,3,1,0,1,0,1,0,0,1,1,2,10,11,6,4,0,1,0,0,2,1,2,3,972,15,72,-298,-60,299,467,136,Austin,2023-01-11
2024,1,11,67,161,47,13,2,10,8,6,23,12,37,49,28,92,33,4,2,5,3,5,17,7,25,32,32,54,8,7,0,3,4,1,3,3,8,11,1,3,1,0,0,0,0,0,1,0,1,1,6,12,5,2,0,2,1,0,2,2,3,5,987,12,80,-297,-59,248,534,96,Austin,2024-01-11
2012,2,11,,,,,,,,,,,,,,,,,,,,,,,,,,,,,,,,,,,,,,,,,,,,,,,,,,,,,,,,,,,,,,,,,,,,,Austin,2012-02-11
2013,2,11,,,,,,,,,,,,,,,,,,,,,,,,,,,,,,,,,,,,,,,,,,,,,,,,,,,,,,,,,,,,,,,,,,,,,Austin,2013-02-11
2014,2,11,70,98,78,2,0,15,19,15,11,15,45,60,35,46,59,0,0,8,13,12,6,8,31,39,29,40,9,2,0,5,5,1,5,5,11,16,0,0,3,0,0,0,0,0,0,0,0,0,6,12,7,0,0,2,1,2,0,2,3,5,1406,19,96,-264,-26,326,776,71,Austin,2014-02-11
2015,2,11,94,118,91,6,4,14,28,15,8,18,51,69,46,58,75,1,2,9,13,8,4,11,25,36,36,53,10,3,2,5,15,6,4,7,25,32,0,0,2,0,0,0,0,0,0,0,0,0,12,7,4,2,0,0,0,1,0,0,1,1,1569,21,113,-263,-25,425,729,131,Austin,2015-02-11
2016,2,11,111,117,91,7,2,26,24,11,17,28,52,80,55,57,70,3,0,12,18,7,13,12,38,50,44,47,14,4,2,12,5,3,4,14,12,26,2,3,1,0,0,1,0,0,0,1,0,1,10,10,6,0,0,1,1,1,0,1,2,3,1777,29,124,-269,-31,465,858,128,Austin,2016-02-11
2017,2,11,141,135,75,11,2,26,19,12,14,28,45,73,60,57,45,3,1,14,10,6,10,15,26,41,73,64,24,8,1,11,8,4,3,12,15,27,1,1,0,0,0,0,0,0,0,0,0,0,7,13,6,0,0,1,1,2,1,1,4,5,1553,12,111,-267,-29,368,873,158,Austin,2017-02-11
2018,2,11,85,116,51,7,3,19,12,15,6,22,33,55,41,45,26,1,0,6,7,9,3,6,19,25,39,63,20,5,3,12,5,6,3,15,14,29,0,2,0,0,0,0,0,0,0,0,0,0,5,6,5,1,0,1,0,0,0,1,0,1,1071,8,65,-266,-28,280,598,69,Austin,2018-02-11
2019,2,11,82,138,77,5,2,14,32,11,28,16,71,87,53,74,51,1,2,7,18,8,26,9,52,61,24,58,13,4,0,6,14,2,1,6,17,23,0,3,2,0,0,0,0,0,1,0,1,1,5,3,11,0,0,1,0,1,0,1,1,2,1446,19,84,-265,-27,392,748,115,Austin,2019-02-11
2020,2,11,82,159,103,11,1,28,20,16,25,29,61,90,39,79,61,2,0,13,14,11,17,13,42,55,35,66,28,8,1,11,6,5,6,12,17,29,0,2,2,0,0,0,0,0,0,0,0,0,8,12,12,1,0,4,0,0,2,4,2,6,1334,15,85,-264,-26,388,665,144,Austin,2020-02-11
2021,2,11,77,135,138,16,1,12,4,5,23,13,32,45,52,73,37,6,0,5,2,4,17,5,23,28,19,50,79,7,0,6,2,0,5,6,7,13,1,2,0,0,0,0,0,0,0,0,0,0,5,10,22,3,1,1,0,1,1,2,2,4,1042,10,93,-269,-31,270,588,143,Austin,2021-02-11
2022,2,11,102,157,59,20,11,19,9,6,39,30,54,84,53,84,41,6,5,9,5,2,23,14,30,44,44,58,13,10,5,7,2,4,11,12,17,29,1,2,2,0,0,0,0,0,0,0,0,0,4,13,3,4,1,3,2,0,5,4,7,11,1067,16,77,-268,-30,303,584,127,Austin,2022-02-11
2023,2,11,92,156,57,26,3,28,11,8,18,31,37,68,42,76,37,4,3,15,8,5,11,18,24,42,46,65,12,19,0,13,3,2,4,13,9,22,1,2,0,0,0,0,0,0,0,0,0,0,3,13,8,3,0,0,0,1,3,0,4,4,941,10,59,-267,-29,269,479,145,Austin,2023-02-11
2024,2,11,80,150,50,17,4,20,15,7,20,24,42,66,35,71,23,2,1,5,4,5,12,6,21,27,43,69,24,15,2,11,9,2,7,13,18,31,0,2,0,0,0,1,1,0,0,1,1,2,2,8,3,0,1,3,1,0,1,4,2,6,933,11,71,-266,-28,274,479,112,Austin,2024-02-11
2012,3,11,,,,,,,,,,,,,,,,,,,,,,,,,,,,,,,,,,,,,,,,,,,,,,,,,,,,,,,,,,,,,,,,,,,,,Austin,2012-03-11
2013,3,11,,,,,,,,,,,,,,,,,,,,,,,,,,,,,,,,,,,,,,,,,,,,,,,,,,,,,,,,,,,,,,,,,,,,,Austin,2013-03-11
2014,3,11,132,122,83,7,2,10,36,20,21,12,77,89,62,67,57,0,2,2,18,14,15,4,47,51,55,48,18,5,0,8,16,5,6,8,27,35,0,2,2,0,0,0,2,0,0,0,2,2,15,5,6,2,0,0,0,1,0,0,1,1,1700,15,115,-236,2,419,871,170,Austin,2014-03-11
2015,3,11,111,126,66,4,3,18,16,12,16,21,44,65,58,70,47,1,2,11,8,9,11,13,28,41,44,45,15,2,1,7,7,3,4,8,14,22,1,1,3,0,0,0,0,0,0,0,0,0,8,10,1,1,0,0,1,0,1,0,2,2,1620,27,95,-235,3,408,801,138,Austin,2015-03-11
2016,3,11,110,122,100,7,2,11,33,15,15,13,63,76,55,76,61,2,1,6,22,12,12,7,46,53,52,43,26,3,1,5,9,2,2,6,13,19,0,1,0,0,0,0,0,0,0,0,0,0,3,2,13,2,0,0,2,1,1,0,4,4,1614,4,107,-240,-2,373,853,144,Austin,2016-03-11
2017,3,11,83,112,138,7,4,24,18,10,12,28,40,68,46,53,84,2,0,11,9,7,6,11,22,33,32,51,34,4,4,11,6,3,6,15,15,30,0,0,3,0,0,0,1,0,0,0,1,1,5,8,17,1,0,2,2,0,0,2,2,4,1480,12,116,-239,-1,397,859,117,Austin,2017-03-11
2018,3,11,107,113,70,9,5,21,19,13,10,26,42,68,48,64,44,1,2,9,9,6,7,11,22,33,49,42,19,6,3,11,9,7,3,14,19,33,0,1,1,1,0,0,0,0,0,0,0,0,10,6,6,1,0,1,1,0,0,1,1,2,1370,11,86,-238,0,309,784,138,Austin,2018-03-11
2019,3,11,105,132,93,10,5,17,32,14,23,22,69,91,52,68,67,0,3,8,22,12,21,11,55,66,45,54,19,10,1,8,7,2,1,9,10,19,2,0,1,0,1,0,3,0,0,1,3,4,6,10,6,0,0,1,0,0,1,1,1,2,1531,23,96,-237,1,357,845,153,Austin,2019-03-11
2020,3,11,113,194,85,14,1,26,23,20,19,27,62,89,73,105,63,2,0,10,11,14,15,10,40,50,33,72,16,11,1,16,11,4,3,17,18,35,0,1,2,0,0,0,0,0,1,0,1,1,7,16,4,1,0,0,1,2,0,0,3,3,1453,14,72,-235,3,432,669,202,Austin,2020-03-11
2021,3,11,112,164,31,9,1,22,10,8,29,23,47,70,69,112,16,3,1,13,5,5,19,14,29,43,35,43,11,6,0,9,4,2,7,9,13,22,0,1,2,0,0,0,0,0,0,0,0,0,8,8,2,0,0,0,1,1,3,0,5,5,1107,18,60,-241,-3,344,527,166,Austin,2021-03-11
2022,3,11,105,162,43,11,0,23,9,4,25,23,38,61,64,99,27,3,0,9,4,2,14,9,20,29,31,50,7,7,0,11,5,1,4,11,10,21,2,1,0,0,0,0,0,0,1,0,1,1,8,12,9,1,0,3,0,1,6,3,7,10,1042,12,80,-240,-2,292,556,120,Austin,2022-03-11
2023,3,11,89,163,43,28,4,26,13,11,29,30,53,83,44,91,27,11,2,12,4,9,23,14,36,50,35,61,11,16,2,12,8,0,2,14,10,24,4,1,0,0,0,0,1,0,1,0,2,2,6,10,5,1,0,2,0,2,3,2,5,7,1108,18,82,-239,-1,293,600,150,Austin,2023-03-11
2024,3,11,90,167,55,11,1,19,10,12,41,20,63,83,58,104,34,0,0,10,3,6,24,10,33,43,23,56,11,8,1,9,6,6,14,10,26,36,0,0,2,0,0,0,0,0,2,0,2,2,9,7,8,3,0,0,1,0,1,0,2,2,1038,12,82,-237,1,281,581,107,Austin,2024-03-11
2012,4,11,,,,,,,,,,,,,,,,,,,,,,,,,,,,,,,,,,,,,,,,,,,,,,,,,,,,,,,,,,,,,,,,,,,,,Austin,2012-04-11
2013,4,11,,,,,,,,,,,,,,,,,,,,,,,,,,,,,,,,,,,,,,,,,,,,,,,,,,,,,,,,,,,,,,,,,,,,,Austin,2013-04-11
2014,4,11,105,127,95,3,2,21,21,22,11,23,54,77,51,70,69,1,1,8,12,12,8,9,32,41,43,43,14,1,1,10,6,8,3,11,17,28,0,0,2,0,0,0,1,0,0,0,1,1,11,14,10,1,0,3,2,2,0,3,4,7,1790,22,134,-205,33,479,876,143,Austin,2014-04-11
2015,4,11,113,136,71,4,3,35,23,21,6,38,50,88,63,69,41,0,0,16,11,13,3,16,27,43,40,56,21,4,3,16,9,5,3,19,17,36,4,2,3,0,0,1,1,0,0,1,1,2,6,9,6,0,0,2,2,3,0,2,5,7,1573,25,107,-204,34,351,851,154,Austin,2015-04-11
2016,4,11,115,147,98,9,2,27,35,22,19,29,76,105,63,84,78,3,2,13,21,14,17,15,52,67,39,47,16,6,0,10,11,5,1,10,17,27,0,3,2,0,0,0,1,0,0,0,1,1,13,13,2,0,0,4,2,3,1,4,6,10,1631,20,101,-209,29,427,858,145,Austin,2016-04-11
2017,4,11,97,144,78,7,2,17,22,19,14,19,55,74,62,84,66,5,1,4,14,14,10,5,38,43,28,42,5,2,1,12,6,4,3,13,13,26,0,3,4,0,0,1,2,0,0,1,2,3,7,15,3,0,0,0,0,1,1,0,2,2,1572,17,117,-208,30,427,787,127,Austin,2017-04-11
2018,4,11,87,131,90,10,3,18,15,6,15,21,36,57,54,68,74,6,0,7,11,5,12,7,28,35,25,44,12,3,3,8,3,1,2,11,6,17,0,1,2,0,0,0,0,0,0,0,0,0,8,18,2,1,0,3,1,0,1,3,2,5,1518,19,105,-207,31,386,798,128,Austin,2018-04-11
2019,4,11,126,159,92,6,0,22,14,11,25,22,50,72,72,88,75,4,0,12,10,8,16,12,34,46,41,55,13,1,0,7,4,1,6,7,11,18,0,4,0,0,0,0,0,0,0,0,0,0,13,12,4,1,0,3,0,2,3,3,5,8,1504,14,103,-206,32,384,803,160,Austin,2019-04-11
2020,4,11,90,152,20,22,2,22,21,8,24,24,53,77,56,90,12,6,0,11,9,6,18,11,33,44,31,49,6,14,2,9,11,2,5,11,18,29,2,1,0,0,0,0,1,0,0,0,1,1,1,12,2,2,0,2,0,0,1,2,1,3,915,14,52,-204,34,281,468,132,Austin,2020-04-11
2021,4,11,133,159,42,28,6,30,11,12,19,36,42,78,82,79,26,9,4,16,3,8,12,20,23,43,43,68,12,18,2,11,7,3,6,13,16,29,1,0,0,0,0,0,0,1,0,0,1,1,7,12,4,1,0,3,1,0,1,3,2,5,1083,13,82,-210,28,260,597,175,Austin,2021-04-11
2022,4,11,67,150,63,22,2,15,14,10,35,17,59,76,45,100,47,7,1,10,7,6,27,11,40,51,18,41,11,14,1,5,6,3,6,6,15,21,2,1,0,0,0,0,1,0,0,0,1,1,2,8,5,1,0,0,0,1,2,0,3,3,1014,12,75,-209,29,308,505,138,Austin,2022-04-11
2023,4,11,83,178,59,19,3,17,10,7,32,20,49,69,52,113,50,6,3,9,4,5,22,12,31,43,25,51,5,11,0,8,5,1,7,8,13,21,0,1,2,0,0,0,0,0,1,0,1,1,6,13,2,2,0,0,1,1,2,0,4,4,1031,18,79,-208,30,302,556,120,Austin,2023-04-11
2024,4,11,74,148,67,8,3,21,10,12,28,24,50,74,49,83,52,2,0,13,4,8,25,13,37,50,18,54,10,4,3,6,5,3,0,9,8,17,0,4,1,0,0,0,0,0,1,0,1,1,7,7,4,2,0,2,1,1,2,2,4,6,1009,13,67,-206,32,302,486,126,Austin,2024-04-11
2012,5,11,,,,,,,,,,,,,,,,,,,,,,,,,,,,,,,,,,,,,,,,,,,,,,,,,,,,,,,,,,,,,,,,,,,,,Austin,2012-05-11
2013,5,11,,,,,,,,,,,,,,,,,,,,,,,,,,,,,,,,,,,,,,,,,,,,,,,,,,,,,,,,,,,,,,,,,,,,,Austin,2013-05-11
2014,5,11,126,90,50,8,0,35,25,20,12,35,57,92,57,34,35,2,0,16,9,11,10,16,30,46,54,45,12,5,0,19,14,7,2,19,23,42,1,0,0,0,0,0,1,0,0,0,1,1,14,11,3,1,0,0,1,2,0,0,3,3,1393,10,120,-175,63,357,731,132,Austin,2014-05-11
2015,5,11,98,107,88,3,2,19,26,17,14,21,57,78,61,74,78,2,2,11,19,14,9,13,42,55,29,22,9,1,0,6,2,2,4,6,8,14,0,1,0,0,0,0,1,0,0,0,1,1,8,10,1,0,0,2,4,1,1,2,6,8,1445,10,111,-174,64,379,770,141,Austin,2015-05-11
2016,5,11,107,156,86,5,7,23,30,11,12,30,53,83,75,103,57,2,3,13,21,7,10,16,38,54,24,38,17,3,3,8,6,4,1,11,11,22,0,3,4,0,0,0,1,0,0,0,1,1,8,12,8,0,1,2,2,0,1,3,3,6,1550,12,121,-179,59,370,845,163,Austin,2016-05-11
2017,5,11,104,130,103,5,4,19,23,11,6,23,40,63,66,75,89,1,1,11,16,8,5,12,29,41,27,46,9,2,2,7,6,3,1,9,10,19,0,1,0,0,0,0,0,0,0,0,0,0,11,8,5,2,1,1,1,0,0,2,1,3,1574,12,137,-178,60,414,775,134,Austin,2017-05-11
2018,5,11,88,167,114,6,3,18,22,23,13,21,58,79,55,101,95,1,3,11,16,15,9,14,40,54,27,49,11,5,0,7,3,4,3,7,10,17,1,0,0,0,0,0,0,0,0,0,0,0,5,17,8,0,0,0,3,4,1,0,8,8,1616,13,126,-177,61,386,897,171,Austin,2018-05-11
2019,5,11,122,132,66,13,2,30,21,16,13,32,50,82,74,77,45,2,1,15,16,10,5,16,31,47,44,42,19,9,1,14,5,3,5,15,13,28,0,2,0,0,0,0,0,0,2,0,2,2,4,11,2,2,0,1,0,3,1,1,4,5,1338,12,112,-176,62,331,762,162,Austin,2019-05-11
2020,5,11,76,157,28,7,3,22,18,12,26,25,56,81,46,92,26,4,2,16,13,9,23,18,45,63,24,56,0,3,1,4,4,1,2,5,7,12,1,0,0,0,0,0,0,0,0,0,0,0,5,9,2,0,0,2,1,2,1,2,4,6,1063,17,67,-174,64,346,513,105,Austin,2020-05-11
2021,5,11,117,167,42,11,3,26,8,7,27,29,42,71,82,114,32,4,0,16,4,6,24,16,34,50,28,41,7,2,3,8,3,1,3,11,7,18,2,2,0,0,0,0,0,0,0,0,0,0,5,10,3,5,0,2,1,0,0,2,1,3,960,11,66,-180,58,308,473,146,Austin,2021-05-11
2022,5,11,85,167,57,9,1,18,10,12,24,19,46,65,59,114,45,5,0,8,4,8,17,8,29,37,18,40,9,3,1,7,4,0,6,8,10,18,0,0,2,0,0,0,0,1,0,0,1,1,8,13,1,1,0,3,2,3,1,3,6,9,1065,17,90,-179,59,324,548,135,Austin,2022-05-11
2023,5,11,87,191,42,13,3,21,13,6,34,24,53,77,56,133,30,6,2,14,5,6,25,16,36,52,20,45,10,6,1,6,8,0,7,7,15,22,3,1,0,0,0,0,0,0,1,0,1,1,8,12,2,1,0,1,0,0,1,1,1,2,1029,12,76,-178,60,307,547,124,Austin,2023-05-11
2024,5,11,79,171,53,28,7,28,10,6,34,35,50,85,40,109,32,6,4,14,3,5,26,18,34,52,33,50,19,19,3,13,7,1,7,16,15,31,0,2,0,0,0,0,0,0,0,0,0,0,6,10,2,3,0,1,0,0,1,1,1,2,1088,10,77,-176,62,297,570,143,Austin,2024-05-11
2012,6,11,,,,,,,,,,,,,,,,,,,,,,,,,,,,,,,,,,,,,,,,,,,,,,,,,,,,,,,,,,,,,,,,,,,,,Austin,2012-06-11
2013,6,11,,,,,,,,,,,,,,,,,,,,,,,,,,,,,,,,,,,,,,,,,,,,,,,,,,,,,,,,,,,,,,,,,,,,,Austin,2013-06-11
2014,6,11,98,113,81,2,5,17,26,22,15,22,63,85,69,69,67,0,3,10,17,18,11,13,46,59,22,33,7,1,2,7,8,3,2,9,13,22,0,1,1,0,0,0,0,0,0,0,0,0,7,10,6,1,0,0,1,1,2,0,4,4,1627,24,118,-144,94,405,854,121,Austin,2014-06-11
2015,6,11,96,122,78,2,1,18,24,19,21,19,64,83,59,80,69,1,1,11,14,16,15,12,45,57,25,27,6,1,0,7,6,2,5,7,13,20,0,0,1,0,0,0,1,0,0,0,1,1,12,15,2,0,0,0,3,1,1,0,5,5,1686,18,176,-143,95,412,834,123,Austin,2015-06-11
2016,6,11,119,149,66,5,3,37,13,20,10,40,43,83,67,66,36,1,0,19,9,15,6,19,30,49,39,66,25,3,3,9,2,5,3,12,10,22,1,0,0,0,0,0,0,0,0,0,0,0,12,17,5,1,0,9,2,0,1,9,3,12,1488,9,173,-148,90,355,827,150,Austin,2016-06-11
2017,6,11,116,140,40,12,5,31,18,20,14,36,52,88,67,64,25,3,1,16,12,11,8,17,31,48,36,57,13,7,3,12,4,7,5,15,16,31,1,0,0,0,0,0,0,0,1,0,1,1,12,19,2,2,1,3,2,2,0,4,4,8,1410,14,115,-147,91,353,815,148,Austin,2017-06-11
2018,6,11,95,134,80,4,0,25,37,24,32,25,93,118,68,87,67,2,0,13,25,21,28,13,74,87,17,30,10,2,0,8,11,3,4,8,18,26,1,0,2,0,0,1,0,0,0,1,0,1,9,17,1,0,0,3,1,0,0,3,1,4,1610,21,173,-146,92,378,910,137,Austin,2018-06-11
2019,6,11,111,157,97,6,3,17,15,15,21,20,51,71,72,92,83,0,1,10,8,13,15,11,36,47,28,51,8,5,2,5,6,1,5,7,12,19,0,1,1,0,0,0,0,0,0,0,0,0,11,13,5,1,0,2,1,1,1,2,3,5,1474,30,118,-145,93,397,760,157,Austin,2019-06-11
2020,6,11,89,124,54,5,5,19,18,11,27,24,56,80,62,79,50,1,3,11,13,7,20,14,40,54,15,35,3,4,2,4,4,1,5,6,10,16,1,2,0,0,0,0,0,0,0,0,0,0,11,8,1,0,0,4,1,3,2,4,6,10,909,11,79,-143,95,281,494,99,Austin,2020-06-11
2021,6,11,149,183,67,9,1,14,4,10,26,15,40,55,100,121,42,4,1,6,2,7,18,7,27,34,36,42,15,5,0,6,1,3,7,6,11,17,0,1,1,0,0,0,0,0,0,0,0,0,13,19,9,0,0,2,1,0,1,2,2,4,1182,9,94,-149,89,334,617,174,Austin,2021-06-11
2022,6,11,118,166,77,26,3,28,7,4,32,31,43,74,73,100,51,1,2,13,3,4,23,15,30,45,32,46,20,20,0,9,3,0,6,9,9,18,1,0,1,0,0,0,0,0,1,0,1,1,12,20,5,5,1,6,1,0,2,7,3,10,1129,7,109,-148,90,314,593,174,Austin,2022-06-11
2023,6,11,89,181,53,26,3,28,10,11,43,31,64,95,50,113,42,3,2,15,5,9,33,17,47,64,29,48,8,22,1,10,5,1,9,11,15,26,3,3,0,1,0,1,0,0,0,1,0,1,7,17,3,0,0,2,0,1,1,2,2,4,1044,12,94,-147,91,305,512,155,Austin,2023-06-11
2024,6,11,79,182,67,8,2,16,14,7,26,18,47,65,50,132,57,1,1,8,4,3,18,9,25,34,23,35,6,3,0,8,10,4,4,8,18,26,0,1,0,1,0,0,0,0,2,0,2,2,6,14,4,3,1,0,0,0,2,1,2,3,990,8,73,-145,93,284,514,116,Austin,2024-06-11
2012,7,11,,,,,,,,,,,,,,,,,,,,,,,,,,,,,,,,,,,,,,,,,,,,,,,,,,,,,,,,,,,,,,,,,,,,,Austin,2012-07-11
2013,7,11,,,,,,,,,,,,,,,,,,,,,,,,,,,,,,,,,,,,,,,,,,,,,,,,,,,,,,,,,,,,,,,,,,,,,Austin,2013-07-11
2014,7,11,96,137,94,10,1,18,21,22,17,19,60,79,56,78,69,2,1,6,15,14,15,7,44,51,33,48,16,5,0,9,6,6,1,9,13,22,0,1,1,0,0,1,0,0,0,1,0,1,7,10,8,3,0,2,0,2,1,2,3,5,1770,9,169,-114,124,422,861,148,Austin,2014-07-11
2015,7,11,131,122,77,13,2,19,15,17,10,21,42,63,77,63,54,2,1,11,11,7,7,12,25,37,44,40,19,8,1,6,3,7,3,7,13,20,0,1,3,0,0,0,0,0,0,0,0,0,10,18,1,3,0,2,1,3,0,2,4,6,1578,13,144,-113,125,353,879,154,Austin,2015-07-11
2016,7,11,111,127,71,8,4,31,19,12,13,35,44,79,78,78,64,1,3,18,12,11,11,21,34,55,20,28,5,4,0,11,5,1,2,11,8,19,0,2,0,0,0,0,1,0,0,0,1,1,13,19,2,3,1,2,1,0,0,3,1,4,1586,16,147,-118,120,365,895,124,Austin,2016-07-11
2017,7,11,100,123,93,9,3,24,26,17,13,27,56,83,66,71,74,4,3,13,17,11,9,16,37,53,24,43,10,3,0,9,5,3,1,9,9,18,1,0,0,1,0,0,0,0,0,0,0,0,9,9,9,1,0,2,4,3,3,2,10,12,1649,20,144,-117,121,460,847,131,Austin,2017-07-11
2018,7,11,102,137,89,9,3,28,18,11,19,31,48,79,71,85,76,4,0,19,13,8,14,19,35,54,23,44,5,4,2,7,5,2,4,9,11,20,0,1,0,0,0,0,0,0,0,0,0,0,8,7,8,1,1,2,0,1,1,3,2,5,1486,20,128,-116,122,371,794,126,Austin,2018-07-11
2019,7,11,107,133,96,6,1,27,16,16,25,28,57,85,67,86,79,3,0,21,11,11,23,21,45,66,30,30,7,3,0,5,4,3,1,5,8,13,1,4,2,0,0,0,1,0,0,0,1,1,9,13,8,0,1,1,0,2,1,2,3,5,1449,16,103,-115,123,376,729,129,Austin,2019-07-11
2020,7,11,86,135,48,23,4,23,13,10,16,27,39,66,59,77,35,7,2,15,6,10,14,17,30,47,19,43,11,8,2,5,5,0,2,7,7,14,1,1,0,0,0,1,0,0,0,1,0,1,7,14,2,8,0,2,2,0,0,2,2,4,1010,10,96,-113,125,277,560,131,Austin,2020-07-11
2021,7,11,90,181,45,22,3,27,10,13,28,30,51,81,52,106,28,4,3,12,6,7,18,15,31,46,32,54,13,16,0,13,3,5,4,13,12,25,0,1,0,0,0,0,0,0,1,0,1,1,6,20,4,2,0,2,1,1,5,2,7,9,1079,13,93,-119,119,325,558,156,Austin,2021-07-11
2022,7,11,112,159,38,15,0,19,8,9,40,19,57,76,74,104,34,5,0,10,6,6,30,10,42,52,27,40,3,7,0,6,0,1,6,6,7,13,1,1,0,0,0,0,0,1,0,0,1,1,10,14,1,3,0,3,2,1,4,3,7,10,1048,12,97,-118,120,295,556,124,Austin,2022-07-11
2023,7,11,91,155,64,10,3,17,7,4,27,20,38,58,64,114,51,2,2,10,1,4,24,12,29,41,20,24,8,4,1,5,5,0,2,6,7,13,0,0,2,0,0,0,1,0,0,0,1,1,7,17,3,4,0,2,0,0,1,2,1,3,997,10,86,-117,121,285,531,107,Austin,2023-07-11
2024,7,11,87,182,60,15,4,14,10,6,37,18,53,71,58,117,43,5,4,8,5,3,32,12,40,52,18,50,9,9,0,5,5,2,2,5,9,14,3,1,1,0,0,0,0,0,1,0,1,1,8,14,7,1,0,1,0,1,2,1,3,4,1102,14,96,-115,123,306,607,127,Austin,2024-07-11
2012,8,11,,,,,,,,,,,,,,,,,,,,,,,,,,,,,,,,,,,,,,,,,,,,,,,,,,,,,,,,,,,,,,,,,,,,,Austin,2012-08-11
2013,8,11,,,,,,,,,,,,,,,,,,,,,,,,,,,,,,,,,,,,,,,,,,,,,,,,,,,,,,,,,,,,,,,,,,,,,Austin,2013-08-11
2014,8,11,95,122,72,2,4,25,21,22,22,29,65,94,66,82,63,1,3,11,12,16,17,14,45,59,18,33,7,0,1,12,7,4,5,13,16,29,1,1,0,0,0,0,0,0,0,0,0,0,10,6,2,1,0,2,2,2,0,2,4,6,1590,24,96,-83,155,410,821,124,Austin,2014-08-11
2015,8,11,102,120,83,3,4,13,20,20,22,17,62,79,75,68,73,1,0,9,13,14,18,9,45,54,19,34,4,2,4,3,5,3,3,7,11,18,0,2,0,0,0,0,0,0,1,0,1,1,8,16,6,0,0,1,2,3,0,1,5,6,1544,24,116,-82,156,301,889,117,Austin,2015-08-11
2016,8,11,93,112,84,9,6,24,18,15,21,30,54,84,61,62,73,2,4,12,11,10,16,16,37,53,25,34,8,5,2,9,7,1,3,11,11,22,1,1,0,0,0,0,0,0,1,0,1,1,6,15,3,2,0,3,0,4,1,3,5,8,1568,23,126,-87,151,371,847,131,Austin,2016-08-11
2017,8,11,101,142,84,5,4,23,30,15,15,27,60,87,64,87,67,2,3,15,27,10,9,18,46,64,31,44,11,2,1,6,3,4,5,7,12,19,0,3,0,0,0,0,0,0,1,0,1,1,6,8,6,1,0,2,0,1,0,2,1,3,1573,16,101,-86,152,395,884,141,Austin,2017-08-11
2018,8,11,97,112,94,10,8,26,14,20,8,34,42,76,57,54,65,2,2,10,5,14,7,12,26,38,34,51,24,6,6,13,6,4,0,19,10,29,0,1,0,0,0,0,0,0,0,0,0,0,6,6,5,2,0,3,3,2,1,3,6,9,1308,11,97,-85,153,341,769,127,Austin,2018-08-11
2019,8,11,127,123,59,10,3,35,15,14,16,38,45,83,62,67,45,1,2,14,12,10,14,16,36,52,50,44,10,4,1,19,1,4,2,20,7,27,2,3,0,1,0,0,0,0,0,0,0,0,13,9,4,4,0,2,2,0,0,2,2,4,1230,12,101,-84,154,366,647,123,Austin,2019-08-11
2020,8,11,85,128,43,14,3,25,13,10,38,28,61,89,47,77,28,4,2,14,5,9,32,16,46,62,27,34,12,8,1,7,6,1,5,8,12,20,0,2,0,0,0,0,0,0,0,0,0,0,11,15,3,2,0,4,2,0,1,4,3,7,1044,15,103,-82,156,341,536,104,Austin,2020-08-11
2021,8,11,91,180,37,10,2,20,12,10,29,22,51,73,64,122,27,2,1,15,9,6,18,16,33,49,20,41,6,7,1,2,2,3,7,3,12,15,0,2,1,0,0,0,0,0,1,0,1,1,7,15,3,1,0,3,1,1,3,3,5,8,1069,10,82,-88,150,332,537,135,Austin,2021-08-11
2022,8,11,95,170,53,15,3,26,14,12,32,29,58,87,60,115,42,6,3,9,9,9,26,12,44,56,26,39,7,8,0,14,5,2,4,14,11,25,1,4,1,0,0,1,0,0,1,1,1,2,8,12,3,1,0,2,0,1,1,2,2,4,1078,15,83,-87,151,318,554,139,Austin,2022-08-11
2023,8,11,85,180,77,13,0,18,15,7,39,18,61,79,51,125,59,5,0,12,6,5,30,12,41,53,21,38,12,6,0,5,8,1,9,5,18,23,1,3,1,0,0,0,0,0,0,0,0,0,12,14,5,2,0,1,1,1,0,1,2,3,1186,16,90,-86,152,342,634,129,Austin,2023-08-11
2024,8,11,84,150,43,22,2,23,12,3,23,25,38,63,44,92,26,5,2,9,5,0,15,11,20,31,34,49,15,14,0,12,5,3,6,12,14,26,1,4,0,1,0,0,0,0,1,0,1,1,5,5,2,2,0,2,2,0,1,2,3,5,1014,14,58,-84,154,245,537,147,Austin,2024-08-11
2012,9,11,,,,,,,,,,,,,,,,,,,,,,,,,,,,,,,,,,,,,,,,,,,,,,,,,,,,,,,,,,,,,,,,,,,,,Austin,2012-09-11
2013,9,11,,,,,,,,,,,,,,,,,,,,,,,,,,,,,,,,,,,,,,,,,,,,,,,,,,,,,,,,,,,,,,,,,,,,,Austin,2013-09-11
2014,9,11,104,114,75,1,2,23,14,18,15,25,47,72,62,68,60,0,0,9,8,13,9,9,30,39,34,31,8,0,1,10,4,5,3,11,12,23,0,2,3,0,0,0,1,0,0,0,1,1,8,13,4,1,1,4,1,0,3,5,4,9,1639,28,104,-52,186,368,873,120,Austin,2014-09-11
2015,9,11,119,136,82,6,2,18,22,19,15,20,56,76,71,84,67,1,1,8,19,14,14,9,47,56,41,40,13,5,1,9,3,1,1,10,5,15,0,1,0,0,0,0,0,0,0,0,0,0,7,11,2,0,0,1,0,4,0,1,4,5,1696,13,93,-51,187,378,884,154,Austin,2015-09-11
2016,9,11,100,132,62,11,9,41,14,13,17,50,44,94,44,56,39,1,1,6,9,9,12,7,30,37,44,66,17,7,6,32,5,2,5,38,12,50,1,0,1,0,0,0,0,0,0,0,0,0,11,10,5,3,2,3,0,2,0,5,2,7,1377,7,92,-56,182,343,804,140,Austin,2016-09-11
2017,9,11,105,130,61,4,3,18,20,15,6,21,41,62,58,85,48,2,1,12,14,10,3,13,27,40,34,36,7,2,2,2,5,4,2,4,11,15,3,0,3,0,0,0,1,0,0,0,1,1,10,9,3,0,0,4,0,1,1,4,2,6,1511,23,93,-55,183,377,791,137,Austin,2017-09-11
2018,9,11,86,130,104,6,0,15,19,19,12,15,50,65,62,70,86,2,0,9,13,15,9,9,37,46,16,47,13,3,0,5,6,3,3,5,12,17,0,1,1,0,0,0,0,0,0,0,0,0,8,12,4,1,0,1,0,1,0,1,1,2,1354,16,91,-54,184,359,730,143,Austin,2018-09-11
2019,9,11,104,153,88,8,3,26,28,9,29,29,66,95,69,93,73,4,2,16,20,4,18,18,42,60,25,48,11,4,1,7,5,3,10,8,18,26,0,3,2,0,0,0,0,0,0,0,0,0,10,9,2,0,0,3,3,2,1,3,6,9,1452,15,103,-53,185,392,785,136,Austin,2019-09-11
2020,9,11,95,161,41,16,2,15,11,13,24,17,48,65,54,95,29,3,0,8,4,9,15,8,28,36,30,55,8,12,2,5,7,3,6,7,16,23,0,1,0,0,0,0,0,0,0,0,0,0,11,10,4,1,0,2,0,1,3,2,4,6,1056,15,87,-51,187,308,546,129,Austin,2020-09-11
2021,9,11,99,175,57,27,4,18,14,9,26,22,49,71,55,94,37,8,2,8,6,8,18,10,32,42,40,65,17,16,2,8,7,1,6,10,14,24,0,3,0,0,0,0,0,0,0,0,0,0,4,13,3,3,0,2,1,0,2,2,3,5,1030,11,77,-57,181,292,551,157,Austin,2021-09-11
2022,9,11,104,141,44,29,2,21,9,10,27,23,46,69,55,77,25,4,2,6,4,7,20,8,31,39,45,54,14,23,0,15,4,2,5,15,11,26,1,2,1,1,0,0,0,0,0,0,0,0,3,8,4,1,0,0,1,1,2,0,4,4,975,12,57,-56,182,277,514,140,Austin,2022-09-11
2023,9,11,69,164,48,19,7,21,9,7,35,28,51,79,51,109,37,7,0,13,5,6,25,13,36,49,17,41,11,11,7,8,4,1,8,15,13,28,0,4,0,0,0,0,0,0,2,0,2,2,1,10,0,1,0,0,0,0,0,0,0,0,975,16,40,-55,183,288,519,123,Austin,2023-09-11
2024,9,11,72,167,56,13,0,13,3,11,22,13,36,49,37,107,39,2,0,8,2,7,17,8,26,34,27,48,13,9,0,5,1,4,4,5,9,14,1,4,0,0,0,0,0,0,1,0,1,1,7,8,4,2,0,0,0,0,0,0,0,0,1039,18,74,-53,185,250,597,119,Austin,2024-09-11
2012,10,11,,,,,,,,,,,,,,,,,,,,,,,,,,,,,,,,,,,,,,,,,,,,,,,,,,,,,,,,,,,,,,,,,,,,,Austin,2012-10-11
2013,10,11,,,,,,,,,,,,,,,,,,,,,,,,,,,,,,,,,,,,,,,,,,,,,,,,,,,,,,,,,,,,,,,,,,,,,Austin,2013-10-11
2014,10,11,129,130,81,11,5,21,22,23,13,26,58,84,60,46,53,1,3,6,12,12,8,9,32,41,59,71,23,9,2,14,7,9,5,16,21,37,0,1,0,0,0,0,1,0,0,0,1,1,10,12,5,1,0,1,2,2,0,1,4,5,1570,14,119,-22,216,401,798,163,Austin,2014-10-11
2015,10,11,119,121,77,6,2,29,17,17,20,31,54,85,55,49,48,1,1,12,8,11,10,13,29,42,58,62,24,4,1,15,7,4,10,16,21,37,0,1,1,0,0,0,0,0,0,0,0,0,6,9,4,1,0,2,2,2,0,2,4,6,1504,9,99,-21,217,350,812,152,Austin,2015-10-11
2016,10,11,98,116,95,7,2,22,12,21,25,24,58,82,57,56,70,1,1,9,7,13,16,10,36,46,32,50,16,6,0,12,5,8,6,12,19,31,1,2,2,0,0,0,0,0,1,0,1,1,8,8,7,0,1,1,0,0,2,2,2,4,1616,25,99,-26,212,417,865,134,Austin,2016-10-11
2017,10,11,102,139,76,11,3,18,28,7,21,21,56,77,60,75,55,3,2,4,17,3,17,6,37,43,37,48,17,7,1,13,8,2,3,14,13,27,0,1,0,0,0,0,1,0,1,0,2,2,5,15,4,1,0,1,2,2,0,1,4,5,1504,20,88,-25,213,389,772,140,Austin,2017-10-11
2018,10,11,106,140,70,3,5,11,30,17,20,16,67,83,49,76,56,1,3,6,19,9,13,9,41,50,43,51,6,1,0,3,9,6,5,3,20,23,1,4,1,0,0,1,1,0,0,1,1,2,13,9,7,1,2,1,1,2,2,3,5,8,1496,20,102,-24,214,370,799,114,Austin,2018-10-11
2019,10,11,92,211,88,14,2,17,21,20,22,19,63,82,47,109,61,6,1,7,11,16,13,8,40,48,40,81,18,8,1,8,8,4,8,9,20,29,0,1,5,0,0,0,0,0,0,0,0,0,5,20,4,0,0,2,2,0,1,2,3,5,1641,21,114,-23,215,363,967,177,Austin,2019-10-11
2020,10,11,108,125,61,18,5,21,7,18,28,26,53,79,50,48,36,3,2,7,4,14,19,9,37,46,52,64,17,13,3,12,3,4,6,15,13,28,1,2,0,1,0,0,0,0,1,0,1,1,5,11,8,1,0,2,0,0,2,2,2,4,1023,14,65,-21,217,316,518,149,Austin,2020-10-11
2021,10,11,68,169,42,13,5,22,4,8,32,27,44,71,36,98,30,4,3,12,1,6,15,15,22,37,25,64,9,7,1,6,2,2,13,7,17,24,2,0,0,0,0,0,1,0,1,0,2,2,5,7,3,2,1,4,0,0,3,5,3,8,931,10,67,-27,211,321,429,123,Austin,2021-10-11
2022,10,11,86,181,63,17,2,22,6,7,34,24,47,71,51,108,47,6,0,12,4,6,20,12,30,42,26,62,10,8,2,10,1,1,11,12,13,25,1,4,1,0,0,0,0,0,0,0,0,0,8,7,5,3,0,0,1,0,3,0,4,4,1010,14,63,-26,212,315,520,127,Austin,2022-10-11
2023,10,11,80,135,41,12,2,17,5,12,26,19,43,62,43,85,29,5,2,10,1,8,18,12,27,39,28,42,7,6,0,7,4,3,8,7,15,22,1,0,1,0,0,0,0,0,0,0,0,0,8,8,4,1,0,0,0,1,0,0,1,1,904,7,56,-25,213,276,474,93,Austin,2023-10-11
2024,10,11,84,175,78,9,7,21,9,12,15,28,36,64,34,107,51,5,3,6,4,7,13,9,24,33,42,54,18,4,4,14,4,4,1,18,9,27,1,2,1,0,0,0,0,0,0,0,0,0,7,12,8,0,0,1,1,1,1,1,3,4,1099,13,88,-23,215,292,562,158,Austin,2024-10-11
2012,11,11,,,,,,,,,,,,,,,,,,,,,,,,,,,,,,,,,,,,,,,,,,,,,,,,,,,,,,,,,,,,,,,,,,,,,Austin,2012-11-11
2013,11,11,,,,,,,,,,,,,,,,,,,,,,,,,,,,,,,,,,,,,,,,,,,,,,,,,,,,,,,,,,,,,,,,,,,,,Austin,2013-11-11
2014,11,11,86,116,80,2,2,23,18,12,18,25,48,73,38,45,55,0,2,8,11,9,12,10,32,42,39,61,15,2,0,12,6,3,6,12,15,27,2,1,1,0,0,1,0,0,0,1,0,1,7,9,9,0,0,2,1,0,0,2,1,3,1520,22,98,9,247,369,765,92,Austin,2014-11-11
2015,11,11,97,135,65,6,5,21,35,12,12,26,59,85,49,67,40,1,2,4,16,7,7,6,30,36,36,57,15,5,2,13,18,4,2,15,24,39,0,1,1,0,0,0,0,0,1,0,1,1,12,10,9,0,1,4,1,1,2,5,4,9,1529,12,113,10,248,400,765,159,Austin,2015-11-11
2016,11,11,114,148,95,8,6,17,26,19,15,23,60,83,47,60,56,2,0,8,16,14,7,8,37,45,56,76,21,6,4,9,8,4,6,13,18,31,1,4,0,0,0,0,0,0,0,0,0,0,10,8,18,0,2,0,2,1,2,2,5,7,1700,21,117,5,243,390,978,163,Austin,2016-11-11
2017,11,11,122,126,53,11,7,31,17,15,14,38,46,84,47,56,24,3,2,12,6,7,9,14,22,36,61,59,23,6,5,18,9,8,5,23,22,45,1,1,1,0,0,0,0,0,0,0,0,0,13,10,5,2,0,1,2,0,0,1,2,3,1365,17,103,6,244,334,734,167,Austin,2017-11-11
2018,11,11,89,99,80,10,2,24,19,8,17,26,44,70,32,44,37,2,0,7,12,5,10,7,27,34,55,50,28,7,2,15,6,2,6,17,14,31,0,0,0,0,0,0,0,0,0,0,0,0,2,5,15,1,0,2,1,1,1,2,3,5,1100,6,80,7,245,302,605,127,Austin,2018-11-11
2019,11,11,87,141,87,9,5,20,27,15,24,25,66,91,52,77,50,3,4,12,19,8,17,16,44,60,32,49,21,5,0,7,6,4,6,7,16,23,0,3,1,0,0,0,0,0,0,0,0,0,3,12,15,1,1,1,2,3,1,2,6,8,1304,9,93,8,246,377,673,146,Austin,2019-11-11
2020,11,11,100,123,57,11,6,12,14,15,25,18,54,72,58,71,34,1,3,4,9,7,19,7,35,42,29,48,14,9,3,5,3,6,5,8,14,22,0,2,0,0,0,0,2,1,0,0,3,3,13,2,9,1,0,3,0,1,1,3,2,5,950,14,67,10,248,304,454,125,Austin,2020-11-11
2021,11,11,84,151,57,12,0,23,6,5,28,23,39,62,44,80,33,3,0,8,3,3,16,8,22,30,33,60,15,9,0,10,3,2,9,10,14,24,2,2,2,0,0,1,0,0,0,1,0,1,5,9,7,0,0,4,0,0,3,4,3,7,966,16,80,4,242,287,506,131,Austin,2021-11-11
2022,11,11,69,187,80,18,3,22,12,7,34,25,53,78,34,108,53,8,1,13,1,4,15,14,20,34,32,63,22,6,2,9,10,2,15,11,27,38,0,3,1,2,0,0,0,0,0,0,0,0,3,13,4,2,0,0,1,1,4,0,6,6,1060,15,82,5,243,318,544,156,Austin,2022-11-11
2023,11,11,71,155,49,18,4,18,10,10,32,22,52,74,30,68,23,1,1,5,4,4,15,6,23,29,37,73,20,16,3,12,5,5,15,15,25,40,0,3,0,0,0,0,0,0,0,0,0,0,4,11,6,1,0,1,1,1,2,1,4,5,841,8,58,6,244,224,481,105,Austin,2023-11-11
2024,11,11,94,153,38,14,4,20,15,8,29,24,52,76,42,74,25,2,2,12,8,4,19,14,31,45,45,71,12,10,1,7,5,2,6,8,13,21,0,1,0,0,0,0,0,0,2,0,2,2,7,7,1,2,1,1,2,2,2,2,6,8,952,10,70,8,246,272,483,132,Austin,2024-11-11
2012,12,11,,,,,,,,,,,,,,,,,,,,,,,,,,,,,,,,,,,,,,,,,,,,,,,,,,,,,,,,,,,,,,,,,,,,,Austin,2012-12-11
2013,12,11,,,,,,,,,,,,,,,,,,,,,,,,,,,,,,,,,,,,,,,,,,,,,,,,,,,,,,,,,,,,,,,,,,,,,Austin,2013-12-11
2014,12,11,108,115,101,7,2,6,20,14,15,8,49,57,48,56,62,0,0,2,11,8,14,2,33,35,47,48,20,7,2,4,6,6,1,6,13,19,0,3,3,0,0,0,0,0,0,0,0,0,13,8,16,0,0,0,3,0,0,0,3,3,1737,18,135,39,277,409,823,146,Austin,2014-12-11
2015,12,11,122,157,103,7,1,16,23,17,13,17,53,70,61,69,62,1,0,2,13,13,7,2,33,35,51,76,25,5,1,13,9,3,5,14,17,31,0,1,2,0,0,0,0,0,0,0,0,0,10,11,14,1,0,1,1,1,1,1,3,4,1664,17,112,40,278,408,834,187,Austin,2015-12-11
2016,12,11,122,124,73,12,1,33,18,17,9,34,44,78,44,44,34,2,0,12,12,8,6,12,26,38,70,68,32,9,1,19,5,7,3,20,15,35,1,1,0,0,0,0,0,1,0,0,1,1,7,11,7,1,0,2,1,1,0,2,2,4,1424,16,104,35,273,345,797,167,Austin,2016-12-11
2017,12,11,105,128,83,6,6,21,25,19,15,27,59,86,48,66,49,2,0,8,10,8,8,8,26,34,51,52,21,4,6,10,13,9,6,16,28,44,0,1,4,0,0,0,0,1,1,0,2,2,6,9,9,0,0,3,2,1,0,3,3,6,1442,16,104,36,274,342,783,135,Austin,2017-12-11
2018,12,11,89,119,109,4,2,16,25,15,25,18,65,83,44,56,71,1,0,5,16,9,11,5,36,41,37,58,26,3,2,11,9,5,11,13,25,38,2,0,1,0,0,0,0,0,1,0,1,1,6,5,11,0,0,0,0,1,2,0,3,3,1374,20,86,37,275,372,694,130,Austin,2018-12-11
2019,12,11,97,153,71,7,2,20,27,15,18,22,60,82,49,68,45,0,1,11,16,9,13,12,38,50,36,70,18,6,1,7,11,5,4,8,20,28,1,3,1,0,0,0,0,0,1,0,1,1,11,12,7,1,0,2,0,1,0,2,1,3,1345,18,97,38,276,370,672,167,Austin,2019-12-11
2020,12,11,91,156,81,12,3,12,11,8,17,15,36,51,42,79,53,1,3,3,5,5,11,6,21,27,42,66,21,10,0,7,5,3,3,7,11,18,2,2,1,0,0,0,0,0,1,0,1,1,5,9,6,1,0,2,1,0,2,2,3,5,997,15,77,40,278,347,472,124,Austin,2020-12-11
2021,12,11,83,131,50,17,1,16,9,9,27,17,45,62,34,56,23,4,0,7,3,4,17,7,24,31,40,66,17,12,1,8,5,3,8,9,16,25,2,5,1,0,0,0,0,0,0,0,0,0,7,4,9,1,0,1,1,2,2,1,5,6,968,18,70,34,272,244,530,146,Austin,2021-12-11
2022,12,11,83,145,54,36,6,31,15,12,24,37,51,88,38,60,11,3,3,10,7,10,15,13,32,45,36,77,38,30,2,20,6,2,5,22,13,35,2,0,1,0,0,0,0,0,2,0,2,2,7,8,4,3,1,1,2,0,2,2,4,6,1032,14,73,35,273,302,530,142,Austin,2022-12-11
2023,12,11,81,147,55,12,3,16,12,7,31,19,50,69,42,67,41,4,1,7,8,5,20,8,33,41,32,69,10,7,1,6,4,1,11,7,16,23,1,2,0,0,0,0,0,0,0,0,0,0,6,9,4,1,1,3,0,1,0,4,1,5,1042,9,70,36,274,306,529,105,Austin,2023-12-11
2024,12,11,79,125,72,18,8,6,8,8,24,14,40,54,41,59,41,4,2,3,4,3,15,5,22,27,29,58,15,14,5,3,3,4,8,8,15,23,1,3,4,0,0,0,0,1,1,0,2,2,8,5,12,0,1,0,1,0,0,1,1,2,986,20,70,38,276,281,521,113,Austin,2024-12-11
2012,1,12,,,,,,,,,,,,,,,,,,,,,,,,,,,,,,,,,,,,,,,,,,,,,,,,,,,,,,,,,,,,,,,,,,,,,Austin,2012-01-12
2013,1,12,,,,,,,,,,,,,,,,,,,,,,,,,,,,,,,,,,,,,,,,,,,,,,,,,,,,,,,,,,,,,,,,,,,,,Austin,2013-01-12
2014,1,12,95,105,55,9,3,19,23,17,10,22,50,72,32,32,23,0,3,10,19,12,7,13,38,51,51,63,23,9,0,9,3,4,3,9,10,19,0,2,0,0,0,0,0,0,0,0,0,0,12,8,9,0,0,0,1,1,0,0,2,2,1289,15,100,-294,-56,357,667,109,Austin,2014-01-12
2015,1,12,86,96,56,6,0,19,29,19,23,19,71,90,42,43,42,0,0,8,19,8,15,8,42,50,37,43,7,5,0,9,9,8,6,9,23,32,0,1,0,0,0,0,1,0,0,0,1,1,7,9,7,1,0,2,0,3,2,2,5,7,1438,23,110,-293,-55,334,745,99,Austin,2015-01-12
2016,1,12,111,119,109,13,8,11,24,14,9,19,47,66,55,50,69,4,4,7,14,9,8,11,31,42,51,53,24,9,4,3,8,3,1,7,12,19,0,3,2,0,0,1,0,0,0,1,0,1,5,13,14,0,0,0,2,2,0,0,4,4,1550,26,104,-299,-61,362,797,115,Austin,2016-01-12
2017,1,12,119,141,83,14,4,26,28,11,15,30,54,84,52,62,61,5,2,13,8,8,11,15,27,42,53,71,12,9,2,10,18,2,3,12,23,35,1,2,2,0,0,0,0,0,1,0,1,1,13,6,8,0,0,3,2,1,0,3,3,6,1725,29,128,-297,-59,431,936,147,Austin,2017-01-12
2018,1,12,88,121,109,6,0,14,32,18,16,14,66,80,37,65,65,2,0,3,19,9,8,3,36,39,45,39,32,4,0,9,13,6,5,9,24,33,1,2,1,0,0,0,0,0,1,0,1,1,5,15,11,0,0,2,0,3,2,2,5,7,1454,22,100,-296,-58,365,780,118,Austin,2018-01-12
2019,1,12,92,133,87,24,3,21,20,18,19,24,57,81,48,68,57,7,1,5,10,12,12,6,34,40,37,54,17,17,2,12,5,3,6,14,14,28,0,1,1,0,0,0,1,0,0,0,1,1,7,10,12,0,0,4,4,3,1,4,8,12,1292,14,91,-295,-57,364,689,143,Austin,2019-01-12
2020,1,12,114,128,53,12,2,14,13,14,12,16,39,55,53,65,25,3,0,7,7,8,11,7,26,33,54,56,21,9,2,5,6,5,1,7,12,19,2,0,1,0,0,0,0,0,0,0,0,0,5,7,6,0,0,2,0,1,0,2,1,3,1171,12,82,-294,-56,278,617,147,Austin,2020-01-12
2021,1,12,60,129,38,10,2,21,4,14,28,23,46,69,32,71,28,1,1,10,2,10,21,11,33,44,21,47,9,8,0,9,2,3,3,9,8,17,1,0,0,0,0,0,0,0,0,0,0,0,6,11,1,1,1,2,0,1,4,3,5,8,842,9,63,-299,-61,283,389,99,Austin,2021-01-12
2022,1,12,61,132,41,10,3,16,5,10,19,19,34,53,29,74,24,4,1,9,2,5,10,10,17,27,28,48,9,6,2,7,3,4,7,9,14,23,0,3,1,0,0,0,0,0,2,0,2,2,4,7,7,0,0,0,0,1,0,0,1,1,780,16,68,-298,-60,244,405,81,Austin,2022-01-12
2023,1,12,86,133,71,5,1,14,12,7,21,15,40,55,51,65,44,0,1,9,2,5,11,10,18,28,27,57,11,4,0,4,7,2,9,4,18,22,1,3,2,0,0,0,0,0,0,0,0,0,7,8,14,1,0,1,3,0,1,1,4,5,950,8,80,-297,-59,278,492,116,Austin,2023-01-12
2024,1,12,73,139,61,14,0,19,11,11,30,19,52,71,29,76,39,3,0,8,1,4,21,8,26,34,38,51,12,10,0,11,9,7,6,11,22,33,0,4,4,0,0,0,0,0,0,0,0,0,6,8,6,1,0,0,1,0,3,0,4,4,1094,20,94,-296,-58,278,616,97,Austin,2024-01-12
2012,2,12,,,,,,,,,,,,,,,,,,,,,,,,,,,,,,,,,,,,,,,,,,,,,,,,,,,,,,,,,,,,,,,,,,,,,Austin,2012-02-12
2013,2,12,,,,,,,,,,,,,,,,,,,,,,,,,,,,,,,,,,,,,,,,,,,,,,,,,,,,,,,,,,,,,,,,,,,,,Austin,2013-02-12
2014,2,12,84,100,70,0,3,15,23,18,22,18,63,81,48,53,53,0,0,8,14,13,15,8,42,50,32,39,12,0,2,7,9,5,6,9,20,29,0,0,3,0,0,0,0,0,1,0,1,1,4,8,2,0,1,0,0,0,0,1,0,1,1586,21,91,-263,-25,395,791,104,Austin,2014-02-12
2015,2,12,104,113,76,3,1,21,31,16,12,22,59,81,51,68,52,0,1,10,17,11,7,11,35,46,40,40,15,3,0,10,12,3,4,10,19,29,1,0,3,0,0,0,1,0,0,0,1,1,12,5,6,0,0,1,1,2,1,1,4,5,1565,19,99,-262,-24,349,810,130,Austin,2015-02-12
2016,2,12,135,128,94,10,2,27,17,17,7,29,41,70,66,67,75,3,0,9,14,9,3,9,26,35,56,49,10,7,2,17,1,7,3,19,11,30,0,1,0,0,0,0,0,0,0,0,0,0,13,11,9,0,0,1,2,1,1,1,4,5,1741,12,121,-268,-30,373,896,139,Austin,2016-02-12
2017,2,12,111,116,56,5,5,25,18,18,15,30,51,81,53,46,37,1,1,10,9,7,5,11,21,32,48,60,16,3,4,14,6,7,8,18,21,39,1,1,0,0,0,0,0,0,0,0,0,0,9,9,3,1,0,1,3,4,2,1,9,10,1380,15,95,-266,-28,339,730,137,Austin,2017-02-12
2018,2,12,82,108,63,9,1,20,18,11,19,21,48,69,48,54,51,1,1,4,11,9,13,5,33,38,29,46,9,6,0,12,5,2,5,12,12,24,1,1,1,0,0,1,0,0,1,1,1,2,4,7,2,2,0,3,2,0,0,3,2,5,1301,18,80,-265,-27,340,662,103,Austin,2018-02-12
2019,2,12,94,137,95,8,2,19,33,17,19,21,69,90,56,71,63,2,1,9,23,9,11,10,43,53,33,56,19,6,1,7,10,5,5,8,20,28,1,1,3,0,0,0,0,0,1,0,1,1,4,9,10,0,0,3,0,3,2,3,5,8,1432,17,72,-264,-26,389,723,139,Austin,2019-02-12
2020,2,12,108,139,105,11,0,18,28,11,21,18,60,78,66,67,65,2,0,8,15,6,11,8,32,40,33,58,29,8,0,9,13,4,3,9,20,29,1,2,4,0,0,0,0,0,3,0,3,3,8,12,7,1,0,1,0,1,4,1,5,6,1448,35,108,-263,-25,411,721,163,Austin,2020-02-12
2021,2,12,65,118,139,8,5,18,7,8,28,23,43,66,34,74,53,3,1,11,3,5,19,12,27,39,25,34,82,3,4,5,3,1,9,9,13,22,1,2,3,0,0,0,0,0,0,0,0,0,5,8,1,2,0,2,1,2,0,2,3,5,1048,13,66,-268,-30,282,610,123,Austin,2021-02-12
2022,2,12,80,145,46,20,1,20,6,9,28,21,43,64,42,76,28,4,0,9,1,6,19,9,26,35,34,62,14,15,1,7,5,1,7,8,13,21,1,1,1,0,0,1,0,1,1,1,2,3,3,6,3,1,0,3,0,1,1,3,2,5,954,16,58,-267,-29,264,518,139,Austin,2022-02-12
2023,2,12,82,153,52,33,2,27,6,6,24,29,36,65,34,67,28,11,1,11,1,2,19,12,22,34,41,72,19,21,1,15,5,3,4,16,12,28,0,1,1,0,0,1,0,0,0,1,0,1,7,13,4,1,0,0,0,1,1,0,2,2,935,10,73,-266,-28,258,508,132,Austin,2023-02-12
2024,2,12,90,163,41,11,8,15,9,7,32,23,48,71,54,79,28,3,3,9,3,4,24,12,31,43,30,74,7,8,4,6,5,3,7,10,15,25,0,0,2,0,0,0,0,0,1,0,1,1,6,10,4,0,1,0,1,0,0,1,1,2,1097,10,63,-265,-27,310,568,122,Austin,2024-02-12
2012,3,12,,,,,,,,,,,,,,,,,,,,,,,,,,,,,,,,,,,,,,,,,,,,,,,,,,,,,,,,,,,,,,,,,,,,,Austin,2012-03-12
2013,3,12,,,,,,,,,,,,,,,,,,,,,,,,,,,,,,,,,,,,,,,,,,,,,,,,,,,,,,,,,,,,,,,,,,,,,Austin,2013-03-12
2014,3,12,114,114,85,2,3,21,32,22,17,24,71,95,65,60,64,1,1,8,13,12,11,9,36,45,34,48,18,1,2,12,19,9,5,14,33,47,0,1,1,0,0,0,0,0,1,0,1,1,15,5,2,0,0,1,0,1,0,1,1,2,1712,17,103,-235,3,401,938,125,Austin,2014-03-12
2015,3,12,106,147,91,3,3,21,20,8,19,24,47,71,56,85,66,1,3,6,11,6,15,9,32,41,41,49,19,1,0,14,8,2,3,14,13,27,0,0,3,0,0,0,0,0,0,0,0,0,9,13,3,1,0,1,1,0,1,1,2,3,1739,30,119,-234,4,399,843,150,Austin,2015-03-12
2016,3,12,121,128,73,14,7,29,20,20,18,36,58,94,49,58,44,5,2,12,12,13,13,14,38,52,56,53,24,8,5,17,8,5,3,22,16,38,1,2,0,0,0,0,0,0,1,0,1,1,15,15,5,1,0,0,0,2,1,0,3,3,1682,12,116,-239,-1,351,932,169,Austin,2016-03-12
2017,3,12,91,114,48,12,2,18,10,8,20,20,38,58,46,50,30,3,1,9,5,7,16,10,28,38,38,54,17,7,1,9,5,1,4,10,10,20,1,0,0,0,0,0,0,0,0,0,0,0,6,10,1,2,0,0,0,0,0,0,0,0,1412,12,92,-238,0,310,855,109,Austin,2017-03-12
2018,3,12,103,153,80,9,4,11,26,8,26,15,60,75,67,80,62,5,0,6,21,4,14,6,39,45,32,58,13,3,4,4,5,4,8,8,17,25,0,0,0,0,0,0,0,0,2,0,2,2,4,15,5,1,0,1,0,0,2,1,2,3,1609,20,106,-237,1,323,964,144,Austin,2018-03-12
2019,3,12,102,148,127,4,2,27,25,13,29,29,67,96,56,75,84,1,0,10,15,11,21,10,47,57,34,63,28,3,2,14,8,0,8,16,16,32,0,1,9,0,0,0,1,0,0,0,1,1,12,9,6,0,0,3,1,2,0,3,3,6,1710,25,114,-236,2,413,902,172,Austin,2019-03-12
2020,3,12,106,166,92,8,5,23,22,17,13,28,52,80,66,96,61,2,4,15,10,13,11,19,34,53,32,59,24,6,1,8,8,1,1,9,10,19,0,2,0,0,0,0,1,0,0,0,1,1,8,9,7,0,0,0,3,3,1,0,7,7,1432,13,99,-234,4,375,745,169,Austin,2020-03-12
2021,3,12,117,173,36,11,3,22,7,8,26,25,41,66,62,97,21,6,1,8,2,4,24,9,30,39,45,66,11,4,1,12,3,3,2,13,8,21,1,0,0,0,0,1,0,0,0,1,0,1,9,10,4,1,1,1,2,1,0,2,3,5,1115,9,84,-240,-2,338,533,158,Austin,2021-03-12
2022,3,12,87,125,53,18,2,20,10,4,22,22,36,58,41,54,35,4,1,9,4,0,13,10,17,27,43,67,13,12,0,9,5,3,8,9,16,25,0,1,0,0,0,0,0,0,0,0,0,0,3,3,5,2,1,2,1,1,1,3,3,6,993,5,66,-239,-1,276,556,115,Austin,2022-03-12
2023,3,12,88,171,58,22,1,22,10,8,22,23,40,63,45,84,36,4,0,12,2,6,15,12,23,35,38,72,18,14,0,8,6,2,6,8,14,22,1,4,0,0,0,0,0,0,0,0,0,0,4,11,4,4,1,2,2,0,1,3,3,6,1009,11,70,-238,0,253,551,151,Austin,2023-03-12
2024,3,12,86,179,48,13,2,19,12,5,40,21,57,78,50,117,37,2,1,11,6,3,26,12,35,47,30,48,8,9,1,7,5,0,10,8,15,23,1,1,1,0,0,0,0,0,3,0,3,3,5,13,2,2,0,1,1,2,1,1,4,5,1070,10,68,-236,2,314,592,110,Austin,2024-03-12
2012,4,12,,,,,,,,,,,,,,,,,,,,,,,,,,,,,,,,,,,,,,,,,,,,,,,,,,,,,,,,,,,,,,,,,,,,,Austin,2012-04-12
2013,4,12,,,,,,,,,,,,,,,,,,,,,,,,,,,,,,,,,,,,,,,,,,,,,,,,,,,,,,,,,,,,,,,,,,,,,Austin,2013-04-12
2014,4,12,139,114,63,8,0,31,20,26,12,31,58,89,74,50,45,3,0,16,8,14,9,16,31,47,51,55,12,4,0,14,12,7,3,14,22,36,1,2,0,0,0,0,0,0,0,0,0,0,13,7,6,1,0,1,0,5,0,1,5,6,1622,9,123,-204,34,376,864,162,Austin,2014-04-12
2015,4,12,135,139,56,7,5,28,22,24,16,33,62,95,72,56,38,1,1,13,15,17,10,14,42,56,47,71,17,6,2,12,6,5,5,14,16,30,1,0,0,0,1,0,0,0,1,1,1,2,15,12,1,0,1,3,1,2,0,4,3,7,1406,8,112,-203,35,401,719,163,Austin,2015-04-12
2016,4,12,105,121,106,11,4,21,25,18,22,25,65,90,76,76,81,6,0,16,16,13,17,16,46,62,22,34,17,4,4,5,7,5,4,9,16,25,1,1,2,0,0,0,1,0,1,0,2,2,6,10,6,1,0,0,1,0,0,0,1,1,1572,18,82,-208,30,396,833,118,Austin,2016-04-12
2017,4,12,120,143,84,5,2,17,17,16,16,19,49,68,70,98,61,0,1,8,9,13,12,9,34,43,43,39,13,4,1,6,6,0,2,7,8,15,0,1,3,0,0,0,1,0,0,0,1,1,7,5,7,1,0,3,1,3,2,3,6,9,1729,20,130,-207,31,460,864,128,Austin,2017-04-12
2018,4,12,101,111,92,13,5,23,22,10,19,28,51,79,60,63,73,7,2,15,13,8,14,17,35,52,33,39,16,6,2,7,7,1,3,9,11,20,1,0,1,0,0,0,0,0,0,0,0,0,7,9,2,0,1,1,2,1,2,2,5,7,1486,12,102,-206,32,332,841,141,Austin,2018-04-12
2019,4,12,113,159,98,7,1,26,19,13,22,27,54,81,69,88,75,2,1,15,12,7,14,16,33,49,32,49,15,4,0,8,6,3,6,8,15,23,1,3,4,0,0,0,1,0,0,0,1,1,11,19,4,1,0,3,0,3,2,3,5,8,1643,22,145,-205,33,373,909,179,Austin,2019-04-12
2020,4,12,93,138,19,14,3,26,12,10,18,29,40,69,51,84,14,3,3,14,5,7,12,17,24,41,32,44,5,10,0,9,6,2,3,9,11,20,2,1,0,0,0,1,0,0,1,1,1,2,8,9,0,1,0,2,1,1,2,2,4,6,877,12,61,-203,35,244,496,118,Austin,2020-04-12
2021,4,12,96,152,51,19,5,22,8,13,15,27,36,63,62,93,35,4,3,11,6,7,11,14,24,38,26,43,12,15,2,8,1,5,3,10,9,19,5,0,3,0,0,0,0,0,0,0,0,0,3,16,1,0,0,3,1,1,1,3,3,6,1031,12,76,-209,29,339,497,141,Austin,2021-04-12
2022,4,12,91,145,52,22,3,19,10,6,27,22,43,65,58,90,39,6,3,11,6,2,21,14,29,43,27,41,6,14,0,7,4,3,5,7,12,19,1,2,2,0,0,0,0,0,0,0,0,0,5,12,5,2,0,1,0,1,1,1,2,3,963,15,66,-208,30,302,482,131,Austin,2022-04-12
2023,4,12,96,179,76,26,2,20,3,9,33,22,45,67,62,112,57,9,1,12,2,6,24,13,32,45,28,52,14,15,0,4,1,2,7,4,10,14,1,5,1,1,0,0,0,0,0,0,0,0,5,10,4,1,1,4,0,1,2,5,3,8,1020,17,65,-207,31,292,511,149,Austin,2023-04-12
2024,4,12,81,172,76,18,0,18,15,10,31,18,56,74,42,111,58,3,0,10,11,7,20,10,38,48,28,54,13,13,0,7,3,3,6,7,12,19,0,2,0,0,0,0,0,0,2,0,2,2,11,5,5,2,0,1,1,0,3,1,4,5,1095,8,66,-205,33,273,568,164,Austin,2024-04-12
2012,5,12,,,,,,,,,,,,,,,,,,,,,,,,,,,,,,,,,,,,,,,,,,,,,,,,,,,,,,,,,,,,,,,,,,,,,Austin,2012-05-12
2013,5,12,,,,,,,,,,,,,,,,,,,,,,,,,,,,,,,,,,,,,,,,,,,,,,,,,,,,,,,,,,,,,,,,,,,,,Austin,2013-05-12
2014,5,12,86,112,85,2,2,20,33,21,13,22,67,89,51,61,75,0,2,12,26,17,12,14,55,69,24,40,7,0,0,8,4,2,1,8,7,15,1,1,0,0,0,0,1,1,0,0,2,2,10,10,3,2,0,0,2,1,0,0,3,3,1444,17,89,-174,64,385,751,132,Austin,2014-05-12
2015,5,12,76,108,93,4,2,18,17,22,21,20,60,80,43,67,82,1,1,12,11,14,13,13,38,51,21,30,6,2,1,5,5,7,7,6,19,25,0,0,2,0,0,0,0,0,0,0,0,0,12,11,3,1,0,1,1,1,1,1,3,4,1496,25,117,-173,65,394,757,115,Austin,2015-05-12
2016,5,12,100,123,96,7,5,15,26,21,20,20,67,87,71,88,87,1,3,7,18,14,13,10,45,55,22,24,7,2,1,3,7,4,4,4,15,19,0,1,1,1,0,0,0,0,0,0,0,0,7,10,1,3,1,5,1,3,3,6,7,13,1645,10,129,-178,60,448,820,134,Austin,2016-05-12
2017,5,12,119,125,131,11,0,20,15,7,21,20,43,63,64,87,102,4,0,8,10,6,14,8,30,38,48,27,23,6,0,11,3,1,3,11,7,18,0,0,0,0,0,0,0,0,0,0,0,0,7,11,6,1,0,1,2,0,4,1,6,7,1706,14,134,-177,61,422,922,144,Austin,2017-05-12
2018,5,12,114,107,81,10,1,33,17,21,13,34,51,85,58,59,66,2,1,16,9,14,6,17,29,46,48,38,14,6,0,14,6,4,7,14,17,31,1,1,0,0,0,0,1,1,0,0,2,2,7,9,1,2,0,3,1,2,0,3,3,6,1504,10,131,-176,62,342,845,166,Austin,2018-05-12
2019,5,12,99,132,60,13,1,20,26,23,23,21,72,93,49,75,43,3,1,10,17,15,17,11,49,60,41,48,15,6,0,6,7,5,5,6,17,23,0,1,0,1,0,1,0,0,0,1,0,1,9,8,2,3,0,3,2,3,1,3,6,9,1369,9,126,-175,63,357,764,151,Austin,2019-05-12
2020,5,12,77,143,70,17,3,26,19,11,22,29,52,81,48,81,63,6,1,11,13,9,17,12,39,51,22,43,5,8,2,14,4,2,5,16,11,27,1,0,0,0,0,0,0,0,0,0,0,0,6,19,2,3,0,1,2,0,0,1,2,3,1015,16,83,-173,65,312,533,91,Austin,2020-05-12
2021,5,12,94,143,43,14,4,17,9,13,44,21,66,87,65,96,37,5,2,10,6,12,31,12,49,61,21,39,4,8,2,5,2,1,10,7,13,20,1,1,0,0,0,0,0,0,0,0,0,0,7,7,2,1,0,2,1,0,3,2,4,6,1050,9,71,-179,59,311,514,157,Austin,2021-05-12
2022,5,12,100,172,61,10,5,18,9,12,31,23,52,75,70,102,48,3,2,10,4,8,26,12,38,50,22,56,7,7,3,4,4,1,3,7,8,15,0,1,0,0,0,0,0,0,0,0,0,0,8,13,6,0,0,4,1,3,2,4,6,10,1086,12,84,-178,60,330,569,140,Austin,2022-05-12
2023,5,12,98,218,75,22,2,29,12,6,33,31,51,82,70,140,55,8,1,15,3,5,24,16,32,48,20,60,9,13,1,12,9,1,5,13,15,28,0,2,0,0,0,0,0,0,1,0,1,1,8,16,11,1,0,2,0,0,3,2,3,5,1183,8,93,-177,61,329,616,162,Austin,2023-05-12
2024,5,12,95,140,49,26,3,27,13,2,34,30,49,79,49,88,29,8,1,12,5,1,23,13,29,42,32,46,17,14,2,13,6,0,9,15,15,30,2,0,0,1,0,0,0,1,2,0,3,3,12,6,3,3,0,2,2,0,0,2,2,4,961,15,62,-175,63,264,518,129,Austin,2024-05-12
2012,6,12,,,,,,,,,,,,,,,,,,,,,,,,,,,,,,,,,,,,,,,,,,,,,,,,,,,,,,,,,,,,,,,,,,,,,Austin,2012-06-12
2013,6,12,,,,,,,,,,,,,,,,,,,,,,,,,,,,,,,,,,,,,,,,,,,,,,,,,,,,,,,,,,,,,,,,,,,,,Austin,2013-06-12
2014,6,12,116,118,82,5,2,18,17,21,10,20,48,68,74,71,65,0,0,13,12,16,9,13,37,50,29,33,7,4,2,5,2,3,1,7,6,13,1,0,0,0,0,0,0,0,0,0,0,0,12,14,10,1,0,0,3,2,0,0,5,5,1716,18,148,-143,95,337,967,133,Austin,2014-06-12
2015,6,12,125,138,108,5,2,29,17,18,17,31,52,83,74,92,95,1,1,15,13,13,13,16,39,55,37,31,6,3,1,12,3,4,2,13,9,22,0,1,1,0,0,0,0,0,0,0,0,0,14,14,6,1,0,2,1,1,2,2,4,6,1793,12,180,-142,96,439,925,153,Austin,2015-06-12
2016,6,12,115,133,55,12,4,20,25,19,26,24,70,94,66,80,30,5,2,11,18,14,19,13,51,64,38,42,18,6,1,8,5,4,6,9,15,24,0,1,0,0,0,0,0,0,0,0,0,0,11,10,7,1,1,1,2,1,1,2,4,6,1365,14,115,-147,91,348,749,156,Austin,2016-06-12
2017,6,12,114,143,66,6,2,20,20,12,25,22,57,79,80,80,54,4,1,13,13,9,17,14,39,53,28,51,5,1,1,6,7,2,6,7,15,22,0,2,0,0,0,0,0,0,1,0,1,1,6,10,7,1,0,1,0,1,1,1,2,3,1681,15,143,-146,92,384,900,131,Austin,2017-06-12
2018,6,12,98,141,82,5,2,13,18,13,15,15,46,61,58,85,74,1,2,6,10,10,13,8,33,41,30,42,4,3,0,3,7,3,1,3,11,14,1,2,1,0,0,0,0,0,1,0,1,1,9,12,3,1,0,4,1,0,0,4,1,5,1623,26,138,-145,93,412,868,143,Austin,2018-06-12
2019,6,12,94,164,72,14,1,19,22,13,19,20,54,74,64,112,57,3,0,10,20,11,15,10,46,56,17,42,9,6,1,6,2,1,0,7,3,10,1,3,0,0,0,1,0,0,2,1,2,3,12,7,6,5,0,2,0,1,2,2,3,5,1538,35,122,-144,94,385,801,151,Austin,2019-06-12
2020,6,12,83,137,54,15,5,26,16,11,21,31,48,79,47,92,44,4,3,12,12,9,17,15,38,53,28,24,7,9,2,11,4,2,2,13,8,21,1,4,1,0,0,0,0,0,0,0,0,0,7,17,2,2,0,3,0,0,2,3,2,5,1006,16,91,-142,96,284,529,152,Austin,2020-06-12
2021,6,12,128,174,61,22,4,25,7,9,18,29,34,63,69,110,43,9,4,16,0,6,14,20,20,40,45,48,14,11,0,7,6,2,2,7,10,17,1,3,0,0,0,0,0,0,1,0,1,1,13,13,4,2,0,2,1,1,1,2,3,5,1092,11,84,-148,90,289,542,213,Austin,2021-06-12
2022,6,12,94,174,40,18,5,30,8,6,25,35,39,74,54,105,28,6,5,11,2,5,18,16,25,41,26,49,8,8,0,13,6,0,4,13,10,23,2,4,1,0,0,0,0,0,0,0,0,0,12,16,3,4,0,6,0,1,3,6,4,10,1022,12,98,-147,91,307,526,151,Austin,2022-06-12
2023,6,12,76,183,63,12,6,20,9,10,57,26,76,102,52,122,52,6,3,8,6,8,48,11,62,73,15,50,6,6,3,9,3,1,4,12,8,20,3,0,2,0,0,0,0,0,1,0,1,1,6,11,3,0,0,3,0,1,4,3,5,8,1156,15,90,-146,92,358,602,124,Austin,2023-06-12
2024,6,12,74,189,65,19,7,9,11,14,27,16,52,68,45,129,48,10,4,6,5,9,20,10,34,44,21,43,9,7,3,2,5,4,7,5,16,21,0,2,1,0,0,1,0,0,0,1,0,1,8,15,7,2,0,0,1,1,0,0,2,2,1050,9,71,-144,94,283,557,156,Austin,2024-06-12
2012,7,12,,,,,,,,,,,,,,,,,,,,,,,,,,,,,,,,,,,,,,,,,,,,,,,,,,,,,,,,,,,,,,,,,,,,,Austin,2012-07-12
2013,7,12,,,,,,,,,,,,,,,,,,,,,,,,,,,,,,,,,,,,,,,,,,,,,,,,,,,,,,,,,,,,,,,,,,,,,Austin,2013-07-12
2014,7,12,124,107,57,10,4,28,22,16,9,32,47,79,58,53,41,0,2,11,14,13,5,13,32,45,52,40,10,10,2,15,4,3,2,17,9,26,2,1,0,0,0,0,1,0,1,0,2,2,12,13,6,0,0,2,3,0,1,2,4,6,1581,15,160,-113,125,357,823,159,Austin,2014-07-12
2015,7,12,110,93,66,11,7,28,14,15,15,35,44,79,58,43,44,3,2,13,8,8,9,15,25,40,43,41,16,7,5,12,5,6,6,17,17,34,0,0,0,0,0,0,0,0,0,0,0,0,9,9,6,1,0,3,1,1,0,3,2,5,1403,5,131,-112,126,359,769,117,Austin,2015-07-12
2016,7,12,105,126,82,18,6,17,19,14,10,23,43,66,76,64,67,7,3,7,13,13,9,10,35,45,16,48,8,7,3,9,3,1,0,12,4,16,0,0,2,0,0,0,0,0,0,0,0,0,13,14,5,4,0,1,3,0,1,1,4,5,1618,16,155,-117,121,391,880,141,Austin,2016-07-12
2017,7,12,110,123,55,5,2,24,18,13,20,26,51,77,75,85,43,0,0,12,15,9,17,12,41,53,22,24,8,4,1,9,2,2,2,10,6,16,0,2,0,0,0,0,1,0,0,0,1,1,13,12,4,1,1,3,0,2,1,4,3,7,1520,21,135,-116,122,420,780,131,Austin,2017-07-12
2018,7,12,107,137,87,11,1,19,19,13,18,20,50,70,75,87,77,7,1,11,13,12,14,12,39,51,22,44,6,2,0,4,4,1,4,4,9,13,1,1,1,0,0,0,0,0,0,0,0,0,9,5,3,2,0,4,2,0,0,4,2,6,1454,20,104,-115,123,365,786,175,Austin,2018-07-12
2019,7,12,114,173,75,11,5,25,33,19,25,30,77,107,77,112,63,3,4,16,21,16,17,20,54,74,22,45,5,6,1,6,10,3,7,7,20,27,2,0,1,0,0,0,1,0,0,0,1,1,13,16,6,2,0,3,1,0,1,3,2,5,1471,8,125,-114,124,394,748,153,Austin,2019-07-12
2020,7,12,105,142,41,17,1,38,22,14,14,39,50,89,58,75,29,3,0,22,14,10,10,22,34,56,38,47,6,12,1,15,6,1,3,16,10,26,1,3,0,0,0,0,0,0,1,0,1,1,8,17,6,2,0,1,2,3,0,1,5,6,997,10,103,-112,126,296,537,130,Austin,2020-07-12
2021,7,12,89,175,36,14,1,25,14,8,32,26,54,80,57,114,23,4,1,17,8,7,28,18,43,61,24,44,9,7,0,5,5,1,3,5,9,14,0,4,2,0,0,0,0,0,0,0,0,0,8,13,2,3,0,3,1,0,1,3,2,5,1045,20,76,-118,120,326,527,146,Austin,2021-07-12
2022,7,12,89,185,59,20,3,22,10,7,34,25,51,76,59,119,50,9,2,16,6,6,29,18,41,59,21,46,6,9,1,4,4,1,3,5,8,13,1,4,0,0,0,0,0,0,0,0,0,0,8,16,3,2,0,2,0,0,2,2,2,4,1086,16,82,-117,121,315,547,145,Austin,2022-07-12
2023,7,12,55,170,45,7,2,21,12,5,32,23,49,72,41,111,28,1,1,10,7,3,24,11,34,45,10,39,13,6,1,8,4,1,5,9,10,19,0,3,1,0,0,0,1,0,1,0,2,2,4,17,3,0,0,3,0,1,2,3,3,6,1043,11,90,-116,122,303,532,120,Austin,2023-07-12
2024,7,12,96,174,67,24,3,17,10,14,31,20,55,75,48,118,53,10,1,10,6,11,20,11,37,48,35,43,9,8,2,4,3,2,10,6,15,21,1,2,1,1,0,1,0,0,0,1,0,1,12,11,4,5,0,2,1,1,1,2,3,5,1213,22,97,-114,124,332,649,141,Austin,2024-07-12
2012,8,12,,,,,,,,,,,,,,,,,,,,,,,,,,,,,,,,,,,,,,,,,,,,,,,,,,,,,,,,,,,,,,,,,,,,,Austin,2012-08-12
2013,8,12,,,,,,,,,,,,,,,,,,,,,,,,,,,,,,,,,,,,,,,,,,,,,,,,,,,,,,,,,,,,,,,,,,,,,Austin,2013-08-12
2014,8,12,116,134,65,0,4,20,32,14,15,24,61,85,68,80,53,0,1,14,24,11,9,15,44,59,41,46,9,0,2,5,6,2,5,7,13,20,0,0,1,0,0,0,0,0,0,0,0,0,7,8,2,0,1,1,2,1,1,2,4,6,1644,25,113,-82,156,432,751,112,Austin,2014-08-12
2015,8,12,59,65,59,4,1,18,13,15,8,19,36,55,42,45,51,1,1,10,11,11,6,11,28,39,11,9,6,3,0,4,0,4,1,4,5,9,0,0,0,0,0,0,0,0,0,0,0,0,6,11,2,0,0,4,2,0,1,4,3,7,1005,5,115,-81,157,239,505,93,Austin,2015-08-12
2016,8,12,95,125,92,4,4,17,14,13,20,21,47,68,56,78,72,1,1,10,12,12,19,11,43,54,27,39,9,3,2,7,1,1,1,9,3,12,1,0,2,0,0,0,0,0,0,0,0,0,11,8,9,0,1,0,1,0,0,1,1,2,1705,20,148,-86,152,370,981,101,Austin,2016-08-12
2017,8,12,94,128,69,10,0,27,17,9,5,27,31,58,50,60,55,1,0,12,8,5,4,12,17,29,30,57,9,8,0,13,9,4,1,13,14,27,0,0,0,0,0,0,0,0,0,0,0,0,14,11,5,1,0,2,0,0,0,2,0,2,1318,13,111,-85,153,320,724,135,Austin,2017-08-12
2018,8,12,107,115,48,6,4,21,18,21,9,25,48,73,71,63,29,1,0,8,13,16,7,8,36,44,25,40,14,4,4,13,5,4,1,17,10,27,1,0,2,0,0,0,0,0,0,0,0,0,10,12,3,1,0,0,0,1,1,0,2,2,1216,6,105,-84,154,297,705,112,Austin,2018-08-12
2019,8,12,102,155,72,8,3,26,23,16,26,29,65,94,56,100,61,2,1,19,14,11,20,20,45,65,35,41,6,4,2,6,6,3,4,8,13,21,0,1,1,0,0,0,0,0,0,0,0,0,11,13,4,2,0,1,3,2,2,1,7,8,1411,19,113,-83,155,378,728,164,Austin,2019-08-12
2020,8,12,100,128,43,10,3,17,6,14,37,20,57,77,65,81,36,2,0,12,1,9,32,12,42,54,28,34,4,6,1,3,5,4,4,4,13,17,0,1,0,0,0,0,0,0,0,0,0,0,7,12,3,2,2,2,0,1,1,4,2,6,1004,14,85,-81,157,338,506,101,Austin,2020-08-12
2021,8,12,95,170,64,9,3,21,10,10,30,24,50,74,67,110,46,2,1,12,7,7,21,13,35,48,24,43,14,7,1,7,2,3,8,8,13,21,0,3,0,0,1,1,0,0,0,2,0,2,4,14,4,0,0,1,1,0,1,1,2,3,1032,12,73,-87,151,264,562,140,Austin,2021-08-12
2022,8,12,88,173,56,20,3,25,10,9,32,28,51,79,53,119,41,7,2,11,5,7,26,13,38,51,25,38,8,12,1,10,3,1,4,11,8,19,1,1,0,0,0,0,0,0,0,0,0,0,9,15,7,1,0,4,2,1,2,4,5,9,1112,8,96,-86,152,317,583,143,Austin,2022-08-12
2023,8,12,91,174,57,13,3,25,7,7,29,28,43,71,55,118,40,4,2,10,3,4,19,12,26,38,28,41,12,8,1,13,4,2,8,14,14,28,0,2,0,0,0,0,0,0,1,0,1,1,8,13,5,1,0,2,0,1,1,2,2,4,1054,8,72,-85,153,285,562,126,Austin,2023-08-12
2024,8,12,99,191,55,13,6,12,15,13,20,18,48,66,69,128,47,3,3,6,7,11,15,9,33,42,23,49,4,9,3,4,7,2,4,7,13,20,1,3,1,0,0,0,1,0,1,0,2,2,6,11,3,1,0,2,0,0,0,2,0,2,1111,14,71,-83,155,316,591,130,Austin,2024-08-12
2012,9,12,,,,,,,,,,,,,,,,,,,,,,,,,,,,,,,,,,,,,,,,,,,,,,,,,,,,,,,,,,,,,,,,,,,,,Austin,2012-09-12
2013,9,12,,,,,,,,,,,,,,,,,,,,,,,,,,,,,,,,,,,,,,,,,,,,,,,,,,,,,,,,,,,,,,,,,,,,,Austin,2013-09-12
2014,9,12,126,110,118,4,0,15,29,15,15,15,59,74,67,62,100,1,0,6,20,10,11,6,41,47,48,40,11,2,0,9,8,4,2,9,14,23,1,1,2,0,0,0,0,0,0,0,0,0,10,7,5,1,0,0,1,1,2,0,4,4,1650,23,107,-51,187,382,927,145,Austin,2014-09-12
2015,9,12,115,123,70,15,3,31,13,17,12,34,42,76,58,62,53,2,2,13,8,12,7,15,27,42,48,51,13,13,1,14,2,5,5,15,12,27,1,0,1,0,0,0,0,0,0,0,0,0,8,10,3,0,0,4,3,0,0,4,3,7,1517,13,91,-50,188,386,832,160,Austin,2015-09-12
2016,9,12,116,148,85,6,9,13,28,14,19,22,61,83,69,82,68,4,5,6,19,12,12,11,43,54,40,57,14,1,3,4,7,1,6,7,14,21,0,1,0,0,0,1,0,1,0,1,1,2,7,8,3,1,1,2,2,0,1,3,3,6,1554,29,92,-55,183,389,851,151,Austin,2016-09-12
2017,9,12,93,135,108,8,2,15,19,18,17,17,54,71,58,75,85,2,1,7,13,13,13,8,39,47,27,45,11,4,1,7,6,3,4,8,13,21,0,0,8,1,0,0,0,0,0,0,0,0,8,15,4,1,0,1,0,2,0,1,2,3,1476,21,95,-54,184,429,763,118,Austin,2017-09-12
2018,9,12,100,105,77,2,1,17,29,18,21,18,68,86,70,64,63,0,1,7,22,12,16,8,50,58,22,35,11,2,0,9,7,3,4,9,14,23,1,0,1,0,0,0,0,0,1,0,1,1,7,6,2,0,0,1,0,3,0,1,3,4,1342,17,75,-53,185,359,718,115,Austin,2018-09-12
2019,9,12,105,172,84,3,1,17,21,12,26,18,59,77,65,97,76,1,1,12,15,8,14,13,37,50,34,56,4,2,0,5,4,3,11,5,18,23,1,2,1,0,0,0,0,1,1,0,2,2,5,17,3,0,0,0,2,0,0,0,2,2,1485,18,93,-52,186,389,766,155,Austin,2019-09-12
2020,9,12,98,147,50,20,5,39,5,13,20,44,38,82,52,76,38,3,1,18,2,9,16,19,27,46,38,61,8,17,4,16,3,2,4,20,9,29,0,0,1,0,0,0,0,0,0,0,0,0,8,10,3,0,0,5,0,2,0,5,2,7,1039,10,80,-50,188,287,551,135,Austin,2020-09-12
2021,9,12,102,158,50,21,5,26,15,11,22,31,48,79,59,82,33,6,1,15,8,3,14,16,25,41,35,63,13,13,4,10,6,4,7,14,17,31,1,2,1,0,0,1,0,1,0,1,1,2,7,11,3,2,0,0,1,3,1,0,5,5,1026,14,83,-56,182,316,512,152,Austin,2021-09-12
2022,9,12,94,165,58,12,3,27,9,18,32,30,59,89,62,103,45,3,2,14,7,14,26,16,47,63,24,55,8,9,1,12,2,3,5,13,10,23,2,0,0,0,0,0,0,1,0,0,1,1,6,7,5,0,0,1,0,0,1,1,1,2,998,9,58,-55,183,313,515,112,Austin,2022-09-12
2023,9,12,87,176,64,13,5,17,9,13,41,22,63,85,62,123,50,8,2,11,5,9,31,13,45,58,18,40,9,4,3,6,4,4,9,9,17,26,2,4,1,0,0,0,0,0,0,0,0,0,5,9,4,1,0,0,0,0,1,0,1,1,985,14,62,-54,184,287,513,123,Austin,2023-09-12
2024,9,12,79,166,65,17,2,23,9,10,21,25,40,65,45,113,47,4,1,13,3,7,17,14,27,41,26,47,10,12,1,8,6,3,3,9,12,21,0,0,3,0,0,1,0,0,1,1,1,2,8,6,5,1,0,1,0,0,0,1,0,1,1076,9,68,-52,186,268,583,137,Austin,2024-09-12
2012,10,12,,,,,,,,,,,,,,,,,,,,,,,,,,,,,,,,,,,,,,,,,,,,,,,,,,,,,,,,,,,,,,,,,,,,,Austin,2012-10-12
2013,10,12,,,,,,,,,,,,,,,,,,,,,,,,,,,,,,,,,,,,,,,,,,,,,,,,,,,,,,,,,,,,,,,,,,,,,Austin,2013-10-12
2014,10,12,95,118,48,8,4,27,21,17,17,31,55,86,42,45,27,1,0,5,11,11,12,5,34,39,46,63,19,6,4,20,9,5,4,24,18,42,0,1,0,0,0,0,0,0,0,0,0,0,7,9,2,1,0,2,1,1,1,2,3,5,1484,12,109,-21,217,367,777,154,Austin,2014-10-12
2015,10,12,107,118,82,5,5,13,18,15,13,18,46,64,59,64,65,1,4,3,11,10,7,7,28,35,33,44,12,4,1,10,5,3,6,11,14,25,1,2,1,0,0,0,0,0,0,0,0,0,14,8,4,0,0,0,2,2,0,0,4,4,1465,23,94,-20,218,345,774,127,Austin,2015-10-12
2016,10,12,110,122,115,9,3,15,28,11,19,18,58,76,72,55,92,2,2,7,21,7,17,9,45,54,34,54,16,6,1,7,4,2,2,8,8,16,0,1,3,0,0,1,1,0,0,1,1,2,4,12,4,1,0,0,2,2,0,0,4,4,1592,25,112,-25,213,415,824,133,Austin,2016-10-12
2017,10,12,130,110,106,7,1,17,16,8,15,18,39,57,77,60,79,0,0,8,11,6,10,8,27,35,43,47,17,6,1,5,5,2,3,6,10,16,0,1,2,0,0,0,0,0,1,0,1,1,10,2,8,1,0,4,0,0,1,4,1,5,1542,21,83,-24,214,372,822,147,Austin,2017-10-12
2018,10,12,124,156,101,7,4,18,18,15,10,22,43,65,67,85,72,2,2,8,9,9,8,10,26,36,44,62,20,5,1,9,7,6,2,10,15,25,0,3,3,0,0,0,0,0,0,0,0,0,13,6,6,0,1,1,2,0,0,2,2,4,1540,21,99,-23,215,363,878,163,Austin,2018-10-12
2019,10,12,110,146,65,8,4,29,31,22,14,33,67,100,54,68,37,2,1,11,16,13,10,12,39,51,46,72,18,6,1,15,13,6,3,16,22,38,1,0,1,0,0,0,0,0,0,0,0,0,9,6,9,0,2,3,2,3,1,5,6,11,1365,9,97,-22,216,362,746,154,Austin,2019-10-12
2020,10,12,94,159,52,12,3,20,4,13,27,23,44,67,48,87,38,4,0,10,1,9,16,10,26,36,40,66,5,5,3,10,3,3,6,13,12,25,2,0,2,0,0,0,0,0,3,0,3,3,4,6,7,3,0,0,0,1,2,0,3,3,1023,18,64,-20,218,335,481,129,Austin,2020-10-12
2021,10,12,81,150,63,7,4,30,5,7,32,34,44,78,46,92,50,1,2,11,2,7,26,13,35,48,28,50,9,6,2,16,3,0,5,18,8,26,0,0,1,0,0,1,0,0,1,1,1,2,7,8,3,0,0,2,0,0,0,2,0,2,934,17,67,-26,212,318,455,126,Austin,2021-10-12
2022,10,12,71,160,62,17,3,24,11,4,20,27,35,62,44,87,45,5,3,14,2,3,10,17,15,32,20,61,8,12,0,8,9,1,7,8,17,25,1,0,1,0,0,0,0,0,1,0,1,1,6,12,8,0,0,2,0,0,2,2,2,4,963,12,59,-25,213,297,485,123,Austin,2022-10-12
2023,10,12,81,170,80,14,2,17,11,10,34,19,55,74,44,93,54,5,1,8,2,6,25,9,33,42,31,66,17,6,0,7,9,3,7,7,19,26,2,0,3,0,0,0,0,0,1,0,1,1,4,11,6,3,1,2,0,1,1,3,2,5,1091,18,80,-24,214,308,585,119,Austin,2023-10-12
2024,10,12,83,151,62,29,2,23,9,17,30,25,56,81,36,79,32,8,2,7,3,7,16,9,26,35,40,58,20,20,0,13,5,6,12,13,23,36,1,7,0,0,0,0,0,1,1,0,2,2,6,7,10,1,0,3,1,3,1,3,5,8,1054,18,67,-22,216,260,605,144,Austin,2024-10-12
2012,11,12,,,,,,,,,,,,,,,,,,,,,,,,,,,,,,,,,,,,,,,,,,,,,,,,,,,,,,,,,,,,,,,,,,,,,Austin,2012-11-12
2013,11,12,,,,,,,,,,,,,,,,,,,,,,,,,,,,,,,,,,,,,,,,,,,,,,,,,,,,,,,,,,,,,,,,,,,,,Austin,2013-11-12
2014,11,12,74,109,85,1,4,9,25,20,16,13,61,74,31,47,57,0,2,3,15,12,10,5,37,42,33,50,16,1,2,5,6,7,5,7,18,25,0,2,1,0,0,0,0,0,0,0,0,0,10,10,11,0,0,1,4,1,1,1,6,7,1610,20,104,10,248,365,770,136,Austin,2014-11-12
2015,11,12,104,124,85,4,1,10,32,24,14,11,70,81,58,59,54,1,1,3,16,16,11,4,43,47,40,57,15,3,0,5,14,6,3,5,23,28,0,0,0,0,0,0,0,0,0,0,0,0,6,8,16,0,0,2,2,2,0,2,4,6,1565,15,114,11,249,373,845,149,Austin,2015-11-12
2016,11,12,121,122,84,9,2,24,15,13,11,26,39,65,53,51,63,1,0,6,8,3,6,6,17,23,59,61,15,8,2,13,5,9,4,15,18,33,2,2,1,0,0,1,0,0,0,1,0,1,7,8,5,0,0,4,2,1,1,4,4,8,1480,11,110,6,244,333,848,148,Austin,2016-11-12
2017,11,12,103,134,56,11,2,25,9,12,15,27,36,63,36,66,35,5,0,13,2,5,13,13,20,33,56,53,18,5,2,12,5,7,1,14,13,27,0,1,0,0,0,0,0,0,1,0,1,1,11,14,3,1,0,0,2,0,0,0,2,2,1294,8,108,7,245,322,713,160,Austin,2017-11-12
2018,11,12,92,130,79,6,1,16,31,18,18,17,67,84,52,71,52,2,1,4,21,13,11,5,45,50,31,52,17,4,0,9,6,3,6,9,15,24,0,2,2,0,0,0,1,0,1,0,2,2,9,5,8,0,0,3,3,2,0,3,5,8,1257,15,100,8,246,317,698,116,Austin,2018-11-12
2019,11,12,70,126,73,6,8,20,28,10,19,28,57,85,35,59,42,1,3,14,22,3,13,17,38,55,27,57,16,5,4,5,4,4,4,9,12,21,1,1,0,0,0,0,0,2,0,0,2,2,7,9,15,0,1,1,2,1,2,2,5,7,1183,18,101,9,247,329,640,109,Austin,2019-11-12
2020,11,12,82,156,35,12,4,17,9,9,32,21,50,71,44,79,18,2,2,6,2,5,17,8,24,32,31,68,15,8,1,8,7,3,14,9,24,33,0,0,0,0,0,1,0,0,0,1,0,1,7,9,2,2,1,2,0,1,1,3,2,5,969,10,56,11,249,341,437,124,Austin,2020-11-12
2021,11,12,74,129,91,20,5,15,6,4,35,20,45,65,35,67,59,4,2,3,4,1,24,5,29,34,34,54,21,13,2,11,2,2,9,13,13,26,2,0,0,0,0,1,0,0,0,1,0,1,3,8,11,3,1,0,0,1,2,1,3,4,1099,10,85,5,243,319,578,156,Austin,2021-11-12
2022,11,12,66,141,57,27,5,23,11,6,21,28,38,66,33,69,31,4,2,7,2,5,12,9,19,28,29,62,17,23,3,16,8,1,9,19,18,37,1,0,0,0,0,0,0,0,0,0,0,0,3,10,9,0,0,0,1,0,0,0,1,1,889,8,48,6,244,219,502,131,Austin,2022-11-12
2023,11,12,70,134,54,35,2,24,2,6,41,26,49,75,27,69,25,4,0,8,2,3,26,8,31,39,40,53,25,27,2,15,0,3,12,17,15,32,2,3,0,0,0,0,0,0,0,0,0,0,1,9,4,4,0,1,0,0,3,1,3,4,893,17,52,7,245,234,500,134,Austin,2023-11-12
2024,11,12,85,155,56,14,1,14,14,11,22,15,47,62,49,90,38,1,1,6,7,5,15,7,27,34,32,51,12,13,0,7,6,4,7,7,17,24,1,3,1,0,0,0,1,0,0,0,1,1,3,11,5,0,0,1,0,2,0,1,2,3,979,12,53,9,247,275,519,127,Austin,2024-11-12
2012,12,12,,,,,,,,,,,,,,,,,,,,,,,,,,,,,,,,,,,,,,,,,,,,,,,,,,,,,,,,,,,,,,,,,,,,,Austin,2012-12-12
2013,12,12,,,,,,,,,,,,,,,,,,,,,,,,,,,,,,,,,,,,,,,,,,,,,,,,,,,,,,,,,,,,,,,,,,,,,Austin,2013-12-12
2014,12,12,88,122,87,5,1,26,25,13,14,27,52,79,33,55,55,0,0,7,9,8,9,7,26,33,53,56,23,5,0,16,14,3,5,16,22,38,0,0,5,0,0,0,0,0,0,0,0,0,2,11,4,0,1,3,2,2,0,4,4,8,1804,28,105,40,278,388,899,152,Austin,2014-12-12
2015,12,12,76,81,53,7,4,12,21,13,8,16,42,58,50,50,47,0,0,4,9,7,8,4,24,28,24,31,6,7,4,8,10,6,0,12,16,28,2,0,0,0,0,0,2,0,0,0,2,2,0,0,0,0,0,0,0,0,0,0,0,0,914,21,0,41,279,231,492,95,Austin,2015-12-12
2016,12,12,125,117,85,8,2,13,38,15,13,15,66,81,53,43,58,3,0,4,24,5,8,4,37,41,54,64,13,5,1,7,12,8,3,8,23,31,1,0,1,0,0,0,0,0,0,0,0,0,17,10,13,0,1,2,2,2,2,3,6,9,1559,16,150,36,274,378,838,138,Austin,2016-12-12
2017,12,12,101,142,88,8,2,17,28,15,28,19,71,90,53,66,58,4,1,5,17,9,21,6,47,53,32,67,22,3,1,10,9,4,4,11,17,28,0,1,1,0,0,0,0,0,0,0,0,0,16,8,7,1,0,2,2,2,3,2,7,9,1414,15,103,37,275,377,785,117,Austin,2017-12-12
2018,12,12,90,126,90,5,3,19,31,20,16,22,67,89,41,62,55,2,1,9,16,12,11,10,39,49,38,51,14,3,2,10,13,6,2,12,21,33,2,0,3,0,0,0,0,1,1,0,2,2,9,13,18,0,0,0,2,1,2,0,5,5,1410,22,115,38,276,374,723,173,Austin,2018-12-12
2019,12,12,85,158,104,13,4,13,19,14,17,17,50,67,43,81,62,5,1,5,10,4,12,6,26,32,36,67,26,5,3,7,5,9,4,10,18,28,0,0,2,1,0,0,1,0,0,0,1,1,6,10,14,2,0,1,3,1,1,1,5,6,1294,17,96,39,277,325,703,158,Austin,2019-12-12
2020,12,12,93,157,39,21,5,20,7,18,21,25,46,71,40,57,25,4,2,6,5,7,16,8,28,36,46,82,10,16,3,11,2,11,5,14,18,32,0,2,1,0,0,1,0,0,0,1,0,1,7,16,3,1,0,2,0,0,0,2,0,2,975,13,69,41,279,286,462,150,Austin,2020-12-12
2021,12,12,68,142,67,33,0,28,9,7,28,28,44,72,32,55,38,6,0,9,4,2,15,9,21,30,32,74,22,23,0,15,4,4,11,15,19,34,0,2,0,1,0,0,0,0,0,0,0,0,4,11,7,3,0,4,1,1,2,4,4,8,953,7,77,35,273,286,486,152,Austin,2021-12-12
2022,12,12,78,165,69,30,3,13,7,7,22,16,36,52,41,84,40,6,0,4,4,3,10,4,17,21,32,67,11,21,3,9,2,3,11,12,16,28,1,3,0,0,0,0,0,0,0,0,0,0,4,11,18,3,0,0,1,1,1,0,3,3,967,13,63,36,274,272,503,129,Austin,2022-12-12
2023,12,12,77,153,71,12,4,16,12,10,19,20,41,61,40,70,46,1,2,8,7,6,13,10,26,36,30,72,17,8,2,6,5,3,4,8,12,20,0,0,1,1,0,0,0,0,2,0,2,2,7,11,7,2,0,2,0,1,0,2,1,3,960,14,71,37,275,258,519,121,Austin,2023-12-12
2024,12,12,59,150,53,6,2,18,5,11,23,20,39,59,20,78,31,1,1,7,3,6,14,8,23,31,29,59,14,5,1,7,2,5,5,8,12,20,1,2,0,0,0,1,0,0,1,1,1,2,9,11,8,0,0,3,0,0,3,3,3,6,937,16,76,39,277,233,519,125,Austin,2024-12-12
2012,1,13,,,,,,,,,,,,,,,,,,,,,,,,,,,,,,,,,,,,,,,,,,,,,,,,,,,,,,,,,,,,,,,,,,,,,Austin,2012-01-13
2013,1,13,,,,,,,,,,,,,,,,,,,,,,,,,,,,,,,,,,,,,,,,,,,,,,,,,,,,,,,,,,,,,,,,,,,,,Austin,2013-01-13
2014,1,13,77,108,84,4,3,14,29,24,17,17,70,87,35,44,54,0,3,7,12,12,10,10,34,44,35,55,17,4,0,7,13,9,4,7,26,33,1,2,2,0,0,0,0,0,1,0,1,1,6,7,11,0,0,0,4,3,2,0,9,9,1592,30,100,-293,-55,397,776,115,Austin,2014-01-13
2015,1,13,59,91,66,2,0,22,20,15,15,22,50,72,36,34,38,1,0,10,10,11,12,10,33,43,22,47,10,1,0,11,10,4,3,11,17,28,0,1,3,0,0,1,0,0,0,1,0,1,1,9,15,0,0,0,0,0,0,0,0,0,1456,18,116,-292,-54,343,751,80,Austin,2015-01-13
2016,1,13,85,118,111,10,2,13,21,14,15,15,50,65,48,51,77,0,0,10,15,10,9,10,34,44,32,50,18,9,2,2,5,3,6,4,14,18,0,1,6,0,0,0,0,1,0,0,1,1,5,16,10,1,0,1,1,0,0,1,1,2,1561,26,97,-298,-60,360,770,137,Austin,2016-01-13
2017,1,13,140,145,144,6,1,22,34,14,27,23,75,98,70,66,96,1,0,7,12,10,19,7,41,48,53,60,34,4,1,12,19,3,7,13,29,42,0,4,5,0,0,2,0,0,1,2,1,3,17,15,9,1,0,1,3,1,0,1,4,5,1812,26,131,-296,-58,472,994,175,Austin,2017-01-13
2018,1,13,76,97,80,12,8,30,17,17,11,38,45,83,39,43,41,2,2,7,11,10,6,9,27,36,32,41,29,8,5,20,6,3,4,25,13,38,0,0,0,0,0,0,0,0,0,0,0,0,5,13,10,2,1,3,0,4,1,4,5,9,1246,5,100,-295,-57,307,680,125,Austin,2018-01-13
2019,1,13,81,119,50,15,7,27,10,19,14,34,43,77,31,47,30,1,3,6,4,8,5,9,17,26,46,56,11,13,3,18,6,9,8,21,23,44,1,0,0,0,0,0,0,0,1,0,1,1,3,16,9,1,1,3,0,2,0,4,2,6,1123,10,80,-294,-56,327,611,104,Austin,2019-01-13
2020,1,13,98,160,99,14,1,19,15,23,22,20,60,80,48,75,72,3,1,12,11,13,15,13,39,52,44,72,15,10,0,3,4,10,7,3,21,24,0,1,1,0,0,0,0,0,0,0,0,0,6,12,11,1,0,4,0,0,0,4,0,4,1329,17,98,-293,-55,385,694,155,Austin,2020-01-13
2021,1,13,79,136,52,12,1,10,8,7,26,11,41,52,44,76,32,3,0,5,5,5,19,5,29,34,28,47,14,9,1,2,3,2,6,3,11,14,1,0,0,0,0,0,0,0,0,0,0,0,6,13,6,0,0,3,0,0,1,3,1,4,882,8,76,-298,-60,262,438,108,Austin,2021-01-13
2022,1,13,78,133,51,19,5,14,11,5,28,19,44,63,45,63,30,7,0,8,7,3,15,8,25,33,29,56,18,12,5,4,4,1,11,9,16,25,0,3,0,0,0,0,0,0,1,0,1,1,4,11,3,0,0,2,0,1,1,2,2,4,906,6,67,-297,-59,271,460,136,Austin,2022-01-13
2023,1,13,69,182,67,15,6,17,5,10,24,23,39,62,39,94,44,2,2,7,2,5,14,9,21,30,21,67,14,11,3,9,3,3,7,12,13,25,2,2,3,0,0,0,0,0,0,0,0,0,7,19,6,2,1,1,0,2,3,2,5,7,993,11,80,-296,-58,293,490,117,Austin,2023-01-13
2024,1,13,75,135,58,25,5,15,13,3,31,20,47,67,26,56,34,1,1,7,6,1,17,8,24,32,42,64,17,24,4,6,7,2,11,10,20,30,1,1,2,0,0,0,0,0,0,0,0,0,6,14,5,0,0,2,0,0,3,2,3,5,938,10,72,-295,-57,249,513,108,Austin,2024-01-13
2012,2,13,,,,,,,,,,,,,,,,,,,,,,,,,,,,,,,,,,,,,,,,,,,,,,,,,,,,,,,,,,,,,,,,,,,,,Austin,2012-02-13
2013,2,13,,,,,,,,,,,,,,,,,,,,,,,,,,,,,,,,,,,,,,,,,,,,,,,,,,,,,,,,,,,,,,,,,,,,,Austin,2013-02-13
2014,2,13,87,108,69,2,4,13,25,26,21,17,72,89,37,58,48,1,2,7,15,15,12,9,42,51,41,43,7,1,2,5,9,5,8,7,22,29,1,0,1,0,0,0,0,0,1,0,1,1,8,7,13,0,0,1,1,6,0,1,7,8,1731,28,124,-262,-24,416,839,106,Austin,2014-02-13
2015,2,13,100,108,103,5,0,29,26,14,13,29,53,82,56,50,67,1,0,13,13,7,10,13,30,43,40,51,26,2,0,14,10,6,2,14,18,32,0,1,0,0,0,0,0,0,0,0,0,0,4,6,10,2,0,2,3,1,1,2,5,7,1697,14,105,-261,-23,425,865,138,Austin,2015-02-13
2016,2,13,146,112,93,11,2,27,18,20,7,29,45,74,58,47,62,4,0,9,10,8,5,9,23,32,74,54,27,6,2,17,7,10,2,19,19,38,0,1,0,0,0,0,0,0,0,0,0,0,14,10,4,1,0,1,1,2,0,1,3,4,1696,9,122,-267,-29,404,882,144,Austin,2016-02-13
2017,2,13,115,139,75,6,5,24,33,12,18,29,63,92,67,83,43,1,0,12,18,5,10,12,33,45,35,45,23,3,3,10,13,6,5,13,24,37,2,1,4,1,0,0,0,0,2,0,2,2,11,10,5,1,2,2,2,1,1,4,4,8,1578,32,113,-265,-27,405,794,129,Austin,2017-02-13
2018,2,13,82,99,61,6,2,7,21,8,29,9,58,67,43,67,38,5,0,5,12,7,21,5,40,45,35,27,15,1,2,1,9,1,5,3,15,18,0,1,2,0,0,0,0,0,0,0,0,0,4,4,6,0,0,1,0,0,3,1,3,4,1344,13,84,-264,-26,319,709,78,Austin,2018-02-13
2019,2,13,110,151,79,7,3,15,18,13,19,18,50,68,59,80,63,2,3,6,15,9,14,9,38,47,44,58,10,3,0,8,2,3,4,8,9,17,0,2,0,0,0,0,0,0,0,0,0,0,7,11,6,2,0,1,1,1,1,1,3,4,1435,18,86,-263,-25,378,733,158,Austin,2019-02-13
2020,2,13,121,163,85,4,4,13,24,18,24,17,66,83,64,87,57,1,0,9,14,4,16,9,34,43,43,64,17,3,3,3,8,12,6,6,26,32,1,1,3,0,0,0,1,0,1,0,2,2,13,11,8,0,1,1,1,2,1,2,4,6,1493,22,105,-262,-24,369,761,166,Austin,2020-02-13
2021,2,13,57,95,99,12,2,25,6,4,22,27,32,59,29,46,61,3,1,6,4,2,14,7,20,27,24,40,28,9,0,19,2,2,3,19,7,26,0,0,8,0,0,0,0,0,1,0,1,1,4,9,2,0,1,0,0,0,4,1,4,5,836,13,63,-267,-29,225,470,108,Austin,2021-02-13
2022,2,13,88,124,51,14,3,30,12,6,21,33,39,72,47,67,23,2,1,10,5,5,11,11,21,32,36,48,23,10,2,16,5,1,8,18,14,32,0,0,0,0,0,0,0,0,1,0,1,1,5,9,5,2,0,4,2,0,1,4,3,7,916,12,67,-266,-28,262,475,133,Austin,2022-02-13
2023,2,13,70,166,47,30,6,21,9,12,23,27,44,71,34,103,30,10,1,9,2,8,17,10,27,37,28,58,11,19,5,11,6,2,4,16,12,28,1,0,0,0,0,0,1,0,0,0,1,1,7,5,6,1,0,1,0,2,2,1,4,5,962,8,60,-265,-27,308,490,115,Austin,2023-02-13
2024,2,13,71,173,75,11,2,16,8,12,22,18,42,60,40,104,53,8,1,9,2,5,14,10,21,31,26,58,16,3,0,7,6,6,5,7,17,24,1,3,1,0,0,0,0,0,2,0,2,2,4,8,5,0,1,0,0,1,1,1,2,3,1073,12,61,-264,-26,295,546,121,Austin,2024-02-13
2012,3,13,,,,,,,,,,,,,,,,,,,,,,,,,,,,,,,,,,,,,,,,,,,,,,,,,,,,,,,,,,,,,,,,,,,,,Austin,2012-03-13
2013,3,13,,,,,,,,,,,,,,,,,,,,,,,,,,,,,,,,,,,,,,,,,,,,,,,,,,,,,,,,,,,,,,,,,,,,,Austin,2013-03-13
2014,3,13,147,143,78,2,2,23,30,26,31,25,87,112,71,63,54,0,1,12,16,17,19,13,52,65,67,64,18,2,1,7,14,6,9,8,29,37,1,0,1,0,0,0,0,0,0,0,0,0,8,16,5,0,0,4,0,3,3,4,6,10,1757,11,129,-234,4,415,903,164,Austin,2014-03-13
2015,3,13,123,143,106,4,7,20,17,18,20,27,55,82,62,69,79,0,2,10,13,10,11,12,34,46,53,59,18,4,5,7,4,5,8,12,17,29,0,2,3,0,0,1,0,0,0,1,0,1,8,13,6,0,0,2,0,3,1,2,4,6,1835,32,115,-233,5,393,945,162,Austin,2015-03-13
2016,3,13,129,104,66,11,4,24,28,22,17,28,67,95,54,48,35,0,1,7,18,13,11,8,42,50,62,43,23,11,3,14,8,8,5,17,21,38,0,1,0,0,0,1,1,0,0,1,1,2,13,12,8,0,0,2,1,1,1,2,3,5,1614,20,138,-238,0,352,898,151,Austin,2016-03-13
2017,3,13,99,127,83,4,4,24,13,19,22,28,54,82,65,63,59,1,3,11,10,14,18,14,42,56,29,53,17,3,0,11,2,3,4,11,9,20,0,0,2,0,0,0,1,1,0,0,2,2,5,11,5,0,1,2,0,1,0,3,1,4,1577,18,109,-237,1,369,843,139,Austin,2017-03-13
2018,3,13,109,154,69,8,2,16,14,14,14,18,42,60,59,95,49,3,0,6,8,12,9,6,29,35,36,44,15,4,1,10,6,2,3,11,11,22,0,2,2,0,0,0,0,0,1,0,1,1,14,13,3,1,1,0,0,0,1,1,1,2,1601,18,113,-236,2,318,969,157,Austin,2018-03-13
2019,3,13,120,149,124,8,4,29,30,20,11,33,61,94,58,83,96,3,3,19,18,11,6,22,35,57,53,54,20,4,0,7,8,7,3,7,18,25,0,3,4,0,0,0,1,0,0,0,1,1,9,9,4,1,1,3,3,2,2,4,7,11,1648,24,94,-235,3,411,897,187,Austin,2019-03-13
2020,3,13,144,179,78,10,3,33,22,12,29,36,63,99,73,115,58,4,1,20,15,8,16,21,39,60,51,57,13,6,1,11,6,2,10,12,18,30,2,0,1,0,0,0,0,0,1,0,1,1,18,7,6,0,1,2,1,2,2,3,5,8,1518,17,99,-233,5,431,743,182,Austin,2020-03-13
2021,3,13,126,155,44,19,2,20,9,8,22,22,39,61,67,65,28,6,0,8,7,4,12,8,23,31,49,74,15,12,2,11,2,3,8,13,13,26,0,2,0,0,0,0,0,0,0,0,0,0,10,14,1,1,0,1,0,1,2,1,3,4,1079,13,79,-239,-1,298,543,184,Austin,2021-03-13
2022,3,13,67,133,51,20,4,19,12,4,16,23,32,55,38,61,29,3,1,6,4,2,14,7,20,27,24,59,19,15,3,11,6,2,2,14,10,24,0,2,0,0,0,0,1,0,0,0,1,1,5,11,3,2,0,2,1,0,0,2,1,3,1038,6,80,-238,0,253,587,127,Austin,2022-03-13
2023,3,13,81,161,61,15,3,15,9,4,29,18,42,60,50,100,47,4,1,5,2,4,19,6,25,31,25,51,11,9,2,8,7,0,6,10,13,23,0,2,1,0,0,1,0,0,0,1,0,1,6,8,2,2,0,1,0,0,4,1,4,5,1014,11,69,-237,1,309,513,110,Austin,2023-03-13
2024,3,13,83,191,48,12,3,11,7,12,26,14,45,59,45,105,30,1,3,6,3,7,15,9,25,34,30,74,12,6,0,5,4,4,8,5,16,21,1,4,1,0,0,0,0,0,1,0,1,1,7,8,5,5,0,0,0,1,2,0,3,3,1072,17,83,-235,3,253,597,139,Austin,2024-03-13
2012,4,13,,,,,,,,,,,,,,,,,,,,,,,,,,,,,,,,,,,,,,,,,,,,,,,,,,,,,,,,,,,,,,,,,,,,,Austin,2012-04-13
2013,4,13,,,,,,,,,,,,,,,,,,,,,,,,,,,,,,,,,,,,,,,,,,,,,,,,,,,,,,,,,,,,,,,,,,,,,Austin,2013-04-13
2014,4,13,131,110,57,11,5,36,34,19,15,41,68,109,48,56,28,7,1,17,20,12,10,18,42,60,68,47,24,4,4,18,10,5,5,22,20,42,2,1,1,0,0,0,0,0,0,0,0,0,13,6,4,0,0,1,4,2,0,1,6,7,1409,17,78,-203,35,356,743,144,Austin,2014-04-13
2015,4,13,97,103,87,2,4,28,30,20,18,32,68,100,60,53,67,1,3,13,19,14,16,16,49,65,30,39,15,1,1,9,10,3,2,10,15,25,1,1,1,0,0,0,1,0,0,0,1,1,6,10,4,0,0,6,0,3,0,6,3,9,1556,11,94,-202,36,398,777,129,Austin,2015-04-13
2016,4,13,92,162,102,7,2,18,16,12,15,20,43,63,65,104,78,0,2,11,11,8,14,13,33,46,18,39,18,6,0,6,5,3,1,6,9,15,1,1,2,0,0,0,0,0,0,0,0,0,8,18,4,1,0,1,0,1,0,1,1,2,1568,24,99,-207,31,369,849,159,Austin,2016-04-13
2017,4,13,134,146,95,4,2,20,25,16,10,22,51,73,83,80,82,0,1,14,18,10,9,15,37,52,36,52,10,3,1,5,6,5,1,6,12,18,3,1,2,0,0,0,0,0,0,0,0,0,12,13,1,1,0,1,1,1,0,1,2,3,1786,17,146,-206,32,442,870,163,Austin,2017-04-13
2018,4,13,115,138,127,10,2,23,24,13,15,25,52,77,71,71,85,0,1,15,17,9,11,16,37,53,32,56,29,9,1,7,6,4,4,8,14,22,2,0,2,0,0,0,0,0,0,0,0,0,10,11,11,1,0,1,1,0,0,1,1,2,1734,24,126,-205,33,396,1026,158,Austin,2018-04-13
2019,4,13,107,171,105,12,2,23,12,12,17,25,41,66,67,94,85,6,1,8,8,11,12,9,31,40,35,63,17,3,1,12,4,1,2,13,7,20,0,1,0,0,0,0,0,0,0,0,0,0,5,13,3,3,0,3,0,0,3,3,3,6,1566,10,108,-204,34,344,963,180,Austin,2019-04-13
2020,4,13,93,160,21,9,2,14,18,7,25,16,50,66,61,98,18,3,1,11,13,5,17,12,35,47,24,50,2,5,1,3,4,1,6,4,11,15,0,1,0,0,0,0,0,0,1,0,1,1,8,11,1,1,0,0,1,1,1,0,3,3,959,11,58,-202,36,272,539,96,Austin,2020-04-13
2021,4,13,100,192,58,17,0,19,8,6,17,19,31,50,70,120,46,7,0,11,4,4,13,11,21,32,23,57,11,10,0,7,4,2,1,7,7,14,3,3,0,0,0,0,0,0,2,0,2,2,4,12,1,0,0,1,0,0,1,1,1,2,1001,14,59,-208,30,318,493,152,Austin,2021-04-13
2022,4,13,103,164,73,19,2,22,10,13,21,24,44,68,70,102,55,11,1,10,4,7,13,11,24,35,28,47,11,5,1,10,6,4,8,11,18,29,1,1,3,0,0,0,0,0,0,0,0,0,4,14,4,3,0,2,0,2,0,2,2,4,1012,11,75,-207,31,307,500,161,Austin,2022-04-13
2023,4,13,67,182,71,12,3,17,10,16,28,20,54,74,43,114,55,4,2,8,5,10,18,10,33,43,19,44,10,8,1,7,5,3,8,8,16,24,2,7,0,0,0,0,0,0,0,0,0,0,3,17,6,0,0,2,0,3,2,2,5,7,1038,21,78,-206,32,275,539,148,Austin,2023-04-13
2024,4,13,90,155,58,23,4,29,12,12,27,33,51,84,49,84,45,1,3,16,8,5,21,19,34,53,31,60,12,22,0,12,3,5,5,12,13,25,0,2,0,0,0,0,1,0,1,0,2,2,10,9,1,0,1,1,0,2,0,2,2,4,1022,6,72,-204,34,285,552,135,Austin,2024-04-13
2012,5,13,,,,,,,,,,,,,,,,,,,,,,,,,,,,,,,,,,,,,,,,,,,,,,,,,,,,,,,,,,,,,,,,,,,,,Austin,2012-05-13
2013,5,13,,,,,,,,,,,,,,,,,,,,,,,,,,,,,,,,,,,,,,,,,,,,,,,,,,,,,,,,,,,,,,,,,,,,,Austin,2013-05-13
2014,5,13,83,97,71,3,4,19,23,21,20,23,64,87,60,60,56,2,0,9,20,16,12,9,48,57,12,28,11,0,2,6,1,2,8,8,11,19,0,0,1,0,0,0,1,0,0,0,1,1,11,9,3,1,2,4,1,3,0,6,4,10,1425,14,99,-173,65,385,745,90,Austin,2014-05-13
2015,5,13,89,102,92,3,3,16,20,19,17,19,56,75,51,67,81,1,1,8,13,16,14,9,43,52,25,27,6,1,1,5,3,3,3,6,9,15,1,0,1,0,0,0,0,0,0,0,0,0,12,8,4,1,1,3,4,0,0,4,4,8,1481,11,127,-172,66,384,791,109,Austin,2015-05-13
2016,5,13,108,141,93,5,2,23,24,16,26,25,66,91,74,95,73,2,1,12,18,9,21,13,48,61,23,31,9,3,0,10,3,5,3,10,11,21,1,3,0,0,1,0,2,0,0,1,2,3,10,12,11,0,0,1,1,2,2,1,5,6,1760,21,150,-177,61,395,966,148,Austin,2016-05-13
2017,5,13,119,107,88,10,1,32,19,11,15,33,45,78,73,57,63,2,1,17,9,9,12,18,30,48,35,44,19,5,0,12,8,2,3,12,13,25,0,0,0,0,0,0,1,0,0,0,1,1,11,6,6,3,0,3,1,0,0,3,1,4,1512,10,113,-176,62,361,825,142,Austin,2017-05-13
2018,5,13,125,107,57,4,4,25,16,17,14,29,47,76,78,60,29,1,1,10,10,11,12,11,33,44,37,39,24,2,3,13,4,5,2,16,11,27,1,0,0,0,0,1,0,0,0,1,0,1,9,8,4,1,0,1,2,1,0,1,3,4,1224,14,86,-175,63,332,650,127,Austin,2018-05-13
2019,5,13,119,129,81,6,5,16,26,21,23,21,70,91,84,70,68,1,1,8,23,17,20,9,60,69,26,40,7,4,3,6,2,2,2,9,6,15,0,2,1,1,0,0,0,1,0,0,1,1,9,17,5,0,1,2,1,1,1,3,3,6,1501,27,119,-174,64,376,791,138,Austin,2019-05-13
2020,5,13,89,135,38,10,4,18,10,10,14,22,34,56,58,96,29,1,2,11,7,5,11,13,23,36,22,34,7,8,2,4,2,5,3,6,10,16,0,0,1,0,0,0,0,0,0,0,0,0,9,5,1,1,0,3,1,0,0,3,1,4,1031,17,78,-172,66,323,519,114,Austin,2020-05-13
2021,5,13,112,138,48,11,3,25,6,8,32,28,46,74,72,89,36,5,1,16,2,6,23,17,31,48,31,38,10,5,2,6,3,1,6,8,10,18,1,1,1,0,0,1,1,0,0,1,1,2,8,10,1,1,0,2,0,1,3,2,4,6,1009,18,80,-178,60,315,526,125,Austin,2021-05-13
2022,5,13,103,169,73,14,4,24,8,8,17,28,33,61,80,93,56,5,2,16,4,7,13,18,24,42,16,57,12,9,2,7,4,1,4,9,9,18,0,0,0,0,0,0,0,0,0,0,0,0,7,19,5,0,0,1,0,0,0,1,0,1,1140,9,89,-177,61,329,603,148,Austin,2022-05-13
2023,5,13,87,191,79,26,5,27,12,9,34,32,55,87,44,117,53,9,1,13,6,7,24,14,37,51,37,54,24,17,4,11,5,2,8,15,15,30,0,5,1,0,0,0,0,0,0,0,0,0,6,15,1,0,0,3,1,0,2,3,3,6,1091,13,94,-176,62,293,586,157,Austin,2023-05-13
2024,5,13,85,184,52,19,6,21,11,8,45,27,64,91,58,123,43,5,5,11,6,7,36,16,49,65,24,46,2,10,1,8,4,1,6,9,11,20,0,4,4,0,0,0,0,0,2,0,2,2,3,11,3,4,0,2,1,0,1,2,2,4,1038,12,84,-174,64,312,515,131,Austin,2024-05-13
2012,6,13,,,,,,,,,,,,,,,,,,,,,,,,,,,,,,,,,,,,,,,,,,,,,,,,,,,,,,,,,,,,,,,,,,,,,Austin,2012-06-13
2013,6,13,,,,,,,,,,,,,,,,,,,,,,,,,,,,,,,,,,,,,,,,,,,,,,,,,,,,,,,,,,,,,,,,,,,,,Austin,2013-06-13
2014,6,13,101,109,95,5,3,21,25,26,18,24,69,93,55,66,74,2,1,13,15,18,11,14,44,58,30,33,9,2,0,7,7,2,4,7,13,20,1,0,2,0,1,0,0,0,1,1,1,2,15,10,10,1,1,1,3,6,2,2,11,13,1712,23,163,-142,96,421,949,112,Austin,2014-06-13
2015,6,13,139,104,60,3,3,40,13,14,17,43,44,87,78,52,40,0,1,17,8,11,13,18,32,50,50,38,14,3,2,19,4,0,3,21,7,28,1,2,2,0,0,0,0,0,0,0,0,0,10,12,4,0,0,4,1,3,1,4,5,9,1665,17,166,-141,97,389,869,157,Austin,2015-06-13
2016,6,13,128,138,80,10,2,30,42,11,27,32,80,112,87,92,64,2,2,18,32,9,19,20,60,80,31,37,7,5,0,8,7,0,4,8,11,19,1,1,2,0,0,0,0,0,0,0,0,0,9,8,7,3,0,4,3,2,4,4,9,13,1582,17,133,-146,92,397,901,142,Austin,2016-06-13
2017,6,13,134,152,89,8,3,21,25,16,13,24,54,78,88,99,76,3,0,13,17,10,7,13,34,47,29,39,6,5,3,6,6,4,3,9,13,22,2,1,0,0,0,0,0,1,0,0,1,1,15,13,7,0,0,2,2,1,3,2,6,8,1688,21,152,-145,93,455,888,126,Austin,2017-06-13
2018,6,13,122,142,94,10,0,23,24,12,13,23,49,72,83,88,78,3,0,13,16,10,9,13,35,48,29,41,10,6,0,8,6,2,3,8,11,19,2,2,1,0,0,0,1,0,0,0,1,1,8,11,5,1,0,2,1,0,1,2,2,4,1502,20,115,-144,94,384,801,160,Austin,2018-06-13
2019,6,13,112,192,101,7,0,27,16,31,28,27,75,102,73,107,87,4,0,14,14,23,22,14,59,73,29,65,11,3,0,11,1,4,2,11,7,18,0,0,0,0,0,0,0,0,1,0,1,1,10,20,3,0,0,2,1,4,3,2,8,10,1636,28,158,-143,95,404,871,167,Austin,2019-06-13
2020,6,13,88,124,43,13,2,22,22,4,26,24,52,76,56,69,30,1,0,15,15,3,14,15,32,47,21,40,7,12,0,5,6,0,7,5,13,18,0,2,0,0,0,0,0,0,1,0,1,1,11,13,6,0,2,2,1,1,4,4,6,10,919,13,88,-141,97,277,467,136,Austin,2020-06-13
2021,6,13,107,160,51,34,3,25,6,11,19,28,36,64,63,101,31,6,3,9,4,7,13,12,24,36,31,41,17,25,0,13,2,2,4,13,8,21,2,2,0,1,0,0,0,0,0,0,0,0,11,16,3,2,0,3,0,2,2,3,4,7,1069,9,86,-147,91,267,571,178,Austin,2021-06-13
2022,6,13,98,170,50,24,1,18,12,8,28,19,48,67,69,116,40,5,0,13,8,5,22,13,35,48,22,35,7,14,1,5,3,1,4,6,8,14,0,2,0,0,0,0,0,1,0,0,1,1,7,17,3,5,0,0,1,1,2,0,4,4,1086,13,86,-146,92,311,578,148,Austin,2022-06-13
2023,6,13,114,185,55,11,4,21,10,6,31,25,47,72,82,135,46,3,2,13,5,4,28,15,37,52,21,37,8,7,2,7,4,2,3,9,9,18,0,1,0,0,0,0,0,0,0,0,0,0,11,12,1,1,0,1,1,0,0,1,1,2,1056,16,71,-145,93,296,561,132,Austin,2023-06-13
2024,6,13,76,181,49,16,5,14,7,12,25,19,44,63,51,117,34,5,3,10,3,11,18,13,32,45,19,47,10,9,1,2,3,1,4,3,8,11,1,3,0,0,0,0,0,0,0,0,0,0,5,14,5,2,1,2,1,0,3,3,4,7,1069,12,116,-143,95,296,578,123,Austin,2024-06-13
2012,7,13,,,,,,,,,,,,,,,,,,,,,,,,,,,,,,,,,,,,,,,,,,,,,,,,,,,,,,,,,,,,,,,,,,,,,Austin,2012-07-13
2013,7,13,,,,,,,,,,,,,,,,,,,,,,,,,,,,,,,,,,,,,,,,,,,,,,,,,,,,,,,,,,,,,,,,,,,,,Austin,2013-07-13
2014,7,13,126,103,55,9,6,37,19,18,13,43,50,93,80,40,35,0,3,20,8,9,9,23,26,49,38,51,14,7,3,11,9,5,3,14,17,31,2,2,0,0,0,1,1,0,0,1,1,2,6,10,6,2,0,5,1,4,1,5,6,11,1341,20,134,-112,126,371,681,128,Austin,2014-07-13
2015,7,13,124,124,96,10,7,27,19,23,29,34,71,105,81,76,84,2,2,15,15,18,22,17,55,72,23,35,6,6,4,10,4,2,3,14,9,23,0,2,1,0,0,0,0,0,2,0,2,2,20,11,5,2,1,2,0,3,2,3,5,8,1663,23,152,-111,127,454,830,127,Austin,2015-07-13
2016,7,13,104,130,87,7,1,17,16,19,15,18,50,68,66,75,73,0,1,12,11,16,12,13,39,52,25,40,11,3,0,3,3,2,1,3,6,9,2,2,2,0,0,0,0,0,0,0,0,0,11,13,1,4,0,2,2,1,2,2,5,7,1602,19,141,-116,122,369,875,138,Austin,2016-07-13
2017,7,13,111,132,89,9,2,19,24,13,13,21,50,71,64,90,76,2,1,9,23,10,11,10,44,54,29,31,5,6,1,10,1,2,2,11,5,16,0,1,0,0,0,0,0,0,0,0,0,0,18,10,8,1,0,0,0,1,0,0,1,1,1585,11,146,-115,123,408,834,145,Austin,2017-07-13
2018,7,13,90,141,95,13,2,24,23,12,27,26,62,88,62,100,69,2,1,15,14,9,20,16,43,59,21,27,18,6,1,6,9,0,4,7,13,20,1,1,0,1,0,0,0,0,0,0,0,0,6,13,8,4,0,3,0,3,3,3,6,9,1544,18,136,-114,124,385,848,161,Austin,2018-07-13
2019,7,13,117,166,88,8,2,32,21,10,20,34,51,85,62,94,67,3,0,15,13,7,17,15,37,52,43,54,15,5,2,15,6,0,2,17,8,25,0,2,0,0,0,0,0,0,0,0,0,0,12,16,6,0,0,2,2,3,1,2,6,8,1366,14,124,-113,125,378,699,170,Austin,2019-07-13
2020,7,13,74,119,43,17,5,26,24,10,32,31,66,97,60,75,37,6,3,10,18,8,26,13,52,65,8,33,3,10,1,11,4,2,2,12,8,20,0,1,1,0,1,1,0,0,0,2,0,2,6,10,2,1,0,4,2,0,4,4,6,10,996,22,92,-111,127,313,506,111,Austin,2020-07-13
2021,7,13,104,177,53,20,4,18,7,15,30,22,52,74,75,123,45,9,3,14,3,10,23,17,36,53,19,41,6,7,1,2,3,4,6,3,13,16,3,2,0,0,0,0,1,0,0,0,1,1,7,11,2,4,0,2,0,1,1,2,2,4,1123,25,73,-117,121,334,549,171,Austin,2021-07-13
2022,7,13,80,192,56,11,3,25,8,5,30,28,43,71,54,127,48,1,1,12,4,5,20,13,29,42,17,48,5,8,2,9,4,0,6,11,10,21,0,0,0,0,0,0,0,0,2,0,2,2,9,17,3,2,0,4,0,0,2,4,2,6,1050,14,86,-116,122,301,553,132,Austin,2022-07-13
2023,7,13,68,165,54,13,1,21,5,4,23,22,32,54,52,106,43,4,1,13,3,2,14,14,19,33,13,38,6,7,0,5,2,0,7,5,9,14,0,4,2,0,0,0,0,0,1,0,1,1,3,17,3,2,0,3,0,2,1,3,3,6,1063,13,96,-115,123,290,571,104,Austin,2023-07-13
2024,7,13,95,151,53,31,2,22,19,5,43,24,67,91,52,86,34,6,2,10,10,3,31,12,44,56,30,52,14,18,0,9,9,1,10,9,20,29,1,1,0,0,0,0,0,0,0,0,0,0,12,12,5,7,0,3,0,1,2,3,3,6,1074,5,88,-113,125,271,592,151,Austin,2024-07-13
2012,8,13,,,,,,,,,,,,,,,,,,,,,,,,,,,,,,,,,,,,,,,,,,,,,,,,,,,,,,,,,,,,,,,,,,,,,Austin,2012-08-13
2013,8,13,,,,,,,,,,,,,,,,,,,,,,,,,,,,,,,,,,,,,,,,,,,,,,,,,,,,,,,,,,,,,,,,,,,,,Austin,2013-08-13
2014,8,13,85,134,87,3,2,26,21,17,9,28,47,75,53,77,76,1,1,17,12,12,6,18,30,48,25,49,9,2,1,8,9,5,3,9,17,26,0,0,1,0,0,0,0,0,0,0,0,0,7,8,1,0,0,1,0,0,0,1,0,1,1676,19,116,-81,157,387,808,110,Austin,2014-08-13
2015,8,13,108,120,94,5,4,21,23,15,18,25,56,81,69,66,81,1,1,12,13,12,12,13,37,50,20,43,7,3,1,8,6,3,5,9,14,23,3,3,3,0,0,0,0,0,0,0,0,0,16,8,3,1,2,1,4,0,1,3,5,8,1812,32,154,-80,158,399,909,149,Austin,2015-08-13
2016,8,13,105,117,121,8,5,23,14,7,19,28,40,68,62,63,89,1,3,5,8,4,12,8,24,32,39,41,30,6,2,16,5,1,6,18,12,30,0,3,0,0,0,0,0,0,0,0,0,0,4,10,2,1,0,2,1,2,1,2,4,6,1486,12,117,-85,153,377,813,135,Austin,2016-08-13
2017,8,13,113,129,54,7,1,18,16,21,19,19,56,75,70,71,34,3,1,10,11,13,10,11,34,45,34,46,13,3,0,7,3,7,9,7,19,26,0,1,1,0,0,0,2,0,0,0,2,2,9,11,6,1,0,1,0,1,0,1,1,2,1332,10,105,-84,154,342,720,131,Austin,2017-08-13
2018,8,13,110,142,72,4,1,19,25,19,19,20,63,83,73,83,59,0,0,11,16,13,15,11,44,55,26,44,5,3,1,7,4,2,1,8,7,15,2,0,2,0,0,1,1,0,2,1,3,4,9,15,6,1,0,0,4,4,1,0,9,9,1476,18,117,-83,155,350,838,134,Austin,2018-08-13
2019,8,13,92,170,82,9,2,15,14,22,15,17,51,68,55,101,74,4,2,10,12,18,14,12,44,56,30,54,4,3,0,5,1,2,0,5,3,8,1,2,1,0,0,0,1,0,1,0,2,2,6,13,3,2,0,0,0,2,0,0,2,2,1466,25,97,-82,156,377,743,157,Austin,2019-08-13
2020,8,13,92,126,32,8,6,24,13,16,27,30,56,86,57,72,24,2,4,14,5,13,20,18,38,56,22,44,7,5,2,8,7,2,5,10,14,24,2,1,0,0,0,0,0,0,0,0,0,0,11,9,1,1,0,2,1,1,2,2,4,6,998,15,73,-80,158,322,485,125,Austin,2020-08-13
2021,8,13,96,182,71,15,1,26,6,7,32,27,45,72,71,110,47,6,0,15,3,5,25,15,33,48,22,58,15,8,1,4,2,2,6,5,10,15,0,5,1,0,0,0,0,0,0,0,0,0,3,9,8,1,0,7,1,0,1,7,2,9,1143,15,88,-86,152,343,621,123,Austin,2021-08-13
2022,8,13,113,143,62,11,1,23,8,10,27,24,45,69,70,82,45,2,1,10,1,7,21,11,29,40,30,45,11,8,0,6,7,1,4,6,12,18,1,1,1,0,0,0,0,0,0,0,0,0,12,15,5,1,0,7,0,2,2,7,4,11,1038,12,89,-85,153,275,552,165,Austin,2022-08-13
2023,8,13,89,151,58,12,9,23,7,8,28,32,43,75,48,98,43,0,2,14,2,3,16,16,21,37,33,39,11,11,7,4,4,5,8,11,17,28,1,1,0,0,0,1,0,0,0,1,0,1,7,13,4,1,0,4,1,0,4,4,5,9,1004,14,75,-84,154,308,512,131,Austin,2023-08-13
2024,8,13,81,178,53,6,2,29,13,12,21,31,46,77,46,127,38,2,1,15,6,7,18,16,31,47,28,45,8,3,1,11,6,4,2,12,12,24,0,0,1,0,0,0,0,0,0,0,0,0,7,6,6,1,0,3,1,1,1,3,3,6,1006,7,67,-82,156,267,556,125,Austin,2024-08-13
2012,9,13,,,,,,,,,,,,,,,,,,,,,,,,,,,,,,,,,,,,,,,,,,,,,,,,,,,,,,,,,,,,,,,,,,,,,Austin,2012-09-13
2013,9,13,,,,,,,,,,,,,,,,,,,,,,,,,,,,,,,,,,,,,,,,,,,,,,,,,,,,,,,,,,,,,,,,,,,,,Austin,2013-09-13
2014,9,13,103,101,105,4,5,17,15,14,15,22,44,66,52,46,85,1,3,10,11,6,9,13,26,39,48,49,18,3,2,7,4,8,4,9,16,25,0,1,0,0,0,0,0,0,0,0,0,0,3,5,2,0,0,0,0,0,2,0,2,2,1524,12,87,-50,188,370,802,129,Austin,2014-09-13
2015,9,13,120,99,67,18,2,27,9,19,17,29,45,74,58,49,37,2,1,9,7,14,13,10,34,44,52,44,27,15,1,18,2,2,2,19,6,25,2,1,0,0,0,0,0,0,0,0,0,0,8,5,3,1,0,0,0,3,2,0,5,5,1401,13,91,-49,189,362,774,146,Austin,2015-09-13
2016,9,13,101,142,92,3,1,20,20,19,18,21,57,78,62,80,75,0,0,8,7,11,11,8,29,37,36,53,12,3,1,12,7,7,6,13,20,33,0,1,2,0,0,0,0,0,1,0,1,1,3,8,3,0,0,0,6,1,0,0,7,7,1584,22,89,-54,184,387,886,123,Austin,2016-09-13
2017,9,13,102,119,86,7,2,28,19,20,19,30,58,88,66,64,61,1,1,17,10,15,14,18,39,57,30,42,13,5,0,10,5,4,4,10,13,23,0,1,4,0,1,0,3,0,1,1,4,5,6,12,8,1,0,1,1,1,0,1,2,3,1505,24,99,-53,185,391,746,132,Austin,2017-09-13
2018,9,13,106,125,80,10,7,33,19,10,16,40,45,85,68,82,60,4,5,17,12,5,11,22,28,50,29,31,17,4,2,12,4,5,3,14,12,26,1,1,0,0,0,0,1,0,0,0,1,1,8,11,3,2,0,4,2,0,2,4,4,8,1443,16,117,-52,186,365,766,175,Austin,2018-09-13
2019,9,13,112,164,104,10,3,27,19,21,19,30,59,89,63,84,84,4,1,10,14,14,15,11,43,54,38,63,10,6,2,14,3,6,3,16,12,28,0,3,2,0,0,0,0,0,0,0,0,0,11,14,8,0,0,3,2,1,1,3,4,7,1685,18,121,-51,187,438,858,177,Austin,2019-09-13
2020,9,13,103,148,40,19,2,38,8,9,23,40,40,80,47,79,25,4,1,13,4,8,16,14,28,42,48,57,15,14,1,19,4,1,5,20,10,30,0,0,0,1,0,0,0,0,0,0,0,0,8,12,0,0,0,6,0,0,2,6,2,8,974,11,62,-49,189,288,492,149,Austin,2020-09-13
2021,9,13,102,171,56,18,0,23,12,6,31,23,49,72,65,108,47,7,0,16,4,6,23,16,33,49,30,57,7,11,0,6,6,0,4,6,10,16,0,1,0,0,0,0,0,0,1,0,1,1,7,5,2,0,0,1,2,0,3,1,5,6,1071,10,67,-55,183,301,572,142,Austin,2021-09-13
2022,9,13,91,178,57,11,2,21,12,11,40,23,63,86,58,117,47,3,1,9,7,7,29,10,43,53,28,46,7,8,1,11,2,4,7,12,13,25,0,3,2,0,0,0,0,0,1,0,1,1,5,12,1,0,0,1,3,0,3,1,6,7,1054,21,73,-54,184,317,558,129,Austin,2022-09-13
2023,9,13,92,152,69,19,3,18,7,7,34,21,48,69,60,98,42,7,2,10,2,7,26,12,35,47,25,42,18,11,1,7,4,0,6,8,10,18,1,0,2,0,0,0,0,0,0,0,0,0,6,12,7,1,0,1,1,0,2,1,3,4,1029,12,67,-53,185,312,541,121,Austin,2023-09-13
2024,9,13,92,158,67,16,4,14,4,5,24,18,33,51,46,93,44,3,1,7,1,3,13,8,17,25,37,49,18,10,2,5,3,2,5,7,10,17,1,2,1,0,1,0,0,0,3,1,3,4,8,14,4,3,0,2,0,0,3,2,3,5,1133,18,83,-51,187,316,600,118,Austin,2024-09-13
2012,10,13,,,,,,,,,,,,,,,,,,,,,,,,,,,,,,,,,,,,,,,,,,,,,,,,,,,,,,,,,,,,,,,,,,,,,Austin,2012-10-13
2013,10,13,,,,,,,,,,,,,,,,,,,,,,,,,,,,,,,,,,,,,,,,,,,,,,,,,,,,,,,,,,,,,,,,,,,,,Austin,2013-10-13
2014,10,13,119,93,86,8,3,24,27,22,15,27,64,91,69,42,70,1,1,8,20,17,12,9,49,58,45,44,13,5,1,14,7,5,3,15,15,30,0,0,2,0,0,0,0,0,0,0,0,0,5,7,1,2,1,2,0,0,0,3,0,3,1586,17,98,-20,218,436,799,128,Austin,2014-10-13
2015,10,13,104,121,107,3,3,21,29,14,10,24,53,77,55,63,88,0,0,9,15,7,6,9,28,37,42,50,12,3,3,10,11,4,3,13,18,31,1,2,2,0,0,0,0,0,0,0,0,0,6,6,5,0,0,2,3,3,1,2,7,9,1690,19,116,-19,219,378,872,154,Austin,2015-10-13
2016,10,13,113,164,90,3,1,20,24,12,18,21,54,75,63,107,55,2,1,8,14,9,12,9,35,44,39,39,28,0,0,10,7,2,4,10,13,23,2,1,1,0,0,0,0,0,1,0,1,1,9,17,6,1,0,2,3,1,1,2,5,7,1601,20,107,-24,214,392,844,138,Austin,2016-10-13
2017,10,13,114,143,102,8,2,18,18,13,9,20,40,60,68,74,73,3,2,10,8,13,8,12,29,41,39,54,25,5,0,6,9,0,1,6,10,16,0,1,1,0,0,0,1,0,0,0,1,1,7,14,3,0,0,2,0,0,0,2,0,2,1567,17,84,-23,215,367,842,169,Austin,2017-10-13
2018,10,13,115,150,81,10,0,22,14,14,16,22,44,66,59,67,51,3,0,7,9,8,10,7,27,34,46,73,25,5,0,11,4,4,5,11,13,24,0,0,0,0,0,2,0,0,1,2,1,3,10,10,5,2,0,2,1,2,0,2,3,5,1422,9,110,-22,216,328,840,179,Austin,2018-10-13
2019,10,13,107,135,60,13,4,25,13,23,16,29,52,81,47,58,42,4,2,9,5,17,9,11,31,42,54,58,11,7,2,12,6,6,7,14,19,33,1,2,0,0,0,1,0,0,0,1,0,1,5,17,7,2,0,3,2,0,0,3,2,5,1195,13,104,-21,217,341,594,175,Austin,2019-10-13
2020,10,13,84,137,52,19,3,17,10,8,33,20,51,71,48,77,43,4,2,7,4,7,28,9,39,48,29,48,6,12,1,9,6,1,5,10,12,22,0,3,0,0,0,0,0,0,0,0,0,0,7,9,3,3,0,1,0,0,0,1,0,1,1035,8,58,-19,219,335,493,145,Austin,2020-10-13
2021,10,13,67,155,47,15,3,25,13,4,20,28,37,65,40,85,26,5,2,16,2,2,14,18,18,36,21,54,17,7,1,9,11,1,6,10,18,28,1,3,1,0,0,0,0,0,0,0,0,0,5,13,3,3,0,0,0,1,0,0,1,1,946,15,65,-25,213,300,477,129,Austin,2021-10-13
2022,10,13,64,157,58,20,2,15,11,9,26,17,46,63,27,87,40,9,2,9,5,6,20,11,31,42,31,61,16,10,0,6,5,1,5,6,11,17,2,2,1,0,0,0,0,1,0,0,1,1,4,7,1,1,0,0,1,1,1,0,3,3,997,13,66,-24,214,322,476,137,Austin,2022-10-13
2023,10,13,87,183,83,22,5,21,5,9,20,26,34,60,41,103,64,5,2,9,2,7,11,11,20,31,35,65,13,14,3,12,3,1,6,15,10,25,1,5,1,0,0,0,0,1,1,0,2,2,10,10,5,3,0,0,0,0,2,0,2,2,1153,19,87,-23,215,335,583,159,Austin,2023-10-13
2024,10,13,88,129,58,27,9,31,6,5,21,40,32,72,45,66,34,7,4,12,1,3,14,16,18,34,37,53,19,16,5,14,5,2,7,19,14,33,0,3,0,0,0,0,0,0,0,0,0,0,6,7,5,4,0,5,0,0,0,5,0,5,1073,10,74,-21,217,285,587,125,Austin,2024-10-13
2012,11,13,,,,,,,,,,,,,,,,,,,,,,,,,,,,,,,,,,,,,,,,,,,,,,,,,,,,,,,,,,,,,,,,,,,,,Austin,2012-11-13
2013,11,13,,,,,,,,,,,,,,,,,,,,,,,,,,,,,,,,,,,,,,,,,,,,,,,,,,,,,,,,,,,,,,,,,,,,,Austin,2013-11-13
2014,11,13,62,92,60,1,2,12,22,21,14,14,57,71,26,40,32,0,1,7,15,17,9,8,41,49,31,49,13,1,0,5,7,3,5,5,15,20,1,1,5,0,0,0,0,0,0,0,0,0,4,2,10,0,1,0,0,1,0,1,1,2,1543,24,105,11,249,300,857,102,Austin,2014-11-13
2015,11,13,118,136,101,9,2,14,28,6,21,16,55,71,55,67,59,3,2,11,20,3,13,13,36,49,57,59,29,6,0,1,7,3,5,1,15,16,1,0,2,0,0,0,0,0,0,0,0,0,5,10,11,0,0,2,1,0,3,2,4,6,1678,18,100,12,250,336,871,158,Austin,2015-11-13
2016,11,13,109,120,60,17,1,26,20,8,16,27,44,71,36,48,36,2,0,7,6,2,8,7,16,23,64,63,20,14,1,17,12,5,7,18,24,42,0,1,0,0,0,0,0,0,0,0,0,0,9,8,4,1,0,2,2,1,1,2,4,6,1385,7,126,7,245,349,760,142,Austin,2016-11-13
2017,11,13,123,146,75,11,3,21,34,19,22,24,75,99,68,65,47,2,1,9,21,12,13,10,46,56,48,72,13,9,2,9,11,4,6,11,21,32,0,0,0,0,0,0,0,0,1,0,1,1,7,9,15,0,0,3,2,3,2,3,7,10,1496,13,123,8,246,384,786,154,Austin,2017-11-13
2018,11,13,71,109,92,10,1,15,24,13,13,16,50,66,43,47,65,3,1,4,17,8,7,5,32,37,24,48,16,7,0,9,4,5,4,9,13,22,0,0,1,0,0,0,0,0,0,0,0,0,4,14,10,0,0,2,3,0,2,2,5,7,1318,10,109,9,247,329,736,124,Austin,2018-11-13
2019,11,13,92,150,92,11,4,13,19,13,19,17,51,68,54,80,65,1,2,6,14,6,13,8,33,41,34,61,15,9,1,7,5,4,4,8,13,21,1,4,2,0,0,0,0,0,0,0,0,0,3,5,10,1,1,0,0,3,2,1,5,6,1328,19,68,10,248,353,701,154,Austin,2019-11-13
2020,11,13,93,142,57,15,4,27,11,16,25,31,52,83,51,71,34,5,0,16,5,9,12,16,26,42,37,60,17,8,3,10,6,6,12,13,24,37,1,0,1,0,1,0,0,0,0,1,0,1,4,11,5,2,0,1,0,1,1,1,2,3,1053,6,69,12,250,339,522,132,Austin,2020-11-13
2021,11,13,75,145,60,23,1,33,9,9,25,34,43,77,32,66,36,4,0,11,5,3,13,11,21,32,39,73,17,18,1,19,4,4,11,20,19,39,1,1,2,0,0,0,0,0,0,0,0,0,3,5,5,1,0,3,0,2,1,3,3,6,966,12,59,6,244,293,480,162,Austin,2021-11-13
2022,11,13,68,122,40,22,3,16,11,5,28,19,44,63,35,58,22,6,1,4,5,2,16,5,23,28,26,55,16,15,2,10,6,3,11,12,20,32,0,2,0,1,0,0,0,0,0,0,0,0,7,7,2,0,0,2,0,0,1,2,1,3,927,10,68,7,245,263,481,130,Austin,2022-11-13
2023,11,13,68,171,67,9,4,14,10,15,46,18,71,89,32,89,35,2,2,5,5,10,33,7,48,55,29,72,22,7,2,8,5,4,12,10,21,31,0,1,2,0,0,0,0,0,0,0,0,0,7,9,8,0,0,1,0,1,1,1,2,3,938,11,70,8,246,291,488,112,Austin,2023-11-13
2024,11,13,84,155,72,14,5,19,10,7,18,24,35,59,41,81,43,1,1,6,7,4,12,7,23,30,34,62,18,13,4,11,3,3,5,15,11,26,1,3,5,0,0,0,0,0,0,0,0,0,8,9,6,0,0,2,0,0,1,2,1,3,1028,18,64,10,248,294,526,148,Austin,2024-11-13
2012,12,13,,,,,,,,,,,,,,,,,,,,,,,,,,,,,,,,,,,,,,,,,,,,,,,,,,,,,,,,,,,,,,,,,,,,,Austin,2012-12-13
2013,12,13,,,,,,,,,,,,,,,,,,,,,,,,,,,,,,,,,,,,,,,,,,,,,,,,,,,,,,,,,,,,,,,,,,,,,Austin,2013-12-13
2014,12,13,120,134,60,8,4,20,28,30,12,24,70,94,45,51,35,1,2,10,17,17,6,12,40,52,64,67,18,7,1,9,10,11,5,10,26,36,0,1,0,0,0,0,0,0,0,0,0,0,11,15,7,0,1,1,1,2,1,2,4,6,1595,20,120,41,279,405,817,145,Austin,2014-12-13
2015,12,13,107,139,77,10,5,38,30,22,20,43,72,115,49,52,32,4,1,8,14,12,13,9,39,48,51,73,40,6,3,22,14,8,6,25,28,53,0,1,2,0,0,1,0,0,0,1,0,1,7,13,3,0,1,7,2,2,1,8,5,13,1472,15,103,42,280,365,815,150,Austin,2015-12-13
2016,12,13,101,134,107,5,5,17,28,13,17,22,58,80,58,65,68,2,2,10,11,4,11,12,26,38,34,59,17,3,2,5,12,7,6,7,25,32,1,0,2,0,0,0,0,1,0,0,1,1,8,10,20,0,1,2,5,1,0,3,6,9,1599,20,124,37,275,422,818,129,Austin,2016-12-13
2017,12,13,104,112,84,8,2,11,22,18,15,13,55,68,45,46,51,2,1,3,11,7,10,4,28,32,48,55,15,6,1,7,9,10,3,8,22,30,1,0,2,0,0,0,0,0,0,0,0,0,10,11,16,0,0,1,2,1,2,1,5,6,1232,16,106,38,276,303,671,140,Austin,2017-12-13
2018,12,13,83,135,124,9,3,22,24,14,15,25,53,78,48,59,77,2,0,11,16,8,10,11,34,45,25,59,32,7,3,10,4,3,2,13,9,22,2,2,2,0,0,0,0,0,1,0,1,1,8,15,13,0,0,1,4,3,2,1,9,10,1456,21,112,39,277,348,834,140,Austin,2018-12-13
2019,12,13,106,194,135,11,2,20,24,14,19,22,57,79,46,88,88,1,0,11,15,8,12,11,35,46,46,89,26,10,2,9,8,3,6,11,17,28,2,0,3,0,0,0,0,0,0,0,0,0,12,17,18,0,0,0,1,3,1,0,5,5,1494,17,102,40,278,402,815,163,Austin,2019-12-13
2020,12,13,94,124,42,31,7,20,14,15,25,27,54,81,46,49,19,3,3,5,2,6,12,8,20,28,44,64,18,25,3,12,10,8,11,15,29,44,0,1,0,0,0,0,0,0,0,0,0,0,4,10,5,3,1,3,2,1,2,4,5,9,955,5,78,42,280,290,478,152,Austin,2020-12-13
2021,12,13,77,148,61,16,2,21,6,6,30,23,42,65,42,77,33,2,0,6,3,4,23,6,30,36,24,65,17,13,2,12,3,2,4,14,9,23,1,0,1,0,0,0,0,0,1,0,1,1,10,6,10,1,0,3,0,0,2,3,2,5,907,17,79,36,274,284,453,135,Austin,2021-12-13
2022,12,13,71,169,59,10,3,21,9,5,37,24,51,75,32,89,36,1,2,10,1,4,26,12,31,43,33,67,15,9,1,8,8,1,9,9,18,27,0,2,0,0,0,0,0,0,0,0,0,0,6,11,8,0,0,3,0,0,2,3,2,5,991,11,76,37,275,311,497,123,Austin,2022-12-13
2023,12,13,71,160,62,12,2,20,8,10,23,22,41,63,36,89,39,2,0,9,3,8,11,9,22,31,27,61,11,9,1,11,4,2,8,12,14,26,0,0,3,1,0,0,0,0,1,0,1,1,8,10,9,0,1,0,1,0,3,1,4,5,888,15,69,38,276,278,450,108,Austin,2023-12-13
2024,12,13,61,158,89,12,3,13,11,7,21,16,39,55,30,85,43,1,2,5,2,1,14,7,17,24,25,63,30,11,1,8,9,4,4,9,17,26,0,3,0,0,0,0,0,0,1,0,1,1,6,7,16,0,0,0,0,2,2,0,4,4,999,13,71,40,278,249,575,107,Austin,2024-12-13
2012,1,14,,,,,,,,,,,,,,,,,,,,,,,,,,,,,,,,,,,,,,,,,,,,,,,,,,,,,,,,,,,,,,,,,,,,,Austin,2012-01-14
2013,1,14,,,,,,,,,,,,,,,,,,,,,,,,,,,,,,,,,,,,,,,,,,,,,,,,,,,,,,,,,,,,,,,,,,,,,Austin,2013-01-14
2014,1,14,87,129,79,4,2,19,33,23,15,21,71,92,36,76,58,0,1,7,18,12,9,8,39,47,40,42,13,4,1,9,11,6,5,10,22,32,1,3,1,0,0,0,1,2,1,0,4,4,10,8,7,0,0,3,3,3,0,3,6,9,1706,29,132,-292,-54,403,851,132,Austin,2014-01-14
2015,1,14,63,103,84,4,2,12,25,15,25,14,65,79,28,52,52,0,0,4,18,12,16,4,46,50,30,42,13,4,2,7,7,3,9,9,19,28,0,0,1,0,0,0,0,0,0,0,0,0,5,9,18,0,0,1,0,0,0,1,0,1,1473,14,100,-291,-53,374,738,90,Austin,2015-01-14
2016,1,14,88,101,63,9,4,12,25,10,19,16,54,70,39,51,40,5,3,5,17,4,11,8,32,40,40,43,14,4,1,5,6,4,7,6,17,23,0,1,1,0,0,0,0,0,0,0,0,0,9,6,8,0,0,2,2,2,1,2,5,7,1625,27,124,-297,-59,353,797,122,Austin,2016-01-14
2017,1,14,122,131,63,10,1,22,24,8,18,23,50,73,56,58,37,1,0,7,7,7,8,7,22,29,62,58,18,9,1,15,12,1,5,16,18,34,0,1,2,0,0,0,0,0,1,0,1,1,4,14,6,0,0,0,5,0,4,0,9,9,1373,13,117,-295,-57,354,736,139,Austin,2017-01-14
2018,1,14,82,112,57,17,3,19,13,11,14,22,38,60,39,48,32,3,1,7,7,8,11,8,26,34,37,48,22,12,2,9,5,3,2,11,10,21,0,4,0,0,0,1,0,0,0,1,0,1,6,12,3,2,0,2,1,0,1,2,2,4,1188,15,95,-294,-56,293,656,109,Austin,2018-01-14
2019,1,14,88,121,80,5,3,21,13,16,13,24,42,66,43,50,48,2,1,14,7,11,7,15,25,40,33,65,21,3,1,7,5,2,5,8,12,20,1,3,5,0,0,0,0,0,0,0,0,0,11,3,6,0,1,0,1,3,1,1,5,6,1324,25,114,-293,-55,375,687,118,Austin,2019-01-14
2020,1,14,104,157,79,12,1,22,33,13,16,23,62,85,52,78,50,3,1,12,18,6,10,13,34,47,45,67,20,7,0,8,13,7,4,8,24,32,0,1,2,0,0,0,0,0,1,0,1,1,7,11,7,2,0,2,2,0,1,2,3,5,1363,21,103,-292,-54,404,674,163,Austin,2020-01-14
2021,1,14,87,123,33,7,4,16,9,10,24,20,43,63,50,54,22,0,2,7,5,6,17,9,28,37,28,59,9,7,2,7,4,4,3,9,11,20,0,2,1,0,0,0,0,0,3,0,3,3,9,8,1,0,0,2,0,0,1,2,1,3,920,14,60,-297,-59,266,433,124,Austin,2021-01-14
2022,1,14,78,162,64,20,2,19,11,14,30,21,55,76,33,76,41,3,0,7,4,5,19,7,28,35,37,71,15,15,1,12,7,8,7,13,22,35,1,5,1,1,0,0,0,0,2,0,2,2,7,10,7,1,1,0,0,1,2,1,3,4,955,19,69,-296,-58,287,482,129,Austin,2022-01-14
2023,1,14,78,147,52,32,4,22,8,8,24,26,40,66,30,59,28,2,2,5,3,3,11,7,17,24,41,71,17,26,2,13,4,3,13,15,20,35,0,1,0,0,0,0,1,0,0,0,1,1,7,16,7,4,0,4,0,2,0,4,2,6,917,6,87,-295,-57,274,472,110,Austin,2023-01-14
2024,1,14,42,131,29,16,3,20,13,5,27,23,45,68,15,62,13,3,2,7,6,2,19,9,27,36,26,61,14,13,0,12,5,1,7,12,13,25,0,0,0,0,1,0,0,0,1,1,1,2,1,8,2,0,0,1,2,2,0,1,4,5,944,3,71,-294,-56,230,553,105,Austin,2024-01-14
2012,2,14,,,,,,,,,,,,,,,,,,,,,,,,,,,,,,,,,,,,,,,,,,,,,,,,,,,,,,,,,,,,,,,,,,,,,Austin,2012-02-14
2013,2,14,,,,,,,,,,,,,,,,,,,,,,,,,,,,,,,,,,,,,,,,,,,,,,,,,,,,,,,,,,,,,,,,,,,,,Austin,2013-02-14
2014,2,14,94,120,115,7,3,19,30,11,17,22,58,80,46,49,87,1,1,8,17,7,8,9,32,41,37,53,16,6,2,9,12,3,9,11,24,35,0,0,1,0,0,1,0,1,0,1,1,2,11,18,11,0,0,1,1,0,0,1,1,2,1756,19,113,-261,-23,404,924,129,Austin,2014-02-14
2015,2,14,133,111,82,16,4,32,20,13,21,36,54,90,64,42,54,3,1,10,15,7,14,11,36,47,59,57,24,11,2,18,5,4,6,20,15,35,0,1,0,0,1,0,0,0,0,1,0,1,10,11,4,2,0,4,0,2,1,4,3,7,1536,11,109,-260,-22,377,795,173,Austin,2015-02-14
2016,2,14,118,125,56,13,5,25,21,13,18,30,52,82,45,56,27,3,3,9,12,7,12,12,31,43,60,54,19,9,1,14,8,4,5,15,17,32,1,2,3,0,0,0,1,0,0,0,1,1,12,13,7,1,1,2,0,2,1,3,3,6,1466,14,120,-266,-28,361,767,155,Austin,2016-02-14
2017,2,14,94,126,95,10,1,16,17,14,13,17,44,61,42,69,60,2,1,7,9,8,10,8,27,35,43,49,24,6,0,7,7,5,3,7,15,22,0,2,3,0,0,1,1,0,0,1,1,2,9,6,8,2,0,1,0,1,0,1,1,2,1538,16,111,-264,-26,408,811,115,Austin,2017-02-14
2018,2,14,102,108,105,9,0,14,18,10,15,14,43,57,50,58,76,4,0,8,11,9,10,8,30,38,42,41,20,5,0,5,6,1,5,5,12,17,0,2,4,0,0,0,0,0,0,0,0,0,10,7,5,0,0,1,1,0,0,1,1,2,1398,18,93,-263,-25,356,731,120,Austin,2018-02-14
2019,2,14,73,146,91,7,5,20,18,15,12,25,45,70,45,72,63,2,2,8,12,8,8,10,28,38,24,64,15,3,3,9,4,5,3,12,12,24,1,1,4,0,0,1,0,1,0,1,1,2,3,9,9,2,0,2,2,1,1,2,4,6,1462,21,96,-262,-24,346,811,147,Austin,2019-02-14
2020,2,14,110,154,94,11,1,26,27,25,19,27,71,98,53,75,68,3,1,11,14,15,11,12,40,52,46,62,16,8,0,11,8,8,5,11,21,32,1,2,1,0,0,0,0,0,0,0,0,0,10,15,9,0,0,4,5,2,3,4,10,14,1575,24,105,-261,-23,395,834,174,Austin,2020-02-14
2021,2,14,68,70,132,8,6,23,1,2,12,29,15,44,26,29,76,3,2,8,0,2,7,10,9,19,38,35,39,4,3,13,1,0,4,16,5,21,0,1,5,0,0,0,0,0,0,0,0,0,4,5,12,1,1,2,0,0,1,3,1,4,961,12,73,-266,-28,192,615,132,Austin,2021-02-14
2022,2,14,83,111,67,23,2,18,13,5,32,20,50,70,50,74,44,7,1,10,9,2,25,11,36,47,28,29,19,12,1,6,4,3,3,7,10,17,0,0,0,0,0,0,0,0,2,0,2,2,5,8,4,4,0,2,0,0,2,2,2,4,963,8,66,-265,-27,273,502,142,Austin,2022-02-14
2023,2,14,92,144,70,17,2,15,8,8,21,17,37,54,42,93,47,6,1,4,1,6,13,5,20,25,43,42,15,10,1,10,7,2,7,11,16,27,1,1,1,0,0,0,0,0,0,0,0,0,6,8,7,1,0,1,0,0,1,1,1,2,905,6,64,-264,-26,264,464,130,Austin,2023-02-14
2024,2,14,86,155,72,13,4,12,13,11,28,16,52,68,47,74,42,4,2,3,6,7,20,5,33,38,31,66,23,7,2,7,7,4,7,9,18,27,1,1,1,0,0,0,0,0,0,0,0,0,7,14,6,2,0,2,0,0,1,2,1,3,1038,8,78,-263,-25,278,519,124,Austin,2024-02-14
2012,3,14,,,,,,,,,,,,,,,,,,,,,,,,,,,,,,,,,,,,,,,,,,,,,,,,,,,,,,,,,,,,,,,,,,,,,Austin,2012-03-14
2013,3,14,,,,,,,,,,,,,,,,,,,,,,,,,,,,,,,,,,,,,,,,,,,,,,,,,,,,,,,,,,,,,,,,,,,,,Austin,2013-03-14
2014,3,14,123,131,88,4,1,22,19,10,22,23,51,74,56,67,57,0,1,9,9,5,13,10,27,37,55,55,25,4,0,13,6,4,5,13,15,28,2,2,0,0,0,0,0,0,0,0,0,0,10,7,6,0,0,0,4,1,4,0,9,9,1820,23,132,-233,5,398,958,163,Austin,2014-03-14
2015,3,14,142,129,68,11,3,34,24,19,19,37,62,99,68,49,45,2,0,14,11,9,14,14,34,48,68,68,17,8,3,16,11,8,3,19,22,41,0,1,0,0,0,0,0,0,0,0,0,0,6,11,6,1,0,4,2,2,2,4,6,10,1652,10,117,-232,6,394,867,169,Austin,2015-03-14
2016,3,14,114,147,93,8,4,21,32,16,21,25,69,94,59,70,67,2,0,9,21,14,16,9,51,60,43,60,18,5,4,10,10,1,4,14,15,29,1,1,0,0,0,0,0,1,0,0,1,1,11,16,8,1,0,2,1,0,1,2,2,4,1818,20,138,-237,1,415,974,177,Austin,2016-03-14
2017,3,14,103,132,83,12,3,17,18,11,21,20,50,70,52,65,62,2,1,9,11,8,15,10,34,44,37,55,15,8,1,5,6,2,5,6,13,19,0,2,2,0,0,0,1,0,1,0,2,2,14,10,4,2,1,3,0,1,0,4,1,5,1743,18,129,-236,2,376,955,133,Austin,2017-03-14
2018,3,14,122,159,90,10,2,13,14,12,14,15,40,55,61,81,56,4,1,8,4,11,12,9,27,36,48,67,26,5,1,5,9,0,2,6,11,17,1,1,3,0,0,0,1,0,0,0,1,1,12,10,5,1,0,0,0,1,0,0,1,1,1626,17,94,-235,3,356,956,148,Austin,2018-03-14
2019,3,14,126,161,117,10,4,19,19,10,16,23,45,68,69,81,88,3,2,8,15,6,11,10,32,42,43,68,14,7,2,7,3,4,4,9,11,20,1,2,4,0,0,0,0,0,0,0,0,0,13,10,11,0,0,4,1,0,1,4,2,6,1750,25,127,-234,4,391,987,190,Austin,2019-03-14
2020,3,14,143,166,54,17,2,22,18,13,28,24,59,83,92,79,29,3,1,10,8,6,20,11,34,45,45,74,22,13,1,9,10,6,8,10,24,34,1,3,0,0,0,0,0,0,0,0,0,0,5,10,3,1,0,3,0,1,0,3,1,4,1334,17,75,-232,6,371,680,168,Austin,2020-03-14
2021,3,14,85,144,32,23,1,20,10,4,26,21,40,61,41,86,17,6,0,8,3,2,16,8,21,29,39,43,13,16,1,11,7,2,6,12,15,27,0,1,1,0,0,0,0,0,0,0,0,0,5,14,1,1,0,1,0,0,4,1,4,5,900,9,60,-238,0,290,439,142,Austin,2021-03-14
2022,3,14,82,151,45,21,6,26,12,11,37,32,60,92,43,88,34,5,2,15,6,7,26,17,39,56,35,54,8,15,4,11,5,3,8,15,16,31,0,0,0,0,0,0,0,0,0,0,0,0,4,9,3,1,0,0,1,1,3,0,5,5,1046,5,68,-237,1,313,535,118,Austin,2022-03-14
2023,3,14,66,144,43,10,1,19,8,6,37,20,51,71,41,74,35,4,0,11,4,4,24,11,32,43,20,60,6,5,0,6,3,1,10,6,14,20,1,1,0,0,0,0,1,1,1,0,3,3,4,9,2,1,1,2,0,0,2,3,2,5,933,13,73,-236,2,249,486,116,Austin,2023-03-14
2024,3,14,97,180,47,15,2,17,3,8,23,19,34,53,49,93,26,3,1,10,1,5,17,11,23,34,41,70,17,9,1,6,2,3,6,7,11,18,2,2,0,0,0,0,0,0,0,0,0,0,5,15,4,3,0,1,0,0,0,1,0,1,1106,9,90,-234,4,281,613,141,Austin,2024-03-14
2012,4,14,,,,,,,,,,,,,,,,,,,,,,,,,,,,,,,,,,,,,,,,,,,,,,,,,,,,,,,,,,,,,,,,,,,,,Austin,2012-04-14
2013,4,14,,,,,,,,,,,,,,,,,,,,,,,,,,,,,,,,,,,,,,,,,,,,,,,,,,,,,,,,,,,,,,,,,,,,,Austin,2013-04-14
2014,4,14,69,94,89,5,5,18,26,19,21,23,66,89,37,57,79,2,3,10,17,12,18,13,47,60,23,30,7,3,2,7,9,4,3,9,16,25,0,0,0,0,0,0,0,0,0,0,0,0,9,7,3,0,0,1,0,3,0,1,3,4,1542,20,113,-202,36,352,830,117,Austin,2014-04-14
2015,4,14,113,131,109,5,0,22,28,20,17,22,65,87,63,84,93,2,0,9,12,13,15,9,40,49,40,38,5,2,0,11,8,4,1,11,13,24,3,0,3,0,0,0,0,0,0,0,0,0,7,9,8,1,0,2,8,3,1,2,12,14,1634,21,118,-201,37,406,791,143,Austin,2015-04-14
2016,4,14,105,143,98,4,1,20,26,13,17,21,56,77,68,84,72,0,1,13,20,9,12,14,41,55,27,46,14,3,0,4,4,4,4,4,12,16,1,1,4,0,0,0,0,0,1,0,1,1,9,12,8,1,0,3,2,0,0,3,2,5,1571,19,125,-206,32,388,866,130,Austin,2016-04-14
2017,4,14,115,158,104,7,7,26,20,15,23,33,58,91,69,88,79,3,3,11,9,13,16,14,38,52,34,54,14,3,3,11,8,2,4,14,14,28,0,3,2,0,0,0,1,0,0,0,1,1,12,13,9,1,1,4,2,0,3,5,5,10,1810,17,140,-205,33,442,980,142,Austin,2017-04-14
2018,4,14,91,100,78,15,6,33,25,15,12,39,52,91,53,52,58,3,2,15,12,9,9,17,30,47,28,40,11,11,4,15,11,4,1,19,16,35,1,0,2,0,0,0,0,0,1,0,1,1,9,8,7,1,0,3,2,2,1,3,5,8,1373,14,111,-204,34,332,795,134,Austin,2018-04-14
2019,4,14,101,139,69,12,1,23,22,23,17,24,62,86,51,77,48,3,1,12,16,14,13,13,43,56,42,47,13,9,0,10,6,7,4,10,17,27,1,1,0,0,0,0,0,0,0,0,0,0,7,14,8,0,0,1,0,2,0,1,2,3,1321,15,79,-203,35,350,759,146,Austin,2019-04-14
2020,4,14,83,165,25,3,3,20,16,7,31,23,54,77,52,93,22,0,2,13,11,5,25,15,41,56,23,50,2,2,1,5,4,2,5,6,11,17,0,3,0,0,0,0,0,0,0,0,0,0,8,19,1,1,0,2,1,0,1,2,2,4,929,10,76,-201,37,288,475,109,Austin,2020-04-14
2021,4,14,104,188,51,15,3,20,7,9,24,23,40,63,74,115,40,8,3,11,3,7,19,14,29,43,25,59,9,5,0,7,3,2,4,7,9,16,1,1,0,0,0,0,1,0,1,0,2,2,4,13,2,2,0,2,0,0,0,2,0,2,1018,14,54,-207,31,322,478,164,Austin,2021-04-14
2022,4,14,102,136,73,17,2,18,10,13,30,20,53,73,60,85,55,2,1,13,3,6,21,14,30,44,28,37,8,13,1,5,7,6,6,6,19,25,0,1,0,0,0,0,0,0,1,0,1,1,14,13,10,2,0,0,0,1,2,0,3,3,946,2,88,-206,32,294,468,141,Austin,2022-04-14
2023,4,14,105,176,61,19,4,20,10,5,23,24,38,62,60,116,45,7,2,13,5,5,19,15,29,44,38,48,9,12,2,5,4,0,4,7,8,15,0,0,0,0,0,1,1,0,0,1,1,2,7,12,7,0,0,1,0,0,0,1,0,1,1119,10,84,-205,33,318,571,144,Austin,2023-04-14
2024,4,14,91,147,52,29,6,22,9,9,40,28,58,86,41,77,35,8,5,10,2,8,24,15,34,49,42,57,15,18,1,10,7,1,12,11,20,31,0,2,0,0,0,1,0,0,0,1,0,1,8,11,2,3,0,1,0,0,4,1,4,5,973,8,60,-203,35,271,495,149,Austin,2024-04-14
2012,5,14,,,,,,,,,,,,,,,,,,,,,,,,,,,,,,,,,,,,,,,,,,,,,,,,,,,,,,,,,,,,,,,,,,,,,Austin,2012-05-14
2013,5,14,,,,,,,,,,,,,,,,,,,,,,,,,,,,,,,,,,,,,,,,,,,,,,,,,,,,,,,,,,,,,,,,,,,,,Austin,2013-05-14
2014,5,14,92,111,99,9,4,19,28,15,18,23,61,84,62,75,88,4,1,9,21,14,16,10,51,61,17,27,3,4,3,9,5,1,1,12,7,19,1,0,1,1,0,0,1,0,0,0,1,1,12,9,7,0,0,1,1,0,1,1,2,3,1563,22,121,-172,66,370,784,138,Austin,2014-05-14
2015,5,14,100,124,86,3,4,22,31,16,17,26,64,90,68,76,69,2,2,15,21,10,11,17,42,59,24,38,9,0,2,7,8,5,4,9,17,26,1,0,3,0,0,0,0,0,1,0,1,1,7,10,5,1,0,0,2,1,1,0,4,4,1649,24,135,-171,67,393,857,129,Austin,2015-05-14
2016,5,14,124,141,112,6,4,24,22,14,10,28,46,74,65,76,82,0,2,13,8,10,6,15,24,39,49,49,21,5,2,9,12,1,4,11,17,28,1,1,2,0,0,1,0,0,0,1,0,1,9,15,7,1,0,1,2,3,0,1,5,6,1519,14,120,-176,62,364,862,156,Austin,2016-05-14
2017,5,14,91,119,55,15,1,25,9,6,11,26,26,52,53,50,36,2,0,11,3,4,7,11,14,25,28,55,13,12,1,12,5,2,3,13,10,23,0,1,0,0,0,0,1,0,0,0,1,1,10,13,6,1,0,2,0,0,1,2,1,3,1379,8,124,-175,63,309,759,127,Austin,2017-05-14
2018,5,14,105,138,75,9,1,21,21,10,15,22,46,68,68,95,64,2,1,9,11,9,12,10,32,42,26,32,5,6,0,9,6,1,2,9,9,18,0,0,1,0,0,0,0,0,1,0,1,1,11,11,5,1,0,3,4,0,0,3,4,7,1511,16,128,-174,64,367,773,132,Austin,2018-05-14
2019,5,14,123,150,87,11,0,23,25,10,27,23,62,85,86,91,78,3,0,16,18,9,21,16,48,64,23,39,5,7,0,4,3,0,5,4,8,12,0,4,1,0,0,0,0,0,0,0,0,0,14,16,3,1,0,3,4,1,1,3,6,9,1440,17,121,-173,65,405,741,169,Austin,2019-05-14
2020,5,14,93,184,33,11,5,29,9,10,15,34,34,68,62,104,28,2,1,14,6,7,12,15,25,40,24,58,3,6,2,13,3,3,3,15,9,24,0,3,0,1,0,1,0,0,0,1,0,1,7,19,2,2,2,1,0,0,0,3,0,3,1147,13,103,-171,67,313,594,130,Austin,2020-05-14
2021,5,14,123,170,57,19,0,29,5,12,19,29,36,65,84,103,47,5,0,12,0,8,15,12,23,35,31,57,5,11,0,13,4,4,2,13,10,23,1,0,2,0,0,0,0,0,0,0,0,0,7,10,3,3,0,4,1,0,2,4,3,7,1113,10,84,-177,61,320,557,178,Austin,2021-05-14
2022,5,14,105,136,54,18,5,21,11,7,30,26,48,74,61,86,33,8,5,7,9,6,22,12,37,49,36,40,16,7,0,9,2,1,6,9,9,18,0,0,0,0,0,1,0,0,1,1,1,2,8,10,5,3,0,4,0,0,1,4,1,5,992,10,74,-176,62,239,560,153,Austin,2022-05-14
2023,5,14,81,162,50,37,4,19,19,7,31,23,57,80,39,97,29,6,1,9,9,5,21,10,35,45,34,48,18,23,3,9,8,1,8,12,17,29,1,2,0,0,0,1,0,0,0,1,0,1,7,15,3,8,0,0,2,1,2,0,5,5,969,8,88,-175,63,287,513,142,Austin,2023-05-14
2024,5,14,73,179,69,14,4,22,13,6,32,26,51,77,48,127,55,7,1,12,5,3,21,13,29,42,19,35,8,5,1,8,7,2,9,9,18,27,0,1,0,0,0,0,1,0,0,0,1,1,6,16,6,2,2,2,0,1,2,4,3,7,1063,8,90,-173,65,297,574,123,Austin,2024-05-14
2012,6,14,,,,,,,,,,,,,,,,,,,,,,,,,,,,,,,,,,,,,,,,,,,,,,,,,,,,,,,,,,,,,,,,,,,,,Austin,2012-06-14
2013,6,14,,,,,,,,,,,,,,,,,,,,,,,,,,,,,,,,,,,,,,,,,,,,,,,,,,,,,,,,,,,,,,,,,,,,,Austin,2013-06-14
2014,6,14,118,125,75,4,4,24,31,19,18,28,68,96,63,59,55,1,2,8,16,12,10,10,38,48,42,52,14,2,2,13,12,6,7,15,25,40,0,0,1,1,0,0,0,0,0,0,0,0,13,14,5,0,0,3,3,1,1,3,5,8,1625,11,159,-141,97,430,787,151,Austin,2014-06-14
2015,6,14,103,83,79,7,0,19,16,17,13,19,46,65,52,46,54,4,0,11,10,11,9,11,30,41,38,29,22,3,0,6,4,4,3,6,11,17,3,1,0,0,0,0,1,0,0,0,1,1,10,7,3,0,0,2,1,2,1,2,4,6,1372,14,103,-140,98,342,777,102,Austin,2015-06-14
2016,6,14,103,141,98,6,4,22,25,23,15,26,63,89,73,94,86,3,2,15,15,23,10,17,48,65,20,28,6,3,2,4,6,0,4,6,10,16,2,3,1,0,0,1,0,0,0,1,0,1,8,16,5,0,0,2,4,0,1,2,5,7,1471,23,110,-145,93,381,833,127,Austin,2016-06-14
2017,6,14,128,158,83,9,3,15,19,19,25,18,63,81,80,107,61,4,1,7,12,14,18,8,44,52,31,36,13,3,1,4,6,2,6,5,14,19,2,2,0,0,0,0,0,0,0,0,0,0,15,13,9,2,1,4,1,3,1,5,5,10,1654,19,151,-144,94,430,879,139,Austin,2017-06-14
2018,6,14,132,128,69,6,1,17,13,11,19,18,43,61,92,81,58,2,0,6,7,9,17,6,33,39,30,35,5,3,1,8,5,2,2,9,9,18,1,0,0,0,0,0,0,0,0,0,0,0,9,12,6,1,0,3,1,0,0,3,1,4,1577,20,155,-143,95,366,869,162,Austin,2018-06-14
2019,6,14,128,178,102,5,4,20,18,13,25,24,56,80,74,120,80,2,1,13,7,8,17,14,32,46,39,43,10,3,3,6,10,3,6,9,19,28,1,0,2,0,0,0,0,0,1,0,1,1,14,15,10,0,0,1,1,2,1,1,4,5,1704,18,149,-142,96,385,936,167,Austin,2019-06-14
2020,6,14,102,125,41,20,3,37,14,9,28,40,51,91,55,67,27,1,0,14,7,8,21,14,36,50,36,44,10,19,2,16,7,1,3,18,11,29,1,2,2,0,0,0,0,0,0,0,0,0,10,12,2,0,1,7,0,0,4,8,4,12,999,17,93,-140,98,322,510,114,Austin,2020-06-14
2021,6,14,140,162,58,14,1,22,5,6,31,23,42,65,102,110,50,2,1,14,3,4,26,15,33,48,29,41,3,9,0,7,1,1,4,7,6,13,1,2,2,0,0,0,0,0,0,0,0,0,8,9,3,3,0,1,1,1,1,1,3,4,1092,17,89,-146,92,303,582,151,Austin,2021-06-14
2022,6,14,99,176,54,14,9,22,9,6,32,31,47,78,77,117,43,5,5,13,4,5,27,18,36,54,12,47,6,6,2,6,4,1,4,8,9,17,1,1,0,0,0,0,0,0,1,0,1,1,9,11,5,3,2,3,1,0,0,5,1,6,1117,14,82,-145,93,306,567,177,Austin,2022-06-14
2023,6,14,92,175,53,6,2,20,14,14,32,22,60,82,68,125,43,4,1,10,8,8,28,11,44,55,16,39,5,2,1,8,6,5,2,9,13,22,0,3,2,0,0,0,0,0,1,0,1,1,8,8,3,0,0,2,0,1,1,2,2,4,1067,17,82,-144,94,312,560,122,Austin,2023-06-14
2024,6,14,88,157,59,16,4,16,8,6,22,20,36,56,61,102,40,6,2,8,6,3,13,10,22,32,18,44,15,10,0,5,1,3,9,5,13,18,2,0,0,0,0,0,1,0,0,0,1,1,7,11,4,0,2,3,0,0,0,5,0,5,1187,10,100,-142,96,285,686,131,Austin,2024-06-14
2012,7,14,,,,,,,,,,,,,,,,,,,,,,,,,,,,,,,,,,,,,,,,,,,,,,,,,,,,,,,,,,,,,,,,,,,,,Austin,2012-07-14
2013,7,14,,,,,,,,,,,,,,,,,,,,,,,,,,,,,,,,,,,,,,,,,,,,,,,,,,,,,,,,,,,,,,,,,,,,,Austin,2013-07-14
2014,7,14,113,127,78,7,9,23,31,27,14,32,72,104,64,75,69,2,4,15,23,22,12,19,57,76,30,37,5,3,3,6,8,4,1,9,13,22,0,1,1,0,0,0,0,0,1,0,1,1,19,14,3,2,2,2,0,1,0,4,1,5,1664,18,149,-111,127,429,820,154,Austin,2014-07-14
2015,7,14,126,109,86,8,3,20,17,17,18,23,52,75,72,73,74,2,2,13,13,14,11,15,38,53,30,27,9,5,1,3,2,3,6,4,11,15,2,1,0,0,0,0,1,0,0,0,1,1,22,8,3,1,0,4,1,0,1,4,2,6,1593,14,138,-110,128,401,786,131,Austin,2015-07-14
2016,7,14,122,149,84,10,5,15,27,17,16,20,60,80,80,83,71,2,3,6,19,14,12,9,45,54,32,45,9,4,2,7,7,0,3,9,10,19,0,5,0,0,0,0,0,1,0,0,1,1,10,16,4,4,0,2,1,2,1,2,4,6,1699,17,172,-115,123,380,958,147,Austin,2016-07-14
2017,7,14,95,130,92,5,1,32,26,10,8,33,44,77,54,78,77,2,1,16,21,8,3,17,32,49,30,43,9,2,0,10,3,2,4,10,9,19,0,0,0,0,0,0,0,0,1,0,1,1,11,9,6,1,0,6,2,0,0,6,2,8,1726,9,157,-114,124,435,906,123,Austin,2017-07-14
2018,7,14,84,118,83,10,5,24,27,21,23,29,71,100,51,67,57,1,3,11,19,14,17,14,50,64,26,36,15,7,2,10,6,7,5,12,18,30,0,1,1,0,0,0,0,0,0,0,0,0,7,14,10,2,0,3,2,0,1,3,3,6,1376,17,138,-113,125,369,784,122,Austin,2018-07-14
2019,7,14,115,155,53,20,9,31,18,9,20,40,47,87,67,94,38,2,3,17,12,9,8,20,29,49,41,46,14,15,6,10,5,0,10,16,15,31,1,2,0,0,0,0,0,0,0,0,0,0,6,13,1,3,0,4,1,0,2,4,3,7,1238,13,103,-112,126,337,658,139,Austin,2019-07-14
2020,7,14,91,137,40,12,6,22,19,17,33,28,69,97,61,86,32,4,5,10,14,12,26,15,52,67,21,36,4,4,1,10,4,2,5,11,11,22,1,1,0,1,0,0,0,0,1,0,1,1,8,14,4,3,0,2,1,3,1,2,5,7,1045,13,92,-110,128,360,492,134,Austin,2020-07-14
2021,7,14,103,182,62,16,4,25,9,6,25,29,40,69,73,118,49,5,4,14,7,4,18,18,29,47,21,43,7,6,0,8,2,2,4,8,8,16,1,4,2,1,0,0,0,0,0,0,0,0,8,17,4,4,0,3,0,0,3,3,3,6,1068,21,92,-116,122,319,540,143,Austin,2021-07-14
2022,7,14,80,151,70,14,5,20,3,9,27,25,39,64,55,89,61,6,3,11,1,7,21,14,29,43,18,52,8,7,1,7,1,1,4,8,6,14,0,1,0,0,0,0,0,0,0,0,0,0,7,9,1,1,1,2,1,1,2,3,4,7,1021,13,72,-115,123,292,552,111,Austin,2022-07-14
2023,7,14,91,157,72,22,6,21,11,9,22,27,42,69,59,109,55,5,1,11,4,6,19,12,29,41,22,32,8,14,3,7,3,2,2,10,7,17,0,3,2,0,1,0,0,0,0,1,0,1,10,13,7,3,1,3,4,1,1,4,6,10,1174,15,106,-114,124,329,613,112,Austin,2023-07-14
2024,7,14,99,158,45,34,2,22,5,9,27,24,41,65,52,91,17,7,2,12,1,6,21,14,28,42,40,44,22,25,0,9,4,3,4,9,11,20,1,2,0,0,0,0,0,0,0,0,0,0,6,21,6,2,0,1,0,0,2,1,2,3,1034,9,93,-112,126,292,561,122,Austin,2024-07-14
2012,8,14,,,,,,,,,,,,,,,,,,,,,,,,,,,,,,,,,,,,,,,,,,,,,,,,,,,,,,,,,,,,,,,,,,,,,Austin,2012-08-14
2013,8,14,,,,,,,,,,,,,,,,,,,,,,,,,,,,,,,,,,,,,,,,,,,,,,,,,,,,,,,,,,,,,,,,,,,,,Austin,2013-08-14
2014,8,14,102,116,74,2,1,19,26,17,13,20,56,76,65,62,63,1,0,9,11,12,10,9,33,42,27,48,10,1,1,8,12,2,2,9,16,25,0,1,0,0,0,0,0,1,1,0,2,2,10,5,1,0,0,2,3,2,0,2,5,7,1673,21,135,-80,158,381,843,143,Austin,2014-08-14
2015,8,14,104,137,85,5,3,24,18,9,11,27,38,65,66,80,75,1,3,19,9,5,6,22,20,42,29,42,5,3,0,4,8,2,3,4,13,17,0,2,0,0,0,0,0,0,1,0,1,1,9,13,5,1,0,1,1,2,1,1,4,5,1697,19,143,-79,159,386,925,147,Austin,2015-08-14
2016,8,14,111,125,89,18,1,30,9,18,10,31,37,68,62,54,67,1,1,7,6,14,5,8,25,33,41,59,18,15,0,21,3,1,3,21,7,28,3,1,0,1,0,0,0,1,0,0,1,1,5,11,4,1,0,2,0,2,2,2,4,6,1286,16,90,-84,154,375,710,126,Austin,2016-08-14
2017,8,14,117,117,97,15,2,19,17,13,21,21,51,72,77,60,79,4,2,8,12,6,20,10,38,48,30,39,15,9,0,10,4,7,1,10,12,22,0,2,0,0,0,0,0,0,0,0,0,0,10,16,3,2,0,1,1,0,0,1,1,2,1453,17,102,-83,155,392,749,151,Austin,2017-08-14
2018,8,14,93,123,70,12,2,23,16,14,21,25,51,76,57,72,62,5,1,13,9,10,17,14,36,50,30,41,5,6,1,8,3,2,3,9,8,17,0,2,0,0,0,0,0,0,0,0,0,0,6,8,3,1,0,2,4,2,1,2,7,9,1500,26,99,-82,156,380,794,144,Austin,2018-08-14
2019,8,14,80,161,107,7,0,17,21,13,17,17,51,68,53,104,88,3,0,9,13,6,15,9,34,43,22,41,7,0,0,6,7,6,2,6,15,21,0,1,2,0,0,0,0,0,0,0,0,0,5,15,10,4,0,2,1,1,0,2,2,4,1412,26,121,-81,157,390,721,158,Austin,2019-08-14
2020,8,14,100,163,70,14,5,23,9,9,35,28,53,81,53,107,46,2,2,10,4,7,22,12,33,45,36,43,19,11,3,11,5,1,7,14,13,27,1,2,0,0,0,0,0,0,1,0,1,1,10,11,5,1,0,2,0,1,5,2,6,8,1110,10,75,-79,159,318,557,167,Austin,2020-08-14
2021,8,14,105,157,73,22,5,29,7,15,24,34,46,80,53,95,45,7,1,10,3,12,17,11,32,43,41,53,21,12,4,18,3,2,5,22,10,32,1,0,0,1,0,0,0,0,1,0,1,1,10,9,7,2,0,1,1,1,1,1,3,4,1150,14,66,-85,153,304,613,164,Austin,2021-08-14
2022,8,14,86,137,44,27,3,28,11,6,19,31,36,67,47,71,26,4,2,9,3,5,15,11,23,34,31,53,14,17,1,17,7,1,3,18,11,29,0,0,1,0,0,0,0,0,0,0,0,0,8,13,3,6,0,2,1,0,1,2,2,4,982,6,76,-84,154,251,531,156,Austin,2022-08-14
2023,8,14,75,167,73,3,1,14,7,8,50,15,65,80,42,108,67,1,1,8,2,8,42,9,52,61,21,49,4,1,0,5,3,0,6,5,9,14,2,2,0,0,0,0,0,0,1,0,1,1,10,8,2,1,0,1,2,0,1,1,3,4,1044,15,76,-83,155,300,578,110,Austin,2023-08-14
2024,8,14,78,167,66,8,2,10,8,9,32,12,49,61,43,108,52,4,1,4,2,7,25,5,34,39,25,44,10,4,1,5,5,2,3,6,10,16,0,2,0,0,0,0,0,0,2,0,2,2,10,13,4,0,0,1,1,0,2,1,3,4,1041,11,79,-81,157,288,551,120,Austin,2024-08-14
2012,9,14,,,,,,,,,,,,,,,,,,,,,,,,,,,,,,,,,,,,,,,,,,,,,,,,,,,,,,,,,,,,,,,,,,,,,Austin,2012-09-14
2013,9,14,,,,,,,,,,,,,,,,,,,,,,,,,,,,,,,,,,,,,,,,,,,,,,,,,,,,,,,,,,,,,,,,,,,,,Austin,2013-09-14
2014,9,14,124,99,49,14,7,30,13,16,14,37,43,80,50,52,29,1,3,10,4,11,9,13,24,37,64,36,16,13,4,18,8,5,5,22,18,40,0,3,1,0,0,1,0,0,0,1,0,1,10,8,3,0,0,1,1,0,0,1,1,2,1338,13,80,-49,189,355,667,125,Austin,2014-09-14
2015,9,14,94,99,67,1,2,25,35,27,11,27,73,100,57,51,51,0,1,13,21,23,8,14,52,66,31,43,11,1,0,10,11,3,3,10,17,27,0,0,1,0,0,0,0,0,0,0,0,0,6,5,4,0,1,2,3,1,0,3,4,7,1449,17,85,-48,190,378,754,122,Austin,2015-09-14
2016,9,14,112,125,93,7,8,31,15,24,13,39,52,91,65,79,68,3,4,18,11,14,7,22,32,54,37,39,11,3,4,10,2,9,5,14,16,30,1,1,3,0,0,0,0,0,0,0,0,0,9,6,11,1,0,3,2,1,1,3,4,7,1585,19,111,-53,185,409,844,136,Austin,2016-09-14
2017,9,14,115,138,110,6,5,18,23,20,14,23,57,80,66,77,89,0,2,11,13,13,10,13,36,49,36,50,14,4,3,5,8,4,3,8,15,23,0,1,3,0,0,0,1,0,1,0,2,2,13,10,4,2,0,2,1,3,0,2,4,6,1615,22,123,-52,186,420,821,165,Austin,2017-09-14
2018,9,14,86,150,106,5,3,17,17,19,15,20,51,71,59,85,89,1,1,9,12,9,11,10,32,42,21,54,11,3,1,6,5,6,3,7,14,21,0,3,1,0,0,0,0,0,0,0,0,0,6,8,5,1,1,2,0,4,1,3,5,8,1551,11,89,-51,187,355,890,151,Austin,2018-09-14
2019,9,14,110,162,69,25,7,26,13,16,20,33,49,82,54,89,44,4,3,10,9,10,12,13,31,44,48,59,21,19,4,14,4,6,5,18,15,33,1,1,0,0,0,0,0,0,1,0,1,1,7,13,4,2,0,2,0,0,2,2,2,4,1369,13,100,-50,188,349,724,191,Austin,2019-09-14
2020,9,14,88,141,38,12,8,25,7,13,25,33,45,78,58,82,30,6,5,15,4,8,20,20,32,52,24,51,6,5,3,8,3,3,3,11,9,20,0,2,1,0,0,0,0,0,0,0,0,0,6,6,1,1,0,2,0,2,2,2,4,6,1040,10,78,-48,190,314,537,102,Austin,2020-09-14
2021,9,14,84,187,45,12,10,20,14,7,32,30,53,83,60,112,36,1,5,13,8,6,24,18,38,56,16,61,5,9,3,6,5,1,6,9,12,21,0,3,1,0,0,0,0,0,0,0,0,0,8,11,3,2,2,1,1,0,2,3,3,6,1054,11,69,-54,184,351,491,159,Austin,2021-09-14
2022,9,14,79,159,54,5,2,15,8,10,28,17,46,63,47,96,45,2,2,4,5,6,15,6,26,32,24,51,5,2,0,9,2,3,9,9,14,23,3,3,1,0,0,0,0,0,0,0,0,0,5,9,3,1,0,2,1,1,4,2,6,8,957,18,70,-53,185,294,503,103,Austin,2022-09-14
2023,9,14,92,149,71,10,1,15,12,7,26,16,45,61,50,89,55,4,0,7,4,5,18,7,27,34,32,50,11,6,1,6,8,1,1,7,10,17,1,4,2,0,0,0,0,0,0,0,0,0,9,6,3,0,0,2,0,1,7,2,8,10,1039,15,63,-52,186,293,557,132,Austin,2023-09-14
2024,9,14,84,141,54,19,4,22,11,10,19,26,40,66,41,73,33,6,2,14,3,7,14,16,24,40,39,62,18,13,2,8,8,3,5,10,16,26,1,1,0,0,0,0,0,0,0,0,0,0,3,5,3,0,0,0,0,0,0,0,0,0,1054,14,53,-50,188,275,566,148,Austin,2024-09-14
2012,10,14,,,,,,,,,,,,,,,,,,,,,,,,,,,,,,,,,,,,,,,,,,,,,,,,,,,,,,,,,,,,,,,,,,,,,Austin,2012-10-14
2013,10,14,,,,,,,,,,,,,,,,,,,,,,,,,,,,,,,,,,,,,,,,,,,,,,,,,,,,,,,,,,,,,,,,,,,,,Austin,2013-10-14
2014,10,14,89,127,96,3,1,20,22,19,12,21,53,74,53,74,77,1,1,10,16,12,9,11,37,48,31,47,12,2,0,10,5,7,3,10,15,25,0,0,4,0,0,0,0,0,0,0,0,0,5,6,3,0,0,0,1,0,0,0,1,1,1619,24,90,-19,219,395,818,121,Austin,2014-10-14
2015,10,14,106,117,128,1,0,16,24,15,22,16,61,77,60,55,99,0,0,8,11,6,17,8,34,42,33,49,16,0,0,8,11,6,5,8,22,30,0,2,4,0,0,0,0,0,0,0,0,0,13,11,9,1,0,0,2,3,0,0,5,5,1643,26,118,-18,220,394,874,133,Austin,2015-10-14
2016,10,14,105,167,90,10,3,16,31,14,13,19,58,77,62,95,74,2,1,6,20,12,7,7,39,46,35,65,10,7,1,9,9,2,3,10,14,24,2,1,3,1,0,0,2,0,1,0,3,3,6,6,3,0,1,1,0,0,2,2,2,4,1696,22,90,-23,215,392,949,173,Austin,2016-10-14
2017,10,14,131,114,76,7,3,30,21,16,14,33,51,84,56,48,46,2,0,12,11,11,9,12,31,43,65,57,24,5,3,13,9,5,5,16,19,35,0,1,2,0,0,2,0,0,0,2,0,2,10,8,4,0,0,3,1,0,0,3,1,4,1591,16,103,-22,216,346,888,163,Austin,2017-10-14
2018,10,14,116,128,63,14,6,21,21,18,12,27,51,78,58,60,28,1,2,9,10,14,6,11,30,41,46,59,29,11,4,11,9,2,5,15,16,31,1,2,1,0,0,0,0,0,0,0,0,0,11,7,5,2,0,1,2,2,1,1,5,6,1307,10,90,-21,217,334,716,162,Austin,2018-10-14
2019,10,14,117,152,71,6,1,29,37,28,27,30,92,122,68,85,53,1,0,14,21,18,23,14,62,76,42,54,12,5,1,10,12,7,4,11,23,34,2,1,0,0,0,0,2,0,0,0,2,2,5,12,6,0,0,5,2,3,0,5,5,10,1356,17,85,-20,218,414,728,120,Austin,2019-10-14
2020,10,14,97,139,45,10,3,16,10,11,25,19,46,65,54,73,30,3,2,11,4,9,17,13,30,43,32,56,15,5,1,3,4,1,7,4,12,16,0,3,0,0,0,0,1,0,1,0,2,2,11,7,0,2,0,2,1,1,0,2,2,4,1014,15,61,-18,220,309,499,140,Austin,2020-10-14
2021,10,14,80,169,56,13,0,16,8,12,29,16,49,65,44,108,32,1,0,8,4,8,20,8,32,40,28,51,18,9,0,6,4,4,7,6,15,21,4,2,1,0,0,0,0,0,0,0,0,0,4,8,5,3,0,2,0,0,2,2,2,4,943,14,72,-24,214,274,481,130,Austin,2021-10-14
2022,10,14,93,196,73,24,4,24,11,7,18,28,36,64,57,112,40,10,2,6,2,4,9,8,15,23,29,71,21,12,2,14,7,3,7,16,17,33,0,1,3,0,0,1,1,0,1,1,2,3,7,12,9,2,0,3,1,0,1,3,2,5,1142,16,88,-23,215,303,622,172,Austin,2022-10-14
2023,10,14,89,153,73,29,3,28,19,9,36,31,64,95,47,69,45,3,2,10,5,4,24,12,33,45,37,73,23,23,1,17,10,5,10,18,25,43,0,0,1,1,0,0,0,0,0,0,0,0,5,11,4,2,0,1,4,0,2,1,6,7,1086,6,73,-22,216,320,575,134,Austin,2023-10-14
2024,10,14,77,154,70,19,3,15,6,3,41,18,50,68,35,79,52,5,2,9,0,2,30,11,32,43,38,65,13,14,1,5,5,1,9,6,15,21,0,1,1,0,0,0,0,0,0,0,0,0,4,9,4,0,0,1,1,0,2,1,3,4,1091,8,66,-20,218,296,595,128,Austin,2024-10-14
2012,11,14,,,,,,,,,,,,,,,,,,,,,,,,,,,,,,,,,,,,,,,,,,,,,,,,,,,,,,,,,,,,,,,,,,,,,Austin,2012-11-14
2013,11,14,,,,,,,,,,,,,,,,,,,,,,,,,,,,,,,,,,,,,,,,,,,,,,,,,,,,,,,,,,,,,,,,,,,,,Austin,2013-11-14
2014,11,14,66,97,95,3,2,21,21,28,17,23,66,89,38,47,54,1,0,8,13,13,8,8,34,42,24,38,24,2,2,13,7,11,8,15,26,41,0,2,0,0,0,0,0,0,1,0,1,1,4,10,17,0,0,0,1,4,0,0,5,5,1583,23,95,12,250,344,861,86,Austin,2014-11-14
2015,11,14,94,107,70,9,5,15,14,15,10,20,39,59,42,40,37,0,4,4,8,9,7,8,24,32,46,56,26,8,1,10,5,4,3,11,12,23,0,2,0,0,0,0,0,0,0,0,0,0,6,9,7,1,0,1,1,2,0,1,3,4,1452,9,106,13,251,341,740,135,Austin,2015-11-14
2016,11,14,115,136,93,6,6,30,26,15,18,36,59,95,53,73,53,0,2,4,17,9,11,6,37,43,50,53,21,5,3,22,8,5,6,25,19,44,1,0,0,1,0,0,1,0,0,0,1,1,11,10,19,0,1,4,0,1,1,5,2,7,1527,16,130,8,246,424,789,136,Austin,2016-11-14
2017,11,14,125,135,107,5,1,15,17,12,15,16,44,60,69,63,73,0,0,5,5,6,9,5,20,25,47,62,16,5,1,8,10,5,6,9,21,30,0,3,1,0,0,0,0,0,0,0,0,0,9,7,17,0,0,2,2,1,0,2,3,5,1481,18,99,9,247,343,779,144,Austin,2017-11-14
2018,11,14,77,108,99,5,1,16,26,11,16,17,53,70,41,57,66,0,1,6,16,4,11,7,31,38,24,42,19,4,0,8,9,3,4,8,16,24,1,3,1,0,0,0,0,0,0,0,0,0,11,6,13,1,0,2,1,4,1,2,6,8,1378,20,111,10,248,341,729,122,Austin,2018-11-14
2019,11,14,82,116,107,9,5,18,23,16,25,23,64,87,47,55,77,1,3,5,17,9,16,8,42,50,28,46,17,8,2,10,3,6,8,12,17,29,1,3,1,0,0,1,0,0,0,1,0,1,6,12,12,0,0,2,3,1,1,2,5,7,1282,23,105,11,249,370,670,120,Austin,2019-11-14
2020,11,14,103,122,52,16,3,34,13,7,23,37,43,80,50,47,25,4,2,15,7,4,17,17,28,45,44,66,19,9,1,18,5,2,6,19,13,32,1,1,0,0,0,1,0,0,0,1,0,1,8,8,8,3,0,0,1,1,0,0,2,2,1062,9,81,13,251,350,503,148,Austin,2020-11-14
2021,11,14,89,115,58,27,4,29,11,8,25,33,44,77,41,53,35,3,1,15,4,4,16,16,24,40,44,49,22,21,3,13,6,4,7,16,17,33,1,2,0,0,0,0,0,0,0,0,0,0,3,11,1,3,0,1,1,0,2,1,3,4,953,12,64,7,245,251,501,168,Austin,2021-11-14
2022,11,14,58,154,73,9,1,25,10,9,34,26,53,79,32,71,49,2,1,12,2,5,23,13,30,43,19,65,16,7,0,12,7,3,7,12,17,29,0,3,5,0,0,1,0,0,1,1,1,2,7,15,3,0,0,0,1,1,3,0,5,5,928,13,74,8,246,287,486,100,Austin,2022-11-14
2023,11,14,78,149,84,13,4,8,9,14,41,12,64,76,41,75,56,3,0,3,1,7,26,3,34,37,26,63,20,9,2,5,7,6,12,7,25,32,1,2,0,0,0,0,0,0,1,0,1,1,10,9,8,1,2,0,1,1,2,2,4,6,992,9,71,9,247,321,513,108,Austin,2023-11-14
2024,11,14,77,156,81,16,2,16,8,7,23,18,38,56,31,86,50,2,1,8,5,4,18,9,27,36,42,58,22,12,1,8,3,3,5,9,11,20,0,3,1,0,0,0,0,0,0,0,0,0,4,9,8,2,0,0,0,0,0,0,0,0,948,16,63,11,249,266,475,129,Austin,2024-11-14
2012,12,14,,,,,,,,,,,,,,,,,,,,,,,,,,,,,,,,,,,,,,,,,,,,,,,,,,,,,,,,,,,,,,,,,,,,,Austin,2012-12-14
2013,12,14,,,,,,,,,,,,,,,,,,,,,,,,,,,,,,,,,,,,,,,,,,,,,,,,,,,,,,,,,,,,,,,,,,,,,Austin,2013-12-14
2014,12,14,131,99,58,14,9,25,16,16,18,34,50,84,45,27,23,5,2,7,9,9,12,9,30,39,81,63,24,9,7,17,6,5,4,24,15,39,0,3,0,0,0,1,0,0,0,1,0,1,5,6,11,0,0,0,1,2,2,0,5,5,1438,13,106,42,280,362,742,156,Austin,2014-12-14
2015,12,14,117,137,81,10,3,22,31,21,18,25,70,95,57,64,45,4,1,8,22,13,14,9,49,58,49,48,22,4,1,11,8,8,3,12,19,31,3,2,1,0,0,0,0,0,0,0,0,0,8,23,13,2,1,3,1,0,1,4,2,6,1505,22,130,43,281,375,767,151,Austin,2015-12-14
2016,12,14,97,108,96,5,4,21,39,19,26,25,84,109,50,49,59,2,2,5,25,11,16,7,52,59,34,53,16,3,1,15,13,6,6,16,25,41,2,2,2,0,0,0,0,0,0,0,0,0,11,4,19,0,1,1,1,2,4,2,7,9,1508,24,122,38,276,409,731,148,Austin,2016-12-14
2017,12,14,87,133,86,4,1,18,26,26,22,19,74,93,42,62,47,2,0,6,14,9,13,6,36,42,39,57,29,2,1,9,11,13,7,10,31,41,0,4,0,0,0,0,0,0,0,0,0,0,6,10,10,0,0,3,1,4,2,3,7,10,1222,17,102,39,277,339,663,135,Austin,2017-12-14
2018,12,14,117,136,80,7,5,18,23,14,17,23,54,77,69,54,41,1,1,7,15,11,11,8,37,45,36,71,31,6,4,9,5,3,5,13,13,26,1,1,1,0,0,1,1,0,0,1,1,2,11,10,7,0,0,1,2,0,1,1,3,4,1496,29,108,40,278,378,824,145,Austin,2018-12-14
2019,12,14,122,156,80,14,8,30,16,22,13,38,51,89,47,63,50,3,2,9,6,11,7,11,24,35,68,77,24,8,5,19,9,10,5,24,24,48,0,1,0,1,1,0,0,0,0,1,0,1,7,15,6,2,0,2,1,1,1,2,3,5,1342,14,109,41,279,376,688,205,Austin,2019-12-14
2020,12,14,79,104,38,5,4,15,8,10,26,19,44,63,40,50,20,0,1,3,5,4,15,4,24,28,30,46,11,5,1,11,3,3,7,12,13,25,1,2,1,0,0,0,0,1,0,0,1,1,8,6,6,0,2,1,0,2,4,3,6,9,925,12,88,43,281,280,465,95,Austin,2020-12-14
2021,12,14,69,134,70,16,1,16,6,11,22,17,39,56,38,65,44,6,0,4,2,4,15,4,21,25,25,60,17,8,1,12,4,5,6,13,15,28,0,1,2,0,0,0,0,0,1,0,1,1,6,8,7,2,0,0,0,2,0,0,2,2,940,11,78,37,275,311,454,122,Austin,2021-12-14
2022,12,14,69,166,57,7,1,13,5,16,28,14,49,63,35,87,30,1,0,4,1,10,18,4,29,33,23,71,18,6,0,7,4,5,9,7,18,25,2,2,1,0,1,0,0,0,0,1,0,1,9,6,8,0,0,2,0,1,1,2,2,4,954,11,72,38,276,290,488,118,Austin,2022-12-14
2023,12,14,79,165,55,10,5,14,8,11,28,19,47,66,36,84,28,2,4,4,4,7,16,8,27,35,36,69,15,7,0,5,4,2,7,5,13,18,1,2,0,0,0,0,0,0,0,0,0,0,6,10,12,1,1,5,0,2,5,6,7,13,966,8,82,39,277,281,502,120,Austin,2023-12-14
2024,12,14,103,165,81,17,2,26,7,7,16,28,30,58,39,82,40,5,1,5,4,1,9,6,14,20,54,73,33,9,0,19,2,6,6,19,14,33,1,1,0,0,1,0,0,0,0,1,0,1,9,9,8,3,0,2,1,0,1,2,2,4,1076,7,64,41,279,289,567,168,Austin,2024-12-14
2012,1,15,,,,,,,,,,,,,,,,,,,,,,,,,,,,,,,,,,,,,,,,,,,,,,,,,,,,,,,,,,,,,,,,,,,,,Austin,2012-01-15
2013,1,15,,,,,,,,,,,,,,,,,,,,,,,,,,,,,,,,,,,,,,,,,,,,,,,,,,,,,,,,,,,,,,,,,,,,,Austin,2013-01-15
2014,1,15,83,114,71,5,2,18,29,13,17,20,59,79,42,65,43,0,0,6,20,8,11,6,39,45,35,40,13,4,2,9,8,4,6,11,18,29,0,0,5,0,0,0,0,0,0,0,0,0,6,9,10,1,0,3,1,1,0,3,2,5,1605,28,111,-291,-53,385,806,124,Austin,2014-01-15
2015,1,15,76,96,73,6,5,12,31,12,11,17,54,71,32,50,55,0,3,3,20,9,4,6,33,39,35,43,7,6,0,7,9,2,6,7,17,24,0,1,2,0,0,0,0,0,0,0,0,0,9,2,9,0,2,2,2,1,1,4,4,8,1591,20,118,-290,-52,364,776,98,Austin,2015-01-15
2016,1,15,119,124,102,7,4,21,29,9,29,25,67,92,51,60,74,0,1,12,14,6,18,13,38,51,57,55,15,7,3,9,14,2,9,12,25,37,2,2,3,0,0,0,0,0,1,0,1,1,9,7,10,0,0,0,1,1,1,0,3,3,1737,22,103,-296,-58,408,851,147,Austin,2016-01-15
2017,1,15,99,105,105,19,3,30,12,13,13,33,38,71,38,40,67,2,1,8,3,7,4,9,14,23,52,54,33,16,2,21,7,5,7,23,19,42,0,2,0,0,0,0,1,1,0,0,2,2,9,9,5,1,0,1,1,0,2,1,3,4,1297,7,95,-294,-56,362,677,141,Austin,2017-01-15
2018,1,15,88,127,74,9,3,21,27,10,15,24,52,76,46,67,41,3,1,5,10,7,14,6,31,37,37,47,25,5,2,16,16,3,1,18,20,38,0,2,1,0,0,0,1,0,0,0,1,1,5,11,7,1,0,0,0,0,0,0,0,0,1285,12,84,-293,-55,323,710,125,Austin,2018-01-15
2019,1,15,87,124,59,9,2,17,17,16,9,19,42,61,48,58,37,1,0,10,9,8,7,10,24,34,29,55,14,7,2,6,6,6,1,8,13,21,3,3,2,0,0,0,1,0,0,0,1,1,7,8,6,1,0,1,1,2,1,1,4,5,1278,26,107,-292,-54,326,684,106,Austin,2019-01-15
2020,1,15,106,176,87,10,0,18,26,12,21,18,59,77,53,91,47,2,0,7,15,8,14,7,37,44,41,73,24,7,0,11,9,4,6,11,19,30,0,4,4,0,0,0,0,0,0,0,0,0,12,8,12,1,0,0,2,0,1,0,3,3,1405,24,106,-291,-53,371,708,185,Austin,2020-01-15
2021,1,15,86,136,47,14,6,10,3,8,16,16,27,43,34,65,30,0,2,6,2,3,9,8,14,22,43,64,9,11,3,4,1,4,5,7,10,17,0,0,0,0,0,0,0,1,0,0,1,1,9,7,8,3,1,0,0,0,2,1,2,3,927,9,65,-296,-58,274,460,119,Austin,2021-01-15
2022,1,15,86,123,62,20,4,27,13,4,30,31,47,78,32,48,22,2,4,8,6,2,21,12,29,41,43,64,28,18,0,18,6,2,6,18,14,32,1,4,1,0,0,0,0,0,1,0,1,1,10,7,11,0,0,1,1,0,2,1,3,4,1011,24,54,-295,-57,277,573,136,Austin,2022-01-15
2023,1,15,72,175,48,26,5,21,12,6,20,26,38,64,24,73,24,6,2,5,4,2,13,7,19,26,42,93,19,19,1,13,8,4,5,14,17,31,1,1,0,0,0,2,0,0,0,2,0,2,5,8,5,1,2,1,0,0,2,3,2,5,982,7,57,-294,-56,275,512,138,Austin,2023-01-15
2024,1,15,59,90,33,9,2,12,6,3,26,14,35,49,25,42,23,1,1,8,2,2,15,9,19,28,29,43,9,7,1,3,4,0,9,4,13,17,1,1,0,0,0,0,0,0,0,0,0,0,4,4,1,1,0,1,0,1,2,1,3,4,843,9,72,-293,-55,196,515,69,Austin,2024-01-15
2012,2,15,,,,,,,,,,,,,,,,,,,,,,,,,,,,,,,,,,,,,,,,,,,,,,,,,,,,,,,,,,,,,,,,,,,,,Austin,2012-02-15
2013,2,15,,,,,,,,,,,,,,,,,,,,,,,,,,,,,,,,,,,,,,,,,,,,,,,,,,,,,,,,,,,,,,,,,,,,,Austin,2013-02-15
2014,2,15,127,125,85,4,2,33,19,22,17,35,58,93,59,49,49,0,0,14,9,12,11,14,32,46,63,64,32,4,2,18,9,10,5,20,24,44,0,1,1,0,0,0,0,0,0,0,0,0,5,11,3,0,0,1,1,0,1,1,2,3,1698,14,105,-260,-22,414,888,159,Austin,2014-02-15
2015,2,15,105,125,64,11,1,40,17,8,17,41,42,83,50,48,30,0,0,16,4,4,7,16,15,31,50,65,21,10,1,21,11,4,10,22,25,47,0,1,0,0,0,0,1,0,0,0,1,1,5,11,13,1,0,3,1,0,0,3,1,4,1380,8,89,-259,-21,386,713,144,Austin,2015-02-15
2016,2,15,104,127,82,13,4,29,30,14,18,33,62,95,57,67,50,5,1,14,17,10,13,15,40,55,37,49,18,6,2,12,12,3,4,14,19,33,0,1,2,0,0,0,0,0,1,0,1,1,10,10,12,2,1,3,1,1,0,4,2,6,1528,13,117,-265,-27,385,721,142,Austin,2016-02-15
2017,2,15,88,107,82,6,1,20,13,17,12,21,42,63,42,62,56,0,1,9,6,12,8,10,26,36,33,34,16,6,0,9,5,2,3,9,10,19,0,1,1,0,0,0,1,0,0,0,1,1,13,10,9,0,0,2,1,3,1,2,5,7,1607,20,125,-263,-25,372,837,127,Austin,2017-02-15
2018,2,15,103,133,97,7,5,33,20,14,13,38,47,85,52,75,64,1,0,13,9,8,9,13,26,39,38,50,22,5,5,19,9,4,1,24,14,38,1,0,2,0,0,0,0,0,0,0,0,0,12,8,9,1,0,1,2,2,3,1,7,8,1513,23,99,-262,-24,383,798,141,Austin,2018-02-15
2019,2,15,111,157,88,13,4,30,29,21,14,34,64,98,59,83,61,4,1,11,20,12,8,12,40,52,44,64,18,8,2,16,7,8,5,18,20,38,2,0,2,0,0,0,0,0,0,0,0,0,6,10,7,1,1,3,2,1,1,4,4,8,1645,25,112,-261,-23,409,888,185,Austin,2019-02-15
2020,2,15,125,144,68,23,5,27,24,18,28,32,70,102,68,78,36,2,0,7,16,12,19,7,47,54,52,50,30,18,5,20,8,5,7,25,20,45,0,1,0,0,0,0,0,1,2,0,3,3,5,15,2,3,0,0,0,0,0,0,0,0,1424,19,77,-260,-22,368,713,209,Austin,2020-02-15
2021,2,15,42,54,22,23,1,7,15,0,5,8,20,28,19,20,10,3,0,4,7,0,2,4,9,13,21,29,8,19,1,3,7,0,1,4,8,12,0,0,0,0,0,0,1,0,0,0,1,1,2,5,4,1,0,0,0,0,2,0,2,2,1285,16,106,-265,-27,143,995,117,Austin,2021-02-15
2022,2,15,71,145,62,17,1,12,6,7,31,13,44,57,37,86,44,5,0,9,4,3,20,9,27,36,25,51,12,10,1,2,2,3,6,3,11,14,2,1,0,0,0,0,0,0,1,0,1,1,7,7,6,2,0,1,0,1,4,1,5,6,922,11,68,-264,-26,272,473,140,Austin,2022-02-15
2023,2,15,96,157,54,17,2,21,12,12,22,23,46,69,55,96,38,3,0,9,8,8,17,9,33,42,30,48,8,13,2,12,4,4,5,14,13,27,0,1,1,0,0,0,0,0,0,0,0,0,11,12,7,1,0,0,0,0,0,0,0,0,956,12,68,-263,-25,294,490,115,Austin,2023-02-15
2024,2,15,79,159,47,15,0,13,17,12,33,13,62,75,36,93,27,3,0,5,6,9,25,5,40,45,39,58,13,11,0,8,11,2,6,8,19,27,0,2,1,0,0,0,0,0,0,0,0,0,4,6,6,1,0,0,0,1,2,0,3,3,1020,7,73,-262,-24,296,523,115,Austin,2024-02-15
2012,3,15,,,,,,,,,,,,,,,,,,,,,,,,,,,,,,,,,,,,,,,,,,,,,,,,,,,,,,,,,,,,,,,,,,,,,Austin,2012-03-15
2013,3,15,,,,,,,,,,,,,,,,,,,,,,,,,,,,,,,,,,,,,,,,,,,,,,,,,,,,,,,,,,,,,,,,,,,,,Austin,2013-03-15
2014,3,15,163,132,109,9,3,33,24,15,18,36,57,93,66,62,71,1,0,13,19,11,10,13,40,53,81,61,30,7,3,17,5,4,6,20,15,35,1,1,2,0,0,0,0,0,0,0,0,0,15,8,6,1,0,3,0,0,2,3,2,5,1776,14,115,-232,6,420,949,201,Austin,2014-03-15
2015,3,15,121,115,71,16,3,27,25,15,24,30,64,94,46,54,39,2,0,6,10,7,14,6,31,37,64,54,25,13,3,19,12,7,9,22,28,50,0,0,1,0,0,0,1,0,0,0,1,1,11,7,6,1,0,2,2,1,1,2,4,6,1570,14,90,-231,7,399,782,159,Austin,2015-03-15
2016,3,15,140,161,95,18,5,29,25,20,15,34,60,94,78,77,67,6,3,14,12,13,12,17,37,54,52,66,17,12,2,12,11,5,2,14,18,32,0,1,3,0,0,0,2,0,1,0,3,3,10,17,8,0,0,3,0,2,0,3,2,5,1823,22,157,-236,2,420,1014,162,Austin,2016-03-15
2017,3,15,112,146,78,11,6,11,28,19,24,17,71,88,61,71,59,1,1,8,17,13,16,9,46,55,45,61,15,9,4,3,9,2,3,7,14,21,0,1,1,0,0,0,0,0,1,0,1,1,6,13,3,1,1,0,2,4,4,1,10,11,1726,15,117,-235,3,393,946,132,Austin,2017-03-15
2018,3,15,127,143,77,14,5,27,23,13,22,32,58,90,74,71,52,5,2,13,15,8,16,15,39,54,45,63,18,8,3,13,8,2,4,16,14,30,0,2,1,0,0,0,0,0,0,0,0,0,8,7,6,1,0,1,0,3,2,1,5,6,1706,10,92,-234,4,366,1024,154,Austin,2018-03-15
2019,3,15,137,156,111,15,2,26,22,17,16,28,55,83,76,81,79,3,1,12,17,13,12,13,42,55,51,63,21,10,1,11,5,4,3,12,12,24,3,2,4,0,0,0,0,0,0,0,0,0,7,10,7,2,0,3,0,0,1,3,1,4,1715,22,113,-233,5,394,992,171,Austin,2019-03-15
2020,3,15,139,177,50,24,3,25,17,14,21,28,52,80,72,94,25,4,0,10,8,7,12,10,27,37,54,71,22,19,2,13,7,7,7,15,21,36,3,1,0,0,1,1,1,0,0,2,1,3,10,11,3,1,0,1,1,0,2,1,3,4,1236,10,82,-231,7,374,613,165,Austin,2020-03-15
2021,3,15,98,138,31,11,2,18,10,8,22,20,40,60,51,74,18,4,2,8,8,4,16,10,28,38,34,54,11,4,0,7,2,4,3,7,9,16,1,3,0,0,0,0,0,0,1,0,1,1,12,7,2,3,0,3,0,0,2,3,2,5,1040,9,72,-237,1,308,540,120,Austin,2021-03-15
2022,3,15,78,149,44,17,2,22,6,11,26,24,43,67,48,87,36,4,0,10,1,8,16,10,25,35,25,51,4,12,2,9,4,3,9,11,16,27,1,2,1,0,0,0,1,0,0,0,1,1,4,9,3,1,0,3,0,0,1,3,1,4,1008,11,72,-236,2,307,525,114,Austin,2022-03-15
2023,3,15,81,137,48,16,2,18,7,12,34,20,53,73,45,79,33,6,2,11,3,6,26,13,35,48,31,49,13,8,0,4,4,4,7,4,15,19,0,1,1,0,0,0,0,0,0,0,0,0,5,8,1,2,0,3,0,2,1,3,3,6,996,7,62,-235,3,297,499,115,Austin,2023-03-15
2024,3,15,109,193,58,26,2,11,8,6,32,13,46,59,56,104,34,3,0,4,4,4,22,4,30,34,42,77,18,19,1,6,4,2,10,7,16,23,2,2,2,0,0,0,0,0,0,0,0,0,9,10,4,4,1,1,0,0,0,2,0,2,1183,11,96,-233,5,288,645,174,Austin,2024-03-15
2012,4,15,,,,,,,,,,,,,,,,,,,,,,,,,,,,,,,,,,,,,,,,,,,,,,,,,,,,,,,,,,,,,,,,,,,,,Austin,2012-04-15
2013,4,15,,,,,,,,,,,,,,,,,,,,,,,,,,,,,,,,,,,,,,,,,,,,,,,,,,,,,,,,,,,,,,,,,,,,,Austin,2013-04-15
2014,4,15,88,116,91,6,4,20,22,22,14,24,58,82,62,57,75,3,1,11,14,16,9,12,39,51,19,43,12,3,3,9,5,5,3,12,13,25,0,1,1,0,0,0,0,0,1,0,1,1,7,15,3,0,0,0,3,1,1,0,5,5,1626,19,118,-201,37,398,790,112,Austin,2014-04-15
2015,4,15,102,105,100,6,3,28,17,16,23,31,56,87,59,62,86,1,2,13,11,11,17,15,39,54,33,37,7,5,1,14,5,3,4,15,12,27,1,1,1,0,0,0,0,0,0,0,0,0,9,5,6,0,0,1,1,2,2,1,5,6,1569,20,93,-200,38,382,792,128,Austin,2015-04-15
2016,4,15,118,133,106,6,2,20,20,19,16,22,55,77,77,70,93,2,1,10,12,15,11,11,38,49,31,50,11,3,1,9,8,3,3,10,14,24,0,2,0,0,0,0,0,0,0,0,0,0,10,11,2,1,0,1,0,1,2,1,3,4,1695,13,111,-205,33,379,942,153,Austin,2016-04-15
2017,4,15,139,147,60,6,3,32,23,18,13,35,54,89,76,63,41,2,2,11,16,12,10,13,38,51,49,65,16,3,1,19,5,5,3,20,13,33,1,0,0,0,0,0,0,0,0,0,0,0,13,19,3,1,0,2,2,1,0,2,3,5,1470,14,113,-204,34,358,792,158,Austin,2017-04-15
2018,4,15,113,118,57,12,2,26,13,12,8,28,33,61,54,63,40,3,0,11,6,8,3,11,17,28,44,46,14,9,2,11,5,4,4,13,13,26,2,1,0,0,0,0,0,0,0,0,0,0,13,8,3,0,0,4,2,0,1,4,3,7,1391,5,107,-203,35,328,764,156,Austin,2018-04-15
2019,4,15,102,159,84,9,2,34,18,21,18,36,57,93,72,97,72,3,2,20,12,14,15,22,41,63,25,52,6,4,0,11,5,6,3,11,14,25,1,0,4,0,0,1,1,0,0,1,1,2,4,10,2,2,0,2,0,1,0,2,1,3,1490,23,81,-202,36,369,814,150,Austin,2019-04-15
2020,4,15,74,133,21,10,6,23,17,14,24,29,55,84,46,74,16,2,5,10,11,9,16,15,36,51,23,44,2,7,1,8,6,3,6,9,15,24,0,4,2,0,0,0,0,0,1,0,1,1,5,11,1,1,0,5,0,2,1,5,3,8,932,16,70,-200,38,272,488,107,Austin,2020-04-15
2021,4,15,109,151,62,8,2,23,9,7,17,25,33,58,68,108,45,3,1,15,5,4,12,16,21,37,34,37,10,2,1,6,4,3,4,7,11,18,0,1,0,0,0,0,0,0,0,0,0,0,7,5,7,3,0,2,0,0,1,2,1,3,957,13,57,-206,32,297,466,153,Austin,2021-04-15
2022,4,15,104,179,56,13,9,14,10,6,35,23,51,74,64,107,42,2,3,3,6,5,29,6,40,46,29,60,13,10,5,9,4,1,3,14,8,22,0,2,0,0,0,0,0,0,1,0,1,1,11,10,1,1,1,2,0,0,2,3,2,5,1083,13,74,-205,33,304,556,166,Austin,2022-04-15
2023,4,15,86,138,54,22,2,24,6,4,30,26,40,66,51,77,35,7,1,11,3,4,22,12,29,41,31,50,15,15,0,10,2,0,8,10,10,20,0,0,0,0,0,0,0,0,0,0,0,0,4,11,4,0,1,3,1,0,0,4,1,5,1015,3,79,-204,34,286,521,157,Austin,2023-04-15
2024,4,15,88,160,63,17,3,16,12,16,27,19,55,74,63,95,52,9,3,7,7,10,18,10,35,45,19,46,7,7,0,5,4,4,4,5,12,17,0,7,0,0,0,1,0,0,0,1,0,1,6,12,4,1,0,3,1,2,5,3,8,11,1037,13,89,-202,36,287,519,147,Austin,2024-04-15
2012,5,15,,,,,,,,,,,,,,,,,,,,,,,,,,,,,,,,,,,,,,,,,,,,,,,,,,,,,,,,,,,,,,,,,,,,,Austin,2012-05-15
2013,5,15,,,,,,,,,,,,,,,,,,,,,,,,,,,,,,,,,,,,,,,,,,,,,,,,,,,,,,,,,,,,,,,,,,,,,Austin,2013-05-15
2014,5,15,110,115,70,3,1,27,30,13,16,28,59,87,71,74,56,1,0,19,21,8,11,19,40,59,29,29,6,0,1,8,8,3,4,9,15,24,0,0,0,0,0,0,0,1,0,0,1,1,10,12,8,2,0,0,1,1,1,0,3,3,1723,17,136,-171,67,406,870,117,Austin,2014-05-15
2015,5,15,109,125,93,9,2,27,23,21,13,29,57,86,66,76,77,1,0,15,17,12,10,15,39,54,32,44,8,3,2,10,5,7,3,12,15,27,1,0,2,0,0,0,0,0,0,0,0,0,10,5,6,5,0,2,1,2,0,2,3,5,1633,11,107,-170,68,393,899,158,Austin,2015-05-15
2016,5,15,117,102,58,9,2,28,12,18,16,30,46,76,65,55,40,3,1,11,10,14,11,12,35,47,42,39,13,5,1,11,2,4,4,12,10,22,2,1,0,0,0,1,0,0,0,1,0,1,8,7,5,1,0,5,0,0,1,5,1,6,1253,13,91,-175,63,317,732,121,Austin,2016-05-15
2017,5,15,112,126,76,3,3,28,25,17,11,31,53,84,73,81,68,2,0,20,15,14,8,20,37,57,29,37,4,0,3,8,7,1,2,11,10,21,1,1,0,0,0,0,1,0,0,0,1,1,9,7,4,1,0,0,2,2,1,0,5,5,1544,15,123,-174,64,415,808,111,Austin,2017-05-15
2018,5,15,125,106,102,9,1,28,19,14,19,29,52,81,87,76,84,6,1,15,12,11,18,16,41,57,29,27,10,3,0,8,7,2,1,8,10,18,1,0,0,0,0,0,0,0,0,0,0,0,8,3,8,0,0,5,0,1,0,5,1,6,1558,11,104,-173,65,396,825,158,Austin,2018-05-15
2019,5,15,104,175,93,7,3,16,22,16,26,19,64,83,71,106,79,3,2,13,15,16,21,15,52,67,26,51,7,4,1,2,6,0,4,3,10,13,2,1,1,0,0,0,1,0,0,0,1,1,5,17,6,0,0,1,0,0,1,1,1,2,1591,26,95,-172,66,429,827,165,Austin,2019-05-15
2020,5,15,96,177,50,11,1,19,13,10,31,20,54,74,68,116,32,3,0,14,11,6,17,14,34,48,17,48,5,6,0,3,2,2,8,3,12,15,0,1,0,0,0,0,0,0,0,0,0,0,11,12,13,2,1,2,0,2,6,3,8,11,1255,16,128,-170,68,300,684,155,Austin,2020-05-15
2021,5,15,106,173,39,18,2,36,10,8,19,38,37,75,72,103,23,8,1,20,7,6,16,21,29,50,29,51,9,7,1,13,1,2,3,14,6,20,0,3,1,1,0,0,0,0,0,0,0,0,5,16,6,2,0,3,2,0,0,3,2,5,1043,9,79,-176,62,290,533,178,Austin,2021-05-15
2022,5,15,102,138,57,24,2,20,13,9,27,22,49,71,59,81,37,5,2,9,4,5,19,11,28,39,30,41,16,16,0,9,7,4,5,9,16,25,1,2,1,0,0,0,1,0,0,0,1,1,12,14,3,3,0,2,1,0,3,2,4,6,1034,13,93,-175,63,312,538,142,Austin,2022-05-15
2023,5,15,88,186,57,11,3,19,11,9,44,22,64,86,57,129,38,2,0,12,8,5,34,12,47,59,24,48,10,7,1,7,3,2,7,8,12,20,3,1,1,0,0,0,0,0,1,0,1,1,4,8,8,2,2,0,0,2,2,2,4,6,1004,15,66,-174,64,288,526,132,Austin,2023-05-15
2024,5,15,97,152,79,9,2,20,8,15,30,22,53,75,65,98,59,3,1,14,5,10,20,15,35,50,22,46,12,3,1,5,2,4,8,6,14,20,1,1,0,1,0,0,0,0,0,0,0,0,9,7,8,2,0,1,1,1,2,1,4,5,1054,10,94,-172,66,300,535,123,Austin,2024-05-15
2012,6,15,,,,,,,,,,,,,,,,,,,,,,,,,,,,,,,,,,,,,,,,,,,,,,,,,,,,,,,,,,,,,,,,,,,,,Austin,2012-06-15
2013,6,15,,,,,,,,,,,,,,,,,,,,,,,,,,,,,,,,,,,,,,,,,,,,,,,,,,,,,,,,,,,,,,,,,,,,,Austin,2013-06-15
2014,6,15,140,107,65,8,7,32,18,18,13,39,49,88,60,47,40,1,1,17,12,14,11,18,37,55,66,47,21,4,6,14,5,4,1,20,10,30,1,1,0,0,0,0,1,0,0,0,1,1,13,12,4,3,0,1,0,0,1,1,1,2,1427,10,139,-140,98,390,721,153,Austin,2014-06-15
2015,6,15,95,111,80,8,1,24,29,9,22,25,60,85,57,67,66,2,0,12,26,7,17,12,50,62,25,35,13,5,1,7,3,2,3,8,8,16,3,0,0,0,0,0,0,0,1,0,1,1,10,9,1,1,0,5,0,0,1,5,1,6,1503,15,135,-139,99,397,786,110,Austin,2015-06-15
2016,6,15,123,134,85,9,0,23,23,15,15,23,53,76,82,84,78,4,0,14,18,11,9,14,38,52,25,35,3,4,0,5,3,4,5,5,12,17,1,1,1,0,0,0,0,0,0,0,0,0,15,14,3,1,0,4,2,0,1,4,3,7,1519,11,139,-144,94,387,809,136,Austin,2016-06-15
2017,6,15,99,119,81,9,5,25,19,12,11,30,42,72,65,75,69,2,0,17,15,10,9,17,34,51,25,32,7,3,3,6,3,2,1,9,6,15,0,1,1,0,0,0,1,0,0,0,1,1,9,11,4,4,2,2,0,0,1,4,1,5,1586,20,155,-143,95,386,895,112,Austin,2017-06-15
2018,6,15,106,122,97,7,0,27,20,12,22,27,54,81,59,77,77,3,0,17,12,10,15,17,37,54,35,35,7,4,0,6,6,2,5,6,13,19,1,3,0,0,0,0,0,0,0,0,0,0,11,7,13,0,0,4,2,0,2,4,4,8,1559,21,150,-142,96,401,839,143,Austin,2018-06-15
2019,6,15,139,156,78,9,7,26,21,13,24,33,58,91,85,99,49,2,4,17,14,9,16,21,39,60,44,42,17,4,3,6,6,3,7,9,16,25,0,1,0,0,0,0,0,0,0,0,0,0,10,14,12,3,0,3,1,1,1,3,3,6,1463,9,157,-141,97,367,804,172,Austin,2019-06-15
2020,6,15,99,133,54,11,4,27,27,10,30,31,67,98,67,90,46,3,2,16,21,6,19,18,46,64,21,32,5,7,2,10,4,3,8,12,15,27,2,1,1,0,0,0,0,0,1,0,1,1,9,10,2,1,0,1,2,1,2,1,5,6,1038,15,80,-139,99,342,518,134,Austin,2020-06-15
2021,6,15,86,171,53,12,2,21,9,4,23,23,36,59,65,115,48,7,2,12,4,4,16,14,24,38,13,38,2,3,0,5,3,0,5,5,8,13,0,2,2,0,0,0,1,0,0,0,1,1,8,16,1,2,0,4,1,0,2,4,3,7,991,16,97,-145,93,276,520,155,Austin,2021-06-15
2022,6,15,81,174,50,18,4,24,6,12,26,28,44,72,62,104,41,9,3,19,3,8,22,22,33,55,15,50,5,5,1,2,3,3,1,3,7,10,1,2,1,0,0,0,0,0,1,0,1,1,3,18,3,4,0,3,0,1,2,3,3,6,1036,24,89,-144,94,293,544,142,Austin,2022-06-15
2023,6,15,113,165,50,17,7,21,9,9,46,28,64,92,76,108,38,5,2,12,5,5,33,14,43,57,23,43,11,9,4,8,3,2,9,12,14,26,1,1,0,0,0,0,0,0,0,0,0,0,13,13,1,3,1,1,1,2,4,2,7,9,1114,10,97,-143,95,311,579,146,Austin,2023-06-15
2024,6,15,105,154,52,22,4,16,9,10,23,20,42,62,49,101,34,9,1,7,3,8,16,8,27,35,45,41,14,11,1,6,5,1,5,7,11,18,1,1,0,0,2,1,0,0,0,3,0,3,10,11,4,2,0,2,1,1,2,2,4,6,1111,15,104,-141,97,281,614,142,Austin,2024-06-15
2012,7,15,,,,,,,,,,,,,,,,,,,,,,,,,,,,,,,,,,,,,,,,,,,,,,,,,,,,,,,,,,,,,,,,,,,,,Austin,2012-07-15
2013,7,15,,,,,,,,,,,,,,,,,,,,,,,,,,,,,,,,,,,,,,,,,,,,,,,,,,,,,,,,,,,,,,,,,,,,,Austin,2013-07-15
2014,7,15,118,105,90,3,5,26,28,26,18,31,72,103,84,64,74,1,2,17,22,19,13,19,54,73,29,33,6,1,3,6,5,6,2,9,13,22,1,1,2,0,0,0,0,0,0,0,0,0,4,7,8,1,0,3,1,1,3,3,5,8,1551,19,96,-110,128,404,765,121,Austin,2014-07-15
2015,7,15,106,83,92,9,2,22,19,10,17,24,46,70,72,47,82,2,2,12,9,7,12,14,28,42,22,30,4,5,0,7,8,1,4,7,13,20,1,0,1,0,0,1,0,0,0,1,0,1,11,6,5,2,0,2,2,2,1,2,5,7,1523,21,137,-109,129,376,760,120,Austin,2015-07-15
2016,7,15,99,117,84,11,5,24,14,11,16,29,41,70,60,72,71,1,3,10,6,7,14,13,27,40,33,31,7,8,2,11,8,3,1,13,12,25,0,1,0,0,0,0,0,0,0,0,0,0,6,13,6,2,0,3,0,1,1,3,2,5,1627,10,134,-114,124,354,971,124,Austin,2016-07-15
2017,7,15,109,124,99,21,6,22,14,17,10,28,41,69,58,70,84,7,2,15,8,14,7,17,29,46,43,42,12,10,4,5,4,1,2,9,7,16,1,2,0,1,0,0,0,0,0,0,0,0,7,10,3,3,0,2,2,2,1,2,5,7,1500,13,122,-113,125,345,830,150,Austin,2017-07-15
2018,7,15,108,121,59,16,4,36,23,10,18,40,51,91,51,74,39,3,1,17,19,6,14,18,39,57,48,37,14,12,2,16,2,2,3,18,7,25,1,2,0,0,0,0,1,0,0,0,1,1,8,8,6,1,1,3,1,2,1,4,4,8,1266,12,95,-112,126,324,697,136,Austin,2018-07-15
2019,7,15,123,132,83,11,2,27,24,13,19,29,56,85,83,91,70,5,1,15,17,11,13,16,41,57,29,33,8,4,1,7,6,1,5,8,12,20,0,1,1,0,0,0,0,0,0,0,0,0,11,7,4,2,0,5,1,1,1,5,3,8,1263,10,100,-111,127,346,637,158,Austin,2019-07-15
2020,7,15,82,148,36,13,3,35,20,9,26,38,55,93,59,86,27,3,2,21,15,7,21,23,43,66,20,44,7,8,1,11,3,2,3,12,8,20,0,4,0,0,0,0,0,0,0,0,0,0,3,14,2,2,0,3,2,0,2,3,4,7,1054,9,91,-109,129,346,527,125,Austin,2020-07-15
2021,7,15,109,182,73,17,7,18,10,5,24,25,39,64,85,112,58,4,4,10,3,3,20,14,26,40,11,48,9,10,3,5,5,2,4,8,11,19,1,3,1,0,0,0,0,0,0,0,0,0,12,19,5,3,0,3,2,0,0,3,2,5,1116,12,99,-115,123,323,559,170,Austin,2021-07-15
2022,7,15,99,168,60,21,3,22,11,10,35,25,56,81,67,107,48,7,2,11,7,7,30,13,44,57,29,38,7,9,0,8,3,3,3,8,9,17,1,0,1,0,0,0,0,0,1,0,1,1,2,23,4,5,1,3,1,0,1,4,2,6,1116,7,87,-114,124,328,586,142,Austin,2022-07-15
2023,7,15,111,150,68,15,5,22,9,12,34,27,55,82,62,89,48,3,3,9,3,9,28,12,40,52,37,48,16,9,2,10,3,2,2,12,7,19,0,3,0,0,0,0,2,0,0,0,2,2,12,10,4,3,0,3,1,1,4,3,6,9,1093,12,91,-113,125,297,581,159,Austin,2023-07-15
2024,7,15,109,202,59,20,3,18,9,9,24,21,42,63,67,129,47,5,3,10,2,5,18,13,25,38,33,57,8,13,0,7,7,2,5,7,14,21,0,3,0,0,0,0,0,0,0,0,0,0,9,13,4,2,0,1,0,2,1,1,3,4,1090,12,94,-111,127,321,587,127,Austin,2024-07-15
2012,8,15,,,,,,,,,,,,,,,,,,,,,,,,,,,,,,,,,,,,,,,,,,,,,,,,,,,,,,,,,,,,,,,,,,,,,Austin,2012-08-15
2013,8,15,,,,,,,,,,,,,,,,,,,,,,,,,,,,,,,,,,,,,,,,,,,,,,,,,,,,,,,,,,,,,,,,,,,,,Austin,2013-08-15
2014,8,15,127,114,79,2,1,23,22,27,15,24,64,88,69,60,65,0,1,12,16,21,10,13,47,60,44,43,8,0,0,9,5,5,4,9,14,23,0,1,0,0,0,0,0,0,0,0,0,0,14,10,6,2,0,2,1,1,1,2,3,5,1847,15,162,-79,159,427,928,141,Austin,2014-08-15
2015,8,15,104,142,79,9,5,38,14,10,15,43,39,82,57,68,50,1,3,18,10,5,10,21,25,46,39,63,22,6,2,12,2,4,5,14,11,25,1,0,2,0,0,0,1,0,0,0,1,1,7,11,5,2,0,8,1,1,0,8,2,10,1473,13,112,-78,160,376,770,176,Austin,2015-08-15
2016,8,15,83,100,119,6,1,21,11,7,12,22,30,52,48,56,101,2,1,14,6,7,12,15,25,40,28,27,14,2,0,6,4,0,0,6,4,10,0,5,1,0,0,1,1,0,0,1,1,2,7,12,3,2,0,0,0,0,0,0,0,0,1368,17,115,-83,155,320,815,105,Austin,2016-08-15
2017,8,15,105,122,93,6,1,16,25,14,12,17,51,68,66,66,80,2,0,11,20,11,10,11,41,52,23,47,9,3,1,4,4,1,0,5,5,10,3,1,0,0,0,1,0,0,1,1,1,2,13,8,4,1,0,0,1,2,1,0,4,4,1499,23,111,-82,156,396,772,150,Austin,2017-08-15
2018,8,15,97,122,83,8,2,28,13,17,25,30,55,85,65,80,70,0,1,15,11,11,18,16,40,56,24,32,11,5,0,12,2,5,6,12,13,25,1,1,1,1,0,0,0,1,1,0,2,2,7,9,1,2,1,1,0,0,0,2,0,2,1408,19,78,-81,157,372,782,124,Austin,2018-08-15
2019,8,15,106,174,97,7,2,25,12,18,28,27,58,85,63,113,79,1,2,16,9,11,20,18,40,58,32,47,12,5,0,7,3,5,6,7,14,21,4,2,1,0,0,1,0,0,0,1,0,1,7,12,5,1,0,1,0,2,2,1,4,5,1509,28,111,-80,158,389,767,163,Austin,2019-08-15
2020,8,15,91,122,54,17,6,29,7,10,31,35,48,83,52,73,31,3,5,15,1,7,22,20,30,50,29,36,14,10,1,9,4,2,6,10,12,22,0,1,2,0,0,0,0,0,0,0,0,0,10,12,7,4,0,5,2,1,3,5,6,11,989,16,94,-78,160,308,505,119,Austin,2020-08-15
2021,8,15,106,142,51,18,3,15,6,10,31,18,47,65,62,78,37,6,3,6,2,4,24,9,30,39,40,49,12,12,0,8,2,4,6,8,12,20,0,0,0,0,0,0,0,0,0,0,0,0,4,15,2,0,0,1,2,2,1,1,5,6,1061,6,78,-84,154,295,575,132,Austin,2021-08-15
2022,8,15,84,153,53,11,0,16,8,13,40,16,61,77,47,101,40,5,0,9,3,10,30,9,43,52,31,38,9,5,0,7,4,2,7,7,13,20,0,2,0,0,0,0,1,0,1,0,2,2,6,12,4,1,0,0,0,1,2,0,3,3,932,14,67,-83,155,276,488,114,Austin,2022-08-15
2023,8,15,59,171,60,14,3,19,7,6,28,22,41,63,36,117,47,7,1,11,4,2,20,12,26,38,19,42,6,5,2,7,3,3,7,9,13,22,1,1,4,1,0,0,0,0,0,0,0,0,3,11,3,1,0,1,0,1,1,1,2,3,982,14,68,-82,156,279,550,111,Austin,2023-08-15
2024,8,15,69,152,57,14,3,17,6,6,24,20,36,56,42,95,42,4,2,9,3,3,14,11,20,31,17,45,7,9,1,4,2,2,7,5,11,16,0,1,4,0,0,0,0,0,1,0,1,1,10,11,4,1,0,4,1,1,2,4,4,8,1021,18,89,-80,158,256,567,124,Austin,2024-08-15
2012,9,15,,,,,,,,,,,,,,,,,,,,,,,,,,,,,,,,,,,,,,,,,,,,,,,,,,,,,,,,,,,,,,,,,,,,,Austin,2012-09-15
2013,9,15,,,,,,,,,,,,,,,,,,,,,,,,,,,,,,,,,,,,,,,,,,,,,,,,,,,,,,,,,,,,,,,,,,,,,Austin,2013-09-15
2014,9,15,96,112,62,4,1,18,32,29,17,19,78,97,55,59,49,0,0,7,21,19,14,7,54,61,36,42,9,4,1,8,9,8,3,9,20,29,1,1,2,0,0,0,0,0,0,0,0,0,4,10,2,0,0,3,2,2,0,3,4,7,1606,20,92,-48,190,384,831,98,Austin,2014-09-15
2015,9,15,97,111,89,2,3,18,18,19,18,21,55,76,58,74,79,1,1,10,11,16,14,11,41,52,28,27,3,1,1,6,5,3,2,7,10,17,0,2,5,0,0,0,1,0,1,0,2,2,11,8,2,0,1,2,1,0,1,3,2,5,1434,36,93,-47,191,351,753,128,Austin,2015-09-15
2016,9,15,98,167,94,9,3,22,32,12,19,25,63,88,61,98,75,3,3,10,17,10,14,13,41,54,31,58,16,6,0,9,12,1,3,9,16,25,1,2,3,0,0,0,0,0,0,0,0,0,5,9,0,0,0,3,3,1,2,3,6,9,1704,21,122,-52,186,414,954,127,Austin,2016-09-15
2017,9,15,113,150,93,11,5,21,13,16,13,26,42,68,54,80,70,3,5,11,7,9,9,16,25,41,51,60,14,4,0,6,3,6,3,6,12,18,0,0,3,0,0,1,1,0,0,1,1,2,8,10,6,4,0,3,2,1,1,3,4,7,1591,17,114,-51,187,394,888,158,Austin,2017-09-15
2018,9,15,111,130,63,17,2,26,15,7,15,28,37,65,64,70,42,2,0,12,7,4,9,12,20,32,42,50,20,13,1,11,8,3,4,12,15,27,1,1,0,0,0,1,0,0,1,1,1,2,4,9,1,2,1,2,0,0,1,3,1,4,1309,13,88,-50,188,319,732,138,Austin,2018-09-15
2019,9,15,106,173,61,14,1,34,20,12,24,35,56,91,51,88,45,2,0,18,13,7,17,18,37,55,46,68,13,11,1,14,3,5,5,15,13,28,1,1,1,0,0,0,0,0,0,0,0,0,8,16,2,1,0,2,4,0,2,2,6,8,1288,15,86,-49,189,356,691,158,Austin,2019-09-15
2020,9,15,80,136,34,17,6,25,3,16,25,31,44,75,39,90,25,5,3,11,2,12,20,14,34,48,33,36,5,10,3,9,1,2,3,12,6,18,1,3,1,1,0,0,0,1,0,0,1,1,7,7,3,1,0,5,0,1,2,5,3,8,888,27,56,-47,191,311,412,121,Austin,2020-09-15
2021,9,15,88,177,62,8,3,19,9,11,30,22,50,72,57,96,49,1,1,7,4,6,25,8,35,43,24,63,9,7,1,5,4,5,2,6,11,17,0,0,0,0,0,1,0,0,1,1,1,2,7,18,4,0,1,6,1,0,2,7,3,10,1048,9,87,-53,185,312,525,166,Austin,2021-09-15
2022,9,15,76,161,68,13,2,15,12,6,26,17,44,61,46,94,52,3,1,7,5,5,17,8,27,35,23,56,10,10,1,5,6,1,6,6,13,19,2,2,1,0,0,0,0,0,1,0,1,1,5,9,5,0,0,3,1,0,2,3,3,6,947,12,62,-52,186,282,480,130,Austin,2022-09-15
2023,9,15,90,185,64,19,3,22,8,9,41,25,58,83,54,127,41,8,2,13,3,9,35,15,47,62,31,45,16,10,1,9,4,0,3,10,7,17,1,1,0,0,0,0,1,0,1,0,2,2,4,12,7,1,0,0,0,0,2,0,2,2,1095,11,77,-51,187,308,604,112,Austin,2023-09-15
2024,9,15,102,148,48,30,6,24,4,8,20,30,32,62,53,91,28,2,3,9,3,3,16,12,22,34,39,49,15,25,3,15,1,5,3,18,9,27,0,1,0,0,0,0,0,0,0,0,0,0,10,7,5,3,0,0,0,0,1,0,1,1,1067,5,83,-49,189,274,607,128,Austin,2024-09-15
2012,10,15,,,,,,,,,,,,,,,,,,,,,,,,,,,,,,,,,,,,,,,,,,,,,,,,,,,,,,,,,,,,,,,,,,,,,Austin,2012-10-15
2013,10,15,,,,,,,,,,,,,,,,,,,,,,,,,,,,,,,,,,,,,,,,,,,,,,,,,,,,,,,,,,,,,,,,,,,,,Austin,2013-10-15
2014,10,15,94,138,115,10,5,15,19,20,19,20,58,78,54,77,88,1,2,8,8,16,12,10,36,46,34,56,13,9,3,6,10,4,5,9,19,28,0,0,0,0,0,0,0,0,1,0,1,1,6,5,14,0,0,1,1,0,1,1,2,3,1658,26,101,-18,220,416,843,140,Austin,2014-10-15
2015,10,15,100,111,96,3,3,15,29,18,21,18,68,86,44,51,75,0,2,4,19,11,10,6,40,46,40,46,12,2,1,8,8,6,10,9,24,33,2,1,3,0,0,0,0,0,0,0,0,0,14,13,6,1,0,3,2,1,1,3,4,7,1657,27,116,-17,221,370,867,133,Austin,2015-10-15
2016,10,15,113,144,77,9,1,27,15,14,13,28,42,70,49,68,45,4,0,18,8,10,7,18,25,43,55,64,29,3,1,6,3,3,6,7,12,19,0,1,1,0,0,0,1,0,0,0,1,1,9,11,2,2,0,3,3,1,0,3,4,7,1509,11,104,-22,216,381,864,144,Austin,2016-10-15
2017,10,15,123,119,59,10,2,29,18,14,22,31,54,85,55,64,37,1,0,11,4,6,16,11,26,37,56,44,16,8,2,13,12,6,4,15,22,37,0,0,0,0,0,0,0,0,0,0,0,0,12,11,6,1,0,5,2,2,2,5,6,11,1330,9,96,-21,217,351,699,142,Austin,2017-10-15
2018,10,15,86,116,110,6,3,24,24,10,21,27,55,82,46,54,80,3,1,8,13,5,12,9,30,39,33,52,23,1,2,12,10,3,7,14,20,34,1,0,1,0,0,0,0,0,0,0,0,0,6,10,6,2,0,4,1,2,2,4,5,9,1331,17,89,-20,218,331,800,109,Austin,2018-10-15
2019,10,15,108,181,102,5,1,23,12,18,18,24,48,72,64,115,70,3,1,16,9,12,13,17,34,51,34,45,14,2,0,3,2,5,3,3,10,13,1,10,2,0,0,2,1,0,2,2,3,5,9,11,16,0,0,2,0,1,0,2,1,3,1412,52,102,-19,219,372,759,173,Austin,2019-10-15
2020,10,15,94,150,42,12,2,16,5,18,31,18,54,72,47,85,31,4,0,4,1,11,21,4,33,37,39,52,8,8,2,11,4,6,8,13,18,31,0,3,0,0,0,0,0,0,1,0,1,1,8,10,3,0,0,1,0,1,1,1,2,3,1088,17,67,-17,221,310,554,140,Austin,2020-10-15
2021,10,15,71,148,82,12,5,24,11,9,18,29,38,67,42,83,49,1,3,9,3,5,12,12,20,32,28,57,21,10,2,12,6,3,6,14,15,29,0,2,4,1,0,0,0,0,0,0,0,0,1,6,8,0,0,3,2,1,0,3,3,6,1033,17,67,-23,215,305,564,112,Austin,2021-10-15
2022,10,15,89,162,65,19,5,28,7,6,26,33,39,72,42,84,35,3,1,9,2,3,14,10,19,29,38,64,24,11,3,18,5,3,9,21,17,38,1,2,0,0,0,0,0,0,1,0,1,1,8,12,6,5,1,1,0,0,2,2,2,4,1015,7,83,-22,216,285,539,159,Austin,2022-10-15
2023,10,15,93,151,55,27,3,19,17,7,32,22,56,78,42,78,39,7,1,7,5,3,21,8,29,37,38,57,13,17,2,10,12,4,10,12,26,38,2,4,0,0,0,1,0,0,0,1,0,1,11,12,3,3,0,1,0,0,1,1,1,2,1006,13,72,-21,217,279,545,134,Austin,2023-10-15
2024,10,15,82,139,64,16,0,10,6,10,33,10,49,59,48,87,52,2,0,5,3,7,27,5,37,42,26,40,5,12,0,4,2,2,5,4,9,13,0,0,0,0,0,0,0,0,0,0,0,0,8,12,7,2,0,1,1,1,1,1,3,4,955,0,91,-19,219,288,461,116,Austin,2024-10-15
2012,11,15,,,,,,,,,,,,,,,,,,,,,,,,,,,,,,,,,,,,,,,,,,,,,,,,,,,,,,,,,,,,,,,,,,,,,Austin,2012-11-15
2013,11,15,,,,,,,,,,,,,,,,,,,,,,,,,,,,,,,,,,,,,,,,,,,,,,,,,,,,,,,,,,,,,,,,,,,,,Austin,2013-11-15
2014,11,15,77,78,89,8,4,23,16,21,8,27,45,72,37,31,54,1,3,8,8,7,4,11,19,30,37,43,23,6,1,13,8,12,2,14,22,36,0,0,0,1,0,0,0,0,0,0,0,0,3,4,12,0,0,2,0,2,2,2,4,6,1450,14,97,13,251,351,833,100,Austin,2014-11-15
2015,11,15,95,103,55,11,3,23,20,20,11,26,51,77,38,43,31,2,0,7,9,9,4,7,22,29,49,52,19,7,3,13,7,6,7,16,20,36,0,3,0,0,0,0,0,2,0,0,2,2,8,5,5,2,0,3,4,3,0,3,7,10,1315,10,104,14,252,328,708,142,Austin,2015-11-15
2016,11,15,110,157,125,4,3,21,20,16,13,24,49,73,47,68,87,3,2,9,12,8,6,11,26,37,50,72,21,1,1,10,5,6,6,11,17,28,2,1,1,0,0,1,1,0,0,1,1,2,11,16,16,0,0,1,2,2,1,1,5,6,1527,14,116,9,247,393,783,149,Austin,2016-11-15
2017,11,15,124,142,90,6,1,24,27,11,19,25,57,82,64,77,57,2,0,11,17,11,10,11,38,49,44,52,20,3,1,13,8,0,6,14,14,28,2,1,1,0,0,0,0,0,0,0,0,0,14,12,12,1,0,0,2,0,3,0,5,5,1408,16,122,10,248,354,722,178,Austin,2017-11-15
2018,11,15,97,121,107,4,3,13,23,15,24,16,62,78,43,60,71,0,1,6,14,5,13,7,32,39,39,54,20,3,2,7,6,6,11,9,23,32,0,1,1,0,0,0,0,0,0,0,0,0,15,6,15,1,0,0,3,4,0,0,7,7,1511,11,120,11,249,378,802,126,Austin,2018-11-15
2019,11,15,114,153,110,10,2,19,28,11,13,21,52,73,58,72,82,4,0,8,15,4,5,8,24,32,50,66,19,6,2,10,11,5,6,12,22,34,0,0,3,0,0,0,0,0,1,0,1,1,6,15,6,0,0,1,2,2,1,1,5,6,1439,10,91,12,250,385,777,153,Austin,2019-11-15
2020,11,15,83,122,44,18,10,33,12,8,25,43,45,88,33,53,24,5,2,8,3,4,20,10,27,37,47,62,19,12,7,24,8,3,4,31,15,46,0,0,0,0,0,1,0,0,0,1,0,1,3,7,1,1,1,0,1,1,1,1,3,4,961,16,50,14,252,307,480,121,Austin,2020-11-15
2021,11,15,69,139,57,17,2,21,9,12,25,23,46,69,38,69,32,0,2,6,5,5,16,8,26,34,27,60,14,17,0,13,3,4,6,13,13,26,0,1,1,0,0,0,0,0,1,0,1,1,4,9,10,0,0,2,1,3,2,2,6,8,958,12,78,8,246,301,468,125,Austin,2021-11-15
2022,11,15,55,157,65,13,0,11,9,10,40,11,59,70,24,75,41,2,0,2,7,6,22,2,35,37,20,59,13,9,0,5,2,2,7,5,11,16,1,6,2,0,0,2,0,0,5,2,5,7,10,17,9,2,0,2,0,2,6,2,8,10,857,33,97,9,247,263,461,95,Austin,2022-11-15
2023,11,15,74,129,80,7,1,13,5,8,27,14,40,54,41,63,52,2,1,4,1,6,19,5,26,31,27,53,17,5,0,6,4,1,7,6,12,18,0,3,1,0,0,1,0,0,0,1,0,1,6,10,10,0,0,2,0,1,1,2,2,4,904,13,62,10,248,284,490,91,Austin,2023-11-15
2024,11,15,73,165,72,11,0,22,16,9,28,22,53,75,32,94,39,0,0,9,9,7,19,9,35,44,29,57,19,10,0,12,7,2,7,12,16,28,0,4,1,0,0,0,0,0,0,0,0,0,12,10,13,1,0,1,0,0,2,1,2,3,1044,15,84,12,250,302,554,124,Austin,2024-11-15
2012,12,15,,,,,,,,,,,,,,,,,,,,,,,,,,,,,,,,,,,,,,,,,,,,,,,,,,,,,,,,,,,,,,,,,,,,,Austin,2012-12-15
2013,12,15,,,,,,,,,,,,,,,,,,,,,,,,,,,,,,,,,,,,,,,,,,,,,,,,,,,,,,,,,,,,,,,,,,,,,Austin,2013-12-15
2014,12,15,96,129,79,4,3,17,19,18,17,20,54,74,44,62,46,2,1,5,10,15,10,6,35,41,46,56,22,2,1,9,7,1,5,10,13,23,0,0,2,0,0,0,1,0,0,0,1,1,6,11,9,0,1,3,1,2,2,4,5,9,1620,26,135,43,281,392,748,147,Austin,2014-12-15
2015,12,15,114,164,83,6,7,19,29,15,18,26,62,88,64,79,47,0,3,5,20,9,10,8,39,47,40,68,17,6,4,12,6,4,6,16,16,32,0,1,4,0,0,0,0,0,0,0,0,0,10,16,15,0,0,2,3,2,2,2,7,9,1624,30,132,44,282,399,827,165,Austin,2015-12-15
2016,12,15,94,131,101,1,8,14,24,16,19,22,59,81,43,67,62,0,3,6,8,9,10,9,27,36,44,56,19,0,4,6,15,6,8,10,29,39,0,1,2,0,0,0,0,0,0,0,0,0,7,7,18,1,1,2,1,1,1,3,3,6,1566,23,125,39,277,361,863,113,Austin,2016-12-15
2017,12,15,109,139,87,16,5,22,22,10,12,27,44,71,58,67,60,2,2,9,13,4,6,11,23,34,41,59,16,11,3,13,6,3,6,16,15,31,1,3,0,0,0,0,0,1,0,0,1,1,9,10,11,3,0,0,3,2,0,0,5,5,1463,18,112,40,278,353,802,154,Austin,2017-12-15
2018,12,15,113,109,85,11,5,28,16,15,12,33,43,76,45,37,49,3,0,15,13,7,8,15,28,43,54,62,24,7,5,11,2,7,4,16,13,29,1,2,1,0,0,0,0,0,0,0,0,0,13,8,11,1,0,2,1,1,0,2,2,4,1368,10,120,41,279,335,763,149,Austin,2018-12-15
2019,12,15,99,153,63,18,1,30,27,13,22,31,62,93,40,75,30,2,1,11,12,6,12,12,30,42,53,65,25,15,0,18,13,4,7,18,24,42,0,5,2,0,0,0,2,1,0,0,3,3,6,8,6,1,0,1,0,2,3,1,5,6,1221,24,83,42,280,341,657,161,Austin,2019-12-15
2020,12,15,84,139,54,9,3,21,7,11,18,24,36,60,51,74,31,3,0,8,1,3,10,8,14,22,26,54,7,6,3,12,6,5,3,15,14,29,0,0,4,0,0,0,0,0,0,0,0,0,7,11,12,0,0,1,0,3,5,1,8,9,926,15,93,44,282,303,451,115,Austin,2020-12-15
2021,12,15,74,131,67,15,4,29,10,12,26,33,48,81,38,64,32,5,0,15,2,8,15,15,25,40,27,52,22,8,4,13,6,3,9,17,18,35,0,6,0,0,0,1,1,0,0,1,1,2,9,9,13,2,0,0,1,1,2,0,4,4,978,15,74,38,276,317,484,126,Austin,2021-12-15
2022,12,15,69,147,67,18,2,13,10,7,30,15,47,62,34,70,38,2,1,6,4,3,16,7,23,30,29,63,18,13,1,6,5,2,12,7,19,26,0,2,2,1,0,0,0,0,0,0,0,0,6,12,9,2,0,1,1,2,2,1,5,6,950,17,78,39,277,279,468,145,Austin,2022-12-15
2023,12,15,90,191,82,19,4,21,8,10,34,25,52,77,41,101,50,5,2,8,3,6,22,10,31,41,41,69,21,9,1,10,5,4,8,11,17,28,0,2,3,0,0,0,0,0,0,0,0,0,8,19,8,5,1,3,0,0,4,4,4,8,1067,10,86,40,278,296,560,143,Austin,2023-12-15
2024,12,15,99,149,60,24,4,21,13,6,22,25,41,66,34,60,31,4,3,8,6,3,13,11,22,33,51,79,25,18,1,10,7,2,8,11,17,28,0,2,0,0,0,1,0,0,0,1,0,1,14,8,4,2,0,2,0,1,1,2,2,4,1021,14,61,42,280,278,544,155,Austin,2024-12-15
2012,1,16,,,,,,,,,,,,,,,,,,,,,,,,,,,,,,,,,,,,,,,,,,,,,,,,,,,,,,,,,,,,,,,,,,,,,Austin,2012-01-16
2013,1,16,,,,,,,,,,,,,,,,,,,,,,,,,,,,,,,,,,,,,,,,,,,,,,,,,,,,,,,,,,,,,,,,,,,,,Austin,2013-01-16
2014,1,16,101,102,86,2,5,13,25,27,15,18,67,85,45,54,58,0,1,5,18,16,8,6,42,48,40,39,19,2,2,6,4,8,5,8,17,25,1,2,1,0,0,0,2,0,0,0,2,2,15,7,8,0,2,2,1,3,2,4,6,10,1649,21,111,-290,-52,372,809,129,Austin,2014-01-16
2015,1,16,93,121,102,10,3,27,29,16,11,30,56,86,41,60,73,0,0,11,17,8,9,11,34,45,44,48,15,9,3,13,8,5,2,16,15,31,1,0,3,0,0,0,1,0,0,0,1,1,7,13,11,1,0,3,3,3,0,3,6,9,1747,26,131,-289,-51,385,847,123,Austin,2015-01-16
2016,1,16,98,100,79,13,3,20,17,21,20,23,58,81,43,42,50,1,1,7,8,14,10,8,32,40,46,54,23,11,2,12,6,5,10,14,21,35,0,0,0,1,0,0,0,0,0,0,0,0,9,4,6,0,0,1,3,2,0,1,5,6,1511,16,95,-295,-57,355,813,123,Austin,2016-01-16
2017,1,16,112,137,69,7,1,24,17,12,31,25,60,85,53,67,48,4,0,7,9,8,19,7,36,43,49,59,13,3,1,15,8,2,9,16,19,35,0,2,0,0,0,0,0,0,0,0,0,0,10,9,8,0,0,2,0,2,3,2,5,7,1552,18,116,-293,-55,396,803,152,Austin,2017-01-16
2018,1,16,46,65,77,4,5,20,15,7,11,25,33,58,24,31,43,0,3,7,9,5,7,10,21,31,18,33,28,3,1,11,5,1,4,12,10,22,0,0,5,0,1,0,0,0,0,1,0,1,4,1,1,1,0,2,1,1,0,2,2,4,1060,24,69,-292,-54,264,640,61,Austin,2018-01-16
2019,1,16,74,115,85,10,2,10,13,17,12,12,42,54,38,60,57,4,1,9,10,11,6,10,27,37,29,45,15,6,1,1,2,6,4,2,12,14,2,0,4,0,0,0,0,0,0,0,0,0,5,10,9,0,0,0,1,0,2,0,3,3,1355,27,83,-291,-53,320,738,127,Austin,2019-01-16
2020,1,16,103,171,99,11,1,25,17,16,14,26,47,73,56,78,59,2,0,14,9,11,10,14,30,44,41,80,17,9,1,8,6,3,4,9,13,22,0,1,7,0,0,0,0,1,0,0,1,1,6,12,16,0,0,3,2,1,0,3,3,6,1355,26,93,-290,-52,382,706,162,Austin,2020-01-16
2021,1,16,77,118,40,19,4,25,6,8,18,29,32,61,37,52,26,4,2,9,3,7,8,11,18,29,33,58,11,13,1,12,3,1,5,13,9,22,1,0,0,0,0,1,0,0,0,1,0,1,6,8,3,2,1,3,0,0,5,4,5,9,922,6,82,-295,-57,246,473,131,Austin,2021-01-16
2022,1,16,80,114,54,21,4,26,8,8,29,30,45,75,36,44,32,5,3,10,0,7,21,13,28,41,31,51,20,16,0,13,8,1,4,13,13,26,3,1,0,0,0,0,0,0,0,0,0,0,10,18,2,0,1,3,0,0,4,4,4,8,859,10,74,-294,-56,273,413,131,Austin,2022-01-16
2023,1,16,81,160,67,24,2,13,15,9,20,15,44,59,38,88,48,6,1,5,6,7,16,6,29,35,35,56,15,17,1,7,7,1,4,8,12,20,1,1,0,0,0,0,1,0,0,0,1,1,7,15,4,1,0,1,1,1,0,1,2,3,938,8,84,-293,-55,286,448,149,Austin,2023-01-16
2024,1,16,66,126,46,12,3,9,9,4,23,12,36,48,31,65,30,4,0,3,5,1,12,3,18,21,31,48,8,6,3,6,4,2,9,9,15,24,0,4,0,0,0,0,0,0,0,0,0,0,4,9,8,2,0,0,0,1,2,0,3,3,925,10,78,-292,-54,219,559,71,Austin,2024-01-16
2012,2,16,,,,,,,,,,,,,,,,,,,,,,,,,,,,,,,,,,,,,,,,,,,,,,,,,,,,,,,,,,,,,,,,,,,,,Austin,2012-02-16
2013,2,16,,,,,,,,,,,,,,,,,,,,,,,,,,,,,,,,,,,,,,,,,,,,,,,,,,,,,,,,,,,,,,,,,,,,,Austin,2013-02-16
2014,2,16,118,104,49,9,5,35,12,15,16,40,43,83,37,45,24,4,1,13,6,10,7,14,23,37,76,50,20,4,4,17,5,4,8,21,17,38,1,1,0,0,0,0,0,0,0,0,0,0,4,8,5,1,0,5,1,1,1,5,3,8,1357,6,102,-259,-21,343,712,133,Austin,2014-02-16
2015,2,16,79,101,92,1,1,13,20,22,18,14,60,74,37,56,68,0,0,7,10,17,10,7,37,44,37,40,17,1,1,6,7,3,6,7,16,23,1,0,4,0,0,0,0,0,0,0,0,0,4,5,3,0,0,0,3,2,2,0,7,7,1366,18,82,-258,-20,366,718,96,Austin,2015-02-16
2016,2,16,106,130,98,6,0,17,26,21,15,17,62,79,53,67,77,3,0,3,20,11,8,3,39,42,37,51,14,2,0,13,5,9,5,13,19,32,2,3,1,0,0,0,1,0,2,0,3,3,14,9,6,1,0,1,0,1,0,1,1,2,1644,27,122,-264,-26,398,828,121,Austin,2016-02-16
2017,2,16,98,145,85,9,2,18,21,19,20,20,60,80,50,79,51,3,0,5,16,14,16,5,46,51,41,48,22,6,2,13,4,3,3,15,10,25,0,2,2,0,0,0,0,0,0,0,0,0,7,16,10,0,0,0,1,2,1,0,4,4,1589,20,111,-262,-24,409,821,104,Austin,2017-02-16
2018,2,16,99,175,58,13,1,25,22,20,14,26,56,82,52,92,36,2,0,10,10,10,6,10,26,36,35,72,12,10,1,15,11,9,8,16,28,44,0,2,0,0,0,0,0,0,0,0,0,0,12,9,10,1,0,0,1,1,0,0,2,2,1604,20,114,-261,-23,393,883,157,Austin,2018-02-16
2019,2,16,112,127,63,18,3,26,19,14,12,29,45,74,47,53,33,2,0,11,8,5,6,11,19,30,54,65,23,14,3,13,9,7,6,16,22,38,1,0,0,0,0,0,0,1,0,0,1,1,10,9,7,2,0,2,2,1,0,2,3,5,1368,11,95,-260,-22,347,753,149,Austin,2019-02-16
2020,2,16,117,163,58,18,2,30,16,16,13,32,45,77,60,78,25,6,1,10,10,9,7,11,26,37,45,71,26,11,1,18,5,6,4,19,15,34,1,2,0,0,0,0,0,0,2,0,2,2,11,12,7,1,0,2,1,1,0,2,2,4,1378,14,100,-259,-21,352,754,199,Austin,2020-02-16
2021,2,16,74,64,45,8,0,16,18,1,12,16,31,47,45,32,28,2,0,8,10,1,8,8,19,27,20,29,11,4,0,6,6,0,2,6,8,14,1,0,1,0,0,0,0,0,1,0,1,1,8,3,5,2,0,2,2,0,1,2,3,5,1270,10,101,-264,-26,164,950,125,Austin,2021-02-16
2022,2,16,95,148,45,9,1,25,15,4,31,26,50,76,60,86,26,2,0,14,6,3,23,14,32,46,24,47,15,4,1,7,7,1,8,8,16,24,2,1,0,0,0,1,0,0,0,1,0,1,9,14,4,3,0,3,2,0,0,3,2,5,945,15,79,-263,-25,302,476,121,Austin,2022-02-16
2023,2,16,72,175,49,10,5,20,9,9,22,25,40,65,44,100,32,2,3,11,0,5,13,14,18,32,20,65,13,6,1,8,8,3,8,9,19,28,2,3,1,0,0,0,0,0,1,0,1,1,6,7,3,2,1,1,1,1,0,2,2,4,986,16,62,-262,-24,268,553,113,Austin,2023-02-16
2024,2,16,79,177,60,19,6,27,9,10,39,33,58,91,39,100,35,7,4,8,3,4,26,12,33,45,34,58,16,10,1,17,6,4,10,18,20,38,1,5,2,0,1,0,0,0,1,1,1,2,5,14,7,2,0,2,0,2,2,2,4,6,1127,22,81,-261,-23,307,593,132,Austin,2024-02-16
2012,3,16,,,,,,,,,,,,,,,,,,,,,,,,,,,,,,,,,,,,,,,,,,,,,,,,,,,,,,,,,,,,,,,,,,,,,Austin,2012-03-16
2013,3,16,,,,,,,,,,,,,,,,,,,,,,,,,,,,,,,,,,,,,,,,,,,,,,,,,,,,,,,,,,,,,,,,,,,,,Austin,2013-03-16
2014,3,16,137,117,52,8,7,32,32,23,17,39,72,111,49,38,35,2,1,9,19,12,11,10,42,52,79,67,15,6,5,21,13,10,5,26,28,54,2,1,1,0,0,0,0,0,0,0,0,0,7,11,1,0,1,2,0,1,1,3,2,5,1628,15,99,-231,7,416,801,169,Austin,2014-03-16
2015,3,16,123,133,72,2,2,22,22,19,26,24,67,91,71,67,50,1,1,15,16,11,19,16,46,62,48,53,20,1,1,7,3,4,4,8,11,19,0,2,1,0,0,0,1,0,2,0,3,3,4,11,1,0,0,0,2,4,1,0,7,7,1550,13,90,-230,8,399,824,133,Austin,2015-03-16
2016,3,16,108,150,101,7,6,32,18,16,22,38,56,94,69,68,73,4,3,9,9,9,13,12,31,43,32,68,19,2,3,19,9,6,5,22,20,42,0,0,1,0,0,0,0,0,0,0,0,0,7,14,8,1,0,4,0,1,4,4,5,9,1687,15,124,-235,3,392,944,161,Austin,2016-03-16
2017,3,16,117,139,92,16,5,15,22,10,19,20,51,71,58,71,63,2,0,6,13,3,13,6,29,35,51,57,25,12,4,9,6,6,3,13,15,28,1,2,1,0,0,0,0,0,1,0,1,1,7,9,3,2,1,0,3,1,2,1,6,7,1811,14,114,-234,4,417,1026,139,Austin,2017-03-16
2018,3,16,129,142,115,14,7,20,27,13,18,27,58,85,71,80,83,4,3,7,19,8,11,10,38,48,45,48,26,10,2,13,7,4,6,15,17,32,3,4,1,0,0,0,1,0,0,0,1,1,10,10,5,0,2,0,0,1,1,2,2,4,1793,22,120,-233,5,391,1056,180,Austin,2018-03-16
2019,3,16,134,130,90,11,3,36,29,16,17,39,62,101,66,63,52,2,1,17,13,5,9,18,27,45,57,57,29,9,2,19,13,10,8,21,31,52,0,0,0,0,0,0,1,0,0,0,1,1,11,10,9,0,0,0,2,1,0,0,3,3,1460,13,103,-232,6,346,835,158,Austin,2019-03-16
2020,3,16,107,158,46,9,4,30,29,18,26,34,73,107,62,85,33,2,3,14,19,9,19,17,47,64,42,57,9,6,1,10,8,6,5,11,19,30,1,3,1,0,0,0,0,0,2,0,2,2,2,13,3,1,0,6,2,3,0,6,5,11,1195,18,75,-230,8,381,583,129,Austin,2020-03-16
2021,3,16,101,154,42,9,4,20,8,10,22,24,40,64,56,95,32,2,3,13,5,5,15,16,25,41,32,51,9,5,1,6,3,5,6,7,14,21,2,4,0,0,0,0,0,0,0,0,0,0,11,4,1,2,0,1,0,0,1,1,1,2,1030,18,65,-236,2,313,490,144,Austin,2021-03-16
2022,3,16,87,164,57,25,4,20,7,7,24,24,38,62,41,95,36,4,2,10,2,7,17,12,26,38,41,60,15,18,1,8,4,0,5,9,9,18,1,2,0,0,0,0,0,0,0,0,0,0,4,7,6,3,1,2,1,0,2,3,3,6,1014,17,66,-235,3,279,542,139,Austin,2022-03-16
2023,3,16,86,181,67,16,0,26,12,11,35,26,58,84,42,112,40,5,0,11,3,6,28,11,37,48,37,48,21,9,0,14,9,4,5,14,18,32,0,1,3,0,0,0,0,0,0,0,0,0,7,20,3,2,0,1,0,1,2,1,3,4,1074,8,85,-234,4,317,564,137,Austin,2023-03-16
2024,3,16,90,168,67,37,5,23,9,2,24,28,35,63,39,81,42,2,2,10,4,1,16,12,21,33,41,71,20,33,3,12,4,1,8,15,13,28,1,2,0,0,0,0,0,0,0,0,0,0,9,14,5,2,0,1,1,0,0,1,1,2,1112,7,80,-232,6,271,608,171,Austin,2024-03-16
2012,4,16,,,,,,,,,,,,,,,,,,,,,,,,,,,,,,,,,,,,,,,,,,,,,,,,,,,,,,,,,,,,,,,,,,,,,Austin,2012-04-16
2013,4,16,,,,,,,,,,,,,,,,,,,,,,,,,,,,,,,,,,,,,,,,,,,,,,,,,,,,,,,,,,,,,,,,,,,,,Austin,2013-04-16
2014,4,16,110,120,87,5,3,22,31,14,19,25,64,89,78,76,70,1,1,17,19,13,12,18,44,62,26,36,10,3,2,2,10,1,7,4,18,22,0,0,0,0,0,0,0,0,0,0,0,0,6,8,7,1,0,3,2,0,0,3,2,5,1625,12,75,-200,38,410,750,138,Austin,2014-04-16
2015,4,16,123,108,91,3,4,20,26,16,22,24,64,88,78,67,78,1,1,10,15,11,16,11,42,53,30,32,8,2,2,9,10,3,4,11,17,28,0,2,2,0,0,0,0,0,1,0,1,1,15,7,3,0,1,1,1,2,1,2,4,6,1648,14,107,-199,39,386,803,149,Austin,2015-04-16
2016,4,16,117,134,108,12,8,23,25,18,11,31,54,85,67,72,80,4,2,11,11,9,6,13,26,39,47,48,23,7,4,10,8,5,4,14,17,31,0,1,1,0,0,0,1,1,0,0,2,2,3,13,4,1,2,2,5,3,1,4,9,13,1508,13,126,-204,34,389,821,168,Austin,2016-04-16
2017,4,16,112,119,56,10,4,23,12,11,19,27,42,69,45,61,32,2,0,12,6,5,15,12,26,38,58,52,15,7,4,6,6,4,3,10,13,23,0,2,0,0,0,1,0,0,0,1,0,1,9,4,9,1,0,4,0,2,1,4,3,7,1252,18,91,-203,35,356,635,137,Austin,2017-04-16
2018,4,16,91,121,80,5,4,15,23,17,24,19,64,83,59,68,60,1,4,7,17,14,20,11,51,62,22,45,12,4,0,6,4,2,3,6,9,15,1,2,1,0,0,0,0,0,0,0,0,0,9,6,7,0,0,2,2,1,1,2,4,6,1505,12,104,-202,36,376,799,139,Austin,2018-04-16
2019,4,16,102,152,71,11,5,26,21,12,21,31,54,85,68,94,57,5,4,14,13,6,13,18,32,50,21,42,7,6,1,9,6,4,5,10,15,25,2,2,4,0,0,0,0,0,1,0,1,1,11,14,3,0,0,3,2,2,2,3,6,9,1448,29,115,-201,37,361,767,147,Austin,2019-04-16
2020,4,16,86,145,23,11,7,20,16,8,24,27,48,75,61,94,20,2,6,11,13,7,20,17,40,57,16,38,1,4,1,8,3,1,4,9,8,17,0,1,0,0,0,0,0,0,0,0,0,0,9,12,2,5,0,1,0,0,0,1,0,1,990,10,80,-199,39,326,487,120,Austin,2020-04-16
2021,4,16,101,191,45,16,7,18,5,11,16,25,32,57,64,114,32,9,5,5,3,10,11,10,24,34,30,62,8,6,2,10,1,1,4,12,6,18,3,1,2,0,0,0,1,0,0,0,1,1,4,14,3,1,0,3,0,0,1,3,1,4,984,14,60,-205,33,277,522,147,Austin,2021-04-16
2022,4,16,108,139,57,37,6,26,7,3,20,32,30,62,60,95,34,10,3,9,5,2,12,12,19,31,35,39,16,20,3,15,2,1,6,18,9,27,0,0,0,0,0,0,0,0,0,0,0,0,13,5,7,7,0,2,0,0,2,2,2,4,1037,11,80,-204,34,282,545,160,Austin,2022-04-16
2023,4,16,80,138,47,19,3,26,10,6,21,29,37,66,42,77,31,1,2,10,4,4,15,12,23,35,28,49,9,16,0,16,4,2,3,16,9,25,1,1,1,0,0,0,1,0,0,0,1,1,9,11,6,2,1,0,1,0,3,1,4,5,944,11,74,-203,35,265,472,140,Austin,2023-04-16
2024,4,16,64,161,56,9,2,19,8,4,29,21,41,62,39,116,51,8,2,16,4,3,27,18,34,52,17,42,4,1,0,3,4,0,1,3,5,8,0,0,0,0,0,0,0,0,0,0,0,0,8,3,1,0,0,0,0,1,1,0,2,2,930,1,55,-201,37,280,455,119,Austin,2024-04-16
2012,5,16,,,,,,,,,,,,,,,,,,,,,,,,,,,,,,,,,,,,,,,,,,,,,,,,,,,,,,,,,,,,,,,,,,,,,Austin,2012-05-16
2013,5,16,,,,,,,,,,,,,,,,,,,,,,,,,,,,,,,,,,,,,,,,,,,,,,,,,,,,,,,,,,,,,,,,,,,,,Austin,2013-05-16
2014,5,16,129,111,84,6,2,23,27,25,16,25,68,93,72,66,75,1,0,15,17,16,12,15,45,60,41,34,7,2,2,4,7,9,4,6,20,26,0,0,0,0,0,0,1,0,0,0,1,1,16,11,2,3,0,4,2,0,0,4,2,6,1797,10,160,-170,68,431,937,146,Austin,2014-05-16
2015,5,16,126,108,56,6,1,27,16,13,13,28,42,70,59,61,37,0,1,12,4,8,10,13,22,35,54,37,15,4,0,12,8,3,3,12,14,26,0,0,0,0,0,0,0,0,0,0,0,0,13,10,4,2,0,3,4,2,0,3,6,9,1406,8,117,-169,69,347,748,153,Austin,2015-05-16
2016,5,16,104,114,96,4,0,22,28,24,18,22,70,92,64,71,73,1,0,14,19,21,16,14,56,70,27,31,15,3,0,5,5,2,2,5,9,14,1,2,0,0,0,0,1,0,0,0,1,1,12,10,8,0,0,3,3,1,0,3,4,7,1523,14,137,-174,64,433,763,115,Austin,2016-05-16
2017,5,16,113,146,74,3,4,20,23,17,12,24,52,76,76,85,70,0,3,14,17,11,8,17,36,53,26,46,3,3,1,4,5,5,3,5,13,18,3,0,0,0,0,0,0,0,0,0,0,0,8,15,1,0,0,2,1,1,1,2,3,5,1654,14,117,-173,65,433,847,136,Austin,2017-05-16
2018,5,16,110,116,113,10,1,19,16,13,26,20,55,75,67,72,97,3,0,9,9,10,20,9,39,48,35,32,10,7,1,6,5,1,6,7,12,19,0,1,1,0,0,0,1,0,0,0,1,1,8,11,5,0,0,4,1,2,0,4,3,7,1652,16,130,-172,66,420,877,137,Austin,2018-05-16
2019,5,16,112,167,99,13,5,22,22,13,32,27,67,94,72,96,81,3,2,16,19,4,26,18,49,67,27,48,14,9,1,6,2,8,4,7,14,21,0,2,0,0,0,0,1,0,1,0,2,2,13,21,4,1,2,0,0,1,1,2,2,4,1582,21,110,-171,67,447,786,187,Austin,2019-05-16
2020,5,16,106,136,37,13,1,29,16,11,16,30,43,73,65,77,27,3,1,11,7,8,10,12,25,37,29,48,9,7,0,14,9,1,5,14,15,29,1,1,0,0,0,0,0,1,0,0,1,1,11,10,1,3,0,4,0,1,1,4,2,6,1130,17,85,-169,69,300,617,132,Austin,2020-05-16
2021,5,16,97,165,59,14,3,25,14,7,19,28,40,68,45,94,44,4,1,11,5,6,15,12,26,38,43,58,15,10,2,10,5,1,3,12,9,21,1,2,0,0,0,1,1,0,0,1,1,2,8,11,0,0,0,3,3,0,1,3,4,7,995,15,77,-175,63,289,516,161,Austin,2021-05-16
2022,5,16,100,182,56,18,2,20,4,10,27,22,41,63,76,120,49,8,1,8,4,8,25,9,37,46,17,48,5,9,1,10,0,1,1,11,2,13,0,2,0,0,0,0,0,0,0,0,0,0,7,12,2,1,0,2,0,1,1,2,2,4,1034,10,77,-174,64,300,536,144,Austin,2022-05-16
2023,5,16,83,164,55,21,1,19,7,5,30,20,42,62,45,122,42,7,1,11,5,4,27,12,36,48,27,31,7,12,0,5,2,1,3,5,6,11,0,0,1,0,0,0,0,0,0,0,0,0,11,11,5,2,0,3,0,0,0,3,0,3,923,8,82,-173,65,269,473,123,Austin,2023-05-16
2024,5,16,82,163,68,12,4,16,5,8,32,20,45,65,48,117,56,5,4,10,3,8,22,14,33,47,29,35,9,4,0,5,1,0,7,5,8,13,1,2,1,0,0,0,1,0,0,0,1,1,4,9,2,3,0,1,0,0,3,1,3,4,1104,14,89,-171,67,287,615,131,Austin,2024-05-16
2012,6,16,,,,,,,,,,,,,,,,,,,,,,,,,,,,,,,,,,,,,,,,,,,,,,,,,,,,,,,,,,,,,,,,,,,,,Austin,2012-06-16
2013,6,16,,,,,,,,,,,,,,,,,,,,,,,,,,,,,,,,,,,,,,,,,,,,,,,,,,,,,,,,,,,,,,,,,,,,,Austin,2013-06-16
2014,6,16,112,114,62,2,10,25,18,16,17,35,51,86,69,69,52,1,0,14,14,10,11,14,35,49,28,36,5,0,8,9,3,3,4,17,10,27,2,0,0,0,1,1,1,0,0,2,1,3,13,9,5,1,1,1,0,3,2,2,5,7,1601,17,168,-139,99,430,789,113,Austin,2014-06-16
2015,6,16,94,130,93,2,4,27,24,15,11,31,50,81,66,92,86,0,1,21,17,12,10,22,39,61,19,29,4,1,2,3,3,2,1,5,6,11,1,1,2,0,0,0,0,0,0,0,0,0,8,8,1,1,1,3,4,1,0,4,5,9,1475,19,116,-138,100,390,804,125,Austin,2015-06-16
2016,6,16,119,154,93,4,4,22,23,12,24,26,59,85,71,95,78,2,2,16,15,8,23,18,46,64,32,39,11,2,0,4,5,2,1,4,8,12,1,0,1,0,0,0,0,0,0,0,0,0,15,20,3,0,2,2,3,2,0,4,5,9,1556,19,160,-143,95,420,846,141,Austin,2016-06-16
2017,6,16,124,135,109,8,0,27,13,11,19,27,43,70,80,78,83,7,0,14,9,11,15,14,35,49,29,45,15,1,0,10,3,0,1,10,4,14,0,0,1,0,0,0,0,0,0,0,0,0,15,12,10,0,0,3,1,0,3,3,4,7,1682,15,149,-142,96,417,923,152,Austin,2017-06-16
2018,6,16,120,143,81,8,5,23,16,14,16,28,46,74,69,83,69,4,5,9,10,10,11,14,31,45,37,46,6,2,0,11,6,2,4,11,12,23,0,3,0,0,0,0,0,0,0,0,0,0,14,11,6,2,0,3,0,2,1,3,3,6,1484,13,142,-141,97,368,835,165,Austin,2018-06-16
2019,6,16,99,140,47,13,4,32,20,15,18,36,53,89,48,76,25,3,2,18,13,13,13,20,39,59,42,54,12,8,1,10,7,2,4,11,13,24,1,1,0,0,0,0,0,0,0,0,0,0,8,9,10,2,1,4,0,0,1,5,1,6,1262,14,114,-140,98,329,682,154,Austin,2019-06-16
2020,6,16,93,129,41,8,8,15,26,7,31,23,64,87,65,88,36,4,5,10,16,7,28,15,51,66,17,32,4,4,2,3,9,0,1,5,10,15,0,2,1,0,1,0,0,0,1,1,1,2,11,7,0,0,0,2,1,0,1,2,2,4,972,16,81,-138,100,305,514,116,Austin,2020-06-16
2021,6,16,114,158,55,11,1,20,6,10,34,21,50,71,83,105,50,6,1,10,4,8,25,11,37,48,22,38,2,4,0,6,1,1,8,6,10,16,1,3,0,0,0,0,0,0,0,0,0,0,8,12,3,1,0,4,1,1,1,4,3,7,1051,11,91,-144,94,325,521,144,Austin,2021-06-16
2022,6,16,110,150,54,17,6,18,10,7,29,24,46,70,74,106,46,4,5,11,7,3,22,16,32,48,23,27,7,11,1,5,3,3,5,6,11,17,1,2,0,1,0,0,0,0,0,0,0,0,12,15,1,1,0,2,0,1,2,2,3,5,1107,12,100,-143,95,313,552,183,Austin,2022-06-16
2023,6,16,102,183,68,17,1,23,14,7,29,24,50,74,70,126,46,7,1,9,5,7,18,10,30,40,23,38,11,8,0,9,7,0,9,9,16,25,1,2,1,0,0,0,0,0,0,0,0,0,8,17,10,2,0,5,2,0,2,5,4,9,1190,10,123,-142,96,280,681,138,Austin,2023-06-16
2024,6,16,89,153,53,17,3,17,8,4,27,20,39,59,48,92,30,3,1,7,2,3,22,8,27,35,30,46,16,12,2,4,6,1,4,6,11,17,1,2,0,0,0,1,0,0,0,1,0,1,10,13,7,2,0,5,0,0,1,5,1,6,1054,9,97,-140,98,253,599,138,Austin,2024-06-16
2012,7,16,,,,,,,,,,,,,,,,,,,,,,,,,,,,,,,,,,,,,,,,,,,,,,,,,,,,,,,,,,,,,,,,,,,,,Austin,2012-07-16
2013,7,16,,,,,,,,,,,,,,,,,,,,,,,,,,,,,,,,,,,,,,,,,,,,,,,,,,,,,,,,,,,,,,,,,,,,,Austin,2013-07-16
2014,7,16,114,134,74,2,1,16,11,18,15,17,44,61,75,77,68,0,1,12,8,15,14,13,37,50,23,44,2,1,0,4,2,2,1,4,5,9,0,1,0,0,0,0,0,0,0,0,0,0,16,12,4,1,0,0,1,1,0,0,2,2,1680,17,151,-109,129,387,870,126,Austin,2014-07-16
2015,7,16,88,128,100,7,1,29,9,15,10,30,34,64,54,86,84,1,0,13,8,10,8,13,26,39,20,35,12,6,1,12,1,5,1,13,7,20,0,1,0,0,0,1,0,0,1,1,1,2,14,6,4,0,0,3,0,0,0,3,0,3,1630,20,141,-108,130,393,872,138,Austin,2015-07-16
2016,7,16,116,130,79,14,3,18,19,9,16,21,44,65,63,66,57,2,1,7,16,4,13,8,33,41,34,55,14,10,2,9,3,5,3,11,11,22,1,0,2,0,0,0,0,0,0,0,0,0,18,9,6,2,0,2,0,0,0,2,0,2,1525,13,142,-113,125,361,877,142,Austin,2016-07-16
2017,7,16,122,105,47,15,4,31,18,12,16,35,46,81,67,57,31,1,3,15,11,9,11,18,31,49,42,34,12,8,1,12,6,3,3,13,12,25,1,3,0,0,0,0,0,0,1,0,1,1,12,11,4,6,0,4,1,0,1,4,2,6,1374,18,133,-112,126,342,759,121,Austin,2017-07-16
2018,7,16,101,123,70,9,5,21,28,10,19,26,57,83,72,77,58,2,1,10,17,9,17,11,43,54,19,35,6,4,3,9,9,1,2,12,12,24,1,0,1,0,0,0,0,0,0,0,0,0,9,11,5,3,1,2,2,0,0,3,2,5,1413,15,120,-111,127,380,753,128,Austin,2018-07-16
2019,7,16,112,166,80,10,2,35,31,21,20,37,72,109,77,105,75,4,0,20,19,16,15,20,50,70,19,38,3,5,1,14,10,3,4,15,17,32,3,1,0,0,0,0,1,0,1,0,2,2,13,22,2,1,1,1,1,2,0,2,3,5,1440,27,115,-110,128,414,754,144,Austin,2019-07-16
2020,7,16,70,144,47,13,1,33,23,16,23,34,62,96,49,96,35,3,1,17,14,13,20,18,47,65,19,35,8,7,0,12,7,3,2,12,12,24,0,1,0,0,0,0,0,0,0,0,0,0,2,12,4,3,0,4,2,0,1,4,3,7,1029,12,99,-108,130,327,519,112,Austin,2020-07-16
2021,7,16,98,183,57,20,4,16,17,17,33,20,67,87,68,123,49,9,0,10,10,15,29,10,54,64,21,50,7,8,4,6,7,2,2,10,11,21,2,1,1,0,0,0,0,0,0,0,0,0,7,9,0,3,0,0,0,0,2,0,2,2,1139,11,77,-114,124,331,595,153,Austin,2021-07-16
2022,7,16,99,154,45,16,2,14,6,6,30,16,42,58,58,97,36,4,1,8,5,4,25,9,34,43,33,40,6,9,1,5,1,0,3,6,4,10,1,1,1,0,0,0,0,0,0,0,0,0,7,16,2,3,0,1,0,2,2,1,4,5,1081,14,98,-113,125,272,578,156,Austin,2022-07-16
2023,7,16,99,152,50,25,4,28,9,4,24,32,37,69,53,90,31,6,0,16,4,4,16,16,24,40,36,52,15,16,4,10,4,0,6,14,10,24,0,2,0,0,0,0,0,0,0,0,0,0,10,8,4,3,0,2,1,0,2,2,3,5,1036,8,88,-112,126,290,555,139,Austin,2023-07-16
2024,7,16,97,142,48,13,1,16,7,10,27,17,44,61,56,108,42,3,0,10,4,10,22,10,36,46,27,19,3,9,1,5,3,0,4,6,7,13,0,0,0,0,0,0,0,0,0,0,0,0,14,15,3,1,0,1,0,0,1,1,1,2,911,0,75,-110,128,265,492,113,Austin,2024-07-16
2012,8,16,,,,,,,,,,,,,,,,,,,,,,,,,,,,,,,,,,,,,,,,,,,,,,,,,,,,,,,,,,,,,,,,,,,,,Austin,2012-08-16
2013,8,16,,,,,,,,,,,,,,,,,,,,,,,,,,,,,,,,,,,,,,,,,,,,,,,,,,,,,,,,,,,,,,,,,,,,,Austin,2013-08-16
2014,8,16,120,125,59,6,5,25,30,27,20,30,77,107,64,62,44,0,3,13,16,23,11,16,50,66,51,51,11,5,2,9,13,2,7,11,22,33,0,1,0,0,0,0,0,0,0,0,0,0,5,11,4,1,0,3,1,2,2,3,5,8,1717,10,139,-78,160,421,884,137,Austin,2014-08-16
2015,8,16,127,114,66,10,7,25,16,9,16,32,41,73,73,53,38,0,4,8,14,3,13,12,30,42,46,50,22,8,3,12,1,4,3,15,8,23,0,1,0,0,0,0,0,1,0,0,1,1,8,10,6,2,0,5,1,1,0,5,2,7,1370,10,111,-77,161,370,707,146,Austin,2015-08-16
2016,8,16,91,105,110,3,5,21,15,14,12,26,41,67,59,63,88,2,1,12,10,12,7,13,29,42,26,31,15,1,3,7,2,2,3,10,7,17,1,1,3,0,0,0,1,0,0,0,1,1,5,10,4,0,1,2,2,0,2,3,4,7,1356,16,105,-82,156,312,831,102,Austin,2016-08-16
2017,8,16,96,140,87,8,4,22,28,15,16,26,59,85,59,97,70,2,2,14,12,13,12,16,37,53,28,31,8,4,1,5,14,1,3,6,18,24,0,0,2,0,0,0,0,0,0,0,0,0,9,12,7,2,1,3,2,1,1,4,4,8,1415,14,101,-81,157,352,740,145,Austin,2017-08-16
2018,8,16,103,129,73,4,2,32,20,15,27,34,62,96,66,80,59,2,1,15,14,12,17,16,43,59,29,41,12,1,1,9,3,1,6,10,10,20,0,2,1,0,0,1,1,1,1,1,3,4,8,6,1,1,0,7,2,1,3,7,6,13,1420,24,107,-80,158,364,774,143,Austin,2018-08-16
2019,8,16,89,156,109,6,5,26,13,17,19,31,49,80,44,98,88,1,3,16,8,11,14,19,33,52,37,49,10,5,2,6,3,4,3,8,10,18,0,1,0,0,0,0,0,0,0,0,0,0,8,8,11,0,0,4,2,2,2,4,6,10,1635,13,115,-79,159,422,799,185,Austin,2019-08-16
2020,8,16,106,122,34,32,0,22,14,13,18,22,45,67,57,62,23,10,0,7,5,8,14,7,27,34,39,46,7,21,0,11,9,3,3,11,15,26,1,1,1,0,0,0,0,0,0,0,0,0,9,13,3,1,0,4,0,2,1,4,3,7,900,7,77,-77,161,287,441,129,Austin,2020-08-16
2021,8,16,109,181,49,21,1,13,12,14,32,14,58,72,71,124,42,5,1,6,7,12,24,7,43,50,28,46,6,12,0,6,4,1,6,6,11,17,1,2,0,0,0,0,0,0,1,0,1,1,9,9,1,4,0,1,1,1,1,1,3,4,1082,8,82,-83,155,331,514,168,Austin,2021-08-16
2022,8,16,62,153,47,9,3,17,5,7,27,20,39,59,46,112,42,5,2,15,3,4,22,17,29,46,12,31,4,4,1,1,2,3,2,2,7,9,0,1,1,0,0,0,0,0,0,0,0,0,4,9,0,0,0,1,0,0,3,1,3,4,929,17,75,-82,156,251,483,126,Austin,2022-08-16
2023,8,16,63,152,60,12,3,20,10,12,32,23,54,77,45,108,47,2,2,3,6,9,24,5,39,44,13,34,8,10,1,12,4,3,5,13,12,25,0,3,3,0,0,0,0,0,2,0,2,2,5,7,2,0,0,5,0,0,1,5,1,6,1051,11,77,-81,157,311,541,123,Austin,2023-08-16
2024,8,16,85,170,61,14,2,21,16,9,28,23,53,76,56,105,49,2,0,11,8,3,17,11,28,39,21,53,8,11,2,9,7,4,7,11,18,29,0,0,1,0,0,0,0,0,1,0,1,1,8,12,3,1,0,1,1,2,3,1,6,7,1106,12,88,-79,159,296,602,147,Austin,2024-08-16
2012,9,16,,,,,,,,,,,,,,,,,,,,,,,,,,,,,,,,,,,,,,,,,,,,,,,,,,,,,,,,,,,,,,,,,,,,,Austin,2012-09-16
2013,9,16,,,,,,,,,,,,,,,,,,,,,,,,,,,,,,,,,,,,,,,,,,,,,,,,,,,,,,,,,,,,,,,,,,,,,Austin,2013-09-16
2014,9,16,100,123,94,3,2,13,26,19,16,15,61,76,50,72,72,1,1,7,16,12,14,8,42,50,42,43,14,2,1,5,9,4,2,6,15,21,0,0,2,0,0,0,0,0,0,0,0,0,8,8,6,0,0,1,1,3,0,1,4,5,1664,26,91,-47,191,442,795,134,Austin,2014-09-16
2015,9,16,97,130,102,6,5,18,24,15,10,23,49,72,62,74,85,2,2,5,11,10,3,7,24,31,27,48,11,4,3,7,8,3,5,10,16,26,1,3,2,0,0,0,1,0,0,0,1,1,7,5,4,0,0,6,4,2,2,6,8,14,1488,26,100,-46,192,400,750,146,Austin,2015-09-16
2016,9,16,118,154,116,12,1,20,17,19,21,21,57,78,73,82,94,2,0,10,10,14,14,10,38,48,37,57,14,10,1,6,4,4,5,7,13,20,2,2,2,0,0,0,0,0,0,0,0,0,6,13,6,0,0,4,3,1,2,4,6,10,1830,21,140,-51,187,427,1056,144,Austin,2016-09-16
2017,9,16,146,129,82,8,7,38,24,26,13,45,63,108,80,61,50,3,5,16,12,17,8,21,37,58,56,54,28,4,2,18,12,8,3,20,23,43,1,1,0,0,0,1,0,0,0,1,0,1,9,13,4,1,0,3,0,1,2,3,3,6,1452,12,97,-50,188,392,787,147,Austin,2017-09-16
2018,9,16,116,122,52,14,9,25,15,9,16,34,40,74,47,65,33,4,3,12,7,5,8,15,20,35,57,53,17,9,6,12,8,3,7,18,18,36,2,1,1,0,0,0,0,0,0,0,0,0,10,3,1,1,0,1,0,1,1,1,2,3,1290,16,69,-49,189,339,728,131,Austin,2018-09-16
2019,9,16,110,168,92,5,2,21,30,16,29,23,75,98,66,92,72,1,0,8,23,11,20,8,54,62,39,58,16,3,1,9,5,5,6,10,16,26,1,2,1,0,0,0,1,0,0,0,1,1,4,16,3,1,1,4,1,0,3,5,4,9,1432,23,89,-48,190,417,726,159,Austin,2019-09-16
2020,9,16,83,129,37,10,6,29,15,9,23,35,47,82,49,69,29,4,4,17,4,8,17,21,29,50,21,48,5,4,2,8,9,1,5,10,15,25,1,2,0,0,0,1,0,0,0,1,0,1,12,10,3,2,0,3,2,0,1,3,3,6,975,17,82,-46,192,320,474,130,Austin,2020-09-16
2021,9,16,105,168,57,15,6,31,8,8,21,37,37,74,63,91,37,6,4,17,3,5,11,21,19,40,33,59,15,6,2,11,4,1,8,13,13,26,3,4,0,0,0,0,0,0,1,0,1,1,6,14,5,3,0,3,1,2,1,3,4,7,1065,17,86,-52,186,305,566,148,Austin,2021-09-16
2022,9,16,88,185,87,15,3,21,21,4,35,24,60,84,49,116,55,4,2,10,14,4,28,12,46,58,28,56,24,11,1,9,6,0,6,10,12,22,0,2,1,0,0,0,0,0,0,0,0,0,11,11,7,0,0,2,1,0,1,2,2,4,1101,9,84,-51,187,340,576,131,Austin,2022-09-16
2023,9,16,91,146,66,30,3,25,11,11,29,28,51,79,47,82,52,2,1,12,1,6,19,13,26,39,33,58,13,26,1,12,9,4,9,13,22,35,1,0,0,0,0,0,0,0,0,0,0,0,10,6,1,2,1,1,1,1,1,2,3,5,996,6,72,-50,188,277,501,147,Austin,2023-09-16
2024,9,16,72,160,65,17,5,18,10,8,23,23,41,64,54,89,43,5,3,9,4,6,19,12,29,41,15,54,16,11,1,7,4,0,3,8,7,15,1,2,2,0,0,0,0,0,0,0,0,0,2,15,4,1,1,2,2,2,1,3,5,8,1070,9,75,-48,190,277,606,113,Austin,2024-09-16
2012,10,16,,,,,,,,,,,,,,,,,,,,,,,,,,,,,,,,,,,,,,,,,,,,,,,,,,,,,,,,,,,,,,,,,,,,,Austin,2012-10-16
2013,10,16,,,,,,,,,,,,,,,,,,,,,,,,,,,,,,,,,,,,,,,,,,,,,,,,,,,,,,,,,,,,,,,,,,,,,Austin,2013-10-16
2014,10,16,111,139,94,8,2,18,24,20,15,20,59,79,57,77,60,4,1,5,14,19,12,6,45,51,41,53,22,4,1,13,8,1,3,14,12,26,1,1,4,0,0,0,1,0,0,0,1,1,12,8,8,0,0,0,1,0,0,0,1,1,1686,24,112,-17,221,447,851,150,Austin,2014-10-16
2015,10,16,117,131,100,9,1,20,19,13,12,21,44,65,50,82,79,0,1,9,11,6,6,10,23,33,51,39,13,9,0,10,8,6,3,10,17,27,3,1,0,0,0,0,0,0,2,0,2,2,13,9,8,0,0,1,0,1,1,1,2,3,1738,25,116,-16,222,347,939,151,Austin,2015-10-16
2016,10,16,130,110,51,9,3,33,26,12,16,36,54,90,56,46,35,1,1,11,16,8,10,12,34,46,61,54,14,8,1,17,10,3,6,18,19,37,3,3,0,0,0,0,0,0,0,0,0,0,10,7,2,0,1,5,0,1,0,6,1,7,1369,16,85,-21,217,360,776,130,Austin,2016-10-16
2017,10,16,114,131,88,9,2,17,27,13,26,19,66,85,56,61,65,3,0,11,16,9,16,11,41,52,43,58,13,3,1,5,10,3,7,6,20,26,1,0,3,0,0,0,0,0,0,0,0,0,14,12,7,3,1,1,1,1,3,2,5,7,1480,11,103,-20,218,386,737,127,Austin,2017-10-16
2018,10,16,88,105,121,5,4,15,25,13,9,19,47,66,54,61,90,1,1,7,19,8,5,8,32,40,24,38,24,2,2,6,6,4,2,8,12,20,1,0,3,0,0,0,0,1,0,0,1,1,9,6,4,2,1,2,0,0,2,3,2,5,1301,17,83,-19,219,357,709,127,Austin,2018-10-16
2019,10,16,115,191,88,11,4,28,24,21,25,32,70,102,74,107,55,3,3,13,18,11,19,16,48,64,30,76,19,6,0,13,5,8,5,13,18,31,1,2,3,0,0,0,0,0,0,0,0,0,10,6,11,2,1,2,1,2,1,3,4,7,1501,26,104,-18,220,392,772,186,Austin,2019-10-16
2020,10,16,84,133,66,12,3,10,11,7,22,13,40,53,51,71,48,3,2,6,4,5,14,8,23,31,26,56,13,7,1,4,7,2,7,5,16,21,1,0,1,0,0,0,0,0,0,0,0,0,6,6,4,2,0,0,0,0,1,0,1,1,1072,12,68,-16,222,324,516,155,Austin,2020-10-16
2021,10,16,74,141,64,24,3,18,7,1,28,21,36,57,37,72,36,6,2,11,2,1,18,13,21,34,33,62,21,15,1,4,5,0,8,5,13,18,0,1,0,0,0,0,0,0,0,0,0,0,4,6,7,3,0,3,0,0,2,3,2,5,952,10,58,-22,216,245,521,132,Austin,2021-10-16
2022,10,16,100,179,70,19,6,38,10,9,19,44,38,82,50,89,31,5,3,10,7,5,11,13,23,36,40,72,33,10,3,24,3,2,6,27,11,38,2,3,0,1,0,0,0,0,0,0,0,0,8,15,6,3,0,4,0,2,2,4,4,8,1067,14,76,-21,217,299,606,130,Austin,2022-10-16
2023,10,16,69,169,53,12,7,19,11,10,44,26,65,91,37,95,34,3,4,8,6,8,32,12,46,58,27,63,13,9,3,7,5,1,7,10,13,23,1,2,2,0,0,1,0,0,2,1,2,3,4,9,4,0,0,3,0,1,3,3,4,7,940,15,66,-20,218,315,477,108,Austin,2023-10-16
2024,10,16,56,141,58,15,1,16,7,11,28,17,46,63,23,78,38,2,0,5,0,9,20,5,29,34,28,52,14,13,1,8,5,1,8,9,14,23,2,2,2,0,0,0,0,0,0,0,0,0,3,9,4,0,0,3,2,1,0,3,3,6,1042,19,63,-18,220,288,557,105,Austin,2024-10-16
2012,11,16,,,,,,,,,,,,,,,,,,,,,,,,,,,,,,,,,,,,,,,,,,,,,,,,,,,,,,,,,,,,,,,,,,,,,Austin,2012-11-16
2013,11,16,,,,,,,,,,,,,,,,,,,,,,,,,,,,,,,,,,,,,,,,,,,,,,,,,,,,,,,,,,,,,,,,,,,,,Austin,2013-11-16
2014,11,16,101,88,58,8,4,29,22,15,13,33,50,83,49,30,37,0,2,9,10,8,7,11,25,36,42,53,15,7,1,20,9,5,5,21,19,40,1,0,5,0,0,0,1,0,0,0,1,1,9,5,1,1,1,0,2,2,1,1,5,6,1238,14,91,14,252,327,686,106,Austin,2014-11-16
2015,11,16,94,105,109,9,4,23,30,12,30,27,72,99,45,53,68,0,1,9,22,6,22,10,50,60,38,46,24,8,3,14,8,5,5,17,18,35,0,0,3,0,0,0,0,0,2,0,2,2,11,6,14,1,0,0,0,1,1,0,2,2,1536,24,101,15,253,400,763,131,Austin,2015-11-16
2016,11,16,87,143,100,7,6,15,24,16,18,21,58,79,46,54,70,1,1,6,13,10,11,7,34,41,37,73,17,6,4,8,10,5,5,12,20,32,0,4,1,0,0,1,0,0,0,1,0,1,4,12,12,0,1,0,1,1,2,1,4,5,1589,19,104,10,248,391,808,169,Austin,2016-11-16
2017,11,16,102,152,85,11,0,23,19,15,13,23,47,70,50,82,48,5,0,4,12,6,9,4,27,31,43,59,22,6,0,14,6,7,2,14,15,29,2,1,2,0,0,0,0,1,0,0,1,1,7,10,13,0,0,5,1,1,2,5,4,9,1569,22,111,11,249,380,822,159,Austin,2017-11-16
2018,11,16,96,126,87,11,5,25,19,18,27,30,64,94,42,54,53,1,4,13,12,5,17,17,34,51,41,55,19,9,1,9,5,12,9,10,26,36,1,1,0,0,0,0,0,0,0,0,0,0,12,16,15,1,0,3,2,1,1,3,4,7,1502,17,113,12,250,365,845,141,Austin,2018-11-16
2019,11,16,118,156,62,11,1,26,25,21,26,27,72,99,59,59,39,2,0,9,15,12,18,9,45,54,48,89,17,8,1,16,9,4,8,17,21,38,1,2,0,0,0,0,0,0,0,0,0,0,10,6,6,1,0,1,1,5,0,1,6,7,1276,13,94,13,251,363,688,157,Austin,2019-11-16
2020,11,16,73,133,49,16,5,17,12,5,23,22,40,62,40,60,30,4,2,6,2,3,16,8,21,29,30,61,8,9,2,9,8,1,6,11,15,26,1,1,1,0,0,0,1,0,1,0,2,2,2,11,10,3,1,2,1,1,0,3,2,5,971,16,85,15,253,304,463,119,Austin,2020-11-16
2021,11,16,77,168,60,8,1,17,7,8,17,18,32,50,41,96,35,3,0,8,3,4,11,8,18,26,29,54,15,5,1,7,4,3,4,8,11,19,0,3,0,0,0,1,0,1,1,1,2,3,7,15,10,0,0,1,0,0,1,1,1,2,914,15,84,9,247,263,450,136,Austin,2021-11-16
2022,11,16,50,124,53,15,1,16,10,11,24,17,45,62,28,64,27,3,0,7,4,6,14,7,24,31,19,53,12,11,1,8,6,3,7,9,16,25,0,0,0,0,0,0,0,0,0,0,0,0,3,7,14,1,0,1,0,2,3,1,5,6,888,9,76,10,248,248,470,114,Austin,2022-11-16
2023,11,16,85,156,74,13,3,15,9,7,29,18,45,63,38,87,40,2,1,6,2,5,14,7,21,28,39,59,18,10,1,8,7,2,11,9,20,29,0,4,3,0,0,1,0,0,0,1,0,1,8,6,13,1,1,0,0,0,4,1,4,5,952,16,91,11,249,268,506,125,Austin,2023-11-16
2024,11,16,87,154,70,44,2,29,10,1,23,31,34,65,47,67,40,6,1,13,1,1,14,14,16,30,37,65,21,32,1,14,7,0,7,15,14,29,0,5,0,0,0,0,0,0,0,0,0,0,3,17,9,6,0,2,2,0,2,2,4,6,1008,9,78,13,251,272,519,171,Austin,2024-11-16
2012,12,16,,,,,,,,,,,,,,,,,,,,,,,,,,,,,,,,,,,,,,,,,,,,,,,,,,,,,,,,,,,,,,,,,,,,,Austin,2012-12-16
2013,12,16,,,,,,,,,,,,,,,,,,,,,,,,,,,,,,,,,,,,,,,,,,,,,,,,,,,,,,,,,,,,,,,,,,,,,Austin,2013-12-16
2014,12,16,89,125,89,4,2,16,29,21,12,18,62,80,47,66,53,1,1,3,12,10,8,4,30,34,33,47,17,3,1,12,13,10,3,13,26,39,0,0,2,0,0,0,2,0,0,0,2,2,9,12,17,0,0,1,2,1,1,1,4,5,1694,24,127,44,282,397,806,133,Austin,2014-12-16
2015,12,16,94,141,91,5,5,16,29,11,15,21,55,76,43,69,62,1,2,10,18,6,10,12,34,46,40,67,19,4,3,5,8,5,4,8,17,25,2,0,0,0,0,0,1,0,1,0,2,2,9,5,10,0,0,1,2,0,0,1,2,3,1544,27,89,45,283,356,809,139,Austin,2015-12-16
2016,12,16,109,158,100,11,8,19,26,14,12,27,52,79,52,74,55,2,3,2,13,5,8,5,26,31,51,71,28,9,4,15,10,8,4,19,22,41,0,2,2,0,0,0,3,0,0,0,3,3,6,11,15,0,1,2,0,1,0,3,1,4,1747,20,129,40,278,413,967,151,Austin,2016-12-16
2017,12,16,97,110,104,12,4,26,16,10,15,30,41,71,42,46,49,6,4,13,8,2,12,17,22,39,47,61,40,5,0,11,8,8,3,11,19,30,0,0,0,0,0,0,0,0,0,0,0,0,8,3,15,1,0,2,0,0,0,2,0,2,1162,8,66,41,279,315,652,112,Austin,2017-12-16
2018,12,16,97,143,60,12,4,19,17,16,11,23,44,67,36,68,28,4,0,9,11,6,4,9,21,30,55,65,22,7,4,5,6,5,5,9,16,25,0,0,1,0,0,1,0,0,0,1,0,1,6,10,9,1,0,4,0,5,2,4,7,11,1287,16,104,42,280,343,690,155,Austin,2018-12-16
2019,12,16,123,157,88,6,11,18,31,15,29,29,75,104,71,68,59,2,6,6,23,9,19,12,51,63,42,75,11,4,3,10,4,5,8,13,17,30,2,4,5,0,0,0,2,0,2,0,4,4,8,10,13,0,2,2,2,1,0,4,3,7,1330,34,111,43,281,391,690,149,Austin,2019-12-16
2020,12,16,80,130,49,10,2,15,11,10,19,17,40,57,51,61,33,4,0,8,5,7,11,8,23,31,27,62,12,5,2,5,5,0,5,7,10,17,0,2,1,0,0,0,0,0,0,0,0,0,2,5,3,1,0,2,1,3,3,2,7,9,957,16,61,45,283,267,480,118,Austin,2020-12-16
2021,12,16,71,157,54,17,3,19,6,11,34,22,51,73,40,88,29,3,3,6,3,7,20,9,30,39,27,56,20,14,0,11,3,2,13,11,18,29,0,1,1,0,0,1,0,0,0,1,0,1,4,12,4,0,0,1,0,2,1,1,3,4,978,9,67,39,277,285,500,154,Austin,2021-12-16
2022,12,16,69,167,69,14,3,24,11,10,31,27,52,79,43,96,38,1,1,8,4,7,23,9,34,43,20,58,21,12,2,14,7,1,7,16,15,31,1,2,2,0,0,0,0,0,0,0,0,0,5,11,8,1,0,2,0,2,1,2,3,5,1005,16,71,40,278,302,515,139,Austin,2022-12-16
2023,12,16,85,124,63,21,3,18,8,4,27,21,39,60,36,59,37,4,0,4,0,2,20,4,22,26,39,56,20,16,3,13,8,1,6,16,15,31,2,3,1,0,0,0,0,0,0,0,0,0,8,6,5,1,0,1,0,1,1,1,2,3,898,11,62,41,279,221,524,116,Austin,2023-12-16
2024,12,16,77,172,58,18,2,15,16,8,37,17,61,78,32,90,33,4,0,7,7,6,27,7,40,47,35,63,15,9,2,8,9,2,9,10,20,30,0,3,1,1,0,0,0,0,0,0,0,0,10,16,9,4,0,0,0,0,1,0,1,1,1026,18,82,43,281,268,571,127,Austin,2024-12-16
2012,1,17,,,,,,,,,,,,,,,,,,,,,,,,,,,,,,,,,,,,,,,,,,,,,,,,,,,,,,,,,,,,,,,,,,,,,Austin,2012-01-17
2013,1,17,,,,,,,,,,,,,,,,,,,,,,,,,,,,,,,,,,,,,,,,,,,,,,,,,,,,,,,,,,,,,,,,,,,,,Austin,2013-01-17
2014,1,17,116,108,85,5,5,16,26,19,16,21,61,82,48,44,56,1,2,7,19,10,8,9,37,46,56,56,19,4,1,5,7,8,8,6,23,29,0,0,0,0,0,0,0,0,0,0,0,0,12,8,10,0,2,4,0,1,0,6,1,7,1727,21,114,-289,-51,400,835,122,Austin,2014-01-17
2015,1,17,116,105,59,12,5,14,25,11,15,19,51,70,49,38,33,1,2,5,10,6,8,7,24,31,59,59,20,10,3,7,14,4,7,10,25,35,0,0,1,0,0,1,0,0,0,1,0,1,8,8,5,1,0,1,1,1,0,1,2,3,1533,11,103,-288,-50,339,785,142,Austin,2015-01-17
2016,1,17,89,101,51,11,7,23,20,22,17,30,59,89,41,34,32,3,1,6,10,12,9,7,31,38,35,63,13,7,6,14,8,9,7,20,24,44,1,0,1,0,0,1,0,0,1,1,1,2,12,4,5,1,0,2,2,1,0,2,3,5,1328,10,96,-294,-56,366,700,93,Austin,2016-01-17
2017,1,17,80,142,102,3,3,13,25,13,22,16,60,76,42,68,56,2,2,2,12,7,12,4,31,35,28,64,21,1,0,10,11,5,7,10,23,33,3,0,0,0,0,0,0,0,1,0,1,1,7,10,25,0,1,1,2,1,2,2,5,7,1484,17,126,-292,-54,417,771,129,Austin,2017-01-17
2018,1,17,86,100,74,5,1,14,22,12,30,15,64,79,50,45,55,0,0,6,17,5,15,6,37,43,28,46,13,5,1,6,2,7,11,7,20,27,0,0,3,0,0,0,1,0,0,0,1,1,8,9,3,0,0,2,2,0,4,2,6,8,1408,21,104,-291,-53,327,794,103,Austin,2018-01-17
2019,1,17,91,122,84,12,3,11,23,8,14,14,45,59,46,57,51,1,2,4,11,2,10,6,23,29,38,56,20,11,0,4,10,6,3,4,19,23,1,1,1,0,0,0,0,0,1,0,1,1,6,8,12,0,1,3,2,0,0,4,2,6,1464,23,122,-290,-52,393,717,148,Austin,2019-01-17
2020,1,17,99,176,99,12,5,9,23,12,23,14,58,72,55,77,65,3,1,3,16,7,13,4,36,40,35,82,22,8,4,5,6,3,9,9,18,27,1,5,3,0,0,0,0,0,0,0,0,0,8,12,9,1,0,1,1,2,1,1,4,5,1392,17,91,-289,-51,376,726,164,Austin,2020-01-17
2021,1,17,61,123,27,26,3,20,6,10,30,23,46,69,21,51,6,6,0,8,3,5,18,8,26,34,34,62,15,18,3,12,3,5,9,15,17,32,0,2,0,1,0,0,0,0,0,0,0,0,6,8,6,1,0,0,0,0,3,0,3,3,813,5,69,-294,-56,282,370,116,Austin,2021-01-17
2022,1,17,85,131,58,14,5,18,12,9,28,23,49,72,39,68,36,4,2,6,4,5,20,8,29,37,40,54,19,10,3,10,6,3,5,13,14,27,0,1,1,0,0,0,0,1,0,0,1,1,6,8,2,0,0,2,2,0,3,2,5,7,915,11,62,-293,-55,273,466,128,Austin,2022-01-17
2023,1,17,77,166,57,17,5,14,11,6,23,19,40,59,33,92,42,3,1,9,4,3,17,10,24,34,31,58,12,13,2,3,6,1,3,5,10,15,1,2,1,0,0,0,0,0,1,0,1,1,12,14,2,1,2,2,1,2,2,4,5,9,952,15,90,-292,-54,278,490,119,Austin,2023-01-17
2024,1,17,57,124,54,8,2,18,14,3,28,20,45,65,22,55,34,3,2,6,3,0,15,8,18,26,29,57,14,5,0,12,10,3,8,12,21,33,3,2,0,0,0,0,0,0,1,0,1,1,3,10,6,0,0,0,1,0,4,0,5,5,887,14,74,-291,-53,232,492,70,Austin,2024-01-17
2012,2,17,,,,,,,,,,,,,,,,,,,,,,,,,,,,,,,,,,,,,,,,,,,,,,,,,,,,,,,,,,,,,,,,,,,,,Austin,2012-02-17
2013,2,17,,,,,,,,,,,,,,,,,,,,,,,,,,,,,,,,,,,,,,,,,,,,,,,,,,,,,,,,,,,,,,,,,,,,,Austin,2013-02-17
2014,2,17,98,126,52,2,1,20,28,16,24,21,68,89,52,64,43,0,1,8,18,10,20,9,48,57,35,56,6,2,0,10,10,5,2,10,17,27,0,1,0,0,0,0,0,0,1,0,1,1,11,5,3,0,0,2,0,1,1,2,2,4,1533,16,86,-258,-20,366,780,119,Austin,2014-02-17
2015,2,17,75,111,62,2,0,24,33,13,20,24,66,90,37,53,45,0,0,13,22,8,15,13,45,58,28,49,13,1,0,10,9,2,4,10,15,25,1,1,1,0,0,0,0,0,1,0,1,1,9,8,3,1,0,1,2,3,0,1,5,6,1369,16,100,-257,-19,374,641,106,Austin,2015-02-17
2016,2,17,105,125,94,5,2,25,29,13,18,27,60,87,67,77,68,1,0,9,23,8,8,9,39,48,28,38,12,3,0,11,5,4,8,11,17,28,0,0,1,0,1,1,0,0,0,2,0,2,10,10,13,1,1,4,1,1,2,5,4,9,1645,13,126,-263,-25,410,830,130,Austin,2016-02-17
2017,2,17,97,105,90,6,3,25,24,16,11,28,51,79,51,53,62,2,3,8,13,10,8,11,31,42,37,42,15,3,0,14,9,4,3,14,16,30,1,0,2,0,0,1,0,1,0,1,1,2,8,10,11,1,0,2,2,1,0,2,3,5,1693,19,101,-261,-23,390,964,118,Austin,2017-02-17
2018,2,17,131,160,61,10,2,17,19,22,7,19,48,67,62,69,33,5,2,9,14,15,5,11,34,45,59,76,18,5,0,6,5,6,2,6,13,19,1,2,1,0,0,0,0,0,0,0,0,0,9,13,9,0,0,2,0,1,0,2,1,3,1363,12,98,-260,-22,350,728,166,Austin,2018-02-17
2019,2,17,118,124,60,11,10,22,19,19,20,32,58,90,44,54,31,4,3,5,8,10,15,8,33,41,64,63,23,6,6,12,7,8,4,18,19,37,0,1,0,0,0,0,0,0,1,0,1,1,10,6,6,1,1,5,4,1,0,6,5,11,1231,10,91,-259,-21,341,616,143,Austin,2019-02-17
2020,2,17,135,173,69,11,4,25,25,7,19,29,51,80,80,83,47,3,2,16,15,3,12,18,30,48,46,77,12,8,2,7,9,4,5,9,18,27,0,1,4,0,0,0,0,0,0,0,0,0,9,12,6,0,0,2,1,0,2,2,3,5,1399,15,90,-258,-20,389,731,159,Austin,2020-02-17
2021,2,17,61,62,42,13,1,19,24,2,8,20,34,54,40,20,15,0,1,7,12,1,6,8,19,27,17,39,17,12,0,11,10,1,1,11,12,23,0,0,0,0,0,0,0,0,0,0,0,0,4,3,10,1,0,1,2,0,1,1,3,4,1102,5,67,-263,-25,170,791,115,Austin,2021-02-17
2022,2,17,71,140,56,18,3,17,10,8,22,20,40,60,38,82,37,4,0,6,6,6,16,6,28,34,26,47,10,13,1,10,3,0,3,11,6,17,2,5,4,0,0,0,1,0,2,0,3,3,5,6,5,1,2,1,0,2,1,3,3,6,954,21,65,-262,-24,309,470,130,Austin,2022-02-17
2023,2,17,84,173,64,5,6,14,9,5,22,20,36,56,45,94,38,0,1,3,2,3,13,4,18,22,33,70,19,5,5,7,6,1,7,12,14,26,0,1,0,0,0,1,1,0,1,1,2,3,6,8,7,0,0,3,0,1,1,3,2,5,1069,11,72,-261,-23,298,589,110,Austin,2023-02-17
2024,2,17,64,164,48,16,3,13,13,7,31,16,51,67,31,83,30,4,2,3,6,5,20,5,31,36,27,70,13,11,1,9,7,1,8,10,16,26,1,0,1,0,0,0,0,0,1,0,1,1,5,11,4,1,0,1,0,1,2,1,3,4,961,10,66,-260,-22,231,542,103,Austin,2024-02-17
2012,3,17,,,,,,,,,,,,,,,,,,,,,,,,,,,,,,,,,,,,,,,,,,,,,,,,,,,,,,,,,,,,,,,,,,,,,Austin,2012-03-17
2013,3,17,,,,,,,,,,,,,,,,,,,,,,,,,,,,,,,,,,,,,,,,,,,,,,,,,,,,,,,,,,,,,,,,,,,,,Austin,2013-03-17
2014,3,17,114,89,88,2,4,13,25,15,16,17,56,73,67,55,69,0,1,8,16,13,14,9,43,52,32,26,16,2,2,4,8,1,1,6,10,16,3,2,0,0,0,0,1,0,1,0,2,2,12,6,3,0,1,1,0,1,0,2,1,3,1580,30,97,-230,8,399,790,135,Austin,2014-03-17
2015,3,17,120,114,75,7,5,26,25,10,16,31,51,82,61,60,52,2,3,9,16,5,12,12,33,45,43,45,20,5,2,16,9,4,4,18,17,35,2,0,0,0,0,0,0,0,0,0,0,0,14,9,3,0,0,1,0,1,0,1,1,2,1678,19,124,-229,9,418,893,155,Austin,2015-03-17
2016,3,17,135,145,100,11,2,18,30,14,25,20,69,89,63,73,66,2,1,5,19,8,18,6,45,51,58,59,22,8,1,12,10,5,4,13,19,32,1,0,3,0,0,0,0,0,0,0,0,0,13,13,9,1,0,1,1,1,3,1,5,6,1767,16,147,-234,4,382,946,182,Austin,2016-03-17
2017,3,17,135,137,97,16,4,20,25,20,12,24,57,81,72,72,59,4,1,4,13,12,7,5,32,37,56,52,33,11,3,15,9,7,3,18,19,37,0,2,1,1,0,0,0,0,1,0,1,1,7,11,4,0,0,1,3,1,1,1,5,6,1854,18,111,-233,5,436,1056,159,Austin,2017-03-17
2018,3,17,164,159,78,23,8,28,20,10,13,36,43,79,75,76,44,5,3,10,10,4,8,13,22,35,74,71,30,17,5,15,8,5,4,20,17,37,1,1,2,0,0,0,1,0,0,0,1,1,14,11,2,1,0,3,1,1,1,3,3,6,1729,14,139,-232,6,383,1000,208,Austin,2018-03-17
2019,3,17,141,142,58,20,8,31,16,14,22,39,52,91,74,68,27,5,2,12,9,7,11,14,27,41,61,56,24,15,5,15,5,4,10,20,19,39,1,0,0,0,0,0,0,1,0,0,1,1,5,18,7,0,1,4,2,2,1,5,5,10,1406,8,103,-231,7,343,800,175,Austin,2019-03-17
2020,3,17,108,180,35,12,2,23,17,14,22,25,53,78,69,109,25,6,0,10,12,7,16,10,35,45,29,59,8,6,1,9,3,4,6,10,13,23,1,0,0,0,0,0,0,0,0,0,0,0,9,12,2,0,1,4,2,3,0,5,5,10,1174,7,94,-229,9,351,615,143,Austin,2020-03-17
2021,3,17,101,139,59,13,4,19,7,2,18,23,27,50,58,83,41,4,2,10,2,2,17,12,21,33,33,44,11,8,2,8,5,0,1,10,6,16,1,2,2,0,0,0,0,0,0,0,0,0,9,10,5,1,0,1,0,0,0,1,0,1,1043,9,71,-235,3,276,567,143,Austin,2021-03-17
2022,3,17,94,132,58,20,1,21,9,5,26,22,40,62,47,71,33,5,1,8,4,4,18,9,26,35,37,52,20,12,0,10,4,1,6,10,11,21,1,4,0,0,0,0,0,0,0,0,0,0,9,5,5,3,0,3,1,0,2,3,3,6,992,9,79,-234,4,312,510,125,Austin,2022-03-17
2023,3,17,81,198,65,17,4,18,4,11,29,22,44,66,45,106,39,8,1,5,1,7,21,6,29,35,29,75,16,7,2,11,3,3,8,13,14,27,0,5,2,0,0,0,0,0,0,0,0,0,7,12,8,2,1,2,0,1,0,3,1,4,1158,14,106,-233,5,298,678,128,Austin,2023-03-17
2024,3,17,80,180,57,23,3,25,12,6,29,28,47,75,42,81,30,6,1,6,6,5,13,7,24,31,32,80,24,17,1,16,6,0,14,17,20,37,1,4,2,0,0,1,0,0,0,1,0,1,5,15,1,0,1,2,0,1,2,3,3,6,1100,11,69,-231,7,279,621,147,Austin,2024-03-17
2012,4,17,,,,,,,,,,,,,,,,,,,,,,,,,,,,,,,,,,,,,,,,,,,,,,,,,,,,,,,,,,,,,,,,,,,,,Austin,2012-04-17
2013,4,17,,,,,,,,,,,,,,,,,,,,,,,,,,,,,,,,,,,,,,,,,,,,,,,,,,,,,,,,,,,,,,,,,,,,,Austin,2013-04-17
2014,4,17,96,98,130,0,3,14,37,14,15,17,66,83,49,57,99,0,1,10,22,12,10,11,44,55,33,31,17,0,2,3,12,1,4,5,17,22,1,1,0,0,0,0,0,0,0,0,0,0,13,9,14,0,0,1,3,1,1,1,5,6,1624,27,117,-199,39,410,782,121,Austin,2014-04-17
2015,4,17,104,124,122,9,3,21,29,18,18,24,65,89,68,73,91,0,1,8,19,15,13,9,47,56,26,43,16,7,2,10,7,2,4,12,13,25,1,1,3,0,0,1,0,0,0,1,0,1,9,7,12,2,0,2,3,1,1,2,5,7,1644,25,112,-198,40,400,844,155,Austin,2015-04-17
2016,4,17,106,101,60,11,4,30,11,19,12,34,42,76,59,56,44,4,1,9,6,14,8,10,28,38,37,38,10,5,3,17,4,3,4,20,11,31,3,1,2,1,0,1,0,0,0,1,0,1,7,6,4,1,0,3,1,2,0,3,3,6,1241,14,72,-203,35,329,724,118,Austin,2016-04-17
2017,4,17,118,155,101,7,3,25,22,20,14,28,56,84,72,103,83,2,3,16,10,15,11,19,36,55,37,40,13,4,0,7,10,4,1,7,15,22,0,1,1,0,0,1,1,0,1,1,2,3,9,11,4,1,0,1,1,1,1,1,3,4,1623,20,108,-202,36,466,782,147,Austin,2017-04-17
2018,4,17,97,131,75,11,3,19,22,14,22,22,58,80,65,83,68,5,1,11,14,11,15,12,40,52,22,36,4,5,1,6,6,3,2,7,11,18,0,0,0,0,0,0,0,0,0,0,0,0,10,12,3,1,1,2,2,0,5,3,7,10,1515,0,118,-201,37,399,784,122,Austin,2018-04-17
2019,4,17,109,151,83,10,3,23,16,10,10,26,36,62,75,102,64,3,1,15,14,8,6,16,28,44,24,38,14,7,2,8,2,1,3,10,6,16,0,1,4,0,0,0,0,0,0,0,0,0,10,10,1,0,0,0,0,1,1,0,2,2,1460,18,91,-200,38,350,798,134,Austin,2019-04-17
2020,4,17,94,167,34,18,2,28,13,3,15,30,31,61,63,111,27,5,1,16,9,3,11,17,23,40,22,45,6,13,1,12,4,0,3,13,7,20,0,0,0,0,0,0,0,0,0,0,0,0,9,11,1,0,0,0,0,0,1,0,1,1,1031,16,64,-198,40,313,539,124,Austin,2020-04-17
2021,4,17,104,144,40,20,3,23,10,9,12,26,31,57,56,82,27,3,2,11,3,5,10,13,18,31,38,48,11,15,1,11,5,4,1,12,10,22,1,2,0,0,0,1,1,0,0,1,1,2,9,12,2,2,0,0,1,0,1,0,2,2,972,12,65,-204,34,262,515,163,Austin,2021-04-17
2022,4,17,105,120,49,26,2,24,3,8,17,26,28,54,51,49,30,7,0,11,2,4,12,11,18,29,42,59,15,15,2,10,1,4,4,12,9,21,0,3,2,0,0,0,0,0,0,0,0,0,12,9,2,4,0,3,0,0,1,3,1,4,956,15,78,-203,35,274,477,166,Austin,2022-04-17
2023,4,17,71,189,50,17,6,19,12,6,32,25,50,75,54,119,38,7,4,10,5,2,26,14,33,47,14,58,7,9,1,7,6,3,4,8,13,21,1,3,1,0,0,1,1,0,0,1,1,2,2,9,4,1,1,1,0,1,2,2,3,5,1088,17,62,-202,36,303,573,145,Austin,2023-04-17
2024,4,17,91,200,50,3,3,17,7,7,38,20,52,72,64,122,39,1,3,12,4,4,25,15,33,48,20,58,7,1,0,3,3,3,11,3,17,20,1,3,2,0,0,0,0,0,0,0,0,0,6,17,2,1,0,2,0,0,2,2,2,4,1114,16,91,-200,38,303,575,117,Austin,2024-04-17
2012,5,17,,,,,,,,,,,,,,,,,,,,,,,,,,,,,,,,,,,,,,,,,,,,,,,,,,,,,,,,,,,,,,,,,,,,,Austin,2012-05-17
2013,5,17,,,,,,,,,,,,,,,,,,,,,,,,,,,,,,,,,,,,,,,,,,,,,,,,,,,,,,,,,,,,,,,,,,,,,Austin,2013-05-17
2014,5,17,135,108,81,6,1,26,28,22,18,27,68,95,69,58,66,1,0,12,19,16,12,12,47,59,51,40,7,4,0,10,9,4,4,10,17,27,1,0,1,0,0,0,0,0,0,0,0,0,14,10,7,1,1,4,0,2,2,5,4,9,1653,16,134,-169,69,382,865,181,Austin,2014-05-17
2015,5,17,125,130,54,8,4,32,22,14,22,36,58,94,59,62,38,3,1,13,12,10,13,14,35,49,56,54,12,5,2,18,9,3,7,20,19,39,3,3,0,0,0,0,0,0,1,0,1,1,7,11,4,0,1,1,1,1,1,2,3,5,1498,27,118,-168,70,340,831,150,Austin,2015-05-17
2016,5,17,109,150,95,3,8,20,14,21,12,28,47,75,76,97,80,2,5,10,11,15,10,15,36,51,17,39,11,1,2,8,3,3,1,10,7,17,0,0,1,0,0,0,0,0,0,0,0,0,16,14,3,0,1,2,0,3,1,3,4,7,1642,12,151,-173,65,427,873,131,Austin,2016-05-17
2017,5,17,112,122,90,10,2,23,28,17,15,25,60,85,70,82,70,2,1,13,21,14,8,14,43,57,30,28,8,8,0,7,7,2,5,7,14,21,1,0,2,0,0,0,0,0,0,0,0,0,11,12,10,0,1,3,0,1,2,4,3,7,1506,13,131,-172,66,410,737,117,Austin,2017-05-17
2018,5,17,121,141,111,10,6,21,17,13,9,27,39,66,88,93,90,4,4,16,11,8,4,20,23,43,26,38,13,5,1,5,3,3,3,6,9,15,0,0,3,0,0,0,1,1,0,0,2,2,7,10,5,1,1,0,2,1,2,1,5,6,1598,22,129,-171,67,391,832,150,Austin,2018-05-17
2019,5,17,142,168,86,5,3,28,22,13,17,31,52,83,92,114,74,0,1,15,16,9,12,16,37,53,37,36,7,4,2,10,5,3,5,12,13,25,3,2,0,0,0,0,0,1,0,0,1,1,10,16,5,1,0,3,1,0,0,3,1,4,1662,19,132,-170,68,409,931,161,Austin,2019-05-17
2020,5,17,109,116,30,19,7,27,21,13,20,34,54,88,66,56,22,5,2,14,12,10,15,16,37,53,30,45,5,12,3,11,8,2,4,14,14,28,0,0,0,0,0,0,0,0,0,0,0,0,13,15,3,2,2,2,1,1,1,4,3,7,1094,7,112,-168,70,354,527,132,Austin,2020-05-17
2021,5,17,114,204,56,12,2,25,10,8,30,27,48,75,80,139,45,4,1,13,4,6,23,14,33,47,24,46,10,6,1,12,5,1,6,13,12,25,1,2,1,0,0,0,0,0,0,0,0,0,9,17,0,2,0,0,1,1,1,0,3,3,1128,12,74,-174,64,321,601,158,Austin,2021-05-17
2022,5,17,80,148,50,7,0,20,3,1,15,20,19,39,55,105,45,2,0,13,0,1,15,13,16,29,19,31,5,4,0,7,2,0,0,7,2,9,0,2,0,0,0,0,0,0,0,0,0,0,6,10,0,1,0,0,1,0,0,0,1,1,959,11,80,-173,65,272,492,132,Austin,2022-05-17
2023,5,17,89,176,59,16,3,19,11,9,32,22,52,74,56,112,46,7,2,10,6,6,27,12,39,51,28,50,10,9,1,8,3,3,3,9,9,18,0,1,0,0,0,0,0,0,0,0,0,0,5,13,3,0,0,1,2,0,2,1,4,5,969,8,73,-172,66,276,500,146,Austin,2023-05-17
2024,5,17,76,173,96,20,2,16,11,8,27,18,46,64,49,106,70,3,0,9,7,6,21,9,34,43,17,53,17,13,2,4,3,2,6,6,11,17,0,2,1,0,0,0,0,0,0,0,0,0,10,12,8,4,0,3,1,0,0,3,1,4,1183,5,107,-170,68,332,594,169,Austin,2024-05-17
2012,6,17,,,,,,,,,,,,,,,,,,,,,,,,,,,,,,,,,,,,,,,,,,,,,,,,,,,,,,,,,,,,,,,,,,,,,Austin,2012-06-17
2013,6,17,,,,,,,,,,,,,,,,,,,,,,,,,,,,,,,,,,,,,,,,,,,,,,,,,,,,,,,,,,,,,,,,,,,,,Austin,2013-06-17
2014,6,17,99,125,73,2,4,24,14,19,13,28,46,74,63,85,61,1,3,15,11,15,11,18,37,55,29,29,4,0,1,5,1,1,0,6,2,8,0,1,2,0,0,0,0,1,1,0,2,2,7,10,6,1,0,4,2,2,1,4,5,9,1661,22,158,-138,100,410,768,132,Austin,2014-06-17
2015,6,17,99,99,86,4,2,23,22,26,12,25,60,85,71,67,78,3,1,13,14,22,10,14,46,60,14,23,5,1,1,8,4,4,0,9,8,17,1,0,1,0,0,1,0,0,0,1,0,1,13,9,2,0,0,1,4,0,2,1,6,7,1578,16,109,-137,101,388,867,117,Austin,2015-06-17
2016,6,17,122,152,90,6,2,25,24,13,9,27,46,73,77,85,77,2,1,14,19,11,6,15,36,51,37,51,9,4,1,7,3,1,1,8,5,13,0,1,0,0,0,1,1,0,1,1,2,3,8,15,4,0,0,3,1,1,1,3,3,6,1655,20,165,-142,96,375,939,134,Austin,2016-06-17
2017,6,17,125,132,64,11,5,24,24,11,9,29,44,73,77,72,46,3,3,13,10,6,7,16,23,39,36,49,13,8,2,8,12,4,2,10,18,28,0,0,3,0,0,1,0,0,0,1,0,1,12,11,2,0,0,2,2,1,0,2,3,5,1543,12,149,-141,97,392,877,130,Austin,2017-06-17
2018,6,17,106,121,56,13,5,29,23,15,22,34,60,94,52,70,31,3,1,14,11,10,14,15,35,50,43,41,16,6,3,13,8,3,6,16,17,33,0,0,2,0,0,0,2,1,0,0,3,3,11,10,7,4,1,2,2,1,2,3,5,8,1365,13,127,-140,98,357,747,158,Austin,2018-06-17
2019,6,17,117,136,73,10,2,21,37,21,30,23,88,111,84,86,58,6,1,16,28,15,26,17,69,86,22,35,10,4,1,3,4,5,1,4,10,14,0,2,0,0,0,0,4,0,0,0,4,4,11,13,5,0,0,2,1,1,3,2,5,7,1412,26,104,-139,99,407,735,128,Austin,2019-06-17
2020,6,17,100,137,52,7,4,19,18,11,17,23,46,69,74,95,41,3,2,10,12,8,13,12,33,45,19,32,5,4,1,6,5,2,4,7,11,18,2,2,0,0,0,0,0,0,0,0,0,0,5,8,6,0,1,3,1,1,0,4,2,6,990,17,88,-137,101,299,521,133,Austin,2020-06-17
2021,6,17,106,159,53,9,3,20,6,7,27,23,40,63,69,105,47,2,3,9,3,6,18,12,27,39,29,41,3,5,0,8,3,1,5,8,9,17,0,1,0,0,0,0,0,0,0,0,0,0,8,12,3,2,0,3,0,0,4,3,4,7,1036,7,100,-143,95,284,539,163,Austin,2021-06-17
2022,6,17,99,191,64,19,2,28,10,8,18,30,36,66,60,142,43,8,1,18,6,7,14,19,27,46,26,35,14,10,1,8,4,1,3,9,8,17,2,1,0,0,0,0,0,0,0,0,0,0,11,13,7,1,0,2,0,0,1,2,1,3,1170,17,105,-142,96,328,622,156,Austin,2022-06-17
2023,6,17,86,160,62,16,5,19,5,10,28,24,43,67,54,112,36,1,2,13,2,5,21,15,28,43,24,38,16,12,3,5,2,4,4,8,10,18,0,1,0,1,0,0,0,0,1,0,1,1,8,9,10,2,0,1,1,1,2,1,4,5,1008,13,78,-141,97,283,532,129,Austin,2023-06-17
2024,6,17,79,153,56,9,6,21,13,8,20,27,41,68,52,100,45,1,4,11,6,4,18,15,28,43,22,39,8,4,2,7,4,2,2,9,8,17,0,2,0,0,0,0,0,0,0,0,0,0,5,12,3,4,0,3,3,2,0,3,5,8,1085,14,96,-139,99,302,578,148,Austin,2024-06-17
2012,7,17,,,,,,,,,,,,,,,,,,,,,,,,,,,,,,,,,,,,,,,,,,,,,,,,,,,,,,,,,,,,,,,,,,,,,Austin,2012-07-17
2013,7,17,,,,,,,,,,,,,,,,,,,,,,,,,,,,,,,,,,,,,,,,,,,,,,,,,,,,,,,,,,,,,,,,,,,,,Austin,2013-07-17
2014,7,17,92,124,68,5,5,22,20,19,24,27,63,90,65,75,47,0,3,15,14,16,22,18,52,70,20,44,15,2,0,6,5,2,1,6,8,14,0,1,0,0,0,0,0,0,0,0,0,0,7,4,6,3,2,1,1,1,1,3,3,6,1642,19,122,-108,130,401,852,131,Austin,2014-07-17
2015,7,17,104,131,95,7,1,21,20,21,23,22,64,86,67,73,80,0,1,13,14,12,21,14,47,61,26,46,13,5,0,6,5,7,2,6,14,20,1,0,0,0,0,0,0,0,0,0,0,0,10,12,2,2,0,2,1,2,0,2,3,5,1674,10,162,-107,131,390,868,137,Austin,2015-07-17
2016,7,17,107,125,70,10,2,28,19,15,19,30,53,83,66,71,49,2,0,9,12,12,11,9,35,44,33,40,17,6,2,19,5,1,6,21,12,33,0,1,1,0,0,0,0,0,0,0,0,0,8,13,3,2,0,0,2,2,2,0,6,6,1464,9,140,-112,126,343,834,127,Austin,2016-07-17
2017,7,17,101,130,70,4,0,19,33,18,21,19,72,91,74,84,61,2,0,11,19,15,13,11,47,58,19,38,5,0,0,5,13,3,5,5,21,26,0,1,0,0,0,0,0,0,1,0,1,1,8,7,4,2,0,3,1,0,2,3,3,6,1522,12,121,-111,127,377,825,125,Austin,2017-07-17
2018,7,17,100,132,75,13,2,19,13,5,19,21,37,58,66,78,61,5,0,11,11,3,16,11,30,41,23,38,8,7,2,7,2,1,1,9,4,13,1,2,2,0,0,0,0,0,1,0,1,1,10,14,4,1,0,1,0,1,1,1,2,3,1454,20,119,-110,128,387,772,135,Austin,2018-07-17
2019,7,17,110,154,96,4,7,20,24,40,24,27,88,115,75,94,80,3,6,9,16,30,19,15,65,80,31,41,10,0,1,9,6,6,3,10,15,25,0,2,2,0,0,0,1,0,0,0,1,1,4,17,4,1,0,2,1,4,2,2,7,9,1432,19,112,-109,129,431,692,148,Austin,2019-07-17
2020,7,17,91,129,59,11,3,21,13,11,22,24,46,70,68,78,44,2,1,10,9,9,18,11,36,47,16,41,13,7,1,9,4,0,2,10,6,16,0,3,0,0,0,0,0,1,0,0,1,1,7,7,2,2,1,2,0,1,2,3,3,6,1083,12,87,-107,131,344,536,137,Austin,2020-07-17
2021,7,17,103,164,69,27,5,23,11,4,29,28,44,72,55,97,51,5,2,12,3,1,21,14,25,39,41,49,17,21,3,7,8,1,6,10,15,25,0,3,0,0,0,0,0,0,0,0,0,0,7,15,1,1,0,4,0,2,2,4,4,8,1090,14,84,-113,125,314,553,176,Austin,2021-07-17
2022,7,17,83,151,45,29,4,24,9,7,14,28,30,58,37,94,28,7,2,9,3,4,12,11,19,30,31,43,15,16,2,10,6,1,2,12,9,21,1,5,0,0,0,0,0,0,0,0,0,0,14,9,2,6,0,5,0,2,0,5,2,7,1020,14,95,-112,126,305,523,134,Austin,2022-07-17
2023,7,17,91,167,63,15,3,25,8,13,27,28,48,76,61,104,47,4,2,14,6,11,21,16,38,54,23,48,8,8,1,7,2,2,2,8,6,14,1,0,0,0,0,1,0,0,0,1,0,1,6,15,8,3,0,3,0,0,4,3,4,7,1062,3,97,-111,127,309,568,121,Austin,2023-07-17
2024,7,17,75,168,68,12,2,23,5,5,32,25,42,67,49,120,53,5,2,16,1,3,21,18,25,43,20,37,10,4,0,4,2,2,10,4,14,18,0,2,2,0,0,0,0,0,0,0,0,0,6,9,3,3,0,3,2,0,1,3,3,6,1044,10,75,-109,129,288,590,109,Austin,2024-07-17
2012,8,17,,,,,,,,,,,,,,,,,,,,,,,,,,,,,,,,,,,,,,,,,,,,,,,,,,,,,,,,,,,,,,,,,,,,,Austin,2012-08-17
2013,8,17,,,,,,,,,,,,,,,,,,,,,,,,,,,,,,,,,,,,,,,,,,,,,,,,,,,,,,,,,,,,,,,,,,,,,Austin,2013-08-17
2014,8,17,116,105,51,4,4,34,19,11,17,38,47,85,61,49,30,1,0,15,11,7,7,15,25,40,47,46,15,3,3,15,8,2,9,18,19,37,0,0,1,0,0,1,0,1,0,1,1,2,8,10,5,0,1,3,0,1,1,4,2,6,1507,14,113,-77,161,365,801,128,Austin,2014-08-17
2015,8,17,94,120,75,6,6,28,23,26,13,34,62,96,57,66,60,1,2,14,16,18,10,16,44,60,24,40,9,5,3,14,7,7,3,17,17,34,0,0,4,0,1,0,0,0,0,1,0,1,13,14,2,0,0,0,0,1,0,0,1,1,1490,15,107,-76,162,402,734,122,Austin,2015-08-17
2016,8,17,101,111,80,11,3,14,21,13,16,17,50,67,71,52,68,3,1,6,13,11,13,7,37,44,23,44,6,5,2,6,7,1,2,8,10,18,1,0,1,0,0,0,1,0,0,0,1,1,6,15,5,3,0,2,0,1,1,2,2,4,1461,13,101,-81,157,359,852,103,Austin,2016-08-17
2017,8,17,96,131,92,8,6,17,23,13,7,23,43,66,56,75,70,2,3,5,15,10,5,8,30,38,30,42,19,3,3,9,8,2,1,12,11,23,2,1,0,0,0,0,0,0,0,0,0,0,8,13,3,3,0,3,0,1,1,3,2,5,1545,21,111,-80,158,377,825,126,Austin,2017-08-17
2018,8,17,115,139,79,4,1,20,24,12,21,21,57,78,69,79,64,1,1,9,14,6,18,10,38,48,33,39,9,3,0,9,8,3,2,9,13,22,2,2,1,0,0,0,0,0,0,0,0,0,11,19,5,0,0,2,2,3,1,2,6,8,1408,17,107,-79,159,385,755,138,Austin,2018-08-17
2019,8,17,124,137,78,11,4,31,24,14,23,35,61,96,64,81,51,4,2,13,16,6,21,15,43,58,50,49,20,7,2,15,6,8,1,17,15,32,1,1,0,0,0,0,1,0,0,0,1,1,9,6,7,0,0,3,1,0,1,3,2,5,1430,13,102,-78,160,406,769,146,Austin,2019-08-17
2020,8,17,92,156,33,11,10,30,10,9,29,40,48,88,55,107,25,3,3,15,3,6,25,18,34,52,28,40,5,7,6,12,7,3,3,18,13,31,2,2,1,0,0,0,0,0,0,0,0,0,7,7,2,1,1,3,0,0,1,4,1,5,1022,13,70,-76,162,314,517,135,Austin,2020-08-17
2021,8,17,83,173,46,8,4,22,7,11,38,26,56,82,64,133,40,3,3,11,3,9,36,14,48,62,16,32,3,4,1,9,3,2,1,10,6,16,0,0,0,0,0,0,0,0,0,0,0,0,3,8,3,1,0,2,1,0,1,2,2,4,953,0,77,-82,156,295,466,151,Austin,2021-08-17
2022,8,17,78,165,67,14,2,20,7,5,34,22,46,68,54,99,57,4,1,11,4,2,26,12,32,44,17,50,5,6,1,7,3,1,4,8,8,16,0,3,2,0,0,0,0,1,1,0,2,2,7,13,3,4,0,2,0,1,3,2,4,6,1043,18,69,-81,157,307,533,130,Austin,2022-08-17
2023,8,17,100,155,80,12,2,20,4,12,25,22,41,63,71,100,64,1,1,11,4,8,19,12,31,43,25,46,12,10,1,7,0,3,6,8,9,17,0,1,0,0,0,0,0,0,0,0,0,0,4,8,4,1,0,2,0,1,0,2,1,3,1040,11,68,-80,158,270,590,122,Austin,2023-08-17
2024,8,17,91,168,50,14,4,24,12,11,23,28,46,74,49,95,33,2,2,10,7,10,17,12,34,46,35,56,13,11,1,14,5,1,3,15,9,24,0,2,0,0,0,0,0,0,1,0,1,1,7,15,4,1,1,0,0,0,2,1,2,3,1048,7,66,-78,160,259,587,130,Austin,2024-08-17
2012,9,17,,,,,,,,,,,,,,,,,,,,,,,,,,,,,,,,,,,,,,,,,,,,,,,,,,,,,,,,,,,,,,,,,,,,,Austin,2012-09-17
2013,9,17,,,,,,,,,,,,,,,,,,,,,,,,,,,,,,,,,,,,,,,,,,,,,,,,,,,,,,,,,,,,,,,,,,,,,Austin,2013-09-17
2014,9,17,107,120,75,3,2,24,30,16,21,26,67,93,66,66,63,1,0,12,20,10,12,12,42,54,27,40,9,2,2,10,9,6,6,12,21,33,3,0,1,0,0,1,0,0,2,1,2,3,11,14,2,0,0,1,1,0,1,1,2,3,1670,39,90,-46,192,401,856,119,Austin,2014-09-17
2015,9,17,105,120,84,4,1,22,23,14,15,23,52,75,60,70,70,2,1,10,16,9,12,11,37,48,33,39,7,2,0,10,7,4,3,10,14,24,0,0,1,0,0,0,0,0,0,0,0,0,12,11,6,0,0,2,0,1,0,2,1,3,1622,18,113,-45,193,354,846,138,Austin,2015-09-17
2016,9,17,135,113,76,11,6,30,18,14,18,36,50,86,72,55,52,0,4,13,13,4,13,17,30,47,56,44,23,11,2,14,5,9,5,16,19,35,0,1,0,0,0,0,0,0,0,0,0,0,7,13,1,0,0,3,0,1,0,3,1,4,1537,9,98,-50,188,360,873,124,Austin,2016-09-17
2017,9,17,141,125,60,15,4,38,17,15,8,42,40,82,63,54,35,2,1,12,11,13,6,13,30,43,64,59,22,11,3,24,3,2,0,27,5,32,1,0,0,0,0,0,0,0,0,0,0,0,13,12,3,2,0,2,3,0,2,2,5,7,1295,10,114,-49,189,338,716,156,Austin,2017-09-17
2018,9,17,113,117,91,8,4,27,22,20,23,31,65,96,67,78,77,1,2,17,17,15,13,19,45,64,40,33,8,6,2,7,4,2,9,9,15,24,1,1,5,1,0,0,1,1,1,0,3,3,5,5,1,0,0,3,0,2,0,3,2,5,1449,25,84,-48,190,412,742,141,Austin,2018-09-17
2019,9,17,115,165,66,12,7,21,27,19,21,28,67,95,75,93,51,8,1,10,19,12,15,11,46,57,32,60,11,2,5,11,5,5,5,16,15,31,0,1,3,0,0,0,0,0,1,0,1,1,8,11,1,2,1,0,3,2,0,1,5,6,1433,21,98,-47,191,381,735,169,Austin,2019-09-17
2020,9,17,85,134,39,11,0,26,8,13,22,26,43,69,54,81,30,2,0,13,4,9,19,13,32,45,26,42,5,8,0,10,4,3,2,10,9,19,0,1,0,0,0,0,0,0,0,0,0,0,5,10,4,1,0,3,0,1,1,3,2,5,953,11,76,-45,193,300,477,115,Austin,2020-09-17
2021,9,17,113,193,72,7,5,27,12,8,24,32,44,76,65,122,53,3,3,17,5,6,18,20,29,49,34,58,15,3,2,9,6,2,5,11,13,24,1,2,1,0,0,0,0,0,0,0,0,0,13,11,3,1,0,1,1,0,1,1,2,3,1135,15,73,-51,187,307,593,181,Austin,2021-09-17
2022,9,17,81,135,73,20,5,24,4,7,27,29,38,67,48,82,39,5,1,11,2,5,20,12,27,39,24,43,29,15,3,10,2,2,5,13,9,22,2,2,0,0,0,0,0,0,0,0,0,0,7,8,5,0,1,3,0,0,2,4,2,6,954,8,62,-50,188,285,503,129,Austin,2022-09-17
2023,9,17,90,170,34,18,4,25,9,11,23,29,43,72,46,95,21,5,3,10,2,6,18,13,26,39,38,63,10,12,1,15,7,4,5,16,16,32,0,2,1,0,0,0,0,0,0,0,0,0,6,10,2,1,0,0,0,1,0,0,1,1,956,8,58,-49,189,244,529,130,Austin,2023-09-17
2024,9,17,86,156,59,8,4,15,3,6,28,19,37,56,49,104,44,3,4,10,3,2,19,14,24,38,27,40,14,4,0,3,0,2,6,3,8,11,1,3,1,0,0,0,0,0,2,0,2,2,9,9,0,1,0,2,0,2,1,2,3,5,1032,18,65,-47,191,281,575,115,Austin,2024-09-17
2012,10,17,,,,,,,,,,,,,,,,,,,,,,,,,,,,,,,,,,,,,,,,,,,,,,,,,,,,,,,,,,,,,,,,,,,,,Austin,2012-10-17
2013,10,17,,,,,,,,,,,,,,,,,,,,,,,,,,,,,,,,,,,,,,,,,,,,,,,,,,,,,,,,,,,,,,,,,,,,,Austin,2013-10-17
2014,10,17,115,110,102,5,3,26,25,23,11,29,59,88,57,46,78,2,1,11,13,17,8,12,38,50,47,55,17,2,2,14,12,6,2,16,20,36,1,0,4,0,0,0,0,0,0,0,0,0,10,9,3,1,0,1,0,0,1,1,1,2,1899,28,119,-16,222,455,980,168,Austin,2014-10-17
2015,10,17,119,134,93,1,1,26,18,9,12,27,39,66,60,62,54,0,0,8,8,7,8,8,23,31,52,56,30,1,1,15,8,2,3,16,13,29,0,2,1,0,0,0,0,0,1,0,1,1,7,14,8,0,0,3,2,0,0,3,2,5,1551,16,127,-15,223,344,832,172,Austin,2015-10-17
2016,10,17,122,148,99,3,1,27,25,12,15,28,52,80,71,69,72,0,1,17,15,8,7,18,30,48,31,66,20,2,0,10,9,2,7,10,18,28,0,3,0,0,0,0,0,0,0,0,0,0,20,10,7,1,0,0,1,2,1,0,4,4,1604,18,121,-20,218,437,905,128,Austin,2016-10-17
2017,10,17,92,149,100,7,3,15,21,15,19,18,55,73,53,85,88,3,0,5,12,10,12,5,34,39,33,53,7,4,2,10,8,5,5,12,18,30,0,3,0,0,0,0,0,0,0,0,0,0,6,8,5,0,1,0,1,0,2,1,3,4,1445,21,89,-19,219,368,733,128,Austin,2017-10-17
2018,10,17,90,118,96,8,5,17,32,11,23,22,66,88,36,65,67,4,1,6,17,6,17,7,40,47,45,39,15,4,3,8,14,4,4,11,22,33,0,2,4,0,0,0,1,0,0,0,1,1,9,12,10,0,1,3,0,1,2,4,3,7,1334,20,82,-18,220,349,708,120,Austin,2018-10-17
2019,10,17,97,153,100,15,3,26,18,22,20,29,60,89,60,90,73,6,0,13,13,17,7,13,37,50,31,50,15,9,3,10,3,4,11,13,18,31,0,2,5,0,0,0,0,0,1,0,1,1,6,11,7,0,0,3,2,1,1,3,4,7,1501,20,111,-17,221,398,763,151,Austin,2019-10-17
2020,10,17,107,124,45,29,1,22,9,6,21,23,36,59,58,52,26,6,0,12,1,2,13,12,16,28,44,59,15,21,1,9,7,4,7,10,18,28,0,1,0,0,0,0,0,0,1,0,1,1,5,12,4,2,0,1,1,0,0,1,1,2,992,7,65,-15,223,265,519,154,Austin,2020-10-17
2021,10,17,68,122,43,23,2,32,6,5,23,34,34,68,31,55,25,7,1,18,5,4,17,19,26,45,30,56,13,14,1,11,1,1,4,12,6,18,0,3,1,0,0,0,0,0,1,0,1,1,7,8,4,2,0,3,0,0,1,3,1,4,887,8,59,-21,217,258,457,129,Austin,2021-10-17
2022,10,17,67,174,83,19,3,16,9,10,31,19,50,69,47,110,50,6,3,10,4,8,21,13,33,46,14,53,27,9,0,5,5,2,7,5,14,19,1,0,3,0,0,0,0,0,1,0,1,1,5,11,3,4,0,1,0,0,2,1,2,3,1021,10,63,-20,218,312,544,126,Austin,2022-10-17
2023,10,17,75,148,65,13,5,18,7,10,26,23,43,66,40,86,54,2,4,8,3,7,19,12,29,41,29,56,9,10,1,9,4,1,6,10,11,21,1,2,0,0,0,0,0,0,1,0,1,1,5,4,2,1,0,1,0,2,0,1,2,3,911,16,57,-19,219,264,461,122,Austin,2023-10-17
2024,10,17,61,152,76,11,4,17,14,4,25,21,43,64,30,93,52,3,1,6,4,4,16,7,24,31,28,46,17,8,2,8,9,0,6,10,15,25,0,3,2,0,0,0,0,0,1,0,1,1,3,10,5,0,1,3,1,0,2,4,3,7,1070,15,75,-17,221,313,535,131,Austin,2024-10-17
2012,11,17,,,,,,,,,,,,,,,,,,,,,,,,,,,,,,,,,,,,,,,,,,,,,,,,,,,,,,,,,,,,,,,,,,,,,Austin,2012-11-17
2013,11,17,,,,,,,,,,,,,,,,,,,,,,,,,,,,,,,,,,,,,,,,,,,,,,,,,,,,,,,,,,,,,,,,,,,,,Austin,2013-11-17
2014,11,17,76,89,90,2,5,20,32,20,23,25,75,100,33,40,58,0,1,9,18,14,16,10,48,58,37,43,16,1,4,10,11,3,6,14,20,34,2,0,1,0,0,0,0,0,0,0,0,0,4,6,15,1,0,1,3,3,1,1,7,8,1481,21,110,15,253,358,777,94,Austin,2014-11-17
2015,11,17,98,116,93,6,0,18,21,18,25,18,64,82,49,51,57,2,0,5,17,9,22,5,48,53,41,50,22,4,0,11,4,5,3,11,12,23,0,1,2,0,0,0,0,0,0,0,0,0,8,14,12,0,0,2,0,4,0,2,4,6,1562,15,105,16,254,404,738,123,Austin,2015-11-17
2016,11,17,117,130,96,5,3,19,25,11,19,22,55,77,51,59,59,1,2,10,15,4,12,12,31,43,52,59,23,3,1,6,7,6,5,7,18,25,0,2,1,0,0,1,1,0,0,1,1,2,14,10,13,1,0,2,2,1,2,2,5,7,1697,22,119,11,249,356,922,138,Austin,2016-11-17
2017,11,17,128,163,99,10,3,27,27,15,13,30,55,85,53,77,52,2,1,9,19,9,8,10,36,46,62,66,30,6,2,16,8,5,5,18,18,36,0,2,1,0,0,0,0,0,0,0,0,0,13,18,16,2,0,2,0,1,0,2,1,3,1678,20,131,12,250,404,925,153,Austin,2017-11-17
2018,11,17,125,106,83,10,6,17,22,11,5,23,38,61,53,38,46,3,3,5,11,5,2,8,18,26,63,57,25,6,2,11,10,3,1,13,14,27,1,0,0,1,0,0,0,0,0,0,0,0,8,11,12,0,1,1,1,3,2,2,6,8,1376,12,102,13,251,346,752,167,Austin,2018-11-17
2019,11,17,103,149,61,10,6,29,17,13,24,35,54,89,38,69,34,2,5,4,10,10,13,9,33,42,52,66,23,8,0,21,5,2,7,21,14,35,2,0,0,0,0,2,0,0,1,2,1,3,11,14,4,0,1,2,2,1,3,3,6,9,1197,18,97,14,252,351,582,193,Austin,2019-11-17
2020,11,17,92,128,45,12,4,15,5,8,19,19,32,51,56,66,25,2,3,6,1,6,12,9,19,28,29,47,8,10,1,7,3,2,6,8,11,19,1,0,1,0,0,0,0,0,1,0,1,1,6,15,11,0,0,2,1,0,0,2,1,3,900,14,81,16,254,283,441,120,Austin,2020-11-17
2021,11,17,93,144,60,27,2,16,14,8,36,18,58,76,46,80,43,4,0,6,6,6,23,6,35,41,36,48,7,20,2,8,6,2,7,10,15,25,0,2,1,0,0,0,0,0,0,0,0,0,11,14,9,3,0,2,2,0,6,2,8,10,1010,18,101,10,248,335,479,138,Austin,2021-11-17
2022,11,17,69,162,67,11,1,18,9,12,19,19,40,59,34,79,36,2,0,7,4,4,13,7,21,28,29,70,23,9,1,9,5,7,5,10,17,27,2,0,0,0,0,1,0,0,1,1,1,2,4,13,8,0,0,1,0,1,0,1,1,2,871,12,69,11,249,261,434,134,Austin,2022-11-17
2023,11,17,108,160,74,23,4,20,6,6,37,24,49,73,53,81,42,3,1,6,2,4,16,7,22,29,46,70,20,19,3,13,4,2,14,16,20,36,0,1,1,0,0,0,0,0,4,0,4,4,9,8,11,1,0,1,0,0,3,1,3,4,941,11,81,12,250,255,504,146,Austin,2023-11-17
2024,11,17,86,140,74,32,3,22,6,6,24,25,36,61,36,61,30,6,1,10,4,3,14,11,21,32,46,63,34,21,2,10,2,3,7,12,12,24,0,3,0,1,0,0,0,0,0,0,0,0,4,13,10,4,0,2,0,0,3,2,3,5,942,7,68,14,252,283,466,142,Austin,2024-11-17
2012,12,17,,,,,,,,,,,,,,,,,,,,,,,,,,,,,,,,,,,,,,,,,,,,,,,,,,,,,,,,,,,,,,,,,,,,,Austin,2012-12-17
2013,12,17,,,,,,,,,,,,,,,,,,,,,,,,,,,,,,,,,,,,,,,,,,,,,,,,,,,,,,,,,,,,,,,,,,,,,Austin,2013-12-17
2014,12,17,88,116,86,3,2,15,25,26,18,17,69,86,42,50,65,2,0,6,13,19,11,6,43,49,36,61,12,1,2,8,8,4,3,10,15,25,2,1,1,0,0,0,0,0,2,0,2,2,8,4,8,0,0,1,4,3,2,1,9,10,1540,23,116,45,283,354,748,120,Austin,2014-12-17
2015,12,17,103,125,96,4,4,19,30,15,15,23,60,83,52,53,70,1,3,4,19,10,10,7,39,46,41,61,15,3,1,13,8,1,5,14,14,28,0,0,1,0,0,0,0,0,0,0,0,0,10,11,10,0,0,2,3,4,0,2,7,9,1705,31,145,46,284,384,856,140,Austin,2015-12-17
2016,12,17,124,98,101,10,3,25,28,10,17,28,55,83,55,47,59,1,1,9,13,6,10,10,29,39,55,44,29,9,2,16,14,2,6,18,22,40,0,1,5,0,0,0,0,1,0,0,1,1,14,6,8,0,0,0,1,1,1,0,3,3,1488,12,103,41,279,387,827,158,Austin,2016-12-17
2017,12,17,81,134,73,10,4,19,23,14,10,23,47,70,36,53,31,4,0,4,10,10,5,4,25,29,40,61,30,6,4,15,12,3,4,19,19,38,0,3,0,0,0,0,0,0,0,0,0,0,5,17,12,0,0,0,1,1,1,0,3,3,1205,17,107,42,280,315,666,133,Austin,2017-12-17
2018,12,17,97,149,84,17,4,18,18,12,18,22,48,70,47,70,60,4,3,9,10,6,9,12,25,37,41,67,15,13,1,7,5,5,8,8,18,26,0,2,0,0,0,0,0,0,0,0,0,0,9,10,9,0,0,2,3,1,1,2,5,7,1353,16,109,43,281,365,681,132,Austin,2018-12-17
2019,12,17,92,122,98,7,2,13,18,18,37,15,73,88,45,69,69,4,1,6,11,9,23,7,43,50,39,42,16,3,1,4,6,5,11,5,22,27,1,2,4,0,0,1,0,1,2,1,3,4,7,9,9,0,0,2,1,3,1,2,5,7,1329,32,90,44,282,351,687,160,Austin,2019-12-17
2020,12,17,94,126,57,13,3,16,8,4,19,19,31,50,46,65,42,6,1,10,3,2,13,11,18,29,40,53,11,6,2,5,4,2,6,7,12,19,3,1,1,0,0,1,1,0,0,1,1,2,5,7,3,1,0,0,0,0,0,0,0,0,990,16,64,46,284,302,482,137,Austin,2020-12-17
2021,12,17,98,207,70,15,2,22,7,13,24,24,44,68,42,95,37,0,1,6,2,10,14,7,26,33,48,95,26,13,1,14,5,3,9,15,17,32,0,6,0,0,0,1,0,0,0,1,0,1,8,11,7,2,0,1,0,0,1,1,1,2,1107,23,87,40,278,278,575,176,Austin,2021-12-17
2022,12,17,72,150,57,20,2,23,10,10,22,25,42,67,35,66,23,2,0,5,4,7,16,5,27,32,35,71,26,18,1,13,6,3,4,14,13,27,1,2,0,0,0,2,0,0,0,2,0,2,1,11,8,0,1,3,0,0,2,4,2,6,929,15,69,41,279,288,474,133,Austin,2022-12-17
2023,12,17,87,180,44,12,6,19,5,5,29,25,39,64,30,76,21,2,2,5,0,2,17,7,19,26,46,91,19,8,1,13,4,3,10,14,17,31,1,1,0,0,0,0,0,0,0,0,0,0,10,12,4,2,3,1,1,0,2,4,3,7,881,7,79,42,280,235,482,135,Austin,2023-12-17
2024,12,17,56,161,61,9,4,16,8,10,34,20,52,72,31,76,31,2,1,5,4,7,18,6,29,35,19,66,23,6,2,8,3,2,10,10,15,25,0,1,1,0,0,1,0,0,2,1,2,3,6,18,6,1,1,2,1,1,4,3,6,9,977,16,84,44,282,266,512,126,Austin,2024-12-17
2012,1,18,,,,,,,,,,,,,,,,,,,,,,,,,,,,,,,,,,,,,,,,,,,,,,,,,,,,,,,,,,,,,,,,,,,,,Austin,2012-01-18
2013,1,18,,,,,,,,,,,,,,,,,,,,,,,,,,,,,,,,,,,,,,,,,,,,,,,,,,,,,,,,,,,,,,,,,,,,,Austin,2013-01-18
2014,1,18,111,115,75,6,9,16,24,20,13,25,57,82,40,36,46,0,2,3,14,9,5,5,28,33,63,64,22,5,6,12,8,7,5,18,20,38,0,1,0,0,0,0,0,0,1,0,1,1,8,14,7,1,1,1,2,4,2,2,8,10,1624,17,118,-288,-50,394,819,137,Austin,2014-01-18
2015,1,18,112,87,62,8,3,29,15,11,7,32,33,65,47,35,38,1,1,6,7,4,3,7,14,21,58,48,17,7,2,20,8,4,4,22,16,38,0,0,0,0,0,0,0,0,0,0,0,0,7,4,7,0,0,3,0,3,0,3,3,6,1371,11,94,-287,-49,327,679,121,Austin,2015-01-18
2016,1,18,83,100,61,12,2,20,30,16,29,22,75,97,38,41,43,3,1,11,20,10,16,12,46,58,31,48,14,9,1,8,8,5,9,9,22,31,3,2,1,0,0,0,1,0,1,0,2,2,11,9,3,0,0,1,1,1,3,1,5,6,1484,23,101,-293,-55,401,725,97,Austin,2016-01-18
2017,1,18,91,116,60,5,1,21,27,15,14,22,56,78,38,58,40,3,0,5,17,8,11,5,36,41,47,46,12,2,1,11,10,5,3,12,18,30,0,1,2,0,0,1,0,0,0,1,0,1,6,11,6,0,0,4,0,2,0,4,2,6,1484,22,96,-291,-53,404,800,120,Austin,2017-01-18
2018,1,18,66,119,53,6,6,10,21,9,13,16,43,59,34,62,30,1,5,3,14,6,7,8,27,35,28,42,9,3,1,5,5,3,5,6,13,19,1,2,4,0,0,0,0,0,0,0,0,0,3,13,10,2,0,2,2,0,1,2,3,5,1405,21,96,-290,-52,303,772,126,Austin,2018-01-18
2019,1,18,66,137,91,10,2,25,21,22,25,27,68,95,38,75,56,4,1,10,11,14,16,11,41,52,25,57,25,6,1,14,9,6,5,15,20,35,0,1,2,0,0,0,0,0,0,0,0,0,3,4,8,0,0,1,1,2,4,1,7,8,1474,19,106,-289,-51,396,800,128,Austin,2019-01-18
2020,1,18,95,174,66,16,4,19,17,22,19,23,58,81,46,92,39,4,1,9,10,10,11,10,31,41,40,67,21,10,3,9,7,10,8,12,25,37,1,0,0,0,0,0,0,0,0,0,0,0,8,15,6,2,0,1,0,2,0,1,2,3,1223,7,84,-288,-50,343,606,200,Austin,2020-01-18
2021,1,18,88,125,42,9,6,28,8,10,29,34,47,81,38,65,28,0,5,11,4,7,20,16,31,47,42,53,14,9,1,15,3,3,8,16,14,30,1,0,0,0,0,2,0,0,0,2,0,2,7,7,0,0,0,0,1,0,1,0,2,2,942,9,55,-293,-55,353,405,110,Austin,2021-01-18
2022,1,18,69,144,40,15,6,23,14,7,27,29,48,77,32,84,31,5,4,10,8,6,19,14,33,47,31,50,6,9,1,11,6,1,5,12,12,24,1,2,0,0,0,0,0,0,1,0,1,1,5,8,3,1,1,2,0,0,2,3,2,5,827,10,64,-292,-54,281,393,111,Austin,2022-01-18
2023,1,18,86,127,67,18,1,15,16,10,29,16,55,71,46,67,52,9,0,6,6,8,16,6,30,36,37,52,8,8,1,7,9,1,12,8,22,30,0,1,0,1,0,0,1,0,1,0,2,2,3,7,7,0,0,2,0,1,0,2,1,3,922,10,51,-291,-53,284,471,116,Austin,2023-01-18
2024,1,18,51,146,63,11,4,16,10,6,21,20,37,57,18,74,40,2,2,6,4,3,14,8,21,29,30,62,15,7,2,9,5,3,5,11,13,24,0,2,3,0,0,0,0,0,1,0,1,1,3,8,5,2,0,1,1,0,1,1,2,3,953,14,76,-290,-52,263,500,108,Austin,2024-01-18
2012,2,18,,,,,,,,,,,,,,,,,,,,,,,,,,,,,,,,,,,,,,,,,,,,,,,,,,,,,,,,,,,,,,,,,,,,,Austin,2012-02-18
2013,2,18,,,,,,,,,,,,,,,,,,,,,,,,,,,,,,,,,,,,,,,,,,,,,,,,,,,,,,,,,,,,,,,,,,,,,Austin,2013-02-18
2014,2,18,85,129,64,4,1,15,27,23,8,16,58,74,44,61,48,1,0,6,15,11,4,6,30,36,35,58,8,3,1,8,10,6,3,9,19,28,0,1,0,0,0,0,0,1,0,0,1,1,6,9,8,0,0,1,2,5,1,1,8,9,1585,27,122,-257,-19,401,787,121,Austin,2014-02-18
2015,2,18,105,103,106,2,2,13,32,14,11,15,57,72,45,51,70,1,1,5,15,11,6,6,32,38,53,45,24,1,1,8,15,3,3,9,21,30,0,0,1,0,0,0,0,0,1,0,1,1,7,7,11,0,0,0,2,0,1,0,3,3,1565,14,103,-256,-18,387,804,129,Austin,2015-02-18
2016,2,18,105,134,92,11,2,17,26,10,18,19,54,73,59,70,62,2,2,8,16,7,15,10,38,48,41,51,22,9,0,7,6,3,3,7,12,19,0,0,1,0,0,1,0,0,0,1,0,1,5,13,7,0,0,1,4,0,0,1,4,5,1781,22,115,-262,-24,376,935,154,Austin,2016-02-18
2017,2,18,120,93,82,7,5,31,25,12,22,36,59,95,60,46,58,2,3,16,14,6,7,19,27,46,53,44,14,4,2,14,9,6,14,16,29,45,0,0,0,0,0,0,0,0,1,0,1,1,7,3,10,1,0,1,2,0,0,1,2,3,1530,6,93,-260,-22,368,877,144,Austin,2017-02-18
2018,2,18,128,128,60,17,3,26,13,15,13,29,41,70,52,53,39,7,0,8,5,9,8,8,22,30,69,66,18,9,2,18,7,4,5,20,16,36,0,3,0,0,0,0,0,0,0,0,0,0,7,6,3,1,1,0,1,2,0,1,3,4,1261,11,81,-259,-21,326,725,112,Austin,2018-02-18
2019,2,18,87,146,66,5,6,25,29,22,18,31,69,100,48,75,40,2,5,10,21,15,10,15,46,61,31,61,20,3,1,13,6,3,6,14,15,29,2,1,0,0,0,0,1,1,1,0,3,3,6,9,6,0,0,2,1,3,1,2,5,7,1352,13,102,-258,-20,380,706,133,Austin,2019-02-18
2020,2,18,111,160,97,8,8,22,21,14,28,30,63,93,65,85,60,2,6,12,14,11,15,18,40,58,37,53,21,5,2,9,6,2,11,11,19,30,2,3,4,0,0,0,0,0,1,0,1,1,7,19,12,1,0,1,1,1,1,1,3,4,1457,42,101,-257,-19,435,690,163,Austin,2020-02-18
2021,2,18,49,62,36,8,0,16,15,3,11,16,29,45,27,25,12,3,0,11,8,3,9,11,20,31,16,33,11,4,0,4,5,0,1,4,6,10,0,1,0,0,0,0,0,0,0,0,0,0,6,3,13,1,0,1,2,0,1,1,3,4,1036,14,76,-262,-24,201,742,68,Austin,2021-02-18
2022,2,18,85,134,79,11,6,20,10,6,23,26,39,65,53,62,57,1,2,10,2,4,16,12,22,34,28,58,15,10,3,9,7,1,6,12,14,26,0,0,1,0,0,0,1,0,0,0,1,1,4,14,6,0,1,1,0,1,1,2,2,4,999,11,66,-261,-23,318,468,132,Austin,2022-02-18
2023,2,18,94,154,63,29,6,14,8,5,21,20,34,54,46,79,36,5,2,8,3,3,15,10,21,31,42,64,22,22,4,6,5,2,5,10,12,22,1,1,0,0,0,0,0,0,0,0,0,0,5,10,5,2,0,0,0,0,1,0,1,1,971,11,59,-260,-22,292,512,125,Austin,2023-02-18
2024,2,18,77,147,45,14,2,23,9,7,27,25,43,68,35,70,32,3,1,7,3,3,19,8,25,33,37,68,10,10,1,14,6,2,7,15,15,30,0,0,0,0,0,0,0,0,0,0,0,0,5,9,3,1,0,2,0,2,1,2,3,5,952,6,57,-259,-21,237,494,130,Austin,2024-02-18
2012,3,18,,,,,,,,,,,,,,,,,,,,,,,,,,,,,,,,,,,,,,,,,,,,,,,,,,,,,,,,,,,,,,,,,,,,,Austin,2012-03-18
2013,3,18,,,,,,,,,,,,,,,,,,,,,,,,,,,,,,,,,,,,,,,,,,,,,,,,,,,,,,,,,,,,,,,,,,,,,Austin,2013-03-18
2014,3,18,119,109,91,4,0,15,23,12,18,15,53,68,51,55,66,1,0,6,19,10,13,6,42,48,57,44,19,2,0,8,3,2,5,8,10,18,0,0,2,0,0,0,0,0,0,0,0,0,11,10,4,1,0,1,1,0,0,1,1,2,1588,18,111,-229,9,423,738,127,Austin,2014-03-18
2015,3,18,124,108,83,3,2,30,19,13,23,32,55,87,63,48,62,0,0,15,9,8,16,15,33,48,50,50,18,2,2,14,9,3,6,16,18,34,0,0,1,0,0,0,0,1,0,0,1,1,11,10,2,1,0,1,1,1,1,1,3,4,1682,10,97,-228,10,398,932,133,Austin,2015-03-18
2016,3,18,154,160,112,6,5,32,29,21,24,37,74,111,66,83,76,3,2,11,14,15,13,13,42,55,73,67,28,3,3,19,12,3,8,22,23,45,1,1,0,0,0,0,1,0,1,0,2,2,14,9,8,0,0,2,2,3,2,2,7,9,1904,15,120,-233,5,408,1053,198,Austin,2016-03-18
2017,3,18,133,127,96,17,4,30,20,16,13,34,49,83,61,52,55,4,2,11,7,11,5,13,23,36,64,68,33,12,2,17,11,5,8,19,24,43,0,1,0,0,0,0,0,0,0,0,0,0,8,6,8,1,0,2,2,0,0,2,2,4,1706,11,112,-232,6,391,1004,173,Austin,2017-03-18
2018,3,18,127,150,91,14,8,33,20,14,21,41,55,96,49,85,48,4,6,13,14,5,11,19,30,49,65,54,37,9,2,16,4,6,9,18,19,37,0,1,2,0,0,0,1,0,1,0,2,2,13,10,4,1,0,4,1,3,0,4,4,8,1418,10,95,-231,7,379,755,210,Austin,2018-03-18
2019,3,18,111,152,81,9,0,27,22,20,20,27,62,89,66,89,56,2,0,15,18,15,13,15,46,61,34,56,18,6,0,10,3,4,6,10,13,23,0,2,0,1,0,0,0,0,0,0,0,0,11,5,7,0,0,2,1,1,1,2,3,5,1396,14,85,-230,8,364,762,148,Austin,2019-03-18
2020,3,18,90,157,29,10,4,27,23,10,27,31,60,91,65,84,23,3,2,14,12,9,21,16,42,58,18,61,3,7,1,10,8,1,6,11,15,26,0,1,1,0,0,0,1,0,0,0,1,1,7,11,2,0,1,3,2,0,0,4,2,6,1031,8,61,-228,10,315,548,108,Austin,2020-03-18
2021,3,18,95,153,45,15,1,14,8,6,25,15,39,54,60,87,32,6,1,3,4,5,16,4,25,29,25,56,13,9,0,11,4,0,9,11,13,24,2,1,0,0,0,0,0,0,0,0,0,0,8,9,0,0,0,0,0,1,0,0,1,1,1046,11,52,-234,4,332,502,149,Austin,2021-03-18
2022,3,18,96,134,82,23,4,16,16,8,32,20,56,76,57,76,62,7,1,8,5,4,18,9,27,36,34,50,15,15,3,8,11,3,9,11,23,34,0,2,1,0,0,0,0,0,0,0,0,0,5,6,4,1,0,0,0,1,5,0,6,6,1143,10,59,-233,5,360,603,126,Austin,2022-03-18
2023,3,18,111,161,52,21,4,18,10,9,32,22,51,73,56,77,29,4,2,8,7,6,20,10,33,43,46,70,18,15,2,8,2,3,8,10,13,23,0,3,1,0,0,0,1,0,0,0,1,1,9,11,4,2,0,2,0,0,4,2,4,6,1064,13,74,-232,6,281,610,122,Austin,2023-03-18
2024,3,18,101,172,52,14,2,22,9,4,31,24,44,68,58,106,35,4,1,11,2,2,25,12,29,41,35,56,10,10,1,11,5,2,4,12,11,23,1,1,4,0,0,0,0,0,1,0,1,1,7,9,3,0,0,0,2,0,1,0,3,3,1052,15,58,-230,8,308,556,121,Austin,2024-03-18
2012,4,18,,,,,,,,,,,,,,,,,,,,,,,,,,,,,,,,,,,,,,,,,,,,,,,,,,,,,,,,,,,,,,,,,,,,,Austin,2012-04-18
2013,4,18,,,,,,,,,,,,,,,,,,,,,,,,,,,,,,,,,,,,,,,,,,,,,,,,,,,,,,,,,,,,,,,,,,,,,Austin,2013-04-18
2014,4,18,120,124,87,3,1,24,18,23,19,25,60,85,62,69,70,1,0,11,13,18,13,11,44,55,47,43,14,1,1,10,5,4,4,11,13,24,1,2,0,0,0,0,0,0,0,0,0,0,10,10,3,1,0,3,0,1,2,3,3,6,1741,15,124,-198,40,428,878,115,Austin,2014-04-18
2015,4,18,115,125,85,10,4,37,22,18,12,41,52,93,63,75,55,1,3,19,12,12,10,22,34,56,44,41,26,9,1,16,9,5,2,17,16,33,0,1,0,0,0,0,0,0,0,0,0,0,8,8,4,0,0,2,1,1,0,2,2,4,1568,11,140,-197,41,345,945,148,Austin,2015-04-18
2016,4,18,105,105,81,9,6,23,26,20,16,29,62,91,60,71,67,0,1,16,17,16,12,17,45,62,33,31,9,8,4,5,5,3,3,9,11,20,0,0,1,0,0,0,0,0,0,0,0,0,12,3,4,1,1,2,4,1,1,3,6,9,1501,15,99,-202,36,367,856,125,Austin,2016-04-18
2017,4,18,128,147,99,6,1,14,17,14,13,15,44,59,92,89,86,2,0,7,11,10,9,7,30,37,24,45,7,3,1,4,4,3,2,5,9,14,1,2,3,0,0,0,1,0,0,0,1,1,11,11,3,1,0,3,1,1,2,3,4,7,1632,24,115,-201,37,428,794,136,Austin,2017-04-18
2018,4,18,113,127,87,5,1,22,15,14,16,23,45,68,61,79,73,0,1,10,6,9,11,11,26,37,41,36,10,5,0,9,6,1,2,9,9,18,1,1,0,0,0,0,0,0,0,0,0,0,10,11,4,0,0,3,3,4,3,3,10,13,1556,12,122,-200,38,393,796,157,Austin,2018-04-18
2019,4,18,101,164,92,14,2,27,11,13,6,29,30,59,66,96,76,8,2,12,8,7,4,14,19,33,29,53,9,6,0,11,3,2,2,11,7,18,1,0,4,0,0,0,0,1,0,0,1,1,5,15,3,0,0,4,0,3,0,4,3,7,1559,25,89,-199,39,364,870,162,Austin,2019-04-18
2020,4,18,87,146,20,14,4,19,16,6,16,23,38,61,60,89,11,2,2,11,12,5,12,13,29,42,23,46,3,9,2,7,4,1,3,9,8,17,1,0,0,0,0,0,0,0,1,0,1,1,3,11,6,3,0,1,0,0,0,1,0,1,854,6,68,-197,41,242,437,145,Austin,2020-04-18
2021,4,18,96,177,35,30,4,19,5,9,16,23,30,53,52,101,26,11,2,7,1,7,7,9,15,24,37,63,8,13,2,10,4,2,8,12,14,26,0,1,0,0,0,0,0,0,0,0,0,0,7,12,1,6,0,2,0,0,1,2,1,3,927,13,52,-203,35,262,464,171,Austin,2021-04-18
2022,4,18,78,128,72,23,6,18,12,6,33,24,51,75,54,80,57,3,3,8,7,5,30,11,42,53,20,37,10,15,3,8,5,1,3,11,9,20,0,2,0,0,0,0,0,0,0,0,0,0,4,9,5,5,0,2,0,0,0,2,0,2,952,15,72,-202,36,278,501,138,Austin,2022-04-18
2023,4,18,78,130,50,13,5,15,8,7,34,20,49,69,47,80,42,3,3,8,5,5,20,11,30,41,24,33,5,9,2,7,3,0,9,9,12,21,0,0,0,0,0,0,0,0,1,0,1,1,7,17,3,1,0,0,0,2,4,0,6,6,910,6,91,-201,37,274,490,94,Austin,2023-04-18
2024,4,18,95,149,56,16,1,14,6,8,18,15,32,47,69,96,42,1,1,7,1,7,15,8,23,31,19,43,12,11,0,5,5,0,2,5,7,12,0,2,0,0,0,0,0,0,0,0,0,0,7,8,2,4,0,2,0,1,1,2,2,4,1070,14,67,-199,39,303,531,133,Austin,2024-04-18
2012,5,18,,,,,,,,,,,,,,,,,,,,,,,,,,,,,,,,,,,,,,,,,,,,,,,,,,,,,,,,,,,,,,,,,,,,,Austin,2012-05-18
2013,5,18,,,,,,,,,,,,,,,,,,,,,,,,,,,,,,,,,,,,,,,,,,,,,,,,,,,,,,,,,,,,,,,,,,,,,Austin,2013-05-18
2014,5,18,130,116,55,8,5,29,24,21,20,34,65,99,70,54,38,2,1,13,12,11,13,14,36,50,49,53,12,4,4,14,12,8,5,18,25,43,0,2,0,0,0,0,0,0,1,0,1,1,11,7,5,2,0,2,0,2,1,2,3,5,1436,7,113,-168,70,374,724,170,Austin,2014-05-18
2015,5,18,110,136,78,3,2,24,33,20,13,26,66,92,70,89,65,0,1,12,30,18,13,13,61,74,32,32,7,3,1,11,1,2,0,12,3,15,0,2,3,0,0,0,2,0,0,0,2,2,8,13,3,0,0,1,0,0,0,1,0,1,1637,12,110,-167,71,403,849,173,Austin,2015-05-18
2016,5,18,97,135,86,6,4,30,28,19,14,34,61,95,75,76,73,1,2,20,17,14,10,22,41,63,14,42,5,2,1,7,7,3,4,8,14,22,1,3,0,0,0,0,1,0,0,0,1,1,7,14,8,3,1,3,3,2,0,4,5,9,1605,16,125,-172,66,420,851,141,Austin,2016-05-18
2017,5,18,100,139,64,12,3,23,22,16,11,26,49,75,58,87,47,7,0,14,18,11,7,14,36,50,30,39,11,4,3,7,4,3,3,10,10,20,0,2,0,0,0,0,0,0,0,0,0,0,12,11,6,1,0,2,0,2,1,2,3,5,1735,15,149,-171,67,450,873,137,Austin,2017-05-18
2018,5,18,92,133,107,9,3,30,16,11,6,33,33,66,57,88,85,1,2,20,13,8,5,22,26,48,28,33,15,5,1,8,3,3,0,9,6,15,0,0,0,0,0,1,0,0,0,1,0,1,7,12,7,3,0,1,0,0,1,1,1,2,1643,8,137,-170,68,384,935,152,Austin,2018-05-18
2019,5,18,132,163,71,7,3,26,24,24,16,29,64,93,74,93,45,2,1,11,12,16,13,12,41,53,51,56,20,4,2,14,9,5,2,16,16,32,1,5,2,0,0,0,0,0,0,0,0,0,6,9,4,1,0,1,3,3,1,1,7,8,1507,13,122,-169,69,361,829,194,Austin,2019-05-18
2020,5,18,125,135,39,9,5,26,10,7,24,31,41,72,73,73,30,4,3,14,8,7,20,17,35,52,37,45,7,5,2,10,2,0,4,12,6,18,1,4,0,0,0,0,0,0,0,0,0,0,14,13,2,0,0,2,0,0,0,2,0,2,1195,18,97,-167,71,331,614,116,Austin,2020-05-18
2021,5,18,95,162,46,13,5,17,9,9,29,22,47,69,67,120,40,3,4,12,7,7,26,16,40,56,20,32,5,8,1,5,2,1,0,6,3,9,0,2,1,0,0,0,0,0,0,0,0,0,8,8,0,2,0,0,0,1,3,0,4,4,979,11,63,-173,65,282,525,140,Austin,2021-05-18
2022,5,18,76,143,56,12,3,23,12,11,25,26,48,74,46,93,50,3,3,10,8,7,19,13,34,47,15,37,3,8,0,11,2,1,4,11,7,18,2,1,1,0,0,0,0,1,1,0,2,2,13,12,2,1,0,2,2,2,1,2,5,7,996,13,91,-172,66,275,518,138,Austin,2022-05-18
2023,5,18,86,175,60,22,5,15,9,14,34,20,57,77,47,111,45,11,3,9,2,5,25,12,32,44,26,47,8,7,0,5,4,8,7,5,19,24,1,2,0,0,0,0,0,0,0,0,0,0,12,15,7,4,2,1,3,1,2,3,6,9,991,15,81,-171,67,287,543,129,Austin,2023-05-18
2024,5,18,131,158,67,23,7,23,16,11,24,30,51,81,78,104,52,4,3,15,6,7,16,18,29,47,38,41,10,19,3,7,10,2,5,10,17,27,1,1,0,0,0,0,0,0,0,0,0,0,14,12,5,0,1,1,0,2,3,2,5,7,1122,11,89,-169,69,298,588,161,Austin,2024-05-18
2012,6,18,,,,,,,,,,,,,,,,,,,,,,,,,,,,,,,,,,,,,,,,,,,,,,,,,,,,,,,,,,,,,,,,,,,,,Austin,2012-06-18
2013,6,18,,,,,,,,,,,,,,,,,,,,,,,,,,,,,,,,,,,,,,,,,,,,,,,,,,,,,,,,,,,,,,,,,,,,,Austin,2013-06-18
2014,6,18,112,105,94,4,6,22,23,27,12,28,62,90,69,67,85,1,4,18,19,21,11,22,51,73,27,29,8,2,2,3,4,4,1,5,9,14,1,1,0,0,0,0,0,0,0,0,0,0,15,8,1,1,0,1,0,2,0,1,2,3,1686,15,134,-137,101,408,813,139,Austin,2014-06-18
2015,6,18,107,144,58,5,5,16,20,13,12,21,45,66,70,99,44,2,2,10,18,10,10,12,38,50,24,28,7,1,3,4,2,2,2,7,6,13,1,1,1,0,0,0,0,0,0,0,0,0,12,16,6,2,0,2,0,1,0,2,1,3,1685,20,162,-136,102,388,901,138,Austin,2015-06-18
2016,6,18,148,131,80,10,4,39,32,13,16,43,61,104,79,70,60,6,3,14,22,8,14,17,44,61,51,53,14,3,1,22,7,5,0,23,12,35,3,1,1,0,0,0,0,0,1,0,1,1,15,7,5,1,0,3,3,0,1,3,4,7,1529,16,145,-141,97,361,890,152,Austin,2016-06-18
2017,6,18,109,119,54,14,7,29,13,9,15,36,37,73,52,71,38,4,4,15,8,4,12,19,24,43,46,42,12,7,3,10,4,3,3,13,10,23,0,1,0,0,0,1,0,0,0,1,0,1,11,5,4,3,0,3,1,2,0,3,3,6,1402,13,121,-140,98,339,803,133,Austin,2017-06-18
2018,6,18,106,142,80,3,6,13,26,18,19,19,63,82,77,95,73,1,2,7,18,14,14,9,46,55,16,33,5,1,3,5,5,2,3,8,10,18,0,2,1,0,0,0,0,0,0,0,0,0,13,12,1,1,1,1,3,2,2,2,7,9,1468,15,133,-139,99,379,826,142,Austin,2018-06-18
2019,6,18,110,136,86,9,3,26,20,14,15,29,49,78,72,87,77,2,2,16,16,11,14,18,41,59,25,35,4,4,1,4,2,1,1,5,4,9,0,1,0,0,0,0,0,0,0,0,0,0,13,13,5,3,0,6,2,2,0,6,4,10,1425,21,121,-138,100,368,761,137,Austin,2019-06-18
2020,6,18,85,138,46,4,5,29,21,11,35,34,67,101,66,79,38,1,2,18,15,6,26,20,47,67,11,41,5,0,3,7,5,4,6,10,15,25,1,1,0,0,0,0,1,0,0,0,1,1,7,17,3,3,0,4,0,1,3,4,4,8,953,9,83,-136,102,317,485,104,Austin,2020-06-18
2021,6,18,103,176,57,16,1,22,6,9,24,23,39,62,68,102,44,9,0,13,6,7,18,13,31,44,23,52,6,4,0,8,0,1,5,8,6,14,1,3,2,0,0,0,0,0,1,0,1,1,11,19,5,3,1,1,0,1,0,2,1,3,1159,15,107,-142,96,329,611,162,Austin,2021-06-18
2022,6,18,122,172,73,21,3,21,6,10,17,24,33,57,64,101,45,7,0,12,2,6,14,12,22,34,45,54,18,11,1,6,1,3,2,7,6,13,1,1,1,0,0,0,1,0,0,0,1,1,12,16,9,3,2,3,2,1,1,5,4,9,1047,11,102,-141,97,266,563,174,Austin,2022-06-18
2023,6,18,108,149,48,11,1,16,7,10,18,17,35,52,62,99,26,2,1,9,5,7,15,10,27,37,35,40,15,8,0,7,2,2,1,7,5,12,0,1,3,1,0,0,0,0,0,0,0,0,11,9,4,0,0,0,0,1,2,0,3,3,993,16,68,-140,98,288,511,127,Austin,2023-06-18
2024,6,18,82,189,57,12,1,17,9,11,24,18,44,62,47,132,44,5,1,10,6,8,15,11,29,40,26,38,5,6,0,6,3,3,8,6,14,20,0,4,1,0,0,0,0,0,0,0,0,0,9,15,7,1,0,1,0,0,1,1,1,2,1057,13,93,-138,100,299,572,128,Austin,2024-06-18
2012,7,18,,,,,,,,,,,,,,,,,,,,,,,,,,,,,,,,,,,,,,,,,,,,,,,,,,,,,,,,,,,,,,,,,,,,,Austin,2012-07-18
2013,7,18,,,,,,,,,,,,,,,,,,,,,,,,,,,,,,,,,,,,,,,,,,,,,,,,,,,,,,,,,,,,,,,,,,,,,Austin,2013-07-18
2014,7,18,106,125,68,9,3,16,29,15,23,19,67,86,74,86,59,3,2,10,18,13,16,12,47,59,20,27,8,4,1,3,9,2,6,4,17,21,1,2,0,0,0,1,0,0,1,1,1,2,11,10,1,2,0,2,2,0,0,2,2,4,1866,11,165,-107,131,367,1038,147,Austin,2014-07-18
2015,7,18,107,123,69,5,6,27,26,23,10,33,59,92,70,63,49,0,1,12,11,14,6,13,31,44,27,52,12,4,5,12,12,8,1,17,21,38,0,1,0,0,0,0,0,1,0,0,1,1,10,7,8,1,0,3,3,0,3,3,6,9,1652,16,149,-106,132,402,916,149,Austin,2015-07-18
2016,7,18,136,122,91,8,3,14,29,18,20,17,67,84,85,70,81,1,2,7,20,12,17,9,49,58,38,42,8,5,1,5,6,5,1,6,12,18,1,1,0,0,0,1,2,0,0,1,2,3,12,9,2,2,0,1,1,1,2,1,4,5,1573,21,142,-111,127,400,870,120,Austin,2016-07-18
2017,7,18,81,125,75,6,6,27,27,15,14,33,56,89,61,71,62,0,5,18,23,13,12,23,48,71,13,36,7,4,1,7,2,2,0,8,4,12,0,1,2,0,0,0,0,0,1,0,1,1,7,17,4,2,0,2,2,0,1,2,3,5,1572,22,135,-110,128,436,793,121,Austin,2017-07-18
2018,7,18,85,133,92,10,2,17,28,9,15,19,52,71,60,87,80,4,2,8,21,5,13,10,39,49,16,39,5,5,0,7,6,3,1,7,10,17,1,0,2,0,0,0,0,0,0,0,0,0,8,7,5,1,0,2,1,1,1,2,3,5,1555,16,123,-109,129,374,835,134,Austin,2018-07-18
2019,7,18,104,146,75,17,5,29,23,17,18,34,58,92,66,77,66,6,1,18,16,10,12,19,38,57,28,54,5,10,4,9,6,5,3,13,14,27,1,0,0,0,0,1,0,0,0,1,0,1,9,15,4,1,0,1,1,2,3,1,6,7,1403,21,109,-108,130,375,701,161,Austin,2019-07-18
2020,7,18,101,136,41,20,4,20,20,12,22,24,54,78,62,85,30,4,2,8,16,12,16,10,44,54,27,35,10,13,0,11,2,0,2,11,4,15,0,2,0,0,0,0,0,0,1,0,1,1,12,14,1,3,2,1,2,0,3,3,5,8,1051,13,119,-106,132,304,560,145,Austin,2020-07-18
2021,7,18,115,144,60,27,6,25,13,10,28,31,51,82,75,78,31,8,3,11,6,7,20,14,33,47,34,52,19,15,1,11,7,2,7,12,16,28,0,2,0,0,1,1,0,0,0,2,0,2,6,12,10,4,1,2,0,1,1,3,2,5,1077,7,81,-112,126,323,552,166,Austin,2021-07-18
2022,7,18,101,163,53,24,3,16,14,3,27,19,44,63,67,111,42,5,1,9,9,3,19,10,31,41,21,42,10,15,2,6,4,0,6,8,10,18,2,1,0,0,0,0,0,0,1,0,1,1,11,9,1,4,0,1,1,0,1,1,2,3,1065,16,83,-111,127,299,564,152,Austin,2022-07-18
2023,7,18,89,149,69,8,1,21,10,7,30,22,47,69,55,103,60,2,1,13,7,4,27,14,38,52,24,36,5,6,0,6,2,2,2,6,6,12,0,0,0,0,0,0,0,0,0,0,0,0,10,10,4,0,0,2,1,1,1,2,3,5,1026,2,96,-110,128,298,544,120,Austin,2023-07-18
2024,7,18,88,168,65,18,3,17,12,10,26,20,48,68,53,114,50,7,2,12,6,7,18,14,31,45,25,40,10,7,0,5,6,3,8,5,17,22,1,3,1,0,0,0,0,0,0,0,0,0,9,11,4,4,1,0,0,0,0,1,0,1,1064,11,105,-108,130,270,601,124,Austin,2024-07-18
2012,8,18,,,,,,,,,,,,,,,,,,,,,,,,,,,,,,,,,,,,,,,,,,,,,,,,,,,,,,,,,,,,,,,,,,,,,Austin,2012-08-18
2013,8,18,,,,,,,,,,,,,,,,,,,,,,,,,,,,,,,,,,,,,,,,,,,,,,,,,,,,,,,,,,,,,,,,,,,,,Austin,2013-08-18
2014,8,18,102,115,70,5,2,25,33,21,31,27,85,112,65,74,60,2,1,8,23,18,22,9,63,72,27,35,4,3,1,15,6,2,7,16,15,31,1,0,1,0,0,0,0,0,0,0,0,0,9,6,5,0,0,2,4,1,2,2,7,9,1744,22,132,-76,162,438,842,111,Austin,2014-08-18
2015,8,18,101,106,75,3,3,16,27,16,15,19,58,77,59,70,62,1,0,7,17,13,11,7,41,48,32,22,5,2,2,9,8,2,2,11,12,23,1,0,0,0,0,0,0,0,1,0,1,1,9,14,8,0,1,0,2,1,1,1,4,5,1633,24,119,-75,163,369,838,119,Austin,2015-08-18
2016,8,18,111,133,75,8,1,18,15,16,16,19,47,66,67,82,61,3,0,12,12,13,13,12,38,50,32,37,7,5,1,5,2,1,3,6,6,12,2,4,2,0,0,0,0,0,0,0,0,0,10,10,5,0,0,1,1,2,0,1,3,4,1550,25,135,-80,158,364,892,92,Austin,2016-08-18
2017,8,18,107,135,93,8,2,25,16,11,14,27,41,68,65,81,83,2,1,13,14,9,12,14,35,49,32,38,6,5,1,11,1,1,1,12,3,15,0,0,1,0,0,0,0,1,0,0,1,1,10,16,3,1,0,1,1,0,1,1,2,3,1591,21,119,-79,159,434,845,131,Austin,2017-08-18
2018,8,18,104,155,86,14,1,23,9,16,21,24,46,70,54,84,61,6,0,9,5,8,13,9,26,35,44,54,17,7,1,12,4,7,5,13,16,29,0,3,0,0,0,0,0,0,0,0,0,0,6,14,8,1,0,2,0,1,3,2,4,6,1435,8,125,-78,160,327,830,155,Austin,2018-08-18
2019,8,18,107,165,57,9,4,37,18,24,19,41,61,102,51,90,38,1,1,20,9,13,14,21,36,57,47,62,16,6,3,14,8,10,5,17,23,40,2,2,1,0,0,0,0,0,0,0,0,0,7,11,2,2,0,3,1,1,0,3,2,5,1294,16,88,-77,161,358,689,145,Austin,2019-08-18
2020,8,18,77,160,39,15,5,24,11,10,28,29,49,78,52,104,33,6,4,16,3,6,22,20,31,51,17,43,6,8,1,4,7,3,4,5,14,19,0,1,0,0,0,0,0,0,0,0,0,0,8,12,0,1,0,4,1,1,2,4,4,8,986,7,91,-75,163,320,495,108,Austin,2020-08-18
2021,8,18,91,177,52,10,4,24,16,10,21,28,47,75,64,125,42,1,2,14,9,6,17,16,32,48,19,36,9,6,2,7,6,3,3,9,12,21,1,1,0,0,0,0,0,0,0,0,0,0,7,15,1,3,0,3,1,1,1,3,3,6,1024,8,63,-81,157,299,531,133,Austin,2021-08-18
2022,8,18,85,175,70,18,3,13,5,10,30,16,45,61,60,109,57,5,2,10,2,9,24,12,35,47,21,57,11,8,1,3,3,1,4,4,8,12,1,3,0,0,0,0,0,0,1,0,1,1,3,6,2,5,0,0,0,0,1,0,1,1,1029,16,50,-80,158,275,545,152,Austin,2022-08-18
2023,8,18,93,173,69,16,0,18,9,5,28,18,42,60,62,114,51,6,0,10,3,3,21,10,27,37,22,47,8,10,0,6,6,2,3,6,11,17,1,1,2,0,0,0,0,0,1,0,1,1,8,11,8,0,0,2,0,0,3,2,3,5,1104,10,75,-79,159,276,651,115,Austin,2023-08-18
2024,8,18,126,153,44,35,2,27,12,10,33,29,55,84,59,91,28,6,1,16,5,4,28,17,37,54,61,44,12,25,1,9,7,5,4,10,16,26,0,7,0,0,0,0,0,0,0,0,0,0,6,11,4,4,0,2,0,1,1,2,2,4,1052,11,90,-77,161,288,556,151,Austin,2024-08-18
2012,9,18,,,,,,,,,,,,,,,,,,,,,,,,,,,,,,,,,,,,,,,,,,,,,,,,,,,,,,,,,,,,,,,,,,,,,Austin,2012-09-18
2013,9,18,,,,,,,,,,,,,,,,,,,,,,,,,,,,,,,,,,,,,,,,,,,,,,,,,,,,,,,,,,,,,,,,,,,,,Austin,2013-09-18
2014,9,18,79,100,75,3,3,22,19,18,23,25,60,85,47,57,60,2,2,11,15,11,18,13,44,57,27,35,12,1,1,7,4,4,5,8,13,21,0,2,2,0,0,0,0,0,0,0,0,0,5,6,1,0,0,4,0,3,0,4,3,7,1609,26,90,-45,193,378,937,121,Austin,2014-09-18
2015,9,18,116,115,107,3,0,23,20,20,11,23,51,74,68,63,82,0,0,8,13,11,10,8,34,42,42,41,20,3,0,12,7,5,0,12,12,24,0,2,0,0,0,1,0,0,0,1,0,1,6,9,5,0,0,2,0,4,1,2,5,7,1614,13,123,-44,194,369,850,146,Austin,2015-09-18
2016,9,18,109,150,61,13,0,29,15,17,6,29,38,67,57,69,34,4,0,13,9,12,6,13,27,40,47,73,21,8,0,13,6,5,0,13,11,24,0,0,0,0,0,0,0,0,0,0,0,0,5,8,6,1,0,3,0,0,0,3,0,3,1437,8,91,-49,189,334,824,138,Austin,2016-09-18
2017,9,18,121,145,84,8,1,24,22,22,11,25,55,80,69,81,69,2,0,13,15,13,6,13,34,47,43,54,10,6,1,11,6,6,4,12,16,28,0,1,3,0,0,0,0,0,0,0,0,0,9,9,2,0,0,0,1,3,1,0,5,5,1464,16,93,-48,190,379,770,144,Austin,2017-09-18
2018,9,18,104,121,92,5,4,23,14,9,17,27,40,67,74,66,78,2,3,15,10,6,12,18,28,46,17,40,5,3,0,6,0,1,2,6,3,9,2,2,3,0,0,0,4,0,2,0,6,6,11,13,6,0,1,2,0,2,1,3,3,6,1283,42,100,-47,191,336,695,142,Austin,2018-09-18
2019,9,18,91,153,89,8,6,18,26,20,26,24,72,96,57,98,81,2,4,9,17,14,21,13,52,65,27,45,6,4,2,8,4,2,4,10,10,20,0,0,0,0,0,0,0,0,0,0,0,0,7,10,2,2,0,1,5,4,1,1,10,11,1368,0,85,-46,192,381,673,174,Austin,2019-09-18
2020,9,18,69,151,44,16,5,24,9,15,27,29,51,80,39,87,27,4,1,11,4,12,18,12,34,46,25,47,9,9,4,13,5,2,7,17,14,31,0,2,1,0,0,0,0,0,0,0,0,0,5,15,7,3,0,0,0,1,2,0,3,3,1064,12,80,-44,194,319,554,122,Austin,2020-09-18
2021,9,18,99,170,50,23,4,24,4,16,36,28,56,84,54,88,33,2,2,11,1,12,28,13,41,54,37,65,13,18,2,10,3,2,8,12,13,25,1,0,1,0,0,0,0,0,0,0,0,0,7,17,3,3,0,3,0,2,0,3,2,5,1072,7,77,-50,188,312,580,147,Austin,2021-09-18
2022,9,18,89,131,53,21,4,20,6,10,25,24,41,65,49,70,32,4,4,11,4,6,17,15,27,42,34,47,17,15,0,7,2,4,6,7,12,19,0,2,0,0,0,0,0,0,0,0,0,0,6,12,4,2,0,2,0,0,2,2,2,4,962,10,67,-49,189,270,524,130,Austin,2022-09-18
2023,9,18,94,170,53,8,0,22,7,15,22,22,44,66,54,122,42,2,0,12,2,8,14,12,24,36,30,41,9,6,0,7,3,5,7,7,15,22,2,0,2,0,0,0,1,1,1,0,3,3,8,7,0,0,0,3,1,1,0,3,2,5,1066,14,58,-48,190,301,543,131,Austin,2023-09-18
2024,9,18,87,166,72,10,4,23,9,14,22,27,45,72,53,96,58,3,1,12,5,10,16,13,31,44,29,59,12,6,3,9,3,3,4,12,10,22,0,4,0,0,0,0,0,1,0,0,1,1,5,7,2,1,0,2,1,0,2,2,3,5,1068,16,65,-46,192,314,543,125,Austin,2024-09-18
2012,10,18,,,,,,,,,,,,,,,,,,,,,,,,,,,,,,,,,,,,,,,,,,,,,,,,,,,,,,,,,,,,,,,,,,,,,Austin,2012-10-18
2013,10,18,,,,,,,,,,,,,,,,,,,,,,,,,,,,,,,,,,,,,,,,,,,,,,,,,,,,,,,,,,,,,,,,,,,,,Austin,2013-10-18
2014,10,18,150,112,77,5,7,33,19,13,17,40,49,89,67,52,53,1,5,9,11,6,9,14,26,40,73,52,22,4,2,21,6,7,7,23,20,43,0,0,0,0,0,0,0,0,1,0,1,1,10,8,2,0,0,3,2,0,0,3,2,5,1711,11,111,-15,223,405,987,149,Austin,2014-10-18
2015,10,18,92,119,70,8,2,14,11,19,7,16,37,53,36,44,43,1,0,4,5,10,5,4,20,24,46,64,20,6,2,10,5,6,2,12,13,25,0,0,0,0,0,0,0,0,0,0,0,0,10,11,7,1,0,0,1,3,0,0,4,4,1355,8,100,-14,224,338,736,145,Austin,2015-10-18
2016,10,18,98,141,80,9,4,18,17,18,20,22,55,77,57,64,63,3,3,6,15,15,17,9,47,56,35,58,8,5,1,12,2,1,3,13,6,19,0,2,3,0,0,0,0,0,0,0,0,0,6,17,6,1,0,0,0,2,0,0,2,2,1567,23,106,-19,219,382,843,124,Austin,2016-10-18
2017,10,18,129,117,83,5,2,21,27,9,13,23,49,72,65,68,62,1,0,11,18,7,9,11,34,45,51,40,16,3,1,8,5,2,2,9,9,18,2,1,1,0,0,0,0,0,0,0,0,0,11,8,4,1,1,2,4,0,2,3,6,9,1617,23,101,-18,220,385,832,154,Austin,2017-10-18
2018,10,18,85,143,65,9,0,23,34,14,20,23,68,91,46,71,38,2,0,17,20,13,12,17,45,62,30,54,17,6,0,6,13,1,7,6,21,27,2,3,4,0,0,0,0,0,0,0,0,0,7,15,6,1,0,0,1,0,1,0,2,2,1406,26,87,-17,221,367,748,121,Austin,2018-10-18
2019,10,18,118,175,143,11,5,18,27,16,26,23,69,92,67,85,105,4,1,7,21,11,19,8,51,59,45,75,18,5,4,8,5,5,6,12,16,28,0,2,4,0,0,1,0,0,0,1,0,1,6,13,16,2,0,2,1,0,1,2,2,4,1481,20,110,-16,222,369,810,163,Austin,2019-10-18
2020,10,18,97,135,45,22,3,16,11,5,22,19,38,57,42,54,28,5,1,5,4,3,13,6,20,26,47,70,13,17,2,10,7,2,6,12,15,27,2,4,0,0,0,0,0,0,0,0,0,0,6,7,4,0,0,1,0,0,3,1,3,4,1002,14,55,-14,224,301,518,139,Austin,2020-10-18
2021,10,18,76,140,50,15,2,21,7,7,31,23,45,68,43,81,32,2,0,11,7,6,24,11,37,48,26,50,15,12,1,9,0,1,4,10,5,15,1,2,1,0,1,0,0,0,0,1,0,1,6,7,2,1,0,1,0,0,3,1,3,4,901,10,61,-20,218,305,442,121,Austin,2021-10-18
2022,10,18,78,140,63,13,3,11,5,9,29,14,43,57,44,75,47,3,2,6,3,7,24,8,34,42,27,48,9,9,0,4,2,2,4,4,8,12,1,7,1,1,0,0,0,0,1,0,1,1,6,10,6,0,1,1,0,0,0,2,0,2,908,27,60,-19,219,265,474,117,Austin,2022-10-18
2023,10,18,82,143,77,8,3,19,7,4,38,22,49,71,41,81,61,3,2,7,1,3,25,9,29,38,37,51,12,5,1,8,6,1,10,9,17,26,0,1,1,0,0,1,0,0,2,1,2,3,4,10,3,0,0,3,0,0,1,3,1,4,942,12,57,-18,220,290,488,107,Austin,2023-10-18
2024,10,18,87,133,69,14,4,18,7,9,22,22,38,60,48,79,40,6,1,7,1,6,14,8,21,29,32,48,19,6,2,10,6,3,7,12,16,28,0,1,3,0,1,0,0,0,0,1,0,1,7,5,7,2,0,1,0,0,1,1,1,2,1127,15,72,-16,222,259,624,146,Austin,2024-10-18
2012,11,18,,,,,,,,,,,,,,,,,,,,,,,,,,,,,,,,,,,,,,,,,,,,,,,,,,,,,,,,,,,,,,,,,,,,,Austin,2012-11-18
2013,11,18,,,,,,,,,,,,,,,,,,,,,,,,,,,,,,,,,,,,,,,,,,,,,,,,,,,,,,,,,,,,,,,,,,,,,Austin,2013-11-18
2014,11,18,96,97,97,3,1,20,27,20,25,21,72,93,42,47,69,0,0,11,11,13,19,11,43,54,45,39,14,3,1,5,14,7,2,6,23,29,1,1,1,0,0,0,1,0,0,0,1,1,8,10,13,0,0,4,1,0,4,4,5,9,1570,23,130,16,254,386,791,108,Austin,2014-11-18
2015,11,18,105,136,97,6,2,14,23,18,17,16,58,74,50,70,67,1,0,6,13,11,13,6,37,43,50,51,17,4,1,5,7,6,3,6,16,22,1,1,1,0,0,0,1,0,0,0,1,1,4,14,12,1,1,3,2,1,1,4,4,8,1582,20,107,17,255,387,775,143,Austin,2015-11-18
2016,11,18,111,140,114,4,10,17,20,15,15,27,50,77,52,66,81,1,2,6,13,10,11,8,34,42,55,62,25,3,8,10,4,3,4,18,11,29,1,1,1,0,0,0,0,0,0,0,0,0,3,11,7,0,0,1,3,2,0,1,5,6,1749,18,103,12,250,396,951,136,Austin,2016-11-18
2017,11,18,118,120,80,8,4,28,18,17,9,32,44,76,59,57,55,1,1,9,11,10,5,10,26,36,52,49,19,5,3,15,5,7,3,18,15,33,1,0,0,1,0,0,1,0,0,0,1,1,6,14,6,1,0,4,1,0,1,4,2,6,1468,8,88,13,251,334,851,161,Austin,2017-11-18
2018,11,18,103,113,47,12,3,26,24,9,7,29,40,69,42,46,15,1,2,10,12,4,6,12,22,34,54,58,23,9,1,15,12,3,1,16,16,32,1,0,3,0,0,0,0,1,0,0,1,1,6,9,6,2,0,1,0,1,0,1,1,2,1206,14,101,14,252,364,617,119,Austin,2018-11-18
2019,11,18,111,154,90,11,5,23,32,11,24,28,67,95,53,76,51,1,2,9,23,9,15,11,47,58,43,63,24,10,3,12,8,1,5,15,14,29,5,3,4,0,0,1,1,0,1,1,2,3,10,12,11,0,0,1,0,1,3,1,4,5,1430,37,119,15,253,378,730,180,Austin,2019-11-18
2020,11,18,89,128,50,17,3,20,8,8,23,23,39,62,45,61,32,2,0,7,5,4,16,7,25,32,38,49,10,13,3,10,2,3,7,13,12,25,0,4,0,0,0,1,0,0,0,1,0,1,6,14,8,2,0,2,1,1,0,2,2,4,942,16,82,17,255,307,447,121,Austin,2020-11-18
2021,11,18,74,160,47,10,3,22,11,14,28,25,53,78,38,74,26,1,1,10,5,8,23,11,36,47,34,76,12,7,2,10,5,5,5,12,15,27,1,2,1,0,0,0,1,0,0,0,1,1,1,8,8,2,0,2,0,1,0,2,1,3,976,13,70,11,249,265,515,145,Austin,2021-11-18
2022,11,18,80,139,51,12,2,10,2,6,29,12,37,49,27,74,22,2,2,2,1,3,20,4,24,28,46,54,22,10,0,8,1,1,8,8,10,18,1,0,1,0,0,0,0,0,1,0,1,1,6,11,6,0,0,0,0,2,0,0,2,2,1005,11,72,12,250,282,532,130,Austin,2022-11-18
2023,11,18,102,128,57,14,3,22,5,3,39,25,47,72,43,65,25,2,2,9,2,2,23,11,27,38,49,55,25,8,1,12,2,1,12,13,15,28,0,2,0,0,0,0,1,0,3,0,4,4,10,6,7,4,0,1,0,0,1,1,1,2,950,8,72,13,251,286,487,134,Austin,2023-11-18
2024,11,18,102,151,71,20,5,23,9,13,29,28,51,79,54,80,45,2,1,11,3,7,17,12,27,39,42,62,15,17,4,11,6,5,9,15,20,35,1,1,3,0,0,0,0,0,2,0,2,2,5,8,8,1,0,1,0,1,1,1,2,3,988,18,68,15,253,320,482,133,Austin,2024-11-18
2012,12,18,,,,,,,,,,,,,,,,,,,,,,,,,,,,,,,,,,,,,,,,,,,,,,,,,,,,,,,,,,,,,,,,,,,,,Austin,2012-12-18
2013,12,18,,,,,,,,,,,,,,,,,,,,,,,,,,,,,,,,,,,,,,,,,,,,,,,,,,,,,,,,,,,,,,,,,,,,,Austin,2013-12-18
2014,12,18,83,128,94,5,0,18,27,14,17,18,58,76,37,66,53,2,0,3,15,7,12,3,34,37,34,49,24,2,0,12,9,6,4,12,19,31,1,1,2,0,0,0,0,0,0,0,0,0,11,12,15,1,0,3,3,1,1,3,5,8,1640,26,117,46,284,384,807,120,Austin,2014-12-18
2015,12,18,102,140,100,4,3,23,39,12,16,26,67,93,50,75,65,2,1,12,21,7,8,13,36,49,37,54,23,2,2,11,13,4,6,13,23,36,3,3,2,0,0,0,1,0,2,0,3,3,12,8,10,0,0,0,4,1,0,0,5,5,1710,32,103,47,285,374,883,156,Austin,2015-12-18
2016,12,18,73,93,45,8,3,15,28,12,13,18,53,71,23,35,22,0,0,2,11,9,7,2,27,29,47,53,19,8,2,10,16,2,5,12,23,35,0,1,0,0,0,0,0,0,0,0,0,0,3,4,4,0,1,3,1,1,1,4,3,7,1346,15,90,42,280,318,791,121,Austin,2016-12-18
2017,12,18,90,140,86,6,1,17,25,19,19,18,63,81,49,55,51,4,0,2,14,12,14,2,40,42,36,72,22,1,1,14,11,6,5,15,22,37,2,1,2,0,0,0,0,0,0,0,0,0,3,12,11,1,0,1,0,1,0,1,1,2,1319,17,93,43,281,329,715,145,Austin,2017-12-18
2018,12,18,79,132,80,7,2,23,17,17,15,25,49,74,36,70,50,5,0,11,7,12,8,11,27,38,36,48,19,2,2,10,7,4,2,12,13,25,1,3,2,0,0,1,0,0,1,1,1,2,6,11,9,0,0,1,3,1,4,1,8,9,1363,20,110,44,282,379,668,145,Austin,2018-12-18
2019,12,18,108,160,105,6,1,22,26,16,20,23,62,85,55,82,65,2,1,7,15,8,12,8,35,43,39,60,25,4,0,13,10,5,7,13,22,35,4,1,4,0,0,0,0,0,0,0,0,0,10,17,11,0,0,2,1,3,1,2,5,7,1376,19,105,45,283,423,668,159,Austin,2019-12-18
2020,12,18,79,155,62,12,2,22,10,15,21,24,46,70,47,68,37,2,1,6,5,5,13,7,23,30,24,70,17,10,1,15,5,7,5,16,17,33,1,2,1,0,0,0,0,1,0,0,1,1,7,15,7,0,0,1,0,2,3,1,5,6,1001,15,95,47,285,319,513,109,Austin,2020-12-18
2021,12,18,98,152,69,24,2,20,10,7,31,22,48,70,43,71,30,9,2,3,1,4,20,5,25,30,52,69,27,12,0,16,7,2,9,16,18,34,1,4,4,1,0,0,2,0,1,0,3,3,2,8,8,2,0,1,0,1,1,1,2,3,960,23,58,41,279,271,539,131,Austin,2021-12-18
2022,12,18,88,157,31,25,1,19,5,7,25,20,37,57,38,63,12,2,0,6,5,4,14,6,23,29,40,81,14,22,1,12,0,2,7,13,9,22,2,0,1,0,0,0,0,0,0,0,0,0,8,13,4,1,0,1,0,1,4,1,5,6,937,14,79,42,280,261,491,137,Austin,2022-12-18
2023,12,18,57,159,53,12,0,19,11,9,26,19,46,65,35,70,34,5,0,6,1,5,19,6,25,31,16,78,12,5,0,12,9,3,5,12,17,29,0,1,0,0,0,0,1,0,2,0,3,3,6,10,7,2,0,1,0,1,0,1,1,2,944,15,70,43,281,251,512,107,Austin,2023-12-18
2024,12,18,98,166,57,9,0,16,10,5,29,16,44,60,43,84,39,1,0,2,2,4,22,2,28,30,49,66,14,6,0,12,6,0,6,12,12,24,0,1,0,0,0,0,0,0,1,0,1,1,6,15,4,2,0,2,2,1,0,2,3,5,1026,12,79,45,283,288,548,125,Austin,2024-12-18
2012,1,19,,,,,,,,,,,,,,,,,,,,,,,,,,,,,,,,,,,,,,,,,,,,,,,,,,,,,,,,,,,,,,,,,,,,,Austin,2012-01-19
2013,1,19,,,,,,,,,,,,,,,,,,,,,,,,,,,,,,,,,,,,,,,,,,,,,,,,,,,,,,,,,,,,,,,,,,,,,Austin,2013-01-19
2014,1,19,98,107,43,7,3,28,26,16,11,31,53,84,22,39,22,1,2,7,11,8,9,9,28,37,66,64,19,6,1,19,13,6,2,20,21,41,1,0,0,0,0,0,0,0,0,0,0,0,9,4,2,0,0,2,2,2,0,2,4,6,1357,16,94,-287,-49,353,695,129,Austin,2014-01-19
2015,1,19,95,112,63,5,1,18,17,17,20,19,54,73,44,54,44,1,0,7,8,10,16,7,34,41,44,49,13,3,1,11,6,4,1,12,11,23,0,0,0,0,0,0,0,0,1,0,1,1,7,9,6,1,0,0,3,3,2,0,8,8,1425,17,109,-286,-48,330,740,125,Austin,2015-01-19
2016,1,19,98,106,69,6,1,19,32,13,28,20,73,93,55,50,44,2,0,11,17,11,18,11,46,57,40,43,9,4,1,6,11,0,9,7,20,27,0,1,7,0,0,0,3,0,0,0,3,3,3,12,9,0,0,2,1,2,1,2,4,6,1599,29,121,-292,-54,388,772,117,Austin,2016-01-19
2017,1,19,105,112,75,6,2,18,23,11,13,20,47,67,47,53,47,1,0,5,11,8,12,5,31,36,44,47,17,5,1,10,10,2,1,11,13,24,2,1,4,0,0,0,0,0,0,0,0,0,12,11,7,0,1,3,2,1,0,4,3,7,1692,27,121,-290,-52,434,839,115,Austin,2017-01-19
2018,1,19,98,127,79,11,2,17,30,6,25,19,61,80,43,60,40,3,2,7,18,0,16,9,34,43,45,55,23,8,0,8,9,6,8,8,23,31,1,2,2,0,0,1,0,0,0,1,0,1,9,10,14,0,0,1,3,0,1,1,4,5,1434,18,102,-289,-51,361,786,105,Austin,2018-01-19
2019,1,19,109,132,60,3,6,19,34,14,20,25,68,93,52,55,39,1,2,5,19,11,11,7,41,48,49,67,16,2,4,11,13,3,9,15,25,40,2,0,0,0,0,0,0,0,0,0,0,0,6,10,5,0,0,3,2,0,0,3,2,5,1487,18,88,-288,-50,365,852,129,Austin,2019-01-19
2020,1,19,97,147,48,13,2,24,11,15,22,26,48,74,38,62,22,6,1,7,5,5,11,8,21,29,48,72,21,6,1,17,6,8,10,18,24,42,3,1,0,0,0,0,0,0,1,0,1,1,8,12,5,1,0,0,0,2,0,0,2,2,1161,14,80,-287,-49,288,641,160,Austin,2020-01-19
2021,1,19,94,129,36,6,4,23,4,5,14,27,23,50,50,64,26,1,2,13,2,3,7,15,12,27,25,50,5,4,1,8,2,0,5,9,7,16,5,3,0,1,0,0,0,0,1,0,1,1,14,12,5,0,1,2,0,2,1,3,3,6,844,22,73,-292,-54,276,429,95,Austin,2021-01-19
2022,1,19,80,141,51,22,6,23,10,8,32,29,50,79,44,57,29,6,5,10,5,3,23,15,31,46,28,72,11,14,1,11,5,5,9,12,19,31,0,3,3,0,0,0,0,0,0,0,0,0,8,9,8,2,0,2,0,0,0,2,0,2,941,14,88,-291,-53,322,444,123,Austin,2022-01-19
2023,1,19,74,131,69,18,2,18,15,15,38,20,68,88,43,63,45,5,2,6,6,12,22,8,40,48,25,55,13,12,0,6,7,3,11,6,21,27,0,3,1,0,0,0,1,0,2,0,3,3,6,10,10,1,0,6,1,0,3,6,4,10,963,20,77,-290,-52,307,481,131,Austin,2023-01-19
2024,1,19,77,139,46,13,4,16,6,4,35,20,45,65,41,68,34,1,4,1,1,2,22,5,25,30,29,66,11,12,0,13,4,2,12,13,18,31,1,0,1,0,0,0,0,0,0,0,0,0,6,5,0,0,0,2,1,0,1,2,2,4,1014,9,68,-289,-51,272,559,98,Austin,2024-01-19
2012,2,19,,,,,,,,,,,,,,,,,,,,,,,,,,,,,,,,,,,,,,,,,,,,,,,,,,,,,,,,,,,,,,,,,,,,,Austin,2012-02-19
2013,2,19,,,,,,,,,,,,,,,,,,,,,,,,,,,,,,,,,,,,,,,,,,,,,,,,,,,,,,,,,,,,,,,,,,,,,Austin,2013-02-19
2014,2,19,98,123,73,0,0,16,22,16,19,16,57,73,51,63,51,0,0,7,14,11,8,7,33,40,37,52,11,0,0,8,7,4,9,8,20,28,0,1,3,0,0,0,0,0,0,0,0,0,10,7,8,0,0,1,1,1,2,1,4,5,1622,31,120,-256,-18,393,812,117,Austin,2014-02-19
2015,2,19,103,102,76,6,1,20,16,10,18,21,44,65,62,51,53,0,0,11,9,7,13,11,29,40,36,46,16,6,1,7,5,2,4,8,11,19,0,0,0,0,0,0,1,0,0,0,1,1,5,5,7,0,0,2,1,1,1,2,3,5,1588,15,103,-255,-17,365,785,125,Austin,2015-02-19
2016,2,19,126,142,112,4,6,23,17,15,27,29,59,88,62,75,81,1,3,11,10,7,20,14,37,51,56,56,17,3,3,12,5,6,4,15,15,30,1,2,1,0,0,0,1,0,0,0,1,1,7,9,13,0,0,0,1,2,3,0,6,6,1690,15,115,-261,-23,397,887,149,Austin,2016-02-19
2017,2,19,114,131,52,19,8,26,25,20,19,34,64,98,54,59,29,4,5,11,14,10,8,16,32,48,52,62,20,13,2,13,10,8,9,15,27,42,1,0,0,2,0,0,0,0,0,0,0,0,7,10,3,0,1,2,1,2,2,3,5,8,1426,9,95,-259,-21,361,765,170,Austin,2017-02-19
2018,2,19,105,145,50,9,8,25,13,13,14,33,40,73,63,80,34,3,3,15,8,8,12,18,28,46,38,50,12,5,3,7,4,5,0,10,9,19,0,2,1,0,1,0,0,0,0,1,0,1,4,13,3,1,1,3,1,0,2,4,3,7,1400,16,83,-258,-20,365,747,117,Austin,2018-02-19
2019,2,19,84,139,113,7,3,15,15,13,24,18,52,70,51,81,84,7,0,11,7,7,15,11,29,40,24,45,16,0,3,2,8,5,4,5,17,22,0,2,1,0,0,0,0,1,0,0,1,1,9,11,12,0,0,2,0,0,5,2,5,7,1309,19,92,-257,-19,390,670,142,Austin,2019-02-19
2020,2,19,88,158,98,12,3,24,19,10,24,27,53,80,49,84,68,5,2,10,10,6,16,12,32,44,28,58,17,7,1,9,7,2,8,10,17,27,2,3,2,0,0,0,0,1,0,0,1,1,9,13,11,0,0,5,2,1,0,5,3,8,1392,19,96,-256,-18,382,741,162,Austin,2020-02-19
2021,2,19,86,71,50,15,1,20,12,5,18,21,35,56,49,37,27,1,1,11,6,2,15,12,23,35,33,26,18,12,0,5,5,3,1,5,9,14,0,0,0,0,0,0,0,0,2,0,2,2,4,8,5,2,0,4,1,0,0,4,1,5,951,7,66,-261,-23,241,569,101,Austin,2021-02-19
2022,2,19,88,123,57,29,4,21,9,7,24,25,40,65,45,59,35,8,1,6,5,2,13,7,20,27,35,53,16,21,3,11,4,2,10,14,16,30,0,2,2,0,0,0,0,0,1,0,1,1,8,9,4,0,0,4,0,3,0,4,3,7,961,9,64,-260,-22,285,469,145,Austin,2022-02-19
2023,2,19,88,141,43,24,2,19,9,7,30,21,46,67,42,73,27,3,0,6,3,3,12,6,18,24,40,60,12,21,2,11,6,3,15,13,24,37,0,0,1,0,0,0,0,0,1,0,1,1,6,8,3,0,0,2,0,1,2,2,3,5,950,9,61,-259,-21,293,497,121,Austin,2023-02-19
2024,2,19,86,154,40,10,0,12,5,12,43,12,60,72,45,90,28,3,0,8,1,7,30,8,38,46,33,51,6,6,0,3,4,3,13,3,20,23,2,3,1,1,0,0,0,0,0,0,0,0,6,10,5,0,0,1,0,2,0,1,2,3,1014,12,75,-258,-20,261,548,96,Austin,2024-02-19
2012,3,19,,,,,,,,,,,,,,,,,,,,,,,,,,,,,,,,,,,,,,,,,,,,,,,,,,,,,,,,,,,,,,,,,,,,,Austin,2012-03-19
2013,3,19,,,,,,,,,,,,,,,,,,,,,,,,,,,,,,,,,,,,,,,,,,,,,,,,,,,,,,,,,,,,,,,,,,,,,Austin,2013-03-19
2014,3,19,99,106,79,7,4,14,14,16,16,18,46,64,57,68,65,2,2,9,11,11,13,11,35,46,32,31,11,4,2,3,3,2,3,5,8,13,1,1,2,0,0,0,0,0,0,0,0,0,9,6,1,1,0,2,0,3,0,2,3,5,1507,29,97,-228,10,383,748,101,Austin,2014-03-19
2015,3,19,133,142,86,5,5,23,20,16,25,28,61,89,69,79,53,1,4,9,10,12,19,13,41,54,51,51,26,3,1,10,9,3,5,11,17,28,0,0,1,0,0,0,0,0,0,0,0,0,13,12,6,1,0,4,1,1,1,4,3,7,1911,20,140,-227,11,414,998,141,Austin,2015-03-19
2016,3,19,160,130,98,13,5,25,22,24,26,30,72,102,85,59,57,2,3,4,10,18,16,7,44,51,60,61,31,7,1,20,9,2,9,21,20,41,0,1,1,0,0,0,1,0,0,0,1,1,15,9,9,4,1,1,2,4,1,2,7,9,1814,12,148,-232,6,390,1035,170,Austin,2016-03-19
2017,3,19,125,115,78,16,11,28,28,22,17,39,67,106,46,47,57,2,6,7,13,11,7,13,31,44,71,58,16,12,5,17,11,9,6,22,26,48,1,1,0,0,0,0,0,0,0,0,0,0,7,9,5,2,0,4,4,2,4,4,10,14,1564,14,98,-231,7,359,918,164,Austin,2017-03-19
2018,3,19,97,254,91,8,7,27,26,16,23,34,65,99,59,154,69,5,3,12,18,7,19,15,44,59,29,76,14,2,4,13,5,8,3,17,16,33,0,2,1,0,0,0,3,0,0,0,3,3,9,22,7,1,0,2,0,1,1,2,2,4,1854,28,133,-230,8,361,1201,187,Austin,2018-03-19
2019,3,19,91,138,68,6,3,24,20,23,20,27,63,90,51,79,50,2,2,11,15,15,11,13,41,54,32,44,12,3,1,9,4,8,8,10,20,30,1,5,1,0,0,1,0,0,0,1,0,1,7,10,5,1,0,3,1,0,1,3,2,5,1322,17,78,-229,9,362,716,126,Austin,2019-03-19
2020,3,19,111,167,31,14,5,31,23,13,32,36,68,104,75,94,21,3,3,18,19,11,26,21,56,77,28,57,8,11,2,12,3,1,5,14,9,23,0,4,0,0,0,0,0,0,0,0,0,0,8,12,2,0,0,1,1,1,1,1,3,4,1046,9,54,-227,11,335,545,113,Austin,2020-03-19
2021,3,19,88,167,46,12,4,19,5,4,17,23,26,49,41,90,31,7,3,8,3,4,13,11,20,31,36,64,9,4,1,9,1,0,1,10,2,12,2,0,1,0,0,0,0,0,0,0,0,0,9,13,5,1,0,2,1,0,3,2,4,6,1057,11,80,-233,5,319,511,147,Austin,2021-03-19
2022,3,19,101,161,56,33,3,21,9,9,17,24,35,59,59,90,37,4,2,10,2,7,9,12,18,30,37,65,19,21,1,10,7,2,5,11,14,25,0,1,0,0,0,0,0,0,0,0,0,0,5,5,0,8,0,1,0,0,3,1,3,4,1134,3,77,-232,6,287,648,154,Austin,2022-03-19
2023,3,19,99,131,62,29,4,33,7,3,35,37,45,82,46,68,36,2,3,14,1,3,22,17,26,43,51,54,20,21,0,15,5,0,8,15,13,28,1,2,1,0,0,1,0,0,1,1,1,2,1,7,5,6,1,3,1,0,4,4,5,9,987,17,58,-231,7,281,520,148,Austin,2023-03-19
2024,3,19,76,174,81,12,1,13,12,11,24,14,47,61,48,99,58,2,1,4,6,7,15,5,28,33,24,64,16,7,0,8,6,3,6,8,15,23,0,3,3,0,0,0,0,0,1,0,1,1,4,8,4,3,0,1,0,1,2,1,3,4,1026,15,68,-229,9,300,520,121,Austin,2024-03-19
2012,4,19,,,,,,,,,,,,,,,,,,,,,,,,,,,,,,,,,,,,,,,,,,,,,,,,,,,,,,,,,,,,,,,,,,,,,Austin,2012-04-19
2013,4,19,,,,,,,,,,,,,,,,,,,,,,,,,,,,,,,,,,,,,,,,,,,,,,,,,,,,,,,,,,,,,,,,,,,,,Austin,2013-04-19
2014,4,19,106,104,48,6,1,27,20,19,11,28,50,78,58,62,35,2,0,13,15,18,7,13,40,53,39,29,12,3,1,12,4,1,3,13,8,21,1,1,0,0,0,0,1,0,0,0,1,1,8,12,1,1,0,2,0,0,1,2,1,3,1378,8,112,-197,41,336,675,138,Austin,2014-04-19
2015,4,19,121,99,64,5,1,21,18,20,12,22,50,72,67,43,39,1,1,9,15,15,6,10,36,46,43,49,17,3,0,11,2,4,5,11,11,22,2,1,0,0,0,0,0,0,0,0,0,0,9,6,8,1,0,1,1,1,1,1,3,4,1367,12,105,-196,42,359,753,131,Austin,2015-04-19
2016,4,19,135,136,79,2,4,19,19,19,17,23,55,78,86,86,62,0,4,13,13,13,14,17,40,57,38,39,8,2,0,5,6,3,1,5,10,15,1,2,5,0,0,0,0,0,2,0,2,2,10,9,4,0,0,1,0,3,0,1,3,4,1545,26,102,-201,37,417,813,117,Austin,2016-04-19
2017,4,19,139,154,83,4,1,22,23,17,13,23,53,76,94,86,70,2,1,11,20,11,9,12,40,52,33,51,8,2,0,10,3,5,4,10,12,22,1,1,1,0,0,0,0,0,0,0,0,0,11,16,4,0,0,1,0,1,0,1,1,2,1740,22,126,-200,38,469,908,139,Austin,2017-04-19
2018,4,19,110,132,90,6,3,26,17,11,19,29,47,76,64,73,76,0,2,13,11,9,14,15,34,49,34,50,6,5,1,9,6,1,4,10,11,21,1,1,1,0,0,0,0,0,1,0,1,1,11,8,7,1,0,4,0,1,0,4,1,5,1505,12,100,-199,39,378,782,157,Austin,2018-04-19
2019,4,19,132,150,93,6,3,18,18,19,18,21,55,76,86,96,73,1,2,7,10,9,14,9,33,42,32,45,13,3,1,9,6,7,2,10,15,25,0,1,2,0,0,0,0,1,1,0,2,2,14,8,5,2,0,2,2,2,1,2,5,7,1576,17,124,-198,40,412,846,157,Austin,2019-04-19
2020,4,19,115,135,19,18,3,24,12,6,28,27,46,73,65,71,14,6,1,15,6,3,20,16,29,45,39,57,5,9,0,8,6,1,7,8,14,22,1,0,0,0,0,0,0,0,1,0,1,1,10,7,0,3,2,1,0,2,0,3,2,5,880,12,60,-196,42,249,472,132,Austin,2020-04-19
2021,4,19,95,202,42,20,3,27,10,6,28,30,44,74,69,115,34,8,2,14,5,3,22,16,30,46,23,76,4,8,0,13,3,1,3,13,7,20,0,0,1,0,0,0,0,0,0,0,0,0,3,11,3,4,1,0,2,2,3,1,7,8,1005,11,69,-202,36,312,484,168,Austin,2021-04-19
2022,4,19,70,149,56,11,3,17,8,4,26,20,38,58,46,89,45,6,2,12,5,4,17,14,26,40,17,37,7,5,1,5,3,0,4,6,7,13,0,5,1,0,0,0,0,0,0,0,0,0,7,18,3,0,0,0,0,0,5,0,5,5,891,14,67,-201,37,257,457,116,Austin,2022-04-19
2023,4,19,81,166,46,10,6,14,15,10,37,20,62,82,46,99,37,4,5,6,11,6,25,11,42,53,25,55,8,6,1,8,4,4,10,9,18,27,1,3,0,0,0,0,0,0,1,0,1,1,9,9,1,0,0,0,0,0,1,0,1,1,1042,12,72,-200,38,317,542,128,Austin,2023-04-19
2024,4,19,89,161,66,16,3,30,8,11,23,33,42,75,39,81,46,1,2,16,3,9,15,18,27,45,42,66,12,12,1,12,5,2,7,13,14,27,0,7,2,0,0,1,0,0,0,1,0,1,8,7,6,3,0,1,0,0,1,1,1,2,1162,21,87,-198,40,291,648,141,Austin,2024-04-19
2012,5,19,,,,,,,,,,,,,,,,,,,,,,,,,,,,,,,,,,,,,,,,,,,,,,,,,,,,,,,,,,,,,,,,,,,,,Austin,2012-05-19
2013,5,19,,,,,,,,,,,,,,,,,,,,,,,,,,,,,,,,,,,,,,,,,,,,,,,,,,,,,,,,,,,,,,,,,,,,,Austin,2013-05-19
2014,5,19,136,94,90,4,5,24,34,14,24,29,72,101,81,48,70,0,2,14,26,12,17,16,55,71,37,35,17,4,3,10,6,1,5,13,12,25,0,0,1,0,0,0,0,1,0,0,1,1,18,11,2,0,0,0,2,0,2,0,4,4,1679,18,142,-167,71,441,799,141,Austin,2014-05-19
2015,5,19,108,136,75,1,3,23,34,20,15,26,69,95,70,92,65,0,0,14,28,14,13,14,55,69,27,29,5,1,3,4,4,4,1,7,9,16,0,0,2,0,0,0,0,0,0,0,0,0,11,15,3,0,0,5,2,2,1,5,5,10,1579,18,121,-166,72,406,834,125,Austin,2015-05-19
2016,5,19,99,135,104,4,3,19,26,7,10,22,43,65,70,77,91,1,2,12,19,3,7,14,29,43,23,42,6,3,1,5,6,4,2,6,12,18,0,2,2,0,0,0,0,0,0,0,0,0,6,14,5,0,0,2,1,0,1,2,2,4,1629,15,145,-171,67,386,899,137,Austin,2016-05-19
2017,5,19,116,148,80,4,4,32,23,13,12,36,48,84,70,82,68,3,0,16,16,7,10,16,33,49,31,49,7,1,3,12,5,4,0,15,9,24,1,1,0,0,0,0,0,0,1,0,1,1,14,16,5,0,1,4,2,2,1,5,5,10,1748,18,158,-170,68,428,954,143,Austin,2017-05-19
2018,5,19,107,120,65,5,2,31,20,7,15,33,42,75,55,70,44,1,0,21,14,5,10,21,29,50,41,37,18,3,2,5,5,2,5,7,12,19,0,1,0,0,0,1,0,0,0,1,0,1,11,12,3,1,0,4,1,0,0,4,1,5,1439,15,127,-169,69,332,797,150,Austin,2018-05-19
2019,5,19,123,145,62,6,9,23,18,14,21,32,53,85,66,88,42,2,1,16,12,8,17,17,37,54,51,48,12,4,8,4,6,2,3,12,11,23,0,1,0,0,0,0,0,0,0,0,0,0,6,8,8,0,0,3,0,4,1,3,5,8,1438,4,108,-168,70,354,767,163,Austin,2019-05-19
2020,5,19,106,149,41,10,4,20,24,19,23,24,66,90,80,94,35,5,3,14,13,17,16,17,46,63,22,43,3,4,1,4,8,2,6,5,16,21,0,1,0,0,0,0,0,0,0,0,0,0,4,11,3,1,0,2,3,0,1,2,4,6,1223,22,91,-166,72,346,583,155,Austin,2020-05-19
2021,5,19,101,171,48,14,3,20,8,9,18,23,35,58,60,121,37,4,2,14,6,7,12,16,25,41,29,36,10,10,1,3,1,2,5,4,8,12,1,3,0,0,0,1,0,0,0,1,0,1,11,11,1,0,0,2,1,0,1,2,2,4,942,16,76,-172,66,277,474,141,Austin,2021-05-19
2022,5,19,93,198,77,13,3,12,6,6,26,15,38,53,66,133,64,4,1,9,3,4,22,10,29,39,20,37,6,6,2,3,2,0,4,5,6,11,0,1,1,0,0,0,0,1,0,0,1,1,7,27,6,3,0,0,1,1,0,0,2,2,1099,10,100,-171,67,292,572,168,Austin,2022-05-19
2023,5,19,100,219,73,16,2,17,10,5,44,19,59,78,60,142,59,6,2,9,5,5,35,11,45,56,32,59,8,6,0,6,5,0,6,6,11,17,0,5,0,1,0,0,0,0,0,0,0,0,8,13,6,3,0,2,0,0,3,2,3,5,1065,9,71,-170,68,302,554,166,Austin,2023-05-19
2024,5,19,111,134,49,15,2,22,7,14,35,24,56,80,58,75,30,1,1,12,0,9,25,13,34,47,42,49,11,13,1,9,7,4,8,10,19,29,1,3,1,0,0,0,0,0,0,0,0,0,10,7,7,1,0,1,0,1,2,1,3,4,990,9,72,-168,70,260,535,147,Austin,2024-05-19
2012,6,19,,,,,,,,,,,,,,,,,,,,,,,,,,,,,,,,,,,,,,,,,,,,,,,,,,,,,,,,,,,,,,,,,,,,,Austin,2012-06-19
2013,6,19,,,,,,,,,,,,,,,,,,,,,,,,,,,,,,,,,,,,,,,,,,,,,,,,,,,,,,,,,,,,,,,,,,,,,Austin,2013-06-19
2014,6,19,118,110,80,6,4,22,25,13,13,26,51,77,79,60,68,0,2,11,21,10,10,13,41,54,24,35,10,2,0,8,2,2,2,8,6,14,1,1,0,0,0,0,0,0,0,0,0,0,14,14,2,4,2,3,2,1,1,5,4,9,1660,16,154,-136,102,420,822,116,Austin,2014-06-19
2015,6,19,87,133,90,5,1,15,10,16,13,16,39,55,58,87,78,3,1,7,6,15,11,8,32,40,23,33,5,0,0,7,3,0,2,7,5,12,1,2,0,0,0,0,0,0,0,0,0,0,5,11,7,2,0,1,1,1,0,1,2,3,1668,22,162,-135,103,392,887,130,Austin,2015-06-19
2016,6,19,120,92,46,10,3,34,12,7,16,37,35,72,69,46,37,2,0,19,11,6,12,19,29,48,41,37,7,5,3,12,1,1,3,15,5,20,0,1,0,0,0,0,0,0,0,0,0,0,10,8,2,3,0,3,0,0,1,3,1,4,1307,12,126,-140,98,304,749,124,Austin,2016-06-19
2017,6,19,123,116,81,6,2,28,29,7,24,30,60,90,83,74,70,4,1,18,24,7,18,19,49,68,27,32,6,2,0,10,5,0,3,10,8,18,0,2,0,0,0,0,0,0,0,0,0,0,13,8,5,0,1,0,0,0,3,1,3,4,1600,11,125,-139,99,419,849,115,Austin,2017-06-19
2018,6,19,87,121,120,6,2,17,25,14,18,19,57,76,60,81,103,2,1,10,18,10,14,11,42,53,23,34,15,4,0,6,6,3,3,6,12,18,0,0,0,0,0,0,0,0,1,0,1,1,4,6,2,0,1,1,1,1,0,2,2,4,1384,11,123,-138,100,369,750,133,Austin,2018-06-19
2019,6,19,114,171,104,7,1,17,18,15,28,18,61,79,74,109,87,4,0,13,16,9,22,13,47,60,28,42,9,2,0,3,1,3,5,3,9,12,2,2,3,0,0,0,0,0,0,0,0,0,10,18,5,1,1,1,1,3,1,2,5,7,1497,23,128,-137,101,424,759,170,Austin,2019-06-19
2020,6,19,104,135,49,15,3,24,18,10,27,27,55,82,68,85,36,5,1,12,10,9,23,13,42,55,27,33,7,5,2,8,4,1,3,10,8,18,0,1,0,0,0,0,2,0,1,0,3,3,9,16,6,5,0,4,2,0,0,4,2,6,1034,13,97,-135,103,302,563,137,Austin,2020-06-19
2021,6,19,108,171,60,20,2,27,11,4,20,29,35,64,53,106,43,2,1,16,6,3,18,17,27,44,40,50,12,17,1,9,5,1,2,10,8,18,4,3,1,0,0,0,0,0,0,0,0,0,11,12,4,1,0,2,0,0,0,2,0,2,1141,12,100,-141,97,311,610,183,Austin,2021-06-19
2022,6,19,103,138,50,22,8,35,9,7,18,43,34,77,58,83,24,7,5,15,5,5,10,20,20,40,35,45,21,13,2,16,4,2,7,18,13,31,0,2,0,0,0,1,0,0,0,1,0,1,10,8,5,2,1,3,0,0,1,4,1,5,994,10,83,-140,98,284,515,156,Austin,2022-06-19
2023,6,19,78,160,57,15,4,23,10,8,33,27,51,78,56,114,44,6,3,11,6,6,24,14,36,50,16,34,7,7,1,8,3,0,5,9,8,17,1,3,0,0,0,1,0,0,1,1,1,2,5,9,6,2,0,3,1,2,3,3,6,9,1044,9,88,-139,99,300,540,127,Austin,2023-06-19
2024,6,19,68,154,89,9,3,11,14,8,20,14,42,56,34,90,66,1,2,5,5,5,15,7,25,32,30,45,9,5,1,6,7,2,3,7,12,19,1,1,4,0,0,0,0,0,1,0,1,1,3,18,10,3,0,0,2,1,1,0,4,4,938,14,84,-137,101,263,518,112,Austin,2024-06-19
2012,7,19,,,,,,,,,,,,,,,,,,,,,,,,,,,,,,,,,,,,,,,,,,,,,,,,,,,,,,,,,,,,,,,,,,,,,Austin,2012-07-19
2013,7,19,,,,,,,,,,,,,,,,,,,,,,,,,,,,,,,,,,,,,,,,,,,,,,,,,,,,,,,,,,,,,,,,,,,,,Austin,2013-07-19
2014,7,19,150,112,70,8,4,18,14,25,10,22,49,71,75,59,48,1,2,7,8,17,3,9,28,37,62,37,16,5,1,10,6,6,5,11,17,28,0,0,0,0,0,0,0,0,0,0,0,0,13,16,6,2,1,1,0,2,2,2,4,6,1600,14,169,-106,132,388,823,167,Austin,2014-07-19
2015,7,19,118,111,59,14,4,27,21,10,19,31,50,81,74,53,41,3,2,14,13,6,15,16,34,50,32,51,10,6,1,10,5,4,3,11,12,23,0,0,0,0,0,0,1,0,0,0,1,1,12,7,8,5,1,3,2,0,1,4,3,7,1509,9,147,-105,133,361,817,142,Austin,2015-07-19
2016,7,19,109,125,89,9,2,15,22,9,9,17,40,57,72,73,77,2,1,7,18,8,6,8,32,40,27,36,7,6,1,6,3,1,2,7,6,13,0,1,1,0,0,0,0,0,0,0,0,0,10,15,4,1,0,2,1,0,1,2,2,4,1505,14,133,-110,128,361,811,129,Austin,2016-07-19
2017,7,19,114,130,90,6,3,18,24,12,17,21,53,74,72,82,80,1,1,9,15,9,14,10,38,48,34,38,8,3,1,8,8,2,1,9,11,20,1,0,2,0,0,0,0,0,0,0,0,0,7,10,0,2,1,1,1,1,2,2,4,6,1606,19,128,-109,129,391,834,123,Austin,2017-07-19
2018,7,19,107,135,92,8,2,24,14,13,20,26,47,73,72,85,87,1,2,13,9,11,16,15,36,51,22,36,2,7,0,8,4,2,3,8,9,17,2,3,0,0,0,0,0,0,0,0,0,0,11,11,3,0,0,3,1,0,1,3,2,5,1470,20,128,-108,130,379,761,144,Austin,2018-07-19
2019,7,19,102,158,101,12,2,25,33,13,21,27,67,94,66,77,82,4,1,14,23,8,14,15,45,60,28,57,15,4,1,8,8,4,5,9,17,26,2,1,0,0,0,0,1,0,2,0,3,3,6,23,4,4,0,3,1,1,0,3,2,5,1495,14,116,-107,131,424,763,161,Austin,2019-07-19
2020,7,19,73,121,39,20,6,28,8,12,22,34,42,76,33,63,24,7,4,11,4,10,19,15,33,48,32,47,11,9,2,14,3,1,2,16,6,22,1,0,0,0,0,0,1,0,1,0,2,2,7,11,4,4,0,3,0,1,0,3,1,4,938,13,92,-105,133,282,494,114,Austin,2020-07-19
2021,7,19,84,142,63,18,4,25,6,9,28,29,43,72,59,88,51,5,4,16,4,7,23,20,34,54,18,38,10,7,0,7,1,2,5,7,8,15,0,3,1,0,0,0,1,0,0,0,1,1,7,13,1,6,0,2,0,0,0,2,0,2,1088,14,86,-111,127,327,567,155,Austin,2021-07-19
2022,7,19,78,164,49,15,4,27,12,4,28,31,44,75,46,116,42,5,4,16,9,4,22,20,35,55,25,38,5,9,0,6,3,0,3,6,6,12,0,1,1,0,0,1,0,0,0,1,0,1,7,9,1,1,0,4,0,0,3,4,3,7,990,13,74,-110,128,286,522,119,Austin,2022-07-19
2023,7,19,80,162,62,6,2,16,17,5,36,18,58,76,41,113,50,4,1,7,9,3,28,8,40,48,21,35,9,1,1,8,6,2,6,9,14,23,0,2,1,0,0,0,0,0,1,0,1,1,18,12,2,1,0,1,2,0,1,1,3,4,1093,11,95,-109,129,330,567,109,Austin,2023-07-19
2024,7,19,76,163,53,14,2,21,5,9,23,23,37,60,52,118,46,5,1,9,2,8,18,10,28,38,13,25,6,5,1,9,3,1,3,10,7,17,0,2,1,0,0,0,0,0,0,0,0,0,11,18,0,4,0,3,0,0,2,3,2,5,1000,13,114,-107,131,266,562,110,Austin,2024-07-19
2012,8,19,,,,,,,,,,,,,,,,,,,,,,,,,,,,,,,,,,,,,,,,,,,,,,,,,,,,,,,,,,,,,,,,,,,,,Austin,2012-08-19
2013,8,19,,,,,,,,,,,,,,,,,,,,,,,,,,,,,,,,,,,,,,,,,,,,,,,,,,,,,,,,,,,,,,,,,,,,,Austin,2013-08-19
2014,8,19,114,126,84,4,4,16,28,39,12,20,79,99,79,78,72,3,1,8,23,32,8,9,63,72,28,40,7,0,3,5,3,6,4,8,13,21,1,4,0,0,0,0,0,0,0,0,0,0,6,4,5,1,0,3,2,1,0,3,3,6,1723,15,109,-75,163,421,793,127,Austin,2014-08-19
2015,8,19,99,133,87,3,4,19,21,23,14,23,58,81,58,78,74,1,2,8,14,16,9,10,39,49,27,38,11,2,2,10,4,4,4,12,12,24,0,0,1,0,0,0,1,0,1,0,2,2,14,17,1,0,0,1,2,3,0,1,5,6,1683,30,125,-74,164,388,869,137,Austin,2015-08-19
2016,8,19,117,120,96,9,5,12,23,21,15,17,59,76,67,81,71,3,0,8,20,15,10,8,45,53,39,27,15,5,4,3,3,5,4,7,12,19,2,2,2,0,0,0,0,0,0,0,0,0,9,10,8,1,1,1,0,1,1,2,2,4,1765,20,112,-79,159,371,996,131,Austin,2016-08-19
2017,8,19,116,133,70,6,2,31,21,10,13,33,44,77,66,66,57,2,2,13,13,7,11,15,31,46,40,50,8,4,0,11,5,2,2,11,9,20,1,0,1,0,0,1,1,0,0,1,1,2,9,17,4,0,0,6,2,1,0,6,3,9,1370,18,109,-78,160,329,748,140,Austin,2017-08-19
2018,8,19,82,116,61,10,4,33,9,8,12,37,29,66,43,65,45,0,1,15,5,6,8,16,19,35,32,39,14,9,3,16,2,2,4,19,8,27,0,1,0,0,0,0,0,0,0,0,0,0,7,11,2,1,0,2,2,0,0,2,2,4,1254,12,88,-77,161,302,723,140,Austin,2018-08-19
2019,8,19,106,177,100,9,6,26,31,12,20,32,63,95,58,113,88,2,2,15,22,9,16,17,47,64,34,43,8,7,2,6,8,3,4,8,15,23,1,3,1,0,0,0,0,0,0,0,0,0,13,18,3,0,2,5,1,0,0,7,1,8,1459,18,101,-76,162,404,762,166,Austin,2019-08-19
2020,8,19,80,147,32,12,2,18,7,12,33,20,52,72,46,84,26,3,0,14,1,10,25,14,36,50,25,50,4,7,2,3,6,1,6,5,13,18,0,0,0,0,0,0,0,1,1,0,2,2,9,13,2,2,0,1,0,0,1,1,1,2,975,10,67,-74,164,289,499,140,Austin,2020-08-19
2021,8,19,109,175,65,19,3,20,14,13,34,23,61,84,78,103,54,6,1,14,8,9,24,15,41,56,25,59,6,11,1,4,6,4,7,5,17,22,0,2,0,0,0,0,0,0,0,0,0,0,6,11,5,2,1,2,0,0,3,3,3,6,1117,12,74,-80,158,321,595,150,Austin,2021-08-19
2022,8,19,90,179,85,18,1,32,4,12,31,33,47,80,47,107,74,8,0,13,2,10,20,13,32,45,30,57,8,8,1,12,2,2,8,13,12,25,0,1,1,0,0,0,0,0,1,0,1,1,13,14,2,2,0,7,0,0,2,7,2,9,1077,10,88,-79,159,271,586,148,Austin,2022-08-19
2023,8,19,97,145,63,20,5,31,10,9,26,36,45,81,57,83,42,5,2,13,3,8,16,15,27,42,33,53,16,14,3,12,7,1,6,15,14,29,0,1,0,0,0,0,0,0,2,0,2,2,7,8,5,1,0,6,0,0,2,6,2,8,1031,9,82,-78,160,293,529,138,Austin,2023-08-19
2024,8,19,88,201,70,14,4,20,20,9,36,24,65,89,52,135,53,0,4,12,12,7,26,16,45,61,27,47,12,13,0,7,8,2,7,7,17,24,1,6,2,0,0,0,0,0,1,0,1,1,8,13,3,1,0,1,0,0,2,1,2,3,1123,15,72,-76,162,335,603,126,Austin,2024-08-19
2012,9,19,,,,,,,,,,,,,,,,,,,,,,,,,,,,,,,,,,,,,,,,,,,,,,,,,,,,,,,,,,,,,,,,,,,,,Austin,2012-09-19
2013,9,19,,,,,,,,,,,,,,,,,,,,,,,,,,,,,,,,,,,,,,,,,,,,,,,,,,,,,,,,,,,,,,,,,,,,,Austin,2013-09-19
2014,9,19,99,120,91,3,0,25,24,18,17,25,59,84,58,72,67,2,0,17,15,11,11,17,37,54,35,38,17,1,0,8,5,5,6,8,16,24,0,0,2,0,0,0,1,0,0,0,1,1,6,10,5,0,0,0,3,2,0,0,5,5,1748,22,109,-44,194,396,867,138,Austin,2014-09-19
2015,9,19,130,125,87,7,5,17,23,17,10,22,50,72,64,59,64,3,1,7,16,10,7,8,33,41,54,56,18,4,4,10,5,4,3,14,12,26,0,0,0,0,0,0,0,0,0,0,0,0,12,10,5,0,0,0,2,3,0,0,5,5,1637,14,121,-43,195,387,923,172,Austin,2015-09-19
2016,9,19,99,138,100,9,5,29,33,14,17,34,64,98,58,86,74,1,3,17,23,11,11,20,45,65,35,42,16,6,2,11,7,2,4,13,13,26,0,2,2,0,0,0,0,0,0,0,0,0,6,8,8,2,0,1,3,1,2,1,6,7,1502,20,95,-48,190,403,828,136,Austin,2016-09-19
2017,9,19,109,151,85,6,2,24,28,19,13,26,60,86,62,90,68,3,2,17,20,13,8,19,41,60,37,49,10,3,0,5,8,2,3,5,13,18,1,2,4,0,0,0,0,1,1,0,2,2,9,10,3,0,0,2,0,3,1,2,4,6,1522,22,96,-47,191,408,754,153,Austin,2017-09-19
2018,9,19,99,126,83,10,5,11,24,12,15,16,51,67,52,77,66,5,4,3,13,5,11,7,29,36,36,38,9,5,1,6,9,5,4,7,18,25,0,2,4,0,0,0,2,0,0,0,2,2,11,9,4,0,0,2,0,2,0,2,2,4,1418,23,83,-46,192,356,775,133,Austin,2018-09-19
2019,9,19,110,163,108,10,3,21,14,12,36,24,62,86,69,95,81,4,1,10,11,9,23,11,43,54,30,54,17,6,1,8,1,2,13,9,16,25,1,2,3,0,1,0,0,0,0,1,0,1,10,12,7,0,0,3,2,1,0,3,3,6,1491,19,94,-45,193,420,747,173,Austin,2019-09-19
2020,9,19,100,158,46,23,2,23,10,13,16,25,39,64,53,86,26,4,0,10,5,10,12,10,27,37,37,53,15,18,1,11,3,1,4,12,8,20,1,2,0,0,1,0,0,1,0,1,1,2,9,17,5,1,0,2,2,1,0,2,3,5,1043,11,80,-43,195,301,537,155,Austin,2020-09-19
2021,9,19,108,149,56,17,5,28,11,6,16,33,33,66,59,71,24,5,1,10,7,5,10,11,22,33,41,69,23,12,4,14,3,0,6,18,9,27,0,0,0,0,0,0,0,1,0,0,1,1,8,9,9,0,0,4,1,0,0,4,1,5,1000,6,74,-49,189,283,553,126,Austin,2021-09-19
2022,9,19,86,162,54,10,10,22,8,9,26,32,43,75,50,106,40,1,6,9,2,7,24,15,33,48,30,44,8,9,3,12,5,1,2,15,8,23,0,2,3,0,0,0,0,0,0,0,0,0,6,10,3,0,1,1,1,1,0,2,2,4,961,16,61,-48,190,294,503,119,Austin,2022-09-19
2023,9,19,60,155,49,15,5,17,8,12,28,22,48,70,38,98,40,8,2,11,2,8,19,13,29,42,18,47,6,6,3,4,6,4,7,7,17,24,1,2,1,0,0,0,0,0,2,0,2,2,3,8,2,1,0,2,0,0,0,2,0,2,1004,12,68,-47,191,288,517,109,Austin,2023-09-19
2024,9,19,86,144,57,15,3,12,8,6,26,15,40,55,48,87,45,8,1,9,5,4,21,10,30,40,31,47,7,4,1,1,3,2,4,2,9,11,1,1,1,0,0,1,0,0,1,1,1,2,6,9,4,3,1,1,0,0,0,2,0,2,1020,18,61,-45,193,246,544,146,Austin,2024-09-19
2012,10,19,,,,,,,,,,,,,,,,,,,,,,,,,,,,,,,,,,,,,,,,,,,,,,,,,,,,,,,,,,,,,,,,,,,,,Austin,2012-10-19
2013,10,19,,,,,,,,,,,,,,,,,,,,,,,,,,,,,,,,,,,,,,,,,,,,,,,,,,,,,,,,,,,,,,,,,,,,,Austin,2013-10-19
2014,10,19,101,111,52,6,2,27,14,19,11,29,44,73,45,47,28,1,0,15,9,8,7,15,24,39,46,55,18,5,2,10,5,8,3,12,16,28,0,2,1,0,0,0,0,0,0,0,0,0,10,7,5,0,0,2,0,3,1,2,4,6,1453,8,83,-14,224,338,775,149,Austin,2014-10-19
2015,10,19,101,103,90,5,2,16,32,19,14,18,65,83,49,55,70,0,1,8,19,12,9,9,40,49,43,42,12,5,1,7,11,5,3,8,19,27,1,1,2,0,0,0,1,0,0,0,1,1,8,5,6,0,0,1,1,2,2,1,5,6,1562,29,105,-13,225,368,789,124,Austin,2015-10-19
2016,10,19,122,124,106,4,3,16,26,13,13,19,52,71,64,76,71,2,0,7,15,11,8,7,34,41,40,39,24,2,3,7,9,1,5,10,15,25,1,1,5,0,0,0,1,0,0,0,1,1,17,8,6,0,0,2,1,1,0,2,2,4,1607,26,109,-18,220,397,875,159,Austin,2016-10-19
2017,10,19,100,129,81,9,2,18,23,17,19,20,59,79,62,68,63,4,1,10,12,11,11,11,34,45,33,51,12,3,1,8,8,2,8,9,18,27,0,1,4,0,0,0,1,0,0,0,1,1,5,9,2,2,0,0,2,4,0,0,6,6,1637,24,102,-17,221,380,862,118,Austin,2017-10-19
2018,10,19,101,141,115,11,3,15,29,15,12,18,56,74,62,72,76,2,3,4,17,14,9,7,40,47,33,56,24,8,0,7,9,0,2,7,11,18,2,1,4,1,0,0,0,0,0,0,0,0,4,12,11,0,0,4,3,1,1,4,5,9,1467,21,127,-16,222,395,794,157,Austin,2018-10-19
2019,10,19,119,163,92,15,2,30,16,17,24,32,57,89,47,74,54,1,1,16,6,11,15,17,32,49,64,82,29,13,1,12,8,5,7,13,20,33,1,1,0,0,0,0,0,0,0,0,0,0,7,6,9,1,0,2,2,1,2,2,5,7,1347,14,91,-15,223,374,720,163,Austin,2019-10-19
2020,10,19,90,143,43,13,6,14,8,11,33,20,52,72,49,67,28,5,4,8,6,4,19,12,29,41,32,62,13,7,2,5,1,7,12,7,20,27,0,5,0,0,0,0,0,0,1,0,1,1,9,9,2,1,0,1,1,0,1,1,2,3,1008,14,70,-13,225,324,484,127,Austin,2020-10-19
2021,10,19,48,153,69,15,2,12,8,4,20,14,32,46,36,89,52,3,2,6,4,3,18,8,25,33,11,52,15,8,0,6,3,1,1,6,5,11,0,0,0,0,0,0,0,0,0,0,0,0,1,12,2,4,0,0,1,0,1,0,2,2,900,15,70,-19,219,276,455,120,Austin,2021-10-19
2022,10,19,65,152,61,10,5,15,15,4,24,20,43,63,30,87,43,1,4,6,5,3,14,10,22,32,29,54,14,9,1,7,9,1,7,8,17,25,0,3,0,0,0,0,0,0,0,0,0,0,6,8,4,0,0,2,1,0,3,2,4,6,939,10,56,-18,220,278,481,123,Austin,2022-10-19
2023,10,19,76,158,79,15,1,18,9,4,34,19,47,66,39,94,56,4,0,10,3,3,25,10,31,41,30,46,16,10,1,7,5,1,8,8,14,22,1,5,1,0,0,0,0,0,0,0,0,0,6,13,6,1,0,1,1,0,1,1,2,3,1016,15,79,-17,221,304,527,105,Austin,2023-10-19
2024,10,19,92,139,72,24,4,19,12,5,31,23,48,71,41,86,36,6,3,7,4,3,18,10,25,35,48,45,31,17,1,10,6,2,11,11,19,30,0,0,2,0,0,0,0,0,0,0,0,0,3,8,3,1,0,2,2,0,2,2,4,6,1022,9,46,-15,223,250,552,159,Austin,2024-10-19
2012,11,19,,,,,,,,,,,,,,,,,,,,,,,,,,,,,,,,,,,,,,,,,,,,,,,,,,,,,,,,,,,,,,,,,,,,,Austin,2012-11-19
2013,11,19,,,,,,,,,,,,,,,,,,,,,,,,,,,,,,,,,,,,,,,,,,,,,,,,,,,,,,,,,,,,,,,,,,,,,Austin,2013-11-19
2014,11,19,105,94,73,0,5,20,27,15,21,25,63,88,56,41,48,0,1,7,11,5,17,8,33,41,37,42,10,0,4,10,13,9,1,14,23,37,2,1,1,0,0,0,0,0,1,0,1,1,10,10,14,0,0,3,3,1,2,3,6,9,1594,20,142,17,255,404,763,124,Austin,2014-11-19
2015,11,19,97,139,105,2,3,15,20,14,16,18,50,68,53,67,67,0,1,8,11,9,11,9,31,40,35,65,21,1,2,5,6,3,4,7,13,20,4,1,2,0,0,0,0,0,0,0,0,0,5,6,15,1,0,2,3,2,1,2,6,8,1629,20,105,18,256,364,827,143,Austin,2015-11-19
2016,11,19,107,99,82,6,3,25,16,11,12,28,39,67,46,35,47,1,1,11,6,6,8,12,20,32,58,56,30,5,2,12,8,3,4,14,15,29,0,0,0,0,0,0,0,0,0,0,0,0,3,8,5,0,0,2,2,2,0,2,4,6,1435,13,85,13,251,310,788,139,Austin,2016-11-19
2017,11,19,103,120,61,8,1,22,19,13,18,23,50,73,56,56,36,1,0,10,3,9,8,10,20,30,38,55,15,5,1,12,13,3,8,13,24,37,0,2,2,0,0,0,0,0,0,0,0,0,9,7,8,2,0,0,3,1,2,0,6,6,1327,16,97,14,252,314,715,132,Austin,2017-11-19
2018,11,19,86,105,73,12,3,22,24,16,16,25,56,81,41,47,44,3,2,8,20,9,8,10,37,47,37,52,17,8,0,12,2,3,5,12,10,22,2,2,1,0,0,0,1,0,1,0,2,2,6,4,11,1,1,2,1,4,2,3,7,10,1293,15,106,15,253,336,659,112,Austin,2018-11-19
2019,11,19,118,160,98,13,4,23,25,11,32,27,68,95,71,77,66,4,2,12,20,5,18,14,43,57,36,69,14,7,2,8,5,5,11,10,21,31,1,3,2,0,0,0,0,0,0,0,0,0,10,11,16,2,0,3,0,1,3,3,4,7,1384,32,117,16,254,385,712,156,Austin,2019-11-19
2020,11,19,88,135,53,11,2,21,8,15,33,23,56,79,42,71,32,0,1,3,3,10,16,4,29,33,35,56,16,11,0,17,5,4,14,17,23,40,1,2,1,0,0,1,0,0,2,1,2,3,10,6,4,0,1,0,0,1,1,1,2,3,984,16,66,18,256,297,473,134,Austin,2020-11-19
2021,11,19,71,151,72,18,2,21,7,4,27,23,38,61,40,82,40,3,0,10,4,1,16,10,21,31,25,56,20,14,2,11,3,2,10,13,15,28,1,0,3,0,0,0,0,0,0,0,0,0,5,13,9,1,0,0,0,1,1,0,2,2,1043,16,79,12,250,309,548,144,Austin,2021-11-19
2022,11,19,64,170,79,25,3,22,21,6,25,25,52,77,33,91,43,2,1,10,10,5,14,11,29,40,28,64,31,22,2,10,5,1,9,12,15,27,1,2,1,0,0,0,5,0,0,0,5,5,2,13,4,1,0,2,1,0,2,2,3,5,965,13,60,13,251,291,523,121,Austin,2022-11-19
2023,11,19,104,129,89,34,8,20,11,10,40,28,61,89,44,57,42,6,3,6,5,4,26,9,35,44,51,62,34,26,5,9,5,6,12,14,23,37,1,3,1,0,0,1,0,0,0,1,0,1,8,7,12,2,0,4,1,0,2,4,3,7,1016,12,63,14,252,303,527,128,Austin,2023-11-19
2024,11,19,68,164,79,12,4,13,6,7,23,17,36,53,38,96,58,4,2,12,3,3,17,14,23,37,21,61,11,5,1,1,3,4,5,2,12,14,0,0,0,0,0,0,0,0,0,0,0,0,9,7,10,3,1,0,0,0,1,1,1,2,953,15,75,16,254,259,484,140,Austin,2024-11-19
2012,12,19,,,,,,,,,,,,,,,,,,,,,,,,,,,,,,,,,,,,,,,,,,,,,,,,,,,,,,,,,,,,,,,,,,,,,Austin,2012-12-19
2013,12,19,,,,,,,,,,,,,,,,,,,,,,,,,,,,,,,,,,,,,,,,,,,,,,,,,,,,,,,,,,,,,,,,,,,,,Austin,2013-12-19
2014,12,19,86,97,85,9,4,17,23,20,24,21,67,88,41,43,54,0,2,6,13,14,12,8,39,47,37,47,26,8,2,10,7,4,10,12,21,33,0,0,2,0,0,0,0,0,0,0,0,0,8,7,3,1,0,1,3,2,2,1,7,8,1569,14,99,47,285,377,783,124,Austin,2014-12-19
2015,12,19,86,123,75,6,4,20,11,20,12,24,43,67,37,56,43,0,3,6,5,16,5,9,26,35,42,61,20,5,1,13,5,3,7,14,15,29,1,0,0,0,0,0,0,0,0,0,0,0,6,6,12,1,0,1,1,1,0,1,2,3,1457,8,100,48,286,314,802,125,Austin,2015-12-19
2016,12,19,94,119,96,5,7,13,25,15,9,20,49,69,36,59,69,1,2,4,13,12,6,6,31,37,46,45,16,4,5,9,7,2,3,14,12,26,0,0,2,0,0,0,0,0,0,0,0,0,12,15,9,0,0,0,5,1,0,0,6,6,1452,24,127,43,281,397,796,104,Austin,2016-12-19
2017,12,19,90,133,86,10,2,20,30,8,23,22,61,83,40,69,60,2,2,5,17,7,12,7,36,43,40,52,12,7,0,13,10,0,9,13,19,32,0,1,1,0,0,0,1,0,1,0,2,2,10,11,13,1,0,2,2,1,1,2,4,6,1278,21,99,44,282,340,695,135,Austin,2017-12-19
2018,12,19,84,136,99,5,4,22,19,20,20,26,59,85,46,66,59,2,3,8,15,13,14,11,42,53,31,59,23,3,0,13,3,5,3,13,11,24,0,2,4,0,0,0,0,0,1,0,1,1,7,9,13,0,1,1,1,2,2,2,5,7,1380,28,90,45,283,371,725,134,Austin,2018-12-19
2019,12,19,92,154,111,8,2,22,15,11,11,24,37,61,49,70,69,3,0,7,9,3,9,7,21,28,35,71,23,3,2,14,4,7,2,16,13,29,1,1,3,0,0,0,1,0,0,0,1,1,7,12,16,2,0,1,1,1,0,1,2,3,1342,17,99,46,284,382,688,149,Austin,2019-12-19
2020,12,19,89,129,70,17,4,15,8,6,25,19,39,58,42,46,36,4,1,2,5,2,17,3,24,27,40,67,26,11,3,13,3,2,5,16,10,26,4,1,1,0,0,0,0,0,1,0,1,1,3,15,7,2,0,0,0,2,2,0,4,4,931,16,74,48,286,294,467,110,Austin,2020-12-19
2021,12,19,79,127,40,18,2,19,5,5,21,21,31,52,30,42,17,2,1,8,1,4,16,9,21,30,40,77,15,14,1,11,4,1,5,12,10,22,1,1,1,1,0,0,0,0,0,0,0,0,8,7,7,1,0,0,0,0,0,0,0,0,894,11,60,42,280,251,483,131,Austin,2021-12-19
2022,12,19,62,144,95,21,2,19,9,7,33,21,49,70,38,73,57,3,1,6,3,2,26,7,31,38,19,53,22,15,0,12,6,5,7,12,18,30,0,4,2,1,0,0,0,0,0,0,0,0,5,14,14,2,1,1,0,0,0,2,0,2,939,15,80,43,281,285,479,130,Austin,2022-12-19
2023,12,19,72,158,41,8,4,7,9,5,27,11,41,52,39,87,28,2,1,3,0,4,18,4,22,26,24,62,9,6,1,3,8,0,7,4,15,19,0,1,0,0,0,0,0,0,0,0,0,0,9,8,4,0,2,1,1,1,2,3,4,7,905,13,83,44,282,253,468,112,Austin,2023-12-19
2024,12,19,76,135,65,10,1,14,7,5,19,15,31,46,34,70,41,3,0,6,2,4,11,6,17,23,34,57,17,6,0,8,4,1,4,8,9,17,0,5,2,0,0,0,0,0,2,0,2,2,8,3,5,1,1,0,1,0,2,1,3,4,1007,20,63,46,284,255,554,119,Austin,2024-12-19
2012,1,20,,,,,,,,,,,,,,,,,,,,,,,,,,,,,,,,,,,,,,,,,,,,,,,,,,,,,,,,,,,,,,,,,,,,,Austin,2012-01-20
2013,1,20,,,,,,,,,,,,,,,,,,,,,,,,,,,,,,,,,,,,,,,,,,,,,,,,,,,,,,,,,,,,,,,,,,,,,Austin,2013-01-20
2014,1,20,113,126,70,3,3,21,24,24,11,24,59,83,50,62,51,1,2,10,15,13,8,12,36,48,53,58,15,2,1,8,7,6,2,9,15,24,0,0,2,0,0,0,1,0,1,0,2,2,10,6,2,0,0,3,1,5,0,3,6,9,1540,29,109,-286,-48,406,727,124,Austin,2014-01-20
2015,1,20,98,101,90,3,2,20,18,18,15,22,51,73,48,42,65,1,0,8,12,14,10,8,36,44,38,50,12,1,2,11,6,3,4,13,13,26,1,2,1,0,0,0,0,0,1,0,1,1,11,7,12,1,0,1,0,1,0,1,1,2,1612,20,137,-285,-47,391,820,124,Austin,2015-01-20
2016,1,20,110,131,67,7,4,23,25,11,13,27,49,76,51,69,49,1,1,13,20,8,10,14,38,52,42,49,7,6,3,8,4,3,2,11,9,20,2,0,2,0,0,0,1,0,0,0,1,1,15,13,9,0,0,2,0,0,1,2,1,3,1579,25,112,-291,-53,405,732,129,Austin,2016-01-20
2017,1,20,105,125,102,9,1,23,20,12,14,24,46,70,41,63,72,4,0,12,13,2,9,12,24,36,53,53,16,4,1,8,7,9,4,9,20,29,1,1,5,0,0,0,0,0,1,0,1,1,10,8,9,1,0,3,0,1,0,3,1,4,1704,27,106,-289,-51,402,933,135,Austin,2017-01-20
2018,1,20,110,143,60,19,6,27,17,19,17,33,53,86,55,65,32,4,3,12,9,11,11,15,31,46,49,62,20,15,3,14,5,7,5,17,17,34,1,1,0,0,0,0,1,0,0,0,1,1,5,15,8,0,0,1,2,1,1,1,4,5,1391,14,107,-288,-50,326,781,144,Austin,2018-01-20
2019,1,20,88,107,55,12,2,19,24,14,10,21,48,69,32,42,31,2,0,2,13,5,5,2,23,25,47,52,22,10,2,16,8,6,4,18,18,36,2,2,0,0,0,0,0,0,0,0,0,0,7,11,2,0,0,1,3,3,1,1,7,8,1195,16,93,-287,-49,323,653,131,Austin,2019-01-20
2020,1,20,82,153,66,10,5,24,22,12,25,29,59,88,44,64,39,3,2,14,11,6,22,16,39,55,25,67,19,7,2,8,8,6,3,10,17,27,1,5,1,0,0,0,0,0,0,0,0,0,12,17,7,0,1,2,3,0,0,3,3,6,1338,21,120,-286,-48,362,679,161,Austin,2020-01-20
2021,1,20,89,139,45,16,4,13,12,4,17,17,33,50,50,76,27,4,1,10,4,3,10,11,17,28,30,57,13,11,2,3,8,0,5,5,13,18,0,2,0,0,0,0,0,0,0,0,0,0,9,4,5,1,1,0,0,1,2,1,3,4,866,11,64,-291,-53,293,434,101,Austin,2021-01-20
2022,1,20,64,138,29,11,3,12,7,12,39,15,58,73,33,77,14,5,2,3,3,7,22,5,32,37,23,50,8,5,0,9,4,4,12,9,20,29,0,3,2,1,0,0,0,0,1,0,1,1,8,8,5,0,1,0,0,1,4,1,5,6,841,13,76,-290,-52,229,475,91,Austin,2022-01-20
2023,1,20,79,163,41,19,1,13,16,10,24,14,50,64,46,81,20,5,1,10,3,3,17,11,23,34,28,67,14,13,0,1,13,5,6,1,24,25,0,1,1,0,0,0,0,0,0,0,0,0,5,14,6,1,0,2,0,2,1,2,3,5,1035,9,89,-289,-51,304,527,117,Austin,2023-01-20
2024,1,20,57,139,34,23,4,10,4,5,37,14,46,60,18,56,21,0,2,4,1,2,24,6,27,33,36,70,9,21,1,5,3,2,10,6,15,21,0,3,1,1,0,0,0,0,0,0,0,0,3,10,3,1,1,1,0,1,3,2,4,6,893,8,67,-288,-50,264,447,99,Austin,2024-01-20
2012,2,20,,,,,,,,,,,,,,,,,,,,,,,,,,,,,,,,,,,,,,,,,,,,,,,,,,,,,,,,,,,,,,,,,,,,,Austin,2012-02-20
2013,2,20,,,,,,,,,,,,,,,,,,,,,,,,,,,,,,,,,,,,,,,,,,,,,,,,,,,,,,,,,,,,,,,,,,,,,Austin,2013-02-20
2014,2,20,109,128,72,6,1,15,21,22,18,16,61,77,61,69,51,0,0,9,13,12,11,9,36,45,42,47,11,6,1,5,7,8,5,6,20,26,0,2,2,0,0,0,1,0,0,0,1,1,6,10,8,0,0,1,0,2,2,1,4,5,1676,24,112,-255,-17,412,818,127,Austin,2014-02-20
2015,2,20,125,130,76,5,1,28,29,18,16,29,63,92,62,76,53,0,1,10,19,13,8,11,40,51,49,47,16,5,0,14,9,4,4,14,17,31,1,0,1,0,0,0,0,0,2,0,2,2,13,7,6,0,0,4,1,1,2,4,4,8,1772,20,100,-254,-16,401,884,150,Austin,2015-02-20
2016,2,20,117,122,61,14,1,22,20,15,14,23,49,72,63,62,40,5,0,5,8,13,6,5,27,32,44,44,12,9,1,16,11,2,6,17,19,36,1,0,0,0,0,0,0,0,1,0,1,1,9,16,9,0,0,1,1,0,1,1,2,3,1619,12,136,-260,-22,372,860,165,Austin,2016-02-20
2017,2,20,90,120,84,8,1,30,22,14,18,31,54,85,48,64,55,5,1,15,15,3,12,16,30,46,34,43,23,1,0,14,4,9,2,14,15,29,0,0,3,0,0,0,1,0,1,0,2,2,8,13,3,2,0,1,2,2,3,1,7,8,1517,10,108,-258,-20,371,884,102,Austin,2017-02-20
2018,2,20,87,123,98,6,4,26,18,13,21,30,52,82,46,63,75,0,2,10,16,7,17,12,40,52,35,52,12,5,1,16,2,4,0,17,6,23,2,0,4,0,1,0,0,0,1,1,1,2,4,8,7,1,0,0,0,2,3,0,5,5,1348,23,76,-257,-19,373,697,140,Austin,2018-02-20
2019,2,20,85,125,90,10,2,18,16,11,17,20,44,64,48,65,69,5,0,9,12,9,8,9,29,38,28,52,14,5,2,7,3,2,8,9,13,22,0,2,1,0,0,0,0,0,0,0,0,0,9,6,6,0,0,2,1,0,1,2,2,4,1396,22,90,-256,-18,389,709,133,Austin,2019-02-20
2020,2,20,91,140,101,13,0,9,19,12,14,9,45,54,43,70,71,4,0,5,12,8,9,5,29,34,35,55,25,9,0,3,5,2,4,3,11,14,1,4,2,0,0,0,0,0,0,0,0,0,12,11,3,0,0,1,2,2,1,1,5,6,1397,20,95,-255,-17,372,711,153,Austin,2020-02-20
2021,2,20,93,89,55,20,1,32,9,10,27,33,46,79,48,46,35,3,1,15,7,5,18,16,30,46,35,32,19,15,0,16,2,5,7,16,14,30,1,3,0,0,0,0,0,0,1,0,1,1,9,8,1,2,0,1,0,0,1,1,1,2,978,10,62,-260,-22,295,514,125,Austin,2021-02-20
2022,2,20,102,149,46,35,2,28,7,8,25,30,40,70,55,63,27,4,0,10,3,2,17,10,22,32,37,82,14,30,2,14,3,6,6,16,15,31,0,0,1,0,0,1,1,0,0,1,1,2,10,4,4,1,0,3,0,0,2,3,2,5,952,7,52,-259,-21,270,498,141,Austin,2022-02-20
2023,2,20,62,164,49,15,6,25,13,2,41,31,56,87,29,88,31,4,1,13,6,1,31,14,38,52,25,64,13,10,4,11,7,1,8,15,16,31,0,1,1,0,0,0,0,0,1,0,1,1,8,11,4,1,1,1,0,0,1,2,1,3,950,14,64,-258,-20,292,479,114,Austin,2023-02-20
2024,2,20,67,154,57,10,5,15,6,5,33,20,44,64,33,90,45,3,1,4,2,4,28,5,34,39,26,55,9,4,4,7,4,1,4,11,9,20,2,2,0,0,0,1,0,0,0,1,0,1,6,7,3,3,0,3,0,0,1,3,1,4,957,15,62,-257,-19,272,494,109,Austin,2024-02-20
2012,3,20,,,,,,,,,,,,,,,,,,,,,,,,,,,,,,,,,,,,,,,,,,,,,,,,,,,,,,,,,,,,,,,,,,,,,Austin,2012-03-20
2013,3,20,,,,,,,,,,,,,,,,,,,,,,,,,,,,,,,,,,,,,,,,,,,,,,,,,,,,,,,,,,,,,,,,,,,,,Austin,2013-03-20
2014,3,20,106,104,113,2,2,21,30,10,12,23,52,75,60,60,92,1,0,13,20,4,9,13,33,46,31,35,15,1,2,8,8,4,3,10,15,25,0,0,2,0,0,0,1,0,0,0,1,1,15,9,4,0,0,0,1,2,0,0,3,3,1682,15,108,-227,11,394,844,117,Austin,2014-03-20
2015,3,20,107,114,117,4,1,24,11,15,21,25,47,72,53,66,88,1,0,9,5,8,15,9,28,37,48,41,20,3,0,14,4,5,5,14,14,28,0,1,1,0,0,0,1,0,0,0,1,1,6,6,8,0,1,1,1,2,1,2,4,6,1707,17,109,-226,12,355,950,169,Austin,2015-03-20
2016,3,20,169,125,72,14,5,25,23,21,21,30,65,95,75,52,44,4,1,11,15,13,16,12,44,56,81,67,24,6,3,13,8,8,4,16,20,36,1,2,0,0,0,0,0,0,0,0,0,0,12,4,4,4,1,1,0,0,1,2,1,3,1480,9,86,-231,7,368,792,180,Austin,2016-03-20
2017,3,20,102,149,77,7,3,28,25,19,18,31,62,93,59,84,51,1,0,11,16,10,12,11,38,49,31,46,18,6,3,15,7,6,6,18,19,37,0,2,2,0,0,0,0,0,0,0,0,0,12,17,6,0,0,2,2,3,0,2,5,7,1649,21,123,-230,8,434,893,125,Austin,2017-03-20
2018,3,20,111,298,84,9,3,11,23,5,14,14,42,56,71,160,71,4,0,3,15,4,12,3,31,34,31,92,8,4,2,3,6,1,2,5,9,14,2,2,2,0,0,0,1,0,0,0,1,1,7,44,3,1,1,5,1,0,0,6,1,7,2122,26,197,-229,9,303,1414,272,Austin,2018-03-20
2019,3,20,81,153,57,5,3,26,29,15,17,29,61,90,46,83,43,2,1,16,21,14,11,17,46,63,24,62,11,3,1,8,5,1,5,9,11,20,1,0,1,0,0,0,1,0,0,0,1,1,10,8,2,0,1,2,2,0,1,3,3,6,1332,8,76,-228,10,364,705,129,Austin,2019-03-20
2020,3,20,84,162,64,10,1,17,17,7,26,18,50,68,54,106,50,2,0,7,9,5,14,7,28,35,26,48,10,8,0,6,8,1,8,6,17,23,0,2,0,0,0,0,0,0,1,0,1,1,4,6,4,0,1,4,0,1,3,5,4,9,1044,15,78,-226,12,303,557,126,Austin,2020-03-20
2021,3,20,82,151,53,23,3,21,12,6,19,24,37,61,46,64,37,3,3,9,4,4,11,12,19,31,34,66,12,19,0,10,7,2,5,10,14,24,0,3,0,0,0,0,0,0,1,0,1,1,2,18,4,1,0,2,1,0,2,2,3,5,961,11,68,-232,6,288,480,144,Austin,2021-03-20
2022,3,20,102,154,71,43,2,31,10,8,22,33,40,73,56,92,43,12,0,15,3,5,17,15,25,40,41,50,20,30,1,12,6,3,3,13,12,25,1,4,0,0,0,0,0,0,0,0,0,0,4,8,8,1,1,4,1,0,2,5,3,8,1133,11,76,-231,7,329,581,164,Austin,2022-03-20
2023,3,20,78,156,53,18,2,19,13,7,37,21,57,78,48,92,37,4,1,8,6,5,26,9,37,46,22,51,15,13,1,7,6,1,7,8,14,22,1,3,1,0,0,0,0,0,1,0,1,1,7,10,0,1,0,4,1,1,3,4,5,9,979,20,55,-230,8,306,519,105,Austin,2023-03-20
2024,3,20,77,153,45,8,1,14,8,12,32,15,52,67,47,90,35,2,1,6,2,9,23,7,34,41,23,52,8,6,0,8,6,3,6,8,15,23,0,2,1,0,0,0,0,0,1,0,1,1,7,9,1,0,0,0,0,0,2,0,2,2,983,15,67,-228,10,261,527,106,Austin,2024-03-20
2012,4,20,,,,,,,,,,,,,,,,,,,,,,,,,,,,,,,,,,,,,,,,,,,,,,,,,,,,,,,,,,,,,,,,,,,,,Austin,2012-04-20
2013,4,20,,,,,,,,,,,,,,,,,,,,,,,,,,,,,,,,,,,,,,,,,,,,,,,,,,,,,,,,,,,,,,,,,,,,,Austin,2013-04-20
2014,4,20,79,82,27,9,4,21,18,16,9,25,43,68,39,53,22,2,3,12,8,9,7,15,24,39,28,21,4,4,1,7,6,5,1,8,12,20,2,1,0,0,0,0,1,0,0,0,1,1,10,7,1,3,0,2,3,2,1,2,6,8,1073,12,103,-196,42,255,587,109,Austin,2014-04-20
2015,4,20,107,111,75,1,2,20,26,15,18,22,59,81,74,73,59,1,0,11,19,11,14,11,44,55,25,33,9,0,2,7,5,3,4,9,12,21,0,0,2,0,0,0,0,0,0,0,0,0,8,5,5,0,0,2,2,1,0,2,3,5,1518,20,107,-195,43,339,805,134,Austin,2015-04-20
2016,4,20,133,144,90,3,5,30,22,13,16,35,51,86,91,92,74,0,1,19,16,9,13,20,38,58,26,39,10,3,4,11,5,3,2,15,10,25,0,0,1,0,0,0,0,0,0,0,0,0,16,13,5,0,0,0,1,1,1,0,3,3,1508,15,106,-200,38,428,764,127,Austin,2016-04-20
2017,4,20,121,148,86,5,2,20,15,23,17,22,55,77,85,89,74,2,2,11,10,16,15,13,41,54,27,43,8,3,0,6,5,5,1,6,11,17,2,2,2,0,0,0,0,0,1,0,1,1,7,14,2,0,0,3,0,2,0,3,2,5,1819,35,154,-199,39,430,929,135,Austin,2017-04-20
2018,4,20,112,138,80,12,5,27,21,16,11,32,48,80,57,78,64,2,4,16,14,12,5,20,31,51,46,51,12,8,1,9,7,3,5,10,15,25,2,2,0,0,0,0,0,0,0,0,0,0,7,7,4,2,0,2,0,1,1,2,2,4,1664,19,110,-198,40,345,951,137,Austin,2018-04-20
2019,4,20,101,136,91,15,3,30,17,14,18,33,49,82,54,65,68,1,0,12,12,11,13,12,36,48,40,65,15,13,3,15,4,2,4,18,10,28,0,0,1,0,0,0,0,1,0,0,1,1,7,6,7,1,0,3,1,0,1,3,2,5,1398,11,119,-197,41,316,789,165,Austin,2019-04-20
2020,4,20,105,132,38,22,1,19,26,19,25,20,70,90,67,82,23,3,0,14,17,14,20,14,51,65,29,41,9,16,1,3,8,1,4,4,13,17,2,0,2,0,0,0,0,1,0,0,1,1,7,9,4,3,0,2,1,3,1,2,5,7,1053,19,84,-195,43,319,557,123,Austin,2020-04-20
2021,4,20,86,151,58,15,3,27,10,3,24,30,37,67,61,100,47,6,1,15,2,2,16,16,20,36,17,39,10,7,1,7,5,1,6,8,12,20,1,2,0,0,0,0,0,0,0,0,0,0,7,10,1,2,1,5,3,0,2,6,5,11,945,16,67,-201,37,287,481,141,Austin,2021-04-20
2022,4,20,83,166,46,14,1,20,15,5,22,21,42,63,53,98,32,4,0,13,11,2,18,13,31,44,23,50,10,8,1,7,3,3,3,8,9,17,0,1,2,0,0,0,0,0,1,0,1,1,7,17,2,2,0,0,1,0,0,0,1,1,972,8,65,-200,38,266,521,136,Austin,2022-04-20
2023,4,20,69,156,59,16,3,12,8,2,27,15,37,52,47,93,41,4,1,7,2,2,19,8,23,31,21,51,10,11,2,5,4,0,6,7,10,17,0,2,1,0,0,0,0,0,0,0,0,0,1,10,7,1,0,0,2,0,2,0,4,4,921,10,71,-199,39,265,486,127,Austin,2023-04-20
2024,4,20,101,166,70,14,2,20,15,14,27,22,56,78,50,87,52,2,2,6,4,9,19,8,32,40,44,67,17,11,0,12,9,5,7,12,21,33,1,3,0,0,0,0,1,0,0,0,1,1,6,9,1,1,0,2,1,0,1,2,2,4,1054,12,57,-197,41,272,589,135,Austin,2024-04-20
2012,5,20,,,,,,,,,,,,,,,,,,,,,,,,,,,,,,,,,,,,,,,,,,,,,,,,,,,,,,,,,,,,,,,,,,,,,Austin,2012-05-20
2013,5,20,,,,,,,,,,,,,,,,,,,,,,,,,,,,,,,,,,,,,,,,,,,,,,,,,,,,,,,,,,,,,,,,,,,,,Austin,2013-05-20
2014,5,20,101,128,64,3,0,11,29,15,17,11,61,72,61,79,58,2,0,3,22,9,15,3,46,49,34,37,2,1,0,6,7,4,1,6,12,18,0,0,1,0,0,0,0,0,0,0,0,0,6,12,3,0,0,2,0,2,1,2,3,5,1739,17,129,-166,72,430,826,121,Austin,2014-05-20
2015,5,20,114,118,98,3,3,24,16,13,21,27,50,77,67,78,84,1,1,15,14,10,17,16,41,57,35,28,9,2,2,6,2,3,3,8,8,16,0,2,0,0,0,0,0,0,0,0,0,0,12,10,5,0,0,3,0,0,1,3,1,4,1545,17,103,-165,73,372,777,167,Austin,2015-05-20
2016,5,20,130,124,109,6,2,16,17,13,13,18,43,61,84,75,88,2,1,8,11,9,12,9,32,41,31,34,15,2,1,7,3,2,1,8,6,14,2,2,0,0,0,0,0,0,0,0,0,0,13,13,6,2,0,1,3,2,0,1,5,6,1657,15,167,-170,68,361,929,149,Austin,2016-05-20
2017,5,20,128,128,75,11,6,43,14,12,7,49,33,82,72,60,49,5,2,25,6,10,4,27,20,47,37,54,20,4,3,15,8,2,2,18,12,30,1,1,2,0,1,0,0,0,0,1,0,1,18,13,4,2,0,3,0,0,1,3,1,4,1521,18,148,-169,69,359,878,164,Austin,2017-05-20
2018,5,20,119,119,76,8,4,28,16,9,11,32,36,68,72,62,64,0,1,14,7,6,9,15,22,37,38,44,10,7,3,12,6,3,1,15,10,25,0,0,1,0,0,0,0,0,0,0,0,0,9,13,1,1,0,2,3,0,1,2,4,6,1267,5,101,-168,70,299,707,156,Austin,2018-05-20
2019,5,20,127,159,79,10,3,33,26,20,32,36,78,114,83,97,63,7,3,20,13,18,30,23,61,84,32,48,9,1,0,10,12,1,2,10,15,25,1,1,0,0,0,0,0,0,0,0,0,0,11,13,7,2,0,3,1,1,0,3,2,5,1635,30,114,-167,71,416,858,178,Austin,2019-05-20
2020,5,20,118,151,48,21,1,21,12,16,42,22,70,92,79,96,37,7,0,10,7,9,37,10,53,63,30,44,6,11,1,8,4,3,3,9,10,19,0,0,0,0,0,0,0,1,1,0,2,2,9,11,5,3,0,3,1,3,1,3,5,8,1207,13,100,-165,73,357,580,145,Austin,2020-05-20
2021,5,20,115,182,56,10,6,20,12,4,22,26,38,64,72,126,46,3,3,13,7,4,13,16,24,40,30,46,8,5,2,5,5,0,7,7,12,19,3,0,1,0,1,0,0,0,1,1,1,2,10,10,1,2,0,2,0,0,1,2,1,3,1052,14,82,-171,67,297,547,164,Austin,2021-05-20
2022,5,20,102,187,64,19,4,18,9,4,29,22,42,64,61,130,50,7,0,10,3,3,23,10,29,39,27,36,11,9,4,7,6,1,4,11,11,22,1,3,1,0,0,0,0,0,0,0,0,0,13,18,2,3,0,1,0,0,2,1,2,3,1149,11,100,-170,68,310,582,169,Austin,2022-05-20
2023,5,20,111,195,65,20,4,20,15,8,24,24,47,71,63,118,38,5,2,9,8,6,15,11,29,40,37,56,20,13,0,10,6,0,8,10,14,24,1,1,0,0,0,0,0,0,0,0,0,0,10,20,7,2,2,1,1,2,1,3,4,7,1106,6,111,-169,69,284,612,159,Austin,2023-05-20
2024,5,20,90,173,71,13,4,16,15,11,36,20,62,82,57,109,49,4,2,12,6,7,33,14,46,60,27,49,18,6,2,1,9,4,3,3,16,19,0,2,1,0,0,0,0,0,0,0,0,0,6,13,3,3,0,3,0,0,0,3,0,3,1117,12,87,-167,71,343,600,117,Austin,2024-05-20
2012,6,20,,,,,,,,,,,,,,,,,,,,,,,,,,,,,,,,,,,,,,,,,,,,,,,,,,,,,,,,,,,,,,,,,,,,,Austin,2012-06-20
2013,6,20,,,,,,,,,,,,,,,,,,,,,,,,,,,,,,,,,,,,,,,,,,,,,,,,,,,,,,,,,,,,,,,,,,,,,Austin,2013-06-20
2014,6,20,111,113,85,2,2,23,38,19,20,25,77,102,67,65,65,0,0,14,26,14,18,14,58,72,34,39,13,2,2,8,10,3,0,10,13,23,1,1,0,0,0,0,1,0,1,0,2,2,9,8,7,0,0,1,1,2,1,1,4,5,1711,19,171,-135,103,448,834,148,Austin,2014-06-20
2015,6,20,116,117,73,5,5,18,17,16,18,23,51,74,73,65,51,1,3,8,9,12,14,11,35,46,37,41,14,4,1,6,6,3,4,7,13,20,0,1,0,0,0,1,1,0,0,1,1,2,6,10,8,0,1,3,1,1,0,4,2,6,1520,18,124,-134,104,351,819,158,Austin,2015-06-20
2016,6,20,128,123,83,4,4,22,20,21,28,26,69,95,80,86,70,1,2,11,15,17,23,13,55,68,38,28,10,3,1,9,4,2,3,10,9,19,0,1,0,0,0,0,0,0,0,0,0,0,10,8,3,0,1,2,1,2,2,3,5,8,1535,19,152,-139,99,444,786,118,Austin,2016-06-20
2017,6,20,93,118,86,6,4,30,34,13,13,34,60,94,65,77,74,1,1,16,24,10,8,17,42,59,21,27,5,5,1,9,8,2,3,10,13,23,0,2,0,0,0,0,0,1,1,0,2,2,7,12,7,0,2,5,2,0,1,7,3,10,1579,18,150,-138,100,418,820,114,Austin,2017-06-20
2018,6,20,106,106,70,7,1,18,21,9,21,19,51,70,73,64,61,4,1,13,13,8,18,14,39,53,19,33,5,3,0,4,5,0,1,4,6,10,2,1,0,0,0,0,1,0,0,0,1,1,12,8,4,0,0,1,2,1,2,1,5,6,1427,28,130,-137,101,368,806,125,Austin,2018-06-20
2019,6,20,123,176,84,4,5,29,24,19,16,34,59,93,72,107,71,1,5,19,20,14,12,24,46,70,41,47,9,2,0,8,2,4,3,8,9,17,0,0,0,0,0,0,0,0,0,0,0,0,10,22,4,1,0,2,2,1,1,2,4,6,1512,16,133,-136,102,392,790,187,Austin,2019-06-20
2020,6,20,90,132,61,18,5,23,10,12,24,28,46,74,49,66,47,6,3,12,6,9,19,15,34,49,29,49,10,8,2,9,2,3,5,11,10,21,1,2,2,0,0,0,0,0,0,0,0,0,11,15,2,4,0,2,2,0,0,2,2,4,993,23,86,-134,104,278,529,140,Austin,2020-06-20
2021,6,20,111,161,46,17,2,28,12,5,22,30,39,69,59,88,31,1,2,14,4,4,18,16,26,42,42,63,12,14,0,10,7,1,3,10,11,21,1,0,0,0,0,1,0,0,0,1,0,1,9,10,3,2,0,3,1,0,1,3,2,5,1052,13,77,-140,98,290,543,164,Austin,2021-06-20
2022,6,20,94,162,51,16,6,21,11,11,29,27,51,78,61,102,40,8,5,8,6,9,22,13,37,50,24,43,8,7,0,9,4,1,5,9,10,19,0,2,0,0,0,2,1,0,0,2,1,3,9,15,3,1,1,2,0,1,2,3,3,6,1023,10,92,-139,99,294,536,145,Austin,2022-06-20
2023,6,20,81,171,48,9,2,20,11,6,30,22,47,69,54,120,43,4,2,15,7,5,27,17,39,56,18,32,1,4,0,0,4,0,3,0,7,7,0,0,0,0,0,0,0,0,0,0,0,0,9,19,4,1,0,5,0,1,0,5,1,6,971,0,87,-138,100,260,521,129,Austin,2023-06-20
2024,6,20,87,171,63,12,0,5,9,6,20,5,35,40,54,116,45,5,0,3,3,5,17,3,25,28,22,41,15,6,0,1,3,1,2,1,6,7,1,5,1,0,0,0,0,0,0,0,0,0,10,9,2,1,0,1,3,0,1,1,4,5,1098,19,107,-136,102,248,656,117,Austin,2024-06-20
2012,7,20,,,,,,,,,,,,,,,,,,,,,,,,,,,,,,,,,,,,,,,,,,,,,,,,,,,,,,,,,,,,,,,,,,,,,Austin,2012-07-20
2013,7,20,,,,,,,,,,,,,,,,,,,,,,,,,,,,,,,,,,,,,,,,,,,,,,,,,,,,,,,,,,,,,,,,,,,,,Austin,2013-07-20
2014,7,20,116,88,49,10,1,26,22,16,15,27,53,80,47,46,33,0,0,9,9,12,10,9,31,40,51,36,12,8,1,13,9,3,4,14,16,30,3,0,0,0,0,0,2,0,1,0,3,3,15,6,4,2,0,4,2,1,0,4,3,7,1449,12,132,-105,133,349,766,148,Austin,2014-07-20
2015,7,20,107,98,90,7,7,33,16,18,13,40,47,87,72,50,81,0,6,16,9,12,13,22,34,56,24,30,4,6,1,13,6,5,0,14,11,25,3,0,1,0,0,0,0,0,0,0,0,0,8,18,4,1,0,4,1,1,0,4,2,6,1649,15,135,-104,134,418,840,126,Austin,2015-07-20
2016,7,20,100,137,87,9,4,17,25,12,15,21,52,73,68,81,78,2,3,8,17,7,13,11,37,48,21,38,1,7,1,6,5,1,1,7,7,14,0,4,1,0,0,1,1,0,0,1,1,2,11,14,7,0,0,2,2,4,1,2,7,9,1537,22,141,-109,129,382,867,133,Austin,2016-07-20
2017,7,20,109,129,76,4,6,21,15,16,20,27,51,78,60,74,67,2,6,8,9,13,13,14,35,49,34,45,4,1,0,8,5,3,6,8,14,22,1,3,1,0,0,0,0,0,0,0,0,0,14,7,4,1,0,5,1,0,1,5,2,7,1697,26,140,-108,130,441,902,115,Austin,2017-07-20
2018,7,20,111,135,95,4,3,21,21,12,17,24,50,74,62,83,79,1,2,10,13,9,15,12,37,49,42,39,12,1,1,7,6,3,0,8,9,17,2,2,0,0,0,0,0,0,0,0,0,0,5,11,4,2,0,4,2,0,2,4,4,8,1468,18,116,-107,131,362,811,142,Austin,2018-07-20
2019,7,20,108,146,56,15,5,23,18,9,32,28,59,87,60,80,46,4,2,13,14,4,21,15,39,54,35,49,6,8,3,8,4,4,10,11,18,29,1,1,0,0,0,0,0,0,0,0,0,0,12,16,4,3,0,2,0,1,1,2,2,4,1311,7,115,-106,132,313,719,163,Austin,2019-07-20
2020,7,20,92,139,35,9,3,19,26,8,37,22,71,93,61,95,30,2,2,9,17,6,28,11,51,62,24,35,3,6,0,7,7,1,6,7,14,21,1,1,1,0,0,0,1,0,0,0,1,1,6,8,1,1,1,3,1,1,3,4,5,9,1062,18,83,-104,134,336,565,108,Austin,2020-07-20
2021,7,20,90,160,59,12,2,16,11,5,25,18,41,59,59,100,49,5,1,12,7,3,18,13,28,41,22,41,5,6,1,2,4,1,5,3,10,13,2,1,0,0,0,0,0,0,1,0,1,1,7,18,5,1,0,2,0,1,1,2,2,4,990,10,86,-110,128,299,504,146,Austin,2021-07-20
2022,7,20,112,166,47,13,5,24,7,12,35,29,54,83,73,107,35,3,2,14,3,7,25,16,35,51,32,39,6,7,2,9,4,5,6,11,15,26,0,0,0,0,0,0,0,0,4,0,4,4,7,20,6,3,1,1,0,0,0,2,0,2,1012,13,88,-109,129,298,523,149,Austin,2022-07-20
2023,7,20,80,152,59,14,1,18,6,11,47,19,64,83,49,99,51,4,1,9,3,6,36,10,45,55,23,37,6,7,0,7,3,1,5,7,9,16,0,3,0,0,0,0,0,0,1,0,1,1,8,13,2,3,0,2,0,4,5,2,9,11,1056,13,101,-108,130,268,550,132,Austin,2023-07-20
2024,7,20,94,143,61,25,3,23,8,12,24,26,44,70,51,90,43,3,2,11,5,9,19,13,33,46,29,41,13,18,1,11,3,2,4,12,9,21,0,1,0,0,0,0,0,0,0,0,0,0,14,11,5,4,0,1,0,1,1,1,2,3,1099,3,104,-106,132,255,633,164,Austin,2024-07-20
2012,8,20,,,,,,,,,,,,,,,,,,,,,,,,,,,,,,,,,,,,,,,,,,,,,,,,,,,,,,,,,,,,,,,,,,,,,Austin,2012-08-20
2013,8,20,,,,,,,,,,,,,,,,,,,,,,,,,,,,,,,,,,,,,,,,,,,,,,,,,,,,,,,,,,,,,,,,,,,,,Austin,2013-08-20
2014,8,20,90,133,79,4,3,14,36,26,16,17,78,95,51,74,74,1,2,12,26,16,12,14,54,68,30,43,2,3,1,1,8,5,4,2,17,19,0,3,0,0,0,0,0,0,0,0,0,0,9,13,3,0,0,1,2,5,0,1,7,8,1693,25,117,-74,164,391,843,107,Austin,2014-08-20
2015,8,20,108,130,112,2,0,14,24,21,14,14,59,73,66,70,97,0,0,7,12,19,11,7,42,49,27,49,8,2,0,6,9,2,2,6,13,19,1,1,1,0,0,0,0,0,0,0,0,0,14,10,6,0,0,1,3,0,1,1,4,5,1772,25,153,-73,165,422,913,117,Austin,2015-08-20
2016,8,20,135,116,64,9,5,24,16,23,13,29,52,81,73,68,50,6,2,11,8,18,7,13,33,46,55,35,12,3,3,10,6,4,6,13,16,29,1,3,0,0,0,0,1,0,0,0,1,1,6,10,2,0,0,3,1,1,0,3,2,5,1523,13,104,-78,160,364,876,125,Austin,2016-08-20
2017,8,20,107,88,50,7,6,24,21,15,17,30,53,83,73,38,38,0,2,9,14,10,11,11,35,46,31,40,7,4,4,14,6,5,6,18,17,35,0,1,0,0,0,0,1,0,0,0,1,1,3,9,5,3,0,1,0,0,0,1,0,1,1334,17,81,-77,161,359,687,138,Austin,2017-08-20
2018,8,20,81,126,89,10,1,15,32,15,23,16,70,86,54,74,74,6,0,7,23,8,21,7,52,59,23,44,9,4,0,7,6,5,1,7,12,19,0,1,2,0,1,0,0,0,0,1,0,1,4,7,4,0,0,1,3,2,1,1,6,7,1438,18,90,-76,162,348,767,131,Austin,2018-08-20
2019,8,20,103,177,96,7,0,12,25,23,21,12,69,81,65,105,76,4,0,8,18,17,19,8,54,62,32,54,10,3,0,4,6,2,1,4,9,13,0,2,3,0,0,0,0,0,1,0,1,1,6,16,7,0,0,0,1,4,0,0,5,5,1559,24,105,-75,163,419,730,167,Austin,2019-08-20
2020,8,20,74,168,45,14,6,23,9,12,26,29,47,76,44,103,34,4,2,12,4,8,18,14,30,44,19,49,8,8,3,9,5,4,6,12,15,27,1,2,0,0,0,0,0,0,0,0,0,0,10,14,3,2,1,2,0,0,2,3,2,5,1019,13,89,-73,165,299,526,124,Austin,2020-08-20
2021,8,20,92,199,62,19,5,31,10,9,17,36,36,72,61,115,48,6,2,17,8,4,7,19,19,38,21,63,8,13,3,12,0,2,7,15,9,24,0,5,1,0,0,0,1,1,1,0,3,3,10,16,5,0,0,2,1,2,2,2,5,7,1147,19,80,-79,159,353,582,153,Austin,2021-08-20
2022,8,20,87,163,61,22,3,17,6,14,26,20,46,66,49,89,45,3,2,6,2,9,16,8,27,35,31,65,13,16,1,8,4,4,8,9,16,25,2,0,0,0,0,1,0,0,0,1,0,1,5,9,3,3,0,2,0,1,2,2,3,5,1051,8,75,-78,160,290,571,146,Austin,2022-08-20
2023,8,20,78,129,45,22,3,26,11,9,17,29,37,66,51,78,34,9,1,14,6,7,11,15,24,39,21,39,10,13,1,10,5,2,5,11,12,23,0,1,0,0,0,1,0,0,0,1,0,1,6,11,1,0,1,1,0,0,1,2,1,3,976,11,72,-77,161,244,530,99,Austin,2023-08-20
2024,8,20,66,168,60,9,1,15,9,6,25,16,40,56,40,122,52,1,0,9,8,5,20,9,33,42,21,38,5,6,0,4,1,1,4,4,6,10,0,0,0,0,0,0,0,0,0,0,0,0,5,8,3,2,1,2,0,0,1,3,1,4,924,0,53,-75,163,260,500,120,Austin,2024-08-20
2012,9,20,,,,,,,,,,,,,,,,,,,,,,,,,,,,,,,,,,,,,,,,,,,,,,,,,,,,,,,,,,,,,,,,,,,,,Austin,2012-09-20
2013,9,20,,,,,,,,,,,,,,,,,,,,,,,,,,,,,,,,,,,,,,,,,,,,,,,,,,,,,,,,,,,,,,,,,,,,,Austin,2013-09-20
2014,9,20,143,114,75,3,1,21,15,13,14,22,42,64,70,49,52,2,0,12,7,8,8,12,23,35,62,52,17,1,1,7,6,4,6,8,16,24,2,3,1,0,0,0,0,0,0,0,0,0,9,10,5,0,0,2,2,1,0,2,3,5,1649,16,103,-43,195,375,916,147,Austin,2014-09-20
2015,9,20,128,111,57,12,1,29,19,20,19,30,58,88,63,46,33,1,0,13,11,15,14,13,40,53,55,55,17,9,1,15,6,3,5,16,14,30,1,1,1,0,0,0,0,0,0,0,0,0,9,9,6,2,0,1,2,2,0,1,4,5,1431,7,80,-42,196,372,764,151,Austin,2015-09-20
2016,9,20,108,143,103,3,3,20,23,10,18,23,51,74,66,91,84,1,2,10,13,7,13,12,33,45,37,37,8,2,1,9,7,1,5,10,13,23,1,2,4,0,0,0,1,1,0,0,2,2,4,13,7,0,0,1,2,1,0,1,3,4,1597,27,109,-47,191,397,845,129,Austin,2016-09-20
2017,9,20,104,127,86,4,3,23,21,10,12,26,43,69,59,69,61,2,0,13,17,5,11,13,33,46,36,50,21,2,3,9,4,4,1,12,9,21,0,1,1,0,0,1,0,0,0,1,0,1,9,7,3,0,0,0,0,1,0,0,1,1,1500,21,80,-46,192,405,815,110,Austin,2017-09-20
2018,9,20,103,129,101,6,3,16,21,9,20,19,50,69,46,68,84,2,1,10,11,7,14,11,32,43,43,52,11,3,2,4,9,2,4,6,15,21,3,2,2,0,0,0,0,0,0,0,0,0,11,7,4,1,0,2,1,0,2,2,3,5,1406,16,96,-45,193,378,764,149,Austin,2018-09-20
2019,9,20,116,187,94,3,7,16,20,17,23,23,60,83,60,100,66,1,4,10,15,11,17,14,43,57,49,63,22,2,3,6,3,4,4,9,11,20,0,3,2,0,0,0,0,0,1,0,1,1,7,21,4,0,0,0,2,2,1,0,5,5,1607,20,102,-44,194,399,852,171,Austin,2019-09-20
2020,9,20,80,134,53,12,1,32,11,5,25,33,41,74,35,58,20,2,0,17,4,3,16,17,23,40,34,64,25,7,1,11,7,1,8,12,16,28,1,3,0,1,0,1,0,0,0,1,0,1,10,9,8,2,0,3,0,1,1,3,2,5,907,14,76,-42,196,273,486,116,Austin,2020-09-20
2021,9,20,111,196,82,19,6,16,8,11,41,22,60,82,63,118,66,2,4,7,6,10,29,11,45,56,38,73,10,15,2,8,2,0,9,10,11,21,2,1,2,1,0,0,0,0,0,0,0,0,8,4,4,1,0,1,0,1,3,1,4,5,1165,16,66,-48,190,342,597,165,Austin,2021-09-20
2022,9,20,84,184,77,11,3,19,10,8,34,22,52,74,52,107,62,3,3,13,5,7,23,16,35,51,19,60,8,6,0,5,5,1,9,5,15,20,2,2,2,0,0,0,0,0,0,0,0,0,11,15,5,2,0,1,0,0,2,1,2,3,1030,17,71,-47,191,309,531,135,Austin,2022-09-20
2023,9,20,76,167,53,13,2,15,8,9,42,17,59,76,49,107,35,5,1,12,4,4,30,13,38,51,22,46,16,7,1,3,3,3,8,4,14,18,0,2,0,0,0,0,0,0,2,0,2,2,5,12,2,1,0,0,1,2,2,0,5,5,1056,10,60,-46,192,310,569,118,Austin,2023-09-20
2024,9,20,76,157,68,17,4,11,7,7,30,15,44,59,46,89,55,3,2,4,1,6,19,6,26,32,23,54,7,14,2,5,6,1,9,7,16,23,1,6,2,0,0,0,0,0,2,0,2,2,6,8,4,0,0,2,0,0,0,2,0,2,1148,25,76,-44,194,285,622,154,Austin,2024-09-20
2012,10,20,,,,,,,,,,,,,,,,,,,,,,,,,,,,,,,,,,,,,,,,,,,,,,,,,,,,,,,,,,,,,,,,,,,,,Austin,2012-10-20
2013,10,20,,,,,,,,,,,,,,,,,,,,,,,,,,,,,,,,,,,,,,,,,,,,,,,,,,,,,,,,,,,,,,,,,,,,,Austin,2013-10-20
2014,10,20,112,115,62,4,7,16,26,17,13,23,56,79,53,49,45,1,1,6,17,11,10,7,38,45,51,48,9,3,5,8,8,4,2,13,14,27,1,1,6,0,0,0,0,0,0,0,0,0,7,17,2,0,1,2,1,2,1,3,4,7,1528,39,95,-13,225,369,772,128,Austin,2014-10-20
2015,10,20,108,123,92,5,1,15,15,20,12,16,47,63,61,71,68,4,1,5,10,14,8,6,32,38,32,40,14,1,0,7,5,3,1,7,9,16,0,2,3,0,0,0,0,0,0,0,0,0,15,10,7,0,0,3,0,3,3,3,6,9,1624,21,116,-12,226,361,846,131,Austin,2015-10-20
2016,10,20,116,162,108,12,1,27,26,21,9,28,56,84,65,83,87,3,1,15,17,14,8,16,39,55,48,68,15,9,0,11,6,5,1,11,12,23,0,1,2,0,0,0,1,0,0,0,1,1,3,10,4,0,0,1,2,2,0,1,4,5,1726,24,90,-17,221,415,946,143,Austin,2016-10-20
2017,10,20,123,154,99,10,2,23,28,15,19,25,62,87,65,72,71,3,0,9,22,7,9,9,38,47,50,71,19,7,1,12,6,5,10,13,21,34,1,1,2,0,0,0,0,0,0,0,0,0,7,10,7,0,1,2,0,3,0,3,3,6,1604,15,80,-16,222,384,872,158,Austin,2017-10-20
2018,10,20,99,138,55,13,6,30,22,12,7,36,41,77,45,72,32,5,1,12,5,9,4,13,18,31,47,56,20,7,5,17,16,3,2,22,21,43,0,1,0,0,0,0,0,0,1,0,1,1,7,9,3,1,0,1,1,0,0,1,1,2,1349,10,95,-15,223,331,759,157,Austin,2018-10-20
2019,10,20,102,160,60,8,4,41,22,22,24,45,68,113,55,67,27,2,1,16,9,13,15,17,37,54,39,74,26,6,3,22,12,8,8,25,28,53,1,1,0,0,0,0,1,0,0,0,1,1,7,18,7,0,0,3,0,1,1,3,2,5,1301,13,77,-14,224,387,680,167,Austin,2019-10-20
2020,10,20,101,128,53,19,3,18,8,8,28,21,44,65,61,81,44,3,2,8,7,4,20,10,31,41,32,38,5,16,1,8,1,3,7,9,11,20,2,0,1,0,0,0,0,0,0,0,0,0,6,9,3,0,0,2,0,1,1,2,2,4,1046,13,80,-12,226,315,512,153,Austin,2020-10-20
2021,10,20,79,139,53,22,2,20,11,6,23,22,40,62,50,58,27,6,2,6,5,4,16,8,25,33,24,72,18,13,0,11,5,1,6,11,12,23,2,0,6,0,0,0,1,0,0,0,1,1,3,9,2,3,0,3,0,1,1,3,2,5,874,17,64,-18,220,287,410,135,Austin,2021-10-20
2022,10,20,94,148,82,14,1,15,9,9,20,16,38,54,53,80,60,4,1,9,5,6,13,10,24,34,33,58,15,10,0,4,4,1,6,4,11,15,1,2,1,0,0,0,0,0,0,0,0,0,7,8,6,0,0,2,0,2,1,2,3,5,930,10,61,-17,221,256,468,148,Austin,2022-10-20
2023,10,20,79,177,85,15,4,17,9,11,28,21,48,69,37,83,53,4,2,9,5,9,14,11,28,39,37,77,23,10,2,6,4,2,12,8,18,26,0,2,3,0,0,0,0,0,1,0,1,1,5,15,6,1,0,2,0,0,1,2,1,3,1072,14,66,-16,222,327,549,132,Austin,2023-10-20
2024,10,20,91,169,75,26,4,15,11,12,26,19,49,68,47,87,46,6,1,3,3,6,17,4,26,30,36,71,25,19,3,9,8,5,9,12,22,34,0,3,0,0,0,0,0,0,0,0,0,0,8,8,4,1,0,3,0,1,0,3,1,4,1019,9,65,-14,224,267,558,163,Austin,2024-10-20
2012,11,20,,,,,,,,,,,,,,,,,,,,,,,,,,,,,,,,,,,,,,,,,,,,,,,,,,,,,,,,,,,,,,,,,,,,,Austin,2012-11-20
2013,11,20,,,,,,,,,,,,,,,,,,,,,,,,,,,,,,,,,,,,,,,,,,,,,,,,,,,,,,,,,,,,,,,,,,,,,Austin,2013-11-20
2014,11,20,97,113,105,6,2,19,24,10,16,21,50,71,41,46,58,3,1,5,15,5,11,6,31,37,49,58,31,3,1,13,7,4,4,14,15,29,0,0,0,0,0,0,0,0,0,0,0,0,7,9,16,0,0,1,2,1,1,1,4,5,1670,18,118,18,256,374,878,132,Austin,2014-11-20
2015,11,20,126,124,123,9,2,27,25,21,15,29,61,90,62,58,82,0,0,8,17,12,8,8,37,45,54,53,23,8,1,14,6,7,5,15,18,33,0,3,3,0,0,0,1,1,0,0,2,2,10,10,15,1,1,5,1,1,2,6,4,10,1710,24,115,19,257,364,905,157,Austin,2015-11-20
2016,11,20,98,112,72,9,2,25,26,12,15,27,53,80,27,30,33,3,1,10,12,7,7,11,26,37,61,68,32,6,1,14,12,3,5,15,20,35,1,4,0,0,0,0,0,0,0,0,0,0,9,10,7,0,0,1,2,2,3,1,7,8,1381,11,100,14,252,330,796,129,Austin,2016-11-20
2017,11,20,123,113,83,7,3,10,18,6,20,13,44,57,65,46,51,1,1,5,10,5,9,6,24,30,50,58,18,5,2,5,7,1,8,7,16,23,2,0,0,0,0,0,0,0,0,0,0,0,6,9,14,1,0,0,1,0,3,0,4,4,1429,20,111,15,253,343,801,139,Austin,2017-11-20
2018,11,20,85,93,85,5,5,10,25,16,18,15,59,74,53,43,49,1,0,2,13,8,10,2,31,33,26,44,22,3,5,5,12,3,6,10,21,31,2,1,4,0,0,0,0,0,1,0,1,1,4,5,10,1,0,3,0,5,1,3,6,9,1338,22,96,16,254,368,664,127,Austin,2018-11-20
2019,11,20,118,193,90,10,4,18,30,20,27,22,77,99,60,86,59,3,2,5,15,11,21,7,47,54,47,89,17,6,2,12,11,8,5,14,24,38,1,2,1,0,0,0,0,0,0,0,0,0,10,16,13,1,0,1,4,1,1,1,6,7,1424,22,113,17,255,423,725,159,Austin,2019-11-20
2020,11,20,85,157,69,14,2,24,10,11,17,26,38,64,33,74,39,3,1,15,2,9,10,16,21,37,46,69,19,11,1,8,8,1,5,9,14,23,2,0,3,0,0,0,0,0,0,0,0,0,4,14,8,0,0,1,0,1,2,1,3,4,1089,13,71,19,257,340,483,168,Austin,2020-11-20
2021,11,20,75,123,65,23,2,14,13,10,26,16,49,65,29,59,37,3,0,7,3,8,17,7,28,35,40,50,22,19,2,7,10,1,9,9,20,29,0,3,3,0,0,0,0,0,0,0,0,0,6,11,3,1,0,0,0,1,0,0,1,1,963,12,64,13,251,268,505,154,Austin,2021-11-20
2022,11,20,61,151,45,29,1,23,7,5,18,24,30,54,20,62,20,5,0,6,0,1,13,6,14,20,31,78,20,22,1,15,7,4,4,16,15,31,1,2,0,0,0,1,0,0,0,1,0,1,9,9,5,2,0,1,0,0,1,1,1,2,858,15,49,14,252,235,479,113,Austin,2022-11-20
2023,11,20,100,137,55,16,3,25,13,9,47,28,69,97,46,68,31,2,1,12,2,4,32,13,38,51,42,55,16,14,0,11,11,3,12,11,26,37,0,3,2,0,0,1,0,0,1,1,1,2,12,11,6,0,2,1,0,2,2,3,4,7,1067,11,95,15,253,293,574,121,Austin,2023-11-20
2024,11,20,74,155,83,19,4,15,10,7,26,19,43,62,42,76,59,6,1,6,5,5,15,7,25,32,26,61,13,11,3,8,5,1,8,11,14,25,1,2,0,0,0,0,0,0,1,0,1,1,5,16,11,2,0,1,0,1,2,1,3,4,1068,15,87,17,255,265,610,111,Austin,2024-11-20
2012,12,20,,,,,,,,,,,,,,,,,,,,,,,,,,,,,,,,,,,,,,,,,,,,,,,,,,,,,,,,,,,,,,,,,,,,,Austin,2012-12-20
2013,12,20,,,,,,,,,,,,,,,,,,,,,,,,,,,,,,,,,,,,,,,,,,,,,,,,,,,,,,,,,,,,,,,,,,,,,Austin,2013-12-20
2014,12,20,105,117,55,6,2,34,16,31,14,36,61,97,38,44,23,1,0,12,9,22,10,12,41,53,56,65,28,5,1,20,6,7,3,21,16,37,0,0,0,0,0,0,0,0,0,0,0,0,11,8,4,0,1,2,1,2,1,3,4,7,1519,17,107,48,286,391,715,157,Austin,2014-12-20
2015,12,20,91,130,43,8,5,29,22,14,18,34,54,88,38,53,21,1,1,8,8,7,8,9,23,32,43,67,19,7,4,17,13,3,9,21,25,46,0,0,0,0,0,0,0,0,0,0,0,0,10,10,3,0,0,4,1,4,1,4,6,10,1270,5,83,49,287,340,636,142,Austin,2015-12-20
2016,12,20,89,107,95,7,1,16,19,16,13,17,48,65,41,46,57,2,0,7,7,10,7,7,24,31,41,45,28,5,1,7,11,3,5,8,19,27,0,1,1,0,0,1,1,0,0,1,1,2,7,15,9,0,0,1,0,3,1,1,4,5,1407,16,117,44,282,361,726,135,Austin,2016-12-20
2017,12,20,87,125,103,10,2,17,35,16,15,19,66,85,49,62,65,0,1,6,23,8,10,7,41,48,27,47,25,9,0,10,12,6,1,10,19,29,2,1,2,0,0,0,0,0,1,0,1,1,9,15,11,1,1,1,0,2,3,2,5,7,1380,20,106,45,283,384,720,127,Austin,2017-12-20
2018,12,20,98,121,80,12,1,17,23,10,15,18,48,66,37,50,51,6,0,6,12,7,9,6,28,34,46,53,19,6,1,10,7,2,5,11,14,25,2,0,1,0,0,0,0,0,0,0,0,0,13,18,9,0,0,1,4,1,1,1,6,7,1432,21,107,46,284,356,782,156,Austin,2018-12-20
2019,12,20,108,148,123,7,3,16,20,13,17,19,50,69,54,71,84,0,2,6,8,4,12,8,24,32,46,69,24,6,1,9,10,8,5,10,23,33,2,1,0,0,0,0,0,0,0,0,0,0,6,7,15,1,0,1,2,1,0,1,3,4,1400,29,100,47,285,379,765,149,Austin,2019-12-20
2020,12,20,94,136,31,29,2,29,2,8,15,31,25,56,47,57,20,10,0,16,0,4,12,16,16,32,41,63,9,17,2,9,2,3,0,11,5,16,0,3,0,1,0,2,0,0,2,2,2,4,6,13,2,1,0,2,0,1,1,2,2,4,930,17,78,49,287,290,455,143,Austin,2020-12-20
2021,12,20,80,150,59,20,0,13,14,12,37,13,63,76,39,75,41,2,0,6,5,6,28,6,39,45,37,55,11,15,0,6,8,5,7,6,20,26,0,0,1,0,0,0,0,0,0,0,0,0,4,20,6,3,0,1,1,1,2,1,4,5,949,14,85,43,281,289,484,124,Austin,2021-12-20
2022,12,20,62,141,67,17,1,12,8,6,20,13,34,47,37,76,41,5,1,5,2,0,15,6,17,23,22,48,16,12,0,4,4,4,3,4,11,15,1,1,3,0,0,0,1,0,1,0,2,2,2,16,7,0,0,3,1,2,1,3,4,7,867,20,72,44,282,269,449,108,Austin,2022-12-20
2023,12,20,71,157,60,16,2,13,8,5,23,15,36,51,38,80,34,6,1,5,5,2,10,6,17,23,26,65,17,9,1,8,3,3,7,9,13,22,0,0,3,0,0,0,0,0,1,0,1,1,7,12,6,1,0,0,0,0,5,0,5,5,956,13,72,45,283,255,483,134,Austin,2023-12-20
2024,12,20,78,157,77,17,2,25,9,12,23,27,44,71,37,85,40,4,0,12,4,8,17,12,29,41,30,59,25,11,2,12,4,4,5,14,13,27,1,0,0,0,0,0,0,0,0,0,0,0,10,13,12,2,0,1,1,0,1,1,2,3,1075,12,86,47,285,302,570,116,Austin,2024-12-20
2012,1,21,,,,,,,,,,,,,,,,,,,,,,,,,,,,,,,,,,,,,,,,,,,,,,,,,,,,,,,,,,,,,,,,,,,,,Austin,2012-01-21
2013,1,21,,,,,,,,,,,,,,,,,,,,,,,,,,,,,,,,,,,,,,,,,,,,,,,,,,,,,,,,,,,,,,,,,,,,,Austin,2013-01-21
2014,1,21,78,112,79,5,0,13,27,17,16,13,60,73,44,55,55,0,0,7,22,9,5,7,36,43,28,46,12,5,0,6,3,6,9,6,18,24,0,0,0,0,0,0,0,0,1,0,1,1,6,11,12,0,0,0,2,2,1,0,5,5,1599,22,131,-285,-47,390,792,112,Austin,2014-01-21
2015,1,21,90,110,93,2,2,19,21,8,9,21,38,59,40,60,57,0,1,9,15,8,6,10,29,39,44,46,19,1,1,8,5,0,2,9,7,16,0,2,0,0,0,0,0,0,0,0,0,0,6,2,17,1,0,2,1,0,1,2,2,4,1426,27,99,-284,-46,372,754,98,Austin,2015-01-21
2016,1,21,75,97,123,5,2,16,30,17,22,18,69,87,34,45,88,2,0,9,15,11,14,9,40,49,32,35,16,1,2,6,13,4,6,8,23,31,2,0,5,0,0,0,1,0,0,0,1,1,7,17,14,2,0,1,1,2,2,1,5,6,1741,27,148,-290,-52,382,857,112,Austin,2016-01-21
2017,1,21,120,125,67,18,3,31,21,15,15,34,51,85,55,49,41,4,1,9,10,10,7,10,27,37,56,66,19,14,2,20,9,4,7,22,20,42,1,0,0,0,0,0,0,0,0,0,0,0,8,10,7,0,0,2,2,1,1,2,4,6,1517,13,124,-288,-50,379,835,158,Austin,2017-01-21
2018,1,21,107,111,52,14,7,18,9,10,12,25,31,56,56,43,20,3,0,5,3,6,6,5,15,20,45,57,21,10,6,12,5,1,6,18,12,30,0,2,0,0,0,0,0,0,0,0,0,0,6,9,11,1,1,1,1,3,0,2,4,6,1169,8,96,-287,-49,301,655,132,Austin,2018-01-21
2019,1,21,90,118,55,7,4,19,25,20,16,23,61,84,50,61,39,3,1,5,8,12,11,6,31,37,31,48,12,4,2,11,16,8,4,13,28,41,1,1,0,0,1,0,0,0,0,1,0,1,8,8,4,0,0,3,1,0,1,3,2,5,1330,21,87,-286,-48,350,664,135,Austin,2019-01-21
2020,1,21,106,166,74,9,2,11,21,17,22,13,60,73,53,90,53,2,1,5,18,10,11,6,39,45,40,65,14,6,1,6,2,7,8,7,17,24,1,2,1,0,0,0,1,0,2,0,3,3,12,9,6,1,0,0,0,0,1,0,1,1,1337,17,108,-285,-47,372,659,162,Austin,2020-01-21
2021,1,21,69,137,33,6,5,21,5,10,18,26,33,59,28,75,21,2,0,12,3,8,13,12,24,36,35,56,6,3,4,6,2,2,4,10,8,18,1,1,1,0,0,0,0,0,1,0,1,1,5,5,5,1,1,3,0,0,0,4,0,4,911,16,66,-290,-52,298,445,104,Austin,2021-01-21
2022,1,21,68,132,69,11,2,11,10,6,30,13,46,59,29,71,48,2,0,3,5,5,18,3,28,31,29,51,17,8,2,8,5,1,8,10,14,24,2,0,0,0,0,0,0,0,2,0,2,2,8,10,4,1,0,0,0,0,2,0,2,2,922,9,66,-289,-51,262,495,107,Austin,2022-01-21
2023,1,21,99,162,66,35,3,18,14,12,27,21,53,74,47,71,39,3,1,11,5,7,16,12,28,40,47,79,22,30,1,7,9,4,7,8,20,28,0,1,0,0,0,0,0,0,1,0,1,1,5,11,5,2,1,0,0,1,3,1,4,5,1004,8,86,-288,-50,300,514,130,Austin,2023-01-21
2024,1,21,76,132,27,24,7,24,10,9,29,31,48,79,24,62,15,3,4,9,2,5,18,13,25,38,47,58,6,20,2,11,7,3,10,13,20,33,2,7,0,0,0,0,0,1,0,0,1,1,3,5,6,1,1,4,1,0,1,5,2,7,867,16,64,-287,-49,262,428,104,Austin,2024-01-21
2012,2,21,,,,,,,,,,,,,,,,,,,,,,,,,,,,,,,,,,,,,,,,,,,,,,,,,,,,,,,,,,,,,,,,,,,,,Austin,2012-02-21
2013,2,21,,,,,,,,,,,,,,,,,,,,,,,,,,,,,,,,,,,,,,,,,,,,,,,,,,,,,,,,,,,,,,,,,,,,,Austin,2013-02-21
2014,2,21,118,109,83,4,0,13,28,22,9,13,59,72,44,51,57,2,0,8,17,13,6,8,36,44,66,49,18,2,0,5,9,7,2,5,18,23,0,0,1,0,0,0,0,0,1,0,1,1,8,9,7,0,0,0,2,2,0,0,4,4,1712,15,101,-254,-16,383,881,138,Austin,2014-02-21
2015,2,21,138,116,57,5,4,29,28,16,27,33,71,104,55,48,30,3,2,13,16,11,17,15,44,59,71,59,18,2,2,15,11,4,8,17,23,40,2,0,1,0,0,0,0,0,2,0,2,2,10,9,8,0,0,1,1,1,0,1,2,3,1621,18,125,-253,-15,402,839,151,Austin,2015-02-21
2016,2,21,118,106,91,12,3,21,16,15,12,24,43,67,57,41,73,2,0,5,10,8,5,5,23,28,52,58,15,9,3,14,5,2,5,17,12,29,0,1,0,0,0,0,0,1,0,0,1,1,9,6,3,1,0,2,1,4,2,2,7,9,1392,7,89,-259,-21,361,728,152,Austin,2016-02-21
2017,2,21,110,131,96,5,4,24,24,16,18,28,58,86,62,66,75,0,0,9,10,10,14,9,34,43,35,51,11,5,4,11,14,5,3,15,22,37,1,2,2,0,0,0,0,0,1,0,1,1,12,12,8,0,0,4,0,1,0,4,1,5,1617,22,109,-257,-19,423,833,127,Austin,2017-02-21
2018,2,21,94,101,82,7,3,12,17,14,16,15,47,62,49,60,60,3,0,8,10,8,11,8,29,37,40,36,14,4,2,3,5,3,5,5,13,18,1,1,3,0,0,0,1,0,0,0,1,1,4,4,5,0,1,1,1,3,0,2,4,6,1353,15,73,-256,-18,359,720,123,Austin,2018-02-21
2019,2,21,82,124,66,7,1,21,21,20,26,22,67,89,41,59,38,1,1,11,10,14,16,12,40,52,30,55,15,6,0,9,7,4,9,9,20,29,1,1,3,0,0,0,1,0,0,0,1,1,10,9,10,0,0,1,3,2,1,1,6,7,1430,21,104,-255,-17,360,752,139,Austin,2019-02-21
2020,2,21,111,153,101,16,6,20,23,15,24,26,62,88,60,70,70,5,1,11,13,11,15,12,39,51,40,70,22,9,5,6,7,4,8,11,19,30,0,0,2,0,0,0,1,0,1,0,2,2,11,13,7,2,0,3,2,0,0,3,2,5,1582,23,95,-254,-16,441,788,172,Austin,2020-02-21
2021,2,21,118,131,26,19,5,29,11,4,26,34,41,75,67,64,14,4,3,7,8,4,16,10,28,38,45,49,10,11,2,19,3,0,8,21,11,32,2,6,0,0,0,0,0,0,0,0,0,0,4,12,2,4,0,3,0,0,2,3,2,5,1005,13,81,-259,-21,296,538,120,Austin,2021-02-21
2022,2,21,93,130,49,16,2,22,13,8,31,24,52,76,48,68,39,2,1,14,7,3,21,15,31,46,34,54,7,11,1,6,5,3,7,7,15,22,1,0,2,0,0,0,0,0,1,0,1,1,10,8,1,3,0,2,1,2,2,2,5,7,973,11,77,-258,-20,276,492,151,Austin,2022-02-21
2023,2,21,80,128,64,13,7,8,3,8,20,15,31,46,44,81,40,3,5,5,1,5,18,10,24,34,31,39,17,10,2,3,2,2,1,5,5,10,0,0,0,0,0,0,0,0,0,0,0,0,5,8,7,0,0,0,0,1,1,0,2,2,882,0,64,-257,-19,244,481,102,Austin,2023-02-21
2024,2,21,84,148,67,16,3,16,5,9,26,19,40,59,36,82,47,4,0,8,0,5,18,8,23,31,42,52,14,11,2,8,4,2,4,10,10,20,1,3,2,0,0,0,1,1,1,0,3,3,5,11,4,1,1,0,0,1,3,1,4,5,1047,17,68,-256,-18,290,518,142,Austin,2024-02-21
2012,3,21,,,,,,,,,,,,,,,,,,,,,,,,,,,,,,,,,,,,,,,,,,,,,,,,,,,,,,,,,,,,,,,,,,,,,Austin,2012-03-21
2013,3,21,,,,,,,,,,,,,,,,,,,,,,,,,,,,,,,,,,,,,,,,,,,,,,,,,,,,,,,,,,,,,,,,,,,,,Austin,2013-03-21
2014,3,21,117,125,75,5,1,20,23,19,17,21,59,80,63,62,51,1,0,10,17,11,12,10,40,50,44,51,19,4,1,7,4,7,3,8,14,22,1,3,2,0,0,1,0,0,1,1,1,2,9,9,3,0,0,2,2,1,1,2,4,6,1858,19,128,-226,12,398,967,162,Austin,2014-03-21
2015,3,21,111,121,90,9,8,23,24,13,17,31,54,85,64,60,47,0,4,7,14,7,10,11,31,42,42,49,36,9,4,15,8,4,5,19,17,36,0,3,0,0,0,0,0,0,1,0,1,1,5,9,7,0,0,1,2,2,1,1,5,6,1547,10,121,-225,13,378,853,127,Austin,2015-03-21
2016,3,21,102,126,94,7,9,17,23,20,14,26,57,83,51,64,75,4,2,11,14,12,8,13,34,47,39,53,12,2,6,5,8,6,5,11,19,30,2,2,3,0,0,0,0,1,0,0,1,1,10,7,4,1,1,1,1,1,1,2,3,5,1437,20,101,-230,8,370,765,121,Austin,2016-03-21
2017,3,21,108,123,87,9,3,21,31,18,21,24,70,94,62,68,66,4,3,15,17,12,13,18,42,60,37,47,13,5,0,5,10,4,8,5,22,27,1,1,3,0,0,0,0,0,0,0,0,0,8,7,5,0,0,1,4,2,0,1,6,7,1573,24,99,-229,9,427,828,123,Austin,2017-03-21
2018,3,21,110,177,89,10,3,29,21,14,13,32,48,80,62,100,68,2,2,15,11,11,7,17,29,46,36,63,13,7,1,13,9,2,5,14,16,30,3,3,4,0,0,0,0,1,0,0,1,1,9,11,4,1,0,1,1,0,1,1,2,3,1842,38,122,-228,10,370,1087,179,Austin,2018-03-21
2019,3,21,125,144,85,6,6,18,22,11,23,24,56,80,82,94,62,1,4,13,12,8,19,17,39,56,31,39,18,3,2,4,10,3,4,6,17,23,4,2,0,0,0,0,0,0,0,0,0,0,8,9,5,2,0,1,0,0,0,1,0,1,1364,17,84,-227,11,362,746,124,Austin,2019-03-21
2020,3,21,68,147,45,6,4,17,9,7,26,21,42,63,44,86,29,2,3,8,7,6,20,11,33,44,22,54,12,4,0,8,2,1,5,8,8,16,1,0,0,0,0,0,0,0,0,0,0,0,1,7,4,0,1,1,0,0,1,2,1,3,838,3,53,-225,13,259,446,96,Austin,2020-03-21
2021,3,21,102,164,51,18,4,31,11,6,21,35,38,73,40,80,30,5,2,15,2,4,11,17,17,34,52,75,15,13,1,14,7,2,7,15,16,31,1,1,0,0,0,0,1,0,1,0,2,2,9,8,6,0,1,2,1,0,2,3,3,6,1017,9,67,-231,7,333,481,168,Austin,2021-03-21
2022,3,21,80,156,60,21,0,22,10,10,32,22,52,74,48,92,48,5,0,5,2,6,24,5,32,37,23,55,10,14,0,14,8,4,5,14,17,31,1,1,1,0,0,0,0,0,0,0,0,0,8,8,1,2,0,3,0,0,3,3,3,6,1004,11,58,-230,8,310,529,122,Austin,2022-03-21
2023,3,21,93,156,109,8,1,19,10,15,34,20,59,79,64,98,82,2,1,10,6,7,19,11,32,43,20,41,17,6,0,6,4,4,12,6,20,26,3,2,3,0,0,0,0,0,1,0,1,1,6,15,7,0,0,3,0,4,2,3,6,9,957,15,83,-229,9,299,493,114,Austin,2023-03-21
2024,3,21,66,155,70,14,1,19,7,7,33,20,47,67,30,86,44,5,0,6,1,3,24,6,28,34,29,59,21,7,1,11,5,2,6,12,13,25,1,2,1,0,0,0,0,0,0,0,0,0,6,8,4,2,0,2,1,2,3,2,6,8,991,9,74,-227,11,278,512,130,Austin,2024-03-21
2012,4,21,,,,,,,,,,,,,,,,,,,,,,,,,,,,,,,,,,,,,,,,,,,,,,,,,,,,,,,,,,,,,,,,,,,,,Austin,2012-04-21
2013,4,21,,,,,,,,,,,,,,,,,,,,,,,,,,,,,,,,,,,,,,,,,,,,,,,,,,,,,,,,,,,,,,,,,,,,,Austin,2013-04-21
2014,4,21,96,110,67,3,4,18,35,18,15,22,68,90,62,73,53,1,2,9,23,12,12,11,47,58,30,29,9,2,2,9,8,5,2,11,15,26,0,0,2,0,0,0,0,0,0,0,0,0,4,8,3,0,0,0,4,1,1,0,6,6,1520,18,77,-195,43,385,731,115,Austin,2014-04-21
2015,4,21,87,85,66,4,1,15,22,22,14,16,58,74,61,60,54,2,1,3,18,15,12,4,45,49,16,15,9,1,0,11,4,2,1,11,7,18,0,0,1,0,0,0,0,0,0,0,0,0,10,10,2,1,0,1,0,5,1,1,6,7,1460,23,129,-194,44,338,750,105,Austin,2015-04-21
2016,4,21,116,148,102,7,3,16,25,21,17,19,63,82,74,78,91,5,3,6,17,13,14,9,44,53,32,50,5,1,0,10,8,5,1,10,14,24,2,1,3,0,0,0,0,1,1,0,2,2,8,19,3,1,0,0,0,2,1,0,3,3,1576,23,121,-199,39,402,834,164,Austin,2016-04-21
2017,4,21,161,150,121,9,2,22,32,21,11,24,64,88,110,99,99,2,1,14,17,16,4,15,37,52,46,35,15,7,1,8,14,2,7,9,23,32,0,0,1,0,0,0,0,0,0,0,0,0,5,16,6,0,0,0,1,3,0,0,4,4,1910,21,126,-198,40,505,1024,167,Austin,2017-04-21
2018,4,21,105,145,86,17,6,26,16,18,12,32,46,78,60,69,59,4,3,10,6,11,3,13,20,33,36,62,21,12,3,14,8,6,7,17,21,38,0,0,2,0,0,0,0,0,0,0,0,0,9,14,4,1,0,2,2,1,2,2,5,7,1400,9,119,-197,41,342,784,157,Austin,2018-04-21
2019,4,21,100,105,65,8,0,33,23,12,14,33,49,82,53,51,43,3,0,12,19,8,9,12,36,48,33,50,17,5,0,19,4,4,4,19,12,31,0,1,0,0,0,0,0,0,0,0,0,0,14,3,5,0,0,2,0,0,1,2,1,3,1178,8,91,-196,42,306,644,143,Austin,2019-04-21
2020,4,21,112,142,22,10,1,21,11,13,26,22,50,72,63,98,15,2,1,17,6,9,20,18,35,53,36,34,6,7,0,4,4,4,3,4,11,15,0,0,1,0,0,0,1,0,0,0,1,1,13,10,0,1,0,0,0,0,3,0,3,3,979,16,85,-194,44,299,498,131,Austin,2020-04-21
2021,4,21,78,161,48,11,0,24,8,7,22,24,37,61,49,109,35,0,0,15,2,5,18,15,25,40,17,41,7,7,0,9,5,1,3,9,9,18,2,2,3,1,0,0,0,0,1,0,1,1,10,9,3,3,0,0,1,1,0,0,2,2,920,18,59,-200,38,292,454,129,Austin,2021-04-21
2022,4,21,90,149,46,10,2,18,6,14,20,20,40,60,61,94,31,3,1,9,2,12,15,10,29,39,15,38,10,5,1,7,4,2,5,8,11,19,0,4,0,0,0,0,0,0,0,0,0,0,14,13,5,2,0,2,0,0,0,2,0,2,962,14,76,-199,39,292,487,137,Austin,2022-04-21
2023,4,21,99,189,76,16,5,25,8,13,33,30,54,84,62,117,57,5,2,9,1,8,24,11,33,44,25,53,13,10,2,12,5,2,7,14,14,28,1,5,3,0,0,0,0,0,1,0,1,1,11,14,3,1,1,4,2,3,1,5,6,11,1100,15,89,-198,40,325,556,153,Austin,2023-04-21
2024,4,21,82,182,59,21,2,26,15,8,35,28,58,86,48,102,39,9,2,14,8,6,25,16,39,55,28,72,15,10,0,9,7,2,9,9,18,27,0,3,0,0,0,0,0,0,0,0,0,0,6,5,5,2,0,3,0,0,1,3,1,4,1039,16,57,-196,42,305,556,128,Austin,2024-04-21
2012,5,21,,,,,,,,,,,,,,,,,,,,,,,,,,,,,,,,,,,,,,,,,,,,,,,,,,,,,,,,,,,,,,,,,,,,,Austin,2012-05-21
2013,5,21,,,,,,,,,,,,,,,,,,,,,,,,,,,,,,,,,,,,,,,,,,,,,,,,,,,,,,,,,,,,,,,,,,,,,Austin,2013-05-21
2014,5,21,127,98,82,3,1,20,30,15,15,21,60,81,84,57,72,1,0,6,23,9,10,6,42,48,29,31,7,2,1,12,6,5,3,13,14,27,0,0,0,0,0,0,0,0,2,0,2,2,14,10,3,0,0,2,1,1,0,2,2,4,1734,18,142,-165,73,430,816,108,Austin,2014-05-21
2015,5,21,101,130,59,9,6,28,19,17,16,34,52,86,71,79,44,4,2,20,14,13,10,22,37,59,24,32,7,4,4,6,3,3,4,10,10,20,0,3,0,0,0,0,0,0,0,0,0,0,6,16,8,1,0,2,2,1,2,2,5,7,1545,5,130,-164,74,369,822,145,Austin,2015-05-21
2016,5,21,114,126,60,14,3,38,20,20,15,41,55,96,66,73,45,3,0,20,11,16,11,20,38,58,37,44,12,10,3,18,7,4,3,21,14,35,0,0,0,0,0,0,0,0,0,0,0,0,11,9,3,1,0,0,2,0,1,0,3,3,1539,9,135,-169,69,369,820,185,Austin,2016-05-21
2017,5,21,109,131,55,11,2,31,21,10,12,33,43,76,60,63,41,4,0,16,12,5,7,16,24,40,42,56,10,7,2,15,8,4,5,17,17,34,1,1,0,0,0,0,0,0,0,0,0,0,6,11,4,0,0,0,1,1,0,0,2,2,1348,10,102,-168,70,343,748,147,Austin,2017-05-21
2018,5,21,100,127,74,5,1,25,28,11,15,26,54,80,61,86,62,2,1,14,22,8,14,15,44,59,31,32,9,2,0,7,5,3,1,7,9,16,1,2,0,0,0,1,0,0,0,1,0,1,7,7,3,1,0,3,1,0,0,3,1,4,1513,21,116,-167,71,386,808,130,Austin,2018-05-21
2019,5,21,113,171,94,7,2,20,23,12,26,22,61,83,77,104,80,3,2,10,17,11,20,12,48,60,24,47,10,4,0,7,4,0,4,7,8,15,1,1,1,0,0,0,1,0,0,0,1,1,11,19,3,0,0,3,1,1,2,3,4,7,1515,28,125,-166,72,394,801,174,Austin,2019-05-21
2020,5,21,99,148,53,16,1,26,12,12,34,27,58,85,71,89,42,5,0,13,10,12,22,13,44,57,23,44,5,7,0,8,2,0,9,8,11,19,1,2,1,0,0,0,0,0,1,0,1,1,4,13,5,4,1,5,0,0,2,6,2,8,1256,23,109,-164,74,360,623,129,Austin,2020-05-21
2021,5,21,118,201,58,12,6,31,8,15,29,37,52,89,77,142,48,2,3,16,5,12,18,19,35,54,33,47,8,10,1,11,2,2,9,12,13,25,1,2,0,0,0,0,0,0,1,0,1,1,7,10,2,0,2,4,1,1,1,6,3,9,1177,12,76,-170,68,352,593,179,Austin,2021-05-21
2022,5,21,90,162,71,23,0,17,8,8,33,17,49,66,51,105,49,11,0,7,3,7,30,7,40,47,20,49,17,12,0,7,2,1,2,7,5,12,2,1,0,0,0,0,1,0,1,0,2,2,17,7,5,0,0,3,2,0,0,3,2,5,1093,13,89,-169,69,277,606,162,Austin,2022-05-21
2023,5,21,92,143,65,38,4,29,9,9,33,33,51,84,51,84,46,8,3,20,7,4,27,23,38,61,33,46,15,27,1,8,1,4,6,9,11,20,1,2,0,0,0,0,0,0,0,0,0,0,7,11,4,3,0,1,1,1,0,1,2,3,1004,11,68,-168,70,292,514,148,Austin,2023-05-21
2024,5,21,95,154,66,9,5,27,8,5,19,32,32,64,59,111,59,6,4,17,6,5,19,21,30,51,24,30,3,2,1,8,2,0,0,9,2,11,0,0,0,0,0,0,0,0,0,0,0,0,12,13,4,1,0,2,0,0,0,2,0,2,1013,0,90,-166,72,301,537,116,Austin,2024-05-21
2012,6,21,,,,,,,,,,,,,,,,,,,,,,,,,,,,,,,,,,,,,,,,,,,,,,,,,,,,,,,,,,,,,,,,,,,,,Austin,2012-06-21
2013,6,21,,,,,,,,,,,,,,,,,,,,,,,,,,,,,,,,,,,,,,,,,,,,,,,,,,,,,,,,,,,,,,,,,,,,,Austin,2013-06-21
2014,6,21,116,95,64,10,7,34,11,18,13,41,42,83,58,49,41,3,2,17,5,14,10,19,29,48,42,34,19,6,4,14,6,3,2,18,11,29,2,1,0,0,0,0,0,0,0,0,0,0,14,11,4,1,1,3,0,1,1,4,2,6,1638,19,174,-134,104,389,867,122,Austin,2014-06-21
2015,6,21,113,92,71,5,2,31,22,12,15,33,49,82,58,56,50,0,1,17,13,5,12,18,30,48,41,27,15,4,1,11,7,6,2,12,15,27,0,0,0,0,0,0,1,0,0,0,1,1,14,9,6,1,0,3,1,1,1,3,3,6,1331,6,115,-133,105,371,686,107,Austin,2015-06-21
2016,6,21,115,131,84,5,2,12,30,21,19,14,70,84,81,87,78,2,1,7,21,15,14,8,50,58,24,31,1,3,1,3,6,5,3,4,14,18,0,0,0,0,0,0,1,0,1,0,2,2,10,13,5,0,0,2,2,1,1,2,4,6,1482,6,157,-138,100,393,803,106,Austin,2016-06-21
2017,6,21,113,102,81,6,2,25,26,16,23,27,65,92,78,64,75,4,1,11,22,12,21,12,55,67,24,26,3,2,1,9,4,3,2,10,9,19,0,1,0,0,0,0,0,0,0,0,0,0,11,11,3,0,0,5,0,1,0,5,1,6,1680,14,149,-137,101,387,917,133,Austin,2017-06-21
2018,6,21,93,133,87,5,2,21,23,10,21,23,54,77,59,86,70,2,1,14,14,9,18,15,41,56,26,29,10,2,1,4,5,0,1,5,6,11,1,2,1,0,0,0,0,0,0,0,0,0,7,16,6,1,0,3,4,1,2,3,7,10,1606,14,165,-136,102,380,863,123,Austin,2018-06-21
2019,6,21,131,169,84,11,1,22,28,12,25,23,65,88,78,109,70,3,1,15,23,10,23,16,56,72,41,42,7,7,0,6,4,2,2,6,8,14,2,1,1,0,0,0,0,0,0,0,0,0,10,17,6,1,0,1,1,0,0,1,1,2,1575,15,127,-135,103,407,849,147,Austin,2019-06-21
2020,6,21,106,105,42,13,4,24,6,10,17,28,33,61,58,56,24,2,1,12,3,6,16,13,25,38,36,38,11,8,3,10,3,3,1,13,7,20,1,1,1,0,0,0,0,0,0,0,0,0,11,10,6,3,0,2,0,1,0,2,1,3,913,9,88,-133,105,267,469,132,Austin,2020-06-21
2021,6,21,109,173,55,12,1,23,11,8,35,24,54,78,79,118,39,6,1,13,6,6,33,14,45,59,22,45,12,5,0,10,5,1,1,10,7,17,1,0,0,0,0,0,0,0,0,0,0,0,7,10,4,1,0,0,0,1,1,0,2,2,1086,8,91,-139,99,328,571,132,Austin,2021-06-21
2022,6,21,99,150,58,13,4,18,7,8,24,22,39,61,74,112,49,6,2,12,6,7,22,14,35,49,14,26,5,4,2,5,1,0,1,7,2,9,3,0,1,1,0,0,0,1,1,0,2,2,8,12,3,2,0,1,0,0,0,1,0,1,944,15,87,-138,100,300,490,119,Austin,2022-06-21
2023,6,21,96,191,66,9,5,29,9,10,29,34,48,82,59,138,58,4,4,19,6,6,23,23,35,58,26,40,3,4,1,7,2,4,5,8,11,19,0,0,2,0,0,0,1,0,0,0,1,1,11,13,3,1,0,3,0,0,1,3,1,4,1105,11,94,-137,101,312,598,144,Austin,2023-06-21
2024,6,21,80,195,65,17,2,25,8,10,33,27,51,78,48,145,45,4,2,10,5,7,24,12,36,48,25,38,10,7,0,12,1,2,7,12,10,22,0,1,3,0,0,1,1,0,1,1,2,3,7,11,7,6,0,2,1,1,1,2,3,5,1198,17,97,-135,103,310,675,134,Austin,2024-06-21
2012,7,21,,,,,,,,,,,,,,,,,,,,,,,,,,,,,,,,,,,,,,,,,,,,,,,,,,,,,,,,,,,,,,,,,,,,,Austin,2012-07-21
2013,7,21,,,,,,,,,,,,,,,,,,,,,,,,,,,,,,,,,,,,,,,,,,,,,,,,,,,,,,,,,,,,,,,,,,,,,Austin,2013-07-21
2014,7,21,95,113,67,3,0,23,23,9,23,23,55,78,59,66,62,0,0,13,14,4,21,13,39,52,23,41,3,2,0,7,8,4,1,7,13,20,2,2,0,0,0,0,0,0,0,0,0,0,11,4,2,1,0,3,1,1,1,3,3,6,1626,11,141,-104,134,386,786,115,Austin,2014-07-21
2015,7,21,98,121,69,9,3,24,24,18,30,27,72,99,63,82,62,1,0,18,20,16,24,18,60,78,25,22,5,5,3,4,4,2,4,7,10,17,0,1,0,1,0,0,0,0,0,0,0,0,10,16,2,2,0,2,0,0,2,2,2,4,1541,19,135,-103,135,411,792,110,Austin,2015-07-21
2016,7,21,98,126,78,4,2,16,28,12,20,18,60,78,69,71,71,1,1,7,20,10,14,8,44,52,22,45,3,2,1,8,5,2,3,9,10,19,0,1,0,0,0,0,0,0,1,0,1,1,7,9,4,1,0,1,3,0,2,1,5,6,1530,12,149,-108,130,364,853,138,Austin,2016-07-21
2017,7,21,120,135,83,11,2,21,17,14,18,23,49,72,63,78,67,1,2,13,9,9,11,15,29,44,48,38,13,6,0,6,5,4,4,6,13,19,1,0,0,0,0,0,0,0,0,0,0,0,8,19,3,4,0,2,3,1,3,2,7,9,1700,10,142,-107,131,430,883,139,Austin,2017-07-21
2018,7,21,114,116,63,7,4,26,11,21,14,30,46,76,65,63,53,2,3,14,9,15,13,17,37,54,40,41,8,4,1,11,1,6,1,12,8,20,0,4,0,0,0,0,0,0,0,0,0,0,9,8,2,1,0,1,1,0,0,1,1,2,1451,14,111,-106,132,352,847,135,Austin,2018-07-21
2019,7,21,108,146,60,9,3,31,22,15,14,34,51,85,66,71,42,3,2,13,16,12,10,15,38,53,34,61,15,6,1,16,4,3,2,17,9,26,4,2,0,0,0,0,0,0,0,0,0,0,4,12,3,0,0,2,2,0,2,2,4,6,1257,14,98,-105,133,340,651,152,Austin,2019-07-21
2020,7,21,95,142,42,13,4,32,17,10,29,36,56,92,71,94,35,4,3,14,12,6,27,17,45,62,11,34,3,5,1,13,4,2,1,14,7,21,0,2,1,0,0,1,0,0,0,1,0,1,13,12,3,4,0,4,1,2,1,4,4,8,1038,15,89,-103,135,339,514,133,Austin,2020-07-21
2021,7,21,89,164,60,10,3,17,14,10,29,20,53,73,63,99,47,5,2,12,7,7,24,14,38,52,22,44,7,0,1,3,6,3,2,4,11,15,2,4,0,0,0,0,0,0,0,0,0,0,2,17,6,5,0,2,1,0,3,2,4,6,1099,16,77,-109,129,324,583,145,Austin,2021-07-21
2022,7,21,88,162,59,10,1,21,8,9,25,22,42,64,48,96,44,2,1,11,2,7,18,12,27,39,33,50,8,6,0,8,5,2,3,8,10,18,0,0,1,0,0,0,0,0,0,0,0,0,7,16,6,2,0,2,1,0,4,2,5,7,1016,14,90,-108,130,287,545,125,Austin,2022-07-21
2023,7,21,65,159,59,15,2,20,8,8,44,22,60,82,42,99,46,4,1,10,3,5,34,11,42,53,21,40,8,9,1,7,4,2,8,8,14,22,0,4,3,0,0,0,0,1,1,0,2,2,2,16,2,2,0,3,1,0,1,3,2,5,1045,18,82,-107,131,293,543,119,Austin,2023-07-21
2024,7,21,108,155,57,28,1,21,10,5,29,22,44,66,58,98,48,7,1,8,5,3,25,9,33,42,41,44,9,19,0,7,5,1,4,7,10,17,2,0,0,0,0,0,0,0,0,0,0,0,7,13,0,2,0,6,0,1,0,6,1,7,1042,11,86,-105,133,280,580,129,Austin,2024-07-21
2012,8,21,,,,,,,,,,,,,,,,,,,,,,,,,,,,,,,,,,,,,,,,,,,,,,,,,,,,,,,,,,,,,,,,,,,,,Austin,2012-08-21
2013,8,21,,,,,,,,,,,,,,,,,,,,,,,,,,,,,,,,,,,,,,,,,,,,,,,,,,,,,,,,,,,,,,,,,,,,,Austin,2013-08-21
2014,8,21,114,132,82,1,3,20,25,13,17,23,55,78,53,83,71,0,1,12,12,10,14,13,36,49,45,39,6,1,1,7,12,1,2,8,15,23,2,2,0,0,0,0,0,0,0,0,0,0,14,8,5,0,1,1,1,2,1,2,4,6,1884,23,153,-73,165,408,897,115,Austin,2014-08-21
2015,8,21,117,119,105,6,0,23,24,28,15,23,67,90,76,73,81,2,0,10,15,22,10,10,47,57,26,36,9,2,0,10,6,3,5,10,14,24,0,1,4,0,0,1,0,1,0,1,1,2,15,9,11,2,0,2,3,2,0,2,5,7,1731,17,144,-72,166,394,895,155,Austin,2015-08-21
2016,8,21,114,109,58,11,1,24,20,15,9,25,44,69,56,54,37,4,0,10,16,12,5,10,33,43,48,49,16,6,1,11,3,3,4,12,10,22,0,0,1,0,0,2,0,0,0,2,0,2,10,6,4,1,0,1,1,0,0,1,1,2,1439,17,97,-77,161,397,790,118,Austin,2016-08-21
2017,8,21,111,103,81,13,3,23,39,15,17,26,71,97,71,58,62,2,2,11,31,12,11,13,54,67,28,37,16,9,1,9,6,3,5,10,14,24,1,1,0,0,0,0,2,0,0,0,2,2,11,7,3,2,0,3,0,0,1,3,1,4,1486,24,111,-76,162,413,764,125,Austin,2017-08-21
2018,8,21,91,115,88,7,2,19,22,14,21,21,57,78,67,74,74,2,1,13,12,12,16,14,40,54,17,30,8,5,1,4,7,2,4,5,13,18,0,2,1,0,0,0,1,0,0,0,1,1,7,9,5,0,0,2,2,0,1,2,3,5,1397,14,104,-75,163,344,748,124,Austin,2018-08-21
2019,8,21,111,153,77,7,6,25,34,14,16,31,64,95,63,88,63,3,4,15,25,10,11,19,46,65,29,44,11,3,2,5,8,3,2,7,13,20,2,3,2,0,0,0,0,0,0,0,0,0,17,18,1,1,0,5,1,1,3,5,5,10,1510,28,107,-74,164,377,744,158,Austin,2019-08-21
2020,8,21,91,164,52,11,1,28,7,12,21,29,40,69,51,102,33,4,1,14,2,8,15,15,25,40,34,53,11,6,0,12,5,1,5,12,11,23,0,0,0,0,0,0,0,0,1,0,1,1,6,9,8,1,0,2,0,3,0,2,3,5,1100,17,90,-72,166,320,556,155,Austin,2020-08-21
2021,8,21,107,160,59,17,11,33,10,18,20,44,48,92,57,94,41,2,2,17,6,12,10,19,28,47,32,50,15,13,9,14,3,3,9,23,15,38,3,3,1,0,0,0,0,3,0,0,3,3,15,13,2,2,0,2,1,0,1,2,2,4,1076,15,80,-78,160,338,525,159,Austin,2021-08-21
2022,8,21,83,172,43,21,3,26,7,11,25,29,43,72,39,98,24,5,2,8,3,7,23,10,33,43,39,59,15,11,1,17,2,2,1,18,5,23,0,3,0,0,0,0,1,0,0,0,1,1,5,12,4,5,0,1,1,2,1,1,4,5,1002,12,74,-77,161,276,536,134,Austin,2022-08-21
2023,8,21,81,150,37,16,2,22,11,10,40,24,61,85,50,98,31,9,1,16,1,5,28,17,34,51,24,47,4,7,1,6,9,3,9,7,21,28,1,1,0,0,0,0,1,0,1,0,2,2,6,4,2,0,0,0,0,2,2,0,4,4,1050,13,77,-76,162,302,560,125,Austin,2023-08-21
2024,8,21,89,161,64,12,3,16,3,12,39,19,54,73,56,117,51,3,3,11,2,10,29,14,41,55,29,38,8,6,0,4,1,1,8,4,10,14,0,0,2,0,0,0,0,0,1,0,1,1,4,6,3,3,0,1,0,1,1,1,2,3,1114,14,68,-74,164,300,614,103,Austin,2024-08-21
2012,9,21,,,,,,,,,,,,,,,,,,,,,,,,,,,,,,,,,,,,,,,,,,,,,,,,,,,,,,,,,,,,,,,,,,,,,Austin,2012-09-21
2013,9,21,,,,,,,,,,,,,,,,,,,,,,,,,,,,,,,,,,,,,,,,,,,,,,,,,,,,,,,,,,,,,,,,,,,,,Austin,2013-09-21
2014,9,21,124,120,49,8,4,30,13,23,10,34,46,80,54,47,26,4,2,12,3,15,7,14,25,39,61,61,20,4,2,14,10,6,2,16,18,34,0,2,0,0,0,0,0,0,0,0,0,0,9,10,3,0,0,4,0,2,1,4,3,7,1435,14,90,-42,196,389,716,170,Austin,2014-09-21
2015,9,21,84,123,67,2,2,20,26,21,22,22,69,91,39,60,57,1,0,10,20,14,15,10,49,59,39,55,9,1,2,8,4,3,5,10,12,22,1,0,0,0,0,0,0,0,0,0,0,0,5,8,1,0,0,2,2,4,2,2,8,10,1505,21,101,-41,197,382,743,125,Austin,2015-09-21
2016,9,21,115,122,82,5,2,19,24,15,20,21,59,80,74,72,67,1,1,13,13,10,16,14,39,53,32,40,8,4,1,4,9,4,4,5,17,22,0,0,2,0,0,0,1,0,0,0,1,1,9,10,5,0,0,2,1,1,0,2,2,4,1564,20,83,-46,192,398,858,107,Austin,2016-09-21
2017,9,21,119,131,84,2,3,17,16,11,20,20,47,67,71,76,66,1,0,8,11,4,16,8,31,39,39,48,13,1,3,7,2,5,4,10,11,21,1,0,1,0,0,0,0,0,0,0,0,0,8,7,4,0,0,2,3,2,0,2,5,7,1526,14,93,-45,193,391,802,127,Austin,2017-09-21
2018,9,21,107,136,95,12,2,16,34,14,15,18,63,81,64,82,66,3,2,5,19,7,9,7,35,42,32,46,21,5,0,9,13,6,4,9,23,32,1,1,3,1,0,0,1,0,1,0,2,2,10,7,5,3,0,2,1,1,1,2,3,5,1491,22,97,-44,194,379,836,138,Austin,2018-09-21
2019,9,21,121,149,77,1,5,31,31,17,32,36,80,116,54,72,53,0,1,14,17,11,20,15,48,63,60,61,18,1,4,11,7,4,9,15,20,35,1,3,2,0,0,1,1,0,1,1,2,3,6,13,4,0,0,5,6,2,2,5,10,15,1347,17,92,-43,195,379,742,164,Austin,2019-09-21
2020,9,21,76,164,68,25,4,28,5,6,35,32,46,78,47,95,48,7,2,16,0,3,26,18,29,47,23,57,12,16,2,11,5,2,7,13,14,27,1,4,0,0,0,0,0,1,0,0,1,1,5,8,8,2,0,1,0,0,2,1,2,3,1021,13,68,-41,197,350,485,133,Austin,2020-09-21
2021,9,21,96,151,67,13,3,18,10,11,31,21,52,73,64,95,55,4,1,13,8,8,21,14,37,51,26,43,3,9,1,5,2,2,7,6,11,17,2,2,1,0,0,0,0,0,0,0,0,0,4,11,8,0,1,0,0,1,3,1,4,5,1014,6,69,-47,191,356,459,162,Austin,2021-09-21
2022,9,21,90,199,80,20,1,17,10,10,23,18,43,61,54,113,64,6,0,9,7,9,18,9,34,43,30,71,10,10,0,8,1,1,5,8,7,15,1,2,1,0,0,0,0,0,0,0,0,0,5,13,5,4,1,0,2,0,0,1,2,3,1063,13,69,-46,192,308,538,157,Austin,2022-09-21
2023,9,21,100,180,73,21,2,20,5,11,29,22,45,67,62,114,56,12,2,10,1,6,16,12,23,35,31,51,10,9,0,6,4,3,8,6,15,21,2,2,2,0,0,0,0,0,1,0,1,1,5,13,5,0,0,4,0,2,4,4,6,10,1031,13,79,-45,193,298,518,129,Austin,2023-09-21
2024,9,21,111,139,51,14,7,38,10,9,27,45,46,91,54,69,36,1,3,15,4,6,19,18,29,47,49,59,13,12,4,18,6,1,7,22,14,36,1,0,2,0,0,1,0,0,1,1,1,2,7,11,0,1,0,4,0,2,0,4,2,6,1135,15,64,-43,195,281,599,169,Austin,2024-09-21
2012,10,21,,,,,,,,,,,,,,,,,,,,,,,,,,,,,,,,,,,,,,,,,,,,,,,,,,,,,,,,,,,,,,,,,,,,,Austin,2012-10-21
2013,10,21,,,,,,,,,,,,,,,,,,,,,,,,,,,,,,,,,,,,,,,,,,,,,,,,,,,,,,,,,,,,,,,,,,,,,Austin,2013-10-21
2014,10,21,126,127,86,2,4,18,24,28,9,22,61,83,71,62,68,0,1,4,14,19,7,5,40,45,45,53,11,2,3,12,6,7,2,15,15,30,2,0,1,0,0,0,1,1,0,0,2,2,8,12,6,0,0,2,3,1,0,2,4,6,1539,20,97,-12,226,402,765,147,Austin,2014-10-21
2015,10,21,106,115,90,4,0,18,21,19,20,18,60,78,53,59,61,0,0,7,11,14,15,7,40,47,38,45,19,4,0,10,7,4,3,10,14,24,2,3,4,0,0,0,1,0,0,0,1,1,13,8,6,0,0,1,2,1,2,1,5,6,1530,30,102,-11,227,374,748,149,Austin,2015-10-21
2016,10,21,118,146,116,11,2,21,21,15,15,23,51,74,69,74,82,2,1,12,14,10,7,13,31,44,40,60,23,8,1,7,7,4,6,8,17,25,2,2,2,0,0,0,0,0,0,0,0,0,7,10,9,1,0,2,0,1,2,2,3,5,1739,26,115,-16,222,388,923,179,Austin,2016-10-21
2017,10,21,130,143,71,13,6,23,15,18,19,29,52,81,61,73,52,2,3,6,9,10,10,9,29,38,57,59,11,10,3,14,5,8,7,17,20,37,2,0,1,0,0,0,1,0,0,0,1,1,10,11,7,1,0,3,0,0,2,3,2,5,1459,13,99,-15,223,362,802,183,Austin,2017-10-21
2018,10,21,122,113,64,17,0,26,21,17,25,26,63,89,47,44,33,4,0,13,9,13,18,13,40,53,65,61,23,11,0,13,9,4,5,13,18,31,1,1,0,0,0,0,1,0,0,0,1,1,9,7,8,2,0,0,2,0,2,0,4,4,1317,14,98,-14,224,341,729,139,Austin,2018-10-21
2019,10,21,126,179,81,8,3,26,35,16,27,29,78,107,72,97,61,3,1,8,24,7,19,9,50,59,41,67,14,5,2,17,8,4,7,19,19,38,2,2,3,0,0,0,0,0,0,0,0,0,11,13,3,0,0,1,3,5,1,1,9,10,1496,19,111,-13,225,370,803,206,Austin,2019-10-21
2020,10,21,92,166,52,7,4,26,6,14,24,30,44,74,53,91,32,2,1,13,3,11,16,14,30,44,30,62,13,5,3,10,1,3,6,13,10,23,1,2,1,0,0,1,0,0,1,1,1,2,8,11,6,0,0,2,2,0,1,2,3,5,1056,18,69,-11,227,319,525,119,Austin,2020-10-21
2021,10,21,94,123,65,8,1,8,12,9,20,9,41,50,61,67,43,1,1,6,4,7,13,7,24,31,28,48,17,6,0,2,8,2,6,2,16,18,0,2,0,0,0,0,0,0,0,0,0,0,5,6,5,1,0,0,0,0,1,0,1,1,889,6,59,-17,221,248,445,145,Austin,2021-10-21
2022,10,21,75,178,84,20,3,15,4,10,21,18,35,53,41,93,56,5,2,5,2,6,15,7,23,30,29,71,17,14,1,8,1,3,6,9,10,19,1,2,4,0,0,0,0,0,0,0,0,0,4,12,7,1,0,2,1,1,0,2,2,4,1040,17,82,-16,222,278,588,120,Austin,2022-10-21
2023,10,21,105,162,57,30,0,26,7,5,22,26,34,60,55,87,28,7,0,12,2,3,18,12,23,35,38,70,23,21,0,13,5,2,4,13,11,24,4,1,2,0,0,0,0,0,0,0,0,0,8,4,4,2,0,1,0,0,0,1,0,1,995,13,58,-15,223,251,542,165,Austin,2023-10-21
2024,10,21,77,143,67,9,4,25,20,8,27,29,55,84,44,79,49,4,1,12,11,6,21,13,38,51,30,53,11,3,3,12,6,1,4,15,11,26,1,2,2,0,0,0,2,0,1,0,3,3,2,9,5,2,0,1,1,1,1,1,3,4,1000,15,57,-13,225,281,492,134,Austin,2024-10-21
2012,11,21,,,,,,,,,,,,,,,,,,,,,,,,,,,,,,,,,,,,,,,,,,,,,,,,,,,,,,,,,,,,,,,,,,,,,Austin,2012-11-21
2013,11,21,,,,,,,,,,,,,,,,,,,,,,,,,,,,,,,,,,,,,,,,,,,,,,,,,,,,,,,,,,,,,,,,,,,,,Austin,2013-11-21
2014,11,21,122,138,125,6,3,20,26,16,20,23,62,85,62,76,77,2,2,7,18,9,14,9,41,50,50,53,33,4,1,12,7,4,5,13,16,29,0,1,0,0,0,0,0,0,0,0,0,0,10,8,15,0,0,1,1,3,1,1,5,6,1822,23,115,19,257,427,967,155,Austin,2014-11-21
2015,11,21,96,115,61,7,4,25,20,17,21,29,58,87,45,47,38,0,3,7,11,10,12,10,33,43,47,63,15,6,1,17,7,5,9,18,21,39,0,1,1,1,0,0,0,0,0,0,0,0,4,4,7,0,0,1,2,2,0,1,4,5,1556,16,99,20,258,348,792,154,Austin,2015-11-21
2016,11,21,100,123,82,3,6,27,26,14,21,33,61,94,50,49,53,0,1,15,20,11,13,16,44,60,37,59,14,3,4,10,4,1,7,14,12,26,1,1,1,0,0,1,1,1,0,1,2,3,12,14,14,0,1,1,1,1,1,2,3,5,1424,16,116,15,253,372,783,112,Austin,2016-11-21
2017,11,21,99,144,80,5,2,23,22,10,15,25,47,72,54,79,56,1,1,12,18,4,6,13,28,41,37,57,12,4,0,9,3,4,9,9,16,25,0,0,0,0,0,0,0,0,0,0,0,0,8,8,12,0,1,2,1,2,0,3,3,6,1376,17,105,16,254,342,686,139,Austin,2017-11-21
2018,11,21,88,98,77,4,4,15,17,13,10,19,40,59,41,52,47,0,0,5,10,6,7,5,23,28,41,41,18,4,4,9,6,4,3,13,13,26,0,0,0,0,0,0,0,0,0,0,0,0,6,5,12,0,0,1,1,3,0,1,4,5,1252,12,78,17,255,311,681,102,Austin,2018-11-21
2019,11,21,108,211,92,11,4,24,26,12,22,28,60,88,51,112,58,3,2,8,18,7,18,10,43,53,41,87,20,5,1,12,7,2,3,13,12,25,1,1,3,0,0,0,0,0,1,0,1,1,15,11,11,3,1,4,1,3,0,5,4,9,1452,18,116,18,256,417,723,189,Austin,2019-11-21
2020,11,21,102,152,43,23,6,25,8,14,25,31,47,78,43,60,30,2,1,6,4,9,11,7,24,31,50,84,10,17,5,15,2,3,13,20,18,38,0,0,1,0,0,0,0,0,0,0,0,0,9,8,2,4,0,4,2,2,1,4,5,9,1051,5,74,20,258,309,503,170,Austin,2020-11-21
2021,11,21,94,141,45,33,5,20,6,5,25,25,36,61,42,67,14,8,2,9,2,3,19,11,24,35,46,59,24,24,3,8,3,2,6,11,11,22,1,2,1,0,0,0,0,0,0,0,0,0,5,13,6,1,0,3,1,0,0,3,1,4,989,16,66,14,252,273,536,142,Austin,2021-11-21
2022,11,21,67,152,79,13,5,12,6,8,26,17,40,57,31,79,40,4,3,4,4,6,18,7,28,35,27,63,24,8,2,8,2,2,6,10,10,20,1,1,0,0,0,0,0,0,0,0,0,0,8,9,15,1,0,0,0,0,2,0,2,2,873,13,73,15,253,273,463,96,Austin,2022-11-21
2023,11,21,69,144,61,18,1,15,7,10,28,16,45,61,35,75,40,4,1,9,2,6,21,10,29,39,25,52,9,14,0,6,5,2,5,6,12,18,1,3,2,0,0,0,0,0,0,0,0,0,8,14,10,0,0,0,0,2,2,0,4,4,939,11,80,16,254,251,489,119,Austin,2023-11-21
2024,11,21,86,144,79,10,3,12,5,6,17,15,28,43,40,74,40,3,2,5,2,3,11,7,16,23,40,59,28,5,1,6,2,3,5,7,10,17,0,2,2,1,0,0,0,0,0,0,0,0,6,9,9,1,0,1,1,0,1,1,2,3,996,9,84,18,256,254,552,110,Austin,2024-11-21
2012,12,21,,,,,,,,,,,,,,,,,,,,,,,,,,,,,,,,,,,,,,,,,,,,,,,,,,,,,,,,,,,,,,,,,,,,,Austin,2012-12-21
2013,12,21,,,,,,,,,,,,,,,,,,,,,,,,,,,,,,,,,,,,,,,,,,,,,,,,,,,,,,,,,,,,,,,,,,,,,Austin,2013-12-21
2014,12,21,86,96,37,4,0,22,28,15,13,22,56,78,28,34,20,0,0,10,12,6,8,10,26,36,54,53,12,4,0,12,14,8,4,12,26,38,2,2,0,0,0,0,1,0,0,0,1,1,2,7,5,0,0,0,1,1,1,0,3,3,1351,14,97,49,287,293,726,85,Austin,2014-12-21
2015,12,21,96,127,91,12,6,26,35,19,23,32,77,109,48,51,58,2,2,13,19,9,16,15,44,59,39,64,16,10,3,9,14,9,5,12,28,40,0,0,3,0,1,0,1,0,0,1,1,2,9,12,14,0,0,4,1,1,2,4,4,8,1519,23,114,50,288,398,767,142,Austin,2015-12-21
2016,12,21,94,120,73,16,5,23,19,13,18,28,50,78,42,51,44,5,1,10,8,10,12,11,30,41,41,57,15,6,4,10,8,2,6,14,16,30,0,1,2,0,0,1,0,0,0,1,0,1,11,11,12,5,0,2,3,1,0,2,4,6,1347,15,105,45,283,344,694,145,Austin,2016-12-21
2017,12,21,93,152,78,15,7,22,22,16,18,29,56,85,44,75,53,6,4,10,14,10,13,14,37,51,42,65,15,8,2,10,4,4,5,12,13,25,0,0,1,0,0,0,1,0,0,0,1,1,7,12,9,1,1,2,3,2,0,3,5,8,1400,13,107,46,284,331,772,161,Austin,2017-12-21
2018,12,21,92,150,103,5,3,20,20,16,19,23,55,78,45,58,78,2,0,7,11,9,14,7,34,41,42,72,20,3,2,11,5,6,5,13,16,29,0,2,0,0,0,0,0,0,0,0,0,0,5,18,5,0,1,2,4,1,0,3,5,8,1512,20,109,47,285,386,845,124,Austin,2018-12-21
2019,12,21,111,152,89,18,3,17,15,17,15,20,47,67,47,72,41,4,1,8,10,9,10,9,29,38,55,66,36,12,2,7,5,5,3,9,13,22,1,1,1,0,0,0,0,0,1,0,1,1,8,13,11,2,0,2,0,3,1,2,4,6,1210,17,104,48,286,327,643,186,Austin,2019-12-21
2020,12,21,82,113,41,21,2,26,9,8,18,28,35,63,38,45,28,7,2,15,5,4,10,17,19,36,36,62,11,13,0,9,4,4,7,9,15,24,0,1,0,0,0,0,0,0,0,0,0,0,8,5,2,1,0,2,0,0,1,2,1,3,932,9,68,50,288,289,455,129,Austin,2020-12-21
2021,12,21,63,125,56,16,3,20,11,13,34,23,58,81,31,62,36,5,1,9,6,7,25,10,38,48,24,49,15,9,2,10,5,6,8,12,19,31,1,2,1,0,0,0,0,0,0,0,0,0,7,12,4,2,0,1,0,0,1,1,1,2,903,16,86,44,282,281,452,127,Austin,2021-12-21
2022,12,21,58,147,48,13,2,11,4,5,34,13,43,56,35,69,25,2,0,7,2,3,18,7,23,30,20,72,16,10,2,4,2,2,14,6,18,24,0,1,2,0,0,0,0,0,0,0,0,0,3,5,5,1,0,0,0,0,2,0,2,2,881,4,55,45,283,237,460,109,Austin,2022-12-21
2023,12,21,78,170,95,14,2,19,8,13,29,21,50,71,31,84,56,5,1,7,2,7,19,8,28,36,37,72,26,7,1,10,5,2,10,11,17,28,2,1,1,0,0,0,1,0,0,0,1,1,8,13,12,2,0,2,0,4,0,2,4,6,972,13,81,46,284,290,501,131,Austin,2023-12-21
2024,12,21,76,131,57,25,3,27,9,7,15,30,31,61,27,55,31,2,0,10,5,3,8,10,16,26,45,71,24,22,3,14,4,3,6,17,13,30,1,0,0,1,0,2,0,0,0,2,0,2,3,5,2,0,0,1,0,1,1,1,2,3,992,6,50,48,286,260,496,157,Austin,2024-12-21
2012,1,22,,,,,,,,,,,,,,,,,,,,,,,,,,,,,,,,,,,,,,,,,,,,,,,,,,,,,,,,,,,,,,,,,,,,,Austin,2012-01-22
2013,1,22,,,,,,,,,,,,,,,,,,,,,,,,,,,,,,,,,,,,,,,,,,,,,,,,,,,,,,,,,,,,,,,,,,,,,Austin,2013-01-22
2014,1,22,105,120,76,3,1,19,30,20,16,20,66,86,48,58,50,1,1,10,23,10,10,11,43,54,48,55,10,2,0,7,6,7,4,7,17,24,1,1,2,0,0,1,0,0,1,1,1,2,8,6,14,0,0,1,1,3,1,1,5,6,1554,23,100,-284,-46,407,762,106,Austin,2014-01-22
2015,1,22,77,74,99,5,2,22,23,11,10,24,44,68,37,35,69,1,1,7,16,7,4,8,27,35,32,37,19,2,1,14,6,3,4,15,13,28,0,1,5,0,0,1,0,0,0,1,0,1,8,1,6,2,0,0,1,1,2,0,4,4,1353,19,102,-283,-45,354,719,83,Austin,2015-01-22
2016,1,22,97,103,90,2,4,21,22,12,23,25,57,82,42,45,56,1,1,6,16,7,13,7,36,43,43,50,23,1,3,15,5,5,5,18,15,33,3,1,2,0,0,0,0,0,3,0,3,3,9,7,9,0,0,0,1,0,2,0,3,3,1583,28,92,-289,-51,394,783,104,Austin,2016-01-22
2017,1,22,102,101,43,13,3,31,19,8,16,34,43,77,47,38,23,1,0,10,11,3,8,10,22,32,46,54,15,11,3,18,8,5,6,21,19,40,1,1,1,1,0,0,0,0,1,0,1,1,8,8,4,0,0,3,0,0,1,3,1,4,1359,19,93,-287,-49,323,753,132,Austin,2017-01-22
2018,1,22,99,144,92,12,2,13,26,12,16,15,54,69,46,70,63,4,0,7,14,7,14,7,35,42,40,62,20,7,2,5,11,4,1,7,16,23,1,3,1,0,0,0,1,0,0,0,1,1,12,9,8,1,0,1,0,1,1,1,2,3,1425,18,116,-286,-48,346,721,166,Austin,2018-01-22
2019,1,22,98,115,72,6,2,19,21,20,13,21,54,75,57,58,45,0,2,6,13,10,13,8,36,44,38,51,15,6,0,11,6,7,0,11,13,24,0,0,3,0,0,0,0,0,0,0,0,0,3,6,9,0,0,2,2,3,0,2,5,7,1388,18,84,-285,-47,382,707,129,Austin,2019-01-22
2020,1,22,88,159,106,3,1,20,15,13,17,21,45,66,44,70,58,2,1,8,14,8,11,9,33,42,33,76,28,1,0,11,1,3,5,11,9,20,1,2,5,0,0,0,0,0,1,0,1,1,10,11,15,0,0,1,0,2,0,1,2,3,1200,24,100,-284,-46,357,612,142,Austin,2020-01-22
2021,1,22,79,182,49,15,1,16,5,4,22,17,31,48,37,101,28,2,0,7,2,3,14,7,19,26,29,65,17,11,1,9,3,1,7,10,11,21,2,2,0,1,0,0,0,0,0,0,0,0,11,14,4,1,0,0,0,0,1,0,1,1,1076,12,76,-289,-51,346,494,134,Austin,2021-01-22
2022,1,22,97,130,67,23,2,15,6,10,19,17,35,52,38,55,37,2,1,4,1,6,15,5,22,27,51,67,24,18,1,8,4,2,4,9,10,19,0,2,0,0,0,0,0,0,0,0,0,0,8,6,6,3,0,3,1,2,0,3,3,6,881,7,71,-288,-50,268,427,152,Austin,2022-01-22
2023,1,22,92,140,41,21,5,20,16,12,16,25,44,69,44,58,23,3,1,9,5,9,10,10,24,34,41,72,13,16,3,11,10,3,5,14,18,32,1,2,0,0,0,0,1,0,0,0,1,1,6,8,5,2,1,0,0,0,1,1,1,2,926,8,74,-287,-49,297,463,135,Austin,2023-01-22
2024,1,22,78,170,89,20,4,16,14,7,31,20,52,72,36,86,45,7,3,6,7,3,21,9,31,40,33,71,33,13,1,10,7,2,7,11,16,27,1,2,5,0,0,0,0,0,0,0,0,0,8,11,6,0,0,0,0,2,3,0,5,5,949,12,74,-286,-48,263,534,88,Austin,2024-01-22
2012,2,22,,,,,,,,,,,,,,,,,,,,,,,,,,,,,,,,,,,,,,,,,,,,,,,,,,,,,,,,,,,,,,,,,,,,,Austin,2012-02-22
2013,2,22,,,,,,,,,,,,,,,,,,,,,,,,,,,,,,,,,,,,,,,,,,,,,,,,,,,,,,,,,,,,,,,,,,,,,Austin,2013-02-22
2014,2,22,121,119,74,8,1,26,17,13,18,27,48,75,42,40,50,0,1,11,6,4,13,12,23,35,70,71,22,7,0,15,10,9,3,15,22,37,1,0,0,0,0,0,0,0,0,0,0,0,8,8,2,1,0,0,1,0,2,0,3,3,1603,12,93,-253,-15,354,894,151,Austin,2014-02-22
2015,2,22,105,95,51,7,4,20,20,19,27,24,66,90,52,43,31,2,0,6,13,9,18,6,40,46,49,44,15,5,4,13,4,7,7,17,18,35,1,0,2,0,0,0,1,0,1,0,2,2,3,8,3,0,0,1,2,3,1,1,6,7,1266,16,66,-252,-14,319,663,129,Austin,2015-02-22
2016,2,22,106,127,88,6,0,16,28,13,15,16,56,72,60,73,65,1,0,8,20,9,9,8,38,46,38,42,14,4,0,6,6,3,5,6,14,20,0,1,4,0,0,0,1,0,1,0,2,2,8,11,5,1,0,2,1,1,0,2,2,4,1612,25,118,-258,-20,390,829,127,Austin,2016-02-22
2017,2,22,105,129,108,6,3,21,17,11,22,24,50,74,65,68,82,4,1,12,7,6,13,13,26,39,31,55,18,2,2,9,7,4,7,11,18,29,0,1,0,0,0,0,0,0,2,0,2,2,9,5,8,0,0,0,3,1,0,0,4,4,1526,18,71,-256,-18,387,806,126,Austin,2017-02-22
2018,2,22,76,109,96,8,0,19,18,5,17,19,40,59,41,51,68,2,0,8,12,5,12,8,29,37,31,49,21,5,0,8,3,0,4,8,7,15,0,1,2,0,0,1,1,0,0,1,1,2,4,8,5,1,0,2,2,0,1,2,3,5,1335,18,84,-255,-17,352,720,90,Austin,2018-02-22
2019,2,22,113,131,102,7,1,16,19,20,13,17,52,69,69,74,77,1,1,8,13,10,7,9,30,39,38,49,14,6,0,7,6,10,5,7,21,28,1,1,1,0,0,0,0,0,0,0,0,0,5,7,10,0,0,1,0,0,1,1,1,2,1468,12,88,-254,-16,367,809,142,Austin,2019-02-22
2020,2,22,116,156,49,19,6,24,26,13,26,30,65,95,57,60,26,3,4,7,17,10,14,11,41,52,47,80,21,16,2,15,7,3,11,17,21,38,3,1,0,0,0,0,0,0,0,0,0,0,9,15,2,0,0,2,2,0,1,2,3,5,1348,17,97,-253,-15,356,720,178,Austin,2020-02-22
2021,2,22,82,130,40,17,5,26,12,4,39,31,55,86,48,58,29,2,3,12,5,2,26,15,33,48,33,62,8,14,2,10,7,2,9,12,18,30,0,1,0,0,0,1,0,0,0,1,0,1,1,9,3,1,0,3,0,0,4,3,4,7,1012,11,71,-258,-20,340,486,136,Austin,2021-02-22
2022,2,22,90,139,58,13,5,16,8,5,28,21,41,62,51,81,42,4,2,9,2,5,24,11,31,42,33,44,13,8,1,7,5,0,4,8,9,17,2,2,0,1,1,0,0,0,0,1,0,1,4,12,3,0,1,0,1,0,0,1,1,2,904,17,54,-257,-19,275,457,119,Austin,2022-02-22
2023,2,22,79,167,64,13,4,15,10,6,23,19,39,58,45,92,48,2,2,5,3,6,9,7,18,25,33,63,9,9,1,9,7,0,14,10,21,31,0,0,1,0,0,0,0,0,0,0,0,0,1,12,6,2,1,1,0,0,0,2,0,2,908,7,71,-256,-18,294,457,118,Austin,2023-02-22
2024,2,22,86,156,85,12,2,21,11,6,25,23,42,65,50,86,50,3,1,11,3,3,14,12,20,32,29,59,26,7,1,7,8,1,8,8,17,25,1,3,2,0,0,0,0,0,2,0,2,2,6,8,7,2,0,3,0,2,1,3,3,6,1108,12,76,-255,-17,287,606,133,Austin,2024-02-22
2012,3,22,,,,,,,,,,,,,,,,,,,,,,,,,,,,,,,,,,,,,,,,,,,,,,,,,,,,,,,,,,,,,,,,,,,,,Austin,2012-03-22
2013,3,22,,,,,,,,,,,,,,,,,,,,,,,,,,,,,,,,,,,,,,,,,,,,,,,,,,,,,,,,,,,,,,,,,,,,,Austin,2013-03-22
2014,3,22,126,125,74,5,2,26,16,20,14,28,50,78,52,64,52,0,2,13,10,14,10,15,34,49,60,50,18,3,0,10,5,3,3,10,11,21,0,3,0,0,0,0,0,1,0,0,1,1,14,8,4,2,0,3,1,2,1,3,4,7,1671,13,121,-225,13,397,863,164,Austin,2014-03-22
2015,3,22,132,128,66,6,5,33,28,19,26,38,73,111,46,59,43,1,2,17,10,13,19,19,42,61,78,65,18,4,3,13,13,5,5,16,23,39,1,0,0,0,0,0,2,0,0,0,2,2,7,4,5,1,0,3,3,1,2,3,6,9,1579,6,81,-224,14,388,857,171,Austin,2015-03-22
2016,3,22,119,135,89,8,3,18,24,23,21,21,68,89,73,82,72,2,1,15,19,15,12,16,46,62,29,38,10,5,2,3,3,6,8,5,17,22,0,2,1,0,0,0,0,0,0,0,0,0,17,13,6,1,0,0,2,2,1,0,5,5,1647,17,114,-229,9,390,892,155,Austin,2016-03-22
2017,3,22,106,121,93,8,3,13,24,10,19,16,53,69,61,72,71,4,1,7,19,8,14,8,41,49,37,37,13,4,1,3,5,0,3,4,8,12,0,5,3,0,0,0,0,0,0,0,0,0,8,7,6,0,1,3,0,2,2,4,4,8,1569,24,103,-228,10,426,798,127,Austin,2017-03-22
2018,3,22,117,162,80,6,3,24,19,11,16,27,46,73,70,94,63,3,2,16,14,7,12,18,33,51,37,53,14,3,1,7,5,4,4,8,13,21,1,4,1,0,0,0,0,0,0,0,0,0,9,11,2,0,0,1,0,0,0,1,0,1,1729,19,96,-227,11,373,1039,138,Austin,2018-03-22
2019,3,22,115,156,76,5,5,26,25,22,22,31,69,100,58,88,56,1,1,16,14,17,13,17,44,61,47,50,16,3,4,7,10,2,9,11,21,32,3,3,1,0,0,0,0,0,0,0,0,0,7,15,3,1,0,3,1,3,0,3,4,7,1525,25,106,-226,12,382,830,153,Austin,2019-03-22
2020,3,22,81,118,31,22,4,14,24,5,21,18,50,68,48,58,24,6,2,8,13,3,14,10,30,40,30,48,4,15,2,6,9,2,4,8,15,23,1,2,1,0,0,0,1,0,0,0,1,1,2,10,2,1,0,0,1,0,3,0,4,4,836,8,55,-224,14,279,440,94,Austin,2020-03-22
2021,3,22,91,174,34,15,6,17,13,6,18,23,37,60,54,103,23,6,3,10,7,2,11,13,20,33,30,63,11,9,2,4,6,4,5,6,15,21,0,1,0,0,0,0,0,0,2,0,2,2,7,7,0,0,1,3,0,0,0,4,0,4,991,14,57,-230,8,292,500,145,Austin,2021-03-22
2022,3,22,74,135,46,11,3,23,6,7,28,26,41,67,54,72,40,5,1,11,3,5,22,12,30,42,9,52,3,4,2,9,3,1,5,11,9,20,3,2,1,0,0,0,0,0,0,0,0,0,8,9,2,2,0,3,0,1,1,3,2,5,872,14,63,-229,9,256,467,90,Austin,2022-03-22
2023,3,22,97,168,63,22,3,19,9,8,38,22,55,77,58,105,37,3,3,13,3,6,27,16,36,52,31,52,21,9,0,5,6,1,8,5,15,20,1,1,2,0,0,0,0,0,0,0,0,0,7,10,3,10,0,1,0,1,3,1,4,5,996,11,73,-228,10,299,519,140,Austin,2023-03-22
2024,3,22,122,163,69,21,1,18,13,10,28,19,51,70,69,91,51,4,1,8,4,9,23,9,36,45,40,57,13,16,0,8,8,1,4,8,13,21,2,3,1,0,0,0,1,0,0,0,1,1,11,12,4,1,0,2,0,0,1,2,1,3,1169,15,84,-226,12,289,641,154,Austin,2024-03-22
2012,4,22,,,,,,,,,,,,,,,,,,,,,,,,,,,,,,,,,,,,,,,,,,,,,,,,,,,,,,,,,,,,,,,,,,,,,Austin,2012-04-22
2013,4,22,,,,,,,,,,,,,,,,,,,,,,,,,,,,,,,,,,,,,,,,,,,,,,,,,,,,,,,,,,,,,,,,,,,,,Austin,2013-04-22
2014,4,22,107,110,72,7,1,18,30,11,17,19,58,77,69,63,60,3,1,9,20,9,13,10,42,52,30,38,10,2,0,5,7,2,3,5,12,17,0,0,1,0,0,0,1,0,0,0,1,1,8,9,1,2,0,4,2,0,1,4,3,7,1662,23,96,-194,44,451,811,116,Austin,2014-04-22
2015,4,22,107,107,82,4,2,32,23,13,23,34,59,93,66,80,69,1,0,20,18,9,15,20,42,62,29,22,5,3,2,10,4,4,7,12,15,27,1,0,2,0,0,0,0,0,0,0,0,0,11,5,6,0,0,2,1,0,1,2,2,4,1561,21,94,-193,45,388,771,149,Austin,2015-04-22
2016,4,22,128,146,93,8,2,22,15,17,12,24,44,68,71,81,76,2,2,11,11,11,9,13,31,44,47,47,15,5,0,10,4,4,2,10,10,20,0,0,0,0,0,0,0,0,0,0,0,0,10,18,2,1,0,1,0,2,1,1,3,4,1644,8,142,-198,40,353,894,157,Austin,2016-04-22
2017,4,22,102,164,75,8,2,23,17,27,15,25,59,84,50,82,50,4,1,14,7,16,12,15,35,50,46,65,20,3,1,7,9,10,2,8,21,29,0,1,1,0,0,1,1,0,0,1,1,2,6,16,4,1,0,1,0,1,1,1,2,3,1589,14,133,-197,41,375,902,184,Austin,2017-04-22
2018,4,22,113,108,74,15,1,33,14,15,14,34,43,77,57,48,47,5,0,16,8,9,9,16,26,42,41,44,23,10,1,16,5,5,4,17,14,31,1,2,0,0,0,0,0,0,0,0,0,0,14,14,4,0,0,1,1,1,1,1,3,4,1355,17,112,-196,42,331,732,153,Austin,2018-04-22
2019,4,22,116,172,76,5,4,23,27,25,37,27,89,116,75,109,64,3,3,10,20,19,28,13,67,80,28,50,8,2,1,10,7,5,7,11,19,30,0,0,2,0,0,1,0,0,1,1,1,2,13,13,2,0,0,2,0,1,1,2,2,4,1432,18,104,-195,43,390,730,150,Austin,2019-04-22
2020,4,22,96,152,33,12,7,22,17,11,35,29,63,92,64,92,24,4,3,14,9,7,26,17,42,59,23,42,8,5,4,6,8,2,6,10,16,26,1,1,0,0,0,0,0,0,2,0,2,2,8,17,1,3,0,2,0,2,1,2,3,5,984,14,80,-193,45,318,486,126,Austin,2020-04-22
2021,4,22,82,155,47,8,3,11,9,4,22,14,35,49,56,100,31,3,1,6,4,4,19,7,27,34,17,39,8,5,2,2,4,0,1,4,5,9,2,2,0,0,0,0,0,0,0,0,0,0,7,14,8,0,0,3,1,0,2,3,3,6,928,13,76,-199,39,289,463,138,Austin,2021-04-22
2022,4,22,90,159,69,19,4,36,9,6,28,40,43,83,58,102,53,3,3,16,4,4,20,19,28,47,26,46,13,13,1,17,4,1,6,18,11,29,0,3,1,0,0,0,0,0,1,0,1,1,6,8,2,3,0,3,1,1,1,3,3,6,1147,17,71,-198,40,316,598,164,Austin,2022-04-22
2023,4,22,100,155,60,43,2,22,9,6,28,24,43,67,56,84,46,10,1,11,3,3,20,12,26,38,34,55,7,29,1,9,4,3,7,10,14,24,0,2,0,0,0,0,0,0,0,0,0,0,10,14,7,4,0,2,2,0,1,2,3,5,1038,12,92,-197,41,268,537,164,Austin,2023-04-22
2024,4,22,73,138,57,12,3,15,15,5,34,18,54,72,39,80,45,4,1,8,5,5,20,9,30,39,26,45,8,7,2,4,8,0,12,6,20,26,0,0,0,0,0,0,2,0,0,0,2,2,8,13,4,1,0,3,0,0,2,3,2,5,1023,12,77,-195,43,285,540,109,Austin,2024-04-22
2012,5,22,,,,,,,,,,,,,,,,,,,,,,,,,,,,,,,,,,,,,,,,,,,,,,,,,,,,,,,,,,,,,,,,,,,,,Austin,2012-05-22
2013,5,22,,,,,,,,,,,,,,,,,,,,,,,,,,,,,,,,,,,,,,,,,,,,,,,,,,,,,,,,,,,,,,,,,,,,,Austin,2013-05-22
2014,5,22,131,122,76,2,0,21,28,19,12,21,59,80,83,65,69,1,0,10,23,16,8,10,47,57,37,44,4,1,0,8,4,3,3,8,10,18,1,1,0,0,0,0,0,0,0,0,0,0,10,12,3,0,0,3,1,0,1,3,2,5,1825,17,160,-164,74,419,843,147,Austin,2014-05-22
2015,5,22,125,127,100,8,2,27,34,21,10,29,65,94,71,78,81,1,1,14,26,15,8,15,49,64,40,38,16,6,1,9,6,5,1,10,12,22,0,1,0,0,0,0,0,0,0,0,0,0,14,10,3,1,0,4,2,1,1,4,4,8,1752,20,151,-163,75,409,909,155,Austin,2015-05-22
2016,5,22,109,133,64,18,2,33,24,15,21,35,60,95,53,65,38,2,0,16,18,10,16,16,44,60,46,47,22,14,2,14,5,5,4,16,14,30,2,1,1,0,0,0,0,0,0,0,0,0,8,20,3,2,0,3,1,0,1,3,2,5,1409,9,121,-168,70,359,766,150,Austin,2016-05-22
2017,5,22,127,142,58,3,2,19,18,12,13,21,43,64,83,92,47,1,1,8,15,10,13,9,38,47,32,38,7,2,1,6,2,1,0,7,3,10,0,0,1,0,0,0,0,0,0,0,0,0,12,12,3,0,0,5,1,1,0,5,2,7,1488,12,120,-167,71,395,755,106,Austin,2017-05-22
2018,5,22,104,116,67,5,1,27,20,8,10,28,38,66,65,82,52,3,1,14,16,5,8,15,29,44,29,30,7,0,0,7,4,1,0,7,5,12,1,1,1,0,0,0,0,0,0,0,0,0,9,3,7,2,0,6,0,2,2,6,4,10,1497,19,123,-166,72,362,826,141,Austin,2018-05-22
2019,5,22,111,164,86,13,5,22,22,10,18,27,50,77,77,100,75,6,3,15,12,6,10,18,28,46,28,54,7,5,2,5,8,2,6,7,16,23,2,0,1,0,0,0,0,0,1,0,1,1,4,10,3,2,0,2,2,2,1,2,5,7,1571,24,92,-165,73,393,846,163,Austin,2019-05-22
2020,5,22,99,148,42,13,7,28,10,9,17,35,36,71,56,91,29,6,3,12,6,6,13,15,25,40,38,42,8,5,4,15,3,3,4,19,10,29,0,0,0,0,0,0,1,0,0,0,1,1,5,15,5,2,0,1,0,0,0,1,0,1,1295,11,110,-163,75,349,617,134,Austin,2020-05-22
2021,5,22,125,163,70,28,9,34,10,11,24,43,45,88,80,96,49,8,6,16,5,3,15,22,23,45,35,54,17,16,0,14,3,6,7,14,16,30,1,1,1,0,0,1,0,0,0,1,0,1,9,12,3,4,3,3,2,2,2,6,6,12,1052,8,79,-169,69,320,536,166,Austin,2021-05-22
2022,5,22,92,141,44,24,2,29,12,7,22,31,41,72,48,96,27,4,2,13,7,5,17,15,29,44,32,37,16,16,0,12,4,1,5,12,10,22,3,2,0,2,0,0,1,0,0,0,1,1,9,6,1,2,0,4,0,1,0,4,1,5,994,12,79,-168,70,283,552,114,Austin,2022-05-22
2023,5,22,99,166,52,16,4,26,7,11,37,30,55,85,56,112,45,6,4,13,4,7,28,17,39,56,28,44,3,7,0,10,3,4,7,10,14,24,1,3,0,0,0,0,0,0,0,0,0,0,14,7,4,3,0,3,0,0,2,3,2,5,1011,10,80,-167,71,295,504,154,Austin,2023-05-22
2024,5,22,85,172,54,8,2,23,6,8,17,25,31,56,50,127,41,2,1,11,2,7,13,12,22,34,30,34,7,5,1,8,4,1,3,9,8,17,1,0,1,0,0,1,0,0,0,1,0,1,4,11,5,1,0,3,0,0,1,3,1,4,1034,7,70,-165,73,296,565,115,Austin,2024-05-22
2012,6,22,,,,,,,,,,,,,,,,,,,,,,,,,,,,,,,,,,,,,,,,,,,,,,,,,,,,,,,,,,,,,,,,,,,,,Austin,2012-06-22
2013,6,22,,,,,,,,,,,,,,,,,,,,,,,,,,,,,,,,,,,,,,,,,,,,,,,,,,,,,,,,,,,,,,,,,,,,,Austin,2013-06-22
2014,6,22,143,129,60,8,3,22,24,16,10,25,50,75,78,74,41,0,1,9,13,11,5,10,29,39,52,47,16,6,2,11,11,3,5,13,19,32,1,0,1,0,0,0,0,0,0,0,0,0,12,8,2,2,0,2,0,2,0,2,2,4,1469,15,122,-133,105,392,768,139,Austin,2014-06-22
2015,6,22,104,169,81,8,6,27,25,21,11,33,57,90,72,113,72,3,3,19,15,16,8,22,39,61,20,37,5,4,2,3,8,2,3,5,13,18,1,2,0,0,1,0,0,0,0,1,0,1,11,17,4,1,0,5,2,3,0,5,5,10,1573,16,144,-132,106,392,846,125,Austin,2015-06-22
2016,6,22,117,138,87,4,5,18,25,14,16,23,55,78,78,85,76,2,2,9,18,11,11,11,40,51,34,38,7,2,2,8,4,1,4,10,9,19,0,0,0,0,0,0,0,0,0,0,0,0,5,15,4,0,1,1,3,2,1,2,6,8,1548,13,136,-137,101,402,827,153,Austin,2016-06-22
2017,6,22,110,147,90,4,2,23,16,13,13,25,42,67,65,88,76,1,1,10,11,11,8,11,30,41,31,48,6,3,0,9,4,2,2,9,8,17,0,0,0,0,0,0,0,0,0,0,0,0,14,11,8,0,1,4,1,0,3,5,4,9,1709,15,177,-136,102,409,887,119,Austin,2017-06-22
2018,6,22,109,134,83,2,6,22,22,18,16,28,56,84,75,76,72,2,2,13,14,13,10,15,37,52,23,48,5,0,3,6,3,3,3,9,9,18,1,1,1,0,0,0,0,0,0,0,0,0,10,9,5,0,1,3,5,2,3,4,10,14,1566,21,149,-135,103,400,859,141,Austin,2018-06-22
2019,6,22,114,154,55,10,5,38,19,21,10,43,50,93,64,93,38,3,4,22,12,12,8,26,32,58,39,46,11,4,1,12,6,7,1,13,14,27,1,3,0,0,0,0,0,0,0,0,0,0,10,12,6,3,0,4,1,2,1,4,4,8,1270,9,123,-134,104,324,711,134,Austin,2019-06-22
2020,6,22,104,122,42,14,9,22,21,5,33,31,59,90,72,82,35,6,6,13,11,1,31,19,43,62,17,28,4,5,3,6,9,2,1,9,12,21,0,2,0,0,0,1,0,0,1,1,1,2,15,10,3,3,0,2,1,2,0,2,3,5,978,16,86,-132,106,314,487,134,Austin,2020-06-22
2021,6,22,88,178,48,11,3,24,13,6,28,27,47,74,63,124,43,7,1,12,9,3,21,13,33,46,19,36,3,2,1,10,2,3,5,11,10,21,0,3,0,0,0,1,0,0,0,1,0,1,6,15,2,2,1,1,2,0,2,2,4,6,1029,8,76,-138,100,333,517,129,Austin,2021-06-22
2022,6,22,78,193,76,13,5,19,6,8,27,24,41,65,50,118,64,6,3,10,2,6,20,13,28,41,20,58,6,6,0,6,4,2,4,6,10,16,0,1,2,0,0,0,0,0,1,0,1,1,8,16,4,1,2,3,0,0,2,5,2,7,1100,9,95,-137,101,296,581,178,Austin,2022-06-22
2023,6,22,79,174,75,12,5,17,9,3,37,22,49,71,51,117,61,3,3,13,4,1,26,16,31,47,15,43,8,9,1,2,4,1,9,3,14,17,1,1,0,0,0,0,0,0,0,0,0,0,12,13,6,0,1,2,1,1,2,3,4,7,1029,8,96,-136,102,304,539,132,Austin,2023-06-22
2024,6,22,81,209,57,19,6,34,10,12,28,40,50,90,49,115,36,4,4,22,4,10,21,26,35,61,22,77,12,15,0,8,5,2,3,8,10,18,0,0,1,0,0,0,0,0,3,0,3,3,10,17,8,0,2,4,1,0,1,6,2,8,1175,13,104,-134,104,315,641,150,Austin,2024-06-22
2012,7,22,,,,,,,,,,,,,,,,,,,,,,,,,,,,,,,,,,,,,,,,,,,,,,,,,,,,,,,,,,,,,,,,,,,,,Austin,2012-07-22
2013,7,22,,,,,,,,,,,,,,,,,,,,,,,,,,,,,,,,,,,,,,,,,,,,,,,,,,,,,,,,,,,,,,,,,,,,,Austin,2013-07-22
2014,7,22,87,107,97,3,3,14,33,23,21,17,77,94,54,61,86,0,2,8,17,17,17,10,51,61,22,35,7,3,0,4,9,3,2,4,14,18,1,1,0,0,0,0,1,0,0,0,1,1,10,10,4,0,1,2,6,3,2,3,11,14,1623,19,127,-103,135,410,780,127,Austin,2014-07-22
2015,7,22,83,121,88,4,2,22,29,19,14,24,62,86,57,79,71,0,1,12,21,16,11,13,48,61,17,32,11,2,1,5,8,2,2,6,12,18,2,0,1,0,0,0,0,0,0,0,0,0,7,10,5,2,0,5,0,1,1,5,2,7,1583,17,136,-102,136,364,825,140,Austin,2015-07-22
2016,7,22,109,127,95,5,2,24,27,16,16,26,59,85,64,80,75,0,1,12,16,14,13,13,43,56,32,34,14,2,1,8,8,2,3,9,13,22,0,1,1,0,0,0,1,0,0,0,1,1,13,12,5,3,0,4,2,0,0,4,2,6,1614,15,163,-107,131,382,905,146,Austin,2016-07-22
2017,7,22,111,142,76,14,5,24,17,14,11,29,42,71,58,79,51,3,2,13,7,12,8,15,27,42,39,50,19,8,3,8,9,1,3,11,13,24,0,2,1,0,0,0,0,0,0,0,0,0,14,11,5,3,0,3,1,1,0,3,2,5,1506,17,138,-106,132,363,827,151,Austin,2017-07-22
2018,7,22,103,111,76,12,2,38,17,17,12,40,46,86,54,58,53,1,1,17,14,11,10,18,35,53,39,36,18,9,0,15,1,4,2,15,7,22,0,1,0,0,0,1,0,0,0,1,0,1,10,16,5,2,1,5,2,2,0,6,4,10,1284,9,129,-105,133,361,686,143,Austin,2018-07-22
2019,7,22,134,152,93,8,2,27,35,21,26,29,82,111,88,90,75,1,1,13,31,15,22,14,68,82,33,49,13,5,0,11,2,3,3,11,8,19,1,1,2,0,0,0,1,0,1,0,2,2,12,12,3,2,1,3,1,3,0,4,4,8,1428,17,108,-104,134,448,678,172,Austin,2019-07-22
2020,7,22,76,154,38,22,2,19,19,7,29,21,55,76,54,95,31,12,0,12,13,5,19,12,37,49,16,46,4,9,2,6,5,2,8,8,15,23,0,1,2,0,0,1,1,0,0,1,1,2,6,12,1,1,0,0,0,0,2,0,2,2,979,19,76,-102,136,294,478,141,Austin,2020-07-22
2021,7,22,94,179,42,10,6,21,8,12,29,27,49,76,53,128,32,3,2,10,5,10,20,12,35,47,27,36,7,7,4,4,3,1,7,8,11,19,5,3,0,0,0,0,0,1,1,0,2,2,9,12,3,0,0,7,0,0,1,7,1,8,1078,18,82,-108,130,309,558,144,Austin,2021-07-22
2022,7,22,85,183,64,14,6,20,12,5,35,26,52,78,51,106,52,4,5,14,4,1,21,19,26,45,24,62,7,7,1,5,8,4,11,6,23,29,2,1,1,0,0,0,0,0,0,0,0,0,8,14,4,3,0,1,0,0,3,1,3,4,1124,19,87,-107,131,334,568,171,Austin,2022-07-22
2023,7,22,101,164,55,24,4,19,6,11,28,23,45,68,60,94,37,7,2,9,3,9,21,11,33,44,26,53,12,15,1,9,3,0,2,10,5,15,1,2,1,0,0,0,0,0,0,0,0,0,14,15,5,2,1,1,0,2,5,2,7,9,1026,7,106,-106,132,272,533,142,Austin,2023-07-22
2024,7,22,95,157,60,13,2,23,7,11,38,25,56,81,62,104,42,7,2,12,4,10,29,14,43,57,26,34,14,5,0,10,1,1,7,10,9,19,0,2,0,1,0,1,0,0,0,1,0,1,7,17,4,0,0,0,2,0,2,0,4,4,1018,16,86,-104,134,271,569,134,Austin,2024-07-22
2012,8,22,,,,,,,,,,,,,,,,,,,,,,,,,,,,,,,,,,,,,,,,,,,,,,,,,,,,,,,,,,,,,,,,,,,,,Austin,2012-08-22
2013,8,22,,,,,,,,,,,,,,,,,,,,,,,,,,,,,,,,,,,,,,,,,,,,,,,,,,,,,,,,,,,,,,,,,,,,,Austin,2013-08-22
2014,8,22,98,131,77,1,1,16,25,18,16,17,59,76,50,69,57,1,0,7,17,14,10,7,41,48,35,45,12,0,1,8,6,4,4,9,14,23,1,3,1,0,0,0,0,0,0,0,0,0,12,14,7,0,0,1,2,0,2,1,4,5,1880,24,139,-72,166,382,980,117,Austin,2014-08-22
2015,8,22,136,145,78,4,0,32,22,16,12,32,50,82,71,66,62,0,0,8,13,12,8,8,33,41,54,69,14,4,0,20,8,3,3,20,14,34,1,1,0,0,0,0,0,0,0,0,0,0,10,9,2,0,0,4,1,1,1,4,3,7,1579,9,145,-71,167,416,832,168,Austin,2015-08-22
2016,8,22,96,134,81,5,3,27,28,19,18,30,65,95,63,72,67,2,0,11,19,13,17,11,49,60,28,47,9,3,3,14,5,4,1,17,10,27,1,2,1,0,0,1,1,0,0,1,1,2,4,13,4,0,0,1,3,2,0,1,5,6,1662,28,128,-76,162,413,938,113,Austin,2016-08-22
2017,8,22,100,124,67,10,3,23,14,9,13,26,36,62,63,76,60,4,3,17,13,9,9,20,31,51,30,35,3,6,0,3,1,0,2,3,3,6,0,2,3,0,0,0,0,0,1,0,1,1,7,11,1,0,0,3,0,0,1,3,1,4,1566,32,106,-75,163,369,858,133,Austin,2017-08-22
2018,8,22,88,101,79,2,5,22,19,16,24,27,59,86,50,63,64,0,3,10,15,10,18,13,43,56,25,30,10,2,2,7,4,2,6,9,12,21,1,0,2,0,0,1,0,0,0,1,0,1,12,8,3,0,0,4,0,4,0,4,4,8,1482,25,119,-74,164,378,825,121,Austin,2018-08-22
2019,8,22,97,176,93,7,6,20,26,15,20,26,61,87,63,106,82,2,2,12,20,11,13,14,44,58,27,49,7,5,4,5,6,4,5,9,15,24,2,2,3,0,0,0,0,0,0,0,0,0,5,19,1,0,0,3,0,0,2,3,2,5,1575,30,104,-73,165,437,807,142,Austin,2019-08-22
2020,8,22,87,132,59,14,6,37,13,8,23,43,44,87,48,68,39,2,2,16,6,5,21,18,32,50,30,52,12,10,3,19,5,3,1,22,9,31,0,2,2,0,0,1,0,0,1,1,1,2,9,10,6,2,1,1,2,0,0,2,2,4,1080,26,89,-71,167,289,597,136,Austin,2020-08-22
2021,8,22,112,163,68,25,3,27,9,12,19,30,40,70,58,99,41,10,3,16,7,9,15,19,31,50,39,55,25,13,0,10,2,2,3,10,7,17,2,1,0,0,0,0,0,0,0,0,0,0,13,8,2,2,0,1,0,1,1,1,2,3,1096,10,71,-77,161,309,563,166,Austin,2021-08-22
2022,8,22,81,160,57,12,2,24,8,11,43,26,62,88,48,101,45,5,1,13,4,9,32,14,45,59,28,48,5,6,1,9,3,1,8,10,12,22,0,1,1,0,0,1,1,0,1,1,2,3,5,10,6,1,0,1,0,1,2,1,3,4,990,17,57,-76,162,302,527,113,Austin,2022-08-22
2023,8,22,108,183,68,13,2,19,11,7,38,21,56,77,68,116,62,5,1,9,6,6,32,10,44,54,31,50,2,6,1,7,5,1,5,8,11,19,1,2,0,0,0,0,0,0,0,0,0,0,8,15,4,2,0,3,0,0,1,3,1,4,1046,10,82,-75,163,306,570,103,Austin,2023-08-22
2024,8,22,77,158,73,11,3,15,5,8,36,18,49,67,51,100,54,2,1,12,1,2,22,13,25,38,19,45,12,9,2,3,3,5,8,5,16,21,0,4,1,0,0,0,0,0,3,0,3,3,7,9,6,0,0,0,1,1,3,0,5,5,1097,15,97,-73,165,299,584,117,Austin,2024-08-22
2012,9,22,,,,,,,,,,,,,,,,,,,,,,,,,,,,,,,,,,,,,,,,,,,,,,,,,,,,,,,,,,,,,,,,,,,,,Austin,2012-09-22
2013,9,22,,,,,,,,,,,,,,,,,,,,,,,,,,,,,,,,,,,,,,,,,,,,,,,,,,,,,,,,,,,,,,,,,,,,,Austin,2013-09-22
2014,9,22,89,135,73,2,1,20,27,17,21,21,65,86,50,68,56,0,0,12,20,13,17,12,50,62,29,56,12,2,1,7,5,4,3,8,12,20,2,2,3,0,0,0,1,0,1,0,2,2,8,9,2,0,0,1,1,0,0,1,1,2,1622,29,87,-41,197,430,803,125,Austin,2014-09-22
2015,9,22,82,117,96,4,7,28,25,17,11,35,53,88,40,70,80,1,1,13,19,10,7,14,36,50,29,38,11,3,6,13,5,6,4,19,15,34,1,3,2,0,0,0,0,1,0,0,1,1,12,6,3,0,0,2,1,0,0,2,1,3,1526,22,92,-40,198,385,785,104,Austin,2015-09-22
2016,9,22,107,152,75,9,1,23,18,19,23,24,60,84,58,79,54,4,1,17,14,13,17,18,44,62,41,66,13,5,0,5,4,6,4,5,14,19,1,1,0,0,0,0,0,0,2,0,2,2,7,6,8,0,0,1,0,0,0,1,0,1,1752,25,121,-45,193,407,943,151,Austin,2016-09-22
2017,9,22,122,142,95,13,4,22,19,16,12,26,47,73,55,80,82,4,1,13,10,11,4,14,25,39,50,46,9,9,2,5,7,3,7,7,17,24,0,2,1,0,0,0,1,1,0,0,2,2,17,14,3,0,1,4,1,1,1,5,3,8,1711,20,112,-44,194,419,950,148,Austin,2017-09-22
2018,9,22,123,121,53,17,3,16,34,15,11,19,60,79,59,63,33,5,2,7,25,10,7,9,42,51,48,49,16,10,1,7,9,5,4,8,18,26,0,1,0,0,0,1,0,0,0,1,0,1,16,8,4,2,0,1,0,0,0,1,0,1,1374,13,97,-43,195,325,776,150,Austin,2018-09-22
2019,9,22,109,158,41,13,12,37,20,21,20,49,61,110,50,72,29,4,2,14,9,14,14,16,37,53,53,68,11,9,9,19,10,6,4,28,20,48,0,1,0,0,1,1,0,0,0,2,0,2,6,17,1,0,0,3,1,1,2,3,4,7,1228,16,79,-42,196,347,632,181,Austin,2019-09-22
2020,9,22,86,139,46,15,1,11,15,13,19,12,47,59,46,71,33,4,0,4,5,9,14,4,28,32,32,56,10,9,1,5,8,2,4,6,14,20,1,1,1,0,0,0,0,0,0,0,0,0,7,11,2,2,0,2,2,2,1,2,5,7,942,10,55,-40,198,293,490,112,Austin,2020-09-22
2021,9,22,77,176,72,15,6,15,6,6,37,21,49,70,45,99,56,4,4,6,2,6,26,10,34,44,26,65,14,7,2,5,3,0,6,7,9,16,2,1,1,0,0,1,1,0,1,1,2,3,4,11,1,4,0,3,0,0,4,3,4,7,1050,17,80,-46,192,323,549,130,Austin,2021-09-22
2022,9,22,80,158,63,6,3,22,7,14,16,25,37,62,47,93,48,0,1,12,1,8,13,13,22,35,22,59,8,6,0,9,6,6,1,9,13,22,0,1,2,0,0,0,0,0,0,0,0,0,11,5,5,0,2,1,0,0,2,3,2,5,1010,14,57,-45,193,271,541,116,Austin,2022-09-22
2023,9,22,95,163,73,14,3,19,8,10,26,22,44,66,56,93,55,3,3,9,5,4,19,12,28,40,28,60,13,10,0,9,2,6,7,9,15,24,1,2,1,0,0,0,0,0,0,0,0,0,10,8,4,1,0,1,1,0,0,1,1,2,1179,11,76,-44,194,304,631,128,Austin,2023-09-22
2024,9,22,92,141,50,21,2,31,8,13,34,33,55,88,50,66,28,6,0,13,2,8,27,13,37,50,40,61,19,14,0,13,6,4,5,13,15,28,0,2,1,0,0,0,0,0,1,0,1,1,2,12,2,1,2,5,0,1,1,7,2,9,1004,10,64,-42,196,283,539,139,Austin,2024-09-22
2012,10,22,,,,,,,,,,,,,,,,,,,,,,,,,,,,,,,,,,,,,,,,,,,,,,,,,,,,,,,,,,,,,,,,,,,,,Austin,2012-10-22
2013,10,22,,,,,,,,,,,,,,,,,,,,,,,,,,,,,,,,,,,,,,,,,,,,,,,,,,,,,,,,,,,,,,,,,,,,,Austin,2013-10-22
2014,10,22,115,102,82,4,4,15,26,23,18,19,67,86,60,55,62,0,2,6,15,16,16,8,47,55,47,40,9,2,2,9,11,6,2,11,19,30,1,0,1,0,0,0,0,0,0,0,0,0,7,7,10,2,0,0,0,1,0,0,1,1,1630,23,105,-11,227,421,783,129,Austin,2014-10-22
2015,10,22,94,122,157,5,0,22,21,16,6,22,43,65,55,51,100,2,0,12,12,11,5,12,28,40,34,58,39,1,0,9,7,4,1,9,12,21,0,1,12,0,0,0,0,0,0,0,0,0,5,12,6,2,0,1,2,1,0,1,3,4,1622,34,85,-10,228,378,885,113,Austin,2015-10-22
2016,10,22,158,120,74,7,3,23,19,18,20,26,57,83,72,43,41,1,0,10,8,9,10,10,27,37,83,65,26,6,3,11,10,7,9,14,26,40,0,4,1,0,0,0,1,0,0,0,1,1,3,8,6,0,0,2,0,2,1,2,3,5,1492,21,100,-15,223,360,854,139,Austin,2016-10-22
2017,10,22,105,120,66,7,5,18,18,13,13,23,44,67,39,48,40,4,1,5,12,6,10,6,28,34,56,60,16,2,4,10,6,5,2,14,13,27,1,2,3,1,0,0,0,0,1,0,1,1,9,10,7,0,0,3,0,2,0,3,2,5,1351,26,102,-14,224,343,734,142,Austin,2017-10-22
2018,10,22,94,128,82,5,2,24,35,19,20,26,74,100,63,76,57,1,1,8,27,14,13,9,54,63,28,43,13,3,1,15,5,5,7,16,17,33,0,2,1,0,0,0,0,0,0,0,0,0,3,7,11,1,0,1,3,0,0,1,3,4,1378,19,94,-13,225,375,750,141,Austin,2018-10-22
2019,10,22,96,182,98,8,1,23,25,17,23,24,65,89,49,98,76,4,1,9,20,14,14,10,48,58,34,72,17,3,0,8,5,3,8,8,16,24,1,1,2,0,0,1,0,0,0,1,0,1,12,11,3,1,0,5,0,0,1,5,1,6,1494,17,98,-12,226,429,713,203,Austin,2019-10-22
2020,10,22,91,140,45,9,2,23,9,11,27,25,47,72,49,72,34,4,1,12,4,7,24,13,35,48,32,57,9,4,1,9,5,4,3,10,12,22,0,3,1,0,0,0,0,0,0,0,0,0,10,8,1,1,0,2,0,0,0,2,0,2,1045,18,65,-10,228,315,514,128,Austin,2020-10-22
2021,10,22,93,160,69,15,5,25,10,7,22,30,39,69,46,96,47,4,3,10,4,4,10,13,18,31,40,51,18,9,2,10,5,3,11,12,19,31,0,1,1,0,0,0,0,0,0,0,0,0,7,12,3,2,0,5,1,0,1,5,2,7,1013,13,70,-16,222,276,537,136,Austin,2021-10-22
2022,10,22,94,147,78,31,1,25,12,10,20,26,42,68,45,67,44,7,1,10,5,4,15,11,24,35,43,73,19,23,0,13,4,5,3,13,12,25,0,0,3,0,0,0,1,0,0,0,1,1,6,7,12,1,0,2,2,1,2,2,5,7,1028,10,60,-15,223,260,593,151,Austin,2022-10-22
2023,10,22,94,162,38,26,2,28,7,4,40,30,51,81,42,81,17,7,0,11,0,1,26,11,27,38,43,68,14,18,2,16,6,3,13,18,22,40,3,3,1,1,0,0,0,0,1,0,1,1,6,10,6,0,0,1,1,0,0,1,1,2,947,13,68,-14,224,252,496,154,Austin,2023-10-22
2024,10,22,95,174,70,10,3,14,11,11,35,17,57,74,50,106,43,3,1,5,7,8,27,6,42,48,36,55,17,5,2,8,4,2,5,10,11,21,1,1,4,0,0,0,0,1,2,0,3,3,8,12,6,2,0,1,0,0,1,1,1,2,1057,22,73,-12,226,277,591,122,Austin,2024-10-22
2012,11,22,,,,,,,,,,,,,,,,,,,,,,,,,,,,,,,,,,,,,,,,,,,,,,,,,,,,,,,,,,,,,,,,,,,,,Austin,2012-11-22
2013,11,22,,,,,,,,,,,,,,,,,,,,,,,,,,,,,,,,,,,,,,,,,,,,,,,,,,,,,,,,,,,,,,,,,,,,,Austin,2013-11-22
2014,11,22,97,128,79,3,4,24,17,26,13,28,56,84,40,44,42,0,1,6,6,15,10,7,31,38,51,68,30,3,3,18,10,10,2,21,22,43,2,1,1,0,0,0,0,0,0,0,0,0,4,15,6,0,0,0,1,1,1,0,3,3,1481,9,113,20,258,368,821,136,Austin,2014-11-22
2015,11,22,119,110,74,10,1,29,16,16,14,30,46,76,41,40,41,2,1,9,10,9,5,10,24,34,66,60,21,8,0,18,3,6,9,18,18,36,1,1,2,0,0,0,0,0,0,0,0,0,11,9,10,0,0,2,3,1,0,2,4,6,1413,12,100,21,259,340,717,147,Austin,2015-11-22
2016,11,22,97,111,107,10,1,10,31,12,20,11,63,74,46,47,57,4,1,3,21,6,11,4,38,42,43,52,27,6,0,7,7,6,8,7,21,28,2,0,0,0,0,0,1,0,0,0,1,1,6,12,23,0,0,0,2,0,1,0,3,3,1474,17,114,16,254,384,770,120,Austin,2016-11-22
2017,11,22,100,119,81,8,4,15,16,11,16,19,43,62,49,48,65,2,3,9,8,3,11,12,22,34,41,61,12,4,1,6,6,5,3,7,14,21,1,0,0,0,0,0,1,0,2,0,3,3,9,10,4,2,0,0,1,3,0,0,4,4,1344,15,96,17,255,333,713,134,Austin,2017-11-22
2018,11,22,73,89,21,6,2,18,14,8,10,20,32,52,31,31,6,0,1,4,8,3,8,5,19,24,37,54,10,4,1,12,3,5,1,13,9,22,1,0,0,0,0,0,0,0,0,0,0,0,4,4,5,2,0,2,3,0,1,2,4,6,975,7,71,18,256,230,572,97,Austin,2018-11-22
2019,11,22,99,197,93,2,1,30,29,21,28,31,78,109,49,103,56,0,0,11,15,12,15,11,42,53,43,75,24,2,0,17,7,7,11,17,25,42,0,5,2,0,0,0,2,1,0,0,3,3,7,14,11,0,1,2,5,1,2,3,8,11,1488,30,105,19,257,430,776,154,Austin,2019-11-22
2020,11,22,119,115,41,29,7,22,11,9,15,29,35,64,47,48,16,4,1,8,3,7,10,9,20,29,54,56,19,21,6,13,6,1,4,19,11,30,2,3,0,0,0,0,1,0,0,0,1,1,16,8,6,4,0,1,1,1,1,1,3,4,922,12,82,21,259,259,465,159,Austin,2020-11-22
2021,11,22,66,146,58,13,2,16,12,8,31,18,51,69,39,70,36,1,0,6,5,5,15,6,25,31,22,60,15,12,2,7,6,1,13,9,20,29,2,2,2,0,0,0,1,0,1,0,2,2,3,14,5,0,0,3,0,2,2,3,4,7,910,18,75,15,253,250,459,145,Austin,2021-11-22
2022,11,22,71,173,57,16,6,24,12,5,27,30,44,74,42,103,37,6,2,14,1,5,18,16,24,40,25,58,11,10,4,8,10,0,8,12,18,30,2,2,0,0,0,0,0,0,1,0,1,1,2,10,9,0,0,2,1,0,0,2,1,3,920,7,72,16,254,291,461,127,Austin,2022-11-22
2023,11,22,64,135,53,8,3,25,10,10,42,28,62,90,31,62,37,4,2,13,3,8,25,15,36,51,31,65,10,4,1,11,7,2,14,12,23,35,1,3,1,0,0,0,0,0,1,0,1,1,1,5,5,0,0,1,0,0,2,1,2,3,938,12,58,17,255,258,514,100,Austin,2023-11-22
2024,11,22,92,141,89,25,1,16,8,11,16,17,35,52,35,69,41,7,1,6,6,7,10,7,23,30,49,66,28,17,0,10,2,2,3,10,7,17,0,0,4,0,0,0,0,0,1,0,1,1,8,6,16,1,0,0,0,2,2,0,4,4,1164,16,100,19,257,297,635,118,Austin,2024-11-22
2012,12,22,,,,,,,,,,,,,,,,,,,,,,,,,,,,,,,,,,,,,,,,,,,,,,,,,,,,,,,,,,,,,,,,,,,,,Austin,2012-12-22
2013,12,22,,,,,,,,,,,,,,,,,,,,,,,,,,,,,,,,,,,,,,,,,,,,,,,,,,,,,,,,,,,,,,,,,,,,,Austin,2013-12-22
2014,12,22,89,113,81,13,5,16,24,24,25,21,73,94,44,55,59,4,2,6,13,13,14,8,40,48,34,48,15,8,3,8,9,9,9,11,27,38,0,1,0,0,0,0,0,0,0,0,0,0,11,9,7,1,0,2,2,2,2,2,6,8,1605,23,108,50,288,378,798,122,Austin,2014-12-22
2015,12,22,99,139,102,8,2,21,23,26,17,23,66,89,45,58,67,2,0,10,13,18,8,10,39,49,50,67,24,6,2,7,9,6,8,9,23,32,0,4,1,0,0,0,0,0,0,0,0,0,4,10,10,0,0,4,1,2,1,4,4,8,1630,22,99,51,289,376,843,142,Austin,2015-12-22
2016,12,22,104,104,73,9,2,29,26,15,19,31,60,91,51,43,45,0,0,11,15,6,13,11,34,45,46,47,17,9,1,16,11,7,6,17,24,41,0,0,0,0,1,0,0,0,0,1,0,1,7,14,11,0,0,2,0,2,0,2,2,4,1522,9,125,46,284,380,788,123,Austin,2016-12-22
2017,12,22,95,142,82,9,6,20,21,12,18,26,51,77,45,63,63,1,1,10,10,8,8,11,26,37,46,69,13,8,4,8,11,3,10,12,24,36,0,1,0,0,0,0,0,0,0,0,0,0,4,9,6,0,1,2,0,1,0,3,1,4,1311,9,89,47,285,314,762,123,Austin,2017-12-22
2018,12,22,89,110,67,12,6,21,24,24,19,27,67,94,36,41,36,2,0,3,10,13,14,3,37,40,44,59,24,10,6,13,14,8,5,19,27,46,0,0,0,0,0,0,0,0,0,0,0,0,9,10,7,0,0,5,0,3,0,5,3,8,1237,7,99,48,286,326,690,122,Austin,2018-12-22
2019,12,22,95,132,51,21,1,28,15,19,21,29,55,84,41,59,27,5,0,13,6,12,11,13,29,42,45,66,18,12,1,13,7,6,7,14,20,34,0,2,1,1,0,0,0,0,0,0,0,0,9,5,5,3,0,2,2,1,3,2,6,8,1100,12,81,49,287,306,579,160,Austin,2019-12-22
2020,12,22,81,148,53,14,3,25,11,7,28,28,46,74,32,70,35,2,2,13,2,3,12,15,17,32,40,68,8,11,0,9,8,2,14,9,24,33,1,1,1,0,0,0,0,0,0,0,0,0,8,9,9,1,1,3,1,2,2,4,5,9,1031,13,90,51,289,308,499,144,Austin,2020-12-22
2021,12,22,64,117,62,17,1,15,6,6,28,16,40,56,30,59,42,2,0,8,2,4,13,8,19,27,29,46,12,14,1,6,4,2,11,7,17,24,0,1,1,0,0,0,0,0,1,0,1,1,5,11,7,1,0,1,0,0,3,1,3,4,917,15,77,45,283,271,464,144,Austin,2021-12-22
2022,12,22,65,131,52,10,2,12,9,7,22,14,38,52,41,66,30,3,1,5,2,5,17,6,24,30,15,55,16,7,1,7,5,0,3,8,8,16,0,3,2,0,0,0,0,1,0,0,1,1,9,7,4,0,0,0,2,1,2,0,5,5,1007,14,105,46,284,244,588,121,Austin,2022-12-22
2023,12,22,98,169,68,24,4,16,15,10,24,20,49,69,46,86,39,2,2,9,7,4,16,11,27,38,40,67,21,15,1,7,7,4,8,8,19,27,1,3,0,0,0,0,0,0,0,0,0,0,11,13,8,7,1,0,1,2,0,1,3,4,1114,9,101,47,285,292,584,152,Austin,2023-12-22
2024,12,22,87,117,42,38,4,23,9,8,22,27,39,66,38,54,25,6,1,8,4,3,12,9,19,28,42,51,14,28,3,13,4,4,9,16,17,33,3,3,0,0,0,0,0,0,0,0,0,0,4,9,3,4,0,2,1,1,1,2,3,5,970,11,68,49,287,244,553,113,Austin,2024-12-22
2012,1,23,,,,,,,,,,,,,,,,,,,,,,,,,,,,,,,,,,,,,,,,,,,,,,,,,,,,,,,,,,,,,,,,,,,,,Austin,2012-01-23
2013,1,23,,,,,,,,,,,,,,,,,,,,,,,,,,,,,,,,,,,,,,,,,,,,,,,,,,,,,,,,,,,,,,,,,,,,,Austin,2013-01-23
2014,1,23,64,79,207,1,3,17,31,21,11,20,63,83,28,40,54,0,1,11,19,14,4,12,37,49,28,33,135,1,2,5,10,5,6,7,21,28,0,1,5,0,0,0,0,0,1,0,1,1,8,5,13,0,0,1,2,2,0,1,4,5,1533,25,107,-283,-45,359,888,112,Austin,2014-01-23
2015,1,23,100,96,107,5,6,12,20,18,19,18,57,75,40,37,76,1,2,3,11,11,12,5,34,39,51,52,18,4,3,8,8,6,6,11,20,31,0,0,4,0,0,1,0,0,1,1,1,2,9,7,9,0,1,0,1,1,0,1,2,3,1443,19,96,-282,-44,377,775,99,Austin,2015-01-23
2016,1,23,108,115,78,14,7,17,18,12,10,24,40,64,53,51,44,4,2,3,7,5,8,5,20,25,45,53,26,10,5,13,9,7,1,18,17,35,1,1,0,0,0,0,0,0,0,0,0,0,9,10,8,0,0,1,2,0,1,1,3,4,1501,7,114,-288,-50,364,804,125,Austin,2016-01-23
2017,1,23,87,124,76,2,2,18,26,18,16,20,60,80,47,60,56,1,1,8,17,8,13,9,38,47,31,58,13,0,1,7,7,4,2,8,13,21,0,2,0,0,0,1,0,0,0,1,0,1,9,4,7,1,0,2,2,6,1,2,9,11,1589,17,105,-286,-48,398,846,109,Austin,2017-01-23
2018,1,23,80,138,75,3,2,18,16,10,21,20,47,67,37,71,51,0,2,7,10,5,15,9,30,39,33,56,12,2,0,9,4,4,5,9,13,22,0,0,1,0,0,0,1,0,0,0,1,1,10,11,11,1,0,2,1,1,1,2,3,5,1373,20,109,-285,-47,338,734,120,Austin,2018-01-23
2019,1,23,97,135,69,6,3,13,13,17,13,16,43,59,57,67,52,3,1,4,8,8,8,5,24,29,34,52,13,3,1,9,2,9,4,10,15,25,0,3,1,0,0,0,1,0,1,0,2,2,6,13,3,0,1,0,2,0,0,1,2,3,1405,34,106,-284,-46,372,736,130,Austin,2019-01-23
2020,1,23,95,178,89,19,2,31,27,14,24,33,65,98,48,75,62,4,1,12,18,8,16,13,42,55,31,84,16,11,0,19,8,5,7,19,20,39,1,1,4,0,0,0,1,0,0,0,1,1,15,18,7,4,1,0,0,1,1,1,2,3,1369,26,99,-283,-45,396,677,181,Austin,2020-01-23
2021,1,23,98,144,44,19,1,25,7,15,24,26,46,72,49,63,17,3,0,7,3,7,14,7,24,31,41,64,17,16,1,17,4,6,6,18,16,34,0,1,1,0,0,1,0,0,1,1,1,2,8,16,9,0,0,0,0,2,3,0,5,5,935,9,80,-288,-50,300,455,140,Austin,2021-01-23
2022,1,23,85,123,34,22,4,17,8,4,17,21,29,50,45,61,19,6,2,5,1,3,10,7,14,21,37,52,12,14,2,12,7,1,4,14,12,26,0,1,0,0,0,0,0,0,0,0,0,0,3,9,3,2,0,0,0,0,3,0,3,3,883,5,62,-287,-49,243,448,136,Austin,2022-01-23
2023,1,23,70,128,62,18,6,14,8,7,24,20,39,59,33,67,40,0,1,6,2,2,18,7,22,29,30,52,13,17,3,6,5,4,5,9,14,23,0,2,3,0,1,0,1,0,0,1,1,2,7,7,6,1,1,2,0,1,1,3,2,5,908,14,65,-286,-48,268,455,124,Austin,2023-01-23
2024,1,23,55,177,52,13,2,19,12,9,32,21,53,74,33,89,37,4,1,6,4,4,22,7,30,37,20,73,7,9,1,12,8,4,6,13,18,31,0,3,2,0,0,1,0,0,0,1,0,1,2,12,6,0,0,0,0,1,4,0,5,5,1006,14,79,-285,-47,272,532,118,Austin,2024-01-23
2012,2,23,,,,,,,,,,,,,,,,,,,,,,,,,,,,,,,,,,,,,,,,,,,,,,,,,,,,,,,,,,,,,,,,,,,,,Austin,2012-02-23
2013,2,23,,,,,,,,,,,,,,,,,,,,,,,,,,,,,,,,,,,,,,,,,,,,,,,,,,,,,,,,,,,,,,,,,,,,,Austin,2013-02-23
2014,2,23,124,119,65,7,5,25,19,15,17,30,51,81,44,46,42,0,3,8,8,7,7,11,22,33,74,69,13,7,1,16,10,6,8,17,24,41,0,0,0,0,0,0,0,0,0,0,0,0,6,4,10,0,1,1,1,2,2,2,5,7,1375,11,104,-252,-14,390,709,166,Austin,2014-02-23
2015,2,23,83,95,54,1,4,21,26,11,34,25,71,96,41,51,38,1,3,12,15,8,26,15,49,64,31,37,13,0,1,9,9,1,5,10,15,25,0,0,1,0,0,0,1,0,0,0,1,1,11,7,2,0,0,0,1,2,3,0,6,6,1244,14,78,-251,-13,355,627,107,Austin,2015-02-23
2016,2,23,87,94,110,6,5,11,24,10,15,16,49,65,39,47,81,2,1,5,13,5,10,6,28,34,42,36,20,3,4,4,10,4,4,8,18,26,0,0,2,1,0,0,0,0,1,0,1,1,6,11,7,0,0,2,1,1,0,2,2,4,1547,17,102,-257,-19,384,830,111,Austin,2016-02-23
2017,2,23,125,119,92,8,3,19,23,11,15,22,49,71,67,66,68,4,1,9,15,6,10,10,31,41,49,44,17,3,1,10,4,5,5,11,14,25,2,0,0,0,0,0,0,0,0,0,0,0,7,9,7,1,1,0,4,0,0,1,4,5,1792,17,101,-255,-17,414,924,128,Austin,2017-02-23
2018,2,23,117,128,97,14,0,16,21,14,15,16,50,66,60,70,66,3,0,8,12,12,7,8,31,39,47,49,16,10,0,7,7,2,8,7,17,24,0,1,4,0,0,0,0,0,0,0,0,0,10,8,11,1,0,1,2,0,0,1,2,3,1474,16,108,-254,-16,361,808,133,Austin,2018-02-23
2019,2,23,94,157,91,15,2,30,19,16,9,32,44,76,44,64,53,4,1,12,12,8,4,13,24,37,49,79,32,11,1,17,6,8,5,18,19,37,0,3,1,0,0,1,1,0,0,1,1,2,1,11,5,0,0,0,0,0,0,0,0,0,1416,17,82,-253,-15,361,783,172,Austin,2019-02-23
2020,2,23,110,152,52,17,3,32,22,10,19,35,51,86,49,73,28,2,1,9,12,7,11,10,30,40,53,67,17,12,2,22,9,3,7,24,19,43,1,2,0,0,0,0,0,0,0,0,0,0,7,10,7,3,0,1,1,0,1,1,2,3,1270,16,83,-252,-14,316,673,166,Austin,2020-02-23
2021,2,23,98,153,29,17,6,24,7,12,28,30,47,77,55,83,22,6,3,15,3,6,20,18,29,47,34,58,6,10,2,8,4,2,5,10,11,21,1,0,0,0,0,0,0,0,0,0,0,0,8,12,1,1,1,1,0,4,3,2,7,9,982,7,75,-257,-19,296,506,122,Austin,2021-02-23
2022,2,23,66,155,47,11,4,17,10,8,25,21,43,64,43,98,26,6,2,8,3,6,24,10,33,43,21,48,14,5,2,8,7,1,1,10,9,19,0,2,1,0,0,0,0,0,0,0,0,0,2,7,6,0,0,1,0,1,0,1,1,2,942,10,64,-256,-18,288,488,105,Austin,2022-02-23
2023,2,23,83,149,68,16,3,19,12,14,32,22,58,80,41,91,50,5,2,10,7,8,18,12,33,45,36,52,12,9,0,5,4,5,11,5,20,25,1,1,4,0,0,1,0,0,2,1,2,3,5,5,2,2,1,3,1,1,1,4,3,7,994,13,52,-255,-17,295,506,140,Austin,2023-02-23
2024,2,23,72,176,63,18,1,27,8,3,34,28,45,73,42,89,51,3,0,8,1,2,24,8,27,35,25,73,7,12,1,14,7,1,7,15,15,30,1,2,1,0,0,1,0,0,2,1,2,3,4,12,4,3,0,4,0,0,1,4,1,5,1127,21,71,-254,-16,317,589,128,Austin,2024-02-23
2012,3,23,,,,,,,,,,,,,,,,,,,,,,,,,,,,,,,,,,,,,,,,,,,,,,,,,,,,,,,,,,,,,,,,,,,,,Austin,2012-03-23
2013,3,23,,,,,,,,,,,,,,,,,,,,,,,,,,,,,,,,,,,,,,,,,,,,,,,,,,,,,,,,,,,,,,,,,,,,,Austin,2013-03-23
2014,3,23,110,110,43,3,2,23,14,18,17,25,49,74,51,41,30,0,1,9,7,12,11,10,30,40,49,57,12,2,1,12,6,5,5,13,16,29,0,1,0,0,0,0,0,0,0,0,0,0,10,11,1,1,0,2,1,1,1,2,3,5,1338,7,66,-224,14,368,643,157,Austin,2014-03-23
2015,3,23,112,123,96,2,1,14,33,15,20,15,68,83,61,57,77,0,0,8,17,9,16,8,42,50,41,52,12,2,1,5,13,5,2,6,20,26,1,1,2,0,0,0,0,0,0,0,0,0,9,13,5,0,0,1,3,1,2,1,6,7,1605,30,99,-223,15,394,810,134,Austin,2015-03-23
2016,3,23,106,148,83,7,4,22,24,23,11,26,58,84,71,92,64,1,2,13,21,15,7,15,43,58,27,50,9,6,2,7,2,6,2,9,10,19,0,1,4,0,0,0,0,0,1,0,1,1,8,5,6,0,0,2,1,2,1,2,4,6,1672,23,105,-228,10,406,883,155,Austin,2016-03-23
2017,3,23,107,140,84,5,1,23,23,11,16,24,50,74,69,75,63,2,0,12,17,4,12,12,33,45,28,53,11,3,1,6,6,3,3,7,12,19,0,2,2,0,0,0,0,0,1,0,1,1,10,10,8,0,0,5,0,4,0,5,4,9,1809,20,138,-227,11,431,957,170,Austin,2017-03-23
2018,3,23,107,153,86,13,3,22,9,15,17,25,41,66,71,79,60,5,3,10,5,10,12,13,27,40,27,61,18,7,0,9,4,4,4,9,12,21,1,3,3,0,0,0,0,0,0,0,0,0,8,10,5,1,0,3,0,1,1,3,2,5,1649,19,111,-226,12,359,971,165,Austin,2018-03-23
2019,3,23,95,153,58,24,4,20,32,18,12,24,62,86,54,79,40,4,3,11,24,14,7,14,45,59,32,64,13,18,1,9,7,4,4,10,15,25,1,1,0,0,0,0,0,0,0,0,0,0,8,9,5,2,0,0,1,0,1,0,2,2,1407,20,89,-225,13,345,773,161,Austin,2019-03-23
2020,3,23,83,161,46,17,1,22,21,7,37,23,65,88,47,97,27,7,0,11,15,6,29,11,50,61,29,49,14,8,1,5,6,1,5,6,12,18,0,1,2,0,0,0,0,0,0,0,0,0,7,14,3,2,0,6,0,0,3,6,3,9,987,10,81,-223,15,317,499,110,Austin,2020-03-23
2021,3,23,84,188,63,10,1,20,8,13,23,21,44,65,53,104,43,2,0,15,2,7,19,15,28,43,23,65,12,7,1,5,6,6,3,6,15,21,0,0,1,0,0,0,0,0,0,0,0,0,8,19,7,1,0,0,0,0,1,0,1,1,1112,8,87,-229,9,334,557,152,Austin,2021-03-23
2022,3,23,77,159,66,10,1,20,5,5,22,21,32,53,51,77,47,4,1,12,0,3,18,13,21,34,20,65,13,2,0,6,4,2,3,6,9,15,0,3,2,0,0,0,0,0,0,0,0,0,6,14,4,4,0,2,1,0,1,2,2,4,952,19,64,-228,10,311,476,109,Austin,2022-03-23
2023,3,23,94,140,55,24,6,19,5,7,45,25,57,82,52,77,37,7,2,11,2,5,29,13,36,49,33,57,13,15,4,7,3,1,13,11,17,28,0,2,1,0,0,0,0,0,2,0,2,2,9,4,4,2,0,1,0,1,1,1,2,3,982,11,58,-227,11,318,482,135,Austin,2023-03-23
2024,3,23,115,165,50,32,2,26,8,9,26,28,43,71,57,88,31,9,1,10,5,9,18,11,32,43,49,65,16,22,0,12,2,0,7,12,9,21,0,3,1,0,0,0,0,0,0,0,0,0,9,9,2,1,1,4,1,0,1,5,2,7,1079,11,75,-225,13,270,576,143,Austin,2024-03-23
2012,4,23,,,,,,,,,,,,,,,,,,,,,,,,,,,,,,,,,,,,,,,,,,,,,,,,,,,,,,,,,,,,,,,,,,,,,Austin,2012-04-23
2013,4,23,,,,,,,,,,,,,,,,,,,,,,,,,,,,,,,,,,,,,,,,,,,,,,,,,,,,,,,,,,,,,,,,,,,,,Austin,2013-04-23
2014,4,23,108,106,79,1,3,17,23,17,23,20,63,83,62,56,68,0,2,10,14,11,18,12,43,55,28,44,6,0,1,4,8,3,3,5,14,19,0,0,1,0,0,0,0,0,0,0,0,0,18,6,4,1,0,3,1,3,2,3,6,9,1650,24,98,-193,45,412,802,120,Austin,2014-04-23
2015,4,23,115,118,101,1,1,21,22,17,20,22,59,81,75,75,93,0,1,12,18,11,14,13,43,56,31,28,4,1,0,7,3,4,2,7,9,16,0,0,2,0,0,0,0,0,1,0,1,1,9,15,2,0,0,2,1,2,3,2,6,8,1687,18,123,-192,46,390,814,141,Austin,2015-04-23
2016,4,23,123,153,70,8,6,16,15,13,16,22,44,66,73,88,43,4,3,7,9,13,12,10,34,44,39,51,21,4,3,7,6,0,3,10,9,19,1,0,0,0,0,0,0,0,0,0,0,0,10,14,6,0,0,2,0,0,1,2,1,3,1621,7,145,-197,41,364,921,167,Austin,2016-04-23
2017,4,23,118,126,59,11,8,24,22,10,9,32,41,73,71,67,33,2,1,13,14,7,6,14,27,41,37,47,19,8,6,9,6,3,3,15,12,27,2,0,1,1,1,0,0,0,0,1,0,1,8,12,6,0,0,2,2,0,0,2,2,4,1419,14,111,-196,42,337,776,156,Austin,2017-04-23
2018,4,23,105,151,110,8,4,23,18,16,22,27,56,83,59,93,92,5,1,9,11,15,20,10,46,56,31,51,15,3,2,13,7,1,2,15,10,25,0,0,1,0,0,0,0,0,0,0,0,0,15,7,2,0,1,1,0,0,0,2,0,2,1529,18,101,-195,43,404,797,152,Austin,2018-04-23
2019,4,23,120,167,91,9,0,16,22,23,19,16,64,80,84,113,72,3,0,10,14,20,15,10,49,59,28,41,13,5,0,5,8,3,2,5,13,18,1,1,3,0,0,0,0,0,0,0,0,0,7,12,3,1,0,1,0,0,2,1,2,3,1549,22,98,-194,44,419,772,192,Austin,2019-04-23
2020,4,23,88,131,42,6,4,20,23,10,27,24,60,84,62,83,30,3,0,9,14,7,25,9,46,55,19,38,9,2,3,6,7,3,0,9,10,19,0,1,0,0,0,0,0,0,0,0,0,0,7,9,3,1,1,5,2,0,2,6,4,10,1015,10,81,-192,46,325,518,107,Austin,2020-04-23
2021,4,23,82,144,67,17,4,20,9,7,15,24,31,55,44,89,47,4,3,14,3,7,10,17,20,37,31,42,16,8,1,4,6,0,4,5,10,15,1,4,0,0,0,0,0,0,0,0,0,0,6,9,4,5,0,2,0,0,1,2,1,3,946,13,65,-198,40,285,477,136,Austin,2021-04-23
2022,4,23,105,145,53,31,3,19,11,10,22,22,43,65,54,86,30,5,3,6,7,6,14,9,27,36,36,45,16,21,0,12,4,4,5,12,13,25,3,3,0,0,0,0,0,0,0,0,0,0,12,11,7,5,0,1,0,0,3,1,3,4,1112,11,93,-197,41,308,614,158,Austin,2022-04-23
2023,4,23,99,159,30,29,2,34,10,4,30,36,44,80,60,98,19,6,0,15,8,4,24,15,36,51,29,47,8,18,2,17,2,0,4,19,6,25,0,2,0,0,0,1,0,0,0,1,0,1,10,12,3,5,0,1,0,0,2,1,2,3,1006,8,89,-196,42,281,522,141,Austin,2023-04-23
2024,4,23,90,149,60,10,3,20,7,11,40,23,58,81,50,100,49,5,2,13,1,5,33,15,39,54,31,38,7,5,0,3,4,5,7,3,16,19,0,0,0,0,0,0,0,0,0,0,0,0,9,11,4,0,1,4,2,1,0,5,3,8,1041,4,92,-194,44,316,536,114,Austin,2024-04-23
2012,5,23,,,,,,,,,,,,,,,,,,,,,,,,,,,,,,,,,,,,,,,,,,,,,,,,,,,,,,,,,,,,,,,,,,,,,Austin,2012-05-23
2013,5,23,,,,,,,,,,,,,,,,,,,,,,,,,,,,,,,,,,,,,,,,,,,,,,,,,,,,,,,,,,,,,,,,,,,,,Austin,2013-05-23
2014,5,23,141,126,94,1,3,25,24,15,9,28,48,76,75,70,85,0,2,13,18,12,7,15,37,52,41,42,8,1,1,12,6,2,1,13,9,22,0,0,0,0,0,0,0,0,0,0,0,0,25,14,1,0,0,0,0,1,1,0,2,2,1854,14,153,-163,75,432,891,144,Austin,2014-05-23
2015,5,23,104,119,103,7,6,14,19,18,11,20,48,68,58,58,68,2,1,9,13,16,8,10,37,47,37,54,26,3,5,4,4,1,3,9,8,17,0,1,0,0,0,0,1,0,0,0,1,1,9,6,9,2,0,1,1,1,0,1,2,3,1605,26,174,-162,76,357,960,153,Austin,2015-05-23
2016,5,23,121,156,95,9,5,13,23,11,24,18,58,76,87,102,88,2,3,11,16,10,19,14,45,59,24,40,4,5,2,2,5,0,5,4,10,14,2,1,1,1,0,0,0,0,0,0,0,0,8,13,2,1,0,0,2,1,0,0,3,3,1643,17,127,-167,71,390,878,156,Austin,2016-05-23
2017,5,23,97,126,83,8,1,21,26,14,17,22,57,79,71,80,71,4,0,18,21,11,15,18,47,65,19,34,7,3,1,2,3,0,1,3,4,7,0,3,1,0,0,1,1,1,0,1,2,3,7,9,4,1,0,0,1,2,1,0,4,4,1606,19,110,-166,72,412,787,147,Austin,2017-05-23
2018,5,23,111,103,93,10,1,24,14,11,19,25,44,69,68,67,81,7,1,13,12,9,13,14,34,48,31,27,9,3,0,7,0,2,4,7,6,13,0,0,1,0,0,0,1,0,0,0,1,1,12,9,2,0,0,4,1,0,2,4,3,7,1485,23,115,-165,73,380,811,132,Austin,2018-05-23
2019,5,23,130,147,94,4,8,29,18,17,22,37,57,94,93,96,83,2,7,13,8,15,17,20,40,60,27,37,7,2,1,12,7,1,4,13,12,25,0,2,1,0,0,0,2,0,0,0,2,2,10,12,3,0,0,4,1,1,1,4,3,7,1632,20,125,-164,74,408,888,141,Austin,2019-05-23
2020,5,23,106,150,44,25,6,25,13,15,19,31,47,78,59,86,28,14,3,14,4,13,8,17,25,42,35,52,12,9,3,10,7,1,6,13,14,27,2,1,2,0,0,0,0,1,1,0,2,2,10,11,2,2,0,1,2,0,4,1,6,7,1251,18,95,-162,76,360,622,149,Austin,2020-05-23
2021,5,23,100,167,60,20,5,20,6,9,26,25,41,66,59,103,38,9,5,12,5,8,18,17,31,48,33,49,16,10,0,5,1,0,4,5,5,10,1,0,0,0,0,0,0,0,2,0,2,2,7,15,6,1,0,3,0,1,2,3,3,6,968,8,75,-168,70,296,482,162,Austin,2021-05-23
2022,5,23,90,151,54,9,5,21,10,8,22,26,40,66,58,101,44,4,5,16,4,7,20,21,31,52,23,37,6,4,0,5,6,1,1,5,8,13,0,1,1,0,0,0,0,0,0,0,0,0,9,12,3,1,0,0,0,0,1,0,1,1,1005,9,74,-167,71,281,492,177,Austin,2022-05-23
2023,5,23,125,195,55,18,4,16,5,5,35,20,45,65,85,129,45,9,4,9,4,5,33,13,42,55,22,51,5,8,0,5,1,0,2,5,3,8,0,0,0,0,0,0,0,0,0,0,0,0,18,15,5,1,0,2,0,0,0,2,0,2,1048,11,82,-166,72,332,527,136,Austin,2023-05-23
2024,5,23,93,170,51,9,4,22,13,8,20,26,41,67,52,112,45,1,3,13,6,5,14,16,25,41,28,43,3,6,0,6,6,1,5,6,12,18,2,2,0,0,0,0,1,1,1,0,3,3,11,13,3,2,1,3,0,1,0,4,1,5,1078,15,93,-164,74,297,607,102,Austin,2024-05-23
2012,6,23,,,,,,,,,,,,,,,,,,,,,,,,,,,,,,,,,,,,,,,,,,,,,,,,,,,,,,,,,,,,,,,,,,,,,Austin,2012-06-23
2013,6,23,,,,,,,,,,,,,,,,,,,,,,,,,,,,,,,,,,,,,,,,,,,,,,,,,,,,,,,,,,,,,,,,,,,,,Austin,2013-06-23
2014,6,23,117,134,93,2,4,17,33,21,22,21,76,97,74,75,83,1,2,10,29,12,19,12,60,72,27,43,8,1,2,3,3,8,2,5,13,18,2,2,0,0,0,0,0,0,0,0,0,0,14,14,2,0,0,4,1,1,1,4,3,7,1635,11,152,-132,106,459,778,141,Austin,2014-06-23
2015,6,23,100,138,88,4,3,11,31,14,18,14,63,77,63,85,70,2,2,7,21,12,16,9,49,58,23,35,12,2,1,4,8,1,1,5,10,15,2,2,1,0,0,0,0,0,1,0,1,1,12,16,5,0,0,0,2,1,0,0,3,3,1635,27,161,-131,107,408,862,119,Austin,2015-06-23
2016,6,23,114,123,99,3,3,18,34,22,23,21,79,100,75,70,83,2,3,11,24,19,17,14,60,74,26,42,13,1,0,4,6,1,3,4,10,14,1,0,1,0,0,0,1,0,1,0,2,2,12,11,2,0,0,3,3,2,2,3,7,10,1589,15,159,-136,102,409,829,142,Austin,2016-06-23
2017,6,23,114,153,97,4,3,25,17,19,18,28,54,82,68,89,82,0,2,13,11,13,14,15,38,53,33,48,9,3,0,8,6,4,3,8,13,21,0,2,0,0,0,0,0,0,0,0,0,0,13,14,6,1,1,4,0,2,1,5,3,8,1783,24,148,-135,103,422,1000,138,Austin,2017-06-23
2018,6,23,85,123,70,12,7,28,19,16,12,35,47,82,56,67,60,4,4,14,12,14,9,18,35,53,19,49,8,7,2,11,5,2,2,13,9,22,1,1,0,0,0,0,0,0,0,0,0,0,9,6,2,1,1,3,2,0,1,4,3,7,1417,17,132,-134,104,331,790,145,Austin,2018-06-23
2019,6,23,114,145,69,11,1,27,15,19,14,28,48,76,48,94,51,5,0,11,9,10,9,11,28,39,46,35,11,6,1,13,5,8,3,14,16,30,0,2,0,0,0,0,1,0,1,0,2,2,20,14,7,0,0,3,0,1,1,3,2,5,1290,14,116,-133,105,356,690,149,Austin,2019-06-23
2020,6,23,74,146,61,13,4,16,10,7,35,20,52,72,50,98,52,8,1,9,5,5,30,10,40,50,15,33,6,4,3,6,4,1,3,9,8,17,0,2,2,0,0,0,0,0,1,0,1,1,9,13,1,1,0,1,1,1,1,1,3,4,1028,19,85,-131,107,303,533,144,Austin,2020-06-23
2021,6,23,98,141,44,6,6,19,9,7,27,25,43,68,62,82,38,2,1,9,5,4,26,10,35,45,23,45,4,3,4,7,2,2,0,11,4,15,0,1,0,0,0,1,0,0,0,1,0,1,13,13,2,1,1,2,2,1,1,3,4,7,1029,12,90,-137,101,316,508,149,Austin,2021-06-23
2022,6,23,118,203,54,19,2,27,9,9,28,29,46,75,78,148,47,7,0,17,5,7,19,17,31,48,28,39,5,8,2,7,3,2,6,9,11,20,1,0,1,0,0,0,0,0,0,0,0,0,11,16,1,4,0,3,1,0,3,3,4,7,1098,15,84,-136,102,308,567,156,Austin,2022-06-23
2023,6,23,86,169,53,13,2,20,8,19,45,22,72,94,52,105,44,4,1,10,5,12,34,11,51,62,24,48,7,5,1,9,3,5,7,10,15,25,1,1,1,0,0,0,0,0,1,0,1,1,9,15,1,4,0,1,0,2,3,1,5,6,1180,12,90,-135,103,321,617,150,Austin,2023-06-23
2024,6,23,90,170,47,29,5,24,7,11,17,29,35,64,52,102,26,6,3,12,1,8,12,15,21,36,28,43,16,20,2,10,5,3,2,12,10,22,1,5,0,0,0,0,0,0,1,0,1,1,9,20,5,3,0,2,1,0,2,2,3,5,1076,13,106,-133,105,291,606,135,Austin,2024-06-23
2012,7,23,,,,,,,,,,,,,,,,,,,,,,,,,,,,,,,,,,,,,,,,,,,,,,,,,,,,,,,,,,,,,,,,,,,,,Austin,2012-07-23
2013,7,23,,,,,,,,,,,,,,,,,,,,,,,,,,,,,,,,,,,,,,,,,,,,,,,,,,,,,,,,,,,,,,,,,,,,,Austin,2013-07-23
2014,7,23,115,138,74,3,3,18,29,25,19,21,73,94,69,82,58,1,1,12,15,21,11,13,47,60,33,48,11,2,2,4,12,3,4,6,19,25,0,0,2,0,0,0,0,0,1,0,1,1,13,8,3,0,0,2,2,1,3,2,6,8,1651,26,143,-102,136,378,805,136,Austin,2014-07-23
2015,7,23,113,106,83,3,2,19,19,21,12,21,52,73,72,70,65,1,0,11,10,16,9,11,35,46,32,32,15,2,2,8,7,4,1,10,12,22,2,0,0,0,0,0,1,0,0,0,1,1,7,4,3,0,0,0,1,1,2,0,4,4,1691,21,152,-101,137,362,887,148,Austin,2015-07-23
2016,7,23,133,115,68,14,4,27,16,17,9,31,42,73,66,51,42,2,2,11,13,11,4,13,28,41,46,56,21,12,2,14,3,5,4,16,12,28,2,0,0,0,0,0,0,0,0,0,0,0,19,8,5,0,0,2,0,1,1,2,2,4,1544,16,163,-106,132,376,888,136,Austin,2016-07-23
2017,7,23,117,131,60,13,0,30,18,10,23,30,51,81,64,79,34,5,0,16,8,5,19,16,32,48,45,40,18,3,0,10,8,4,3,10,15,25,0,2,0,0,0,2,0,0,0,2,0,2,8,10,8,5,0,2,2,1,1,2,4,6,1315,14,117,-105,133,342,744,110,Austin,2017-07-23
2018,7,23,116,113,71,7,0,26,26,15,16,26,57,83,88,71,59,0,0,17,22,11,12,17,45,62,19,34,8,5,0,5,4,3,2,5,9,14,1,1,1,0,0,0,0,0,0,0,0,0,8,7,3,2,0,4,0,1,2,4,3,7,1457,20,109,-104,134,360,827,124,Austin,2018-07-23
2019,7,23,97,147,77,7,0,20,25,14,24,20,63,83,69,95,69,4,0,13,19,9,22,13,50,63,17,42,5,2,0,4,4,3,1,4,8,12,1,0,0,0,0,0,0,0,0,0,0,0,10,10,3,1,0,3,2,2,1,3,5,8,1463,14,110,-103,135,375,720,188,Austin,2019-07-23
2020,7,23,70,148,37,6,2,32,18,12,23,34,53,87,55,85,31,1,2,20,14,10,19,22,43,65,10,52,4,5,0,9,3,2,4,9,9,18,1,1,0,0,0,0,0,0,0,0,0,0,4,10,2,0,0,3,1,0,0,3,1,4,1050,13,98,-101,137,345,505,142,Austin,2020-07-23
2021,7,23,97,164,58,17,4,34,15,7,25,38,47,85,67,108,42,7,4,17,11,6,21,21,38,59,24,43,12,6,0,12,2,1,4,12,7,19,1,2,0,0,0,0,0,0,0,0,0,0,5,11,4,4,0,5,2,0,0,5,2,7,1126,11,85,-107,131,340,559,152,Austin,2021-07-23
2022,7,23,96,164,66,23,3,28,11,9,22,31,42,73,62,97,42,5,2,16,5,7,16,18,28,46,23,56,19,17,1,11,5,2,3,12,10,22,2,1,1,0,0,0,1,0,0,0,1,1,9,10,4,1,0,1,0,0,3,1,3,4,1003,16,77,-106,132,291,530,147,Austin,2022-07-23
2023,7,23,95,146,51,17,3,28,9,7,30,31,46,77,59,100,38,7,0,17,4,4,21,17,29,46,27,37,10,9,3,7,4,2,7,10,13,23,0,1,1,1,0,0,0,0,1,0,1,1,9,8,2,0,0,4,1,1,1,4,3,7,1036,10,77,-105,133,261,571,134,Austin,2023-07-23
2024,7,23,87,185,69,27,4,15,15,5,31,19,51,70,59,133,62,8,3,9,4,4,23,12,31,43,18,44,5,15,0,2,10,1,6,2,17,19,1,2,0,0,0,1,0,0,0,1,0,1,9,6,2,4,1,3,1,0,2,4,3,7,1042,10,83,-103,135,280,576,119,Austin,2024-07-23
2012,8,23,,,,,,,,,,,,,,,,,,,,,,,,,,,,,,,,,,,,,,,,,,,,,,,,,,,,,,,,,,,,,,,,,,,,,Austin,2012-08-23
2013,8,23,,,,,,,,,,,,,,,,,,,,,,,,,,,,,,,,,,,,,,,,,,,,,,,,,,,,,,,,,,,,,,,,,,,,,Austin,2013-08-23
2014,8,23,141,106,95,5,1,30,14,23,7,31,44,75,72,39,70,1,0,9,10,16,6,9,32,41,62,55,21,4,1,17,3,6,1,18,10,28,2,0,0,0,0,1,0,0,0,1,0,1,5,12,4,0,0,3,1,1,0,3,2,5,1750,14,139,-71,167,411,910,134,Austin,2014-08-23
2015,8,23,129,108,70,5,4,40,12,11,15,44,38,82,65,53,51,0,2,18,7,9,11,20,27,47,53,48,15,4,2,17,5,1,4,19,10,29,0,0,0,0,0,0,0,0,0,0,0,0,11,7,4,1,0,5,0,1,0,5,1,6,1448,10,113,-70,168,361,782,165,Austin,2015-08-23
2016,8,23,90,143,100,2,2,19,21,14,22,21,57,78,53,91,85,0,1,13,13,13,17,14,43,57,22,45,11,1,0,4,8,1,2,4,11,15,0,0,1,0,0,0,0,0,0,0,0,0,15,7,3,1,1,2,0,0,3,3,3,6,1531,22,110,-75,163,378,827,139,Austin,2016-08-23
2017,8,23,113,122,92,7,2,18,20,10,21,20,51,71,66,83,74,4,1,11,11,7,20,12,38,50,39,31,12,2,1,6,6,2,1,7,9,16,1,3,4,0,0,0,0,0,0,0,0,0,7,5,2,1,0,1,3,1,0,1,4,5,1486,28,75,-74,164,362,815,143,Austin,2017-08-23
2018,8,23,92,103,83,8,3,27,21,11,24,30,56,86,55,67,70,4,2,18,16,7,16,20,39,59,32,28,7,2,1,6,4,4,5,7,13,20,0,1,1,0,0,0,0,0,1,0,1,1,5,7,5,2,0,3,1,0,2,3,3,6,1498,20,103,-73,165,375,804,110,Austin,2018-08-23
2019,8,23,119,184,95,4,3,14,29,12,25,17,66,83,80,126,70,0,2,5,18,10,21,7,49,56,30,45,18,2,1,5,9,1,3,6,13,19,1,2,0,0,0,0,0,0,0,0,0,0,8,11,7,2,0,4,2,1,1,4,4,8,1644,13,110,-72,166,437,889,161,Austin,2019-08-23
2020,8,23,94,151,43,14,3,23,14,4,28,26,46,72,52,84,30,3,1,14,6,3,18,15,27,42,30,55,8,9,2,8,7,0,6,10,13,23,0,0,0,0,0,0,0,0,0,0,0,0,12,12,5,2,0,1,1,1,4,1,6,7,955,5,84,-70,168,298,501,119,Austin,2020-08-23
2021,8,23,104,195,51,20,4,19,12,10,41,23,63,86,67,123,44,3,1,7,5,6,34,8,45,53,25,56,6,16,3,9,6,3,5,12,14,26,1,2,0,0,0,0,1,0,2,0,3,3,11,14,1,1,0,3,0,1,0,3,1,4,1075,14,90,-76,162,324,564,132,Austin,2021-08-23
2022,8,23,66,160,57,17,3,18,8,13,18,21,39,60,49,113,43,2,3,11,3,9,14,14,26,40,16,34,10,13,0,7,3,3,3,7,9,16,0,2,0,0,0,0,0,0,0,0,0,0,1,11,4,2,0,0,2,1,1,0,4,4,959,14,55,-75,163,254,538,120,Austin,2022-08-23
2023,8,23,82,156,72,5,2,16,10,10,30,18,50,68,54,110,57,1,1,7,2,8,23,8,33,41,21,36,11,2,1,7,6,2,7,8,15,23,1,2,1,0,0,0,0,0,0,0,0,0,6,8,3,2,0,2,2,0,0,2,2,4,966,13,71,-74,164,302,481,120,Austin,2023-08-23
2024,8,23,88,172,76,13,3,17,9,7,18,20,34,54,53,110,57,3,3,11,7,5,14,14,26,40,25,47,10,8,0,5,1,2,4,5,7,12,2,3,3,0,0,0,0,0,0,0,0,0,8,12,6,2,0,1,1,0,0,1,1,2,1171,20,85,-72,166,294,680,100,Austin,2024-08-23
2012,9,23,,,,,,,,,,,,,,,,,,,,,,,,,,,,,,,,,,,,,,,,,,,,,,,,,,,,,,,,,,,,,,,,,,,,,Austin,2012-09-23
2013,9,23,,,,,,,,,,,,,,,,,,,,,,,,,,,,,,,,,,,,,,,,,,,,,,,,,,,,,,,,,,,,,,,,,,,,,Austin,2013-09-23
2014,9,23,90,120,79,4,5,15,19,16,15,20,50,70,59,68,66,2,0,8,12,12,12,8,36,44,27,38,6,2,5,5,5,4,3,10,12,22,0,2,2,0,0,0,0,0,0,0,0,0,4,12,5,0,0,2,2,0,0,2,2,4,1663,27,104,-40,198,394,829,99,Austin,2014-09-23
2015,9,23,114,129,90,6,2,25,19,21,17,27,57,84,51,70,76,2,2,12,13,16,12,14,41,55,43,48,10,4,0,12,6,3,4,12,13,25,1,3,0,0,0,0,0,0,0,0,0,0,19,8,4,0,0,1,0,2,1,1,3,4,1580,26,108,-39,199,391,859,132,Austin,2015-09-23
2016,9,23,97,139,116,3,2,21,21,14,20,23,55,78,61,82,92,1,1,14,17,10,16,15,43,58,27,49,14,2,1,7,4,3,3,8,10,18,1,1,2,0,0,0,0,0,0,0,0,0,8,7,8,0,0,0,0,1,1,0,2,2,1789,18,120,-44,194,374,1031,141,Austin,2016-09-23
2017,9,23,128,146,75,12,6,25,18,14,14,31,46,77,77,76,42,3,3,9,12,11,9,12,32,44,40,59,26,6,3,15,3,3,3,18,9,27,0,2,1,0,0,0,1,0,0,0,1,1,11,9,6,3,0,1,2,0,2,1,4,5,1423,11,98,-43,195,361,792,177,Austin,2017-09-23
2018,9,23,108,125,45,17,5,24,21,11,11,29,43,72,64,54,29,3,1,12,12,8,9,13,29,42,39,63,14,11,1,12,6,3,1,13,10,23,1,2,0,0,1,0,0,0,0,1,0,1,4,6,2,3,2,0,3,0,1,2,4,6,1315,10,89,-42,196,343,709,145,Austin,2018-09-23
2019,9,23,116,153,90,8,4,24,30,16,16,28,62,90,74,91,67,3,3,14,18,10,11,17,39,56,37,48,11,4,1,9,10,5,5,10,20,30,1,2,2,1,0,0,1,0,0,0,1,1,4,12,10,0,0,1,1,1,0,1,2,3,1364,27,80,-41,197,388,702,170,Austin,2019-09-23
2020,9,23,98,158,55,19,0,27,9,14,32,27,55,82,53,91,43,9,0,10,2,4,22,10,28,38,36,56,9,8,0,13,7,6,7,13,20,33,3,1,1,0,0,0,0,0,0,0,0,0,6,10,2,2,0,4,0,4,3,4,7,11,1000,14,72,-39,199,300,504,151,Austin,2020-09-23
2021,9,23,89,165,49,15,10,26,7,8,25,36,40,76,52,97,37,4,3,16,5,6,14,19,25,44,32,60,9,10,7,8,0,2,9,15,11,26,3,2,1,0,0,0,1,0,0,0,1,1,2,6,2,1,0,2,1,0,2,2,3,5,1038,17,68,-45,193,300,532,144,Austin,2021-09-23
2022,9,23,100,190,61,21,4,20,6,9,23,24,38,62,54,102,37,8,2,9,2,7,17,11,26,37,37,68,19,10,2,10,4,0,4,12,8,20,1,5,0,0,0,0,0,0,1,0,1,1,8,15,5,3,0,1,0,2,1,1,3,4,1131,10,79,-44,194,294,605,156,Austin,2022-09-23
2023,9,23,79,146,49,15,4,28,8,10,35,32,53,85,37,88,32,3,3,13,2,7,23,16,32,48,32,43,12,11,1,13,6,3,5,14,14,28,0,3,1,0,0,0,0,0,1,0,1,1,10,12,4,1,0,2,0,0,6,2,6,8,1016,11,75,-43,195,299,547,106,Austin,2023-09-23
2024,9,23,88,157,64,15,0,15,9,6,9,15,24,39,54,93,51,2,0,5,3,2,7,5,12,17,30,50,8,11,0,8,4,3,1,8,8,16,0,0,2,0,0,0,0,0,1,0,1,1,4,14,3,2,0,2,2,1,0,2,3,5,1044,10,73,-41,197,248,583,127,Austin,2024-09-23
2012,10,23,,,,,,,,,,,,,,,,,,,,,,,,,,,,,,,,,,,,,,,,,,,,,,,,,,,,,,,,,,,,,,,,,,,,,Austin,2012-10-23
2013,10,23,,,,,,,,,,,,,,,,,,,,,,,,,,,,,,,,,,,,,,,,,,,,,,,,,,,,,,,,,,,,,,,,,,,,,Austin,2013-10-23
2014,10,23,88,125,89,4,3,14,23,10,15,17,48,65,51,61,58,0,1,6,11,6,8,7,25,32,21,53,19,4,2,7,9,4,5,9,18,27,3,3,3,0,0,0,2,0,0,0,2,2,13,8,9,0,0,1,1,0,2,1,3,4,1721,37,118,-10,228,390,823,131,Austin,2014-10-23
2015,10,23,95,134,131,4,2,21,22,15,9,23,46,69,48,60,94,1,1,13,16,10,6,14,32,46,43,60,25,3,1,7,6,5,3,8,14,22,1,2,2,0,0,0,0,0,0,0,0,0,3,12,10,0,0,1,0,0,0,1,0,1,1674,19,108,-9,229,365,933,154,Austin,2015-10-23
2016,10,23,122,118,73,15,6,38,12,20,10,44,42,86,57,43,33,2,3,16,5,14,3,19,22,41,56,62,38,11,3,17,5,5,5,20,15,35,0,4,0,1,0,1,0,0,0,1,0,1,9,9,2,1,0,4,2,1,2,4,5,9,1439,11,91,-14,224,387,777,146,Austin,2016-10-23
2017,10,23,114,113,103,6,2,25,30,16,15,27,61,88,70,56,71,1,1,11,25,8,10,12,43,55,33,51,21,4,1,13,3,6,5,14,14,28,0,0,4,0,0,0,1,1,0,0,2,2,11,6,7,1,0,1,1,1,0,1,2,3,1501,22,99,-13,225,373,809,154,Austin,2017-10-23
2018,10,23,89,136,99,6,3,17,21,20,22,20,63,83,48,69,69,3,1,8,11,12,11,9,34,43,33,50,25,3,2,8,8,6,8,10,22,32,1,5,1,0,0,0,1,0,1,0,2,2,7,12,4,0,0,1,1,2,2,1,5,6,1393,32,102,-12,226,385,737,131,Austin,2018-10-23
2019,10,23,103,182,109,6,0,29,26,17,26,29,69,98,60,100,82,1,0,13,17,7,15,13,39,52,35,67,19,5,0,11,7,6,8,11,21,32,0,2,1,0,0,1,0,1,1,1,2,3,8,13,7,0,0,4,2,3,2,4,7,11,1507,33,109,-11,227,392,805,179,Austin,2019-10-23
2020,10,23,84,147,54,17,2,17,15,12,24,19,51,70,42,75,38,4,0,8,7,7,20,8,34,42,37,65,11,13,1,8,8,4,3,9,15,24,0,1,2,0,1,0,0,0,0,1,0,1,5,6,3,0,0,1,0,1,1,1,2,3,1012,16,63,-9,229,310,500,136,Austin,2020-10-23
2021,10,23,94,133,66,24,5,12,6,7,22,17,35,52,47,69,35,6,3,6,1,6,16,9,23,32,37,56,25,17,2,5,5,1,6,7,12,19,1,1,0,0,0,0,0,0,0,0,0,0,9,7,6,1,0,1,0,0,0,1,0,1,987,8,64,-15,223,262,521,173,Austin,2021-10-23
2022,10,23,113,128,57,32,3,28,17,12,23,31,52,83,48,64,28,3,2,8,5,7,16,10,28,38,60,57,22,28,1,18,9,3,4,19,16,35,0,0,0,0,0,0,2,0,0,0,2,2,5,7,7,1,0,2,1,2,3,2,6,8,970,9,67,-14,224,289,489,149,Austin,2022-10-23
2023,10,23,71,193,99,6,2,14,18,16,30,16,64,80,41,102,65,1,2,7,6,10,24,9,40,49,27,70,28,4,0,5,12,5,6,5,23,28,0,4,1,0,0,0,0,0,0,0,0,0,3,17,5,1,0,2,0,1,0,2,1,3,1017,7,67,-13,225,281,557,123,Austin,2023-10-23
2024,10,23,72,141,75,11,1,11,11,3,26,12,40,52,31,83,54,5,1,5,6,1,15,6,22,28,31,50,18,4,0,5,5,2,9,5,16,21,0,2,2,1,0,0,0,0,0,0,0,0,10,6,1,1,0,1,0,0,2,1,2,3,969,12,64,-11,227,282,503,108,Austin,2024-10-23
2012,11,23,,,,,,,,,,,,,,,,,,,,,,,,,,,,,,,,,,,,,,,,,,,,,,,,,,,,,,,,,,,,,,,,,,,,,Austin,2012-11-23
2013,11,23,,,,,,,,,,,,,,,,,,,,,,,,,,,,,,,,,,,,,,,,,,,,,,,,,,,,,,,,,,,,,,,,,,,,,Austin,2013-11-23
2014,11,23,116,103,83,8,2,20,18,12,16,22,46,68,47,36,43,0,0,6,6,5,7,6,18,24,55,62,24,7,2,11,12,7,7,13,26,39,1,1,1,1,0,0,0,0,0,0,0,0,13,4,15,0,0,3,0,0,2,3,2,5,1539,12,103,21,259,365,833,120,Austin,2014-11-23
2015,11,23,95,105,91,3,5,14,36,15,20,19,71,90,39,55,59,0,2,7,23,4,17,9,44,53,47,44,17,3,2,6,10,7,2,8,19,27,1,0,0,0,0,0,0,0,0,0,0,0,8,6,15,0,1,1,3,4,1,2,8,10,1489,17,119,22,260,368,752,122,Austin,2015-11-23
2016,11,23,73,136,87,8,4,25,23,14,22,29,59,88,43,58,57,3,0,14,11,8,12,14,31,45,25,64,21,5,4,10,9,3,8,14,20,34,1,2,1,0,0,0,1,0,1,0,2,2,4,12,8,0,0,1,2,3,1,1,6,7,1427,20,103,17,255,376,743,104,Austin,2016-11-23
2017,11,23,72,91,40,6,3,21,10,4,12,24,26,50,34,35,23,0,0,3,7,2,8,3,17,20,33,48,14,5,1,18,3,2,3,19,8,27,0,0,0,0,0,0,0,0,0,0,0,0,5,8,3,1,2,0,0,0,1,2,1,3,1023,4,72,18,256,252,546,97,Austin,2017-11-23
2018,11,23,115,115,43,6,1,20,27,26,17,21,70,91,50,56,25,1,1,10,13,11,13,11,37,48,54,50,7,3,0,10,13,12,4,10,29,39,0,0,1,0,0,0,0,0,0,0,0,0,11,9,10,2,0,0,1,3,0,0,4,4,1269,13,106,19,257,363,674,123,Austin,2018-11-23
2019,11,23,117,159,75,15,6,21,22,16,21,27,59,86,56,70,41,4,3,8,14,10,12,11,36,47,54,78,28,10,3,10,6,2,9,13,17,30,0,0,0,0,0,1,1,0,0,1,1,2,7,11,6,1,0,2,1,4,0,2,5,7,1207,19,91,20,258,336,655,154,Austin,2019-11-23
2020,11,23,83,107,53,7,1,13,6,12,41,14,59,73,43,47,35,2,1,11,4,6,28,12,38,50,31,46,13,5,0,2,2,5,10,2,17,19,0,3,1,0,0,0,0,0,1,0,1,1,9,11,4,0,0,0,0,1,2,0,3,3,957,14,74,22,260,312,459,112,Austin,2020-11-23
2021,11,23,63,144,62,7,8,22,8,6,21,30,35,65,31,72,34,1,4,8,4,2,17,12,23,35,27,63,19,6,3,13,4,2,4,16,10,26,1,0,0,0,0,0,0,0,0,0,0,0,4,9,9,0,1,1,0,2,0,2,2,4,913,9,72,16,254,286,479,116,Austin,2021-11-23
2022,11,23,75,140,50,17,0,17,3,9,21,17,33,50,40,64,25,5,0,6,2,7,9,6,18,24,31,65,16,10,0,11,1,1,8,11,10,21,0,2,1,0,0,0,0,0,0,0,0,0,4,9,8,2,0,0,0,1,4,0,5,5,891,10,61,17,255,244,503,110,Austin,2022-11-23
2023,11,23,65,94,14,12,3,24,4,5,18,27,27,54,28,39,7,1,1,9,1,2,11,10,14,24,33,46,3,11,2,13,2,3,5,15,10,25,1,0,0,0,0,0,1,0,2,0,3,3,3,9,4,0,0,2,0,0,0,2,0,2,698,9,44,18,256,174,401,63,Austin,2023-11-23
2024,11,23,79,154,67,22,2,15,8,10,23,17,41,58,31,59,42,5,1,2,5,6,13,3,24,27,45,92,18,15,0,13,3,4,8,13,15,28,1,2,0,1,0,0,0,0,1,0,1,1,2,1,7,1,1,0,0,0,1,1,1,2,1005,13,50,20,258,225,574,136,Austin,2024-11-23
2012,12,23,,,,,,,,,,,,,,,,,,,,,,,,,,,,,,,,,,,,,,,,,,,,,,,,,,,,,,,,,,,,,,,,,,,,,Austin,2012-12-23
2013,12,23,,,,,,,,,,,,,,,,,,,,,,,,,,,,,,,,,,,,,,,,,,,,,,,,,,,,,,,,,,,,,,,,,,,,,Austin,2013-12-23
2014,12,23,85,108,70,9,2,19,21,17,20,21,58,79,36,50,45,0,2,9,9,9,12,11,30,41,42,46,17,8,0,10,9,7,5,10,21,31,0,2,0,0,0,0,0,0,0,0,0,0,7,10,8,1,0,0,3,1,3,0,7,7,1458,17,106,51,289,317,764,93,Austin,2014-12-23
2015,12,23,123,130,88,8,3,19,26,20,14,22,60,82,65,60,62,1,1,8,11,10,9,9,30,39,48,50,19,7,2,9,14,7,3,11,24,35,2,0,0,0,0,0,1,0,0,0,1,1,8,20,7,0,0,2,0,3,2,2,5,7,1597,22,111,52,290,382,803,154,Austin,2015-12-23
2016,12,23,118,138,92,13,2,15,27,14,17,17,58,75,58,70,62,4,0,8,15,7,11,8,33,41,51,57,23,8,2,5,8,6,4,7,18,25,2,0,3,0,0,0,0,0,0,0,0,0,7,11,4,1,0,2,4,1,2,2,7,9,1497,21,103,47,285,365,811,141,Austin,2016-12-23
2017,12,23,87,106,52,10,3,16,12,21,16,19,49,68,44,48,32,1,2,7,8,16,11,9,35,44,34,49,12,7,0,8,4,5,4,8,13,21,1,0,0,0,0,0,0,0,0,0,0,0,8,9,8,2,1,1,0,0,1,2,1,3,1120,6,85,48,286,263,650,106,Austin,2017-12-23
2018,12,23,73,110,58,14,4,18,14,13,20,22,47,69,25,49,35,0,0,7,10,9,11,7,30,37,44,53,16,13,4,10,4,3,7,14,14,28,0,1,0,0,0,0,0,0,0,0,0,0,4,7,7,1,0,1,0,1,2,1,3,4,1048,7,70,49,287,287,564,118,Austin,2018-12-23
2019,12,23,87,135,73,18,1,30,22,16,22,31,60,91,44,61,50,3,1,14,17,7,13,15,37,52,34,65,13,13,0,15,4,6,8,15,18,33,3,2,1,0,0,0,0,0,0,0,0,0,6,7,9,2,0,1,1,3,1,1,5,6,1237,15,101,50,288,354,649,140,Austin,2019-12-23
2020,12,23,91,146,67,22,5,20,10,12,28,25,50,75,48,53,43,4,2,7,0,9,17,9,26,35,33,81,17,16,3,12,10,2,6,15,18,33,0,2,0,0,0,0,0,0,1,0,1,1,10,10,7,2,0,1,0,1,4,1,5,6,1025,12,86,52,290,282,517,154,Austin,2020-12-23
2021,12,23,73,119,63,37,3,19,11,4,23,22,38,60,34,55,43,8,1,10,3,3,15,11,21,32,32,56,13,27,2,7,8,1,5,9,14,23,0,0,0,0,0,0,0,0,1,0,1,1,7,8,7,2,0,2,0,0,2,2,2,4,903,8,74,46,284,251,458,148,Austin,2021-12-23
2022,12,23,52,120,56,19,2,16,6,5,20,18,31,49,31,55,35,4,0,7,1,2,14,7,17,24,19,52,14,13,2,9,5,2,6,11,13,24,1,0,1,0,0,0,0,0,0,0,0,0,1,13,6,2,0,0,0,1,0,0,1,1,970,14,65,47,285,236,562,109,Austin,2022-12-23
2023,12,23,82,140,47,39,5,20,7,7,31,25,45,70,32,63,17,7,3,11,2,4,19,14,25,39,41,70,24,29,2,8,5,3,9,10,17,27,1,2,0,0,0,0,0,0,0,0,0,0,8,5,6,3,0,1,0,0,3,1,3,4,896,9,60,48,286,253,471,131,Austin,2023-12-23
2024,12,23,90,137,52,17,1,13,12,10,22,14,44,58,53,72,30,2,0,2,2,7,16,2,25,27,32,60,17,10,1,8,7,1,5,9,13,22,0,1,1,0,0,0,1,1,1,0,3,3,5,4,4,5,0,3,2,1,0,3,3,6,983,11,64,50,288,276,525,134,Austin,2024-12-23
2012,1,24,,,,,,,,,,,,,,,,,,,,,,,,,,,,,,,,,,,,,,,,,,,,,,,,,,,,,,,,,,,,,,,,,,,,,Austin,2012-01-24
2013,1,24,,,,,,,,,,,,,,,,,,,,,,,,,,,,,,,,,,,,,,,,,,,,,,,,,,,,,,,,,,,,,,,,,,,,,Austin,2013-01-24
2014,1,24,69,88,152,2,2,14,13,13,10,16,36,52,36,40,76,0,1,5,6,5,7,6,18,24,28,39,62,2,1,7,6,6,2,8,14,22,1,0,11,0,0,0,0,0,0,0,0,0,4,9,3,0,0,2,1,2,1,2,4,6,1499,35,92,-282,-44,313,866,102,Austin,2014-01-24
2015,1,24,109,112,66,17,4,24,13,22,11,28,46,74,44,58,40,2,1,7,6,9,7,8,22,30,58,43,21,13,3,17,6,11,4,20,21,41,1,1,0,0,0,0,0,0,0,0,0,0,6,10,5,2,0,0,1,2,0,0,3,3,1500,13,104,-281,-43,370,777,119,Austin,2015-01-24
2016,1,24,96,110,65,11,10,20,19,18,19,30,56,86,33,43,35,2,3,5,10,9,13,8,32,40,49,56,22,8,6,13,7,6,3,19,16,35,0,1,0,0,0,0,1,0,1,0,2,2,14,10,8,1,1,2,1,3,2,3,6,9,1337,14,106,-287,-49,343,720,131,Austin,2016-01-24
2017,1,24,111,108,75,6,4,24,26,19,18,28,63,91,54,49,52,1,0,11,13,13,13,11,39,50,53,52,14,4,3,11,10,4,5,14,19,33,0,2,3,1,0,0,0,0,0,0,0,0,4,5,6,0,1,2,3,2,0,3,5,8,1668,27,108,-285,-47,425,856,129,Austin,2017-01-24
2018,1,24,91,135,77,6,5,23,26,15,20,28,61,89,52,68,52,0,3,9,16,4,16,12,36,48,31,53,18,6,2,13,9,7,4,15,20,35,0,2,1,0,0,0,0,0,0,0,0,0,8,12,6,0,0,1,1,4,0,1,5,6,1397,18,102,-284,-46,328,715,133,Austin,2018-01-24
2019,1,24,87,122,76,6,5,18,15,22,19,23,56,79,50,65,52,0,2,8,5,15,13,10,33,43,31,50,18,6,3,7,9,4,6,10,19,29,1,0,1,0,0,1,0,0,0,1,0,1,5,7,5,0,0,2,1,3,0,2,4,6,1380,22,78,-283,-45,357,755,131,Austin,2019-01-24
2020,1,24,100,164,112,14,3,27,25,23,27,30,75,105,42,88,66,3,2,13,9,14,16,15,39,54,46,70,30,9,0,13,15,8,7,13,30,43,0,1,6,0,0,0,1,0,2,0,3,3,12,5,10,2,1,1,0,1,2,2,3,5,1529,25,89,-282,-44,414,794,176,Austin,2020-01-24
2021,1,24,79,133,60,26,3,18,7,7,19,21,33,54,37,49,30,4,1,8,1,2,14,9,17,26,39,73,19,21,1,9,6,2,3,10,11,21,0,2,2,0,0,0,0,0,2,0,2,2,3,9,9,1,1,1,0,3,0,2,3,5,870,8,66,-287,-49,305,398,128,Austin,2021-01-24
2022,1,24,85,134,57,13,2,20,7,8,20,22,35,57,40,72,39,4,1,10,4,4,10,11,18,29,38,51,15,8,0,7,3,3,7,7,13,20,0,3,0,0,0,0,0,1,0,0,1,1,7,8,3,1,1,3,0,0,3,4,3,7,879,9,63,-286,-48,294,428,108,Austin,2022-01-24
2023,1,24,72,127,78,18,2,11,4,7,30,13,41,54,33,65,49,2,0,5,2,3,22,5,27,32,35,51,15,13,2,6,2,3,7,8,12,20,0,2,7,0,0,0,0,0,0,0,0,0,4,9,7,3,0,0,0,1,1,0,2,2,873,16,66,-285,-47,268,447,106,Austin,2023-01-24
2024,1,24,76,164,63,12,1,13,12,4,38,14,54,68,40,85,30,5,0,9,2,2,26,9,30,39,31,68,25,6,1,2,9,2,10,3,21,24,0,2,2,0,0,0,0,0,0,0,0,0,5,9,6,1,0,2,1,0,2,2,3,5,948,12,64,-284,-46,263,534,90,Austin,2024-01-24
2012,2,24,,,,,,,,,,,,,,,,,,,,,,,,,,,,,,,,,,,,,,,,,,,,,,,,,,,,,,,,,,,,,,,,,,,,,Austin,2012-02-24
2013,2,24,,,,,,,,,,,,,,,,,,,,,,,,,,,,,,,,,,,,,,,,,,,,,,,,,,,,,,,,,,,,,,,,,,,,,Austin,2013-02-24
2014,2,24,109,118,66,4,0,21,18,12,21,21,51,72,61,64,47,1,0,9,12,9,16,9,37,46,37,45,11,3,0,9,6,3,3,9,12,21,0,0,0,0,0,0,0,0,2,0,2,2,11,9,8,0,0,3,0,0,0,3,0,3,1469,24,107,-251,-13,382,750,123,Austin,2014-02-24
2015,2,24,77,96,69,2,3,17,15,15,30,20,60,80,41,47,52,0,2,11,13,12,25,13,50,63,28,38,9,2,1,4,1,3,5,5,9,14,0,3,3,0,0,1,0,0,0,1,0,1,8,8,5,0,0,1,1,0,0,1,1,2,1384,22,83,-250,-12,363,743,86,Austin,2015-02-24
2016,2,24,101,129,71,4,4,17,19,16,10,21,45,66,55,61,57,0,0,6,12,9,5,6,26,32,35,58,9,4,4,8,7,1,5,12,13,25,1,0,2,0,0,0,0,0,0,0,0,0,10,10,3,0,0,3,0,6,0,3,6,9,1525,16,89,-256,-18,358,757,134,Austin,2016-02-24
2017,2,24,111,139,95,6,4,17,27,23,17,21,67,88,61,62,74,0,2,7,15,16,10,9,41,50,41,62,9,6,2,9,12,6,6,11,24,35,1,0,0,0,0,1,0,0,1,1,1,2,8,15,12,0,0,0,0,1,0,0,1,1,1797,20,132,-254,-16,395,1032,150,Austin,2017-02-24
2018,2,24,128,124,59,17,8,26,20,9,17,34,46,80,68,54,40,4,4,9,11,5,8,13,24,37,55,58,19,13,4,14,8,4,6,18,18,36,1,2,0,0,0,0,0,0,0,0,0,0,4,10,0,0,0,3,1,0,3,3,4,7,1480,12,94,-253,-15,321,828,149,Austin,2018-02-24
2019,2,24,103,130,56,18,3,28,14,20,22,31,56,87,48,56,34,2,0,18,8,13,15,18,36,54,50,64,12,15,3,8,5,6,6,11,17,28,1,0,0,0,0,0,1,0,0,0,1,1,4,10,10,1,0,2,0,1,1,2,2,4,1258,12,89,-252,-14,330,675,135,Austin,2019-02-24
2020,2,24,113,170,88,9,2,16,19,19,25,18,63,81,58,80,65,1,1,6,13,16,20,7,49,56,45,75,15,7,1,10,5,3,3,11,11,22,0,1,1,0,0,0,0,0,0,0,0,0,10,14,7,1,0,0,1,0,2,0,3,3,1581,27,95,-251,-13,399,788,173,Austin,2020-02-24
2021,2,24,75,134,47,13,6,22,5,10,33,28,48,76,46,77,35,1,2,12,1,7,25,14,33,47,17,45,8,11,3,9,2,3,5,12,10,22,2,1,0,0,1,0,0,0,0,1,0,1,10,11,4,1,0,1,2,0,3,1,5,6,909,24,78,-256,-18,287,447,113,Austin,2021-02-24
2022,2,24,65,119,182,8,0,12,10,5,21,12,36,48,43,61,102,1,0,8,5,4,17,8,26,34,20,44,63,7,0,3,4,0,2,3,6,9,1,0,9,0,0,0,0,0,0,0,0,0,1,14,8,0,0,1,1,1,2,1,4,5,946,19,56,-255,-17,246,540,103,Austin,2022-02-24
2023,2,24,106,170,66,18,6,19,17,14,28,25,59,84,69,90,44,6,1,5,8,10,22,6,40,46,26,66,16,10,5,12,8,4,5,17,17,34,3,1,2,0,0,0,0,0,0,0,0,0,8,13,4,2,0,2,1,0,1,2,2,4,1085,14,75,-254,-16,313,571,136,Austin,2023-02-24
2024,2,24,68,181,58,22,4,29,10,3,22,33,35,68,34,91,38,3,1,13,3,2,14,14,19,33,30,77,18,15,3,14,6,1,7,17,14,31,1,3,1,0,0,0,1,0,0,0,1,1,3,10,1,4,0,2,0,0,1,2,1,3,1021,14,66,-253,-15,287,533,140,Austin,2024-02-24
2012,3,24,,,,,,,,,,,,,,,,,,,,,,,,,,,,,,,,,,,,,,,,,,,,,,,,,,,,,,,,,,,,,,,,,,,,,Austin,2012-03-24
2013,3,24,,,,,,,,,,,,,,,,,,,,,,,,,,,,,,,,,,,,,,,,,,,,,,,,,,,,,,,,,,,,,,,,,,,,,Austin,2013-03-24
2014,3,24,108,110,75,2,4,23,22,20,18,27,60,87,60,66,64,0,0,8,18,14,12,8,44,52,38,35,8,1,4,14,3,5,5,18,13,31,1,2,0,0,0,0,0,0,0,0,0,0,9,7,3,1,0,1,1,1,1,1,3,4,1504,19,110,-223,15,380,708,149,Austin,2014-03-24
2015,3,24,105,118,86,4,1,8,24,18,19,9,61,70,60,55,69,1,1,3,19,13,14,4,46,50,33,53,12,1,0,4,5,3,4,4,12,16,1,0,3,0,0,0,0,0,0,0,0,0,11,10,2,2,0,1,0,2,1,1,3,4,1616,20,100,-222,16,407,793,144,Austin,2015-03-24
2016,3,24,100,123,100,10,4,21,29,17,16,25,62,87,67,68,77,3,3,11,18,11,12,14,41,55,25,44,19,6,1,7,10,4,2,8,16,24,0,1,0,0,0,0,0,0,2,0,2,2,8,10,4,1,0,3,1,2,0,3,3,6,1721,17,107,-227,11,388,969,132,Austin,2016-03-24
2017,3,24,124,112,113,7,3,25,18,17,20,28,55,83,64,61,91,3,0,12,11,12,13,12,36,48,51,40,14,4,3,11,6,4,4,14,14,28,2,1,2,0,0,0,0,0,1,0,1,1,7,10,6,0,0,2,1,1,2,2,4,6,1766,18,122,-226,12,429,963,139,Austin,2017-03-24
2018,3,24,117,137,75,14,6,23,15,12,11,29,38,67,59,79,52,4,4,8,11,7,7,12,25,37,42,53,18,9,2,14,4,4,3,16,11,27,1,0,2,0,0,0,0,0,0,0,0,0,15,5,3,1,0,1,0,1,1,1,2,3,1453,14,97,-225,13,344,857,144,Austin,2018-03-24
2019,3,24,113,131,50,14,1,23,12,16,13,24,41,65,56,67,33,4,0,4,7,7,10,4,24,28,46,47,14,9,1,19,5,8,2,20,15,35,2,4,1,0,0,0,0,0,0,0,0,0,9,13,2,1,0,0,0,1,1,0,2,2,1287,14,92,-224,14,337,703,132,Austin,2019-03-24
2020,3,24,99,141,30,17,5,15,20,9,25,20,54,74,62,88,23,6,2,7,12,7,21,9,40,49,29,42,5,8,2,7,7,2,2,9,11,20,2,0,0,0,0,0,0,0,0,0,0,0,6,11,2,3,1,1,1,0,2,2,3,5,1044,12,78,-222,16,305,571,112,Austin,2020-03-24
2021,3,24,120,170,35,14,2,23,8,3,28,25,39,64,75,113,30,5,0,14,4,2,22,14,28,42,38,47,4,9,2,7,4,1,6,9,11,20,0,1,1,0,0,0,0,0,0,0,0,0,7,9,0,0,0,2,0,0,0,2,0,2,1063,11,66,-228,10,336,527,126,Austin,2021-03-24
2022,3,24,89,130,77,15,2,19,10,8,21,21,39,60,58,77,55,1,1,13,2,4,15,14,21,35,27,39,15,11,1,6,7,4,6,7,17,24,0,1,3,0,0,0,0,0,0,0,0,0,4,13,4,3,0,0,1,0,0,0,1,1,970,16,67,-227,11,281,510,124,Austin,2022-03-24
2023,3,24,112,155,88,24,2,27,15,11,37,29,63,92,56,91,65,2,0,12,6,8,26,12,40,52,40,53,15,18,2,14,8,2,8,16,18,34,1,4,1,0,0,0,0,0,0,0,0,0,15,7,7,4,0,1,1,1,3,1,5,6,1159,18,90,-226,12,335,616,160,Austin,2023-03-24
2024,3,24,87,169,37,28,4,30,11,5,40,34,56,90,47,99,21,8,2,16,3,4,23,18,30,48,33,56,14,17,1,12,6,1,14,13,21,34,1,1,0,0,0,0,0,0,1,0,1,1,6,13,2,3,1,2,2,0,2,3,4,7,1058,9,78,-224,14,303,543,140,Austin,2024-03-24
2012,4,24,,,,,,,,,,,,,,,,,,,,,,,,,,,,,,,,,,,,,,,,,,,,,,,,,,,,,,,,,,,,,,,,,,,,,Austin,2012-04-24
2013,4,24,,,,,,,,,,,,,,,,,,,,,,,,,,,,,,,,,,,,,,,,,,,,,,,,,,,,,,,,,,,,,,,,,,,,,Austin,2013-04-24
2014,4,24,115,109,82,3,3,26,22,24,18,29,64,93,66,65,69,1,1,13,14,15,16,14,45,59,32,34,7,2,2,9,3,3,2,11,8,19,1,2,2,0,0,0,1,1,0,0,2,2,16,8,4,0,0,4,4,5,0,4,9,13,1799,25,153,-192,46,409,865,137,Austin,2014-04-24
2015,4,24,107,111,98,4,1,19,31,15,16,20,62,82,56,69,73,1,1,9,26,7,11,10,44,54,43,35,15,2,0,8,3,7,4,8,14,22,0,1,5,0,0,0,0,0,0,0,0,0,8,6,5,1,0,2,2,1,1,2,4,6,1655,22,119,-191,47,395,876,144,Austin,2015-04-24
2016,4,24,111,127,64,14,8,28,31,17,9,36,57,93,66,78,47,6,1,16,23,11,6,17,40,57,33,36,13,7,7,11,5,5,1,18,11,29,4,1,0,0,0,0,0,0,0,0,0,0,8,12,4,1,0,1,3,1,2,1,6,7,1370,11,91,-196,42,388,684,150,Austin,2016-04-24
2017,4,24,122,136,74,2,1,15,27,18,29,16,74,90,69,77,61,1,1,9,19,15,20,10,54,64,40,44,10,1,0,6,6,1,6,6,13,19,0,3,1,0,0,0,0,0,2,0,2,2,13,12,2,0,0,0,2,2,1,0,5,5,1576,21,126,-195,43,397,828,130,Austin,2017-04-24
2018,4,24,111,134,98,5,2,12,23,12,23,14,58,72,77,86,82,2,1,6,13,7,14,7,34,41,21,39,11,3,1,5,8,2,6,6,16,22,0,1,2,0,0,0,0,0,0,0,0,0,13,8,3,0,0,1,2,3,3,1,8,9,1566,13,108,-194,44,394,821,143,Austin,2018-04-24
2019,4,24,102,160,120,4,4,20,27,21,15,24,63,87,67,99,99,1,3,10,16,16,11,13,43,56,27,48,12,3,0,5,9,2,3,5,14,19,0,3,5,0,0,1,0,0,0,1,0,1,8,10,4,0,1,4,2,3,1,5,6,11,1391,17,98,-193,45,383,760,146,Austin,2019-04-24
2020,4,24,79,155,44,9,2,24,23,19,32,26,74,100,47,87,32,3,1,12,15,13,22,13,50,63,27,52,8,5,1,10,7,5,9,11,21,32,0,1,2,0,0,0,0,0,0,0,0,0,5,15,2,1,0,2,1,1,1,2,3,5,1087,18,84,-191,47,323,556,141,Austin,2020-04-24
2021,4,24,111,139,76,27,2,27,12,7,18,29,37,66,62,79,48,4,1,13,7,6,13,14,26,40,42,46,24,22,1,12,5,0,4,13,9,22,0,0,0,0,0,0,0,0,1,0,1,1,7,14,4,1,0,2,0,1,0,2,1,3,1046,6,87,-197,41,266,576,167,Austin,2021-04-24
2022,4,24,103,137,47,31,8,25,11,8,34,33,53,86,55,75,31,5,3,12,7,5,23,15,35,50,41,50,11,24,4,12,4,3,6,16,13,29,2,3,0,0,0,0,0,0,0,0,0,0,5,9,5,2,1,1,0,0,5,2,5,7,1020,18,67,-196,42,285,533,145,Austin,2022-04-24
2023,4,24,75,159,58,17,2,17,6,8,27,19,41,60,47,105,46,3,2,10,2,7,22,12,31,43,21,39,11,11,0,5,4,0,5,5,9,14,1,2,0,1,0,0,0,0,0,0,0,0,6,13,1,2,0,2,0,1,0,2,1,3,998,9,75,-195,43,307,498,124,Austin,2023-04-24
2024,4,24,94,176,59,8,3,16,8,7,33,19,48,67,54,108,46,2,2,8,2,3,24,10,29,39,28,53,8,4,1,6,5,3,7,7,15,22,1,2,1,0,0,0,0,0,0,0,0,0,11,13,4,2,0,2,1,1,2,2,4,6,1022,12,92,-193,45,292,519,138,Austin,2024-04-24
2012,5,24,,,,,,,,,,,,,,,,,,,,,,,,,,,,,,,,,,,,,,,,,,,,,,,,,,,,,,,,,,,,,,,,,,,,,Austin,2012-05-24
2013,5,24,,,,,,,,,,,,,,,,,,,,,,,,,,,,,,,,,,,,,,,,,,,,,,,,,,,,,,,,,,,,,,,,,,,,,Austin,2013-05-24
2014,5,24,124,138,63,8,4,20,16,17,10,24,43,67,72,66,46,1,2,9,10,13,5,11,28,39,44,62,12,3,0,10,6,2,5,10,13,23,0,1,0,0,0,0,0,0,0,0,0,0,8,9,5,4,2,1,0,2,0,3,2,5,1811,12,150,-162,76,368,880,145,Austin,2014-05-24
2015,5,24,121,119,80,7,0,25,18,13,6,25,37,62,58,67,49,1,0,11,11,10,4,11,25,36,54,42,26,5,0,11,3,1,1,11,5,16,3,0,1,0,0,1,0,0,0,1,0,1,6,10,4,1,0,2,4,2,1,2,7,9,1469,12,127,-161,77,332,840,127,Austin,2015-05-24
2016,5,24,107,144,68,2,3,18,15,15,14,21,44,65,66,94,61,0,1,10,5,14,11,11,30,41,29,42,3,2,2,5,6,1,3,7,10,17,0,1,1,0,0,1,2,0,0,1,2,3,12,7,3,0,0,2,2,0,0,2,2,4,1602,20,109,-166,72,417,839,129,Austin,2016-05-24
2017,5,24,118,137,65,7,4,12,30,11,17,16,58,74,75,85,56,5,2,9,20,6,15,11,41,52,34,38,5,1,2,1,8,3,1,3,12,15,0,1,0,0,0,0,0,0,1,0,1,1,9,13,4,1,0,2,2,2,0,2,4,6,1569,21,122,-165,73,418,787,142,Austin,2017-05-24
2018,5,24,92,141,79,3,4,14,14,15,14,18,43,61,57,95,63,0,2,10,11,8,10,12,29,41,23,32,8,3,2,3,3,2,3,5,8,13,1,0,0,0,0,0,0,0,0,0,0,0,11,14,8,0,0,1,0,5,1,1,6,7,1513,17,152,-164,74,340,835,146,Austin,2018-05-24
2019,5,24,143,179,99,7,1,34,23,21,30,35,74,109,90,118,81,1,0,21,19,17,22,21,58,79,44,47,13,5,1,10,2,2,7,11,11,22,0,1,0,0,0,0,0,1,0,0,1,1,9,13,5,1,0,3,2,1,1,3,4,7,1732,11,134,-163,75,425,945,184,Austin,2019-05-24
2020,5,24,94,145,53,25,4,32,19,6,15,36,40,76,53,81,34,9,1,17,12,4,13,18,29,47,35,52,14,10,2,12,5,2,2,14,9,23,0,1,0,0,0,0,0,0,0,0,0,0,6,11,5,6,1,3,2,0,0,4,2,6,1159,20,95,-161,77,351,587,139,Austin,2020-05-24
2021,5,24,116,171,56,16,0,18,14,9,27,18,50,68,74,129,49,5,0,8,10,6,24,8,40,48,27,33,7,9,0,7,3,0,3,7,6,13,1,4,0,1,0,0,1,1,0,0,2,2,14,5,0,1,0,3,0,2,0,3,2,5,1060,16,67,-167,71,299,542,180,Austin,2021-05-24
2022,5,24,79,167,51,14,2,22,7,7,24,24,38,62,62,106,43,6,2,15,4,6,19,17,29,46,9,43,5,4,0,4,3,1,3,4,7,11,1,2,0,0,0,0,0,0,1,0,1,1,7,16,3,4,0,3,0,0,1,3,1,4,1021,9,84,-166,72,282,562,130,Austin,2022-05-24
2023,5,24,91,209,68,13,4,17,12,14,36,21,62,83,67,138,52,3,1,11,5,12,26,12,43,55,17,49,10,7,2,4,6,2,9,6,17,23,0,3,1,0,0,0,0,0,0,0,0,0,7,19,5,3,1,2,1,0,1,3,2,5,1115,15,86,-165,73,337,572,151,Austin,2023-05-24
2024,5,24,89,163,69,17,3,26,13,7,20,29,40,69,51,106,51,8,2,13,7,5,20,15,32,47,32,34,15,7,0,10,4,2,0,10,6,16,0,0,0,0,0,0,0,0,0,0,0,0,6,23,3,2,1,3,2,0,0,4,2,6,1117,8,110,-163,75,318,605,123,Austin,2024-05-24
2012,6,24,,,,,,,,,,,,,,,,,,,,,,,,,,,,,,,,,,,,,,,,,,,,,,,,,,,,,,,,,,,,,,,,,,,,,Austin,2012-06-24
2013,6,24,,,,,,,,,,,,,,,,,,,,,,,,,,,,,,,,,,,,,,,,,,,,,,,,,,,,,,,,,,,,,,,,,,,,,Austin,2013-06-24
2014,6,24,106,116,79,3,4,25,25,23,11,29,59,88,66,68,67,1,0,14,21,15,10,14,46,60,30,35,7,1,4,7,3,5,1,11,9,20,1,1,0,0,0,0,0,0,0,0,0,0,9,12,5,1,0,4,1,3,0,4,4,8,1656,15,171,-131,107,423,821,100,Austin,2014-06-24
2015,6,24,107,128,82,3,4,21,23,15,10,25,48,73,66,82,68,2,2,16,15,10,6,18,31,49,27,36,5,1,0,2,6,5,3,2,14,16,2,2,1,0,1,1,0,0,1,2,1,3,12,8,8,0,1,2,2,0,0,3,2,5,1647,24,139,-130,108,412,858,131,Austin,2015-06-24
2016,6,24,114,160,84,7,6,18,28,19,35,24,82,106,74,102,73,1,3,11,19,15,28,14,62,76,28,42,6,6,2,5,7,3,5,7,15,22,0,1,0,0,0,0,1,0,0,0,1,1,12,15,5,0,1,2,1,1,2,3,4,7,1838,15,188,-135,103,440,954,149,Austin,2016-06-24
2017,6,24,129,140,63,14,3,26,15,12,13,29,40,69,70,75,51,6,0,9,9,8,6,9,23,32,41,49,9,6,3,14,6,4,3,17,13,30,1,0,0,0,0,1,0,0,0,1,0,1,17,16,3,2,0,2,0,0,4,2,4,6,1455,12,138,-134,104,364,807,129,Austin,2017-06-24
2018,6,24,102,109,49,15,1,32,23,16,14,33,53,86,60,70,33,4,1,13,19,14,12,14,45,59,31,24,11,10,0,13,3,1,1,13,5,18,2,1,2,0,0,0,0,0,0,0,0,0,9,14,3,1,0,6,1,1,1,6,3,9,1350,9,122,-133,105,358,742,121,Austin,2018-06-24
2019,6,24,72,181,99,5,3,16,32,20,18,19,70,89,37,113,84,1,2,8,23,14,13,10,50,60,23,46,9,2,1,4,8,3,4,5,15,20,0,5,3,0,0,2,0,0,0,2,0,2,12,17,3,2,0,2,1,3,1,2,5,7,1351,23,109,-132,106,364,694,152,Austin,2019-06-24
2020,6,24,85,147,50,27,5,24,22,16,31,29,69,98,46,98,40,9,2,13,12,11,23,15,46,61,26,38,7,14,2,8,9,2,4,10,15,25,0,0,0,0,0,0,0,1,1,0,2,2,13,11,3,4,1,3,1,2,3,4,6,10,1031,5,96,-130,108,320,540,125,Austin,2020-06-24
2021,6,24,96,180,53,21,2,26,9,8,31,28,48,76,57,117,43,11,1,12,4,7,24,13,35,48,29,44,4,6,1,10,3,1,4,11,8,19,0,0,1,0,0,0,1,0,0,0,1,1,10,19,5,4,0,4,1,0,3,4,4,8,1052,8,90,-136,102,318,508,177,Austin,2021-06-24
2022,6,24,79,203,65,16,3,28,7,8,20,31,35,66,57,123,51,7,1,15,4,5,17,16,26,42,14,54,10,6,1,9,1,2,2,10,5,15,1,3,1,0,0,0,1,0,0,0,1,1,7,23,3,3,1,4,1,1,1,5,3,8,1095,12,95,-135,103,305,582,165,Austin,2022-06-24
2023,6,24,123,154,75,14,2,30,13,8,27,32,48,80,74,93,52,4,1,12,6,4,16,13,26,39,36,48,17,7,1,17,4,2,9,18,15,33,3,1,0,0,0,0,0,0,1,0,1,1,10,12,6,3,0,1,3,2,1,1,6,7,1057,13,107,-134,104,311,537,137,Austin,2023-06-24
2024,6,24,105,187,49,19,6,24,9,11,37,30,57,87,73,121,42,7,3,16,3,10,24,19,37,56,25,48,3,8,2,5,5,1,10,7,16,23,0,2,1,0,0,0,0,0,1,0,1,1,7,16,3,4,1,3,1,0,2,4,3,7,1145,15,102,-132,106,301,652,134,Austin,2024-06-24
2012,7,24,,,,,,,,,,,,,,,,,,,,,,,,,,,,,,,,,,,,,,,,,,,,,,,,,,,,,,,,,,,,,,,,,,,,,Austin,2012-07-24
2013,7,24,,,,,,,,,,,,,,,,,,,,,,,,,,,,,,,,,,,,,,,,,,,,,,,,,,,,,,,,,,,,,,,,,,,,,Austin,2013-07-24
2014,7,24,115,103,90,5,5,26,26,21,15,31,62,93,67,68,80,0,2,16,18,17,11,18,46,64,40,27,5,5,3,7,6,4,3,10,13,23,0,0,0,0,0,0,0,0,0,0,0,0,8,8,5,0,0,3,2,0,1,3,3,6,1694,20,155,-101,137,415,828,140,Austin,2014-07-24
2015,7,24,92,124,110,9,2,28,36,24,15,30,75,105,54,70,84,4,1,15,24,19,11,16,54,70,27,41,19,5,1,11,8,4,3,12,15,27,0,0,0,0,0,0,1,0,0,0,1,1,11,13,7,0,0,2,3,1,1,2,5,7,1704,23,150,-100,138,420,917,148,Austin,2015-07-24
2016,7,24,137,144,77,14,4,25,22,17,12,29,51,80,73,66,56,3,2,9,13,11,10,11,34,45,58,61,16,10,1,12,9,5,1,13,15,28,0,1,1,0,1,0,0,0,1,1,1,2,6,16,4,1,0,4,0,1,0,4,1,5,1483,10,147,-105,133,355,842,156,Austin,2016-07-24
2017,7,24,110,115,68,8,1,28,27,14,22,29,63,92,75,72,55,3,1,20,21,11,17,21,49,70,22,32,7,5,0,6,5,2,4,6,11,17,0,1,1,0,0,0,1,0,0,0,1,1,13,10,5,0,0,2,0,1,1,2,2,4,1541,16,133,-104,134,419,762,136,Austin,2017-07-24
2018,7,24,112,148,92,8,1,18,23,15,11,19,49,68,77,91,77,1,1,8,20,13,10,9,43,52,31,45,9,6,0,7,0,2,1,7,3,10,0,1,1,0,0,0,0,0,0,0,0,0,4,11,5,1,0,3,3,0,0,3,3,6,1482,13,109,-103,135,386,795,136,Austin,2018-07-24
2019,7,24,97,144,101,9,2,23,25,15,18,25,58,83,65,93,90,2,1,16,18,13,12,17,43,60,23,37,6,6,0,6,3,2,4,6,9,15,0,2,0,0,1,0,1,0,1,1,2,3,9,12,5,1,0,1,3,0,1,1,4,5,1421,25,108,-102,136,393,724,136,Austin,2019-07-24
2020,7,24,96,156,42,15,4,35,18,15,19,39,52,91,61,95,37,5,2,17,16,13,16,19,45,64,22,50,5,9,1,17,2,1,2,18,5,23,1,0,0,0,0,0,0,0,0,0,0,0,12,11,0,1,1,1,0,1,1,2,2,4,1049,18,74,-100,138,338,523,145,Austin,2020-07-24
2021,7,24,120,156,47,24,7,28,14,13,25,35,52,87,67,91,30,8,2,12,6,11,21,14,38,52,43,51,12,15,4,12,8,2,2,16,12,28,2,1,0,0,0,1,0,0,0,1,0,1,8,13,5,1,1,3,0,0,2,4,2,6,1092,12,86,-106,132,311,569,159,Austin,2021-07-24
2022,7,24,104,154,50,25,4,24,15,5,17,28,37,65,63,92,26,9,2,13,10,3,10,15,23,38,34,48,15,14,2,9,4,2,5,11,11,22,1,0,1,0,0,0,0,0,1,0,1,1,6,14,8,2,0,2,1,0,1,2,2,4,949,7,79,-105,133,267,501,147,Austin,2022-07-24
2023,7,24,96,171,70,21,5,27,11,11,31,32,53,85,73,111,56,8,4,11,7,8,22,15,37,52,19,35,8,10,1,11,3,2,6,12,11,23,0,2,1,0,0,0,1,0,2,0,3,3,4,23,5,3,0,5,0,1,1,5,2,7,1043,13,97,-104,134,322,559,126,Austin,2023-07-24
2024,7,24,84,169,50,16,4,16,7,10,31,20,48,68,57,113,41,7,1,8,3,8,24,9,35,44,17,42,5,7,3,7,4,2,5,10,11,21,0,3,1,0,0,1,0,0,1,1,1,2,10,11,3,2,0,0,0,0,1,0,1,1,955,16,76,-102,136,263,519,121,Austin,2024-07-24
2012,8,24,,,,,,,,,,,,,,,,,,,,,,,,,,,,,,,,,,,,,,,,,,,,,,,,,,,,,,,,,,,,,,,,,,,,,Austin,2012-08-24
2013,8,24,,,,,,,,,,,,,,,,,,,,,,,,,,,,,,,,,,,,,,,,,,,,,,,,,,,,,,,,,,,,,,,,,,,,,Austin,2013-08-24
2014,8,24,136,99,52,3,3,24,24,15,9,27,48,75,59,40,37,0,0,7,17,10,5,7,32,39,62,53,10,3,3,15,4,4,3,18,11,29,1,0,0,0,0,0,0,0,0,0,0,0,14,6,5,0,0,2,3,1,1,2,5,7,1464,9,120,-70,168,384,702,137,Austin,2014-08-24
2015,8,24,93,111,80,1,2,20,19,22,27,22,68,90,56,59,62,0,1,11,17,13,25,12,55,67,29,40,12,1,0,7,2,6,2,7,10,17,0,1,2,0,0,0,0,0,0,0,0,0,8,11,4,0,1,2,0,3,0,3,3,6,1630,15,118,-69,169,404,841,133,Austin,2015-08-24
2016,8,24,110,135,93,10,3,17,21,17,14,20,52,72,73,83,73,3,1,7,14,15,12,8,41,49,25,36,13,5,2,7,3,2,1,9,6,15,0,2,1,0,0,0,1,0,1,0,2,2,12,14,6,2,0,3,3,0,0,3,3,6,1657,21,118,-74,164,396,869,136,Austin,2016-08-24
2017,8,24,110,127,94,10,2,20,22,12,13,22,47,69,69,81,71,7,2,9,18,6,6,11,30,41,30,36,11,3,0,5,4,5,3,5,12,17,0,1,5,0,0,1,0,0,0,1,0,1,11,9,7,0,0,5,0,1,4,5,5,10,1573,24,101,-73,165,365,848,168,Austin,2017-08-24
2018,8,24,125,145,98,13,3,31,26,9,20,34,55,89,74,90,78,3,2,16,18,5,11,18,34,52,40,47,8,10,1,10,4,2,8,11,14,25,3,0,3,0,0,1,0,0,0,1,0,1,8,8,9,0,0,4,4,2,1,4,7,11,1644,18,128,-72,166,410,910,146,Austin,2018-08-24
2019,8,24,110,150,88,17,6,30,14,9,17,36,40,76,58,74,66,7,2,13,9,8,12,15,29,44,41,63,16,8,4,11,5,1,2,15,8,23,1,0,1,0,0,0,0,0,1,0,1,1,10,13,5,2,0,6,0,0,2,6,2,8,1391,10,110,-71,167,346,747,169,Austin,2019-08-24
2020,8,24,99,151,40,16,4,16,16,10,37,20,63,83,56,90,35,4,2,7,8,9,28,9,45,54,32,52,3,11,0,7,7,0,6,7,13,20,1,1,1,0,0,1,0,0,0,1,0,1,10,8,1,1,2,1,1,1,3,3,5,8,1012,13,73,-69,169,324,502,129,Austin,2020-08-24
2021,8,24,102,186,66,11,2,18,9,13,34,20,56,76,60,110,50,2,0,7,6,9,29,7,44,51,32,52,6,7,2,9,2,4,5,11,11,22,0,4,0,1,0,0,0,0,0,0,0,0,10,20,10,1,0,2,1,0,0,2,1,3,1048,12,92,-75,163,341,510,147,Austin,2021-08-24
2022,8,24,78,173,49,10,2,13,13,6,32,15,51,66,53,117,37,5,1,5,4,5,21,6,30,36,20,40,9,2,1,8,7,1,7,9,15,24,1,3,0,0,0,0,0,0,2,0,2,2,4,13,3,3,0,0,2,0,2,0,4,4,960,14,73,-74,164,285,492,122,Austin,2022-08-24
2023,8,24,90,177,56,11,2,14,14,8,33,16,55,71,55,125,40,5,1,6,9,8,23,7,40,47,24,40,12,6,0,8,5,0,8,8,13,21,1,3,2,0,0,0,0,0,0,0,0,0,10,9,2,0,1,0,0,0,2,1,2,3,1005,16,71,-73,165,269,531,123,Austin,2023-08-24
2024,8,24,89,154,60,18,1,21,11,8,25,22,44,66,48,103,44,3,0,14,6,4,20,14,30,44,34,42,13,15,1,5,5,4,1,6,10,16,0,3,0,0,0,0,0,0,2,0,2,2,7,6,3,0,0,2,0,0,2,2,2,4,978,12,73,-71,167,279,523,134,Austin,2024-08-24
2012,9,24,,,,,,,,,,,,,,,,,,,,,,,,,,,,,,,,,,,,,,,,,,,,,,,,,,,,,,,,,,,,,,,,,,,,,Austin,2012-09-24
2013,9,24,,,,,,,,,,,,,,,,,,,,,,,,,,,,,,,,,,,,,,,,,,,,,,,,,,,,,,,,,,,,,,,,,,,,,Austin,2013-09-24
2014,9,24,81,107,85,5,0,25,20,16,17,25,53,78,47,54,67,3,0,8,13,13,13,8,39,47,28,45,12,2,0,15,6,1,4,15,11,26,1,1,3,0,0,0,0,0,0,0,0,0,5,7,3,0,0,2,1,2,0,2,3,5,1446,26,76,-39,199,349,778,137,Austin,2014-09-24
2015,9,24,98,132,89,3,3,22,17,25,22,25,64,89,56,72,74,1,1,10,10,19,18,11,47,58,30,47,8,0,1,10,6,4,2,11,12,23,0,1,2,0,0,0,0,0,0,0,0,0,12,12,5,2,1,2,1,2,2,3,5,8,1604,30,102,-38,200,356,880,141,Austin,2015-09-24
2016,9,24,137,128,75,8,1,36,16,8,17,37,41,78,62,62,54,0,0,12,10,2,5,12,17,29,62,51,15,6,1,19,5,4,11,20,20,40,2,2,1,0,0,1,0,0,0,1,0,1,11,13,5,2,0,4,1,2,1,4,4,8,1498,22,115,-43,195,316,881,153,Austin,2016-09-24
2017,9,24,134,124,63,11,8,26,21,18,6,34,45,79,66,60,40,1,3,8,11,11,5,11,27,38,61,55,20,10,4,17,8,3,1,21,12,33,0,0,1,0,1,0,0,0,0,1,0,1,7,9,2,0,0,1,2,4,0,1,6,7,1335,18,76,-42,196,354,725,159,Austin,2017-09-24
2018,9,24,108,108,82,9,1,24,25,16,36,25,77,102,69,51,66,4,1,14,20,8,19,15,47,62,29,42,11,5,0,9,3,6,15,9,24,33,1,0,1,0,0,0,1,0,0,0,1,1,9,15,4,0,0,1,1,2,2,1,5,6,1391,24,87,-41,197,418,699,129,Austin,2018-09-24
2019,9,24,114,180,109,6,3,23,20,19,21,26,60,86,70,122,91,0,1,8,14,13,13,9,40,49,28,44,12,6,2,13,5,4,7,15,16,31,1,2,1,0,0,0,1,0,1,0,2,2,15,12,5,0,0,2,0,2,0,2,2,4,1438,22,85,-40,198,394,741,183,Austin,2019-09-24
2020,9,24,101,152,37,12,6,17,5,4,38,23,47,70,54,93,27,1,3,4,3,3,30,7,36,43,39,50,7,11,3,10,2,1,6,13,9,22,1,1,2,0,0,0,0,0,0,0,0,0,7,8,1,0,0,3,0,0,2,3,2,5,1002,14,61,-38,200,303,493,145,Austin,2020-09-24
2021,9,24,97,147,80,20,4,18,10,7,21,22,38,60,63,81,54,10,2,9,5,6,14,11,25,36,28,56,16,10,2,7,5,1,6,9,12,21,1,3,2,0,0,2,0,0,0,2,0,2,5,7,8,0,0,0,0,0,1,0,1,1,1061,18,60,-44,194,296,560,148,Austin,2021-09-24
2022,9,24,98,164,56,21,2,22,16,15,22,24,53,77,56,97,29,6,0,9,6,8,13,9,27,36,39,57,22,12,2,11,9,6,5,13,20,33,0,2,0,0,0,1,0,0,1,1,1,2,3,8,5,3,0,1,1,1,3,1,5,6,967,9,50,-43,195,289,503,142,Austin,2022-09-24
2023,9,24,99,145,58,30,3,28,13,10,42,31,65,96,48,68,27,9,1,14,8,8,27,15,43,58,46,60,26,20,2,13,5,1,15,15,21,36,0,1,1,0,0,0,0,0,0,0,0,0,5,16,4,1,0,1,0,1,0,1,1,2,1082,4,64,-42,196,295,605,146,Austin,2023-09-24
2024,9,24,87,187,63,15,1,18,5,11,19,19,35,54,52,108,42,4,1,7,2,7,14,8,23,31,23,62,11,9,0,10,2,2,4,10,8,18,0,2,4,0,0,0,0,1,0,0,1,1,12,15,6,2,0,1,1,1,1,1,3,4,1115,13,85,-40,198,305,588,145,Austin,2024-09-24
2012,10,24,,,,,,,,,,,,,,,,,,,,,,,,,,,,,,,,,,,,,,,,,,,,,,,,,,,,,,,,,,,,,,,,,,,,,Austin,2012-10-24
2013,10,24,,,,,,,,,,,,,,,,,,,,,,,,,,,,,,,,,,,,,,,,,,,,,,,,,,,,,,,,,,,,,,,,,,,,,Austin,2013-10-24
2014,10,24,112,148,112,7,3,18,22,20,12,21,54,75,56,74,83,1,1,8,13,10,9,9,32,41,46,61,19,6,2,8,8,5,3,10,16,26,0,0,2,0,0,0,0,0,0,0,0,0,10,13,8,0,0,2,1,5,0,2,6,8,1898,20,122,-9,229,449,915,164,Austin,2014-10-24
2015,10,24,71,92,77,10,2,19,11,9,9,21,29,50,30,35,46,4,1,11,4,3,7,12,14,26,38,52,23,5,1,8,6,5,2,9,13,22,1,2,3,0,0,0,0,0,0,0,0,0,2,3,5,1,0,0,1,1,0,0,2,2,1413,15,74,-8,230,276,897,135,Austin,2015-10-24
2016,10,24,109,161,79,8,5,22,28,15,24,27,67,94,60,79,47,1,3,11,14,13,14,14,41,55,40,68,24,7,2,10,13,2,8,12,23,35,1,2,3,0,0,0,0,0,0,0,0,0,8,12,5,0,0,1,1,0,2,1,3,4,1521,24,103,-13,225,405,842,136,Austin,2016-10-24
2017,10,24,104,140,92,11,1,25,26,14,16,26,56,82,62,69,61,2,0,13,16,10,6,13,32,45,37,56,16,9,1,11,8,3,7,12,18,30,0,2,2,0,0,0,0,0,0,0,0,0,5,13,13,0,0,1,2,1,3,1,6,7,1514,17,111,-12,226,378,802,151,Austin,2017-10-24
2018,10,24,84,126,98,9,1,19,26,10,16,20,52,72,42,62,67,2,0,7,15,5,11,7,31,38,35,52,19,7,1,10,8,5,5,11,18,29,3,2,4,0,0,1,0,0,0,1,0,1,4,10,8,0,0,1,3,0,0,1,3,4,1316,31,88,-11,227,344,767,118,Austin,2018-10-24
2019,10,24,96,169,120,3,2,21,22,13,21,23,56,79,63,91,57,3,1,12,10,10,10,13,30,43,28,57,43,0,1,8,10,3,9,9,22,31,2,7,7,0,0,0,0,0,1,0,1,1,3,14,13,0,0,1,2,0,1,1,3,4,1464,27,142,-10,228,348,843,175,Austin,2019-10-24
2020,10,24,85,144,49,20,0,26,16,6,22,26,44,70,40,72,26,6,0,10,10,4,11,10,25,35,32,60,17,11,0,14,6,2,9,14,17,31,0,3,1,0,0,0,0,0,2,0,2,2,13,9,5,3,0,2,0,0,0,2,0,2,927,15,60,-8,230,269,484,121,Austin,2020-10-24
2021,10,24,79,137,57,21,3,29,6,4,16,32,26,58,35,63,33,4,0,12,3,2,12,12,17,29,30,63,16,16,2,15,3,1,2,17,6,23,0,5,0,0,0,0,0,0,0,0,0,0,14,6,8,1,1,2,0,1,2,3,3,6,893,9,72,-14,224,279,456,126,Austin,2021-10-24
2022,10,24,94,169,74,13,1,18,17,11,33,19,61,80,48,102,47,3,1,10,7,5,26,11,38,49,38,56,18,10,0,6,7,4,6,6,17,23,1,3,3,0,0,0,1,1,0,0,2,2,7,8,6,0,0,2,2,1,1,2,4,6,1031,18,63,-13,225,311,523,152,Austin,2022-10-24
2023,10,24,76,161,64,12,1,17,11,2,42,18,55,73,39,96,37,6,1,7,4,2,26,8,32,40,28,56,15,6,0,9,5,0,9,9,14,23,2,0,2,0,0,0,1,0,3,0,4,4,7,9,10,0,0,1,1,0,4,1,5,6,997,13,74,-12,226,287,534,116,Austin,2023-10-24
2024,10,24,74,150,76,9,1,16,9,12,21,17,42,59,36,91,54,2,0,8,7,6,14,8,27,35,33,54,19,5,1,6,1,6,4,7,11,18,1,0,0,0,0,0,0,0,1,0,1,1,4,5,3,2,0,2,1,0,2,2,3,5,1037,15,62,-10,228,272,515,143,Austin,2024-10-24
2012,11,24,,,,,,,,,,,,,,,,,,,,,,,,,,,,,,,,,,,,,,,,,,,,,,,,,,,,,,,,,,,,,,,,,,,,,Austin,2012-11-24
2013,11,24,,,,,,,,,,,,,,,,,,,,,,,,,,,,,,,,,,,,,,,,,,,,,,,,,,,,,,,,,,,,,,,,,,,,,Austin,2013-11-24
2014,11,24,87,104,81,8,7,25,28,18,24,32,70,102,44,62,52,2,3,7,16,13,16,10,45,55,40,39,15,6,3,15,10,3,6,18,19,37,0,0,2,0,1,0,0,1,1,1,2,3,3,3,12,0,0,3,2,1,1,3,4,7,1617,20,108,22,260,402,796,121,Austin,2014-11-24
2015,11,24,113,117,80,6,2,18,17,13,21,20,51,71,53,66,44,1,1,8,14,8,16,9,38,47,52,42,19,5,1,10,3,3,4,11,10,21,0,0,1,0,0,0,0,0,0,0,0,0,8,9,16,0,0,0,0,2,1,0,3,3,1702,22,115,23,261,388,831,133,Austin,2015-11-24
2016,11,24,82,106,48,10,5,22,18,11,11,27,40,67,35,39,33,0,1,10,12,5,5,11,22,33,41,60,13,8,4,10,6,5,5,14,16,30,0,1,0,0,0,0,0,0,0,0,0,0,6,6,2,2,0,2,0,1,1,2,2,4,1197,7,73,18,256,302,664,103,Austin,2016-11-24
2017,11,24,85,107,55,13,4,20,17,18,13,24,48,72,44,36,36,4,1,9,9,9,10,10,28,38,35,60,13,6,2,11,8,9,3,13,20,33,1,1,1,0,0,0,0,0,0,0,0,0,5,10,5,3,1,0,0,0,0,1,0,1,1263,13,88,19,257,315,708,95,Austin,2017-11-24
2018,11,24,106,110,49,13,4,27,21,20,14,31,55,86,45,43,25,1,0,6,11,13,9,6,33,39,53,54,19,11,4,19,8,4,3,23,15,38,1,1,0,0,0,0,1,0,0,0,1,1,7,12,5,1,0,2,1,3,2,2,6,8,1243,12,100,20,258,341,653,129,Austin,2018-11-24
2019,11,24,102,161,66,18,10,25,23,11,28,35,62,97,40,58,31,1,1,7,6,7,15,8,28,36,52,92,25,15,9,15,14,3,12,24,29,53,0,0,1,0,0,0,1,0,0,0,1,1,10,11,9,2,0,3,2,1,1,3,4,7,1179,7,108,21,259,333,625,151,Austin,2019-11-24
2020,11,24,86,147,75,9,1,20,5,12,26,21,43,64,42,67,56,1,0,10,1,5,9,10,15,25,34,68,13,8,1,10,4,6,14,11,24,35,1,1,0,0,0,0,0,0,0,0,0,0,9,11,6,0,0,0,0,1,3,0,4,4,1005,11,84,23,261,311,473,132,Austin,2020-11-24
2021,11,24,71,130,65,12,5,23,8,13,23,28,44,72,41,63,31,1,1,9,2,10,12,10,24,34,24,57,24,11,3,12,6,3,10,15,19,34,1,1,0,0,1,0,0,0,0,1,0,1,5,9,10,0,0,2,0,0,1,2,1,3,862,8,69,17,255,269,442,121,Austin,2021-11-24
2022,11,24,57,108,43,23,1,20,13,6,9,21,28,49,33,49,18,3,1,9,5,2,6,10,13,23,18,53,23,20,0,10,7,4,3,10,14,24,1,1,1,0,0,0,0,0,0,0,0,0,5,5,1,0,0,1,1,0,0,1,1,2,719,8,44,18,256,208,382,95,Austin,2022-11-24
2023,11,24,65,92,48,18,2,25,8,6,28,27,42,69,23,37,32,3,1,9,2,3,16,10,21,31,33,47,14,14,0,14,6,1,9,14,16,30,0,1,1,0,0,0,0,0,1,0,1,1,9,7,1,1,1,2,0,2,2,3,4,7,830,12,76,19,257,246,417,93,Austin,2023-11-24
2024,11,24,91,134,53,15,5,20,8,11,21,25,40,65,46,55,34,5,2,7,4,5,10,9,19,28,36,71,15,10,3,12,4,5,7,15,16,31,1,0,0,0,0,0,0,0,2,0,2,2,8,8,4,0,0,1,0,1,2,1,3,4,952,9,56,21,259,250,533,125,Austin,2024-11-24
2012,12,24,,,,,,,,,,,,,,,,,,,,,,,,,,,,,,,,,,,,,,,,,,,,,,,,,,,,,,,,,,,,,,,,,,,,,Austin,2012-12-24
2013,12,24,,,,,,,,,,,,,,,,,,,,,,,,,,,,,,,,,,,,,,,,,,,,,,,,,,,,,,,,,,,,,,,,,,,,,Austin,2013-12-24
2014,12,24,84,98,73,21,2,16,19,17,7,18,43,61,45,41,56,0,1,7,8,12,6,8,26,34,30,47,14,20,1,9,8,5,1,10,14,24,0,2,0,0,0,0,0,0,0,0,0,0,9,8,3,1,0,0,3,0,0,0,3,3,1298,8,87,52,290,295,732,124,Austin,2014-12-24
2015,12,24,110,102,61,29,1,17,21,23,16,18,60,78,47,60,44,2,0,4,10,15,11,4,36,40,58,31,11,23,1,12,8,4,5,13,17,30,0,1,0,0,0,0,2,1,0,0,3,3,5,10,6,4,0,1,1,3,0,1,4,5,1442,21,117,53,291,349,796,132,Austin,2015-12-24
2016,12,24,95,106,65,38,4,21,13,14,14,25,41,66,40,40,33,2,1,6,9,7,11,7,27,34,50,59,26,31,3,13,3,6,2,16,11,27,1,1,1,0,0,0,0,0,0,0,0,0,4,6,5,5,0,2,1,1,1,2,3,5,1245,13,82,48,286,340,670,152,Austin,2016-12-24
2017,12,24,88,110,29,28,2,19,19,19,7,21,45,66,42,53,18,3,0,6,9,10,3,6,22,28,40,48,11,22,2,9,9,5,2,11,16,27,1,0,0,0,0,0,0,1,0,0,1,1,5,9,0,3,0,4,1,3,2,4,6,10,1084,8,75,49,287,231,661,115,Austin,2017-12-24
2018,12,24,93,115,40,24,8,20,12,14,6,28,32,60,45,54,26,1,4,11,5,8,4,15,17,32,37,48,10,22,2,8,5,5,2,10,12,22,2,0,0,0,0,0,0,1,0,0,1,1,9,13,4,1,2,1,2,0,0,3,2,5,1099,13,92,50,288,269,629,121,Austin,2018-12-24
2019,12,24,103,134,50,20,2,17,19,22,11,19,52,71,58,57,33,1,1,9,10,14,6,10,30,40,35,68,9,18,1,5,6,2,4,6,12,18,3,1,1,0,0,0,1,0,1,0,2,2,7,8,7,1,0,3,2,6,0,3,8,11,1163,17,95,51,289,303,616,161,Austin,2019-12-24
2020,12,24,92,109,49,36,7,16,10,14,21,23,45,68,39,45,28,2,4,5,2,8,15,9,25,34,44,48,14,30,3,7,5,4,5,10,14,24,0,0,1,0,0,1,2,0,0,1,2,3,9,16,6,4,0,3,1,2,1,3,4,7,912,15,78,53,291,271,467,121,Austin,2020-12-24
2021,12,24,89,154,38,59,3,27,8,6,25,30,39,69,43,64,21,3,2,8,5,3,18,10,26,36,41,79,14,52,1,16,2,1,4,17,7,24,0,1,0,1,0,0,0,1,1,0,2,2,5,10,3,3,0,3,1,1,2,3,4,7,1035,10,77,47,285,284,550,158,Austin,2021-12-24
2022,12,24,41,89,38,28,2,13,8,7,18,15,33,48,17,35,23,4,1,4,1,2,15,5,18,23,19,46,14,22,0,8,6,1,2,8,9,17,0,0,0,0,0,0,0,0,0,0,0,0,5,8,1,2,1,1,1,4,1,2,6,8,757,8,67,48,286,208,439,72,Austin,2022-12-24
2023,12,24,81,123,54,42,4,20,17,2,19,24,38,62,37,56,32,10,2,9,5,1,13,11,19,30,40,56,17,29,2,10,10,1,4,12,15,27,1,6,3,0,0,0,0,0,0,0,0,0,3,5,2,3,0,1,2,0,2,1,4,5,894,20,49,49,287,220,497,140,Austin,2023-12-24
2024,12,24,63,127,30,43,4,15,11,7,10,19,28,47,22,58,19,1,3,5,6,4,4,8,14,22,38,62,8,40,1,9,4,0,6,10,10,20,0,4,0,0,0,0,0,1,0,0,1,1,3,3,3,2,0,1,1,2,0,1,3,4,936,15,62,51,289,218,540,123,Austin,2024-12-24
2012,1,25,,,,,,,,,,,,,,,,,,,,,,,,,,,,,,,,,,,,,,,,,,,,,,,,,,,,,,,,,,,,,,,,,,,,,Austin,2012-01-25
2013,1,25,,,,,,,,,,,,,,,,,,,,,,,,,,,,,,,,,,,,,,,,,,,,,,,,,,,,,,,,,,,,,,,,,,,,,Austin,2013-01-25
2014,1,25,116,105,56,13,2,29,15,16,15,31,46,77,40,46,38,4,0,12,6,8,10,12,24,36,71,47,12,9,2,16,9,7,5,18,21,39,0,1,0,0,0,0,0,0,0,0,0,0,5,11,6,0,0,1,0,1,0,1,1,2,1492,9,103,-281,-43,377,765,126,Austin,2014-01-25
2015,1,25,85,98,53,5,5,31,14,21,9,36,44,80,40,34,25,1,3,4,9,14,6,7,29,36,41,60,22,4,1,27,4,6,3,28,13,41,0,0,0,0,0,0,0,0,0,0,0,0,4,4,6,0,1,0,1,1,0,1,2,3,1254,9,90,-280,-42,348,622,111,Austin,2015-01-25
2016,1,25,107,126,74,8,4,28,21,16,18,32,55,87,54,66,54,0,2,11,16,7,13,13,36,49,42,46,11,7,2,11,5,8,4,13,17,30,0,1,3,0,0,0,0,0,0,0,0,0,11,13,6,1,0,6,0,1,1,6,2,8,1618,20,123,-286,-48,368,810,131,Austin,2016-01-25
2017,1,25,98,129,83,5,5,18,12,10,17,23,39,62,51,57,57,0,1,5,8,5,15,6,28,34,45,57,16,2,4,11,3,3,2,15,8,23,0,2,3,0,0,0,0,0,0,0,0,0,2,13,7,3,0,2,1,2,0,2,3,5,1618,28,93,-284,-46,417,815,129,Austin,2017-01-25
2018,1,25,84,109,67,9,3,17,14,14,18,20,46,66,46,59,48,4,0,7,3,9,10,7,22,29,28,36,10,4,3,9,8,5,7,12,20,32,2,2,5,0,0,0,0,0,1,0,1,1,8,12,4,1,0,1,3,0,0,1,3,4,1439,22,114,-283,-45,347,746,127,Austin,2018-01-25
2019,1,25,97,132,79,6,5,24,25,14,23,29,62,91,46,59,50,1,3,8,13,8,14,11,35,46,45,65,18,3,2,13,11,4,8,15,23,38,1,1,2,0,0,0,0,0,0,0,0,0,5,7,9,2,0,3,1,2,1,3,4,7,1480,22,97,-282,-44,378,796,164,Austin,2019-01-25
2020,1,25,130,176,61,18,7,21,19,10,24,28,53,81,59,82,24,3,4,11,12,7,12,15,31,46,65,78,28,12,3,10,4,2,9,13,15,28,2,3,0,0,0,0,1,1,0,0,2,2,4,13,9,3,0,0,2,0,3,0,5,5,1316,16,98,-281,-43,363,684,185,Austin,2020-01-25
2021,1,25,75,142,35,20,7,24,11,11,24,31,46,77,41,71,20,2,0,4,5,5,18,4,28,32,27,61,8,14,7,15,4,2,6,22,12,34,2,2,1,0,0,0,1,0,0,0,1,1,5,8,6,4,0,5,1,4,0,5,5,10,918,14,69,-286,-48,297,442,113,Austin,2021-01-25
2022,1,25,74,155,34,17,4,20,5,5,22,24,32,56,45,78,29,4,3,8,1,1,18,11,20,31,19,62,2,12,1,9,4,3,3,10,10,20,0,4,2,0,0,0,0,0,1,0,1,1,10,11,1,1,0,3,0,1,0,3,1,4,865,15,61,-285,-47,266,427,127,Austin,2022-01-25
2023,1,25,72,136,61,11,2,12,12,4,42,14,58,72,42,76,40,0,1,5,6,2,21,6,29,35,23,48,15,10,1,7,6,2,20,8,28,36,1,1,0,0,0,0,0,0,1,0,1,1,6,11,6,1,0,0,0,0,0,0,0,0,916,16,66,-284,-46,293,431,112,Austin,2023-01-25
2024,1,25,75,177,57,17,4,19,10,9,27,23,46,69,42,84,29,2,3,8,3,6,18,11,27,38,26,78,19,13,1,9,6,2,7,10,15,25,1,1,1,0,0,0,1,0,1,0,2,2,6,14,8,2,0,2,0,1,1,2,2,4,1005,12,86,-283,-45,292,545,115,Austin,2024-01-25
2012,2,25,,,,,,,,,,,,,,,,,,,,,,,,,,,,,,,,,,,,,,,,,,,,,,,,,,,,,,,,,,,,,,,,,,,,,Austin,2012-02-25
2013,2,25,,,,,,,,,,,,,,,,,,,,,,,,,,,,,,,,,,,,,,,,,,,,,,,,,,,,,,,,,,,,,,,,,,,,,Austin,2013-02-25
2014,2,25,87,110,91,6,4,20,24,15,16,24,55,79,49,68,65,2,1,11,12,8,9,12,29,41,29,34,16,4,1,8,11,4,6,9,21,30,0,2,2,0,0,0,0,0,1,0,1,1,9,6,8,0,2,1,1,3,0,3,4,7,1439,19,107,-250,-12,389,724,104,Austin,2014-02-25
2015,2,25,81,99,97,2,2,11,17,18,17,13,52,65,47,51,73,2,1,7,9,9,14,8,32,40,26,40,14,0,1,2,7,6,2,3,15,18,1,0,4,0,0,0,0,0,1,0,1,1,7,8,6,0,0,2,1,3,0,2,4,6,1532,19,93,-249,-11,400,774,109,Austin,2015-02-25
2016,2,25,105,109,99,5,3,19,26,12,16,22,54,76,61,60,70,3,1,7,17,7,12,8,36,44,37,44,16,2,1,11,6,2,4,12,12,24,0,0,5,0,0,0,0,0,0,0,0,0,7,5,8,0,1,1,3,3,0,2,6,8,1656,18,109,-255,-17,417,821,125,Austin,2016-02-25
2017,2,25,117,117,92,4,3,32,14,18,12,35,44,79,66,58,55,1,0,12,6,11,5,12,22,34,41,50,27,2,3,17,8,4,5,20,17,37,0,1,1,0,0,0,0,0,1,0,1,1,10,8,9,1,0,3,0,3,1,3,4,7,1501,16,104,-253,-15,353,843,145,Austin,2017-02-25
2018,2,25,96,104,53,13,5,20,11,18,16,25,45,70,36,45,39,3,0,5,8,8,9,5,25,30,51,53,13,7,4,14,3,7,7,18,17,35,2,0,0,0,1,0,0,0,0,1,0,1,7,6,1,3,0,1,0,3,0,1,3,4,1272,12,81,-252,-14,301,695,111,Austin,2018-02-25
2019,2,25,101,120,73,7,3,13,30,15,21,16,66,82,66,67,54,2,1,5,22,12,13,6,47,53,31,45,13,5,2,6,8,2,6,8,16,24,1,2,3,0,0,0,0,0,0,0,0,0,3,6,3,0,0,2,0,1,2,2,3,5,1408,24,100,-251,-13,371,746,133,Austin,2019-02-25
2020,2,25,103,142,103,4,4,18,33,14,14,22,61,83,55,76,80,0,1,13,18,10,12,14,40,54,39,53,19,4,3,5,14,4,2,8,20,28,1,1,0,0,0,0,0,0,0,0,0,0,8,12,4,0,0,0,1,0,0,0,1,1,1492,21,88,-250,-12,408,754,160,Austin,2020-02-25
2021,2,25,91,150,42,12,0,28,6,4,17,28,27,55,47,85,31,3,0,14,1,1,14,14,16,30,35,56,7,9,0,11,3,2,3,11,8,19,1,0,2,0,0,0,0,0,0,0,0,0,8,9,2,0,0,3,2,1,0,3,3,6,946,8,78,-255,-17,301,471,120,Austin,2021-02-25
2022,2,25,62,133,38,13,1,14,13,10,19,15,42,57,34,83,23,1,0,8,5,6,12,8,23,31,25,44,12,11,1,5,7,2,5,6,14,20,0,1,0,0,0,0,0,0,0,0,0,0,3,5,3,1,0,1,1,2,2,1,5,6,916,9,53,-254,-16,278,468,99,Austin,2022-02-25
2023,2,25,87,162,43,23,3,18,12,4,30,21,46,67,50,98,24,3,1,9,6,2,22,10,30,40,32,51,15,20,2,8,6,1,7,10,14,24,0,3,1,0,0,0,0,0,1,0,1,1,5,10,3,0,0,1,0,1,0,1,1,2,995,15,60,-253,-15,292,506,130,Austin,2023-02-25
2024,2,25,94,162,50,24,3,30,7,8,27,33,42,75,43,78,32,4,1,12,3,3,21,13,27,40,43,70,12,17,1,12,4,4,5,13,13,26,2,3,0,0,0,0,0,0,0,0,0,0,6,11,6,3,1,6,0,1,1,7,2,9,1012,7,79,-252,-14,290,501,163,Austin,2024-02-25
2012,3,25,,,,,,,,,,,,,,,,,,,,,,,,,,,,,,,,,,,,,,,,,,,,,,,,,,,,,,,,,,,,,,,,,,,,,Austin,2012-03-25
2013,3,25,,,,,,,,,,,,,,,,,,,,,,,,,,,,,,,,,,,,,,,,,,,,,,,,,,,,,,,,,,,,,,,,,,,,,Austin,2013-03-25
2014,3,25,101,121,88,4,1,21,21,20,19,22,60,82,63,68,75,0,0,8,13,15,13,8,41,49,28,42,8,4,1,9,6,4,5,10,15,25,1,0,1,0,0,1,0,1,0,1,1,2,9,11,4,0,0,3,2,0,1,3,3,6,1689,27,123,-222,16,407,787,127,Austin,2014-03-25
2015,3,25,104,139,88,5,3,23,19,13,12,26,44,70,51,89,71,2,3,15,11,9,8,18,28,46,38,42,10,3,0,6,7,3,3,6,13,19,1,0,1,0,0,0,0,0,0,0,0,0,14,8,6,0,0,2,1,1,1,2,3,5,1547,26,98,-221,17,390,805,147,Austin,2015-03-25
2016,3,25,127,156,114,11,2,14,25,9,15,16,49,65,73,86,83,6,0,6,14,7,11,6,32,38,45,55,21,5,2,7,8,1,2,9,11,20,1,2,3,0,0,0,0,0,0,0,0,0,8,13,7,0,0,1,3,1,2,1,6,7,1699,16,126,-226,12,372,898,174,Austin,2016-03-25
2017,3,25,132,137,94,11,7,31,25,16,10,38,51,89,58,74,71,0,2,17,20,11,4,19,35,54,60,56,18,9,5,12,3,4,4,17,11,28,1,0,0,0,0,0,0,0,0,0,0,0,13,7,5,2,0,2,2,1,2,2,5,7,1609,19,118,-225,13,408,883,153,Austin,2017-03-25
2018,3,25,111,112,70,15,2,21,13,13,15,23,41,64,60,61,50,5,0,10,10,11,8,10,29,39,45,41,13,8,2,8,3,1,6,10,10,20,0,1,1,0,0,1,0,0,0,1,0,1,6,9,6,2,0,2,0,1,1,2,2,4,1280,12,78,-224,14,301,763,133,Austin,2018-03-25
2019,3,25,113,146,93,5,2,13,19,21,13,15,53,68,77,84,70,1,0,8,13,17,8,8,38,46,32,51,13,3,1,3,5,2,3,4,10,14,0,1,4,1,0,0,1,0,0,0,1,1,4,10,6,0,1,2,0,2,2,3,4,7,1494,27,101,-223,15,387,813,134,Austin,2019-03-25
2020,3,25,91,148,16,7,3,17,11,6,32,20,49,69,50,90,13,3,1,10,7,3,20,11,30,41,35,45,2,4,2,5,4,3,11,7,18,25,0,1,0,0,0,0,0,0,0,0,0,0,6,12,1,0,0,2,0,0,1,2,1,3,930,10,66,-221,17,290,488,95,Austin,2020-03-25
2021,3,25,101,193,51,9,3,20,7,4,21,23,32,55,54,108,31,1,2,9,4,3,17,11,24,35,37,68,15,7,1,10,2,1,2,11,5,16,0,1,0,0,0,0,1,0,0,0,1,1,10,16,5,1,0,1,0,0,2,1,2,3,1125,13,82,-227,11,324,573,170,Austin,2021-03-25
2022,3,25,82,148,66,15,3,16,12,4,27,19,43,62,45,88,46,4,2,9,4,2,23,11,29,40,29,50,14,9,0,6,7,2,3,6,12,18,0,3,1,1,0,0,1,0,0,0,1,1,8,7,5,1,1,1,0,0,1,2,1,3,1111,22,73,-226,12,292,596,145,Austin,2022-03-25
2023,3,25,99,166,72,29,3,19,12,3,23,22,38,60,54,81,51,5,2,9,3,2,16,11,21,32,38,66,21,22,1,8,9,0,5,9,14,23,0,0,0,0,0,0,0,0,0,0,0,0,7,19,0,2,0,2,0,1,2,2,3,5,1059,7,79,-225,13,285,564,172,Austin,2023-03-25
2024,3,25,101,176,68,12,4,18,8,8,40,22,56,78,67,104,57,4,2,8,4,4,34,10,42,52,30,60,6,5,1,9,4,2,4,10,10,20,0,2,2,0,0,0,0,0,1,0,1,1,4,10,3,3,1,1,0,2,1,2,3,5,1114,16,71,-223,15,290,634,121,Austin,2024-03-25
2012,4,25,,,,,,,,,,,,,,,,,,,,,,,,,,,,,,,,,,,,,,,,,,,,,,,,,,,,,,,,,,,,,,,,,,,,,Austin,2012-04-25
2013,4,25,,,,,,,,,,,,,,,,,,,,,,,,,,,,,,,,,,,,,,,,,,,,,,,,,,,,,,,,,,,,,,,,,,,,,Austin,2013-04-25
2014,4,25,133,122,95,3,2,21,31,19,5,23,55,78,63,78,73,0,1,13,26,17,3,14,46,60,57,33,17,3,1,4,4,2,2,5,8,13,0,0,2,0,0,1,0,0,0,1,0,1,13,11,3,0,0,3,1,0,0,3,1,4,1884,19,140,-191,47,422,928,136,Austin,2014-04-25
2015,4,25,118,136,79,9,3,24,12,25,19,27,56,83,66,72,59,3,2,14,6,18,15,16,39,55,40,54,13,4,1,9,6,4,2,10,12,22,0,1,0,0,0,0,0,0,0,0,0,0,12,9,7,2,0,1,0,3,2,1,5,6,1590,10,133,-190,48,360,867,173,Austin,2015-04-25
2016,4,25,102,143,63,9,3,29,30,17,18,32,65,97,65,81,57,2,0,12,22,14,13,12,49,61,24,47,5,3,3,14,7,2,4,17,13,30,1,2,0,0,0,0,0,0,0,0,0,0,12,13,1,4,0,3,1,1,1,3,3,6,1500,17,104,-195,43,426,787,132,Austin,2016-04-25
2017,4,25,112,168,82,8,5,16,14,17,26,21,57,78,67,105,73,2,4,10,10,15,21,14,46,60,30,52,2,4,1,6,3,2,3,7,8,15,1,0,3,0,0,0,0,0,0,0,0,0,14,11,4,2,0,0,1,0,2,0,3,3,1814,15,147,-194,44,453,884,153,Austin,2017-04-25
2018,4,25,92,124,120,7,1,29,20,17,16,30,53,83,62,75,109,3,1,18,15,11,11,19,37,56,25,41,4,3,0,11,4,5,3,11,12,23,0,2,1,0,0,0,0,0,0,0,0,0,5,6,6,1,0,0,1,1,2,0,4,4,1472,15,86,-193,45,408,735,149,Austin,2018-04-25
2019,4,25,93,134,80,7,8,18,14,16,23,26,53,79,62,77,70,4,4,14,11,13,16,18,40,58,23,39,8,3,4,4,3,3,5,8,11,19,0,1,1,0,0,0,0,0,1,0,1,1,8,17,1,0,0,0,0,0,1,0,1,1,1452,20,94,-192,46,368,818,147,Austin,2019-04-25
2020,4,25,129,143,31,28,6,24,14,9,27,30,50,80,65,66,23,8,4,12,4,7,16,16,27,43,49,59,4,17,2,10,8,0,11,12,19,31,0,0,0,0,0,0,1,0,0,0,1,1,15,18,4,3,0,2,1,2,0,2,3,5,1018,9,90,-190,48,291,537,138,Austin,2020-04-25
2021,4,25,116,134,62,19,3,26,8,5,16,29,29,58,61,74,43,3,1,14,4,3,12,15,19,34,39,51,17,12,1,12,4,2,3,13,9,22,1,1,0,1,0,0,0,0,0,0,0,0,15,8,2,3,1,0,0,0,1,1,1,2,988,9,78,-196,42,287,502,153,Austin,2021-04-25
2022,4,25,91,151,76,22,2,12,10,10,28,14,48,62,53,90,69,8,1,7,5,6,20,8,31,39,26,53,6,14,1,4,5,3,3,5,11,16,1,3,1,0,0,0,0,0,2,0,2,2,11,5,0,0,0,1,0,1,3,1,4,5,981,15,55,-195,43,282,514,135,Austin,2022-04-25
2023,4,25,93,137,68,12,6,16,8,9,17,22,34,56,63,85,54,3,2,10,5,7,10,12,22,34,25,43,5,9,3,5,1,2,6,8,9,17,0,2,3,0,0,0,0,0,0,0,0,0,5,7,6,0,1,1,2,0,1,2,3,5,1012,12,65,-194,44,305,549,102,Austin,2023-04-25
2024,4,25,81,166,59,9,4,16,14,8,24,20,46,66,55,86,47,3,1,8,4,4,18,9,26,35,20,58,7,5,2,6,9,3,5,8,17,25,0,6,1,0,0,0,0,0,1,0,1,1,6,16,4,1,1,2,1,1,0,3,2,5,1011,13,79,-192,46,267,532,132,Austin,2024-04-25
2012,5,25,,,,,,,,,,,,,,,,,,,,,,,,,,,,,,,,,,,,,,,,,,,,,,,,,,,,,,,,,,,,,,,,,,,,,Austin,2012-05-25
2013,5,25,,,,,,,,,,,,,,,,,,,,,,,,,,,,,,,,,,,,,,,,,,,,,,,,,,,,,,,,,,,,,,,,,,,,,Austin,2013-05-25
2014,5,25,140,115,37,2,3,35,16,18,16,38,50,88,64,59,27,1,1,9,9,12,10,10,31,41,60,47,7,1,0,21,6,4,5,21,15,36,0,1,0,0,0,0,0,0,1,0,1,1,16,8,3,0,2,5,1,2,0,7,3,10,1651,12,142,-161,77,399,786,171,Austin,2014-05-25
2015,5,25,99,104,47,14,4,17,19,11,12,21,42,63,54,52,38,5,3,1,8,9,11,4,28,32,39,41,8,6,1,14,9,1,1,15,11,26,1,2,0,0,0,0,0,0,0,0,0,0,5,9,1,3,0,2,2,1,0,2,3,5,1587,10,116,-160,78,322,924,135,Austin,2015-05-25
2016,5,25,110,163,77,3,2,21,16,21,16,23,53,76,76,109,60,0,1,9,9,19,11,10,39,49,22,42,13,3,1,10,6,2,4,11,12,23,0,3,0,0,0,0,0,0,1,0,1,1,12,9,4,0,0,2,1,0,0,2,1,3,1628,18,120,-165,73,389,894,145,Austin,2016-05-25
2017,5,25,109,128,102,7,2,16,22,12,13,18,47,65,74,70,85,2,1,9,11,9,7,10,27,37,22,41,7,3,1,5,9,1,2,6,12,18,1,0,3,1,0,0,0,0,1,0,1,1,12,17,7,1,0,2,2,2,3,2,7,9,1682,23,151,-164,74,438,890,131,Austin,2017-05-25
2018,5,25,104,131,120,3,1,26,22,15,9,27,46,73,62,89,99,0,1,13,17,8,7,14,32,46,33,30,16,1,0,11,5,5,1,11,11,22,0,2,0,1,0,1,0,0,0,1,0,1,9,10,5,1,0,1,0,2,1,1,3,4,1646,20,123,-163,75,436,917,148,Austin,2018-05-25
2019,5,25,130,156,79,10,3,22,24,16,17,25,57,82,78,84,52,2,2,10,16,13,11,12,40,52,39,50,19,8,1,8,7,1,5,9,13,22,3,0,1,0,0,0,0,0,0,0,0,0,10,22,7,0,0,4,1,2,1,4,4,8,1530,16,139,-162,76,361,871,172,Austin,2019-05-25
2020,5,25,107,142,37,12,9,24,29,12,27,33,68,101,63,90,31,5,5,12,21,6,23,17,50,67,32,40,6,4,1,8,8,3,3,9,14,23,0,1,0,0,0,0,0,1,0,0,1,1,12,11,0,3,3,4,0,2,1,7,3,10,1244,17,119,-160,78,333,620,145,Austin,2020-05-25
2021,5,25,104,146,47,19,1,21,14,9,25,22,48,70,62,97,42,7,1,10,13,7,19,11,39,50,34,36,2,10,0,5,1,1,6,5,8,13,0,3,0,0,0,0,0,0,0,0,0,0,8,10,3,2,0,6,0,1,0,6,1,7,1035,17,82,-166,72,315,538,136,Austin,2021-05-25
2022,5,25,88,161,72,20,3,18,14,14,22,21,50,71,71,95,58,12,1,13,8,9,20,14,37,51,10,52,9,4,1,3,5,4,2,4,11,15,3,1,0,0,0,0,0,0,0,0,0,0,4,13,5,4,1,2,1,1,0,3,2,5,1096,18,70,-165,73,272,628,150,Austin,2022-05-25
2023,5,25,109,169,57,24,4,23,7,12,46,27,65,92,72,121,46,10,3,15,2,11,34,18,47,65,28,35,6,10,1,7,5,1,9,8,15,23,2,1,0,1,0,1,0,0,0,1,0,1,7,12,5,3,0,0,0,0,3,0,3,3,1149,11,91,-164,74,334,573,164,Austin,2023-05-25
2024,5,25,123,158,62,25,3,27,5,9,15,30,29,59,64,106,45,7,0,16,2,5,11,16,18,34,46,35,15,13,1,9,3,3,2,10,8,18,1,4,0,0,0,0,0,0,0,0,0,0,12,13,2,5,2,2,0,1,2,4,3,7,1118,15,100,-162,76,294,634,144,Austin,2024-05-25
2012,6,25,,,,,,,,,,,,,,,,,,,,,,,,,,,,,,,,,,,,,,,,,,,,,,,,,,,,,,,,,,,,,,,,,,,,,Austin,2012-06-25
2013,6,25,,,,,,,,,,,,,,,,,,,,,,,,,,,,,,,,,,,,,,,,,,,,,,,,,,,,,,,,,,,,,,,,,,,,,Austin,2013-06-25
2014,6,25,114,104,89,6,5,18,23,25,16,23,64,87,73,70,80,2,1,12,14,17,11,13,42,55,25,27,4,3,2,5,7,7,4,7,18,25,1,1,0,0,0,0,0,0,0,0,0,0,15,6,5,1,2,1,2,1,1,3,4,7,1550,23,124,-130,108,414,807,112,Austin,2014-06-25
2015,6,25,106,125,103,4,1,19,18,19,10,20,47,67,68,79,88,2,0,6,12,18,9,6,39,45,26,35,9,2,1,9,4,1,1,10,6,16,0,2,1,0,0,0,0,0,0,0,0,0,12,9,5,0,0,4,2,0,0,4,2,6,1736,13,164,-129,109,402,907,130,Austin,2015-06-25
2016,6,25,126,138,88,12,5,31,19,7,16,36,42,78,72,82,65,4,1,16,10,4,12,17,26,43,40,39,18,6,4,12,6,1,4,16,11,27,2,1,0,0,0,0,0,0,0,0,0,0,12,16,5,2,0,3,3,2,0,3,5,8,1442,14,147,-134,104,367,810,138,Austin,2016-06-25
2017,6,25,130,130,57,9,7,26,11,7,12,33,30,63,87,67,31,4,4,8,5,3,8,12,16,28,35,53,24,4,3,11,3,2,3,14,8,22,1,0,0,0,0,1,0,0,0,1,0,1,7,10,2,1,0,6,3,2,1,6,6,12,1401,13,118,-133,105,348,769,147,Austin,2017-06-25
2018,6,25,109,134,76,8,7,30,21,16,18,37,55,92,73,85,68,3,5,21,16,12,15,26,43,69,29,39,6,4,1,7,5,3,1,8,9,17,0,2,0,0,1,0,0,0,0,1,0,1,7,8,2,1,0,2,0,1,2,2,3,5,1536,13,130,-132,106,356,848,150,Austin,2018-06-25
2019,6,25,94,151,102,6,2,22,23,18,16,24,57,81,67,96,92,4,1,11,16,10,10,12,36,48,19,35,8,2,0,8,4,3,4,8,11,19,0,2,1,0,0,0,0,0,0,0,0,0,8,18,1,0,1,3,3,5,2,4,10,14,1450,13,110,-131,107,428,737,128,Austin,2019-06-25
2020,6,25,93,142,41,13,5,32,10,10,14,37,34,71,60,95,31,4,3,15,6,3,13,18,22,40,22,35,3,5,1,16,3,4,1,17,8,25,0,4,0,0,0,0,0,0,0,0,0,0,11,8,7,4,1,1,1,3,0,2,4,6,968,21,81,-129,109,292,488,143,Austin,2020-06-25
2021,6,25,118,196,62,15,3,22,14,9,35,25,58,83,76,127,48,1,2,13,11,7,30,15,48,63,27,56,10,8,0,4,2,0,2,4,4,8,2,2,1,1,0,0,0,1,1,0,2,2,13,11,3,5,1,5,1,1,2,6,4,10,1191,15,94,-135,103,338,594,199,Austin,2021-06-25
2022,6,25,95,149,78,33,6,26,11,8,36,32,55,87,63,88,53,7,1,15,6,6,27,16,39,55,26,50,20,21,4,9,4,2,6,13,12,25,1,3,0,0,0,0,1,0,1,0,2,2,5,8,5,5,1,2,0,0,2,3,2,5,1037,14,82,-134,104,275,530,202,Austin,2022-06-25
2023,6,25,109,152,44,28,3,27,8,7,20,30,35,65,60,93,27,10,3,10,4,4,15,13,23,36,38,46,15,18,0,16,3,2,2,16,7,23,0,1,0,0,0,0,0,0,0,0,0,0,11,12,2,0,0,1,1,1,3,1,5,6,1034,7,84,-133,105,286,516,139,Austin,2023-06-25
2024,6,25,86,148,56,15,0,20,4,14,28,20,46,66,55,100,40,7,0,13,2,12,23,13,37,50,21,40,7,4,0,5,2,2,1,5,5,10,0,0,1,0,0,0,0,0,2,0,2,2,10,8,8,4,0,2,0,0,2,2,2,4,1038,10,95,-131,107,277,571,131,Austin,2024-06-25
2012,7,25,,,,,,,,,,,,,,,,,,,,,,,,,,,,,,,,,,,,,,,,,,,,,,,,,,,,,,,,,,,,,,,,,,,,,Austin,2012-07-25
2013,7,25,,,,,,,,,,,,,,,,,,,,,,,,,,,,,,,,,,,,,,,,,,,,,,,,,,,,,,,,,,,,,,,,,,,,,Austin,2013-07-25
2014,7,25,108,134,71,1,3,29,22,24,19,32,65,97,57,78,57,1,1,17,16,20,13,18,49,67,34,44,5,0,2,10,5,2,4,12,11,23,1,0,1,0,0,0,0,0,1,0,1,1,16,12,8,0,0,2,1,2,1,2,4,6,1712,21,174,-100,138,405,884,128,Austin,2014-07-25
2015,7,25,111,137,76,7,1,25,22,21,21,26,64,90,65,64,46,1,0,10,12,16,18,10,46,56,32,59,22,4,1,12,6,3,3,13,12,25,0,2,0,0,0,0,0,0,0,0,0,0,14,12,8,2,0,3,4,2,0,3,6,9,1650,7,162,-99,139,380,908,153,Austin,2015-07-25
2016,7,25,107,153,109,13,1,24,16,17,18,25,51,76,66,96,85,3,1,8,9,11,16,9,36,45,30,42,14,6,0,12,3,2,1,12,6,18,2,1,2,0,0,0,0,0,0,0,0,0,9,14,8,4,0,4,4,4,1,4,9,13,1572,13,137,-104,134,423,882,131,Austin,2016-07-25
2017,7,25,118,131,91,11,0,21,20,15,15,21,50,71,74,90,78,5,0,11,17,12,13,11,42,53,30,34,7,5,0,8,1,1,2,8,4,12,1,2,1,0,0,0,1,1,0,0,2,2,13,5,5,1,0,2,1,1,0,2,2,4,1620,17,135,-103,135,425,820,137,Austin,2017-07-25
2018,7,25,102,137,73,4,0,25,25,18,20,25,63,88,65,88,61,2,0,15,16,16,14,15,46,61,26,36,6,2,0,9,7,2,5,9,14,23,1,0,1,0,0,0,2,0,1,0,3,3,10,13,5,0,0,1,0,0,0,1,0,1,1426,17,101,-102,136,377,745,144,Austin,2018-07-25
2019,7,25,92,137,103,9,1,23,23,15,30,24,68,92,64,76,78,1,1,15,16,10,23,16,49,65,21,49,16,7,0,5,5,5,5,5,15,20,0,2,1,0,0,1,0,0,1,1,1,2,7,10,8,1,0,2,2,0,1,2,3,5,1437,17,90,-101,137,391,717,124,Austin,2019-07-25
2020,7,25,82,148,61,20,3,22,14,10,23,25,47,72,51,79,52,6,2,10,10,8,17,12,35,47,23,48,7,10,1,9,4,2,4,10,10,20,2,2,0,0,0,0,0,0,0,0,0,0,6,19,2,4,0,3,0,0,2,3,2,5,993,11,88,-99,139,295,533,141,Austin,2020-07-25
2021,7,25,124,130,59,19,4,35,9,11,9,39,29,68,71,71,37,4,2,18,4,8,5,20,17,37,39,41,15,13,1,15,5,2,4,16,11,27,0,3,0,0,0,0,0,1,0,0,1,1,14,15,7,2,1,2,0,0,0,3,0,3,1026,13,93,-105,133,297,545,144,Austin,2021-07-25
2022,7,25,76,160,44,8,1,21,10,10,45,22,65,87,55,93,39,3,1,5,6,6,36,6,48,54,15,52,4,4,0,15,3,3,7,15,13,28,1,3,0,0,0,0,0,1,0,0,1,1,5,12,1,1,0,1,1,0,2,1,3,4,985,12,75,-104,134,294,509,131,Austin,2022-07-25
2023,7,25,91,172,56,15,3,23,7,10,28,26,45,71,69,120,49,4,2,12,1,8,25,14,34,48,18,37,1,9,0,7,5,1,2,7,8,15,1,2,2,0,0,1,0,0,0,1,0,1,3,13,4,2,1,3,1,1,1,4,3,7,966,14,71,-103,135,291,508,100,Austin,2023-07-25
2024,7,25,82,188,55,15,4,18,7,12,35,22,54,76,50,124,43,3,2,12,3,9,28,14,40,54,23,51,9,10,2,4,3,3,4,6,10,16,1,2,1,0,0,0,0,0,3,0,3,3,8,11,2,2,0,2,1,0,0,2,1,3,986,13,73,-101,137,275,530,132,Austin,2024-07-25
2012,8,25,,,,,,,,,,,,,,,,,,,,,,,,,,,,,,,,,,,,,,,,,,,,,,,,,,,,,,,,,,,,,,,,,,,,,Austin,2012-08-25
2013,8,25,,,,,,,,,,,,,,,,,,,,,,,,,,,,,,,,,,,,,,,,,,,,,,,,,,,,,,,,,,,,,,,,,,,,,Austin,2013-08-25
2014,8,25,102,134,88,8,2,12,20,16,21,14,57,71,71,71,75,0,1,7,12,14,12,8,38,46,23,54,6,8,1,4,6,2,8,5,16,21,0,1,0,0,0,0,0,0,0,0,0,0,8,8,7,0,0,1,2,0,1,1,3,4,1676,25,100,-69,169,411,775,132,Austin,2014-08-25
2015,8,25,105,129,81,1,3,29,24,20,16,32,60,92,69,76,68,0,1,15,18,15,11,16,44,60,26,39,10,1,2,11,5,5,3,13,13,26,0,1,0,0,0,0,0,0,1,0,1,1,10,13,3,0,0,3,1,0,1,3,2,5,1720,24,113,-68,170,397,860,135,Austin,2015-08-25
2016,8,25,104,156,79,4,3,22,26,14,13,25,53,78,72,87,65,0,0,12,17,11,11,12,39,51,23,57,8,4,3,5,6,2,2,8,10,18,1,0,4,0,0,0,0,0,0,0,0,0,8,12,2,0,0,5,3,1,0,5,4,9,1779,19,110,-73,165,417,1003,144,Austin,2016-08-25
2017,8,25,99,117,89,6,1,29,15,9,13,30,37,67,63,78,75,3,1,13,12,4,12,14,28,42,29,30,11,2,0,11,1,4,1,11,6,17,0,2,0,0,0,2,1,0,0,2,1,3,7,7,3,1,0,3,1,1,0,3,2,5,1418,22,94,-72,166,349,801,124,Austin,2017-08-25
2018,8,25,100,140,67,11,15,28,24,15,18,43,57,100,56,76,46,3,8,18,17,10,13,26,40,66,34,50,16,7,6,10,6,4,3,16,13,29,0,1,0,0,0,0,0,0,0,0,0,0,10,13,5,1,1,0,1,1,2,1,4,5,1412,12,112,-71,167,352,750,165,Austin,2018-08-25
2019,8,25,116,144,64,15,4,29,27,20,21,33,68,101,57,73,40,3,3,14,14,14,14,17,42,59,50,58,16,12,0,13,10,5,6,13,21,34,0,1,0,0,0,1,0,0,1,1,1,2,9,12,8,0,1,1,3,1,0,2,4,6,1261,11,102,-70,168,363,658,129,Austin,2019-08-25
2020,8,25,83,155,42,15,5,19,17,12,26,24,55,79,57,96,33,1,0,9,6,8,20,9,34,43,18,43,7,13,5,7,9,2,6,12,17,29,0,1,0,0,0,0,0,0,0,0,0,0,8,15,2,1,0,3,2,2,0,3,4,7,1082,11,87,-68,170,339,549,115,Austin,2020-08-25
2021,8,25,87,158,48,15,3,18,6,5,33,21,44,65,67,104,40,7,2,12,5,3,27,14,35,49,13,43,5,6,1,4,1,2,4,5,7,12,1,0,0,0,0,0,0,0,0,0,0,0,6,11,3,2,0,2,0,0,2,2,2,4,963,5,78,-74,164,299,469,145,Austin,2021-08-25
2022,8,25,88,173,60,16,2,34,13,9,31,36,53,89,54,111,49,7,2,18,7,8,24,20,39,59,25,50,9,8,0,11,6,1,6,11,13,24,0,2,0,0,0,0,0,0,0,0,0,0,9,10,2,1,0,5,0,0,1,5,1,6,1012,7,70,-73,165,322,487,153,Austin,2022-08-25
2023,8,25,110,196,63,15,4,18,17,6,31,22,54,76,71,113,46,7,3,14,10,5,23,17,38,55,24,61,13,7,1,3,5,1,3,4,9,13,1,2,0,0,0,0,0,0,1,0,1,1,14,20,4,1,0,1,2,0,4,1,6,7,1153,15,87,-72,166,328,618,134,Austin,2023-08-25
2024,8,25,98,153,57,30,1,27,8,13,31,28,52,80,55,97,33,9,0,11,4,10,22,11,36,47,38,49,19,18,0,14,3,2,6,14,11,25,0,1,0,0,0,0,0,0,0,0,0,0,5,6,5,3,1,2,1,1,3,3,5,8,1093,10,77,-70,168,266,614,141,Austin,2024-08-25
2012,9,25,,,,,,,,,,,,,,,,,,,,,,,,,,,,,,,,,,,,,,,,,,,,,,,,,,,,,,,,,,,,,,,,,,,,,Austin,2012-09-25
2013,9,25,,,,,,,,,,,,,,,,,,,,,,,,,,,,,,,,,,,,,,,,,,,,,,,,,,,,,,,,,,,,,,,,,,,,,Austin,2013-09-25
2014,9,25,103,107,95,2,4,26,28,17,18,30,63,93,51,65,77,0,0,7,19,12,12,7,43,50,37,31,11,2,3,16,6,4,5,19,15,34,4,1,2,0,0,0,0,0,1,0,1,1,11,10,5,0,1,3,3,1,0,4,4,8,1675,22,114,-38,200,415,857,126,Austin,2014-09-25
2015,9,25,120,121,114,2,0,24,23,19,18,24,60,84,62,64,84,0,0,10,14,14,12,10,40,50,45,48,13,2,0,12,7,3,4,12,14,26,0,2,5,0,0,0,0,0,0,0,0,0,13,7,12,0,0,2,2,2,2,2,6,8,1721,29,124,-37,201,386,923,151,Austin,2015-09-25
2016,9,25,107,124,69,13,4,19,21,14,17,23,52,75,59,65,39,2,1,8,12,10,11,9,33,42,43,50,23,9,3,8,8,3,5,11,16,27,1,0,0,1,0,1,0,0,0,1,0,1,4,9,7,1,0,2,1,1,1,2,3,5,1396,9,86,-42,196,338,835,138,Austin,2016-09-25
2017,9,25,102,143,88,8,3,19,26,17,11,22,54,76,65,82,61,2,1,9,20,15,8,10,43,53,22,48,17,5,2,10,5,1,3,12,9,21,2,0,4,0,0,0,0,0,0,0,0,0,13,13,6,1,0,0,1,1,0,0,2,2,1537,21,96,-41,197,388,836,130,Austin,2017-09-25
2018,9,25,112,121,71,11,0,25,16,9,23,25,48,73,70,64,51,4,0,7,9,6,18,7,33,40,29,44,12,5,0,16,6,2,3,16,11,27,1,0,3,0,0,0,0,0,0,0,0,0,12,13,5,2,0,2,1,1,2,2,4,6,1452,20,104,-40,198,369,785,148,Austin,2018-09-25
2019,9,25,128,176,85,13,6,20,20,14,25,26,59,85,79,98,66,6,2,8,10,7,18,10,35,45,40,63,12,6,4,8,9,5,7,12,21,33,0,1,1,0,0,2,0,0,0,2,0,2,9,14,6,1,0,2,1,2,0,2,3,5,1418,20,92,-39,199,386,725,154,Austin,2019-09-25
2020,9,25,90,142,68,14,3,15,4,5,31,18,40,58,52,71,54,2,0,6,3,2,18,6,23,29,35,59,9,12,3,9,1,1,12,12,14,26,0,2,0,0,0,0,0,0,0,0,0,0,3,10,5,0,0,0,0,2,1,0,3,3,1100,12,68,-37,201,316,578,124,Austin,2020-09-25
2021,9,25,86,167,67,23,3,16,16,2,26,19,44,63,38,79,39,4,0,7,12,1,15,7,28,35,42,79,22,16,3,9,4,1,7,12,12,24,2,2,1,0,0,0,0,0,2,0,2,2,4,7,5,3,0,0,0,0,2,0,2,2,996,18,51,-43,195,276,538,146,Austin,2021-09-25
2022,9,25,117,132,66,33,5,29,11,11,32,34,54,88,61,70,42,2,3,15,5,6,22,18,33,51,43,51,20,30,2,12,5,4,7,14,16,30,0,0,1,0,0,0,0,0,0,0,0,0,13,11,3,1,0,2,1,1,3,2,5,7,1031,11,75,-42,196,309,516,166,Austin,2022-09-25
2023,9,25,71,188,57,16,3,25,9,6,38,28,53,81,52,112,48,6,0,10,4,5,30,10,39,49,14,59,4,9,2,14,4,1,5,16,10,26,1,3,2,0,0,0,1,0,3,0,4,4,4,14,3,1,1,1,0,0,0,2,0,2,1052,21,78,-41,197,304,544,129,Austin,2023-09-25
2024,9,25,74,163,68,13,1,17,12,10,19,18,41,59,50,97,52,2,1,8,4,7,15,9,26,35,21,51,12,9,0,7,8,2,3,7,13,20,0,1,1,0,0,0,0,0,0,0,0,0,3,14,3,2,0,2,0,1,1,2,2,4,1097,25,78,-39,199,287,603,119,Austin,2024-09-25
2012,10,25,,,,,,,,,,,,,,,,,,,,,,,,,,,,,,,,,,,,,,,,,,,,,,,,,,,,,,,,,,,,,,,,,,,,,Austin,2012-10-25
2013,10,25,,,,,,,,,,,,,,,,,,,,,,,,,,,,,,,,,,,,,,,,,,,,,,,,,,,,,,,,,,,,,,,,,,,,,Austin,2013-10-25
2014,10,25,119,132,80,11,1,28,23,26,14,29,63,92,52,56,50,2,0,9,12,14,8,9,34,43,61,68,23,7,1,19,9,12,5,20,26,46,0,0,0,1,0,0,0,0,1,0,1,1,6,8,7,1,0,0,2,0,0,0,2,2,1653,17,108,-8,230,418,840,167,Austin,2014-10-25
2015,10,25,88,93,54,9,3,21,15,18,12,24,45,69,47,36,27,2,0,10,7,11,8,10,26,36,36,48,26,5,2,9,5,4,4,11,13,24,1,1,0,0,0,0,0,0,0,0,0,0,4,8,1,2,1,2,3,3,0,3,6,9,1248,11,91,-7,231,309,721,96,Austin,2015-10-25
2016,10,25,104,123,84,3,2,16,24,14,19,18,57,75,51,62,61,0,0,7,15,7,13,7,35,42,45,56,14,3,2,7,7,2,3,9,12,21,1,1,2,0,0,0,1,0,1,0,2,2,7,4,7,0,0,2,1,5,2,2,8,10,1541,15,102,-12,226,409,784,131,Austin,2016-10-25
2017,10,25,115,139,112,7,5,16,21,7,16,21,44,65,68,73,85,0,3,11,12,3,8,14,23,37,33,59,14,6,2,5,7,2,6,7,15,22,0,2,2,0,0,0,0,0,0,0,0,0,14,5,11,1,0,0,2,2,2,0,6,6,1435,17,95,-11,227,365,747,141,Austin,2017-10-25
2018,10,25,83,113,102,8,1,16,26,13,18,17,57,74,41,55,66,3,0,13,16,7,15,13,38,51,31,44,26,4,1,2,8,4,2,3,14,17,2,4,3,0,0,0,1,0,0,0,1,1,9,10,7,1,0,1,1,2,1,1,4,5,1417,28,94,-10,228,363,806,120,Austin,2018-10-25
2019,10,25,76,170,112,5,3,24,19,11,22,27,52,79,40,74,64,1,2,6,10,9,11,8,30,38,27,70,37,4,1,15,8,1,9,16,18,34,0,5,5,0,0,0,1,0,1,0,2,2,9,21,6,0,0,3,0,1,1,3,2,5,1520,33,101,-9,229,361,877,162,Austin,2019-10-25
2020,10,25,94,137,47,24,8,31,8,11,21,39,40,79,47,65,29,4,4,12,3,6,9,16,18,34,39,58,15,17,4,18,5,4,8,22,17,39,0,1,0,0,0,0,0,0,0,0,0,0,8,13,3,3,0,1,0,1,4,1,5,6,1006,8,78,-7,231,302,502,142,Austin,2020-10-25
2021,10,25,83,144,57,8,3,20,8,8,25,23,41,64,48,67,37,1,2,9,3,8,20,11,31,42,31,63,15,6,1,9,5,0,3,10,8,18,0,3,0,1,0,0,0,0,1,0,1,1,4,11,5,0,0,2,0,0,1,2,1,3,905,14,59,-13,225,253,475,143,Austin,2021-10-25
2022,10,25,78,167,79,18,3,21,7,9,28,24,44,68,42,78,60,2,2,8,3,5,20,10,28,38,30,73,10,16,1,13,4,1,7,14,12,26,0,3,3,0,0,0,0,0,0,0,0,0,6,13,6,0,0,0,0,3,1,0,4,4,999,15,65,-12,226,283,554,120,Austin,2022-10-25
2023,10,25,88,198,61,15,9,19,12,8,33,28,53,81,50,132,42,5,4,11,1,4,24,15,29,44,31,59,15,9,3,7,11,4,7,10,22,32,1,2,0,0,0,0,0,0,1,0,1,1,6,5,4,1,2,1,0,0,1,3,1,4,1058,10,55,-11,227,312,519,151,Austin,2023-10-25
2024,10,25,99,150,84,15,1,17,8,9,27,18,44,62,49,73,55,3,1,10,3,6,15,11,24,35,42,64,18,12,0,6,5,3,9,6,17,23,2,3,2,0,0,0,0,0,0,0,0,0,6,10,9,0,0,1,0,0,3,1,3,4,1016,17,64,-9,229,264,535,151,Austin,2024-10-25
2012,11,25,,,,,,,,,,,,,,,,,,,,,,,,,,,,,,,,,,,,,,,,,,,,,,,,,,,,,,,,,,,,,,,,,,,,,Austin,2012-11-25
2013,11,25,,,,,,,,,,,,,,,,,,,,,,,,,,,,,,,,,,,,,,,,,,,,,,,,,,,,,,,,,,,,,,,,,,,,,Austin,2013-11-25
2014,11,25,91,107,79,1,4,19,32,12,11,23,55,78,46,52,50,0,2,9,23,11,8,11,42,53,32,46,17,1,2,8,3,1,3,10,7,17,2,0,0,0,0,0,0,0,0,0,0,0,11,9,12,0,0,2,6,0,0,2,6,8,1590,19,110,23,261,377,753,121,Austin,2014-11-25
2015,11,25,100,132,74,4,3,22,20,15,23,25,58,83,49,60,51,0,0,10,9,7,13,10,29,39,45,63,15,4,3,10,8,5,6,13,19,32,1,1,1,0,0,0,1,0,0,0,1,1,5,8,7,0,0,2,2,3,4,2,9,11,1426,20,90,24,262,343,715,131,Austin,2015-11-25
2016,11,25,99,119,58,13,3,16,19,16,16,19,51,70,37,56,33,4,0,6,11,11,11,6,33,39,49,50,14,8,2,7,8,3,5,9,16,25,1,0,2,0,1,1,0,0,0,2,0,2,12,13,9,1,0,2,0,2,0,2,2,4,1440,11,102,19,257,335,803,104,Austin,2016-11-25
2017,11,25,101,106,45,8,3,19,16,11,14,22,41,63,41,43,25,2,1,7,7,6,8,8,21,29,50,54,16,6,2,11,5,4,5,13,14,27,1,0,0,0,0,0,0,1,0,0,1,1,9,9,4,0,0,1,4,0,1,1,5,6,1267,13,119,20,258,281,708,133,Austin,2017-11-25
2018,11,25,93,94,40,9,1,25,24,21,12,26,57,83,39,46,25,3,0,7,17,10,6,7,33,40,48,43,12,6,1,17,5,11,4,18,20,38,0,1,0,0,0,0,1,0,0,0,1,1,6,4,3,0,0,1,1,0,2,1,3,4,1141,15,70,21,259,320,599,112,Austin,2018-11-25
2019,11,25,128,162,85,17,6,17,30,15,19,23,64,87,71,64,53,2,0,6,22,12,8,6,42,48,43,82,19,15,5,9,6,3,11,14,20,34,0,3,0,0,0,1,0,0,0,1,0,1,14,13,13,0,1,1,2,0,0,2,2,4,1464,15,119,22,260,400,769,168,Austin,2019-11-25
2020,11,25,84,139,52,13,3,21,6,10,34,24,50,74,36,63,31,6,0,6,2,4,18,6,24,30,40,64,11,5,1,14,4,4,15,15,23,38,1,1,1,0,0,0,0,0,0,0,0,0,7,11,9,2,2,1,0,2,1,3,3,6,1009,11,81,24,262,307,488,146,Austin,2020-11-25
2021,11,25,54,109,31,28,4,14,16,1,16,18,33,51,36,47,8,4,2,6,3,0,12,8,15,23,13,51,20,21,2,6,10,0,3,8,13,21,2,2,0,0,0,1,0,1,0,1,1,2,3,9,3,3,0,1,3,0,1,1,4,5,768,12,53,18,256,226,407,110,Austin,2021-11-25
2022,11,25,64,134,42,15,3,14,8,8,23,17,39,56,30,73,22,1,3,6,4,7,13,9,24,33,29,56,16,14,0,7,4,1,10,7,15,22,0,0,0,0,0,0,0,0,0,0,0,0,5,5,4,0,0,1,0,0,0,1,0,1,861,9,49,19,257,241,465,117,Austin,2022-11-25
2023,11,25,64,128,31,17,5,17,17,14,33,22,64,86,33,55,14,3,2,6,8,6,25,8,39,47,26,56,13,14,3,9,9,6,6,12,21,33,1,1,1,0,0,0,0,0,0,0,0,0,4,16,3,0,0,2,0,2,2,2,4,6,840,5,64,20,258,242,445,106,Austin,2023-11-25
2024,11,25,84,169,72,18,5,11,9,5,34,16,48,64,44,68,47,7,4,6,4,0,20,10,24,34,35,85,17,9,1,3,4,5,12,4,21,25,2,2,1,0,0,0,0,0,1,0,1,1,3,14,7,2,0,2,1,0,1,2,2,4,1065,13,72,22,260,275,537,154,Austin,2024-11-25
2012,12,25,,,,,,,,,,,,,,,,,,,,,,,,,,,,,,,,,,,,,,,,,,,,,,,,,,,,,,,,,,,,,,,,,,,,,Austin,2012-12-25
2013,12,25,,,,,,,,,,,,,,,,,,,,,,,,,,,,,,,,,,,,,,,,,,,,,,,,,,,,,,,,,,,,,,,,,,,,,Austin,2013-12-25
2014,12,25,81,78,24,25,2,12,22,10,6,14,38,52,36,20,10,1,1,4,9,6,4,5,19,24,39,49,12,22,1,8,10,4,2,9,16,25,0,0,0,0,0,0,0,0,0,0,0,0,6,9,2,2,0,0,3,0,0,0,3,3,1072,8,86,53,291,254,637,95,Austin,2014-12-25
2015,12,25,83,84,26,23,1,25,20,3,14,26,37,63,31,39,8,2,0,11,11,1,9,11,21,32,44,38,16,19,1,13,9,1,3,14,13,27,2,0,0,0,0,0,0,0,0,0,0,0,6,7,2,2,0,1,0,1,2,1,3,4,1190,10,65,54,292,296,648,104,Austin,2015-12-25
2016,12,25,98,114,32,26,7,25,24,8,17,32,49,81,25,37,14,5,2,8,10,6,12,10,28,38,66,65,13,20,5,17,11,1,4,22,16,38,2,0,0,0,0,0,1,0,0,0,1,1,5,12,5,1,0,0,2,1,1,0,4,4,1110,11,85,49,287,271,654,130,Austin,2016-12-25
2017,12,25,58,85,17,31,6,23,11,7,4,29,22,51,25,25,13,1,0,3,6,2,1,3,9,12,28,51,4,27,6,18,4,3,3,24,10,34,0,0,0,0,0,0,0,0,0,0,0,0,5,9,0,3,0,2,1,2,0,2,3,5,860,7,65,50,288,224,479,98,Austin,2017-12-25
2018,12,25,96,84,24,27,5,15,20,10,12,20,42,62,39,34,13,1,2,4,11,4,7,6,22,28,49,42,9,24,2,9,9,6,5,11,20,31,0,1,0,0,1,0,0,0,0,1,0,1,8,7,2,2,0,2,0,0,0,2,0,2,1004,5,74,51,289,256,556,116,Austin,2018-12-25
2019,12,25,84,101,27,29,3,19,20,14,23,22,57,79,30,44,11,7,1,6,10,7,14,7,31,38,44,49,12,22,2,11,6,7,7,13,20,33,3,0,1,0,0,0,1,0,0,0,1,1,7,8,3,0,0,2,3,0,2,2,5,7,967,13,73,52,290,275,502,133,Austin,2019-12-25
2020,12,25,90,106,20,29,5,31,17,6,15,36,38,74,40,45,7,5,3,17,5,2,7,20,14,34,40,52,11,21,1,11,12,3,5,12,20,32,0,0,0,0,0,1,0,0,0,1,0,1,10,9,2,3,1,2,0,1,3,3,4,7,831,3,66,54,292,254,432,101,Austin,2020-12-25
2021,12,25,87,108,31,55,7,22,17,4,26,29,47,76,36,33,9,8,6,8,6,2,13,14,21,35,47,65,21,44,1,13,8,2,13,14,23,37,1,2,0,0,0,0,0,0,0,0,0,0,3,8,1,3,0,1,3,0,0,1,3,4,913,7,55,48,286,231,499,158,Austin,2021-12-25
2022,12,25,61,74,25,20,2,23,7,1,12,25,20,45,27,24,12,2,2,8,3,1,7,10,11,21,32,39,11,18,0,14,3,0,5,14,8,22,0,3,0,0,0,0,0,0,0,0,0,0,2,8,2,0,0,1,1,0,0,1,1,2,676,5,47,49,287,183,373,88,Austin,2022-12-25
2023,12,25,64,80,12,29,2,30,12,5,17,32,34,66,24,31,7,6,1,14,2,2,12,15,16,31,39,43,5,22,1,14,9,1,4,15,14,29,1,1,0,0,0,0,0,0,0,0,0,0,0,5,0,1,0,2,1,2,1,2,4,6,776,10,29,50,288,187,478,76,Austin,2023-12-25
2024,12,25,70,105,24,21,0,28,10,4,10,28,24,52,26,46,4,7,0,3,4,3,7,3,14,17,41,47,17,13,0,24,4,1,2,24,7,31,0,5,1,0,0,0,0,0,0,0,0,0,3,7,2,1,0,1,2,0,1,1,3,4,812,14,38,52,290,230,430,96,Austin,2024-12-25
2012,1,26,,,,,,,,,,,,,,,,,,,,,,,,,,,,,,,,,,,,,,,,,,,,,,,,,,,,,,,,,,,,,,,,,,,,,Austin,2012-01-26
2013,1,26,,,,,,,,,,,,,,,,,,,,,,,,,,,,,,,,,,,,,,,,,,,,,,,,,,,,,,,,,,,,,,,,,,,,,Austin,2013-01-26
2014,1,26,121,123,50,11,4,25,13,12,20,29,45,74,46,44,31,3,1,10,9,6,15,11,30,41,66,66,15,7,2,14,3,6,3,16,12,28,0,1,0,0,0,0,0,0,0,0,0,0,9,12,4,1,1,1,1,0,2,2,3,5,1394,11,96,-280,-42,383,725,137,Austin,2014-01-26
2015,1,26,88,104,53,5,0,13,21,14,12,13,47,60,49,47,36,3,0,4,15,9,8,4,32,36,30,52,9,2,0,7,4,5,4,7,13,20,1,0,1,0,0,0,0,0,0,0,0,0,8,5,7,0,0,2,2,0,0,2,2,4,1364,15,92,-279,-41,347,672,119,Austin,2015-01-26
2016,1,26,96,102,78,9,1,17,30,14,20,18,64,82,49,49,60,0,1,7,21,9,14,8,44,52,39,46,13,6,0,9,7,3,4,9,14,23,1,2,3,0,0,0,0,0,1,0,1,1,7,5,2,3,0,1,2,2,1,1,5,6,1613,24,103,-285,-47,385,791,109,Austin,2016-01-26
2017,1,26,96,117,82,5,2,16,26,13,15,18,54,72,41,58,46,1,1,5,17,9,9,6,35,41,42,50,21,4,1,11,9,4,2,12,15,27,1,3,3,0,0,0,0,0,1,0,1,1,12,6,12,0,0,0,0,0,3,0,3,3,1609,23,108,-283,-45,384,834,112,Austin,2017-01-26
2018,1,26,97,127,65,11,8,16,24,13,16,24,53,77,56,72,44,1,1,9,15,6,10,10,31,41,36,49,10,10,7,6,7,4,6,13,17,30,1,1,1,0,0,1,2,1,0,1,3,4,4,5,10,0,0,0,0,2,0,0,2,2,1534,22,83,-282,-44,364,820,139,Austin,2018-01-26
2019,1,26,104,110,80,12,3,20,18,22,20,23,60,83,45,50,35,5,1,2,10,14,14,3,38,41,50,47,30,5,2,17,7,4,4,19,15,34,2,1,2,0,0,0,0,0,0,0,0,0,7,12,13,2,0,1,1,4,2,1,7,8,1302,25,92,-281,-43,346,734,142,Austin,2019-01-26
2020,1,26,102,142,66,15,5,27,15,19,23,32,57,89,46,65,37,3,1,13,6,10,12,14,28,42,47,66,25,11,4,13,8,7,8,17,23,40,1,1,0,0,0,0,0,0,1,0,1,1,8,10,4,1,0,1,1,2,2,1,5,6,1311,15,85,-280,-42,362,711,139,Austin,2020-01-26
2021,1,26,84,120,45,16,5,27,8,6,20,32,34,66,49,58,31,4,1,14,4,6,13,15,23,38,27,54,10,10,4,11,3,0,5,15,8,23,0,0,0,0,0,0,0,0,0,0,0,0,8,8,4,2,0,2,1,0,2,2,3,5,945,7,69,-285,-47,300,437,141,Austin,2021-01-26
2022,1,26,66,138,46,16,3,15,8,6,29,18,43,61,36,71,25,4,2,6,4,6,20,8,30,38,26,49,12,11,1,8,3,0,7,9,10,19,0,4,0,0,0,0,0,0,1,0,1,1,4,14,9,1,0,1,1,0,1,1,2,3,857,12,77,-284,-46,280,420,111,Austin,2022-01-26
2023,1,26,81,155,79,15,4,16,10,13,29,20,52,72,44,74,53,4,0,9,6,6,18,9,30,39,28,70,15,11,3,6,3,4,7,9,14,23,0,3,1,0,0,1,0,2,1,1,3,4,9,8,10,0,1,0,1,1,3,1,5,6,981,18,65,-283,-45,293,509,117,Austin,2023-01-26
2024,1,26,70,168,56,5,2,21,18,12,32,23,62,85,27,80,22,0,1,8,7,9,15,9,31,40,39,71,24,5,1,8,11,2,14,9,27,36,1,2,2,0,0,0,0,0,0,0,0,0,3,15,8,0,0,5,0,1,3,5,4,9,1048,18,83,-282,-44,306,544,108,Austin,2024-01-26
2012,2,26,,,,,,,,,,,,,,,,,,,,,,,,,,,,,,,,,,,,,,,,,,,,,,,,,,,,,,,,,,,,,,,,,,,,,Austin,2012-02-26
2013,2,26,,,,,,,,,,,,,,,,,,,,,,,,,,,,,,,,,,,,,,,,,,,,,,,,,,,,,,,,,,,,,,,,,,,,,Austin,2013-02-26
2014,2,26,78,88,94,5,0,19,28,9,12,19,49,68,36,45,82,0,0,9,14,7,9,9,30,39,37,33,9,5,0,7,10,2,2,7,14,21,0,1,1,0,0,0,1,0,0,0,1,1,5,9,2,0,0,3,3,0,1,3,4,7,1317,16,76,-249,-11,360,652,89,Austin,2014-02-26
2015,2,26,85,105,67,5,2,16,21,17,13,18,51,69,50,56,51,2,1,9,12,13,10,10,35,45,26,45,9,2,0,7,7,4,2,7,13,20,1,1,2,0,0,0,0,0,0,0,0,0,8,3,5,1,1,0,2,0,1,1,3,4,1447,16,99,-248,-10,352,706,116,Austin,2015-02-26
2016,2,26,120,126,84,10,5,15,27,18,16,20,61,81,64,68,63,3,1,8,18,12,12,9,42,51,44,46,15,7,3,6,8,4,3,9,15,24,1,0,0,0,0,0,1,0,1,0,2,2,11,12,6,0,1,1,0,2,0,2,2,4,1634,11,94,-254,-16,345,884,141,Austin,2016-02-26
2017,2,26,103,114,68,8,3,16,18,14,8,19,40,59,40,46,43,2,0,9,13,10,3,9,26,35,54,61,20,6,3,7,5,2,5,10,12,22,2,0,0,0,0,0,0,0,0,0,0,0,7,7,5,0,0,0,0,2,0,0,2,2,1307,4,79,-252,-14,309,728,123,Austin,2017-02-26
2018,2,26,95,136,77,10,4,14,23,14,26,18,63,81,55,78,52,2,1,8,20,5,19,9,44,53,34,48,16,7,3,3,3,5,6,6,14,20,2,3,2,0,0,0,0,0,0,0,0,0,4,7,7,1,0,3,0,4,1,3,5,8,1475,21,106,-251,-13,376,751,141,Austin,2018-02-26
2019,2,26,84,124,84,8,2,22,22,5,16,24,43,67,54,59,62,2,0,9,11,3,12,9,26,35,23,54,15,6,1,9,9,1,3,10,13,23,1,3,3,0,0,0,0,0,0,0,0,0,6,8,4,0,1,4,2,1,1,5,4,9,1395,25,103,-250,-12,359,719,138,Austin,2019-02-26
2020,2,26,98,171,96,8,0,20,26,14,14,20,54,74,49,83,78,2,0,11,18,8,9,11,35,46,40,75,11,6,0,9,7,4,3,9,14,23,0,1,1,0,0,0,0,0,0,0,0,0,9,12,6,0,0,0,1,2,2,0,5,5,1506,20,95,-249,-11,391,786,151,Austin,2020-02-26
2021,2,26,85,163,41,8,3,27,6,10,25,30,41,71,47,85,30,0,2,13,2,6,16,15,24,39,32,66,9,6,1,13,4,3,8,14,15,29,0,1,1,0,0,0,0,0,0,0,0,0,6,11,1,2,0,1,0,1,1,1,2,3,1020,5,75,-254,-16,329,498,118,Austin,2021-02-26
2022,2,26,76,131,68,16,1,18,14,6,23,19,43,62,37,68,43,0,1,6,4,4,12,7,20,27,32,50,19,14,0,9,6,1,9,9,16,25,0,1,0,0,0,0,0,0,0,0,0,0,7,12,6,2,0,3,4,1,2,3,7,10,889,6,72,-253,-15,274,451,121,Austin,2022-02-26
2023,2,26,84,133,73,21,4,28,14,4,34,32,52,84,28,72,43,2,1,8,6,4,23,9,33,42,48,53,24,16,3,14,7,0,10,17,17,34,0,1,1,0,0,1,0,0,0,1,0,1,8,7,5,3,0,5,1,0,1,5,2,7,988,9,65,-252,-14,296,510,122,Austin,2023-02-26
2024,2,26,76,167,51,17,4,19,5,11,34,23,50,73,38,95,39,3,0,8,1,8,25,8,34,42,32,56,11,10,4,10,3,2,9,14,14,28,0,3,0,1,0,1,0,0,0,1,0,1,6,13,1,3,0,0,1,1,0,0,2,2,1120,10,92,-251,-13,308,587,112,Austin,2024-02-26
2012,3,26,,,,,,,,,,,,,,,,,,,,,,,,,,,,,,,,,,,,,,,,,,,,,,,,,,,,,,,,,,,,,,,,,,,,,Austin,2012-03-26
2013,3,26,,,,,,,,,,,,,,,,,,,,,,,,,,,,,,,,,,,,,,,,,,,,,,,,,,,,,,,,,,,,,,,,,,,,,Austin,2013-03-26
2014,3,26,83,113,65,3,2,21,39,12,16,23,67,90,45,75,53,2,1,7,22,9,14,8,45,53,29,30,6,1,1,14,15,1,2,15,18,33,3,2,3,0,0,0,0,0,0,0,0,0,6,6,3,0,0,0,2,2,0,0,4,4,1689,30,100,-221,17,423,833,111,Austin,2014-03-26
2015,3,26,94,125,82,3,1,19,27,12,19,20,58,78,60,64,71,1,1,9,16,9,14,10,39,49,24,52,8,2,0,8,8,3,5,8,16,24,1,2,2,0,0,0,0,0,0,0,0,0,9,7,1,0,0,2,3,0,0,2,3,5,1671,19,97,-220,18,403,834,135,Austin,2015-03-26
2016,3,26,118,113,77,10,7,25,14,18,22,32,54,86,67,66,44,2,4,8,11,12,13,12,36,48,42,40,21,7,2,14,3,4,8,16,15,31,2,1,2,0,0,0,0,0,0,0,0,0,7,6,10,1,1,3,0,2,1,4,3,7,1571,15,120,-225,13,363,830,160,Austin,2016-03-26
2017,3,26,107,133,64,19,4,29,15,12,8,33,35,68,51,64,43,4,1,11,6,6,4,12,16,28,41,57,16,14,3,16,9,5,4,19,18,37,2,2,0,1,0,0,0,0,0,0,0,0,13,10,5,0,0,2,0,1,0,2,1,3,1394,18,96,-224,14,334,779,147,Austin,2017-03-26
2018,3,26,109,158,74,11,5,21,22,13,25,26,60,86,69,95,61,5,1,17,16,10,19,18,45,63,21,50,10,4,3,4,4,1,5,7,10,17,3,2,1,0,1,0,0,0,1,1,1,2,16,11,2,2,0,0,2,2,0,0,4,4,1509,21,107,-223,15,375,854,134,Austin,2018-03-26
2019,3,26,104,144,93,11,2,13,14,9,28,15,51,66,66,80,74,2,0,9,11,5,20,9,36,45,30,51,12,9,2,4,2,3,5,6,10,16,0,1,3,0,0,0,0,0,1,0,1,1,8,12,4,0,0,0,1,1,2,0,4,4,1518,24,108,-222,16,389,791,156,Austin,2019-03-26
2020,3,26,102,153,18,11,1,26,9,15,18,27,42,69,52,79,13,3,0,15,1,11,14,15,26,41,38,60,4,7,1,10,8,3,4,11,15,26,2,1,1,0,0,1,0,0,0,1,0,1,10,13,0,1,0,0,0,1,0,0,1,1,942,15,54,-220,18,281,487,108,Austin,2020-03-26
2021,3,26,112,188,64,17,3,27,13,6,19,30,38,68,58,95,46,4,1,13,7,3,16,14,26,40,40,78,12,11,1,12,4,3,2,13,9,22,1,2,1,0,0,0,0,0,0,0,0,0,13,13,5,2,1,2,2,0,1,3,3,6,1147,16,84,-226,12,335,598,156,Austin,2021-03-26
2022,3,26,107,125,60,32,3,20,5,7,24,23,36,59,52,63,37,3,2,9,1,3,16,11,20,31,45,54,17,27,1,8,3,3,5,9,11,20,2,1,0,0,0,1,0,0,0,1,0,1,8,7,6,2,0,2,1,1,3,2,5,7,1037,6,80,-225,13,255,550,155,Austin,2022-03-26
2023,3,26,79,136,33,41,1,24,10,8,28,25,46,71,39,67,20,2,1,9,1,6,19,10,26,36,37,57,12,35,0,13,9,2,8,13,19,32,0,1,0,0,0,0,0,0,0,0,0,0,3,11,1,4,0,2,0,0,1,2,1,3,950,7,57,-224,14,288,474,148,Austin,2023-03-26
2024,3,26,71,167,50,8,2,14,11,3,37,16,51,67,46,107,41,3,0,7,5,1,33,7,39,46,23,51,3,4,2,4,5,2,2,6,9,15,1,1,3,0,0,1,0,0,0,1,0,1,1,8,3,1,0,2,1,0,2,2,3,5,1019,11,91,-222,16,303,495,146,Austin,2024-03-26
2012,4,26,,,,,,,,,,,,,,,,,,,,,,,,,,,,,,,,,,,,,,,,,,,,,,,,,,,,,,,,,,,,,,,,,,,,,Austin,2012-04-26
2013,4,26,,,,,,,,,,,,,,,,,,,,,,,,,,,,,,,,,,,,,,,,,,,,,,,,,,,,,,,,,,,,,,,,,,,,,Austin,2013-04-26
2014,4,26,167,125,60,7,7,35,16,18,13,42,47,89,76,56,42,3,4,18,8,14,9,22,31,53,69,60,14,4,1,12,8,3,3,13,14,27,0,1,0,0,0,0,0,0,0,0,0,0,22,8,4,0,2,5,0,1,1,7,2,9,1763,17,141,-190,48,393,932,141,Austin,2014-04-26
2015,4,26,127,119,49,9,2,37,23,22,17,39,62,101,61,62,37,4,1,19,12,18,10,20,40,60,58,47,10,1,1,15,11,3,5,16,19,35,1,1,0,0,0,0,0,0,0,0,0,0,7,9,2,4,0,3,0,1,2,3,3,6,1402,8,97,-189,49,375,729,153,Austin,2015-04-26
2016,4,26,122,142,69,9,3,26,31,20,18,29,69,98,81,93,63,5,2,17,22,14,16,19,52,71,26,37,2,1,1,8,7,6,0,9,13,22,1,0,2,0,0,0,0,0,0,0,0,0,14,12,2,3,0,1,2,0,2,1,4,5,1539,20,125,-194,44,414,744,157,Austin,2016-04-26
2017,4,26,129,127,97,3,2,22,13,15,13,24,41,65,84,76,82,2,0,15,10,11,8,15,29,44,32,39,11,1,2,5,3,4,4,7,11,18,1,1,1,0,0,0,0,0,0,0,0,0,12,11,3,0,0,2,0,0,1,2,1,3,1810,17,121,-193,45,462,929,160,Austin,2017-04-26
2018,4,26,103,118,97,6,1,16,15,14,16,17,45,62,64,70,82,2,0,7,7,9,13,7,29,36,31,32,9,3,1,8,4,4,2,9,10,19,2,1,1,0,0,0,0,0,0,0,0,0,6,15,5,1,0,1,4,1,1,1,6,7,1524,17,124,-192,46,380,825,112,Austin,2018-04-26
2019,4,26,120,144,116,8,1,23,18,13,20,24,51,75,69,85,95,4,0,14,14,7,15,14,36,50,38,42,11,4,1,7,3,3,4,8,10,18,1,0,1,0,0,0,0,0,0,0,0,0,12,17,9,0,0,2,1,3,1,2,5,7,1652,20,129,-191,47,390,890,153,Austin,2019-04-26
2020,4,26,99,146,20,21,3,31,20,6,15,34,41,75,58,82,14,7,1,17,11,5,11,18,27,45,32,48,6,13,2,13,8,0,3,15,11,26,1,1,0,0,0,0,1,0,0,0,1,1,8,15,0,1,0,1,0,1,1,1,2,3,955,12,74,-189,49,292,482,119,Austin,2020-04-26
2021,4,26,109,154,60,14,2,22,7,15,26,24,48,72,75,96,46,3,1,14,2,10,17,15,29,44,31,43,11,9,1,4,2,3,8,5,13,18,0,3,2,0,0,0,0,0,0,0,0,0,3,12,1,2,0,4,3,2,1,4,6,10,1074,12,79,-195,43,318,551,167,Austin,2021-04-26
2022,4,26,72,145,53,13,3,27,7,7,34,30,48,78,43,97,42,7,3,18,1,4,29,21,34,55,23,43,5,4,0,7,3,3,3,7,9,16,0,2,2,0,0,0,0,0,1,0,1,1,6,3,4,2,0,2,3,0,1,2,4,6,929,11,62,-194,44,296,456,130,Austin,2022-04-26
2023,4,26,95,143,62,19,2,13,10,6,37,15,53,68,62,92,46,5,2,8,3,6,24,10,33,43,26,42,9,14,0,4,5,0,7,4,12,16,0,0,2,0,0,0,1,0,1,0,2,2,7,9,5,0,0,1,1,0,5,1,6,7,1013,12,72,-193,45,299,537,117,Austin,2023-04-26
2024,4,26,94,201,66,25,5,23,5,5,23,28,33,61,59,119,54,9,4,12,1,3,15,16,19,35,29,69,10,16,1,8,4,2,6,9,12,21,0,1,0,0,0,1,0,0,1,1,1,2,6,12,2,0,0,2,0,0,1,2,1,3,1170,8,72,-191,47,296,627,170,Austin,2024-04-26
2012,5,26,,,,,,,,,,,,,,,,,,,,,,,,,,,,,,,,,,,,,,,,,,,,,,,,,,,,,,,,,,,,,,,,,,,,,Austin,2012-05-26
2013,5,26,,,,,,,,,,,,,,,,,,,,,,,,,,,,,,,,,,,,,,,,,,,,,,,,,,,,,,,,,,,,,,,,,,,,,Austin,2013-05-26
2014,5,26,91,107,53,6,2,31,22,27,16,33,65,98,55,47,43,2,0,12,18,23,9,12,50,62,23,52,5,2,1,16,4,2,5,17,11,28,0,0,1,0,0,0,0,1,1,0,2,2,13,8,4,2,1,3,0,1,1,4,2,6,1479,10,160,-160,78,376,739,137,Austin,2014-05-26
2015,5,26,104,112,69,2,1,27,30,14,17,28,61,89,66,81,59,0,1,16,23,11,12,17,46,63,22,22,6,2,0,9,4,3,4,9,11,20,2,0,2,0,0,0,1,0,0,0,1,1,14,9,2,0,0,2,2,0,1,2,3,5,1601,17,125,-159,79,374,834,136,Austin,2015-05-26
2016,5,26,91,143,94,3,3,19,30,16,12,22,58,80,59,95,74,2,2,10,23,12,8,12,43,55,22,31,12,0,1,7,4,3,1,8,8,16,1,2,1,0,0,0,0,0,0,0,0,0,9,15,7,1,0,2,3,1,3,2,7,9,1620,20,134,-164,74,345,951,150,Austin,2016-05-26
2017,5,26,118,150,81,8,4,25,22,16,10,29,48,77,83,93,70,6,2,16,10,11,5,18,26,44,24,41,6,2,2,7,10,4,4,9,18,27,0,1,0,0,0,0,0,0,0,0,0,0,11,15,5,0,0,2,2,1,1,2,4,6,1650,19,142,-163,75,429,887,153,Austin,2017-05-26
2018,5,26,130,146,67,3,1,30,19,11,11,31,41,72,78,76,50,2,0,14,8,7,6,14,21,35,41,59,13,1,1,10,11,1,4,11,16,27,1,0,1,0,0,0,0,0,0,0,0,0,10,11,3,0,0,6,0,3,1,6,4,10,1457,13,135,-162,76,355,814,141,Austin,2018-05-26
2019,5,26,135,127,68,12,0,36,21,20,13,36,54,90,73,69,45,1,0,19,14,17,8,19,39,58,44,47,18,10,0,12,5,2,5,12,12,24,0,2,1,0,0,0,0,0,0,0,0,0,18,9,4,1,0,5,2,1,0,5,3,8,1429,14,123,-161,77,355,774,193,Austin,2019-05-26
2020,5,26,113,166,48,14,3,20,22,12,28,23,62,85,78,110,40,2,1,10,15,9,23,11,47,58,24,41,6,10,1,9,4,1,4,10,9,19,1,1,0,1,0,0,1,0,0,0,1,1,10,14,2,1,1,1,2,2,1,2,5,7,1196,22,117,-159,79,359,559,151,Austin,2020-05-26
2021,5,26,98,157,54,13,2,18,12,6,21,20,39,59,56,107,40,2,2,13,6,4,16,15,26,41,32,36,12,7,0,4,4,2,2,4,8,12,1,3,1,0,0,0,2,0,0,0,2,2,9,11,1,4,0,1,0,0,3,1,3,4,1057,24,74,-165,73,306,548,148,Austin,2021-05-26
2022,5,26,101,161,63,18,2,26,7,13,22,28,42,70,75,98,54,6,1,13,3,9,21,14,33,47,19,43,7,10,1,10,3,2,0,11,5,16,1,3,1,0,0,1,0,0,0,1,0,1,6,17,1,2,0,2,1,2,1,2,4,6,1065,22,94,-164,74,303,561,148,Austin,2022-05-26
2023,5,26,113,165,50,19,5,17,11,19,42,22,72,94,76,109,39,7,4,8,8,14,35,12,57,69,29,41,6,12,0,7,3,4,6,7,13,20,1,1,0,0,0,0,0,1,0,0,1,1,7,14,5,0,1,2,0,0,1,3,1,4,1180,11,93,-163,75,337,616,163,Austin,2023-05-26
2024,5,26,102,149,60,27,2,24,5,4,25,26,34,60,58,89,38,5,1,14,4,4,18,15,26,41,32,48,16,19,1,7,0,0,6,8,6,14,1,2,1,0,0,0,0,0,0,0,0,0,11,10,5,3,0,3,1,0,1,3,2,5,1073,9,86,-161,77,295,560,163,Austin,2024-05-26
2012,6,26,,,,,,,,,,,,,,,,,,,,,,,,,,,,,,,,,,,,,,,,,,,,,,,,,,,,,,,,,,,,,,,,,,,,,Austin,2012-06-26
2013,6,26,,,,,,,,,,,,,,,,,,,,,,,,,,,,,,,,,,,,,,,,,,,,,,,,,,,,,,,,,,,,,,,,,,,,,Austin,2013-06-26
2014,6,26,100,107,76,4,2,25,21,27,20,27,68,95,66,60,65,3,2,13,16,22,14,15,52,67,26,39,6,1,0,8,3,2,4,8,9,17,0,0,1,0,0,0,0,0,1,0,1,1,8,8,4,0,0,4,2,3,1,4,6,10,1624,17,152,-129,109,430,781,129,Austin,2014-06-26
2015,6,26,101,123,92,5,2,22,15,23,14,24,52,76,56,67,73,3,0,8,8,17,10,8,35,43,35,40,14,2,1,7,4,5,3,8,12,20,0,1,1,0,0,1,0,0,0,1,0,1,10,15,4,0,1,6,3,1,1,7,5,12,1689,14,175,-128,110,371,878,156,Austin,2015-06-26
2016,6,26,115,118,61,13,1,37,11,17,22,38,50,88,61,70,43,3,1,16,6,16,14,17,36,53,43,36,15,7,0,15,5,0,8,15,13,28,0,0,1,0,0,1,0,1,0,1,1,2,11,12,2,3,0,5,0,0,0,5,0,5,1313,13,122,-133,105,363,680,125,Austin,2016-06-26
2017,6,26,118,138,83,2,3,30,29,13,10,33,52,85,91,87,62,0,2,18,25,8,6,20,39,59,20,39,13,2,1,9,4,1,2,10,7,17,1,0,1,0,0,0,0,0,0,0,0,0,6,12,7,0,0,3,0,4,2,3,6,9,1617,12,136,-132,106,431,835,108,Austin,2017-06-26
2018,6,26,108,89,73,9,3,28,28,20,18,31,66,97,72,49,62,1,1,17,20,15,17,18,52,70,25,30,7,6,2,9,4,4,1,11,9,20,1,0,1,0,0,0,1,0,0,0,1,1,10,10,3,2,0,2,3,1,0,2,4,6,1409,29,121,-131,107,359,746,128,Austin,2018-06-26
2019,6,26,97,159,84,11,2,19,19,21,23,21,63,84,74,107,66,5,2,4,12,16,17,6,45,51,17,37,9,2,0,7,5,5,4,7,14,21,2,2,1,0,0,1,2,0,0,1,2,3,4,13,8,4,0,7,0,0,2,7,2,9,1468,36,122,-130,108,370,785,132,Austin,2019-06-26
2020,6,26,108,155,61,18,6,24,14,11,25,30,50,80,72,109,47,3,4,10,9,6,21,14,36,50,24,33,12,8,2,9,5,3,1,11,9,20,0,2,0,0,0,0,0,1,0,0,1,1,12,11,2,7,0,5,0,1,3,5,4,9,1040,11,95,-128,110,325,512,151,Austin,2020-06-26
2021,6,26,111,164,52,24,2,21,7,7,22,23,36,59,68,103,35,5,1,14,3,5,11,15,19,34,30,42,12,13,1,5,1,2,8,6,11,17,0,1,0,0,0,0,1,0,1,0,2,2,13,18,5,6,0,2,2,0,2,2,4,6,1084,10,103,-134,104,286,566,191,Austin,2021-06-26
2022,6,26,122,142,50,25,11,33,11,10,21,44,42,86,67,76,34,2,6,12,3,6,15,18,24,42,39,43,12,18,5,17,8,3,5,22,16,38,3,1,0,2,0,0,0,0,0,0,0,0,13,22,4,3,0,4,0,1,1,4,2,6,959,21,105,-133,105,290,512,130,Austin,2022-06-26
2023,6,26,104,187,47,20,5,18,14,8,39,23,61,84,66,141,35,7,4,8,8,4,31,12,43,55,33,39,9,12,1,9,6,0,5,10,11,21,1,2,0,0,0,0,0,0,0,0,0,0,4,5,3,1,0,1,0,4,3,1,7,8,1129,14,81,-132,106,300,620,139,Austin,2023-06-26
2024,6,26,82,172,61,19,4,18,10,12,39,22,61,83,55,108,53,8,0,12,5,9,26,12,40,52,18,48,5,5,2,6,5,2,10,8,17,25,0,2,0,2,0,0,0,1,0,0,1,1,9,14,3,4,2,0,0,0,3,2,3,5,1114,10,93,-130,108,317,605,128,Austin,2024-06-26
2012,7,26,,,,,,,,,,,,,,,,,,,,,,,,,,,,,,,,,,,,,,,,,,,,,,,,,,,,,,,,,,,,,,,,,,,,,Austin,2012-07-26
2013,7,26,,,,,,,,,,,,,,,,,,,,,,,,,,,,,,,,,,,,,,,,,,,,,,,,,,,,,,,,,,,,,,,,,,,,,Austin,2013-07-26
2014,7,26,154,124,54,9,1,42,18,21,18,43,57,100,92,51,32,3,0,18,12,17,12,18,41,59,47,56,17,6,1,20,4,4,5,21,13,34,0,1,0,0,0,0,0,0,1,0,1,1,15,16,5,0,0,4,2,0,0,4,2,6,1665,7,160,-99,139,418,857,151,Austin,2014-07-26
2015,7,26,111,106,49,14,3,19,22,12,8,22,42,64,50,48,34,2,2,11,14,9,4,13,27,40,46,43,11,10,0,4,7,3,4,4,14,18,1,0,0,0,0,1,0,0,0,1,0,1,14,15,4,2,1,3,1,0,0,4,1,5,1426,9,135,-98,140,341,775,128,Austin,2015-07-26
2016,7,26,112,140,95,9,3,19,24,14,14,22,52,74,70,85,85,3,3,9,19,12,12,12,43,55,32,42,6,6,0,8,4,1,1,8,6,14,0,0,2,0,0,0,0,0,0,0,0,0,10,13,2,0,0,2,1,1,1,2,3,5,1584,15,142,-103,135,397,851,136,Austin,2016-07-26
2017,7,26,94,113,81,9,1,31,17,14,13,32,44,76,67,68,72,3,1,16,6,12,11,17,29,46,23,32,6,6,0,10,8,1,0,10,9,19,0,4,0,0,0,0,0,0,0,0,0,0,4,9,3,0,0,5,3,1,2,5,6,11,1540,11,120,-102,136,406,808,119,Austin,2017-07-26
2018,7,26,108,120,73,4,3,17,23,15,16,20,54,74,76,75,66,0,3,3,17,13,12,6,42,48,21,31,6,3,0,5,6,1,2,5,9,14,0,2,0,0,0,2,0,0,0,2,0,2,11,12,1,1,0,7,0,1,2,7,3,10,1483,19,125,-101,137,377,822,124,Austin,2018-07-26
2019,7,26,113,169,99,12,3,40,32,18,19,43,69,112,80,99,86,7,0,21,23,11,13,21,47,68,26,59,5,4,3,13,8,5,5,16,18,34,0,3,1,0,0,0,0,0,0,0,0,0,7,8,7,1,0,6,1,2,1,6,4,10,1546,17,98,-100,138,454,752,139,Austin,2019-07-26
2020,7,26,88,156,37,18,6,22,7,12,20,28,39,67,52,92,27,6,1,15,3,11,15,16,29,45,29,54,7,7,5,6,4,0,3,11,7,18,0,2,1,0,0,0,0,0,0,0,0,0,7,8,2,5,0,1,0,1,2,1,3,4,903,7,65,-98,140,265,474,123,Austin,2020-07-26
2021,7,26,102,160,54,6,3,28,11,4,39,31,54,85,70,91,35,3,1,16,5,3,34,17,42,59,28,55,13,1,2,11,6,1,3,13,10,23,1,1,5,0,0,0,0,0,0,0,0,0,3,13,1,2,0,1,0,0,2,1,2,3,1027,18,64,-104,134,325,508,147,Austin,2021-07-26
2022,7,26,89,178,53,14,3,22,11,11,28,25,50,75,60,122,47,5,2,13,5,10,21,15,36,51,19,41,3,5,1,6,5,0,7,7,12,19,0,2,1,0,0,0,1,0,0,0,1,1,10,13,2,4,0,3,0,1,0,3,1,4,1040,15,83,-103,135,283,551,151,Austin,2022-07-26
2023,7,26,75,188,54,6,3,19,11,8,28,22,47,69,54,131,48,1,1,12,3,5,20,13,28,41,13,41,3,2,2,6,8,2,7,8,17,25,0,1,1,0,0,0,0,0,1,0,1,1,8,15,2,3,0,1,0,1,0,1,1,2,1051,6,82,-102,136,296,560,129,Austin,2023-07-26
2024,7,26,77,195,54,18,3,10,9,15,34,13,58,71,50,124,46,6,2,4,3,11,25,6,39,45,24,60,7,9,1,4,4,4,8,5,16,21,0,0,0,1,0,0,0,0,0,0,0,0,3,11,1,2,0,2,2,0,1,2,3,5,1164,7,102,-100,138,298,644,142,Austin,2024-07-26
2012,8,26,,,,,,,,,,,,,,,,,,,,,,,,,,,,,,,,,,,,,,,,,,,,,,,,,,,,,,,,,,,,,,,,,,,,,Austin,2012-08-26
2013,8,26,,,,,,,,,,,,,,,,,,,,,,,,,,,,,,,,,,,,,,,,,,,,,,,,,,,,,,,,,,,,,,,,,,,,,Austin,2013-08-26
2014,8,26,118,95,83,0,0,16,22,15,17,16,54,70,59,59,70,0,0,11,17,13,12,11,42,53,46,30,7,0,0,3,3,1,3,3,7,10,3,0,2,0,0,0,1,0,0,0,1,1,10,6,4,0,0,2,1,1,2,2,4,6,1692,29,109,-68,170,427,806,107,Austin,2014-08-26
2015,8,26,97,126,91,2,1,25,16,31,13,26,60,86,55,83,78,1,0,9,8,17,11,9,36,45,34,35,5,1,1,14,8,8,1,15,17,32,0,0,6,0,0,1,0,0,0,1,0,1,8,8,2,0,0,1,0,6,1,1,7,8,1632,32,113,-67,171,390,832,123,Austin,2015-08-26
2016,8,26,137,147,107,7,4,16,24,10,21,20,55,75,81,83,84,4,2,9,16,8,11,11,35,46,46,54,16,3,2,7,6,2,6,9,14,23,0,0,1,0,0,0,1,0,1,0,2,2,10,10,6,0,0,0,1,0,3,0,4,4,1781,21,114,-72,166,432,967,145,Austin,2016-08-26
2017,8,26,97,95,76,6,1,12,9,12,7,13,28,41,60,43,43,3,0,6,7,7,6,6,20,26,29,47,22,3,1,6,1,4,1,7,6,13,0,0,4,0,0,0,1,0,0,0,1,1,8,5,7,0,0,0,0,1,0,0,1,1,1387,10,121,-71,167,241,983,121,Austin,2017-08-26
2018,8,26,92,114,59,14,2,27,21,16,15,29,52,81,46,69,40,3,1,11,14,11,8,12,33,45,39,37,16,11,1,12,6,5,6,13,17,30,0,0,1,0,0,0,0,0,0,0,0,0,7,8,2,0,0,4,1,0,1,4,2,6,1304,8,96,-70,168,322,674,162,Austin,2018-08-26
2019,8,26,105,168,89,11,3,31,27,15,23,34,65,99,69,102,72,3,3,19,19,13,15,22,47,69,28,54,14,5,0,10,6,0,8,10,14,24,1,0,1,1,0,1,1,0,0,1,1,2,7,12,2,2,0,1,1,2,0,1,3,4,1464,20,94,-69,169,378,806,130,Austin,2019-08-26
2020,8,26,81,155,50,14,0,18,6,9,26,18,41,59,58,85,38,5,0,10,2,5,19,10,26,36,19,58,8,7,0,7,3,3,7,7,13,20,0,2,3,1,0,0,0,0,0,0,0,0,4,10,1,1,0,1,1,1,0,1,2,3,988,15,67,-67,171,300,505,123,Austin,2020-08-26
2021,8,26,96,189,47,9,5,15,7,9,19,20,35,55,64,127,38,8,3,9,2,5,11,12,18,30,23,49,7,1,2,4,3,2,6,6,11,17,1,0,1,0,0,0,0,0,0,0,0,0,8,13,1,0,0,2,2,2,2,2,6,8,1006,15,70,-73,165,270,539,134,Austin,2021-08-26
2022,8,26,96,185,82,19,5,22,8,14,38,27,60,87,58,114,63,4,4,12,4,12,23,16,39,55,31,49,18,10,1,8,3,2,14,9,19,28,0,8,0,0,0,0,0,0,0,0,0,0,7,14,1,5,0,2,1,0,1,2,2,4,1184,20,82,-72,166,354,612,144,Austin,2022-08-26
2023,8,26,110,178,52,16,3,21,5,12,36,24,53,77,55,104,38,2,2,10,0,5,23,12,28,40,44,57,7,11,1,10,4,3,12,11,19,30,1,3,1,0,0,0,1,0,0,0,1,1,10,14,6,3,0,1,0,4,1,1,5,6,1091,15,83,-71,167,277,569,142,Austin,2023-08-26
2024,8,26,81,155,81,11,4,15,12,6,41,19,59,78,57,105,65,6,2,9,5,6,30,11,41,52,18,37,12,4,2,6,7,0,6,8,13,21,2,3,1,0,0,0,0,0,1,0,1,1,4,10,3,1,0,0,0,0,4,0,4,4,1081,14,68,-69,169,293,577,127,Austin,2024-08-26
2012,9,26,,,,,,,,,,,,,,,,,,,,,,,,,,,,,,,,,,,,,,,,,,,,,,,,,,,,,,,,,,,,,,,,,,,,,Austin,2012-09-26
2013,9,26,,,,,,,,,,,,,,,,,,,,,,,,,,,,,,,,,,,,,,,,,,,,,,,,,,,,,,,,,,,,,,,,,,,,,Austin,2013-09-26
2014,9,26,108,150,88,5,2,19,17,20,8,21,45,66,55,79,63,1,1,10,12,13,2,11,27,38,49,55,18,3,1,9,3,5,5,10,13,23,1,2,1,0,0,0,0,1,0,0,1,1,3,14,6,1,0,0,2,1,1,0,4,4,1717,15,102,-37,201,387,917,153,Austin,2014-09-26
2015,9,26,126,121,81,3,1,25,18,9,13,26,40,66,65,56,51,0,1,14,8,7,9,15,24,39,53,52,19,3,0,10,6,0,3,10,9,19,1,3,0,0,0,0,1,0,0,0,1,1,7,10,11,0,0,1,3,2,1,1,6,7,1625,19,124,-36,202,356,922,152,Austin,2015-09-26
2016,9,26,113,134,65,3,3,25,34,9,11,28,54,82,75,89,49,0,2,12,18,7,8,14,33,47,34,41,12,1,1,12,12,1,3,13,16,29,1,1,2,0,0,1,1,0,0,1,1,2,3,3,2,2,0,0,3,1,0,0,4,4,1477,18,96,-41,197,381,833,114,Austin,2016-09-26
2017,9,26,96,132,102,5,4,16,26,12,15,20,53,73,65,78,81,4,0,9,15,11,14,9,40,49,29,45,13,1,3,5,10,1,1,8,12,20,0,2,2,0,0,0,0,0,0,0,0,0,2,7,6,0,1,2,1,0,0,3,1,4,1439,18,75,-40,198,379,788,132,Austin,2017-09-26
2018,9,26,105,133,84,3,2,15,28,10,14,17,52,69,68,83,62,0,1,5,20,7,12,6,39,45,24,35,15,3,1,8,7,2,1,9,10,19,1,1,2,0,0,0,0,0,0,0,0,0,12,14,5,0,0,2,1,1,1,2,3,5,1432,15,93,-39,199,394,715,155,Austin,2018-09-26
2019,9,26,106,154,98,10,6,18,21,11,19,24,51,75,57,96,75,3,2,10,16,8,13,12,37,49,37,43,14,5,3,8,3,3,6,11,12,23,1,2,5,0,0,0,1,0,0,0,1,1,11,13,4,2,1,0,1,0,0,1,1,2,1443,26,111,-38,200,403,718,151,Austin,2019-09-26
2020,9,26,84,137,52,21,2,29,3,13,19,31,35,66,50,72,35,5,1,7,1,8,14,8,23,31,31,53,15,16,1,19,2,1,4,20,7,27,0,1,1,0,0,0,0,0,0,0,0,0,3,11,1,0,0,3,0,4,1,3,5,8,946,11,59,-36,202,285,489,135,Austin,2020-09-26
2021,9,26,105,178,50,27,2,27,12,5,28,29,45,74,48,93,27,6,0,10,8,2,20,10,30,40,53,74,19,20,2,14,4,2,8,16,14,30,0,0,0,0,0,0,0,0,0,0,0,0,4,11,4,1,0,3,0,1,0,3,1,4,1015,11,62,-42,196,292,501,168,Austin,2021-09-26
2022,9,26,97,187,76,11,2,21,12,7,24,23,43,66,47,103,51,2,0,11,7,5,16,11,28,39,36,73,20,9,2,9,5,1,6,11,12,23,3,1,1,0,0,0,0,0,0,0,0,0,11,10,4,0,0,1,0,1,2,1,3,4,1106,17,75,-41,197,293,600,163,Austin,2022-09-26
2023,9,26,96,132,67,12,3,12,11,6,26,15,43,58,55,83,53,4,2,9,5,4,21,11,30,41,38,39,11,6,0,3,5,1,4,3,10,13,1,1,0,0,0,0,1,0,0,0,1,1,2,9,3,2,1,0,0,1,1,1,2,3,965,15,63,-40,198,289,490,104,Austin,2023-09-26
2024,9,26,98,156,65,18,3,16,10,5,22,19,37,56,53,82,44,5,1,12,5,4,15,13,24,37,33,63,11,10,2,2,4,1,4,4,9,13,3,1,3,1,0,1,1,0,1,1,2,3,9,10,7,2,0,1,0,0,2,1,2,3,1080,22,84,-38,200,296,560,130,Austin,2024-09-26
2012,10,26,,,,,,,,,,,,,,,,,,,,,,,,,,,,,,,,,,,,,,,,,,,,,,,,,,,,,,,,,,,,,,,,,,,,,Austin,2012-10-26
2013,10,26,,,,,,,,,,,,,,,,,,,,,,,,,,,,,,,,,,,,,,,,,,,,,,,,,,,,,,,,,,,,,,,,,,,,,Austin,2013-10-26
2014,10,26,132,112,65,8,4,26,29,19,13,30,61,91,52,40,42,4,1,8,16,10,11,9,37,46,70,63,19,4,3,15,8,8,0,18,16,34,0,1,0,0,0,1,0,0,0,1,0,1,10,8,4,0,0,2,5,1,2,2,8,10,1420,16,113,-7,231,378,735,154,Austin,2014-10-26
2015,10,26,109,122,77,5,3,19,31,19,12,22,62,84,65,61,62,1,1,8,18,8,8,9,34,43,36,51,11,4,1,8,9,11,1,9,21,30,0,0,1,0,0,0,0,0,2,0,2,2,8,10,3,0,1,3,4,0,1,4,5,9,1648,38,107,-6,232,367,832,129,Austin,2015-10-26
2016,10,26,100,119,93,10,2,19,40,7,17,21,64,85,57,61,73,1,2,11,22,5,12,13,39,52,30,51,13,8,0,7,15,1,3,7,19,26,0,1,3,0,0,0,0,0,0,0,0,0,13,6,4,1,0,1,3,1,2,1,6,7,1487,24,102,-11,227,389,786,142,Austin,2016-10-26
2017,10,26,110,122,108,9,0,12,33,12,11,12,56,68,55,67,80,2,0,4,21,5,9,4,35,39,42,47,19,7,0,7,10,4,2,7,16,23,2,0,3,0,0,1,0,0,0,1,0,1,11,8,6,0,0,0,2,3,0,0,5,5,1539,24,104,-10,228,369,852,140,Austin,2017-10-26
2018,10,26,121,153,114,9,5,17,34,10,17,22,61,83,68,77,75,3,2,10,22,7,8,12,37,49,50,64,30,5,3,3,11,2,7,6,20,26,0,4,2,0,0,0,0,0,0,0,0,0,3,8,7,1,0,4,1,1,2,4,4,8,1632,23,98,-9,229,380,923,167,Austin,2018-10-26
2019,10,26,106,126,86,14,3,27,17,13,24,30,54,84,59,71,51,3,1,11,10,8,12,12,30,42,44,49,27,11,1,14,6,3,9,15,18,33,0,0,0,0,0,0,0,0,0,0,0,0,3,6,8,0,1,2,1,2,3,3,6,9,1314,6,83,-8,230,322,742,156,Austin,2019-10-26
2020,10,26,59,124,58,11,2,15,13,10,31,17,54,71,23,68,34,3,2,7,9,6,23,9,38,47,29,48,18,7,0,8,4,1,5,8,10,18,2,2,2,0,0,0,0,0,0,0,0,0,5,6,4,1,0,0,0,3,3,0,6,6,905,18,56,-6,232,291,474,93,Austin,2020-10-26
2021,10,26,88,128,59,14,1,19,15,7,37,20,59,79,54,81,30,3,1,11,8,7,29,12,44,56,25,42,19,8,0,6,7,0,6,6,13,19,0,2,3,0,0,0,0,0,2,0,2,2,9,3,7,3,0,2,0,0,0,2,0,2,939,15,73,-12,226,282,473,140,Austin,2021-10-26
2022,10,26,73,146,72,8,5,19,12,9,29,24,50,74,40,83,47,1,2,7,4,6,19,9,29,38,22,46,15,7,3,12,8,3,8,15,19,34,1,4,4,0,0,0,0,0,1,0,1,1,10,13,6,0,0,0,0,0,1,0,1,1,918,15,70,-11,227,277,487,117,Austin,2022-10-26
2023,10,26,68,164,94,19,3,24,13,12,37,27,62,89,38,100,72,6,1,12,4,7,25,13,36,49,25,55,18,12,1,9,9,3,11,10,23,33,1,1,2,0,0,1,0,0,0,1,0,1,4,8,2,1,1,2,0,2,1,3,3,6,1031,14,69,-10,228,333,506,139,Austin,2023-10-26
2024,10,26,102,149,75,25,2,26,9,5,23,28,37,65,48,73,45,2,0,7,4,2,12,7,18,25,47,67,21,20,1,18,4,2,8,19,14,33,0,0,0,0,0,0,0,0,0,0,0,0,7,9,9,3,1,1,1,1,3,2,5,7,1037,5,70,-8,230,264,548,183,Austin,2024-10-26
2012,11,26,,,,,,,,,,,,,,,,,,,,,,,,,,,,,,,,,,,,,,,,,,,,,,,,,,,,,,,,,,,,,,,,,,,,,Austin,2012-11-26
2013,11,26,,,,,,,,,,,,,,,,,,,,,,,,,,,,,,,,,,,,,,,,,,,,,,,,,,,,,,,,,,,,,,,,,,,,,Austin,2013-11-26
2014,11,26,89,112,77,6,3,24,21,16,21,27,58,85,45,52,52,0,2,9,15,8,15,11,38,49,33,49,16,5,1,14,6,7,5,15,18,33,1,1,3,0,0,0,0,0,0,0,0,0,10,10,6,1,0,1,0,1,1,1,2,3,1523,32,92,24,262,397,752,126,Austin,2014-11-26
2015,11,26,79,94,65,10,5,25,21,14,6,30,41,71,22,40,39,2,1,9,8,6,1,10,15,25,50,49,21,8,2,15,12,6,4,17,22,39,3,1,0,0,1,0,1,0,0,1,1,2,4,4,5,0,1,1,0,2,1,2,3,5,1064,13,65,25,263,284,579,113,Austin,2015-11-26
2016,11,26,107,128,53,9,4,20,25,17,17,24,59,83,41,62,28,4,2,9,12,5,10,11,27,38,62,52,18,5,2,10,9,10,6,12,25,37,2,1,1,0,0,0,1,0,0,0,1,1,2,13,6,0,0,1,3,2,1,1,6,7,1413,13,113,20,258,332,795,136,Austin,2016-11-26
2017,11,26,92,118,53,12,1,30,13,22,9,31,44,75,43,53,30,3,1,10,7,14,6,11,27,38,44,58,14,9,0,17,4,5,3,17,12,29,0,0,0,0,0,1,1,0,0,1,1,2,5,7,9,0,0,2,1,3,0,2,4,6,1192,10,92,21,259,305,662,124,Austin,2017-11-26
2018,11,26,107,102,73,6,0,13,35,10,22,13,67,80,56,52,50,1,0,6,18,3,14,6,35,41,37,41,11,5,0,6,12,6,7,6,25,31,3,1,2,0,0,1,2,0,0,1,2,3,11,8,10,0,0,0,3,1,1,0,5,5,1369,25,119,22,260,338,721,129,Austin,2018-11-26
2019,11,26,100,178,65,11,6,29,27,14,29,35,70,105,48,88,36,4,1,10,15,8,20,11,43,54,42,72,20,6,4,18,7,3,7,22,17,39,1,2,1,0,0,1,3,1,1,1,5,6,9,16,8,1,1,0,2,2,1,1,5,6,1424,24,117,23,261,395,737,151,Austin,2019-11-26
2020,11,26,68,112,14,17,2,23,9,8,12,25,29,54,40,48,8,3,1,8,2,2,6,9,10,19,22,55,5,13,1,12,7,5,6,13,18,31,1,3,0,0,0,0,0,0,0,0,0,0,5,6,1,1,0,3,0,1,0,3,1,4,781,8,55,25,263,247,385,98,Austin,2020-11-26
2021,11,26,60,126,37,11,3,27,6,5,22,30,33,63,29,57,21,2,1,16,3,3,13,17,19,36,27,57,9,9,1,11,3,1,7,12,11,23,0,1,0,0,0,0,0,1,0,0,1,1,4,11,7,0,1,0,0,0,2,1,2,3,866,6,70,19,257,253,491,86,Austin,2021-11-26
2022,11,26,71,149,44,23,1,24,12,8,24,25,44,69,27,67,19,4,0,14,4,7,18,14,29,43,39,71,23,18,1,7,7,1,3,8,11,19,0,4,0,0,0,0,1,0,0,0,1,1,5,7,2,1,0,3,0,0,3,3,3,6,989,11,60,20,258,257,567,122,Austin,2022-11-26
2023,11,26,69,137,33,16,2,17,8,7,44,19,59,78,31,62,16,5,1,6,1,2,32,7,35,42,33,60,12,9,0,11,7,4,9,11,20,31,0,1,0,0,0,0,0,0,1,0,1,1,5,14,5,2,1,0,0,1,2,1,3,4,914,8,76,21,259,289,466,105,Austin,2023-11-26
2024,11,26,78,142,50,15,2,8,8,10,29,10,47,57,31,84,24,3,1,2,3,6,22,3,31,34,40,47,12,11,1,5,5,3,4,6,12,18,0,1,1,0,0,0,0,0,0,0,0,0,7,10,13,1,0,1,0,1,3,1,4,5,1005,6,88,23,261,285,521,126,Austin,2024-11-26
2012,12,26,,,,,,,,,,,,,,,,,,,,,,,,,,,,,,,,,,,,,,,,,,,,,,,,,,,,,,,,,,,,,,,,,,,,,Austin,2012-12-26
2013,12,26,,,,,,,,,,,,,,,,,,,,,,,,,,,,,,,,,,,,,,,,,,,,,,,,,,,,,,,,,,,,,,,,,,,,,Austin,2013-12-26
2014,12,26,82,112,48,9,5,25,28,21,11,30,60,90,40,37,29,3,1,8,14,12,3,9,29,38,40,63,15,6,3,17,12,5,5,20,22,42,0,1,0,0,0,0,1,0,1,0,2,2,2,11,4,0,1,0,1,4,2,1,7,8,1379,15,107,54,292,333,699,124,Austin,2014-12-26
2015,12,26,100,99,66,15,4,21,24,12,11,25,47,72,49,38,31,5,3,7,13,7,6,10,26,36,46,54,30,8,1,12,10,4,3,13,17,30,0,0,1,0,0,1,0,0,0,1,0,1,5,7,4,2,0,1,1,1,2,1,4,5,1291,8,98,55,293,291,719,107,Austin,2015-12-26
2016,12,26,120,131,33,12,4,17,32,11,6,21,49,70,56,60,23,3,1,9,13,4,4,10,21,31,52,60,10,8,3,7,16,7,1,10,24,34,2,0,0,0,0,0,1,0,0,0,1,1,10,11,0,1,0,1,2,0,1,1,3,4,1264,14,98,50,288,340,663,130,Austin,2016-12-26
2017,12,26,60,78,50,7,3,18,27,16,17,21,60,81,32,29,28,0,0,5,19,10,13,5,42,47,24,45,12,7,3,13,5,3,3,16,11,27,1,1,1,0,0,0,1,0,0,0,1,1,3,3,9,0,0,0,2,3,1,0,6,6,1030,21,72,51,289,296,561,74,Austin,2017-12-26
2018,12,26,75,99,99,14,1,17,23,18,17,18,58,76,39,49,63,6,0,5,16,8,11,5,35,40,29,39,25,8,1,9,7,8,5,10,20,30,0,2,1,0,0,0,0,0,0,0,0,0,7,9,10,0,0,3,0,2,1,3,3,6,1165,19,83,52,290,314,686,95,Austin,2018-12-26
2019,12,26,103,133,30,9,4,19,43,13,16,23,72,95,54,67,16,1,1,8,30,7,11,9,48,57,41,55,6,6,3,9,13,4,3,12,20,32,1,3,0,0,0,1,0,0,0,1,0,1,7,8,8,2,0,1,0,2,2,1,4,5,1170,13,82,53,291,334,602,119,Austin,2019-12-26
2020,12,26,80,121,31,18,4,22,4,6,23,26,33,59,41,50,16,3,2,6,2,5,14,8,21,29,28,64,12,14,2,16,1,1,5,18,7,25,1,1,0,0,0,0,0,0,0,0,0,0,10,6,3,1,0,0,1,0,4,0,5,5,842,6,67,55,293,251,427,107,Austin,2020-12-26
2021,12,26,80,106,32,29,4,22,17,9,20,26,46,72,50,49,12,4,1,14,6,7,13,15,26,41,26,54,16,23,3,6,10,2,5,9,17,26,0,0,0,0,0,1,0,0,1,1,1,2,4,3,4,2,0,1,1,0,1,1,2,3,827,8,53,49,287,248,424,111,Austin,2021-12-26
2022,12,26,58,125,47,11,1,16,9,4,28,17,41,58,23,64,22,2,0,5,1,3,14,5,18,23,26,51,20,7,1,10,7,1,10,11,18,29,1,1,1,0,0,0,0,0,0,0,0,0,8,9,4,2,0,1,1,0,4,1,5,6,841,9,72,50,288,250,450,92,Austin,2022-12-26
2023,12,26,61,102,33,15,5,17,9,6,20,22,35,57,24,46,25,3,2,7,6,3,16,9,25,34,34,44,4,11,2,7,3,3,4,9,10,19,0,1,0,0,0,0,0,0,0,0,0,0,3,11,4,1,1,3,0,0,0,4,0,4,784,5,64,51,289,212,431,84,Austin,2023-12-26
2024,12,26,70,131,68,13,2,12,13,10,27,14,50,64,33,64,41,5,0,3,4,7,19,3,30,33,28,55,25,7,1,9,6,3,7,10,16,26,2,2,1,0,0,0,0,0,0,0,0,0,7,10,1,1,1,0,3,0,1,1,4,5,978,13,67,53,291,283,531,94,Austin,2024-12-26
2012,1,27,,,,,,,,,,,,,,,,,,,,,,,,,,,,,,,,,,,,,,,,,,,,,,,,,,,,,,,,,,,,,,,,,,,,,Austin,2012-01-27
2013,1,27,,,,,,,,,,,,,,,,,,,,,,,,,,,,,,,,,,,,,,,,,,,,,,,,,,,,,,,,,,,,,,,,,,,,,Austin,2013-01-27
2014,1,27,82,111,64,2,0,14,40,22,17,14,79,93,40,61,50,1,0,8,21,12,9,8,42,50,33,43,9,1,0,5,15,9,8,5,32,37,1,0,2,0,0,0,1,0,0,0,1,1,8,7,3,0,0,1,3,1,0,1,4,5,1429,27,107,-279,-41,366,763,113,Austin,2014-01-27
2015,1,27,95,91,73,4,3,20,19,11,23,23,53,76,48,46,56,2,1,4,11,3,14,5,28,33,33,38,14,2,1,15,6,7,5,16,18,34,0,1,0,0,0,0,0,0,1,0,1,1,14,6,3,0,1,1,2,1,3,2,6,8,1505,17,132,-278,-40,366,670,118,Austin,2015-01-27
2016,1,27,103,112,85,5,1,15,27,14,18,16,59,75,54,49,61,1,0,6,16,8,12,6,36,42,38,53,13,3,1,8,5,5,4,9,14,23,0,4,3,0,0,0,1,0,1,0,2,2,11,6,8,1,0,1,5,1,1,1,7,8,1693,26,102,-284,-46,430,799,116,Austin,2016-01-27
2017,1,27,101,143,89,4,4,20,30,12,15,24,57,81,50,66,54,0,4,9,15,4,11,13,30,43,42,66,24,3,0,9,12,7,3,9,22,31,0,2,1,0,0,1,1,0,1,1,2,3,9,9,10,1,0,1,2,1,0,1,3,4,1766,24,104,-282,-44,399,967,122,Austin,2017-01-27
2018,1,27,103,137,82,18,1,26,18,21,10,27,49,76,46,62,53,9,0,9,13,12,5,9,30,39,52,65,21,6,1,15,5,7,4,16,16,32,1,1,2,0,0,0,0,0,0,0,0,0,4,9,6,3,0,2,0,2,1,2,3,5,1325,15,94,-281,-43,329,738,126,Austin,2018-01-27
2019,1,27,104,114,69,14,6,25,21,19,16,31,56,87,54,44,36,1,2,9,13,11,10,11,34,45,42,59,29,12,3,16,5,2,4,19,11,30,1,3,0,0,0,0,0,0,0,0,0,0,7,8,4,1,1,0,3,6,2,1,11,12,1256,13,91,-280,-42,346,703,133,Austin,2019-01-27
2020,1,27,93,174,74,13,4,15,20,21,31,19,72,91,47,94,50,4,3,7,14,17,17,10,48,58,37,66,12,9,1,6,5,2,10,7,17,24,0,1,2,0,0,0,0,0,1,0,1,1,9,13,10,0,0,2,1,2,3,2,6,8,1411,12,106,-279,-41,366,709,174,Austin,2020-01-27
2021,1,27,75,139,42,6,6,18,6,8,15,24,29,53,37,64,28,2,5,12,3,3,12,17,18,35,35,64,12,3,1,6,3,3,2,7,8,15,0,4,0,0,0,0,0,0,0,0,0,0,3,7,2,1,0,0,0,2,1,0,3,3,869,9,62,-284,-46,273,407,115,Austin,2021-01-27
2022,1,27,68,169,42,11,5,17,9,16,23,22,48,70,38,95,28,3,3,7,1,13,18,10,32,42,26,62,10,6,2,10,6,3,5,12,14,26,0,2,0,0,0,0,0,0,0,0,0,0,4,10,4,2,0,0,2,0,0,0,2,2,913,10,63,-283,-45,286,448,113,Austin,2022-01-27
2023,1,27,85,159,55,27,2,15,15,14,25,17,54,71,38,77,29,7,0,1,3,5,17,1,25,26,41,73,15,19,2,14,10,6,6,16,22,38,0,3,1,0,0,0,1,0,0,0,1,1,6,6,10,1,0,0,1,3,2,0,6,6,1034,14,83,-282,-44,302,528,124,Austin,2023-01-27
2024,1,27,77,129,49,18,4,19,12,9,23,23,44,67,32,66,24,2,3,5,4,4,15,8,23,31,34,56,21,14,1,13,7,4,6,14,17,31,0,1,0,0,0,0,0,0,0,0,0,0,11,6,4,2,0,1,1,1,2,1,4,5,931,5,73,-281,-43,273,476,102,Austin,2024-01-27
2012,2,27,,,,,,,,,,,,,,,,,,,,,,,,,,,,,,,,,,,,,,,,,,,,,,,,,,,,,,,,,,,,,,,,,,,,,Austin,2012-02-27
2013,2,27,,,,,,,,,,,,,,,,,,,,,,,,,,,,,,,,,,,,,,,,,,,,,,,,,,,,,,,,,,,,,,,,,,,,,Austin,2013-02-27
2014,2,27,83,109,99,2,3,7,23,12,16,10,51,61,46,63,78,0,0,2,11,10,9,2,30,32,29,32,12,2,2,4,11,2,5,6,18,24,1,0,2,0,0,0,0,0,0,0,0,0,7,14,7,0,1,1,1,0,2,2,3,5,1659,15,99,-248,-10,348,826,125,Austin,2014-02-27
2015,2,27,99,116,86,3,2,22,11,12,17,24,40,64,45,53,53,0,1,8,5,6,9,9,20,29,41,58,22,3,1,11,4,4,7,12,15,27,1,0,0,0,0,2,0,0,0,2,0,2,12,5,11,0,0,1,2,2,1,1,5,6,1518,15,113,-247,-9,370,814,114,Austin,2015-02-27
2016,2,27,119,118,84,17,2,30,15,16,19,32,50,82,55,53,55,2,1,8,12,9,11,9,32,41,47,56,21,15,1,21,3,5,7,22,15,37,1,1,0,0,0,0,0,0,0,0,0,0,16,8,8,0,0,1,0,2,1,1,3,4,1642,8,122,-253,-15,371,894,156,Austin,2016-02-27
2017,2,27,129,107,72,11,3,21,21,19,15,24,55,79,73,58,50,4,1,9,17,10,7,10,34,44,43,40,15,7,2,10,3,6,7,12,16,28,2,1,1,0,0,0,0,0,0,0,0,0,11,8,6,0,0,2,1,3,1,2,5,7,1545,19,108,-251,-13,354,792,156,Austin,2017-02-27
2018,2,27,129,142,88,10,0,16,14,14,17,16,45,61,73,75,58,2,0,9,7,9,15,9,31,40,46,57,14,7,0,7,6,2,2,7,10,17,0,2,5,0,0,0,1,0,0,0,1,1,10,8,11,1,0,0,0,3,0,0,3,3,1450,23,94,-250,-12,368,778,133,Austin,2018-02-27
2019,2,27,91,146,104,10,2,16,18,13,18,18,49,67,45,63,76,4,1,6,11,9,12,7,32,39,39,69,14,5,1,9,6,4,4,10,14,24,0,2,2,1,0,0,0,0,1,0,1,1,7,12,12,0,0,1,1,0,1,1,2,3,1466,19,106,-249,-11,387,772,147,Austin,2019-02-27
2020,2,27,110,128,105,10,2,19,17,13,27,21,57,78,66,62,80,0,1,11,9,11,15,12,35,47,34,59,15,10,1,7,7,1,7,8,15,23,0,1,1,0,0,0,0,0,0,0,0,0,10,6,9,0,0,1,1,1,5,1,7,8,1528,19,105,-248,-10,382,775,166,Austin,2020-02-27
2021,2,27,134,154,45,22,2,28,5,6,20,30,31,61,67,78,23,2,1,18,2,3,12,19,17,36,57,65,15,17,0,10,3,2,7,10,12,22,0,1,2,0,0,0,0,0,0,0,0,0,10,10,5,3,1,0,0,1,1,1,2,3,1075,8,71,-253,-15,322,546,161,Austin,2021-02-27
2022,2,27,83,122,49,30,0,16,14,5,14,16,33,49,28,52,23,4,0,6,6,4,7,6,17,23,46,59,19,23,0,10,7,1,4,10,12,22,0,0,1,0,0,0,1,0,2,0,3,3,9,11,6,3,0,0,0,0,1,0,1,1,918,11,70,-252,-14,273,472,125,Austin,2022-02-27
2023,2,27,75,180,63,21,6,17,12,10,40,23,62,85,44,112,46,7,4,9,10,8,29,13,47,60,24,54,9,13,2,7,2,2,9,9,13,22,0,2,2,0,0,0,0,0,1,0,1,1,7,12,6,1,0,1,0,0,1,1,1,2,1057,19,79,-251,-13,327,516,141,Austin,2023-02-27
2024,2,27,65,171,50,7,2,18,7,13,40,20,60,80,35,102,34,2,2,6,2,8,27,8,37,45,26,59,13,4,0,10,4,5,11,10,20,30,0,1,0,0,0,0,0,0,1,0,1,1,4,9,3,1,0,2,1,0,1,2,2,4,993,11,65,-250,-12,298,529,104,Austin,2024-02-27
2012,3,27,,,,,,,,,,,,,,,,,,,,,,,,,,,,,,,,,,,,,,,,,,,,,,,,,,,,,,,,,,,,,,,,,,,,,Austin,2012-03-27
2013,3,27,,,,,,,,,,,,,,,,,,,,,,,,,,,,,,,,,,,,,,,,,,,,,,,,,,,,,,,,,,,,,,,,,,,,,Austin,2013-03-27
2014,3,27,81,101,116,4,3,23,25,22,11,26,58,84,44,52,88,1,0,15,14,13,10,15,37,52,29,43,21,3,2,7,8,7,0,9,15,24,0,0,4,0,0,0,1,0,1,0,2,2,8,6,3,0,1,1,2,2,0,2,4,6,1605,15,100,-220,18,421,800,118,Austin,2014-03-27
2015,3,27,104,122,101,9,4,22,20,15,14,26,49,75,47,58,77,1,2,12,15,10,9,14,34,48,44,55,17,7,2,8,4,3,4,10,11,21,1,1,3,0,0,0,0,0,0,0,0,0,12,8,4,1,0,2,1,2,1,2,4,6,1788,18,127,-219,19,411,943,126,Austin,2015-03-27
2016,3,27,113,101,58,13,3,29,16,12,12,32,40,72,64,49,44,3,0,16,9,6,7,16,22,38,44,43,10,10,3,10,7,4,4,13,15,28,0,0,1,0,0,0,0,0,0,0,0,0,5,9,3,0,0,3,0,2,1,3,3,6,1276,9,89,-224,14,345,666,128,Austin,2016-03-27
2017,3,27,127,143,88,9,6,31,13,13,19,37,45,82,71,88,73,1,3,12,10,7,14,15,31,46,46,42,7,6,3,15,3,4,5,18,12,30,0,2,3,1,0,0,0,0,0,0,0,0,10,11,5,1,0,4,0,2,0,4,2,6,1692,18,112,-223,15,399,909,140,Austin,2017-03-27
2018,3,27,102,150,85,9,0,19,21,13,12,19,46,65,73,91,68,5,0,17,15,9,10,17,34,51,24,48,9,3,0,2,6,2,1,2,9,11,1,1,1,0,0,0,0,0,0,0,0,0,4,10,7,1,0,0,0,2,1,0,3,3,1508,26,89,-222,16,346,833,148,Austin,2018-03-27
2019,3,27,106,138,80,4,3,23,19,10,25,26,54,80,60,71,63,1,3,12,17,8,16,15,41,56,35,56,9,3,0,9,2,2,8,9,12,21,1,2,2,0,0,0,0,0,0,0,0,0,10,9,6,0,0,2,0,0,1,2,1,3,1457,15,96,-221,17,365,799,121,Austin,2019-03-27
2020,3,27,75,177,18,14,7,23,19,10,29,30,58,88,49,99,13,5,3,11,10,9,18,14,37,51,23,65,5,8,3,11,7,1,7,14,15,29,0,1,0,0,0,0,1,0,1,0,2,2,3,12,0,1,1,1,1,0,3,2,4,6,988,14,64,-219,19,290,513,116,Austin,2020-03-27
2021,3,27,121,181,44,32,4,25,9,15,18,29,42,71,48,106,28,6,2,9,3,11,13,11,27,38,65,60,13,22,2,13,5,4,5,15,14,29,1,2,0,0,0,0,0,0,0,0,0,0,7,13,3,4,0,3,1,0,0,3,1,4,1142,11,83,-225,13,333,582,188,Austin,2021-03-27
2022,3,27,95,133,51,42,1,37,7,9,31,38,47,85,45,74,25,8,0,19,3,6,22,19,31,50,42,51,24,32,1,17,3,3,5,18,11,29,1,0,0,0,0,0,0,0,1,0,1,1,7,8,2,2,0,1,1,0,3,1,4,5,1031,8,65,-224,14,277,532,163,Austin,2022-03-27
2023,3,27,84,186,52,20,2,27,13,4,43,29,60,89,46,112,42,3,0,8,8,2,30,8,40,48,32,63,8,14,1,18,5,2,7,19,14,33,1,2,0,0,1,0,0,0,1,1,1,2,5,9,2,3,0,1,0,0,5,1,5,6,990,8,53,-223,15,327,485,122,Austin,2023-03-27
2024,3,27,80,191,73,12,3,9,15,4,32,12,51,63,58,115,54,4,2,4,5,4,17,6,26,32,14,64,12,8,0,5,8,0,13,5,21,26,0,2,2,0,0,0,1,0,1,0,2,2,8,10,5,0,1,0,1,0,1,1,2,3,1014,11,76,-221,17,294,537,100,Austin,2024-03-27
2012,4,27,,,,,,,,,,,,,,,,,,,,,,,,,,,,,,,,,,,,,,,,,,,,,,,,,,,,,,,,,,,,,,,,,,,,,Austin,2012-04-27
2013,4,27,,,,,,,,,,,,,,,,,,,,,,,,,,,,,,,,,,,,,,,,,,,,,,,,,,,,,,,,,,,,,,,,,,,,,Austin,2013-04-27
2014,4,27,123,127,48,2,4,28,18,16,15,32,49,81,60,51,30,1,1,13,14,10,9,14,33,47,48,69,12,1,3,15,4,4,5,18,13,31,2,0,2,0,0,0,0,1,0,0,1,1,13,7,4,0,0,0,0,1,1,0,2,2,1510,10,118,-189,49,354,819,160,Austin,2014-04-27
2015,4,27,113,97,84,9,4,31,32,11,30,35,73,108,66,52,64,2,1,14,22,7,23,15,52,67,33,31,15,4,3,15,7,2,3,18,12,30,1,3,1,0,0,0,0,1,0,0,1,1,13,11,4,3,0,2,3,1,4,2,8,10,1614,28,111,-188,50,387,861,148,Austin,2015-04-27
2016,4,27,112,121,111,8,2,23,32,19,14,25,65,90,74,69,91,3,1,17,18,14,10,18,42,60,26,37,15,2,1,4,10,4,2,5,16,21,0,1,1,0,0,0,1,0,0,0,1,1,12,14,4,3,0,2,3,1,2,2,6,8,1684,20,102,-193,45,421,954,147,Austin,2016-04-27
2017,4,27,112,131,91,8,3,14,21,16,12,17,49,66,73,86,75,2,1,8,16,12,7,9,35,44,34,34,11,3,1,5,4,3,4,6,11,17,0,2,4,0,0,1,0,0,0,1,0,1,5,9,1,3,1,0,1,1,1,1,3,4,1710,22,118,-192,46,429,868,129,Austin,2017-04-27
2018,4,27,100,138,80,4,6,29,19,12,10,35,41,76,72,68,71,3,3,21,12,9,6,24,27,51,20,66,6,1,1,5,5,3,3,6,11,17,0,0,0,0,1,0,1,0,0,1,1,2,8,4,3,0,1,3,1,0,1,4,2,6,1670,15,120,-191,47,379,898,163,Austin,2018-04-27
2019,4,27,126,152,68,11,2,32,12,13,13,34,38,72,65,95,55,6,1,13,6,8,7,14,21,35,49,45,13,4,1,12,5,5,3,13,13,26,0,1,0,0,0,0,0,0,2,0,2,2,12,11,0,1,0,7,1,0,1,7,2,9,1465,22,111,-190,48,348,822,151,Austin,2019-04-27
2020,4,27,80,140,35,16,2,18,18,7,30,20,55,75,60,88,27,4,2,11,10,6,25,13,41,54,15,42,7,9,0,6,8,0,4,6,12,18,0,3,0,0,0,0,0,0,0,0,0,0,5,7,1,3,0,1,0,1,1,1,2,3,1064,15,84,-188,50,326,562,109,Austin,2020-04-27
2021,4,27,98,159,50,16,2,16,13,10,25,18,48,66,71,90,38,2,1,12,9,6,23,13,38,51,18,59,4,9,1,4,3,2,1,5,6,11,2,1,1,0,0,0,0,0,0,0,0,0,7,9,7,5,0,0,1,2,1,0,4,4,1037,14,74,-194,44,317,525,163,Austin,2021-04-27
2022,4,27,83,175,59,13,5,12,21,9,29,17,59,76,52,103,50,1,3,6,14,6,26,9,46,55,21,52,9,9,1,4,6,2,3,5,11,16,1,3,0,0,0,0,0,0,0,0,0,0,9,17,0,3,1,2,1,1,0,3,2,5,1014,6,78,-193,45,264,533,167,Austin,2022-04-27
2023,4,27,82,144,72,13,2,21,13,8,32,23,53,76,47,83,50,5,1,12,9,5,23,13,37,50,25,46,15,6,1,5,4,2,7,6,13,19,1,3,2,1,0,1,0,0,1,1,1,2,9,12,5,1,0,3,0,1,1,3,2,5,1044,18,72,-192,46,304,565,108,Austin,2023-04-27
2024,4,27,105,163,62,28,3,23,7,9,22,26,38,64,56,92,39,5,2,11,2,5,17,13,24,37,37,61,19,20,1,9,5,2,5,10,12,22,1,0,0,0,0,1,0,0,0,1,0,1,11,10,4,3,0,2,0,2,0,2,2,4,1049,9,70,-190,48,235,596,163,Austin,2024-04-27
2012,5,27,,,,,,,,,,,,,,,,,,,,,,,,,,,,,,,,,,,,,,,,,,,,,,,,,,,,,,,,,,,,,,,,,,,,,Austin,2012-05-27
2013,5,27,,,,,,,,,,,,,,,,,,,,,,,,,,,,,,,,,,,,,,,,,,,,,,,,,,,,,,,,,,,,,,,,,,,,,Austin,2013-05-27
2014,5,27,94,118,82,4,2,20,40,13,16,22,69,91,62,84,69,0,1,13,30,9,10,14,49,63,26,31,7,3,1,7,5,4,5,8,14,22,2,0,2,0,0,0,0,0,1,0,1,1,4,3,4,1,0,0,5,0,0,0,5,5,1588,16,115,-159,79,414,814,116,Austin,2014-05-27
2015,5,27,92,130,79,3,2,23,20,10,18,25,48,73,66,79,62,2,0,7,11,4,17,7,32,39,17,38,6,1,2,11,6,3,1,13,10,23,2,0,0,0,0,1,0,0,0,1,0,1,7,13,11,0,0,4,3,3,0,4,6,10,1619,23,143,-158,80,402,808,156,Austin,2015-05-27
2016,5,27,99,121,113,5,4,23,27,27,11,27,65,92,69,81,90,4,1,16,18,18,6,17,42,59,24,35,16,1,3,4,9,7,5,7,21,28,0,0,1,0,0,0,0,0,0,0,0,0,6,5,6,0,0,3,0,2,0,3,2,5,1644,14,147,-163,75,371,907,144,Austin,2016-05-27
2017,5,27,118,124,59,15,1,33,17,10,14,34,41,75,65,70,40,4,1,17,13,7,7,18,27,45,47,41,18,9,0,12,3,2,7,12,12,24,0,0,0,0,0,0,0,0,0,0,0,0,6,13,1,2,0,4,1,1,0,4,2,6,1565,9,128,-162,76,370,863,164,Austin,2017-05-27
2018,5,27,103,119,47,12,6,45,13,20,9,51,42,93,56,73,33,3,3,20,7,12,8,23,27,50,34,33,12,6,3,20,3,6,1,23,10,33,3,0,1,0,0,0,0,0,0,0,0,0,10,13,1,3,0,5,3,2,0,5,5,10,1340,16,112,-161,77,348,705,137,Austin,2018-05-27
2019,5,27,115,154,47,10,5,29,29,14,21,34,64,98,67,85,32,3,2,17,18,12,16,19,46,65,35,44,8,5,3,10,6,2,5,13,13,26,2,2,0,0,0,0,0,0,0,0,0,0,11,23,7,2,0,2,5,0,0,2,5,7,1495,21,146,-160,78,395,757,155,Austin,2019-05-27
2020,5,27,88,144,30,17,2,27,25,16,30,29,71,100,64,92,23,4,1,19,14,15,21,20,50,70,17,42,3,10,0,5,9,0,8,5,17,22,1,2,0,0,0,0,0,1,0,0,1,1,6,8,4,3,1,3,2,0,1,4,3,7,1199,19,83,-158,80,348,589,126,Austin,2020-05-27
2021,5,27,111,163,50,18,9,28,5,8,22,37,35,72,66,109,40,6,7,19,3,7,16,26,26,52,35,44,7,10,0,8,2,1,6,8,9,17,1,0,0,1,2,0,0,0,0,2,0,2,9,10,3,1,0,1,0,0,0,1,0,1,1122,15,91,-164,74,313,593,177,Austin,2021-05-27
2022,5,27,103,167,65,22,4,20,12,8,23,24,43,67,62,100,45,13,3,10,6,6,17,13,29,42,25,43,11,6,0,8,4,1,4,8,9,17,3,2,1,1,1,0,0,0,1,1,1,2,13,22,8,2,0,2,2,1,1,2,4,6,1186,13,108,-163,75,337,621,162,Austin,2022-05-27
2023,5,27,104,155,52,27,2,23,6,8,36,25,50,75,61,93,42,5,1,11,1,7,23,12,31,43,36,42,8,20,1,11,5,1,11,12,17,29,0,1,0,0,0,0,0,0,1,0,1,1,7,19,2,2,0,1,0,0,1,1,1,2,1020,7,97,-162,76,273,536,145,Austin,2023-05-27
2024,5,27,90,157,44,17,5,32,10,7,23,37,40,77,57,100,30,3,1,18,0,5,16,19,21,40,28,38,9,10,3,9,8,2,2,12,12,24,1,1,1,0,0,0,0,0,0,0,0,0,4,18,4,4,1,5,2,0,5,6,7,13,1051,13,92,-160,78,264,618,118,Austin,2024-05-27
2012,6,27,,,,,,,,,,,,,,,,,,,,,,,,,,,,,,,,,,,,,,,,,,,,,,,,,,,,,,,,,,,,,,,,,,,,,Austin,2012-06-27
2013,6,27,,,,,,,,,,,,,,,,,,,,,,,,,,,,,,,,,,,,,,,,,,,,,,,,,,,,,,,,,,,,,,,,,,,,,Austin,2013-06-27
2014,6,27,121,120,79,10,2,23,27,20,17,25,64,89,72,73,60,3,1,13,18,16,12,14,46,60,36,34,10,6,1,8,7,2,3,9,12,21,0,0,2,0,0,0,0,0,0,0,0,0,13,13,7,1,0,2,2,2,2,2,6,8,1857,14,190,-128,110,435,952,154,Austin,2014-06-27
2015,6,27,156,123,72,17,5,22,25,24,11,27,60,87,91,67,49,3,2,10,15,15,9,12,39,51,53,48,21,7,3,11,6,4,1,14,11,25,1,1,0,0,0,0,0,0,0,0,0,0,11,7,2,7,0,1,4,5,1,1,10,11,1712,7,157,-127,111,401,928,158,Austin,2015-06-27
2016,6,27,118,144,78,2,8,14,21,23,24,22,68,90,78,88,69,1,5,7,12,20,20,12,52,64,23,45,4,1,2,4,6,2,0,6,8,14,0,2,2,0,0,0,0,0,1,0,1,1,17,9,3,0,1,3,3,1,3,4,7,11,1592,20,178,-132,106,395,891,141,Austin,2016-06-27
2017,6,27,106,144,87,6,1,21,27,16,12,22,55,77,71,80,72,2,1,13,24,10,10,14,44,58,24,45,7,3,0,6,2,3,1,6,6,12,0,1,2,0,0,0,0,0,0,0,0,0,11,18,6,1,0,2,1,3,1,2,5,7,1693,23,133,-131,107,434,854,139,Austin,2017-06-27
2018,6,27,127,127,87,7,3,22,26,21,22,25,69,94,93,83,74,3,1,14,22,15,19,15,56,71,24,31,7,2,2,6,1,5,2,8,8,16,0,1,0,0,0,0,1,0,1,0,2,2,10,12,6,2,0,2,2,1,0,2,3,5,1531,23,120,-130,108,384,826,155,Austin,2018-06-27
2019,6,27,102,148,88,9,6,16,33,19,28,22,80,102,67,103,77,3,4,11,23,11,22,15,56,71,20,35,7,3,2,4,10,7,4,6,21,27,1,2,2,0,0,0,0,0,0,0,0,0,14,8,2,3,0,1,0,1,2,1,3,4,1490,18,127,-129,109,397,771,142,Austin,2019-06-27
2020,6,27,100,128,48,29,9,27,24,11,13,36,48,84,58,77,39,10,5,16,15,7,9,21,31,52,29,42,7,16,4,10,9,3,3,14,15,29,1,2,0,0,0,0,0,0,0,0,0,0,12,7,2,3,0,1,0,1,1,1,2,3,1010,14,82,-127,111,295,525,150,Austin,2020-06-27
2021,6,27,96,171,61,32,8,26,11,8,21,34,40,74,50,109,40,8,5,19,3,4,14,24,21,45,42,48,16,20,3,6,6,4,6,9,16,25,0,1,0,0,0,0,0,0,0,0,0,0,4,13,5,4,0,1,2,0,1,1,3,4,1089,7,83,-133,105,310,544,197,Austin,2021-06-27
2022,6,27,105,155,66,12,6,22,13,7,30,28,50,78,70,114,50,3,1,12,5,3,26,13,34,47,27,29,8,5,4,8,6,2,3,12,11,23,1,0,0,0,0,0,1,0,0,0,1,1,7,12,8,4,1,2,1,2,1,3,4,7,1065,14,87,-132,106,280,589,135,Austin,2022-06-27
2023,6,27,83,141,59,8,5,12,9,12,31,17,52,69,47,98,48,2,4,6,5,10,28,10,43,53,23,34,7,5,1,5,3,0,2,6,5,11,1,0,3,0,0,0,0,1,0,0,1,1,12,9,1,1,0,1,1,1,1,1,3,4,948,11,80,-131,107,281,502,117,Austin,2023-06-27
2024,6,27,64,160,88,13,6,12,7,11,37,18,55,73,42,112,74,8,2,9,4,7,29,11,40,51,13,34,8,5,4,2,3,1,5,6,9,15,1,1,0,0,0,0,0,0,1,0,1,1,8,13,6,0,0,1,0,3,2,1,5,6,1159,12,108,-129,109,296,635,149,Austin,2024-06-27
2012,7,27,,,,,,,,,,,,,,,,,,,,,,,,,,,,,,,,,,,,,,,,,,,,,,,,,,,,,,,,,,,,,,,,,,,,,Austin,2012-07-27
2013,7,27,,,,,,,,,,,,,,,,,,,,,,,,,,,,,,,,,,,,,,,,,,,,,,,,,,,,,,,,,,,,,,,,,,,,,Austin,2013-07-27
2014,7,27,144,99,66,8,7,31,19,22,16,38,57,95,73,41,41,0,2,20,13,15,10,22,38,60,54,49,22,5,5,10,6,6,6,15,18,33,1,0,0,0,0,0,0,0,0,0,0,0,16,9,3,3,0,1,0,1,0,1,1,2,1532,12,136,-98,140,389,770,158,Austin,2014-07-27
2015,7,27,103,140,75,5,2,23,23,18,19,25,60,85,80,88,58,3,0,12,14,12,15,12,41,53,18,34,8,1,1,7,7,1,4,8,12,20,0,3,1,0,0,1,0,0,0,1,0,1,5,15,8,1,1,3,2,5,0,4,7,11,1609,19,140,-97,141,372,832,168,Austin,2015-07-27
2016,7,27,104,132,100,5,2,16,22,19,10,18,51,69,67,81,87,1,2,9,17,12,3,11,32,43,29,41,11,4,0,4,3,5,6,4,14,18,1,1,1,0,0,1,1,0,0,1,1,2,7,9,1,0,0,2,1,2,1,2,4,6,1512,20,101,-102,136,428,837,117,Austin,2016-07-27
2017,7,27,105,146,85,11,2,15,20,11,17,17,48,65,76,82,69,2,1,7,14,10,13,8,37,45,22,46,9,5,1,7,5,1,4,8,10,18,0,3,0,0,0,1,0,0,0,1,0,1,7,15,7,4,0,0,1,0,0,0,1,1,1634,21,151,-101,137,362,890,148,Austin,2017-07-27
2018,7,27,96,154,92,9,1,20,18,8,16,21,42,63,57,104,73,1,1,13,10,4,13,14,27,41,29,37,11,5,0,5,8,3,3,5,14,19,2,4,2,0,0,0,0,0,0,0,0,0,8,9,6,3,0,2,0,1,0,2,1,3,1623,23,133,-100,138,386,957,148,Austin,2018-07-27
2019,7,27,118,173,69,8,5,30,20,19,11,35,50,85,76,104,47,0,2,16,14,15,10,18,39,57,31,54,17,7,3,10,6,2,0,13,8,21,2,1,1,0,0,0,0,0,0,0,0,0,9,14,4,1,0,4,0,2,1,4,3,7,1360,14,104,-99,139,388,709,151,Austin,2019-07-27
2020,7,27,79,151,34,17,2,23,2,13,31,25,46,71,52,95,22,4,0,12,0,10,27,12,37,49,19,45,7,8,2,9,1,2,3,11,6,17,0,1,0,0,0,0,0,0,0,0,0,0,8,10,5,5,0,2,1,1,1,2,3,5,998,9,97,-97,141,275,526,144,Austin,2020-07-27
2021,7,27,90,158,63,20,4,22,9,8,16,26,33,59,59,99,52,10,3,13,7,3,10,16,20,36,23,48,7,9,1,9,1,4,5,10,10,20,3,1,2,0,0,0,0,0,0,0,0,0,5,10,2,1,0,0,1,1,1,0,3,3,1077,18,80,-103,135,326,549,148,Austin,2021-07-27
2022,7,27,84,163,50,12,3,19,12,14,23,22,49,71,52,111,45,4,0,8,5,8,19,8,32,40,23,39,2,5,2,10,6,5,3,12,14,26,0,0,1,0,0,0,0,0,0,0,0,0,9,13,2,3,1,1,1,1,1,2,3,5,1011,8,59,-102,136,289,560,111,Austin,2022-07-27
2023,7,27,79,176,63,11,2,20,8,8,25,22,41,63,50,109,53,4,1,10,3,4,20,11,27,38,24,55,7,6,1,8,5,3,2,9,10,19,0,1,0,0,0,0,0,0,2,0,2,2,5,11,3,1,0,2,0,1,1,2,2,4,1078,11,90,-101,137,265,576,131,Austin,2023-07-27
2024,7,27,104,175,69,33,4,22,10,15,32,26,57,83,53,113,44,9,2,12,4,12,26,14,42,56,41,54,20,22,2,8,5,2,3,10,10,20,0,0,0,0,0,0,1,0,0,0,1,1,10,8,5,2,0,2,0,1,3,2,4,6,1092,5,90,-99,139,262,631,153,Austin,2024-07-27
2012,8,27,,,,,,,,,,,,,,,,,,,,,,,,,,,,,,,,,,,,,,,,,,,,,,,,,,,,,,,,,,,,,,,,,,,,,Austin,2012-08-27
2013,8,27,,,,,,,,,,,,,,,,,,,,,,,,,,,,,,,,,,,,,,,,,,,,,,,,,,,,,,,,,,,,,,,,,,,,,Austin,2013-08-27
2014,8,27,107,115,76,3,4,17,19,12,15,21,46,67,62,67,66,2,0,10,13,8,9,10,30,40,33,38,6,1,4,5,5,3,5,9,13,22,0,2,1,0,0,0,0,0,0,0,0,0,12,8,3,0,0,2,1,1,1,2,3,5,1832,31,110,-67,171,413,852,117,Austin,2014-08-27
2015,8,27,99,114,81,2,5,22,18,15,5,27,38,65,62,66,67,2,2,17,13,9,3,19,25,44,23,36,7,0,1,4,4,2,2,5,8,13,1,0,5,0,0,0,0,0,0,0,0,0,13,12,2,0,2,1,1,4,0,3,5,8,1704,22,144,-66,172,398,850,119,Austin,2015-08-27
2016,8,27,128,128,77,6,9,30,27,18,16,39,61,100,70,61,57,1,3,11,18,12,9,14,39,53,49,58,17,5,6,17,8,5,6,23,19,42,1,0,0,0,0,0,0,0,0,0,0,0,8,9,3,0,0,2,1,1,1,2,3,5,1540,12,101,-71,167,413,860,147,Austin,2016-08-27
2017,8,27,86,86,66,13,4,27,16,9,14,31,39,70,40,50,40,3,1,10,9,8,10,11,27,38,38,30,21,9,2,12,5,0,4,14,9,23,0,0,0,0,0,1,0,0,0,1,0,1,8,6,5,1,1,4,2,1,0,5,3,8,1210,26,69,-70,168,255,818,97,Austin,2017-08-27
2018,8,27,87,138,69,7,4,24,33,8,15,28,56,84,56,77,59,4,3,13,26,4,10,16,40,56,24,52,6,3,1,10,5,3,3,11,11,22,0,1,1,0,0,0,0,0,0,0,0,0,7,8,3,0,0,1,2,1,2,1,5,6,1503,10,95,-69,169,364,809,155,Austin,2018-08-27
2019,8,27,96,145,80,6,2,24,17,17,29,26,63,89,59,88,65,1,1,13,11,14,25,14,50,64,29,48,10,4,0,8,4,2,2,8,8,16,0,0,3,0,0,0,0,0,0,0,0,0,8,9,2,1,1,3,2,1,2,4,5,9,1449,21,82,-68,170,397,715,142,Austin,2019-08-27
2020,8,27,82,171,46,7,3,24,11,13,20,27,44,71,55,99,31,1,1,15,4,9,17,16,30,46,16,59,9,5,2,7,5,4,1,9,10,19,1,3,4,0,0,0,1,0,0,0,1,1,10,10,2,1,0,2,1,0,2,2,3,5,1009,17,82,-66,172,285,560,117,Austin,2020-08-27
2021,8,27,107,179,53,12,2,18,9,8,26,20,43,63,72,119,37,2,2,5,3,3,21,7,27,34,25,50,12,9,0,11,3,2,3,11,8,19,4,1,1,0,0,1,1,0,0,1,1,2,6,9,3,1,0,1,2,3,2,1,7,8,1169,20,82,-72,166,315,626,161,Austin,2021-08-27
2022,8,27,95,159,68,24,1,23,3,7,24,24,34,58,43,95,45,3,1,10,1,4,20,11,25,36,44,52,18,17,0,9,2,2,3,9,7,16,0,2,1,0,0,1,0,0,1,1,1,2,8,10,4,4,0,3,0,1,0,3,1,4,1076,11,79,-71,167,292,562,169,Austin,2022-08-27
2023,8,27,66,119,48,28,3,26,7,9,25,29,41,70,30,78,26,5,1,12,2,8,19,13,29,42,32,36,17,20,2,11,4,1,6,13,11,24,0,0,1,0,0,1,0,0,0,1,0,1,4,5,4,3,0,2,1,0,0,2,1,3,885,6,49,-70,168,247,490,95,Austin,2023-08-27
2024,8,27,75,168,62,14,2,20,8,8,30,22,46,68,45,108,47,5,1,12,5,8,21,13,34,47,18,43,12,7,1,7,3,0,5,8,8,16,0,4,2,0,0,0,0,0,1,0,1,1,12,13,1,2,0,1,0,0,3,1,3,4,1106,15,96,-68,170,297,589,126,Austin,2024-08-27
2012,9,27,,,,,,,,,,,,,,,,,,,,,,,,,,,,,,,,,,,,,,,,,,,,,,,,,,,,,,,,,,,,,,,,,,,,,Austin,2012-09-27
2013,9,27,,,,,,,,,,,,,,,,,,,,,,,,,,,,,,,,,,,,,,,,,,,,,,,,,,,,,,,,,,,,,,,,,,,,,Austin,2013-09-27
2014,9,27,130,118,47,3,3,31,16,16,17,34,49,83,64,68,31,1,0,11,7,11,13,11,31,42,54,43,13,2,3,18,9,5,3,21,17,38,0,1,1,0,0,0,0,0,0,0,0,0,12,6,2,0,0,2,0,0,1,2,1,3,1638,21,96,-36,202,367,932,145,Austin,2014-09-27
2015,9,27,115,126,62,5,2,27,25,21,9,29,55,84,47,58,39,2,1,8,14,12,8,9,34,43,61,60,18,3,1,18,11,8,1,19,20,39,1,1,1,0,0,1,0,0,0,1,0,1,6,7,4,0,0,0,0,1,0,0,1,1,1411,16,83,-35,203,363,748,155,Austin,2015-09-27
2016,9,27,108,143,72,7,1,25,23,9,15,26,47,73,65,77,55,0,0,19,15,8,12,19,35,54,30,51,9,7,1,4,6,1,1,5,8,13,0,2,1,0,0,0,2,0,1,0,3,3,13,13,7,0,0,2,0,0,1,2,1,3,1584,24,108,-40,198,387,859,111,Austin,2016-09-27
2017,9,27,106,148,74,6,5,16,11,13,25,21,49,70,65,83,42,5,3,12,5,7,18,15,30,45,32,53,22,1,1,4,5,5,7,5,17,22,1,1,4,0,1,0,0,0,0,1,0,1,8,11,6,0,0,0,1,1,0,0,2,2,1435,24,79,-39,199,352,776,138,Austin,2017-09-27
2018,9,27,83,141,80,15,1,19,21,17,13,20,51,71,57,74,53,4,1,5,15,9,12,6,36,42,22,55,18,10,0,10,5,6,1,10,12,22,1,1,5,0,0,0,1,0,0,0,1,1,3,11,4,1,0,4,0,2,0,4,2,6,1425,19,79,-38,200,365,764,138,Austin,2018-09-27
2019,9,27,127,161,92,5,6,39,18,10,18,45,46,91,75,82,73,2,4,21,11,7,14,25,32,57,42,69,13,2,1,16,5,2,4,17,11,28,0,0,3,0,0,0,0,0,0,0,0,0,10,10,3,1,1,2,2,1,0,3,3,6,1505,23,81,-37,201,418,744,178,Austin,2019-09-27
2020,9,27,113,152,55,25,4,24,16,3,25,28,44,72,52,65,31,8,0,13,2,3,15,13,20,33,54,77,20,15,4,10,11,0,6,14,17,31,0,2,0,0,0,0,1,0,0,0,1,1,7,8,4,2,0,1,2,0,4,1,6,7,1023,15,75,-35,203,310,513,164,Austin,2020-09-27
2021,9,27,107,200,47,17,3,14,14,6,26,17,46,63,69,116,30,6,2,9,6,5,19,11,30,41,30,67,11,10,1,3,8,1,7,4,16,20,1,1,3,0,0,0,0,0,0,0,0,0,7,16,3,1,0,2,0,0,0,2,0,2,1022,13,64,-41,197,312,515,135,Austin,2021-09-27
2022,9,27,85,163,67,15,2,20,12,7,31,22,50,72,46,92,52,8,1,14,6,4,21,15,31,46,26,61,10,6,1,5,5,3,6,6,14,20,3,2,3,0,0,1,1,0,1,1,2,3,10,8,2,1,0,0,0,0,3,0,3,3,999,18,67,-40,198,287,519,146,Austin,2022-09-27
2023,9,27,81,145,47,10,5,8,16,11,24,13,51,64,47,102,39,2,3,3,5,7,16,6,28,34,28,36,6,5,2,5,9,3,5,7,17,24,0,0,2,0,0,0,1,0,0,0,1,1,6,7,0,3,0,0,1,1,3,0,5,5,1010,10,69,-39,199,280,535,111,Austin,2023-09-27
2024,9,27,85,144,67,20,3,19,8,5,18,22,31,53,45,85,49,4,3,13,3,2,13,16,18,34,33,53,9,12,0,5,5,2,2,5,9,14,2,1,1,0,0,0,0,0,0,0,0,0,5,5,8,4,0,1,0,1,3,1,4,5,1071,15,74,-37,201,285,551,121,Austin,2024-09-27
2012,10,27,,,,,,,,,,,,,,,,,,,,,,,,,,,,,,,,,,,,,,,,,,,,,,,,,,,,,,,,,,,,,,,,,,,,,Austin,2012-10-27
2013,10,27,,,,,,,,,,,,,,,,,,,,,,,,,,,,,,,,,,,,,,,,,,,,,,,,,,,,,,,,,,,,,,,,,,,,,Austin,2013-10-27
2014,10,27,109,120,100,8,2,19,32,6,19,21,57,78,53,61,73,2,2,6,17,3,14,8,34,42,44,51,18,6,0,9,12,2,4,9,18,27,0,2,3,0,0,0,0,0,0,0,0,0,12,6,6,0,0,4,3,1,1,4,5,9,1547,25,94,-6,232,402,777,136,Austin,2014-10-27
2015,10,27,101,132,98,4,4,16,17,23,12,20,52,72,49,69,76,0,4,9,9,12,11,13,32,45,42,52,14,2,0,3,6,9,1,3,16,19,0,1,1,0,0,0,0,0,0,0,0,0,10,10,7,2,0,4,2,2,0,4,4,8,1606,20,116,-5,233,355,847,127,Austin,2015-10-27
2016,10,27,94,143,103,7,5,13,24,14,16,18,54,72,52,77,67,1,3,7,14,8,12,10,34,44,34,55,21,6,2,5,8,5,4,7,17,24,1,0,4,0,0,0,0,0,0,0,0,0,7,11,11,0,0,1,2,1,0,1,3,4,1671,22,128,-10,228,400,920,150,Austin,2016-10-27
2017,10,27,98,133,94,7,3,23,29,12,19,26,60,86,46,63,68,2,1,7,17,9,13,8,39,47,45,59,17,5,2,9,11,2,5,11,18,29,2,2,1,0,0,0,0,1,0,0,1,1,5,9,8,0,0,7,1,0,1,7,2,9,1616,17,90,-9,229,358,873,164,Austin,2017-10-27
2018,10,27,125,108,63,16,2,24,21,10,19,26,50,76,58,61,43,1,2,9,13,7,10,11,30,41,56,41,15,13,0,14,6,3,8,14,17,31,1,2,0,0,0,1,1,0,0,1,1,2,10,4,5,2,0,0,1,0,1,0,2,2,1363,17,85,-8,230,344,787,135,Austin,2018-10-27
2019,10,27,108,145,49,19,4,27,25,12,28,31,65,96,59,69,30,3,1,10,14,6,14,11,34,45,39,66,16,14,3,14,8,5,11,17,24,41,0,0,0,0,0,1,0,0,0,1,0,1,10,10,3,2,0,2,3,1,3,2,7,9,1278,8,90,-7,231,327,720,167,Austin,2019-10-27
2020,10,27,58,124,47,4,2,13,4,5,28,15,37,52,26,80,34,3,1,7,1,2,20,8,23,31,23,42,10,1,1,3,2,2,7,4,11,15,2,0,2,0,0,0,1,0,0,0,1,1,7,2,1,0,0,3,0,1,1,3,2,5,885,17,54,-5,233,304,453,91,Austin,2020-10-27
2021,10,27,76,127,70,19,1,16,11,5,28,17,44,61,52,58,43,6,0,10,4,2,14,10,20,30,18,55,20,9,1,5,7,3,12,6,22,28,1,4,3,2,0,0,0,0,2,0,2,2,5,10,4,2,0,1,0,0,0,1,0,1,982,23,49,-11,227,280,523,136,Austin,2021-10-27
2022,10,27,90,158,64,17,1,14,14,14,35,15,63,78,48,91,40,6,1,8,5,9,27,9,41,50,35,60,15,10,0,6,7,4,5,6,16,22,2,1,5,0,0,0,0,0,1,0,1,1,5,6,4,1,0,0,2,1,2,0,5,5,984,16,58,-10,228,274,518,140,Austin,2022-10-27
2023,10,27,96,190,77,13,2,28,13,13,38,30,64,94,50,111,47,5,1,15,2,8,26,16,36,52,39,61,21,7,1,13,10,3,11,14,24,38,1,3,3,0,0,0,0,0,1,0,1,1,6,15,6,1,0,0,1,2,0,0,3,3,1191,15,79,-9,229,344,625,159,Austin,2023-10-27
2024,10,27,87,132,56,29,3,26,8,11,25,29,44,73,35,66,27,5,2,12,5,5,18,14,28,42,44,56,26,24,1,12,2,5,4,13,11,24,2,1,0,0,0,0,1,0,0,0,1,1,6,9,3,0,0,2,0,1,3,2,4,6,1021,10,71,-7,231,275,543,159,Austin,2024-10-27
2012,11,27,,,,,,,,,,,,,,,,,,,,,,,,,,,,,,,,,,,,,,,,,,,,,,,,,,,,,,,,,,,,,,,,,,,,,Austin,2012-11-27
2013,11,27,,,,,,,,,,,,,,,,,,,,,,,,,,,,,,,,,,,,,,,,,,,,,,,,,,,,,,,,,,,,,,,,,,,,,Austin,2013-11-27
2014,11,27,80,76,47,7,1,20,29,8,6,21,43,64,31,24,23,1,1,8,9,4,1,9,14,23,43,42,19,5,0,10,19,4,4,10,27,37,1,1,1,0,0,0,0,0,0,0,0,0,5,9,4,1,0,2,1,0,1,2,2,4,1067,12,78,25,263,288,575,80,Austin,2014-11-27
2015,11,27,75,106,83,8,4,18,16,14,12,22,42,64,36,52,40,2,1,8,8,9,7,9,24,33,35,45,34,6,2,9,8,4,2,11,14,25,0,0,1,0,0,0,0,0,0,0,0,0,4,9,8,0,1,1,0,1,3,2,4,6,1260,5,87,26,264,315,737,107,Austin,2015-11-27
2016,11,27,101,121,42,11,5,21,32,21,19,26,72,98,40,45,22,5,2,7,17,12,12,9,41,50,52,63,16,6,3,13,13,8,4,16,25,41,1,0,0,0,0,0,0,0,0,0,0,0,8,13,4,0,0,1,2,1,3,1,6,7,1323,5,96,21,259,351,677,141,Austin,2016-11-27
2017,11,27,95,145,83,11,4,20,21,10,17,24,48,72,46,67,57,2,1,9,13,5,11,10,29,39,42,63,14,9,3,10,6,3,3,13,12,25,1,3,1,0,0,0,1,0,2,0,3,3,6,12,11,0,0,1,1,2,1,1,4,5,1364,23,103,22,260,332,702,133,Austin,2017-11-27
2018,11,27,84,101,81,8,3,21,22,19,22,24,63,87,41,48,60,5,1,6,13,13,11,7,37,44,32,44,16,2,2,12,8,5,10,14,23,37,1,2,0,0,0,0,0,0,0,0,0,0,10,7,5,1,0,3,1,1,1,3,3,6,1325,11,102,23,261,367,689,110,Austin,2018-11-27
2019,11,27,99,192,72,7,4,20,30,14,26,24,70,94,54,102,51,4,1,9,16,7,13,10,36,46,36,75,14,3,3,9,13,5,12,12,30,42,0,3,2,0,0,0,0,0,0,0,0,0,9,12,5,0,0,2,1,2,1,2,4,6,1348,21,82,24,262,371,694,146,Austin,2019-11-27
2020,11,27,102,124,58,17,9,29,5,12,31,38,48,86,50,59,34,3,5,10,2,9,20,15,31,46,49,52,19,11,4,19,2,3,10,23,15,38,0,2,0,1,0,0,0,0,0,0,0,0,3,11,5,2,0,0,1,0,1,0,2,2,929,8,58,26,264,346,400,126,Austin,2020-11-27
2021,11,27,69,133,71,22,4,18,10,12,21,22,43,65,24,60,47,7,1,7,1,6,13,8,20,28,40,60,16,14,3,11,8,5,7,14,20,34,1,2,1,0,0,0,0,0,0,0,0,0,4,11,7,1,0,0,1,1,1,0,3,3,902,7,56,20,258,276,478,116,Austin,2021-11-27
2022,11,27,80,138,39,14,1,26,17,7,39,27,63,90,29,58,17,1,0,7,5,6,23,7,34,41,43,73,18,12,1,17,10,1,15,18,26,44,1,4,0,0,0,0,2,0,1,0,3,3,7,3,4,1,0,2,0,0,0,2,0,2,884,13,62,21,259,286,442,105,Austin,2022-11-27
2023,11,27,84,120,57,7,2,17,10,5,32,19,47,66,54,67,30,4,0,12,3,3,26,12,32,44,22,41,12,3,2,3,5,2,5,5,12,17,0,3,1,0,0,1,1,0,0,1,1,2,8,9,14,0,0,1,1,0,1,1,2,3,911,13,80,22,260,271,472,88,Austin,2023-11-27
2024,11,27,77,164,56,16,7,15,9,9,17,22,35,57,40,83,35,4,5,5,4,3,13,10,20,30,32,72,10,12,2,8,4,6,2,10,12,22,1,3,0,0,0,1,0,0,0,1,0,1,4,6,11,0,0,1,1,0,2,1,3,4,1071,16,73,24,262,281,595,124,Austin,2024-11-27
2012,12,27,,,,,,,,,,,,,,,,,,,,,,,,,,,,,,,,,,,,,,,,,,,,,,,,,,,,,,,,,,,,,,,,,,,,,Austin,2012-12-27
2013,12,27,,,,,,,,,,,,,,,,,,,,,,,,,,,,,,,,,,,,,,,,,,,,,,,,,,,,,,,,,,,,,,,,,,,,,Austin,2013-12-27
2014,12,27,87,84,56,17,4,19,21,18,11,23,50,73,26,34,40,4,1,5,9,11,8,6,28,34,58,44,11,11,3,10,9,4,3,13,16,29,0,1,1,0,0,0,0,0,0,0,0,0,3,5,4,2,0,4,3,3,0,4,6,10,1236,16,94,55,293,311,628,92,Austin,2014-12-27
2015,12,27,83,64,66,11,5,26,30,9,13,31,52,83,31,20,32,1,0,15,18,8,6,15,32,47,43,38,24,9,3,10,8,0,5,13,13,26,3,0,2,0,0,0,0,0,1,0,1,1,6,6,8,1,2,1,4,1,1,3,6,9,1108,16,96,56,294,299,641,74,Austin,2015-12-27
2016,12,27,94,134,55,13,8,19,21,24,16,27,61,88,44,48,30,0,5,9,14,11,13,14,38,52,41,71,21,10,3,6,7,7,2,9,16,25,0,0,1,0,0,0,0,0,0,0,0,0,9,15,3,3,0,4,0,6,1,4,7,11,1512,9,127,51,289,380,808,125,Austin,2016-12-27
2017,12,27,65,112,54,8,3,15,21,12,19,18,52,70,26,49,38,0,1,9,15,8,14,10,37,47,31,56,9,8,2,4,6,3,5,6,14,20,1,0,0,0,0,0,0,0,0,0,0,0,7,7,7,0,0,2,0,1,0,2,1,3,1179,9,89,52,290,281,645,111,Austin,2017-12-27
2018,12,27,89,122,77,12,2,20,23,15,14,22,52,74,51,65,46,3,1,9,13,6,7,10,26,36,31,49,24,8,1,9,5,9,4,10,18,28,1,0,0,0,0,0,2,0,1,0,3,3,6,8,7,1,0,2,3,0,2,2,5,7,1396,22,114,53,291,339,747,129,Austin,2018-12-27
2019,12,27,104,148,58,12,4,23,29,23,16,27,68,95,51,67,30,2,1,11,14,10,8,12,32,44,44,69,24,8,2,11,13,12,5,13,30,43,0,1,0,0,0,0,2,0,1,0,3,3,9,11,4,2,1,1,0,1,2,2,3,5,1323,15,91,54,292,394,669,131,Austin,2019-12-27
2020,12,27,80,108,37,20,3,26,12,9,22,29,43,72,36,42,16,1,3,8,5,5,15,11,25,36,39,57,16,19,0,16,5,3,7,16,15,31,0,1,0,0,0,0,0,0,0,0,0,0,5,8,5,0,0,2,2,1,0,2,3,5,858,12,76,56,294,270,446,105,Austin,2020-12-27
2021,12,27,76,138,28,26,5,24,8,7,25,29,40,69,38,75,18,5,2,8,4,5,11,10,20,30,32,56,4,19,3,14,4,2,13,17,19,36,0,1,1,0,0,1,0,0,0,1,0,1,6,6,5,2,0,1,0,0,1,1,1,2,896,14,85,50,288,260,450,135,Austin,2021-12-27
2022,12,27,65,143,34,7,3,14,12,6,18,17,36,53,32,61,22,1,3,2,6,3,13,5,22,27,25,70,6,5,0,11,5,3,4,11,12,23,1,1,0,0,0,0,0,0,0,0,0,0,7,11,6,1,0,1,1,0,1,1,2,3,883,12,65,51,289,255,482,94,Austin,2022-12-27
2023,12,27,79,111,46,15,4,13,11,6,37,17,54,71,31,49,26,6,2,5,5,3,28,7,36,43,40,54,16,9,2,6,6,1,8,8,15,23,1,0,0,0,0,0,0,0,0,0,0,0,7,8,4,0,0,2,0,2,1,2,3,5,842,9,63,52,290,253,445,93,Austin,2023-12-27
2024,12,27,79,153,45,14,2,19,3,7,31,21,41,62,39,73,25,1,0,6,0,3,16,6,19,25,36,75,15,12,2,11,3,3,12,13,18,31,0,2,0,0,0,0,0,0,0,0,0,0,4,3,5,1,0,2,0,1,3,2,4,6,1080,8,69,54,292,289,571,96,Austin,2024-12-27
2012,1,28,,,,,,,,,,,,,,,,,,,,,,,,,,,,,,,,,,,,,,,,,,,,,,,,,,,,,,,,,,,,,,,,,,,,,Austin,2012-01-28
2013,1,28,,,,,,,,,,,,,,,,,,,,,,,,,,,,,,,,,,,,,,,,,,,,,,,,,,,,,,,,,,,,,,,,,,,,,Austin,2013-01-28
2014,1,28,66,69,234,2,4,7,17,8,15,11,40,51,25,33,143,1,0,3,12,4,11,3,27,30,31,28,65,0,3,4,5,4,3,7,12,19,0,0,24,0,0,0,0,0,0,0,0,0,10,8,2,1,1,0,0,0,1,1,1,2,1558,42,103,-278,-40,304,913,99,Austin,2014-01-28
2015,1,28,89,121,78,7,0,23,19,10,13,23,42,65,43,43,52,1,0,11,12,6,10,11,28,39,36,64,14,6,0,11,6,3,3,11,12,23,0,1,0,0,0,0,0,0,0,0,0,0,10,13,12,0,0,1,1,1,0,1,2,3,1583,18,130,-277,-39,388,766,147,Austin,2015-01-28
2016,1,28,96,124,96,10,2,13,34,12,14,15,60,75,39,62,65,0,0,3,22,11,8,3,41,44,47,49,19,10,2,10,10,1,6,12,17,29,0,0,0,0,0,0,1,0,0,0,1,1,10,13,12,0,0,0,1,0,0,0,1,1,1795,18,136,-283,-45,413,876,153,Austin,2016-01-28
2017,1,28,121,136,72,12,4,23,17,13,14,27,44,71,50,57,36,3,1,10,12,8,12,11,32,43,61,66,32,9,1,12,5,2,0,13,7,20,1,2,1,0,0,0,0,0,1,0,1,1,9,11,3,0,2,1,0,3,1,3,4,7,1522,15,103,-281,-43,368,848,138,Austin,2017-01-28
2018,1,28,112,132,45,8,1,22,20,12,12,23,44,67,44,55,30,1,0,5,9,7,7,5,23,28,58,65,12,5,1,17,6,5,3,18,14,32,1,0,0,0,0,0,2,0,0,0,2,2,9,12,3,2,0,0,3,0,2,0,5,5,1271,11,106,-280,-42,303,710,137,Austin,2018-01-28
2019,1,28,95,109,75,7,6,19,21,11,21,25,53,78,58,50,51,1,2,8,14,5,15,10,34,44,26,50,10,4,4,9,7,5,3,13,15,28,2,1,2,0,0,0,0,0,1,0,1,1,9,8,12,2,0,2,0,1,2,2,3,5,1352,28,112,-279,-41,345,709,146,Austin,2019-01-28
2020,1,28,95,189,67,9,6,22,22,18,44,28,84,112,51,94,51,4,2,10,16,10,31,12,57,69,37,78,11,5,4,9,6,7,12,13,25,38,0,2,1,0,0,2,0,0,1,2,1,3,7,15,4,0,0,1,0,1,0,1,1,2,1371,14,93,-278,-40,377,687,175,Austin,2020-01-28
2021,1,28,61,138,47,14,3,15,10,6,22,18,38,56,35,71,29,3,1,3,6,3,16,4,25,29,21,58,12,11,2,11,3,2,3,13,8,21,1,1,2,0,0,0,0,0,1,0,1,1,4,8,4,0,0,1,1,1,2,1,4,5,904,16,65,-283,-45,271,440,109,Austin,2021-01-28
2022,1,28,81,153,54,19,3,16,7,10,24,19,41,60,36,70,35,3,1,9,3,5,11,10,19,29,38,68,15,14,2,5,4,5,11,7,20,27,1,2,2,0,0,0,0,0,1,0,1,1,6,13,2,2,0,2,0,0,1,2,1,3,979,10,71,-282,-44,266,527,139,Austin,2022-01-28
2023,1,28,69,165,66,49,4,20,12,7,30,24,49,73,27,66,30,9,2,6,3,4,20,8,27,35,34,89,29,37,2,13,7,3,7,15,17,32,0,0,2,0,0,0,0,0,1,0,1,1,8,10,5,3,0,1,2,0,2,1,4,5,974,10,66,-281,-43,276,478,177,Austin,2023-01-28
2024,1,28,74,147,53,29,3,25,12,6,38,28,56,84,36,54,32,3,2,6,2,3,26,8,31,39,34,79,18,21,1,19,10,2,10,20,22,42,0,2,1,1,0,0,0,0,0,0,0,0,4,12,2,4,0,0,0,1,2,0,3,3,1008,9,78,-280,-42,288,504,127,Austin,2024-01-28
2012,2,28,,,,,,,,,,,,,,,,,,,,,,,,,,,,,,,,,,,,,,,,,,,,,,,,,,,,,,,,,,,,,,,,,,,,,Austin,2012-02-28
2013,2,28,,,,,,,,,,,,,,,,,,,,,,,,,,,,,,,,,,,,,,,,,,,,,,,,,,,,,,,,,,,,,,,,,,,,,Austin,2013-02-28
2014,2,28,121,117,94,6,3,21,17,18,13,24,48,72,56,54,69,3,2,9,7,7,10,11,24,35,57,51,17,3,1,11,9,9,3,12,21,33,0,1,1,0,0,0,0,0,0,0,0,0,8,11,7,0,0,1,1,2,0,1,3,4,1741,12,109,-247,-9,393,899,138,Austin,2014-02-28
2015,2,28,98,98,182,4,1,25,10,14,15,26,39,65,25,45,97,0,1,7,6,3,5,8,14,22,64,47,59,4,0,17,3,9,9,17,21,38,0,1,19,0,0,0,0,0,0,0,0,0,9,5,7,0,0,1,1,2,1,1,4,5,1360,33,89,-246,-8,339,747,120,Austin,2015-02-28
2016,2,28,115,137,65,15,1,24,14,9,14,25,37,62,50,63,43,2,0,8,8,5,9,8,22,30,55,66,16,13,1,15,3,4,2,16,9,25,1,0,0,0,0,0,0,0,0,0,0,0,9,8,6,0,0,1,3,0,3,1,6,7,1470,12,112,-252,-14,336,766,167,Austin,2016-02-28
2017,2,28,96,136,71,4,1,19,17,14,14,20,45,65,58,71,55,1,1,9,8,7,10,10,25,35,28,54,14,2,0,5,8,6,4,5,18,23,0,2,0,0,0,0,1,0,0,0,1,1,10,9,2,1,0,5,0,1,0,5,1,6,1700,17,113,-250,-12,341,902,126,Austin,2017-02-28
2018,2,28,99,134,69,6,2,24,23,12,12,26,47,73,67,80,52,2,2,10,16,7,7,12,30,42,25,43,9,2,0,11,6,4,2,11,12,23,1,0,0,0,0,0,0,0,1,0,1,1,6,11,8,2,0,3,1,1,2,3,4,7,1520,15,110,-249,-11,362,809,140,Austin,2018-02-28
2019,2,28,82,133,84,4,2,16,14,17,22,18,53,71,42,69,63,1,1,9,10,11,16,10,37,47,35,54,14,3,1,5,4,6,6,6,16,22,0,1,1,0,0,0,0,0,0,0,0,0,5,9,6,0,0,2,0,0,0,2,0,2,1380,10,89,-248,-10,324,755,119,Austin,2019-02-28
2020,2,28,114,177,98,17,2,16,19,13,18,18,50,68,62,100,70,5,0,7,9,6,11,7,26,33,45,67,16,12,1,7,8,5,6,8,19,27,0,1,3,0,0,0,0,0,0,0,0,0,7,9,9,0,1,2,2,2,1,3,5,8,1650,22,104,-247,-9,421,835,187,Austin,2020-02-28
2021,2,28,110,171,28,19,6,23,11,6,23,29,40,69,44,87,10,3,1,14,4,0,17,15,21,36,53,75,15,16,4,7,6,5,4,11,15,26,2,2,1,0,0,0,0,0,0,0,0,0,11,7,2,0,1,2,1,1,2,3,4,7,1035,18,67,-252,-14,294,505,175,Austin,2021-02-28
2022,2,28,79,137,58,14,2,12,19,8,45,14,72,86,40,74,39,5,1,4,10,5,32,5,47,52,30,46,15,9,1,5,7,2,10,6,19,25,0,1,1,0,0,0,0,0,1,0,1,1,9,16,3,0,0,3,2,1,2,3,5,8,964,10,80,-251,-13,314,468,124,Austin,2022-02-28
2023,2,28,108,168,54,14,9,14,7,6,29,23,42,65,56,96,37,5,2,6,4,4,16,8,24,32,41,55,12,5,7,7,2,2,9,14,13,27,2,2,1,0,0,1,0,0,1,1,1,2,9,15,4,4,0,0,1,0,3,0,4,4,1053,15,74,-250,-12,300,575,127,Austin,2023-02-28
2024,2,28,73,179,60,13,1,10,24,8,39,11,71,82,50,104,38,5,0,1,15,6,26,1,47,48,19,60,16,6,1,9,7,2,10,10,19,29,1,0,2,0,0,0,1,0,0,0,1,1,3,15,4,2,0,0,1,0,3,0,4,4,1084,10,71,-249,-11,326,545,126,Austin,2024-02-28
2012,3,28,,,,,,,,,,,,,,,,,,,,,,,,,,,,,,,,,,,,,,,,,,,,,,,,,,,,,,,,,,,,,,,,,,,,,Austin,2012-03-28
2013,3,28,,,,,,,,,,,,,,,,,,,,,,,,,,,,,,,,,,,,,,,,,,,,,,,,,,,,,,,,,,,,,,,,,,,,,Austin,2013-03-28
2014,3,28,121,125,120,3,3,26,31,11,22,29,64,93,61,68,95,1,2,12,17,4,17,14,38,52,51,52,17,2,1,13,13,4,2,14,19,33,1,0,5,0,0,0,0,0,3,0,3,3,8,5,3,0,0,1,1,3,0,1,4,5,1776,21,125,-219,19,473,852,137,Austin,2014-03-28
2015,3,28,152,120,74,6,3,33,17,16,20,36,53,89,75,55,48,1,0,16,10,11,12,16,33,49,67,53,18,4,3,15,5,4,7,18,16,34,0,0,2,0,0,0,0,0,0,0,0,0,10,12,6,1,0,2,2,1,1,2,4,6,1641,15,106,-218,20,410,853,177,Austin,2015-03-28
2016,3,28,97,111,91,12,0,23,21,10,14,23,45,68,58,59,73,5,0,11,14,6,12,11,32,43,33,40,9,5,0,12,4,3,1,12,8,20,0,3,1,0,0,0,1,0,0,0,1,1,6,9,8,2,0,0,2,1,1,0,4,4,1440,12,98,-223,15,350,723,129,Austin,2016-03-28
2017,3,28,97,121,85,2,9,18,32,19,15,27,66,93,64,77,71,1,3,6,22,14,9,9,45,54,22,39,7,1,5,9,8,3,4,14,15,29,1,1,3,0,0,1,0,0,0,1,0,1,10,4,4,0,1,2,2,2,2,3,6,9,1720,16,110,-222,16,406,971,137,Austin,2017-03-28
2018,3,28,98,148,87,8,3,13,16,12,11,16,39,55,65,87,52,2,0,9,13,8,8,9,29,38,22,49,29,4,2,3,3,3,2,5,8,13,2,0,4,0,0,0,0,0,1,0,1,1,9,12,2,2,1,1,0,1,0,2,1,3,1479,23,100,-221,17,322,886,144,Austin,2018-03-28
2019,3,28,101,149,83,5,2,16,29,23,22,18,74,92,67,88,59,2,0,9,20,17,12,9,49,58,26,42,13,3,1,7,7,6,10,8,23,31,1,0,3,0,0,0,2,0,0,0,2,2,7,19,8,0,1,0,0,0,0,1,0,1,1442,28,103,-220,18,369,774,141,Austin,2019-03-28
2020,3,28,87,161,34,14,1,26,15,9,24,27,48,75,43,97,24,2,0,10,9,7,19,10,35,45,32,52,7,11,1,15,6,1,4,16,11,27,3,1,0,0,0,0,0,0,0,0,0,0,9,11,3,1,0,1,0,1,1,1,2,3,973,6,69,-218,20,267,509,142,Austin,2020-03-28
2021,3,28,114,154,28,27,5,31,10,7,18,36,35,71,59,72,23,5,1,14,1,1,14,15,16,31,47,70,5,20,4,14,7,5,3,18,15,33,1,3,0,0,0,0,2,0,0,0,2,2,7,9,0,2,0,3,0,1,1,3,2,5,1045,15,66,-224,14,299,542,162,Austin,2021-03-28
2022,3,28,91,155,67,20,3,24,5,12,36,27,53,80,61,95,53,6,2,12,1,9,26,14,36,50,27,49,10,12,1,7,4,2,7,8,13,21,0,2,1,0,0,1,0,0,0,1,0,1,3,9,3,2,0,4,0,1,3,4,4,8,1055,10,69,-223,15,326,512,141,Austin,2022-03-28
2023,3,28,81,175,58,14,3,17,8,11,28,20,47,67,60,105,50,4,0,9,2,9,22,9,33,42,14,49,6,7,1,7,6,2,4,8,12,20,0,1,2,0,0,1,0,0,1,1,1,2,7,20,0,3,2,0,0,0,1,2,1,3,949,12,77,-222,16,287,470,141,Austin,2023-03-28
2024,3,28,83,178,57,7,2,20,9,4,14,22,27,49,50,107,39,3,1,11,1,4,9,12,14,26,26,54,11,4,1,8,8,0,3,9,11,20,2,3,0,0,0,0,0,0,1,0,1,1,5,14,7,0,0,1,0,0,1,1,1,2,993,14,68,-220,18,290,486,119,Austin,2024-03-28
2012,4,28,,,,,,,,,,,,,,,,,,,,,,,,,,,,,,,,,,,,,,,,,,,,,,,,,,,,,,,,,,,,,,,,,,,,,Austin,2012-04-28
2013,4,28,,,,,,,,,,,,,,,,,,,,,,,,,,,,,,,,,,,,,,,,,,,,,,,,,,,,,,,,,,,,,,,,,,,,,Austin,2013-04-28
2014,4,28,105,126,85,2,0,22,25,17,25,22,67,89,72,79,74,1,0,12,14,9,16,12,39,51,25,40,5,1,0,7,10,7,5,7,22,29,1,2,1,0,0,0,0,0,0,0,0,0,7,5,5,0,0,3,1,1,4,3,6,9,1629,21,136,-188,50,428,793,117,Austin,2014-04-28
2015,4,28,94,110,86,4,4,8,23,15,16,12,54,66,61,64,66,2,2,3,14,11,13,5,38,43,22,39,13,2,2,5,6,2,3,7,11,18,1,0,1,0,0,0,0,0,0,0,0,0,10,7,6,0,0,0,3,2,0,0,5,5,1583,20,129,-187,51,365,821,101,Austin,2015-04-28
2016,4,28,115,147,104,7,2,24,27,17,20,26,64,90,70,91,86,3,1,12,22,11,14,13,47,60,32,48,12,2,1,8,4,5,4,9,13,22,1,1,2,0,0,0,1,0,1,0,2,2,12,7,4,2,0,4,0,1,1,4,2,6,1645,18,130,-192,46,451,827,155,Austin,2016-04-28
2017,4,28,126,140,94,11,6,20,21,9,11,26,41,67,77,85,78,4,5,11,16,7,8,16,31,47,40,46,11,7,1,5,3,2,3,6,8,14,1,1,3,0,0,1,1,0,0,1,1,2,8,8,2,0,0,3,1,0,0,3,1,4,1777,14,97,-191,47,425,947,159,Austin,2017-04-28
2018,4,28,102,139,76,9,6,24,18,15,18,30,51,81,66,64,46,1,6,11,13,9,11,17,33,50,27,60,26,7,0,12,4,6,6,12,16,28,1,2,1,0,0,0,1,0,1,0,2,2,8,13,3,1,0,1,0,0,0,1,0,1,1443,19,124,-190,48,323,811,181,Austin,2018-04-28
2019,4,28,107,141,51,15,2,38,27,13,18,40,58,98,45,74,33,2,1,18,15,6,13,19,34,53,54,60,12,11,1,15,10,6,3,16,19,35,0,1,0,0,0,0,1,0,0,0,1,1,8,6,6,2,0,5,1,1,2,5,4,9,1279,9,87,-189,49,328,703,161,Austin,2019-04-28
2020,4,28,95,146,44,11,4,17,15,14,20,21,49,70,61,90,31,1,2,13,9,11,18,15,38,53,28,41,9,8,1,4,5,3,1,5,9,14,2,0,1,0,0,0,1,0,0,0,1,1,4,15,3,2,1,0,0,0,1,1,1,2,1081,13,84,-187,51,331,542,137,Austin,2020-04-28
2021,4,28,132,186,46,10,2,29,7,8,22,31,37,68,84,132,31,5,2,17,4,7,18,19,29,48,27,42,12,5,0,9,3,1,3,9,7,16,2,1,2,0,0,0,0,0,1,0,1,1,19,11,1,0,0,3,0,0,0,3,0,3,1078,17,74,-193,45,319,559,167,Austin,2021-04-28
2022,4,28,72,180,50,16,2,16,6,5,25,18,36,54,40,108,38,5,2,7,2,3,17,9,22,31,22,57,8,11,0,9,4,2,5,9,11,20,0,1,1,0,0,0,0,0,0,0,0,0,10,14,3,0,0,0,0,0,3,0,3,3,1017,5,85,-192,46,299,496,156,Austin,2022-04-28
2023,4,28,77,178,66,15,5,22,10,12,23,27,45,72,52,96,51,5,3,12,5,9,19,15,33,48,24,57,13,7,2,9,4,1,4,11,9,20,0,2,0,0,0,0,0,0,0,0,0,0,1,23,2,3,0,1,1,2,0,1,3,4,1110,6,79,-191,47,299,605,142,Austin,2023-04-28
2024,4,28,80,163,68,31,4,29,19,11,24,33,54,87,42,89,53,7,2,13,5,6,16,15,27,42,29,57,12,23,1,16,11,1,8,17,20,37,1,2,1,0,0,0,2,1,0,0,3,3,8,15,2,1,1,0,1,3,0,1,4,5,1099,12,75,-189,49,252,625,173,Austin,2024-04-28
2012,5,28,,,,,,,,,,,,,,,,,,,,,,,,,,,,,,,,,,,,,,,,,,,,,,,,,,,,,,,,,,,,,,,,,,,,,Austin,2012-05-28
2013,5,28,,,,,,,,,,,,,,,,,,,,,,,,,,,,,,,,,,,,,,,,,,,,,,,,,,,,,,,,,,,,,,,,,,,,,Austin,2013-05-28
2014,5,28,89,107,77,2,1,22,24,22,14,23,60,83,64,68,68,1,1,10,20,19,9,11,48,59,15,28,8,1,0,9,3,2,4,9,9,18,0,1,1,0,0,0,1,0,0,0,1,1,10,10,0,0,0,3,0,1,1,3,2,5,1672,23,115,-158,80,417,824,127,Austin,2014-05-28
2015,5,28,113,121,75,5,1,22,29,15,29,23,73,96,77,67,64,1,1,14,18,11,23,15,52,67,22,47,5,2,0,7,10,2,5,7,17,24,2,0,1,0,0,0,0,0,0,0,0,0,12,7,5,2,0,1,1,2,1,1,4,5,1642,17,141,-157,81,387,888,133,Austin,2015-05-28
2016,5,28,127,124,53,8,8,21,24,19,19,29,62,91,66,74,36,2,3,7,12,15,16,10,43,53,50,40,13,6,5,10,9,2,2,15,13,28,0,1,1,0,0,0,0,1,0,0,1,1,11,9,3,0,0,4,3,1,1,4,5,9,1448,12,130,-162,76,336,807,152,Austin,2016-05-28
2017,5,28,94,119,77,10,3,26,20,16,18,29,54,83,52,64,46,3,0,11,13,12,13,11,38,49,36,41,19,5,2,14,4,3,2,16,9,25,0,1,0,0,0,0,0,0,0,0,0,0,6,13,12,2,1,1,3,1,3,2,7,9,1404,6,138,-161,77,362,819,125,Austin,2017-05-28
2018,5,28,120,133,55,8,2,33,15,8,18,35,41,76,72,74,48,2,2,15,7,4,16,17,27,44,39,43,6,6,0,14,7,2,0,14,9,23,0,0,0,0,0,0,0,0,0,0,0,0,9,16,1,0,0,4,1,2,2,4,5,9,1428,14,112,-160,78,367,761,123,Austin,2018-05-28
2019,5,28,106,136,79,11,7,27,18,15,22,34,55,89,71,96,68,5,3,15,15,9,16,18,40,58,29,31,5,5,3,10,3,2,5,13,10,23,2,1,2,0,0,1,0,0,0,1,0,1,4,8,4,1,1,1,0,4,1,2,5,7,1452,30,109,-159,79,396,752,158,Austin,2019-05-28
2020,5,28,114,157,40,10,3,21,21,13,26,24,60,84,83,98,34,2,3,14,12,9,22,17,43,60,20,41,5,7,0,6,7,4,3,6,14,20,0,1,0,0,0,0,0,0,0,0,0,0,11,17,1,1,0,1,2,0,1,1,3,4,1264,25,103,-157,81,356,617,144,Austin,2020-05-28
2021,5,28,124,184,76,13,1,26,6,12,19,27,37,64,88,125,54,4,0,17,4,12,12,17,28,45,29,48,9,8,1,7,2,0,3,8,5,13,3,1,1,0,0,0,0,0,2,0,2,2,4,10,12,1,0,2,0,0,2,2,2,4,1282,13,96,-163,75,336,710,205,Austin,2021-05-28
2022,5,28,106,149,58,23,4,15,14,10,24,19,48,67,66,94,43,3,3,6,5,5,21,9,31,40,31,44,11,15,1,6,8,4,1,7,13,20,0,1,0,0,0,1,1,0,0,1,1,2,9,10,4,5,0,2,0,1,2,2,3,5,1039,12,98,-162,76,273,561,156,Austin,2022-05-28
2023,5,28,104,155,53,15,6,17,8,6,29,23,43,66,59,100,36,3,3,7,4,3,24,10,31,41,30,35,11,8,2,9,4,3,3,11,10,21,2,1,0,1,0,0,0,0,1,0,1,1,13,19,6,3,1,1,0,0,1,2,1,3,1015,11,105,-161,77,280,541,138,Austin,2023-05-28
2024,5,28,93,173,64,8,6,17,11,4,37,23,52,75,67,116,52,5,5,8,7,3,30,13,40,53,17,44,7,1,1,7,3,1,6,8,10,18,0,1,2,0,0,0,0,0,0,0,0,0,9,12,3,2,0,2,1,0,1,2,2,4,1078,9,79,-159,79,284,590,132,Austin,2024-05-28
2012,6,28,,,,,,,,,,,,,,,,,,,,,,,,,,,,,,,,,,,,,,,,,,,,,,,,,,,,,,,,,,,,,,,,,,,,,Austin,2012-06-28
2013,6,28,,,,,,,,,,,,,,,,,,,,,,,,,,,,,,,,,,,,,,,,,,,,,,,,,,,,,,,,,,,,,,,,,,,,,Austin,2013-06-28
2014,6,28,122,103,66,10,3,32,17,28,11,35,56,91,71,58,46,0,2,13,11,16,7,15,34,49,32,37,14,9,1,16,3,9,1,17,13,30,1,0,2,0,0,0,0,0,0,0,0,0,18,8,4,1,0,3,3,3,3,3,9,12,1665,15,178,-127,111,404,803,137,Austin,2014-06-28
2015,6,28,113,105,51,8,5,45,18,15,11,50,44,94,65,57,30,0,3,20,11,12,7,23,30,53,39,35,16,6,2,22,5,2,4,24,11,35,1,2,0,0,0,1,0,0,0,1,0,1,8,11,5,2,0,2,2,1,0,2,3,5,1475,20,134,-126,112,358,772,157,Austin,2015-06-28
2016,6,28,92,133,91,8,4,13,15,18,15,17,48,65,59,77,74,1,2,8,8,16,12,10,36,46,25,40,10,4,2,3,7,2,2,5,11,16,1,1,1,0,0,0,0,0,0,0,0,0,7,15,6,3,0,2,0,0,1,2,1,3,1578,14,148,-131,107,377,889,142,Austin,2016-06-28
2017,6,28,134,156,86,13,0,17,27,17,19,17,63,80,89,103,68,5,0,8,21,15,17,8,53,61,30,41,10,8,0,5,4,2,1,5,7,12,1,2,2,0,0,1,0,0,0,1,0,1,14,10,6,0,0,3,2,0,1,3,3,6,1733,25,126,-130,108,462,889,151,Austin,2017-06-28
2018,6,28,111,110,87,8,3,23,16,9,11,26,36,62,73,72,74,5,0,16,14,7,10,16,31,47,27,32,8,2,1,4,1,1,1,5,3,8,1,0,1,0,0,1,0,0,0,1,0,1,10,6,4,1,2,2,1,1,0,4,2,6,1458,23,100,-129,109,365,785,130,Austin,2018-06-28
2019,6,28,104,172,90,10,5,22,27,18,26,27,71,98,65,107,73,1,3,12,19,16,20,15,55,70,30,48,13,8,2,8,7,1,5,10,13,23,1,1,0,0,0,0,0,0,0,0,0,0,8,16,4,1,0,2,1,1,1,2,3,5,1565,10,129,-128,110,416,821,170,Austin,2019-06-28
2020,6,28,75,112,33,31,3,29,12,6,18,32,36,68,57,64,20,7,2,17,5,6,12,19,23,42,13,37,6,20,1,11,5,0,4,12,9,21,1,1,0,0,0,0,1,0,1,0,2,2,4,10,7,4,0,1,1,0,1,1,2,3,871,11,77,-126,112,299,408,133,Austin,2020-06-28
2021,6,28,124,158,45,13,1,25,2,5,35,26,42,68,89,116,40,7,1,17,1,4,26,18,31,49,24,29,4,3,0,6,0,1,8,6,9,15,1,1,0,0,0,0,0,0,1,0,1,1,10,12,1,3,0,2,1,0,0,2,1,3,1088,17,80,-132,106,325,542,153,Austin,2021-06-28
2022,6,28,78,151,55,19,2,9,10,9,38,11,57,68,60,90,44,7,1,6,3,7,31,7,41,48,10,46,7,8,0,3,5,1,6,3,12,15,1,3,1,0,0,0,0,0,0,0,0,0,7,12,3,4,1,0,2,1,1,1,4,5,987,12,90,-131,107,260,544,132,Austin,2022-06-28
2023,6,28,89,175,69,17,4,20,6,8,36,24,50,74,56,115,55,6,3,9,3,7,30,12,40,52,21,47,9,7,1,8,3,1,4,9,8,17,2,4,0,0,0,0,0,0,1,0,1,1,10,9,5,4,0,3,0,0,1,3,1,4,1050,19,85,-130,108,296,564,149,Austin,2023-06-28
2024,6,28,88,195,66,20,3,27,15,13,30,30,58,88,50,122,42,2,2,17,9,10,19,19,38,57,28,58,16,16,1,7,5,2,8,8,15,23,1,0,0,0,0,1,1,1,0,1,2,3,9,15,8,2,0,2,0,0,3,2,3,5,1198,18,114,-128,110,349,605,172,Austin,2024-06-28
2012,7,28,,,,,,,,,,,,,,,,,,,,,,,,,,,,,,,,,,,,,,,,,,,,,,,,,,,,,,,,,,,,,,,,,,,,,Austin,2012-07-28
2013,7,28,,,,,,,,,,,,,,,,,,,,,,,,,,,,,,,,,,,,,,,,,,,,,,,,,,,,,,,,,,,,,,,,,,,,,Austin,2013-07-28
2014,7,28,115,128,80,6,5,16,26,28,16,21,70,91,75,69,67,1,1,9,20,24,11,10,55,65,33,49,8,4,3,7,5,2,4,10,11,21,0,0,1,0,1,0,0,0,0,1,0,1,7,10,4,1,0,0,1,2,1,0,4,4,1703,18,137,-97,141,440,831,129,Austin,2014-07-28
2015,7,28,106,113,96,4,2,17,31,21,17,19,69,88,70,67,81,1,1,9,22,16,11,10,49,59,30,37,10,2,1,7,6,4,3,8,13,21,1,0,0,0,0,0,0,0,0,0,0,0,5,9,5,1,0,1,3,1,3,1,7,8,1686,20,120,-96,142,367,868,138,Austin,2015-07-28
2016,7,28,103,151,86,12,3,18,23,13,13,21,49,70,65,85,72,1,0,13,13,12,11,13,36,49,28,46,11,9,1,2,8,0,1,3,9,12,1,2,2,0,0,0,0,0,0,0,0,0,9,18,1,2,2,3,2,1,1,5,4,9,1604,17,162,-101,137,380,914,122,Austin,2016-07-28
2017,7,28,130,139,107,8,0,20,29,17,10,20,56,76,84,82,85,4,0,7,19,11,7,7,37,44,35,47,9,2,0,10,9,5,2,10,16,26,1,0,0,0,0,0,0,0,0,0,0,0,10,10,13,2,0,3,1,1,1,3,3,6,1761,18,139,-100,138,437,924,140,Austin,2017-07-28
2018,7,28,106,156,70,16,5,28,12,15,20,33,47,80,65,83,43,3,0,13,8,14,16,13,38,51,26,61,18,11,4,10,4,0,3,14,7,21,1,2,1,0,0,0,0,0,0,0,0,0,14,10,8,2,1,5,0,1,1,6,2,8,1456,15,126,-99,139,347,843,144,Austin,2018-07-28
2019,7,28,105,168,70,15,3,35,20,8,20,38,48,86,61,91,44,7,1,18,12,7,17,19,36,55,31,58,21,8,0,13,5,1,2,13,8,21,1,0,0,0,0,0,0,0,1,0,1,1,12,19,5,0,2,4,3,0,0,6,3,9,1229,13,112,-98,140,327,658,151,Austin,2019-07-28
2020,7,28,82,132,45,11,2,21,14,7,23,23,44,67,60,91,38,3,2,12,8,6,19,14,33,47,16,28,6,6,0,8,5,0,3,8,8,16,0,2,0,0,0,0,0,0,0,0,0,0,6,11,1,2,0,1,1,1,1,1,3,4,989,17,79,-96,142,307,514,102,Austin,2020-07-28
2021,7,28,93,172,68,11,7,17,5,15,21,24,41,65,67,120,53,2,4,7,3,11,12,11,26,37,17,37,11,6,3,8,2,3,4,11,9,20,2,2,1,0,0,0,0,0,0,0,0,0,7,13,3,3,0,2,0,1,5,2,6,8,1032,14,89,-102,136,300,530,158,Austin,2021-07-28
2022,7,28,74,163,52,24,7,19,11,7,31,26,49,75,44,103,44,11,2,7,3,6,26,9,35,44,21,46,5,12,3,9,8,1,5,12,14,26,1,1,1,0,1,0,0,0,0,1,0,1,8,13,2,1,1,3,0,0,0,4,0,4,1011,12,80,-101,137,292,521,124,Austin,2022-07-28
2023,7,28,79,182,70,10,2,18,11,6,35,20,52,72,47,126,55,4,2,12,4,3,24,14,31,45,27,41,11,6,0,4,6,1,9,4,16,20,0,1,0,0,0,0,0,0,0,0,0,0,5,14,4,0,0,2,1,2,2,2,5,7,1107,12,89,-100,138,313,594,118,Austin,2023-07-28
2024,7,28,88,138,51,24,4,20,17,6,24,24,47,71,48,78,42,2,1,12,4,3,21,13,28,41,26,48,6,18,3,8,8,2,2,11,12,23,1,2,1,0,0,0,0,0,0,0,0,0,13,10,2,4,0,0,5,1,1,0,7,7,955,9,81,-98,140,231,551,121,Austin,2024-07-28
2012,8,28,,,,,,,,,,,,,,,,,,,,,,,,,,,,,,,,,,,,,,,,,,,,,,,,,,,,,,,,,,,,,,,,,,,,,Austin,2012-08-28
2013,8,28,,,,,,,,,,,,,,,,,,,,,,,,,,,,,,,,,,,,,,,,,,,,,,,,,,,,,,,,,,,,,,,,,,,,,Austin,2013-08-28
2014,8,28,100,123,63,4,2,25,17,18,10,27,45,72,50,78,50,0,0,16,16,12,7,16,35,51,36,41,7,3,2,7,1,3,2,9,6,15,0,0,1,0,0,0,0,1,0,0,1,1,14,4,5,1,0,2,0,2,1,2,3,5,1819,30,144,-66,172,434,868,125,Austin,2014-08-28
2015,8,28,117,127,109,7,2,16,12,18,9,18,39,57,68,68,80,1,1,8,9,8,4,9,21,30,42,43,22,6,1,8,3,9,5,9,17,26,0,2,4,0,0,0,0,0,0,0,0,0,7,14,3,0,0,0,0,1,0,0,1,1,1763,21,126,-65,173,399,955,133,Austin,2015-08-28
2016,8,28,132,132,50,10,1,29,20,11,14,30,45,75,67,74,39,1,0,10,10,7,10,10,27,37,58,48,10,8,1,16,8,3,4,17,15,32,0,1,0,0,0,1,0,0,0,1,0,1,7,9,1,1,0,2,2,1,0,2,3,5,1450,11,93,-70,168,364,790,143,Austin,2016-08-28
2017,8,28,103,115,75,8,5,22,24,18,17,27,59,86,67,67,62,3,2,8,21,15,11,10,47,57,24,37,7,5,3,11,3,1,6,14,10,24,0,1,0,0,0,0,0,0,0,0,0,0,12,10,6,0,0,3,0,2,0,3,2,5,1409,21,100,-69,169,364,779,124,Austin,2017-08-28
2018,8,28,91,118,93,6,1,19,26,16,21,20,63,83,56,67,76,0,0,10,19,13,14,10,46,56,23,42,6,6,1,7,5,2,5,8,12,20,4,1,0,0,0,0,0,0,1,0,1,1,8,8,11,0,0,2,2,1,1,2,4,6,1550,21,119,-68,170,421,804,142,Austin,2018-08-28
2019,8,28,111,164,100,4,4,15,26,12,31,19,69,88,67,103,83,0,4,6,19,7,19,10,45,55,33,45,9,3,0,8,7,3,6,8,16,24,1,0,3,0,0,0,0,0,1,0,1,1,10,16,5,1,0,1,0,2,5,1,7,8,1522,22,101,-67,171,409,759,179,Austin,2019-08-28
2020,8,28,108,155,61,14,3,24,12,11,27,27,50,77,64,87,44,2,3,8,0,5,20,11,25,36,32,59,9,12,0,13,11,3,6,13,20,33,2,1,3,0,0,0,1,0,0,0,1,1,10,8,5,0,0,3,0,3,1,3,4,7,1137,21,92,-65,173,349,602,120,Austin,2020-08-28
2021,8,28,109,166,43,28,5,36,10,3,21,41,34,75,59,109,36,3,1,22,6,3,17,23,26,49,44,42,5,23,4,12,2,0,3,16,5,21,2,4,0,0,0,0,2,0,0,0,2,2,4,11,2,2,0,2,0,0,1,2,1,3,1072,15,67,-71,167,305,562,160,Austin,2021-08-28
2022,8,28,99,157,50,14,2,33,9,9,32,35,50,85,50,89,26,1,1,17,2,5,25,18,32,50,40,63,19,11,1,11,6,3,7,12,16,28,1,1,0,0,0,1,1,0,0,1,1,2,8,4,5,2,0,4,0,1,0,4,1,5,1026,7,75,-70,168,309,534,143,Austin,2022-08-28
2023,8,28,91,165,48,14,2,19,7,13,33,21,53,74,62,106,39,4,1,13,2,10,29,14,41,55,23,51,3,8,1,6,4,3,2,7,9,16,3,1,0,0,0,0,0,0,1,0,1,1,3,7,6,2,0,0,1,0,1,0,2,2,1022,14,67,-69,169,303,557,114,Austin,2023-08-28
2024,8,28,74,174,59,11,4,14,8,8,28,18,44,62,46,122,49,2,4,6,5,4,21,10,30,40,20,43,6,7,0,5,2,3,6,5,11,16,0,2,0,0,0,1,0,0,0,1,0,1,8,7,4,2,0,2,1,1,1,2,3,5,1166,8,72,-67,171,316,633,120,Austin,2024-08-28
2012,9,28,,,,,,,,,,,,,,,,,,,,,,,,,,,,,,,,,,,,,,,,,,,,,,,,,,,,,,,,,,,,,,,,,,,,,Austin,2012-09-28
2013,9,28,,,,,,,,,,,,,,,,,,,,,,,,,,,,,,,,,,,,,,,,,,,,,,,,,,,,,,,,,,,,,,,,,,,,,Austin,2013-09-28
2014,9,28,119,120,60,8,5,29,23,13,16,34,52,86,56,53,39,1,1,10,14,7,8,11,29,40,57,55,14,6,3,13,8,4,7,16,19,35,2,3,2,0,0,0,1,0,0,0,1,1,4,9,5,1,1,6,0,2,1,7,3,10,1411,19,90,-35,203,414,699,144,Austin,2014-09-28
2015,9,28,107,95,87,4,3,24,25,30,9,27,64,91,64,46,68,1,2,11,17,20,7,13,44,57,36,41,13,3,1,8,3,8,1,9,12,21,0,1,3,0,0,0,2,0,1,0,3,3,7,7,3,0,0,5,3,2,0,5,5,10,1472,26,89,-34,204,385,721,141,Austin,2015-09-28
2016,9,28,102,155,106,4,4,15,24,19,14,19,57,76,60,85,80,1,1,8,15,13,10,9,38,47,32,52,15,3,3,5,6,4,4,8,14,22,1,3,4,0,0,0,1,0,0,0,1,1,9,15,7,0,0,2,2,2,0,2,4,6,1625,28,104,-39,199,408,884,136,Austin,2016-09-28
2017,9,28,90,137,93,7,2,16,21,7,8,18,36,54,52,86,56,2,0,6,16,5,6,6,27,33,34,43,29,4,1,9,5,1,2,10,8,18,0,0,2,0,0,0,0,0,0,0,0,0,4,8,6,1,1,1,0,1,0,2,1,3,1514,26,94,-38,200,376,830,152,Austin,2017-09-28
2018,9,28,126,157,88,7,3,14,23,15,15,17,53,70,68,94,71,3,1,8,13,10,9,9,32,41,50,47,11,4,2,5,8,3,5,7,16,23,0,1,0,0,0,0,0,0,0,0,0,0,8,15,6,0,0,1,2,2,1,1,5,6,1594,19,112,-37,201,411,830,174,Austin,2018-09-28
2019,9,28,126,161,71,13,4,26,25,13,25,30,63,93,62,87,50,2,2,10,20,10,19,12,49,61,50,65,18,11,2,15,4,1,5,17,10,27,1,0,0,0,0,0,0,0,0,0,0,0,13,9,3,0,0,1,1,2,1,1,4,5,1388,10,100,-36,202,356,741,197,Austin,2019-09-28
2020,9,28,75,180,55,11,4,25,14,8,39,29,61,90,43,99,44,7,4,10,4,7,27,14,38,52,26,72,10,4,0,11,9,1,9,11,19,30,0,1,0,0,0,0,0,0,1,0,1,1,6,8,1,0,0,4,1,0,2,4,3,7,1067,10,62,-34,204,330,534,146,Austin,2020-09-28
2021,9,28,101,179,73,9,5,16,14,7,40,21,61,82,67,106,48,5,0,9,4,5,29,9,38,47,26,54,16,4,5,7,8,2,7,12,17,29,1,0,2,0,0,0,0,0,2,0,2,2,7,19,7,0,0,0,2,0,2,0,4,4,1044,13,83,-40,198,348,501,153,Austin,2021-09-28
2022,9,28,87,190,72,12,9,19,10,12,20,28,42,70,47,114,56,2,3,11,4,8,14,14,26,40,32,58,11,8,5,5,6,3,4,10,13,23,0,5,2,0,0,0,0,0,0,0,0,0,8,13,3,2,1,3,0,1,2,4,3,7,1036,15,70,-39,199,305,533,146,Austin,2022-09-28
2023,9,28,73,151,77,8,1,10,8,6,29,11,43,54,37,83,63,4,0,8,3,2,23,8,28,36,26,55,9,3,1,2,5,2,6,3,13,16,2,3,1,0,0,0,0,1,0,0,1,1,8,10,4,1,0,0,0,1,0,0,1,1,1003,14,73,-38,200,239,545,112,Austin,2023-09-28
2024,9,28,98,140,74,27,5,19,7,6,22,24,35,59,49,78,54,7,2,9,1,3,13,11,17,28,41,57,13,17,3,8,5,3,6,11,14,25,0,1,0,0,0,0,0,0,0,0,0,0,8,4,7,3,0,2,1,0,3,2,4,6,1104,6,78,-36,202,285,590,160,Austin,2024-09-28
2012,10,28,,,,,,,,,,,,,,,,,,,,,,,,,,,,,,,,,,,,,,,,,,,,,,,,,,,,,,,,,,,,,,,,,,,,,Austin,2012-10-28
2013,10,28,,,,,,,,,,,,,,,,,,,,,,,,,,,,,,,,,,,,,,,,,,,,,,,,,,,,,,,,,,,,,,,,,,,,,Austin,2013-10-28
2014,10,28,121,139,83,2,3,26,25,15,18,29,58,87,62,73,51,1,2,16,17,6,13,18,36,54,46,50,14,1,1,9,2,7,4,10,13,23,2,2,6,0,0,0,3,0,1,0,4,4,11,14,12,0,0,1,3,2,0,1,5,6,1585,33,111,-5,233,412,789,126,Austin,2014-10-28
2015,10,28,113,111,76,5,4,11,20,14,25,15,59,74,57,57,54,1,2,4,12,9,16,6,37,43,44,43,14,4,2,6,7,5,9,8,21,29,1,0,2,0,0,0,0,0,0,0,0,0,11,11,6,0,0,1,1,0,0,1,1,2,1716,29,113,-4,234,393,889,152,Austin,2015-10-28
2016,10,28,132,128,127,6,4,20,28,19,18,24,65,89,76,60,84,1,2,5,17,14,12,7,43,50,52,54,28,5,2,13,10,4,6,15,20,35,0,2,2,0,0,0,1,0,0,0,1,1,4,12,13,0,0,2,0,1,0,2,1,3,1705,19,112,-9,229,408,958,138,Austin,2016-10-28
2017,10,28,105,123,79,9,2,24,13,11,16,26,40,66,49,57,50,0,1,15,8,5,10,16,23,39,50,53,23,8,1,8,5,6,4,9,15,24,0,3,0,0,0,0,0,0,1,0,1,1,6,10,6,1,0,1,0,0,1,1,1,2,1415,14,95,-8,230,305,813,154,Austin,2017-10-28
2018,10,28,93,112,66,12,5,30,20,12,10,35,42,77,46,63,44,2,1,15,7,6,6,16,19,35,38,42,15,9,4,13,12,6,3,17,21,38,1,1,2,0,0,2,0,0,0,2,0,2,8,6,5,1,0,0,1,0,1,0,2,2,1316,11,85,-7,231,323,722,173,Austin,2018-10-28
2019,10,28,104,147,91,9,1,24,36,14,19,25,69,94,61,84,66,6,0,10,18,11,13,10,42,52,37,48,16,3,1,13,11,3,5,14,19,33,0,3,6,0,0,0,2,0,0,0,2,2,6,12,3,0,0,1,5,0,1,1,6,7,1388,23,99,-6,232,393,713,152,Austin,2019-10-28
2020,10,28,68,101,54,8,3,24,15,5,20,27,40,67,38,41,38,3,1,14,5,3,15,15,23,38,23,56,10,5,2,8,8,1,5,10,14,24,0,1,2,0,0,0,0,0,0,0,0,0,7,3,4,0,0,2,2,1,0,2,3,5,920,15,56,-4,234,277,478,113,Austin,2020-10-28
2021,10,28,82,147,72,10,5,17,5,11,23,22,39,61,46,78,45,2,3,7,4,2,15,10,21,31,31,59,19,6,2,8,1,7,4,10,12,22,1,1,1,0,0,0,0,2,1,0,3,3,4,9,7,2,0,2,0,0,3,2,3,5,1002,15,63,-10,228,283,548,123,Austin,2021-10-28
2022,10,28,92,189,60,26,0,21,8,13,33,21,54,75,46,102,34,6,0,9,4,6,24,9,34,43,37,72,17,18,0,8,4,3,9,8,16,24,0,3,2,0,0,0,0,1,0,0,1,1,9,12,7,2,0,4,0,3,0,4,3,7,1055,19,80,-9,229,289,553,143,Austin,2022-10-28
2023,10,28,93,146,49,19,3,12,9,9,25,15,43,58,46,78,20,5,0,4,4,3,17,4,24,28,41,60,25,13,3,8,5,5,8,11,18,29,0,1,0,0,0,0,0,0,0,0,0,0,6,7,4,1,0,0,0,1,0,0,1,1,975,2,59,-8,230,263,561,111,Austin,2023-10-28
2024,10,28,92,167,51,10,2,21,8,13,20,23,41,64,58,93,37,3,2,6,4,4,14,8,22,30,31,62,10,7,0,14,4,7,6,14,17,31,1,3,3,0,0,0,0,0,0,0,0,0,2,9,1,0,0,1,0,2,0,1,2,3,1087,16,68,-6,232,282,555,146,Austin,2024-10-28
2012,11,28,,,,,,,,,,,,,,,,,,,,,,,,,,,,,,,,,,,,,,,,,,,,,,,,,,,,,,,,,,,,,,,,,,,,,Austin,2012-11-28
2013,11,28,,,,,,,,,,,,,,,,,,,,,,,,,,,,,,,,,,,,,,,,,,,,,,,,,,,,,,,,,,,,,,,,,,,,,Austin,2013-11-28
2014,11,28,99,103,47,6,1,9,15,18,15,10,48,58,41,37,28,0,1,5,9,13,11,6,33,39,49,58,16,6,0,4,6,5,4,4,15,19,1,1,0,0,0,0,0,0,0,0,0,0,8,7,3,0,0,0,0,0,0,0,0,0,1293,8,94,26,264,307,715,124,Austin,2014-11-28
2015,11,28,89,102,52,7,5,15,21,15,11,20,47,67,40,39,26,1,2,3,10,7,7,5,24,29,43,54,20,5,3,11,9,7,3,14,19,33,0,1,0,0,0,0,0,0,0,0,0,0,6,8,6,1,0,1,2,1,1,1,4,5,1227,8,87,27,265,304,651,105,Austin,2015-11-28
2016,11,28,105,144,87,3,3,22,36,17,20,25,73,98,58,57,51,0,1,10,25,8,11,11,44,55,40,71,20,3,2,11,9,7,9,13,25,38,0,1,1,0,0,1,0,0,0,1,0,1,7,15,15,0,0,0,2,2,0,0,4,4,1592,23,119,22,260,434,845,133,Austin,2016-11-28
2017,11,28,111,142,119,10,1,16,23,9,9,17,41,58,57,65,78,2,1,7,14,5,6,8,25,33,43,63,17,7,0,9,4,3,3,9,10,19,5,2,5,0,0,0,0,0,0,0,0,0,6,12,19,1,0,0,5,1,0,0,6,6,1536,23,107,23,261,345,847,136,Austin,2017-11-28
2018,11,28,79,142,92,8,1,28,18,16,18,29,52,81,51,60,63,1,0,16,9,11,13,16,33,49,20,68,15,6,1,10,7,5,5,11,17,28,2,2,3,1,0,0,0,0,0,0,0,0,6,12,11,0,0,2,2,0,0,2,2,4,1418,17,119,24,262,356,759,154,Austin,2018-11-28
2019,11,28,91,108,40,8,1,24,13,11,13,25,37,62,41,41,14,2,0,8,7,7,6,8,20,28,47,58,21,6,1,13,6,3,7,14,16,30,0,1,0,0,0,0,0,0,0,0,0,0,3,8,5,0,0,3,0,1,0,3,1,4,974,8,57,25,263,271,531,94,Austin,2019-11-28
2020,11,28,70,105,77,15,1,19,13,6,25,20,44,64,35,39,43,3,0,8,5,3,14,8,22,30,25,57,24,12,1,11,5,3,9,12,17,29,0,1,0,0,0,0,1,0,0,0,1,1,10,8,10,0,0,0,2,0,2,0,4,4,844,8,85,27,265,285,414,104,Austin,2020-11-28
2021,11,28,54,105,51,16,8,21,8,8,26,29,42,71,19,47,23,2,1,15,2,7,19,16,28,44,33,46,21,13,7,6,6,1,6,13,13,26,0,1,2,0,0,0,0,0,0,0,0,0,2,11,5,1,0,0,0,0,1,0,1,1,881,15,76,21,259,264,452,129,Austin,2021-11-28
2022,11,28,71,148,59,21,1,20,12,8,33,21,53,74,33,65,38,2,1,10,3,4,22,11,29,40,28,69,13,17,0,8,8,3,6,8,17,25,2,2,0,0,0,0,1,0,0,0,1,1,8,12,8,2,0,2,0,1,5,2,6,8,926,15,83,22,260,293,480,104,Austin,2022-11-28
2023,11,28,58,114,53,11,1,14,9,7,29,15,45,60,34,66,30,3,0,9,3,4,22,9,29,38,19,38,11,6,1,4,6,2,5,5,13,18,1,1,2,0,0,1,0,1,2,1,3,4,4,9,10,2,0,0,0,0,0,0,0,0,809,20,73,23,261,239,427,96,Austin,2023-11-28
2024,11,28,61,88,37,14,3,14,10,4,16,17,30,47,27,39,18,2,3,7,6,1,12,10,19,29,30,44,18,11,0,7,3,2,4,7,9,16,0,1,0,0,0,0,0,0,0,0,0,0,4,4,1,1,0,0,1,1,0,0,2,2,739,3,48,25,263,199,403,85,Austin,2024-11-28
2012,12,28,,,,,,,,,,,,,,,,,,,,,,,,,,,,,,,,,,,,,,,,,,,,,,,,,,,,,,,,,,,,,,,,,,,,,Austin,2012-12-28
2013,12,28,,,,,,,,,,,,,,,,,,,,,,,,,,,,,,,,,,,,,,,,,,,,,,,,,,,,,,,,,,,,,,,,,,,,,Austin,2013-12-28
2014,12,28,70,86,51,15,2,26,24,21,10,28,55,83,20,36,28,3,1,11,9,12,3,12,24,36,45,45,19,11,1,13,12,5,6,14,23,37,0,0,0,0,0,0,0,0,0,0,0,0,5,5,4,1,0,2,3,4,1,2,8,10,1097,7,96,56,294,261,570,102,Austin,2014-12-28
2015,12,28,90,88,50,10,5,23,27,15,25,28,67,95,31,35,31,0,0,12,16,10,13,12,39,51,49,48,16,10,3,8,6,4,8,11,18,29,0,0,0,0,0,0,0,0,2,0,2,2,10,5,3,0,2,3,5,1,2,5,8,13,1449,21,105,57,295,340,765,89,Austin,2015-12-28
2016,12,28,113,140,36,13,6,14,39,14,14,20,67,87,57,52,28,2,2,4,23,8,13,6,44,50,43,67,5,9,4,8,14,5,1,12,20,32,1,1,0,0,0,0,0,0,0,0,0,0,12,20,3,2,0,2,2,1,0,2,3,5,1537,15,104,52,290,419,809,117,Austin,2016-12-28
2017,12,28,88,124,57,10,4,20,20,10,8,24,38,62,47,52,35,3,1,6,14,5,3,7,22,29,34,65,17,6,2,13,4,4,4,15,12,27,0,0,2,0,0,0,0,0,0,0,0,0,7,7,3,1,1,1,2,1,1,2,4,6,1298,11,75,53,291,320,690,99,Austin,2017-12-28
2018,12,28,80,125,56,14,0,14,16,10,17,14,43,57,42,48,36,2,0,9,6,6,9,9,21,30,31,62,7,10,0,5,8,4,5,5,17,22,1,4,0,0,0,0,0,0,0,0,0,0,6,11,13,2,0,0,2,0,3,0,5,5,1343,22,100,54,292,339,718,118,Austin,2018-12-28
2019,12,28,101,142,50,25,1,23,16,13,11,24,40,64,50,68,33,6,0,10,10,6,7,10,23,33,42,62,13,18,1,11,5,5,3,12,13,25,0,4,1,1,0,0,0,0,0,0,0,0,9,8,3,0,0,2,1,2,1,2,4,6,1143,14,77,55,293,315,600,138,Austin,2019-12-28
2020,12,28,92,153,52,14,5,17,7,10,30,22,47,69,49,71,29,3,1,6,3,5,17,7,25,32,35,75,15,10,3,9,3,3,10,12,16,28,0,1,0,0,0,0,0,0,0,0,0,0,8,6,8,1,1,2,1,2,3,3,6,9,989,10,80,57,295,306,471,128,Austin,2020-12-28
2021,12,28,82,148,38,19,2,13,9,5,33,15,47,62,46,75,27,3,1,4,4,2,19,5,25,30,28,61,9,14,0,9,5,3,9,9,17,26,0,2,0,0,0,0,0,0,1,0,1,1,8,10,2,2,1,0,0,0,4,1,4,5,907,10,65,51,289,263,456,139,Austin,2021-12-28
2022,12,28,69,151,45,17,4,23,11,8,24,27,43,70,34,75,32,2,3,9,4,5,15,12,24,36,24,67,11,14,1,13,7,2,7,14,16,30,0,1,0,0,0,0,0,0,1,0,1,1,11,8,2,1,0,1,0,1,1,1,2,3,953,8,76,52,290,254,521,114,Austin,2022-12-28
2023,12,28,64,148,33,14,3,17,12,11,31,20,54,74,27,66,17,2,3,9,10,7,14,12,31,43,32,65,9,10,0,4,2,3,14,4,19,23,0,2,1,0,0,1,0,0,1,1,1,2,5,15,6,2,0,3,0,1,2,3,3,6,896,11,74,53,291,248,477,88,Austin,2023-12-28
2024,12,28,77,136,59,29,4,18,10,5,21,22,36,58,33,66,32,5,2,6,4,2,9,8,15,23,38,57,20,23,2,11,5,3,10,13,18,31,1,2,0,0,0,0,0,0,0,0,0,0,5,11,7,1,0,1,1,0,2,1,3,4,1009,5,77,55,293,255,527,118,Austin,2024-12-28
2012,1,29,,,,,,,,,,,,,,,,,,,,,,,,,,,,,,,,,,,,,,,,,,,,,,,,,,,,,,,,,,,,,,,,,,,,,Austin,2012-01-29
2013,1,29,,,,,,,,,,,,,,,,,,,,,,,,,,,,,,,,,,,,,,,,,,,,,,,,,,,,,,,,,,,,,,,,,,,,,Austin,2013-01-29
2014,1,29,92,99,72,2,1,14,29,16,11,15,56,71,48,57,48,0,1,7,21,10,6,8,37,45,37,33,13,2,0,6,5,4,3,6,12,18,1,1,4,0,0,0,2,0,0,0,2,2,6,8,7,0,0,1,1,2,2,1,5,6,1554,29,97,-277,-39,371,767,110,Austin,2014-01-29
2015,1,29,98,129,79,3,1,14,20,20,15,15,55,70,48,63,52,1,0,3,13,14,9,3,36,39,39,52,17,2,1,10,6,2,5,11,13,24,1,0,3,0,0,0,0,1,0,0,1,1,10,14,7,0,0,1,1,3,1,1,5,6,1608,22,117,-276,-38,416,831,107,Austin,2015-01-29
2016,1,29,103,137,101,9,3,16,22,18,21,19,61,80,48,65,75,2,3,8,13,11,11,11,35,46,48,65,21,6,0,6,7,7,6,6,20,26,0,1,2,0,0,0,0,0,0,0,0,0,7,6,3,1,0,2,2,0,4,2,6,8,1770,18,118,-282,-44,364,949,130,Austin,2016-01-29
2017,1,29,81,117,56,11,2,33,15,16,12,35,43,78,36,39,33,1,1,13,7,7,5,14,19,33,34,67,18,10,1,17,7,8,6,18,21,39,0,0,1,0,0,0,0,0,0,0,0,0,11,11,4,0,0,3,1,1,1,3,3,6,1336,5,94,-280,-42,337,727,113,Austin,2017-01-29
2018,1,29,108,156,79,7,4,14,26,10,15,18,51,69,54,58,62,1,0,7,16,9,9,7,34,41,45,77,9,6,4,5,8,1,2,9,11,20,0,1,1,0,0,0,1,0,1,0,2,2,9,20,7,0,0,2,1,0,3,2,4,6,1360,15,112,-279,-41,316,735,131,Austin,2018-01-29
2019,1,29,89,109,103,6,3,15,16,17,14,18,47,65,47,63,71,1,1,8,9,14,12,9,35,44,32,40,28,5,2,5,5,2,1,7,8,15,1,1,1,0,0,1,0,0,0,1,0,1,9,5,3,0,0,1,2,1,1,1,4,5,1340,16,81,-278,-40,332,718,111,Austin,2019-01-29
2020,1,29,102,176,96,11,2,15,20,11,18,17,49,66,53,99,70,5,1,10,15,5,12,11,32,43,33,68,17,5,1,5,5,5,4,6,14,20,1,2,0,0,0,0,0,1,1,0,2,2,15,7,9,1,0,0,0,0,1,0,1,1,1428,26,98,-277,-39,375,737,161,Austin,2020-01-29
2021,1,29,90,152,51,12,2,21,6,7,25,23,38,61,44,69,33,2,2,10,4,6,12,12,22,34,29,76,13,10,0,9,2,1,8,9,11,20,1,2,0,0,0,0,0,0,0,0,0,0,16,5,5,0,0,2,0,0,5,2,5,7,978,12,79,-282,-44,309,477,128,Austin,2021-01-29
2022,1,29,83,141,61,25,5,16,13,6,24,21,43,64,36,57,40,7,3,8,3,3,10,11,16,27,41,70,13,17,2,7,10,3,14,9,27,36,2,3,0,0,0,0,0,0,0,0,0,0,4,11,8,1,0,1,0,0,0,1,0,1,940,10,62,-281,-43,270,484,148,Austin,2022-01-29
2023,1,29,93,160,51,34,3,24,13,7,29,27,49,76,46,72,28,5,1,9,5,6,18,10,29,39,37,73,20,28,2,15,8,1,10,17,19,36,0,1,0,0,0,0,0,0,0,0,0,0,10,14,3,1,0,0,0,0,1,0,1,1,959,11,69,-280,-42,299,467,153,Austin,2023-01-29
2024,1,29,66,159,60,9,2,14,13,8,29,16,50,66,30,76,42,0,1,9,3,4,16,10,23,33,28,68,11,6,1,5,9,4,11,6,24,30,1,5,1,0,0,0,0,0,0,0,0,0,7,10,6,3,0,0,1,0,2,0,3,3,995,17,74,-279,-41,287,530,78,Austin,2024-01-29
2012,2,29,,,,,,,,,,,,,,,,,,,,,,,,,,,,,,,,,,,,,,,,,,,,,,,,,,,,,,,,,,,,,,,,,,,,,Austin,2012-02-29
2016,2,29,110,120,87,7,4,26,25,12,20,30,57,87,59,64,68,2,3,16,15,8,18,19,41,60,37,50,7,4,1,6,10,3,1,7,14,21,1,0,4,0,0,1,0,0,0,1,0,1,13,6,8,1,0,3,0,1,1,3,2,5,1556,21,101,-251,-13,393,801,135,Austin,2016-02-29
2020,2,29,126,150,76,21,1,27,18,13,17,28,48,76,61,79,48,6,1,11,10,7,11,12,28,40,58,58,22,14,0,13,7,5,4,13,16,29,0,0,0,0,0,0,0,0,0,0,0,0,7,13,6,1,0,3,1,1,2,3,4,7,1443,11,102,-246,-8,336,733,220,Austin,2020-02-29
2024,2,29,68,161,58,7,2,15,11,15,29,17,55,72,37,90,35,2,1,10,3,7,13,11,23,34,25,60,18,4,0,5,7,8,13,5,28,33,0,3,1,0,0,0,0,0,0,0,0,0,6,8,4,1,1,0,1,0,3,1,4,5,977,8,68,-248,-10,271,511,106,Austin,2024-02-29
2012,3,29,,,,,,,,,,,,,,,,,,,,,,,,,,,,,,,,,,,,,,,,,,,,,,,,,,,,,,,,,,,,,,,,,,,,,Austin,2012-03-29
2013,3,29,,,,,,,,,,,,,,,,,,,,,,,,,,,,,,,,,,,,,,,,,,,,,,,,,,,,,,,,,,,,,,,,,,,,,Austin,2013-03-29
2014,3,29,146,111,95,7,4,23,23,20,19,27,62,89,63,48,61,0,0,12,11,6,16,12,33,45,66,53,28,7,4,11,8,14,1,15,23,38,1,0,0,0,0,0,0,0,1,0,1,1,16,10,6,0,0,0,4,0,1,0,5,5,1692,6,129,-218,20,400,882,148,Austin,2014-03-29
2015,3,29,142,128,75,9,2,32,19,16,14,34,49,83,67,51,49,0,1,10,14,11,11,11,36,47,61,66,20,8,1,22,5,3,2,23,10,33,1,1,1,0,0,0,0,0,0,0,0,0,13,10,5,1,0,0,0,2,1,0,3,3,1536,13,100,-217,21,355,843,170,Austin,2015-03-29
2016,3,29,104,153,101,8,0,19,22,18,16,19,56,75,66,110,67,2,0,12,15,14,10,12,39,51,30,39,21,5,0,5,6,2,5,5,13,18,0,0,0,0,0,0,0,0,1,0,1,1,8,4,13,1,0,2,1,2,0,2,3,5,1497,19,98,-222,16,374,765,135,Austin,2016-03-29
2017,3,29,121,142,89,5,6,30,28,11,16,36,55,91,78,75,73,2,4,20,19,8,15,24,42,66,36,49,13,3,1,10,7,2,1,11,10,21,0,3,0,0,0,0,0,0,0,0,0,0,7,15,3,0,1,0,2,1,0,1,3,4,1606,15,99,-221,17,412,877,145,Austin,2017-03-29
2018,3,29,135,131,95,4,7,22,17,12,13,29,42,71,94,73,74,3,2,7,11,5,8,9,24,33,30,45,15,0,5,14,6,3,3,19,12,31,2,1,2,0,0,0,0,1,0,0,1,1,9,12,4,1,0,1,0,3,2,1,5,6,1676,22,94,-220,18,376,912,161,Austin,2018-03-29
2019,3,29,125,163,95,11,4,22,19,15,19,26,53,79,75,86,68,2,3,13,16,14,15,16,45,61,40,65,19,9,1,7,2,1,4,8,7,15,0,1,2,0,0,0,1,0,0,0,1,1,10,11,6,0,0,2,0,0,0,2,0,2,1657,22,111,-219,19,368,938,170,Austin,2019-03-29
2020,3,29,74,152,10,21,1,22,15,4,13,23,32,55,45,85,6,3,1,15,10,3,10,16,23,39,24,58,4,17,0,4,5,0,3,4,8,12,1,0,0,0,0,0,0,0,0,0,0,0,4,9,0,1,0,3,0,1,0,3,1,4,856,5,54,-217,21,265,433,119,Austin,2020-03-29
2021,3,29,103,179,38,12,5,26,8,13,16,31,37,68,62,102,32,2,4,19,4,8,12,23,24,47,35,67,5,9,0,5,4,5,4,5,13,18,2,1,0,0,1,0,0,0,0,1,0,1,4,9,1,1,0,2,0,0,0,2,0,2,1082,9,71,-223,15,326,560,140,Austin,2021-03-29
2022,3,29,89,137,46,9,2,20,8,7,42,22,57,79,56,79,36,3,2,8,5,5,33,10,43,53,27,48,8,6,0,9,3,1,5,9,9,18,1,0,1,0,0,0,0,0,3,0,3,3,5,10,1,0,0,3,0,1,1,3,2,5,1019,19,56,-222,16,322,522,113,Austin,2022-03-29
2023,3,29,91,167,61,15,4,16,16,9,24,20,49,69,54,102,46,6,3,8,8,4,18,11,30,41,32,48,10,6,1,8,7,3,3,9,13,22,0,4,1,0,0,0,1,0,0,0,1,1,5,13,4,3,0,0,0,2,3,0,5,5,985,14,70,-221,17,293,503,147,Austin,2023-03-29
2024,3,29,92,179,62,28,3,23,11,11,29,26,51,77,40,107,49,7,1,13,4,8,18,14,30,44,40,62,11,18,2,10,6,3,9,12,18,30,1,1,0,0,0,0,0,0,1,0,1,1,11,9,2,3,0,0,1,0,1,0,2,2,1151,12,74,-219,19,324,600,121,Austin,2024-03-29
2012,4,29,,,,,,,,,,,,,,,,,,,,,,,,,,,,,,,,,,,,,,,,,,,,,,,,,,,,,,,,,,,,,,,,,,,,,Austin,2012-04-29
2013,4,29,,,,,,,,,,,,,,,,,,,,,,,,,,,,,,,,,,,,,,,,,,,,,,,,,,,,,,,,,,,,,,,,,,,,,Austin,2013-04-29
2014,4,29,101,139,85,6,2,11,35,21,15,13,71,84,52,78,76,3,1,6,24,12,11,7,47,54,36,39,4,2,0,4,7,6,3,4,16,20,0,2,0,0,0,0,1,0,0,0,1,1,13,20,5,1,1,1,3,3,1,2,7,9,1752,15,119,-187,51,404,898,121,Austin,2014-04-29
2015,4,29,88,117,93,3,4,19,25,16,15,23,56,79,62,63,82,1,2,14,19,15,12,16,46,62,17,38,6,2,1,3,2,0,0,4,2,6,0,1,0,0,0,0,0,0,0,0,0,0,9,15,5,0,1,2,4,1,3,3,8,11,1605,16,124,-186,52,369,814,129,Austin,2015-04-29
2016,4,29,125,159,103,15,2,36,44,20,16,38,80,118,87,86,70,4,0,12,27,17,11,12,55,67,32,57,26,9,2,16,15,2,5,18,22,40,0,2,2,0,0,0,1,0,0,0,1,1,6,14,5,2,0,8,1,1,0,8,2,10,1719,19,146,-191,47,463,919,180,Austin,2016-04-29
2017,4,29,128,120,61,12,1,26,8,11,12,27,31,58,63,66,44,4,0,12,5,7,6,12,18,30,55,46,12,8,1,12,2,3,4,13,9,22,1,1,2,0,0,1,0,0,0,1,0,1,9,7,3,0,0,1,1,1,2,1,4,5,1521,13,118,-190,48,352,891,137,Austin,2017-04-29
2018,4,29,114,129,63,10,5,17,17,10,11,22,38,60,57,64,44,3,2,7,15,9,8,9,32,41,41,57,11,7,3,10,2,1,3,13,6,19,1,1,0,0,0,0,0,0,0,0,0,0,15,7,8,0,0,0,0,0,0,0,0,0,1354,15,98,-189,49,348,738,177,Austin,2018-04-29
2019,4,29,122,180,75,17,2,16,26,16,21,18,63,81,82,123,61,6,0,10,22,11,18,10,51,61,31,42,8,10,2,5,3,5,3,7,11,18,1,2,3,1,0,1,0,0,0,1,0,1,8,13,3,0,0,0,1,0,0,0,1,1,1479,20,85,-188,50,386,779,167,Austin,2019-04-29
2020,4,29,90,160,33,7,5,13,23,17,22,18,62,80,57,104,21,1,4,9,17,17,16,13,50,63,24,48,5,5,1,3,6,0,6,4,12,16,0,3,5,0,0,0,0,0,0,0,0,0,9,5,2,1,0,1,0,0,0,1,0,1,1067,15,66,-186,52,291,567,133,Austin,2020-04-29
2021,4,29,87,158,86,15,1,19,7,5,22,20,34,54,58,95,62,3,0,14,2,3,15,14,20,34,19,52,14,10,1,3,3,1,4,4,8,12,1,1,1,0,0,0,0,0,1,0,1,1,9,10,9,2,0,2,2,1,2,2,5,7,983,15,78,-192,46,328,485,133,Austin,2021-04-29
2022,4,29,92,186,65,25,3,15,10,12,17,18,39,57,55,113,49,9,1,8,7,12,9,9,28,37,24,56,13,10,1,7,2,0,7,8,9,17,3,3,0,0,0,0,0,0,0,0,0,0,10,14,3,6,1,0,1,0,1,1,2,3,1146,13,97,-191,47,286,618,154,Austin,2022-04-29
2023,4,29,73,126,57,24,2,19,12,7,23,21,42,63,44,74,41,2,1,8,2,3,18,9,23,32,20,45,11,18,0,9,8,1,2,9,11,20,0,0,0,0,0,0,0,0,0,0,0,0,9,7,5,4,1,2,2,3,3,3,8,11,910,6,85,-190,48,244,469,131,Austin,2023-04-29
2024,4,29,89,185,46,15,1,17,4,6,25,18,35,53,52,120,39,6,0,10,3,5,19,10,27,37,26,48,6,7,1,6,1,1,5,7,7,14,1,0,0,0,0,0,0,0,0,0,0,0,10,17,1,2,0,1,0,0,1,1,1,2,1026,13,68,-188,50,269,572,127,Austin,2024-04-29
2012,5,29,,,,,,,,,,,,,,,,,,,,,,,,,,,,,,,,,,,,,,,,,,,,,,,,,,,,,,,,,,,,,,,,,,,,,Austin,2012-05-29
2013,5,29,,,,,,,,,,,,,,,,,,,,,,,,,,,,,,,,,,,,,,,,,,,,,,,,,,,,,,,,,,,,,,,,,,,,,Austin,2013-05-29
2014,5,29,120,130,84,5,1,19,23,18,18,20,59,79,77,83,66,2,0,14,16,10,11,14,37,51,32,36,6,2,0,5,6,8,7,5,21,26,0,0,0,0,0,0,0,0,0,0,0,0,11,11,12,1,1,0,1,0,0,1,1,2,1765,11,166,-157,81,461,848,154,Austin,2014-05-29
2015,5,29,127,132,104,4,1,22,27,16,16,23,59,82,91,76,79,2,1,15,15,13,13,16,41,57,24,41,18,2,0,4,7,1,2,4,10,14,1,1,0,0,0,1,1,0,1,1,2,3,11,14,7,0,0,2,4,2,0,2,6,8,1823,17,161,-156,82,405,1011,169,Austin,2015-05-29
2016,5,29,115,100,71,6,4,31,24,13,16,35,53,88,67,49,50,1,1,10,17,12,10,11,39,50,36,40,19,3,3,16,5,1,4,19,10,29,1,0,0,0,0,0,0,0,0,0,0,0,11,11,2,2,0,5,2,0,2,5,4,9,1461,9,136,-161,77,366,780,139,Austin,2016-05-29
2017,5,29,150,130,46,10,5,30,22,11,13,35,46,81,100,68,32,3,2,18,12,10,10,20,32,52,35,48,8,2,3,9,5,1,3,12,9,21,0,2,0,0,0,1,1,0,0,1,1,2,15,12,6,5,0,2,4,0,0,2,4,6,1554,15,175,-160,78,381,832,127,Austin,2017-05-29
2018,5,29,130,140,106,7,2,25,17,12,24,27,53,80,83,86,88,5,1,18,10,9,20,19,39,58,30,42,9,2,0,2,5,3,3,2,11,13,1,2,4,0,0,0,1,0,0,0,1,1,16,10,5,0,1,5,1,0,1,6,2,8,1603,21,120,-159,79,375,876,155,Austin,2018-05-29
2019,5,29,111,141,78,2,1,26,22,15,30,27,67,94,71,96,66,0,1,17,14,10,23,18,47,65,34,39,7,2,0,6,7,4,6,6,17,23,2,0,2,0,0,0,0,0,1,0,1,1,4,6,3,0,0,3,1,1,0,3,2,5,1514,26,102,-158,80,387,813,147,Austin,2019-05-29
2020,5,29,112,148,48,10,4,22,16,10,18,26,44,70,79,92,39,3,2,13,11,9,12,15,32,47,23,34,8,5,1,7,4,0,4,8,8,16,0,4,0,0,1,0,0,0,0,1,0,1,10,18,1,2,0,2,1,1,2,2,4,6,1253,13,123,-156,82,335,642,148,Austin,2020-05-29
2021,5,29,121,170,67,15,8,26,7,11,24,34,42,76,71,103,49,3,2,12,4,8,14,14,26,40,36,55,16,6,4,11,1,3,6,15,10,25,2,2,1,0,0,1,0,0,0,1,0,1,12,10,1,6,2,2,2,0,4,4,6,10,1112,12,97,-162,76,295,598,170,Austin,2021-05-29
2022,5,29,89,142,47,38,1,16,12,7,18,17,37,54,57,83,31,10,1,10,5,4,10,11,19,30,25,49,15,22,0,4,4,2,7,4,13,17,0,1,0,0,0,0,0,0,0,0,0,0,7,9,1,6,0,2,3,1,1,2,5,7,1057,9,91,-161,77,321,559,145,Austin,2022-05-29
2023,5,29,111,155,40,19,1,30,7,6,30,31,43,74,65,101,24,11,1,21,6,3,22,22,31,53,27,44,11,4,0,8,1,2,7,8,10,18,2,1,1,0,0,0,0,0,1,0,1,1,17,9,4,4,0,1,0,1,0,1,1,2,1061,14,91,-160,78,289,573,122,Austin,2023-05-29
2024,5,29,92,189,66,18,2,14,11,8,42,16,61,77,63,114,48,6,2,9,4,4,32,11,40,51,16,55,12,9,0,4,7,2,7,4,16,20,1,2,2,0,0,0,0,0,2,0,2,2,12,18,4,3,0,1,0,2,1,1,3,4,1215,18,112,-158,80,336,672,130,Austin,2024-05-29
2012,6,29,,,,,,,,,,,,,,,,,,,,,,,,,,,,,,,,,,,,,,,,,,,,,,,,,,,,,,,,,,,,,,,,,,,,,Austin,2012-06-29
2013,6,29,,,,,,,,,,,,,,,,,,,,,,,,,,,,,,,,,,,,,,,,,,,,,,,,,,,,,,,,,,,,,,,,,,,,,Austin,2013-06-29
2014,6,29,120,108,44,9,5,32,18,19,10,37,47,84,55,54,33,1,0,16,8,11,8,16,27,43,49,48,8,4,5,15,8,8,2,20,18,38,1,0,1,0,0,0,1,0,0,0,1,1,15,6,2,4,0,1,1,0,0,1,1,2,1440,12,149,-126,112,355,773,114,Austin,2014-06-29
2015,6,29,123,113,81,9,2,21,23,23,19,23,65,88,76,60,65,2,0,8,15,16,12,8,43,51,26,36,11,6,2,12,5,5,6,14,16,30,0,0,2,0,0,0,1,0,0,0,1,1,21,17,3,1,0,1,2,2,1,1,5,6,1554,21,144,-125,113,375,817,156,Austin,2015-06-29
2016,6,29,97,133,73,5,4,11,19,17,17,15,53,68,70,86,62,2,1,4,15,13,9,5,37,42,19,32,9,2,3,4,2,3,5,7,10,17,0,0,1,0,0,0,0,1,2,0,3,3,8,15,1,1,0,3,2,0,1,3,3,6,1443,17,139,-130,108,363,797,112,Austin,2016-06-29
2017,6,29,93,157,102,4,1,15,24,11,15,16,50,66,47,100,86,2,1,7,16,9,10,8,35,43,31,46,8,1,0,6,6,0,2,6,8,14,3,1,0,0,0,0,1,0,1,0,2,2,12,10,8,1,0,2,1,2,2,2,5,7,1729,24,170,-129,109,410,899,142,Austin,2017-06-29
2018,6,29,113,124,83,13,0,20,21,23,19,20,63,83,72,71,72,4,0,7,16,14,16,7,46,53,35,41,7,7,0,10,3,7,3,10,13,23,0,1,1,0,0,1,1,0,0,1,1,2,6,11,3,2,0,2,1,2,0,2,3,5,1605,20,124,-128,110,342,902,151,Austin,2018-06-29
2019,6,29,103,148,64,14,3,21,28,12,19,24,59,83,63,82,47,3,2,11,19,9,14,13,42,55,34,48,14,11,1,7,8,3,4,8,15,23,0,1,0,0,0,0,0,0,0,0,0,0,6,17,3,0,0,3,1,0,1,3,2,5,1367,11,110,-127,111,363,752,166,Austin,2019-06-29
2020,6,29,91,158,30,17,9,20,20,13,27,29,60,89,65,105,25,7,7,14,14,10,25,21,49,70,16,39,2,6,2,4,5,3,1,6,9,15,2,2,0,0,0,0,0,0,1,0,1,1,8,12,3,4,0,2,1,0,0,2,1,3,981,13,77,-125,113,329,479,137,Austin,2020-06-29
2021,6,29,101,169,74,19,2,24,7,6,23,26,36,62,71,107,51,9,0,15,3,5,19,15,27,42,19,37,16,8,1,7,4,0,3,8,7,15,1,5,0,1,0,1,0,0,0,1,0,1,10,20,7,1,1,1,0,1,1,2,2,4,1066,21,85,-131,107,310,553,156,Austin,2021-06-29
2022,6,29,87,158,58,19,2,18,15,12,33,20,60,80,62,115,46,5,0,10,13,6,29,10,48,58,19,32,5,9,2,6,1,3,3,8,7,15,0,0,2,0,0,1,0,0,0,1,0,1,6,11,5,5,0,1,1,3,1,1,5,6,1021,14,80,-130,108,314,537,123,Austin,2022-06-29
2023,6,29,89,211,54,15,4,13,10,12,43,17,65,82,70,140,48,1,4,6,4,9,32,10,45,55,13,55,5,11,0,5,5,2,7,5,14,19,1,1,0,0,0,0,0,0,1,0,1,1,5,15,1,3,0,2,1,1,3,2,5,7,1084,15,83,-129,109,308,561,137,Austin,2023-06-29
2024,6,29,95,164,54,27,4,28,16,10,23,32,49,81,56,93,37,7,2,16,10,7,16,18,33,51,27,54,13,19,1,9,5,3,4,10,12,22,0,1,0,0,0,0,0,0,1,0,1,1,12,16,4,1,1,3,1,0,2,4,3,7,1094,7,106,-127,111,282,603,149,Austin,2024-06-29
2012,7,29,,,,,,,,,,,,,,,,,,,,,,,,,,,,,,,,,,,,,,,,,,,,,,,,,,,,,,,,,,,,,,,,,,,,,Austin,2012-07-29
2013,7,29,,,,,,,,,,,,,,,,,,,,,,,,,,,,,,,,,,,,,,,,,,,,,,,,,,,,,,,,,,,,,,,,,,,,,Austin,2013-07-29
2014,7,29,102,124,78,4,0,23,26,18,23,23,67,90,68,62,68,0,0,15,14,15,19,15,48,63,21,45,6,2,0,6,11,2,2,6,15,21,1,3,0,0,0,0,0,1,1,0,2,2,12,14,4,2,0,2,1,0,1,2,2,4,1764,32,134,-96,142,431,874,140,Austin,2014-07-29
2015,7,29,106,109,79,0,2,24,21,19,28,26,68,94,68,70,71,0,1,14,12,12,18,15,42,57,27,34,4,0,1,7,5,6,6,8,17,25,0,0,2,0,0,0,1,0,1,0,2,2,11,5,2,0,0,3,3,1,3,3,7,10,1593,23,119,-95,143,382,809,136,Austin,2015-07-29
2016,7,29,98,147,98,4,2,17,28,27,13,19,68,87,68,107,79,1,2,8,21,21,10,10,52,62,24,32,13,3,0,9,7,2,3,9,12,21,1,1,2,0,0,0,0,0,0,0,0,0,5,7,4,0,0,0,0,4,0,0,4,4,1686,16,140,-100,138,404,919,143,Austin,2016-07-29
2017,7,29,136,128,75,19,7,38,28,10,10,45,48,93,87,65,53,5,3,16,18,8,6,19,32,51,42,48,18,10,3,15,9,2,3,18,14,32,0,1,0,1,0,1,0,0,0,1,0,1,7,14,4,3,1,6,1,0,1,7,2,9,1426,12,124,-99,139,389,769,144,Austin,2017-07-29
2018,7,29,98,128,51,5,3,26,16,18,11,29,45,74,57,60,36,3,3,13,9,12,7,16,28,44,35,55,14,2,0,11,6,6,3,11,15,26,0,0,0,0,0,1,0,0,0,1,0,1,6,13,1,0,0,1,1,0,1,1,2,3,1290,4,90,-98,140,342,696,130,Austin,2018-07-29
2019,7,29,114,163,85,9,3,27,24,24,16,30,64,94,72,96,66,0,1,19,18,19,15,20,52,72,32,50,12,9,2,6,4,2,1,8,7,15,1,0,1,0,0,0,1,0,0,0,1,1,9,17,6,0,0,2,1,3,0,2,4,6,1389,12,123,-97,141,408,676,156,Austin,2019-07-29
2020,7,29,100,132,39,9,3,36,10,6,23,39,39,78,64,80,29,1,2,18,3,3,17,20,23,43,26,41,9,8,1,16,5,2,3,17,10,27,1,3,0,0,0,0,0,0,0,0,0,0,9,8,1,0,0,2,2,1,3,2,6,8,939,16,77,-95,143,302,455,134,Austin,2020-07-29
2021,7,29,101,153,61,10,4,19,9,8,19,23,36,59,59,99,43,4,3,7,4,7,15,10,26,36,35,40,13,5,0,8,3,0,3,8,6,14,1,1,0,0,0,1,0,0,0,1,0,1,6,13,5,1,1,3,2,1,1,4,4,8,1058,20,82,-101,137,294,550,155,Austin,2021-07-29
2022,7,29,97,167,66,17,3,14,7,11,26,17,44,61,71,109,51,3,0,7,3,2,20,7,25,32,18,43,11,10,2,4,4,8,5,6,17,23,0,2,0,0,0,0,0,0,1,0,1,1,8,13,4,4,1,3,0,1,0,4,1,5,1104,11,101,-100,138,278,634,123,Austin,2022-07-29
2023,7,29,110,151,51,23,3,22,6,13,26,25,45,70,69,72,30,4,1,12,2,9,20,13,31,44,29,63,17,18,2,6,3,3,5,8,11,19,1,4,2,0,0,0,1,0,0,0,1,1,11,12,2,1,0,4,0,1,1,4,2,6,1090,17,92,-99,139,270,625,141,Austin,2023-07-29
2024,7,29,90,170,62,13,3,16,8,7,28,19,43,62,65,116,51,6,1,7,4,7,18,8,29,37,19,43,6,6,1,6,4,0,4,7,8,15,1,1,0,0,0,1,0,0,3,1,3,4,5,10,5,1,1,2,0,0,3,3,3,6,993,17,67,-97,141,268,573,117,Austin,2024-07-29
2012,8,29,,,,,,,,,,,,,,,,,,,,,,,,,,,,,,,,,,,,,,,,,,,,,,,,,,,,,,,,,,,,,,,,,,,,,Austin,2012-08-29
2013,8,29,,,,,,,,,,,,,,,,,,,,,,,,,,,,,,,,,,,,,,,,,,,,,,,,,,,,,,,,,,,,,,,,,,,,,Austin,2013-08-29
2014,8,29,124,107,108,4,5,21,21,23,14,26,58,84,68,62,87,3,3,10,16,17,9,13,42,55,44,38,12,1,2,9,3,6,3,11,12,23,0,0,2,0,0,0,1,0,0,0,1,1,12,7,7,0,0,2,1,0,2,2,3,5,1917,20,155,-65,173,438,930,121,Austin,2014-08-29
2015,8,29,132,138,69,7,4,29,21,19,12,33,52,85,69,75,42,0,1,10,15,14,7,11,36,47,51,53,21,6,2,15,5,5,4,17,14,31,1,1,0,0,0,0,1,0,0,0,1,1,11,9,6,1,1,4,0,0,1,5,1,6,1634,11,134,-64,174,386,873,179,Austin,2015-08-29
2016,8,29,103,145,105,5,2,19,20,15,18,21,53,74,58,84,93,1,1,12,15,8,15,13,38,51,37,51,6,3,1,7,4,5,2,8,11,19,0,2,2,1,0,0,0,0,0,0,0,0,8,8,4,0,0,0,1,2,1,0,4,4,1606,26,94,-69,169,435,873,119,Austin,2016-08-29
2017,8,29,131,137,82,0,4,17,18,14,15,21,47,68,72,72,61,0,2,7,11,12,12,9,35,44,47,45,9,0,2,8,6,2,2,10,10,20,1,1,6,0,0,0,0,0,0,0,0,0,11,19,6,0,0,2,1,0,1,2,2,4,1518,23,117,-68,170,408,837,135,Austin,2017-08-29
2018,8,29,91,139,86,6,6,22,25,16,13,28,54,82,61,80,69,2,3,12,12,14,9,15,35,50,25,40,12,4,3,10,10,2,4,13,16,29,0,1,4,0,0,0,1,0,0,0,1,1,5,18,1,0,0,0,2,0,0,0,2,2,1521,18,98,-67,171,388,831,129,Austin,2018-08-29
2019,8,29,110,169,82,3,3,21,9,16,26,24,51,75,64,108,65,2,3,12,6,13,17,15,36,51,35,49,10,1,0,4,1,3,8,4,12,16,2,0,3,0,0,0,0,0,0,0,0,0,9,12,4,0,0,5,2,0,1,5,3,8,1522,28,105,-66,172,384,806,147,Austin,2019-08-29
2020,8,29,103,150,46,16,3,25,7,7,18,28,32,60,50,89,35,0,3,11,3,7,16,14,26,40,47,46,7,13,0,11,4,0,2,11,6,17,0,1,0,0,0,0,0,0,0,0,0,0,6,14,4,3,0,3,0,0,0,3,0,3,976,7,67,-64,174,292,522,127,Austin,2020-08-29
2021,8,29,111,172,39,14,4,34,8,10,23,38,41,79,66,97,25,4,1,17,4,7,18,18,29,47,37,64,11,9,3,13,3,3,5,16,11,27,0,0,0,0,0,0,0,0,0,0,0,0,8,11,3,1,0,4,1,0,0,4,1,5,1035,7,63,-70,168,322,503,164,Austin,2021-08-29
2022,8,29,91,167,69,18,3,16,12,5,27,19,44,63,60,108,53,6,1,10,5,4,22,11,31,42,27,46,14,10,1,4,7,1,4,5,12,17,1,4,1,0,1,1,0,0,0,2,0,2,3,9,1,2,0,1,0,0,1,1,1,2,986,16,57,-69,169,281,549,117,Austin,2022-08-29
2023,8,29,87,197,57,17,5,23,11,7,50,28,68,96,47,123,48,5,5,13,5,4,37,18,46,64,31,59,4,9,0,8,6,2,7,8,15,23,2,2,2,1,0,0,0,0,2,0,2,2,7,13,3,2,0,2,0,1,4,2,5,7,1065,15,65,-68,170,323,557,124,Austin,2023-08-29
2024,8,29,97,159,53,12,3,11,8,6,29,14,43,57,52,98,33,2,2,3,3,3,20,5,26,31,32,52,13,10,1,5,5,2,9,6,16,22,2,0,2,0,0,0,0,0,0,0,0,0,11,9,5,0,0,3,0,1,0,3,1,4,1120,13,76,-66,172,254,641,113,Austin,2024-08-29
2012,9,29,,,,,,,,,,,,,,,,,,,,,,,,,,,,,,,,,,,,,,,,,,,,,,,,,,,,,,,,,,,,,,,,,,,,,Austin,2012-09-29
2013,9,29,,,,,,,,,,,,,,,,,,,,,,,,,,,,,,,,,,,,,,,,,,,,,,,,,,,,,,,,,,,,,,,,,,,,,Austin,2013-09-29
2014,9,29,87,115,78,1,5,9,30,21,22,14,73,87,46,58,57,1,1,6,23,14,12,7,49,56,30,47,13,0,4,2,6,2,6,6,14,20,2,2,1,0,0,0,1,1,0,0,2,2,9,8,7,0,0,1,0,4,4,1,8,9,1709,36,107,-34,204,398,851,136,Austin,2014-09-29
2015,9,29,106,129,85,8,3,22,22,21,18,25,61,86,65,79,70,2,1,14,11,14,13,15,38,53,32,42,13,6,1,7,11,6,3,8,20,28,2,1,1,0,0,0,0,0,0,0,0,0,7,7,1,0,1,1,0,1,2,2,3,5,1607,18,97,-33,205,391,792,112,Austin,2015-09-29
2016,9,29,103,100,104,5,2,15,16,22,21,17,59,76,57,57,84,1,1,8,10,14,18,9,42,51,37,32,11,4,1,5,6,7,1,6,14,20,0,2,0,0,0,0,0,0,0,0,0,0,9,9,9,0,0,2,0,1,2,2,3,5,1593,22,102,-38,200,372,916,114,Austin,2016-09-29
2017,9,29,121,150,99,9,4,15,20,25,10,19,55,74,59,92,71,2,3,6,13,18,7,9,38,47,50,51,17,6,0,5,7,5,2,5,14,19,0,1,4,0,0,1,0,1,0,1,1,2,12,6,7,1,1,3,0,1,1,4,2,6,1474,18,89,-37,201,362,829,137,Austin,2017-09-29
2018,9,29,126,120,81,9,1,23,16,24,16,24,56,80,69,58,58,1,0,9,8,14,9,9,31,40,47,53,20,7,1,11,5,4,6,12,15,27,0,3,0,0,0,0,1,1,0,0,2,2,10,6,3,1,0,3,2,5,1,3,8,11,1338,17,98,-36,202,349,731,142,Austin,2018-09-29
2019,9,29,133,203,47,15,5,23,18,8,19,28,45,73,58,103,30,3,3,7,12,3,14,10,29,39,64,79,11,11,2,14,6,5,4,16,15,31,0,3,0,0,0,0,0,0,0,0,0,0,11,18,6,1,0,2,0,0,1,2,1,3,1257,15,86,-35,203,338,681,171,Austin,2019-09-29
2020,9,29,81,138,50,8,7,18,5,6,34,25,45,70,51,72,40,3,4,7,2,1,19,11,22,33,25,52,7,5,3,7,3,4,10,10,17,27,1,0,1,0,0,0,0,0,2,0,2,2,4,14,2,0,0,4,0,1,3,4,4,8,966,11,69,-33,205,305,487,111,Austin,2020-09-29
2021,9,29,77,173,61,20,6,18,5,5,25,24,35,59,50,97,41,6,4,11,1,5,20,15,26,41,18,61,15,13,2,6,4,0,4,8,8,16,1,2,2,0,0,0,0,0,1,0,1,1,8,13,3,1,0,1,0,0,0,1,0,1,1013,16,67,-39,199,272,542,148,Austin,2021-09-29
2022,9,29,85,169,71,14,1,20,10,17,23,21,50,71,58,90,54,3,0,13,1,12,18,13,31,44,24,67,13,9,1,7,9,4,4,8,17,25,0,4,0,0,0,0,0,0,0,0,0,0,3,8,4,2,0,0,0,1,1,0,2,2,972,9,54,-38,200,279,522,125,Austin,2022-09-29
2023,9,29,99,174,78,20,5,22,7,5,15,27,27,54,49,102,51,4,3,14,2,4,13,17,19,36,46,58,20,16,2,7,5,1,1,9,7,16,1,3,2,0,0,1,0,0,0,1,0,1,3,11,5,0,0,0,0,0,1,0,1,1,1125,18,61,-37,201,309,589,137,Austin,2023-09-29
2024,9,29,104,152,55,27,5,20,6,8,17,25,31,56,49,72,40,2,2,11,3,4,14,13,21,34,45,66,11,23,3,8,3,3,3,11,9,20,2,3,1,0,0,1,0,0,0,1,0,1,8,11,3,2,0,0,0,1,0,0,1,1,1056,14,61,-35,203,275,573,160,Austin,2024-09-29
2012,10,29,,,,,,,,,,,,,,,,,,,,,,,,,,,,,,,,,,,,,,,,,,,,,,,,,,,,,,,,,,,,,,,,,,,,,Austin,2012-10-29
2013,10,29,,,,,,,,,,,,,,,,,,,,,,,,,,,,,,,,,,,,,,,,,,,,,,,,,,,,,,,,,,,,,,,,,,,,,Austin,2013-10-29
2014,10,29,105,108,77,5,0,17,31,17,18,17,66,83,48,53,49,0,0,10,18,11,13,10,42,52,44,44,15,5,0,4,12,6,4,4,22,26,0,2,6,0,0,0,0,0,0,0,0,0,13,9,7,0,0,3,1,0,1,3,2,5,1696,28,112,-4,234,419,823,133,Austin,2014-10-29
2015,10,29,118,128,98,5,3,19,20,8,16,22,44,66,63,67,72,1,1,10,14,3,8,11,25,36,44,52,19,4,2,9,5,5,7,11,17,28,0,1,3,0,0,0,0,0,1,0,1,1,11,8,4,0,0,0,1,0,0,0,1,1,1701,23,101,-3,235,370,870,157,Austin,2015-10-29
2016,10,29,121,147,81,21,10,19,26,14,8,29,48,77,64,65,49,5,1,6,10,10,4,7,24,31,44,74,28,12,7,11,12,2,4,18,18,36,1,0,0,0,1,1,0,0,0,2,0,2,12,8,4,4,1,1,4,2,0,2,6,8,1570,11,112,-8,230,352,922,175,Austin,2016-10-29
2017,10,29,101,103,65,10,5,22,27,8,25,27,60,87,48,34,42,4,1,9,17,5,14,10,36,46,49,59,18,5,4,10,8,3,11,14,22,36,0,1,0,0,0,0,1,0,0,0,1,1,4,9,5,1,0,3,1,0,0,3,1,4,1252,8,83,-7,231,306,716,145,Austin,2017-10-29
2018,10,29,104,134,89,9,4,19,32,28,12,23,72,95,61,72,69,3,3,6,15,22,4,9,41,50,33,51,11,6,1,10,13,5,4,11,22,33,0,1,2,0,0,0,2,0,0,0,2,2,10,10,7,0,0,3,2,1,4,3,7,10,1437,25,106,-6,232,368,769,149,Austin,2018-10-29
2019,10,29,81,142,105,5,5,22,29,15,17,27,61,88,51,85,67,1,3,12,16,8,12,15,36,51,23,48,22,4,2,9,7,5,5,11,17,28,2,3,7,0,0,0,2,0,0,0,2,2,5,6,9,0,0,1,4,2,0,1,6,7,1279,23,85,-5,233,370,679,123,Austin,2019-10-29
2020,10,29,82,103,43,11,6,14,9,7,25,20,41,61,39,56,40,2,0,8,5,4,17,8,26,34,35,43,2,9,4,6,4,3,3,10,10,20,1,1,0,0,0,0,0,0,0,0,0,0,7,3,1,0,2,0,0,0,5,2,5,7,935,9,57,-3,235,267,464,140,Austin,2020-10-29
2021,10,29,89,145,71,18,0,26,9,7,34,26,50,76,54,70,55,6,0,10,2,4,26,10,32,42,29,66,11,10,0,10,7,3,6,10,16,26,3,2,0,0,0,1,0,0,0,1,0,1,3,7,5,2,0,5,0,0,2,5,2,7,1036,13,63,-9,229,291,559,145,Austin,2021-10-29
2022,10,29,89,130,66,22,5,17,20,10,19,22,49,71,41,58,32,1,3,3,7,6,13,6,26,32,37,60,26,19,2,13,10,2,4,15,16,31,0,2,0,0,0,0,2,0,0,0,2,2,11,10,8,2,0,1,1,2,2,1,5,6,974,8,72,-8,230,248,538,147,Austin,2022-10-29
2023,10,29,78,148,70,20,6,28,12,7,22,34,41,75,38,73,38,4,3,8,5,5,13,11,23,34,35,63,27,16,3,20,7,2,7,23,16,39,0,1,1,0,0,0,0,0,0,0,0,0,5,11,4,0,0,0,0,0,2,0,2,2,964,8,57,-7,231,259,533,136,Austin,2023-10-29
2024,10,29,78,168,65,22,4,17,11,14,36,21,61,82,43,90,47,1,0,4,5,5,27,4,37,41,27,69,10,21,3,12,5,7,7,15,19,34,3,1,0,0,0,0,0,1,0,0,1,1,5,8,8,0,1,1,1,1,2,2,4,6,1017,16,62,-5,233,296,524,127,Austin,2024-10-29
2012,11,29,,,,,,,,,,,,,,,,,,,,,,,,,,,,,,,,,,,,,,,,,,,,,,,,,,,,,,,,,,,,,,,,,,,,,Austin,2012-11-29
2013,11,29,,,,,,,,,,,,,,,,,,,,,,,,,,,,,,,,,,,,,,,,,,,,,,,,,,,,,,,,,,,,,,,,,,,,,Austin,2013-11-29
2014,11,29,109,114,50,4,10,23,17,25,15,33,57,90,40,47,28,0,1,7,7,15,5,8,27,35,56,54,17,4,8,15,6,8,9,23,23,46,1,1,0,0,1,0,0,0,0,1,0,1,12,12,5,0,0,1,4,2,1,1,7,8,1406,11,104,27,265,349,761,126,Austin,2014-11-29
2015,11,29,76,72,56,8,2,26,18,8,19,28,45,73,35,34,24,0,0,7,5,7,12,7,24,31,32,36,21,7,2,19,11,0,6,21,17,38,1,1,0,0,0,0,0,0,0,0,0,0,8,1,11,1,0,0,2,1,1,0,4,4,1102,6,77,28,266,308,587,91,Austin,2015-11-29
2016,11,29,106,123,109,11,1,22,44,21,18,23,83,106,60,53,65,2,0,8,21,9,10,8,40,48,40,57,18,8,1,12,19,11,8,13,38,51,0,2,6,0,0,0,2,0,0,0,2,2,6,11,20,1,0,2,2,1,0,2,3,5,1489,26,121,23,261,441,754,128,Austin,2016-11-29
2017,11,29,111,126,80,9,10,19,27,23,19,29,69,98,64,61,48,1,3,5,16,17,13,8,46,54,38,51,16,6,6,10,9,4,6,16,19,35,1,2,3,0,0,0,0,0,0,0,0,0,8,12,13,2,1,4,2,2,0,5,4,9,1527,29,118,24,262,367,853,136,Austin,2017-11-29
2018,11,29,100,133,104,9,3,16,30,18,15,19,63,82,45,66,68,3,2,4,20,8,10,6,38,44,42,62,21,5,1,10,7,7,5,11,19,30,1,3,3,0,0,0,0,1,0,0,1,1,12,2,12,1,0,2,3,2,0,2,5,7,1459,19,99,25,263,378,769,123,Austin,2018-11-29
2019,11,29,75,139,96,13,1,26,21,13,23,27,57,84,32,56,64,3,1,9,12,6,15,10,33,43,35,63,24,10,0,16,8,6,5,16,19,35,0,0,0,0,0,0,0,0,1,0,1,1,8,20,8,0,0,1,1,1,2,1,4,5,1226,5,90,26,264,366,620,135,Austin,2019-11-29
2020,11,29,75,88,35,19,6,24,11,10,24,30,45,75,32,39,19,4,1,9,4,4,14,10,22,32,40,38,16,14,5,14,7,3,10,19,20,39,1,1,0,0,0,0,0,0,0,0,0,0,2,10,0,1,0,1,0,3,0,1,3,4,845,10,71,28,266,285,417,112,Austin,2020-11-29
2021,11,29,66,142,66,13,5,18,15,5,43,23,63,86,31,75,33,3,2,11,5,2,33,13,40,53,22,53,26,10,3,6,9,2,8,9,19,28,0,3,2,0,0,0,0,1,0,0,1,1,13,11,5,0,0,1,1,0,2,1,3,4,942,17,85,22,260,327,469,108,Austin,2021-11-29
2022,11,29,64,146,53,13,4,14,9,5,15,18,29,47,38,71,33,2,2,6,3,4,11,8,18,26,21,61,14,11,2,7,5,1,2,9,8,17,0,2,0,0,0,0,1,0,0,0,1,1,5,12,6,0,0,1,0,0,2,1,2,3,917,17,77,23,261,294,473,103,Austin,2022-11-29
2023,11,29,77,163,57,10,3,18,5,7,21,21,33,54,40,92,38,3,1,7,1,5,14,8,20,28,29,60,13,6,1,11,3,0,7,12,10,22,2,0,0,0,0,0,0,0,0,0,0,0,6,11,6,1,1,0,1,2,0,1,3,4,991,9,71,24,262,260,546,104,Austin,2023-11-29
2024,11,29,74,112,38,15,3,23,8,11,20,26,39,65,29,61,25,2,1,9,3,7,13,10,23,33,36,44,9,11,2,9,4,3,7,11,14,25,1,2,1,0,0,1,0,1,0,1,1,2,8,5,3,2,0,4,1,0,0,4,1,5,961,20,65,26,264,255,519,86,Austin,2024-11-29
2012,12,29,,,,,,,,,,,,,,,,,,,,,,,,,,,,,,,,,,,,,,,,,,,,,,,,,,,,,,,,,,,,,,,,,,,,,Austin,2012-12-29
2013,12,29,,,,,,,,,,,,,,,,,,,,,,,,,,,,,,,,,,,,,,,,,,,,,,,,,,,,,,,,,,,,,,,,,,,,,Austin,2013-12-29
2014,12,29,76,89,63,3,2,21,29,16,8,23,53,76,36,36,47,1,1,6,16,7,5,7,28,35,32,42,12,1,1,13,12,6,2,14,20,34,0,1,0,0,0,0,0,0,1,0,1,1,8,10,4,1,0,2,1,3,0,2,4,6,1501,14,112,57,295,365,686,113,Austin,2014-12-29
2015,12,29,92,120,47,11,3,34,36,22,17,37,75,112,49,63,23,2,2,9,23,13,8,11,44,55,36,44,19,7,0,20,11,6,5,20,22,42,2,2,1,0,0,0,0,0,2,0,2,2,5,11,4,2,1,5,2,3,2,6,7,13,1512,27,123,58,296,381,700,101,Austin,2015-12-29
2016,12,29,81,117,82,10,2,21,33,10,24,23,67,90,43,56,52,1,0,9,19,6,14,9,39,48,34,48,20,9,1,11,10,4,8,12,22,34,2,0,2,0,0,0,3,0,1,0,4,4,2,13,8,0,1,1,1,0,1,2,2,4,1571,25,115,53,291,404,838,115,Austin,2016-12-29
2017,12,29,97,117,59,12,8,19,25,13,10,27,48,75,48,63,27,3,5,8,11,6,8,13,25,38,42,47,23,7,3,9,11,6,1,12,18,30,2,1,0,0,0,0,0,0,1,0,1,1,5,6,9,2,0,2,3,1,0,2,4,6,1375,16,96,54,292,324,757,132,Austin,2017-12-29
2018,12,29,89,107,31,9,0,22,15,17,15,22,47,69,39,43,20,1,0,9,11,7,10,9,28,37,45,53,9,6,0,12,3,9,4,12,16,28,0,1,0,0,0,1,0,0,0,1,0,1,5,10,2,2,0,0,1,1,1,0,3,3,1153,14,85,55,293,285,637,97,Austin,2018-12-29
2019,12,29,103,130,39,16,1,20,21,19,22,21,62,83,35,47,26,2,0,9,12,13,10,9,35,44,63,74,9,9,1,11,7,4,11,12,22,34,0,1,0,0,0,0,0,0,0,0,0,0,5,8,4,5,0,0,2,2,1,0,5,5,1072,14,80,56,294,306,554,141,Austin,2019-12-29
2020,12,29,81,168,44,23,5,23,8,8,38,28,54,82,44,65,22,6,2,12,5,6,22,14,33,47,31,87,15,14,2,11,3,1,9,13,13,26,0,2,1,0,0,0,0,0,3,0,3,3,6,14,6,3,1,0,0,1,4,1,5,6,985,19,89,58,296,302,500,141,Austin,2020-12-29
2021,12,29,80,153,43,27,2,19,9,5,24,21,38,59,42,80,27,7,1,9,5,2,15,10,22,32,33,61,12,19,1,9,3,2,8,10,13,23,1,3,0,0,0,0,0,0,0,0,0,0,4,9,4,1,0,1,1,1,1,1,3,4,884,19,54,52,290,252,432,157,Austin,2021-12-29
2022,12,29,58,164,45,18,6,21,8,5,27,27,40,67,25,84,28,4,3,8,2,3,16,11,21,32,29,67,12,11,3,12,6,2,9,15,17,32,0,1,1,1,0,0,0,0,0,0,0,0,4,12,4,2,0,1,0,0,2,1,2,3,991,7,76,53,291,308,489,108,Austin,2022-12-29
2023,12,29,84,154,53,23,2,11,16,3,44,13,63,76,44,85,30,4,1,5,5,1,24,6,30,36,33,62,15,17,1,6,9,0,18,7,27,34,1,1,1,0,0,0,1,0,1,0,2,2,6,6,7,2,0,0,1,2,1,0,4,4,1016,13,71,54,292,274,542,106,Austin,2023-12-29
2024,12,29,80,132,30,34,2,16,8,5,20,18,33,51,32,48,20,4,0,4,3,3,10,4,16,20,42,72,6,25,2,10,3,2,8,12,13,25,1,1,0,0,0,0,0,0,0,0,0,0,5,11,4,5,0,2,2,0,2,2,4,6,978,7,78,56,294,244,523,119,Austin,2024-12-29
2012,1,30,,,,,,,,,,,,,,,,,,,,,,,,,,,,,,,,,,,,,,,,,,,,,,,,,,,,,,,,,,,,,,,,,,,,,Austin,2012-01-30
2013,1,30,,,,,,,,,,,,,,,,,,,,,,,,,,,,,,,,,,,,,,,,,,,,,,,,,,,,,,,,,,,,,,,,,,,,,Austin,2013-01-30
2014,1,30,98,113,73,3,0,19,20,13,6,19,39,58,41,57,43,0,0,7,13,5,4,7,22,29,48,39,14,3,0,11,6,7,1,11,14,25,0,1,3,0,0,0,1,0,0,0,1,1,9,16,13,0,0,1,0,1,1,1,2,3,1662,31,115,-276,-38,384,812,120,Austin,2014-01-30
2015,1,30,121,127,78,4,7,26,27,20,17,33,64,97,65,58,48,2,1,8,10,13,12,9,35,44,46,55,19,1,5,17,13,3,4,22,20,42,1,1,0,0,0,0,1,0,1,0,2,2,9,13,11,1,1,1,3,4,0,2,7,9,1651,19,119,-275,-37,391,892,132,Austin,2015-01-30
2016,1,30,133,131,71,17,5,18,15,14,17,23,46,69,51,55,44,4,2,8,8,9,9,10,26,36,66,71,23,10,3,9,6,5,7,12,18,30,2,1,0,1,0,0,1,0,0,0,1,1,14,4,4,2,0,1,0,0,1,1,1,2,1647,15,123,-281,-43,362,881,153,Austin,2016-01-30
2017,1,30,102,128,90,5,3,18,22,9,15,21,46,67,54,58,69,1,1,7,17,5,6,8,28,36,38,59,16,3,2,10,4,3,7,12,14,26,0,0,2,0,0,0,0,0,1,0,1,1,10,11,3,1,0,1,1,1,1,1,3,4,1719,16,139,-279,-41,395,888,114,Austin,2017-01-30
2018,1,30,88,128,71,3,4,14,17,17,12,18,46,64,44,70,55,1,3,10,10,10,7,13,27,40,34,39,8,2,1,4,7,3,3,5,13,18,1,2,2,0,0,0,0,0,0,0,0,0,9,17,6,0,0,0,0,4,2,0,6,6,1331,19,103,-278,-40,334,720,114,Austin,2018-01-30
2019,1,30,83,147,80,3,3,12,24,6,18,15,48,63,53,83,60,1,2,6,17,2,13,8,32,40,24,50,12,2,1,6,6,4,2,7,12,19,0,3,2,0,0,0,1,0,1,0,2,2,6,11,6,0,0,0,0,0,2,0,2,2,1339,27,91,-277,-39,332,723,130,Austin,2019-01-30
2020,1,30,109,172,71,6,5,17,23,18,14,22,55,77,54,98,47,1,1,8,18,11,8,9,37,46,40,67,20,1,4,7,4,5,4,11,13,24,2,1,1,0,0,0,1,0,1,0,2,2,13,6,3,4,0,2,0,2,1,2,3,5,1459,18,78,-276,-38,381,748,144,Austin,2020-01-30
2021,1,30,96,141,54,22,0,24,6,8,18,24,32,56,47,71,31,6,0,8,2,6,13,8,21,29,47,60,18,16,0,14,4,2,3,14,9,23,0,1,1,0,0,0,0,0,0,0,0,0,2,9,4,0,0,2,0,0,2,2,2,4,985,9,64,-281,-43,306,470,143,Austin,2021-01-30
2022,1,30,96,146,54,26,2,26,8,4,23,28,35,63,40,49,26,4,2,9,3,3,16,11,22,33,53,84,26,17,0,14,4,1,5,14,10,24,2,3,0,0,0,0,0,0,0,0,0,0,1,10,2,5,0,3,1,0,2,3,3,6,945,11,58,-280,-42,286,487,138,Austin,2022-01-30
2023,1,30,68,145,49,18,4,16,6,4,40,20,50,70,33,70,32,4,2,10,3,2,28,12,33,45,27,69,13,11,2,6,3,1,9,8,13,21,2,1,1,0,0,0,0,0,1,0,1,1,6,5,3,3,0,0,0,1,2,0,3,3,911,12,58,-279,-41,289,459,107,Austin,2023-01-30
2024,1,30,70,133,55,8,0,12,5,4,16,12,25,37,39,79,31,3,0,5,3,3,13,5,19,24,27,45,18,4,0,4,2,1,1,4,4,8,1,0,0,0,0,2,0,0,0,2,0,2,3,9,6,1,0,1,0,0,2,1,2,3,944,26,94,-278,-40,225,534,90,Austin,2024-01-30
2012,3,30,,,,,,,,,,,,,,,,,,,,,,,,,,,,,,,,,,,,,,,,,,,,,,,,,,,,,,,,,,,,,,,,,,,,,Austin,2012-03-30
2013,3,30,,,,,,,,,,,,,,,,,,,,,,,,,,,,,,,,,,,,,,,,,,,,,,,,,,,,,,,,,,,,,,,,,,,,,Austin,2013-03-30
2014,3,30,142,118,83,8,4,23,18,14,11,27,43,70,65,47,48,1,1,13,8,8,7,14,23,37,65,58,28,6,2,8,9,6,4,10,19,29,0,1,1,0,0,0,0,0,0,0,0,0,12,12,6,1,1,2,1,0,0,3,1,4,1576,13,78,-217,21,330,865,155,Austin,2014-03-30
2015,3,30,119,113,78,4,1,26,25,20,21,27,66,93,73,59,60,0,1,5,15,18,13,6,46,52,35,42,15,4,0,20,9,2,6,20,17,37,3,1,0,0,0,0,0,0,1,0,1,1,8,11,3,0,0,1,1,0,1,1,2,3,1625,16,100,-216,22,411,793,150,Austin,2015-03-30
2016,3,30,130,141,117,11,5,14,24,18,11,19,53,72,82,88,89,3,2,9,16,9,8,11,33,44,34,38,17,7,2,4,8,5,2,6,15,21,1,1,6,0,0,0,0,0,0,0,0,0,13,14,5,1,1,1,0,4,1,2,5,7,1498,29,88,-221,17,387,795,180,Austin,2016-03-30
2017,3,30,106,140,101,3,5,29,20,21,13,34,54,88,64,73,78,1,2,16,11,13,10,18,34,52,28,53,14,0,3,9,7,6,2,12,15,27,0,2,3,0,0,1,0,0,0,1,0,1,14,12,6,2,0,3,2,2,1,3,5,8,1655,19,125,-220,18,442,881,137,Austin,2017-03-30
2018,3,30,113,174,88,7,1,20,11,9,12,21,32,53,65,109,63,0,0,11,4,5,6,11,15,26,37,56,17,7,1,8,6,0,4,9,10,19,0,1,1,0,0,0,0,0,0,0,0,0,11,8,7,0,0,1,1,4,2,1,7,8,1699,8,120,-219,19,390,938,158,Austin,2018-03-30
2019,3,30,117,147,83,9,4,20,19,16,12,24,47,71,61,74,50,2,2,9,16,12,7,11,35,46,47,56,23,5,1,10,3,2,4,11,9,20,0,2,0,0,0,0,0,0,0,0,0,0,9,15,10,2,1,1,0,2,1,2,3,5,1440,17,112,-218,20,333,847,157,Austin,2019-03-30
2020,3,30,82,153,42,20,2,22,18,8,25,24,51,75,58,93,35,9,0,9,14,6,20,9,40,49,19,44,5,11,2,9,3,2,4,11,9,20,0,3,0,0,0,0,0,0,1,0,1,1,5,13,2,0,0,4,1,0,0,4,1,5,889,13,64,-216,22,284,457,104,Austin,2020-03-30
2021,3,30,90,163,45,19,3,23,8,9,12,26,29,55,51,91,24,7,1,14,4,6,12,15,22,37,34,65,16,9,2,6,4,3,0,8,7,15,1,3,2,0,0,0,0,0,0,0,0,0,4,4,3,3,0,3,0,0,0,3,0,3,1000,14,55,-222,16,310,488,142,Austin,2021-03-30
2022,3,30,84,149,71,14,2,30,10,6,31,32,47,79,52,82,52,2,1,19,5,6,20,20,31,51,27,60,9,12,0,7,5,0,9,7,14,21,2,1,3,0,0,0,0,0,0,0,0,0,3,6,7,0,1,4,0,0,2,5,2,7,1049,12,55,-221,17,314,538,146,Austin,2022-03-30
2023,3,30,89,158,73,18,4,21,14,5,29,25,48,73,50,85,61,9,2,10,5,4,17,12,26,38,31,57,9,9,1,9,9,1,10,10,20,30,5,0,1,0,0,0,0,0,1,0,1,1,3,16,2,0,1,2,0,0,1,3,1,4,989,17,78,-220,18,305,490,132,Austin,2023-03-30
2024,3,30,84,182,49,21,5,23,9,13,38,28,60,88,42,103,28,5,3,14,5,7,29,17,41,58,37,65,15,14,2,7,4,6,9,9,19,28,0,4,0,0,0,0,0,0,0,0,0,0,5,10,6,2,0,2,0,0,0,2,0,2,1080,8,84,-218,20,265,567,145,Austin,2024-03-30
2012,4,30,,,,,,,,,,,,,,,,,,,,,,,,,,,,,,,,,,,,,,,,,,,,,,,,,,,,,,,,,,,,,,,,,,,,,Austin,2012-04-30
2013,4,30,,,,,,,,,,,,,,,,,,,,,,,,,,,,,,,,,,,,,,,,,,,,,,,,,,,,,,,,,,,,,,,,,,,,,Austin,2013-04-30
2014,4,30,106,115,79,2,3,18,31,17,14,21,62,83,75,70,67,1,1,12,23,12,11,13,46,59,20,39,9,1,1,5,8,4,3,6,15,21,1,1,0,0,0,0,0,0,0,0,0,0,10,5,3,0,1,1,0,1,0,2,1,3,1645,15,101,-186,52,413,779,104,Austin,2014-04-30
2015,4,30,100,113,86,5,2,12,23,14,8,14,45,59,55,71,79,1,0,6,14,8,5,6,27,33,35,37,5,3,1,4,5,6,3,5,14,19,1,0,1,0,0,0,0,0,0,0,0,0,9,5,1,1,1,2,4,0,0,3,4,7,1650,22,138,-185,53,353,864,117,Austin,2015-04-30
2016,4,30,132,128,95,12,8,26,26,17,8,34,51,85,61,59,71,4,5,12,17,12,6,17,35,52,53,52,16,7,2,13,7,4,2,15,13,28,0,3,0,0,0,0,1,0,0,0,1,1,18,14,8,1,1,1,1,1,0,2,2,4,1649,13,124,-190,48,382,933,169,Austin,2016-04-30
2017,4,30,110,108,72,12,1,35,14,12,20,36,46,82,55,41,47,3,1,19,9,7,13,20,29,49,42,51,17,9,0,14,5,3,5,14,13,27,1,3,0,0,0,0,0,0,0,0,0,0,12,13,8,0,0,2,0,2,2,2,4,6,1478,10,116,-189,49,353,844,118,Austin,2017-04-30
2018,4,30,105,125,91,8,5,27,34,16,25,32,75,107,76,77,83,5,0,12,25,12,20,12,57,69,21,39,6,3,5,12,8,2,3,17,13,30,1,0,1,0,0,0,0,0,1,0,1,1,7,9,1,0,0,3,1,2,1,3,4,7,1464,14,112,-188,50,347,797,159,Austin,2018-04-30
2019,4,30,110,178,87,8,3,14,30,18,13,17,61,78,75,117,76,6,1,10,20,15,8,11,43,54,24,50,6,2,2,4,7,3,5,6,15,21,1,2,2,0,0,0,0,0,0,0,0,0,10,9,3,0,0,0,3,0,0,0,3,3,1507,17,103,-187,51,398,804,163,Austin,2019-04-30
2020,4,30,112,155,42,8,4,26,16,10,28,30,54,84,71,105,36,4,1,11,13,8,20,12,41,53,31,40,6,4,2,8,3,0,5,10,8,18,0,0,0,0,0,0,0,0,0,0,0,0,10,10,0,0,1,7,0,2,3,8,5,13,1151,14,98,-185,53,333,588,127,Austin,2020-04-30
2021,4,30,105,181,75,17,5,30,12,9,26,35,47,82,64,107,51,5,5,19,5,7,17,24,29,53,27,59,15,9,0,9,7,2,8,9,17,26,0,2,1,0,0,1,0,0,0,1,0,1,14,13,8,3,0,1,0,0,1,1,1,2,1106,14,76,-191,47,308,595,163,Austin,2021-04-30
2022,4,30,100,152,77,29,1,23,14,7,25,24,46,70,60,94,48,6,0,12,5,4,19,12,28,40,26,47,20,18,1,10,7,3,3,11,13,24,2,2,0,1,0,1,0,0,0,1,0,1,12,9,9,4,0,0,2,0,3,0,5,5,1049,10,78,-190,48,271,534,196,Austin,2022-04-30
2023,4,30,70,139,53,24,3,23,15,8,16,26,39,65,38,74,35,5,2,9,7,4,9,11,20,31,20,53,17,16,1,13,7,4,5,14,16,30,1,2,0,0,0,1,0,0,1,1,1,2,11,10,1,3,0,0,1,0,1,0,2,2,894,12,69,-189,49,247,475,113,Austin,2023-04-30
2024,4,30,104,164,72,12,4,25,9,10,31,29,50,79,70,107,54,5,2,12,3,5,26,14,34,48,27,47,11,4,2,10,5,4,3,12,12,24,1,1,1,0,0,0,0,0,2,0,2,2,6,9,6,3,0,3,1,1,0,3,2,5,1054,10,83,-187,51,305,551,139,Austin,2024-04-30
2012,5,30,,,,,,,,,,,,,,,,,,,,,,,,,,,,,,,,,,,,,,,,,,,,,,,,,,,,,,,,,,,,,,,,,,,,,Austin,2012-05-30
2013,5,30,,,,,,,,,,,,,,,,,,,,,,,,,,,,,,,,,,,,,,,,,,,,,,,,,,,,,,,,,,,,,,,,,,,,,Austin,2013-05-30
2014,5,30,116,141,88,4,3,20,29,17,20,23,66,89,74,78,76,0,2,8,22,12,16,10,50,60,37,53,9,4,1,5,6,5,4,6,15,21,0,0,0,0,0,0,0,0,0,0,0,0,5,10,3,0,0,7,1,0,0,7,1,8,1901,15,147,-156,82,435,981,132,Austin,2014-05-30
2015,5,30,131,140,77,11,11,30,24,11,12,41,47,88,65,80,61,5,6,13,13,7,7,19,27,46,53,47,13,5,4,11,10,2,5,15,17,32,1,0,1,0,0,0,0,0,0,0,0,0,12,13,2,1,1,6,1,2,0,7,3,10,1573,11,149,-155,83,367,889,163,Austin,2015-05-30
2016,5,30,124,124,58,10,4,29,20,14,13,33,47,80,80,71,42,3,2,16,17,8,10,18,35,53,34,33,11,4,1,12,2,4,3,13,9,22,1,1,1,0,0,0,0,0,0,0,0,0,9,19,4,3,1,1,1,2,0,2,3,5,1391,14,144,-160,78,383,740,135,Austin,2016-05-30
2017,5,30,109,139,70,6,1,20,29,18,15,21,62,83,76,93,56,2,1,13,26,15,13,14,54,68,25,36,10,3,0,4,2,2,1,4,5,9,1,0,1,0,0,0,0,0,0,0,0,0,7,10,3,1,0,3,1,1,1,3,3,6,1691,9,138,-159,79,468,814,158,Austin,2017-05-30
2018,5,30,108,152,85,2,1,21,16,25,11,22,52,74,63,93,74,1,1,12,12,20,9,13,41,54,34,44,7,0,0,6,2,4,2,6,8,14,0,4,0,0,0,0,0,0,0,0,0,0,11,11,4,1,0,3,2,1,0,3,3,6,1603,24,130,-158,80,387,872,141,Austin,2018-05-30
2019,5,30,110,152,85,7,6,23,20,15,19,29,54,83,70,98,68,4,2,15,19,11,16,17,46,63,30,39,11,3,2,5,0,4,2,7,6,13,0,3,3,0,0,1,1,0,0,1,1,2,10,12,3,0,2,2,0,0,1,4,1,5,1626,29,131,-157,81,390,878,170,Austin,2019-05-30
2020,5,30,122,112,42,22,9,15,13,9,18,24,40,64,76,65,27,2,2,4,5,2,14,6,21,27,31,40,8,15,6,7,7,6,2,13,15,28,0,2,0,0,0,0,0,1,0,0,1,1,15,5,7,5,1,4,1,0,2,5,3,8,874,14,59,-155,83,224,464,159,Austin,2020-05-30
2021,5,30,103,139,57,19,8,32,6,5,20,40,31,71,70,82,37,5,3,15,1,2,17,18,20,38,30,39,16,13,5,16,5,2,3,21,10,31,0,3,0,0,0,0,0,0,0,0,0,0,3,15,4,1,0,1,0,1,0,1,1,2,1050,9,77,-161,77,311,560,149,Austin,2021-05-30
2022,5,30,100,137,40,16,0,27,9,10,27,27,46,73,65,92,30,7,0,20,3,6,23,20,32,52,25,34,7,9,0,6,6,3,4,6,13,19,2,3,0,0,0,0,0,0,0,0,0,0,8,8,3,0,0,1,0,1,0,1,1,2,975,7,74,-160,78,273,535,127,Austin,2022-05-30
2023,5,30,90,149,57,12,8,16,10,7,45,24,62,86,60,93,51,3,4,7,6,6,39,11,51,62,18,40,1,8,4,5,3,1,4,9,8,17,0,0,1,0,0,0,0,0,1,0,1,1,12,16,4,1,0,4,1,0,1,4,2,6,1015,9,90,-159,79,353,466,122,Austin,2023-05-30
2024,5,30,90,148,61,12,1,16,9,9,26,17,44,61,57,92,48,2,1,8,5,9,21,9,35,44,26,39,7,7,0,7,3,0,5,7,8,15,1,2,1,0,0,0,0,0,0,0,0,0,6,15,5,3,0,1,1,0,0,1,1,2,1052,9,96,-157,81,301,532,116,Austin,2024-05-30
2012,6,30,,,,,,,,,,,,,,,,,,,,,,,,,,,,,,,,,,,,,,,,,,,,,,,,,,,,,,,,,,,,,,,,,,,,,Austin,2012-06-30
2013,6,30,,,,,,,,,,,,,,,,,,,,,,,,,,,,,,,,,,,,,,,,,,,,,,,,,,,,,,,,,,,,,,,,,,,,,Austin,2013-06-30
2014,6,30,116,106,69,7,3,17,29,21,15,20,65,85,80,56,59,0,2,8,19,16,11,10,46,56,29,34,5,7,1,6,10,5,2,7,17,24,0,0,2,0,0,0,0,0,1,0,1,1,7,16,3,0,0,3,0,0,1,3,1,4,1741,13,171,-125,113,419,837,122,Austin,2014-06-30
2015,6,30,108,118,91,6,9,22,19,21,19,31,59,90,72,73,82,1,4,13,13,20,17,17,50,67,27,42,3,4,5,5,5,1,2,10,8,18,0,1,0,0,0,0,0,0,0,0,0,0,9,2,6,1,0,4,1,0,0,4,1,5,1613,13,130,-124,114,415,823,137,Austin,2015-06-30
2016,6,30,113,115,100,10,2,23,26,22,20,25,68,93,71,68,84,3,0,12,15,14,16,12,45,57,26,40,8,4,2,10,9,5,2,12,16,28,2,1,1,0,0,0,0,1,0,0,1,1,14,6,7,3,0,1,2,2,2,1,6,7,1686,24,162,-129,109,430,895,134,Austin,2016-06-30
2017,6,30,116,145,84,6,3,28,13,21,13,31,47,78,65,89,76,0,1,15,7,17,12,16,36,52,36,43,5,4,2,9,5,2,1,11,8,19,0,1,0,0,0,0,0,0,0,0,0,0,15,12,3,2,0,4,1,2,0,4,3,7,1823,9,145,-128,110,402,987,155,Austin,2017-06-30
2018,6,30,113,112,67,10,4,39,17,11,15,43,43,86,76,67,52,0,2,18,6,5,11,20,22,42,32,33,9,6,2,15,6,3,4,17,13,30,1,2,0,0,0,0,1,1,0,0,2,2,4,10,6,4,0,6,4,2,0,6,6,12,1403,12,129,-127,111,355,777,141,Austin,2018-06-30
2019,6,30,128,136,69,15,2,25,12,22,18,27,52,79,77,72,45,1,0,12,8,17,12,12,37,49,43,49,20,11,2,9,4,4,4,11,12,23,1,0,1,0,0,0,0,0,0,0,0,0,7,15,3,3,0,4,0,1,2,4,3,7,1253,8,107,-126,112,361,653,151,Austin,2019-06-30
2020,6,30,101,159,30,16,2,21,19,13,33,23,65,88,72,98,25,3,2,9,13,6,28,11,47,58,21,45,2,12,0,8,4,4,5,8,13,21,1,1,0,0,0,0,0,0,0,0,0,0,7,15,3,1,0,4,2,3,0,4,5,9,961,10,78,-124,114,261,546,119,Austin,2020-06-30
2021,6,30,97,174,56,19,4,27,13,9,24,31,46,77,65,107,41,5,3,18,7,7,19,21,33,54,25,52,8,8,1,4,5,0,2,5,7,12,0,2,2,0,0,1,0,0,1,1,1,2,7,13,5,6,0,4,1,2,2,4,5,9,1039,14,87,-130,108,311,537,154,Austin,2021-06-30
2022,6,30,79,200,51,14,4,16,10,6,37,20,53,73,56,127,41,3,3,8,8,5,30,11,43,54,15,55,7,7,1,5,1,0,6,6,7,13,2,4,0,0,0,0,0,0,0,0,0,0,6,14,3,4,0,3,1,1,1,3,3,6,1110,11,109,-129,109,286,604,149,Austin,2022-06-30
2023,6,30,108,141,72,20,3,19,11,12,39,22,62,84,68,99,62,4,2,11,6,10,28,13,44,57,24,32,5,11,1,6,4,2,8,7,14,21,4,1,0,0,0,2,0,0,0,2,0,2,12,9,5,5,0,0,1,0,3,0,4,4,1155,16,102,-128,110,317,620,147,Austin,2023-06-30
2024,6,30,131,181,46,32,1,18,4,10,29,19,43,62,74,112,31,8,1,9,0,5,19,10,24,34,46,53,12,18,0,9,4,1,9,9,14,23,1,1,0,0,0,0,0,1,0,0,1,1,10,15,3,6,0,0,0,3,1,0,4,4,1066,11,92,-126,112,276,576,164,Austin,2024-06-30
2012,7,30,,,,,,,,,,,,,,,,,,,,,,,,,,,,,,,,,,,,,,,,,,,,,,,,,,,,,,,,,,,,,,,,,,,,,Austin,2012-07-30
2013,7,30,,,,,,,,,,,,,,,,,,,,,,,,,,,,,,,,,,,,,,,,,,,,,,,,,,,,,,,,,,,,,,,,,,,,,Austin,2013-07-30
2014,7,30,108,120,67,3,3,23,43,21,21,26,85,111,62,59,52,1,2,13,28,15,19,15,62,77,33,48,7,2,1,8,10,4,2,9,16,25,0,2,1,0,0,1,1,0,0,1,1,2,13,11,7,0,0,1,4,2,0,1,6,7,1716,23,144,-95,143,412,881,110,Austin,2014-07-30
2015,7,30,105,137,80,5,1,20,19,23,16,21,58,79,70,74,64,0,1,10,13,15,13,11,41,52,24,52,8,2,0,7,6,3,2,7,11,18,1,2,1,0,0,0,0,1,0,0,1,1,10,9,7,3,0,3,0,4,1,3,5,8,1675,24,150,-94,144,382,892,143,Austin,2015-07-30
2016,7,30,133,126,68,9,1,19,17,23,14,20,54,74,79,76,53,2,1,6,10,15,11,7,36,43,45,39,13,6,0,11,4,2,2,11,8,19,0,1,0,0,0,0,0,1,0,0,1,1,9,10,2,1,0,2,3,5,1,2,9,11,1546,13,148,-99,139,399,838,130,Austin,2016-07-30
2017,7,30,119,105,94,11,6,20,25,11,23,26,59,85,62,55,71,2,0,8,19,6,17,8,42,50,38,40,20,6,6,6,5,4,4,12,13,25,0,0,0,1,0,1,0,0,0,1,0,1,19,10,3,2,0,5,1,1,2,5,4,9,1309,6,120,-98,140,364,682,140,Austin,2017-07-30
2018,7,30,119,167,76,5,2,27,18,12,28,29,58,87,88,105,66,2,0,15,14,8,21,15,43,58,27,41,5,2,1,9,4,3,5,10,12,22,0,2,1,0,0,0,0,0,1,0,1,1,4,19,4,1,1,3,0,1,1,4,2,6,1530,21,105,-97,141,385,887,132,Austin,2018-07-30
2019,7,30,92,130,91,10,2,23,27,13,20,25,60,85,64,89,70,1,1,13,20,12,12,14,44,58,20,34,12,8,1,5,7,1,4,6,12,18,1,1,2,0,0,2,0,0,1,2,1,3,7,6,7,1,0,3,0,0,3,3,3,6,1370,19,96,-96,142,399,659,141,Austin,2019-07-30
2020,7,30,87,135,34,14,1,18,9,20,28,19,57,76,58,80,27,4,1,11,4,16,22,12,42,54,24,47,5,9,0,6,3,3,1,6,7,13,0,1,1,0,0,0,0,0,1,0,1,1,5,7,1,1,0,1,2,1,4,1,7,8,1015,11,83,-94,144,298,519,131,Austin,2020-07-30
2021,7,30,119,189,77,12,4,16,10,9,29,20,48,68,75,127,53,5,0,7,8,5,25,7,38,45,32,52,15,7,3,5,2,4,2,8,8,16,1,2,0,0,0,0,0,0,1,0,1,1,11,8,9,0,1,4,0,0,1,5,1,6,1140,14,91,-100,138,309,586,182,Austin,2021-07-30
2022,7,30,93,153,63,24,4,17,13,13,31,21,57,78,54,88,36,5,0,10,7,8,27,10,42,52,29,51,19,17,1,5,3,4,3,6,10,16,2,1,2,0,0,0,2,0,0,0,2,2,8,13,6,2,3,2,1,1,1,5,3,8,1094,15,91,-99,139,294,565,174,Austin,2022-07-30
2023,7,30,81,120,48,28,5,24,6,5,41,29,52,81,41,69,30,3,3,11,2,5,29,14,36,50,34,38,16,20,2,11,4,0,7,13,11,24,2,3,0,0,0,1,0,0,0,1,0,1,4,10,2,5,0,1,0,0,5,1,5,6,1007,9,79,-98,140,305,516,124,Austin,2023-07-30
2024,7,30,94,147,52,16,3,16,14,8,28,19,50,69,57,98,41,3,2,12,4,7,21,14,32,46,24,32,7,11,1,3,7,1,3,4,11,15,2,0,0,0,0,0,0,0,1,0,1,1,11,17,4,2,0,1,3,0,3,1,6,7,1026,10,89,-96,142,276,585,112,Austin,2024-07-30
2012,8,30,,,,,,,,,,,,,,,,,,,,,,,,,,,,,,,,,,,,,,,,,,,,,,,,,,,,,,,,,,,,,,,,,,,,,Austin,2012-08-30
2013,8,30,,,,,,,,,,,,,,,,,,,,,,,,,,,,,,,,,,,,,,,,,,,,,,,,,,,,,,,,,,,,,,,,,,,,,Austin,2013-08-30
2014,8,30,116,116,74,4,4,32,17,19,8,36,44,80,63,43,49,0,3,14,12,13,6,17,31,48,48,56,17,3,1,13,5,5,1,14,11,25,0,3,0,0,0,0,0,0,0,0,0,0,5,14,8,1,0,5,0,1,1,5,2,7,1747,14,118,-64,174,403,874,147,Austin,2014-08-30
2015,8,30,112,107,58,9,5,27,22,14,13,32,49,81,55,53,40,0,3,14,13,10,8,17,31,48,50,45,13,8,1,11,7,4,4,12,15,27,0,1,2,0,0,0,0,0,0,0,0,0,7,8,3,1,1,2,2,0,1,3,3,6,1427,14,99,-63,175,376,768,134,Austin,2015-08-30
2016,8,30,104,140,99,2,4,16,32,19,15,20,66,86,63,82,84,1,2,14,24,15,8,16,47,63,30,43,12,1,2,1,7,4,7,3,18,21,0,3,0,0,0,0,0,0,0,0,0,0,11,12,3,0,0,1,1,0,0,1,1,2,1528,18,104,-68,170,344,833,155,Austin,2016-08-30
2017,8,30,110,145,79,8,5,19,19,22,16,24,57,81,63,91,70,1,2,5,15,19,14,7,48,55,38,41,5,6,3,12,1,2,2,15,5,20,0,1,0,0,0,0,0,0,0,0,0,0,9,12,4,1,0,2,3,1,0,2,4,6,1598,25,110,-67,171,439,834,130,Austin,2017-08-30
2018,8,30,84,119,82,6,5,26,24,15,17,31,56,87,54,78,72,4,2,13,18,13,15,15,46,61,24,31,7,2,3,9,6,1,2,12,9,21,1,1,0,0,0,2,0,0,0,2,0,2,5,9,3,0,0,2,0,1,0,2,1,3,1480,21,96,-66,172,381,830,124,Austin,2018-08-30
2019,8,30,123,194,88,7,4,25,25,11,18,29,54,83,87,106,66,1,2,14,21,8,11,16,40,56,27,72,14,6,0,7,4,2,5,7,11,18,3,1,3,0,0,0,0,0,1,0,1,1,6,15,5,0,2,4,0,1,1,6,2,8,1635,24,139,-65,173,452,815,189,Austin,2019-08-30
2020,8,30,95,120,60,29,6,29,8,13,26,35,47,82,45,61,38,5,0,11,3,10,16,11,29,40,38,52,17,21,4,17,4,1,8,21,13,34,2,0,2,0,0,0,1,0,2,0,3,3,10,7,3,3,2,1,0,2,0,3,2,5,1012,11,84,-63,175,316,520,128,Austin,2020-08-30
2021,8,30,107,188,67,9,4,27,11,4,43,31,58,89,65,122,45,3,2,16,5,2,31,18,38,56,29,49,15,3,1,11,6,1,11,12,18,30,2,2,4,0,1,0,0,0,0,1,0,1,11,15,3,3,0,0,0,1,1,0,2,2,1097,21,88,-69,169,343,571,138,Austin,2021-08-30
2022,8,30,74,164,73,12,5,9,14,7,32,14,53,67,54,108,57,2,1,4,7,4,26,5,37,42,15,48,13,8,3,5,7,3,4,8,14,22,2,1,1,0,1,0,0,0,0,1,0,1,3,7,2,2,0,0,0,0,2,0,2,2,981,14,66,-68,170,297,510,125,Austin,2022-08-30
2023,8,30,85,173,74,12,4,14,8,8,36,18,52,70,56,119,58,4,4,6,2,7,30,10,39,49,21,44,12,8,0,7,5,1,4,7,10,17,0,4,0,0,0,0,0,0,1,0,1,1,8,6,4,0,0,1,1,0,1,1,2,3,1043,17,69,-67,171,278,592,116,Austin,2023-08-30
2024,8,30,83,185,59,16,1,25,8,5,28,26,41,67,47,104,46,6,1,9,5,4,20,10,29,39,24,66,12,8,0,15,3,1,6,15,10,25,3,3,0,1,0,0,0,0,0,0,0,0,9,12,1,1,0,1,0,0,2,1,2,3,1128,15,85,-65,173,306,637,117,Austin,2024-08-30
2012,9,30,,,,,,,,,,,,,,,,,,,,,,,,,,,,,,,,,,,,,,,,,,,,,,,,,,,,,,,,,,,,,,,,,,,,,Austin,2012-09-30
2013,9,30,,,,,,,,,,,,,,,,,,,,,,,,,,,,,,,,,,,,,,,,,,,,,,,,,,,,,,,,,,,,,,,,,,,,,Austin,2013-09-30
2014,9,30,113,133,76,2,3,22,31,18,14,25,63,88,67,76,59,0,2,10,24,13,6,12,43,55,33,44,11,2,1,10,3,3,6,11,12,23,0,1,1,0,0,2,1,0,1,2,2,4,13,12,5,0,0,0,3,2,1,0,6,6,1641,23,119,-33,205,404,829,127,Austin,2014-09-30
2015,9,30,101,118,96,6,1,24,28,20,14,25,62,87,53,68,80,1,1,13,16,19,8,14,43,57,37,34,12,5,0,9,10,1,6,9,17,26,1,2,1,0,0,0,0,0,0,0,0,0,10,14,3,0,0,2,2,0,0,2,2,4,1570,22,98,-32,206,391,809,123,Austin,2015-09-30
2016,9,30,117,152,123,10,5,14,25,19,26,19,70,89,66,88,93,1,3,6,20,15,18,9,53,62,40,56,24,9,1,7,2,4,6,8,12,20,3,2,2,0,0,0,0,0,1,0,1,1,8,6,4,0,1,1,3,0,1,2,4,6,1783,27,114,-37,201,385,998,179,Austin,2016-09-30
2017,9,30,116,133,86,11,3,20,23,12,20,23,55,78,59,79,63,2,1,2,14,5,15,3,34,37,49,46,14,8,2,17,9,7,4,19,20,39,1,0,0,0,0,0,0,0,1,0,1,1,7,8,9,1,0,1,0,0,0,1,0,1,1583,11,125,-36,202,354,898,167,Austin,2017-09-30
2018,9,30,115,129,60,9,5,29,16,11,22,34,49,83,68,65,38,3,3,11,12,10,16,14,38,52,39,53,18,5,1,15,3,1,3,16,7,23,0,4,0,0,0,0,0,0,1,0,1,1,8,7,4,1,1,3,1,0,2,4,3,7,1220,10,70,-35,203,333,675,148,Austin,2018-09-30
2019,9,30,111,158,100,6,2,14,22,22,18,16,62,78,60,95,76,3,1,7,12,11,11,8,34,42,37,51,16,3,1,5,9,6,6,6,21,27,3,4,1,0,0,1,0,0,0,1,0,1,11,8,7,0,0,1,1,5,1,1,7,8,1415,29,97,-34,204,390,721,168,Austin,2019-09-30
2020,9,30,85,179,45,21,8,24,3,13,33,32,49,81,47,107,29,5,1,10,1,9,21,11,31,42,23,54,12,11,7,10,2,4,10,17,16,33,0,3,0,0,0,0,0,0,0,0,0,0,15,15,4,5,0,4,0,0,2,4,2,6,1037,8,92,-32,206,295,521,167,Austin,2020-09-30
2021,9,30,105,167,51,6,2,25,13,10,29,27,52,79,56,110,39,3,1,15,2,7,19,16,28,44,37,45,9,2,1,8,9,2,6,9,17,26,0,1,0,0,0,0,1,0,0,0,1,1,12,11,3,1,0,2,1,1,4,2,6,8,1000,16,77,-38,200,298,508,139,Austin,2021-09-30
2022,9,30,84,182,69,14,4,15,7,12,30,19,49,68,48,113,52,7,1,9,1,7,20,10,28,38,29,61,12,5,2,6,6,4,10,8,20,28,1,2,1,0,1,0,0,0,0,1,0,1,6,6,4,2,0,0,0,1,0,0,1,1,1052,16,72,-37,201,294,568,143,Austin,2022-09-30
2023,9,30,107,159,69,19,4,20,11,15,19,24,45,69,47,86,42,4,2,9,3,10,14,11,27,38,52,59,19,14,2,11,6,5,3,13,14,27,1,1,0,0,0,0,1,0,0,0,1,1,7,13,8,1,0,0,1,0,2,0,3,3,1065,12,70,-36,202,294,535,156,Austin,2023-09-30
2024,9,30,102,166,55,12,0,20,5,8,31,20,44,64,58,96,39,7,0,6,5,5,21,6,31,37,34,56,13,5,0,12,0,0,6,12,6,18,2,0,1,0,0,0,0,0,3,0,3,3,8,14,2,0,0,2,0,3,1,2,4,6,1053,22,84,-34,204,289,549,129,Austin,2024-09-30
2012,10,30,,,,,,,,,,,,,,,,,,,,,,,,,,,,,,,,,,,,,,,,,,,,,,,,,,,,,,,,,,,,,,,,,,,,,Austin,2012-10-30
2013,10,30,,,,,,,,,,,,,,,,,,,,,,,,,,,,,,,,,,,,,,,,,,,,,,,,,,,,,,,,,,,,,,,,,,,,,Austin,2013-10-30
2014,10,30,96,118,95,5,1,16,21,22,18,17,61,78,52,51,62,0,1,5,11,17,10,6,38,44,31,59,19,5,0,10,8,4,6,10,18,28,1,1,4,0,0,0,0,0,0,0,0,0,12,7,10,0,0,1,2,1,2,1,5,6,1774,26,116,-3,235,374,885,140,Austin,2014-10-30
2015,10,30,103,100,110,7,4,22,22,16,14,26,52,78,49,55,76,0,3,10,11,8,9,13,28,41,46,43,24,7,1,7,10,5,5,8,20,28,1,0,9,0,0,0,0,3,0,0,3,3,7,2,1,0,0,5,1,0,0,5,1,6,1746,30,90,-2,236,320,1086,155,Austin,2015-10-30
2016,10,30,105,133,83,15,4,25,21,11,13,29,45,74,35,49,46,2,2,7,12,9,6,9,27,36,62,69,30,12,2,13,6,1,7,15,14,29,1,4,1,0,0,2,0,0,0,2,0,2,7,11,6,1,0,3,3,1,0,3,4,7,1320,19,78,-7,231,330,766,145,Austin,2016-10-30
2017,10,30,95,133,88,11,4,28,22,15,23,32,60,92,49,79,69,1,1,16,16,9,16,17,41,58,36,46,14,10,2,10,3,5,7,12,15,27,0,3,1,0,0,1,1,0,0,1,1,2,10,5,4,0,1,1,2,1,0,2,3,5,1568,24,98,-6,232,395,830,131,Austin,2017-10-30
2018,10,30,105,139,75,5,0,19,30,17,19,19,66,85,48,73,50,2,0,10,21,11,10,10,42,52,48,56,6,3,0,6,8,4,6,6,18,24,0,3,6,0,0,1,0,0,1,1,1,2,9,7,13,0,0,2,1,2,2,2,5,7,1469,31,97,-5,233,376,761,163,Austin,2018-10-30
2019,10,30,99,138,80,6,3,18,28,15,18,21,61,82,55,64,48,2,2,7,18,9,10,9,37,46,36,67,19,4,1,11,7,4,8,12,19,31,2,0,6,0,0,0,2,0,0,0,2,2,6,7,7,0,0,0,1,2,0,0,3,3,1328,24,85,-4,234,335,731,119,Austin,2019-10-30
2020,10,30,86,129,66,12,5,21,10,10,32,26,52,78,48,68,47,1,4,9,4,4,21,13,29,42,31,49,12,10,1,10,6,5,10,11,21,32,0,1,0,0,0,0,0,0,0,0,0,0,7,11,7,1,0,2,0,1,1,2,2,4,1042,7,68,-2,236,315,515,132,Austin,2020-10-30
2021,10,30,100,126,65,22,5,23,11,5,15,28,31,59,47,67,38,6,3,10,2,1,7,13,10,23,45,49,22,16,2,10,9,4,8,12,21,33,2,0,0,0,0,0,0,0,0,0,0,0,6,10,5,0,0,3,0,0,0,3,0,3,1007,12,60,-8,230,288,575,116,Austin,2021-10-30
2022,10,30,92,125,57,31,1,26,9,3,25,27,37,64,37,65,31,10,1,11,1,0,18,12,19,31,45,52,21,20,0,11,7,3,6,11,16,27,0,0,0,1,0,0,0,0,0,0,0,0,10,8,5,0,0,4,1,0,1,4,2,6,977,6,56,-7,231,273,494,160,Austin,2022-10-30
2023,10,30,80,174,47,7,2,17,9,8,41,19,58,77,49,92,29,2,2,8,4,5,29,10,38,48,23,69,12,5,0,9,4,1,11,9,16,25,0,4,1,0,0,0,0,1,0,0,1,1,8,9,5,0,0,0,1,1,1,0,3,3,976,13,69,-6,232,268,568,83,Austin,2023-10-30
2024,10,30,72,169,72,15,1,17,7,7,18,18,32,50,36,92,51,6,0,8,2,4,8,8,14,22,29,69,13,8,1,7,5,3,9,8,17,25,1,3,4,0,0,0,0,0,1,0,1,1,6,5,4,1,0,2,0,0,0,2,0,2,1038,23,55,-4,234,282,520,136,Austin,2024-10-30
2012,11,30,,,,,,,,,,,,,,,,,,,,,,,,,,,,,,,,,,,,,,,,,,,,,,,,,,,,,,,,,,,,,,,,,,,,,Austin,2012-11-30
2013,11,30,,,,,,,,,,,,,,,,,,,,,,,,,,,,,,,,,,,,,,,,,,,,,,,,,,,,,,,,,,,,,,,,,,,,,Austin,2013-11-30
2014,11,30,105,85,56,11,4,23,26,19,9,27,54,81,43,28,35,2,0,10,14,5,4,10,23,33,57,50,15,8,4,12,11,13,5,16,29,45,1,0,0,1,0,0,0,0,0,0,0,0,4,7,6,0,0,1,1,1,0,1,2,3,1216,8,70,28,266,328,642,122,Austin,2014-11-30
2015,11,30,86,104,80,5,2,14,41,14,12,16,67,83,31,42,50,1,1,5,26,12,9,6,47,53,42,49,14,4,1,7,10,1,2,8,13,21,0,3,1,0,0,0,2,0,0,0,2,2,13,10,15,0,0,2,3,1,1,2,5,7,1330,22,114,29,267,331,654,149,Austin,2015-11-30
2016,11,30,118,141,87,2,2,16,32,22,16,18,70,88,51,64,59,1,0,4,20,16,15,4,51,55,52,62,13,1,2,9,9,2,1,11,12,23,1,1,1,0,0,0,0,0,0,0,0,0,14,14,14,0,0,3,3,4,0,3,7,10,1579,18,135,24,262,437,795,154,Austin,2016-11-30
2017,11,30,118,126,78,8,3,21,17,17,9,24,43,67,59,60,49,2,2,12,12,9,8,14,29,43,47,57,21,4,1,8,4,6,1,9,11,20,1,0,2,0,0,1,0,0,0,1,0,1,11,9,6,2,0,0,1,2,0,0,3,3,1482,23,88,25,263,342,807,156,Austin,2017-11-30
2018,11,30,134,156,100,10,8,28,31,13,24,36,68,104,75,80,62,0,1,8,18,5,17,9,40,49,47,59,22,9,7,19,10,5,7,26,22,48,0,3,2,0,0,0,0,0,0,0,0,0,12,14,14,1,0,1,3,3,0,1,6,7,1617,20,127,26,264,421,888,166,Austin,2018-11-30
2019,11,30,104,149,73,7,6,16,31,13,14,22,58,80,45,61,40,2,2,3,13,8,8,5,29,34,47,80,23,4,3,12,14,5,2,15,21,36,1,0,1,0,0,0,0,0,0,0,0,0,11,8,9,1,1,1,4,0,4,2,8,10,1273,10,89,27,265,334,681,147,Austin,2019-11-30
2020,11,30,71,112,44,13,4,15,11,8,28,19,47,66,40,46,25,6,1,9,4,4,21,10,29,39,25,57,13,6,3,6,7,4,7,9,18,27,0,0,1,0,0,0,0,0,0,0,0,0,6,9,5,1,0,0,0,0,0,0,0,0,873,8,56,29,267,288,426,103,Austin,2020-11-30
2021,11,30,66,148,60,17,2,27,14,5,34,29,53,82,41,77,43,7,0,8,5,2,16,8,23,31,23,57,8,9,2,16,8,3,15,18,26,44,0,2,0,0,0,0,0,0,0,0,0,0,2,12,9,1,0,3,1,0,3,3,4,7,916,13,79,23,261,308,450,124,Austin,2021-11-30
2022,11,30,75,154,61,9,3,18,10,8,36,21,54,75,33,74,41,0,1,11,3,3,18,12,24,36,36,66,9,8,2,6,7,3,15,8,25,33,2,3,1,0,0,1,0,0,2,1,2,3,4,11,10,1,0,0,0,2,1,0,3,3,947,16,66,24,262,268,512,116,Austin,2022-11-30
2023,11,30,65,157,83,10,1,18,8,9,32,19,49,68,31,68,45,4,0,8,4,4,25,8,33,41,31,77,23,6,1,9,4,5,4,10,13,23,0,2,7,0,0,0,0,0,1,0,1,1,3,10,8,0,0,1,0,0,2,1,2,3,937,18,74,25,263,283,503,111,Austin,2023-11-30
2024,11,30,69,112,39,21,4,16,12,6,14,20,32,52,32,35,19,2,1,8,3,3,10,9,16,25,33,69,14,19,3,7,8,3,4,10,15,25,0,1,0,0,0,0,0,0,0,0,0,0,4,7,6,0,0,1,1,0,0,1,1,2,888,5,45,27,265,215,480,100,Austin,2024-11-30
2012,12,30,,,,,,,,,,,,,,,,,,,,,,,,,,,,,,,,,,,,,,,,,,,,,,,,,,,,,,,,,,,,,,,,,,,,,Austin,2012-12-30
2013,12,30,,,,,,,,,,,,,,,,,,,,,,,,,,,,,,,,,,,,,,,,,,,,,,,,,,,,,,,,,,,,,,,,,,,,,Austin,2013-12-30
2014,12,30,72,94,42,10,3,19,29,16,22,22,67,89,40,55,24,1,0,9,13,13,13,9,39,48,27,30,9,8,2,9,10,1,7,11,18,29,0,0,1,0,0,0,1,0,0,0,1,1,5,9,8,1,1,1,5,2,2,2,9,11,1591,27,129,58,296,373,730,107,Austin,2014-12-30
2015,12,30,107,115,69,19,6,9,21,21,13,15,55,70,44,54,47,1,2,2,15,14,10,4,39,43,53,54,14,17,3,6,3,4,2,9,9,18,1,0,1,0,0,0,0,0,0,0,0,0,9,7,7,1,1,1,3,3,1,2,7,9,1522,17,118,59,297,332,737,148,Austin,2015-12-30
2016,12,30,119,157,69,9,7,26,27,18,17,33,62,95,63,73,37,3,3,9,13,12,7,12,32,44,49,74,25,6,3,14,13,6,5,17,24,41,0,1,1,0,1,0,1,0,0,1,1,2,7,9,6,0,0,3,0,0,5,3,5,8,1625,20,112,54,292,414,877,141,Austin,2016-12-30
2017,12,30,105,108,50,22,4,26,22,14,14,30,50,80,47,46,26,1,1,12,12,9,10,13,31,44,53,46,21,20,2,13,9,2,3,15,14,29,0,1,0,0,0,0,0,0,0,0,0,0,5,15,3,1,1,1,1,3,1,2,5,7,1267,10,92,55,293,313,688,129,Austin,2017-12-30
2018,12,30,67,103,66,9,4,16,15,11,12,20,38,58,25,39,29,0,1,5,6,9,3,6,18,24,38,53,33,8,2,10,8,2,9,12,19,31,1,1,1,0,0,0,0,0,0,0,0,0,3,10,3,1,1,1,1,0,0,2,1,3,999,9,70,56,294,278,549,90,Austin,2018-12-30
2019,12,30,105,122,75,13,4,18,34,17,35,22,86,108,60,55,53,3,0,8,18,9,22,8,49,57,40,59,19,9,3,8,11,5,11,11,27,38,2,1,0,0,0,0,4,0,0,0,4,4,3,7,3,1,1,2,1,3,2,3,6,9,1234,21,78,57,295,373,605,122,Austin,2019-12-30
2020,12,30,72,133,77,26,5,14,8,14,25,19,47,66,41,66,50,5,2,7,4,10,16,9,30,39,27,54,13,18,3,6,4,4,8,9,16,25,1,4,2,0,0,0,0,0,0,0,0,0,3,9,12,3,0,1,0,0,1,1,1,2,885,13,68,59,297,286,455,101,Austin,2020-12-30
2021,12,30,73,144,43,28,3,16,7,7,35,19,49,68,35,70,25,5,2,5,2,6,23,7,31,38,33,59,14,21,1,8,3,1,10,9,14,23,1,2,0,0,0,0,0,0,0,0,0,0,4,13,4,2,0,3,2,0,2,3,4,7,970,10,86,53,291,276,492,139,Austin,2021-12-30
2022,12,30,74,161,51,33,5,18,6,8,30,23,44,67,39,80,28,7,3,9,1,7,17,12,25,37,27,67,16,22,2,8,4,1,9,10,14,24,0,2,2,0,0,0,1,0,1,0,2,2,8,12,5,4,0,1,0,0,3,1,3,4,1000,18,80,54,292,295,510,130,Austin,2022-12-30
2023,12,30,68,130,52,31,2,17,6,8,28,19,42,61,28,57,20,4,0,6,2,2,15,6,19,25,35,65,26,23,1,10,3,6,10,11,19,30,0,1,0,0,0,0,0,0,1,0,1,1,5,7,6,4,1,1,1,0,2,2,3,5,959,6,73,55,293,262,509,116,Austin,2023-12-30
2024,12,30,81,165,56,17,3,17,13,5,19,20,37,57,33,84,39,4,2,7,5,2,17,9,24,33,36,68,12,12,0,8,8,1,1,8,10,18,0,1,1,0,0,0,0,0,0,0,0,0,12,12,4,1,1,2,0,2,1,3,3,6,1060,8,84,57,295,260,608,104,Austin,2024-12-30
2012,1,31,,,,,,,,,,,,,,,,,,,,,,,,,,,,,,,,,,,,,,,,,,,,,,,,,,,,,,,,,,,,,,,,,,,,,Austin,2012-01-31
2013,1,31,,,,,,,,,,,,,,,,,,,,,,,,,,,,,,,,,,,,,,,,,,,,,,,,,,,,,,,,,,,,,,,,,,,,,Austin,2013-01-31
2014,1,31,112,136,104,9,3,17,25,23,19,20,67,87,37,65,70,1,1,5,16,17,12,6,45,51,64,59,24,8,2,10,8,5,5,12,18,30,0,2,1,0,0,0,0,1,1,0,2,2,11,10,9,0,0,2,1,0,1,2,2,4,1868,23,109,-275,-37,426,936,156,Austin,2014-01-31
2015,1,31,90,74,73,10,0,32,26,12,9,32,47,79,35,34,38,2,0,12,11,8,6,12,25,37,45,33,23,7,0,18,11,3,3,18,17,35,2,0,1,0,0,0,2,0,0,0,2,2,8,7,11,1,0,2,2,1,0,2,3,5,1385,16,108,-274,-36,339,754,107,Austin,2015-01-31
2016,1,31,129,126,69,16,2,26,14,26,22,28,62,90,46,50,37,3,1,10,5,18,14,11,37,48,70,67,23,11,1,15,9,7,8,16,24,40,0,1,0,1,0,0,0,0,0,0,0,0,13,8,9,1,0,1,0,1,0,1,1,2,1464,8,99,-280,-42,400,701,176,Austin,2016-01-31
2017,1,31,87,120,80,9,2,26,24,13,11,28,48,76,55,54,56,2,1,9,12,10,4,10,26,36,24,55,13,7,1,13,6,2,7,14,15,29,1,4,1,0,0,0,0,0,0,0,0,0,7,7,10,0,0,4,6,1,0,4,7,11,1746,19,114,-278,-40,391,902,143,Austin,2017-01-31
2018,1,31,84,123,75,6,3,19,20,12,14,22,46,68,49,54,50,5,1,9,10,7,9,10,26,36,28,51,16,1,2,7,8,3,3,9,14,23,1,2,1,0,0,0,1,0,0,0,1,1,6,16,8,0,0,3,1,2,2,3,5,8,1427,23,105,-277,-39,333,745,128,Austin,2018-01-31
2019,1,31,75,138,75,6,2,21,10,14,17,23,41,64,47,76,46,3,1,10,6,10,14,11,30,41,20,55,16,3,1,9,4,3,3,10,10,20,0,2,2,0,0,0,0,0,0,0,0,0,8,5,11,0,0,2,0,1,0,2,1,3,1379,24,94,-276,-38,359,740,133,Austin,2019-01-31
2020,1,31,129,189,91,8,2,26,28,19,27,28,74,102,70,94,56,1,2,9,11,14,20,11,45,56,39,80,21,7,0,14,15,4,5,14,24,38,2,2,3,0,0,0,0,0,0,0,0,0,18,13,11,0,0,3,2,1,2,3,5,8,1642,27,121,-275,-37,436,846,189,Austin,2020-01-31
2021,1,31,84,146,33,21,2,27,5,5,19,29,29,58,44,66,20,7,0,11,0,1,11,11,12,23,34,60,8,11,2,12,4,3,6,14,13,27,1,4,0,0,0,0,0,0,2,0,2,2,5,16,5,3,0,4,1,1,0,4,2,6,880,10,80,-280,-42,264,444,124,Austin,2021-01-31
2022,1,31,60,134,80,18,8,21,13,4,32,29,49,78,34,70,54,6,2,6,5,2,21,8,28,36,22,51,18,10,5,15,8,1,5,20,14,34,1,1,2,0,0,0,0,0,0,0,0,0,3,12,6,2,1,0,0,1,6,1,7,8,877,8,71,-279,-41,297,420,118,Austin,2022-01-31
2023,1,31,59,109,136,14,4,6,11,1,26,10,38,48,29,59,48,4,1,2,0,0,16,3,16,19,24,44,72,9,3,3,11,1,8,6,20,26,1,3,12,0,0,0,0,0,1,0,1,1,5,3,4,1,0,1,0,0,1,1,1,2,862,26,54,-278,-40,225,514,91,Austin,2023-01-31
2024,1,31,74,175,44,15,1,15,9,10,24,16,43,59,37,98,31,7,0,7,3,2,14,7,19,26,25,66,9,7,1,6,5,6,10,7,21,28,1,0,0,0,0,0,0,0,0,0,0,0,11,11,4,1,0,2,1,2,0,2,3,5,995,4,88,-277,-39,265,508,112,Austin,2024-01-31
2012,3,31,,,,,,,,,,,,,,,,,,,,,,,,,,,,,,,,,,,,,,,,,,,,,,,,,,,,,,,,,,,,,,,,,,,,,Austin,2012-03-31
2013,3,31,,,,,,,,,,,,,,,,,,,,,,,,,,,,,,,,,,,,,,,,,,,,,,,,,,,,,,,,,,,,,,,,,,,,,Austin,2013-03-31
2014,3,31,115,107,88,1,3,24,41,20,12,27,73,100,64,65,75,0,2,7,22,16,8,9,46,55,38,35,8,1,1,14,18,4,2,15,24,39,1,0,2,0,0,0,1,0,0,0,1,1,12,7,3,0,0,3,0,0,2,3,2,5,1599,26,114,-216,22,433,789,106,Austin,2014-03-31
2015,3,31,96,114,76,5,1,19,14,21,19,20,54,74,47,55,55,1,0,11,8,14,14,11,36,47,38,45,15,3,1,5,2,5,3,6,10,16,0,0,2,0,0,0,0,0,2,0,2,2,11,14,4,1,0,3,4,2,0,3,6,9,1587,19,122,-215,23,361,779,150,Austin,2015-03-31
2016,3,31,122,131,123,6,1,24,21,16,21,25,58,83,63,78,101,1,0,12,9,12,17,12,38,50,43,43,12,4,1,9,10,2,4,10,16,26,1,1,4,0,0,0,0,0,0,0,0,0,15,9,6,1,0,3,2,2,0,3,4,7,1722,33,115,-220,18,401,966,159,Austin,2016-03-31
2017,3,31,133,136,128,8,4,17,24,14,10,21,48,69,70,79,98,1,4,6,18,10,6,10,34,44,51,49,21,6,0,9,6,2,4,9,12,21,1,1,2,0,0,0,0,0,0,0,0,0,11,7,7,1,0,2,0,2,0,2,2,4,1735,24,126,-219,19,417,939,184,Austin,2017-03-31
2018,3,31,102,128,65,13,1,21,14,11,14,22,39,61,49,58,45,1,1,8,7,10,9,9,26,35,44,56,13,6,0,11,6,0,3,11,9,20,2,2,1,0,0,0,0,0,1,0,1,1,7,12,6,6,0,2,1,1,1,2,3,5,1403,12,117,-218,20,347,750,158,Austin,2018-03-31
2019,3,31,86,123,55,15,2,31,18,12,13,33,43,76,57,52,34,4,1,12,10,10,9,13,29,42,24,56,19,10,1,17,7,2,3,18,12,30,0,1,0,0,0,0,0,0,0,0,0,0,5,14,2,1,0,2,1,0,1,2,2,4,1258,13,75,-217,21,304,729,124,Austin,2019-03-31
2020,3,31,69,138,24,13,0,16,24,12,34,16,70,86,48,78,19,7,0,8,15,9,23,8,47,55,15,45,4,4,0,8,6,2,6,8,14,22,1,2,0,0,0,0,0,0,0,0,0,0,5,13,1,2,0,0,3,1,5,0,9,9,920,19,78,-215,23,281,494,102,Austin,2020-03-31
2021,3,31,105,162,61,16,4,21,5,8,22,25,35,60,65,101,40,10,4,15,3,5,18,19,26,45,32,51,13,6,0,6,2,2,2,6,6,12,1,2,4,0,0,0,0,0,0,0,0,0,7,8,4,0,0,0,0,1,2,0,3,3,1034,17,63,-221,17,317,512,140,Austin,2021-03-31
2022,3,31,81,140,57,24,2,19,5,10,30,21,45,66,51,87,40,8,1,10,3,6,20,11,29,40,21,40,7,15,0,6,2,3,4,6,9,15,0,2,2,0,0,0,0,0,2,0,2,2,9,11,8,1,1,3,0,1,4,4,5,9,942,17,81,-220,18,276,479,135,Austin,2022-03-31
2023,3,31,110,171,79,31,0,18,14,6,37,18,57,75,62,104,59,12,0,10,3,4,30,10,37,47,38,52,14,16,0,8,10,1,5,8,16,24,0,2,1,0,0,0,0,0,0,0,0,0,10,13,5,3,0,0,1,1,2,0,4,4,1144,9,88,-219,19,360,587,137,Austin,2023-03-31
2024,3,31,89,126,35,25,2,28,11,5,24,30,40,70,38,65,18,3,1,12,3,4,18,13,25,38,42,51,16,20,1,15,7,1,4,16,12,28,2,2,0,0,0,1,0,0,0,1,0,1,7,8,1,2,0,0,1,0,2,0,3,3,921,12,54,-217,21,226,496,134,Austin,2024-03-31
2012,5,31,,,,,,,,,,,,,,,,,,,,,,,,,,,,,,,,,,,,,,,,,,,,,,,,,,,,,,,,,,,,,,,,,,,,,Austin,2012-05-31
2013,5,31,,,,,,,,,,,,,,,,,,,,,,,,,,,,,,,,,,,,,,,,,,,,,,,,,,,,,,,,,,,,,,,,,,,,,Austin,2013-05-31
2014,5,31,135,100,45,3,3,31,14,22,21,34,57,91,76,52,34,1,0,14,10,12,11,14,33,47,40,40,7,2,3,13,4,7,8,16,19,35,0,0,0,0,0,0,0,0,0,0,0,0,19,8,4,0,0,4,0,3,2,4,5,9,1705,20,138,-155,83,400,877,147,Austin,2014-05-31
2015,5,31,125,111,60,5,7,42,22,18,18,49,58,107,70,62,43,1,3,24,11,9,13,27,33,60,41,36,13,4,3,14,7,6,4,17,17,34,2,0,0,0,1,0,1,0,0,1,1,2,12,13,4,0,0,4,3,3,1,4,7,11,1448,15,122,-154,84,378,726,173,Austin,2015-05-31
2016,5,31,102,132,121,5,0,22,26,15,17,22,58,80,62,72,106,3,0,15,17,11,16,15,44,59,27,49,9,2,0,6,9,3,1,6,13,19,3,2,0,0,0,0,0,0,0,0,0,0,10,9,6,0,0,1,0,1,0,1,1,2,1623,19,130,-159,79,409,861,135,Austin,2016-05-31
2017,5,31,119,145,77,6,3,27,28,16,11,30,55,85,76,102,65,3,2,17,20,14,9,19,43,62,34,32,6,3,1,10,6,2,2,11,10,21,0,0,0,0,0,0,1,0,0,0,1,1,9,11,6,0,0,0,1,0,0,0,1,1,1576,22,106,-158,80,473,786,138,Austin,2017-05-31
2018,5,31,109,122,80,6,1,14,13,11,15,15,39,54,72,64,72,2,1,8,8,8,11,9,27,36,31,40,3,3,0,5,4,2,1,5,7,12,0,1,2,0,0,0,0,0,0,0,0,0,6,17,3,1,0,1,1,1,3,1,5,6,1570,14,157,-157,81,339,873,143,Austin,2018-05-31
2019,5,31,119,152,92,7,4,16,24,15,23,20,62,82,77,89,78,0,0,3,16,11,19,3,46,49,34,43,7,4,3,8,3,4,4,11,11,22,0,3,0,0,0,0,1,0,0,0,1,1,8,17,7,3,1,5,4,0,0,6,4,10,1682,17,135,-156,82,402,902,168,Austin,2019-05-31
2020,5,31,128,119,32,27,9,23,45,6,18,32,69,101,64,73,19,7,0,11,20,5,13,11,38,49,51,34,9,17,9,9,20,1,2,18,23,41,2,0,2,0,0,0,0,0,0,0,0,0,11,12,2,3,0,3,5,0,3,3,8,11,984,7,89,-154,84,292,521,140,Austin,2020-05-31
2021,5,31,111,163,56,21,7,31,9,10,30,38,49,87,73,100,37,6,3,13,6,6,23,16,35,51,31,50,14,9,0,15,2,4,4,15,10,25,1,1,0,0,1,0,0,0,0,1,0,1,6,12,5,6,3,3,1,0,3,6,4,10,1022,12,83,-160,78,315,498,178,Austin,2021-05-31
2022,5,31,111,188,58,12,1,27,7,15,32,28,54,82,70,127,52,5,0,21,2,13,24,21,39,60,29,43,4,5,0,4,4,2,8,4,14,18,2,2,0,0,0,0,0,0,0,0,0,0,10,16,2,2,1,2,1,0,0,3,1,4,1083,8,95,-159,79,296,580,169,Austin,2022-05-31
2023,5,31,94,173,61,18,4,21,7,8,43,25,58,83,62,122,57,4,2,11,5,6,37,13,48,61,21,42,4,8,2,6,2,1,4,8,7,15,0,2,0,0,0,1,0,0,1,1,1,2,11,7,0,6,0,3,0,1,1,3,2,5,1021,13,80,-158,80,314,517,133,Austin,2023-05-31
2024,5,31,88,178,73,19,3,21,13,13,16,24,42,66,56,115,54,9,2,14,7,8,7,16,22,38,26,47,9,10,0,6,5,2,5,6,12,18,0,5,1,0,0,0,0,0,1,0,1,1,6,11,9,0,1,1,1,3,3,2,7,9,1230,12,104,-156,82,309,698,138,Austin,2024-05-31
2012,7,31,,,,,,,,,,,,,,,,,,,,,,,,,,,,,,,,,,,,,,,,,,,,,,,,,,,,,,,,,,,,,,,,,,,,,Austin,2012-07-31
2013,7,31,,,,,,,,,,,,,,,,,,,,,,,,,,,,,,,,,,,,,,,,,,,,,,,,,,,,,,,,,,,,,,,,,,,,,Austin,2013-07-31
2014,7,31,96,113,88,8,1,25,29,19,30,26,78,104,65,75,68,0,0,15,20,14,23,15,57,72,20,25,11,5,1,6,7,5,5,7,17,24,1,1,2,0,0,0,0,0,0,0,0,0,10,12,7,3,0,4,2,0,2,4,4,8,1772,21,156,-94,144,420,881,114,Austin,2014-07-31
2015,7,31,103,130,107,4,7,25,22,18,18,32,58,90,66,75,84,0,4,14,15,12,10,18,37,55,29,47,17,4,2,9,7,3,6,11,16,27,1,1,0,0,0,1,0,0,0,1,0,1,7,7,6,0,1,1,0,3,2,2,5,7,1750,17,130,-93,145,407,971,137,Austin,2015-07-31
2016,7,31,106,121,67,5,5,31,20,17,8,36,45,81,61,60,50,1,2,15,11,10,7,17,28,45,34,46,13,3,2,12,7,4,1,14,12,26,1,2,0,0,0,1,1,0,0,1,1,2,10,13,4,1,1,3,1,3,0,4,4,8,1354,18,127,-98,140,348,765,134,Austin,2016-07-31
2017,7,31,115,130,84,10,7,21,24,21,14,28,59,87,72,77,70,5,4,15,17,18,9,19,44,63,33,43,10,5,3,5,5,3,4,8,12,20,0,1,2,0,0,0,0,0,0,0,0,0,10,9,2,0,0,1,2,0,1,1,3,4,1412,16,101,-97,141,366,761,130,Austin,2017-07-31
2018,7,31,101,160,86,6,2,16,19,15,23,18,57,75,69,107,75,1,2,13,10,11,16,15,37,52,21,38,8,3,0,1,7,3,5,1,15,16,0,0,1,0,0,0,0,0,0,0,0,0,11,15,2,2,0,2,2,1,2,2,5,7,1565,16,109,-96,142,402,880,145,Austin,2018-07-31
2019,7,31,125,179,79,11,3,18,33,18,10,21,61,82,84,116,64,6,2,9,22,13,7,11,42,53,23,48,8,4,0,5,7,4,3,5,14,19,3,2,2,0,0,0,0,1,0,0,1,1,15,13,5,1,1,4,4,0,0,5,4,9,1493,28,119,-95,143,392,760,158,Austin,2019-07-31
2020,7,31,89,160,68,18,4,26,5,15,31,30,51,81,53,96,54,5,3,16,4,12,27,19,43,62,25,48,9,12,1,6,1,2,3,7,6,13,0,2,3,0,0,0,0,0,0,0,0,0,11,14,2,1,0,4,0,1,1,4,2,6,1096,17,89,-93,145,306,603,138,Austin,2020-07-31
2021,7,31,120,170,60,23,6,26,7,9,29,32,45,77,73,100,41,6,3,10,0,5,25,13,30,43,30,57,13,15,2,12,6,4,3,14,13,27,4,1,0,0,0,0,1,0,0,0,1,1,13,12,6,2,1,4,0,0,1,5,1,6,1081,16,87,-99,139,295,565,179,Austin,2021-07-31
2022,7,31,80,141,40,22,2,26,12,7,17,28,36,64,41,81,24,10,2,14,4,6,14,16,24,40,30,49,15,12,0,11,8,1,2,11,11,22,0,1,0,0,0,0,0,0,0,0,0,0,9,10,1,0,0,1,0,0,1,1,1,2,898,7,68,-98,140,272,467,123,Austin,2022-07-31
2023,7,31,101,172,63,11,4,16,7,8,47,20,62,82,60,104,52,2,2,10,1,5,41,12,47,59,33,50,9,7,2,5,5,3,4,7,12,19,3,2,1,0,0,0,0,0,1,0,1,1,5,16,1,2,0,1,1,0,1,1,2,3,1140,15,87,-97,141,355,618,88,Austin,2023-07-31
2024,7,31,97,157,65,11,8,17,8,19,35,25,62,87,64,110,53,4,5,10,3,16,27,15,46,61,27,34,7,7,2,6,5,3,7,8,15,23,0,0,2,0,0,0,0,0,0,0,0,0,6,13,3,0,1,1,0,0,1,2,1,3,1046,10,69,-95,143,282,557,122,Austin,2024-07-31
2012,8,31,,,,,,,,,,,,,,,,,,,,,,,,,,,,,,,,,,,,,,,,,,,,,,,,,,,,,,,,,,,,,,,,,,,,,Austin,2012-08-31
2013,8,31,,,,,,,,,,,,,,,,,,,,,,,,,,,,,,,,,,,,,,,,,,,,,,,,,,,,,,,,,,,,,,,,,,,,,Austin,2013-08-31
2014,8,31,111,94,54,10,3,22,13,32,17,25,62,87,47,31,27,2,1,7,10,23,10,8,43,51,57,54,24,5,2,13,2,6,5,15,13,28,1,0,1,0,0,0,0,1,0,0,1,1,6,9,2,3,0,2,1,2,2,2,5,7,1562,15,112,-63,175,377,762,145,Austin,2014-08-31
2015,8,31,108,105,88,9,1,24,30,19,26,25,75,100,72,63,73,1,1,11,27,16,17,12,60,72,30,28,2,5,0,11,3,2,7,11,12,23,2,1,5,0,0,0,0,0,1,0,1,1,4,13,8,3,0,2,0,1,1,2,2,4,1520,31,124,-62,176,409,746,126,Austin,2015-08-31
2016,8,31,93,120,88,6,4,16,23,10,20,20,53,73,59,68,72,3,1,5,9,10,14,6,33,39,27,37,10,3,2,9,11,0,6,11,17,28,0,1,3,0,0,1,0,0,0,1,0,1,7,14,3,0,1,1,3,0,0,2,3,5,1555,25,100,-67,171,381,823,132,Austin,2016-08-31
2017,8,31,126,149,115,10,0,25,21,11,14,25,46,71,78,84,88,3,0,9,14,10,12,9,36,45,35,50,19,5,0,13,5,0,2,13,7,20,1,0,1,0,0,0,0,1,0,0,1,1,12,15,7,2,0,3,2,0,0,3,2,5,1646,21,139,-66,172,398,928,150,Austin,2017-08-31
2018,8,31,116,140,116,6,4,25,16,13,10,29,39,68,77,73,93,1,1,15,9,8,8,16,25,41,34,56,13,4,3,7,6,4,1,10,11,21,1,1,0,0,0,2,1,0,0,2,1,3,4,10,10,1,0,1,0,1,1,1,2,3,1557,21,110,-65,173,364,863,154,Austin,2018-08-31
2019,8,31,132,165,93,10,4,37,12,9,16,41,37,78,61,88,57,2,2,24,9,4,8,26,21,47,59,67,28,7,2,12,2,4,8,14,14,28,1,1,0,0,0,0,0,0,0,0,0,0,11,9,8,1,0,1,1,1,0,1,2,3,1412,12,112,-64,174,377,759,176,Austin,2019-08-31
2020,8,31,94,168,47,18,2,24,15,12,32,26,59,85,54,96,39,7,2,12,7,9,28,14,44,58,32,56,7,10,0,9,8,3,3,9,14,23,1,4,0,0,0,0,0,0,0,0,0,0,7,12,1,1,0,3,0,0,1,3,1,4,1091,13,72,-62,176,305,568,136,Austin,2020-08-31
2021,8,31,95,193,55,19,5,29,11,9,23,34,43,77,61,120,48,5,3,11,4,6,16,14,26,40,23,60,3,13,2,12,4,2,7,14,13,27,1,3,2,0,0,0,0,0,0,0,0,0,10,10,2,1,0,6,3,1,0,6,4,10,1085,15,81,-68,170,342,532,171,Austin,2021-08-31
2022,8,31,95,171,48,9,2,22,9,6,18,24,33,57,70,118,31,1,0,13,2,5,11,13,18,31,20,44,10,7,1,7,4,0,5,8,9,17,2,0,1,0,1,0,0,0,0,1,0,1,3,9,6,1,0,2,3,1,2,2,6,8,955,9,76,-67,171,272,524,130,Austin,2022-08-31
2023,8,31,100,171,53,11,3,9,10,10,27,12,47,59,60,112,40,1,1,6,5,8,22,7,35,42,36,48,8,8,2,3,4,1,4,5,9,14,0,0,2,0,0,0,0,0,1,0,1,1,4,11,3,2,0,0,1,1,0,0,2,2,1016,13,57,-66,172,262,559,133,Austin,2023-08-31
2024,8,31,72,172,52,25,5,33,7,5,18,38,30,68,38,91,38,3,1,15,2,1,12,16,15,31,29,65,10,20,4,16,4,3,6,20,13,33,0,4,1,0,0,0,0,0,0,0,0,0,5,12,3,2,0,2,1,1,0,2,2,4,1091,13,76,-64,174,281,605,150,Austin,2024-08-31
2012,10,31,,,,,,,,,,,,,,,,,,,,,,,,,,,,,,,,,,,,,,,,,,,,,,,,,,,,,,,,,,,,,,,,,,,,,Austin,2012-10-31
2013,10,31,,,,,,,,,,,,,,,,,,,,,,,,,,,,,,,,,,,,,,,,,,,,,,,,,,,,,,,,,,,,,,,,,,,,,Austin,2013-10-31
2014,10,31,127,130,151,8,5,21,18,16,25,26,59,85,59,62,96,0,4,9,10,7,20,13,37,50,60,56,43,8,1,11,5,8,5,12,18,30,3,0,3,0,0,0,1,0,0,0,1,1,5,12,9,0,0,1,2,1,0,1,3,4,1874,30,88,-2,236,428,980,174,Austin,2014-10-31
2015,10,31,121,119,90,11,6,25,16,12,13,31,41,72,50,44,51,1,4,5,10,7,9,9,26,35,52,71,32,7,2,17,5,5,4,19,14,33,1,0,1,0,0,0,1,0,0,0,1,1,18,4,6,3,0,3,0,0,0,3,0,3,1532,10,98,-1,237,349,901,165,Austin,2015-10-31
2016,10,31,115,140,100,14,3,30,31,10,15,33,56,89,59,65,65,1,1,15,18,6,12,16,36,52,45,61,26,11,2,13,11,3,3,15,17,32,0,2,2,0,0,0,0,0,0,0,0,0,11,12,7,2,0,2,2,1,0,2,3,5,1478,17,99,-6,232,392,794,156,Austin,2016-10-31
2017,10,31,95,124,105,7,2,17,20,12,14,19,46,65,46,59,67,1,0,9,12,8,10,9,30,39,39,51,32,6,2,6,7,4,4,8,15,23,1,1,1,0,0,0,0,0,0,0,0,0,9,13,5,0,0,2,1,0,0,2,1,3,1342,15,96,-5,233,355,745,132,Austin,2017-10-31
2018,10,31,100,136,94,14,2,15,21,14,26,17,61,78,55,71,56,3,0,7,13,9,18,7,40,47,36,57,17,10,1,8,5,5,7,9,17,26,3,1,8,0,0,0,0,0,0,0,0,0,6,7,13,1,1,0,3,0,1,1,4,5,1463,30,103,-4,234,329,786,153,Austin,2018-10-31
2019,10,31,89,145,106,7,8,21,18,19,14,29,51,80,46,84,76,1,4,13,12,15,6,17,33,50,37,52,21,5,3,7,5,4,6,10,15,25,1,0,1,0,0,0,0,0,0,0,0,0,5,9,8,1,1,1,1,0,2,2,3,5,1340,13,88,-3,235,333,744,140,Austin,2019-10-31
2020,10,31,100,123,64,23,5,25,9,6,25,30,40,70,43,51,44,2,1,8,5,3,15,9,23,32,48,60,13,19,3,12,3,1,10,15,14,29,0,0,2,0,0,1,0,1,0,1,1,2,9,12,5,2,1,4,1,1,0,5,2,7,1048,8,84,-1,237,299,514,178,Austin,2020-10-31
2021,10,31,127,135,58,26,4,26,8,7,21,30,36,66,58,62,17,3,1,6,4,5,13,7,22,29,57,66,32,18,3,17,4,2,7,20,13,33,1,2,1,0,0,1,0,0,0,1,0,1,11,5,8,5,0,2,0,0,1,2,1,3,1051,17,73,-7,231,284,563,179,Austin,2021-10-31
2022,10,31,98,160,66,26,1,27,9,7,22,28,38,66,59,88,42,4,0,13,3,3,16,13,22,35,31,61,17,21,1,10,6,3,5,11,14,25,1,1,1,0,0,0,0,0,0,0,0,0,7,10,6,1,0,4,0,1,1,4,2,6,947,10,62,-6,232,283,467,166,Austin,2022-10-31
2023,10,31,70,163,62,14,2,11,8,7,28,13,43,56,38,83,39,2,2,5,2,4,19,7,25,32,28,69,17,11,0,6,6,3,4,6,13,19,0,3,2,0,0,0,0,0,4,0,4,4,4,8,4,1,0,0,0,0,1,0,1,1,905,19,55,-5,233,286,457,115,Austin,2023-10-31
2024,10,31,93,169,70,17,2,16,9,9,26,18,44,62,49,98,45,2,1,4,3,4,15,5,22,27,33,63,17,13,1,12,5,3,7,13,15,28,0,1,2,0,0,0,1,0,1,0,2,2,11,7,6,2,0,0,0,2,3,0,5,5,1062,16,61,-3,235,311,494,134,Austin,2024-10-31
2012,12,31,,,,,,,,,,,,,,,,,,,,,,,,,,,,,,,,,,,,,,,,,,,,,,,,,,,,,,,,,,,,,,,,,,,,,Austin,2012-12-31
2013,12,31,,,,,,,,,,,,,,,,,,,,,,,,,,,,,,,,,,,,,,,,,,,,,,,,,,,,,,,,,,,,,,,,,,,,,Austin,2013-12-31
2014,12,31,81,86,63,18,1,19,32,23,12,20,67,87,34,34,38,1,0,5,18,15,8,5,41,46,41,48,17,14,1,12,12,5,4,13,21,34,0,0,1,0,0,0,1,1,0,0,2,2,6,4,7,3,0,2,1,2,0,2,3,5,1449,25,106,59,297,336,720,95,Austin,2014-12-31
2015,12,31,92,106,77,31,2,20,24,16,19,22,59,81,48,52,40,1,2,12,11,11,10,14,32,46,35,47,28,27,0,7,9,2,7,7,18,25,0,0,1,0,0,0,1,0,1,0,2,2,9,7,8,3,0,1,3,3,1,1,7,8,1507,21,112,60,298,350,793,132,Austin,2015-12-31
2016,12,31,103,117,58,22,2,18,23,9,14,20,46,66,36,47,39,2,1,5,15,7,8,6,30,36,61,61,14,16,1,12,6,2,4,13,12,25,0,1,0,0,0,0,0,0,0,0,0,0,6,8,5,4,0,1,2,0,2,1,4,5,1417,10,113,55,293,330,849,136,Austin,2016-12-31
2017,12,31,92,87,66,32,4,20,23,8,11,24,42,66,33,34,24,1,1,4,13,3,7,5,23,28,52,44,41,27,1,15,9,3,4,16,16,32,1,0,0,0,0,0,0,0,0,0,0,0,6,9,1,4,2,1,1,2,0,3,3,6,1226,13,90,56,294,277,718,135,Austin,2017-12-31
2018,12,31,89,120,63,23,4,19,11,12,14,23,37,60,39,56,42,7,1,7,6,7,10,8,23,31,42,48,14,16,3,11,4,1,4,14,9,23,2,0,0,0,0,0,0,1,0,0,1,1,6,16,7,0,0,1,1,3,0,1,4,5,1268,16,94,57,295,329,682,140,Austin,2018-12-31
2019,12,31,92,125,68,22,2,18,17,16,14,20,47,67,54,74,46,3,0,5,12,12,9,5,33,38,30,44,18,18,2,11,5,2,4,13,11,24,0,0,0,0,0,1,0,0,0,1,0,1,8,7,4,1,0,1,0,2,1,1,3,4,1181,10,73,58,296,337,596,156,Austin,2019-12-31
2020,12,31,97,101,88,27,1,16,11,8,17,17,36,53,37,46,54,3,1,6,3,3,12,7,18,25,50,49,28,23,0,10,7,4,4,10,15,25,0,1,0,0,0,0,0,0,0,0,0,0,10,5,6,1,0,0,1,1,1,0,3,3,853,7,56,60,298,279,435,104,Austin,2020-12-31
2021,12,31,74,140,52,36,2,24,11,5,13,26,29,55,29,76,32,2,1,8,4,3,10,9,17,26,39,52,11,33,1,13,6,2,3,14,11,25,1,4,0,0,0,0,0,0,0,0,0,0,5,8,9,1,0,3,1,0,0,3,1,4,927,14,54,54,292,253,497,143,Austin,2021-12-31
2022,12,31,96,148,50,40,2,15,4,4,23,17,31,48,31,71,33,4,2,7,1,3,18,9,22,31,60,66,13,35,0,5,2,1,5,5,8,13,0,3,0,0,0,0,1,0,0,0,1,1,5,8,4,1,0,3,0,0,0,3,0,3,992,8,69,55,293,280,541,124,Austin,2022-12-31
2023,12,31,101,132,43,33,2,17,10,5,33,19,48,67,37,65,15,6,0,7,4,2,22,7,28,35,55,57,25,23,2,7,3,3,7,9,13,22,1,7,0,0,0,1,0,0,0,1,0,1,8,3,3,4,0,2,3,0,4,2,7,9,887,18,60,56,294,239,473,134,Austin,2023-12-31
2024,12,31,89,131,47,31,2,16,8,5,23,18,36,54,39,53,25,3,0,3,2,1,15,3,18,21,41,67,16,26,1,10,6,3,5,11,14,25,2,3,0,0,0,1,0,1,2,1,3,4,7,8,6,2,1,2,0,0,1,3,1,4,922,16,62,58,296,271,453,133,Austin,2024-12-31
