year,month,day,crime_disorder,crime_robbery,crime_aggravated_assault,crime_burglary,crime_theft,crime_mv_theft,crime_gun,crime_violent,crime_property,crime_index,crime_disorder_day,crime_robbery_day,crime_aggravated_assault_day,crime_burglary_day,crime_theft_day,crime_mv_theft_day,crime_gun_day,crime_violent_day,crime_property_day,crime_index_day,crime_disorder_night,crime_robbery_night,crime_aggravated_assault_night,crime_burglary_night,crime_theft_night,crime_mv_theft_night,crime_gun_night,crime_violent_night,crime_property_night,crime_index_night,crime_disorder_is_sunrise,crime_robbery_is_sunrise,crime_aggravated_assault_is_sunrise,crime_burglary_is_sunrise,crime_theft_is_sunrise,crime_mv_theft_is_sunrise,crime_gun_is_sunrise,crime_violent_is_sunrise,crime_property_is_sunrise,crime_index_is_sunrise,crime_disorder_is_sunset,crime_robbery_is_sunset,crime_aggravated_assault_is_sunset,crime_burglary_is_sunset,crime_theft_is_sunset,crime_mv_theft_is_sunset,crime_gun_is_sunset,crime_violent_is_sunset,crime_property_is_sunset,crime_index_is_sunset,total_calls,calls_sunrise,calls_sunset,days_until_fall_dst,days_until_spring_dst,city
2012,1,1,115,4,13,25,108,0,3,17,133,150,27,1,2,9,47,0,0,3,56,59,79,3,10,15,59,0,3,13,74,87,4,0,0,0,0,0,0,0,0,0,5,0,1,1,2,0,0,1,3,4,556,7,17,-308,-70,Austin
2013,1,1,118,6,9,15,136,11,2,15,162,177,44,0,3,6,56,4,0,3,66,69,64,6,6,6,72,7,2,12,85,97,3,0,0,0,1,0,0,0,1,1,7,0,0,3,7,0,0,0,10,10,570,4,22,-306,-68,Austin
2014,1,1,128,5,13,20,113,7,1,18,140,158,48,2,4,7,51,3,0,6,61,67,70,3,7,12,53,4,1,10,69,79,0,0,1,0,0,0,0,1,0,1,10,0,1,1,9,0,0,1,10,11,546,2,31,-305,-67,Austin
2015,1,1,79,2,5,17,106,5,4,7,128,135,21,1,0,7,55,1,1,1,63,64,52,1,5,8,44,2,3,6,54,60,2,0,0,0,0,0,0,0,0,0,4,0,0,2,7,2,0,0,11,11,427,5,19,-304,-66,Austin
2016,1,1,110,2,8,13,86,9,5,10,108,118,40,1,1,7,45,7,1,2,59,61,63,1,7,5,39,2,4,8,46,54,1,0,0,0,0,0,0,0,0,0,6,0,0,1,2,0,0,0,3,3,453,6,21,-310,-72,Austin
2017,1,1,109,3,11,10,106,7,9,14,123,137,36,0,2,6,54,4,1,2,64,66,67,1,9,2,47,3,7,10,52,62,0,0,0,0,0,0,0,0,0,0,6,2,0,2,5,0,1,2,7,9,457,1,24,-308,-70,Austin
2018,1,1,68,5,12,17,66,3,4,17,86,103,22,1,1,9,39,2,0,2,50,52,41,4,10,4,24,1,4,14,29,43,1,0,0,0,0,0,0,0,0,0,4,0,1,4,3,0,0,1,7,8,328,1,20,-307,-69,Austin
2019,1,1,85,1,10,12,86,4,5,11,102,113,25,0,1,6,38,1,0,1,45,46,55,1,9,6,45,3,5,10,54,64,0,0,0,0,0,0,0,0,0,0,5,0,0,0,3,0,0,0,3,3,391,0,16,-306,-68,Austin
2020,1,1,86,2,11,6,101,13,3,13,120,133,26,0,3,2,40,2,1,3,44,47,55,2,8,4,53,10,2,10,67,77,1,0,0,0,0,0,0,0,0,0,4,0,0,0,8,1,0,0,9,9,414,2,21,-305,-67,Austin
2021,1,1,87,2,10,11,81,13,7,12,105,117,29,1,1,4,46,4,3,2,54,56,54,1,9,5,32,7,4,10,44,54,0,0,0,0,0,0,0,0,0,0,4,0,0,2,3,2,0,0,7,7,395,0,20,-310,-72,Austin
2022,1,1,54,3,16,16,83,13,6,19,112,131,18,1,6,4,28,3,1,7,35,42,31,2,10,9,49,10,5,12,68,80,1,0,0,1,0,0,0,0,1,1,4,0,0,2,6,0,0,0,8,8,337,3,18,-309,-71,Austin
2023,1,1,73,2,12,30,63,12,7,14,105,119,23,2,4,7,31,7,2,6,45,51,40,0,8,20,30,5,5,8,55,63,0,0,0,0,0,0,0,0,0,0,10,0,0,3,2,0,0,0,5,5,335,1,20,-308,-70,Austin
2024,1,1,49,5,11,26,47,19,4,16,92,108,19,2,3,11,14,12,0,5,37,42,28,3,8,15,30,6,4,11,51,62,0,0,0,0,0,0,0,0,0,0,2,0,0,0,3,1,0,0,4,4,335,1,14,-307,-69,Austin
2012,2,1,124,0,4,17,92,3,3,4,112,116,53,0,1,8,58,0,2,1,66,67,62,0,1,9,29,3,1,1,41,42,3,0,0,0,2,0,0,0,2,2,6,0,2,0,3,0,0,2,3,5,413,6,17,-277,-39,Austin
2013,2,1,112,1,4,20,120,7,2,5,147,152,44,0,3,10,60,2,1,3,72,75,57,1,1,8,48,4,0,2,60,62,1,0,0,1,1,1,0,0,3,3,10,0,0,1,11,0,1,0,12,12,470,4,32,-275,-37,Austin
2014,2,1,103,3,5,19,106,8,0,8,133,141,36,0,2,10,61,2,0,2,73,75,56,3,2,8,38,6,0,5,52,57,1,0,0,0,0,0,0,0,0,0,10,0,1,1,7,0,0,1,8,9,420,1,29,-274,-36,Austin
2015,2,1,98,5,10,20,114,11,4,15,145,160,45,2,1,12,62,4,3,3,78,81,44,3,8,8,47,7,1,11,62,73,0,0,0,0,1,0,0,0,1,1,9,0,1,0,4,0,0,1,4,5,431,3,24,-273,-35,Austin
2016,2,1,89,2,11,19,109,5,1,13,133,146,38,0,1,10,65,5,0,1,80,81,47,1,7,7,32,0,1,8,39,47,0,0,0,1,0,0,0,0,1,1,4,1,3,1,12,0,0,4,13,17,387,2,28,-279,-41,Austin
2017,2,1,83,1,2,23,94,3,4,3,120,123,32,0,2,12,48,0,1,2,60,62,46,1,0,10,33,3,3,1,46,47,0,0,0,0,7,0,0,0,7,7,5,0,0,1,6,0,0,0,7,7,387,8,24,-277,-39,Austin
2018,2,1,63,2,2,12,82,9,0,4,103,107,25,1,0,7,47,4,0,1,58,59,31,1,2,5,31,4,0,3,40,43,1,0,0,0,0,1,0,0,1,1,6,0,0,0,4,0,0,0,4,4,302,3,15,-276,-38,Austin
2019,2,1,72,3,10,19,111,9,2,13,139,152,33,1,3,11,57,6,1,4,74,78,34,2,6,8,45,3,1,8,56,64,0,0,0,0,0,0,0,0,0,0,5,0,1,0,9,0,0,1,9,10,383,1,20,-275,-37,Austin
2020,2,1,77,1,3,9,96,6,2,4,111,115,28,0,0,4,44,2,1,0,50,50,44,1,3,5,46,4,1,4,55,59,1,0,0,0,1,0,0,0,1,1,4,0,0,0,5,0,0,0,5,5,350,2,21,-274,-36,Austin
2021,2,1,67,0,4,12,76,8,1,4,96,100,28,0,2,6,43,6,0,2,55,57,31,0,2,6,29,1,0,2,36,38,0,0,0,0,1,0,0,0,1,1,8,0,0,0,3,1,1,0,4,4,304,3,20,-279,-41,Austin
2022,2,1,55,3,6,15,57,16,1,9,88,97,17,1,3,7,27,9,0,4,43,47,30,2,3,7,23,7,1,5,37,42,0,0,0,1,1,0,0,0,2,2,8,0,0,0,6,0,0,0,6,6,260,6,22,-278,-40,Austin
2023,2,1,42,0,4,21,36,10,2,4,67,71,24,0,3,8,17,3,1,3,28,31,14,0,1,12,17,5,1,1,34,35,1,0,0,0,0,0,0,0,0,0,3,0,0,1,2,2,0,0,5,5,198,1,8,-277,-39,Austin
2024,2,1,60,0,4,21,78,12,7,4,111,115,19,0,1,6,40,6,4,1,52,53,34,0,3,14,32,5,3,3,51,54,2,0,0,1,0,0,0,0,1,1,5,0,0,0,6,1,0,0,7,7,328,3,16,-276,-38,Austin
2012,3,1,96,1,9,10,79,5,0,10,94,104,43,0,4,9,41,3,0,4,53,57,45,0,5,1,31,2,0,5,34,39,0,0,0,0,0,0,0,0,0,0,8,1,0,0,7,0,0,1,7,8,350,0,22,-248,-10,Austin
2013,3,1,100,0,4,29,107,3,2,4,139,143,39,0,1,19,57,1,0,1,77,78,53,0,3,9,44,2,2,3,55,58,0,0,0,0,0,0,0,0,0,0,8,0,0,1,6,0,0,0,7,7,444,0,25,-247,-9,Austin
2014,3,1,95,1,5,16,92,12,1,6,120,126,38,0,2,8,52,6,1,2,66,68,47,1,3,8,31,6,0,4,45,49,1,0,0,0,0,0,0,0,0,0,9,0,0,0,9,0,0,0,9,9,401,3,22,-246,-8,Austin
2015,3,1,85,6,9,12,80,3,1,15,95,110,31,1,4,4,39,0,0,5,43,48,50,5,4,6,36,3,1,9,45,54,0,0,0,0,1,0,0,0,1,1,4,0,1,2,4,0,0,1,6,7,328,4,18,-245,-7,Austin
2016,3,1,96,3,7,10,92,6,2,10,108,118,34,1,2,8,57,3,2,3,68,71,56,2,5,2,29,2,0,7,33,40,1,0,0,0,1,0,0,0,1,1,5,0,0,0,5,1,0,0,6,6,346,2,19,-250,-12,Austin
2017,3,1,88,4,6,18,82,10,0,10,110,120,37,2,1,8,53,4,0,3,65,68,44,2,5,9,23,4,0,7,36,43,1,0,0,0,0,0,0,0,0,0,6,0,0,1,6,2,0,0,9,9,368,4,21,-249,-11,Austin
2018,3,1,76,3,0,13,83,6,1,3,102,105,30,2,0,6,62,4,1,2,72,74,41,1,0,4,18,2,0,1,24,25,0,0,0,0,1,0,0,0,1,1,5,0,0,3,2,0,0,0,5,5,326,2,17,-248,-10,Austin
2019,3,1,60,1,6,17,80,9,1,7,106,113,29,0,0,8,37,4,0,0,49,49,26,0,6,8,35,5,1,6,48,54,0,0,0,1,0,0,0,0,1,1,5,1,0,0,8,0,0,1,8,9,300,3,23,-247,-9,Austin
2020,3,1,86,4,3,10,96,7,1,7,113,120,36,0,1,4,54,2,1,1,60,61,40,4,2,4,36,5,0,6,45,51,1,0,0,0,0,0,0,0,0,0,9,0,0,2,6,0,0,0,8,8,379,3,28,-245,-7,Austin
2021,3,1,63,5,9,14,94,10,3,14,118,132,31,2,5,8,51,6,1,7,65,72,27,3,4,6,38,2,2,7,46,53,0,0,0,0,1,1,0,0,2,2,5,0,0,0,4,1,0,0,5,5,333,2,13,-251,-13,Austin
2022,3,1,36,2,8,12,70,19,2,10,101,111,15,0,3,7,41,9,0,3,57,60,17,1,4,4,23,9,2,5,36,41,0,0,0,0,0,0,0,0,0,0,4,1,1,1,6,1,0,2,8,10,269,0,17,-250,-12,Austin
2023,3,1,47,3,3,21,85,20,5,6,126,132,24,1,2,10,47,15,2,3,72,75,17,2,1,10,35,4,3,3,49,52,1,0,0,0,0,0,0,0,0,0,5,0,0,1,3,1,0,0,5,5,295,2,13,-249,-11,Austin
2024,3,1,49,3,7,20,61,10,4,10,91,101,22,1,3,9,33,3,1,4,45,49,23,2,2,10,22,4,3,4,36,40,1,0,0,0,0,0,0,0,0,0,3,0,2,1,6,3,0,2,10,12,271,1,21,-247,-9,Austin
2012,4,1,105,4,7,20,123,9,3,11,152,163,45,0,2,11,65,2,0,2,78,80,53,4,3,9,46,7,3,7,62,69,0,0,0,0,4,0,0,0,4,4,7,0,2,0,8,0,0,2,8,10,423,6,29,-217,21,Austin
2013,4,1,103,5,2,19,98,2,3,7,119,126,46,2,1,9,58,1,3,3,68,71,44,2,1,9,27,0,0,3,36,39,1,0,0,1,3,0,0,0,4,4,12,1,0,0,10,1,0,1,11,12,388,6,31,-216,22,Austin
2014,4,1,95,3,2,20,110,0,0,5,130,135,47,3,1,12,71,0,0,4,83,87,38,0,1,5,27,0,0,1,32,33,1,0,0,0,2,0,0,0,2,2,9,0,0,3,10,0,0,0,13,13,397,4,33,-215,23,Austin
2015,4,1,93,3,8,20,77,3,3,11,100,111,55,1,2,12,51,0,2,3,63,66,37,2,4,4,16,3,1,6,23,29,0,0,0,1,1,0,0,0,2,2,1,0,2,3,9,0,0,2,12,14,369,2,30,-214,24,Austin
2016,4,1,88,1,5,10,115,11,0,6,136,142,33,1,1,7,62,8,0,2,77,79,43,0,4,2,44,1,0,4,47,51,0,0,0,0,0,1,0,0,1,1,12,0,0,1,9,1,0,0,11,11,389,2,30,-219,19,Austin
2017,4,1,96,1,6,11,85,6,3,7,102,109,46,0,1,5,55,3,1,1,63,64,42,1,4,5,27,2,2,5,34,39,0,0,0,0,0,0,0,0,0,0,8,0,1,1,3,1,0,1,5,6,352,0,26,-218,20,Austin
2018,4,1,81,1,9,10,78,8,1,10,96,106,36,1,0,5,46,6,0,1,57,58,39,0,7,4,25,2,0,7,31,38,1,0,0,0,0,0,0,0,0,0,5,0,2,1,7,0,1,2,8,10,307,2,25,-217,21,Austin
2019,4,1,63,4,6,13,93,9,1,10,115,125,30,3,2,8,58,4,0,5,70,75,26,1,4,4,26,4,1,5,34,39,1,0,0,1,1,0,0,0,2,2,6,0,0,0,8,1,0,0,9,9,311,3,23,-216,22,Austin
2020,4,1,80,4,3,16,75,9,1,7,100,107,36,3,2,10,44,3,0,5,57,62,35,0,1,6,27,6,1,1,39,40,1,0,0,0,0,0,0,0,0,0,8,1,0,0,4,0,0,1,4,5,315,1,17,-214,24,Austin
2021,4,1,54,2,3,15,68,13,2,5,96,101,27,0,2,7,45,7,0,2,59,61,21,1,1,7,16,5,2,2,28,30,0,1,0,0,1,0,0,1,1,2,6,0,0,1,6,1,0,0,8,8,316,2,25,-220,18,Austin
2022,4,1,48,0,8,10,64,27,9,8,101,109,27,0,4,7,42,19,3,4,68,72,20,0,4,3,18,6,5,4,27,31,0,0,0,0,2,0,0,0,2,2,1,0,0,0,2,2,1,0,4,4,285,2,9,-219,19,Austin
2023,4,1,41,2,7,16,78,26,6,9,120,129,19,0,1,9,31,10,2,1,50,51,19,2,4,6,39,11,4,6,56,62,1,0,0,1,1,0,0,0,2,2,2,0,2,0,7,5,0,2,12,14,303,5,22,-218,20,Austin
2024,4,1,48,5,5,21,56,24,2,10,101,111,25,4,3,8,35,17,1,7,60,67,19,1,2,11,18,6,1,3,35,38,2,0,0,0,1,0,0,0,1,1,2,0,0,2,2,1,0,0,5,5,273,5,10,-216,22,Austin
2012,5,1,74,0,7,27,90,9,0,7,126,133,38,0,2,17,65,4,0,2,86,88,28,0,5,8,17,3,0,5,28,33,1,0,0,0,0,1,0,0,1,1,7,0,0,2,8,1,0,0,11,11,384,2,31,-187,51,Austin
2013,5,1,95,4,3,21,111,9,2,7,141,148,47,4,2,9,76,4,2,6,89,95,39,0,1,11,27,3,0,1,41,42,0,0,0,0,0,0,0,0,0,0,9,0,0,1,8,2,0,0,11,11,407,1,29,-186,52,Austin
2014,5,1,84,1,8,21,85,3,1,9,109,118,44,1,3,17,66,2,0,4,85,89,32,0,3,3,16,0,1,3,19,22,0,0,0,0,0,0,0,0,0,0,8,0,2,1,3,1,0,2,5,7,351,0,22,-185,53,Austin
2015,5,1,88,2,5,16,111,11,1,7,138,145,50,0,2,10,75,6,1,2,91,93,31,2,2,3,25,3,0,4,31,35,1,0,0,0,0,0,0,0,0,0,6,0,1,3,11,2,0,1,16,17,404,2,39,-184,54,Austin
2016,5,1,94,4,6,16,68,1,1,10,85,95,49,2,4,10,45,1,0,6,56,62,38,1,2,5,22,0,1,3,27,30,0,0,0,0,0,0,0,0,0,0,7,1,0,1,1,0,0,1,2,3,315,0,19,-189,49,Austin
2017,5,1,82,3,3,22,80,4,3,6,106,112,44,2,2,13,51,3,1,4,67,71,27,0,1,8,23,1,2,1,32,33,1,0,0,1,0,0,0,0,1,1,10,1,0,0,6,0,0,1,6,7,342,3,25,-188,50,Austin
2018,5,1,66,3,10,12,85,6,3,13,103,116,37,2,5,5,59,4,2,7,68,75,19,1,5,4,21,2,1,6,27,33,2,0,0,2,1,0,0,0,3,3,8,0,0,1,4,0,0,0,5,5,316,5,26,-187,51,Austin
2019,5,1,75,3,4,13,88,9,0,7,110,117,39,1,3,7,54,4,0,4,65,69,27,2,0,5,26,4,0,2,35,37,1,0,0,0,0,0,0,0,0,0,8,0,1,1,8,1,0,1,10,11,329,1,23,-186,52,Austin
2020,5,1,68,2,5,13,87,8,3,7,108,115,35,0,3,5,63,5,2,3,73,76,27,1,1,6,20,3,1,2,29,31,0,0,0,1,1,0,0,0,2,2,6,1,1,1,3,0,0,2,4,6,326,2,22,-184,54,Austin
2021,5,1,49,2,7,19,71,11,1,9,101,110,27,0,3,9,43,5,1,3,57,60,14,2,3,9,27,5,0,5,41,46,2,0,0,0,0,0,0,0,0,0,6,0,1,1,1,1,0,1,3,4,266,3,14,-190,48,Austin
2022,5,1,63,1,7,14,46,9,3,8,69,77,34,1,5,7,24,6,0,6,37,43,23,0,1,7,21,3,2,1,31,32,1,0,0,0,0,0,0,0,0,0,5,0,1,0,1,0,1,1,1,2,264,1,19,-189,49,Austin
2023,5,1,59,2,7,15,58,17,4,9,90,99,29,1,3,4,36,9,3,4,49,53,21,0,3,11,21,6,1,3,38,41,1,0,0,0,0,0,0,0,0,0,8,1,1,0,1,2,0,2,3,5,288,2,15,-188,50,Austin
2024,5,1,66,3,2,28,57,8,3,5,93,98,38,2,2,12,38,6,3,4,56,60,25,1,0,14,17,2,0,1,33,34,0,0,0,1,0,0,0,0,1,1,3,0,0,1,2,0,0,0,3,3,290,1,12,-186,52,Austin
2012,6,1,123,1,6,24,124,5,0,7,153,160,68,1,3,19,84,4,0,4,107,111,43,0,2,5,30,0,0,2,35,37,0,0,0,0,0,0,0,0,0,0,12,0,1,0,10,1,0,1,11,12,477,1,40,-156,82,Austin
2013,6,1,83,4,7,9,120,5,1,11,134,145,35,1,3,5,72,4,0,4,81,85,34,3,4,2,36,1,1,7,39,46,3,0,0,0,0,0,0,0,0,0,11,0,0,2,12,0,0,0,14,14,423,3,40,-155,83,Austin
2014,6,1,101,2,5,16,100,4,3,7,120,127,51,0,2,11,70,3,1,2,84,86,43,1,3,4,20,1,2,4,25,29,0,0,0,0,0,0,0,0,0,0,7,1,0,1,10,0,0,1,11,12,385,1,31,-154,84,Austin
2015,6,1,83,4,5,13,99,4,1,9,116,125,53,1,2,9,71,2,0,3,82,85,21,3,2,3,21,2,1,5,26,31,0,0,1,0,0,0,0,1,0,1,9,0,0,1,7,0,0,0,8,8,361,1,25,-153,85,Austin
2016,6,1,94,0,7,12,90,6,0,7,108,115,60,0,2,6,58,4,0,2,68,70,22,0,4,5,25,0,0,4,30,34,0,0,0,0,0,0,0,0,0,0,12,0,1,1,7,2,0,1,10,11,339,0,31,-158,80,Austin
2017,6,1,102,3,6,12,75,4,3,9,91,100,59,0,4,5,57,1,3,4,63,67,33,3,1,6,12,2,0,4,20,24,0,0,0,0,0,0,0,0,0,0,10,0,1,1,6,1,0,1,8,9,359,0,32,-157,81,Austin
2018,6,1,84,3,6,12,100,9,2,9,121,130,44,1,2,7,74,7,2,3,88,91,31,2,4,5,20,2,0,6,27,33,0,0,0,0,1,0,0,0,1,1,9,0,0,0,5,0,0,0,5,5,364,1,24,-156,82,Austin
2019,6,1,73,6,5,8,104,12,4,11,124,135,37,5,2,3,75,7,1,7,85,92,23,0,2,5,25,4,2,2,34,36,0,0,0,0,0,0,0,0,0,0,13,1,1,0,4,1,1,2,5,7,364,1,32,-155,83,Austin
2020,6,1,82,7,5,35,62,7,5,12,104,116,48,2,4,10,44,5,2,6,59,65,28,5,0,23,16,2,3,5,41,46,0,0,0,0,0,0,0,0,0,0,6,0,1,2,2,0,0,1,4,5,337,0,18,-153,85,Austin
2021,6,1,53,0,4,15,42,13,1,4,70,74,38,0,4,11,28,7,0,4,46,50,10,0,0,4,10,5,1,0,19,19,0,0,0,0,0,0,0,0,0,0,5,0,0,0,4,1,0,0,5,5,261,0,19,-159,79,Austin
2022,6,1,54,4,9,13,76,13,1,13,102,115,27,3,4,7,48,8,0,7,63,70,23,1,4,6,24,4,1,5,34,39,0,0,0,0,2,0,0,0,2,2,4,0,1,0,2,1,0,1,3,4,320,3,13,-158,80,Austin
2023,6,1,61,0,7,19,63,18,7,7,100,107,38,0,4,7,29,12,4,4,48,52,16,0,2,12,32,5,1,2,49,51,1,0,0,0,0,0,0,0,0,0,6,0,1,0,2,1,2,1,3,4,300,2,22,-157,81,Austin
2024,6,1,56,1,12,10,67,11,1,13,88,101,25,1,6,6,40,5,1,7,51,58,24,0,5,4,23,5,0,5,32,37,0,0,0,0,1,0,0,0,1,1,7,0,1,0,3,1,0,1,4,5,299,1,20,-155,83,Austin
2012,7,1,113,4,9,12,129,8,1,13,149,162,48,1,3,7,74,4,1,4,85,89,50,3,6,2,46,3,0,9,51,60,1,0,0,1,0,0,0,0,1,1,14,0,0,2,9,1,0,0,12,12,427,2,34,-126,112,Austin
2013,7,1,93,2,7,23,107,5,2,9,135,144,62,2,2,17,73,2,2,4,92,96,23,0,4,6,22,3,0,4,31,35,0,0,0,0,0,0,0,0,0,0,8,0,1,0,12,0,0,1,12,13,399,0,28,-125,113,Austin
2014,7,1,91,5,10,19,88,6,3,15,113,128,58,1,7,11,63,5,0,8,79,87,21,2,1,7,20,0,3,3,27,30,2,0,0,0,0,0,0,0,0,0,10,2,2,1,5,1,0,4,7,11,384,4,32,-124,114,Austin
2015,7,1,74,0,6,12,110,1,2,6,123,129,40,0,3,7,67,1,1,3,75,78,24,0,2,5,32,0,1,2,37,39,1,0,0,0,0,0,0,0,0,0,9,0,1,0,11,0,0,1,11,12,374,2,30,-123,115,Austin
2016,7,1,86,0,7,26,72,1,1,7,99,106,47,0,1,18,49,0,0,1,67,68,27,0,4,7,17,1,1,4,25,29,1,0,0,0,1,0,0,0,1,1,11,0,2,1,5,0,0,2,6,8,342,3,33,-128,110,Austin
2017,7,1,89,1,5,10,72,5,3,6,87,93,52,1,1,5,37,4,1,2,46,48,29,0,4,4,28,0,1,4,32,36,2,0,0,1,1,0,0,0,2,2,6,0,0,0,6,1,1,0,7,7,352,4,23,-127,111,Austin
2018,7,1,77,1,10,14,80,6,1,11,100,111,45,1,4,11,50,5,0,5,66,71,26,0,6,2,24,1,0,6,27,33,0,0,0,0,0,0,0,0,0,0,6,0,0,1,6,0,1,0,7,7,318,2,30,-126,112,Austin
2019,7,1,70,4,6,13,93,8,0,10,114,124,41,3,4,6,67,4,0,7,77,84,22,1,2,5,18,4,0,3,27,30,0,0,0,0,0,0,0,0,0,0,7,0,0,2,8,0,0,0,10,10,351,1,25,-125,113,Austin
2020,7,1,67,4,5,24,95,12,1,9,131,140,41,0,3,10,70,8,0,3,88,91,20,3,1,12,17,1,1,4,30,34,1,0,0,0,1,0,0,0,1,1,5,1,1,2,7,3,0,2,12,14,348,3,26,-123,115,Austin
2021,7,1,74,2,8,17,83,12,3,10,112,122,39,1,2,13,51,7,1,3,71,74,28,1,6,4,23,4,1,7,31,38,0,0,0,0,1,0,0,0,1,1,7,0,0,0,8,1,1,0,9,9,330,2,24,-129,109,Austin
2022,7,1,63,2,8,21,82,22,5,10,125,135,31,0,4,6,49,13,3,4,68,72,28,2,3,13,27,6,2,5,46,51,0,0,0,0,1,1,0,0,2,2,4,0,1,2,5,2,0,1,9,10,325,3,27,-128,110,Austin
2023,7,1,43,0,7,17,91,18,3,7,126,133,24,0,3,3,51,13,1,3,67,70,16,0,4,13,36,5,2,4,54,58,0,0,0,0,0,0,0,0,0,0,3,0,0,1,4,0,0,0,5,5,295,0,22,-127,111,Austin
2024,7,1,74,2,5,17,71,18,1,7,106,113,45,1,4,10,47,10,1,5,67,72,22,1,0,7,21,5,0,1,33,34,0,0,0,0,1,2,0,0,3,3,7,0,1,0,2,1,0,1,3,4,305,5,17,-125,113,Austin
2012,8,1,104,4,1,26,131,7,0,5,164,169,55,2,0,17,84,3,0,2,104,106,37,2,0,8,31,3,0,2,42,44,0,0,0,0,1,0,0,0,1,1,12,0,1,1,15,1,0,1,17,18,442,5,37,-95,143,Austin
2013,8,1,106,0,4,38,103,5,1,4,146,150,52,0,0,28,70,5,0,0,103,103,43,0,3,8,27,0,1,3,35,38,1,0,0,0,0,0,0,0,0,0,10,0,1,2,6,0,0,1,8,9,422,1,30,-94,144,Austin
2014,8,1,105,3,6,12,131,5,2,9,148,157,63,1,4,9,85,4,2,5,98,103,31,1,2,2,34,1,0,3,37,40,2,0,0,0,0,0,0,0,0,0,9,1,0,1,12,0,0,1,13,14,447,2,34,-93,145,Austin
2015,8,1,74,1,4,18,104,3,3,5,125,130,26,0,0,11,76,2,1,0,89,89,40,1,4,7,23,1,1,5,31,36,0,0,0,0,0,0,0,0,0,0,8,0,0,0,5,0,1,0,5,5,359,1,24,-92,146,Austin
2016,8,1,72,5,5,9,104,12,1,10,125,135,46,2,4,6,69,7,1,6,82,88,21,2,1,3,28,4,0,3,35,38,0,0,0,0,0,0,0,0,0,0,5,1,0,0,7,1,0,1,8,9,365,1,20,-97,141,Austin
2017,8,1,74,1,6,12,92,8,3,7,112,119,37,0,1,10,68,5,3,1,83,84,31,1,4,2,18,3,0,5,23,28,0,0,0,0,0,0,0,0,0,0,6,0,1,0,6,0,0,1,6,7,344,2,24,-96,142,Austin
2018,8,1,65,0,4,17,101,8,2,4,126,130,32,0,2,8,71,8,0,2,87,89,27,0,1,8,25,0,1,1,33,34,1,0,0,0,0,0,1,0,0,0,5,0,1,1,5,0,0,1,6,7,317,3,21,-95,143,Austin
2019,8,1,77,6,6,14,103,6,1,12,123,135,45,1,4,5,54,3,1,5,62,67,23,3,2,9,38,3,0,5,50,55,1,0,0,0,2,0,0,0,2,2,8,2,0,0,9,0,0,2,9,11,371,3,25,-94,144,Austin
2020,8,1,60,5,12,12,82,14,1,17,108,125,32,5,5,7,53,6,0,10,66,76,22,0,6,4,22,7,1,6,33,39,0,0,0,0,0,0,0,0,0,0,6,0,1,1,7,1,0,1,9,10,304,0,23,-92,146,Austin
2021,8,1,68,3,9,24,76,23,3,12,123,135,38,0,5,15,44,12,1,5,71,76,25,3,4,8,29,9,2,7,46,53,0,0,0,0,0,1,0,0,1,1,5,0,0,1,3,1,0,0,5,5,328,2,21,-98,140,Austin
2022,8,1,54,3,7,18,66,11,4,10,95,105,33,2,4,8,41,7,2,6,56,62,16,1,3,10,25,4,2,4,39,43,0,0,0,0,0,0,0,0,0,0,5,0,0,0,0,0,0,0,0,0,286,0,14,-97,141,Austin
2023,8,1,50,1,7,16,62,26,5,8,104,112,34,1,3,5,33,13,3,4,51,55,14,0,1,10,27,10,1,1,47,48,0,0,0,0,0,1,0,0,1,1,2,0,3,1,2,2,1,3,5,8,281,1,18,-96,142,Austin
2024,8,1,49,2,8,16,49,17,3,10,82,92,30,2,4,10,34,10,2,6,54,60,17,0,4,5,13,7,1,4,25,29,0,0,0,0,0,0,0,0,0,0,2,0,0,1,2,0,0,0,3,3,285,2,13,-94,144,Austin
2012,9,1,134,3,8,13,123,5,1,11,141,152,54,1,5,6,77,5,1,6,88,94,70,1,2,4,37,0,0,3,41,44,0,0,0,1,2,0,0,0,3,3,10,1,1,2,7,0,0,2,9,11,470,5,30,-64,174,Austin
2013,9,1,103,3,11,10,99,6,0,14,115,129,46,1,3,5,57,2,0,4,64,68,50,2,7,4,33,4,0,9,41,50,2,0,0,0,1,0,0,0,1,1,5,0,1,1,8,0,0,1,9,10,372,6,22,-63,175,Austin
2014,9,1,91,4,4,14,77,7,1,8,98,106,45,2,1,7,45,3,0,3,55,58,39,2,2,5,27,3,1,4,35,39,0,0,1,0,1,0,0,1,1,2,7,0,0,2,4,1,0,0,7,7,327,3,22,-62,176,Austin
2015,9,1,87,2,7,14,86,1,2,9,101,110,48,0,4,8,58,0,0,4,66,70,33,1,2,3,17,0,1,3,20,23,0,0,0,0,0,0,0,0,0,0,6,1,1,3,11,1,1,2,15,17,370,0,33,-61,177,Austin
2016,9,1,71,1,4,16,96,2,2,5,114,119,30,0,2,8,59,2,1,2,69,71,33,1,2,6,21,0,1,3,27,30,1,0,0,0,3,0,0,0,3,3,7,0,0,2,13,0,0,0,15,15,336,7,31,-66,172,Austin
2017,9,1,78,3,4,16,74,4,5,7,94,101,38,1,3,8,47,2,1,4,57,61,32,1,1,6,21,2,4,2,29,31,0,0,0,1,0,0,0,0,1,1,8,1,0,1,6,0,0,1,7,8,336,1,20,-65,173,Austin
2018,9,1,90,2,6,10,93,8,2,8,111,119,43,1,5,10,55,4,1,6,69,75,36,1,1,0,26,3,1,2,29,31,0,0,0,0,0,0,0,0,0,0,11,0,0,0,12,1,0,0,13,13,340,0,35,-64,174,Austin
2019,9,1,87,3,4,12,79,8,0,7,99,106,37,1,1,8,47,3,0,2,58,60,45,2,3,2,28,5,0,5,35,40,0,0,0,1,0,0,0,0,1,1,5,0,0,1,4,0,0,0,5,5,311,4,15,-63,175,Austin
2020,9,1,67,2,7,18,92,11,3,9,121,130,35,1,2,11,53,4,0,3,68,71,29,1,5,4,32,3,2,6,39,45,0,0,0,1,0,1,0,0,2,2,3,0,0,2,7,3,1,0,12,12,338,3,20,-61,177,Austin
2021,9,1,53,1,9,17,73,13,5,10,103,113,29,0,2,10,39,8,2,2,57,59,18,1,6,7,29,4,2,7,40,47,1,0,1,0,0,0,0,1,0,1,5,0,0,0,5,1,1,0,6,6,309,4,20,-67,171,Austin
2022,9,1,54,8,10,17,73,18,2,18,108,126,27,3,3,9,52,12,0,6,73,79,24,1,6,6,15,4,2,7,25,32,0,1,0,0,2,0,0,1,2,3,3,3,1,2,4,2,0,4,8,12,311,4,21,-66,172,Austin
2023,9,1,56,1,4,17,79,17,2,5,113,118,30,1,2,9,38,11,1,3,58,61,24,0,2,8,35,2,0,2,45,47,1,0,0,0,1,0,0,0,1,1,1,0,0,0,5,4,1,0,9,9,316,7,17,-65,173,Austin
2024,9,1,66,1,5,17,55,14,4,6,86,92,28,1,3,8,34,7,1,4,49,53,33,0,2,9,20,6,3,2,35,37,1,0,0,0,0,0,0,0,0,0,4,0,0,0,1,1,0,0,2,2,281,3,14,-63,175,Austin
2012,10,1,82,4,7,30,104,6,1,11,140,151,38,1,3,23,65,5,0,4,93,97,34,3,4,5,33,1,1,7,39,46,0,0,0,0,0,0,0,0,0,0,10,0,0,2,6,0,0,0,8,8,391,3,23,-34,204,Austin
2013,10,1,83,4,7,22,118,8,1,11,148,159,39,1,3,13,73,6,0,4,92,96,33,2,4,7,39,1,1,6,47,53,1,0,0,0,0,0,0,0,0,0,10,1,0,2,6,1,0,1,9,10,403,2,30,-33,205,Austin
2014,10,1,82,4,5,12,108,1,0,9,121,130,46,0,1,9,65,0,0,1,74,75,28,4,4,2,30,1,0,8,33,41,2,0,0,0,1,0,0,0,1,1,6,0,0,1,12,0,0,0,13,13,359,3,24,-32,206,Austin
2015,10,1,71,1,8,16,89,4,1,9,109,118,32,0,4,7,47,1,0,4,55,59,33,1,3,9,28,3,0,4,40,44,0,0,0,0,0,0,0,0,0,0,6,0,1,0,14,0,1,1,14,15,340,0,33,-31,207,Austin
2016,10,1,73,2,8,17,118,9,0,10,144,154,28,0,5,6,55,4,0,5,65,70,45,1,2,10,49,5,0,3,64,67,0,1,1,0,0,0,0,2,0,2,0,0,0,1,14,0,0,0,15,15,370,2,19,-36,202,Austin
2017,10,1,86,4,13,5,86,5,2,17,96,113,31,1,7,2,36,1,1,8,39,47,44,3,6,3,42,3,0,9,48,57,1,0,0,0,0,0,0,0,0,0,10,0,0,0,8,1,1,0,9,9,323,2,27,-35,203,Austin
2018,10,1,64,3,7,10,123,6,1,10,139,149,31,0,3,4,77,3,1,3,84,87,28,3,4,5,39,2,0,7,46,53,0,0,0,0,0,0,0,0,0,0,5,0,0,1,7,1,0,0,9,9,351,1,24,-34,204,Austin
2019,10,1,72,4,8,18,79,11,3,12,108,120,37,2,2,11,50,7,1,4,68,72,27,2,5,5,24,4,2,7,33,40,1,0,0,0,0,0,0,0,0,0,7,0,1,2,5,0,0,1,7,8,344,1,21,-33,205,Austin
2020,10,1,53,4,10,12,91,9,3,14,112,126,23,2,4,3,42,4,1,6,49,55,24,2,6,8,41,4,2,8,53,61,0,0,0,0,0,0,0,0,0,0,6,0,0,1,8,1,0,0,10,10,311,2,21,-31,207,Austin
2021,10,1,49,3,7,9,83,18,1,10,110,120,32,0,4,5,46,8,0,4,59,63,13,3,2,3,27,7,1,5,37,42,0,0,0,1,0,1,0,0,2,2,4,0,1,0,10,2,0,1,12,13,297,3,24,-37,201,Austin
2022,10,1,50,3,8,19,91,16,2,11,126,137,23,1,2,8,48,5,1,3,61,64,24,2,5,11,38,7,1,7,56,63,0,0,0,0,2,0,0,0,2,2,3,0,1,0,3,4,0,1,7,8,293,4,13,-36,202,Austin
2023,10,1,63,0,10,12,74,22,2,10,108,118,27,0,3,3,29,11,0,3,43,46,32,0,6,9,40,11,2,6,60,66,0,0,0,0,0,0,0,0,0,0,4,0,1,0,5,0,0,1,5,6,300,1,14,-35,203,Austin
2024,10,1,74,2,6,17,64,10,1,8,91,99,38,2,4,6,32,3,0,6,41,47,32,0,1,10,28,7,1,1,45,46,0,0,0,0,1,0,0,0,1,1,4,0,1,1,3,0,0,1,4,5,311,3,17,-33,205,Austin
2012,11,1,106,2,11,17,119,4,1,13,140,153,44,1,4,8,60,1,0,5,69,74,54,1,6,9,50,2,0,7,61,68,0,0,0,0,0,0,0,0,0,0,8,0,1,0,9,1,1,1,10,11,460,1,34,-3,235,Austin
2013,11,1,92,3,8,15,126,10,0,11,151,162,29,0,0,8,62,5,0,0,75,75,58,3,7,3,46,5,0,10,54,64,0,0,0,2,1,0,0,0,3,3,5,0,1,2,17,0,0,1,19,20,417,7,31,-2,236,Austin
2014,11,1,91,4,6,7,111,8,1,10,126,136,35,0,2,4,53,2,0,2,59,61,52,2,4,2,45,3,1,6,50,56,1,0,0,1,0,0,0,0,1,1,3,2,0,0,13,3,0,2,16,18,382,3,30,-1,237,Austin
2015,11,1,110,7,10,14,99,4,2,17,117,134,36,2,2,9,51,0,1,4,60,64,70,4,8,4,41,4,1,12,49,61,0,1,0,0,1,0,0,1,1,2,4,0,0,1,6,0,0,0,7,7,390,2,17,0,238,Austin
2016,11,1,97,4,3,23,82,2,5,7,107,114,35,1,1,17,43,0,1,2,60,62,54,3,2,3,33,2,4,5,38,43,2,0,0,0,2,0,0,0,2,2,6,0,0,3,4,0,0,0,7,7,360,5,20,-5,233,Austin
2017,11,1,81,1,5,5,93,7,2,6,105,111,35,0,2,2,54,0,2,2,56,58,36,1,3,2,27,5,0,4,34,38,2,0,0,1,0,0,0,0,1,1,8,0,0,0,12,2,0,0,14,14,341,5,26,-4,234,Austin
2018,11,1,80,1,6,14,100,9,4,7,123,130,29,1,4,8,45,2,2,5,55,60,43,0,2,5,41,6,2,2,52,54,2,0,0,0,2,0,0,0,2,2,6,0,0,1,12,1,0,0,14,14,360,4,26,-3,235,Austin
2019,11,1,73,4,6,16,111,11,7,10,138,148,33,1,2,10,50,6,0,3,66,69,34,3,4,5,44,3,6,7,52,59,0,0,0,0,1,2,1,0,3,3,6,0,0,1,16,0,0,0,17,17,348,5,27,-2,236,Austin
2020,11,1,82,2,8,9,96,12,1,10,117,127,28,0,3,2,46,2,0,3,50,53,47,2,5,7,45,8,1,7,60,67,1,0,0,0,0,0,0,0,0,0,6,0,0,0,5,2,0,0,7,7,337,2,24,0,238,Austin
2021,11,1,56,3,8,28,78,18,4,11,124,135,29,1,1,11,41,5,0,2,57,59,23,1,7,16,31,13,4,8,60,68,1,1,0,1,0,0,0,1,1,2,3,0,0,0,6,0,0,0,6,6,344,5,15,-6,232,Austin
2022,11,1,56,3,5,20,70,17,2,8,107,115,18,1,3,9,39,6,0,4,54,58,31,2,2,10,26,8,2,4,44,48,0,0,0,0,1,0,0,0,1,1,7,0,0,1,4,3,0,0,8,8,280,1,20,-5,233,Austin
2023,11,1,59,3,5,21,69,23,2,8,113,121,25,0,1,8,39,13,0,1,60,61,28,3,2,13,24,7,1,5,44,49,2,0,0,0,3,0,0,0,3,3,4,0,2,0,3,3,1,2,6,8,297,6,16,-4,234,Austin
2024,11,1,67,2,8,19,70,12,3,10,101,111,26,1,5,12,34,8,1,6,54,60,38,1,3,5,29,4,2,4,38,42,0,0,0,1,1,0,0,0,2,2,3,0,0,1,6,0,0,0,7,7,327,2,16,-2,236,Austin
2012,12,1,115,4,2,20,125,13,3,6,158,164,31,2,1,12,46,7,1,3,65,68,80,2,1,8,71,6,1,3,85,88,1,0,0,0,0,0,0,0,0,0,3,0,0,0,8,0,1,0,8,8,433,2,18,27,265,Austin
2013,12,1,108,2,6,11,100,3,1,8,114,122,38,0,0,7,44,0,0,0,51,51,60,1,5,3,50,2,1,6,55,61,0,0,0,0,1,0,0,0,1,1,10,1,1,1,5,1,0,2,7,9,365,1,31,28,266,Austin
2014,12,1,73,3,5,19,116,4,3,8,139,147,28,1,1,12,60,1,0,2,73,75,36,1,4,6,42,2,2,5,50,55,0,1,0,0,2,0,0,1,2,3,9,0,0,1,12,1,1,0,14,14,343,4,28,29,267,Austin
2015,12,1,78,0,2,9,111,7,1,2,127,129,27,0,1,4,44,4,1,1,52,53,48,0,1,2,53,2,0,1,57,58,0,0,0,0,1,1,0,0,2,2,3,0,0,3,13,0,0,0,16,16,325,2,27,30,268,Austin
2016,12,1,69,0,3,18,82,6,3,3,106,109,31,0,1,6,43,3,1,1,52,53,32,0,1,11,36,2,2,1,49,50,1,0,0,1,0,1,0,0,2,2,5,0,1,0,3,0,0,1,3,4,328,5,19,25,263,Austin
2017,12,1,76,3,6,16,89,4,2,9,109,118,18,0,3,11,42,2,0,3,55,58,48,3,3,3,42,2,2,6,47,53,0,0,0,0,0,0,0,0,0,0,10,0,0,2,5,0,0,0,7,7,333,0,26,26,264,Austin
2018,12,1,73,5,4,18,110,10,1,9,138,147,25,3,2,7,59,3,0,5,69,74,41,2,2,10,44,6,1,4,60,64,2,0,0,0,0,1,0,0,1,1,5,0,0,1,7,0,0,0,8,8,362,3,18,27,265,Austin
2019,12,1,79,2,3,23,79,7,2,5,109,114,28,1,2,10,35,1,0,3,46,49,46,0,1,12,39,4,1,1,55,56,0,0,0,0,0,2,0,0,2,2,5,1,0,1,5,0,1,1,6,7,342,5,25,28,266,Austin
2020,12,1,70,2,4,23,91,8,4,6,122,128,30,0,2,9,45,6,1,2,60,62,32,2,2,13,40,2,3,4,55,59,0,0,0,0,2,0,0,0,2,2,8,0,0,1,4,0,0,0,5,5,358,4,21,30,268,Austin
2021,12,1,56,5,8,27,81,11,3,13,119,132,20,2,4,9,40,7,1,6,56,62,28,1,3,16,32,4,2,4,52,56,0,0,0,1,4,0,0,0,5,5,8,2,1,1,5,0,0,3,6,9,324,8,24,24,262,Austin
2022,12,1,43,0,8,11,88,13,1,8,112,120,12,0,4,5,43,4,1,4,52,56,23,0,4,6,35,9,0,4,50,54,1,0,0,0,1,0,0,0,1,1,7,0,0,0,9,0,0,0,9,9,268,3,24,25,263,Austin
2023,12,1,50,2,5,18,78,15,3,7,111,118,15,1,1,3,36,9,1,2,48,50,31,1,4,15,36,5,2,5,56,61,0,0,0,0,1,1,0,0,2,2,4,0,0,0,5,0,0,0,5,5,278,3,15,26,264,Austin
2024,12,1,45,1,6,11,60,11,2,7,82,89,16,0,1,7,23,4,0,1,34,35,25,1,4,4,30,5,2,5,39,44,0,0,0,0,1,2,0,0,3,3,4,0,1,0,6,0,0,1,6,7,248,4,15,28,266,Austin
2012,1,2,93,4,3,22,79,6,0,7,107,114,30,0,1,7,32,3,0,1,42,43,52,3,1,11,34,2,0,4,47,51,0,0,0,0,0,0,0,0,0,0,11,1,1,4,13,1,0,2,18,20,293,1,37,-307,-69,Austin
2013,1,2,75,2,3,18,94,10,2,5,122,127,30,1,1,12,45,8,1,2,65,67,41,0,2,5,40,2,0,2,47,49,0,0,0,0,0,0,0,0,0,0,4,1,0,1,9,0,1,1,10,11,293,0,25,-305,-67,Austin
2014,1,2,81,0,1,18,79,7,4,1,104,105,30,0,1,7,36,1,3,1,44,45,42,0,0,10,34,4,1,0,48,48,2,0,0,1,0,0,0,0,1,1,7,0,0,0,9,2,0,0,11,11,294,3,25,-304,-66,Austin
2015,1,2,69,4,5,27,71,6,0,9,104,113,27,2,2,15,37,4,0,4,56,60,30,2,3,8,25,0,0,5,33,38,1,0,0,1,0,1,0,0,2,2,11,0,0,3,9,1,0,0,13,13,263,3,31,-303,-65,Austin
2016,1,2,85,5,7,6,53,3,0,12,62,74,33,1,2,5,24,1,0,3,30,33,49,4,5,1,25,2,0,9,28,37,1,0,0,0,0,0,0,0,0,0,2,0,0,0,4,0,0,0,4,4,264,1,14,-309,-71,Austin
2017,1,2,80,2,3,11,72,4,2,5,87,92,32,0,1,1,31,2,0,1,34,35,44,2,1,10,30,2,2,3,42,45,0,0,0,0,0,0,0,0,0,0,4,0,1,0,11,0,0,1,11,12,275,1,26,-307,-69,Austin
2018,1,2,59,5,2,14,49,5,2,7,68,75,25,1,0,9,28,1,0,1,38,39,31,4,1,4,16,2,2,5,22,27,1,0,0,1,0,0,0,0,1,1,2,0,1,0,5,2,0,1,7,8,217,3,14,-306,-68,Austin
2019,1,2,49,2,3,7,52,11,2,5,70,75,15,1,2,4,22,5,1,3,31,34,30,1,1,2,27,5,1,2,34,36,0,0,0,0,0,0,0,0,0,0,4,0,0,1,3,1,0,0,5,5,200,1,17,-305,-67,Austin
2020,1,2,68,1,3,10,79,7,4,4,96,100,28,1,1,5,32,3,1,2,40,42,34,0,2,5,35,1,3,2,41,43,1,0,0,0,2,0,0,0,2,2,5,0,0,0,10,3,0,0,13,13,250,3,24,-304,-66,Austin
2021,1,2,62,1,2,13,48,8,4,3,69,72,26,0,0,5,21,3,1,0,29,29,30,0,2,7,26,5,3,2,38,40,0,0,0,0,0,0,0,0,0,0,6,1,0,1,1,0,0,1,2,3,221,0,18,-309,-71,Austin
2022,1,2,50,2,7,10,46,11,1,9,67,76,17,0,1,4,17,5,0,1,26,27,30,2,6,6,25,4,1,8,35,43,0,0,0,0,1,1,0,0,2,2,3,0,0,0,3,1,0,0,4,4,184,2,14,-308,-70,Austin
2023,1,2,47,3,5,15,63,15,4,8,93,101,17,2,0,4,28,9,2,2,41,43,27,1,5,10,30,4,2,6,44,50,0,0,0,0,1,0,0,0,1,1,3,0,0,1,4,2,0,0,7,7,231,2,19,-307,-69,Austin
2024,1,2,35,1,3,10,47,13,2,4,70,74,11,0,1,5,23,7,0,1,35,36,21,1,2,5,20,6,2,3,31,34,0,0,0,0,0,0,0,0,0,0,3,0,0,0,4,0,0,0,4,4,188,1,11,-306,-68,Austin
2012,2,2,84,3,2,19,74,3,2,5,96,101,35,1,1,13,36,2,2,2,51,53,41,2,1,4,31,1,0,3,36,39,1,0,0,1,1,0,0,0,2,2,7,0,0,1,6,0,0,0,7,7,326,6,19,-276,-38,Austin
2013,2,2,101,0,6,13,92,7,0,6,112,118,36,0,4,3,41,3,0,4,47,51,56,0,2,10,41,3,0,2,54,56,0,0,0,0,2,0,0,0,2,2,9,0,0,0,8,1,0,0,9,9,364,4,25,-274,-36,Austin
2014,2,2,57,3,10,7,71,3,3,13,81,94,24,1,1,3,29,1,0,2,33,35,27,1,8,3,39,2,3,9,44,53,2,0,0,0,2,0,0,0,2,2,4,1,1,1,1,0,0,2,2,4,247,4,10,-273,-35,Austin
2015,2,2,75,1,0,17,90,6,0,1,113,114,29,0,0,12,42,3,0,0,57,57,34,1,0,5,38,3,0,1,46,47,2,0,0,0,1,0,0,0,1,1,10,0,0,0,9,0,0,0,9,9,293,4,25,-272,-34,Austin
2016,2,2,79,1,2,17,66,6,2,3,89,92,35,1,1,9,31,1,0,2,41,43,37,0,1,7,27,3,2,1,37,38,1,0,0,0,0,0,0,0,0,0,6,0,0,1,8,2,0,0,11,11,275,3,26,-278,-40,Austin
2017,2,2,98,5,5,12,71,6,6,10,89,99,37,0,3,9,40,1,4,3,50,53,54,3,2,3,21,4,2,5,28,33,0,0,0,0,3,0,0,0,3,3,7,2,0,0,7,1,0,2,8,10,326,4,26,-276,-38,Austin
2018,2,2,67,3,2,14,65,9,0,5,88,93,31,0,0,8,33,4,0,0,45,45,34,3,1,4,27,5,0,4,36,40,0,0,0,0,1,0,0,0,1,1,2,0,1,2,4,0,0,1,6,7,261,3,14,-275,-37,Austin
2019,2,2,69,3,3,8,67,8,1,6,83,89,35,0,2,6,29,4,0,2,39,41,31,2,1,2,33,2,1,3,37,40,0,0,0,0,1,0,0,0,1,1,3,1,0,0,4,2,0,1,6,7,273,2,19,-274,-36,Austin
2020,2,2,64,4,6,8,61,8,2,10,77,87,30,3,3,5,32,3,0,6,40,46,31,1,3,3,25,4,2,4,32,36,0,0,0,0,1,1,0,0,2,2,3,0,0,0,3,0,0,0,3,3,273,3,17,-273,-35,Austin
2021,2,2,69,4,7,9,58,6,3,11,73,84,34,2,4,7,38,2,2,6,47,53,31,2,3,2,13,2,1,5,17,22,0,0,0,0,3,0,0,0,3,3,4,0,0,0,4,2,0,0,6,6,257,4,23,-278,-40,Austin
2022,2,2,30,2,4,22,58,16,0,6,96,102,8,0,2,8,29,7,0,2,44,46,18,1,2,11,23,9,0,3,43,46,0,0,0,2,0,0,0,0,2,2,4,1,0,1,6,0,0,1,7,8,210,5,16,-277,-39,Austin
2023,2,2,52,1,4,21,55,21,0,5,97,102,19,0,2,5,36,10,0,2,51,53,28,1,1,14,14,10,0,2,38,40,0,0,0,0,0,0,0,0,0,0,5,0,1,2,5,1,0,1,8,9,221,0,18,-276,-38,Austin
2024,2,2,60,2,3,12,45,14,3,5,71,76,22,1,2,1,20,5,2,3,26,29,34,1,1,9,23,9,1,2,41,43,2,0,0,1,1,0,0,0,2,2,2,0,0,1,1,0,0,0,2,2,253,6,14,-275,-37,Austin
2012,3,2,81,3,6,20,107,6,1,9,133,142,39,1,1,13,63,5,0,2,81,83,34,1,5,7,36,1,0,6,44,50,0,0,0,0,0,0,0,0,0,0,8,1,0,0,8,0,1,1,8,9,381,0,25,-247,-9,Austin
2013,3,2,67,1,13,7,92,5,1,14,104,118,18,0,5,5,50,2,1,5,57,62,44,1,6,2,34,3,0,7,39,46,0,0,0,0,0,0,0,0,0,0,5,0,2,0,8,0,0,2,8,10,364,1,20,-246,-8,Austin
2014,3,2,73,4,4,10,51,4,0,8,65,73,25,3,1,5,23,3,0,4,31,35,45,1,3,5,24,1,0,4,30,34,0,0,0,0,0,0,0,0,0,0,3,0,0,0,4,0,0,0,4,4,294,1,21,-245,-7,Austin
2015,3,2,67,1,2,12,65,3,2,3,80,83,37,0,2,11,44,1,1,2,56,58,27,1,0,0,17,1,1,1,18,19,0,0,0,0,0,0,0,0,0,0,3,0,0,1,4,1,0,0,6,6,255,0,14,-244,-6,Austin
2016,3,2,74,5,6,23,75,2,6,11,100,111,34,3,4,20,44,1,2,7,65,72,31,1,1,3,26,1,3,2,30,32,1,0,1,0,0,0,1,1,0,1,8,1,0,0,5,0,0,1,5,6,321,3,25,-249,-11,Austin
2017,3,2,84,1,8,13,63,11,5,9,87,96,30,0,3,9,30,4,1,3,43,46,47,1,3,4,29,7,4,4,40,44,0,0,0,0,0,0,0,0,0,0,7,0,2,0,4,0,0,2,4,6,291,2,19,-248,-10,Austin
2018,3,2,84,4,6,10,75,6,3,10,91,101,34,2,1,7,47,2,2,3,56,59,43,2,2,3,23,4,1,4,30,34,0,0,0,0,0,0,0,0,0,0,7,0,3,0,5,0,0,3,5,8,296,2,17,-247,-9,Austin
2019,3,2,71,1,7,8,96,9,0,8,113,121,30,0,6,2,38,4,0,6,44,50,40,1,1,4,45,5,0,2,54,56,0,0,0,0,0,0,0,0,0,0,1,0,0,2,13,0,0,0,15,15,290,1,20,-246,-8,Austin
2020,3,2,85,1,7,20,65,8,2,8,93,101,36,1,4,11,39,4,0,5,54,59,40,0,3,8,22,3,2,3,33,36,1,0,0,0,1,0,0,0,1,1,8,0,0,1,3,1,0,0,5,5,290,2,19,-244,-6,Austin
2021,3,2,64,0,8,11,76,12,2,8,99,107,20,0,4,3,49,8,2,4,60,64,38,0,4,8,20,2,0,4,30,34,0,0,0,0,0,0,0,0,0,0,6,0,0,0,7,2,0,0,9,9,290,0,22,-250,-12,Austin
2022,3,2,50,2,9,12,56,16,2,11,84,95,23,2,3,4,24,5,1,5,33,38,24,0,4,8,26,10,1,4,44,48,0,0,0,0,0,0,0,0,0,0,3,0,2,0,6,1,0,2,7,9,251,1,16,-249,-11,Austin
2023,3,2,55,4,3,16,62,15,3,7,93,100,16,1,2,5,27,7,2,3,39,42,33,2,1,10,25,7,1,3,42,45,0,0,0,0,1,0,0,0,1,1,6,1,0,1,9,1,0,1,11,12,251,3,21,-248,-10,Austin
2024,3,2,59,0,13,12,55,26,2,13,93,106,21,0,3,4,25,17,2,3,46,49,33,0,9,8,24,7,0,9,39,48,1,0,0,0,0,0,0,0,0,0,4,0,1,0,6,2,0,1,8,9,261,1,18,-246,-8,Austin
2012,4,2,113,2,4,31,97,4,0,6,132,138,56,1,3,25,58,2,0,4,85,89,43,1,1,5,29,1,0,2,35,37,0,0,0,0,1,0,0,0,1,1,14,0,0,1,9,1,0,0,11,11,365,2,34,-216,22,Austin
2013,4,2,85,1,3,18,81,3,0,4,102,106,45,0,1,10,46,2,0,1,58,59,32,0,2,5,23,1,0,2,29,31,1,0,0,1,2,0,0,0,3,3,7,1,0,2,10,0,0,1,12,13,305,5,32,-215,23,Austin
2014,4,2,80,1,4,10,83,6,4,5,99,104,41,0,3,8,51,4,2,3,63,66,34,1,1,1,21,2,1,2,24,26,0,0,0,1,0,0,0,0,1,1,5,0,0,0,11,0,1,0,11,11,332,4,20,-214,24,Austin
2015,4,2,91,0,2,13,81,6,0,2,100,102,45,0,0,7,54,2,0,0,63,63,37,0,1,5,20,3,0,1,28,29,1,0,0,1,0,0,0,0,1,1,8,0,1,0,7,1,0,1,8,9,317,2,26,-213,25,Austin
2016,4,2,98,3,8,9,85,5,2,11,99,110,42,0,3,5,46,1,0,3,52,55,50,3,4,4,33,3,2,7,40,47,1,0,0,0,0,0,0,0,0,0,5,0,1,0,6,1,0,1,7,8,311,1,21,-218,20,Austin
2017,4,2,102,1,6,12,61,8,4,7,81,88,52,0,2,4,26,4,1,2,34,36,43,1,3,6,24,4,2,4,34,38,0,0,0,2,1,0,0,0,3,3,7,0,1,0,10,0,1,1,10,11,306,3,27,-217,21,Austin
2018,4,2,85,2,6,8,70,9,2,8,87,95,50,1,3,7,44,6,2,4,57,61,25,1,3,1,21,2,0,4,24,28,0,0,0,0,0,0,0,0,0,0,10,0,0,0,5,1,0,0,6,6,273,0,22,-216,22,Austin
2019,4,2,64,1,6,7,66,5,3,7,78,85,33,0,3,6,34,1,2,3,41,44,24,1,2,1,21,2,0,3,24,27,0,0,0,0,0,0,0,0,0,0,7,0,1,0,11,2,1,1,13,14,246,0,28,-215,23,Austin
2020,4,2,62,3,3,15,58,6,2,6,79,85,35,1,2,5,42,4,2,3,51,54,25,2,1,8,12,0,0,3,20,23,0,0,0,0,1,1,0,0,2,2,2,0,0,2,3,1,0,0,6,6,232,3,14,-213,25,Austin
2021,4,2,59,4,5,12,87,7,3,9,106,115,30,3,2,7,59,4,0,5,70,75,26,1,3,5,24,1,2,4,30,34,1,0,0,0,0,0,0,0,0,0,2,0,0,0,4,2,1,0,6,6,331,2,22,-219,19,Austin
2022,4,2,45,0,10,6,70,11,3,10,87,97,23,0,4,3,39,7,1,4,49,53,14,0,6,3,23,3,2,6,29,35,1,0,0,0,1,1,0,0,2,2,7,0,0,0,7,0,0,0,7,7,254,3,20,-218,20,Austin
2023,4,2,59,2,12,7,51,15,3,14,73,87,25,0,6,2,27,8,0,6,37,43,25,1,5,5,21,5,2,6,31,37,0,0,0,0,2,0,0,0,2,2,9,1,1,0,1,2,1,2,3,5,237,3,22,-217,21,Austin
2024,4,2,60,6,2,15,42,16,3,8,73,81,30,4,1,11,29,8,3,5,48,53,26,2,0,3,9,5,0,2,17,19,0,0,1,0,0,0,0,1,0,1,4,0,0,1,4,3,0,0,8,8,220,2,20,-215,23,Austin
2012,5,2,91,0,3,24,104,10,1,3,138,141,55,0,1,19,59,5,1,1,83,84,29,0,2,5,37,4,0,2,46,48,0,0,0,0,0,0,0,0,0,0,7,0,0,0,8,1,0,0,9,9,335,0,21,-186,52,Austin
2013,5,2,69,4,5,24,102,7,1,9,133,142,41,1,2,18,63,4,1,3,85,88,22,3,3,6,29,3,0,6,38,44,1,0,0,0,0,0,0,0,0,0,5,0,0,0,10,0,0,0,10,10,321,3,23,-185,53,Austin
2014,5,2,97,0,5,16,89,6,2,5,111,116,56,0,2,11,58,3,1,2,72,74,35,0,3,5,22,3,1,3,30,33,0,0,0,0,0,0,0,0,0,0,6,0,0,0,9,0,0,0,9,9,357,1,28,-184,54,Austin
2015,5,2,82,3,5,9,92,4,1,8,105,113,44,2,2,4,52,1,0,4,57,61,33,1,2,3,32,3,1,3,38,41,0,0,0,0,0,0,0,0,0,0,5,0,1,2,8,0,0,1,10,11,295,0,27,-183,55,Austin
2016,5,2,75,3,3,24,64,11,2,6,99,105,35,2,3,20,38,9,0,5,67,72,34,1,0,4,19,2,1,1,25,26,0,0,0,0,0,0,0,0,0,0,6,0,0,0,7,0,1,0,7,7,293,0,19,-188,50,Austin
2017,5,2,96,2,5,8,61,9,1,7,78,85,59,1,3,6,44,6,0,4,56,60,27,1,2,2,9,0,1,3,11,14,0,0,0,0,0,1,0,0,1,1,10,0,0,0,8,2,0,0,10,10,305,2,36,-187,51,Austin
2018,5,2,76,2,1,10,45,4,1,3,59,62,44,1,1,3,34,1,0,2,38,40,25,1,0,5,9,3,0,1,17,18,2,0,0,0,0,0,0,0,0,0,5,0,0,2,2,0,1,0,4,4,228,2,16,-186,52,Austin
2019,5,2,65,1,2,16,99,5,3,3,120,123,40,0,2,10,61,2,1,2,73,75,20,0,0,3,30,2,2,0,35,35,0,0,0,2,0,0,0,0,2,2,5,1,0,1,8,1,0,1,10,11,282,2,24,-185,53,Austin
2020,5,2,70,4,10,12,62,15,6,14,89,103,43,2,6,7,41,7,2,8,55,63,21,2,1,4,16,5,4,3,25,28,0,0,0,0,0,0,0,0,0,0,6,0,3,1,5,3,0,3,9,12,264,0,25,-183,55,Austin
2021,5,2,68,1,14,8,54,13,4,15,75,90,39,0,4,5,37,5,1,4,47,51,25,1,10,3,16,7,3,11,26,37,0,0,0,0,0,0,0,0,0,0,4,0,0,0,1,1,0,0,2,2,249,1,12,-189,49,Austin
2022,5,2,54,2,4,13,54,11,5,6,78,84,26,1,0,4,39,3,4,1,46,47,26,1,4,6,11,8,1,5,25,30,1,0,0,1,0,0,0,0,1,1,1,0,0,2,4,0,0,0,6,6,242,4,15,-188,50,Austin
2023,5,2,49,2,2,8,47,10,2,4,65,69,25,1,2,3,21,5,0,3,29,32,20,1,0,4,23,4,2,1,31,32,0,0,0,0,1,0,0,0,1,1,4,0,0,1,2,1,0,0,4,4,200,1,10,-187,51,Austin
2024,5,2,74,2,8,12,44,21,4,10,77,87,46,2,6,6,29,11,1,8,46,54,19,0,1,5,12,7,1,1,24,25,0,0,0,0,1,0,0,0,1,1,9,0,1,1,2,3,2,1,6,7,266,1,24,-185,53,Austin
2012,6,2,101,4,10,20,117,4,4,14,141,155,58,2,2,12,69,1,3,4,82,86,34,1,7,5,31,2,1,8,38,46,1,0,0,0,0,0,0,0,0,0,8,1,1,3,17,1,0,2,21,23,401,1,41,-155,83,Austin
2013,6,2,93,4,5,5,81,6,1,9,92,101,48,1,2,3,49,5,0,3,57,60,36,2,2,1,19,1,1,4,21,25,0,0,0,0,0,0,0,0,0,0,9,1,1,1,13,0,0,2,14,16,307,1,32,-154,84,Austin
2014,6,2,87,2,8,13,79,9,2,10,101,111,49,0,6,11,50,6,2,6,67,73,24,2,1,1,19,3,0,3,23,26,0,0,0,0,0,0,0,0,0,0,14,0,1,1,10,0,0,1,11,12,304,0,35,-153,85,Austin
2015,6,2,75,1,3,13,90,3,0,4,106,110,42,1,2,10,57,1,0,3,68,71,26,0,0,3,25,0,0,0,28,28,0,0,0,0,0,0,0,0,0,0,7,0,1,0,8,2,0,1,10,11,309,0,24,-152,86,Austin
2016,6,2,82,1,7,19,73,9,3,8,101,109,44,1,5,11,43,3,1,6,57,63,27,0,2,6,17,3,1,2,26,28,1,0,0,0,1,0,0,0,1,1,10,0,0,2,12,3,1,0,17,17,307,2,39,-157,81,Austin
2017,6,2,87,2,7,9,81,10,1,9,100,109,48,0,2,8,47,6,1,2,61,63,32,1,4,1,24,4,0,5,29,34,0,0,0,0,1,0,0,0,1,1,7,1,1,0,9,0,0,2,9,11,332,1,31,-156,82,Austin
2018,6,2,78,1,4,14,71,7,1,5,92,97,41,0,4,9,53,4,0,4,66,70,30,1,0,3,12,1,1,1,16,17,0,0,0,0,0,0,0,0,0,0,7,0,0,2,6,2,0,0,10,10,284,1,31,-155,83,Austin
2019,6,2,80,5,6,17,69,6,0,11,92,103,42,1,3,10,45,4,0,4,59,63,28,4,3,7,18,0,0,7,25,32,0,0,0,0,0,0,0,0,0,0,10,0,0,0,6,2,0,0,8,8,267,0,21,-154,84,Austin
2020,6,2,70,8,14,16,59,9,0,22,84,106,37,4,7,5,47,6,0,11,58,69,20,4,6,10,7,1,0,10,18,28,1,0,0,0,0,0,0,0,0,0,12,0,1,1,5,2,0,1,8,9,241,1,31,-152,86,Austin
2021,6,2,45,2,3,11,48,18,2,5,77,82,23,2,1,6,37,13,2,3,56,59,16,0,2,4,9,3,0,2,16,18,0,0,0,0,0,0,0,0,0,0,6,0,0,1,2,2,0,0,5,5,207,0,15,-158,80,Austin
2022,6,2,70,4,6,11,77,14,6,10,102,112,41,3,3,6,52,8,1,6,66,72,23,1,2,4,13,4,4,3,21,24,1,0,0,1,0,0,0,0,1,1,5,0,1,0,12,2,1,1,14,15,287,2,24,-157,81,Austin
2023,6,2,57,1,10,18,58,24,3,11,100,111,31,1,4,10,31,10,1,5,51,56,19,0,6,7,21,8,1,6,36,42,1,0,0,0,0,0,0,0,0,0,6,0,0,1,6,6,1,0,13,13,266,1,30,-156,82,Austin
2024,6,2,65,2,10,11,59,16,2,12,86,98,33,0,4,8,43,10,2,4,61,65,26,2,4,2,15,3,0,6,20,26,1,0,0,0,0,1,0,0,1,1,5,0,2,1,1,2,0,2,4,6,237,2,17,-154,84,Austin
2012,7,2,106,3,2,17,102,8,2,5,127,132,62,2,1,12,68,3,2,3,83,86,35,1,1,1,28,5,0,2,34,36,1,0,0,1,0,0,0,0,1,1,8,0,0,3,6,0,0,0,9,9,392,2,39,-125,113,Austin
2013,7,2,95,1,4,26,84,8,0,5,118,123,55,1,2,19,57,5,0,3,81,84,34,0,1,5,15,0,0,1,20,21,0,0,0,0,0,0,0,0,0,0,6,0,1,2,12,3,0,1,17,18,343,0,30,-124,114,Austin
2014,7,2,100,4,4,7,78,1,5,8,86,94,50,2,1,6,58,1,3,3,65,68,33,2,3,1,15,0,2,5,16,21,0,0,0,0,0,0,0,0,0,0,17,0,0,0,5,0,0,0,5,5,316,1,25,-123,115,Austin
2015,7,2,80,5,9,14,88,4,1,14,106,120,49,1,2,12,67,4,1,3,83,86,24,4,6,2,17,0,0,10,19,29,1,0,0,0,0,0,0,0,0,0,6,0,1,0,4,0,0,1,4,5,322,1,17,-122,116,Austin
2016,7,2,85,4,7,11,69,6,1,11,86,97,43,1,2,7,46,5,1,3,58,61,35,3,2,4,18,0,0,5,22,27,0,0,0,0,0,0,0,0,0,0,7,0,3,0,5,1,0,3,6,9,312,0,28,-127,111,Austin
2017,7,2,95,6,11,10,69,4,3,17,83,100,48,1,4,5,51,3,0,5,59,64,40,5,6,3,14,1,1,11,18,29,0,0,0,1,0,0,1,0,1,1,7,0,1,1,4,0,1,1,5,6,305,3,25,-126,112,Austin
2018,7,2,72,4,6,8,59,9,1,10,76,86,35,4,4,3,37,7,1,8,47,55,26,0,2,4,15,1,0,2,20,22,0,0,0,0,0,0,0,0,0,0,11,0,0,1,7,1,0,0,9,9,256,0,31,-125,113,Austin
2019,7,2,71,5,4,11,81,11,2,9,103,112,39,1,2,8,52,6,2,3,66,69,24,0,1,3,18,2,0,1,23,24,0,0,0,0,1,0,0,0,1,1,8,4,1,0,10,3,0,5,13,18,288,1,34,-124,114,Austin
2020,7,2,55,0,14,14,60,12,1,14,86,100,24,0,7,9,38,8,0,7,55,62,22,0,6,5,15,2,1,6,22,28,0,0,0,0,0,0,0,0,0,0,9,0,1,0,7,2,0,1,9,10,254,1,26,-122,116,Austin
2021,7,2,62,5,5,13,70,13,3,10,96,106,36,3,4,10,43,7,1,7,60,67,22,2,1,1,19,2,2,3,22,25,0,0,0,0,1,1,0,0,2,2,4,0,0,2,7,3,0,0,12,12,267,2,20,-128,110,Austin
2022,7,2,60,4,9,12,86,12,2,13,110,123,26,0,5,4,55,8,1,5,67,72,27,4,4,5,24,3,1,8,32,40,0,0,0,0,2,0,0,0,2,2,7,0,0,3,5,1,0,0,9,9,288,3,26,-127,111,Austin
2023,7,2,51,3,9,12,46,14,1,12,72,84,31,1,6,4,25,6,0,7,35,42,18,1,2,8,20,6,0,3,34,37,0,0,0,0,0,0,0,0,0,0,2,1,1,0,1,2,1,2,3,5,232,0,18,-126,112,Austin
2024,7,2,55,1,3,14,60,15,5,4,89,93,29,1,1,6,30,11,3,2,47,49,19,0,1,7,26,2,2,1,35,36,0,0,0,0,0,0,0,0,0,0,7,0,1,1,4,2,0,1,7,8,251,1,19,-124,114,Austin
2012,8,2,83,0,8,24,76,3,1,8,103,111,51,0,2,15,61,2,0,2,78,80,21,0,5,6,12,1,1,5,19,24,3,0,0,0,1,0,0,0,1,1,8,0,1,3,2,0,0,1,5,6,320,5,21,-94,144,Austin
2013,8,2,91,2,5,14,88,2,3,7,104,111,46,1,1,11,59,1,1,2,71,73,35,0,2,1,23,1,1,2,25,27,0,0,0,0,0,0,0,0,0,0,10,1,2,2,6,0,1,3,8,11,347,2,34,-93,145,Austin
2014,8,2,92,4,7,10,88,2,3,11,100,111,52,2,3,8,56,1,1,5,65,70,35,2,4,2,26,1,2,6,29,35,0,0,0,0,0,0,0,0,0,0,5,0,0,0,6,0,0,0,6,6,332,0,20,-92,146,Austin
2015,8,2,85,1,7,13,67,6,2,8,86,94,43,1,3,6,39,3,1,4,48,52,35,0,2,4,19,3,1,2,26,28,0,0,1,0,0,0,0,1,0,1,7,0,1,3,9,0,0,1,12,13,301,3,28,-91,147,Austin
2016,8,2,98,1,4,14,78,7,3,5,99,104,56,1,3,8,53,5,2,4,66,70,33,0,1,5,15,2,0,1,22,23,0,0,0,0,0,0,0,0,0,0,9,0,0,1,10,0,1,0,11,11,298,0,30,-96,142,Austin
2017,8,2,73,1,6,7,72,3,3,7,82,89,44,1,2,2,51,2,3,3,55,58,25,0,4,3,17,1,0,4,21,25,0,0,0,0,1,0,0,0,1,1,4,0,0,2,3,0,0,0,5,5,266,1,17,-95,143,Austin
2018,8,2,50,2,4,9,80,10,3,6,99,105,27,2,2,6,53,7,1,4,66,70,16,0,2,3,25,2,1,2,30,32,0,0,0,0,0,0,1,0,0,0,7,0,0,0,2,1,0,0,3,3,256,3,13,-94,144,Austin
2019,8,2,72,2,10,7,65,9,5,12,81,93,33,0,4,5,41,4,2,4,50,54,26,1,5,2,20,5,3,6,27,33,1,0,0,0,0,0,0,0,0,0,12,1,1,0,4,0,0,2,4,6,293,2,22,-93,145,Austin
2020,8,2,43,5,8,9,58,11,1,13,78,91,21,2,2,5,34,6,0,4,45,49,20,2,5,3,17,4,1,7,24,31,1,0,0,0,0,0,0,0,0,0,1,1,1,1,7,1,0,2,9,11,231,2,22,-91,147,Austin
2021,8,2,51,7,11,9,58,11,5,18,78,96,32,5,4,4,36,11,3,9,51,60,15,2,4,5,20,0,2,6,25,31,0,0,0,0,0,0,0,0,0,0,4,0,3,0,2,0,0,3,2,5,231,1,19,-97,141,Austin
2022,8,2,51,4,5,22,69,8,3,9,99,108,27,2,4,11,47,8,1,6,66,72,17,2,1,10,15,0,1,3,25,28,0,0,0,0,1,0,0,0,1,1,7,0,0,1,6,0,1,0,7,7,250,1,22,-96,142,Austin
2023,8,2,48,2,7,9,40,29,4,9,78,87,28,2,4,5,22,22,4,6,49,55,19,0,3,3,16,7,0,3,26,29,0,0,0,1,0,0,0,0,1,1,1,0,0,0,2,0,0,0,2,2,238,1,5,-95,143,Austin
2024,8,2,63,4,8,7,73,16,3,12,96,108,29,2,3,4,50,10,1,5,64,69,26,1,4,3,20,4,1,5,27,32,0,0,0,0,0,0,0,0,0,0,8,1,1,0,3,2,1,2,5,7,270,0,22,-93,145,Austin
2012,9,2,104,2,6,16,101,5,3,8,122,130,38,0,2,9,43,4,3,2,56,58,56,2,3,7,46,0,0,5,53,58,0,0,0,0,0,0,0,0,0,0,10,0,1,0,12,1,0,1,13,14,368,2,32,-63,175,Austin
2013,9,2,103,0,7,18,87,3,2,7,108,115,53,0,2,9,56,1,1,2,66,68,38,0,4,6,24,1,1,4,31,35,0,0,1,0,0,0,0,1,0,1,12,0,0,3,7,1,0,0,11,11,357,2,33,-62,176,Austin
2014,9,2,79,1,4,19,73,2,1,5,94,99,34,0,3,16,51,2,1,3,69,72,34,1,1,3,14,0,0,2,17,19,0,0,0,0,0,0,0,0,0,0,11,0,0,0,8,0,0,0,8,8,293,0,28,-61,177,Austin
2015,9,2,76,1,3,12,87,6,2,4,105,109,40,0,1,7,44,3,2,1,54,55,27,1,1,5,33,3,0,2,41,43,2,0,0,0,0,0,0,0,0,0,7,0,1,0,10,0,0,1,10,11,302,3,25,-60,178,Austin
2016,9,2,95,0,4,13,71,10,2,4,94,98,48,0,4,6,47,4,1,4,57,61,36,0,0,7,19,6,1,0,32,32,2,0,0,0,0,0,0,0,0,0,9,0,0,0,5,0,0,0,5,5,301,2,19,-65,173,Austin
2017,9,2,87,3,5,10,60,4,0,8,74,82,42,2,1,6,35,0,0,3,41,44,32,1,3,3,22,2,0,4,27,31,0,0,1,0,0,0,0,1,0,1,13,0,0,1,3,2,0,0,6,6,274,1,25,-64,174,Austin
2018,9,2,81,8,5,9,87,10,0,13,106,119,34,2,2,6,49,7,0,4,62,66,38,5,3,2,32,1,0,8,35,43,1,0,0,0,0,0,0,0,0,0,8,1,0,1,6,2,0,1,9,10,269,1,20,-63,175,Austin
2019,9,2,70,4,7,9,78,9,2,11,96,107,43,1,3,7,44,5,1,4,56,60,23,3,3,2,29,3,1,6,34,40,0,0,0,0,0,0,0,0,0,0,4,0,1,0,5,1,0,1,6,7,276,0,20,-62,176,Austin
2020,9,2,56,3,5,7,71,14,2,8,92,100,27,2,4,4,38,7,1,6,49,55,20,1,1,3,24,7,1,2,34,36,1,0,0,0,5,0,0,0,5,5,8,0,0,0,4,0,0,0,4,4,233,7,17,-60,178,Austin
2021,9,2,52,2,7,12,63,11,2,9,86,95,28,0,3,5,35,6,0,3,46,49,18,2,4,4,25,4,1,6,33,39,0,0,0,0,0,0,0,0,0,0,6,0,0,3,3,1,1,0,7,7,243,0,18,-66,172,Austin
2022,9,2,50,3,8,10,73,16,4,11,99,110,21,2,2,6,40,11,3,4,57,61,26,1,5,3,28,4,1,6,35,41,1,0,0,0,2,0,0,0,2,2,2,0,1,1,3,1,0,1,5,6,253,4,14,-65,173,Austin
2023,9,2,44,3,10,11,66,19,5,13,96,109,21,0,2,3,29,7,2,2,39,41,20,3,7,8,33,12,3,10,53,63,1,0,0,0,0,0,0,0,0,0,2,0,1,0,4,0,0,1,4,5,238,1,13,-64,174,Austin
2024,9,2,62,3,7,11,46,9,4,10,66,76,23,1,2,5,27,7,1,3,39,42,29,2,4,5,12,2,3,6,19,25,2,0,0,0,0,0,0,0,0,0,8,0,1,1,7,0,0,1,8,9,245,3,19,-62,176,Austin
2012,10,2,73,1,3,19,94,8,2,4,121,125,28,0,1,10,46,3,1,1,59,60,40,1,2,8,41,4,0,3,53,56,1,0,0,0,1,1,1,0,2,2,4,0,0,1,6,0,0,0,7,7,323,7,23,-33,205,Austin
2013,10,2,95,4,2,29,94,6,1,6,129,135,47,2,1,20,45,3,1,3,68,71,44,2,0,7,34,2,0,2,43,45,0,0,0,0,0,0,0,0,0,0,4,0,1,2,15,1,0,1,18,19,348,1,31,-32,206,Austin
2014,10,2,78,2,5,20,77,6,0,7,103,110,41,0,2,11,51,3,0,2,65,67,31,2,2,9,17,3,0,4,29,33,1,0,1,0,1,0,0,1,1,2,5,0,0,0,8,0,0,0,8,8,324,3,19,-31,207,Austin
2015,10,2,83,4,4,12,94,2,1,8,108,116,41,0,0,10,52,2,0,0,64,64,38,3,4,2,29,0,0,7,31,38,0,0,0,0,1,0,0,0,1,1,4,1,0,0,12,0,1,1,12,13,316,2,22,-30,208,Austin
2016,10,2,87,7,6,14,88,7,3,13,109,122,40,2,2,5,37,4,2,4,46,50,37,4,3,7,44,3,1,7,54,61,1,0,0,1,0,0,0,0,1,1,9,1,1,1,7,0,0,2,8,10,309,2,23,-35,203,Austin
2017,10,2,82,2,7,15,76,7,1,9,98,107,35,0,0,9,58,3,0,0,70,70,41,1,7,5,15,4,1,8,24,32,1,0,0,0,0,0,0,0,0,0,5,1,0,1,3,0,0,1,4,5,299,3,14,-34,204,Austin
2018,10,2,75,1,5,7,70,10,2,6,87,93,32,0,2,7,36,6,1,2,49,51,36,1,1,0,26,3,0,2,29,31,2,0,0,0,0,0,0,0,0,0,5,0,2,0,8,1,1,2,9,11,267,3,27,-33,205,Austin
2019,10,2,70,2,5,9,66,10,4,7,85,92,34,0,1,5,37,3,4,1,45,46,34,2,4,4,23,4,0,6,31,37,0,0,0,0,0,0,0,0,0,0,2,0,0,0,6,3,0,0,9,9,273,0,20,-32,206,Austin
2020,10,2,71,1,5,14,85,10,3,6,109,115,40,0,1,4,50,6,1,1,60,61,24,1,4,9,28,4,2,5,41,46,0,0,0,0,2,0,0,0,2,2,7,0,0,1,5,0,0,0,6,6,291,2,23,-30,208,Austin
2021,10,2,61,3,4,12,128,11,4,7,151,158,34,2,2,10,77,4,1,4,91,95,24,1,1,2,35,6,3,2,43,45,0,0,0,0,1,0,0,0,1,1,3,0,1,0,15,1,0,1,16,17,315,1,25,-36,202,Austin
2022,10,2,59,7,5,16,49,11,8,12,76,88,22,3,1,7,24,8,2,4,39,43,28,4,4,9,22,3,6,8,34,42,0,0,0,0,0,0,0,0,0,0,9,0,0,0,3,0,0,0,3,3,226,5,18,-35,203,Austin
2023,10,2,64,2,4,12,58,20,1,6,90,96,28,1,3,4,27,15,1,4,46,50,32,1,1,7,28,5,0,2,40,42,0,0,0,0,0,0,0,0,0,0,4,0,0,1,3,0,0,0,4,4,245,2,13,-34,204,Austin
2024,10,2,61,4,4,8,60,9,6,8,77,85,31,2,1,4,33,7,0,3,44,47,27,2,2,4,18,1,6,4,23,27,1,0,0,0,2,0,0,0,2,2,2,0,1,0,7,1,0,1,8,9,234,3,16,-32,206,Austin
2012,11,2,75,2,3,19,98,5,1,5,122,127,34,0,1,12,51,1,0,1,64,65,32,2,2,7,33,3,1,4,43,47,0,0,0,0,3,0,0,0,3,3,9,0,0,0,11,1,0,0,12,12,362,6,30,-2,236,Austin
2013,11,2,92,2,6,14,97,4,1,8,115,123,27,0,3,8,45,1,0,3,54,57,59,2,3,5,43,3,1,5,51,56,1,0,0,0,1,0,0,0,1,1,5,0,0,1,8,0,0,0,9,9,325,2,20,-1,237,Austin
2014,11,2,93,1,7,11,82,7,3,8,100,108,31,1,3,6,35,2,2,4,43,47,54,0,2,4,42,4,1,2,50,52,2,0,0,1,0,0,0,0,1,1,6,0,2,0,5,1,0,2,6,8,305,4,20,0,238,Austin
2015,11,2,87,2,4,15,85,4,4,6,104,110,34,0,2,9,44,1,3,2,54,56,47,2,1,2,29,3,1,3,34,37,0,0,0,1,1,0,0,0,2,2,6,0,1,3,11,0,0,1,14,15,306,3,33,1,239,Austin
2016,11,2,70,4,5,19,62,5,1,9,86,95,30,3,1,13,36,1,1,4,50,54,30,1,3,6,18,3,0,4,27,31,1,0,0,0,0,0,0,0,0,0,9,0,1,0,8,1,0,1,9,10,264,1,27,-4,234,Austin
2017,11,2,90,3,1,8,59,4,0,4,71,75,39,1,1,4,29,2,0,2,35,37,42,2,0,3,22,2,0,2,27,29,0,0,0,0,0,0,0,0,0,0,9,0,0,1,8,0,0,0,9,9,257,1,28,-3,235,Austin
2018,11,2,64,3,1,17,71,10,2,4,98,102,31,3,0,13,44,3,1,3,60,63,25,0,1,3,24,6,1,1,33,34,0,0,0,0,0,0,0,0,0,0,8,0,0,1,3,1,0,0,5,5,284,1,17,-2,236,Austin
2019,11,2,81,4,8,10,74,8,4,12,92,104,27,0,2,6,38,4,1,2,48,50,40,3,5,3,29,2,3,8,34,42,2,0,0,0,0,0,0,0,0,0,12,1,1,1,7,2,0,2,10,12,283,2,29,-1,237,Austin
2020,11,2,71,5,6,12,93,7,2,11,112,123,37,2,2,8,50,4,0,4,62,66,28,2,4,3,33,3,2,6,39,45,0,0,0,0,4,0,0,0,4,4,6,1,0,1,6,0,0,1,7,8,301,6,23,1,239,Austin
2021,11,2,47,3,7,16,62,18,1,10,96,106,17,1,4,7,28,12,0,5,47,52,23,2,3,7,29,5,1,5,41,46,0,0,0,1,0,0,0,0,1,1,7,0,0,1,5,1,0,0,7,7,231,2,20,-5,233,Austin
2022,11,2,50,0,2,6,57,19,2,2,82,84,24,0,2,5,32,10,1,2,47,49,23,0,0,1,20,7,0,0,28,28,0,0,0,0,0,0,1,0,0,0,3,0,0,0,5,2,0,0,7,7,199,1,13,-4,234,Austin
2023,11,2,54,3,3,9,47,15,4,6,71,77,21,3,2,6,27,7,3,5,40,45,30,0,1,2,16,8,1,1,26,27,1,0,0,1,0,0,0,0,1,1,2,0,0,0,4,0,0,0,4,4,240,5,9,-3,235,Austin
2024,11,2,55,2,8,7,65,13,2,10,85,95,22,0,3,1,33,5,1,3,39,42,29,2,5,5,28,3,1,7,36,43,0,0,0,0,0,1,0,0,1,1,4,0,0,1,4,4,0,0,9,9,241,1,21,-1,237,Austin
2012,12,2,92,4,8,17,83,2,0,12,102,114,22,0,2,6,41,0,0,2,47,49,60,3,6,10,36,2,0,9,48,57,2,0,0,0,1,0,0,0,1,1,8,1,0,1,5,0,0,1,6,7,329,4,18,28,266,Austin
2013,12,2,106,1,4,20,112,6,1,5,138,143,32,0,0,12,53,2,1,0,67,67,58,1,4,4,47,2,0,5,53,58,3,0,0,3,0,0,0,0,3,3,13,0,0,1,12,2,0,0,15,15,382,7,38,29,267,Austin
2014,12,2,83,4,3,10,80,2,1,7,92,99,36,1,2,5,37,1,1,3,43,46,43,2,1,4,33,0,0,3,37,40,0,0,0,0,1,0,0,0,1,1,4,1,0,1,9,1,0,1,11,12,296,1,27,30,268,Austin
2015,12,2,87,3,5,16,67,3,1,8,86,94,31,1,0,7,37,1,0,1,45,46,41,2,5,7,25,2,1,7,34,41,1,0,0,0,0,0,0,0,0,0,14,0,0,2,5,0,0,0,7,7,273,2,27,31,269,Austin
2016,12,2,71,1,3,18,82,3,1,4,103,107,28,0,0,10,44,0,0,0,54,54,36,1,2,7,29,2,1,3,38,41,0,0,0,1,1,1,0,0,3,3,7,0,1,0,8,0,0,1,8,9,298,3,29,26,264,Austin
2017,12,2,88,2,5,11,58,5,1,7,74,81,44,0,2,3,27,0,1,2,30,32,41,2,2,7,26,3,0,4,36,40,0,0,0,0,1,0,0,0,1,1,3,0,1,1,4,2,0,1,7,8,277,1,16,27,265,Austin
2018,12,2,79,5,9,21,69,4,1,14,94,108,24,1,3,11,28,2,0,4,41,45,53,3,4,9,37,1,1,7,47,54,0,1,0,0,0,0,0,1,0,1,2,0,2,1,4,1,0,2,6,8,289,1,20,28,266,Austin
2019,12,2,76,3,4,12,80,6,6,7,98,105,36,1,2,8,31,2,1,3,41,44,32,1,2,3,38,3,4,3,44,47,1,0,0,1,1,0,0,0,2,2,7,1,0,0,10,1,1,1,11,12,284,4,24,29,267,Austin
2020,12,2,47,0,4,12,68,6,1,4,86,90,25,0,2,3,28,4,0,2,35,37,15,0,2,7,31,2,1,2,40,42,2,0,0,0,1,0,0,0,1,1,5,0,0,2,8,0,0,0,10,10,235,4,19,31,269,Austin
2021,12,2,44,2,4,21,67,16,5,6,104,110,17,1,1,5,30,4,4,2,39,41,23,1,3,16,29,10,1,4,55,59,1,0,0,0,0,0,0,0,0,0,3,0,0,0,8,2,0,0,10,10,250,2,18,25,263,Austin
2022,12,2,53,3,4,5,65,16,2,7,86,93,19,0,1,3,24,5,0,1,32,33,30,2,3,2,36,9,2,5,47,52,1,0,0,0,1,1,0,0,2,2,3,1,0,0,4,1,0,1,5,6,237,4,12,26,264,Austin
2023,12,2,58,5,12,24,52,19,4,17,95,112,22,2,5,4,25,8,1,7,37,44,32,3,6,17,25,10,3,9,52,61,0,0,1,0,1,0,0,1,1,2,4,0,0,3,1,1,0,0,5,5,275,3,13,27,265,Austin
2024,12,2,45,0,7,8,51,10,6,7,69,76,16,0,2,4,29,4,3,2,37,39,26,0,5,4,17,5,3,5,26,31,0,0,0,0,1,0,0,0,1,1,3,0,0,0,4,1,0,0,5,5,214,1,15,29,267,Austin
2012,1,3,72,3,3,28,110,1,3,6,139,145,25,0,2,16,44,0,1,2,60,62,40,3,1,7,49,0,2,4,56,60,0,0,0,1,0,0,0,0,1,1,7,0,0,4,17,1,0,0,22,22,323,1,44,-306,-68,Austin
2013,1,3,74,0,1,19,89,4,1,1,112,113,23,0,1,7,36,2,1,1,45,46,42,0,0,11,38,1,0,0,50,50,0,0,0,0,0,0,0,0,0,0,9,0,0,1,15,1,0,0,17,17,274,1,37,-304,-66,Austin
2014,1,3,88,1,9,23,84,11,0,10,118,128,28,1,2,14,44,5,0,3,63,66,50,0,5,4,30,4,0,5,38,43,0,0,0,1,0,0,0,0,1,1,10,0,2,4,10,2,0,2,16,18,328,1,37,-303,-65,Austin
2015,1,3,86,1,9,12,66,10,2,10,88,98,27,0,5,7,37,5,1,5,49,54,45,1,3,3,24,2,1,4,29,33,1,0,0,0,1,0,0,0,1,1,13,0,1,2,4,3,0,1,9,10,272,2,28,-302,-64,Austin
2016,1,3,84,5,9,14,60,8,2,14,82,96,34,2,4,4,22,1,1,6,27,33,46,3,4,7,28,7,1,7,42,49,0,0,0,0,1,0,0,0,1,1,4,0,1,3,9,0,0,1,12,13,286,3,25,-308,-70,Austin
2017,1,3,71,1,0,14,81,5,3,1,100,101,29,0,0,4,37,3,1,0,44,44,34,1,0,10,32,2,1,1,44,45,0,0,0,0,0,0,0,0,0,0,8,0,0,0,12,0,1,0,12,12,299,0,32,-306,-68,Austin
2018,1,3,66,4,5,10,55,9,4,9,74,83,28,0,2,3,30,4,3,2,37,39,31,3,2,6,22,5,0,5,33,38,0,0,0,0,0,0,0,0,0,0,7,1,1,1,3,0,1,2,4,6,241,0,28,-305,-67,Austin
2019,1,3,68,2,5,13,54,1,3,7,68,75,28,1,1,5,25,0,2,2,30,32,34,0,4,8,20,1,1,4,29,33,1,0,0,0,0,0,0,0,0,0,5,1,0,0,9,0,0,1,9,10,231,3,22,-304,-66,Austin
2020,1,3,73,3,5,13,92,9,3,8,114,122,33,1,2,9,45,5,1,3,59,62,31,1,2,2,35,4,2,3,41,44,0,0,0,0,1,0,0,0,1,1,9,1,1,2,11,0,0,2,13,15,303,2,34,-303,-65,Austin
2021,1,3,60,11,5,18,67,9,1,16,94,110,24,4,2,7,26,2,0,6,35,41,30,7,3,10,33,6,1,10,49,59,1,0,0,0,1,0,0,0,1,1,5,0,0,1,7,1,0,0,9,9,247,2,19,-308,-70,Austin
2022,1,3,52,3,7,13,62,14,3,10,89,99,18,1,6,4,31,6,1,7,41,48,29,2,1,6,25,6,2,3,37,40,0,0,0,0,2,1,0,0,3,3,5,0,0,3,4,1,0,0,8,8,244,3,26,-307,-69,Austin
2023,1,3,43,1,6,10,53,14,2,7,77,84,17,0,3,3,24,7,1,3,34,37,20,1,1,6,24,7,1,2,37,39,0,0,0,0,0,0,0,0,0,0,6,0,2,1,5,0,0,2,6,8,217,1,23,-306,-68,Austin
2024,1,3,50,1,6,10,47,11,3,7,68,75,21,0,1,3,27,5,0,1,35,36,24,1,2,6,13,5,1,3,24,27,0,0,0,0,0,0,0,0,0,0,5,0,3,1,7,1,2,3,9,12,220,1,25,-305,-67,Austin
2012,2,3,69,4,11,34,82,8,0,15,124,139,28,1,2,23,40,2,0,3,65,68,37,3,9,9,36,5,0,12,50,62,0,0,0,0,0,0,0,0,0,0,4,0,0,2,6,1,0,0,9,9,327,0,20,-275,-37,Austin
2013,2,3,85,0,12,13,81,4,0,12,98,110,35,0,2,6,43,2,0,2,51,53,39,0,9,5,34,2,0,9,41,50,2,0,0,1,0,0,0,0,1,1,9,0,1,1,4,0,0,1,5,6,321,4,19,-273,-35,Austin
2014,2,3,81,1,2,24,86,6,2,3,116,119,42,0,1,17,46,1,0,1,64,65,34,1,1,4,29,5,2,2,38,40,0,0,0,0,0,0,0,0,0,0,5,0,0,3,11,0,0,0,14,14,329,0,26,-272,-34,Austin
2015,2,3,66,2,1,22,92,6,0,3,120,123,35,2,1,13,46,4,0,3,63,66,26,0,0,7,38,2,0,0,47,47,1,0,0,1,0,0,0,0,1,1,4,0,0,1,8,0,0,0,9,9,262,3,16,-271,-33,Austin
2016,2,3,74,0,1,20,63,9,2,1,92,93,33,0,0,13,42,6,2,0,61,61,37,0,0,3,15,2,0,0,20,20,0,0,0,2,0,1,0,0,3,3,4,0,1,2,6,0,0,1,8,9,275,4,19,-277,-39,Austin
2017,2,3,101,3,5,18,79,4,4,8,101,109,34,3,1,14,34,2,1,4,50,54,62,0,4,4,39,2,3,4,45,49,0,0,0,0,1,0,0,0,1,1,5,0,0,0,5,0,0,0,5,5,346,2,18,-275,-37,Austin
2018,2,3,88,4,4,7,58,4,0,8,69,77,30,1,3,4,31,1,0,4,36,40,53,3,1,3,19,2,0,4,24,28,0,0,0,0,0,1,0,0,1,1,5,0,0,0,8,0,0,0,8,8,257,1,16,-274,-36,Austin
2019,2,3,91,1,7,9,77,3,1,8,89,97,28,0,1,5,29,1,0,1,35,36,50,1,6,3,44,2,0,7,49,56,1,0,0,0,0,0,1,0,0,0,12,0,0,1,4,0,0,0,5,5,286,6,24,-273,-35,Austin
2020,2,3,59,1,6,11,91,10,2,7,112,119,30,0,3,3,47,3,0,3,53,56,25,0,2,8,34,6,1,2,48,50,1,0,0,0,2,1,0,0,3,3,3,1,1,0,8,0,1,2,8,10,274,4,18,-272,-34,Austin
2021,2,3,54,6,7,8,75,9,2,13,92,105,20,5,4,2,43,3,1,9,48,57,29,0,2,5,24,5,1,2,34,36,1,0,0,0,2,1,0,0,3,3,4,1,1,1,6,0,0,2,7,9,273,5,19,-277,-39,Austin
2022,2,3,33,2,12,15,20,12,1,14,47,61,21,0,8,5,9,7,0,8,21,29,11,1,3,10,10,5,1,4,25,29,0,0,0,0,0,0,0,0,0,0,1,1,1,0,1,0,0,2,1,3,156,0,8,-276,-38,Austin
2023,2,3,46,1,5,25,70,15,4,6,110,116,16,1,2,12,36,9,1,3,57,60,27,0,3,13,27,5,3,3,45,48,1,0,0,0,0,0,0,0,0,0,2,0,0,0,7,1,0,0,8,8,239,1,14,-275,-37,Austin
2024,2,3,49,2,4,12,52,33,5,6,97,103,22,1,3,2,30,14,0,4,46,50,25,0,1,9,17,17,4,1,43,44,0,0,0,0,1,0,0,0,1,1,2,1,0,1,4,2,1,1,7,8,251,1,17,-274,-36,Austin
2012,3,3,106,1,5,6,87,9,4,6,102,108,39,0,0,4,43,5,1,0,52,52,61,1,4,1,38,4,3,5,43,48,0,0,0,0,0,0,0,0,0,0,6,0,1,1,6,0,0,1,7,8,359,1,21,-246,-8,Austin
2013,3,3,103,5,8,9,68,4,1,13,81,94,48,0,4,4,32,2,1,4,38,42,47,5,3,4,33,1,0,8,38,46,1,0,0,0,0,0,0,0,0,0,7,0,1,1,3,1,0,1,5,6,361,3,18,-245,-7,Austin
2014,3,3,69,1,0,15,51,3,1,1,69,70,29,0,0,7,39,2,1,0,48,48,30,1,0,6,7,0,0,1,13,14,0,0,0,0,0,0,0,0,0,0,10,0,0,2,5,1,0,0,8,8,240,1,23,-244,-6,Austin
2015,3,3,60,3,5,13,98,4,0,8,115,123,24,2,3,7,38,3,0,5,48,53,28,1,1,5,48,1,0,2,54,56,2,0,0,0,0,0,0,0,0,0,6,0,1,1,12,0,0,1,13,14,292,3,26,-243,-5,Austin
2016,3,3,77,3,2,9,74,5,1,5,88,93,34,1,1,5,40,3,1,2,48,50,35,0,1,2,24,0,0,1,26,27,0,1,0,0,0,1,0,1,1,2,8,1,0,2,10,1,0,1,13,14,288,2,29,-248,-10,Austin
2017,3,3,73,3,7,9,87,6,3,10,102,112,36,1,2,6,33,1,1,3,40,43,35,1,5,3,45,4,2,6,52,58,0,0,0,0,0,0,0,0,0,0,2,1,0,0,9,1,0,1,10,11,304,1,15,-247,-9,Austin
2018,3,3,71,1,5,8,69,8,0,6,85,91,28,0,3,5,42,4,0,3,51,54,38,1,2,2,22,2,0,3,26,29,0,0,0,0,0,0,0,0,0,0,5,0,0,1,5,2,0,0,8,8,274,0,23,-246,-8,Austin
2019,3,3,76,2,3,11,93,6,1,5,110,115,34,1,0,6,46,2,1,1,54,55,34,1,2,4,42,3,0,3,49,52,0,0,0,0,0,0,0,0,0,0,8,0,1,1,5,1,0,1,7,8,287,1,23,-245,-7,Austin
2020,3,3,89,2,5,15,51,10,5,7,76,83,39,1,0,10,24,3,3,1,37,38,43,1,3,5,24,5,1,4,34,38,1,0,0,0,0,0,0,0,0,0,6,0,2,0,3,2,1,2,5,7,279,2,16,-243,-5,Austin
2021,3,3,49,0,3,10,55,16,3,3,81,84,21,0,3,5,37,10,1,3,52,55,25,0,0,4,16,6,2,0,26,26,0,0,0,0,1,0,0,0,1,1,3,0,0,1,1,0,0,0,2,2,230,1,11,-249,-11,Austin
2022,3,3,53,6,6,26,66,20,7,12,112,124,16,3,3,10,38,10,2,6,58,64,30,3,3,15,24,8,4,6,47,53,0,0,0,0,1,0,0,0,1,1,7,0,0,1,3,2,1,0,6,6,257,1,17,-248,-10,Austin
2023,3,3,52,4,10,20,81,18,2,14,119,133,17,2,3,9,38,6,0,5,53,58,30,2,6,10,38,11,2,8,59,67,0,0,0,0,0,0,0,0,0,0,5,0,1,1,5,1,0,1,7,8,275,1,21,-247,-9,Austin
2024,3,3,73,0,5,20,50,18,2,5,88,93,25,0,2,9,26,9,0,2,44,46,41,0,3,11,22,8,1,3,41,44,1,0,0,0,0,1,0,0,1,1,6,0,0,0,2,0,1,0,2,2,243,2,14,-245,-7,Austin
2012,4,3,84,4,2,12,80,7,0,6,99,105,45,3,0,10,47,4,0,3,61,64,32,1,2,2,21,2,0,3,25,28,0,0,0,0,1,0,0,0,1,1,7,0,0,0,11,1,0,0,12,12,315,2,26,-215,23,Austin
2013,4,3,94,1,4,12,96,5,1,5,113,118,53,0,2,6,62,2,1,2,70,72,33,1,2,4,25,3,0,3,32,35,0,0,0,0,0,0,0,0,0,0,8,0,0,2,9,0,0,0,11,11,355,1,27,-214,24,Austin
2014,4,3,101,1,3,15,75,6,5,4,96,100,54,0,2,12,44,4,1,2,60,62,38,1,1,3,23,2,3,2,28,30,3,0,0,0,0,0,0,0,0,0,6,0,0,0,8,0,1,0,8,8,341,5,23,-213,25,Austin
2015,4,3,87,1,4,26,74,10,0,5,110,115,44,0,2,19,49,5,0,2,73,75,32,1,2,5,22,5,0,3,32,35,0,0,0,0,0,0,0,0,0,0,11,0,0,2,3,0,0,0,5,5,359,2,27,-212,26,Austin
2016,4,3,97,7,17,18,67,6,3,24,91,115,42,2,11,10,38,2,2,13,50,63,49,2,6,7,23,4,1,8,34,42,1,0,0,1,1,0,0,0,2,2,5,3,0,0,5,0,0,3,5,8,330,3,21,-217,21,Austin
2017,4,3,84,1,4,12,60,4,0,5,76,81,50,1,2,5,28,2,0,3,35,38,28,0,2,5,24,2,0,2,31,33,0,0,0,0,1,0,0,0,1,1,6,0,0,2,7,0,0,0,9,9,297,2,26,-216,22,Austin
2018,4,3,85,2,5,9,47,6,4,7,62,69,43,0,2,2,33,4,2,2,39,41,32,2,3,7,9,2,2,5,18,23,0,0,0,0,0,0,0,0,0,0,10,0,0,0,5,0,0,0,5,5,247,1,21,-215,23,Austin
2019,4,3,78,3,5,6,66,11,3,8,83,91,40,2,3,5,42,5,2,5,52,57,27,1,1,1,17,4,1,2,22,24,2,0,0,0,1,0,0,0,1,1,9,0,1,0,6,2,0,1,8,9,248,3,25,-214,24,Austin
2020,4,3,58,3,7,14,49,9,1,10,72,82,29,1,5,7,30,5,0,6,42,48,21,1,2,6,13,3,1,3,22,25,0,0,0,0,2,0,0,0,2,2,8,1,0,1,4,1,0,1,6,7,227,2,20,-212,26,Austin
2021,4,3,73,2,1,12,63,8,1,3,83,86,33,2,0,8,33,3,1,2,44,46,37,0,1,3,25,4,0,1,32,33,0,0,0,0,0,0,0,0,0,0,3,0,0,1,5,1,0,0,7,7,241,0,10,-218,20,Austin
2022,4,3,56,0,8,15,71,10,3,8,96,104,23,0,3,7,36,7,1,3,50,53,25,0,5,8,28,2,2,5,38,43,0,0,0,0,1,0,0,0,1,1,8,0,0,0,6,1,0,0,7,7,244,1,20,-217,21,Austin
2023,4,3,61,3,5,14,70,21,5,8,105,113,35,2,2,6,33,11,2,4,50,54,20,1,3,7,33,7,2,4,47,51,0,0,0,0,0,1,0,0,1,1,6,0,0,1,4,2,1,0,7,7,279,2,19,-216,22,Austin
2024,4,3,35,2,3,6,43,14,4,5,63,68,20,2,1,2,24,11,1,3,37,40,13,0,2,4,13,3,2,2,20,22,0,0,0,0,0,0,0,0,0,0,2,0,0,0,6,0,1,0,6,6,196,1,13,-214,24,Austin
2012,5,3,83,0,3,27,98,5,1,3,130,133,38,0,2,17,67,2,1,2,86,88,31,0,1,9,26,3,0,1,38,39,0,0,0,0,0,0,0,0,0,0,14,0,0,1,5,0,0,0,6,6,352,0,30,-185,53,Austin
2013,5,3,87,3,4,19,107,3,4,7,129,136,49,3,2,17,73,3,2,5,93,98,34,0,2,0,27,0,0,2,27,29,0,0,0,0,0,0,0,0,0,0,4,0,0,2,7,0,2,0,9,9,364,1,23,-184,54,Austin
2014,5,3,78,3,7,13,73,3,1,10,89,99,38,1,5,4,52,0,0,6,56,62,34,2,2,7,16,3,1,4,26,30,0,0,0,0,1,0,0,0,1,1,6,0,0,2,4,0,0,0,6,6,314,3,22,-183,55,Austin
2015,5,3,85,5,6,9,74,5,0,11,88,99,38,1,1,6,44,3,0,2,53,55,41,4,4,1,26,2,0,8,29,37,0,0,1,1,0,0,0,1,1,2,6,0,0,1,4,0,0,0,5,5,321,2,19,-182,56,Austin
2016,5,3,75,5,2,15,78,5,0,7,98,105,42,4,0,11,48,3,0,4,62,66,29,0,2,4,24,2,0,2,30,32,0,1,0,0,1,0,0,1,1,2,4,0,0,0,5,0,0,0,5,5,302,2,19,-187,51,Austin
2017,5,3,82,3,7,12,63,4,1,10,79,89,47,2,2,8,38,3,0,4,49,53,24,1,5,3,22,1,1,6,26,32,0,0,0,0,0,0,0,0,0,0,11,0,0,1,3,0,0,0,4,4,277,0,21,-186,52,Austin
2018,5,3,83,5,2,18,63,3,3,7,84,91,43,0,0,15,48,3,2,0,66,66,26,4,2,2,7,0,0,6,9,15,2,0,0,0,0,0,0,0,0,0,12,1,0,1,8,0,1,1,9,10,295,3,31,-185,53,Austin
2019,5,3,52,3,2,5,78,10,0,5,93,98,27,1,1,3,64,5,0,2,72,74,22,2,1,1,13,3,0,3,17,20,0,0,0,0,0,0,0,0,0,0,3,0,0,1,1,2,0,0,4,4,266,1,15,-184,54,Austin
2020,5,3,81,3,5,8,57,13,3,8,78,86,46,3,1,4,42,8,3,4,54,58,28,0,4,3,11,4,0,4,18,22,1,0,0,1,0,0,0,0,1,1,6,0,0,0,4,1,0,0,5,5,256,3,14,-182,56,Austin
2021,5,3,67,1,6,12,60,14,2,7,86,93,39,1,2,7,47,9,1,3,63,66,24,0,2,4,13,3,1,2,20,22,0,0,0,1,0,0,0,0,1,1,4,0,2,0,0,2,0,2,2,4,257,2,13,-188,50,Austin
2022,5,3,57,2,7,15,66,10,5,9,91,100,26,1,2,5,42,8,2,3,55,58,25,1,5,9,19,2,2,6,30,36,1,0,0,0,1,0,0,0,1,1,5,0,0,1,4,0,1,0,5,5,250,2,19,-187,51,Austin
2023,5,3,54,2,4,10,54,17,7,6,81,87,30,1,0,0,30,6,5,1,36,37,21,1,4,10,22,7,1,5,39,44,1,0,0,0,0,0,0,0,0,0,2,0,0,0,2,4,1,0,6,6,235,2,12,-186,52,Austin
2024,5,3,51,3,3,13,67,20,0,6,100,106,26,1,1,8,39,15,0,2,62,64,22,2,2,5,19,3,0,4,27,31,0,0,0,0,2,0,0,0,2,2,3,0,0,0,7,2,0,0,9,9,254,2,18,-184,54,Austin
2012,6,3,88,4,9,18,82,4,3,13,104,117,42,2,2,8,50,2,2,4,60,64,35,2,6,10,25,2,0,8,37,45,1,0,0,0,0,0,0,0,0,0,10,0,1,0,7,0,1,1,7,8,329,3,32,-154,84,Austin
2013,6,3,128,5,7,24,94,8,1,12,126,138,72,4,3,18,63,6,0,7,87,94,41,1,4,5,16,1,1,5,22,27,1,0,0,0,1,0,0,0,1,1,14,0,0,1,14,1,0,0,16,16,391,2,39,-153,85,Austin
2014,6,3,109,0,1,22,78,1,0,1,101,102,61,0,0,14,51,1,0,0,66,66,32,0,1,4,21,0,0,1,25,26,1,0,0,0,0,0,0,0,0,0,15,0,0,4,6,0,0,0,10,10,328,1,30,-152,86,Austin
2015,6,3,107,1,5,14,77,6,3,6,97,103,59,1,3,11,53,4,1,4,68,72,29,0,1,2,16,0,2,1,18,19,0,0,0,0,0,0,0,0,0,0,19,0,1,1,8,2,0,1,11,12,321,0,37,-151,87,Austin
2016,6,3,94,2,4,11,84,3,1,6,98,104,57,2,3,6,60,2,1,5,68,73,30,0,1,4,20,1,0,1,25,26,0,0,0,0,0,0,0,0,0,0,7,0,0,1,4,0,0,0,5,5,314,2,22,-156,82,Austin
2017,6,3,99,7,6,9,74,6,0,13,89,102,48,2,2,5,41,4,0,4,50,54,39,2,3,4,24,2,0,5,30,35,0,0,0,0,1,0,0,0,1,1,12,3,1,0,8,0,0,4,8,12,309,1,33,-155,83,Austin
2018,6,3,76,1,9,8,76,8,1,10,92,102,41,0,3,6,51,5,1,3,62,65,29,1,4,1,18,1,0,5,20,25,0,0,0,0,0,0,0,0,0,0,6,0,2,1,7,2,0,2,10,12,290,0,30,-154,84,Austin
2019,6,3,72,2,6,8,95,10,0,8,113,121,42,2,2,7,67,6,0,4,80,84,19,0,2,1,16,2,0,2,19,21,0,0,0,0,0,1,0,0,1,1,11,0,2,0,12,1,0,2,13,15,314,1,36,-153,85,Austin
2020,6,3,54,4,1,13,61,7,2,5,81,86,33,3,0,6,44,2,0,3,52,55,17,0,0,6,9,3,1,0,18,18,1,0,0,1,0,0,0,0,1,1,3,1,1,0,8,2,1,2,10,12,235,2,22,-151,87,Austin
2021,6,3,42,3,5,16,61,11,3,8,88,96,23,0,2,9,39,8,1,2,56,58,15,3,2,6,18,2,2,5,26,31,1,0,0,0,0,0,0,0,0,0,3,0,1,1,4,1,0,1,6,7,236,1,17,-157,81,Austin
2022,6,3,62,1,5,17,100,10,3,6,127,133,33,1,3,10,74,6,3,4,90,94,24,0,2,6,21,2,0,2,29,31,0,0,0,0,0,0,0,0,0,0,5,0,0,1,5,2,0,0,8,8,302,0,19,-156,82,Austin
2023,6,3,38,3,8,9,58,22,3,11,89,100,19,1,3,3,34,18,1,4,55,59,15,2,4,5,23,2,2,6,30,36,0,0,0,0,0,0,0,0,0,0,4,0,1,1,1,2,0,1,4,5,222,1,19,-155,83,Austin
2024,6,3,59,2,6,16,66,19,0,8,101,109,34,1,3,11,46,14,0,4,71,75,18,1,3,4,14,5,0,4,23,27,1,0,0,0,0,0,0,0,0,0,6,0,0,1,6,0,0,0,7,7,263,1,23,-153,85,Austin
2012,7,3,114,2,3,25,98,5,0,5,128,133,68,2,0,21,68,2,0,2,91,93,33,0,1,1,21,2,0,1,24,25,0,0,0,0,0,0,0,0,0,0,13,0,2,3,9,1,0,2,13,15,383,0,43,-124,114,Austin
2013,7,3,89,2,6,11,101,5,3,8,117,125,53,0,5,6,68,2,3,5,76,81,27,1,1,3,19,2,0,2,24,26,1,0,0,1,0,0,0,0,1,1,8,1,0,1,14,1,0,1,16,17,350,2,37,-123,115,Austin
2014,7,3,74,2,7,15,96,4,0,9,115,124,44,0,4,9,57,2,0,4,68,72,24,2,3,3,25,1,0,5,29,34,1,0,0,0,0,0,0,0,0,0,5,0,0,3,14,1,0,0,18,18,311,2,29,-122,116,Austin
2015,7,3,94,3,7,13,101,6,2,10,120,130,42,1,4,12,62,5,1,5,79,84,39,2,3,0,26,1,0,5,27,32,0,0,0,0,0,0,1,0,0,0,13,0,0,1,13,0,0,0,14,14,363,2,40,-121,117,Austin
2016,7,3,81,3,2,15,76,8,1,5,99,104,49,1,1,12,43,2,1,2,57,59,25,2,0,2,29,4,0,2,35,37,0,0,0,0,1,0,0,0,1,1,7,0,1,1,3,2,0,1,6,7,304,1,28,-126,112,Austin
2017,7,3,86,6,8,11,82,9,1,14,102,116,57,3,3,5,61,7,0,6,73,79,22,2,4,5,13,2,1,6,20,26,1,0,0,0,0,0,0,0,0,0,6,1,1,1,8,0,0,2,9,11,327,1,25,-125,113,Austin
2018,7,3,67,1,6,18,75,8,2,7,101,108,47,1,3,10,56,4,0,4,70,74,17,0,3,5,15,1,1,3,21,24,0,0,0,0,0,0,0,0,0,0,3,0,0,3,4,3,1,0,10,10,272,1,17,-124,114,Austin
2019,7,3,78,2,4,7,88,9,1,6,104,110,47,2,1,2,57,3,0,3,62,65,27,0,3,4,22,4,1,3,30,33,0,0,0,0,1,1,0,0,2,2,4,0,0,1,8,1,0,0,10,10,292,2,24,-123,115,Austin
2020,7,3,64,5,6,11,72,11,1,11,94,105,40,3,3,11,47,8,1,6,66,72,16,2,1,0,15,2,0,3,17,20,1,0,0,0,0,0,0,0,0,0,7,0,2,0,10,1,0,2,11,13,263,1,29,-121,117,Austin
2021,7,3,62,2,9,9,76,11,7,11,96,107,30,2,5,7,54,7,0,7,68,75,23,0,4,2,15,2,6,4,19,23,1,0,0,0,2,0,0,0,2,2,8,0,0,0,5,2,1,0,7,7,266,3,23,-127,111,Austin
2022,7,3,55,6,11,10,68,5,3,17,83,100,32,3,4,5,43,5,1,7,53,60,17,3,6,5,21,0,1,9,26,35,0,0,0,0,2,0,0,0,2,2,6,0,1,0,2,0,1,1,2,3,257,3,20,-126,112,Austin
2023,7,3,56,2,10,15,57,19,5,12,91,103,28,1,3,7,35,12,2,4,54,58,19,1,2,8,18,6,2,3,32,35,1,0,0,0,0,0,0,0,0,0,8,0,5,0,4,1,1,5,5,10,244,1,23,-125,113,Austin
2024,7,3,46,2,4,12,64,25,0,6,101,107,25,2,3,5,33,15,0,5,53,58,17,0,1,6,24,8,0,1,38,39,0,0,0,0,1,0,0,0,1,1,4,0,0,1,6,2,0,0,9,9,241,1,24,-123,115,Austin
2012,8,3,91,0,6,23,97,4,4,6,124,130,42,0,1,16,62,3,3,1,81,82,37,0,4,6,25,1,1,4,32,36,0,0,0,0,1,0,0,0,1,1,12,0,1,1,9,0,0,1,10,11,352,1,32,-93,145,Austin
2013,8,3,96,0,9,15,89,5,1,9,109,118,39,0,4,9,45,3,1,4,57,61,43,0,4,6,36,2,0,4,44,48,0,0,0,0,0,0,0,0,0,0,14,0,1,0,8,0,0,1,8,9,358,2,32,-92,146,Austin
2014,8,3,97,2,6,12,86,7,1,8,105,113,47,1,5,7,46,4,0,6,57,63,42,1,1,3,26,3,1,2,32,34,1,0,0,0,0,0,0,0,0,0,7,0,0,2,14,0,0,0,16,16,326,2,29,-91,147,Austin
2015,8,3,70,5,4,21,95,4,0,9,120,129,38,2,2,13,65,3,0,4,81,85,25,3,2,5,26,1,0,5,32,37,1,0,0,3,1,0,0,0,4,4,6,0,0,0,3,0,0,0,3,3,316,5,17,-90,148,Austin
2016,8,3,85,2,3,6,73,6,0,5,85,90,46,0,3,5,50,4,0,3,59,62,32,1,0,1,17,2,0,1,20,21,0,0,0,0,0,0,0,0,0,0,7,1,0,0,6,0,0,1,6,7,296,1,24,-95,143,Austin
2017,8,3,81,1,4,16,62,1,0,5,79,84,41,0,1,12,50,1,0,1,63,64,30,1,1,4,11,0,0,2,15,17,0,0,0,0,0,0,0,0,0,0,10,0,2,0,1,0,0,2,1,3,287,0,15,-94,144,Austin
2018,8,3,85,1,6,12,70,9,1,7,91,98,46,0,6,12,49,3,0,6,64,70,26,1,0,0,13,5,1,1,18,19,1,0,0,0,0,0,0,0,0,0,12,0,0,0,8,1,0,0,9,9,294,1,27,-93,145,Austin
2019,8,3,108,3,11,8,81,8,1,14,97,111,56,1,5,4,49,6,1,6,59,65,38,1,5,3,30,2,0,6,35,41,1,0,0,0,0,0,0,0,0,0,13,1,1,1,2,0,0,2,3,5,327,1,29,-92,146,Austin
2020,8,3,65,5,8,12,67,6,3,13,85,98,34,2,3,8,48,4,2,5,60,65,20,3,4,3,15,2,0,7,20,27,2,0,0,1,0,0,0,0,1,1,9,0,1,0,4,0,1,1,4,5,255,3,21,-90,148,Austin
2021,8,3,67,5,4,10,57,13,2,9,80,89,39,3,2,5,34,9,1,5,48,53,17,2,2,4,18,2,1,4,24,28,0,0,0,0,1,0,0,0,1,1,11,0,0,1,4,2,0,0,7,7,232,2,26,-96,142,Austin
2022,8,3,44,3,2,17,67,14,0,5,98,103,25,0,1,7,41,10,0,1,58,59,16,3,1,9,20,1,0,4,30,34,0,0,0,0,0,0,0,0,0,0,3,0,0,1,6,3,0,0,10,10,236,1,21,-95,143,Austin
2023,8,3,56,2,10,16,53,23,3,12,92,104,30,1,4,8,35,13,1,5,56,61,25,1,6,7,17,8,2,7,32,39,0,0,0,0,0,0,0,0,0,0,1,0,0,1,1,2,0,0,4,4,247,1,7,-94,144,Austin
2024,8,3,63,1,9,11,54,10,3,10,75,85,25,1,3,5,37,7,0,4,49,53,34,0,6,5,16,3,3,6,24,30,0,0,0,0,1,0,0,0,1,1,4,0,0,1,0,0,0,0,1,1,228,2,8,-92,146,Austin
2012,9,3,86,1,7,16,81,11,0,8,108,116,40,0,2,3,53,4,0,2,60,62,41,0,4,12,22,6,0,4,40,44,0,0,0,0,0,0,0,0,0,0,5,1,1,1,6,1,0,2,8,10,339,0,27,-62,176,Austin
2013,9,3,84,1,6,24,92,6,2,7,122,129,43,0,2,17,58,3,2,2,78,80,31,0,3,7,23,3,0,3,33,36,3,0,0,0,1,0,0,0,1,1,7,1,1,0,10,0,0,2,10,12,350,4,29,-61,177,Austin
2014,9,3,77,2,5,14,102,4,1,7,120,127,39,0,1,8,68,3,0,1,79,80,29,1,2,4,26,0,1,3,30,33,1,0,0,1,0,0,0,0,1,1,8,1,2,1,8,1,0,3,10,13,327,4,27,-60,178,Austin
2015,9,3,77,2,3,11,89,4,4,5,104,109,37,1,1,6,67,4,3,2,77,79,30,1,2,3,15,0,1,3,18,21,1,0,0,0,1,0,0,0,1,1,9,0,0,2,6,0,0,0,8,8,327,4,30,-59,179,Austin
2016,9,3,77,3,9,13,74,7,0,12,94,106,42,2,4,9,40,3,0,6,52,58,33,1,5,3,27,2,0,6,32,38,0,0,0,0,0,0,0,0,0,0,2,0,0,1,7,2,0,0,10,10,285,1,18,-64,174,Austin
2017,9,3,78,1,7,9,59,3,1,8,71,79,31,1,4,6,29,3,0,5,38,43,40,0,1,2,21,0,1,1,23,24,0,0,0,0,0,0,0,0,0,0,7,0,2,1,9,0,0,2,10,12,251,1,23,-63,175,Austin
2018,9,3,56,4,5,9,75,5,0,9,89,98,31,1,1,4,47,3,0,2,54,56,21,3,3,3,22,1,0,6,26,32,0,0,0,1,1,0,0,0,2,2,4,0,1,1,5,1,0,1,7,8,230,3,15,-62,176,Austin
2019,9,3,64,2,6,16,78,16,1,8,110,118,26,0,3,12,48,11,0,3,71,74,31,2,2,3,24,2,1,4,29,33,2,0,0,1,0,1,0,0,2,2,5,0,1,0,6,2,0,1,8,9,290,7,22,-61,177,Austin
2020,9,3,42,2,3,13,86,8,2,5,107,112,22,1,1,4,54,4,2,2,62,64,16,1,2,9,30,2,0,3,41,44,1,0,0,0,0,0,0,0,0,0,3,0,0,0,2,2,0,0,4,4,233,2,11,-59,179,Austin
2021,9,3,73,4,9,11,49,8,1,13,68,81,42,1,5,5,29,6,1,6,40,46,28,2,2,6,16,2,0,4,24,28,0,0,0,0,0,0,0,0,0,0,3,1,2,0,4,0,0,3,4,7,256,0,17,-65,173,Austin
2022,9,3,49,3,3,6,81,13,3,6,100,106,16,1,1,4,45,12,1,2,61,63,31,1,2,1,29,1,2,3,31,34,0,0,0,0,3,0,0,0,3,3,2,1,0,1,4,0,0,1,5,6,253,5,14,-64,174,Austin
2023,9,3,41,6,10,10,46,31,2,16,87,103,21,2,5,3,20,19,1,7,42,49,18,3,5,7,16,8,1,8,31,39,0,1,0,0,3,0,0,1,3,4,2,0,0,0,7,4,0,0,11,11,233,4,16,-63,175,Austin
2024,9,3,40,2,4,16,49,13,6,6,78,84,24,1,1,8,36,6,3,2,50,52,15,1,3,6,10,5,3,4,21,25,0,0,0,0,0,0,0,0,0,0,1,0,0,2,3,2,0,0,7,7,214,2,14,-61,177,Austin
2012,10,3,98,0,6,20,79,5,0,6,104,110,50,0,4,12,45,2,0,4,59,63,37,0,2,6,25,3,0,2,34,36,1,0,0,0,1,0,0,0,1,1,10,0,0,2,8,0,0,0,10,10,345,5,30,-32,206,Austin
2013,10,3,100,2,3,25,97,4,0,5,126,131,54,1,1,19,56,3,0,2,78,80,36,1,2,6,30,1,0,3,37,40,2,0,0,0,0,0,0,0,0,0,8,0,0,0,11,0,0,0,11,11,371,3,24,-31,207,Austin
2014,10,3,91,1,2,17,72,6,0,3,95,98,37,0,0,10,37,4,0,0,51,51,52,1,2,5,26,2,0,3,33,36,0,0,0,0,0,0,0,0,0,0,2,0,0,2,9,0,0,0,11,11,315,2,21,-30,208,Austin
2015,10,3,94,4,7,12,86,3,1,11,101,112,44,1,1,10,55,2,1,2,67,69,42,3,6,2,22,0,0,9,24,33,1,0,0,0,0,0,0,0,0,0,7,0,0,0,9,1,0,0,10,10,313,1,23,-29,209,Austin
2016,10,3,78,3,2,14,70,5,2,5,89,94,39,1,1,8,43,3,0,2,54,56,33,2,0,6,25,2,1,2,33,35,0,0,0,0,0,0,0,0,0,0,6,0,1,0,2,0,1,1,2,3,291,0,25,-34,204,Austin
2017,10,3,64,2,4,17,64,5,3,6,86,92,32,1,2,10,36,3,0,3,49,52,26,1,2,5,23,2,3,3,30,33,0,0,0,1,0,0,0,0,1,1,6,0,0,1,5,0,0,0,6,6,260,1,19,-33,205,Austin
2018,10,3,66,2,2,11,74,7,1,4,92,96,29,1,1,6,43,3,1,2,52,54,30,1,1,4,24,4,0,2,32,34,1,0,0,1,1,0,0,0,2,2,6,0,0,0,6,0,0,0,6,6,254,3,14,-32,206,Austin
2019,10,3,83,3,4,12,99,19,2,7,130,137,34,0,0,9,52,11,1,0,72,72,38,3,4,3,39,3,1,7,45,52,3,0,0,0,0,0,0,0,0,0,8,0,0,0,8,5,0,0,13,13,336,4,29,-31,207,Austin
2020,10,3,73,2,7,16,86,21,7,9,123,132,28,0,4,8,47,6,2,4,61,65,41,2,3,7,35,13,4,5,55,60,0,0,0,0,0,0,0,0,0,0,4,0,0,1,4,2,1,0,7,7,302,0,16,-29,209,Austin
2021,10,3,56,2,10,12,91,9,1,12,112,124,28,1,5,5,58,6,0,6,69,75,25,1,4,7,17,3,1,5,27,32,0,0,0,0,0,0,0,0,0,0,3,0,1,0,16,0,0,1,16,17,270,2,27,-35,203,Austin
2022,10,3,51,5,6,13,62,13,5,11,88,99,21,1,4,6,39,7,2,5,52,57,23,3,2,7,19,4,3,5,30,35,0,0,0,0,0,0,0,0,0,0,7,1,0,0,4,2,0,1,6,7,242,1,18,-34,204,Austin
2023,10,3,56,2,7,10,42,14,1,9,66,75,19,2,2,4,22,8,0,4,34,38,27,0,5,5,18,6,1,5,29,34,0,0,0,0,1,0,0,0,1,1,10,0,0,1,1,0,0,0,2,2,231,1,14,-33,205,Austin
2024,10,3,37,1,6,7,58,14,4,7,79,86,21,0,2,2,41,8,1,2,51,53,14,0,4,5,14,3,3,4,22,26,0,0,0,0,1,1,0,0,2,2,2,1,0,0,2,2,0,1,4,5,220,3,13,-31,207,Austin
2012,11,3,117,2,8,23,93,8,4,10,124,134,50,1,2,11,49,1,1,3,61,64,57,1,5,8,37,5,3,6,50,56,0,0,0,1,0,0,0,0,1,1,10,0,1,3,7,2,0,1,12,13,382,3,33,-1,237,Austin
2013,11,3,92,4,6,11,113,5,1,10,129,139,29,1,1,5,46,3,1,2,54,56,58,3,5,5,58,2,0,8,65,73,0,0,0,0,1,0,0,0,1,1,5,0,0,1,8,0,0,0,9,9,334,1,26,0,238,Austin
2014,11,3,66,1,7,16,64,7,2,8,87,95,31,0,0,4,29,2,2,0,35,35,31,1,5,9,29,4,0,6,42,48,0,0,0,1,1,0,0,0,2,2,4,0,2,2,5,1,0,2,8,10,280,2,26,1,239,Austin
2015,11,3,96,1,4,16,71,3,0,5,90,95,36,1,0,10,40,2,0,1,52,53,53,0,4,5,22,1,0,4,28,32,0,0,0,0,1,0,0,0,1,1,7,0,0,1,8,0,0,0,9,9,286,2,24,2,240,Austin
2016,11,3,71,4,2,12,69,5,3,6,86,92,22,0,1,7,38,3,0,1,48,49,41,3,1,3,21,2,3,4,26,30,2,0,0,0,0,0,0,0,0,0,6,1,0,2,10,0,0,1,12,13,268,2,23,-3,235,Austin
2017,11,3,97,4,6,19,56,8,2,10,83,93,39,3,2,11,28,4,0,5,43,48,48,1,4,6,20,4,1,5,30,35,0,0,0,0,0,0,0,0,0,0,10,0,0,2,8,0,1,0,10,10,300,0,23,-2,236,Austin
2018,11,3,94,6,7,12,99,5,3,13,116,129,36,2,1,7,48,0,0,3,55,58,48,3,6,4,33,4,3,9,41,50,0,0,0,0,0,0,0,0,0,0,10,1,0,1,18,1,0,1,20,21,315,0,33,-1,237,Austin
2019,11,3,65,3,5,9,71,11,2,8,91,99,22,0,0,5,31,5,0,0,41,41,38,3,4,3,31,5,2,7,39,46,0,0,1,0,0,0,0,1,0,1,5,0,0,1,9,1,0,0,11,11,274,1,33,0,238,Austin
2020,11,3,51,4,8,17,82,16,3,12,115,127,29,3,1,4,45,8,1,4,57,61,18,1,6,11,33,7,2,7,51,58,1,0,0,0,0,0,0,0,0,0,3,0,1,2,4,1,0,1,7,8,287,1,20,2,240,Austin
2021,11,3,42,2,2,10,52,15,4,4,77,81,18,0,1,4,26,6,2,1,36,37,20,2,1,5,23,6,1,3,34,37,1,0,0,0,0,1,0,0,1,1,3,0,0,1,3,2,1,0,6,6,210,2,11,-4,234,Austin
2022,11,3,51,0,3,17,55,15,5,3,87,90,20,0,3,4,30,7,2,3,41,44,29,0,0,13,18,5,3,0,36,36,0,0,0,0,0,0,0,0,0,0,2,0,0,0,7,3,0,0,10,10,228,3,17,-3,235,Austin
2023,11,3,66,3,5,16,43,22,2,8,81,89,26,2,2,9,16,10,0,4,35,39,37,1,3,6,27,9,2,4,42,46,0,0,0,0,0,0,0,0,0,0,3,0,0,1,0,3,0,0,4,4,260,0,15,-2,236,Austin
2024,11,3,51,3,8,5,51,13,2,11,69,80,26,1,0,2,18,6,0,1,26,27,21,2,7,3,32,7,2,9,42,51,1,0,0,0,0,0,0,0,0,0,3,0,1,0,1,0,0,1,1,2,247,2,12,0,238,Austin
2012,12,3,87,1,4,24,99,1,0,5,124,129,38,1,2,14,41,0,0,3,55,58,42,0,2,8,48,1,0,2,57,59,0,0,0,2,1,0,0,0,3,3,7,0,0,0,9,0,0,0,9,9,350,5,26,29,267,Austin
2013,12,3,99,1,1,19,102,6,1,2,127,129,30,1,0,8,44,1,1,1,53,54,55,0,1,8,41,4,0,1,53,54,0,0,0,2,1,1,0,0,4,4,14,0,0,1,16,0,0,0,17,17,337,5,37,30,268,Austin
2014,12,3,80,1,3,20,60,8,1,4,88,92,32,1,0,10,24,2,0,1,36,37,39,0,3,8,32,5,1,3,45,48,1,0,0,0,0,0,0,0,0,0,8,0,0,2,4,1,0,0,7,7,298,4,22,31,269,Austin
2015,12,3,90,1,4,15,62,3,1,5,80,85,33,1,3,11,37,0,1,4,48,52,48,0,1,4,18,3,0,1,25,26,0,0,0,0,0,0,0,0,0,0,9,0,0,0,7,0,0,0,7,7,283,0,26,32,270,Austin
2016,12,3,74,5,6,15,68,3,6,11,86,97,26,1,1,7,30,2,1,2,39,41,38,3,3,8,32,1,5,6,41,47,0,0,0,0,0,0,0,0,0,0,10,1,2,0,6,0,0,3,6,9,283,1,26,27,265,Austin
2017,12,3,87,7,3,10,48,6,1,10,64,74,32,0,0,4,24,2,1,0,30,30,41,7,3,6,19,3,0,10,28,38,0,0,0,0,1,0,0,0,1,1,14,0,0,0,4,1,0,0,5,5,238,1,23,28,266,Austin
2018,12,3,72,4,3,11,86,5,3,7,102,109,28,2,2,3,40,1,1,4,44,48,33,1,1,8,34,4,2,2,46,48,0,0,0,0,1,0,0,0,1,1,11,1,0,0,11,0,0,1,11,12,273,3,30,29,267,Austin
2019,12,3,68,3,8,12,69,6,1,11,87,98,25,0,1,5,32,2,1,1,39,40,40,3,7,5,24,3,0,10,32,42,0,0,0,0,1,0,0,0,1,1,3,0,0,2,12,1,0,0,15,15,259,2,22,30,268,Austin
2020,12,3,54,5,3,16,75,4,3,8,95,103,22,2,0,8,29,1,1,2,38,40,26,3,3,7,41,3,1,6,51,57,0,0,0,0,2,0,0,0,2,2,6,0,0,1,3,0,1,0,4,4,268,2,20,32,270,Austin
2021,12,3,48,3,2,28,75,11,5,5,114,119,19,0,2,8,43,3,1,2,54,56,23,2,0,17,27,5,3,2,49,51,1,0,0,1,1,0,0,0,2,2,5,1,0,2,4,3,1,1,9,10,268,3,26,26,264,Austin
2022,12,3,50,2,7,19,70,17,2,9,106,115,26,0,2,9,28,4,1,2,41,43,20,2,4,9,36,12,1,6,57,63,0,0,0,0,1,0,0,0,1,1,4,0,1,1,5,1,0,1,7,8,241,1,19,27,265,Austin
2023,12,3,50,1,4,23,42,18,1,5,83,88,20,0,1,8,16,9,1,1,33,34,27,1,3,14,24,8,0,4,46,50,0,0,0,0,0,0,0,0,0,0,3,0,0,1,2,1,0,0,4,4,233,0,16,28,266,Austin
2024,12,3,41,4,5,11,54,15,3,9,80,89,15,1,3,4,30,8,0,4,42,46,23,3,2,6,21,6,2,5,33,38,1,0,0,0,1,0,0,0,1,1,2,0,0,1,2,1,1,0,4,4,224,3,12,30,268,Austin
2012,1,4,76,0,3,16,101,8,2,3,125,128,31,0,2,7,43,2,0,2,52,54,33,0,1,5,49,6,2,1,60,61,2,0,0,0,0,0,0,0,0,0,10,0,0,4,9,0,0,0,13,13,325,2,28,-305,-67,Austin
2013,1,4,74,2,2,21,98,11,2,4,130,134,23,0,1,10,31,7,0,1,48,49,43,1,1,7,54,4,2,2,65,67,1,0,0,1,0,0,0,0,1,1,7,1,0,3,13,0,0,1,16,17,307,3,28,-303,-65,Austin
2014,1,4,93,0,6,12,72,5,1,6,89,95,29,0,3,6,37,1,0,3,44,47,56,0,3,6,31,4,1,3,41,44,0,0,0,0,0,0,0,0,0,0,8,0,0,0,4,0,0,0,4,4,307,0,21,-302,-64,Austin
2015,1,4,90,0,7,13,72,16,1,7,101,108,26,0,2,4,25,6,1,2,35,37,54,0,4,7,38,10,0,4,55,59,0,0,0,0,0,0,0,0,0,0,10,0,1,2,9,0,0,1,11,12,290,0,27,-301,-63,Austin
2016,1,4,74,1,2,14,77,13,1,3,104,107,27,0,1,6,37,4,1,1,47,48,36,1,1,6,30,7,0,2,43,45,1,0,0,0,0,0,0,0,0,0,10,0,0,2,10,2,0,0,14,14,302,1,37,-307,-69,Austin
2017,1,4,64,3,5,8,64,5,3,8,77,85,26,0,3,2,32,3,1,3,37,40,30,3,2,4,28,0,1,5,32,37,1,0,0,0,0,0,0,0,0,0,7,0,0,2,4,2,1,0,8,8,243,1,20,-305,-67,Austin
2018,1,4,88,1,5,10,52,10,0,6,72,78,37,0,0,5,22,3,0,0,30,30,38,0,3,2,22,7,0,3,31,34,1,0,0,0,0,0,0,0,0,0,12,1,2,3,8,0,0,3,11,14,247,1,31,-304,-66,Austin
2019,1,4,69,0,9,10,98,7,1,9,115,124,26,0,3,5,47,4,0,3,56,59,39,0,6,4,38,3,1,6,45,51,0,0,0,0,0,0,0,0,0,0,4,0,0,1,13,0,0,0,14,14,293,0,24,-303,-65,Austin
2020,1,4,60,4,10,6,107,7,0,14,120,134,25,2,4,2,38,2,0,6,42,48,30,2,6,3,60,4,0,8,67,75,0,0,0,0,0,0,0,0,0,0,5,0,0,1,9,1,0,0,11,11,279,0,22,-302,-64,Austin
2021,1,4,59,2,11,16,71,11,3,13,98,111,21,1,5,4,35,10,2,6,49,55,30,1,5,9,23,1,1,6,33,39,1,0,0,0,0,0,0,0,0,0,7,0,1,3,13,0,0,1,16,17,274,2,27,-307,-69,Austin
2022,1,4,54,2,5,18,50,4,2,7,72,79,23,1,2,6,23,0,2,3,29,32,26,1,3,10,24,2,0,4,36,40,0,0,0,0,0,0,0,0,0,0,5,0,0,2,3,2,0,0,7,7,216,1,19,-306,-68,Austin
2023,1,4,51,4,6,12,40,7,2,10,59,69,23,2,2,2,20,3,0,4,25,29,24,2,4,9,19,4,1,6,32,38,0,0,0,0,0,0,0,0,0,0,4,0,0,1,1,0,1,0,2,2,211,3,11,-305,-67,Austin
2024,1,4,55,1,6,8,51,18,4,7,77,84,24,1,3,3,21,4,2,4,28,32,26,0,3,4,23,10,2,3,37,40,0,0,0,1,0,1,0,0,2,2,5,0,0,0,7,3,0,0,10,10,224,2,21,-304,-66,Austin
2012,2,4,78,6,5,14,110,7,1,11,131,142,27,2,3,8,47,2,0,5,57,62,43,4,2,5,52,5,1,6,62,68,2,0,0,0,0,0,0,0,0,0,6,0,0,1,11,0,0,0,12,12,332,3,21,-274,-36,Austin
2013,2,4,88,2,6,19,86,8,0,8,113,121,39,0,2,11,45,3,0,2,59,61,39,2,4,7,27,5,0,6,39,45,1,0,0,0,2,0,0,0,2,2,9,0,0,1,12,0,0,0,13,13,333,3,26,-272,-34,Austin
2014,2,4,81,0,5,17,82,5,2,5,104,109,37,0,1,14,49,0,2,1,63,64,34,0,4,2,20,4,0,4,26,30,1,0,0,1,1,0,0,0,2,2,9,0,0,0,12,1,0,0,13,13,309,5,29,-271,-33,Austin
2015,2,4,84,2,6,13,78,8,3,8,99,107,35,1,2,7,47,4,2,3,58,61,43,1,3,4,25,4,1,4,33,37,0,0,0,1,1,0,0,0,2,2,6,0,1,1,5,0,0,1,6,7,287,4,19,-270,-32,Austin
2016,2,4,69,2,2,13,63,4,1,4,80,84,33,1,0,9,41,2,1,1,52,53,28,1,2,3,18,1,0,3,22,25,1,0,0,0,1,1,0,0,2,2,7,0,0,1,3,0,0,0,4,4,270,7,25,-276,-38,Austin
2017,2,4,65,2,9,9,63,5,3,11,77,88,26,0,4,6,33,3,0,4,42,46,37,2,4,3,27,2,3,6,32,38,0,0,0,0,1,0,0,0,1,1,2,0,1,0,2,0,0,1,2,3,252,1,11,-274,-36,Austin
2018,2,4,71,1,5,11,68,6,0,6,85,91,21,0,3,2,33,1,0,3,36,39,45,1,2,9,31,5,0,3,45,48,1,0,0,0,1,0,0,0,1,1,4,0,0,0,3,0,0,0,3,3,259,2,14,-273,-35,Austin
2019,2,4,75,3,7,14,68,9,1,10,91,101,33,1,4,5,41,2,0,5,48,53,36,2,3,7,23,4,1,5,34,39,0,0,0,0,1,0,0,0,1,1,6,0,0,2,3,3,0,0,8,8,273,1,22,-272,-34,Austin
2020,2,4,68,1,4,10,98,8,6,5,116,121,27,1,1,5,58,2,3,2,65,67,38,0,2,4,26,6,3,2,36,38,0,0,0,0,1,0,0,0,1,1,3,0,1,1,13,0,0,1,14,15,282,1,23,-271,-33,Austin
2021,2,4,63,2,11,11,63,11,3,13,85,98,26,1,4,4,31,3,2,5,38,43,29,1,7,5,27,5,1,8,37,45,2,0,0,0,1,0,0,0,1,1,6,0,0,2,4,3,0,0,9,9,275,4,18,-276,-38,Austin
2022,2,4,37,2,4,26,47,13,2,6,86,92,16,1,1,9,31,7,0,2,47,49,19,1,2,16,14,4,2,3,34,37,0,0,0,1,0,0,0,0,1,1,2,0,1,0,2,2,0,1,4,5,214,2,13,-275,-37,Austin
2023,2,4,51,4,8,13,55,11,3,12,79,91,14,2,2,9,22,6,0,4,37,41,29,2,5,4,26,5,3,7,35,42,1,0,0,0,1,0,0,0,1,1,7,0,1,0,6,0,0,1,6,7,223,3,16,-274,-36,Austin
2024,2,4,60,3,10,12,40,26,2,13,78,91,24,1,3,7,17,13,1,4,37,41,33,1,6,5,21,10,1,7,36,43,0,0,0,0,0,0,0,0,0,0,3,1,1,0,2,3,0,2,5,7,241,0,18,-273,-35,Austin
2012,3,4,99,2,9,13,76,2,1,11,91,102,35,1,4,7,32,1,1,5,40,45,56,1,5,5,40,1,0,6,46,52,0,0,0,0,0,0,0,0,0,0,8,0,0,1,4,0,0,0,5,5,313,0,27,-245,-7,Austin
2013,3,4,80,1,2,18,76,10,1,3,104,107,39,1,0,10,51,8,1,1,69,70,32,0,2,5,22,2,0,2,29,31,0,0,0,3,0,0,0,0,3,3,9,0,0,0,3,0,0,0,3,3,317,4,22,-244,-6,Austin
2014,3,4,79,2,3,22,74,6,1,5,102,107,41,1,2,13,35,2,1,3,50,53,27,1,0,8,27,3,0,1,38,39,1,0,0,0,0,1,0,0,1,1,10,0,1,1,12,0,0,1,13,14,325,2,32,-243,-5,Austin
2015,3,4,67,5,5,14,69,6,0,10,89,99,27,0,3,8,36,2,0,3,46,49,33,5,2,4,25,3,0,7,32,39,1,0,0,1,0,0,0,0,1,1,6,0,0,1,8,1,0,0,10,10,276,2,25,-242,-4,Austin
2016,3,4,67,2,5,14,77,15,2,7,106,113,25,0,0,11,48,8,0,0,67,67,39,2,5,2,26,6,2,7,34,41,0,0,0,0,1,0,0,0,1,1,3,0,0,1,2,1,0,0,4,4,318,1,11,-247,-9,Austin
2017,3,4,78,3,5,13,63,4,1,8,80,88,31,2,0,4,36,3,1,2,43,45,43,0,5,8,22,0,0,5,30,35,1,0,0,0,1,0,0,0,1,1,3,1,0,1,4,1,0,1,6,7,269,4,13,-246,-8,Austin
2018,3,4,70,2,8,9,61,5,0,10,75,85,26,0,4,1,33,2,0,4,36,40,40,2,4,7,27,3,0,6,37,43,0,0,0,1,0,0,0,0,1,1,4,0,0,0,1,0,0,0,1,1,251,1,12,-245,-7,Austin
2019,3,4,75,3,1,10,84,9,4,4,103,107,39,1,1,7,44,4,4,2,55,57,27,2,0,2,37,5,0,2,44,46,1,0,0,0,0,0,0,0,0,0,8,0,0,1,3,0,0,0,4,4,274,2,15,-244,-6,Austin
2020,3,4,67,4,4,24,70,3,3,8,97,105,29,2,3,17,34,0,1,5,51,56,30,1,0,6,30,3,2,1,39,40,1,0,0,1,0,0,0,0,1,1,7,1,1,0,6,0,0,2,6,8,260,2,25,-242,-4,Austin
2021,3,4,61,0,4,9,76,9,2,4,94,98,29,0,3,5,43,6,0,3,54,57,27,0,1,4,25,3,2,1,32,33,1,0,0,0,2,0,0,0,2,2,4,0,0,0,6,0,0,0,6,6,251,3,12,-248,-10,Austin
2022,3,4,62,4,8,11,78,17,4,12,106,118,34,2,3,4,49,7,1,5,60,65,23,1,4,6,26,6,3,5,38,43,1,0,0,0,1,2,0,0,3,3,4,1,1,1,2,2,0,2,5,7,300,4,16,-247,-9,Austin
2023,3,4,44,8,13,10,82,9,1,21,101,122,17,0,8,4,44,6,1,8,54,62,23,6,3,5,33,3,0,9,41,50,0,0,0,0,0,0,0,0,0,0,4,2,2,1,5,0,0,4,6,10,252,0,19,-246,-8,Austin
2024,3,4,53,2,9,10,49,26,5,11,85,96,26,0,3,6,24,12,1,3,42,45,24,2,6,4,23,12,4,8,39,47,0,0,0,0,1,0,0,0,1,1,3,0,0,0,1,2,0,0,3,3,233,1,13,-244,-6,Austin
2012,4,4,93,4,4,26,109,4,1,8,139,147,45,3,2,20,54,3,0,5,77,82,36,1,2,3,41,0,1,3,44,47,2,0,0,2,2,0,0,0,4,4,10,0,0,1,12,1,0,0,14,14,383,7,35,-214,24,Austin
2013,4,4,78,1,5,14,69,2,2,6,85,91,46,1,2,8,45,1,1,3,54,57,25,0,3,6,19,1,1,3,26,29,0,0,0,0,0,0,0,0,0,0,7,0,0,0,5,0,0,0,5,5,295,0,19,-213,25,Austin
2014,4,4,90,3,5,20,79,5,2,8,104,112,48,0,1,14,53,2,2,1,69,70,30,3,4,4,19,3,0,7,26,33,1,0,0,0,1,0,0,0,1,1,11,0,0,2,6,0,0,0,8,8,345,4,25,-212,26,Austin
2015,4,4,81,3,2,11,90,2,0,5,103,108,33,0,2,8,61,2,0,2,71,73,38,3,0,3,24,0,0,3,27,30,0,0,0,0,0,0,0,0,0,0,10,0,0,0,5,0,0,0,5,5,309,2,21,-211,27,Austin
2016,4,4,83,2,7,17,79,4,2,9,100,109,42,1,3,12,52,2,2,4,66,70,34,1,3,5,20,2,0,4,27,31,1,0,0,0,0,0,0,0,0,0,6,0,1,0,7,0,0,1,7,8,299,3,20,-216,22,Austin
2017,4,4,89,0,1,15,63,10,1,1,88,89,47,0,0,10,39,2,1,0,51,51,34,0,1,3,16,7,0,1,26,27,0,0,0,0,0,0,0,0,0,0,8,0,0,2,8,1,0,0,11,11,291,0,27,-215,23,Austin
2018,4,4,67,3,6,10,67,3,1,9,80,89,37,2,3,6,41,1,1,5,48,53,23,1,3,3,14,2,0,4,19,23,0,0,0,0,0,0,0,0,0,0,7,0,0,1,12,0,0,0,13,13,252,2,26,-214,24,Austin
2019,4,4,70,3,3,9,66,4,3,6,79,85,36,1,1,4,42,1,2,2,47,49,26,1,1,2,16,2,1,2,20,22,0,0,0,1,0,0,0,0,1,1,8,1,1,2,8,1,0,2,11,13,263,2,32,-213,25,Austin
2020,4,4,81,1,2,9,49,8,2,3,66,69,49,1,1,6,27,7,1,2,40,42,26,0,1,3,14,1,1,1,18,19,1,0,0,0,1,0,0,0,1,1,5,0,0,0,7,0,0,0,7,7,230,2,16,-211,27,Austin
2021,4,4,68,1,15,13,49,12,3,16,74,90,34,1,2,7,31,7,2,3,45,48,31,0,11,6,14,3,1,11,23,34,0,0,0,0,0,0,0,0,0,0,3,0,2,0,4,2,0,2,6,8,261,0,12,-217,21,Austin
2022,4,4,67,1,5,13,62,16,0,6,91,97,35,0,1,6,38,7,0,1,51,52,24,1,3,6,17,5,0,4,28,32,1,0,0,1,1,2,0,0,4,4,7,0,1,0,6,2,0,1,8,9,268,6,24,-216,22,Austin
2023,4,4,56,1,7,8,66,20,2,8,94,102,29,0,5,0,39,12,0,5,51,56,22,1,2,7,25,7,1,3,39,42,1,0,0,1,0,0,0,0,1,1,4,0,0,0,2,1,1,0,3,3,248,2,13,-215,23,Austin
2024,4,4,49,1,4,8,54,13,4,5,75,80,22,0,1,5,33,7,2,1,45,46,23,1,3,3,14,5,0,4,22,26,1,0,0,0,1,0,0,0,1,1,3,0,0,0,6,1,2,0,7,7,205,3,17,-213,25,Austin
2012,5,4,100,4,4,23,111,9,1,8,143,151,62,1,0,17,66,6,0,1,89,90,29,3,4,5,37,3,1,7,45,52,0,0,0,0,0,0,0,0,0,0,9,0,0,1,8,0,0,0,9,9,399,0,29,-184,54,Austin
2013,5,4,83,2,7,18,116,4,1,9,138,147,45,0,1,14,63,0,0,1,77,78,32,2,6,3,45,2,0,8,50,58,0,0,0,1,0,0,0,0,1,1,6,0,0,0,8,2,1,0,10,10,378,2,23,-183,55,Austin
2014,5,4,99,3,4,12,87,4,1,7,103,110,54,0,2,7,60,3,1,2,70,72,30,3,0,5,21,1,0,3,27,30,0,0,0,0,1,0,0,0,1,1,15,0,2,0,5,0,0,2,5,7,335,1,31,-182,56,Austin
2015,5,4,87,2,4,11,89,6,1,6,106,112,49,1,1,8,58,3,0,2,69,71,35,1,2,2,26,3,1,3,31,34,0,0,0,0,0,0,0,0,0,0,3,0,1,1,5,0,0,1,6,7,321,1,16,-181,57,Austin
2016,5,4,68,3,4,16,66,5,3,7,87,94,39,2,2,13,43,1,1,4,57,61,23,1,2,3,19,4,2,3,26,29,0,0,0,0,0,0,0,0,0,0,6,0,0,0,4,0,0,0,4,4,266,0,16,-186,52,Austin
2017,5,4,65,1,7,11,69,4,3,8,84,92,37,0,5,5,48,1,1,5,54,59,24,0,2,6,12,3,1,2,21,23,0,0,0,0,0,0,0,0,0,0,4,1,0,0,9,0,1,1,9,10,283,0,25,-185,53,Austin
2018,5,4,68,3,6,15,54,2,1,9,71,80,37,1,1,8,38,0,1,2,46,48,29,2,5,5,13,1,0,7,19,26,0,0,0,0,1,0,0,0,1,1,2,0,0,2,2,1,0,0,5,5,250,1,14,-184,54,Austin
2019,5,4,80,3,5,11,99,9,1,8,119,127,39,1,3,7,63,5,1,4,75,79,31,2,2,4,25,4,0,4,33,37,0,0,0,0,1,0,0,0,1,1,10,0,0,0,10,0,0,0,10,10,301,2,25,-183,55,Austin
2020,5,4,65,0,8,8,65,12,1,8,85,93,43,0,5,3,43,10,0,5,56,61,16,0,3,5,19,1,1,3,25,28,0,0,0,0,1,0,0,0,1,1,6,0,0,0,2,1,0,0,3,3,265,1,18,-181,57,Austin
2021,5,4,78,1,8,8,49,10,2,9,67,76,37,0,4,4,35,7,1,4,46,50,32,1,4,4,10,1,1,5,15,20,1,0,0,0,1,0,0,0,1,1,8,0,0,0,3,2,0,0,5,5,237,2,16,-187,51,Austin
2022,5,4,64,3,3,7,67,12,3,6,86,92,24,2,2,5,43,6,0,4,54,58,32,1,0,2,21,5,3,1,28,29,2,0,0,0,1,0,0,0,1,1,6,0,1,0,2,1,0,1,3,4,231,3,13,-186,52,Austin
2023,5,4,53,1,4,6,56,12,2,5,74,79,35,1,2,2,33,4,1,3,39,42,15,0,2,4,19,7,1,2,30,32,0,0,0,0,1,0,0,0,1,1,3,0,0,0,3,1,0,0,4,4,211,1,12,-185,53,Austin
2024,5,4,52,1,5,10,62,17,3,6,89,95,23,0,1,5,38,12,1,1,55,56,25,1,4,5,21,1,2,5,27,32,1,0,0,0,0,0,0,0,0,0,3,0,0,0,3,4,0,0,7,7,236,2,14,-183,55,Austin
2012,6,4,100,3,5,19,82,5,1,8,106,114,64,3,1,13,51,2,1,4,66,70,23,0,4,6,28,2,0,4,36,40,1,0,0,0,0,0,0,0,0,0,12,0,0,0,3,1,0,0,4,4,345,1,27,-153,85,Austin
2013,6,4,113,2,5,17,74,11,0,7,102,109,65,2,2,9,48,7,0,4,64,68,34,0,2,7,17,4,0,2,28,30,0,0,0,0,1,0,0,0,1,1,14,0,1,1,8,0,0,1,9,10,345,2,32,-152,86,Austin
2014,6,4,89,3,2,10,84,8,1,5,102,107,53,2,1,8,64,5,1,3,77,80,29,1,1,1,12,1,0,2,14,16,1,0,0,0,0,0,0,0,0,0,6,0,0,1,8,2,0,0,11,11,320,2,26,-151,87,Austin
2015,6,4,88,1,5,12,86,8,1,6,106,112,36,1,3,8,60,4,0,4,72,76,34,0,2,2,18,4,1,2,24,26,1,0,0,0,1,0,0,0,1,1,17,0,0,2,7,0,0,0,9,9,321,2,33,-150,88,Austin
2016,6,4,72,1,3,6,71,2,1,4,79,83,38,0,2,4,47,2,1,2,53,55,25,1,1,2,21,0,0,2,23,25,0,0,0,0,0,0,0,0,0,0,9,0,0,0,3,0,0,0,3,3,273,0,23,-155,83,Austin
2017,6,4,88,2,8,11,53,4,4,10,68,78,47,1,2,7,32,2,3,3,41,44,32,0,4,3,15,2,1,4,20,24,1,0,1,0,0,0,0,1,0,1,8,1,1,1,6,0,0,2,7,9,276,4,27,-154,84,Austin
2018,6,4,76,1,5,5,88,10,2,6,103,109,46,0,3,2,58,3,1,3,63,66,19,1,1,2,21,5,1,2,28,30,1,0,0,0,0,0,0,0,0,0,10,0,1,1,9,2,0,1,12,13,277,1,28,-153,85,Austin
2019,6,4,85,3,2,5,90,11,4,5,106,111,46,1,2,4,50,3,2,3,57,60,28,1,0,1,28,6,1,1,35,36,1,1,0,0,0,0,0,1,0,1,10,0,0,0,12,2,1,0,14,14,298,2,34,-152,86,Austin
2020,6,4,58,5,6,17,59,8,0,11,84,95,31,0,3,8,41,4,0,3,53,56,21,5,3,8,11,2,0,8,21,29,0,0,0,1,0,0,0,0,1,1,6,0,0,0,7,2,0,0,9,9,237,1,20,-150,88,Austin
2021,6,4,53,2,8,10,71,10,3,10,91,101,27,2,4,4,43,6,3,6,53,59,17,0,2,5,23,3,0,2,31,33,2,0,0,1,0,0,0,0,1,1,7,0,2,0,5,1,0,2,6,8,255,3,22,-156,82,Austin
2022,6,4,72,3,12,13,85,17,4,15,115,130,41,1,8,7,50,9,1,9,66,75,30,1,4,5,28,6,3,5,39,44,0,0,0,0,1,0,0,0,1,1,1,1,0,1,6,2,0,1,9,10,297,3,20,-155,83,Austin
2023,6,4,57,1,2,10,50,28,4,3,88,91,30,1,1,4,24,18,1,2,46,48,22,0,1,6,21,9,3,1,36,37,0,0,0,0,1,0,0,0,1,1,5,0,0,0,4,1,0,0,5,5,230,3,12,-154,84,Austin
2024,6,4,58,3,4,10,39,16,3,7,65,72,36,1,2,5,19,8,1,3,32,35,17,1,2,5,14,7,2,3,26,29,0,0,0,0,0,0,0,0,0,0,5,1,0,0,6,1,0,1,7,8,224,0,19,-152,86,Austin
2012,7,4,119,1,10,15,113,6,2,11,134,145,59,0,6,10,57,5,1,6,72,78,46,1,3,4,42,1,1,4,47,51,0,0,0,0,2,0,0,0,2,2,14,0,1,1,12,0,0,1,13,14,384,2,36,-123,115,Austin
2013,7,4,87,4,10,16,75,5,2,14,96,110,49,0,3,11,48,2,1,3,61,64,28,4,7,5,22,2,0,11,29,40,1,0,0,0,0,0,0,0,0,0,9,0,0,0,5,1,1,0,6,6,327,3,33,-122,116,Austin
2014,7,4,87,11,12,17,98,3,0,23,118,141,44,5,7,11,61,1,0,12,73,85,32,4,4,3,29,2,0,8,34,42,0,0,0,1,0,0,0,0,1,1,11,2,1,2,8,0,0,3,10,13,363,1,38,-121,117,Austin
2015,7,4,84,7,5,14,80,6,1,12,100,112,37,2,3,11,52,4,0,5,67,72,35,5,1,3,22,2,1,6,27,33,1,0,0,0,1,0,0,0,1,1,11,0,1,0,5,0,0,1,5,6,324,2,26,-120,118,Austin
2016,7,4,102,3,6,13,82,6,3,9,101,110,53,1,2,5,59,1,0,3,65,68,39,1,3,4,16,3,2,4,23,27,1,1,0,0,0,0,0,1,0,1,9,0,1,4,7,2,1,1,13,14,319,3,36,-125,113,Austin
2017,7,4,90,2,13,6,58,3,3,15,67,82,56,1,7,3,38,2,1,8,43,51,27,1,5,3,17,1,2,6,21,27,0,0,0,0,0,0,0,0,0,0,7,0,1,0,3,0,0,1,3,4,294,1,20,-124,114,Austin
2018,7,4,76,1,7,24,54,4,1,8,82,90,41,0,2,13,42,1,1,2,56,58,32,1,3,7,6,3,0,4,16,20,1,0,0,2,0,0,0,0,2,2,2,0,2,2,6,0,0,2,8,10,253,3,19,-123,115,Austin
2019,7,4,79,5,8,11,48,7,1,13,66,79,41,3,4,5,29,6,0,7,40,47,23,2,4,5,15,1,1,6,21,27,0,0,0,0,0,0,0,0,0,0,15,0,0,1,4,0,0,0,5,5,252,0,30,-122,116,Austin
2020,7,4,63,1,13,9,58,13,4,14,80,94,28,0,7,6,45,11,0,7,62,69,23,0,4,2,10,1,4,4,13,17,0,0,0,1,0,1,0,0,2,2,12,1,2,0,3,0,0,3,3,6,281,2,37,-120,118,Austin
2021,7,4,61,1,9,10,63,15,8,10,88,98,31,1,2,7,36,10,2,3,53,56,25,0,6,3,19,4,3,6,26,32,1,0,0,0,0,0,0,0,0,0,4,0,1,0,8,1,3,1,9,10,257,2,28,-126,112,Austin
2022,7,4,54,6,15,18,63,18,2,21,99,120,35,2,3,7,33,12,0,5,52,57,15,3,10,11,26,2,1,13,39,52,1,0,1,0,0,0,0,1,0,1,3,1,1,0,4,4,1,2,8,10,253,4,21,-125,113,Austin
2023,7,4,56,2,11,13,44,12,5,13,69,82,39,2,7,5,29,8,1,9,42,51,15,0,4,8,12,2,3,4,22,26,0,0,0,0,0,0,0,0,0,0,2,0,0,0,3,2,1,0,5,5,221,0,12,-124,114,Austin
2024,7,4,61,3,8,17,57,12,4,11,86,97,28,3,2,8,36,10,2,5,54,59,26,0,5,8,18,2,2,5,28,33,1,0,0,0,0,0,0,0,0,0,6,0,1,1,3,0,0,1,4,5,258,1,26,-122,116,Austin
2012,8,4,88,4,6,15,103,7,1,10,125,135,48,2,3,10,66,2,0,5,78,83,30,2,2,3,33,3,1,4,39,43,0,0,0,0,0,0,0,0,0,0,10,0,1,2,4,2,0,1,8,9,393,0,34,-92,146,Austin
2013,8,4,99,3,11,17,73,4,1,14,94,108,42,0,5,10,43,3,0,5,56,61,46,3,6,7,22,0,1,9,29,38,1,0,0,0,0,1,0,0,1,1,10,0,0,0,8,0,0,0,8,8,328,2,22,-91,147,Austin
2014,8,4,103,1,4,23,109,4,1,5,136,141,58,0,1,18,73,2,0,1,93,94,35,0,2,4,29,2,1,2,35,37,3,0,1,0,0,0,0,1,0,1,7,1,0,1,7,0,0,1,8,9,369,7,26,-90,148,Austin
2015,8,4,80,0,4,10,86,6,5,4,102,106,52,0,2,9,46,3,3,2,58,60,20,0,2,1,23,3,2,2,27,29,0,0,0,0,2,0,0,0,2,2,8,0,0,0,15,0,0,0,15,15,278,2,32,-89,149,Austin
2016,8,4,78,2,3,5,72,9,1,5,86,91,40,2,0,4,53,3,0,2,60,62,31,0,2,1,13,6,1,2,20,22,0,0,0,0,1,0,0,0,1,1,7,0,1,0,5,0,0,1,5,6,270,1,17,-94,144,Austin
2017,8,4,76,3,7,9,79,8,3,10,96,106,42,3,4,5,54,3,3,7,62,69,24,0,3,3,22,3,0,3,28,31,0,0,0,0,0,2,0,0,2,2,10,0,0,1,3,0,0,0,4,4,331,2,28,-93,145,Austin
2018,8,4,73,0,7,13,69,10,3,7,92,99,27,0,3,10,44,2,1,3,56,59,38,0,3,1,19,7,2,3,27,30,0,0,1,0,1,0,0,1,1,2,8,0,0,2,5,1,0,0,8,8,273,2,23,-92,146,Austin
2019,8,4,73,1,8,13,79,12,3,9,104,113,38,0,5,7,47,7,3,5,61,66,31,1,3,5,20,3,0,4,28,32,0,0,0,1,1,0,0,0,2,2,4,0,0,0,11,2,0,0,13,13,275,2,27,-91,147,Austin
2020,8,4,54,1,6,9,56,8,2,7,73,80,32,1,4,5,34,4,1,5,43,48,14,0,2,3,19,2,1,2,24,26,1,0,0,0,0,0,0,0,0,0,7,0,0,1,3,2,0,0,6,6,209,2,18,-89,149,Austin
2021,8,4,52,2,8,16,55,11,1,10,82,92,24,1,3,12,32,5,1,4,49,53,22,0,4,4,21,5,0,4,30,34,0,0,1,0,0,0,0,1,0,1,6,1,0,0,2,1,0,1,3,4,238,1,18,-95,143,Austin
2022,8,4,62,2,7,13,54,14,3,9,81,90,35,2,7,5,38,9,1,9,52,61,24,0,0,7,13,4,2,0,24,24,1,0,0,0,2,0,0,0,2,2,2,0,0,1,1,1,0,0,3,3,247,3,16,-94,144,Austin
2023,8,4,51,1,9,15,68,17,2,10,100,110,27,0,2,9,38,10,1,2,57,59,19,0,4,6,24,5,0,4,35,39,1,0,1,0,1,1,0,1,2,3,4,1,2,0,5,1,1,3,6,9,248,5,19,-93,145,Austin
2024,8,4,57,5,10,10,31,14,0,15,55,70,34,0,5,6,17,4,0,5,27,32,19,2,5,4,11,6,0,7,21,28,1,1,0,0,1,1,0,1,2,3,3,2,0,0,2,3,0,2,5,7,221,5,15,-91,147,Austin
2012,9,4,93,2,7,33,98,10,1,9,141,150,56,1,5,23,57,6,0,6,86,92,30,1,2,6,24,4,1,3,34,37,1,0,0,1,3,0,0,0,4,4,6,0,0,3,14,0,0,0,17,17,352,7,30,-61,177,Austin
2013,9,4,80,0,6,14,87,4,0,6,105,111,35,0,3,10,60,3,0,3,73,76,35,0,2,3,22,0,0,2,25,27,3,0,0,1,1,0,0,0,2,2,7,0,1,0,4,1,0,1,5,6,319,5,17,-60,178,Austin
2014,9,4,69,3,1,14,98,6,0,4,118,122,38,1,0,13,57,3,0,1,73,74,23,2,1,1,27,2,0,3,30,33,0,0,0,0,1,0,0,0,1,1,8,0,0,0,13,1,0,0,14,14,317,3,30,-59,179,Austin
2015,9,4,80,3,8,16,102,3,3,11,121,132,45,1,6,8,62,1,1,7,71,78,27,1,1,8,27,1,2,2,36,38,0,1,1,0,4,0,0,2,4,6,8,0,0,0,9,1,0,0,10,10,355,8,30,-58,180,Austin
2016,9,4,74,3,5,12,65,5,1,8,82,90,29,0,0,9,40,1,1,0,50,50,41,3,4,1,23,4,0,7,28,35,1,0,0,1,0,0,0,0,1,1,3,0,1,1,2,0,0,1,3,4,276,2,12,-63,175,Austin
2017,9,4,83,2,8,11,90,0,1,10,101,111,37,0,2,6,54,0,0,2,60,62,40,2,5,5,28,0,1,7,33,40,0,0,0,0,1,0,0,0,1,1,6,0,1,0,7,0,0,1,7,8,306,2,19,-62,176,Austin
2018,9,4,67,6,3,20,79,6,0,9,105,114,43,2,3,15,48,2,0,5,65,70,17,4,0,4,19,2,0,4,25,29,0,0,0,1,0,1,0,0,2,2,7,0,0,0,12,1,0,0,13,13,262,2,24,-61,177,Austin
2019,9,4,55,1,5,11,74,10,1,6,95,101,31,1,5,7,49,8,1,6,64,70,20,0,0,3,22,1,0,0,26,26,2,0,0,0,0,0,0,0,0,0,2,0,0,1,3,1,0,0,5,5,249,3,11,-60,178,Austin
2020,9,4,59,0,3,18,78,10,4,3,106,109,32,0,2,9,53,5,3,2,67,69,25,0,1,9,19,2,0,1,30,31,0,0,0,0,2,0,0,0,2,2,2,0,0,0,4,3,1,0,7,7,270,2,18,-58,180,Austin
2021,9,4,48,4,9,11,52,14,4,13,77,90,25,1,2,5,30,10,0,3,45,48,22,3,6,6,18,4,3,9,28,37,0,0,0,0,1,0,1,0,1,1,1,0,1,0,3,0,0,1,3,4,232,2,13,-64,174,Austin
2022,9,4,59,1,10,12,78,16,6,11,106,117,32,1,4,8,39,5,2,5,52,57,22,0,4,3,33,7,4,4,43,47,0,0,0,0,1,2,0,0,3,3,5,0,2,1,5,2,0,2,8,10,271,3,19,-63,175,Austin
2023,9,4,49,1,9,14,57,25,2,10,96,106,27,1,6,5,28,13,1,7,46,53,20,0,2,8,27,7,1,2,42,44,0,0,0,0,0,2,0,0,2,2,2,0,1,1,2,3,0,1,6,7,239,4,14,-62,176,Austin
2024,9,4,47,2,3,8,41,8,1,5,57,62,29,2,2,6,23,5,0,4,34,38,18,0,1,1,11,2,1,1,14,15,0,0,0,1,0,0,0,0,1,1,0,0,0,0,7,1,0,0,8,8,190,2,15,-60,178,Austin
2012,10,4,87,3,2,25,79,3,1,5,107,112,30,2,1,19,43,2,1,3,64,67,44,1,1,5,29,0,0,2,34,36,1,0,0,0,1,0,0,0,1,1,12,0,0,1,6,1,0,0,8,8,331,2,30,-31,207,Austin
2013,10,4,87,4,8,16,120,7,1,12,143,155,38,1,3,11,72,3,0,4,86,90,44,2,5,5,44,3,1,7,52,59,1,0,0,0,0,0,0,0,0,0,4,1,0,0,4,1,0,1,5,6,395,4,20,-30,208,Austin
2014,10,4,107,2,5,17,101,5,0,7,123,130,44,0,2,9,52,3,0,2,64,66,55,1,3,8,39,2,0,4,49,53,0,0,0,0,0,0,0,0,0,0,8,1,0,0,10,0,0,1,10,11,350,0,24,-29,209,Austin
2015,10,4,78,2,2,9,72,6,2,4,87,91,34,1,0,6,40,5,0,1,51,52,36,1,2,2,22,1,2,3,25,28,0,0,0,0,0,0,0,0,0,0,8,0,0,1,10,0,0,0,11,11,290,0,25,-28,210,Austin
2016,10,4,74,1,9,16,58,6,1,10,80,90,25,0,3,14,34,3,0,3,51,54,39,1,6,1,15,3,1,7,19,26,2,0,0,0,0,0,0,0,0,0,8,0,0,1,9,0,0,0,10,10,275,2,27,-33,205,Austin
2017,10,4,59,2,7,12,69,4,0,9,85,94,38,1,1,3,40,2,0,2,45,47,19,1,5,8,23,2,0,6,33,39,0,0,0,0,0,0,0,0,0,0,2,0,1,1,6,0,0,1,7,8,263,0,19,-32,206,Austin
2018,10,4,56,3,3,5,71,4,3,6,80,86,21,0,0,3,42,2,1,0,47,47,28,2,3,1,22,2,2,5,25,30,0,1,0,0,0,0,0,1,0,1,7,0,0,1,7,0,0,0,8,8,259,1,23,-31,207,Austin
2019,10,4,65,5,6,8,154,10,0,11,172,183,33,3,1,3,78,5,0,4,86,90,28,2,5,5,53,4,0,7,62,69,1,0,0,0,0,0,0,0,0,0,3,0,0,0,23,1,0,0,24,24,366,1,37,-30,208,Austin
2020,10,4,82,4,8,8,78,10,5,12,96,108,48,2,4,4,35,4,1,6,43,49,30,2,4,4,35,3,2,6,42,48,1,0,0,0,0,0,0,0,0,0,3,0,0,0,8,3,2,0,11,11,278,1,19,-28,210,Austin
2021,10,4,42,1,2,6,74,12,3,3,92,95,19,1,0,1,47,9,1,1,57,58,21,0,1,4,26,3,2,1,33,34,0,0,0,0,0,0,0,0,0,0,2,0,1,1,1,0,0,1,2,3,250,1,13,-34,204,Austin
2022,10,4,39,6,7,13,52,20,4,13,85,98,20,2,4,7,38,15,1,6,60,66,16,3,3,6,12,3,3,6,21,27,0,0,0,0,1,0,0,0,1,1,3,1,0,0,1,2,0,1,3,4,224,1,11,-33,205,Austin
2023,10,4,43,1,6,12,47,17,3,7,76,83,21,0,1,7,27,12,3,1,46,47,18,1,5,5,17,4,0,6,26,32,0,0,0,0,0,0,0,0,0,0,4,0,0,0,3,1,0,0,4,4,230,1,16,-32,206,Austin
2024,10,4,67,0,8,10,100,10,3,8,120,128,33,0,6,7,59,5,1,6,71,77,29,0,1,2,29,5,2,1,36,37,1,0,0,0,2,0,0,0,2,2,4,0,1,1,10,0,0,1,11,12,318,3,23,-30,208,Austin
2012,11,4,100,3,6,13,73,1,2,9,87,96,32,1,2,5,32,1,0,3,38,41,65,1,4,6,35,0,2,5,41,46,0,0,0,0,1,0,0,0,1,1,3,1,0,2,5,0,0,1,7,8,315,1,23,0,238,Austin
2013,11,4,88,4,2,24,107,9,1,6,140,146,40,1,1,19,51,4,1,2,74,76,33,3,1,4,43,4,0,4,51,55,1,0,0,0,0,0,0,0,0,0,14,0,0,1,13,1,0,0,15,15,345,3,37,1,239,Austin
2014,11,4,79,2,2,25,71,10,0,4,106,110,41,1,1,19,36,4,0,2,59,61,31,0,1,5,24,3,0,1,32,33,2,0,0,1,0,0,0,0,1,1,5,1,0,0,11,3,0,1,14,15,286,4,31,2,240,Austin
2015,11,4,78,4,5,21,70,10,1,9,101,110,40,0,1,13,41,7,1,1,61,62,33,3,4,5,15,1,0,7,21,28,0,1,0,1,0,0,0,1,1,2,5,0,0,2,14,2,0,0,18,18,301,2,33,3,241,Austin
2016,11,4,74,3,1,25,84,4,4,4,113,117,27,0,0,13,46,1,4,0,60,60,44,3,1,9,30,2,0,4,41,45,1,0,0,0,1,0,0,0,1,1,2,0,0,3,7,1,0,0,11,11,315,3,19,-2,236,Austin
2017,11,4,80,2,17,20,56,6,1,19,82,101,40,0,3,6,27,3,0,3,36,39,32,2,12,12,16,2,1,14,30,44,1,0,1,1,1,0,0,1,2,3,7,0,1,1,12,1,0,1,14,15,274,5,31,-1,237,Austin
2018,11,4,67,4,6,11,96,5,2,10,112,122,20,2,1,3,38,0,0,3,41,44,36,2,4,7,50,5,1,6,62,68,0,0,0,0,1,0,0,0,1,1,11,0,1,1,7,0,1,1,8,9,289,3,27,0,238,Austin
2019,11,4,64,4,4,11,90,10,4,8,111,119,28,0,1,5,46,4,2,1,55,56,28,4,3,4,33,4,2,7,41,48,1,0,0,0,0,0,0,0,0,0,7,0,0,2,11,2,0,0,15,15,295,1,27,1,239,Austin
2020,11,4,59,2,8,15,85,9,0,10,109,119,23,0,2,4,48,5,0,2,57,59,31,2,6,11,27,3,0,8,41,49,1,0,0,0,1,0,0,0,1,1,4,0,0,0,9,1,0,0,10,10,276,2,25,3,241,Austin
2021,11,4,60,1,3,8,61,12,4,4,81,85,20,1,1,7,41,7,1,2,55,57,33,0,2,1,16,3,3,2,20,22,0,0,0,0,0,0,0,0,0,0,7,0,0,0,4,2,0,0,6,6,247,1,20,-3,235,Austin
2022,11,4,48,4,4,9,59,13,1,8,81,89,19,1,1,4,31,4,0,2,39,41,25,3,3,5,25,6,1,6,36,42,0,0,0,0,0,1,0,0,1,1,4,0,0,0,3,2,0,0,5,5,232,1,20,-2,236,Austin
2023,11,4,60,3,5,22,50,31,1,8,103,111,28,0,1,4,26,17,0,1,47,48,28,2,4,18,18,9,1,6,45,51,2,0,0,0,1,0,0,0,1,1,2,1,0,0,5,5,0,1,10,11,249,3,17,-1,237,Austin
2024,11,4,43,1,4,10,38,13,2,5,61,66,17,1,3,4,28,9,1,4,41,45,22,0,1,4,5,3,1,1,12,13,1,0,0,0,0,0,0,0,0,0,3,0,0,2,5,1,0,0,8,8,177,1,14,1,239,Austin
2012,12,4,87,2,7,22,89,4,1,9,115,124,43,1,2,8,35,1,1,3,44,47,35,1,5,13,46,2,0,6,61,67,0,0,0,0,1,0,0,0,1,1,9,0,0,1,7,1,0,0,9,9,326,2,27,30,268,Austin
2013,12,4,79,1,5,17,98,5,3,6,120,126,33,0,1,10,40,0,1,1,50,51,37,1,4,6,51,5,2,5,62,67,2,0,0,0,0,0,0,0,0,0,7,0,0,1,7,0,0,0,8,8,330,4,23,31,269,Austin
2014,12,4,74,2,2,14,74,5,1,4,93,97,30,1,0,9,34,0,0,1,43,44,35,1,1,4,32,3,1,2,39,41,1,0,0,1,0,0,0,0,1,1,8,0,1,0,8,2,0,1,10,11,279,5,36,32,270,Austin
2015,12,4,68,2,4,10,64,5,1,6,79,85,25,0,1,4,28,3,0,1,35,36,39,0,2,4,28,2,1,2,34,36,0,0,1,0,0,0,0,1,0,1,4,2,0,2,8,0,0,2,10,12,261,1,25,33,271,Austin
2016,12,4,78,3,3,22,59,6,4,6,87,93,27,1,1,13,22,3,3,2,38,40,44,1,2,7,30,3,1,3,40,43,1,0,0,0,1,0,0,0,1,1,6,1,0,2,6,0,0,1,8,9,264,2,25,28,266,Austin
2017,12,4,75,3,7,14,76,6,1,10,96,106,27,0,0,4,43,3,1,0,50,50,42,2,4,9,22,3,0,6,34,40,2,0,3,0,0,0,0,3,0,3,4,1,0,1,11,0,0,1,12,13,292,6,24,29,267,Austin
2018,12,4,73,4,3,13,76,9,2,7,98,105,29,2,2,7,35,7,0,4,49,53,38,2,1,3,36,2,2,3,41,44,2,0,0,1,0,0,0,0,1,1,4,0,0,2,5,0,0,0,7,7,254,3,15,30,268,Austin
2019,12,4,74,6,5,13,86,11,2,11,110,121,28,4,2,3,41,4,0,6,48,54,40,2,2,8,35,5,2,4,48,52,3,0,0,0,0,0,0,0,0,0,3,0,1,2,10,2,0,1,14,15,304,3,26,31,269,Austin
2020,12,4,54,4,7,14,86,8,2,11,108,119,19,1,5,6,38,3,0,6,47,53,29,3,2,6,40,5,2,5,51,56,0,0,0,0,1,0,0,0,1,1,6,0,0,2,7,0,0,0,9,9,276,1,27,33,271,Austin
2021,12,4,65,3,7,24,67,15,2,10,106,116,25,1,4,11,32,9,1,5,52,57,35,2,2,12,29,6,1,4,47,51,0,0,0,0,2,0,0,0,2,2,5,0,1,1,4,0,0,1,5,6,281,2,17,27,265,Austin
2022,12,4,58,2,7,10,50,14,7,9,74,83,22,0,1,3,20,3,2,1,26,27,32,1,5,7,24,11,4,6,42,48,0,0,0,0,1,0,0,0,1,1,4,1,1,0,5,0,1,2,5,7,208,1,15,28,266,Austin
2023,12,4,52,1,4,5,63,16,2,5,84,89,16,1,1,0,28,7,0,2,35,37,32,0,3,5,30,9,2,3,44,47,2,0,0,0,0,0,0,0,0,0,2,0,0,0,5,0,0,0,5,5,221,2,12,29,267,Austin
2024,12,4,47,1,8,8,48,12,4,9,68,77,21,1,2,4,20,1,3,3,25,28,21,0,5,4,25,10,1,5,39,44,0,0,0,0,0,0,0,0,0,0,5,0,1,0,3,1,0,1,4,5,206,1,15,31,269,Austin
2012,1,5,95,4,3,16,81,7,1,7,104,111,39,3,2,11,35,2,0,5,48,53,50,1,1,4,37,5,1,2,46,48,0,0,0,0,0,0,0,0,0,0,6,0,0,1,9,0,0,0,10,10,309,1,22,-304,-66,Austin
2013,1,5,95,3,3,18,104,7,2,6,129,135,34,1,1,11,44,3,0,2,58,60,55,2,2,6,45,4,2,4,55,59,0,0,0,0,0,0,0,0,0,0,6,0,0,1,15,0,0,0,16,16,342,1,23,-302,-64,Austin
2014,1,5,69,3,2,17,84,6,1,5,107,112,24,0,0,7,42,1,0,0,50,50,41,3,2,9,33,3,1,5,45,50,1,0,0,0,1,0,0,0,1,1,3,0,0,1,8,2,0,0,11,11,280,3,19,-301,-63,Austin
2015,1,5,75,0,5,14,87,6,5,5,107,112,25,0,2,5,40,4,3,2,49,51,45,0,3,7,38,2,1,3,47,50,0,0,0,1,1,0,0,0,2,2,5,0,0,1,8,0,1,0,9,9,308,4,29,-300,-62,Austin
2016,1,5,73,4,7,10,64,6,1,11,80,91,35,0,1,1,38,1,1,1,40,41,34,4,5,4,16,4,0,9,24,33,0,0,0,0,1,0,0,0,1,1,4,0,1,5,9,1,0,1,15,16,277,2,37,-306,-68,Austin
2017,1,5,70,4,6,6,49,7,2,10,62,72,29,1,1,2,23,2,1,2,27,29,34,3,5,2,16,5,1,8,23,31,0,0,0,0,0,0,0,0,0,0,7,0,0,2,10,0,0,0,12,12,259,1,27,-304,-66,Austin
2018,1,5,65,4,8,13,68,4,1,12,85,97,25,2,2,7,35,3,0,4,45,49,33,2,6,4,26,1,1,8,31,39,0,0,0,0,2,0,0,0,2,2,7,0,0,2,5,0,0,0,7,7,256,2,22,-303,-65,Austin
2019,1,5,81,7,5,6,89,10,1,12,105,117,28,0,3,4,43,4,0,3,51,54,44,6,2,2,35,5,0,8,42,50,1,0,0,0,1,0,1,0,1,1,8,1,0,0,10,1,0,1,11,12,291,5,25,-302,-64,Austin
2020,1,5,65,2,8,12,79,9,2,10,100,110,30,0,2,5,26,4,1,2,35,37,33,2,6,7,38,5,1,8,50,58,0,0,0,0,0,0,0,0,0,0,2,0,0,0,15,0,0,0,15,15,260,2,29,-301,-63,Austin
2021,1,5,46,3,8,18,81,6,3,11,105,116,22,0,2,12,46,2,1,2,60,62,20,1,5,4,28,4,2,6,36,42,0,0,0,0,0,0,0,0,0,0,4,2,1,2,7,0,0,3,9,12,254,0,20,-306,-68,Austin
2022,1,5,40,5,4,20,65,14,3,9,99,108,14,1,2,8,34,9,0,3,51,54,23,3,2,11,26,4,2,5,41,46,1,0,0,0,0,1,0,0,1,1,2,1,0,1,5,0,1,1,6,7,222,3,13,-305,-67,Austin
2023,1,5,44,1,7,16,67,5,4,8,88,96,21,0,2,5,33,2,1,2,40,42,22,1,5,10,27,3,3,6,40,46,0,0,0,0,1,0,0,0,1,1,1,0,0,1,6,0,0,0,7,7,217,2,16,-304,-66,Austin
2024,1,5,54,3,5,10,59,8,4,8,77,85,23,1,3,4,35,5,2,4,44,48,26,0,0,3,21,2,2,0,26,26,1,0,0,0,0,0,0,0,0,0,4,2,2,3,3,1,0,4,7,11,247,2,30,-303,-65,Austin
2012,2,5,86,4,7,12,58,7,0,11,77,88,28,0,2,9,30,1,0,2,40,42,50,4,5,2,26,5,0,9,33,42,2,0,0,0,0,0,0,0,0,0,6,0,0,1,2,1,0,0,4,4,270,2,17,-273,-35,Austin
2013,2,5,84,1,3,15,77,9,1,4,101,105,36,0,3,6,49,6,0,3,61,64,34,1,0,8,20,3,0,1,31,32,0,0,0,0,0,0,0,0,0,0,14,0,0,1,8,0,1,0,9,9,291,1,29,-271,-33,Austin
2014,2,5,76,1,2,11,76,8,1,3,95,98,43,1,0,7,49,4,0,1,60,61,29,0,2,4,20,2,1,2,26,28,0,0,0,0,0,1,0,0,1,1,4,0,0,0,7,1,0,0,8,8,285,3,18,-270,-32,Austin
2015,2,5,71,2,8,10,76,4,0,10,90,100,31,1,4,6,35,2,0,5,43,48,31,1,4,3,32,1,0,5,36,41,0,0,0,1,1,1,0,0,3,3,9,0,0,0,8,0,0,0,8,8,269,5,24,-269,-31,Austin
2016,2,5,81,3,8,12,68,4,2,11,84,95,33,1,5,9,38,0,0,6,47,53,42,1,2,2,23,4,2,3,29,32,1,0,0,1,0,0,0,0,1,1,5,1,1,0,7,0,0,2,7,9,296,3,23,-275,-37,Austin
2017,2,5,75,2,7,8,60,3,4,9,71,80,33,0,0,1,30,0,2,0,31,31,37,2,6,6,27,3,2,8,36,44,0,0,0,0,0,0,0,0,0,0,5,0,1,1,3,0,0,1,4,5,279,1,17,-273,-35,Austin
2018,2,5,57,3,5,19,76,3,2,8,98,106,19,2,4,5,40,0,2,6,45,51,36,1,1,12,24,2,0,2,38,40,0,0,0,0,2,0,0,0,2,2,2,0,0,2,10,1,0,0,13,13,264,2,22,-272,-34,Austin
2019,2,5,63,4,0,12,80,8,1,4,100,104,34,1,0,8,39,4,0,1,51,52,25,2,0,3,34,3,1,2,40,42,2,0,0,0,1,0,0,0,1,1,2,1,0,1,6,1,0,1,8,9,253,5,19,-271,-33,Austin
2020,2,5,67,0,6,8,63,6,0,6,77,83,39,0,2,2,36,2,0,2,40,42,25,0,4,6,24,4,0,4,34,38,0,0,0,0,0,0,0,0,0,0,3,0,0,0,3,0,0,0,3,3,248,2,14,-270,-32,Austin
2021,2,5,65,1,3,10,79,7,1,4,96,100,28,1,3,7,40,4,1,4,51,55,33,0,0,2,27,3,0,0,32,32,0,0,0,0,1,0,0,0,1,1,4,0,0,1,11,0,0,0,12,12,275,2,22,-275,-37,Austin
2022,2,5,41,2,9,12,58,12,5,11,82,93,17,2,0,6,37,8,2,2,51,53,19,0,8,6,18,4,3,8,28,36,1,0,0,0,0,0,0,0,0,0,4,0,1,0,3,0,0,1,3,4,203,3,12,-274,-36,Austin
2023,2,5,59,7,7,16,67,21,2,14,104,118,21,1,1,5,16,11,1,2,32,34,33,6,5,9,48,9,1,11,66,77,0,0,0,0,0,0,0,0,0,0,5,0,1,2,3,1,0,1,6,7,265,1,17,-273,-35,Austin
2024,2,5,55,0,4,14,50,32,4,4,96,100,22,0,2,8,33,18,1,2,59,61,23,0,2,5,14,9,3,2,28,30,1,0,0,0,0,1,0,0,1,1,9,0,0,1,3,4,0,0,8,8,240,4,21,-272,-34,Austin
2012,3,5,83,2,3,12,69,10,1,5,91,96,43,0,2,8,43,9,1,2,60,62,31,2,0,4,24,1,0,2,29,31,0,0,0,0,1,0,0,0,1,1,9,0,1,0,1,0,0,1,1,2,319,2,22,-244,-6,Austin
2013,3,5,80,3,5,14,92,3,1,8,109,117,38,3,2,11,44,3,0,5,58,63,35,0,3,3,41,0,0,3,44,47,3,0,0,0,1,0,0,0,1,1,4,0,0,0,6,0,1,0,6,6,304,5,20,-243,-5,Austin
2014,3,5,76,1,0,18,75,9,2,1,102,103,37,0,0,13,46,5,1,0,64,64,35,1,0,4,22,3,1,1,29,30,0,0,0,0,1,0,0,0,1,1,4,0,0,1,6,1,0,0,8,8,294,1,18,-242,-4,Austin
2015,3,5,75,2,4,8,55,12,0,6,75,81,34,1,0,5,35,5,0,1,45,46,35,1,4,3,18,6,0,5,27,32,1,0,0,0,0,0,0,0,0,0,5,0,0,0,2,1,0,0,3,3,256,1,14,-241,-3,Austin
2016,3,5,87,2,5,9,85,5,2,7,99,106,42,0,3,5,50,2,2,3,57,60,40,2,2,4,26,3,0,4,33,37,1,0,0,0,2,0,0,0,2,2,4,0,0,0,7,0,0,0,7,7,337,4,18,-246,-8,Austin
2017,3,5,82,0,4,9,70,4,2,4,83,87,32,0,2,1,31,2,0,2,34,36,39,0,2,7,35,2,2,2,44,46,2,0,0,0,1,0,0,0,1,1,9,0,0,1,3,0,0,0,4,4,262,3,18,-245,-7,Austin
2018,3,5,70,3,7,14,71,5,1,10,90,100,30,2,3,8,40,2,1,5,50,55,34,1,4,6,23,3,0,5,32,37,0,0,0,0,0,0,0,0,0,0,6,0,0,0,8,0,0,0,8,8,264,1,21,-244,-6,Austin
2019,3,5,57,3,2,9,63,7,4,5,79,84,22,0,2,8,36,4,0,2,48,50,31,3,0,1,21,2,2,3,24,27,0,0,0,0,0,0,1,0,0,0,4,0,0,0,6,1,1,0,7,7,250,2,18,-243,-5,Austin
2020,3,5,62,6,4,10,83,5,4,10,98,108,22,2,2,3,49,1,2,4,53,57,34,3,2,5,28,3,2,5,36,41,0,0,0,0,1,0,0,0,1,1,6,1,0,2,5,1,0,1,8,9,287,2,20,-241,-3,Austin
2021,3,5,59,5,4,20,85,13,2,9,118,127,26,1,1,10,43,6,0,2,59,61,31,2,3,10,33,7,2,5,50,55,0,0,0,0,1,0,0,0,1,1,2,2,0,0,8,0,0,2,8,10,311,1,20,-247,-9,Austin
2022,3,5,57,5,6,13,55,15,4,11,83,94,25,3,1,4,33,6,0,4,43,47,28,1,5,8,20,7,4,6,35,41,1,0,0,0,0,1,0,0,1,1,3,1,0,1,2,1,0,1,4,5,244,3,12,-246,-8,Austin
2023,3,5,53,5,13,15,58,30,5,18,103,121,18,0,3,2,28,21,1,3,51,54,29,5,9,13,26,6,3,14,45,59,0,0,0,0,0,0,0,0,0,0,6,0,1,0,4,3,1,1,7,8,259,1,22,-245,-7,Austin
2024,3,5,39,2,5,11,54,23,1,7,88,95,19,1,3,5,26,13,1,4,44,48,19,1,1,5,24,8,0,2,37,39,0,0,1,0,0,0,0,1,0,1,1,0,0,1,4,2,0,0,7,7,215,1,14,-243,-5,Austin
2012,4,5,71,0,4,20,85,5,1,4,110,114,37,0,2,18,54,1,1,2,73,75,26,0,2,2,20,4,0,2,26,28,0,0,0,0,2,0,0,0,2,2,8,0,0,0,9,0,0,0,9,9,304,2,28,-213,25,Austin
2013,4,5,85,2,2,17,101,4,4,4,122,126,41,0,1,14,53,3,1,1,70,71,37,1,1,3,38,1,2,2,42,44,1,0,0,0,0,0,0,0,0,0,6,1,0,0,10,0,1,1,10,11,356,1,30,-212,26,Austin
2014,4,5,102,2,4,17,96,6,3,6,119,125,36,0,3,11,55,2,2,3,68,71,52,2,1,5,32,4,1,3,41,44,1,0,0,0,1,0,0,0,1,1,13,0,0,1,8,0,0,0,9,9,358,2,28,-211,27,Austin
2015,4,5,97,3,7,15,52,2,0,10,69,79,40,1,2,9,23,1,0,3,33,36,48,2,5,4,25,1,0,7,30,37,0,0,0,0,0,0,0,0,0,0,9,0,0,2,4,0,0,0,6,6,278,3,25,-210,28,Austin
2016,4,5,102,1,5,12,81,2,1,6,95,101,64,0,2,6,40,1,0,2,47,49,23,1,3,5,26,0,1,4,31,35,1,0,0,1,2,0,0,0,3,3,14,0,0,0,13,1,0,0,14,14,307,5,34,-215,23,Austin
2017,4,5,76,0,6,6,64,4,1,6,74,80,40,0,3,4,37,2,0,3,43,46,27,0,3,2,23,1,1,3,26,29,0,0,0,0,0,0,0,0,0,0,9,0,0,0,4,1,0,0,5,5,268,0,20,-214,24,Austin
2018,4,5,62,1,6,5,61,7,2,7,73,80,25,1,2,2,46,2,0,3,50,53,29,0,1,2,9,4,2,1,15,16,0,0,0,0,1,0,0,0,1,1,8,0,3,1,5,1,0,3,7,10,233,2,20,-213,25,Austin
2019,4,5,93,2,10,11,71,7,2,12,89,101,53,1,3,9,53,3,1,4,65,69,35,1,4,1,13,4,1,5,18,23,0,0,0,0,1,0,0,0,1,1,5,0,3,1,4,0,0,3,5,8,324,2,22,-212,26,Austin
2020,4,5,75,3,5,8,50,9,3,8,67,75,42,1,4,5,29,4,2,5,38,43,26,2,1,3,15,4,1,3,22,25,0,0,0,0,2,0,0,0,2,2,7,0,0,0,4,1,0,0,5,5,224,2,19,-210,28,Austin
2021,4,5,55,2,8,8,68,6,4,10,82,92,23,1,4,3,36,5,1,5,44,49,27,1,3,5,21,1,3,4,27,31,0,0,0,0,1,0,0,0,1,1,5,0,1,0,10,0,0,1,10,11,308,2,23,-216,22,Austin
2022,4,5,59,0,10,11,61,29,2,10,101,111,29,0,4,8,38,15,0,4,61,65,28,0,6,3,19,11,2,6,33,39,1,0,0,0,1,1,0,0,2,2,1,0,0,0,3,2,0,0,5,5,253,4,11,-215,23,Austin
2023,4,5,51,2,11,10,50,21,4,13,81,94,23,1,7,4,25,16,2,8,45,53,19,1,2,5,21,4,1,3,30,33,1,0,0,0,1,0,1,0,1,1,8,0,2,1,3,1,0,2,5,7,237,5,23,-214,24,Austin
2024,4,5,56,5,7,17,51,15,4,12,83,95,29,3,3,8,31,9,1,6,48,54,24,2,4,8,13,4,3,6,25,31,0,0,0,0,2,0,0,0,2,2,3,0,0,1,5,2,0,0,8,8,239,3,17,-212,26,Austin
2012,5,5,125,3,5,17,130,10,0,8,157,165,55,0,1,9,74,4,0,1,87,88,62,1,3,7,42,6,0,4,55,59,0,1,0,0,0,0,0,1,0,1,8,1,1,1,14,0,0,2,15,17,415,1,34,-183,55,Austin
2013,5,5,111,2,3,45,107,6,3,5,158,163,56,0,0,39,67,3,2,0,109,109,45,2,3,5,30,2,0,5,37,42,1,0,0,0,1,0,0,0,1,1,9,0,0,1,9,1,1,0,11,11,398,2,29,-182,56,Austin
2014,5,5,98,3,1,18,77,15,0,4,110,114,52,0,0,12,45,11,0,0,68,68,30,3,1,5,24,3,0,4,32,36,1,0,0,1,0,1,0,0,2,2,15,0,0,0,8,0,0,0,8,8,344,4,31,-181,57,Austin
2015,5,5,74,2,3,14,95,4,0,5,113,118,53,2,1,6,64,4,0,3,74,77,15,0,1,5,20,0,0,1,25,26,0,0,0,1,1,0,0,0,2,2,6,0,1,2,10,0,0,1,12,13,332,2,28,-180,58,Austin
2016,5,5,87,3,5,14,71,5,1,8,90,98,45,0,3,12,50,3,1,3,65,68,33,3,2,1,11,1,0,5,13,18,0,0,0,1,0,0,0,0,1,1,9,0,0,0,10,1,0,0,11,11,296,2,26,-185,53,Austin
2017,5,5,92,2,2,14,73,7,2,4,94,98,58,2,0,12,35,4,1,2,51,53,26,0,2,2,31,2,1,2,35,37,0,0,0,0,0,1,0,0,1,1,8,0,0,0,7,0,0,0,7,7,333,2,26,-184,54,Austin
2018,5,5,97,3,4,13,76,6,2,7,95,102,44,1,2,7,40,4,1,3,51,54,46,2,1,5,27,2,1,3,34,37,1,0,0,0,0,0,0,0,0,0,6,0,1,1,9,0,0,1,10,11,295,1,21,-183,55,Austin
2019,5,5,80,2,8,10,69,13,1,10,92,102,37,1,2,1,45,6,1,3,52,55,34,1,3,7,17,5,0,4,29,33,0,0,0,0,0,0,0,0,0,0,9,0,3,2,7,2,0,3,11,14,289,1,31,-182,56,Austin
2020,5,5,86,0,5,9,56,7,2,5,72,77,48,0,2,4,38,3,0,2,45,47,28,0,2,5,15,3,2,2,23,25,0,0,0,0,0,0,0,0,0,0,10,0,1,0,3,1,0,1,4,5,275,1,21,-180,58,Austin
2021,5,5,74,1,3,14,55,9,3,4,78,82,39,1,2,10,40,7,3,3,57,60,28,0,1,3,13,2,0,1,18,19,1,0,0,0,0,0,0,0,0,0,6,0,0,1,2,0,0,0,3,3,266,5,18,-186,52,Austin
2022,5,5,66,1,8,14,71,7,1,9,92,101,40,1,6,7,53,4,0,7,64,71,22,0,1,6,14,3,1,1,23,24,1,0,0,0,0,0,0,0,0,0,3,0,1,1,4,0,0,1,5,6,242,1,13,-185,53,Austin
2023,5,5,59,0,11,14,56,20,4,11,90,101,29,0,4,8,37,13,2,4,58,62,23,0,6,5,17,4,2,6,26,32,1,0,0,1,0,0,0,0,1,1,6,0,1,0,2,3,0,1,5,6,251,3,19,-184,54,Austin
2024,5,5,58,3,8,11,59,23,6,11,93,104,27,2,5,5,28,11,2,7,44,51,24,1,3,5,27,10,3,4,42,46,0,0,0,0,0,0,0,0,0,0,7,0,0,1,4,2,1,0,7,7,247,1,20,-182,56,Austin
2012,6,5,91,0,5,19,83,10,0,5,112,117,58,0,2,13,59,7,0,2,79,81,24,0,2,6,19,1,0,2,26,28,1,0,0,0,0,0,0,0,0,0,8,0,1,0,5,2,0,1,7,8,332,2,27,-152,86,Austin
2013,6,5,91,3,5,16,103,3,0,8,122,130,62,2,2,11,71,1,0,4,83,87,19,0,3,3,19,0,0,3,22,25,0,0,0,1,0,0,0,0,1,1,10,1,0,1,13,2,0,1,16,17,347,1,36,-151,87,Austin
2014,6,5,87,1,3,13,68,5,0,4,86,90,54,1,3,10,49,3,0,4,62,66,26,0,0,3,13,2,0,0,18,18,0,0,0,0,0,0,0,0,0,0,7,0,0,0,6,0,0,0,6,6,308,0,18,-150,88,Austin
2015,6,5,91,4,8,13,71,4,2,12,88,100,47,2,5,10,48,3,1,7,61,68,35,1,2,3,19,1,1,3,23,26,1,0,0,0,0,0,0,0,0,0,8,1,1,0,4,0,0,2,4,6,322,1,26,-149,89,Austin
2016,6,5,95,2,10,13,74,5,1,12,92,104,45,1,5,10,52,3,0,6,65,71,40,1,4,2,9,1,1,5,12,17,0,0,0,1,1,0,0,0,2,2,10,0,1,0,12,1,0,1,13,14,306,3,30,-154,84,Austin
2017,6,5,62,1,3,13,68,9,4,4,90,94,42,0,2,8,37,6,4,2,51,53,14,1,1,5,22,3,0,2,30,32,1,0,0,0,0,0,0,0,0,0,5,0,0,0,9,0,0,0,9,9,270,1,29,-153,85,Austin
2018,6,5,80,1,9,8,75,2,0,10,85,95,43,0,5,5,48,1,0,5,54,59,28,1,4,0,13,0,0,5,13,18,0,0,0,0,1,0,0,0,1,1,9,0,0,3,13,1,0,0,17,17,282,2,38,-152,86,Austin
2019,6,5,68,2,6,13,102,9,1,8,124,132,42,2,4,7,56,6,1,6,69,75,20,0,1,4,35,2,0,1,41,42,0,0,0,1,0,0,0,0,1,1,6,0,1,1,11,1,0,1,13,14,299,1,27,-151,87,Austin
2020,6,5,61,5,6,12,53,19,2,11,84,95,41,3,3,6,37,14,1,6,57,63,11,2,3,5,11,4,1,5,20,25,1,0,0,0,0,0,0,0,0,0,8,0,0,1,5,1,0,0,7,7,254,2,17,-149,89,Austin
2021,6,5,59,6,2,12,74,9,6,8,95,103,27,4,0,7,37,4,2,4,48,52,24,1,2,5,30,4,4,3,39,42,0,0,0,0,0,0,0,0,0,0,8,1,0,0,7,1,0,1,8,9,238,0,28,-155,83,Austin
2022,6,5,54,2,13,10,51,11,5,15,72,87,33,2,4,4,30,6,1,6,40,46,16,0,6,5,15,3,4,6,23,29,0,0,0,0,0,0,0,0,0,0,5,0,3,1,6,2,0,3,9,12,242,0,26,-154,84,Austin
2023,6,5,60,2,6,20,55,24,3,8,99,107,33,0,5,8,32,18,0,5,58,63,22,0,0,10,21,3,2,0,34,34,0,0,0,1,0,0,1,0,1,1,5,2,1,1,2,3,0,3,6,9,250,4,19,-153,85,Austin
2024,6,5,62,5,5,8,60,15,4,10,83,93,36,2,3,5,33,10,2,5,48,53,23,3,2,3,20,3,1,5,26,31,0,0,0,0,0,0,0,0,0,0,3,0,0,0,7,2,1,0,9,9,240,1,15,-151,87,Austin
2012,7,5,108,1,6,26,100,7,0,7,133,140,57,1,1,17,55,6,0,2,78,80,35,0,5,7,29,0,0,5,36,41,0,0,0,0,1,0,0,0,1,1,16,0,0,2,15,1,0,0,18,18,393,1,41,-122,116,Austin
2013,7,5,110,2,7,12,89,5,2,9,106,115,57,0,3,10,53,1,1,3,64,67,44,2,4,2,26,4,1,6,32,38,1,0,0,0,1,0,0,0,1,1,8,0,0,0,9,0,0,0,9,9,361,4,31,-121,117,Austin
2014,7,5,88,4,8,13,71,6,0,12,90,102,40,0,3,9,46,1,0,3,56,59,37,3,5,4,20,5,0,8,29,37,0,0,0,0,0,0,0,0,0,0,11,1,0,0,5,0,0,1,5,6,323,1,27,-120,118,Austin
2015,7,5,88,0,5,12,70,4,4,5,86,91,48,0,1,8,46,1,2,1,55,56,34,0,1,3,17,3,2,1,23,24,0,0,0,0,0,0,0,0,0,0,6,0,3,1,7,0,0,3,8,11,299,0,28,-119,119,Austin
2016,7,5,60,2,6,11,68,5,2,8,84,92,34,0,4,8,40,1,1,4,49,53,21,2,1,2,20,0,1,3,22,25,0,0,0,0,0,0,0,0,0,0,5,0,1,1,8,4,0,1,13,14,274,1,25,-124,114,Austin
2017,7,5,91,2,7,11,56,4,2,9,71,80,52,0,5,9,41,3,1,5,53,58,28,2,2,2,12,1,1,4,15,19,1,0,0,0,1,0,0,0,1,1,10,0,0,0,2,0,0,0,2,2,316,2,17,-123,115,Austin
2018,7,5,85,2,4,20,75,9,1,6,104,110,47,0,4,8,44,7,1,4,59,63,31,2,0,9,22,1,0,2,32,34,0,0,0,2,0,0,0,0,2,2,7,0,0,1,9,1,0,0,11,11,285,2,25,-122,116,Austin
2019,7,5,82,2,10,12,70,8,4,12,90,102,44,0,3,9,45,3,2,3,57,60,27,2,6,3,18,5,1,8,26,34,0,0,0,0,0,0,0,0,0,0,11,0,1,0,7,0,1,1,7,8,312,0,27,-121,117,Austin
2020,7,5,82,5,9,14,59,5,1,14,78,92,40,4,5,7,41,3,1,9,51,60,34,0,3,6,12,2,0,3,20,23,1,1,0,0,1,0,0,1,1,2,7,0,1,1,5,0,0,1,6,7,253,4,22,-119,119,Austin
2021,7,5,53,3,7,12,59,9,4,10,80,90,31,0,2,7,34,7,2,2,48,50,17,3,2,5,19,2,2,5,26,31,0,0,0,0,0,0,0,0,0,0,5,0,3,0,6,0,0,3,6,9,227,0,19,-125,113,Austin
2022,7,5,56,2,6,16,64,21,6,8,101,109,32,0,2,9,49,12,1,2,70,72,21,2,3,6,7,5,4,5,18,23,0,0,0,1,0,0,0,0,1,1,3,0,1,0,8,4,1,1,12,13,279,1,30,-124,114,Austin
2023,7,5,52,2,5,10,69,10,2,7,89,96,32,1,4,6,48,6,1,5,60,65,18,0,1,3,20,4,1,1,27,28,0,0,0,0,0,0,0,0,0,0,2,1,0,1,1,0,0,1,2,3,219,0,11,-123,115,Austin
2024,7,5,64,4,10,12,64,17,4,14,93,107,37,2,6,7,44,11,1,8,62,70,23,2,2,4,15,4,2,4,23,27,1,0,0,0,0,0,0,0,0,0,3,0,2,1,5,2,1,2,8,10,267,1,16,-121,117,Austin
2012,8,5,114,3,3,14,87,8,1,6,109,115,56,1,1,8,45,5,0,2,58,60,49,2,2,6,37,1,1,4,44,48,0,0,0,0,0,0,0,0,0,0,9,0,0,0,5,2,0,0,7,7,370,1,23,-91,147,Austin
2013,8,5,92,4,3,25,75,7,2,7,107,114,51,1,1,17,53,1,1,2,71,73,33,3,2,6,16,3,1,5,25,30,0,0,0,0,1,1,0,0,2,2,8,0,0,2,5,2,0,0,9,9,318,2,28,-90,148,Austin
2014,8,5,84,2,1,11,108,3,2,3,122,125,34,1,0,7,72,1,2,1,80,81,37,1,1,3,26,1,0,2,30,32,1,0,0,0,0,0,0,0,0,0,12,0,0,1,10,1,0,0,12,12,332,3,34,-89,149,Austin
2015,8,5,93,8,3,12,106,5,2,11,123,134,53,1,0,9,64,3,0,1,76,77,29,6,3,3,37,2,2,9,42,51,0,0,0,0,0,0,0,0,0,0,11,1,0,0,5,0,0,1,5,6,335,0,24,-88,150,Austin
2016,8,5,97,3,1,14,73,8,0,4,95,99,52,0,0,7,51,3,0,0,61,61,37,3,1,6,13,5,0,4,24,28,0,0,0,1,0,0,0,0,1,1,8,0,0,0,9,0,0,0,9,9,334,1,31,-93,145,Austin
2017,8,5,74,0,6,6,63,9,1,6,78,84,39,0,1,3,39,2,0,1,44,45,28,0,5,3,20,6,1,5,29,34,1,0,0,0,0,0,0,0,0,0,6,0,0,0,4,1,0,0,5,5,257,2,19,-92,146,Austin
2018,8,5,70,4,10,12,67,4,3,14,83,97,36,2,6,7,39,3,0,8,49,57,31,2,3,4,22,0,2,5,26,31,0,0,0,0,0,0,0,0,0,0,3,0,1,1,6,1,1,1,8,9,264,2,22,-91,147,Austin
2019,8,5,78,2,8,11,91,4,3,10,106,116,46,1,4,7,61,2,1,5,70,75,26,1,2,2,21,2,2,3,25,28,0,0,0,0,0,0,0,0,0,0,6,0,2,2,9,0,0,2,11,13,289,0,29,-90,148,Austin
2020,8,5,64,1,4,14,67,14,2,5,95,100,45,0,2,7,42,6,1,2,55,57,15,1,0,7,20,6,1,1,33,34,1,0,0,0,1,0,0,0,1,1,3,0,2,0,4,2,0,2,6,8,264,3,14,-88,150,Austin
2021,8,5,46,2,4,12,76,15,3,6,103,109,28,1,3,6,51,11,1,4,68,72,15,0,1,5,22,3,2,1,30,31,0,0,0,1,0,0,0,0,1,1,3,1,0,0,3,1,0,1,4,5,237,2,15,-94,144,Austin
2022,8,5,54,2,11,16,71,11,4,13,98,111,31,0,8,10,41,8,1,8,59,67,18,2,2,5,26,3,3,4,34,38,1,0,0,0,0,0,0,0,0,0,4,0,1,1,4,0,0,1,5,6,281,2,19,-93,145,Austin
2023,8,5,54,3,12,17,61,32,4,15,110,125,29,1,7,6,27,19,1,8,52,60,21,1,3,11,31,12,3,4,54,58,0,0,0,0,0,0,0,0,0,0,4,1,2,0,3,1,0,3,4,7,275,0,16,-92,146,Austin
2024,8,5,53,2,6,16,67,10,2,8,93,101,35,2,3,6,45,3,2,5,54,59,12,0,2,9,19,4,0,2,32,34,0,0,0,0,0,0,0,0,0,0,6,0,1,1,3,3,0,1,7,8,255,2,18,-90,148,Austin
2012,9,5,92,1,2,18,107,4,0,3,129,132,38,1,1,11,66,2,0,2,79,81,40,0,1,5,29,2,0,1,36,37,3,0,0,1,0,0,0,0,1,1,11,0,0,1,12,0,0,0,13,13,374,6,31,-60,178,Austin
2013,9,5,81,1,5,22,107,9,3,6,138,144,49,0,3,17,75,5,3,3,97,100,24,1,1,4,18,4,0,2,26,28,0,0,0,0,0,0,0,0,0,0,8,0,1,1,14,0,0,1,15,16,344,1,36,-59,179,Austin
2014,9,5,93,3,5,11,97,5,0,8,113,121,50,0,1,7,66,3,0,1,76,77,35,3,4,2,21,2,0,7,25,32,0,0,0,1,3,0,0,0,4,4,8,0,0,1,7,0,0,0,8,8,356,5,26,-58,180,Austin
2015,9,5,83,2,4,8,60,4,0,6,72,78,36,2,1,4,34,3,0,3,41,44,43,0,3,2,17,0,0,3,19,22,1,0,0,1,0,0,0,0,1,1,3,0,0,1,9,1,0,0,11,11,290,2,24,-57,181,Austin
2016,9,5,94,1,5,7,73,4,3,6,84,90,53,0,1,7,39,4,3,1,50,51,27,1,3,0,26,0,0,4,26,30,1,0,0,0,1,0,0,0,1,1,13,0,1,0,7,0,0,1,7,8,276,4,33,-62,176,Austin
2017,9,5,68,0,5,15,82,11,0,5,108,113,25,0,3,10,54,6,0,3,70,73,36,0,2,5,18,3,0,2,26,28,0,0,0,0,2,0,0,0,2,2,7,0,0,0,8,2,0,0,10,10,288,2,23,-61,177,Austin
2018,9,5,61,4,3,11,72,3,1,7,86,93,31,3,1,8,42,2,1,4,52,56,26,1,2,3,22,1,0,3,26,29,1,0,0,0,0,0,0,0,0,0,3,0,0,0,8,0,0,0,8,8,270,1,21,-60,178,Austin
2019,9,5,57,1,5,8,83,18,3,6,109,115,28,0,2,6,46,9,2,2,61,63,21,0,2,2,29,7,1,2,38,40,0,0,0,0,0,1,0,0,1,1,8,1,1,0,8,1,0,2,9,11,272,1,23,-59,179,Austin
2020,9,5,69,2,7,8,81,7,4,9,96,105,29,1,2,4,44,3,0,3,51,54,31,1,5,4,31,2,4,6,37,43,1,0,0,0,0,0,0,0,0,0,8,0,0,0,6,2,0,0,8,8,260,2,25,-57,181,Austin
2021,9,5,55,1,9,18,59,12,2,10,89,99,30,0,4,3,30,4,0,4,37,41,23,1,4,13,28,6,2,5,47,52,0,0,0,2,1,0,0,0,3,3,2,0,1,0,0,2,0,1,2,3,252,3,9,-63,175,Austin
2022,9,5,60,2,13,15,53,15,3,15,83,98,27,2,6,7,30,7,2,8,44,52,28,0,7,7,20,4,1,7,31,38,0,0,0,0,1,0,0,0,1,1,5,0,0,1,2,4,0,0,7,7,232,2,16,-62,176,Austin
2023,9,5,54,2,7,11,55,25,5,9,91,100,22,2,4,5,32,14,3,6,51,57,23,0,1,5,17,8,2,1,30,31,0,0,0,1,4,0,0,0,5,5,9,0,2,0,2,3,0,2,5,7,240,5,22,-61,177,Austin
2024,9,5,41,1,4,8,50,7,7,5,65,70,21,0,1,2,28,5,4,1,35,36,18,1,2,5,17,0,3,3,22,25,1,0,0,1,0,0,0,0,1,1,1,0,1,0,5,2,0,1,7,8,201,2,20,-59,179,Austin
2012,10,5,87,1,7,27,135,5,1,8,167,175,36,0,2,20,64,2,1,2,86,88,39,1,5,5,54,2,0,6,61,67,0,0,0,0,0,0,0,0,0,0,12,0,0,2,17,1,0,0,20,20,399,1,40,-30,208,Austin
2013,10,5,85,4,4,11,110,11,0,8,132,140,33,1,2,4,59,2,0,3,65,68,50,3,1,6,45,8,0,4,59,63,0,0,0,1,0,0,0,0,1,1,2,0,1,0,6,1,0,1,7,8,352,2,15,-29,209,Austin
2014,10,5,89,2,3,7,97,9,1,5,113,118,39,1,0,3,48,3,1,1,54,55,48,1,3,4,38,6,0,4,48,52,0,0,0,0,0,0,0,0,0,0,2,0,0,0,11,0,0,0,11,11,337,1,20,-28,210,Austin
2015,10,5,83,1,3,21,76,4,2,4,101,105,40,0,2,15,43,4,2,2,62,64,35,1,1,4,29,0,0,2,33,35,1,0,0,0,0,0,0,0,0,0,7,0,0,2,4,0,0,0,6,6,296,1,21,-27,211,Austin
2016,10,5,58,1,4,26,74,7,3,5,107,112,29,0,2,11,48,5,1,2,64,66,22,1,2,11,19,1,2,3,31,34,0,0,0,1,0,0,0,0,1,1,7,0,0,3,7,1,0,0,11,11,304,1,25,-32,206,Austin
2017,10,5,63,3,6,15,67,3,1,9,85,94,22,1,6,9,37,2,1,7,48,55,32,2,0,4,20,1,0,2,25,27,2,0,0,1,0,0,0,0,1,1,7,0,0,1,10,0,0,0,11,11,258,3,27,-31,207,Austin
2018,10,5,75,0,4,11,95,7,1,4,113,117,31,0,2,6,52,3,0,2,61,63,40,0,2,5,28,3,1,2,36,38,0,0,0,0,0,0,0,0,0,0,4,0,0,0,15,1,0,0,16,16,288,0,31,-30,208,Austin
2019,10,5,76,5,6,10,172,12,2,11,194,205,32,3,3,4,83,4,0,6,91,97,40,2,3,2,57,8,2,5,67,72,0,0,0,0,0,0,0,0,0,0,4,0,0,4,32,0,0,0,36,36,382,0,43,-29,209,Austin
2020,10,5,69,5,5,23,76,15,0,10,114,124,36,1,3,7,39,9,0,4,55,59,22,4,2,15,28,4,0,6,47,53,2,0,0,0,0,0,0,0,0,0,9,0,0,1,9,2,0,0,12,12,273,2,25,-27,211,Austin
2021,10,5,47,0,6,18,48,13,2,6,79,85,22,0,0,10,36,6,1,0,52,52,23,0,6,5,9,6,1,6,20,26,0,0,0,0,0,0,0,0,0,0,2,0,0,3,3,1,0,0,7,7,204,0,13,-33,205,Austin
2022,10,5,49,4,4,9,81,14,4,8,104,112,22,1,0,4,47,6,3,1,57,58,21,3,4,5,28,8,1,7,41,48,0,0,0,0,0,0,0,0,0,0,6,0,0,0,6,0,0,0,6,6,266,4,16,-32,206,Austin
2023,10,5,45,2,8,12,59,14,0,10,85,95,26,1,2,7,30,9,0,3,46,49,17,1,3,5,24,4,0,4,33,37,0,0,0,0,1,0,0,0,1,1,2,0,3,0,4,1,0,3,5,8,231,2,13,-31,207,Austin
2024,10,5,57,5,8,6,89,6,2,13,101,114,18,3,4,2,36,4,0,7,42,49,32,2,4,2,35,1,2,6,38,44,2,0,0,0,0,0,0,0,0,0,5,0,0,2,18,1,0,0,21,21,271,2,36,-29,209,Austin
2012,11,5,79,2,4,29,87,4,0,6,120,126,38,0,1,21,34,2,0,1,57,58,36,2,3,8,46,2,0,5,56,61,0,0,0,0,0,0,0,0,0,0,5,0,0,0,7,0,0,0,7,7,322,1,20,1,239,Austin
2013,11,5,94,2,3,11,110,11,1,5,132,137,43,0,1,6,50,3,1,1,59,60,45,2,2,4,47,6,0,4,57,61,0,0,0,0,0,0,0,0,0,0,6,0,0,1,13,2,0,0,16,16,337,1,32,2,240,Austin
2014,11,5,48,6,5,16,69,7,1,11,92,103,23,1,4,5,43,3,0,5,51,56,23,4,1,9,21,2,1,5,32,37,1,0,0,0,0,0,0,0,0,0,1,1,0,2,5,2,0,1,9,10,223,2,15,3,241,Austin
2015,11,5,81,6,3,19,83,0,0,9,102,111,31,2,1,8,44,0,0,3,52,55,40,3,2,9,30,0,0,5,39,44,1,0,0,0,1,0,0,0,1,1,9,1,0,2,8,0,0,1,10,11,290,4,28,4,242,Austin
2016,11,5,77,4,6,12,89,13,3,10,114,124,25,2,0,4,48,5,0,2,57,59,47,2,6,7,37,6,3,8,50,58,0,0,0,0,0,0,0,0,0,0,5,0,0,1,4,2,0,0,7,7,308,0,21,-1,237,Austin
2017,11,5,91,2,7,7,58,3,1,9,68,77,38,1,3,1,29,0,0,4,30,34,45,1,4,6,25,3,1,5,34,39,0,0,0,0,0,0,0,0,0,0,8,0,0,0,4,0,0,0,4,4,267,0,18,0,238,Austin
2018,11,5,70,1,1,8,78,3,1,2,89,91,26,0,0,5,30,1,1,0,36,36,40,1,1,3,29,2,0,2,34,36,0,0,0,0,3,0,0,0,3,3,4,0,0,0,16,0,0,0,16,16,256,3,27,1,239,Austin
2019,11,5,74,4,2,8,77,9,3,6,94,100,30,2,0,4,35,3,1,2,42,44,36,2,2,2,32,6,2,4,40,44,0,0,0,0,1,0,0,0,1,1,8,0,0,2,9,0,0,0,11,11,285,2,26,2,240,Austin
2020,11,5,63,4,3,11,92,11,4,7,114,121,20,1,1,8,45,6,1,2,59,61,37,3,2,2,28,5,2,5,35,40,0,0,0,0,1,0,0,0,1,1,6,0,0,1,18,0,1,0,19,19,291,2,34,4,242,Austin
2021,11,5,50,2,7,17,75,13,8,9,105,114,19,0,5,6,38,6,1,5,50,55,28,2,2,10,27,5,7,4,42,46,0,0,0,0,0,0,0,0,0,0,3,0,0,1,10,2,0,0,13,13,250,2,21,-2,236,Austin
2022,11,5,45,0,7,22,86,10,3,7,118,125,22,0,3,9,43,4,1,3,56,59,22,0,4,12,41,5,2,4,58,62,0,0,0,1,0,0,0,0,1,1,1,0,0,0,2,1,0,0,3,3,254,2,6,-1,237,Austin
2023,11,5,47,3,10,8,40,15,3,13,63,76,19,2,4,2,16,5,2,6,23,29,26,0,4,6,20,8,1,4,34,38,0,1,0,0,0,0,0,1,0,1,2,0,2,0,4,2,0,2,6,8,229,2,17,0,238,Austin
2024,11,5,59,1,4,9,46,5,3,5,60,65,19,1,2,3,28,4,1,3,35,38,37,0,1,4,16,1,2,1,21,22,0,0,0,0,0,0,0,0,0,0,3,0,1,2,2,0,0,1,4,5,197,0,13,2,240,Austin
2012,12,5,76,3,4,17,84,5,0,7,106,113,34,0,3,5,31,2,0,3,38,41,40,3,1,10,40,2,0,4,52,56,0,0,0,0,2,0,0,0,2,2,2,0,0,2,11,1,0,0,14,14,313,4,24,31,269,Austin
2013,12,5,67,0,3,21,64,2,1,3,87,90,26,0,2,10,34,2,0,2,46,48,35,0,1,10,24,0,1,1,34,35,1,0,0,1,2,0,0,0,3,3,5,0,0,0,4,0,0,0,4,4,261,6,19,32,270,Austin
2014,12,5,82,0,5,29,103,7,2,5,139,144,29,0,2,17,54,1,0,2,72,74,47,0,3,10,36,4,2,3,50,53,2,0,0,0,1,0,0,0,1,1,4,0,0,2,12,2,0,0,16,16,361,3,36,33,271,Austin
2015,12,5,72,5,8,9,83,5,0,13,97,110,20,1,4,4,38,1,0,5,43,48,48,4,3,4,39,4,0,7,47,54,0,0,0,1,1,0,0,0,2,2,4,0,1,0,5,0,0,1,5,6,300,3,14,34,272,Austin
2016,12,5,65,2,3,14,67,5,4,5,86,91,18,0,2,7,43,1,2,2,51,53,44,2,1,4,18,2,2,3,24,27,0,0,0,1,2,0,0,0,3,3,3,0,0,2,4,2,0,0,8,8,257,4,20,29,267,Austin
2017,12,5,74,1,5,19,72,6,0,6,97,103,29,0,3,13,43,2,0,3,58,61,36,0,2,4,24,4,0,2,32,34,0,0,0,0,0,0,0,0,0,0,9,1,0,2,5,0,0,1,7,8,255,1,25,30,268,Austin
2018,12,5,62,6,3,12,88,12,0,9,112,121,32,0,2,5,43,4,0,2,52,54,23,5,1,7,35,7,0,6,49,55,1,0,0,0,1,0,0,0,1,1,6,1,0,0,9,1,0,1,10,11,271,2,24,31,269,Austin
2019,12,5,63,4,5,18,74,11,2,9,103,112,23,3,2,8,40,3,1,5,51,56,35,1,3,9,28,8,0,4,45,49,1,0,0,1,0,0,0,0,1,1,4,0,0,0,6,0,1,0,6,6,291,2,19,32,270,Austin
2020,12,5,58,4,3,21,80,13,5,7,114,121,19,1,3,11,40,4,1,4,55,59,33,3,0,10,35,8,4,3,53,56,0,0,0,0,0,0,0,0,0,0,6,0,0,0,5,1,0,0,6,6,270,1,22,34,272,Austin
2021,12,5,60,5,10,11,51,14,6,15,76,91,17,2,5,3,27,11,0,7,41,48,40,3,4,8,22,3,5,7,33,40,0,0,0,0,1,0,1,0,1,1,3,0,1,0,1,0,0,1,1,2,239,2,9,28,266,Austin
2022,12,5,51,2,3,10,71,14,3,5,95,100,14,0,1,5,33,7,3,1,45,46,33,1,2,5,32,6,0,3,43,46,0,0,0,0,1,0,0,0,1,1,4,1,0,0,5,1,0,1,6,7,251,4,22,29,267,Austin
2023,12,5,45,0,10,9,53,20,3,10,82,92,21,0,3,4,27,10,2,3,41,44,18,0,4,5,21,7,0,4,33,37,1,0,0,0,1,1,0,0,2,2,5,0,3,0,4,2,1,3,6,9,227,3,20,30,268,Austin
2024,12,5,44,1,2,9,46,7,1,3,62,65,17,0,0,5,20,4,0,0,29,29,25,1,2,3,21,1,0,3,25,28,0,0,0,0,0,0,0,0,0,0,2,0,0,1,5,2,1,0,8,8,194,1,15,32,270,Austin
2012,1,6,95,3,13,26,85,4,1,16,115,131,36,1,2,12,63,3,0,3,78,81,50,2,11,12,17,0,1,13,29,42,1,0,0,0,0,0,0,0,0,0,8,0,0,2,5,1,0,0,8,8,364,2,25,-303,-65,Austin
2013,1,6,90,0,3,17,89,13,1,3,119,122,31,0,0,6,28,6,1,0,40,40,50,0,3,8,47,4,0,3,59,62,0,0,0,0,0,1,0,0,1,1,9,0,0,3,14,2,0,0,19,19,315,2,35,-301,-63,Austin
2014,1,6,70,0,5,17,71,7,1,5,95,100,27,0,1,9,39,4,1,1,52,53,35,0,4,6,27,2,0,4,35,39,0,0,0,0,1,0,0,0,1,1,8,0,0,2,4,1,0,0,7,7,265,2,22,-300,-62,Austin
2015,1,6,75,1,7,15,97,5,2,8,117,125,31,0,4,5,51,1,1,4,57,61,33,1,3,4,40,4,0,4,48,52,0,0,0,0,0,0,0,0,0,0,11,0,0,6,6,0,1,0,12,12,319,0,29,-299,-61,Austin
2016,1,6,76,1,3,13,56,9,2,4,78,82,34,0,1,4,25,4,0,1,33,34,37,1,1,7,27,4,2,2,38,40,1,0,0,0,0,0,0,0,0,0,4,0,1,2,4,1,0,1,7,8,253,1,19,-305,-67,Austin
2017,1,6,73,1,1,15,68,5,1,2,88,90,24,0,0,10,43,1,0,0,54,54,39,1,1,5,19,4,1,2,28,30,0,0,0,0,0,0,0,0,0,0,10,0,0,0,6,0,0,0,6,6,267,1,22,-303,-65,Austin
2018,1,6,75,4,4,21,70,2,1,8,93,101,32,0,1,7,40,2,0,1,49,50,34,3,3,14,22,0,1,6,36,42,1,0,0,0,0,0,0,0,0,0,8,1,0,0,8,0,0,1,8,9,266,2,26,-302,-64,Austin
2019,1,6,61,5,7,15,74,6,2,12,95,107,23,1,1,9,25,4,0,2,38,40,28,4,4,4,43,1,2,8,48,56,2,0,2,0,0,0,0,2,0,2,8,0,0,2,6,1,0,0,9,9,267,5,24,-301,-63,Austin
2020,1,6,69,2,5,12,89,9,5,7,110,117,27,0,1,8,38,4,0,1,50,51,38,2,3,4,41,4,3,5,49,54,0,0,0,0,1,1,0,0,2,2,4,0,1,0,9,0,2,1,9,10,281,3,27,-300,-62,Austin
2021,1,6,64,2,6,10,72,10,1,8,92,100,30,1,2,5,43,3,1,3,51,54,27,1,3,5,25,6,0,4,36,40,0,0,0,0,0,0,0,0,0,0,7,0,1,0,4,1,0,1,5,6,246,1,19,-305,-67,Austin
2022,1,6,43,1,4,13,54,16,3,5,83,88,18,1,0,3,26,10,2,1,39,40,20,0,3,9,24,4,0,3,37,40,0,0,1,0,0,1,0,1,1,2,5,0,0,1,4,1,1,0,6,6,217,3,15,-304,-66,Austin
2023,1,6,47,3,7,8,49,10,3,10,67,77,17,1,2,4,22,5,2,3,31,34,26,1,4,3,23,4,1,5,30,35,1,0,0,0,0,0,0,0,0,0,3,1,1,1,4,1,0,2,6,8,202,2,18,-303,-65,Austin
2024,1,6,49,4,5,11,55,12,6,9,78,87,16,1,0,8,24,4,1,1,36,37,29,3,3,2,25,5,5,6,32,38,1,0,0,0,0,0,0,0,0,0,3,0,2,1,6,3,0,2,10,12,223,3,17,-302,-64,Austin
2012,2,6,65,1,6,21,72,8,2,7,101,108,33,1,0,12,30,1,0,1,43,44,30,0,6,7,33,5,2,6,45,51,1,0,0,1,0,0,0,0,1,1,1,0,0,1,9,2,0,0,12,12,324,4,24,-272,-34,Austin
2013,2,6,89,2,3,13,92,2,0,5,107,112,44,0,1,5,50,2,0,1,57,58,37,2,2,5,35,0,0,4,40,44,2,0,0,2,1,0,0,0,3,3,6,0,0,1,6,0,0,0,7,7,332,6,24,-270,-32,Austin
2014,2,6,54,0,6,13,61,2,2,6,76,82,26,0,2,6,38,0,1,2,44,46,24,0,4,5,18,2,1,4,25,29,0,0,0,1,0,0,0,0,1,1,4,0,0,1,5,0,0,0,6,6,223,1,16,-269,-31,Austin
2015,2,6,84,1,6,13,67,8,1,7,88,95,34,1,5,9,39,2,0,6,50,56,44,0,1,2,21,4,0,1,27,28,1,0,0,1,0,1,0,0,2,2,5,0,0,1,7,1,1,0,9,9,288,4,17,-268,-30,Austin
2016,2,6,93,5,11,10,84,8,2,16,102,118,28,3,1,4,54,4,1,4,62,66,59,2,10,5,24,1,0,12,30,42,0,0,0,1,1,1,1,0,3,3,6,0,0,0,5,2,0,0,7,7,312,4,18,-274,-36,Austin
2017,2,6,80,1,7,15,64,6,3,8,85,93,31,1,2,10,34,3,2,3,47,50,39,0,5,5,24,2,1,5,31,36,0,0,0,0,0,0,0,0,0,0,10,0,0,0,6,1,0,0,7,7,279,0,22,-272,-34,Austin
2018,2,6,57,3,1,10,72,5,3,4,87,91,11,2,0,8,35,2,0,2,45,47,36,1,0,2,25,2,3,1,29,30,0,0,0,0,1,1,0,0,2,2,10,0,1,0,11,0,0,1,11,12,239,2,33,-271,-33,Austin
2019,2,6,72,1,4,9,83,3,3,5,95,100,23,0,2,4,44,1,2,2,49,51,41,1,0,4,27,1,1,1,32,33,1,0,0,0,0,0,0,0,0,0,7,0,2,1,12,1,0,2,14,16,270,2,26,-270,-32,Austin
2020,2,6,54,3,3,14,93,4,1,6,111,117,27,0,2,9,47,1,1,2,57,59,23,3,1,3,40,1,0,4,44,48,1,0,0,1,0,2,0,0,3,3,3,0,0,1,6,0,0,0,7,7,260,4,14,-269,-31,Austin
2021,2,6,74,3,6,13,75,9,3,9,97,106,33,0,2,6,38,4,1,2,48,50,37,3,3,7,36,4,2,6,47,53,0,0,0,0,0,0,0,0,0,0,4,0,1,0,1,1,0,1,2,3,265,2,13,-274,-36,Austin
2022,2,6,59,2,8,14,49,11,5,10,74,84,27,2,3,6,28,9,1,5,43,48,28,0,4,8,17,1,3,4,26,30,1,0,0,0,1,0,0,0,1,1,3,0,1,0,3,1,1,1,4,5,239,2,14,-273,-35,Austin
2023,2,6,49,6,6,15,52,25,6,12,92,104,16,4,3,7,32,11,3,7,50,57,28,2,2,7,19,11,3,4,37,41,1,0,0,1,0,0,0,0,1,1,4,0,1,0,1,3,0,1,4,5,258,2,15,-272,-34,Austin
2024,2,6,58,0,4,10,42,18,2,4,70,74,18,0,3,5,22,8,2,3,35,38,31,0,0,3,18,9,0,0,30,30,1,0,0,0,1,0,0,0,1,1,8,0,1,2,1,1,0,1,4,5,209,3,19,-271,-33,Austin
2012,3,6,93,3,1,19,83,11,0,4,113,117,53,2,1,16,40,6,0,3,62,65,33,1,0,3,38,4,0,1,45,46,1,0,0,0,0,0,0,0,0,0,6,0,0,0,5,1,0,0,6,6,343,2,21,-243,-5,Austin
2013,3,6,85,1,5,22,81,4,2,6,107,113,40,0,2,11,46,3,1,2,60,62,39,0,3,8,28,1,1,3,37,40,0,0,0,1,0,0,0,0,1,1,6,1,0,2,7,0,0,1,9,10,306,1,22,-242,-4,Austin
2014,3,6,64,1,3,20,76,7,0,4,103,107,23,1,2,16,45,4,0,3,65,68,39,0,1,4,24,3,0,1,31,32,0,0,0,0,0,0,0,0,0,0,2,0,0,0,7,0,0,0,7,7,319,0,12,-241,-3,Austin
2015,3,6,85,4,5,8,74,5,4,9,87,96,31,3,3,3,48,2,3,6,53,59,45,1,2,4,23,2,1,3,29,32,1,0,0,1,0,0,0,0,1,1,8,0,0,0,3,1,0,0,4,4,327,2,22,-240,-2,Austin
2016,3,6,100,5,10,14,72,6,1,15,92,107,43,2,3,5,41,4,0,5,50,55,52,3,5,7,25,2,1,8,34,42,1,0,0,2,1,0,0,0,3,3,4,0,2,0,5,0,0,2,5,7,315,4,20,-245,-7,Austin
2017,3,6,77,3,4,18,57,9,2,7,84,91,35,0,1,12,39,2,1,1,53,54,34,3,2,5,12,5,1,5,22,27,0,0,0,0,0,0,0,0,0,0,8,0,1,1,6,2,0,1,9,10,278,0,23,-244,-6,Austin
2018,3,6,80,1,5,15,52,9,3,6,76,82,33,0,2,10,28,4,1,2,42,44,40,1,3,5,20,5,2,4,30,34,0,0,0,0,0,0,0,0,0,0,7,0,0,0,4,0,0,0,4,4,267,0,17,-243,-5,Austin
2019,3,6,66,1,3,5,65,9,1,4,79,83,25,0,2,3,35,4,1,2,42,44,33,1,1,2,20,5,0,2,27,29,0,0,0,0,0,0,0,0,0,0,8,0,0,0,10,0,0,0,10,10,238,0,24,-242,-4,Austin
2020,3,6,83,6,7,6,68,10,4,13,84,97,45,1,4,4,39,6,2,5,49,54,31,4,3,2,25,4,2,7,31,38,0,0,0,0,0,0,0,0,0,0,7,1,0,0,4,0,0,1,4,5,317,1,21,-240,-2,Austin
2021,3,6,50,3,4,10,69,13,1,7,92,99,18,1,2,6,36,9,0,3,51,54,29,2,2,4,26,4,1,4,34,38,0,0,0,0,0,0,0,0,0,0,3,0,0,0,7,0,0,0,7,7,229,0,17,-246,-8,Austin
2022,3,6,55,2,5,22,64,13,1,7,99,106,20,2,2,10,30,6,0,4,46,50,30,0,3,12,32,6,1,3,50,53,0,0,0,0,0,0,0,0,0,0,5,0,0,0,2,1,0,0,3,3,240,0,18,-245,-7,Austin
2023,3,6,39,1,6,15,52,12,5,7,79,86,22,1,1,5,24,8,1,2,37,39,16,0,4,10,25,4,3,4,39,43,0,0,0,0,0,0,0,0,0,0,1,0,1,0,3,0,1,1,3,4,215,0,10,-244,-6,Austin
2024,3,6,62,4,7,10,58,15,5,11,83,94,27,1,3,5,29,9,3,4,43,47,30,2,3,3,25,4,2,5,32,37,0,0,0,0,0,0,0,0,0,0,5,1,1,2,4,2,0,2,8,10,248,0,19,-242,-4,Austin
2012,4,6,102,2,7,25,110,6,0,9,141,150,53,1,1,15,63,3,0,2,81,83,36,1,6,5,41,1,0,7,47,54,1,0,0,0,0,1,0,0,1,1,12,0,0,5,6,1,0,0,12,12,378,2,30,-212,26,Austin
2013,4,6,116,2,5,10,102,7,0,7,119,126,60,1,1,7,59,7,0,2,73,75,49,1,3,2,36,0,0,4,38,42,1,0,0,1,1,0,0,0,2,2,6,0,1,0,6,0,0,1,6,7,386,3,27,-211,27,Austin
2014,4,6,91,2,3,16,69,3,2,5,88,93,41,1,0,8,43,1,1,1,52,53,42,1,3,7,19,2,1,4,28,32,0,0,0,0,1,0,0,0,1,1,8,0,0,1,6,0,0,0,7,7,288,1,17,-210,28,Austin
2015,4,6,76,1,1,14,78,6,3,2,98,100,40,1,1,8,40,4,2,2,52,54,24,0,0,3,27,2,1,0,32,32,1,0,0,0,1,0,0,0,1,1,11,0,0,3,10,0,0,0,13,13,294,3,28,-209,29,Austin
2016,4,6,82,3,8,11,74,6,1,11,91,102,45,0,4,9,46,4,0,4,59,63,30,2,2,2,23,1,1,4,26,30,1,0,0,0,3,0,0,0,3,3,6,1,2,0,2,1,0,3,3,6,287,8,15,-214,24,Austin
2017,4,6,90,1,4,17,59,2,2,5,78,83,46,1,3,6,29,1,2,4,36,40,38,0,1,8,24,1,0,1,33,34,0,0,0,0,0,0,0,0,0,0,6,0,0,3,6,0,0,0,9,9,296,2,32,-213,25,Austin
2018,4,6,97,2,4,10,69,5,1,6,84,90,49,1,1,8,42,3,1,2,53,55,40,1,1,2,21,1,0,2,24,26,0,0,0,0,0,0,0,0,0,0,8,0,2,0,6,1,0,2,7,9,309,0,24,-212,26,Austin
2019,4,6,68,5,6,6,76,10,1,11,92,103,32,1,2,5,49,3,0,3,57,60,31,4,4,1,22,7,1,8,30,38,0,0,0,0,2,0,0,0,2,2,5,0,0,0,3,0,0,0,3,3,281,6,13,-211,27,Austin
2020,4,6,52,4,5,12,63,6,2,9,81,90,35,1,2,5,43,4,0,3,52,55,11,3,3,7,14,2,2,6,23,29,0,0,0,0,1,0,0,0,1,1,6,0,0,0,5,0,0,0,5,5,215,1,22,-209,29,Austin
2021,4,6,77,1,7,16,61,10,3,8,87,95,52,0,2,9,39,8,1,2,56,58,21,1,3,5,17,2,2,4,24,28,0,0,0,0,1,0,0,0,1,1,4,0,2,2,4,0,0,2,6,8,317,5,20,-215,23,Austin
2022,4,6,51,1,6,12,69,12,4,7,93,100,23,1,0,9,35,6,1,1,50,51,24,0,4,1,29,4,2,4,34,38,1,0,0,1,0,0,0,0,1,1,3,0,2,1,5,2,1,2,8,10,246,3,21,-214,24,Austin
2023,4,6,42,2,4,12,51,15,4,6,78,84,25,1,2,5,28,6,2,3,39,42,9,1,2,6,14,8,2,3,28,31,2,0,0,0,1,0,0,0,1,1,6,0,0,1,8,1,0,0,10,10,206,6,19,-213,25,Austin
2024,4,6,47,2,8,7,58,27,4,10,92,102,17,0,4,2,31,9,3,4,42,46,28,2,4,4,20,15,1,6,39,45,0,0,0,0,0,0,0,0,0,0,2,0,0,1,7,3,0,0,11,11,244,1,19,-211,27,Austin
2012,5,6,110,2,9,20,95,16,1,11,131,142,48,0,1,8,50,4,0,1,62,63,51,2,7,11,40,11,1,9,62,71,1,0,0,0,0,0,0,0,0,0,10,0,1,1,5,1,0,1,7,8,355,2,25,-182,56,Austin
2013,5,6,68,2,3,31,105,3,1,5,139,144,32,1,3,21,59,1,0,4,81,85,28,1,0,8,37,2,0,1,47,48,1,0,0,1,1,0,0,0,2,2,7,0,0,1,8,0,1,0,9,9,329,4,24,-181,57,Austin
2014,5,6,82,1,6,19,72,5,1,7,96,103,46,0,2,13,59,1,1,2,73,75,21,1,4,6,12,4,0,5,22,27,2,0,0,0,0,0,0,0,0,0,13,0,0,0,1,0,0,0,1,1,315,2,19,-180,58,Austin
2015,5,6,70,3,3,13,88,1,0,6,102,108,42,2,2,10,60,1,0,4,71,75,22,0,1,2,21,0,0,1,23,24,1,0,0,0,0,0,0,0,0,0,5,1,0,1,7,0,0,1,8,9,306,1,19,-179,59,Austin
2016,5,6,87,4,1,23,72,4,0,5,99,104,42,0,0,16,39,3,0,0,58,58,35,4,1,7,27,0,0,5,34,39,0,0,0,0,0,0,0,0,0,0,10,0,0,0,6,1,0,0,7,7,313,0,20,-184,54,Austin
2017,5,6,83,3,8,11,87,5,0,11,103,114,37,1,4,6,55,2,0,5,63,68,42,2,3,5,25,3,0,5,33,38,0,0,0,0,0,0,0,0,0,0,4,0,1,0,7,0,0,1,7,8,324,2,17,-183,55,Austin
2018,5,6,89,4,9,10,71,4,1,13,85,98,42,2,3,3,37,2,0,5,42,47,38,2,5,7,31,2,1,7,40,47,1,0,0,0,1,0,0,0,1,1,8,0,1,0,2,0,0,1,2,3,286,4,17,-182,56,Austin
2019,5,6,69,4,6,4,103,11,1,10,118,128,38,3,2,2,72,6,0,5,80,85,26,1,3,1,23,3,1,4,27,31,0,0,0,0,1,0,0,0,1,1,5,0,1,1,7,2,0,1,10,11,302,1,23,-181,57,Austin
2020,5,6,80,4,8,11,66,9,2,12,86,98,43,3,3,6,51,4,0,6,61,67,29,1,5,5,13,4,2,6,22,28,0,0,0,0,0,0,0,0,0,0,8,0,0,0,2,1,0,0,3,3,273,0,19,-179,59,Austin
2021,5,6,64,5,3,13,61,20,2,8,94,102,34,1,1,7,41,13,1,2,61,63,24,3,2,6,12,5,1,5,23,28,0,0,0,0,0,1,0,0,1,1,6,1,0,0,8,1,0,1,9,10,280,2,24,-185,53,Austin
2022,5,6,65,1,8,5,58,10,1,9,73,82,42,1,3,2,41,9,1,4,52,56,17,0,2,3,13,1,0,2,17,19,1,0,0,0,0,0,0,0,0,0,5,0,3,0,4,0,0,3,4,7,224,1,17,-184,54,Austin
2023,5,6,53,2,5,17,56,19,1,7,92,99,20,2,2,3,24,13,1,4,40,44,27,0,2,13,29,5,0,2,47,49,0,0,0,0,0,0,0,0,0,0,6,0,1,1,3,1,0,1,5,6,231,1,18,-183,55,Austin
2024,5,6,45,3,7,16,60,21,2,10,97,107,26,3,5,9,31,12,0,8,52,60,17,0,2,6,26,6,2,2,38,40,0,0,0,0,0,0,0,0,0,0,2,0,0,1,3,3,0,0,7,7,260,1,14,-181,57,Austin
2012,6,6,99,2,1,16,90,11,0,3,117,120,52,0,1,14,63,7,0,1,84,85,31,2,0,1,16,3,0,2,20,22,0,0,0,0,0,0,0,0,0,0,16,0,0,1,11,1,0,0,13,13,354,0,40,-151,87,Austin
2013,6,6,96,1,4,12,122,4,1,5,138,143,53,0,2,10,80,3,1,2,93,95,31,0,1,2,26,0,0,1,28,29,1,0,0,0,0,0,0,0,0,0,11,1,1,0,16,1,0,2,17,19,390,1,46,-150,88,Austin
2014,6,6,100,2,5,17,69,2,3,7,88,95,47,1,1,12,48,1,1,2,61,63,34,0,4,4,10,1,2,4,15,19,0,0,0,0,0,0,0,0,0,0,19,1,0,1,11,0,0,1,12,13,339,0,41,-149,89,Austin
2015,6,6,83,2,6,13,71,6,2,8,90,98,40,1,3,8,42,3,2,4,53,57,31,1,2,3,22,2,0,3,27,30,0,0,1,0,0,0,0,1,0,1,12,0,0,2,7,1,0,0,10,10,327,3,40,-148,90,Austin
2016,6,6,108,2,7,16,80,6,6,9,102,111,68,2,1,14,50,2,4,3,66,69,26,0,5,2,17,3,1,5,22,27,0,0,0,0,0,0,0,0,0,0,14,0,1,0,13,1,1,1,14,15,330,0,37,-153,85,Austin
2017,6,6,105,0,3,12,54,5,0,3,71,74,62,0,2,6,31,4,0,2,41,43,34,0,0,3,16,0,0,0,19,19,0,0,0,0,0,0,0,0,0,0,9,0,1,3,7,1,0,1,11,12,282,1,26,-152,86,Austin
2018,6,6,72,3,7,10,66,8,4,10,84,94,46,1,1,7,49,6,3,2,62,64,18,1,5,2,10,1,1,6,13,19,0,1,0,0,0,0,0,1,0,1,8,0,1,1,7,1,0,1,9,10,284,1,21,-151,87,Austin
2019,6,6,59,0,7,7,80,10,3,7,97,104,34,0,4,5,58,3,2,4,66,70,17,0,3,1,13,2,1,3,16,19,0,0,0,0,1,0,0,0,1,1,8,0,0,1,8,5,0,0,14,14,257,1,28,-150,88,Austin
2020,6,6,57,0,5,12,68,5,2,5,85,90,29,0,2,3,48,3,0,2,54,56,18,0,3,9,15,2,2,3,26,29,0,0,0,0,0,0,0,0,0,0,10,0,0,0,5,0,0,0,5,5,252,2,22,-148,90,Austin
2021,6,6,56,2,9,15,58,12,6,11,85,96,25,0,5,10,38,8,3,5,56,61,25,2,3,4,17,3,2,5,24,29,0,0,1,0,1,0,0,1,1,2,6,0,0,1,2,1,1,0,4,4,230,2,13,-154,84,Austin
2022,6,6,50,5,12,12,70,5,4,17,87,104,25,1,6,7,42,5,2,7,54,61,19,3,4,2,22,0,2,7,24,31,1,0,0,0,0,0,0,0,0,0,5,1,2,3,6,0,0,3,9,12,251,1,23,-153,85,Austin
2023,6,6,44,0,6,14,61,20,1,6,95,101,18,0,4,6,29,10,1,4,45,49,22,0,1,7,27,8,0,1,42,43,0,0,1,1,0,0,0,1,1,2,4,0,0,0,5,2,0,0,7,7,236,3,20,-152,86,Austin
2024,6,6,53,3,9,15,54,18,3,12,87,99,26,2,2,7,32,15,2,4,54,58,23,1,4,4,20,2,1,5,26,31,0,0,0,1,0,0,0,0,1,1,4,0,3,3,2,1,0,3,6,9,259,4,22,-150,88,Austin
2012,7,6,108,1,4,18,121,8,0,5,147,152,51,0,3,13,74,7,0,3,94,97,45,1,1,4,26,1,0,2,31,33,0,0,0,0,0,0,0,0,0,0,12,0,0,1,21,0,0,0,22,22,392,0,46,-121,117,Austin
2013,7,6,107,4,6,17,111,13,0,10,141,151,63,1,4,5,66,7,0,5,78,83,34,2,1,10,31,5,0,3,46,49,1,0,0,0,0,0,0,0,0,0,9,1,1,2,14,1,0,2,17,19,403,1,43,-120,118,Austin
2014,7,6,108,5,10,17,75,8,1,15,100,115,53,1,4,13,43,5,0,5,61,66,42,4,3,4,24,3,1,7,31,38,1,0,0,0,0,0,0,0,0,0,12,0,3,0,8,0,0,3,8,11,331,2,28,-119,119,Austin
2015,7,6,83,1,3,14,81,8,3,4,103,107,41,1,1,10,64,7,2,2,81,83,29,0,2,4,16,0,1,2,20,22,1,0,0,0,1,0,0,0,1,1,12,0,0,0,0,1,0,0,1,1,306,2,22,-118,120,Austin
2016,7,6,86,1,5,17,71,6,1,6,94,100,52,0,1,10,44,4,1,1,58,59,24,1,3,5,13,2,0,4,20,24,0,0,0,1,1,0,0,0,2,2,10,0,1,1,13,0,0,1,14,15,295,4,30,-123,115,Austin
2017,7,6,77,1,6,8,60,6,4,7,74,81,36,0,4,5,39,3,1,4,47,51,32,1,2,1,16,1,1,3,18,21,0,0,0,1,0,0,0,0,1,1,9,0,0,1,5,2,2,0,8,8,304,1,34,-122,116,Austin
2018,7,6,79,1,8,11,67,9,3,9,87,96,45,1,4,8,49,3,3,5,60,65,26,0,2,3,12,3,0,2,18,20,1,0,0,0,0,0,0,0,0,0,7,0,2,0,6,3,0,2,9,11,274,1,23,-121,117,Austin
2019,7,6,65,3,4,12,79,15,1,7,106,113,34,1,1,7,45,6,0,2,58,60,27,1,3,5,26,7,1,4,38,42,0,0,0,0,1,2,0,0,3,3,4,1,0,0,7,0,0,1,7,8,289,5,21,-120,118,Austin
2020,7,6,71,4,4,13,78,13,3,8,104,112,41,0,2,11,50,10,1,2,71,73,17,4,1,2,17,3,1,5,22,27,1,0,0,0,0,0,0,0,0,0,12,0,1,0,11,0,1,1,11,12,270,2,33,-118,120,Austin
2021,7,6,63,4,12,17,69,15,2,16,101,117,39,4,9,9,49,8,1,13,66,79,18,0,2,7,14,5,1,2,26,28,1,0,0,0,0,0,0,0,0,0,5,0,1,1,6,2,0,1,9,10,259,1,22,-124,114,Austin
2022,7,6,41,2,4,12,73,15,4,6,100,106,25,1,2,4,42,11,3,3,57,60,13,1,1,8,22,3,1,2,33,35,0,0,0,0,1,0,0,0,1,1,3,0,1,0,8,1,0,1,9,10,242,2,18,-123,115,Austin
2023,7,6,60,3,8,9,57,10,0,11,76,87,37,2,4,2,31,7,0,6,40,46,17,1,4,6,14,3,0,5,23,28,0,0,0,0,2,0,0,0,2,2,6,0,0,1,10,0,0,0,11,11,230,2,25,-122,116,Austin
2024,7,6,36,5,7,9,60,11,4,12,80,92,24,2,3,5,35,7,1,5,47,52,11,2,1,4,20,2,3,3,26,29,0,0,0,0,1,0,0,0,1,1,1,1,3,0,4,2,0,4,6,10,203,1,14,-120,118,Austin
2012,8,6,103,1,3,28,95,6,3,4,129,133,52,0,2,18,56,4,1,2,78,80,39,1,1,7,30,2,2,2,39,41,1,0,0,1,1,0,0,0,2,2,11,0,0,2,8,0,0,0,10,10,365,6,32,-90,148,Austin
2013,8,6,86,2,1,16,87,6,0,3,109,112,48,1,0,11,50,3,0,1,64,65,33,1,1,3,32,3,0,2,38,40,0,0,0,1,0,0,0,0,1,1,5,0,0,1,5,0,0,0,6,6,319,1,18,-89,149,Austin
2014,8,6,88,2,5,13,93,5,1,7,111,118,53,2,0,7,69,3,0,2,79,81,28,0,4,3,15,2,1,4,20,24,0,0,0,0,0,0,0,0,0,0,7,0,1,3,9,0,0,1,12,13,332,0,30,-88,150,Austin
2015,8,6,61,1,3,15,95,3,1,4,113,117,29,0,1,9,59,3,1,1,71,72,26,0,1,4,29,0,0,1,33,34,1,0,0,0,1,0,0,0,1,1,5,1,1,2,6,0,0,2,8,10,300,3,24,-87,151,Austin
2016,8,6,85,6,4,13,55,3,2,10,71,81,37,1,2,11,37,1,2,3,49,52,39,5,1,2,15,2,0,6,19,25,1,0,1,0,0,0,0,1,0,1,8,0,0,0,3,0,0,0,3,3,281,5,20,-92,146,Austin
2017,8,6,77,2,5,12,66,3,2,7,81,88,31,0,2,6,38,1,1,2,45,47,37,2,3,6,23,2,1,5,31,36,1,0,0,0,0,0,0,0,0,0,8,0,0,0,5,0,0,0,5,5,265,2,23,-91,147,Austin
2018,8,6,79,5,5,19,75,6,4,10,100,110,46,2,2,13,53,2,3,4,68,72,24,2,3,4,15,2,0,5,21,26,0,0,0,0,0,0,0,0,0,0,9,1,0,2,7,2,1,1,11,12,282,0,27,-90,148,Austin
2019,8,6,61,6,2,14,82,6,3,8,102,110,38,2,1,8,52,2,2,3,62,65,20,4,1,5,24,2,1,5,31,36,0,0,0,0,0,0,0,0,0,0,3,0,0,1,6,2,0,0,9,9,286,0,18,-89,149,Austin
2020,8,6,66,4,3,15,80,13,3,7,108,115,37,3,2,7,58,10,3,5,75,80,23,1,1,7,15,2,0,2,24,26,0,0,0,0,1,0,0,0,1,1,6,0,0,1,6,1,0,0,8,8,270,1,25,-87,151,Austin
2021,8,6,44,1,7,11,70,16,1,8,97,105,35,1,4,9,40,8,0,5,57,62,9,0,2,2,22,6,1,2,30,32,0,0,0,0,1,0,0,0,1,1,0,0,1,0,7,2,0,1,9,10,249,1,13,-93,145,Austin
2022,8,6,62,1,3,9,71,16,2,4,96,100,30,0,1,5,47,10,0,1,62,63,29,1,1,3,19,4,2,2,26,28,0,0,0,0,1,0,0,0,1,1,3,0,1,1,4,2,0,1,7,8,240,1,15,-92,146,Austin
2023,8,6,72,3,8,10,56,21,6,11,87,98,39,0,6,5,29,14,3,6,48,54,29,1,1,5,22,5,3,2,32,34,0,1,0,0,0,1,0,1,1,2,4,1,1,0,5,1,0,2,6,8,254,2,16,-91,147,Austin
2024,8,6,56,3,5,4,45,12,4,8,61,69,29,2,3,3,30,7,3,5,40,45,19,1,2,1,11,5,1,3,17,20,2,0,0,0,1,0,0,0,1,1,6,0,0,0,3,0,0,0,3,3,201,4,14,-89,149,Austin
2012,9,6,87,4,5,23,94,5,3,9,122,131,46,2,1,15,67,0,1,3,82,85,30,2,2,8,17,3,2,4,28,32,0,0,0,0,1,0,0,0,1,1,11,0,2,0,9,2,0,2,11,13,357,2,28,-59,179,Austin
2013,9,6,82,1,2,23,108,4,1,3,135,138,36,0,0,15,65,1,1,0,81,81,34,1,2,6,33,3,0,3,42,45,2,0,0,1,2,0,0,0,3,3,10,0,0,1,8,0,0,0,9,9,346,7,34,-58,180,Austin
2014,9,6,82,1,6,13,82,3,0,7,98,105,38,0,1,9,47,1,0,1,57,58,36,1,4,3,29,2,0,5,34,39,0,0,0,0,2,0,0,0,2,2,8,0,1,1,4,0,0,1,5,6,308,2,20,-57,181,Austin
2015,9,6,85,4,4,12,77,4,0,8,93,101,38,2,0,6,46,2,0,2,54,56,42,2,4,2,24,2,0,6,28,34,0,0,0,0,0,0,0,0,0,0,5,0,0,4,7,0,0,0,11,11,302,0,24,-56,182,Austin
2016,9,6,75,4,5,15,55,3,3,9,73,82,34,3,3,10,40,3,1,6,53,59,33,1,2,4,11,0,2,3,15,18,0,0,0,0,0,0,0,0,0,0,8,0,0,1,4,0,0,0,5,5,289,0,21,-61,177,Austin
2017,9,6,78,2,3,9,66,6,0,5,81,86,45,1,0,2,43,5,0,1,50,51,28,1,3,6,17,0,0,4,23,27,0,0,0,0,0,1,0,0,1,1,5,0,0,1,6,0,0,0,7,7,269,3,18,-60,178,Austin
2018,9,6,59,2,3,13,79,10,4,5,102,107,28,0,2,7,48,5,3,2,60,62,21,2,1,4,25,2,1,3,31,34,0,0,0,1,1,0,0,0,2,2,10,0,0,1,5,3,0,0,9,9,254,2,25,-59,179,Austin
2019,9,6,67,2,11,17,77,6,0,13,100,113,31,0,2,14,43,2,0,2,59,61,30,2,9,1,30,4,0,11,35,46,0,0,0,0,0,0,0,0,0,0,6,0,0,2,4,0,0,0,6,6,305,1,24,-58,180,Austin
2020,9,6,57,6,8,10,93,9,2,14,112,126,24,2,2,4,59,5,0,4,68,72,28,2,6,5,31,3,2,8,39,47,0,0,0,0,0,0,0,0,0,0,5,2,0,1,3,1,0,2,5,7,279,0,19,-56,182,Austin
2021,9,6,61,6,15,13,54,13,4,21,80,101,38,3,10,7,37,6,0,13,50,63,20,2,5,5,12,7,2,7,24,31,0,0,0,0,2,0,1,0,2,2,3,1,0,1,3,0,1,1,4,5,254,4,13,-62,176,Austin
2022,9,6,55,3,6,12,64,11,2,9,87,96,23,2,2,5,35,5,2,4,45,49,27,1,4,6,24,5,0,5,35,40,1,0,0,1,1,0,0,0,2,2,4,0,0,0,4,1,0,0,5,5,241,4,14,-61,177,Austin
2023,9,6,53,0,3,7,42,18,1,3,67,70,29,0,3,1,24,10,1,3,35,38,20,0,0,6,16,6,0,0,28,28,1,0,0,0,1,0,0,0,1,1,3,0,0,0,1,2,0,0,3,3,194,3,9,-60,178,Austin
2024,9,6,52,0,7,7,56,16,4,7,79,86,28,0,3,5,26,11,2,3,42,45,20,0,3,2,21,4,2,3,27,30,0,0,0,0,0,0,0,0,0,0,4,0,1,0,9,1,0,1,10,11,242,0,17,-58,180,Austin
2012,10,6,84,4,6,14,87,7,0,10,108,118,36,1,3,7,42,0,0,4,49,53,41,3,3,7,35,6,0,6,48,54,0,0,0,0,0,1,0,0,1,1,7,0,0,0,10,0,0,0,10,10,328,1,26,-29,209,Austin
2013,10,6,78,2,10,13,114,6,2,12,133,145,26,0,3,4,60,1,1,3,65,68,48,2,6,9,39,5,1,8,53,61,0,0,0,0,0,0,0,0,0,0,4,0,1,0,15,0,0,1,15,16,338,1,28,-28,210,Austin
2014,10,6,92,3,5,21,90,3,1,8,114,122,56,0,2,15,43,0,1,2,58,60,32,3,3,6,41,1,0,6,48,54,1,0,0,0,1,0,0,0,1,1,3,0,0,0,5,2,0,0,7,7,324,3,21,-27,211,Austin
2015,10,6,75,2,2,18,77,5,1,4,100,104,38,2,1,10,42,3,1,3,55,58,29,0,1,7,25,2,0,1,34,35,0,0,0,1,0,0,0,0,1,1,8,0,0,0,10,0,0,0,10,10,301,1,24,-26,212,Austin
2016,10,6,87,1,8,20,66,6,2,9,92,101,37,0,1,12,41,4,0,1,57,58,42,1,6,7,23,2,2,7,32,39,0,0,0,0,1,0,0,0,1,1,8,0,1,1,1,0,0,1,2,3,295,2,15,-31,207,Austin
2017,10,6,66,0,2,9,77,5,1,2,91,93,33,0,1,6,46,3,0,1,55,56,28,0,1,3,23,2,0,1,28,29,1,0,0,0,0,0,0,0,0,0,4,0,0,0,8,0,1,0,8,8,270,1,24,-30,208,Austin
2018,10,6,63,5,5,6,120,4,1,10,130,140,25,2,3,6,59,2,0,5,67,72,30,3,2,0,45,2,1,5,47,52,1,0,0,0,0,0,0,0,0,0,7,0,0,0,16,0,0,0,16,16,306,1,25,-29,209,Austin
2019,10,6,84,4,9,8,174,9,2,13,191,204,31,2,2,3,87,5,1,4,95,99,47,2,7,4,58,3,1,9,65,74,0,0,0,0,1,0,0,0,1,1,6,0,0,1,28,1,0,0,30,30,383,1,42,-28,210,Austin
2020,10,6,58,3,8,7,64,7,4,11,78,89,28,0,2,2,42,3,2,2,47,49,23,3,5,5,21,2,2,8,28,36,0,0,0,0,0,0,0,0,0,0,7,0,1,0,1,2,0,1,3,4,241,0,19,-26,212,Austin
2021,10,6,53,3,9,10,58,18,2,12,86,98,29,1,5,4,33,9,1,6,46,52,20,2,4,5,21,7,1,6,33,39,0,0,0,0,0,0,0,0,0,0,4,0,0,1,4,2,0,0,7,7,242,1,15,-32,206,Austin
2022,10,6,53,3,8,9,70,17,2,11,96,107,26,2,2,4,51,8,2,4,63,67,23,0,6,4,15,9,0,6,28,34,0,0,0,1,0,0,0,0,1,1,4,1,0,0,4,0,0,1,4,5,267,1,15,-31,207,Austin
2023,10,6,46,2,3,12,95,16,1,5,123,128,20,1,1,4,43,9,1,2,56,58,22,1,2,8,44,6,0,3,58,61,0,0,0,0,0,1,0,0,1,1,4,0,0,0,8,0,0,0,8,8,295,2,18,-30,208,Austin
2024,10,6,62,2,11,9,61,18,7,13,88,101,30,1,5,4,31,7,1,6,42,48,28,1,5,5,18,10,6,6,33,39,2,0,0,0,1,0,0,0,1,1,2,0,1,0,11,1,0,1,12,13,260,4,23,-28,210,Austin
2012,11,6,79,0,5,20,72,2,1,5,94,99,31,0,1,14,45,2,1,1,61,62,41,0,4,2,20,0,0,4,22,26,0,0,0,1,0,0,0,0,1,1,7,0,0,3,7,0,0,0,10,10,316,1,27,2,240,Austin
2013,11,6,79,3,2,19,106,9,0,5,134,139,25,1,1,13,55,3,0,2,71,73,45,2,1,5,40,4,0,3,49,52,0,0,0,0,1,0,0,0,1,1,9,0,0,1,10,2,0,0,13,13,307,2,29,3,241,Austin
2014,11,6,68,1,6,11,75,9,1,7,95,102,29,0,2,5,37,5,1,2,47,49,33,1,4,6,28,4,0,5,38,43,1,0,0,0,1,0,0,0,1,1,5,0,0,0,9,0,0,0,9,9,260,2,20,4,242,Austin
2015,11,6,81,3,5,19,73,5,4,8,97,105,30,1,0,13,41,4,0,1,58,59,44,2,4,5,26,1,3,6,32,38,0,0,0,1,0,0,0,0,1,1,7,0,1,0,6,0,1,1,6,7,305,2,23,5,243,Austin
2016,11,6,80,2,7,16,75,4,4,9,95,104,22,0,2,9,39,3,2,2,51,53,55,1,5,7,28,1,2,6,36,42,0,0,0,0,0,0,0,0,0,0,3,1,0,0,8,0,0,1,8,9,284,0,16,0,238,Austin
2017,11,6,79,3,7,17,69,9,4,10,95,105,27,3,5,8,35,3,2,8,46,54,46,0,1,9,24,4,2,1,37,38,1,0,0,0,1,0,0,0,1,1,5,0,1,0,9,2,0,1,11,12,284,2,24,1,239,Austin
2018,11,6,64,1,4,8,72,7,1,5,87,92,20,0,3,4,36,2,1,3,42,45,36,1,1,3,22,5,0,2,30,32,0,0,0,0,1,0,0,0,1,1,8,0,0,1,13,0,0,0,14,14,254,2,27,2,240,Austin
2019,11,6,57,4,5,18,90,6,4,9,114,123,24,3,3,12,34,1,2,6,47,53,28,1,2,4,44,3,2,3,51,54,2,0,0,1,2,0,0,0,3,3,3,0,0,1,10,2,0,0,13,13,292,7,28,3,241,Austin
2020,11,6,75,4,6,8,96,18,2,10,122,132,33,2,3,4,55,9,0,5,68,73,36,2,2,4,32,9,2,4,45,49,0,0,0,0,0,0,0,0,0,0,6,0,1,0,9,0,0,1,9,10,313,0,30,5,243,Austin
2021,11,6,58,0,7,12,79,16,1,7,107,114,24,0,4,4,33,6,1,4,43,47,28,0,2,7,38,10,0,2,55,57,0,0,0,1,1,0,0,0,2,2,6,0,1,0,7,0,0,1,7,8,254,2,20,-1,237,Austin
2022,11,6,69,2,9,7,66,13,1,11,86,97,27,0,3,2,36,7,0,3,45,48,37,2,6,5,29,5,1,8,39,47,0,0,0,0,1,0,0,0,1,1,5,0,0,0,0,1,0,0,1,1,259,1,11,0,238,Austin
2023,11,6,49,1,4,10,53,26,0,5,89,94,23,0,2,1,28,11,0,2,40,42,22,1,1,8,22,10,0,2,40,42,0,0,0,0,0,0,0,0,0,0,4,0,1,1,3,5,0,1,9,10,224,1,18,1,239,Austin
2024,11,6,62,0,3,10,63,12,2,3,85,88,20,0,1,6,31,5,1,1,42,43,37,0,2,4,28,5,1,2,37,39,0,0,0,0,0,1,0,0,1,1,5,0,0,0,4,1,0,0,5,5,229,2,15,3,241,Austin
2012,12,6,88,2,5,12,118,6,3,7,136,143,32,2,2,5,54,2,1,4,61,65,53,0,2,7,55,4,1,2,66,68,0,0,0,0,1,0,0,0,1,1,3,0,1,0,8,0,1,1,8,9,339,1,19,32,270,Austin
2013,12,6,55,1,7,20,92,10,1,8,122,130,18,0,2,10,40,6,0,2,56,58,30,1,5,6,41,3,1,6,50,56,0,0,0,1,2,0,0,0,3,3,7,0,0,3,9,1,0,0,13,13,297,4,23,33,271,Austin
2014,12,6,78,3,1,16,67,13,1,4,96,100,29,0,0,8,30,6,0,0,44,44,45,3,1,7,30,6,0,4,43,47,0,0,0,1,0,0,1,0,1,1,4,0,0,0,7,1,0,0,8,8,296,5,18,34,272,Austin
2015,12,6,66,2,4,14,70,4,3,6,88,94,23,2,2,4,35,1,1,4,40,44,40,0,2,8,31,3,2,2,42,44,1,0,0,0,1,0,0,0,1,1,2,0,0,2,3,0,0,0,5,5,269,4,12,35,273,Austin
2016,12,6,86,2,3,17,75,7,1,5,99,104,26,0,2,11,46,4,1,2,61,63,54,2,1,5,28,1,0,3,34,37,1,0,0,0,0,0,0,0,0,0,5,0,0,1,1,2,0,0,4,4,278,1,17,30,268,Austin
2017,12,6,52,2,2,13,58,4,1,4,75,79,19,1,1,7,31,1,1,2,39,41,30,1,1,2,24,2,0,2,28,30,0,0,0,0,0,1,0,0,1,1,3,0,0,4,3,0,0,0,7,7,202,4,15,31,269,Austin
2018,12,6,67,2,4,2,100,4,2,6,106,112,20,0,2,2,39,1,1,2,42,44,40,2,2,0,50,3,1,4,53,57,0,0,0,0,0,0,0,0,0,0,7,0,0,0,11,0,0,0,11,11,270,2,22,32,270,Austin
2019,12,6,67,3,4,16,90,6,4,7,112,119,26,2,1,9,39,3,0,3,51,54,35,1,3,6,38,2,4,4,46,50,0,0,0,1,0,0,0,0,1,1,6,0,0,0,13,1,0,0,14,14,321,1,36,33,271,Austin
2020,12,6,54,4,7,10,60,8,3,11,78,89,15,2,1,4,32,2,1,3,38,41,32,2,6,6,21,1,2,8,28,36,0,0,0,0,0,0,0,0,0,0,7,0,0,0,7,5,0,0,12,12,245,0,28,35,273,Austin
2021,12,6,54,1,7,19,67,15,4,8,101,109,21,1,2,10,33,6,1,3,49,52,28,0,5,9,29,8,2,5,46,51,0,0,0,0,0,1,0,0,1,1,5,0,0,0,5,0,1,0,5,5,265,1,17,29,267,Austin
2022,12,6,51,2,8,17,60,18,5,10,95,105,19,2,3,4,34,7,4,5,45,50,26,0,5,12,23,8,1,5,43,48,1,0,0,1,1,1,0,0,3,3,5,0,0,0,2,2,0,0,4,4,232,5,12,30,268,Austin
2023,12,6,53,0,8,13,53,12,2,8,78,86,21,0,2,4,15,5,0,2,24,26,27,0,5,9,35,7,2,5,51,56,0,0,0,0,0,0,0,0,0,0,5,0,1,0,3,0,0,1,3,4,249,1,15,31,269,Austin
2024,12,6,44,1,7,7,43,10,6,8,60,68,14,1,3,4,24,7,1,4,35,39,27,0,3,2,16,3,5,3,21,24,0,0,0,0,0,0,0,0,0,0,3,0,1,1,3,0,0,1,4,5,227,0,19,33,271,Austin
2012,1,7,85,1,3,12,103,1,2,4,116,120,30,0,0,5,54,0,0,0,59,59,49,1,3,7,40,1,2,4,48,52,0,0,0,0,0,0,0,0,0,0,6,0,0,0,9,0,0,0,9,9,343,0,25,-302,-64,Austin
2013,1,7,76,4,3,11,74,12,2,7,97,104,28,1,1,9,33,7,0,2,49,51,42,3,1,2,31,4,2,4,37,41,0,0,1,0,0,0,0,1,0,1,6,0,0,0,10,1,0,0,11,11,298,1,24,-300,-62,Austin
2014,1,7,101,0,4,36,67,2,0,4,105,109,36,0,1,17,31,1,0,1,49,50,52,0,3,15,30,0,0,3,45,48,0,0,0,1,0,1,0,0,2,2,13,0,0,3,6,0,0,0,9,9,306,3,33,-299,-61,Austin
2015,1,7,73,3,3,7,64,1,4,6,72,78,34,1,0,6,33,0,1,1,39,40,33,1,2,1,25,1,3,3,27,30,2,0,0,0,0,0,0,0,0,0,4,1,1,0,6,0,0,2,6,8,258,3,18,-298,-60,Austin
2016,1,7,79,1,2,20,80,7,2,3,107,110,25,1,1,9,41,3,1,2,53,55,46,0,1,9,31,3,1,1,43,44,1,0,0,0,2,0,0,0,2,2,7,0,0,2,6,1,0,0,9,9,298,3,26,-304,-66,Austin
2017,1,7,79,4,4,8,56,3,2,8,67,75,16,0,2,2,22,3,1,2,27,29,55,3,2,6,27,0,1,5,33,38,2,0,0,0,1,0,0,0,1,1,6,1,0,0,6,0,0,1,6,7,235,3,19,-302,-64,Austin
2018,1,7,79,6,3,11,74,6,1,9,91,100,33,0,0,4,28,3,0,0,35,35,43,6,3,6,33,3,1,9,42,51,0,0,0,1,0,0,0,0,1,1,3,0,0,0,13,0,0,0,13,13,270,1,25,-301,-63,Austin
2019,1,7,55,4,5,14,75,8,2,9,97,106,26,0,2,5,33,3,1,2,41,43,21,4,3,8,33,5,0,7,46,53,0,0,0,0,1,0,1,0,1,1,8,0,0,1,8,0,0,0,9,9,239,3,24,-300,-62,Austin
2020,1,7,54,4,7,8,70,2,1,11,80,91,24,2,5,2,32,1,0,7,35,42,29,2,2,6,27,1,1,4,34,38,0,0,0,0,1,0,0,0,1,1,1,0,0,0,10,0,0,0,10,10,232,2,22,-299,-61,Austin
2021,1,7,65,1,10,14,45,7,1,11,66,77,30,0,3,6,23,3,0,3,32,35,26,1,7,8,18,3,1,8,29,37,1,0,0,0,0,1,0,0,1,1,8,0,0,0,4,0,0,0,4,4,238,2,22,-304,-66,Austin
2022,1,7,48,5,6,14,61,12,2,11,87,98,19,3,1,7,32,4,1,4,43,47,20,2,4,5,23,7,1,6,35,41,1,0,1,0,0,0,0,1,0,1,8,0,0,2,6,1,0,0,9,9,223,3,22,-303,-65,Austin
2023,1,7,56,2,8,16,65,14,3,10,95,105,15,1,3,6,31,4,1,4,41,45,30,1,5,10,31,7,2,6,48,54,0,0,0,0,0,0,0,0,0,0,11,0,0,0,3,3,0,0,6,6,253,1,25,-302,-64,Austin
2024,1,7,56,0,5,12,52,14,3,5,78,83,27,0,0,3,21,8,1,0,32,32,24,0,4,8,25,5,1,4,38,42,2,0,0,0,1,0,1,0,1,1,3,0,1,1,5,1,0,1,7,8,226,5,18,-301,-63,Austin
2012,2,7,73,2,5,22,71,4,1,7,97,104,32,1,2,14,45,1,1,3,60,63,33,1,3,5,16,1,0,4,22,26,1,0,0,0,1,1,0,0,2,2,7,0,0,3,9,1,0,0,13,13,301,3,25,-271,-33,Austin
2013,2,7,80,3,2,15,82,7,3,5,104,109,42,2,0,11,35,3,0,2,49,51,29,1,2,2,43,4,3,3,49,52,1,0,0,1,0,0,0,0,1,1,8,0,0,1,4,0,0,0,5,5,329,3,23,-269,-31,Austin
2014,2,7,77,1,1,8,74,5,1,2,87,89,34,0,0,3,37,1,0,0,41,41,36,1,1,5,32,4,1,2,41,43,0,0,0,0,1,0,0,0,1,1,7,0,0,0,4,0,0,0,4,4,267,2,13,-268,-30,Austin
2015,2,7,92,3,9,14,73,9,0,12,96,108,25,1,5,9,32,5,0,6,46,52,58,2,4,5,31,3,0,6,39,45,1,0,0,0,1,0,0,0,1,1,8,0,0,0,9,1,0,0,10,10,329,2,27,-267,-29,Austin
2016,2,7,95,3,7,14,85,6,1,10,105,115,31,0,4,6,56,4,0,4,66,70,55,3,3,8,25,2,1,6,35,41,0,0,0,0,0,0,0,0,0,0,9,0,0,0,4,0,0,0,4,4,334,2,17,-273,-35,Austin
2017,2,7,71,4,4,6,63,5,1,8,74,82,19,0,1,2,31,2,1,1,35,36,38,4,0,3,29,2,0,4,34,38,2,0,0,0,0,0,0,0,0,0,12,0,3,1,3,1,0,3,5,8,268,3,23,-271,-33,Austin
2018,2,7,68,7,2,13,41,3,3,9,57,66,29,6,0,6,23,2,2,6,31,37,29,1,2,5,11,1,1,3,17,20,0,0,0,0,0,0,0,0,0,0,10,0,0,2,7,0,0,0,9,9,227,1,22,-270,-32,Austin
2019,2,7,61,2,6,12,94,5,1,8,111,119,26,0,1,9,37,2,1,1,48,49,28,2,2,3,46,1,0,4,50,54,0,0,0,0,1,0,0,0,1,1,7,0,3,0,10,2,0,3,12,15,269,1,27,-269,-31,Austin
2020,2,7,72,2,5,11,102,15,0,7,128,135,27,0,1,5,47,8,0,1,60,61,40,2,4,6,42,6,0,6,54,60,0,0,0,0,1,0,0,0,1,1,5,0,0,0,12,1,0,0,13,13,311,1,28,-268,-30,Austin
2021,2,7,52,2,7,7,78,4,6,9,89,98,22,1,3,2,47,1,0,4,50,54,28,1,4,5,29,3,5,5,37,42,0,0,0,0,2,0,0,0,2,2,2,0,0,0,0,0,1,0,0,0,254,2,10,-273,-35,Austin
2022,2,7,47,1,1,21,66,15,6,2,102,104,21,1,1,10,38,4,1,2,52,54,22,0,0,11,23,10,4,0,44,44,0,0,0,0,2,1,0,0,3,3,4,0,0,0,3,0,1,0,3,3,241,4,13,-272,-34,Austin
2023,2,7,52,4,5,14,69,21,3,9,104,113,19,1,2,4,25,10,1,3,39,42,29,2,3,10,31,8,1,5,49,54,0,0,0,0,5,1,0,0,6,6,4,1,0,0,8,2,1,1,10,11,243,6,17,-271,-33,Austin
2024,2,7,45,4,10,14,51,16,4,14,81,95,16,1,5,7,25,6,2,6,38,44,25,2,4,6,19,9,1,6,34,40,1,0,0,0,0,0,0,0,0,0,3,1,1,1,7,1,1,2,9,11,221,1,19,-270,-32,Austin
2012,3,7,70,4,6,20,87,3,0,10,110,120,41,1,1,13,50,1,0,2,64,66,27,3,5,7,29,2,0,8,38,46,0,0,0,0,0,0,0,0,0,0,2,0,0,0,8,0,0,0,8,8,320,1,15,-242,-4,Austin
2013,3,7,94,3,4,9,78,3,0,7,90,97,57,1,0,3,37,1,0,1,41,42,33,2,3,6,37,2,0,5,45,50,0,0,0,0,0,0,0,0,0,0,4,0,1,0,4,0,0,1,4,5,326,0,14,-241,-3,Austin
2014,3,7,101,3,6,20,83,6,2,9,109,118,48,0,1,12,49,3,1,1,64,65,50,3,5,8,29,3,1,8,40,48,0,0,0,0,0,0,0,0,0,0,3,0,0,0,5,0,0,0,5,5,379,0,18,-240,-2,Austin
2015,3,7,84,4,8,14,81,9,0,12,104,116,23,0,4,11,37,6,0,4,54,58,56,3,4,3,32,3,0,7,38,45,1,1,0,0,0,0,0,1,0,1,4,0,0,0,12,0,0,0,12,12,357,3,20,-239,-1,Austin
2016,3,7,81,0,9,9,70,4,2,9,83,92,33,0,4,6,44,2,1,4,52,56,41,0,5,2,18,2,0,5,22,27,0,0,0,0,1,0,0,0,1,1,7,0,0,1,7,0,1,0,8,8,294,2,23,-244,-6,Austin
2017,3,7,73,2,4,16,56,8,2,6,80,86,31,2,4,13,32,2,1,6,47,53,38,0,0,3,21,5,1,0,29,29,0,0,0,0,0,0,0,0,0,0,4,0,0,0,3,1,0,0,4,4,278,2,16,-243,-5,Austin
2018,3,7,64,0,3,3,69,8,2,3,80,83,27,0,0,0,33,4,1,0,37,37,24,0,3,3,28,2,1,3,33,36,2,0,0,0,0,0,0,0,0,0,11,0,0,0,8,2,0,0,10,10,237,3,29,-242,-4,Austin
2019,3,7,71,3,3,13,52,4,1,6,69,75,37,0,1,7,33,4,0,1,44,45,30,2,2,6,13,0,1,4,19,23,0,0,0,0,0,0,0,0,0,0,4,1,0,0,6,0,0,1,6,7,245,0,19,-241,-3,Austin
2020,3,7,86,4,5,13,56,10,1,9,79,88,41,2,2,5,28,3,0,4,36,40,38,2,3,8,23,7,1,5,38,43,1,0,0,0,2,0,0,0,2,2,6,0,0,0,3,0,0,0,3,3,278,3,14,-239,-1,Austin
2021,3,7,76,2,7,8,88,13,3,9,109,118,27,1,4,5,42,7,1,5,54,59,47,1,3,3,38,5,2,4,46,50,0,0,0,0,1,0,0,0,1,1,2,0,0,0,7,1,0,0,8,8,305,1,15,-245,-7,Austin
2022,3,7,49,2,5,14,49,19,2,7,82,89,16,2,4,4,31,7,2,6,42,48,26,0,1,9,17,9,0,1,35,36,1,0,0,0,0,0,0,0,0,0,6,0,0,1,1,3,0,0,5,5,231,2,16,-244,-6,Austin
2023,3,7,56,2,9,15,50,18,9,11,83,94,18,0,3,8,22,11,5,3,41,44,31,1,6,6,24,7,4,7,37,44,1,0,0,0,0,0,0,0,0,0,6,1,0,1,4,0,0,1,5,6,223,1,18,-243,-5,Austin
2024,3,7,53,1,8,9,47,23,1,9,79,88,28,0,3,5,22,12,0,3,39,42,20,1,4,4,22,9,1,5,35,40,1,0,0,0,0,0,0,0,0,0,4,0,1,0,3,2,0,1,5,6,235,3,17,-241,-3,Austin
2012,4,7,92,2,9,15,92,4,2,11,111,122,35,1,3,10,50,1,2,4,61,65,43,1,6,4,30,2,0,7,36,43,2,0,0,0,0,0,0,0,0,0,12,0,0,1,12,1,0,0,14,14,343,3,35,-211,27,Austin
2013,4,7,117,2,4,11,92,3,2,6,106,112,50,0,1,8,46,0,1,1,54,55,54,1,3,2,39,2,1,4,43,47,0,0,0,0,1,0,0,0,1,1,13,1,0,1,6,1,0,1,8,9,346,4,28,-210,28,Austin
2014,4,7,74,3,3,17,59,5,3,6,81,87,45,1,0,14,37,4,2,1,55,56,21,2,2,3,17,0,1,4,20,24,0,0,0,0,0,0,0,0,0,0,8,0,1,0,5,1,0,1,6,7,294,0,22,-209,29,Austin
2015,4,7,76,0,4,20,59,5,3,4,84,88,44,0,1,18,37,4,2,1,59,60,27,0,0,1,16,1,0,0,18,18,0,0,0,0,0,0,0,0,0,0,5,0,3,1,6,0,1,3,7,10,301,1,25,-208,30,Austin
2016,4,7,84,3,3,17,71,2,0,6,90,96,45,2,2,10,45,1,0,4,56,60,33,0,0,5,20,1,0,0,26,26,0,0,0,0,2,0,0,0,2,2,6,1,1,2,4,0,0,2,6,8,289,3,23,-213,25,Austin
2017,4,7,84,1,6,15,74,6,2,7,95,102,48,0,2,9,51,4,1,2,64,66,27,1,4,5,17,2,1,5,24,29,0,0,0,1,1,0,0,0,2,2,9,0,0,0,5,0,0,0,5,5,298,3,23,-212,26,Austin
2018,4,7,71,4,4,15,85,9,4,8,109,117,41,2,3,10,50,3,1,5,63,68,27,2,1,4,27,6,3,3,37,40,0,0,0,0,0,0,0,0,0,0,3,0,0,1,8,0,0,0,9,9,298,3,16,-211,27,Austin
2019,4,7,80,1,6,8,77,6,1,7,91,98,44,1,1,3,43,3,1,2,49,51,31,0,4,3,27,2,0,4,32,36,0,0,0,0,0,0,0,0,0,0,5,0,1,2,7,1,0,1,10,11,270,0,22,-210,28,Austin
2020,4,7,66,2,4,11,52,10,1,6,73,79,35,0,3,6,32,7,0,3,45,48,24,1,1,4,14,2,1,2,20,22,1,0,0,0,0,0,0,0,0,0,6,1,0,1,6,1,0,1,8,9,236,1,17,-208,30,Austin
2021,4,7,54,2,5,14,65,9,3,7,88,95,35,0,4,7,38,6,1,4,51,55,14,2,0,4,18,3,1,2,25,27,1,0,0,1,1,0,0,0,2,2,4,0,1,2,8,0,1,1,10,11,278,3,19,-214,24,Austin
2022,4,7,51,4,8,14,56,16,8,12,86,98,27,0,5,7,40,10,3,5,57,62,18,4,3,6,14,3,5,7,23,30,0,0,0,0,0,1,0,0,1,1,6,0,0,1,2,2,0,0,5,5,236,2,17,-213,25,Austin
2023,4,7,45,0,10,16,55,20,3,10,91,101,22,0,5,5,28,12,1,5,45,50,20,0,5,11,23,6,2,5,40,45,1,0,0,0,1,1,0,0,2,2,2,0,0,0,3,1,0,0,4,4,230,3,8,-212,26,Austin
2024,4,7,51,2,10,16,41,27,1,12,84,96,25,0,6,10,26,12,0,6,48,54,24,2,4,5,13,12,1,6,30,36,1,0,0,0,0,0,0,0,0,0,1,0,0,1,2,3,0,0,6,6,244,2,11,-210,28,Austin
2012,5,7,84,0,2,15,99,9,1,2,123,125,45,0,2,10,58,4,1,2,72,74,33,0,0,5,35,3,0,0,43,43,0,0,0,0,2,0,0,0,2,2,6,0,0,0,4,2,0,0,6,6,334,2,18,-181,57,Austin
2013,5,7,118,0,6,15,90,4,1,6,109,115,54,0,3,12,65,0,1,3,77,80,46,0,3,1,18,3,0,3,22,25,1,0,0,0,0,0,0,0,0,0,17,0,0,2,7,1,0,0,10,10,365,2,35,-180,58,Austin
2014,5,7,84,1,6,29,96,3,0,7,128,135,44,0,4,15,65,1,0,4,81,85,33,1,1,13,21,2,0,2,36,38,0,0,0,0,1,0,0,0,1,1,7,0,1,1,9,0,0,1,10,11,336,1,26,-179,59,Austin
2015,5,7,92,1,3,11,76,6,2,4,93,97,45,0,1,6,56,4,1,1,66,67,30,0,2,4,14,2,1,2,20,22,0,0,0,0,1,0,0,0,1,1,17,1,0,1,5,0,0,1,6,7,317,3,32,-178,60,Austin
2016,5,7,87,3,3,8,88,6,1,6,102,108,43,1,2,5,48,1,0,3,54,57,35,1,0,3,26,4,1,1,33,34,1,0,0,0,0,0,0,0,0,0,8,1,1,0,14,1,0,2,15,17,322,1,31,-183,55,Austin
2017,5,7,82,4,5,5,93,4,2,9,102,111,46,1,2,2,54,2,0,3,58,61,31,2,2,3,30,2,2,4,35,39,0,0,0,0,0,0,0,0,0,0,5,1,1,0,9,0,0,2,9,11,306,0,25,-182,56,Austin
2018,5,7,75,4,5,13,62,8,5,9,83,92,37,3,3,7,46,5,3,6,58,64,31,1,1,3,11,2,1,2,16,18,0,0,0,1,0,1,1,0,2,2,7,0,1,2,5,0,0,1,7,8,270,3,21,-181,57,Austin
2019,5,7,68,1,4,8,81,8,1,5,97,102,35,0,3,3,61,3,1,3,67,70,26,0,1,3,15,5,0,1,23,24,1,0,0,0,1,0,0,0,1,1,6,1,0,2,4,0,0,1,6,7,259,2,19,-180,58,Austin
2020,5,7,61,3,10,12,64,19,6,13,95,108,34,2,8,3,42,12,3,10,57,67,21,1,2,9,17,6,3,3,32,35,0,0,0,0,0,0,0,0,0,0,6,0,0,0,5,1,0,0,6,6,277,0,16,-178,60,Austin
2021,5,7,62,2,9,14,53,14,2,11,81,92,32,2,6,9,31,10,1,8,50,58,27,0,2,2,19,2,1,2,23,25,1,0,0,0,2,1,0,0,3,3,2,0,1,3,1,1,0,1,5,6,249,4,12,-184,54,Austin
2022,5,7,59,3,10,4,43,9,3,13,56,69,31,3,5,3,28,4,0,8,35,43,24,0,3,1,12,5,3,3,18,21,0,0,0,0,0,0,0,0,0,0,4,0,2,0,3,0,0,2,3,5,233,0,16,-183,55,Austin
2023,5,7,53,2,8,10,50,10,7,10,70,80,24,1,2,3,25,5,2,3,33,36,21,1,5,6,20,4,3,6,30,36,0,0,0,0,1,1,1,0,2,2,8,0,1,1,4,0,1,1,5,6,214,3,19,-182,56,Austin
2024,5,7,52,1,4,9,60,18,3,5,87,92,24,0,3,4,32,14,3,3,50,53,24,0,1,4,20,2,0,1,26,27,1,0,0,0,0,0,0,0,0,0,3,1,0,1,8,2,0,1,11,12,238,1,22,-180,58,Austin
2012,6,7,86,2,2,20,76,5,0,4,101,105,50,1,2,12,52,5,0,3,69,72,23,0,0,7,13,0,0,0,20,20,0,0,0,0,0,0,0,0,0,0,13,1,0,1,11,0,0,1,12,13,336,0,41,-150,88,Austin
2013,6,7,103,0,9,14,100,2,2,9,116,125,58,0,4,9,62,0,1,4,71,75,35,0,3,2,26,2,1,3,30,33,1,0,0,0,0,0,0,0,0,0,9,0,2,3,12,0,0,2,15,17,378,1,33,-149,89,Austin
2014,6,7,113,1,10,8,67,3,1,11,78,89,59,0,3,5,38,3,1,3,46,49,47,1,4,3,25,0,0,5,28,33,0,0,0,0,0,0,0,0,0,0,7,0,3,0,4,0,0,3,4,7,334,0,28,-148,90,Austin
2015,6,7,77,5,7,5,71,3,0,12,79,91,41,2,3,3,46,2,0,5,51,56,32,3,4,2,17,1,0,7,20,27,0,0,0,0,1,0,0,0,1,1,4,0,0,0,7,0,0,0,7,7,295,2,23,-147,91,Austin
2016,6,7,95,3,6,8,68,7,4,9,83,92,58,2,4,6,51,5,2,6,62,68,28,1,2,0,12,2,2,3,14,17,0,0,0,1,0,0,0,0,1,1,9,0,0,1,5,0,0,0,6,6,310,1,25,-152,86,Austin
2017,6,7,71,4,5,17,76,6,0,9,99,108,37,2,1,10,47,4,0,3,61,64,29,2,3,6,25,1,0,5,32,37,0,0,0,0,0,0,0,0,0,0,5,0,1,1,4,1,0,1,6,7,291,5,23,-151,87,Austin
2018,6,7,66,5,9,18,67,7,2,14,92,106,44,2,5,10,47,5,1,7,62,69,17,1,3,7,15,1,0,4,23,27,0,0,0,0,0,0,0,0,0,0,5,2,1,1,5,1,1,3,7,10,287,0,27,-150,88,Austin
2019,6,7,93,3,7,15,94,10,3,10,119,129,51,0,4,8,64,4,1,4,76,80,33,2,2,7,24,3,1,4,34,38,0,0,0,0,0,0,0,0,0,0,9,1,1,0,6,3,1,2,9,11,339,0,29,-149,89,Austin
2020,6,7,70,2,8,10,47,11,3,10,68,78,34,1,3,5,28,8,0,4,41,45,24,1,3,5,13,3,3,4,21,25,0,0,0,0,0,0,0,0,0,0,12,0,2,0,6,0,0,2,6,8,232,1,26,-147,91,Austin
2021,6,7,54,2,11,18,52,12,2,13,82,95,29,1,4,10,33,5,1,5,48,53,19,1,5,7,12,4,0,6,23,29,0,0,0,0,1,1,0,0,2,2,6,0,2,1,6,2,1,2,9,11,242,3,23,-153,85,Austin
2022,6,7,55,4,7,10,72,16,2,11,98,109,32,2,3,4,47,9,0,5,60,65,15,2,3,5,17,5,1,5,27,32,1,0,0,0,0,0,0,0,0,0,7,0,1,1,8,2,1,1,11,12,246,2,26,-152,86,Austin
2023,6,7,55,3,10,8,51,29,2,13,88,101,29,2,7,3,29,19,2,9,51,60,23,0,2,3,19,9,0,2,31,33,0,0,0,1,0,0,0,0,1,1,3,1,1,1,3,1,0,2,5,7,238,1,15,-151,87,Austin
2024,6,7,64,1,11,14,67,20,5,12,101,113,29,0,6,6,47,16,1,6,69,75,28,1,5,6,14,3,4,6,23,29,1,0,0,0,0,0,0,0,0,0,6,0,0,2,6,1,0,0,9,9,266,2,21,-149,89,Austin
2012,7,7,114,5,3,9,91,2,2,8,102,110,61,2,1,6,57,1,1,3,64,67,44,3,2,0,26,0,1,5,26,31,0,0,0,0,1,0,0,0,1,1,9,0,0,3,7,1,0,0,11,11,400,2,32,-120,118,Austin
2013,7,7,99,2,10,16,73,4,1,12,93,105,43,1,2,5,47,4,0,3,56,59,40,1,8,9,19,0,1,9,28,37,2,0,0,0,0,0,0,0,0,0,14,0,0,2,7,0,0,0,9,9,333,3,38,-119,119,Austin
2014,7,7,91,3,6,18,73,10,4,9,101,110,46,2,5,9,50,7,2,7,66,73,32,1,1,5,16,1,2,2,22,24,0,0,0,0,0,0,0,0,0,0,13,0,0,4,7,2,0,0,13,13,317,1,36,-118,120,Austin
2015,7,7,76,2,7,10,75,4,0,9,89,98,44,0,3,8,51,1,0,3,60,63,21,2,2,1,12,2,0,4,15,19,0,0,1,0,0,1,0,1,1,2,11,0,1,1,12,0,0,1,13,14,313,3,33,-117,121,Austin
2016,7,7,81,1,5,13,81,5,1,6,99,105,49,1,5,12,57,4,1,6,73,79,24,0,0,0,18,1,0,0,19,19,1,0,0,0,0,0,0,0,0,0,7,0,0,1,6,0,0,0,7,7,311,3,22,-122,116,Austin
2017,7,7,77,1,7,12,83,6,3,8,101,109,38,1,1,8,61,2,2,2,71,73,29,0,5,2,13,4,1,5,19,24,0,0,0,0,1,0,0,0,1,1,10,0,1,2,8,0,0,1,10,11,311,1,28,-121,117,Austin
2018,7,7,70,2,8,9,57,2,3,10,68,78,37,1,1,7,39,1,0,2,47,49,31,1,6,2,14,1,3,7,17,24,0,0,0,0,0,0,0,0,0,0,2,0,1,0,4,0,0,1,4,5,246,1,12,-120,118,Austin
2019,7,7,65,3,12,12,94,5,3,15,111,126,35,1,7,6,52,2,1,8,60,68,26,2,5,5,34,1,2,7,40,47,1,0,0,1,0,0,0,0,1,1,3,0,0,0,8,2,0,0,10,10,285,3,23,-119,119,Austin
2020,7,7,71,2,9,19,56,19,2,11,94,105,41,1,5,8,35,14,0,6,57,63,25,1,2,5,17,4,1,3,26,29,0,0,0,1,0,0,0,0,1,1,5,0,2,5,4,1,1,2,10,12,254,2,21,-117,121,Austin
2021,7,7,51,2,6,12,61,8,5,8,81,89,35,2,1,9,47,7,3,3,63,66,13,0,4,3,10,1,1,4,14,18,1,0,0,0,1,0,0,0,1,1,2,0,1,0,3,0,1,1,3,4,232,3,16,-123,115,Austin
2022,7,7,43,5,12,13,73,13,2,17,99,116,19,5,6,8,46,13,0,11,67,78,15,0,5,4,25,0,2,5,29,34,0,0,0,1,0,0,0,0,1,1,9,0,1,0,2,0,0,1,2,3,250,2,19,-122,116,Austin
2023,7,7,52,1,2,9,82,17,2,3,108,111,35,1,1,5,42,14,0,2,61,63,12,0,1,4,35,3,2,1,42,43,0,0,0,0,0,0,0,0,0,0,5,0,0,0,5,0,0,0,5,5,262,0,20,-121,117,Austin
2024,7,7,75,2,8,7,44,13,1,10,64,74,35,1,4,5,34,9,1,5,48,53,31,1,4,2,9,2,0,5,13,18,1,0,0,0,0,0,0,0,0,0,8,0,0,0,1,2,0,0,3,3,229,1,17,-119,119,Austin
2012,8,7,80,2,4,15,96,5,0,6,116,122,43,0,0,8,57,3,0,0,68,68,27,2,4,5,31,2,0,6,38,44,1,0,0,0,1,0,0,0,1,1,9,0,0,2,7,0,0,0,9,9,353,4,34,-89,149,Austin
2013,8,7,90,0,3,16,110,7,1,3,133,136,48,0,2,9,69,4,1,2,82,84,32,0,1,6,29,2,0,1,37,38,0,0,0,0,1,0,0,0,1,1,10,0,0,1,11,1,0,0,13,13,334,2,27,-88,150,Austin
2014,8,7,69,4,2,17,99,4,2,6,120,126,40,1,0,12,61,4,1,1,77,78,25,1,1,4,27,0,1,2,31,33,0,0,0,0,2,0,0,0,2,2,4,2,1,1,9,0,0,3,10,13,321,4,28,-87,151,Austin
2015,8,7,88,5,3,18,101,5,0,8,124,132,42,0,1,13,63,4,0,1,80,81,39,4,1,5,26,1,0,5,32,37,1,0,0,0,1,0,0,0,1,1,6,1,1,0,11,0,0,2,11,13,363,2,25,-86,152,Austin
2016,8,7,93,3,5,6,63,6,2,8,75,83,51,1,1,4,43,4,1,2,51,53,30,2,3,2,14,2,1,5,18,23,0,0,1,0,1,0,0,1,1,2,12,0,0,0,5,0,0,0,5,5,302,3,23,-91,147,Austin
2017,8,7,69,1,1,11,75,9,2,2,95,97,43,0,0,10,50,7,1,0,67,67,24,1,1,1,18,1,1,2,20,22,0,0,0,0,1,0,0,0,1,1,2,0,0,0,6,1,0,0,7,7,261,2,12,-90,148,Austin
2018,8,7,73,6,8,13,73,12,2,14,98,112,47,5,5,12,55,8,2,10,75,85,21,1,3,1,13,3,0,4,17,21,0,0,0,0,1,0,0,0,1,1,5,0,0,0,4,1,0,0,5,5,280,1,18,-89,149,Austin
2019,8,7,67,0,5,6,72,9,3,5,87,92,37,0,2,6,43,4,2,2,53,55,21,0,3,0,18,5,1,3,23,26,0,0,0,0,1,0,0,0,1,1,9,0,0,0,10,0,0,0,10,10,256,2,27,-88,150,Austin
2020,8,7,80,2,6,15,94,13,2,8,122,130,55,0,0,5,64,6,1,0,75,75,22,2,3,10,25,6,1,5,41,46,0,0,0,0,2,0,0,0,2,2,3,0,3,0,3,1,0,3,4,7,314,3,18,-86,152,Austin
2021,8,7,62,2,8,10,63,11,2,10,84,94,42,0,5,5,41,7,1,5,53,58,12,2,3,5,18,4,1,5,27,32,0,0,0,0,0,0,0,0,0,0,8,0,0,0,4,0,0,0,4,4,244,1,18,-92,146,Austin
2022,8,7,63,1,8,9,63,9,4,9,81,90,33,1,2,4,36,6,0,3,46,49,27,0,5,5,20,2,3,5,27,32,0,0,0,0,0,0,0,0,0,0,3,0,1,0,7,1,1,1,8,9,253,1,26,-91,147,Austin
2023,8,7,60,4,9,12,34,30,1,13,76,89,37,2,2,6,22,22,1,4,50,54,18,2,4,6,9,8,0,6,23,29,0,0,0,0,0,0,0,0,0,0,5,0,3,0,3,0,0,3,3,6,238,0,17,-90,148,Austin
2024,8,7,61,4,7,6,48,16,5,11,70,81,40,0,5,2,32,8,2,5,42,47,17,3,1,4,12,7,3,4,23,27,0,1,0,0,0,0,0,1,0,1,4,0,1,0,4,1,0,1,5,6,236,1,19,-88,150,Austin
2012,9,7,100,8,3,16,83,5,2,11,104,115,48,1,0,8,46,2,1,1,56,57,36,7,3,5,31,2,1,10,38,48,0,0,0,1,0,0,0,0,1,1,16,0,0,2,6,1,0,0,9,9,342,2,34,-58,180,Austin
2013,9,7,92,4,8,12,108,3,1,12,123,135,38,3,2,5,74,1,1,5,80,85,48,1,6,6,23,2,0,7,31,38,0,0,0,0,1,0,0,0,1,1,6,0,0,1,10,0,0,0,11,11,357,2,25,-57,181,Austin
2014,9,7,94,1,10,6,70,6,1,11,82,93,42,1,1,3,38,2,1,2,43,45,43,0,7,1,25,2,0,7,28,35,0,0,1,0,1,0,0,1,1,2,9,0,1,2,6,2,0,1,10,11,281,2,24,-56,182,Austin
2015,9,7,99,3,11,16,78,6,1,14,100,114,52,2,5,9,44,3,1,7,56,63,41,1,5,6,28,3,0,6,37,43,0,0,1,0,1,0,0,1,1,2,6,0,0,1,5,0,0,0,6,6,320,3,19,-55,183,Austin
2016,9,7,77,2,6,9,73,2,2,8,84,92,39,1,2,7,44,0,0,3,51,54,23,1,4,1,25,2,2,5,28,33,1,0,0,0,0,0,0,0,0,0,14,0,0,1,4,0,0,0,5,5,290,1,31,-60,178,Austin
2017,9,7,66,1,8,11,67,3,1,9,81,90,29,0,3,8,36,0,0,3,44,47,32,1,5,3,23,3,1,6,29,35,0,0,0,0,0,0,0,0,0,0,5,0,0,0,8,0,0,0,8,8,277,2,21,-59,179,Austin
2018,9,7,66,2,2,12,71,6,0,4,89,93,27,1,0,7,52,5,0,1,64,65,33,1,2,5,15,0,0,3,20,23,1,0,0,0,1,0,0,0,1,1,5,0,0,0,3,1,0,0,4,4,267,3,18,-58,180,Austin
2019,9,7,74,0,4,14,84,12,6,4,110,114,28,0,1,10,45,8,3,1,63,64,34,0,3,3,32,4,2,3,39,42,2,0,0,1,1,0,0,0,2,2,10,0,0,0,6,0,1,0,6,6,302,5,20,-57,181,Austin
2020,9,7,67,7,8,18,97,15,3,15,130,145,37,1,3,6,57,11,1,4,74,78,22,4,4,11,29,4,2,8,44,52,1,0,0,1,0,0,0,0,1,1,7,2,1,0,11,0,0,3,11,14,310,3,25,-55,183,Austin
2021,9,7,61,1,5,10,58,10,2,6,78,84,33,1,2,6,37,1,0,3,44,47,18,0,3,3,13,8,1,3,24,27,1,0,0,1,1,1,0,0,3,3,9,0,0,0,7,0,1,0,7,7,222,4,20,-61,177,Austin
2022,9,7,63,4,5,15,60,19,2,9,94,103,28,1,0,9,35,13,0,1,57,58,28,1,4,4,21,5,1,5,30,35,1,1,0,1,0,0,0,1,1,2,6,1,1,1,4,1,1,2,6,8,255,4,23,-60,178,Austin
2023,9,7,42,2,6,8,49,21,6,8,78,86,21,0,2,3,27,16,3,2,46,48,18,2,4,5,21,4,2,6,30,36,1,0,0,0,0,0,0,0,0,0,2,0,0,0,1,1,1,0,2,2,229,3,13,-59,179,Austin
2024,9,7,53,3,8,16,66,17,6,11,99,110,23,1,2,5,38,11,3,3,54,57,26,1,5,11,23,4,2,6,38,44,0,0,0,0,1,0,0,0,1,1,4,1,1,0,4,2,1,2,6,8,258,1,22,-57,181,Austin
2012,10,7,84,5,7,11,91,3,0,12,105,117,38,1,0,6,44,2,0,1,52,53,40,3,6,3,35,1,0,9,39,48,0,0,0,0,0,0,0,0,0,0,6,1,1,2,12,0,0,2,14,16,293,1,29,-28,210,Austin
2013,10,7,86,2,0,14,81,5,1,2,100,102,54,1,0,11,50,1,0,1,62,63,24,1,0,3,22,4,1,1,29,30,0,0,0,0,1,0,0,0,1,1,8,0,0,0,8,0,0,0,8,8,306,1,21,-27,211,Austin
2014,10,7,87,6,5,14,93,5,2,11,112,123,42,3,2,6,59,1,1,5,66,71,37,3,3,8,30,4,1,6,42,48,2,0,0,0,0,0,0,0,0,0,6,0,0,0,4,0,0,0,4,4,336,4,13,-26,212,Austin
2015,10,7,79,0,1,18,87,8,2,1,113,114,41,0,0,10,46,5,0,0,61,61,31,0,1,7,29,3,2,1,39,40,1,0,0,0,1,0,0,0,1,1,6,0,0,1,11,0,0,0,12,12,318,3,26,-25,213,Austin
2016,10,7,69,4,5,18,68,5,4,9,91,100,29,2,3,13,33,4,3,5,50,55,31,2,1,4,26,1,1,3,31,34,2,0,0,0,0,0,0,0,0,0,7,0,1,1,9,0,0,1,10,11,263,2,24,-30,208,Austin
2017,10,7,85,4,7,10,78,5,5,11,93,104,44,2,4,2,46,3,3,6,51,57,38,2,3,8,26,2,2,5,36,41,0,0,0,0,0,0,0,0,0,0,3,0,0,0,6,0,0,0,6,6,305,0,17,-29,209,Austin
2018,10,7,70,4,6,11,108,9,0,10,128,138,32,0,2,7,59,4,0,2,70,72,33,2,4,3,39,5,0,6,47,53,0,0,0,0,0,0,0,0,0,0,5,2,0,1,10,0,0,2,11,13,305,2,24,-28,210,Austin
2019,10,7,64,3,5,21,81,8,4,8,110,118,29,2,3,13,53,3,1,5,69,74,25,1,2,7,26,5,3,3,38,41,0,0,0,0,0,0,0,0,0,0,10,0,0,1,2,0,0,0,3,3,279,0,17,-27,211,Austin
2020,10,7,68,4,6,28,81,10,3,10,119,129,33,1,2,9,38,3,1,3,50,53,31,3,2,17,34,6,2,5,57,62,0,0,0,1,2,0,0,0,3,3,4,0,2,1,7,1,0,2,9,11,285,4,21,-25,213,Austin
2021,10,7,46,1,7,5,68,18,6,8,91,99,26,0,0,2,24,8,3,0,34,34,17,0,6,3,37,10,2,6,50,56,1,0,0,0,0,0,0,0,0,0,2,1,1,0,7,0,1,2,7,9,261,1,15,-31,207,Austin
2022,10,7,58,1,12,12,98,18,3,13,128,141,22,0,9,4,58,10,2,9,72,81,30,1,3,7,31,5,1,4,43,47,0,0,0,0,0,0,0,0,0,0,6,0,0,1,9,3,0,0,13,13,311,0,23,-30,208,Austin
2023,10,7,62,4,10,9,102,18,2,14,129,143,26,1,4,2,39,9,1,5,50,55,32,2,6,7,59,9,0,8,75,83,1,0,0,0,0,0,1,0,0,0,3,1,0,0,4,0,0,1,4,5,293,3,11,-29,209,Austin
2024,10,7,49,2,6,10,63,19,4,8,92,100,23,1,4,3,36,10,3,5,49,54,21,1,2,6,23,6,1,3,35,38,1,0,0,0,0,0,0,0,0,0,4,0,0,1,4,3,0,0,8,8,241,1,22,-27,211,Austin
2012,11,7,79,3,4,26,80,2,0,7,108,115,33,0,1,12,46,1,0,1,59,60,40,3,3,11,21,0,0,6,32,38,2,0,0,2,0,0,0,0,2,2,4,0,0,1,13,1,0,0,15,15,322,5,24,3,241,Austin
2013,11,7,78,1,6,18,100,9,6,7,127,134,35,1,2,10,51,2,1,3,63,66,34,0,2,6,35,5,5,2,46,48,0,0,1,0,0,0,0,1,0,1,9,0,1,2,14,2,0,1,18,19,309,1,34,4,242,Austin
2014,11,7,85,3,2,13,82,10,1,5,105,110,35,2,2,9,35,5,0,4,49,53,42,1,0,3,34,5,1,1,42,43,0,0,0,0,2,0,0,0,2,2,8,0,0,1,11,0,0,0,12,12,339,2,39,5,243,Austin
2015,11,7,67,3,1,18,75,3,1,4,96,100,23,2,1,9,37,1,0,3,47,50,41,1,0,8,30,1,1,1,39,40,0,0,0,0,0,0,0,0,0,0,3,0,0,1,8,1,0,0,10,10,263,0,18,6,244,Austin
2016,11,7,66,0,1,19,73,4,0,1,96,97,29,0,1,14,40,3,0,1,57,58,29,0,0,5,23,1,0,0,29,29,1,0,0,0,1,0,0,0,1,1,7,0,0,0,9,0,0,0,9,9,266,2,26,1,239,Austin
2017,11,7,68,5,9,11,69,10,3,14,90,104,34,0,6,5,38,7,3,6,50,56,31,5,2,5,22,3,0,7,30,37,1,0,0,0,0,0,0,0,0,0,2,0,1,1,9,0,0,1,10,11,245,1,19,2,240,Austin
2018,11,7,78,3,4,13,77,11,0,7,101,108,30,1,1,7,37,2,0,2,46,48,39,2,3,5,31,8,0,5,44,49,0,0,0,1,0,0,0,0,1,1,9,0,0,0,9,1,0,0,10,10,270,1,20,3,241,Austin
2019,11,7,60,2,3,19,90,5,2,5,114,119,27,1,1,9,39,3,1,2,51,53,30,1,2,7,41,2,1,3,50,53,1,0,0,1,0,0,0,0,1,1,2,0,0,2,10,0,0,0,12,12,291,4,19,4,242,Austin
2020,11,7,70,4,8,13,72,14,3,12,99,111,34,2,2,6,37,5,0,4,48,52,32,2,5,5,28,8,3,7,41,48,0,0,0,0,0,0,0,0,0,0,4,0,1,2,7,1,0,1,10,11,271,1,21,6,244,Austin
2021,11,7,46,2,12,15,88,11,2,14,114,128,19,0,5,8,39,7,0,5,54,59,20,2,6,4,41,4,2,8,49,57,0,0,0,1,0,0,0,0,1,1,7,0,1,2,8,0,0,1,10,11,265,1,23,0,238,Austin
2022,11,7,45,2,12,12,49,11,2,14,72,86,18,0,6,3,22,4,1,6,29,35,22,2,6,8,23,5,1,8,36,44,1,0,0,0,1,0,0,0,1,1,4,0,0,1,3,2,0,0,6,6,202,2,17,1,239,Austin
2023,11,7,50,3,5,16,57,28,3,8,101,109,28,2,3,2,23,14,1,5,39,44,19,1,2,12,29,11,2,3,52,55,0,0,0,0,0,0,0,0,0,0,3,0,0,2,5,3,0,0,10,10,247,0,23,2,240,Austin
2024,11,7,49,5,3,19,56,12,3,8,87,95,12,1,1,6,27,4,1,2,37,39,31,4,2,8,20,7,2,6,35,41,1,0,0,0,0,0,0,0,0,0,5,0,0,5,9,1,0,0,15,15,241,2,29,4,242,Austin
2012,12,7,95,3,5,20,117,4,3,8,141,149,32,1,1,10,50,1,1,2,61,63,55,1,4,10,59,2,2,5,71,76,0,0,0,0,0,0,0,0,0,0,8,1,0,0,8,1,0,1,9,10,380,0,26,33,271,Austin
2013,12,7,66,3,0,9,78,8,1,3,95,98,21,0,0,2,30,5,0,0,37,37,39,3,0,6,41,3,1,3,50,53,0,0,0,0,1,0,0,0,1,1,6,0,0,1,6,0,0,0,7,7,252,1,20,34,272,Austin
2014,12,7,82,1,3,10,78,3,1,4,91,95,21,0,0,4,26,2,0,0,32,32,54,1,2,4,44,1,1,3,49,52,0,0,0,1,0,0,0,0,1,1,7,0,1,1,8,0,0,1,9,10,277,2,20,35,273,Austin
2015,12,7,79,5,6,18,96,7,1,11,121,132,27,1,1,8,51,1,1,2,60,62,42,2,5,8,36,4,0,7,48,55,3,0,0,1,0,0,0,0,1,1,7,2,0,1,9,2,0,2,12,14,313,5,27,36,274,Austin
2016,12,7,67,2,4,15,74,5,0,6,94,100,35,1,1,6,35,3,0,2,44,46,27,1,2,6,35,2,0,3,43,46,1,0,0,0,1,0,0,0,1,1,4,0,1,3,3,0,0,1,6,7,264,3,19,31,269,Austin
2017,12,7,63,2,7,11,71,4,0,9,86,95,23,1,1,5,28,1,0,2,34,36,35,1,6,6,38,3,0,7,47,54,0,0,0,0,0,0,0,0,0,0,5,0,0,0,5,0,0,0,5,5,234,2,17,32,270,Austin
2018,12,7,65,4,3,12,88,2,2,7,102,109,30,2,1,8,44,1,0,3,53,56,27,2,2,4,34,1,2,4,39,43,0,0,0,0,1,0,0,0,1,1,8,0,0,0,9,0,0,0,9,9,283,2,31,33,271,Austin
2019,12,7,66,5,3,18,85,15,2,8,118,126,24,0,1,7,38,8,1,1,53,54,34,5,2,10,37,7,1,7,54,61,1,0,0,0,0,0,0,0,0,0,7,0,0,1,10,0,0,0,11,11,295,1,23,34,272,Austin
2020,12,7,66,1,8,24,80,10,0,9,114,123,21,0,4,6,33,7,0,4,46,50,39,1,3,15,37,1,0,4,53,57,0,0,0,0,2,0,0,0,2,2,6,0,1,3,8,2,0,1,13,14,296,5,24,36,274,Austin
2021,12,7,46,1,7,14,43,9,4,8,66,74,15,1,3,5,25,4,1,4,34,38,29,0,3,8,15,5,3,3,28,31,0,0,0,1,2,0,0,0,3,3,2,0,1,0,1,0,0,1,1,2,201,5,10,30,268,Austin
2022,12,7,55,2,8,9,68,10,0,10,87,97,22,0,2,2,37,6,0,2,45,47,28,2,6,6,24,4,0,8,34,42,0,0,0,0,2,0,0,0,2,2,5,0,0,1,5,0,0,0,6,6,235,2,15,31,269,Austin
2023,12,7,41,4,6,16,46,23,0,10,85,95,16,4,4,6,29,10,0,8,45,53,25,0,2,10,13,9,0,2,32,34,0,0,0,0,0,0,0,0,0,0,0,0,0,0,4,4,0,0,8,8,242,2,16,32,270,Austin
2024,12,7,48,2,5,11,73,13,6,7,97,104,16,1,0,5,33,6,0,1,44,45,26,1,5,5,29,7,6,6,41,47,1,0,0,1,1,0,0,0,2,2,5,0,0,0,10,0,0,0,10,10,237,3,20,34,272,Austin
2012,1,8,88,2,7,9,81,8,1,9,98,107,31,0,1,6,36,0,0,1,42,43,51,2,6,2,33,6,1,8,41,49,0,0,0,1,0,0,0,0,1,1,6,0,0,0,12,2,0,0,14,14,291,1,25,-301,-63,Austin
2013,1,8,67,3,5,13,96,5,2,8,114,122,24,0,2,5,39,3,2,2,47,49,37,1,3,8,39,1,0,4,48,52,1,0,0,0,1,0,0,0,1,1,5,2,0,0,17,1,0,2,18,20,274,3,32,-299,-61,Austin
2014,1,8,70,3,8,10,67,5,4,11,82,93,28,0,4,4,27,2,2,4,33,37,34,2,4,6,29,2,1,6,37,43,2,0,0,0,1,0,0,0,1,1,6,1,0,0,10,1,1,1,11,12,268,3,26,-298,-60,Austin
2015,1,8,66,5,3,9,79,7,1,8,95,103,32,1,0,3,45,4,1,1,52,53,29,3,3,3,27,3,0,6,33,39,1,0,0,1,1,0,0,0,2,2,4,1,0,2,6,0,0,1,8,9,272,3,22,-297,-59,Austin
2016,1,8,77,3,5,24,56,6,4,8,86,94,33,1,0,12,31,3,1,1,46,47,36,1,4,10,18,3,3,5,31,36,0,0,0,0,0,0,0,0,0,0,8,1,1,2,7,0,0,2,9,11,279,0,23,-303,-65,Austin
2017,1,8,75,3,8,9,62,5,2,11,76,87,23,0,2,6,28,1,2,2,35,37,48,3,5,2,27,2,0,8,31,39,0,0,0,0,0,0,0,0,0,0,4,0,1,1,7,2,0,1,10,11,248,0,23,-301,-63,Austin
2018,1,8,75,2,3,8,67,6,0,5,81,86,28,1,2,4,33,2,0,3,39,42,37,1,1,3,21,2,0,2,26,28,0,0,0,0,1,0,0,0,1,1,10,0,0,1,12,2,0,0,15,15,249,1,29,-300,-62,Austin
2019,1,8,65,1,1,9,86,5,2,2,100,102,26,0,0,6,38,3,0,0,47,47,35,1,1,3,36,1,2,2,40,42,0,0,0,0,0,0,0,0,0,0,4,0,0,0,12,1,0,0,13,13,277,0,25,-299,-61,Austin
2020,1,8,64,3,3,13,106,8,2,6,127,133,27,0,1,7,56,1,1,1,64,65,32,2,1,4,38,7,1,3,49,52,0,0,0,0,1,0,0,0,1,1,5,1,1,2,11,0,0,2,13,15,287,1,27,-298,-60,Austin
2021,1,8,55,2,4,15,60,9,0,6,84,90,23,1,2,6,27,1,0,3,34,37,30,1,0,8,24,5,0,1,37,38,0,0,0,0,0,0,0,0,0,0,2,0,2,1,9,3,0,2,13,15,238,0,24,-303,-65,Austin
2022,1,8,39,2,4,9,71,11,4,6,91,97,12,0,1,6,31,2,1,1,39,40,23,2,3,3,33,8,3,5,44,49,0,0,0,0,0,0,0,0,0,0,4,0,0,0,7,1,0,0,8,8,213,0,16,-302,-64,Austin
2023,1,8,59,2,14,15,59,14,2,16,88,104,22,0,3,8,23,5,1,3,36,39,34,1,10,6,33,6,1,11,45,56,0,0,1,0,1,1,0,1,2,3,3,1,0,1,2,2,0,1,5,6,240,3,15,-301,-63,Austin
2024,1,8,64,1,7,6,57,20,2,8,83,91,18,0,4,4,16,12,2,4,32,36,39,1,3,2,35,5,0,4,42,46,0,0,0,0,0,0,0,0,0,0,7,0,0,0,6,3,0,0,9,9,246,0,24,-300,-62,Austin
2012,2,8,76,2,9,10,70,11,1,11,91,102,36,1,3,5,39,9,0,4,53,57,30,1,6,3,24,2,1,7,29,36,0,0,0,0,0,0,0,0,0,0,10,0,0,2,7,0,0,0,9,9,297,1,26,-270,-32,Austin
2013,2,8,105,2,6,16,80,6,2,8,102,110,32,1,2,8,38,3,1,3,49,52,64,1,2,7,40,2,1,3,49,52,1,0,1,0,0,0,0,1,0,1,8,0,1,1,2,1,0,1,4,5,369,3,19,-268,-30,Austin
2014,2,8,76,1,2,19,89,7,0,3,115,118,26,0,1,6,39,2,0,1,47,48,41,1,1,12,36,5,0,2,53,55,1,0,0,1,0,0,0,0,1,1,8,0,0,0,14,0,0,0,14,14,292,3,26,-267,-29,Austin
2015,2,8,85,5,7,12,69,5,1,12,86,98,33,0,3,3,28,3,0,3,34,37,46,4,4,8,30,2,1,8,40,48,0,1,0,0,0,0,0,1,0,1,6,0,0,1,11,0,0,0,12,12,314,1,28,-266,-28,Austin
2016,2,8,80,1,3,18,75,3,3,4,96,100,36,0,0,13,42,1,2,0,56,56,39,1,3,3,25,1,1,4,29,33,1,0,0,1,1,1,0,0,3,3,4,0,0,1,7,0,0,0,8,8,282,5,21,-272,-34,Austin
2017,2,8,85,1,4,13,71,7,1,5,91,96,36,0,1,7,38,2,1,1,47,48,36,1,2,4,20,5,0,3,29,32,1,0,0,0,2,0,0,0,2,2,12,0,1,2,11,0,0,1,13,14,300,3,33,-270,-32,Austin
2018,2,8,78,2,6,12,65,5,1,8,82,90,48,2,1,6,32,1,0,3,39,42,26,0,5,6,26,4,0,5,36,41,1,0,0,0,0,0,0,0,0,0,3,0,0,0,7,0,1,0,7,7,251,1,18,-269,-31,Austin
2019,2,8,64,4,5,15,91,6,1,9,112,121,20,0,2,8,35,2,0,2,45,47,33,4,2,6,36,3,1,6,45,51,0,0,0,1,0,0,0,0,1,1,11,0,1,0,20,1,0,1,21,22,268,3,38,-268,-30,Austin
2020,2,8,93,1,3,16,87,9,3,4,112,116,43,1,0,6,42,5,1,1,53,54,47,0,3,10,38,4,2,3,52,55,1,0,0,0,2,0,0,0,2,2,2,0,0,0,5,0,0,0,5,5,298,4,12,-267,-29,Austin
2021,2,8,76,2,7,13,73,7,0,9,93,102,28,1,2,6,32,3,0,3,41,44,38,1,5,7,36,4,0,6,47,53,3,0,0,0,2,0,0,0,2,2,7,0,0,0,3,0,0,0,3,3,283,5,15,-272,-34,Austin
2022,2,8,47,7,5,13,57,20,1,12,90,102,21,3,2,2,37,11,1,5,50,55,23,3,3,6,16,7,0,6,29,35,0,0,0,0,0,1,0,0,1,1,3,1,0,5,4,1,0,1,10,11,227,1,17,-271,-33,Austin
2023,2,8,44,2,4,10,81,14,3,6,105,111,18,1,2,4,39,2,2,3,45,48,22,1,2,6,36,10,1,3,52,55,1,0,0,0,1,2,0,0,3,3,3,0,0,0,5,0,0,0,5,5,244,4,12,-270,-32,Austin
2024,2,8,53,3,4,12,55,21,2,7,88,95,17,1,4,7,30,14,2,5,51,56,31,2,0,4,22,4,0,2,30,32,1,0,0,0,0,1,0,0,1,1,4,0,0,1,3,2,0,0,6,6,250,3,17,-269,-31,Austin
2012,3,8,86,3,5,22,87,6,0,8,115,123,41,1,4,17,39,2,0,5,58,63,37,2,1,4,37,3,0,3,44,47,1,0,0,0,0,0,0,0,0,0,7,0,0,1,11,1,0,0,13,13,333,1,28,-241,-3,Austin
2013,3,8,84,0,3,26,76,3,1,3,105,108,29,0,3,18,42,1,1,3,61,64,44,0,0,6,24,2,0,0,32,32,1,0,0,0,5,0,0,0,5,5,10,0,0,2,5,0,0,0,7,7,334,7,20,-240,-2,Austin
2014,3,8,94,2,3,15,74,7,0,5,96,101,34,1,0,10,42,3,0,1,55,56,55,1,2,5,24,3,0,3,32,35,0,0,0,0,0,0,0,0,0,0,5,0,1,0,8,1,0,1,9,10,304,0,21,-239,-1,Austin
2015,3,8,92,2,8,12,65,8,2,10,85,95,35,0,5,5,36,4,0,5,45,50,50,2,2,7,22,4,2,4,33,37,0,0,1,0,0,0,0,1,0,1,7,0,0,0,7,0,0,0,7,7,297,2,19,-238,0,Austin
2016,3,8,105,2,7,14,70,8,2,9,92,101,47,0,2,10,38,5,1,2,53,55,44,2,4,2,28,3,1,6,33,39,1,0,0,1,0,0,0,0,1,1,13,0,1,1,4,0,0,1,5,6,331,2,23,-243,-5,Austin
2017,3,8,89,5,5,13,62,5,2,10,80,90,40,2,3,7,34,3,0,5,44,49,44,3,2,6,20,0,2,5,26,31,1,0,0,0,1,0,0,0,1,1,4,0,0,0,7,2,0,0,9,9,290,3,20,-242,-4,Austin
2018,3,8,62,3,3,5,64,5,3,6,74,80,25,1,0,5,32,4,2,1,41,42,30,2,2,0,26,1,1,4,27,31,2,0,0,0,0,0,0,0,0,0,5,0,1,0,6,0,0,1,6,7,246,2,19,-241,-3,Austin
2019,3,8,69,0,6,9,85,11,5,6,105,111,33,0,3,6,51,6,2,3,63,66,30,0,2,3,30,4,2,2,37,39,0,0,0,0,0,0,0,0,0,0,6,0,1,0,4,1,1,1,5,6,297,0,21,-240,-2,Austin
2020,3,8,98,3,3,9,80,9,3,6,98,104,47,3,0,2,48,5,0,3,55,58,45,0,2,6,23,4,3,2,33,35,2,0,0,0,1,0,0,0,1,1,4,0,1,1,8,0,0,1,9,10,302,4,20,-238,0,Austin
2021,3,8,61,2,10,13,91,12,6,12,116,128,27,0,5,10,55,7,3,5,72,77,26,2,5,3,30,5,3,7,38,45,1,0,0,0,0,0,0,0,0,0,7,0,0,0,6,0,0,0,6,6,287,2,17,-244,-6,Austin
2022,3,8,58,2,3,14,63,12,6,5,89,94,30,2,3,9,43,6,2,5,58,63,23,0,0,4,16,4,2,0,24,24,0,0,0,1,0,1,0,0,2,2,5,0,0,0,4,1,2,0,5,5,233,2,17,-243,-5,Austin
2023,3,8,62,1,5,17,65,19,2,6,101,107,32,0,1,5,36,10,1,1,51,52,27,1,4,11,26,8,1,5,45,50,0,0,0,1,0,0,0,0,1,1,3,0,0,0,3,1,0,0,4,4,269,1,14,-242,-4,Austin
2024,3,8,45,3,5,10,63,20,4,8,93,101,17,0,2,4,31,12,0,2,47,49,22,3,2,6,28,7,4,5,41,46,0,0,0,0,0,0,0,0,0,0,6,0,1,0,4,1,0,1,5,6,262,0,20,-240,-2,Austin
2012,4,8,90,6,7,17,76,5,3,13,98,111,42,0,4,8,37,2,3,4,47,51,41,5,2,8,29,2,0,7,39,46,1,1,0,0,0,0,0,1,0,1,6,0,1,1,10,1,0,1,12,13,317,3,30,-210,28,Austin
2013,4,8,81,2,7,25,110,4,1,9,139,148,45,1,2,22,54,0,0,3,76,79,29,1,5,3,38,2,1,6,43,49,0,0,0,0,1,0,0,0,1,1,7,0,0,0,17,2,0,0,19,19,360,4,36,-209,29,Austin
2014,4,8,87,0,5,20,91,5,1,5,116,121,51,0,5,17,63,2,1,5,82,87,30,0,0,1,20,3,0,0,24,24,1,0,0,2,0,0,0,0,2,2,5,0,0,0,8,0,0,0,8,8,330,3,20,-208,30,Austin
2015,4,8,86,3,2,29,69,4,0,5,102,107,41,1,2,19,41,4,0,3,64,67,34,1,0,8,22,0,0,1,30,31,1,0,0,0,0,0,0,0,0,0,10,1,0,2,6,0,0,1,8,9,312,1,27,-207,31,Austin
2016,4,8,70,2,4,11,70,6,2,6,87,93,32,0,3,6,48,4,1,3,58,61,33,2,1,4,16,1,1,3,21,24,1,0,0,0,0,0,0,0,0,0,4,0,0,1,6,1,0,0,8,8,267,2,19,-212,26,Austin
2017,4,8,75,2,4,12,72,9,1,6,93,99,35,1,1,5,43,2,0,2,50,52,33,1,1,7,19,5,1,2,31,33,0,0,0,0,0,0,0,0,0,0,7,0,2,0,10,2,0,2,12,14,268,1,28,-211,27,Austin
2018,4,8,76,2,3,11,57,7,2,5,75,80,34,0,1,9,37,2,1,1,48,49,29,2,2,1,13,5,1,4,19,23,0,0,0,0,0,0,0,0,0,0,13,0,0,1,7,0,0,0,8,8,237,0,29,-210,28,Austin
2019,4,8,85,3,3,13,77,6,2,6,96,102,40,2,0,9,51,4,0,2,64,66,37,1,3,4,22,0,2,4,26,30,4,0,0,0,1,0,0,0,1,1,4,0,0,0,3,2,0,0,5,5,279,8,17,-209,29,Austin
2020,4,8,64,3,7,4,68,12,3,10,84,94,38,2,3,3,40,6,1,5,49,54,19,0,2,0,26,4,2,2,30,32,0,0,0,0,0,0,0,0,0,0,7,1,2,1,2,2,0,3,5,8,237,0,23,-207,31,Austin
2021,4,8,58,2,6,6,65,9,4,8,80,88,30,1,2,2,38,5,1,3,45,48,21,1,2,3,20,3,3,3,26,29,2,0,0,0,0,0,0,0,0,0,5,0,2,1,7,1,0,2,9,11,272,3,20,-213,25,Austin
2022,4,8,51,0,6,15,64,13,1,6,92,98,25,0,3,8,34,12,1,3,54,57,22,0,2,7,26,1,0,2,34,36,1,0,0,0,0,0,0,0,0,0,3,0,1,0,4,0,0,1,4,5,242,3,12,-212,26,Austin
2023,4,8,50,2,14,5,48,25,4,16,78,94,19,1,4,0,31,11,2,5,42,47,26,1,9,3,16,10,2,10,29,39,1,0,0,0,0,0,0,0,0,0,4,0,1,2,1,4,0,1,7,8,226,1,17,-211,27,Austin
2024,4,8,65,4,4,13,61,14,6,8,88,96,27,0,1,9,47,7,3,1,63,64,32,4,2,4,10,4,1,6,18,24,1,0,0,0,0,0,0,0,0,0,5,0,1,0,4,3,2,1,7,8,268,2,18,-209,29,Austin
2012,5,8,83,1,5,24,81,4,1,6,109,115,39,0,3,18,57,4,0,3,79,82,38,0,2,5,17,0,1,2,22,24,0,0,0,0,0,0,0,0,0,0,6,1,0,1,7,0,0,1,8,9,325,1,24,-180,58,Austin
2013,5,8,86,5,5,21,99,6,2,10,126,136,48,2,3,16,70,4,1,5,90,95,31,3,2,4,24,1,1,5,29,34,0,0,0,0,0,0,0,0,0,0,7,0,0,1,5,1,0,0,7,7,345,1,19,-179,59,Austin
2014,5,8,84,3,2,27,99,8,2,5,134,139,50,1,1,16,53,5,1,2,74,76,23,2,1,9,31,2,0,3,42,45,1,0,0,1,1,0,1,0,2,2,10,0,0,1,14,1,0,0,16,16,346,4,35,-178,60,Austin
2015,5,8,109,1,2,15,84,3,1,3,102,105,52,1,1,13,57,2,1,2,72,74,46,0,1,2,21,0,0,1,23,24,1,0,0,0,0,0,0,0,0,0,10,0,0,0,6,1,0,0,7,7,335,1,28,-177,61,Austin
2016,5,8,90,0,6,15,81,9,0,6,105,111,41,0,3,10,47,6,0,3,63,66,41,0,3,5,30,2,0,3,37,40,1,0,0,0,1,0,0,0,1,1,7,0,0,0,3,1,0,0,4,4,280,2,16,-182,56,Austin
2017,5,8,71,6,5,14,97,8,1,11,119,130,44,1,2,11,69,3,1,3,83,86,22,4,2,3,21,5,0,6,29,35,2,1,0,0,0,0,0,1,0,1,3,0,1,0,7,0,0,1,7,8,302,4,16,-181,57,Austin
2018,5,8,82,5,2,20,68,5,1,7,93,100,45,2,2,9,47,3,1,4,59,63,29,2,0,10,15,2,0,2,27,29,0,0,0,0,0,0,0,0,0,0,8,1,0,1,6,0,0,1,7,8,297,0,22,-180,58,Austin
2019,5,8,69,1,6,5,80,10,2,7,95,102,40,1,3,5,57,8,1,4,70,74,19,0,3,0,19,1,1,3,20,23,0,0,0,0,0,0,0,0,0,0,10,0,0,0,4,1,0,0,5,5,269,0,21,-179,59,Austin
2020,5,8,88,0,10,16,77,10,4,10,103,113,53,0,4,9,52,10,2,4,71,75,24,0,5,6,21,0,1,5,27,32,1,0,0,0,0,0,0,0,0,0,10,0,1,1,4,0,1,1,5,6,304,3,25,-177,61,Austin
2021,5,8,58,3,10,7,73,12,5,13,92,105,28,0,3,2,47,8,2,3,57,60,27,2,7,5,23,3,1,9,31,40,0,0,0,0,0,0,0,0,0,0,3,1,0,0,3,1,2,1,4,5,248,0,15,-183,55,Austin
2022,5,8,64,2,7,6,36,5,5,9,47,56,32,1,4,5,28,3,2,5,36,41,25,1,2,0,6,1,3,3,7,10,0,0,0,0,0,0,0,0,0,0,7,0,1,1,2,1,0,1,4,5,220,3,18,-182,56,Austin
2023,5,8,52,2,4,17,46,15,2,6,78,84,25,1,3,5,27,8,1,4,40,44,21,1,0,9,16,6,1,1,31,32,0,0,0,0,0,0,0,0,0,0,6,0,1,3,3,1,0,1,7,8,209,0,19,-181,57,Austin
2024,5,8,57,0,4,16,51,17,2,4,84,88,28,0,0,8,35,9,1,0,52,52,25,0,4,5,10,5,1,4,20,24,0,0,0,2,1,0,0,0,3,3,4,0,0,1,5,3,0,0,9,9,248,3,19,-179,59,Austin
2012,6,8,84,3,6,15,95,4,0,9,114,123,43,3,2,11,64,4,0,5,79,84,31,0,4,4,22,0,0,4,26,30,0,0,0,0,2,0,0,0,2,2,10,0,0,0,7,0,0,0,7,7,348,3,25,-149,89,Austin
2013,6,8,79,7,7,11,100,4,1,14,115,129,33,4,5,7,67,3,1,9,77,86,35,3,2,3,24,1,0,5,28,33,0,0,0,0,0,0,0,0,0,0,11,0,0,1,9,0,0,0,10,10,346,3,35,-148,90,Austin
2014,6,8,80,3,4,16,66,4,0,7,86,93,43,3,3,6,34,2,0,6,42,48,28,0,0,5,21,2,0,0,28,28,0,0,0,1,1,0,0,0,2,2,9,0,1,4,10,0,0,1,14,15,287,2,34,-147,91,Austin
2015,6,8,92,4,6,18,88,5,2,10,111,121,51,2,4,12,68,4,0,6,84,90,29,2,2,5,16,0,2,4,21,25,0,0,0,0,0,0,0,0,0,0,12,0,0,1,4,1,0,0,6,6,358,1,30,-146,92,Austin
2016,6,8,84,7,2,7,92,5,0,9,104,113,53,1,2,3,54,2,0,3,59,62,22,5,0,4,22,2,0,5,28,33,0,0,0,0,0,0,0,0,0,0,9,1,0,0,16,1,0,1,17,18,310,0,38,-151,87,Austin
2017,6,8,86,3,6,10,64,4,4,9,78,87,54,2,2,6,43,3,3,4,52,56,20,1,4,2,18,1,1,5,21,26,0,0,0,1,0,0,0,0,1,1,12,0,0,1,3,0,0,0,4,4,293,1,26,-150,88,Austin
2018,6,8,71,3,9,13,63,5,3,12,81,93,38,0,6,8,51,4,2,6,63,69,23,3,3,4,8,1,1,6,13,19,0,0,0,0,0,0,0,0,0,0,10,0,0,1,4,0,0,0,5,5,276,0,24,-149,89,Austin
2019,6,8,71,3,8,11,97,7,0,11,115,126,39,1,7,7,67,5,0,8,79,87,25,2,1,4,22,2,0,3,28,31,0,0,0,0,0,0,0,0,0,0,7,0,0,0,8,0,0,0,8,8,288,1,25,-148,90,Austin
2020,6,8,64,4,7,13,76,7,1,11,96,107,32,1,2,7,52,2,0,3,61,64,21,3,4,5,19,2,1,7,26,33,0,0,0,0,0,0,0,0,0,0,11,0,1,1,5,3,0,1,9,10,291,0,30,-146,92,Austin
2021,6,8,57,5,9,11,67,17,2,14,95,109,34,5,3,6,44,13,2,8,63,71,18,0,5,4,15,3,0,5,22,27,0,0,0,0,0,0,0,0,0,0,5,0,1,1,8,1,0,1,10,11,266,1,23,-152,86,Austin
2022,6,8,58,1,8,16,86,10,1,9,112,121,32,0,6,5,63,9,0,6,77,83,15,0,2,10,10,1,1,2,21,23,0,0,0,0,0,0,0,0,0,0,11,1,0,1,13,0,0,1,14,15,275,0,35,-151,87,Austin
2023,6,8,59,1,7,14,47,26,0,8,87,95,30,0,4,4,29,18,0,4,51,55,22,0,1,9,11,8,0,1,28,29,0,0,0,0,0,0,0,0,0,0,7,1,2,1,7,0,0,3,8,11,250,1,24,-150,88,Austin
2024,6,8,48,0,10,21,40,17,3,10,78,88,19,0,1,12,20,10,0,1,42,43,28,0,6,7,16,5,3,6,28,34,0,0,0,0,0,0,0,0,0,0,1,0,3,2,4,2,0,3,8,11,217,0,17,-148,90,Austin
2012,7,8,87,4,2,15,105,4,2,6,124,130,37,2,0,7,50,3,2,2,60,62,45,2,2,6,41,0,0,4,47,51,0,0,0,0,0,0,0,0,0,0,5,0,0,2,14,1,0,0,17,17,355,0,40,-119,119,Austin
2013,7,8,85,0,3,22,103,4,2,3,129,132,48,0,2,20,78,2,2,2,100,102,28,0,1,2,20,1,0,1,23,24,0,0,0,0,0,0,0,0,0,0,9,0,0,0,5,1,0,0,6,6,321,0,19,-118,120,Austin
2014,7,8,86,2,4,12,87,8,0,6,107,113,56,0,3,8,65,7,0,3,80,83,25,1,1,4,17,0,0,2,21,23,0,0,0,0,0,0,0,0,0,0,5,1,0,0,5,1,0,1,6,7,333,0,20,-117,121,Austin
2015,7,8,85,3,5,16,75,6,2,8,97,105,46,1,4,10,48,3,2,5,61,66,25,0,1,3,17,2,0,1,22,23,0,0,0,2,0,0,0,0,2,2,14,2,0,1,10,1,0,2,12,14,313,4,33,-116,122,Austin
2016,7,8,71,1,6,16,90,5,1,7,111,118,41,1,3,13,65,3,0,4,81,85,24,0,3,3,20,2,1,3,25,28,0,0,0,0,1,0,0,0,1,1,6,0,0,0,4,0,0,0,4,4,305,3,20,-121,117,Austin
2017,7,8,77,2,10,9,101,7,2,12,117,129,40,0,4,8,61,3,2,4,72,76,29,2,5,1,32,3,0,7,36,43,1,0,0,0,0,0,0,0,0,0,7,0,1,0,8,1,0,1,9,10,305,1,27,-120,118,Austin
2018,7,8,53,2,11,14,50,3,1,13,67,80,28,0,5,7,31,2,1,5,40,45,15,1,6,4,14,1,0,7,19,26,0,0,0,0,0,0,0,0,0,0,10,1,0,3,5,0,0,1,8,9,212,1,25,-119,119,Austin
2019,7,8,64,2,2,16,75,4,3,4,95,99,43,2,0,8,51,2,2,2,61,63,13,0,1,5,16,1,1,1,22,23,0,0,0,2,0,0,0,0,2,2,8,0,1,1,8,1,0,1,10,11,282,2,29,-118,120,Austin
2020,7,8,59,0,6,10,65,7,0,6,82,88,36,0,5,2,44,5,0,5,51,56,16,0,1,7,13,0,0,1,20,21,0,0,0,0,0,0,0,0,0,0,7,0,0,1,8,2,0,0,11,11,229,1,26,-116,122,Austin
2021,7,8,56,1,11,12,70,11,1,12,93,105,35,0,7,7,46,5,1,7,58,65,19,0,2,5,18,2,0,2,25,27,0,0,0,0,0,0,0,0,0,0,2,1,2,0,6,4,0,3,10,13,245,2,21,-122,116,Austin
2022,7,8,55,0,7,15,64,16,1,7,95,102,31,0,2,7,39,11,1,2,57,59,18,0,4,8,19,4,0,4,31,35,0,0,0,0,0,0,0,0,0,0,6,0,1,0,6,1,0,1,7,8,229,0,20,-121,117,Austin
2023,7,8,65,2,8,12,39,17,1,10,68,78,29,1,5,5,26,9,0,6,40,46,28,0,3,7,9,6,1,3,22,25,1,0,0,0,1,0,0,0,1,1,7,1,0,0,3,2,0,1,5,6,241,2,19,-120,118,Austin
2024,7,8,60,2,8,19,53,14,3,10,86,96,27,1,3,12,37,7,3,4,56,60,23,0,5,7,14,4,0,5,25,30,0,0,0,0,0,1,0,0,1,1,10,1,0,0,2,2,0,1,4,5,230,2,20,-118,120,Austin
2012,8,8,101,2,5,16,93,6,2,7,115,122,62,2,2,14,61,4,1,4,79,83,26,0,2,2,27,1,1,2,30,32,2,0,0,0,0,0,0,0,0,0,11,0,1,0,5,1,0,1,6,7,364,2,33,-88,150,Austin
2013,8,8,88,1,2,17,94,5,3,3,116,119,50,0,2,10,53,3,2,2,66,68,27,1,0,7,33,0,1,1,40,41,2,0,0,0,2,1,0,0,3,3,9,0,0,0,6,1,0,0,7,7,337,5,20,-87,151,Austin
2014,8,8,79,1,6,23,93,6,1,7,122,129,37,1,2,14,68,2,1,3,84,87,31,0,4,7,16,3,0,4,26,30,1,0,0,0,1,0,0,0,1,1,10,0,0,2,8,1,0,0,11,11,318,2,29,-86,152,Austin
2015,8,8,76,1,3,13,64,8,0,4,85,89,35,1,2,6,41,2,0,3,49,52,32,0,0,7,19,3,0,0,29,29,2,0,0,0,0,0,0,0,0,0,7,0,1,0,4,3,0,1,7,8,299,4,22,-85,153,Austin
2016,8,8,92,3,6,6,70,2,3,9,78,87,46,1,3,4,55,1,0,4,60,64,39,1,1,2,11,1,3,2,14,16,0,0,1,0,0,0,0,1,0,1,7,1,1,0,4,0,0,2,4,6,314,1,30,-90,148,Austin
2017,8,8,79,1,5,20,64,7,2,6,91,97,40,1,2,12,46,6,2,3,64,67,30,0,3,7,16,1,0,3,24,27,0,0,0,1,0,0,0,0,1,1,9,0,0,0,2,0,0,0,2,2,279,1,19,-89,149,Austin
2018,8,8,82,1,5,14,84,5,2,6,103,109,47,1,2,10,60,3,1,3,73,76,30,0,3,4,12,1,1,3,17,20,0,0,0,0,0,0,0,0,0,0,5,0,0,0,12,1,0,0,13,13,291,0,22,-88,150,Austin
2019,8,8,61,4,1,15,94,5,3,5,114,119,33,2,0,9,65,2,0,2,76,78,26,2,1,4,24,3,3,3,31,34,0,0,0,0,0,0,0,0,0,0,2,0,0,2,5,0,0,0,7,7,299,0,12,-87,151,Austin
2020,8,8,100,4,5,17,65,13,3,9,95,104,65,0,1,13,48,5,2,1,66,67,29,3,2,4,12,8,1,5,24,29,1,0,0,0,0,0,0,0,0,0,5,1,2,0,5,0,0,3,5,8,314,2,20,-85,153,Austin
2021,8,8,44,6,12,10,44,11,6,18,65,83,17,2,3,6,25,9,4,5,40,45,18,4,9,4,17,2,2,13,23,36,0,0,0,0,1,0,0,0,1,1,9,0,0,0,1,0,0,0,1,1,220,1,15,-91,147,Austin
2022,8,8,49,5,5,18,73,14,1,10,105,115,24,4,0,9,56,9,1,4,74,78,21,1,4,9,15,3,0,5,27,32,0,0,0,0,0,0,0,0,0,0,4,0,1,0,2,2,0,1,4,5,253,0,12,-90,148,Austin
2023,8,8,43,2,3,12,39,26,3,5,77,82,27,1,2,4,23,15,1,3,42,45,12,1,1,7,14,8,2,2,29,31,1,0,0,0,1,1,0,0,2,2,3,0,0,1,1,2,0,0,4,4,196,4,13,-89,149,Austin
2024,8,8,57,1,0,6,68,20,5,1,94,95,26,0,0,4,48,7,4,0,59,59,25,1,0,2,12,12,1,1,26,27,1,0,0,0,0,0,0,0,0,0,5,0,0,0,8,1,0,0,9,9,247,1,21,-87,151,Austin
2012,9,8,105,4,4,14,87,6,4,8,107,115,51,0,3,7,45,2,1,3,54,57,46,3,1,6,36,3,3,4,45,49,0,0,0,0,1,1,0,0,2,2,8,1,0,1,5,0,0,1,6,7,340,4,16,-57,181,Austin
2013,9,8,74,1,5,8,80,5,0,6,93,99,36,0,3,4,50,2,0,3,56,59,30,0,2,1,23,3,0,2,27,29,0,0,0,1,1,0,0,0,2,2,8,1,0,2,6,0,0,1,8,9,295,2,20,-56,182,Austin
2014,9,8,72,4,4,13,102,7,3,8,122,130,39,2,1,9,60,3,2,3,72,75,22,2,3,4,27,2,1,5,33,38,1,0,0,0,1,1,0,0,2,2,10,0,0,0,14,1,0,0,15,15,333,3,37,-55,183,Austin
2015,9,8,81,5,3,12,70,4,1,8,86,94,42,4,3,6,46,1,1,7,53,60,26,1,0,6,15,3,0,1,24,25,1,0,0,0,0,0,0,0,0,0,12,0,0,0,9,0,0,0,9,9,299,1,29,-54,184,Austin
2016,9,8,72,1,2,16,79,7,1,3,102,105,35,0,2,9,46,2,0,2,57,59,28,1,0,6,23,3,1,1,32,33,2,0,0,0,1,0,0,0,1,1,7,0,0,1,9,2,0,0,12,12,291,4,28,-59,179,Austin
2017,9,8,72,2,2,12,84,6,3,4,102,106,41,1,1,6,48,4,2,2,58,60,28,0,1,6,27,2,1,1,35,36,0,0,0,0,0,0,0,0,0,0,3,1,0,0,9,0,0,1,9,10,283,0,20,-58,180,Austin
2018,9,8,75,3,8,11,66,12,2,11,89,100,36,1,5,5,36,8,2,6,49,55,29,2,3,5,24,3,0,5,32,37,2,0,0,0,0,0,0,0,0,0,8,0,0,1,6,1,0,0,8,8,266,2,19,-57,181,Austin
2019,9,8,64,2,9,18,66,7,3,11,91,102,34,1,1,9,37,4,1,2,50,52,25,1,7,8,25,3,2,8,36,44,0,0,0,0,0,0,0,0,0,0,5,0,1,1,4,0,0,1,5,6,271,2,17,-56,182,Austin
2020,9,8,73,2,9,15,80,10,3,11,105,116,46,0,4,7,47,5,1,4,59,63,23,2,4,7,23,5,2,6,35,41,3,0,0,0,1,0,0,0,1,1,1,0,1,1,9,0,0,1,10,11,276,4,18,-54,184,Austin
2021,9,8,44,4,4,8,47,17,3,8,72,80,21,3,2,4,25,11,0,5,40,45,20,1,2,4,17,6,2,3,27,30,1,0,0,0,0,0,0,0,0,0,2,0,0,0,5,0,1,0,5,5,221,1,15,-60,178,Austin
2022,9,8,44,1,10,10,66,14,1,11,90,101,25,1,5,7,34,11,1,6,52,58,15,0,4,3,22,2,0,4,27,31,0,0,0,0,0,0,0,0,0,0,4,0,1,0,10,1,0,1,11,12,222,0,17,-59,179,Austin
2023,9,8,50,5,7,14,64,31,5,12,109,121,23,3,4,4,33,20,4,7,57,64,24,2,2,10,27,9,1,4,46,50,0,0,1,0,0,0,0,1,0,1,3,0,0,0,4,2,0,0,6,6,253,1,17,-58,180,Austin
2024,9,8,58,1,7,13,28,12,4,8,53,61,27,1,2,8,16,7,3,3,31,34,28,0,5,2,10,3,1,5,15,20,0,0,0,0,0,0,0,0,0,0,3,0,0,3,2,2,0,0,7,7,199,1,13,-56,182,Austin
2012,10,8,86,0,2,35,102,5,1,2,142,144,39,0,0,19,51,3,0,0,73,73,42,0,2,15,43,2,1,2,60,62,1,0,0,0,1,0,0,0,1,1,4,0,0,1,7,0,0,0,8,8,332,3,18,-27,211,Austin
2013,10,8,86,0,1,22,97,4,1,1,123,124,51,0,1,15,56,1,1,1,72,73,30,0,0,6,33,1,0,0,40,40,0,0,0,1,0,0,0,0,1,1,5,0,0,0,8,2,0,0,10,10,314,2,20,-26,212,Austin
2014,10,8,98,5,3,13,74,5,2,8,92,100,46,3,2,6,41,3,2,5,50,55,41,1,0,5,26,2,0,1,33,34,1,0,0,1,0,0,0,0,1,1,10,1,1,1,7,0,0,2,8,10,304,3,25,-25,213,Austin
2015,10,8,61,1,5,8,73,2,4,6,83,89,28,0,2,5,35,1,4,2,41,43,26,1,2,3,28,1,0,3,32,35,1,0,0,0,0,0,0,0,0,0,6,0,1,0,10,0,0,1,10,11,262,1,23,-24,214,Austin
2016,10,8,77,3,5,10,90,6,0,8,106,114,29,0,1,7,53,2,0,1,62,63,39,1,4,3,29,4,0,5,36,41,1,0,0,0,0,0,0,0,0,0,8,2,0,0,8,0,0,2,8,10,303,1,23,-29,209,Austin
2017,10,8,89,3,9,10,73,10,2,12,93,105,40,0,4,3,34,4,0,4,41,45,42,2,3,6,34,6,2,5,46,51,1,0,1,0,0,0,0,1,0,1,6,1,1,1,5,0,0,2,6,8,290,2,15,-28,210,Austin
2018,10,8,68,6,7,14,82,11,2,13,107,120,38,2,3,8,46,7,2,5,61,66,25,2,4,5,27,4,0,6,36,42,0,0,0,0,0,0,0,0,0,0,5,2,0,1,9,0,0,2,10,12,290,1,19,-27,211,Austin
2019,10,8,72,5,1,15,77,5,0,6,97,103,35,4,0,12,50,1,0,4,63,67,30,1,1,3,22,3,0,2,28,30,0,0,0,0,1,0,0,0,1,1,7,0,0,0,4,1,0,0,5,5,274,3,14,-26,212,Austin
2020,10,8,64,8,6,10,64,14,4,14,88,102,32,2,2,5,36,12,2,4,53,57,24,6,4,5,23,2,1,10,30,40,0,0,0,0,1,0,0,0,1,1,8,0,0,0,4,0,1,0,4,4,269,1,19,-24,214,Austin
2021,10,8,50,4,10,14,123,14,5,14,151,165,21,3,4,9,59,7,1,7,75,82,26,1,5,5,52,7,3,6,64,70,1,0,0,0,0,0,0,0,0,0,2,0,1,0,12,0,1,1,12,13,323,2,20,-30,208,Austin
2022,10,8,76,1,7,17,119,16,3,8,152,160,35,1,4,8,51,6,1,5,65,70,38,0,3,7,49,6,2,3,62,65,0,0,0,0,1,2,0,0,3,3,3,0,0,2,18,2,0,0,22,22,313,3,28,-29,209,Austin
2023,10,8,47,2,3,7,84,20,6,5,111,116,19,0,0,1,28,9,3,0,38,38,25,2,2,6,48,10,3,4,64,68,2,0,0,0,0,0,0,0,0,0,1,0,1,0,8,1,0,1,9,10,268,2,20,-28,210,Austin
2024,10,8,61,0,6,12,45,15,3,6,72,78,25,0,2,4,27,8,2,2,39,41,27,0,4,8,13,7,1,4,28,32,1,0,0,0,2,0,0,0,2,2,8,0,0,0,3,0,0,0,3,3,231,3,18,-26,212,Austin
2012,11,8,98,1,3,19,95,2,0,4,116,120,28,1,1,10,45,0,0,2,55,57,55,0,2,7,39,1,0,2,47,49,1,0,0,1,0,0,0,0,1,1,14,0,0,1,11,1,0,0,13,13,340,3,34,4,242,Austin
2013,11,8,93,0,2,26,97,8,1,2,131,133,42,0,1,14,57,2,1,1,73,74,46,0,1,8,36,6,0,1,50,51,1,0,0,0,0,0,0,0,0,0,4,0,0,4,4,0,0,0,8,8,354,4,18,5,243,Austin
2014,11,8,76,3,4,8,87,9,2,7,104,111,23,2,3,5,33,3,1,5,41,46,47,1,0,3,46,6,1,1,55,56,0,0,0,0,2,0,0,0,2,2,6,0,1,0,6,0,0,1,6,7,317,2,21,6,244,Austin
2015,11,8,75,4,4,10,56,6,0,8,72,80,28,0,2,3,25,4,0,2,32,34,42,3,1,7,24,2,0,4,33,37,0,0,0,0,0,0,0,0,0,0,5,1,1,0,7,0,0,2,7,9,250,0,23,7,245,Austin
2016,11,8,64,3,5,10,51,4,1,8,65,73,25,0,1,6,30,1,1,1,37,38,35,2,2,4,16,3,0,4,23,27,0,0,1,0,1,0,0,1,1,2,4,1,1,0,4,0,0,2,4,6,240,2,18,2,240,Austin
2017,11,8,75,1,5,18,62,3,2,6,83,89,41,0,3,7,33,0,1,3,40,43,32,1,2,10,23,2,1,3,35,38,0,0,0,0,0,0,0,0,0,0,2,0,0,1,6,1,0,0,8,8,243,0,13,3,241,Austin
2018,11,8,70,6,6,13,78,8,2,12,99,111,36,2,4,6,37,5,1,6,48,54,30,3,2,5,33,1,1,5,39,44,0,0,0,0,0,0,0,0,0,0,4,1,0,2,8,2,0,1,12,13,276,0,26,4,242,Austin
2019,11,8,68,5,5,13,75,8,1,10,96,106,31,1,0,5,39,3,0,1,47,48,34,4,5,7,31,5,1,9,43,52,0,0,0,0,1,0,0,0,1,1,3,0,0,1,4,0,0,0,5,5,273,1,17,5,243,Austin
2020,11,8,78,5,9,10,74,10,2,14,94,108,37,2,3,4,33,5,0,5,42,47,35,3,4,5,38,4,2,7,47,54,0,0,0,0,0,0,0,0,0,0,6,0,2,1,3,1,0,2,5,7,285,0,21,7,245,Austin
2021,11,8,47,3,7,14,68,20,1,10,102,112,14,1,3,5,33,5,0,4,43,47,28,2,3,8,30,11,1,5,49,54,0,0,0,0,0,0,0,0,0,0,5,0,1,1,5,4,0,1,10,11,252,0,24,1,239,Austin
2022,11,8,49,3,8,13,54,7,3,11,74,85,15,2,1,3,28,3,2,3,34,37,33,1,6,10,22,4,1,7,36,43,0,0,0,0,0,0,0,0,0,0,1,0,1,0,4,0,0,1,4,5,229,1,12,2,240,Austin
2023,11,8,49,1,5,10,49,22,4,6,81,87,21,0,2,3,23,10,2,2,36,38,25,1,3,7,21,8,2,4,36,40,0,0,0,0,0,1,0,0,1,1,3,0,0,0,5,3,0,0,8,8,228,1,20,3,241,Austin
2024,11,8,53,0,5,17,56,17,10,5,90,95,23,0,2,9,31,8,0,2,48,50,29,0,2,5,17,8,10,2,30,32,0,0,0,1,1,0,0,0,2,2,1,0,1,2,7,1,0,1,10,11,236,3,16,5,243,Austin
2012,12,8,107,4,6,7,81,8,0,10,96,106,33,0,1,1,46,3,0,1,50,51,70,4,5,6,32,4,0,9,42,51,0,0,0,0,0,0,0,0,0,0,4,0,0,0,3,1,0,0,4,4,343,1,11,34,272,Austin
2013,12,8,66,1,8,16,89,5,1,9,110,119,27,1,1,5,38,2,1,2,45,47,34,0,6,10,44,3,0,6,57,63,0,0,0,0,0,0,0,0,0,0,5,0,1,1,7,0,0,1,8,9,269,0,17,35,273,Austin
2014,12,8,70,1,4,16,79,4,3,5,99,104,27,0,1,7,39,1,0,1,47,48,38,1,2,5,28,3,3,3,36,39,0,0,0,0,0,0,0,0,0,0,5,0,1,4,12,0,0,1,16,17,277,2,33,36,274,Austin
2015,12,8,74,3,4,7,96,4,2,7,107,114,32,0,1,3,47,1,1,1,51,52,39,3,3,3,41,3,1,6,47,53,2,0,0,1,0,0,0,0,1,1,1,0,0,0,8,0,0,0,8,8,294,4,12,37,275,Austin
2016,12,8,78,2,1,17,67,5,2,3,89,92,33,1,1,8,28,2,0,2,38,40,43,1,0,7,32,2,2,1,41,42,0,0,0,1,1,0,0,0,2,2,2,0,0,1,6,1,0,0,8,8,276,3,21,32,270,Austin
2017,12,8,70,3,4,8,76,5,2,7,89,96,31,1,1,2,48,3,1,2,53,55,33,2,3,3,25,2,0,5,30,35,0,0,0,0,0,0,0,0,0,0,6,0,0,3,3,0,1,0,6,6,254,2,19,33,271,Austin
2018,12,8,88,2,4,14,78,3,1,6,95,101,30,2,2,6,27,2,0,4,35,39,53,0,2,5,43,1,1,2,49,51,1,0,0,0,2,0,0,0,2,2,4,0,0,3,6,0,0,0,9,9,270,3,16,34,272,Austin
2019,12,8,86,3,9,7,74,5,2,12,86,98,27,0,1,2,34,1,0,1,37,38,53,3,6,4,35,4,2,9,43,52,0,0,0,1,0,0,0,0,1,1,6,0,2,0,5,0,0,2,5,7,293,1,19,35,273,Austin
2020,12,8,56,3,8,20,76,12,2,11,108,119,24,1,5,3,38,2,0,6,43,49,30,2,1,14,34,10,2,3,58,61,0,0,0,1,2,0,0,0,3,3,2,0,2,2,2,0,0,2,4,6,281,3,14,37,275,Austin
2021,12,8,59,1,4,9,62,7,5,5,78,83,24,1,2,5,29,3,3,3,37,40,24,0,1,3,27,4,2,1,34,35,1,0,1,0,2,0,0,1,2,3,10,0,0,1,4,0,0,0,5,5,229,4,19,31,269,Austin
2022,12,8,48,2,2,12,49,18,3,4,79,83,19,0,0,8,23,8,1,0,39,39,26,2,2,3,22,9,1,4,34,38,0,0,0,0,1,0,0,0,1,1,3,0,0,1,3,1,1,0,5,5,213,2,12,32,270,Austin
2023,12,8,42,4,9,19,69,14,2,13,102,115,19,2,3,4,30,6,1,5,40,45,20,2,5,14,32,7,1,7,53,60,1,0,0,0,2,0,0,0,2,2,2,0,1,1,5,1,0,1,7,8,243,4,18,33,271,Austin
2024,12,8,57,4,10,5,43,14,2,14,62,76,24,1,5,2,18,7,1,6,27,33,26,3,4,3,24,5,1,7,32,39,2,0,0,0,0,1,0,0,1,1,5,0,1,0,1,1,0,1,2,3,214,3,14,35,273,Austin
2012,1,9,80,6,5,22,81,5,1,11,108,119,23,2,1,12,45,3,0,3,60,63,48,4,4,8,29,1,1,8,38,46,1,0,0,0,0,1,0,0,1,1,8,0,0,2,7,0,0,0,9,9,311,3,22,-300,-62,Austin
2013,1,9,65,2,1,17,93,5,1,3,115,118,29,1,1,11,39,2,0,2,52,54,31,1,0,4,36,3,0,1,43,44,0,0,0,0,1,0,0,0,1,1,5,0,0,2,17,0,1,0,19,19,284,1,34,-298,-60,Austin
2014,1,9,83,1,4,15,92,2,2,5,109,114,28,1,1,6,40,0,1,2,46,48,44,0,2,7,37,2,0,2,46,48,0,0,0,0,0,0,0,0,0,0,11,0,1,2,15,0,1,1,17,18,312,0,47,-297,-59,Austin
2015,1,9,69,0,2,15,77,2,0,2,94,96,26,0,0,8,37,1,0,0,46,46,37,0,1,5,27,1,0,1,33,34,0,0,0,0,0,0,0,0,0,0,6,0,1,2,13,0,0,1,15,16,275,1,26,-296,-58,Austin
2016,1,9,76,3,2,15,71,5,2,5,91,96,24,0,0,10,33,1,0,0,44,44,43,3,2,4,26,3,2,5,33,38,0,0,0,0,0,0,0,0,0,0,9,0,0,1,12,1,0,0,14,14,284,1,26,-302,-64,Austin
2017,1,9,60,7,2,21,62,10,4,9,93,102,24,1,0,9,31,4,1,1,44,45,27,6,2,8,23,4,2,8,35,43,0,0,0,0,0,0,0,0,0,0,9,0,0,4,8,2,1,0,14,14,263,0,32,-300,-62,Austin
2018,1,9,75,2,4,15,82,5,1,6,102,108,32,0,2,8,34,2,1,2,44,46,34,2,2,6,33,2,0,4,41,45,0,0,0,0,0,0,0,0,0,0,9,0,0,1,15,1,0,0,17,17,272,1,31,-299,-61,Austin
2019,1,9,69,1,2,18,78,10,0,3,106,109,29,0,0,8,34,2,0,0,44,44,35,0,2,9,32,6,0,2,47,49,0,0,0,0,0,1,0,0,1,1,5,1,0,1,12,1,0,1,14,15,267,2,24,-298,-60,Austin
2020,1,9,70,2,4,16,83,10,4,6,109,115,28,2,3,6,28,4,0,5,38,43,35,0,1,8,44,6,3,1,58,59,0,0,0,0,0,0,1,0,0,0,7,0,0,2,11,0,0,0,13,13,281,1,28,-297,-59,Austin
2021,1,9,61,2,7,8,73,7,3,9,88,97,18,0,2,4,36,1,0,2,41,43,36,2,4,4,29,6,2,6,39,45,0,0,0,0,0,0,0,0,0,0,7,0,1,0,8,0,1,1,8,9,244,1,21,-302,-64,Austin
2022,1,9,45,5,9,13,74,10,2,14,97,111,16,3,2,4,30,0,2,5,34,39,28,2,7,8,36,8,0,9,52,61,0,0,0,0,0,0,0,0,0,0,1,0,0,1,8,2,0,0,11,11,237,0,14,-301,-63,Austin
2023,1,9,57,1,4,8,69,10,8,5,87,92,25,0,2,4,30,2,2,2,36,38,27,1,2,4,30,8,4,3,42,45,0,0,0,0,0,0,1,0,0,0,5,0,0,0,9,0,1,0,9,9,240,1,22,-300,-62,Austin
2024,1,9,50,2,4,3,70,22,1,6,95,101,20,0,1,1,33,10,0,1,44,45,27,2,2,2,28,11,1,4,41,45,0,0,0,0,0,1,0,0,1,1,3,0,1,0,9,0,0,1,9,10,246,1,17,-299,-61,Austin
2012,2,9,73,1,4,12,64,4,1,5,80,85,33,0,1,7,33,1,0,1,41,42,31,1,3,5,22,3,1,4,30,34,2,0,0,0,1,0,0,0,1,1,7,0,0,0,8,0,0,0,8,8,305,5,21,-269,-31,Austin
2013,2,9,86,3,6,11,83,4,1,9,98,107,33,1,1,7,33,2,1,2,42,44,46,2,5,4,43,2,0,7,49,56,0,0,0,0,0,0,0,0,0,0,7,0,0,0,7,0,0,0,7,7,299,0,20,-267,-29,Austin
2014,2,9,77,3,5,9,88,7,2,8,104,112,30,1,3,2,40,3,1,4,45,49,43,2,2,6,40,3,1,4,49,53,0,0,0,0,0,0,0,0,0,0,4,0,0,1,8,1,0,0,10,10,302,0,22,-266,-28,Austin
2015,2,9,80,1,3,19,73,4,2,4,96,100,34,1,1,10,37,0,2,2,47,49,41,0,2,7,28,4,0,2,39,41,2,0,0,2,1,0,0,0,3,3,3,0,0,0,7,0,0,0,7,7,311,7,19,-265,-27,Austin
2016,2,9,71,1,2,14,67,1,5,3,82,85,37,1,0,7,36,0,3,1,43,44,24,0,2,5,23,1,1,2,29,31,1,0,0,0,1,0,0,0,1,1,9,0,0,2,7,0,1,0,9,9,284,3,27,-271,-33,Austin
2017,2,9,78,1,4,8,57,9,2,5,74,79,30,0,1,5,27,3,1,1,35,36,39,1,3,3,24,5,1,4,32,36,0,0,0,0,0,1,0,0,1,1,9,0,0,0,6,0,0,0,6,6,294,2,21,-269,-31,Austin
2018,2,9,69,7,8,10,74,2,0,15,86,101,31,2,4,6,40,1,0,6,47,53,35,5,4,2,28,1,0,9,31,40,1,0,0,1,1,0,0,0,2,2,2,0,0,1,5,0,0,0,6,6,271,3,15,-268,-30,Austin
2019,2,9,68,2,10,10,83,6,2,12,99,111,30,0,3,7,38,0,2,3,45,48,34,2,6,3,35,4,0,8,42,50,0,0,0,0,0,0,0,0,0,0,4,0,1,0,10,2,0,1,12,13,270,0,20,-267,-29,Austin
2020,2,9,78,1,5,7,76,6,2,6,89,95,35,0,3,3,32,0,0,3,35,38,38,1,2,4,39,5,1,3,48,51,1,0,0,0,0,0,0,0,0,0,4,0,0,0,5,1,1,0,6,6,258,2,15,-266,-28,Austin
2021,2,9,64,0,13,8,72,6,5,13,86,99,30,0,10,4,41,3,2,10,48,58,29,0,1,4,26,3,3,1,33,34,1,0,0,0,0,0,0,0,0,0,4,0,2,0,5,0,0,2,5,7,243,2,15,-271,-33,Austin
2022,2,9,48,3,7,17,58,16,4,10,91,101,24,0,3,9,37,7,3,3,53,56,22,3,4,7,16,6,1,7,29,36,0,0,0,0,0,0,0,0,0,0,2,0,0,1,5,3,0,0,9,9,239,0,16,-270,-32,Austin
2023,2,9,43,3,6,9,56,17,6,9,82,91,14,0,4,4,22,10,4,4,36,40,25,2,2,5,32,5,2,4,42,46,1,0,0,0,1,0,0,0,1,1,3,1,0,0,1,2,0,1,3,4,223,2,11,-269,-31,Austin
2024,2,9,52,5,7,14,60,17,3,12,91,103,18,1,3,8,37,9,2,4,54,58,30,3,4,5,21,6,1,7,32,39,0,0,0,0,0,0,0,0,0,0,4,1,0,1,2,2,0,1,5,6,252,0,23,-268,-30,Austin
2012,3,9,71,6,1,22,109,4,1,7,135,142,31,1,0,14,72,3,0,1,89,90,36,4,1,8,32,1,1,5,41,46,0,0,0,0,0,0,0,0,0,0,4,1,0,0,5,0,0,1,5,6,334,0,15,-240,-2,Austin
2013,3,9,101,4,5,11,89,3,1,9,103,112,45,1,2,5,52,1,1,3,58,61,49,3,3,5,31,2,0,6,38,44,1,0,0,0,0,0,0,0,0,0,6,0,0,1,6,0,0,0,7,7,328,1,24,-239,-1,Austin
2014,3,9,68,1,8,21,63,4,1,9,88,97,31,1,2,8,35,0,0,3,43,46,31,0,6,11,23,4,1,6,38,44,0,0,0,0,0,0,0,0,0,0,6,0,0,2,5,0,0,0,7,7,277,0,19,-238,0,Austin
2015,3,9,92,0,1,7,78,5,0,1,90,91,37,0,0,5,51,4,0,0,60,60,45,0,1,1,23,1,0,1,25,26,2,0,0,1,1,0,0,0,2,2,8,0,0,0,3,0,0,0,3,3,299,4,16,-237,1,Austin
2016,3,9,59,0,0,9,74,8,0,0,91,91,33,0,0,8,41,4,0,0,53,53,21,0,0,1,23,4,0,0,28,28,0,0,0,0,0,0,0,0,0,0,5,0,0,0,10,0,0,0,10,10,244,0,18,-242,-4,Austin
2017,3,9,87,3,4,9,61,5,2,7,75,82,37,1,1,4,35,3,1,2,42,44,41,2,3,3,20,2,1,5,25,30,1,0,0,0,0,0,0,0,0,0,8,0,0,2,6,0,0,0,8,8,302,1,22,-241,-3,Austin
2018,3,9,75,2,4,15,74,10,1,6,99,105,34,1,2,10,51,8,0,3,69,72,34,1,1,4,20,2,1,2,26,28,0,0,0,1,0,0,0,0,1,1,7,0,1,0,3,0,0,1,3,4,269,1,18,-240,-2,Austin
2019,3,9,84,1,8,12,81,7,1,9,100,109,34,1,5,4,36,5,0,6,45,51,43,0,2,7,31,2,1,2,40,42,0,0,0,0,1,0,0,0,1,1,7,0,1,1,13,0,0,1,14,15,279,2,29,-239,-1,Austin
2020,3,9,71,2,4,10,62,9,4,6,81,87,45,2,0,6,31,4,2,2,41,43,19,0,3,3,25,4,2,3,32,35,0,0,0,1,1,0,0,0,2,2,7,0,1,0,5,1,0,1,6,7,263,2,21,-237,1,Austin
2021,3,9,62,2,7,11,75,9,4,9,95,104,18,2,4,8,41,4,1,6,53,59,30,0,3,3,26,4,2,3,33,36,0,0,0,0,0,0,0,0,0,0,14,0,0,0,8,1,1,0,9,9,250,0,29,-243,-5,Austin
2022,3,9,59,2,6,19,59,16,1,8,94,102,23,1,2,7,35,11,0,3,53,56,29,1,3,11,18,5,1,4,34,38,1,0,0,1,1,0,0,0,2,2,6,0,1,0,5,0,0,1,5,6,237,3,14,-242,-4,Austin
2023,3,9,47,2,8,16,52,8,5,10,76,86,18,2,1,6,27,7,5,3,40,43,27,0,7,10,22,1,0,7,33,40,0,0,0,0,0,0,0,0,0,0,2,0,0,0,3,0,0,0,3,3,225,1,9,-241,-3,Austin
2024,3,9,58,1,9,7,49,14,5,10,70,80,18,0,3,3,21,8,1,3,32,35,35,1,5,3,27,5,3,6,35,41,0,0,0,0,0,0,0,0,0,0,5,0,1,1,1,1,1,1,3,4,221,0,14,-239,-1,Austin
2012,4,9,79,4,5,32,84,9,2,9,125,134,42,1,1,23,59,6,1,2,88,90,29,2,4,6,19,2,1,6,27,33,0,0,0,0,0,0,0,0,0,0,8,1,0,3,6,1,0,1,10,11,311,0,30,-209,29,Austin
2013,4,9,91,4,7,22,111,8,1,11,141,152,55,1,3,14,68,5,0,4,87,91,27,2,4,3,33,3,0,6,39,45,2,0,0,3,1,0,0,0,4,4,7,1,0,2,9,0,1,1,11,12,362,8,28,-208,30,Austin
2014,4,9,87,2,2,27,75,7,2,4,109,113,39,1,2,14,51,3,0,3,68,71,36,0,0,11,15,2,2,0,28,28,1,0,0,1,2,1,0,0,4,4,11,1,0,1,7,1,0,1,9,10,327,5,27,-207,31,Austin
2015,4,9,63,2,1,10,81,12,1,3,103,106,29,0,0,7,49,6,0,0,62,62,30,1,1,1,24,4,1,2,29,31,0,0,0,0,1,0,0,0,1,1,4,1,0,2,7,2,0,1,11,12,300,3,21,-206,32,Austin
2016,4,9,96,2,8,17,90,9,0,10,116,126,49,1,6,10,51,4,0,7,65,72,43,1,1,7,37,4,0,2,48,50,0,0,0,0,0,1,0,0,1,1,4,0,1,0,2,0,0,1,2,3,324,2,15,-211,27,Austin
2017,4,9,76,1,9,14,57,4,4,10,75,85,31,1,2,4,25,2,1,3,31,34,35,0,7,9,26,2,2,7,37,44,1,0,0,0,0,0,0,0,0,0,9,0,0,1,6,0,1,0,7,7,266,1,24,-210,28,Austin
2018,4,9,93,1,4,9,59,5,1,5,73,78,56,0,3,9,44,4,1,3,57,60,28,1,1,0,10,1,0,2,11,13,1,0,0,0,0,0,0,0,0,0,8,0,0,0,5,0,0,0,5,5,256,3,15,-209,29,Austin
2019,4,9,82,3,1,10,75,11,2,4,96,100,48,2,1,7,41,6,0,3,54,57,28,0,0,1,20,4,1,0,25,25,2,0,0,0,1,0,0,0,1,1,4,1,0,2,13,1,1,1,16,17,286,3,35,-208,30,Austin
2020,4,9,47,5,4,13,82,9,5,9,104,113,22,2,1,2,55,6,3,3,63,66,20,2,3,10,21,2,1,5,33,38,0,0,0,0,0,1,0,0,1,1,5,1,0,1,6,0,1,1,7,8,248,1,18,-206,32,Austin
2021,4,9,82,6,8,13,60,7,2,14,80,94,38,1,3,11,36,5,0,4,52,56,40,4,4,2,18,2,2,8,22,30,0,0,0,0,1,0,0,0,1,1,4,1,1,0,5,0,0,2,5,7,312,4,18,-212,26,Austin
2022,4,9,40,4,9,8,67,17,5,13,92,105,18,2,5,2,40,9,2,7,51,58,15,0,2,5,23,8,2,2,36,38,0,0,1,1,0,0,1,1,1,2,7,2,1,0,4,0,0,3,4,7,232,4,17,-211,27,Austin
2023,4,9,52,2,8,16,36,14,8,10,66,76,20,1,3,3,10,8,0,4,21,25,27,1,4,12,21,5,6,5,38,43,0,0,0,0,0,0,0,0,0,0,5,0,1,1,5,1,2,1,7,8,214,0,21,-210,28,Austin
2024,4,9,56,6,3,13,51,20,1,9,84,93,34,3,2,6,28,12,1,5,46,51,16,3,1,6,18,7,0,4,31,35,0,0,0,0,0,0,0,0,0,0,6,0,0,1,5,1,0,0,7,7,234,3,15,-208,30,Austin
2012,5,9,108,2,4,20,76,6,4,6,102,108,64,1,2,15,54,4,2,3,73,76,35,1,1,4,17,1,2,2,22,24,0,0,0,1,0,0,0,0,1,1,9,0,1,0,5,1,0,1,6,7,327,1,21,-179,59,Austin
2013,5,9,94,0,3,20,87,6,2,3,113,116,51,0,0,13,57,5,1,0,75,75,39,0,2,4,24,1,1,2,29,31,0,0,1,0,0,0,0,1,0,1,4,0,0,3,6,0,0,0,9,9,375,1,30,-178,60,Austin
2014,5,9,104,1,2,19,89,6,3,3,114,117,60,1,0,15,61,3,0,1,79,80,35,0,1,3,23,0,3,1,26,27,1,0,0,0,0,0,0,0,0,0,8,0,1,1,5,3,0,1,9,10,351,1,25,-177,61,Austin
2015,5,9,77,2,9,7,94,9,0,11,110,121,38,2,1,5,60,2,0,3,67,70,29,0,8,2,29,6,0,8,37,45,1,0,0,0,0,0,0,0,0,0,9,0,0,0,5,1,0,0,6,6,305,4,20,-176,62,Austin
2016,5,9,78,5,3,18,81,5,4,8,104,112,47,2,3,15,47,3,2,5,65,70,24,2,0,3,27,2,2,2,32,34,2,0,0,0,1,0,0,0,1,1,5,1,0,0,6,0,0,1,6,7,300,3,16,-181,57,Austin
2017,5,9,72,4,2,15,82,9,2,6,106,112,44,1,2,11,51,6,0,3,68,71,21,3,0,4,24,3,2,3,31,34,0,0,0,0,1,0,0,0,1,1,7,0,0,0,6,0,0,0,6,6,311,1,21,-180,58,Austin
2018,5,9,74,2,8,18,55,5,1,10,78,88,39,1,4,13,42,1,1,5,56,61,18,1,2,4,10,3,0,3,17,20,0,0,0,1,0,0,0,0,1,1,17,0,2,0,3,1,0,2,4,6,259,2,29,-179,59,Austin
2019,5,9,55,3,8,10,82,10,3,11,102,113,34,1,2,7,48,8,3,3,63,66,13,2,6,2,24,2,0,8,28,36,1,0,0,0,1,0,0,0,1,1,7,0,0,1,9,0,0,0,10,10,282,2,25,-178,60,Austin
2020,5,9,61,4,2,7,64,11,3,6,82,88,26,1,1,4,50,5,0,2,59,61,29,3,0,3,8,5,3,3,16,19,1,0,0,0,0,0,0,0,0,0,5,0,1,0,6,1,0,1,7,8,224,2,21,-176,62,Austin
2021,5,9,65,3,9,8,53,11,4,12,72,84,31,1,2,4,35,8,1,3,47,50,20,1,6,3,16,2,2,7,21,28,1,0,0,0,1,0,0,0,1,1,13,1,1,1,1,1,1,2,3,5,232,2,21,-182,56,Austin
2022,5,9,59,1,7,8,50,7,1,8,65,73,36,1,4,6,34,3,0,5,43,48,20,0,2,2,16,4,0,2,22,24,1,0,0,0,0,0,0,0,0,0,2,0,1,0,0,0,1,1,0,1,216,2,8,-181,57,Austin
2023,5,9,59,2,4,9,56,23,6,6,88,94,34,1,3,2,26,13,3,4,41,45,19,1,1,7,25,9,2,2,41,43,0,0,0,0,0,0,0,0,0,0,6,0,0,0,5,1,1,0,6,6,238,0,16,-180,58,Austin
2024,5,9,45,3,7,11,53,18,3,10,82,92,23,3,4,10,33,12,3,7,55,62,18,0,3,1,12,5,0,3,18,21,2,0,0,0,0,1,0,0,1,1,2,0,0,0,8,0,0,0,8,8,233,3,12,-178,60,Austin
2012,6,9,94,6,2,17,132,7,1,8,156,164,42,3,0,8,87,4,0,3,99,102,41,3,2,6,29,3,1,5,38,43,1,0,0,0,0,0,0,0,0,0,10,0,0,3,16,0,0,0,19,19,397,2,42,-148,90,Austin
2013,6,9,90,1,6,16,74,4,0,7,94,101,49,0,4,12,49,1,0,4,62,66,33,0,1,4,18,3,0,1,25,26,0,0,1,0,0,0,0,1,0,1,8,1,0,0,7,0,0,1,7,8,313,1,23,-147,91,Austin
2014,6,9,62,0,4,15,72,2,3,4,89,93,36,0,1,9,54,1,3,1,64,65,18,0,3,5,15,0,0,3,20,23,0,0,0,0,0,0,0,0,0,0,8,0,0,1,3,1,0,0,5,5,258,0,22,-146,92,Austin
2015,6,9,88,2,4,16,73,2,1,6,91,97,51,1,2,11,52,1,1,3,64,67,22,1,0,3,11,1,0,1,15,16,2,0,0,0,0,0,0,0,0,0,13,0,2,2,10,0,0,2,12,14,315,2,35,-145,93,Austin
2016,6,9,79,1,5,13,71,5,2,6,89,95,54,0,3,7,50,3,2,3,60,63,18,1,2,3,9,1,0,3,13,16,0,0,0,0,0,0,0,0,0,0,7,0,0,3,12,1,0,0,16,16,299,0,32,-150,88,Austin
2017,6,9,88,1,5,11,76,8,2,6,95,101,52,1,4,5,54,7,1,5,66,71,24,0,1,6,16,0,1,1,22,23,1,0,0,0,1,1,0,0,2,2,11,0,0,0,5,0,0,0,5,5,311,3,28,-149,89,Austin
2018,6,9,80,3,8,10,69,10,2,11,89,100,47,1,3,6,44,5,1,4,55,59,23,1,4,3,12,5,1,5,20,25,0,0,0,0,0,0,0,0,0,0,10,1,1,1,13,0,0,2,14,16,281,0,36,-148,90,Austin
2019,6,9,74,3,7,11,96,11,3,10,118,128,35,2,5,6,48,7,0,7,61,68,26,1,2,4,40,3,3,3,47,50,1,0,0,0,0,0,0,0,0,0,12,0,0,1,8,1,0,0,10,10,292,1,27,-147,91,Austin
2020,6,9,70,5,7,18,71,12,5,12,101,113,43,2,6,15,52,11,4,8,78,86,17,2,1,3,16,1,1,3,20,23,0,0,0,0,0,0,0,0,0,0,10,1,0,0,3,0,0,1,3,4,256,0,19,-145,93,Austin
2021,6,9,64,3,7,13,70,10,5,10,93,103,37,0,3,7,55,8,5,3,70,73,22,3,2,6,12,2,0,5,20,25,0,0,0,0,0,0,0,0,0,0,5,0,2,0,3,0,0,2,3,5,275,3,19,-151,87,Austin
2022,6,9,69,3,6,8,91,18,6,9,117,126,41,0,3,2,68,12,5,3,82,85,17,1,2,5,18,4,0,3,27,30,1,1,0,0,0,0,0,1,0,1,10,1,1,1,5,2,1,2,8,10,285,4,24,-150,88,Austin
2023,6,9,57,1,8,18,43,26,3,9,87,96,33,1,6,5,23,17,2,7,45,52,18,0,0,12,15,4,1,0,31,31,1,0,0,0,0,0,0,0,0,0,5,0,2,1,5,5,0,2,11,13,254,3,29,-149,89,Austin
2024,6,9,53,3,14,9,56,17,4,17,82,99,26,2,5,4,37,7,0,7,48,55,20,0,6,4,18,9,4,6,31,37,0,0,0,0,0,0,0,0,0,0,7,1,3,1,1,1,0,4,3,7,231,0,23,-147,91,Austin
2012,7,9,91,1,5,21,86,3,1,6,110,116,46,1,2,15,51,0,1,3,66,69,32,0,3,3,22,3,0,3,28,31,2,0,0,1,1,0,0,0,2,2,11,0,0,2,12,0,0,0,14,14,335,4,30,-118,120,Austin
2013,7,9,99,1,5,11,92,2,1,6,105,111,46,1,4,8,58,1,1,5,67,72,38,0,1,2,22,1,0,1,25,26,1,0,0,0,1,0,0,0,1,1,14,0,0,1,11,0,0,0,12,12,320,3,39,-117,121,Austin
2014,7,9,73,5,3,14,97,5,1,8,116,124,43,2,3,8,70,4,1,5,82,87,24,3,0,4,20,0,0,3,24,27,0,0,0,0,1,0,0,0,1,1,6,0,0,2,6,1,0,0,9,9,303,2,28,-116,122,Austin
2015,7,9,63,1,3,12,99,5,1,4,116,120,37,0,1,11,66,5,0,1,82,83,22,0,2,1,24,0,1,2,25,27,0,0,0,0,1,0,0,0,1,1,4,1,0,0,8,0,0,1,8,9,295,2,22,-115,123,Austin
2016,7,9,87,2,8,14,64,4,1,10,82,92,40,2,4,4,43,3,1,6,50,56,34,0,4,9,14,1,0,4,24,28,0,0,0,0,0,0,0,0,0,0,13,0,0,1,7,0,0,0,8,8,299,1,31,-120,118,Austin
2017,7,9,100,5,7,7,85,4,5,12,96,108,52,2,4,3,52,1,2,6,56,62,35,1,3,3,24,2,3,4,29,33,0,0,0,0,0,0,0,0,0,0,13,2,0,1,9,1,0,2,11,13,329,0,31,-119,119,Austin
2018,7,9,62,2,5,14,76,4,1,7,94,101,38,0,2,11,56,2,1,2,69,71,17,2,2,3,14,1,0,4,18,22,0,0,0,0,0,0,0,0,0,0,7,0,1,0,6,1,0,1,7,8,263,1,24,-118,120,Austin
2019,7,9,59,4,3,8,77,6,7,7,91,98,37,0,3,4,51,4,4,3,59,62,20,3,0,3,17,2,3,3,22,25,0,0,0,0,1,0,0,0,1,1,2,1,0,1,8,0,0,1,9,10,273,1,18,-117,121,Austin
2020,7,9,81,4,5,16,69,8,2,9,93,102,40,4,3,10,47,4,1,7,61,68,33,0,2,6,19,4,1,2,29,31,0,0,0,0,0,0,0,0,0,0,8,0,0,0,3,0,0,0,3,3,287,1,19,-115,123,Austin
2021,7,9,75,3,9,12,72,11,4,12,95,107,44,1,4,8,49,3,2,5,60,65,23,2,3,4,18,6,2,5,28,33,1,0,0,0,1,0,0,0,1,1,7,0,2,0,4,2,0,2,6,8,281,2,20,-121,117,Austin
2022,7,9,55,3,8,7,60,13,2,11,80,91,27,1,4,3,42,9,1,5,54,59,24,1,2,4,14,4,0,3,22,25,0,0,0,0,0,0,1,0,0,0,4,1,2,0,4,0,0,3,4,7,239,1,19,-120,118,Austin
2023,7,9,48,0,6,17,47,21,2,6,85,91,22,0,2,7,27,14,0,2,48,50,23,0,3,9,16,5,2,3,30,33,1,0,0,0,1,0,0,0,1,1,2,0,1,1,3,2,0,1,6,7,224,3,14,-119,119,Austin
2024,7,9,44,1,2,7,55,21,4,3,83,86,25,1,1,4,41,13,2,2,58,60,15,0,1,3,9,7,2,1,19,20,0,0,0,0,0,0,0,0,0,0,4,0,0,0,5,1,0,0,6,6,223,0,12,-117,121,Austin
2012,8,9,103,2,5,17,99,3,1,7,119,126,55,2,2,13,57,1,1,4,71,75,33,0,3,1,36,1,0,3,38,41,1,0,0,2,0,0,0,0,2,2,14,0,0,1,6,1,0,0,8,8,361,4,32,-87,151,Austin
2013,8,9,94,0,4,14,103,8,3,4,125,129,51,0,3,10,61,5,0,3,76,79,31,0,1,4,30,3,3,1,37,38,0,0,0,0,0,0,0,0,0,0,12,0,0,0,12,0,0,0,12,12,357,0,35,-86,152,Austin
2014,8,9,71,3,4,5,91,7,1,7,103,110,42,1,1,2,52,2,1,2,56,58,25,1,3,3,31,5,0,4,39,43,0,0,0,0,0,0,0,0,0,0,4,1,0,0,8,0,0,1,8,9,299,2,27,-85,153,Austin
2015,8,9,82,1,4,13,69,6,2,5,88,93,41,0,0,11,39,1,0,0,51,51,35,1,4,2,26,4,2,5,32,37,0,0,0,0,0,0,0,0,0,0,6,0,0,0,4,1,0,0,5,5,290,0,17,-84,154,Austin
2016,8,9,93,3,3,12,57,12,2,6,81,87,50,1,0,8,35,6,0,1,49,50,32,2,2,4,20,5,2,4,29,33,1,0,1,0,1,0,0,1,1,2,10,0,0,0,1,1,0,0,2,2,286,4,19,-89,149,Austin
2017,8,9,67,0,3,13,67,4,1,3,84,87,39,0,1,10,49,3,0,1,62,63,22,0,2,3,9,1,0,2,13,15,0,0,0,0,0,0,0,0,0,0,6,0,0,0,9,0,1,0,9,9,284,0,26,-88,150,Austin
2018,8,9,79,6,2,18,91,5,0,8,114,122,40,3,1,13,67,2,0,4,82,86,36,3,1,5,15,3,0,4,23,27,0,0,0,0,0,0,0,0,0,0,3,0,0,0,9,0,0,0,9,9,299,1,14,-87,151,Austin
2019,8,9,96,2,4,11,77,4,2,6,92,98,53,0,1,6,44,3,0,1,53,54,34,0,1,5,27,1,2,1,33,34,0,1,1,0,0,0,0,2,0,2,9,1,1,0,6,0,0,2,6,8,307,2,23,-86,152,Austin
2020,8,9,64,7,10,13,80,10,3,17,103,120,38,3,5,5,38,6,2,8,49,57,21,3,4,8,36,2,1,7,46,53,1,0,0,0,0,0,0,0,0,0,4,1,1,0,6,2,0,2,8,10,290,2,20,-84,154,Austin
2021,8,9,55,5,8,14,69,17,1,13,100,113,36,3,4,10,39,12,1,7,61,68,12,1,3,4,25,4,0,4,33,37,2,0,0,0,1,0,0,0,1,1,5,1,1,0,4,1,0,2,5,7,259,3,23,-90,148,Austin
2022,8,9,43,0,6,12,59,21,2,6,92,98,26,0,4,4,39,14,0,4,57,61,14,0,2,7,16,6,2,2,29,31,0,0,0,0,1,0,0,0,1,1,3,0,0,1,3,1,0,0,5,5,221,1,14,-89,149,Austin
2023,8,9,46,4,7,6,36,23,2,11,65,76,27,2,2,4,22,11,1,4,37,41,15,2,4,2,12,12,1,6,26,32,1,0,0,0,0,0,0,0,0,0,3,0,1,0,2,0,0,1,2,3,214,1,12,-88,150,Austin
2024,8,9,63,2,9,13,58,7,3,11,78,89,34,1,5,7,42,2,0,6,51,57,24,1,4,5,12,4,2,5,21,26,1,0,0,1,0,0,0,0,1,1,4,0,0,0,4,1,1,0,5,5,257,2,15,-86,152,Austin
2012,9,9,96,7,11,15,76,5,2,18,96,114,44,1,2,4,37,2,0,3,43,46,38,4,9,9,31,2,1,13,42,55,1,0,0,1,1,0,1,0,2,2,13,2,0,1,7,1,0,2,9,11,322,5,29,-56,182,Austin
2013,9,9,90,3,5,19,84,6,0,8,109,117,45,1,3,14,52,2,0,4,68,72,33,1,2,4,24,3,0,3,31,34,3,0,0,0,1,0,0,0,1,1,9,1,0,1,7,1,0,1,9,10,309,4,22,-55,183,Austin
2014,9,9,99,0,6,13,91,4,2,6,108,114,53,0,4,6,51,3,1,4,60,64,35,0,2,6,27,1,1,2,34,36,0,0,0,0,0,0,0,0,0,0,11,0,0,1,13,0,0,0,14,14,326,2,31,-54,184,Austin
2015,9,9,58,4,3,7,85,3,4,7,95,102,33,1,1,5,49,1,2,2,55,57,17,3,1,2,24,2,1,4,28,32,0,0,0,0,1,0,0,0,1,1,8,0,1,0,11,0,1,1,11,12,280,2,27,-53,185,Austin
2016,9,9,80,11,8,14,97,11,3,19,122,141,36,2,4,7,69,3,1,6,79,85,39,8,3,5,22,7,2,11,34,45,0,0,0,0,0,1,0,0,1,1,5,1,1,2,6,0,0,2,8,10,332,2,21,-58,180,Austin
2017,9,9,75,1,9,14,69,7,3,10,90,100,31,0,4,6,35,2,2,4,43,47,39,1,3,7,26,3,1,4,36,40,0,0,0,0,1,0,0,0,1,1,5,0,2,1,7,2,0,2,10,12,264,3,23,-57,181,Austin
2018,9,9,59,3,6,12,90,6,2,9,108,117,26,1,1,8,60,2,1,2,70,72,29,2,3,4,25,3,1,5,32,37,0,0,0,0,0,0,0,0,0,0,4,0,2,0,5,1,0,2,6,8,261,0,18,-56,182,Austin
2019,9,9,66,4,5,13,99,6,2,9,118,127,36,1,2,10,67,5,1,3,82,85,25,3,3,3,18,1,0,6,22,28,0,0,0,0,1,0,0,0,1,1,5,0,0,0,13,0,1,0,13,13,301,1,26,-55,183,Austin
2020,9,9,60,2,9,12,82,8,3,11,102,113,31,2,4,7,51,6,2,6,64,70,26,0,4,4,21,2,1,4,27,31,0,0,0,0,1,0,0,0,1,1,3,0,1,1,9,0,0,1,10,11,272,4,19,-53,185,Austin
2021,9,9,50,2,4,12,53,12,0,6,77,83,23,1,4,10,41,7,0,5,58,63,25,1,0,2,9,4,0,1,15,16,0,0,0,0,0,0,0,0,0,0,2,0,0,0,3,1,0,0,4,4,210,1,11,-59,179,Austin
2022,9,9,47,1,8,7,74,20,5,9,101,110,19,1,2,3,45,13,1,3,61,64,27,0,5,4,24,3,4,5,31,36,0,0,1,0,1,1,0,1,2,3,1,0,0,0,4,3,0,0,7,7,251,4,14,-58,180,Austin
2023,9,9,58,4,9,13,70,29,2,13,112,125,33,2,4,5,39,17,0,6,61,67,22,2,5,6,22,9,1,7,37,44,0,0,0,0,0,0,0,0,0,0,3,0,0,2,9,3,1,0,14,14,279,0,22,-57,181,Austin
2024,9,9,57,3,3,12,50,19,1,6,81,87,23,1,1,3,30,10,0,2,43,45,27,2,2,9,13,7,1,4,29,33,1,0,0,0,0,1,0,0,1,1,6,0,0,0,7,1,0,0,8,8,231,5,16,-55,183,Austin
2012,10,9,74,1,2,25,95,3,1,3,123,126,39,0,1,19,53,3,0,1,75,76,33,1,1,5,39,0,0,2,44,46,0,0,0,0,0,0,1,0,0,0,2,0,0,1,3,0,0,0,4,4,304,1,15,-26,212,Austin
2013,10,9,89,4,4,20,97,2,2,8,119,127,37,2,1,12,57,1,2,3,70,73,42,2,2,8,31,1,0,4,40,44,2,0,0,0,0,0,0,0,0,0,8,0,1,0,9,0,0,1,9,10,334,4,25,-25,213,Austin
2014,10,9,76,1,1,12,70,6,2,2,88,90,28,1,0,8,47,4,1,1,59,60,44,0,1,4,19,2,1,1,25,26,1,0,0,0,0,0,0,0,0,0,3,0,0,0,4,0,0,0,4,4,289,3,17,-24,214,Austin
2015,10,9,79,3,6,12,93,9,0,9,114,123,43,1,1,6,60,4,0,2,70,72,34,2,5,6,28,4,0,7,38,45,0,0,0,0,0,0,0,0,0,0,2,0,0,0,5,1,0,0,6,6,303,1,14,-23,215,Austin
2016,10,9,87,2,4,10,77,5,0,6,92,98,43,1,3,7,47,1,0,4,55,59,39,1,1,2,27,3,0,2,32,34,1,0,0,0,0,0,0,0,0,0,4,0,0,1,3,1,0,0,5,5,272,1,18,-28,210,Austin
2017,10,9,83,1,2,8,72,5,3,3,85,88,47,0,0,5,42,1,1,0,48,48,25,1,0,3,23,4,2,1,30,31,1,0,1,0,1,0,0,1,1,2,10,0,1,0,6,0,0,1,6,7,268,3,19,-27,211,Austin
2018,10,9,52,3,5,11,67,14,3,8,92,100,30,0,3,7,41,11,1,3,59,62,16,3,2,4,16,3,2,5,23,28,1,0,0,0,0,0,0,0,0,0,5,0,0,0,10,0,0,0,10,10,242,3,22,-26,212,Austin
2019,10,9,70,2,6,16,85,12,2,8,113,121,39,2,3,4,46,5,1,5,55,60,26,0,3,10,36,5,1,3,51,54,0,0,0,0,1,0,0,0,1,1,5,0,0,2,2,2,0,0,6,6,297,2,19,-25,213,Austin
2020,10,9,62,2,4,17,70,13,3,6,100,106,30,0,3,12,47,3,1,3,62,65,26,2,1,4,19,8,2,3,31,34,1,0,0,0,0,0,0,0,0,0,5,0,0,1,4,2,0,0,7,7,250,2,19,-23,215,Austin
2021,10,9,56,4,13,12,128,9,0,17,149,166,33,1,5,4,55,3,0,6,62,68,19,3,7,8,58,5,0,10,71,81,0,0,1,0,1,0,0,1,1,2,4,0,0,0,14,1,0,0,15,15,301,2,23,-29,209,Austin
2022,10,9,67,2,7,13,93,9,2,9,115,124,30,0,4,4,48,5,1,4,57,61,32,2,3,9,37,4,1,5,50,55,1,0,0,0,0,0,0,0,0,0,4,0,0,0,8,0,0,0,8,8,278,1,16,-28,210,Austin
2023,10,9,60,2,2,11,46,20,4,4,77,81,34,2,0,3,23,13,0,2,39,41,19,0,1,7,22,7,4,1,36,37,0,0,0,0,0,0,0,0,0,0,7,0,1,1,1,0,0,1,2,3,243,0,17,-27,211,Austin
2024,10,9,55,1,4,10,50,18,1,5,78,83,26,1,2,3,35,6,1,3,44,47,23,0,2,6,12,10,0,2,28,30,2,0,0,0,1,0,0,0,1,1,4,0,0,1,2,2,0,0,5,5,242,3,15,-25,213,Austin
2012,11,9,90,1,5,28,91,4,1,6,123,129,26,0,2,15,47,0,1,2,62,64,55,1,2,9,32,3,0,3,44,47,1,0,0,2,1,0,0,0,3,3,8,0,1,2,11,1,0,1,14,15,363,4,31,5,243,Austin
2013,11,9,93,2,7,12,88,5,0,9,105,114,29,1,5,6,41,3,0,6,50,56,52,1,2,6,38,2,0,3,46,49,1,0,0,0,0,0,0,0,0,0,11,0,0,0,9,0,0,0,9,9,306,3,23,6,244,Austin
2014,11,9,81,5,6,17,71,8,1,11,96,107,23,2,2,8,28,5,1,4,41,45,50,2,4,7,34,2,0,6,43,49,1,0,0,0,0,0,0,0,0,0,7,1,0,2,9,1,0,1,12,13,302,2,27,7,245,Austin
2015,11,9,77,5,2,13,92,11,0,7,116,123,36,0,0,5,46,4,0,0,55,55,36,4,1,5,36,5,0,5,46,51,0,0,0,0,0,0,0,0,0,0,5,1,1,3,10,2,0,2,15,17,299,1,27,8,246,Austin
2016,11,9,65,5,4,17,56,3,0,9,76,85,29,0,1,13,31,2,0,1,46,47,31,2,2,3,16,1,0,4,20,24,1,0,0,0,2,0,0,0,2,2,4,3,1,1,7,0,0,4,8,12,238,4,24,3,241,Austin
2017,11,9,63,2,7,9,66,4,1,9,79,88,30,0,3,5,30,0,1,3,35,38,28,2,3,3,29,3,0,5,35,40,0,0,0,0,1,1,0,0,2,2,5,0,1,1,6,0,0,1,7,8,229,2,21,4,242,Austin
2018,11,9,55,1,2,17,103,8,2,3,128,131,25,0,1,10,58,5,1,1,73,74,27,1,1,4,38,2,1,2,44,46,0,0,0,2,0,0,0,0,2,2,3,0,0,1,7,1,0,0,9,9,288,2,20,5,243,Austin
2019,11,9,51,7,7,18,77,8,1,14,103,117,22,2,2,12,32,3,0,4,47,51,27,5,5,3,37,3,1,10,43,53,0,0,0,0,0,1,0,0,1,1,2,0,0,3,8,1,0,0,12,12,279,1,24,6,244,Austin
2020,11,9,67,5,4,16,73,13,2,9,102,111,22,2,1,9,33,5,1,3,47,50,36,3,3,4,35,8,1,6,47,53,0,0,0,0,0,0,0,0,0,0,9,0,0,3,5,0,0,0,8,8,282,0,24,8,246,Austin
2021,11,9,32,2,7,10,63,12,3,9,85,94,18,1,4,3,19,5,2,5,27,32,13,1,3,6,40,5,1,4,51,55,0,0,0,0,1,0,0,0,1,1,1,0,0,1,3,2,0,0,6,6,215,1,9,2,240,Austin
2022,11,9,50,2,4,13,48,12,9,6,73,79,21,0,3,4,29,7,3,3,40,43,25,2,1,9,14,4,3,3,27,30,0,0,0,0,0,0,0,0,0,0,4,0,0,0,5,1,3,0,6,6,215,0,17,3,241,Austin
2023,11,9,49,2,11,9,48,17,6,13,74,87,17,0,2,3,19,10,3,2,32,34,27,2,7,6,28,7,3,9,41,50,0,0,1,0,0,0,0,1,0,1,5,0,1,0,1,0,0,1,1,2,213,4,11,4,242,Austin
2024,11,9,68,1,4,7,68,9,6,5,84,89,26,0,3,4,35,7,1,3,46,49,38,1,0,3,27,2,5,1,32,33,0,0,0,0,0,0,0,0,0,0,4,0,1,0,6,0,0,1,6,7,268,1,18,6,244,Austin
2012,12,9,81,2,9,14,88,5,1,11,107,118,38,2,2,3,36,2,1,4,41,45,38,0,7,10,41,3,0,7,54,61,0,0,0,0,1,0,0,0,1,1,5,0,0,1,10,0,0,0,11,11,309,2,20,35,273,Austin
2013,12,9,73,6,4,20,84,2,1,10,106,116,22,3,2,12,35,1,1,5,48,53,43,3,1,7,44,1,0,4,52,56,0,0,0,1,0,0,0,0,1,1,8,0,1,0,5,0,0,1,5,6,289,3,23,36,274,Austin
2014,12,9,72,4,5,12,91,4,0,9,107,116,33,2,2,6,40,1,0,4,47,51,36,2,3,4,39,3,0,5,46,51,1,0,0,0,0,0,0,0,0,0,2,0,0,2,12,0,0,0,14,14,298,4,21,37,275,Austin
2015,12,9,71,2,6,14,83,6,1,8,103,111,33,1,4,12,42,4,0,5,58,63,35,0,1,1,27,2,1,1,30,31,0,0,0,1,3,0,0,0,4,4,3,1,1,0,11,0,0,2,11,13,300,4,23,38,276,Austin
2016,12,9,72,0,1,12,68,2,0,1,82,83,28,0,0,6,41,2,0,0,49,49,36,0,1,5,23,0,0,1,28,29,2,0,0,0,1,0,0,0,1,1,6,0,0,1,3,0,0,0,4,4,256,3,17,33,271,Austin
2017,12,9,60,4,7,14,69,8,0,11,91,102,25,0,0,3,37,5,0,0,45,45,31,3,6,10,25,3,0,9,38,47,0,1,0,0,1,0,0,1,1,2,4,0,1,1,6,0,0,1,7,8,251,2,15,34,272,Austin
2018,12,9,87,0,4,7,71,5,0,4,83,87,28,0,0,3,27,3,0,0,33,33,53,0,4,3,40,2,0,4,45,49,0,0,0,1,0,0,0,0,1,1,6,0,0,0,4,0,0,0,4,4,258,2,18,35,273,Austin
2019,12,9,85,1,5,14,74,8,1,6,96,102,32,0,1,8,31,1,1,1,40,41,48,0,4,4,35,5,0,4,44,48,1,0,0,0,0,0,0,0,0,0,4,1,0,2,8,2,0,1,12,13,276,1,21,36,274,Austin
2020,12,9,65,2,9,11,77,6,5,11,94,105,24,2,4,5,32,3,3,6,40,46,36,0,5,5,32,1,2,5,38,43,2,0,0,0,0,1,0,0,1,1,3,0,0,1,13,1,0,0,15,15,286,4,28,38,276,Austin
2021,12,9,51,0,3,22,70,17,2,3,109,112,17,0,1,5,34,7,1,1,46,47,26,0,2,14,32,8,0,2,54,56,0,0,0,1,2,0,0,0,3,3,8,0,0,2,2,2,1,0,6,6,252,3,26,32,270,Austin
2022,12,9,55,1,5,16,80,18,5,6,114,120,22,0,0,9,42,5,3,0,56,56,32,1,4,7,31,12,2,5,50,55,0,0,0,0,1,1,0,0,2,2,1,0,1,0,6,0,0,1,6,7,282,2,18,33,271,Austin
2023,12,9,63,1,9,11,68,24,6,10,103,113,18,0,3,5,33,9,2,3,47,50,40,1,6,5,33,15,4,7,53,60,0,0,0,0,0,0,0,0,0,0,5,0,0,1,2,0,0,0,3,3,256,1,13,34,272,Austin
2024,12,9,54,3,7,15,51,17,0,10,83,93,15,1,4,5,23,11,0,5,39,44,31,0,3,9,25,5,0,3,39,42,1,1,0,0,0,0,0,1,0,1,7,1,0,1,3,1,0,1,5,6,242,3,20,36,274,Austin
2012,1,10,82,5,0,21,84,2,2,5,107,112,35,1,0,8,47,0,1,1,55,56,41,3,0,11,26,2,1,3,39,42,1,0,0,0,1,0,0,0,1,1,5,1,0,2,10,0,0,1,12,13,310,2,32,-299,-61,Austin
2013,1,10,78,2,2,29,70,5,3,4,104,108,27,1,2,16,34,3,0,3,53,56,37,1,0,10,28,1,2,1,39,40,1,0,0,0,1,0,0,0,1,1,13,0,0,3,7,1,1,0,11,11,299,3,30,-297,-59,Austin
2014,1,10,98,5,3,19,84,3,1,8,106,114,32,1,1,13,39,0,0,2,52,54,49,4,2,5,38,3,1,6,46,52,0,0,0,0,0,0,0,0,0,0,17,0,0,1,7,0,0,0,8,8,346,1,30,-296,-58,Austin
2015,1,10,59,0,7,5,78,4,1,7,87,94,21,0,3,3,31,2,0,3,36,39,33,0,2,1,35,1,1,2,37,39,1,0,0,0,0,0,0,0,0,0,4,0,2,1,12,1,0,2,14,16,266,2,27,-295,-57,Austin
2016,1,10,72,3,8,16,63,7,2,11,86,97,26,1,3,5,27,3,0,4,35,39,40,2,5,9,25,4,1,7,38,45,0,0,0,0,0,0,1,0,0,0,6,0,0,2,11,0,0,0,13,13,248,2,23,-301,-63,Austin
2017,1,10,74,2,5,11,71,5,1,7,87,94,31,2,3,6,40,3,0,5,49,54,32,0,1,4,25,2,1,1,31,32,1,0,0,0,0,0,0,0,0,0,10,0,1,1,6,0,0,1,7,8,280,2,26,-299,-61,Austin
2018,1,10,67,5,6,7,82,11,3,11,100,111,27,0,2,4,36,7,3,2,47,49,32,5,4,3,37,4,0,9,44,53,1,0,0,0,0,0,0,0,0,0,7,0,0,0,9,0,0,0,9,9,264,2,25,-298,-60,Austin
2019,1,10,57,1,6,6,92,4,3,7,102,109,21,0,3,4,43,1,1,3,48,51,30,0,3,1,40,3,2,3,44,47,0,1,0,0,1,0,0,1,1,2,6,0,0,1,8,0,0,0,9,9,248,3,25,-297,-59,Austin
2020,1,10,68,3,3,14,77,14,2,6,105,111,25,2,0,6,31,6,1,2,43,45,39,1,2,6,40,5,1,3,51,54,0,0,0,1,0,0,0,0,1,1,4,0,1,1,6,3,0,1,10,11,283,2,23,-296,-58,Austin
2021,1,10,44,2,8,8,41,7,3,10,56,66,14,1,4,6,23,2,0,5,31,36,23,1,3,2,12,4,3,4,18,22,0,0,0,0,1,0,0,0,1,1,7,0,1,0,5,1,0,1,6,7,183,1,23,-301,-63,Austin
2022,1,10,49,1,7,15,65,19,1,8,99,107,20,0,5,6,33,10,1,5,49,54,24,1,2,7,25,7,0,3,39,42,0,0,0,1,2,1,0,0,4,4,5,0,0,1,5,1,0,0,7,7,236,5,15,-300,-62,Austin
2023,1,10,46,3,6,17,85,12,2,9,114,123,18,1,3,4,35,4,0,4,43,47,24,2,3,12,42,6,1,5,60,65,0,0,0,0,1,0,0,0,1,1,4,0,0,1,7,2,1,0,10,10,254,2,17,-299,-61,Austin
2024,1,10,58,3,7,11,57,21,0,10,89,99,19,2,4,6,26,10,0,6,42,48,36,1,2,5,23,8,0,3,36,39,1,0,0,0,0,2,0,0,2,2,2,0,1,0,8,1,0,1,9,10,243,3,15,-298,-60,Austin
2012,2,10,91,2,8,17,84,6,2,10,107,117,40,0,4,12,40,2,2,4,54,58,42,2,4,4,34,3,0,6,41,47,0,0,0,1,2,0,0,0,3,3,9,0,0,0,8,1,0,0,9,9,341,4,23,-268,-30,Austin
2013,2,10,102,2,5,10,87,3,2,7,100,107,42,1,2,4,39,1,2,3,44,47,56,1,3,6,46,1,0,4,53,57,0,0,0,0,0,0,0,0,0,0,4,0,0,0,2,1,0,0,3,3,330,1,14,-266,-28,Austin
2014,2,10,69,0,6,25,84,10,0,6,119,125,34,0,5,17,43,6,0,5,66,71,29,0,1,7,27,3,0,1,37,38,1,0,0,0,2,0,0,0,2,2,5,0,0,1,12,1,0,0,14,14,285,4,24,-265,-27,Austin
2015,2,10,70,2,0,12,60,5,1,2,77,79,36,0,0,10,34,3,0,0,47,47,32,2,0,2,21,2,1,2,25,27,0,0,0,0,1,0,0,0,1,1,2,0,0,0,4,0,0,0,4,4,277,1,10,-264,-26,Austin
2016,2,10,82,2,4,20,76,3,2,6,99,105,36,0,1,14,42,0,1,1,56,57,37,2,1,5,29,2,1,3,36,39,0,0,0,0,1,0,0,0,1,1,9,0,2,1,4,1,0,2,6,8,309,4,25,-270,-32,Austin
2017,2,10,99,3,6,9,103,4,1,9,116,125,40,1,2,4,56,2,0,3,62,65,55,0,4,5,37,2,1,4,44,48,1,0,0,0,0,0,0,0,0,0,3,2,0,0,10,0,0,2,10,12,345,1,23,-268,-30,Austin
2018,2,10,69,3,6,9,54,3,0,9,66,75,26,1,2,6,25,1,0,3,32,35,37,2,3,3,23,1,0,5,27,32,0,0,0,0,1,0,0,0,1,1,6,0,1,0,5,1,0,1,6,7,232,1,14,-267,-29,Austin
2019,2,10,83,3,9,9,66,12,3,12,87,99,30,1,7,3,36,3,3,8,42,50,46,2,2,5,25,8,0,4,38,42,0,0,0,0,0,0,0,0,0,0,7,0,0,1,5,1,0,0,7,7,266,0,20,-266,-28,Austin
2020,2,10,60,4,3,13,67,12,1,7,92,99,30,2,1,4,33,7,1,3,44,47,25,1,2,8,27,5,0,3,40,43,0,0,0,0,2,0,0,0,2,2,5,1,0,1,5,0,0,1,6,7,250,3,15,-265,-27,Austin
2021,2,10,56,2,8,12,71,11,3,10,94,104,25,1,3,3,41,4,2,4,48,52,26,0,4,7,28,7,1,4,42,46,1,0,0,2,0,0,0,0,2,2,4,1,1,0,2,0,0,2,2,4,247,5,17,-270,-32,Austin
2022,2,10,54,2,5,10,68,6,3,7,84,91,29,0,1,4,34,2,2,1,40,41,19,1,2,5,31,2,1,3,38,41,0,0,0,0,0,1,0,0,1,1,6,1,2,1,3,1,0,3,5,8,241,1,22,-269,-31,Austin
2023,2,10,63,5,2,16,75,16,1,7,107,114,23,2,1,7,37,6,0,3,50,53,33,2,1,6,36,10,1,3,52,55,1,0,0,0,1,0,0,0,1,1,6,1,0,3,1,0,0,1,4,5,282,3,14,-268,-30,Austin
2024,2,10,49,1,6,7,44,20,1,7,71,78,17,0,3,1,24,6,0,3,31,34,32,1,3,6,20,10,1,4,36,40,0,0,0,0,0,0,0,0,0,0,0,0,0,0,0,4,0,0,4,4,212,0,12,-267,-29,Austin
2012,3,10,85,3,5,10,85,8,2,8,103,111,22,1,2,7,47,5,2,3,59,62,53,2,3,2,32,3,0,5,37,42,0,0,0,0,0,0,0,0,0,0,10,0,0,1,6,0,0,0,7,7,293,1,22,-239,-1,Austin
2013,3,10,97,1,8,17,93,8,1,9,118,127,42,0,3,7,46,4,1,3,57,60,44,0,5,10,36,4,0,5,50,55,1,1,0,0,1,0,0,1,1,2,10,0,0,0,10,0,0,0,10,10,339,4,25,-238,0,Austin
2014,3,10,75,2,4,15,85,14,2,6,114,120,33,2,4,8,43,8,0,6,59,65,31,0,0,6,37,5,0,0,48,48,0,0,0,0,0,1,0,0,1,1,11,0,0,1,5,0,2,0,6,6,328,2,27,-237,1,Austin
2015,3,10,85,2,4,15,78,5,1,6,98,104,49,0,0,8,54,2,0,0,64,64,33,1,4,5,19,3,1,5,27,32,1,0,0,1,0,0,0,0,1,1,2,1,0,1,5,0,0,1,6,7,309,3,14,-236,2,Austin
2016,3,10,72,1,5,22,49,5,2,6,76,82,30,0,4,12,30,1,0,4,43,47,39,1,1,10,16,3,2,2,29,31,0,0,0,0,1,0,0,0,1,1,3,0,0,0,2,1,0,0,3,3,260,1,7,-241,-3,Austin
2017,3,10,87,3,4,17,105,6,2,7,128,135,43,2,2,13,57,2,2,4,72,76,41,1,2,4,43,3,0,3,50,53,0,0,0,0,1,0,0,0,1,1,3,0,0,0,4,1,0,0,5,5,367,1,16,-240,-2,Austin
2018,3,10,78,5,14,8,67,6,4,19,81,100,28,2,6,3,34,4,0,8,41,49,44,2,8,5,31,2,2,10,38,48,0,0,0,0,0,0,1,0,0,0,6,1,0,0,2,0,1,1,2,3,280,1,16,-239,-1,Austin
2019,3,10,86,5,7,13,75,6,1,12,94,106,32,0,2,8,44,4,0,2,56,58,49,5,5,3,27,2,1,10,32,42,1,0,0,0,0,0,0,0,0,0,4,0,0,2,4,0,0,0,6,6,294,4,14,-238,0,Austin
2020,3,10,64,7,5,6,81,8,2,12,95,107,32,2,3,2,51,4,2,5,57,62,26,4,2,3,20,3,0,6,26,32,0,0,0,0,2,1,0,0,3,3,6,1,0,1,8,0,0,1,9,10,277,3,21,-236,2,Austin
2021,3,10,63,1,6,12,93,12,2,7,117,124,30,0,3,9,59,3,0,3,71,74,29,1,3,2,26,7,2,4,35,39,0,0,0,0,1,0,0,0,1,1,4,0,0,1,7,2,0,0,10,10,308,2,20,-242,-4,Austin
2022,3,10,55,1,6,23,66,19,7,7,108,115,25,0,3,7,46,10,2,3,63,66,23,1,2,14,12,6,5,3,32,35,0,0,0,1,1,1,0,0,3,3,7,0,1,1,7,2,0,1,10,11,266,4,24,-241,-3,Austin
2023,3,10,63,0,11,11,76,15,6,11,102,113,24,0,4,5,41,9,1,4,55,59,34,0,5,5,30,6,5,5,41,46,0,0,0,0,2,0,0,0,2,2,5,0,2,1,3,0,0,2,4,6,268,2,20,-240,-2,Austin
2024,3,10,48,5,7,15,58,18,3,12,91,103,27,2,2,8,32,13,0,4,53,57,18,3,5,6,24,5,3,8,35,43,0,0,0,0,0,0,0,0,0,0,3,0,0,1,2,0,0,0,3,3,240,0,10,-238,0,Austin
2012,4,10,84,6,3,19,110,8,1,9,137,146,45,3,2,10,73,6,0,5,89,94,30,3,1,7,22,1,1,4,30,34,1,0,0,0,0,0,0,0,0,0,8,0,0,2,15,1,0,0,18,18,370,2,36,-208,30,Austin
2013,4,10,80,0,2,11,91,2,3,2,104,106,46,0,0,6,64,1,1,0,71,71,26,0,0,3,22,1,2,0,26,26,0,0,0,0,0,0,0,0,0,0,8,0,2,2,5,0,0,2,7,9,302,2,28,-207,31,Austin
2014,4,10,77,4,3,29,73,4,3,7,106,113,42,1,0,19,46,2,2,1,67,68,25,3,3,9,19,2,1,6,30,36,1,0,0,0,1,0,0,0,1,1,9,0,0,1,7,0,0,0,8,8,320,5,27,-206,32,Austin
2015,4,10,79,3,3,18,87,4,0,6,109,115,33,2,2,11,58,2,0,4,71,75,40,1,1,6,21,1,0,2,28,30,1,0,0,0,1,0,0,0,1,1,5,0,0,1,7,1,0,0,9,9,323,3,22,-205,33,Austin
2016,4,10,90,3,5,14,96,6,2,8,116,124,36,1,3,8,42,4,1,4,54,58,47,2,2,6,42,2,1,4,50,54,2,0,0,0,1,0,0,0,1,1,5,0,0,0,11,0,0,0,11,11,338,3,22,-210,28,Austin
2017,4,10,75,1,3,11,84,4,0,4,99,103,40,0,1,8,57,2,0,1,67,68,30,1,1,1,22,2,0,2,25,27,1,0,0,1,0,0,0,0,1,1,4,0,1,1,5,0,0,1,6,7,297,4,21,-209,29,Austin
2018,4,10,88,4,4,12,86,8,1,8,106,114,39,1,1,9,56,5,1,2,70,72,38,3,3,3,20,3,0,6,26,32,0,0,0,0,0,0,0,0,0,0,11,0,0,0,10,0,0,0,10,10,296,1,29,-208,30,Austin
2019,4,10,76,2,8,11,69,7,1,10,87,97,52,0,4,7,40,2,0,4,49,53,19,2,3,2,21,2,1,5,25,30,1,0,0,1,0,0,0,0,1,1,4,0,1,1,8,3,0,1,12,13,280,3,26,-207,31,Austin
2020,4,10,63,1,5,11,70,14,2,6,95,101,36,1,2,7,43,6,1,3,56,59,18,0,3,3,16,6,1,3,25,28,0,0,0,0,0,1,0,0,1,1,9,0,0,1,11,1,0,0,13,13,254,1,32,-205,33,Austin
2021,4,10,59,4,6,12,50,9,2,10,71,81,27,1,2,4,26,4,1,3,34,37,29,3,4,8,19,2,0,7,29,36,0,0,0,0,1,2,0,0,3,3,3,0,0,0,4,1,1,0,5,5,237,5,15,-211,27,Austin
2022,4,10,58,5,11,9,47,10,4,16,66,82,18,2,6,5,23,6,2,8,34,42,34,3,5,4,20,2,2,8,26,34,0,0,0,0,0,0,0,0,0,0,6,0,0,0,4,2,0,0,6,6,202,2,19,-210,28,Austin
2023,4,10,63,3,0,11,56,14,3,3,81,84,36,2,0,6,30,11,1,2,47,49,22,1,0,5,22,3,2,1,30,31,0,0,0,0,1,0,0,0,1,1,5,0,0,0,3,0,0,0,3,3,221,2,10,-209,29,Austin
2024,4,10,68,2,5,16,55,20,1,7,91,98,44,0,2,7,26,13,0,2,46,48,18,2,2,7,26,5,1,4,38,42,1,0,0,1,1,0,0,0,2,2,5,0,1,1,2,2,0,1,5,6,265,3,18,-207,31,Austin
2012,5,10,56,4,5,38,110,5,1,9,153,162,34,2,3,29,70,3,0,5,102,107,14,1,2,7,28,1,1,3,36,39,0,0,0,0,0,0,0,0,0,0,8,1,0,2,12,1,0,1,15,16,335,0,30,-178,60,Austin
2013,5,10,96,0,7,18,109,5,2,7,132,139,55,0,5,9,79,3,2,5,91,96,30,0,2,8,22,2,0,2,32,34,1,0,0,0,0,0,0,0,0,0,10,0,0,1,8,0,0,0,9,9,383,2,26,-177,61,Austin
2014,5,10,100,1,8,15,92,5,2,9,112,121,54,1,5,7,60,3,0,6,70,76,36,0,3,6,27,2,2,3,35,38,0,0,0,0,1,0,0,0,1,1,10,0,0,2,4,0,0,0,6,6,355,2,21,-176,62,Austin
2015,5,10,71,6,11,8,60,4,1,17,72,89,34,2,3,6,39,3,1,5,48,53,28,4,7,2,15,1,0,11,18,29,1,0,1,0,0,0,0,1,0,1,8,0,0,0,6,0,0,0,6,6,268,3,25,-175,63,Austin
2016,5,10,77,2,5,15,65,1,0,7,81,88,42,1,2,12,42,1,0,3,55,58,27,1,3,2,15,0,0,4,17,21,0,0,0,0,0,0,0,0,0,0,8,0,0,1,8,0,0,0,9,9,273,0,24,-180,58,Austin
2017,5,10,85,2,3,15,86,5,1,5,106,111,48,1,2,12,56,2,0,3,70,73,28,1,1,3,27,2,0,2,32,34,0,0,0,0,0,0,0,0,0,0,9,0,0,0,3,1,1,0,4,4,304,0,22,-179,59,Austin
2018,5,10,80,2,8,8,69,4,5,10,81,91,43,1,4,4,53,2,3,5,59,64,27,1,4,3,11,2,1,5,16,21,0,0,0,0,0,0,1,0,0,0,10,0,0,1,5,0,0,0,6,6,276,1,24,-178,60,Austin
2019,5,10,68,0,5,13,85,6,2,5,104,109,37,0,3,9,55,5,0,3,69,72,21,0,2,3,27,1,2,2,31,33,0,0,0,1,0,0,0,0,1,1,10,0,0,0,3,0,0,0,3,3,293,1,16,-177,61,Austin
2020,5,10,49,2,5,6,57,8,4,7,71,78,29,2,1,4,38,3,2,3,45,48,16,0,4,2,14,5,2,4,21,25,2,0,0,0,0,0,0,0,0,0,2,0,0,0,5,0,0,0,5,5,217,5,15,-175,63,Austin
2021,5,10,77,4,9,13,72,20,1,13,105,118,46,1,5,9,46,11,1,6,66,72,26,3,3,3,20,7,0,6,30,36,1,0,1,1,0,0,0,1,1,2,4,0,0,0,6,2,0,0,8,8,283,4,16,-181,57,Austin
2022,5,10,56,1,9,15,62,14,4,10,91,101,31,0,5,9,44,8,3,5,61,66,20,1,4,6,14,5,0,5,25,30,0,0,0,0,1,0,0,0,1,1,5,0,0,0,3,1,1,0,4,4,259,3,18,-180,58,Austin
2023,5,10,61,3,5,13,48,13,2,8,74,82,36,1,4,7,28,4,2,5,39,44,22,0,1,6,15,7,0,1,28,29,0,0,0,0,0,0,0,0,0,0,3,2,0,0,5,2,0,2,7,9,223,0,20,-179,59,Austin
2024,5,10,66,4,11,11,55,13,1,15,79,94,42,3,5,4,31,7,1,8,42,50,21,1,4,6,21,5,0,5,32,37,0,0,1,0,0,0,0,1,0,1,3,0,1,1,3,1,0,1,5,6,252,1,13,-177,61,Austin
2012,6,10,88,2,10,17,112,7,3,12,136,148,37,0,3,10,72,4,1,3,86,89,41,2,7,6,34,2,1,9,42,51,0,0,0,0,0,0,0,0,0,0,10,0,0,1,6,1,1,0,8,8,376,1,27,-147,91,Austin
2013,6,10,82,2,8,15,106,4,3,10,125,135,46,2,3,10,75,3,3,5,88,93,27,0,5,5,19,0,0,5,24,29,0,0,0,0,1,0,0,0,1,1,9,0,0,0,11,1,0,0,12,12,353,2,34,-146,92,Austin
2014,6,10,79,2,4,11,75,4,3,6,90,96,46,2,1,5,49,3,1,3,57,60,25,0,3,3,20,1,1,3,24,27,0,0,0,0,0,0,0,0,0,0,8,0,0,3,6,0,1,0,9,9,288,1,25,-145,93,Austin
2015,6,10,86,1,4,14,93,6,2,5,113,118,48,0,4,10,66,3,1,4,79,83,28,1,0,4,17,1,0,1,22,23,0,0,0,0,0,0,0,0,0,0,10,0,0,0,10,2,1,0,12,12,330,1,28,-144,94,Austin
2016,6,10,72,4,11,16,82,10,0,15,108,123,43,3,6,13,64,6,0,9,83,92,20,1,3,2,12,2,0,4,16,20,0,0,0,0,0,0,0,0,0,0,9,0,2,1,6,2,0,2,9,11,317,0,31,-149,89,Austin
2017,6,10,78,6,5,16,60,12,0,11,88,99,31,1,4,9,39,5,0,5,53,58,39,5,0,7,13,6,0,5,26,31,0,0,0,0,1,0,0,0,1,1,8,0,1,0,7,1,0,1,8,9,292,1,31,-148,90,Austin
2018,6,10,72,0,12,18,70,11,2,12,99,111,36,0,3,12,33,5,1,3,50,53,24,0,9,5,30,5,1,9,40,49,1,0,0,0,0,0,0,0,0,0,11,0,0,1,7,1,0,0,9,9,283,3,28,-147,91,Austin
2019,6,10,87,0,4,8,88,7,1,4,103,107,49,0,1,6,64,3,1,1,73,74,25,0,3,2,17,3,0,3,22,25,1,0,0,0,1,0,0,0,1,1,12,0,0,0,6,1,0,0,7,7,282,2,28,-146,92,Austin
2020,6,10,35,1,6,13,80,14,1,7,107,114,17,1,5,5,54,6,1,6,65,71,15,0,0,6,22,7,0,0,35,35,0,0,0,0,0,0,0,0,0,0,3,0,1,2,4,1,0,1,7,8,247,0,21,-144,94,Austin
2021,6,10,58,0,5,8,59,14,6,5,81,86,30,0,0,2,37,9,3,0,48,48,23,0,3,4,20,4,3,3,28,31,1,0,0,0,1,0,0,0,1,1,4,0,2,2,1,1,0,2,4,6,237,2,15,-150,88,Austin
2022,6,10,65,4,9,15,54,17,3,13,86,99,35,2,7,5,34,11,1,9,50,59,24,2,1,9,16,5,2,3,30,33,2,0,0,0,0,0,0,0,0,0,4,0,1,1,4,1,0,1,6,7,254,3,14,-149,89,Austin
2023,6,10,57,1,6,21,48,29,4,7,98,105,25,0,1,5,33,21,2,1,59,60,25,0,4,15,14,4,2,4,33,37,3,0,0,0,0,0,0,0,0,0,4,1,1,1,1,4,0,2,6,8,261,3,22,-148,90,Austin
2024,6,10,50,1,14,11,46,13,2,15,70,85,28,1,5,3,25,7,0,6,35,41,14,0,7,8,14,3,2,7,25,32,0,0,0,0,0,0,0,0,0,0,8,0,2,0,7,3,0,2,10,12,221,0,28,-146,92,Austin
2012,7,10,96,3,0,21,76,9,2,3,106,109,57,0,0,16,50,7,1,0,73,73,26,3,0,4,21,2,0,3,27,30,1,0,0,0,0,0,0,0,0,0,12,0,0,1,5,0,1,0,6,6,340,1,24,-117,121,Austin
2013,7,10,78,3,5,16,73,3,2,8,92,100,33,2,2,13,44,1,1,4,58,62,32,0,3,1,20,1,1,3,22,25,1,0,0,0,0,0,0,0,0,0,12,1,0,2,9,1,0,1,12,13,301,2,37,-116,122,Austin
2014,7,10,85,1,7,11,97,9,3,8,117,125,45,0,4,7,58,8,2,4,73,77,27,1,2,4,29,1,1,3,34,37,0,0,0,0,0,0,0,0,0,0,13,0,1,0,10,0,0,1,10,11,321,2,33,-115,123,Austin
2015,7,10,86,6,2,16,81,4,0,8,101,109,50,3,2,12,57,2,0,5,71,76,27,3,0,0,16,2,0,3,18,21,0,0,0,0,0,0,0,0,0,0,9,0,0,4,8,0,0,0,12,12,319,0,28,-114,124,Austin
2016,7,10,107,1,3,1,65,3,3,4,69,73,53,0,0,0,42,1,3,0,43,43,38,1,3,1,20,2,0,4,23,27,1,0,0,0,0,0,0,0,0,0,15,0,0,0,3,0,0,0,3,3,281,1,26,-119,119,Austin
2017,7,10,85,1,11,10,66,5,2,12,81,93,58,1,7,8,48,2,1,8,58,66,22,0,3,2,11,3,1,3,16,19,0,0,0,0,0,0,0,0,0,0,5,0,1,0,7,0,0,1,7,8,273,0,19,-118,120,Austin
2018,7,10,73,2,5,22,72,5,1,7,99,106,43,2,2,16,52,3,1,4,71,75,21,0,2,3,13,1,0,2,17,19,0,0,0,1,1,0,0,0,2,2,9,0,1,2,6,1,0,1,9,10,273,3,26,-117,121,Austin
2019,7,10,68,5,7,12,92,6,1,12,110,122,42,1,4,7,60,3,1,5,70,75,15,3,2,4,19,2,0,5,25,30,1,0,0,0,1,1,0,0,2,2,10,1,1,1,12,0,0,2,13,15,287,3,35,-116,122,Austin
2020,7,10,51,0,7,12,64,11,0,7,87,94,31,0,3,7,41,9,0,3,57,60,15,0,4,4,17,1,0,4,22,26,0,0,0,1,0,0,0,0,1,1,5,0,0,0,6,1,0,0,7,7,249,2,22,-114,124,Austin
2021,7,10,63,0,4,10,54,19,4,4,83,87,31,0,1,4,39,11,0,1,54,55,22,0,2,5,12,7,4,2,24,26,0,0,0,1,0,0,0,0,1,1,10,0,1,0,3,1,0,1,4,5,249,1,21,-120,118,Austin
2022,7,10,44,7,12,5,64,20,3,19,89,108,20,4,6,2,45,13,1,10,60,70,17,3,6,3,13,4,2,9,20,29,0,0,0,0,1,0,0,0,1,1,7,0,0,0,5,3,0,0,8,8,225,1,22,-119,119,Austin
2023,7,10,50,1,5,11,58,14,4,6,83,89,23,1,1,3,29,9,2,2,41,43,20,0,4,6,22,3,1,4,31,35,0,0,0,0,2,0,0,0,2,2,7,0,0,2,5,2,1,0,9,9,235,3,28,-118,120,Austin
2024,7,10,50,2,5,8,55,13,3,7,76,83,29,1,3,4,34,6,3,4,44,48,16,0,2,4,16,3,0,2,23,25,1,1,0,0,1,0,0,1,1,2,4,0,0,0,4,4,0,0,8,8,252,4,19,-116,122,Austin
2012,8,10,89,3,5,19,114,8,0,8,141,149,44,0,1,13,75,3,0,1,91,92,32,3,4,4,30,5,0,7,39,46,0,0,0,0,0,0,0,0,0,0,13,0,0,2,9,0,0,0,11,11,380,0,38,-86,152,Austin
2013,8,10,98,2,9,20,94,10,3,11,124,135,42,0,4,12,58,8,0,4,78,82,46,1,3,4,27,2,2,4,33,37,0,0,0,0,0,0,0,0,0,0,10,1,2,4,9,0,1,3,13,16,369,0,37,-85,153,Austin
2014,8,10,87,4,7,16,81,9,1,11,106,117,52,0,1,7,47,3,0,1,57,58,25,4,6,8,28,5,1,10,41,51,1,0,0,0,0,0,0,0,0,0,9,0,0,1,6,1,0,0,8,8,327,2,28,-84,154,Austin
2015,8,10,81,5,4,16,77,4,2,9,97,106,45,1,3,12,50,3,1,4,65,69,29,4,1,3,23,0,1,5,26,31,0,0,0,0,0,0,0,0,0,0,7,0,0,1,4,1,0,0,6,6,313,0,20,-83,155,Austin
2016,8,10,75,2,4,12,65,6,2,6,83,89,44,0,0,8,51,2,2,0,61,61,20,1,4,4,12,4,0,5,20,25,1,0,0,0,0,0,0,0,0,0,10,1,0,0,2,0,0,1,2,3,281,2,23,-88,150,Austin
2017,8,10,71,4,6,9,88,5,4,10,102,112,31,4,2,6,48,3,2,6,57,63,27,0,3,2,30,2,1,3,34,37,0,0,0,0,0,0,1,0,0,0,13,0,1,1,10,0,0,1,11,12,286,2,32,-87,151,Austin
2018,8,10,69,4,3,10,81,7,1,7,98,105,39,0,2,8,54,3,0,2,65,67,21,3,0,2,21,4,1,3,27,30,1,0,0,0,1,0,0,0,1,1,8,1,1,0,5,0,0,2,5,7,264,2,24,-86,152,Austin
2019,8,10,74,5,15,9,93,12,1,20,114,134,39,1,5,8,56,4,1,6,68,74,28,4,8,1,33,6,0,12,40,52,1,0,0,0,0,1,0,0,1,1,6,0,2,0,4,1,0,2,5,7,314,2,24,-85,153,Austin
2020,8,10,63,5,7,12,88,17,3,12,117,129,31,3,5,7,57,7,3,8,71,79,25,2,2,5,28,7,0,4,40,44,0,0,0,0,0,0,0,0,0,0,7,0,0,0,3,3,0,0,6,6,301,1,22,-83,155,Austin
2021,8,10,60,4,6,10,69,12,2,10,91,101,37,2,2,6,39,8,0,4,53,57,16,2,3,2,20,3,1,5,25,30,0,0,0,1,0,0,0,0,1,1,7,0,1,1,10,1,1,1,12,13,240,1,25,-89,149,Austin
2022,8,10,53,2,7,13,67,14,2,9,94,103,24,1,4,4,44,9,1,5,57,62,19,0,2,8,22,4,1,2,34,36,0,1,0,1,0,1,0,1,2,3,10,0,1,0,1,0,0,1,1,2,238,3,16,-88,150,Austin
2023,8,10,61,3,9,13,54,21,1,12,88,100,35,1,5,5,28,12,1,6,45,51,20,1,3,6,23,9,0,4,38,42,0,0,0,1,0,0,0,0,1,1,6,1,1,1,3,0,0,2,4,6,250,1,14,-87,151,Austin
2024,8,10,46,1,12,15,48,11,2,13,74,87,27,1,6,8,33,7,0,7,48,55,16,0,5,7,13,4,2,5,24,29,0,0,0,0,0,0,0,0,0,0,3,0,1,0,2,0,0,1,2,3,211,0,10,-85,153,Austin
2012,9,10,81,0,6,16,82,9,2,6,107,113,43,0,3,11,50,5,1,3,66,69,29,0,2,4,21,1,1,2,26,28,0,0,1,0,1,0,0,1,1,2,9,0,0,1,10,3,0,0,14,14,303,2,32,-55,183,Austin
2013,9,10,90,3,2,17,101,3,3,5,121,126,43,1,0,10,63,2,2,1,75,76,33,2,1,4,28,1,1,3,33,36,2,0,0,1,1,0,0,0,2,2,12,0,1,2,9,0,0,1,11,12,334,4,32,-54,184,Austin
2014,9,10,76,2,2,15,86,7,1,4,108,112,39,1,1,9,54,2,0,2,65,67,31,0,1,4,19,4,1,1,27,28,0,1,0,0,0,0,0,1,0,1,6,0,0,2,13,1,0,0,16,16,294,1,26,-53,185,Austin
2015,9,10,64,2,3,9,80,2,1,5,91,96,34,0,1,7,54,1,1,1,62,63,25,1,0,1,18,0,0,1,19,20,0,1,0,0,0,0,0,1,0,1,5,0,2,1,8,1,0,2,10,12,267,2,20,-52,186,Austin
2016,9,10,84,5,10,14,66,4,0,15,84,99,37,1,2,7,42,3,0,3,52,55,38,4,5,7,17,1,0,9,25,34,0,0,0,0,1,0,0,0,1,1,9,0,3,0,6,0,0,3,6,9,299,3,26,-57,181,Austin
2017,9,10,74,3,3,6,65,2,5,6,73,79,46,1,2,5,37,0,0,3,42,45,24,1,1,1,22,2,5,2,25,27,0,0,0,0,1,0,0,0,1,1,4,1,0,0,5,0,0,1,5,6,281,2,21,-56,182,Austin
2018,9,10,73,2,6,12,86,7,3,8,105,113,52,1,3,10,54,5,2,4,69,73,12,1,2,2,21,2,1,3,25,28,0,0,0,0,0,0,0,0,0,0,9,0,1,0,11,0,0,1,11,12,308,1,31,-55,183,Austin
2019,9,10,64,2,1,7,67,15,1,3,89,92,37,1,0,4,33,9,1,1,46,47,22,1,1,2,30,6,0,2,38,40,0,0,0,0,0,0,0,0,0,0,5,0,0,1,4,0,0,0,5,5,268,0,18,-54,184,Austin
2020,9,10,55,2,8,16,84,11,2,10,111,121,29,1,4,9,49,8,1,5,66,71,19,1,2,6,23,2,1,3,31,34,0,0,1,1,1,0,0,1,2,3,7,0,1,0,11,1,0,1,12,13,257,4,22,-52,186,Austin
2021,9,10,72,6,5,18,80,18,2,11,116,127,41,1,4,6,43,12,1,5,61,66,27,5,1,10,27,4,0,6,41,47,2,0,0,0,0,1,0,0,1,1,2,0,0,2,10,1,1,0,13,13,301,5,21,-58,180,Austin
2022,9,10,63,0,10,12,74,16,3,10,102,112,32,0,6,6,40,7,1,6,53,59,25,0,3,5,31,7,2,3,43,46,1,0,0,0,1,1,0,0,2,2,5,0,1,1,2,1,0,1,4,5,263,5,17,-57,181,Austin
2023,9,10,60,5,3,16,58,22,3,8,96,104,27,3,2,6,33,11,1,5,50,55,29,1,1,9,23,10,2,2,42,44,1,1,0,0,0,0,0,1,0,1,3,0,0,1,2,1,0,0,4,4,253,3,14,-56,182,Austin
2024,9,10,50,1,8,8,50,5,4,9,63,72,25,1,4,1,31,2,0,5,34,39,23,0,4,4,14,3,3,4,21,25,0,0,0,1,0,0,0,0,1,1,2,0,0,2,5,0,1,0,7,7,211,1,14,-54,184,Austin
2012,10,10,96,1,5,20,89,4,2,6,113,119,47,0,1,10,51,2,2,1,63,64,42,0,4,8,29,1,0,4,38,42,2,0,0,1,0,1,0,0,2,2,5,1,0,1,9,0,0,1,10,11,326,5,23,-25,213,Austin
2013,10,10,88,1,9,15,82,3,3,10,100,110,26,1,4,4,53,2,2,5,59,64,54,0,3,10,22,1,1,3,33,36,0,0,0,1,0,0,0,0,1,1,8,0,2,0,7,0,0,2,7,9,326,4,26,-24,214,Austin
2014,10,10,77,4,5,14,112,6,2,9,132,141,36,1,0,5,64,2,0,1,71,72,34,3,3,9,42,4,1,6,55,61,1,0,0,0,0,0,1,0,0,0,6,0,2,0,6,0,0,2,6,8,360,4,22,-23,215,Austin
2015,10,10,90,2,2,12,88,3,2,4,103,107,44,0,0,7,50,1,2,0,58,58,36,2,2,5,29,2,0,4,36,40,0,0,0,0,0,0,0,0,0,0,10,0,0,0,9,0,0,0,9,9,315,0,25,-22,216,Austin
2016,10,10,74,0,2,7,93,7,4,2,107,109,37,0,2,2,50,4,3,2,56,58,32,0,0,3,35,3,1,0,41,41,0,0,0,1,0,0,0,0,1,1,5,0,0,1,8,0,0,0,9,9,294,2,26,-27,211,Austin
2017,10,10,82,3,6,5,64,7,4,9,76,85,41,2,1,4,43,3,1,3,50,53,36,1,5,1,17,3,3,6,21,27,0,0,0,0,0,0,0,0,0,0,5,0,0,0,4,1,0,0,5,5,270,0,13,-26,212,Austin
2018,10,10,68,3,2,9,83,7,1,5,99,104,30,1,1,5,54,4,1,2,63,65,32,2,1,4,24,2,0,3,30,33,0,0,0,0,0,0,0,0,0,0,6,0,0,0,5,1,0,0,6,6,268,1,16,-25,213,Austin
2019,10,10,76,2,4,10,76,10,1,6,96,102,37,1,2,4,46,4,0,3,54,57,30,1,2,5,26,5,1,3,36,39,1,0,0,0,0,0,0,0,0,0,8,0,0,1,4,1,0,0,6,6,286,1,21,-24,214,Austin
2020,10,10,75,4,8,13,71,11,1,12,95,107,38,1,5,7,41,6,0,6,54,60,29,3,3,5,25,4,1,6,34,40,1,0,0,0,0,0,0,0,0,0,7,0,0,1,5,1,0,0,7,7,284,1,24,-22,216,Austin
2021,10,10,49,4,7,11,103,13,7,11,127,138,26,3,4,1,52,6,1,7,59,66,20,1,3,9,43,7,6,4,59,63,1,0,0,1,1,0,0,0,2,2,2,0,0,0,7,0,0,0,7,7,278,4,13,-28,210,Austin
2022,10,10,72,3,3,13,79,12,6,6,104,110,29,0,1,6,54,7,2,1,67,68,36,3,2,6,17,4,4,5,27,32,0,0,0,0,1,0,0,0,1,1,7,0,0,1,7,1,0,0,9,9,262,1,19,-27,211,Austin
2023,10,10,42,3,4,9,39,15,3,7,63,70,23,1,3,4,21,11,1,4,36,40,17,2,1,3,14,4,2,3,21,24,0,0,0,0,1,0,0,0,1,1,2,0,0,2,3,0,0,0,5,5,206,1,14,-26,212,Austin
2024,10,10,54,2,3,11,61,13,3,5,85,90,26,0,1,6,33,8,3,1,47,48,24,1,1,4,23,4,0,2,31,33,1,0,0,0,0,0,0,0,0,0,3,1,1,1,5,1,0,2,7,9,242,1,15,-24,214,Austin
2012,11,10,109,1,6,19,89,7,0,7,115,122,43,0,4,6,41,2,0,4,49,53,61,0,2,10,47,5,0,2,62,64,0,0,0,0,0,0,0,0,0,0,5,1,0,3,1,0,0,1,4,5,352,0,17,6,244,Austin
2013,11,10,107,5,12,12,94,9,1,17,115,132,47,1,3,3,41,4,0,4,48,52,54,4,8,8,51,5,1,12,64,76,0,0,0,0,0,0,0,0,0,0,6,0,1,1,2,0,0,1,3,4,340,0,14,7,245,Austin
2014,11,10,73,3,1,24,61,8,2,4,93,97,32,3,0,19,35,2,1,3,56,59,34,0,0,5,22,6,1,0,33,33,0,0,0,0,0,0,0,0,0,0,7,0,1,0,4,0,0,1,4,5,287,1,16,8,246,Austin
2015,11,10,79,3,3,16,98,10,0,6,124,130,31,0,2,8,56,6,0,2,70,72,44,3,1,7,37,2,0,4,46,50,0,0,0,0,0,1,0,0,1,1,4,0,0,1,5,1,0,0,7,7,332,1,23,9,247,Austin
2016,11,10,70,4,3,13,86,8,0,7,107,114,29,0,1,9,43,3,0,1,55,56,39,2,2,4,34,5,0,4,43,47,0,1,0,0,0,0,0,1,0,1,2,1,0,0,9,0,0,1,9,10,309,1,17,4,242,Austin
2017,11,10,84,4,6,8,63,7,1,10,78,88,29,1,2,1,34,3,1,3,38,41,43,2,4,5,26,3,0,6,34,40,3,0,0,0,0,0,0,0,0,0,9,1,0,2,3,1,0,1,6,7,278,3,24,5,243,Austin
2018,11,10,61,2,8,21,79,5,4,10,105,115,26,0,2,12,44,2,2,2,58,60,32,1,5,9,31,3,2,6,43,49,0,0,0,0,1,0,0,0,1,1,3,1,1,0,3,0,0,2,3,5,289,1,24,6,244,Austin
2019,11,10,82,5,11,11,78,6,2,16,95,111,33,2,6,5,36,2,1,8,43,51,42,2,3,6,35,3,1,5,44,49,0,0,0,0,1,0,0,0,1,1,7,1,2,0,6,1,0,3,7,10,274,1,23,7,245,Austin
2020,11,10,64,4,7,19,88,16,0,11,123,134,22,1,4,10,44,5,0,5,59,64,33,2,3,9,37,7,0,5,53,58,1,0,0,0,2,0,0,0,2,2,8,1,0,0,5,4,0,1,9,10,298,3,24,9,247,Austin
2021,11,10,53,2,3,17,66,6,0,5,89,94,20,0,2,7,34,2,0,2,43,45,26,2,0,8,30,4,0,2,42,44,0,0,0,0,0,0,0,0,0,0,7,0,1,2,2,0,0,1,4,5,222,2,18,3,241,Austin
2022,11,10,49,2,2,7,70,12,2,4,89,93,17,1,2,6,35,9,2,3,50,53,25,0,0,1,30,2,0,0,33,33,0,0,0,0,0,0,0,0,0,0,7,1,0,0,5,1,0,1,6,7,232,0,23,4,242,Austin
2023,11,10,55,3,6,13,43,18,6,9,74,83,24,0,4,7,23,10,1,4,40,44,27,3,2,4,13,7,5,5,24,29,0,0,0,0,1,0,0,0,1,1,4,0,0,2,6,1,0,0,9,9,234,1,21,5,243,Austin
2024,11,10,54,1,6,13,58,16,3,7,87,94,22,0,0,11,26,10,1,0,47,47,28,1,5,2,26,5,2,6,33,39,1,0,0,0,0,0,0,0,0,0,3,0,1,0,6,1,0,1,7,8,222,2,13,7,245,Austin
2012,12,10,85,2,4,22,64,2,3,6,88,94,30,1,2,10,31,1,3,3,42,45,48,1,2,9,26,1,0,3,36,39,2,0,0,2,0,0,0,0,2,2,5,0,0,1,7,0,0,0,8,8,278,5,19,36,274,Austin
2013,12,10,58,0,2,26,83,3,0,2,112,114,24,0,0,19,41,2,0,0,62,62,27,0,1,6,37,1,0,1,44,45,0,0,0,0,1,0,0,0,1,1,7,0,1,1,4,0,0,1,5,6,273,4,20,37,275,Austin
2014,12,10,71,0,7,15,81,3,4,7,99,106,26,0,4,10,36,1,1,4,47,51,38,0,3,4,38,2,3,3,44,47,1,0,0,1,1,0,0,0,2,2,6,0,0,0,6,0,0,0,6,6,293,4,22,38,276,Austin
2015,12,10,68,1,3,16,90,8,5,4,114,118,26,1,2,8,35,4,1,3,47,50,36,0,1,7,47,4,4,1,58,59,1,0,0,0,1,0,0,0,1,1,5,0,0,1,7,0,0,0,8,8,315,4,25,39,277,Austin
2016,12,10,70,5,2,10,78,7,4,7,95,102,23,2,0,3,37,3,1,2,43,45,39,3,2,7,34,3,2,5,44,49,1,0,0,0,0,1,0,0,1,1,7,0,0,0,7,0,1,0,7,7,281,3,20,34,272,Austin
2017,12,10,70,6,11,5,65,4,2,17,74,91,14,1,6,4,31,2,1,7,37,44,49,2,4,1,28,2,1,6,31,37,1,1,0,0,0,0,0,1,0,1,6,2,1,0,6,0,0,3,6,9,264,2,22,35,273,Austin
2018,12,10,57,1,2,11,91,7,0,3,109,112,22,0,0,7,44,5,0,0,56,56,31,1,1,3,42,2,0,2,47,49,0,0,0,0,1,0,0,0,1,1,4,0,1,1,4,0,0,1,5,6,259,2,14,36,274,Austin
2019,12,10,50,5,5,13,72,12,1,10,97,107,20,1,1,6,25,3,0,2,34,36,25,4,4,5,37,7,1,8,49,57,0,0,0,0,1,2,0,0,3,3,5,0,0,2,9,0,0,0,11,11,246,4,27,37,275,Austin
2020,12,10,58,3,5,15,89,12,4,8,116,124,21,1,4,4,51,6,3,5,61,66,33,2,1,11,32,5,1,3,48,51,0,0,0,0,1,0,0,0,1,1,4,0,0,0,5,1,0,0,6,6,278,1,20,39,277,Austin
2021,12,10,71,1,10,15,75,18,2,11,108,119,28,0,3,8,36,6,0,3,50,53,38,1,7,6,33,11,1,8,50,58,0,0,0,0,0,1,0,0,1,1,5,0,0,1,6,0,1,0,7,7,273,3,16,33,271,Austin
2022,12,10,47,4,10,13,75,18,3,14,106,120,19,3,4,2,32,7,0,7,41,48,25,1,5,11,36,10,3,6,57,63,2,0,0,0,2,1,0,0,3,3,1,0,1,0,5,0,0,1,5,6,255,6,11,34,272,Austin
2023,12,10,60,1,10,10,59,13,1,11,82,93,16,0,0,5,18,6,0,0,29,29,39,1,9,4,39,6,1,10,49,59,0,0,0,0,0,0,0,0,0,0,5,0,1,1,2,1,0,1,4,5,247,2,18,35,273,Austin
2024,12,10,60,1,4,14,64,18,5,5,96,101,25,0,0,8,29,12,1,0,49,49,27,0,3,5,28,5,4,3,38,41,0,0,0,0,1,0,0,0,1,1,8,1,1,1,6,1,0,2,8,10,248,1,23,37,275,Austin
2012,1,11,80,1,3,24,80,8,3,4,112,116,33,0,0,13,35,2,1,0,50,50,39,1,3,9,36,4,1,4,49,53,0,0,0,1,0,1,0,0,2,2,8,0,0,1,9,1,1,0,11,11,320,2,27,-298,-60,Austin
2013,1,11,92,1,2,24,85,9,5,3,118,121,33,1,1,13,43,0,1,2,56,58,49,0,1,5,35,6,3,1,46,47,0,0,0,1,0,0,0,0,1,1,10,0,0,5,7,3,1,0,15,15,347,1,36,-296,-58,Austin
2014,1,11,96,1,2,15,86,6,3,3,107,110,28,0,1,8,35,2,2,1,45,46,56,1,1,5,41,4,1,2,50,52,0,0,0,0,1,0,0,0,1,1,12,0,0,2,9,0,0,0,11,11,355,2,32,-295,-57,Austin
2015,1,11,79,1,3,3,71,8,1,4,82,86,26,0,0,1,30,3,0,0,34,34,48,1,3,1,37,5,1,4,43,47,0,0,0,0,0,0,0,0,0,0,5,0,0,1,4,0,0,0,5,5,248,0,20,-294,-56,Austin
2016,1,11,75,3,4,19,68,3,0,7,90,97,28,1,2,15,38,0,0,3,53,56,35,2,2,3,20,2,0,4,25,29,0,0,0,0,1,0,0,0,1,1,12,0,0,1,9,1,0,0,11,11,261,1,31,-300,-62,Austin
2017,1,11,87,1,6,14,79,2,2,7,95,102,37,0,2,8,44,1,1,2,53,55,44,1,4,5,26,1,1,5,32,37,0,0,0,1,0,0,0,0,1,1,6,0,0,0,9,0,0,0,9,9,307,1,27,-298,-60,Austin
2018,1,11,61,0,6,10,70,6,1,6,86,92,17,0,3,7,44,3,0,3,54,57,40,0,3,3,23,1,1,3,27,30,0,0,0,0,0,0,0,0,0,0,4,0,0,0,3,2,0,0,5,5,243,2,16,-297,-59,Austin
2019,1,11,68,3,3,18,107,10,2,6,135,141,29,2,2,10,41,3,1,4,54,58,33,1,1,6,53,7,1,2,66,68,1,0,0,0,0,0,0,0,0,0,5,0,0,2,13,0,0,0,15,15,313,2,33,-296,-58,Austin
2020,1,11,75,2,6,6,82,8,4,8,96,104,20,1,3,1,44,4,2,4,49,53,48,1,3,4,33,3,2,4,40,44,1,0,0,0,0,0,0,0,0,0,6,0,0,1,5,1,0,0,7,7,288,1,20,-295,-57,Austin
2021,1,11,46,3,8,9,77,7,4,11,93,104,22,0,3,2,35,1,0,3,38,41,21,3,5,4,33,6,4,8,43,51,1,0,0,0,1,0,0,0,1,1,2,0,0,3,8,0,0,0,11,11,241,3,19,-300,-62,Austin
2022,1,11,42,1,7,13,59,17,0,8,89,97,19,0,2,6,32,10,0,2,48,50,20,1,5,7,21,6,0,6,34,40,0,0,0,0,2,0,0,0,2,2,3,0,0,0,4,1,0,0,5,5,205,3,17,-299,-61,Austin
2023,1,11,36,2,2,12,53,12,0,4,77,81,15,0,0,3,27,2,0,0,32,32,18,1,2,8,21,9,0,3,38,41,0,0,0,1,0,0,0,0,1,1,3,1,0,0,5,1,0,1,6,7,188,2,13,-298,-60,Austin
2024,1,11,53,0,3,8,41,13,1,3,62,65,18,0,3,1,21,4,1,3,26,29,26,0,0,4,16,7,0,0,27,27,0,0,0,1,0,0,0,0,1,1,9,0,0,2,4,2,0,0,8,8,213,2,25,-297,-59,Austin
2012,2,11,108,1,2,13,104,10,0,3,127,130,41,0,1,5,42,2,0,1,49,50,53,1,1,8,58,6,0,2,72,74,3,0,0,0,0,0,0,0,0,0,11,0,0,0,4,2,0,0,6,6,355,3,22,-267,-29,Austin
2013,2,11,89,2,8,17,64,5,0,10,86,96,42,1,2,11,35,2,0,3,48,51,44,1,4,4,17,3,0,5,24,29,2,0,0,1,1,0,0,0,2,2,1,0,2,1,11,0,0,2,12,14,279,4,23,-265,-27,Austin
2014,2,11,64,0,1,10,62,9,1,1,81,82,29,0,0,4,35,3,0,0,42,42,29,0,1,4,19,6,1,1,29,30,0,0,0,0,1,0,0,0,1,1,6,0,0,2,7,0,0,0,9,9,241,2,20,-264,-26,Austin
2015,2,11,81,2,4,17,72,2,4,6,91,97,32,1,2,11,36,0,1,3,47,50,42,1,2,5,28,2,3,3,35,38,0,0,0,0,1,0,0,0,1,1,7,0,0,1,7,0,0,0,8,8,297,1,24,-263,-25,Austin
2016,2,11,74,2,6,12,75,3,4,8,90,98,31,1,4,10,38,3,2,5,51,56,34,1,2,2,27,0,2,3,29,32,2,0,0,0,1,0,0,0,1,1,7,0,0,0,9,0,0,0,9,9,309,4,22,-269,-31,Austin
2017,2,11,86,1,9,12,71,2,1,10,85,95,37,0,5,4,33,0,0,5,37,42,43,1,4,8,34,2,1,5,44,49,0,0,0,0,0,0,0,0,0,0,6,0,0,0,4,0,0,0,4,4,291,2,17,-267,-29,Austin
2018,2,11,69,4,8,4,50,5,2,12,59,71,36,0,1,2,27,1,0,1,30,31,31,4,6,2,18,4,2,10,24,34,0,0,0,0,0,0,0,0,0,0,2,0,1,0,5,0,0,1,5,6,203,0,12,-266,-28,Austin
2019,2,11,76,2,3,13,93,13,3,5,119,124,32,2,3,4,46,9,2,5,59,64,38,0,0,8,36,3,1,0,47,47,0,0,0,0,0,0,0,0,0,0,6,0,0,1,11,1,0,0,13,13,293,1,29,-265,-27,Austin
2020,2,11,58,1,3,10,68,16,2,4,94,98,25,0,3,6,35,11,1,3,52,55,30,1,0,3,25,5,1,1,33,34,1,0,0,0,0,0,0,0,0,0,2,0,0,1,8,0,0,0,9,9,259,1,19,-264,-26,Austin
2021,2,11,49,1,3,7,52,11,3,4,70,74,27,1,1,5,32,6,3,2,43,45,17,0,1,1,16,4,0,1,21,22,0,0,0,0,0,0,0,0,0,0,5,0,1,1,4,1,0,1,6,7,216,0,18,-269,-31,Austin
2022,2,11,58,9,7,11,82,21,5,16,114,130,23,2,2,7,45,9,0,4,61,65,31,7,4,4,29,9,1,11,42,53,1,0,0,0,2,0,1,0,2,2,3,0,1,0,6,3,3,1,9,10,277,4,19,-268,-30,Austin
2023,2,11,47,2,10,8,70,15,4,12,93,105,17,2,5,3,37,5,2,7,45,52,24,0,5,5,26,7,2,5,38,43,2,0,0,0,4,0,0,0,4,4,4,0,0,0,3,3,0,0,6,6,245,7,14,-267,-29,Austin
2024,2,11,64,4,6,10,60,17,2,10,87,97,25,0,1,2,31,7,1,1,40,41,33,3,5,7,27,9,1,8,43,51,1,0,0,1,0,0,0,0,1,1,5,1,0,0,2,1,0,1,3,4,248,3,17,-266,-28,Austin
2012,3,11,93,4,6,14,110,11,1,10,135,145,33,1,0,6,58,9,0,1,73,74,54,2,6,8,44,2,1,8,54,62,0,0,0,0,0,0,0,0,0,0,6,1,0,0,8,0,0,1,8,9,351,1,20,-238,0,Austin
2013,3,11,76,3,2,26,89,4,1,5,119,124,42,0,2,12,47,1,1,2,60,62,28,3,0,13,25,3,0,3,41,44,1,0,0,0,1,0,0,0,1,1,5,0,0,1,16,0,0,0,17,17,318,3,28,-237,1,Austin
2014,3,11,84,3,6,27,101,4,2,9,132,141,41,2,1,21,62,4,2,3,87,90,33,0,4,6,33,0,0,4,39,43,1,0,0,0,0,0,0,0,0,0,9,1,1,0,6,0,0,2,6,8,345,2,21,-236,2,Austin
2015,3,11,85,2,3,10,64,5,4,5,79,84,42,0,1,7,40,2,3,1,49,50,35,2,2,3,22,1,0,4,26,30,0,0,0,0,0,1,1,0,1,1,8,0,0,0,2,1,0,0,3,3,319,3,21,-235,3,Austin
2016,3,11,75,2,2,21,67,9,3,4,97,101,32,2,1,14,38,6,2,3,58,61,34,0,1,7,21,2,1,1,30,31,2,0,0,0,0,0,0,0,0,0,7,0,0,0,8,1,0,0,9,9,283,2,22,-240,-2,Austin
2017,3,11,78,4,8,8,70,7,1,12,85,97,29,0,2,4,34,4,0,2,42,44,43,4,5,4,30,3,1,9,37,46,0,0,0,0,0,0,0,0,0,0,6,0,1,0,6,0,0,1,6,7,286,2,18,-239,-1,Austin
2018,3,11,77,3,8,7,71,6,0,11,84,95,32,0,0,4,39,1,0,0,44,44,37,3,7,3,28,3,0,10,34,44,1,0,1,0,0,0,0,1,0,1,7,0,0,0,4,2,0,0,6,6,264,2,22,-238,0,Austin
2019,3,11,60,5,3,15,68,7,0,8,90,98,33,3,1,7,39,2,0,4,48,52,25,1,2,8,21,4,0,3,33,36,0,1,0,0,2,0,0,1,2,3,2,0,0,0,6,1,0,0,7,7,250,4,19,-237,1,Austin
2020,3,11,74,2,6,13,78,3,2,8,94,102,29,0,2,7,43,3,1,2,53,55,41,1,3,5,22,0,1,4,27,31,0,1,0,0,0,0,0,1,0,1,4,0,1,1,13,0,0,1,14,15,300,3,24,-235,3,Austin
2021,3,11,76,2,3,14,80,13,4,5,107,112,41,1,2,10,40,7,2,3,57,60,30,1,1,3,35,4,0,2,42,44,0,0,0,0,2,0,0,0,2,2,5,0,0,1,3,2,2,0,6,6,299,2,17,-241,-3,Austin
2022,3,11,53,0,11,13,64,15,7,11,92,103,23,0,4,5,38,9,4,4,52,56,27,0,7,7,21,3,3,7,31,38,0,0,0,0,0,1,0,0,1,1,3,0,0,1,5,2,0,0,8,8,266,1,20,-240,-2,Austin
2023,3,11,64,2,10,11,82,15,10,12,108,120,25,1,4,7,30,7,2,5,44,49,33,1,5,4,47,8,6,6,59,65,0,0,0,0,0,0,0,0,0,0,6,0,1,0,5,0,2,1,5,6,268,0,19,-239,-1,Austin
2024,3,11,67,2,5,16,59,26,4,7,101,108,27,0,2,6,36,13,1,2,55,57,31,1,2,8,20,11,3,3,39,42,2,0,1,1,1,0,0,1,2,3,7,1,0,1,2,2,0,1,5,6,265,5,17,-237,1,Austin
2012,4,11,73,4,6,24,92,6,0,10,122,132,39,1,6,16,59,2,0,7,77,84,23,3,0,5,21,4,0,3,30,33,0,0,0,2,0,0,0,0,2,2,11,0,0,1,12,0,0,0,13,13,296,2,34,-207,31,Austin
2013,4,11,83,3,6,14,80,5,1,9,99,108,41,1,4,10,54,2,1,5,66,71,32,1,2,2,19,3,0,3,24,27,0,0,0,0,0,0,0,0,0,0,10,1,0,2,7,0,0,1,9,10,316,0,29,-206,32,Austin
2014,4,11,106,0,4,19,89,7,2,4,115,119,54,0,3,11,53,4,0,3,68,71,41,0,1,7,27,2,1,1,36,37,0,0,0,0,3,0,0,0,3,3,11,0,0,1,6,1,1,0,8,8,368,4,26,-205,33,Austin
2015,4,11,89,2,9,12,85,5,2,11,102,113,42,0,4,5,53,1,2,4,59,63,39,2,5,5,24,4,0,7,33,40,1,0,0,1,0,0,0,0,1,1,7,0,0,1,8,0,0,0,9,9,318,3,22,-204,34,Austin
2016,4,11,75,3,7,15,84,7,5,10,106,116,40,2,4,13,53,3,4,6,69,75,26,1,3,2,25,3,1,4,30,34,0,0,0,0,1,0,0,0,1,1,9,0,0,0,5,1,0,0,6,6,320,2,21,-209,29,Austin
2017,4,11,60,1,4,12,70,7,5,5,89,94,34,1,0,7,39,4,3,1,50,51,19,0,4,4,20,3,1,4,27,31,3,0,0,0,2,0,0,0,2,2,4,0,0,1,9,0,1,0,10,10,268,8,22,-208,30,Austin
2018,4,11,62,3,5,9,49,4,4,8,62,70,32,2,2,5,30,4,1,4,39,43,21,1,2,4,13,0,2,3,17,20,1,0,0,0,0,0,0,0,0,0,8,0,1,0,6,0,1,1,6,7,248,1,31,-207,31,Austin
2019,4,11,60,1,5,6,60,3,5,6,69,75,36,1,3,3,37,1,3,4,41,45,18,0,1,3,16,2,2,1,21,22,0,0,0,0,1,0,0,0,1,1,6,0,1,0,6,0,0,1,6,7,235,1,24,-206,32,Austin
2020,4,11,63,4,4,10,57,7,4,8,74,82,38,1,1,4,36,5,1,2,45,47,21,3,3,6,15,2,3,6,23,29,0,0,0,0,1,0,0,0,1,1,4,0,0,0,5,0,0,0,5,5,249,1,18,-204,34,Austin
2021,4,11,70,2,10,12,63,6,1,12,81,93,28,2,4,6,24,4,0,6,34,40,31,0,6,4,36,1,1,6,41,47,1,0,0,0,0,1,0,0,1,1,10,0,0,2,3,0,0,0,5,5,270,2,23,-210,28,Austin
2022,4,11,46,1,5,9,57,16,7,6,82,88,24,1,3,4,32,7,6,4,43,47,21,0,2,5,23,6,1,2,34,36,0,0,0,0,0,0,0,0,0,0,1,0,0,0,2,3,0,0,5,5,220,1,11,-209,29,Austin
2023,4,11,57,3,5,11,60,17,1,8,88,96,27,3,2,4,34,9,0,5,47,52,24,0,2,7,23,5,1,2,35,37,0,0,0,0,0,0,0,0,0,0,6,0,1,0,3,3,0,1,6,7,236,2,17,-208,30,Austin
2024,4,11,41,3,5,10,56,20,2,8,86,94,26,0,3,6,27,18,2,3,51,54,12,3,2,4,23,2,0,5,29,34,0,0,0,0,0,0,0,0,0,0,3,0,0,0,6,0,0,0,6,6,211,1,14,-206,32,Austin
2012,5,11,84,5,7,22,112,13,2,12,147,159,48,4,5,14,70,10,0,9,94,103,26,1,2,6,36,3,2,3,45,48,1,0,0,0,0,0,0,0,0,0,9,0,0,2,6,0,0,0,8,8,387,1,27,-177,61,Austin
2013,5,11,103,3,3,20,96,7,2,6,123,129,50,1,0,13,57,4,0,1,74,75,41,1,3,6,28,2,1,4,36,40,1,0,0,0,0,0,1,0,0,0,11,1,0,1,11,1,0,1,13,14,362,2,36,-176,62,Austin
2014,5,11,86,1,6,11,81,6,1,7,98,105,41,0,2,4,44,5,0,2,53,55,38,1,4,5,29,0,1,5,34,39,0,0,0,1,0,0,0,0,1,1,7,0,0,1,8,1,0,0,10,10,309,1,23,-175,63,Austin
2015,5,11,67,3,6,12,69,5,1,9,86,95,36,0,4,9,44,3,0,4,56,60,28,3,2,3,15,2,1,5,20,25,0,0,0,0,0,0,0,0,0,0,3,0,0,0,10,0,0,0,10,10,285,0,18,-174,64,Austin
2016,5,11,71,4,6,20,68,2,2,10,90,100,37,2,3,14,49,0,1,5,63,68,29,1,3,4,17,1,0,4,22,26,0,0,0,1,0,0,0,0,1,1,5,1,0,1,2,1,1,1,4,5,282,1,16,-179,59,Austin
2017,5,11,92,3,5,11,62,2,2,8,75,83,49,1,1,6,32,0,1,2,38,40,34,1,4,4,22,1,1,5,27,32,0,0,0,1,1,0,0,0,2,2,9,1,0,0,7,1,0,1,8,9,302,2,31,-178,60,Austin
2018,5,11,62,4,3,9,59,4,1,7,72,79,33,1,2,5,43,2,1,3,50,53,25,2,1,3,10,2,0,3,15,18,0,0,0,0,1,0,0,0,1,1,4,1,0,1,5,0,0,1,6,7,245,1,18,-177,61,Austin
2019,5,11,78,0,8,9,79,10,2,8,98,106,38,0,4,6,49,4,1,4,59,63,36,0,3,2,23,5,0,3,30,33,0,0,0,0,0,0,0,0,0,0,4,0,1,1,7,1,1,1,9,10,264,1,25,-176,62,Austin
2020,5,11,75,3,5,8,68,8,1,8,84,92,45,2,3,4,42,7,1,5,53,58,26,1,2,3,20,1,0,3,24,27,1,0,0,0,1,0,0,0,1,1,3,0,0,1,5,0,0,0,6,6,260,4,13,-174,64,Austin
2021,5,11,57,1,10,9,46,13,0,11,68,79,30,0,4,6,30,10,0,4,46,50,19,1,4,2,13,1,0,5,16,21,0,0,0,0,0,0,0,0,0,0,8,0,2,1,3,2,0,2,6,8,223,2,20,-180,58,Austin
2022,5,11,54,2,6,10,64,14,3,8,88,96,23,1,3,7,39,8,2,4,54,58,23,1,3,3,24,6,1,4,33,37,1,0,0,0,0,0,0,0,0,0,7,0,0,0,1,0,0,0,1,1,246,1,15,-179,59,Austin
2023,5,11,63,1,4,18,51,20,3,5,89,94,33,0,2,4,28,15,0,2,47,49,19,1,2,14,17,5,3,3,36,39,1,0,0,0,0,0,0,0,0,0,10,0,0,0,6,0,0,0,6,6,242,1,20,-178,60,Austin
2024,5,11,52,3,5,15,67,22,3,8,104,112,31,3,2,5,40,10,0,5,55,60,14,0,2,10,22,12,3,2,44,46,1,0,0,0,0,0,0,0,0,0,6,0,1,0,5,0,0,1,5,6,270,3,17,-176,62,Austin
2012,6,11,106,3,5,23,96,7,1,8,126,134,53,1,3,18,64,4,0,4,86,90,38,1,1,5,21,3,0,2,29,31,0,1,0,0,0,0,0,1,0,1,15,0,1,0,11,0,1,1,11,12,360,2,38,-146,92,Austin
2013,6,11,87,0,2,26,87,4,0,2,117,119,49,0,0,13,65,2,0,0,80,80,29,0,2,11,12,0,0,2,23,25,0,0,0,0,0,0,0,0,0,0,9,0,0,2,10,2,0,0,14,14,333,0,37,-145,93,Austin
2014,6,11,87,0,10,14,99,5,3,10,118,128,52,0,5,12,70,4,2,5,86,91,26,0,4,2,24,1,1,4,27,31,1,0,0,0,0,0,0,0,0,0,8,0,1,0,5,0,0,1,5,6,322,1,20,-144,94,Austin
2015,6,11,79,3,6,10,95,6,4,9,111,120,45,2,1,6,61,3,3,3,70,73,25,1,3,2,26,2,1,4,30,34,1,0,0,0,0,0,0,0,0,0,8,0,2,2,8,1,0,2,11,13,325,2,33,-143,95,Austin
2016,6,11,86,2,8,14,72,7,1,10,93,103,45,0,2,10,43,2,1,2,55,57,35,2,4,3,22,2,0,6,27,33,0,0,0,0,0,0,0,0,0,0,6,0,2,1,7,3,0,2,11,13,294,1,26,-148,90,Austin
2017,6,11,88,3,8,9,71,8,2,11,88,99,36,1,3,7,42,5,0,4,54,58,40,1,3,1,19,3,1,4,23,27,0,0,0,0,0,0,0,0,0,0,12,1,2,1,10,0,1,3,11,14,285,0,36,-147,91,Austin
2018,6,11,77,0,8,23,74,15,1,8,112,120,46,0,4,11,55,9,0,4,75,79,24,0,3,9,16,5,1,3,30,33,0,0,0,2,0,0,0,0,2,2,7,0,1,1,3,1,0,1,5,6,288,2,22,-146,92,Austin
2019,6,11,63,2,3,13,85,12,0,5,110,115,27,1,3,10,55,8,0,4,73,77,23,1,0,3,26,3,0,1,32,33,0,0,0,0,0,0,0,0,0,0,13,0,0,0,4,1,0,0,5,5,271,0,25,-145,93,Austin
2020,6,11,52,3,1,13,52,11,1,4,76,80,33,1,1,8,38,10,1,2,56,58,12,2,0,4,6,1,0,2,11,13,1,0,0,0,0,0,0,0,0,0,6,0,0,1,8,0,0,0,9,9,239,2,23,-143,95,Austin
2021,6,11,84,2,6,10,69,9,2,8,88,96,51,1,3,9,38,5,1,4,52,56,25,0,2,1,26,4,1,2,31,33,0,0,0,0,0,0,0,0,0,0,8,1,1,0,5,0,0,2,5,7,276,1,25,-149,89,Austin
2022,6,11,77,3,9,11,49,17,4,12,77,89,44,1,6,8,36,13,0,7,57,64,28,1,1,3,10,3,2,2,16,18,0,0,0,0,1,0,0,0,1,1,5,1,2,0,2,1,2,3,3,6,271,1,22,-148,90,Austin
2023,6,11,51,1,12,9,47,18,5,13,74,87,27,0,4,2,28,12,2,4,42,46,19,0,5,7,17,6,3,5,30,35,1,0,0,0,0,0,0,0,0,0,4,1,3,0,2,0,0,4,2,6,227,2,15,-147,91,Austin
2024,6,11,51,2,4,14,52,13,0,6,79,85,24,1,2,8,30,7,0,3,45,48,20,0,2,6,17,4,0,2,27,29,0,0,0,0,0,1,0,0,1,1,7,1,0,0,5,1,0,1,6,7,220,1,18,-145,93,Austin
2012,7,11,85,1,6,23,80,8,2,7,111,118,47,1,4,14,52,6,1,5,72,77,29,0,2,4,17,2,1,2,23,25,0,0,0,1,0,0,0,0,1,1,9,0,0,4,11,0,0,0,15,15,322,1,31,-116,122,Austin
2013,7,11,72,0,11,13,85,3,3,11,101,112,39,0,5,8,55,1,1,5,64,69,26,0,5,5,16,1,2,5,22,27,0,0,0,0,0,0,0,0,0,0,7,0,1,0,14,1,0,1,15,16,313,1,33,-115,123,Austin
2014,7,11,88,1,3,14,88,3,0,4,105,109,53,1,0,13,49,3,0,1,65,66,30,0,3,0,29,0,0,3,29,32,0,0,0,0,0,0,0,0,0,0,5,0,0,1,10,0,0,0,11,11,331,0,25,-114,124,Austin
2015,7,11,78,0,7,10,85,5,0,7,100,107,36,0,2,6,54,1,0,2,61,63,31,0,5,4,24,3,0,5,31,36,0,0,0,0,0,0,0,0,0,0,11,0,0,0,7,1,0,0,8,8,315,0,28,-113,125,Austin
2016,7,11,87,5,8,14,67,7,1,13,88,101,52,4,2,8,47,5,1,6,60,66,25,0,6,4,17,1,0,6,22,28,0,0,0,2,0,0,0,0,2,2,10,1,0,0,3,1,0,1,4,5,312,2,23,-118,120,Austin
2017,7,11,100,5,10,12,73,3,2,15,88,103,57,2,4,4,49,2,0,6,55,61,30,3,6,7,19,0,1,9,26,35,2,0,0,0,0,0,0,0,0,0,11,0,0,1,5,1,1,0,7,7,309,2,30,-117,121,Austin
2018,7,11,64,1,6,13,80,8,1,7,101,108,33,0,5,9,58,6,1,5,73,78,24,1,1,3,15,2,0,2,20,22,0,0,0,0,0,0,0,0,0,0,7,0,0,1,7,0,0,0,8,8,267,0,22,-116,122,Austin
2019,7,11,63,0,3,10,80,10,4,3,100,103,39,0,2,7,60,7,3,2,74,76,19,0,1,3,14,3,1,1,20,21,0,0,0,0,0,0,0,0,0,0,5,0,0,0,6,0,0,0,6,6,276,0,22,-115,123,Austin
2020,7,11,66,2,8,14,58,8,5,10,80,90,33,1,4,11,42,6,2,5,59,64,21,1,2,3,12,2,1,3,17,20,0,0,0,0,0,0,0,0,0,0,12,0,2,0,4,0,2,2,4,6,236,1,27,-113,125,Austin
2021,7,11,62,1,6,11,78,17,1,7,106,113,34,1,2,6,46,8,1,3,60,63,23,0,3,3,28,7,0,3,38,41,0,0,0,0,0,1,0,0,1,1,5,0,1,2,4,1,0,1,7,8,261,1,20,-119,119,Austin
2022,7,11,69,0,6,14,72,19,3,6,105,111,31,0,2,12,57,12,0,2,81,83,32,0,2,2,10,6,2,2,18,20,0,0,0,0,0,0,1,0,0,0,6,0,2,0,5,1,0,2,6,8,256,2,15,-118,120,Austin
2023,7,11,54,2,4,10,57,9,2,6,76,82,34,1,0,2,38,3,0,1,43,44,16,0,4,7,17,6,1,4,30,34,0,1,0,0,0,0,0,1,0,1,4,0,0,1,2,0,1,0,3,3,208,1,15,-117,121,Austin
2024,7,11,55,4,5,11,52,17,3,9,80,89,32,2,3,5,40,12,2,5,57,62,16,1,1,6,6,2,0,2,14,16,2,0,0,0,0,1,0,0,1,1,5,1,1,0,6,2,1,2,8,10,238,4,22,-115,123,Austin
2012,8,11,105,5,6,10,97,5,0,11,112,123,44,1,1,6,52,4,0,2,62,64,52,4,5,2,32,1,0,9,35,44,0,0,0,0,0,0,0,0,0,0,9,0,0,2,13,0,0,0,15,15,352,2,34,-85,153,Austin
2013,8,11,85,2,9,11,92,5,2,11,108,119,42,0,4,6,58,3,1,4,67,71,32,2,3,4,28,2,1,5,34,39,1,0,0,0,0,0,0,0,0,0,10,0,2,1,6,0,0,2,7,9,320,3,27,-84,154,Austin
2014,8,11,84,2,4,13,102,4,4,6,119,125,51,0,1,9,59,1,3,1,69,70,25,2,3,3,25,3,1,5,31,36,0,0,0,0,0,0,0,0,0,0,8,0,0,1,18,0,0,0,19,19,326,1,38,-83,155,Austin
2015,8,11,79,2,3,15,91,4,2,5,110,115,49,0,2,9,55,0,1,2,64,66,24,2,1,4,22,1,1,3,27,30,0,0,0,0,0,1,0,0,1,1,6,0,0,2,14,2,0,0,18,18,293,1,26,-82,156,Austin
2016,8,11,66,3,5,12,77,8,0,8,97,105,33,2,3,9,49,4,0,5,62,67,26,1,1,2,19,1,0,2,22,24,1,0,0,0,1,0,0,0,1,1,6,0,1,1,8,3,0,1,12,13,267,2,22,-87,151,Austin
2017,8,11,67,4,7,12,84,5,2,11,101,112,29,1,3,9,53,3,0,4,65,69,31,2,3,3,26,2,1,5,31,36,0,0,0,0,0,0,0,0,0,0,7,1,1,0,5,0,1,2,5,7,289,0,19,-86,152,Austin
2018,8,11,57,7,6,10,97,5,4,13,112,125,30,0,3,4,63,3,2,3,70,73,26,7,2,6,26,2,1,9,34,43,0,0,0,0,0,0,1,0,0,0,1,0,1,0,8,0,0,1,8,9,270,1,19,-85,153,Austin
2019,8,11,78,2,5,12,71,5,0,7,88,95,28,1,2,9,49,4,0,3,62,65,43,1,2,2,18,1,0,3,21,24,0,0,0,0,0,0,0,0,0,0,7,0,1,1,4,0,0,1,5,6,299,0,21,-84,154,Austin
2020,8,11,64,2,13,11,76,11,3,15,98,113,38,2,6,6,44,6,2,8,56,64,20,0,6,5,23,3,1,6,31,37,0,0,0,0,0,0,0,0,0,0,6,0,1,0,9,2,0,1,11,12,278,0,24,-82,156,Austin
2021,8,11,56,1,8,15,58,13,3,9,86,95,31,1,4,9,38,9,3,5,56,61,23,0,3,5,19,2,0,3,26,29,0,0,0,0,0,0,0,0,0,0,2,0,1,1,1,2,0,1,4,5,244,1,14,-88,150,Austin
2022,8,11,57,3,9,14,57,15,5,12,86,98,36,3,3,7,41,9,3,6,57,63,15,0,5,7,14,4,2,5,25,30,1,0,0,0,0,0,0,0,0,0,5,0,1,0,2,2,0,1,4,5,229,1,10,-87,151,Austin
2023,8,11,54,1,2,6,53,16,0,3,75,78,26,1,1,1,28,8,0,2,37,39,21,0,1,5,25,8,0,1,38,39,0,0,0,0,0,0,0,0,0,0,7,0,0,0,0,0,0,0,0,0,222,1,13,-86,152,Austin
2024,8,11,44,1,6,9,34,13,7,7,56,63,19,1,0,2,17,5,2,1,24,25,20,0,6,6,13,8,4,6,27,33,0,0,0,1,0,0,0,0,1,1,5,0,0,0,4,0,1,0,4,4,193,2,13,-84,154,Austin
2012,9,11,90,2,5,18,93,4,2,7,115,122,55,0,2,15,52,2,1,2,69,71,29,2,1,3,31,1,1,3,35,38,1,0,0,0,1,0,0,0,1,1,5,0,2,0,9,1,0,2,10,12,348,4,25,-54,184,Austin
2013,9,11,93,1,3,27,93,2,2,4,122,126,49,0,0,14,66,1,2,0,81,81,37,1,1,10,16,1,0,2,27,29,1,0,0,1,1,0,0,0,2,2,6,0,2,2,10,0,0,2,12,14,325,5,24,-53,185,Austin
2014,9,11,88,2,6,14,82,4,3,8,100,108,49,0,1,10,48,2,3,1,60,61,31,1,2,2,24,1,0,3,27,30,0,0,0,1,1,0,0,0,2,2,8,1,3,1,9,1,0,4,11,15,346,2,33,-52,186,Austin
2015,9,11,67,3,5,13,91,3,1,8,107,115,28,2,5,9,50,1,0,7,60,67,32,1,0,4,33,2,1,1,39,40,0,0,0,0,0,0,0,0,0,0,7,0,0,0,8,0,0,0,8,8,290,0,22,-51,187,Austin
2016,9,11,76,10,12,10,62,9,3,22,81,103,36,1,1,6,33,4,2,2,43,45,34,7,11,4,24,4,1,18,32,50,0,0,0,0,1,0,0,0,1,1,6,2,0,0,4,1,0,2,5,7,288,3,19,-56,182,Austin
2017,9,11,68,3,5,12,81,5,1,8,98,106,31,2,2,6,48,2,1,4,56,60,30,1,2,5,27,2,0,3,34,37,0,0,0,1,1,1,0,0,3,3,7,0,1,0,5,0,0,1,5,6,279,3,23,-55,183,Austin
2018,9,11,63,0,3,9,76,5,1,3,90,93,34,0,1,4,35,3,0,1,42,43,24,0,2,4,31,2,1,2,37,39,0,0,0,0,1,0,0,0,1,1,5,0,0,1,9,0,0,0,10,10,250,1,18,-54,184,Austin
2019,9,11,63,0,6,20,71,8,3,6,99,105,36,0,4,14,41,3,0,4,58,62,22,0,2,4,20,5,2,2,29,31,0,0,0,0,1,0,0,0,1,1,5,0,0,2,9,0,1,0,11,11,270,2,21,-53,185,Austin
2020,9,11,53,3,5,17,75,9,4,8,101,109,29,1,2,6,50,7,1,3,63,66,21,2,2,9,19,2,3,4,30,34,0,0,0,0,1,0,0,0,1,1,3,0,1,2,5,0,0,1,7,8,259,1,17,-51,187,Austin
2021,9,11,57,1,2,18,71,16,2,3,105,108,29,0,1,5,35,6,1,1,46,47,18,1,1,12,28,8,1,2,48,50,0,0,0,1,1,0,0,0,2,2,10,0,0,0,7,2,0,0,9,9,261,3,24,-57,181,Austin
2022,9,11,60,0,10,12,62,12,2,10,86,96,30,0,2,6,36,6,0,2,48,50,26,0,7,6,23,4,2,7,33,40,2,0,0,0,0,0,0,0,0,0,2,0,1,0,3,2,0,1,5,6,232,3,11,-56,182,Austin
2023,9,11,51,1,9,20,54,18,2,10,92,102,27,0,7,9,28,11,1,7,48,55,22,1,2,10,24,6,1,3,40,43,0,0,0,0,0,0,0,0,0,0,2,0,0,1,2,1,0,0,4,4,250,4,12,-55,183,Austin
2024,9,11,39,0,4,9,41,13,3,4,63,67,17,0,2,6,22,10,1,2,38,40,20,0,2,3,13,1,1,2,17,19,1,0,0,0,0,0,0,0,0,0,1,0,0,0,6,2,1,0,8,8,182,3,12,-53,185,Austin
2012,10,11,81,2,6,15,127,5,0,8,147,155,38,1,2,6,60,4,0,3,70,73,32,1,4,7,56,1,0,5,64,69,1,0,0,1,1,0,0,0,2,2,10,0,0,1,10,0,0,0,11,11,344,5,29,-24,214,Austin
2013,10,11,92,0,3,12,103,7,1,3,122,125,44,0,1,7,57,2,0,1,66,67,42,0,1,4,37,4,1,1,45,46,0,0,0,0,3,0,0,0,3,3,6,0,1,1,6,1,0,1,8,9,349,4,21,-23,215,Austin
2014,10,11,91,3,3,16,90,7,0,6,113,119,35,0,2,12,41,3,0,2,56,58,47,2,1,3,35,4,0,3,42,45,0,0,0,0,2,0,0,0,2,2,9,1,0,1,12,0,0,1,13,14,320,3,28,-22,216,Austin
2015,10,11,73,2,5,9,89,3,1,7,101,108,32,0,2,3,45,2,0,2,50,52,35,2,3,6,35,1,1,5,42,47,1,0,0,0,0,0,0,0,0,0,5,0,0,0,9,0,0,0,9,9,289,1,20,-21,217,Austin
2016,10,11,67,2,3,17,72,6,0,5,95,100,34,0,2,12,50,3,0,2,65,67,28,0,0,3,21,2,0,0,26,26,0,0,0,0,0,1,0,0,1,1,5,2,1,2,1,0,0,3,3,6,268,1,20,-26,212,Austin
2017,10,11,82,2,2,12,62,9,2,4,83,87,43,2,0,8,38,6,2,2,52,54,34,0,2,3,20,2,0,2,25,27,1,0,0,0,0,1,0,0,1,1,4,0,0,1,4,0,0,0,5,5,272,3,14,-25,213,Austin
2018,10,11,62,5,4,17,72,8,1,9,97,106,23,5,1,4,44,3,1,6,51,57,33,0,1,13,22,3,0,1,38,39,0,0,1,0,0,0,0,1,0,1,6,0,1,0,6,2,0,1,8,9,260,2,18,-24,214,Austin
2019,10,11,64,1,7,15,107,16,3,8,138,146,27,0,4,11,57,9,1,4,77,81,32,1,3,4,41,6,2,4,51,55,1,0,0,0,1,0,0,0,1,1,4,0,0,0,8,1,0,0,9,9,309,2,17,-23,215,Austin
2020,10,11,79,1,6,9,69,12,3,7,90,97,42,0,3,4,40,4,1,3,48,51,30,1,3,5,21,8,1,4,34,38,0,0,0,0,0,0,0,0,0,0,7,0,0,0,8,0,1,0,8,8,276,1,24,-21,217,Austin
2021,10,11,60,4,8,12,77,17,2,12,106,118,35,2,3,9,43,7,1,5,59,64,22,1,3,1,31,7,1,4,39,43,1,0,0,1,1,1,0,0,3,3,2,1,2,1,2,2,0,3,5,8,277,4,17,-27,211,Austin
2022,10,11,67,2,7,9,64,15,1,9,88,97,35,0,3,7,41,10,0,3,58,61,26,2,3,2,19,5,1,5,26,31,1,0,0,0,0,0,0,0,0,0,5,0,1,0,4,0,0,1,4,5,243,1,11,-26,212,Austin
2023,10,11,61,2,6,11,50,21,4,8,82,90,27,2,4,3,23,10,2,6,36,42,28,0,2,8,25,9,0,2,42,44,1,0,0,0,0,0,0,0,0,0,5,0,0,0,2,2,2,0,4,4,245,2,15,-25,213,Austin
2024,10,11,73,3,5,8,80,13,5,8,101,109,28,1,0,5,43,5,1,1,53,54,40,2,4,3,27,7,4,6,37,43,0,0,0,0,0,0,0,0,0,0,5,0,1,0,10,1,0,1,11,12,289,0,18,-23,215,Austin
2012,11,11,90,1,9,16,91,4,2,10,111,121,31,0,4,9,34,2,0,4,45,49,51,1,5,5,49,1,2,6,55,61,0,0,0,0,0,0,0,0,0,0,8,0,0,2,8,1,0,0,11,11,319,1,24,7,245,Austin
2013,11,11,75,2,2,23,93,6,0,4,122,126,29,2,0,16,50,3,0,2,69,71,41,0,2,4,35,3,0,2,42,44,1,0,0,1,0,0,0,0,1,1,4,0,0,2,8,0,0,0,10,10,295,2,15,8,246,Austin
2014,11,11,81,1,1,9,85,5,2,2,99,101,31,1,0,7,52,3,1,1,62,63,38,0,1,1,27,2,1,1,30,31,4,0,0,0,0,0,0,0,0,0,8,0,0,1,6,0,0,0,7,7,311,6,21,9,247,Austin
2015,11,11,75,5,9,16,100,7,3,14,123,137,26,1,2,8,55,3,1,3,66,69,46,3,7,5,38,4,2,10,47,57,0,0,0,0,1,0,0,0,1,1,3,1,0,3,6,0,0,1,9,10,333,1,19,10,248,Austin
2016,11,11,79,5,7,13,81,4,1,12,98,110,34,0,3,4,47,0,0,3,51,54,39,3,4,9,28,4,1,7,41,48,1,0,0,0,0,0,0,0,0,0,5,2,0,0,6,0,0,2,6,8,295,1,19,5,243,Austin
2017,11,11,80,4,11,8,49,1,2,15,58,73,31,1,5,4,27,0,0,6,31,37,42,3,5,4,17,1,1,8,22,30,0,0,0,0,0,0,0,0,0,0,7,0,1,0,5,0,1,1,5,6,257,0,25,6,244,Austin
2018,11,11,74,3,3,9,66,4,0,6,79,85,24,0,0,6,34,0,0,0,40,40,48,3,3,3,27,2,0,6,32,38,0,0,0,0,0,0,0,0,0,0,2,0,0,0,5,2,0,0,7,7,221,0,16,7,245,Austin
2019,11,11,75,2,5,18,86,9,1,7,113,120,30,2,3,4,43,2,1,5,49,54,36,0,2,10,37,5,0,2,52,54,1,0,0,1,0,0,0,0,1,1,8,0,0,3,6,2,0,0,11,11,277,2,27,8,246,Austin
2020,11,11,62,4,4,14,99,15,1,8,128,136,24,1,1,9,47,10,0,2,66,68,34,3,2,5,44,5,1,5,54,59,0,0,0,0,0,0,0,0,0,0,4,0,1,0,8,0,0,1,8,9,291,1,19,10,248,Austin
2021,11,11,52,1,7,13,57,10,0,8,80,88,23,0,0,5,33,5,0,0,43,43,25,1,6,8,21,4,0,7,33,40,2,0,0,0,2,0,0,0,2,2,2,0,1,0,1,1,0,1,2,3,218,7,13,4,242,Austin
2022,11,11,50,2,10,8,58,21,2,12,87,99,22,0,6,3,24,9,1,6,36,42,23,2,4,3,33,12,1,6,48,54,0,0,0,1,0,0,0,0,1,1,5,0,0,1,1,0,0,0,2,2,224,2,10,5,243,Austin
2023,11,11,50,3,5,14,60,25,2,8,99,107,12,1,0,5,26,13,1,1,44,45,36,2,5,9,32,10,1,7,51,58,0,0,0,0,0,0,0,0,0,0,2,0,0,0,2,2,0,0,4,4,238,1,15,6,244,Austin
2024,11,11,54,2,7,14,68,12,2,9,94,103,18,2,5,6,32,6,0,7,44,51,34,0,1,6,28,5,2,1,39,40,0,0,0,1,0,0,0,0,1,1,2,0,1,1,8,1,0,1,10,11,232,1,16,8,246,Austin
2012,12,11,78,5,1,22,57,5,5,6,84,90,29,0,1,7,19,5,1,1,31,32,42,4,0,15,32,0,2,4,47,51,1,0,0,0,2,0,0,0,2,2,6,1,0,0,4,0,2,1,4,5,273,3,25,37,275,Austin
2013,12,11,78,1,1,25,79,5,1,2,109,111,30,0,1,17,35,2,1,1,54,55,38,1,0,6,36,2,0,1,44,45,3,0,0,0,0,0,0,0,0,0,7,0,0,2,8,1,0,0,11,11,298,4,26,38,276,Austin
2014,12,11,90,6,2,11,72,6,2,8,89,97,40,1,1,6,32,1,1,2,39,41,47,5,1,4,35,4,1,6,43,49,0,0,0,0,1,0,0,0,1,1,3,0,0,1,4,1,0,0,6,6,293,1,16,39,277,Austin
2015,12,11,77,3,3,18,87,4,3,6,109,115,30,1,0,8,49,2,0,1,59,60,45,2,3,7,31,2,3,5,40,45,0,0,0,2,2,0,0,0,4,4,2,0,0,1,5,0,0,0,6,6,313,4,17,40,278,Austin
2016,12,11,79,1,5,12,59,5,2,6,76,82,25,0,1,5,20,3,0,1,28,29,46,1,4,6,29,2,2,5,37,42,1,0,0,0,0,0,0,0,0,0,7,0,0,1,10,0,0,0,11,11,268,1,25,35,273,Austin
2017,12,11,76,5,2,12,69,7,3,7,88,95,26,0,0,5,39,1,1,0,45,45,48,5,2,6,24,4,2,7,34,41,0,0,0,0,1,1,0,0,2,2,2,0,0,1,5,1,0,0,7,7,268,3,17,36,274,Austin
2018,12,11,65,2,2,13,83,8,0,4,104,108,36,0,0,9,43,3,0,0,55,55,25,2,2,3,33,5,0,4,41,45,0,0,0,0,2,0,0,0,2,2,4,0,0,1,5,0,0,0,6,6,275,4,14,37,275,Austin
2019,12,11,73,2,5,14,76,5,4,7,95,102,21,1,1,5,44,4,1,2,53,55,42,0,3,9,28,1,3,3,38,41,1,1,0,0,1,0,0,1,1,2,9,0,1,0,3,0,0,1,3,4,265,4,15,38,276,Austin
2020,12,11,70,4,7,17,82,15,2,11,114,125,25,3,3,10,44,8,1,6,62,68,38,1,3,7,35,6,1,4,48,52,2,0,0,0,0,0,0,0,0,0,5,0,1,0,3,1,0,1,4,5,284,2,12,40,278,Austin
2021,12,11,45,2,10,10,63,18,4,12,91,103,15,0,4,5,27,7,2,4,39,43,27,2,5,4,34,10,2,7,48,55,0,0,0,0,0,1,0,0,1,1,3,0,1,1,2,0,0,1,3,4,235,1,14,34,272,Austin
2022,12,11,47,3,5,14,55,14,5,8,83,91,19,2,1,4,28,5,2,3,37,40,22,1,3,8,27,6,3,4,41,45,1,0,0,1,0,1,0,0,2,2,5,0,1,1,0,2,0,1,3,4,232,4,15,35,273,Austin
2023,12,11,65,1,4,4,59,17,3,5,80,85,18,1,3,1,31,8,2,4,40,44,39,0,1,3,23,8,1,1,34,35,3,0,0,0,0,1,0,0,1,1,5,0,0,0,5,0,0,0,5,5,241,6,17,36,274,Austin
2024,12,11,63,8,1,12,58,14,3,9,84,93,29,2,0,3,19,7,1,2,29,31,30,5,1,9,33,4,2,6,46,52,0,0,0,0,1,1,0,0,2,2,4,1,0,0,5,2,0,1,7,8,238,3,13,38,276,Austin
2012,1,12,77,3,1,16,84,5,0,4,105,109,33,3,0,10,45,2,0,3,57,60,33,0,1,3,31,3,0,1,37,38,0,0,0,0,0,0,0,0,0,0,11,0,0,3,8,0,0,0,11,11,295,1,28,-297,-59,Austin
2013,1,12,99,1,3,14,64,7,1,4,85,89,31,0,2,8,33,4,0,2,45,47,60,1,1,5,23,3,1,2,31,33,0,0,0,0,1,0,0,0,1,1,8,0,0,1,7,0,0,0,8,8,321,1,21,-295,-57,Austin
2014,1,12,85,2,4,14,74,3,0,6,91,97,26,1,2,10,35,1,0,3,46,49,48,1,2,4,35,1,0,3,40,43,0,0,0,0,0,0,0,0,0,0,11,0,0,0,4,1,0,0,5,5,289,2,19,-294,-56,Austin
2015,1,12,78,1,4,14,90,2,0,5,106,111,29,0,1,9,47,1,0,1,57,58,46,1,2,3,34,0,0,3,37,40,0,0,0,1,0,0,0,0,1,1,3,0,1,1,9,1,0,1,11,12,291,1,19,-293,-55,Austin
2016,1,12,87,4,4,12,61,2,3,8,75,83,34,1,3,7,25,1,2,4,33,37,50,2,1,4,26,1,1,3,31,34,0,0,0,0,1,0,0,0,1,1,3,1,0,1,9,0,0,1,10,11,276,2,22,-299,-61,Austin
2017,1,12,90,3,6,29,74,5,1,9,108,117,27,1,5,13,33,2,0,6,48,54,55,2,0,14,31,3,1,2,48,50,1,0,0,0,0,0,0,0,0,0,7,0,1,2,10,0,0,1,12,13,317,3,29,-297,-59,Austin
2018,1,12,66,0,2,14,65,4,6,2,83,85,29,0,1,8,36,0,4,1,44,45,29,0,1,6,26,4,1,1,36,37,0,0,0,0,0,0,0,0,0,0,8,0,0,0,3,0,1,0,3,3,258,0,19,-296,-58,Austin
2019,1,12,79,3,7,8,96,7,3,10,111,121,33,1,3,5,53,0,2,4,58,62,41,2,4,2,30,5,1,6,37,43,0,0,0,0,0,0,0,0,0,0,5,0,0,1,13,2,0,0,16,16,283,0,32,-295,-57,Austin
2020,1,12,62,1,2,8,59,3,5,3,70,73,22,0,1,4,22,1,0,1,27,28,35,1,0,4,31,2,4,1,37,38,0,0,0,0,0,0,0,0,0,0,5,0,1,0,6,0,1,1,6,7,214,0,23,-294,-56,Austin
2021,1,12,51,1,4,9,81,11,1,5,101,106,20,1,3,4,40,6,1,4,50,54,27,0,0,5,26,4,0,0,35,35,1,0,0,0,0,0,0,0,0,0,3,0,1,0,15,1,0,1,16,17,243,1,28,-299,-61,Austin
2022,1,12,44,4,3,13,54,11,3,7,78,85,14,2,2,6,24,3,1,4,33,37,27,2,1,7,29,7,1,3,43,46,0,0,0,0,0,0,0,0,0,0,3,0,0,0,1,1,1,0,2,2,209,0,13,-298,-60,Austin
2023,1,12,45,2,7,12,61,9,2,9,82,91,23,1,1,5,25,3,1,2,33,35,18,0,4,6,30,3,1,4,39,43,2,0,0,0,1,0,0,0,1,1,2,1,2,1,5,3,0,3,9,12,208,3,16,-297,-59,Austin
2024,1,12,44,3,5,12,48,22,4,8,82,90,17,1,1,4,22,13,0,2,39,41,27,2,4,8,23,9,2,6,40,46,0,0,0,0,0,0,1,0,0,0,0,0,0,0,3,0,1,0,3,3,234,1,7,-296,-58,Austin
2012,2,12,84,1,5,6,79,3,0,6,88,94,29,0,3,4,34,1,0,3,39,42,44,1,2,2,39,2,0,3,43,46,1,0,0,0,0,0,0,0,0,0,10,0,0,0,6,0,0,0,6,6,286,1,21,-266,-28,Austin
2013,2,12,85,2,3,32,53,5,0,5,90,95,31,1,1,21,29,3,0,2,53,55,43,0,1,8,18,2,0,1,28,29,1,0,0,2,0,0,0,0,2,2,10,1,1,1,6,0,0,2,7,9,296,4,26,-264,-26,Austin
2014,2,12,89,1,3,9,100,14,5,4,123,127,45,0,2,6,48,4,3,2,58,60,36,1,1,3,38,8,2,2,49,51,0,0,0,0,1,0,0,0,1,1,8,0,0,0,13,2,0,0,15,15,316,1,26,-263,-25,Austin
2015,2,12,66,3,5,21,80,7,0,8,108,116,31,2,1,13,46,3,0,3,62,65,28,1,2,7,27,2,0,3,36,39,0,0,0,0,1,0,0,0,1,1,7,0,2,1,6,2,0,2,9,11,309,2,22,-262,-24,Austin
2016,2,12,89,1,10,13,76,5,1,11,94,105,37,0,4,8,44,2,0,4,54,58,46,1,5,4,26,3,1,6,33,39,0,0,0,0,0,0,0,0,0,0,6,0,1,1,6,0,0,1,7,8,314,1,20,-268,-30,Austin
2017,2,12,77,2,6,11,76,10,3,8,97,105,37,1,2,3,38,5,1,3,46,49,34,1,4,5,32,5,2,5,42,47,2,0,0,0,1,0,0,0,1,1,4,0,0,3,5,0,0,0,8,8,270,3,18,-266,-28,Austin
2018,2,12,77,2,6,12,71,10,4,8,93,101,30,1,1,7,46,3,3,2,56,58,41,1,4,5,20,5,1,5,30,35,1,0,1,0,0,1,0,1,1,2,5,0,0,0,5,1,0,0,6,6,266,4,17,-265,-27,Austin
2019,2,12,66,3,1,19,71,7,0,4,97,101,26,2,0,11,33,6,0,2,50,52,37,1,1,7,29,0,0,2,36,38,0,0,0,0,0,0,0,0,0,0,3,0,0,1,9,1,0,0,11,11,248,0,18,-264,-26,Austin
2020,2,12,85,0,7,15,83,8,3,7,106,113,46,0,3,6,45,4,3,3,55,58,36,0,4,8,26,4,0,4,38,42,0,0,0,0,1,0,0,0,1,1,3,0,0,1,11,0,0,0,12,12,306,2,21,-263,-25,Austin
2021,2,12,47,1,8,13,75,21,1,9,109,118,18,1,2,5,41,14,1,3,60,63,24,0,4,7,24,6,0,4,37,41,0,0,0,1,1,1,0,0,3,3,5,0,2,0,9,0,0,2,9,11,244,3,20,-268,-30,Austin
2022,2,12,50,4,8,12,68,22,3,12,102,114,19,0,4,8,30,11,0,4,49,53,26,4,3,4,35,10,3,7,49,56,0,0,0,0,0,0,0,0,0,0,5,0,1,0,3,1,0,1,4,5,256,1,17,-267,-29,Austin
2023,2,12,51,2,7,7,44,14,6,9,65,74,19,0,2,3,20,9,1,2,32,34,28,2,4,4,23,5,4,6,32,38,0,0,0,0,0,0,0,0,0,0,4,0,1,0,1,0,1,1,1,2,216,2,10,-266,-28,Austin
2024,2,12,50,2,4,9,51,14,1,6,74,80,19,0,2,7,24,3,1,2,34,36,25,2,1,2,21,8,0,3,31,34,1,0,1,0,1,1,0,1,2,3,5,0,0,0,5,2,0,0,7,7,236,5,14,-265,-27,Austin
2012,3,12,97,5,0,22,138,8,1,5,168,173,48,1,0,16,84,4,0,1,104,105,41,4,0,5,48,4,1,4,57,61,0,0,0,1,0,0,0,0,1,1,8,0,0,0,6,0,0,0,6,6,389,1,16,-237,1,Austin
2013,3,12,85,1,4,19,90,10,0,5,119,124,39,0,2,12,50,6,0,2,68,70,37,1,2,5,33,2,0,3,40,43,0,0,0,0,0,0,0,0,0,0,9,0,0,2,7,2,0,0,11,11,326,3,22,-236,2,Austin
2014,3,12,107,2,5,11,105,7,1,7,123,130,60,0,3,7,49,0,1,3,56,59,39,2,2,4,48,6,0,4,58,62,1,0,0,0,1,0,0,0,1,1,7,0,0,0,7,1,0,0,8,8,344,4,25,-235,3,Austin
2015,3,12,78,3,5,8,55,4,2,8,67,75,32,1,2,5,34,2,1,3,41,44,41,2,3,3,16,2,1,5,21,26,0,0,0,0,1,0,0,0,1,1,5,0,0,0,4,0,0,0,4,4,290,3,16,-234,4,Austin
2016,3,12,85,3,8,10,64,9,4,11,83,94,32,1,4,8,35,7,2,5,50,55,48,2,4,2,25,1,2,6,28,34,0,0,0,0,0,1,0,0,1,1,5,0,0,0,4,0,0,0,4,4,281,1,11,-239,-1,Austin
2017,3,12,78,1,9,5,71,4,1,10,80,90,30,0,4,3,35,2,1,4,40,44,41,1,5,2,34,2,0,6,38,44,0,0,0,0,1,0,0,0,1,1,7,0,0,0,1,0,0,0,1,1,253,2,12,-238,0,Austin
2018,3,12,68,3,3,13,60,6,2,6,79,85,30,0,2,8,43,2,0,2,53,55,32,3,1,5,14,4,2,4,23,27,0,0,0,0,0,0,0,0,0,0,6,0,0,0,3,0,0,0,3,3,244,1,12,-237,1,Austin
2019,3,12,63,4,8,12,87,8,4,12,107,119,31,2,3,6,47,4,0,5,57,62,27,1,5,6,28,4,3,6,38,44,0,0,0,0,1,0,0,0,1,1,5,1,0,0,11,0,1,1,11,12,290,2,22,-236,2,Austin
2020,3,12,58,4,5,7,89,4,3,9,100,109,24,3,3,2,49,2,0,6,53,59,25,1,2,5,28,2,2,3,35,38,0,0,0,0,1,0,0,0,1,1,9,0,0,0,11,0,1,0,11,11,274,3,25,-234,4,Austin
2021,3,12,71,3,6,10,73,12,2,9,95,104,22,2,1,8,37,6,2,3,51,54,42,1,4,1,27,5,0,5,33,38,1,0,0,0,1,0,0,0,1,1,6,0,1,1,8,1,0,1,10,11,287,3,22,-240,-2,Austin
2022,3,12,54,1,6,11,54,13,5,7,78,85,15,0,5,3,21,6,2,5,30,35,34,0,1,8,30,6,3,1,44,45,1,0,0,0,1,0,0,0,1,1,4,1,0,0,2,1,0,1,3,4,228,3,12,-239,-1,Austin
2023,3,12,50,0,7,7,58,13,6,7,78,85,22,0,3,2,31,5,2,3,38,41,22,0,4,5,25,6,4,4,36,40,3,0,0,0,1,0,0,0,1,1,3,0,0,0,1,2,0,0,3,3,229,5,8,-238,0,Austin
2024,3,12,43,2,6,9,53,32,11,8,94,102,21,1,4,6,31,14,4,5,51,56,17,1,1,3,19,14,6,2,36,38,0,0,0,0,0,1,0,0,1,1,5,0,1,0,3,3,1,1,6,7,222,2,19,-236,2,Austin
2012,4,12,117,3,3,18,91,7,2,6,116,122,63,0,2,9,57,5,0,2,71,73,38,2,1,8,22,0,2,3,30,33,1,0,0,0,0,1,0,0,1,1,15,1,0,1,12,1,0,1,14,15,347,4,35,-206,32,Austin
2013,4,12,98,2,3,20,117,6,2,5,143,148,53,2,1,8,63,2,1,3,73,76,35,0,1,8,41,3,0,1,52,53,1,0,0,3,3,0,0,0,6,6,9,0,1,1,10,1,1,1,12,13,412,7,43,-205,33,Austin
2014,4,12,89,2,6,13,75,9,0,8,97,105,38,1,4,5,40,4,0,5,49,54,42,1,1,6,25,3,0,2,34,36,1,0,0,1,0,1,0,0,2,2,8,0,1,1,10,1,0,1,12,13,327,4,31,-204,34,Austin
2015,4,12,87,0,6,15,77,5,1,6,97,103,42,0,2,9,48,3,0,2,60,62,34,0,4,4,22,2,1,4,28,32,0,0,0,0,0,0,0,0,0,0,11,0,0,2,7,0,0,0,9,9,307,1,31,-203,35,Austin
2016,4,12,86,3,3,15,79,9,3,6,103,109,56,0,2,6,47,6,1,2,59,61,24,3,1,8,23,3,2,4,34,38,0,0,0,1,0,0,0,0,1,1,6,0,0,0,9,0,0,0,9,9,317,3,19,-208,30,Austin
2017,4,12,88,2,6,12,72,6,3,8,90,98,40,0,1,7,45,2,1,1,54,55,38,1,4,5,22,4,1,5,31,36,0,0,1,0,0,0,0,1,0,1,10,1,0,0,5,0,1,1,5,6,336,1,27,-207,31,Austin
2018,4,12,75,3,6,13,70,11,2,9,94,103,42,2,3,8,42,6,1,5,56,61,29,1,3,4,15,3,0,4,22,26,0,0,0,0,2,1,0,0,3,3,4,0,0,1,11,1,1,0,13,13,260,3,24,-206,32,Austin
2019,4,12,62,2,7,12,60,2,1,9,74,83,38,2,4,7,41,1,1,6,49,55,20,0,3,5,14,1,0,3,20,23,0,0,0,0,0,0,0,0,0,0,4,0,0,0,5,0,0,0,5,5,258,0,16,-205,33,Austin
2020,4,12,71,3,5,10,76,10,1,8,96,104,34,2,4,6,38,5,1,6,49,55,31,1,1,3,30,3,0,2,36,38,2,0,0,0,1,1,0,0,2,2,4,0,0,1,7,1,0,0,9,9,252,5,17,-203,35,Austin
2021,4,12,67,4,6,10,64,3,4,10,77,87,38,1,3,6,42,2,1,4,50,54,24,3,3,3,19,1,2,6,23,29,1,0,0,0,1,0,0,0,1,1,4,0,0,1,2,0,1,0,3,3,303,2,18,-209,29,Austin
2022,4,12,61,1,9,5,51,26,3,10,82,92,30,1,5,3,27,12,2,6,42,48,25,0,4,2,19,11,1,4,32,36,0,0,0,0,1,1,0,0,2,2,6,0,0,0,4,2,0,0,6,6,226,3,16,-208,30,Austin
2023,4,12,51,1,6,8,52,9,2,7,69,76,32,0,5,5,27,6,0,5,38,43,17,0,1,3,19,1,2,1,23,24,1,0,0,0,0,0,0,0,0,0,1,1,0,0,6,2,0,1,8,9,219,2,18,-207,31,Austin
2024,4,12,50,1,3,18,76,12,2,4,106,110,18,1,2,10,50,7,1,3,67,70,30,0,1,6,23,3,1,1,32,33,0,0,0,0,0,1,0,0,1,1,2,0,0,2,3,1,0,0,6,6,252,2,13,-205,33,Austin
2012,5,12,103,4,3,23,98,6,0,7,127,134,50,1,0,17,58,4,0,1,79,80,42,2,2,6,30,1,0,4,37,41,0,0,0,0,0,0,0,0,0,0,11,1,1,0,10,1,0,2,11,13,366,2,38,-176,62,Austin
2013,5,12,91,1,10,11,96,0,0,11,107,118,48,0,3,8,56,0,0,3,64,67,29,1,6,1,29,0,0,7,30,37,1,0,0,0,0,0,0,0,0,0,13,0,1,2,11,0,0,1,13,14,355,2,37,-175,63,Austin
2014,5,12,70,2,4,22,97,6,0,6,125,131,42,2,1,18,73,6,0,3,97,100,20,0,3,4,19,0,0,3,23,26,0,0,0,0,1,0,0,0,1,1,8,0,0,0,4,0,0,0,4,4,324,2,19,-174,64,Austin
2015,5,12,88,2,2,8,91,4,2,4,103,107,47,1,0,6,52,4,2,1,62,63,31,1,2,1,28,0,0,3,29,32,1,0,0,0,0,0,0,0,0,0,9,0,0,1,11,0,0,0,12,12,292,1,21,-173,65,Austin
2016,5,12,92,3,3,19,73,8,2,6,100,106,52,0,3,9,47,3,0,3,59,62,31,2,0,8,21,3,2,2,32,34,0,0,0,2,0,0,0,0,2,2,9,1,0,0,5,2,0,1,7,8,308,2,30,-178,60,Austin
2017,5,12,82,0,5,6,60,6,1,5,72,77,40,0,2,5,31,1,1,2,37,39,33,0,3,1,18,4,0,3,23,26,0,0,0,0,0,0,0,0,0,0,9,0,0,0,11,1,0,0,12,12,295,1,28,-177,61,Austin
2018,5,12,75,2,7,14,54,2,2,9,70,79,24,0,3,9,36,2,1,3,47,50,44,2,3,4,16,0,1,5,20,25,1,0,0,0,1,0,0,0,1,1,6,0,1,1,1,0,0,1,2,3,251,3,19,-176,62,Austin
2019,5,12,83,3,6,17,93,10,2,9,120,129,31,2,3,8,58,1,0,5,67,72,44,0,2,9,26,7,2,2,42,44,1,0,0,0,1,0,0,0,1,1,7,1,1,0,8,2,0,2,10,12,295,3,22,-175,63,Austin
2020,5,12,73,4,5,11,58,6,3,9,75,84,46,3,2,7,47,3,0,5,57,62,18,1,3,4,10,3,2,4,17,21,2,0,0,0,0,0,0,0,0,0,7,0,0,0,1,0,1,0,1,1,257,3,11,-173,65,Austin
2021,5,12,48,2,6,17,51,11,5,8,79,87,27,1,3,8,34,8,3,4,50,54,15,1,1,7,14,3,2,2,24,26,0,0,0,1,0,0,0,0,1,1,6,0,2,1,3,0,0,2,4,6,233,2,21,-179,59,Austin
2022,5,12,50,3,3,11,65,13,4,6,89,95,25,1,1,6,37,7,1,2,50,52,16,2,2,5,24,4,3,4,33,37,1,0,0,0,0,0,0,0,0,0,8,0,0,0,4,2,0,0,6,6,239,1,23,-178,60,Austin
2023,5,12,62,1,7,11,61,19,5,8,91,99,30,0,3,6,33,12,3,3,51,54,23,1,4,5,24,4,1,5,33,38,0,0,0,0,1,1,0,0,2,2,9,0,0,0,3,2,1,0,5,5,257,3,24,-177,61,Austin
2024,5,12,56,4,8,16,58,28,9,12,102,114,33,3,4,7,25,15,2,7,47,54,18,1,3,8,30,11,7,4,49,53,0,0,1,0,1,0,0,1,1,2,5,0,0,1,2,2,0,0,5,5,270,4,15,-175,63,Austin
2012,6,12,67,4,5,14,83,6,2,9,103,112,37,1,1,12,63,2,1,2,77,79,21,2,3,1,12,3,1,5,16,21,0,0,0,0,0,0,0,0,0,0,9,1,1,1,8,1,0,2,10,12,322,2,30,-145,93,Austin
2013,6,12,106,0,5,9,88,6,5,5,103,108,69,0,3,7,67,5,4,3,79,82,26,0,2,1,8,0,0,2,9,11,0,0,0,1,0,1,1,0,2,2,11,0,0,0,13,0,0,0,13,13,329,5,36,-144,94,Austin
2014,6,12,73,1,4,13,95,4,1,5,112,117,45,0,2,7,63,1,1,2,71,73,22,1,2,6,21,2,0,3,29,32,0,0,0,0,0,0,0,0,0,0,6,0,0,0,11,1,0,0,12,12,296,1,23,-143,95,Austin
2015,6,12,101,1,4,5,94,3,2,5,102,107,48,0,4,4,57,2,1,4,63,67,39,1,0,1,24,1,1,1,26,27,0,0,0,0,0,0,0,0,0,0,14,0,0,0,13,0,0,0,13,13,343,0,38,-142,96,Austin
2016,6,12,81,2,13,22,71,3,2,15,96,111,42,0,8,11,48,2,0,8,61,69,26,1,5,7,18,1,2,6,26,32,0,0,0,0,0,0,0,0,0,0,13,1,0,4,5,0,0,1,9,10,275,0,28,-147,91,Austin
2017,6,12,96,3,4,12,62,7,1,7,81,88,57,2,2,8,43,2,0,4,53,57,28,1,1,3,14,2,1,2,19,21,1,0,0,0,0,1,0,0,1,1,10,0,1,1,5,2,0,1,8,9,287,2,25,-146,92,Austin
2018,6,12,103,1,2,12,70,3,0,3,85,88,61,1,1,5,50,1,0,2,56,58,30,0,0,6,13,0,0,0,19,19,0,0,0,0,0,0,0,0,0,0,12,0,1,1,7,2,0,1,10,11,284,0,32,-145,93,Austin
2019,6,12,67,1,2,4,63,7,2,3,74,77,38,0,1,3,47,3,1,1,53,54,17,1,1,1,7,2,1,2,10,12,1,0,0,0,0,0,0,0,0,0,11,0,0,0,9,2,0,0,11,11,245,3,33,-144,94,Austin
2020,6,12,53,3,7,17,57,9,0,10,83,93,26,1,2,9,41,3,0,3,53,56,21,2,5,6,13,5,0,7,24,31,0,0,0,0,0,0,0,0,0,0,6,0,0,2,3,1,0,0,6,6,248,0,18,-142,96,Austin
2021,6,12,72,3,7,14,66,15,4,10,95,105,47,3,1,7,33,10,4,4,50,54,22,0,6,6,28,4,0,6,38,44,0,0,0,0,0,0,0,0,0,0,3,0,0,1,5,1,0,0,7,7,278,1,21,-148,90,Austin
2022,6,12,54,6,9,11,64,15,4,15,90,105,29,5,1,6,37,7,2,6,50,56,16,1,7,5,22,6,2,8,33,41,0,0,0,0,0,0,0,0,0,0,9,0,1,0,5,2,0,1,7,8,259,1,31,-147,91,Austin
2023,6,12,61,4,11,18,59,24,5,15,101,116,36,1,6,7,37,19,1,7,63,70,21,2,2,11,16,4,3,4,31,35,1,1,0,0,1,0,0,1,1,2,3,0,3,0,5,1,1,3,6,9,277,4,17,-146,92,Austin
2024,6,12,56,1,0,4,59,17,3,1,80,81,36,1,0,2,36,13,1,1,51,52,15,0,0,2,21,3,2,0,26,26,0,0,0,0,0,0,0,0,0,0,5,0,0,0,2,1,0,0,3,3,235,2,12,-144,94,Austin
2012,7,12,117,4,8,16,103,5,1,12,124,136,71,1,0,11,63,2,1,1,76,77,27,3,7,3,26,3,0,10,32,42,0,0,1,0,0,0,0,1,0,1,19,0,0,2,14,0,0,0,16,16,401,2,52,-115,123,Austin
2013,7,12,96,1,9,22,86,5,1,10,113,123,45,0,5,11,59,4,1,5,74,79,39,0,3,9,18,1,0,3,28,31,0,0,0,0,1,0,0,0,1,1,12,1,1,2,8,0,0,2,10,12,352,1,34,-114,124,Austin
2014,7,12,71,2,4,7,84,6,1,6,97,103,32,0,1,3,50,3,0,1,56,57,30,2,1,3,24,3,1,3,30,33,0,0,0,0,0,0,0,0,0,0,9,0,2,1,10,0,0,2,11,13,301,0,32,-113,125,Austin
2015,7,12,102,7,5,2,70,8,3,12,80,92,54,0,4,1,45,5,3,4,51,55,40,6,1,0,16,3,0,7,19,26,0,0,0,0,0,0,0,0,0,0,8,1,0,1,9,0,0,1,10,11,315,1,28,-112,126,Austin
2016,7,12,76,5,3,11,70,6,1,8,87,95,49,2,0,6,51,5,0,2,62,64,17,3,3,3,11,1,0,6,15,21,0,0,0,1,1,0,0,0,2,2,10,0,0,1,7,0,1,0,8,8,276,2,26,-117,121,Austin
2017,7,12,98,1,9,9,78,8,3,10,95,105,55,1,4,6,55,7,3,5,68,73,34,0,2,3,16,0,0,2,19,21,1,0,0,0,0,0,0,0,0,0,8,0,3,0,7,1,0,3,8,11,328,1,29,-116,122,Austin
2018,7,12,76,2,5,11,60,6,5,7,77,84,42,0,4,8,39,3,3,4,50,54,25,1,1,2,12,3,1,2,17,19,0,0,0,0,0,0,0,0,0,0,9,1,0,1,9,0,1,1,10,11,269,0,27,-115,123,Austin
2019,7,12,66,5,4,26,91,13,1,9,130,139,39,3,3,18,65,8,0,6,91,97,16,2,1,7,18,4,1,3,29,32,0,0,0,0,0,0,0,0,0,0,11,0,0,1,8,1,0,0,10,10,310,0,30,-114,124,Austin
2020,7,12,53,1,11,16,49,13,2,12,78,90,31,0,5,10,27,6,0,5,43,48,14,1,5,5,15,5,2,6,25,31,1,0,0,0,0,0,0,0,0,0,7,0,1,1,7,2,0,1,10,11,237,2,28,-112,126,Austin
2021,7,12,64,1,11,18,60,8,3,12,86,98,34,1,5,8,36,4,1,6,48,54,23,0,4,9,17,2,1,4,28,32,1,0,0,0,0,0,1,0,0,0,6,0,2,1,7,2,0,2,10,12,264,4,23,-118,120,Austin
2022,7,12,51,1,8,12,50,13,6,9,75,84,31,0,4,7,34,9,3,4,50,54,15,1,3,5,8,4,2,4,17,21,0,0,0,0,1,0,0,0,1,1,5,0,1,0,7,0,1,1,7,8,224,1,17,-117,121,Austin
2023,7,12,48,1,6,9,37,14,3,7,60,67,22,1,3,5,21,8,2,4,34,38,22,0,1,4,15,3,1,1,22,23,0,0,0,0,0,0,0,0,0,0,4,0,2,0,1,3,0,2,4,6,214,1,15,-116,122,Austin
2024,7,12,58,1,1,12,60,26,7,2,98,100,26,1,0,5,36,14,2,1,55,56,25,0,1,5,20,11,5,1,36,37,1,0,0,0,0,0,0,0,0,0,6,0,0,2,4,1,0,0,7,7,276,3,21,-114,124,Austin
2012,8,12,103,1,4,13,108,5,3,5,126,131,40,0,1,5,55,0,0,1,60,61,58,1,2,7,47,5,3,3,59,62,1,0,0,0,0,0,0,0,0,0,4,0,1,1,6,0,0,1,7,8,372,3,15,-84,154,Austin
2013,8,12,102,3,7,21,103,10,0,10,134,144,56,0,3,13,71,7,0,3,91,94,38,2,4,7,25,3,0,6,35,41,2,0,0,0,0,0,0,0,0,0,6,1,0,1,7,0,0,1,8,9,370,2,20,-83,155,Austin
2014,8,12,97,3,5,22,90,6,2,8,118,126,62,0,3,18,59,3,2,3,80,83,31,3,1,3,24,2,0,4,29,33,1,0,0,0,0,0,0,0,0,0,3,0,1,1,7,1,0,1,9,10,330,1,22,-82,156,Austin
2015,8,12,63,1,5,3,88,6,3,6,97,103,38,1,3,2,56,4,2,4,62,66,18,0,2,1,26,0,0,2,27,29,0,0,0,0,0,0,0,0,0,0,7,0,0,0,6,2,1,0,8,8,279,0,24,-81,157,Austin
2016,8,12,78,2,4,10,59,3,4,6,72,78,38,0,0,5,41,0,2,0,46,46,33,1,3,2,11,3,2,4,16,20,1,0,0,0,0,0,0,0,0,0,6,1,1,3,7,0,0,2,10,12,280,1,27,-86,152,Austin
2017,8,12,74,1,7,7,63,2,2,8,72,80,40,0,4,4,39,1,2,4,44,48,26,1,2,3,19,1,0,3,23,26,0,0,0,0,0,0,0,0,0,0,8,0,1,0,5,0,0,1,5,6,249,1,22,-85,153,Austin
2018,8,12,68,3,3,9,80,3,0,6,92,98,37,1,1,9,55,1,0,2,65,67,20,2,2,0,22,2,0,4,24,28,0,0,0,0,0,0,0,0,0,0,11,0,0,0,3,0,0,0,3,3,242,1,20,-84,154,Austin
2019,8,12,57,2,4,10,78,11,2,6,99,105,26,1,1,5,48,9,1,2,62,64,23,1,3,5,21,1,1,4,27,31,0,0,0,0,1,0,0,0,1,1,8,0,0,0,8,1,0,0,9,9,280,1,26,-83,155,Austin
2020,8,12,58,1,1,14,82,12,2,2,108,110,35,0,1,5,48,9,1,1,62,63,20,0,0,9,25,2,1,0,36,36,0,0,0,0,1,0,0,0,1,1,3,1,0,0,8,1,0,1,9,10,277,4,21,-81,157,Austin
2021,8,12,46,2,5,6,63,18,2,7,87,94,31,0,2,6,36,10,1,2,52,54,13,1,3,0,25,5,0,4,30,34,0,1,0,0,1,0,0,1,1,2,2,0,0,0,1,3,1,0,4,4,224,2,12,-87,151,Austin
2022,8,12,47,0,6,10,58,23,5,6,91,97,26,0,1,5,32,15,2,1,52,53,19,0,4,4,22,6,3,4,32,36,0,0,0,0,0,0,0,0,0,0,2,0,1,1,4,2,0,1,7,8,243,0,17,-86,152,Austin
2023,8,12,52,3,5,10,51,17,3,8,78,86,32,2,1,4,30,8,0,3,42,45,15,0,2,6,19,7,2,2,32,34,1,0,0,0,0,1,0,0,1,1,4,1,2,0,2,1,1,3,3,6,220,2,15,-85,153,Austin
2024,8,12,52,6,6,8,61,10,4,12,79,91,22,2,1,5,40,6,2,3,51,54,24,4,4,0,18,3,2,8,21,29,0,0,0,0,0,0,0,0,0,0,6,0,1,3,3,1,0,1,7,8,235,0,17,-83,155,Austin
2012,9,12,99,3,7,30,113,4,2,10,147,157,55,0,1,17,78,4,1,1,99,100,33,2,5,11,22,0,1,7,33,40,1,0,0,1,0,0,0,0,1,1,10,1,1,1,13,0,0,2,14,16,376,5,33,-53,185,Austin
2013,9,12,93,2,4,9,81,7,1,6,97,103,48,0,2,5,55,5,0,2,65,67,36,2,2,4,18,2,1,4,24,28,0,0,0,0,1,0,0,0,1,1,9,0,0,0,7,0,0,0,7,7,329,2,28,-52,186,Austin
2014,9,12,76,1,6,19,87,5,1,7,111,118,44,1,4,15,47,3,0,5,65,70,24,0,2,3,36,2,1,2,41,43,0,0,0,0,0,0,0,0,0,0,8,0,0,1,4,0,0,0,5,5,310,3,15,-51,187,Austin
2015,9,12,73,5,7,12,78,8,3,12,98,110,31,1,2,10,56,5,2,3,71,74,37,4,3,2,15,3,1,7,20,27,0,0,0,0,1,0,0,0,1,1,5,0,2,0,6,0,0,2,6,8,312,1,21,-50,188,Austin
2016,9,12,59,6,9,13,69,13,1,15,95,110,32,0,6,6,44,8,1,6,58,64,22,6,1,4,15,2,0,7,21,28,1,0,1,0,1,1,0,1,2,3,4,0,1,3,9,2,0,1,14,15,288,6,28,-55,183,Austin
2017,9,12,69,0,6,12,73,5,0,6,90,96,38,0,2,8,39,3,0,2,50,52,24,0,4,4,21,2,0,4,27,31,0,0,0,0,0,0,0,0,0,0,7,0,0,0,13,0,0,0,13,13,266,2,24,-54,184,Austin
2018,9,12,56,1,4,15,98,7,3,5,120,125,27,0,2,10,63,1,2,2,74,76,24,1,2,5,26,6,1,3,37,40,0,0,0,0,0,0,0,0,0,0,5,0,0,0,9,0,0,0,9,9,273,1,19,-53,185,Austin
2019,9,12,60,2,4,13,61,9,1,6,83,89,33,2,2,6,35,1,1,4,42,46,25,0,1,4,21,8,0,1,33,34,1,0,0,1,0,0,0,0,1,1,1,0,1,2,5,0,0,1,7,8,245,2,16,-52,186,Austin
2020,9,12,60,3,6,11,77,8,6,9,96,105,28,1,4,6,45,5,2,5,56,61,27,2,2,4,29,2,4,4,35,39,0,0,0,0,1,1,0,0,2,2,5,0,0,1,2,0,0,0,3,3,264,2,16,-50,188,Austin
2021,9,12,58,5,9,13,54,10,3,14,77,91,31,1,4,8,32,3,0,5,43,48,19,3,5,4,19,4,2,8,27,35,0,1,0,0,1,1,0,1,2,3,8,0,0,1,2,2,1,0,5,5,245,6,17,-56,182,Austin
2022,9,12,59,2,5,16,60,20,1,7,96,103,30,1,4,10,38,15,0,5,63,68,22,1,1,6,18,3,1,2,27,29,0,0,0,0,1,0,0,0,1,1,7,0,0,0,3,2,0,0,5,5,255,3,18,-55,183,Austin
2023,9,12,46,2,6,9,37,16,6,8,62,70,30,1,6,1,18,9,4,7,28,35,12,1,0,7,14,5,2,1,26,27,0,0,0,1,0,0,0,0,1,1,4,0,0,0,5,2,0,0,7,7,207,1,16,-54,184,Austin
2024,9,12,46,3,10,8,42,7,2,13,57,70,28,1,4,4,28,4,1,5,36,41,14,2,4,3,11,2,0,6,16,22,0,0,1,1,0,0,0,1,1,2,4,0,1,0,3,1,1,1,4,5,225,2,15,-52,186,Austin
2012,10,12,95,2,4,38,125,7,1,6,170,176,44,2,1,20,70,4,1,3,94,97,41,0,3,15,44,3,0,3,62,65,1,0,0,2,1,0,0,0,3,3,9,0,0,1,10,0,0,0,11,11,406,6,29,-23,215,Austin
2013,10,12,122,2,10,13,113,8,3,12,134,146,46,0,5,5,55,1,0,5,61,66,62,2,3,6,45,6,3,5,57,62,2,0,0,0,0,0,0,0,0,0,12,0,2,2,13,1,0,2,16,18,400,2,39,-22,216,Austin
2014,10,12,80,5,9,15,85,4,0,14,104,118,25,2,2,7,47,2,0,4,56,60,48,3,7,8,35,2,0,10,45,55,0,0,0,0,0,0,0,0,0,0,7,0,0,0,3,0,0,0,3,3,307,1,21,-21,217,Austin
2015,10,12,68,3,2,4,80,5,1,5,89,94,31,3,1,3,51,1,0,4,55,59,28,0,1,1,22,3,1,1,26,27,1,0,0,0,0,0,0,0,0,0,8,0,0,0,7,1,0,0,8,8,260,1,20,-20,218,Austin
2016,10,12,74,1,4,12,71,7,1,5,90,95,35,1,0,7,41,4,0,1,52,53,37,0,4,3,23,3,0,4,29,33,0,0,0,2,0,0,0,0,2,2,2,0,0,0,7,0,1,0,7,7,282,3,18,-25,213,Austin
2017,10,12,76,1,3,4,58,4,1,4,66,70,32,0,3,1,36,3,0,3,40,43,39,1,0,3,19,1,1,1,23,24,0,0,0,0,0,0,0,0,0,0,5,0,0,0,3,0,0,0,3,3,259,4,15,-24,214,Austin
2018,10,12,65,2,8,13,100,9,3,10,122,132,35,1,5,8,51,3,1,6,62,68,24,1,2,4,39,4,1,3,47,50,0,0,1,0,0,0,0,1,0,1,6,0,0,1,10,2,1,0,13,13,287,1,29,-23,215,Austin
2019,10,12,81,3,3,16,104,6,1,6,126,132,30,2,1,10,45,4,0,3,59,62,46,1,2,6,49,1,1,3,56,59,1,0,0,0,0,0,0,0,0,0,4,0,0,0,10,1,0,0,11,11,324,1,20,-22,216,Austin
2020,10,12,82,4,9,7,75,13,1,13,95,108,39,0,5,3,41,3,1,5,47,52,35,4,4,4,26,8,0,8,38,46,1,0,0,0,0,1,0,0,1,1,7,0,0,0,8,1,0,0,9,9,268,2,19,-20,218,Austin
2021,10,12,53,1,9,8,63,15,2,10,86,96,33,1,1,4,32,9,1,2,45,47,16,0,6,2,27,6,1,6,35,41,0,0,0,1,1,0,0,0,2,2,4,0,2,1,3,0,0,2,4,6,230,3,17,-26,212,Austin
2022,10,12,48,4,2,23,48,9,5,6,80,86,20,2,1,10,31,4,4,3,45,48,24,2,1,13,13,5,1,3,31,34,0,0,0,0,0,0,0,0,0,0,4,0,0,0,4,0,0,0,4,4,228,1,12,-25,213,Austin
2023,10,12,56,1,7,16,41,19,2,8,76,84,29,1,3,7,28,8,2,4,43,47,26,0,3,9,11,10,0,3,30,33,0,0,0,0,0,1,0,0,1,1,1,0,1,0,2,0,0,1,2,3,218,1,8,-24,214,Austin
2024,10,12,50,5,9,9,84,14,4,14,107,121,14,4,4,4,34,10,1,8,48,56,34,1,4,4,36,4,3,5,44,49,0,0,0,0,0,0,0,0,0,0,2,0,1,1,14,0,0,1,15,16,256,0,20,-22,216,Austin
2012,11,12,65,0,3,27,89,8,1,3,124,127,20,0,3,16,45,1,0,3,62,65,37,0,0,10,36,4,0,0,50,50,3,0,0,1,0,1,0,0,2,2,5,0,0,0,8,2,1,0,10,10,295,5,26,8,246,Austin
2013,11,12,87,3,4,23,104,1,1,7,128,135,40,2,1,17,54,0,1,3,71,74,42,1,2,4,39,1,0,3,44,47,0,0,0,0,1,0,0,0,1,1,5,0,1,2,10,0,0,1,12,13,313,1,21,9,247,Austin
2014,11,12,55,4,2,19,81,0,0,6,100,106,24,1,1,14,46,0,0,2,60,62,26,2,1,3,27,0,0,3,30,33,1,1,0,0,0,0,0,1,0,1,4,0,0,2,8,0,0,0,10,10,258,3,18,10,248,Austin
2015,11,12,77,0,3,16,81,2,3,3,99,102,34,0,1,5,48,1,2,1,54,55,40,0,2,8,28,1,1,2,37,39,1,0,0,0,2,0,0,0,2,2,2,0,0,3,3,0,0,0,6,6,291,5,15,11,249,Austin
2016,11,12,74,0,7,14,80,8,2,7,102,109,26,0,1,8,39,3,0,1,50,51,43,0,4,4,40,4,2,4,48,52,1,0,1,0,0,0,0,1,0,1,4,0,1,2,1,1,0,1,4,5,287,2,15,6,244,Austin
2017,11,12,79,3,6,3,48,11,4,9,62,71,21,1,2,1,22,7,3,3,30,33,47,2,4,2,23,3,1,6,28,34,0,0,0,0,0,0,0,0,0,0,11,0,0,0,3,1,0,0,4,4,234,1,21,7,245,Austin
2018,11,12,59,1,5,16,62,6,1,6,84,90,24,1,3,11,24,3,0,4,38,42,26,0,2,3,28,3,1,2,34,36,1,0,0,0,0,0,0,0,0,0,8,0,0,2,10,0,0,0,12,12,234,1,31,8,246,Austin
2019,11,12,66,4,4,14,61,5,3,8,80,88,27,0,2,10,32,3,1,2,45,47,32,4,2,3,21,2,2,6,26,32,2,0,0,1,0,0,0,0,1,1,5,0,0,0,8,0,0,0,8,8,243,3,17,9,247,Austin
2020,11,12,63,1,6,11,101,16,5,7,128,135,28,0,2,4,57,9,0,2,70,72,32,1,3,7,39,6,4,4,52,56,0,0,1,0,1,0,0,1,1,2,3,0,0,0,4,1,1,0,5,5,287,3,17,11,249,Austin
2021,11,12,55,3,7,12,80,20,4,10,112,122,22,0,3,6,38,10,2,3,54,57,28,1,4,5,39,9,2,5,53,58,0,0,0,0,0,0,0,0,0,0,5,2,0,1,3,1,0,2,5,7,269,1,16,5,243,Austin
2022,11,12,35,3,6,12,54,19,2,9,85,94,19,1,2,5,21,8,0,3,34,37,13,2,2,7,29,9,2,4,45,49,0,0,0,0,0,0,0,0,0,0,3,0,2,0,4,2,0,2,6,8,194,0,14,6,244,Austin
2023,11,12,68,0,9,7,51,35,4,9,93,102,32,0,2,1,20,15,2,2,36,38,32,0,6,6,29,18,2,6,53,59,1,0,0,0,1,0,0,0,1,1,3,0,1,0,1,2,0,1,3,4,232,3,13,7,245,Austin
2024,11,12,59,0,6,20,58,9,1,6,87,93,22,0,2,5,38,4,1,2,47,49,33,0,4,15,17,4,0,4,36,40,1,0,0,0,1,1,0,0,2,2,3,0,0,0,2,0,0,0,2,2,235,4,9,9,247,Austin
2012,12,12,71,2,2,17,79,7,1,4,103,107,32,2,1,9,33,4,0,3,46,49,37,0,1,7,39,2,0,1,48,49,0,0,0,0,0,0,0,0,0,0,2,0,0,1,7,1,1,0,9,9,288,0,23,38,276,Austin
2013,12,12,86,3,2,17,79,7,0,5,103,108,39,1,0,7,48,4,0,1,59,60,38,1,2,8,23,2,0,3,33,36,0,0,0,1,2,0,0,0,3,3,9,1,0,1,6,1,0,1,8,9,310,4,29,39,277,Austin
2014,12,12,82,2,2,16,81,4,2,4,101,105,25,0,0,8,36,2,1,0,46,46,54,1,2,7,41,2,1,3,50,53,0,0,0,1,1,0,0,0,2,2,3,1,0,0,3,0,0,1,3,4,331,2,19,40,278,Austin
2015,12,12,66,5,13,18,88,12,1,18,118,136,19,0,2,6,50,6,0,2,62,64,43,5,11,12,31,6,1,16,49,65,1,0,0,0,0,0,0,0,0,0,3,0,0,0,7,0,0,0,7,7,287,4,13,41,279,Austin
2016,12,12,79,1,4,21,94,4,2,5,119,124,23,0,3,11,43,1,1,3,55,58,47,1,1,8,44,2,0,2,54,56,1,0,0,0,0,0,0,0,0,0,8,0,0,2,7,1,1,0,10,10,299,1,31,36,274,Austin
2017,12,12,69,3,6,14,73,11,1,9,98,107,25,1,3,7,36,2,0,4,45,49,40,2,2,7,31,8,1,4,46,50,0,0,0,0,2,1,0,0,3,3,4,0,1,0,4,0,0,1,4,5,267,3,16,37,275,Austin
2018,12,12,80,2,3,12,86,5,1,5,103,108,29,2,1,4,40,2,1,3,46,49,45,0,2,5,40,2,0,2,47,49,1,0,0,0,1,0,0,0,1,1,5,0,0,3,5,1,0,0,9,9,284,3,20,38,276,Austin
2019,12,12,43,2,3,10,74,11,2,5,95,100,14,0,1,4,33,5,1,1,42,43,25,2,2,5,32,5,1,4,42,46,1,0,0,0,2,1,0,0,3,3,3,0,0,1,7,0,0,0,8,8,242,6,19,39,277,Austin
2020,12,12,65,4,6,15,87,12,2,10,114,124,22,1,2,8,42,4,0,3,54,57,37,3,4,5,38,8,2,7,51,58,0,0,0,0,2,0,0,0,2,2,6,0,0,2,5,0,0,0,7,7,283,5,18,41,279,Austin
2021,12,12,65,1,6,8,66,12,5,7,86,93,25,1,2,5,28,3,0,3,36,39,39,0,3,3,28,8,3,3,39,42,0,0,0,0,1,0,0,0,1,1,1,0,1,0,9,1,2,1,10,11,257,2,21,35,273,Austin
2022,12,12,50,4,7,13,53,18,6,11,84,95,21,1,2,7,26,7,0,3,40,43,24,2,5,4,21,9,5,7,34,41,1,0,0,2,0,2,0,0,4,4,4,1,0,0,6,0,1,1,6,7,224,7,15,36,274,Austin
2023,12,12,55,6,5,14,41,12,2,11,67,78,20,2,3,8,19,3,0,5,30,35,34,4,2,6,18,8,2,6,32,38,0,0,0,0,0,1,0,0,1,1,1,0,0,0,4,0,0,0,4,4,217,4,11,37,275,Austin
2024,12,12,50,2,4,6,72,12,3,6,90,96,16,1,2,2,36,7,0,3,45,48,29,1,1,4,27,3,2,2,34,36,0,0,0,0,1,0,0,0,1,1,5,0,1,0,8,2,1,1,10,11,227,1,19,39,277,Austin
2012,1,13,85,0,5,14,94,3,2,5,111,116,32,0,2,8,54,2,2,2,64,66,47,0,3,5,29,1,0,3,35,38,0,0,0,0,0,0,0,0,0,0,6,0,0,1,11,0,0,0,12,12,337,2,26,-296,-58,Austin
2013,1,13,82,3,2,12,95,3,0,5,110,115,29,2,1,6,39,1,0,3,46,49,46,1,1,6,47,2,0,2,55,57,1,0,0,0,0,0,0,0,0,0,6,0,0,0,9,0,0,0,9,9,306,1,22,-294,-56,Austin
2014,1,13,85,1,3,22,76,8,1,4,106,110,33,0,2,12,36,1,1,2,49,51,47,0,1,7,26,5,0,1,38,39,1,0,0,0,0,0,0,0,0,0,4,1,0,3,14,2,0,1,19,20,310,1,32,-293,-55,Austin
2015,1,13,55,1,4,11,87,14,1,5,112,117,18,0,1,7,38,7,1,1,52,53,31,1,3,3,38,7,0,4,48,52,0,0,0,0,2,0,0,0,2,2,6,0,0,1,9,0,0,0,10,10,270,3,22,-292,-54,Austin
2016,1,13,75,3,5,15,66,6,3,8,87,95,36,0,3,11,36,3,2,3,50,53,34,3,2,4,23,2,1,5,29,34,0,0,0,0,0,0,0,0,0,0,5,0,0,0,7,1,0,0,8,8,273,0,23,-298,-60,Austin
2017,1,13,102,2,4,13,88,9,1,6,110,116,36,0,1,9,50,4,1,1,63,64,55,2,3,3,30,5,0,5,38,43,0,0,0,0,1,0,0,0,1,1,11,0,0,1,7,0,0,0,8,8,354,2,31,-296,-58,Austin
2018,1,13,66,6,9,12,60,5,1,15,77,92,20,0,3,7,31,4,1,3,42,45,39,4,6,3,25,1,0,10,29,39,0,0,0,0,0,0,0,0,0,0,7,2,0,2,4,0,0,2,6,8,225,0,23,-295,-57,Austin
2019,1,13,68,6,7,8,73,5,3,13,86,99,21,2,1,1,39,2,1,3,42,45,42,2,5,6,27,3,2,7,36,43,1,0,0,0,0,0,0,0,0,0,4,2,1,1,7,0,0,3,8,11,249,1,19,-294,-56,Austin
2020,1,13,73,2,5,10,99,6,1,7,115,122,32,1,2,6,43,2,1,3,51,54,37,0,1,4,38,3,0,1,45,46,0,0,0,0,0,0,0,0,0,0,4,1,2,0,18,1,0,3,19,22,288,0,30,-293,-55,Austin
2021,1,13,47,3,3,13,75,12,0,6,100,106,23,1,1,7,37,8,0,2,52,54,16,2,2,5,29,3,0,4,37,41,0,0,0,0,0,1,0,0,1,1,8,0,0,1,9,0,0,0,10,10,238,2,25,-298,-60,Austin
2022,1,13,40,5,2,12,85,17,0,7,114,121,14,0,1,7,28,6,0,1,41,42,26,4,0,5,51,9,0,4,65,69,0,1,0,0,2,0,0,1,2,3,0,0,1,0,4,2,0,1,6,7,235,3,12,-297,-59,Austin
2023,1,13,42,5,4,14,71,15,2,9,100,109,23,1,1,6,41,5,2,2,52,54,12,3,2,7,21,7,0,5,35,40,0,0,0,0,0,0,0,0,0,0,7,1,1,1,9,3,0,2,13,15,239,0,26,-296,-58,Austin
2024,1,13,57,4,8,9,62,27,5,12,98,110,18,1,4,4,27,14,0,5,45,50,34,3,4,5,29,13,5,7,47,54,0,0,0,0,0,0,0,0,0,0,5,0,0,0,6,0,0,0,6,6,232,1,14,-295,-57,Austin
2012,2,13,97,2,3,13,86,7,2,5,106,111,40,1,0,8,51,3,2,1,62,63,46,1,2,4,26,3,0,3,33,36,0,0,0,1,0,0,0,0,1,1,11,0,1,0,9,1,0,1,10,11,311,1,30,-265,-27,Austin
2013,2,13,97,3,1,14,68,6,0,4,88,92,39,2,1,9,33,4,0,3,46,49,48,1,0,4,25,2,0,1,31,32,1,0,0,0,0,0,0,0,0,0,9,0,0,1,10,0,0,0,11,11,318,1,29,-263,-25,Austin
2014,2,13,84,3,3,13,61,10,0,6,84,90,40,2,3,7,41,2,0,5,50,55,33,1,0,5,16,5,0,1,26,27,1,0,0,0,1,1,0,0,2,2,10,0,0,1,3,2,0,0,6,6,293,4,23,-262,-24,Austin
2015,2,13,81,0,4,19,85,6,5,4,110,114,41,0,1,9,43,3,0,1,55,56,35,0,1,6,33,3,4,1,42,43,0,0,1,0,1,0,0,1,1,2,5,0,1,4,8,0,1,1,12,13,354,3,24,-261,-23,Austin
2016,2,13,98,2,5,14,70,2,2,7,86,93,33,0,1,9,30,1,0,1,40,41,60,2,4,5,32,1,2,6,38,44,0,0,0,0,0,0,0,0,0,0,5,0,0,0,8,0,0,0,8,8,301,0,22,-267,-29,Austin
2017,2,13,78,5,6,20,68,5,3,11,93,104,32,0,2,13,35,2,0,2,50,52,41,3,2,7,29,3,1,5,39,44,0,0,0,0,0,0,2,0,0,0,5,2,2,0,4,0,0,4,4,8,286,3,20,-265,-27,Austin
2018,2,13,52,2,4,14,55,12,2,6,81,87,22,0,2,9,33,7,2,2,49,51,23,1,2,3,16,5,0,3,24,27,0,0,0,1,0,0,0,0,1,1,7,1,0,1,6,0,0,1,7,8,225,1,18,-264,-26,Austin
2019,2,13,67,5,1,4,74,7,2,6,85,91,29,3,1,3,42,4,2,4,49,53,33,2,0,1,22,2,0,2,25,27,0,0,0,0,1,0,0,0,1,1,5,0,0,0,9,1,0,0,10,10,272,1,24,-263,-25,Austin
2020,2,13,71,1,4,16,71,8,2,5,95,100,35,0,3,7,35,5,1,3,47,50,32,1,0,7,26,3,1,1,36,37,0,0,0,1,1,0,0,0,2,2,4,0,1,1,9,0,0,1,10,11,272,3,20,-262,-24,Austin
2021,2,13,44,1,7,9,38,13,3,8,60,68,16,0,1,7,22,4,0,1,33,34,21,0,5,2,14,6,3,5,22,27,0,0,0,0,0,1,0,0,1,1,7,1,1,0,2,2,0,2,4,6,185,1,16,-267,-29,Austin
2022,2,13,66,5,5,19,61,10,2,10,90,100,16,1,2,8,27,5,0,3,40,43,44,4,3,10,32,4,2,7,46,53,1,0,0,1,0,0,0,0,1,1,5,0,0,0,2,1,0,0,3,3,250,2,12,-266,-28,Austin
2023,2,13,50,8,9,16,70,11,1,17,97,114,23,2,6,6,35,5,1,8,46,54,24,6,2,9,32,5,0,8,46,54,0,0,0,0,0,0,0,0,0,0,3,0,1,1,3,1,0,1,5,6,246,0,11,-265,-27,Austin
2024,2,13,46,4,1,9,67,19,3,5,95,100,19,1,1,6,35,6,1,2,47,49,22,1,0,3,27,9,2,1,39,40,0,0,0,0,1,2,0,0,3,3,5,2,0,0,4,2,0,2,6,8,242,5,20,-264,-26,Austin
2012,3,13,88,4,4,14,116,6,1,8,136,144,47,0,2,10,68,4,1,2,82,84,38,4,2,3,41,1,0,6,45,51,0,0,0,0,1,0,0,0,1,1,3,0,0,1,6,1,0,0,8,8,370,1,21,-236,2,Austin
2013,3,13,76,3,6,20,113,9,1,9,142,151,30,2,3,14,53,3,0,5,70,75,40,1,3,6,49,5,1,4,60,64,0,0,0,0,3,0,0,0,3,3,6,0,0,0,8,1,0,0,9,9,364,6,23,-235,3,Austin
2014,3,13,99,1,5,23,94,13,0,6,130,136,45,0,0,10,51,8,0,0,69,69,44,1,5,12,32,4,0,6,48,54,0,0,0,1,1,0,0,0,2,2,10,0,0,0,10,1,0,0,11,11,362,3,29,-234,4,Austin
2015,3,13,66,2,4,19,79,11,2,6,109,115,31,0,2,10,45,9,2,2,64,66,31,2,2,9,25,2,0,4,36,40,0,0,0,0,0,0,0,0,0,0,4,0,0,0,9,0,0,0,9,9,325,3,20,-233,5,Austin
2016,3,13,82,4,10,10,90,8,1,14,108,122,33,1,4,4,44,1,1,5,49,54,46,3,5,6,35,7,0,8,48,56,1,0,0,0,1,0,0,0,1,1,2,0,1,0,10,0,0,1,10,11,302,3,17,-238,0,Austin
2017,3,13,69,1,8,5,75,9,3,9,89,98,34,1,2,5,44,4,0,3,53,56,28,0,6,0,25,5,3,6,30,36,1,0,0,0,1,0,0,0,1,1,6,0,0,0,5,0,0,0,5,5,278,3,15,-237,1,Austin
2018,3,13,61,2,5,7,62,6,3,7,75,82,29,1,3,2,31,2,1,4,35,39,29,1,2,4,22,3,2,3,29,32,0,0,0,0,1,0,0,0,1,1,3,0,0,1,8,1,0,0,10,10,236,1,19,-236,2,Austin
2019,3,13,70,1,12,13,81,5,1,13,99,112,34,1,6,6,42,2,0,7,50,57,33,0,5,3,29,3,1,5,35,40,0,0,0,0,1,0,0,0,1,1,3,0,1,4,9,0,0,1,13,14,294,4,24,-235,3,Austin
2020,3,13,79,1,12,9,75,15,3,13,99,112,41,1,7,6,39,6,1,8,51,59,33,0,5,3,29,6,2,5,38,43,0,0,0,0,0,1,0,0,1,1,5,0,0,0,7,2,0,0,9,9,324,3,24,-233,5,Austin
2021,3,13,62,2,4,11,82,10,2,6,103,109,28,1,1,6,36,1,0,2,43,45,29,1,3,4,41,9,2,4,54,58,0,0,0,0,1,0,0,0,1,1,5,0,0,1,4,0,0,0,5,5,258,2,14,-239,-1,Austin
2022,3,13,47,3,8,9,59,15,3,11,83,94,23,0,2,4,30,9,0,2,43,45,21,3,6,2,27,6,3,9,35,44,0,0,0,3,1,0,0,0,4,4,3,0,0,0,1,0,0,0,1,1,222,4,10,-238,0,Austin
2023,3,13,61,2,2,12,51,18,5,4,81,85,27,0,0,4,32,10,2,0,46,46,27,2,2,8,17,7,3,4,32,36,0,0,0,0,0,0,0,0,0,0,7,0,0,0,2,1,0,0,3,3,246,0,14,-237,1,Austin
2024,3,13,69,3,5,7,72,16,4,8,95,103,28,3,1,4,42,5,1,4,51,55,35,0,3,3,23,9,3,3,35,38,1,0,0,0,0,0,0,0,0,0,5,0,1,0,7,2,0,1,9,10,258,2,20,-235,3,Austin
2012,4,13,80,2,5,36,112,12,1,7,160,167,36,1,2,22,68,4,1,3,94,97,37,0,2,8,33,6,0,2,47,49,3,0,0,2,0,0,0,0,2,2,4,1,1,4,11,2,0,2,17,19,373,5,33,-205,33,Austin
2013,4,13,112,0,6,9,97,5,0,6,111,117,55,0,1,3,56,4,0,1,63,64,46,0,2,6,34,1,0,2,41,43,0,0,1,0,0,0,0,1,0,1,11,0,2,0,7,0,0,2,7,9,345,2,26,-204,34,Austin
2014,4,13,91,5,7,17,85,6,1,12,108,120,40,0,3,8,44,4,0,3,56,59,45,5,3,7,27,2,0,8,36,44,0,0,0,0,2,0,0,0,2,2,6,0,1,2,12,0,1,1,14,15,312,2,29,-203,35,Austin
2015,4,13,66,4,5,14,72,4,0,9,90,99,36,3,1,8,42,2,0,4,52,56,28,1,1,5,23,2,0,2,30,32,0,0,0,1,2,0,0,0,3,3,2,0,3,0,5,0,0,3,5,8,315,3,14,-202,36,Austin
2016,4,13,59,4,5,11,78,2,0,9,91,100,35,4,2,9,56,2,0,6,67,73,18,0,3,1,15,0,0,3,16,19,0,0,0,1,1,0,0,0,2,2,6,0,0,0,6,0,0,0,6,6,257,3,23,-207,31,Austin
2017,4,13,97,1,5,7,95,2,1,6,104,110,54,0,2,6,60,0,0,2,66,68,32,1,3,1,25,1,1,4,27,31,1,0,0,0,0,0,0,0,0,0,10,0,0,0,10,1,0,0,11,11,325,2,26,-206,32,Austin
2018,4,13,83,0,8,17,95,6,1,8,118,126,44,0,4,12,58,5,1,4,75,79,31,0,4,4,21,1,0,4,26,30,0,0,0,0,0,0,0,0,0,0,8,0,0,1,16,0,0,0,17,17,307,0,30,-205,33,Austin
2019,4,13,75,3,7,5,65,9,1,10,79,89,36,1,3,3,41,4,0,4,48,52,33,1,4,2,20,5,0,5,27,32,1,0,0,0,0,0,0,0,0,0,5,1,0,0,4,0,1,1,4,5,254,1,17,-204,34,Austin
2020,4,13,68,3,4,10,67,13,0,7,90,97,35,1,1,7,37,7,0,2,51,53,27,2,2,3,24,4,0,4,31,35,0,0,0,0,1,0,0,0,1,1,6,0,1,0,5,2,0,1,7,8,230,1,17,-202,36,Austin
2021,4,13,52,0,6,10,51,5,1,6,66,72,33,0,4,7,27,2,0,4,36,40,10,0,1,3,20,3,1,1,26,27,1,0,0,0,0,0,0,0,0,0,8,0,1,0,4,0,0,1,4,5,246,1,18,-208,30,Austin
2022,4,13,42,2,7,12,71,16,4,9,99,108,24,1,2,5,45,11,2,3,61,64,16,1,4,4,22,5,2,5,31,36,0,0,0,0,2,0,0,0,2,2,2,0,1,3,2,0,0,1,5,6,245,2,18,-207,31,Austin
2023,4,13,55,3,4,8,44,13,1,7,65,72,22,2,3,2,22,7,0,5,31,36,27,1,1,6,17,2,1,2,25,27,2,0,0,0,1,0,0,0,1,1,4,0,0,0,4,4,0,0,8,8,197,3,16,-206,32,Austin
2024,4,13,56,5,10,18,82,27,4,15,127,142,25,3,8,14,49,18,0,11,81,92,26,1,2,3,30,8,4,3,41,44,0,0,0,1,1,1,0,0,3,3,5,1,0,0,2,0,0,1,2,3,304,3,13,-204,34,Austin
2012,5,13,90,2,5,20,79,7,2,7,106,113,45,1,3,15,47,4,1,4,66,70,35,1,2,5,29,3,1,3,37,40,1,0,0,0,0,0,0,0,0,0,9,0,0,0,3,0,0,0,3,3,329,2,27,-175,63,Austin
2013,5,13,103,2,7,19,88,7,1,9,114,123,58,1,4,16,63,0,1,5,79,84,32,1,3,1,17,5,0,4,23,27,1,0,0,1,1,0,0,0,2,2,12,0,0,1,7,2,0,0,10,10,334,3,29,-174,64,Austin
2014,5,13,64,1,2,12,80,5,0,3,97,100,46,0,1,10,64,4,0,1,78,79,12,1,1,2,11,1,0,2,14,16,0,0,0,0,0,0,0,0,0,0,6,0,0,0,5,0,0,0,5,5,268,0,17,-173,65,Austin
2015,5,13,60,1,2,22,74,9,2,3,105,108,27,0,1,12,49,5,0,1,66,67,26,0,1,9,16,4,2,1,29,30,0,0,0,0,2,0,0,0,2,2,7,1,0,1,7,0,0,1,8,9,284,2,28,-172,66,Austin
2016,5,13,77,2,5,16,69,9,1,7,94,101,39,1,0,14,47,7,0,1,68,69,30,1,5,2,17,2,1,6,21,27,4,0,0,0,0,0,0,0,0,0,4,0,0,0,5,0,0,0,5,5,322,4,17,-177,61,Austin
2017,5,13,73,0,11,10,66,4,1,11,80,91,38,0,5,5,48,0,0,5,53,58,28,0,6,4,12,4,1,6,20,26,0,0,0,1,0,0,0,0,1,1,7,0,0,0,6,0,0,0,6,6,278,1,22,-176,62,Austin
2018,5,13,84,1,8,9,50,4,0,9,63,72,48,0,5,5,31,2,0,5,38,43,28,1,2,3,14,1,0,3,18,21,0,0,1,0,1,0,0,1,1,2,8,0,0,1,4,1,0,0,6,6,243,4,18,-175,63,Austin
2019,5,13,79,1,1,13,83,12,3,2,108,110,46,0,1,9,56,9,2,1,74,75,24,1,0,3,21,3,1,1,27,28,0,0,0,0,1,0,0,0,1,1,9,0,0,1,5,0,0,0,6,6,295,1,23,-174,64,Austin
2020,5,13,64,3,3,7,64,5,5,6,76,82,39,1,3,2,42,1,2,4,45,49,22,2,0,3,19,3,3,2,25,27,0,0,0,0,0,0,0,0,0,0,3,0,0,2,3,1,0,0,6,6,252,0,14,-172,66,Austin
2021,5,13,52,2,4,6,50,15,3,6,71,77,32,0,3,3,30,11,1,3,44,47,17,2,0,2,14,1,2,2,17,19,2,0,1,1,0,1,0,1,2,3,1,0,0,0,6,2,0,0,8,8,242,6,22,-178,60,Austin
2022,5,13,69,3,11,13,67,19,2,14,99,113,36,2,5,7,45,12,0,7,64,71,29,1,4,6,14,5,2,5,25,30,1,0,0,0,0,0,0,0,0,0,3,0,2,0,8,2,0,2,10,12,273,2,21,-177,61,Austin
2023,5,13,60,0,7,10,63,21,3,7,94,101,27,0,1,4,29,12,0,1,45,46,27,0,4,6,31,6,3,4,43,47,0,0,0,0,0,0,0,0,0,0,6,0,2,0,3,3,0,2,6,8,230,0,18,-176,62,Austin
2024,5,13,46,2,2,8,42,27,4,4,77,81,23,2,0,6,27,21,4,2,54,56,20,0,2,2,14,6,0,2,22,24,0,0,0,0,0,0,0,0,0,0,3,0,0,0,1,0,0,0,1,1,241,1,10,-174,64,Austin
2012,6,13,90,4,7,17,102,4,1,11,123,134,55,1,6,11,72,3,0,7,86,93,30,2,1,6,18,1,1,3,25,28,0,0,0,0,0,0,0,0,0,0,5,1,0,0,12,0,0,1,12,13,354,3,30,-144,94,Austin
2013,6,13,91,3,3,11,94,3,1,6,108,114,61,1,1,5,64,3,1,2,72,74,25,2,1,4,20,0,0,3,24,27,0,0,0,1,0,0,0,0,1,1,5,0,1,1,10,0,0,1,11,12,343,2,30,-143,95,Austin
2014,6,13,81,2,3,22,111,10,2,5,143,148,47,0,1,17,71,5,1,1,93,94,25,2,1,5,18,3,0,3,26,29,0,0,0,0,0,0,0,0,0,0,9,0,1,0,22,2,1,1,24,25,357,0,48,-142,96,Austin
2015,6,13,84,3,9,13,86,6,1,12,105,117,46,0,6,10,55,3,0,6,68,74,32,3,3,3,21,3,1,6,27,33,0,0,0,0,1,0,0,0,1,1,6,0,0,0,9,0,0,0,9,9,338,1,24,-141,97,Austin
2016,6,13,77,2,8,20,86,2,2,10,108,118,35,2,6,13,62,1,0,8,76,84,28,0,2,4,15,1,2,2,20,22,0,0,0,0,0,0,0,0,0,0,14,0,0,3,9,0,0,0,12,12,307,0,37,-146,92,Austin
2017,6,13,91,2,10,16,75,4,1,12,95,107,57,0,6,7,47,3,1,6,57,63,24,2,3,8,18,0,0,5,26,31,0,0,0,0,1,0,0,0,1,1,10,0,1,1,9,1,0,1,11,12,309,1,29,-145,93,Austin
2018,6,13,83,2,2,14,63,16,2,4,93,97,44,1,1,5,44,8,2,2,57,59,29,0,1,8,10,4,0,1,22,23,1,0,0,0,0,0,0,0,0,0,9,1,0,1,9,4,0,1,14,15,271,1,32,-144,94,Austin
2019,6,13,67,4,5,8,99,11,3,9,118,127,37,3,3,7,67,8,1,6,82,88,18,1,2,1,26,3,2,3,30,33,0,0,0,0,0,0,0,0,0,0,12,0,0,0,6,0,0,0,6,6,317,0,27,-143,95,Austin
2020,6,13,66,0,8,6,65,10,2,8,81,89,29,0,5,3,36,6,1,5,45,50,34,0,2,3,27,3,1,2,33,35,0,0,0,0,0,0,0,0,0,0,3,0,1,0,2,1,0,1,3,4,244,0,18,-141,97,Austin
2021,6,13,73,6,9,9,57,11,2,15,77,92,39,5,1,2,32,4,0,6,38,44,28,1,5,6,18,5,2,6,29,35,0,0,0,0,1,0,0,0,1,1,6,0,3,1,6,2,0,3,9,12,252,1,23,-147,91,Austin
2022,6,13,43,0,6,16,66,12,5,6,94,100,29,0,2,7,46,8,3,2,61,63,8,0,2,8,10,3,1,2,21,23,0,0,0,0,2,0,0,0,2,2,6,0,2,1,8,1,1,2,10,12,248,2,27,-146,92,Austin
2023,6,13,57,2,12,15,35,16,2,14,66,80,34,0,5,6,20,13,2,5,39,44,16,2,6,8,13,3,0,8,24,32,0,0,0,1,0,0,0,0,1,1,7,0,1,0,2,0,0,1,2,3,208,2,13,-145,93,Austin
2024,6,13,43,6,7,8,54,13,5,13,75,88,24,4,3,2,36,10,4,7,48,55,18,1,1,6,15,3,1,2,24,26,1,0,0,0,0,0,0,0,0,0,0,1,3,0,3,0,0,4,3,7,220,1,13,-143,95,Austin
2012,7,13,117,3,4,27,101,3,1,7,131,138,63,2,1,23,58,2,1,3,83,86,41,1,2,4,34,1,0,3,39,42,0,0,0,0,0,0,0,0,0,0,13,0,1,0,9,0,0,1,9,10,396,0,40,-114,124,Austin
2013,7,13,97,2,7,20,89,2,0,9,111,120,39,0,1,8,57,2,0,1,67,68,46,2,4,11,19,0,0,6,30,36,1,0,0,1,0,0,0,0,1,1,11,0,2,0,13,0,0,2,13,15,353,2,37,-113,125,Austin
2014,7,13,100,4,7,11,72,7,2,11,90,101,50,2,6,5,43,4,2,8,52,60,41,2,1,6,20,2,0,3,28,31,2,0,0,0,0,0,0,0,0,0,7,0,0,0,9,1,0,0,10,10,316,4,25,-112,126,Austin
2015,7,13,91,3,9,10,95,8,1,12,113,125,52,1,6,8,73,3,1,7,84,91,25,1,2,0,10,2,0,3,12,15,0,0,0,0,0,2,0,0,2,2,14,1,1,2,12,1,0,2,15,17,329,3,39,-111,127,Austin
2016,7,13,74,3,7,8,65,4,1,10,77,87,44,2,1,5,43,1,1,3,49,52,23,1,4,3,14,3,0,5,20,25,1,0,0,0,1,0,0,0,1,1,6,0,2,0,7,0,0,2,7,9,266,2,19,-116,122,Austin
2017,7,13,83,1,5,17,77,6,3,6,100,106,43,1,2,10,55,5,0,3,70,73,29,0,3,6,17,1,3,3,24,27,0,0,0,0,1,0,0,0,1,1,11,0,0,1,4,0,0,0,5,5,293,2,26,-115,123,Austin
2018,7,13,61,1,8,14,68,16,2,9,98,107,29,0,5,7,44,8,0,5,59,64,27,0,2,4,21,5,1,2,30,32,0,0,0,1,0,0,0,0,1,1,5,1,1,2,3,3,1,2,8,10,270,2,27,-114,124,Austin
2019,7,13,72,5,5,14,89,4,1,10,107,117,37,2,3,10,56,4,0,5,70,75,29,3,2,4,25,0,1,5,29,34,1,0,0,0,0,0,0,0,0,0,5,0,0,0,8,0,0,0,8,8,294,1,23,-113,125,Austin
2020,7,13,48,2,10,18,56,11,4,12,85,97,27,2,2,9,36,7,1,4,52,56,12,0,8,8,16,4,2,8,28,36,2,0,0,0,0,0,1,0,0,0,7,0,0,1,4,0,0,0,5,5,251,4,22,-111,127,Austin
2021,7,13,63,4,2,13,56,15,3,6,84,90,32,3,2,8,34,10,0,5,52,57,24,0,0,3,18,4,2,0,25,25,1,0,0,1,0,0,1,0,1,1,6,1,0,1,4,1,0,1,6,7,237,3,18,-117,121,Austin
2022,7,13,44,5,4,8,63,15,3,9,86,95,23,2,2,4,46,11,0,4,61,65,20,3,2,4,10,2,3,5,16,21,0,0,0,0,2,1,0,0,3,3,1,0,0,0,5,1,0,0,6,6,221,4,13,-116,122,Austin
2023,7,13,68,0,8,11,49,16,2,8,76,84,39,0,6,6,30,11,0,6,47,53,18,0,1,4,16,5,2,1,25,26,0,0,0,0,0,0,0,0,0,0,11,0,1,1,3,0,0,1,4,5,241,0,23,-115,123,Austin
2024,7,13,64,3,4,11,67,29,5,7,107,114,43,0,1,7,46,24,2,1,77,78,18,3,2,4,19,4,3,5,27,32,0,0,0,0,0,0,0,0,0,0,3,0,1,0,2,1,0,1,3,4,261,0,13,-113,125,Austin
2012,8,13,84,4,5,21,87,10,0,9,118,127,44,0,2,13,54,5,0,2,72,74,27,2,3,6,28,5,0,5,39,44,0,0,0,0,0,0,0,0,0,0,13,2,0,2,5,0,0,2,7,9,355,1,32,-83,155,Austin
2013,8,13,84,1,3,16,82,4,0,4,102,106,55,0,2,11,53,2,0,2,66,68,22,1,1,5,23,2,0,2,30,32,1,0,0,0,2,0,0,0,2,2,6,0,0,0,4,0,0,0,4,4,321,4,19,-82,156,Austin
2014,8,13,76,3,7,9,97,3,0,10,109,119,34,3,3,5,66,2,0,6,73,79,35,0,3,3,29,0,0,3,32,35,0,0,0,0,0,0,0,0,0,0,7,0,1,1,2,1,0,1,4,5,318,1,19,-81,157,Austin
2015,8,13,84,5,3,14,65,3,1,8,82,90,40,0,2,6,35,2,1,2,43,45,31,4,1,7,26,0,0,5,33,38,0,0,0,0,0,0,0,0,0,0,13,1,0,1,4,1,0,1,6,7,288,1,29,-80,158,Austin
2016,8,13,71,0,5,8,71,7,2,5,86,91,35,0,2,4,46,3,0,2,53,55,29,0,3,4,17,4,2,3,25,28,0,0,0,0,0,0,0,0,0,0,7,0,0,0,8,0,0,0,8,8,260,0,27,-85,153,Austin
2017,8,13,76,2,7,8,69,12,3,9,89,98,35,0,2,7,37,6,1,2,50,52,32,2,5,1,23,6,1,7,30,37,0,0,0,0,1,0,0,0,1,1,9,0,0,0,8,0,1,0,8,8,266,1,29,-84,154,Austin
2018,8,13,67,3,5,16,78,8,2,8,102,110,36,1,2,12,53,2,0,3,67,70,27,2,3,4,17,5,2,5,26,31,0,0,0,0,0,0,0,0,0,0,4,0,0,0,8,1,0,0,9,9,243,1,16,-83,155,Austin
2019,8,13,53,1,2,5,92,7,0,3,104,107,27,0,1,3,60,3,0,1,66,67,21,1,1,2,24,4,0,2,30,32,0,0,0,0,0,0,0,0,0,0,5,0,0,0,8,0,0,0,8,8,270,1,17,-82,156,Austin
2020,8,13,81,3,9,24,75,7,3,12,106,118,47,1,5,8,49,3,0,6,60,66,28,2,2,16,22,3,3,4,41,45,0,0,0,0,0,0,0,0,0,0,6,0,2,0,4,1,0,2,5,7,294,0,18,-80,158,Austin
2021,8,13,50,1,14,15,64,11,4,15,90,105,19,0,7,10,46,8,1,7,64,71,26,1,4,4,12,3,3,5,19,24,0,0,0,0,0,0,0,0,0,0,5,0,3,1,6,0,0,3,7,10,265,1,26,-86,152,Austin
2022,8,13,51,1,8,10,59,7,1,9,76,85,20,0,4,3,42,5,0,4,50,54,28,1,3,6,15,2,1,4,23,27,0,0,0,0,0,0,0,0,0,0,3,0,1,1,2,0,0,1,3,4,213,0,14,-85,153,Austin
2023,8,13,58,7,11,11,37,27,3,18,75,93,34,1,4,5,17,11,0,5,33,38,19,6,7,5,20,14,2,13,39,52,1,0,0,0,0,0,1,0,0,0,4,0,0,1,0,2,0,0,3,3,232,2,11,-84,154,Austin
2024,8,13,53,2,11,6,55,17,2,13,78,91,27,1,4,3,26,11,2,5,40,45,21,1,5,3,23,6,0,6,32,38,0,0,1,0,1,0,0,1,1,2,5,0,1,0,5,0,0,1,5,6,239,2,21,-82,156,Austin
2012,9,13,103,1,2,18,83,6,1,3,107,110,47,0,0,9,48,5,0,0,62,62,42,0,1,9,22,1,1,1,32,33,2,0,0,0,2,0,0,0,2,2,12,1,1,0,11,0,0,2,11,13,322,5,35,-52,186,Austin
2013,9,13,112,1,6,17,99,7,3,7,123,130,51,0,3,13,72,4,1,3,89,92,48,1,3,2,19,1,2,4,22,26,1,0,0,0,1,2,0,0,3,3,12,0,0,2,7,0,0,0,9,9,389,7,29,-51,187,Austin
2014,9,13,73,7,4,8,65,9,3,11,82,93,33,3,2,7,35,5,0,5,47,52,36,4,2,1,28,3,3,6,32,38,0,0,0,0,0,0,0,0,0,0,4,0,0,0,2,1,0,0,3,3,261,1,14,-50,188,Austin
2015,9,13,90,2,4,8,67,3,2,6,78,84,31,0,1,4,38,1,1,1,43,44,49,2,3,2,21,1,1,5,24,29,0,0,0,1,1,0,0,0,2,2,10,0,0,1,7,1,0,0,9,9,290,2,23,-49,189,Austin
2016,9,13,70,1,4,13,91,5,1,5,109,114,33,0,1,7,59,5,1,1,71,72,25,1,3,4,23,0,0,4,27,31,1,0,0,1,0,0,0,0,1,1,11,0,0,1,9,0,0,0,10,10,300,3,27,-54,184,Austin
2017,9,13,63,5,9,7,86,7,3,14,100,114,38,0,4,5,48,3,3,4,56,60,19,1,3,1,30,4,0,4,35,39,0,4,0,1,1,0,0,4,2,6,6,0,2,0,7,0,0,2,7,9,278,6,19,-53,185,Austin
2018,9,13,69,2,4,10,91,8,2,6,109,115,39,2,1,6,48,4,0,3,58,61,23,0,3,3,29,4,1,3,36,39,2,0,0,0,0,0,0,0,0,0,5,0,0,1,14,0,1,0,15,15,285,2,29,-52,186,Austin
2019,9,13,85,3,7,12,78,13,0,10,103,113,40,1,4,10,52,4,0,5,66,71,37,2,3,2,21,7,0,5,30,35,0,0,0,0,1,0,0,0,1,1,8,0,0,0,4,2,0,0,6,6,305,2,26,-51,187,Austin
2020,9,13,67,3,12,11,66,6,1,15,83,98,31,1,4,5,40,2,0,5,47,52,30,2,6,6,17,3,1,8,26,34,1,0,0,0,0,0,0,0,0,0,5,0,2,0,9,1,0,2,10,12,266,1,25,-49,189,Austin
2021,9,13,56,3,3,14,44,15,3,6,73,79,28,2,1,6,26,11,3,3,43,46,19,1,2,6,15,2,0,3,23,26,3,0,0,2,0,0,0,0,2,2,6,0,0,0,3,2,0,0,5,5,217,5,14,-55,183,Austin
2022,9,13,45,2,5,10,62,19,4,7,91,98,24,1,2,4,34,12,0,3,50,53,16,1,2,6,22,5,3,3,33,36,0,0,0,0,2,1,0,0,3,3,5,0,1,0,4,1,1,1,5,6,245,5,20,-54,184,Austin
2023,9,13,53,5,9,10,36,10,2,14,56,70,21,3,4,6,19,5,0,7,30,37,27,2,4,3,13,4,2,6,20,26,0,0,0,0,0,0,0,0,0,0,5,0,1,1,4,1,0,1,6,7,211,1,16,-53,185,Austin
2024,9,13,74,2,7,8,60,8,4,9,76,85,32,1,2,2,32,5,2,3,39,42,35,1,5,5,25,2,2,6,32,38,0,0,0,0,0,0,0,0,0,0,7,0,0,1,3,1,0,0,5,5,263,0,18,-51,187,Austin
2012,10,13,111,6,2,12,81,6,1,8,99,107,38,1,0,4,45,1,0,1,50,51,65,4,2,7,31,3,1,6,41,47,0,0,0,0,0,0,0,0,0,0,8,1,0,1,5,2,0,1,8,9,356,0,29,-22,216,Austin
2013,10,13,90,3,6,13,81,10,0,9,104,113,38,1,2,7,40,6,0,3,53,56,42,2,4,5,36,4,0,6,45,51,0,0,0,0,0,0,0,0,0,0,10,0,0,1,5,0,0,0,6,6,285,0,19,-21,217,Austin
2014,10,13,73,4,6,16,80,9,1,10,105,115,38,2,2,9,41,2,1,4,52,56,30,1,3,7,32,6,0,4,45,49,1,0,0,0,0,0,0,0,0,0,4,1,1,0,7,1,0,2,8,10,302,2,21,-20,218,Austin
2015,10,13,85,3,5,18,76,4,0,8,98,106,43,0,2,10,38,2,0,2,50,52,37,3,3,6,29,2,0,6,37,43,0,0,0,0,3,0,0,0,3,3,5,0,0,2,6,0,0,0,8,8,309,3,17,-19,219,Austin
2016,10,13,68,2,6,14,72,3,2,8,89,97,33,0,3,8,49,1,2,3,58,61,24,2,2,6,20,1,0,4,27,31,0,0,0,0,0,0,0,0,0,0,11,0,1,0,3,1,0,1,4,5,270,0,24,-24,214,Austin
2017,10,13,84,4,5,11,88,7,0,9,106,115,42,4,2,4,43,6,0,6,53,59,39,0,2,7,38,1,0,2,46,48,0,0,0,0,0,0,0,0,0,0,3,0,1,0,7,0,0,1,7,8,312,1,19,-23,215,Austin
2018,10,13,77,1,7,9,128,5,4,8,142,150,34,1,3,4,55,3,1,4,62,66,37,0,2,5,55,2,2,2,62,64,0,0,1,0,0,0,0,1,0,1,6,0,1,0,18,0,1,1,18,19,329,2,35,-22,216,Austin
2019,10,13,73,5,4,8,88,9,2,9,105,114,27,3,1,4,46,1,0,4,51,55,38,2,3,4,32,7,2,5,43,48,0,0,0,0,0,0,0,0,0,0,8,0,0,0,10,1,0,0,11,11,297,1,28,-21,217,Austin
2020,10,13,71,4,5,10,76,13,6,9,99,108,31,0,2,3,44,7,4,2,54,56,31,4,3,7,30,6,2,7,43,50,0,0,0,0,0,0,0,0,0,0,9,0,0,0,2,0,0,0,2,2,271,0,18,-19,219,Austin
2021,10,13,47,5,9,18,58,11,2,14,87,101,26,3,5,7,36,5,1,8,48,56,19,2,4,10,19,5,1,6,34,40,0,0,0,0,0,0,0,0,0,0,2,0,0,1,3,1,0,0,5,5,235,0,12,-25,213,Austin
2022,10,13,51,2,3,14,77,11,5,5,102,107,27,2,2,7,39,7,3,4,53,57,20,0,1,6,33,3,2,1,42,43,0,0,0,0,1,0,0,0,1,1,4,0,0,1,4,1,0,0,6,6,247,3,12,-24,214,Austin
2023,10,13,52,5,9,8,91,12,3,14,111,125,21,3,1,4,49,6,2,4,59,63,26,2,6,4,35,3,1,8,42,50,0,0,0,0,0,0,0,0,0,0,5,0,2,0,7,3,0,2,10,12,301,1,20,-23,215,Austin
2024,10,13,64,6,12,13,42,11,4,18,66,84,27,2,3,6,19,5,1,5,30,35,31,4,7,7,18,5,3,11,30,41,0,0,0,0,0,0,0,0,0,0,6,0,2,0,5,1,0,2,6,8,257,2,26,-21,217,Austin
2012,11,13,77,1,1,22,100,6,0,2,128,130,29,0,1,12,45,1,0,1,58,59,39,1,0,8,42,5,0,1,55,56,0,0,0,1,0,0,0,0,1,1,9,0,0,1,13,0,0,0,14,14,305,2,30,9,247,Austin
2013,11,13,76,1,5,20,83,8,2,6,111,117,32,0,2,14,48,3,1,2,65,67,36,1,2,4,29,4,1,3,37,40,1,0,0,1,0,0,0,0,1,1,7,0,1,1,6,1,0,1,8,9,288,2,24,10,248,Austin
2014,11,13,66,4,3,15,83,5,1,7,103,110,27,2,1,7,47,2,0,3,56,59,35,1,2,5,30,3,1,3,38,41,0,0,0,0,0,0,0,0,0,0,4,1,0,3,6,0,0,1,9,10,267,1,19,11,249,Austin
2015,11,13,66,2,4,18,84,8,4,6,110,116,30,2,3,10,38,6,3,5,54,59,34,0,1,7,41,2,1,1,50,51,0,0,0,0,0,0,0,0,0,0,2,0,0,1,5,0,0,0,6,6,277,2,17,12,250,Austin
2016,11,13,76,1,6,11,62,4,1,7,77,84,23,0,1,3,26,1,0,1,30,31,46,1,5,8,29,2,1,6,39,45,0,0,0,0,0,0,0,0,0,0,7,0,0,0,7,1,0,0,8,8,260,0,21,7,245,Austin
2017,11,13,94,2,6,16,71,5,1,8,92,100,41,1,4,10,38,1,1,5,49,54,45,1,2,5,28,4,0,3,37,40,0,0,0,0,0,0,0,0,0,0,8,0,0,1,5,0,0,0,6,6,297,0,24,8,246,Austin
2018,11,13,50,0,2,9,91,5,0,2,105,107,24,0,0,4,39,2,0,0,45,45,19,0,2,5,47,2,0,2,54,56,1,0,0,0,0,0,0,0,0,0,6,0,0,0,5,1,0,0,6,6,246,1,15,9,247,Austin
2019,11,13,55,2,4,8,72,8,3,6,88,94,24,2,2,8,35,1,1,4,44,48,26,0,1,0,35,5,1,1,40,41,1,0,0,0,0,0,0,0,0,0,4,0,1,0,2,2,1,1,4,5,248,2,14,10,248,Austin
2020,11,13,62,2,8,18,94,14,2,10,126,136,34,0,4,4,42,4,1,4,50,54,23,2,4,11,39,8,0,6,58,64,0,0,0,1,1,0,0,0,2,2,5,0,0,2,12,2,1,0,16,16,302,2,28,12,250,Austin
2021,11,13,69,0,10,16,66,15,4,10,97,107,27,0,3,9,32,7,2,3,48,51,38,0,7,7,31,6,2,7,44,51,0,0,0,0,0,1,0,0,1,1,4,0,0,0,3,1,0,0,4,4,274,1,16,6,244,Austin
2022,11,13,50,2,6,14,48,16,0,8,78,86,14,0,2,7,17,7,0,2,31,33,32,2,4,7,28,7,0,6,42,48,0,0,0,0,0,0,0,0,0,0,4,0,0,0,3,2,0,0,5,5,203,1,12,7,245,Austin
2023,11,13,45,2,4,12,66,26,0,6,104,110,18,2,1,4,31,15,0,3,50,53,23,0,2,8,34,11,0,2,53,55,1,0,0,0,0,0,0,0,0,0,3,0,1,0,1,0,0,1,1,2,238,1,11,8,246,Austin
2024,11,13,42,3,5,11,55,8,6,8,74,82,18,1,1,5,27,5,1,2,37,39,19,2,2,6,25,3,5,4,34,38,1,0,0,0,0,0,0,0,0,0,4,0,2,0,3,0,0,2,3,5,208,1,14,10,248,Austin
2012,12,13,68,3,3,15,93,4,3,6,112,118,23,1,1,7,47,2,2,2,56,58,39,2,2,6,38,2,1,4,46,50,0,0,0,0,0,0,0,0,0,0,6,0,0,2,8,0,0,0,10,10,299,1,22,39,277,Austin
2013,12,13,85,3,3,18,93,12,1,6,123,129,42,0,3,7,49,7,0,3,63,66,37,3,0,9,34,5,1,3,48,51,1,0,0,1,2,0,0,0,3,3,5,0,0,1,8,0,0,0,9,9,310,4,17,40,278,Austin
2014,12,13,102,3,4,13,88,6,0,7,107,114,44,1,1,11,50,2,0,2,63,65,55,2,3,2,29,3,0,5,34,39,1,0,0,0,0,0,0,0,0,0,2,0,0,0,9,1,0,0,10,10,332,1,25,41,279,Austin
2015,12,13,82,5,3,13,85,5,0,8,103,111,30,3,1,6,41,3,0,4,50,54,47,1,1,5,39,2,0,2,46,48,4,0,0,1,0,0,0,0,1,1,1,1,1,1,5,0,0,2,6,8,314,7,23,42,280,Austin
2016,12,13,80,4,5,11,79,9,4,9,99,108,33,2,1,5,46,3,1,3,54,57,36,2,4,5,29,4,3,6,38,44,0,0,0,0,0,0,0,0,0,0,11,0,0,1,4,2,0,0,7,7,305,1,30,37,275,Austin
2017,12,13,59,3,1,17,79,4,1,4,100,104,17,1,0,6,33,1,1,1,40,41,38,2,1,9,37,3,0,3,49,52,0,0,0,0,0,0,0,0,0,0,4,0,0,2,9,0,0,0,11,11,241,0,18,38,276,Austin
2018,12,13,54,3,7,14,81,6,0,10,101,111,23,0,3,7,37,2,0,3,46,49,22,3,4,6,38,2,0,7,46,53,2,0,0,0,0,1,0,0,1,1,7,0,0,1,6,1,0,0,8,8,263,4,21,39,277,Austin
2019,12,13,63,4,4,13,61,6,1,8,80,88,22,2,1,7,24,4,0,3,35,38,38,2,3,3,30,2,1,5,35,40,0,0,0,0,0,0,0,0,0,0,3,0,0,3,7,0,0,0,10,10,248,1,20,40,278,Austin
2020,12,13,73,6,10,15,49,14,4,16,78,94,24,3,4,4,22,4,0,7,30,37,41,3,4,11,22,8,4,7,41,48,1,0,0,0,1,0,0,0,1,1,7,0,2,0,4,2,0,2,6,8,243,2,22,42,280,Austin
2021,12,13,63,1,8,13,59,15,4,9,87,96,23,0,2,9,30,6,0,2,45,47,35,1,6,4,22,5,3,7,31,38,0,0,0,0,2,1,0,0,3,3,5,0,0,0,5,3,1,0,8,8,247,6,22,36,274,Austin
2022,12,13,52,4,1,11,55,14,2,5,80,85,23,1,0,3,27,6,1,1,36,37,26,3,1,7,25,7,0,4,39,43,0,0,0,0,0,0,0,0,0,0,3,0,0,1,3,1,1,0,5,5,241,0,17,37,275,Austin
2023,12,13,47,2,5,11,63,10,3,7,84,91,24,1,1,4,34,4,1,2,42,44,20,1,4,6,22,4,2,5,32,37,1,0,0,0,0,0,0,0,0,0,2,0,0,1,7,2,0,0,10,10,222,2,18,38,276,Austin
2024,12,13,43,1,4,10,50,9,0,5,69,74,15,0,1,0,26,4,0,1,30,31,24,1,3,9,20,3,0,4,32,36,1,0,0,0,1,1,0,0,2,2,3,0,0,1,3,1,0,0,5,5,220,7,15,40,278,Austin
2012,1,14,90,2,9,21,86,5,0,11,112,123,28,1,3,11,41,2,0,4,54,58,53,1,6,9,38,2,0,7,49,56,0,0,0,0,0,0,0,0,0,0,9,0,0,1,7,1,0,0,9,9,348,0,25,-295,-57,Austin
2013,1,14,85,4,2,31,63,8,1,6,102,108,30,2,0,19,33,4,1,2,56,58,48,1,1,11,20,4,0,2,35,37,1,0,0,0,0,0,0,0,0,0,6,1,1,1,10,0,0,2,11,13,289,1,28,-293,-55,Austin
2014,1,14,81,1,4,18,91,7,1,5,116,121,33,1,2,6,47,1,1,3,54,57,41,0,2,12,36,3,0,2,51,53,1,0,0,0,3,1,0,0,4,4,6,0,0,0,5,2,0,0,7,7,322,6,23,-292,-54,Austin
2015,1,14,67,2,4,19,91,2,1,6,112,118,30,0,1,11,43,0,0,1,54,55,34,2,3,6,37,2,1,5,45,50,0,0,0,0,0,0,0,0,0,0,3,0,0,2,11,0,0,0,13,13,282,1,20,-291,-53,Austin
2016,1,14,67,1,3,15,57,8,1,4,80,84,24,1,1,8,35,3,1,2,46,48,35,0,2,5,15,5,0,2,25,27,0,0,0,0,0,0,0,0,0,0,8,0,0,2,7,0,0,0,9,9,263,0,26,-297,-59,Austin
2017,1,14,81,1,6,10,64,9,1,7,83,90,38,0,1,3,29,3,0,1,35,36,40,1,5,5,29,5,1,6,39,45,0,0,0,0,0,0,0,0,0,0,3,0,0,2,6,1,0,0,9,9,282,2,15,-295,-57,Austin
2018,1,14,65,2,3,12,49,12,4,5,73,78,28,1,0,3,22,5,0,1,30,31,30,1,3,9,19,5,3,4,33,37,0,0,0,0,0,0,0,0,0,0,7,0,0,0,8,2,1,0,10,10,217,2,24,-294,-56,Austin
2019,1,14,65,2,7,12,76,5,2,9,93,102,24,1,5,6,52,3,0,6,61,67,30,1,2,3,15,1,2,3,19,22,1,0,0,0,0,0,0,0,0,0,10,0,0,3,9,1,0,0,13,13,260,1,28,-293,-55,Austin
2020,1,14,70,1,5,15,96,3,0,6,114,120,29,0,2,8,43,1,0,2,52,54,35,1,3,6,45,1,0,4,52,56,0,0,0,0,0,0,0,0,0,0,6,0,0,1,8,1,0,0,10,10,287,0,25,-292,-54,Austin
2021,1,14,51,3,5,15,62,12,4,8,89,97,22,0,1,4,36,4,1,1,44,45,23,3,3,10,25,4,3,6,39,45,0,0,0,0,0,2,0,0,2,2,6,0,1,1,1,2,0,1,4,5,250,4,16,-297,-59,Austin
2022,1,14,42,1,8,10,101,8,1,9,119,128,13,0,3,3,45,4,1,3,52,55,25,1,4,7,48,4,0,5,59,64,0,0,0,0,0,0,0,0,0,0,4,0,1,0,8,0,0,1,8,9,251,0,18,-296,-58,Austin
2023,1,14,56,2,2,12,55,13,8,4,80,84,23,1,0,8,32,4,2,1,44,45,28,1,1,4,21,7,5,2,32,34,0,0,0,0,0,0,0,0,0,0,5,0,1,0,2,2,1,1,4,5,217,0,20,-295,-57,Austin
2024,1,14,51,1,8,10,54,23,1,9,87,96,14,1,0,7,18,8,1,1,33,34,31,0,6,3,30,15,0,6,48,54,0,0,1,0,0,0,0,1,0,1,6,0,1,0,6,0,0,1,6,7,221,3,19,-294,-56,Austin
2012,2,14,78,1,7,14,73,6,1,8,93,101,37,1,1,9,36,1,0,2,46,48,35,0,6,5,24,3,1,6,32,38,1,0,0,0,0,0,0,0,0,0,5,0,0,0,13,2,0,0,15,15,287,1,27,-264,-26,Austin
2013,2,14,87,3,4,11,84,3,0,7,98,105,42,2,3,8,42,1,0,5,51,56,36,1,0,3,34,1,0,1,38,39,0,0,0,0,0,0,0,0,0,0,9,0,1,0,8,1,0,1,9,10,312,0,25,-262,-24,Austin
2014,2,14,77,5,6,17,77,8,1,11,102,113,29,0,1,12,40,4,1,1,56,57,44,5,4,4,29,3,0,9,36,45,0,0,0,0,0,1,0,0,1,1,4,0,1,1,8,0,0,1,9,10,319,3,20,-261,-23,Austin
2015,2,14,93,5,5,8,66,10,1,10,84,94,39,1,2,5,36,5,1,3,46,49,49,4,1,3,24,4,0,5,31,36,2,0,0,0,0,0,0,0,0,0,3,0,2,0,6,1,0,2,7,9,313,3,20,-260,-22,Austin
2016,2,14,80,4,4,13,74,9,2,8,96,104,24,2,2,9,31,4,1,4,44,48,50,2,2,3,33,4,1,4,40,44,0,0,0,0,1,0,0,0,1,1,6,0,0,1,9,1,0,0,11,11,297,1,25,-266,-28,Austin
2017,2,14,83,0,3,12,61,1,1,3,74,77,29,0,2,7,31,1,1,2,39,41,48,0,0,5,27,0,0,0,32,32,0,0,0,0,1,0,0,0,1,1,6,0,1,0,2,0,0,1,2,3,276,4,16,-264,-26,Austin
2018,2,14,79,1,7,10,69,4,1,8,83,91,31,0,4,7,41,2,1,4,50,54,37,1,3,2,22,2,0,4,26,30,0,0,0,1,2,0,0,0,3,3,11,0,0,0,4,0,0,0,4,4,260,4,16,-263,-25,Austin
2019,2,14,55,3,6,10,82,7,1,9,99,108,24,1,1,5,39,4,0,2,48,50,28,2,4,4,32,3,1,6,39,45,1,0,0,0,1,0,0,0,1,1,2,0,1,1,10,0,0,1,11,12,267,3,21,-262,-24,Austin
2020,2,14,65,1,9,23,89,10,3,10,122,132,28,0,3,13,48,6,0,3,67,70,32,1,5,8,29,3,3,6,40,46,1,0,0,0,1,0,0,0,1,1,4,0,1,2,11,1,0,1,14,15,296,3,31,-261,-23,Austin
2021,2,14,45,4,5,9,35,11,1,9,55,64,14,0,1,6,21,7,1,1,34,35,27,4,4,2,13,3,0,8,18,26,1,0,0,0,0,1,0,0,1,1,3,0,0,1,1,0,0,0,2,2,185,2,8,-266,-28,Austin
2022,2,14,48,2,13,13,73,11,1,15,97,112,19,1,7,6,34,8,0,8,48,56,27,1,4,7,30,3,1,5,40,45,1,0,0,0,0,0,0,0,0,0,1,0,2,0,9,0,0,2,9,11,251,3,17,-265,-27,Austin
2023,2,14,56,2,6,14,59,13,6,8,86,94,22,0,3,3,32,8,4,3,43,46,30,2,3,10,21,4,2,5,35,40,1,0,0,0,0,0,0,0,0,0,3,0,0,1,6,1,0,0,8,8,236,1,15,-264,-26,Austin
2024,2,14,43,3,3,11,47,20,3,6,78,84,16,0,0,9,22,6,1,0,37,37,23,2,3,1,22,12,1,5,35,40,0,0,0,0,1,1,0,0,2,2,4,1,0,1,2,1,1,1,4,5,221,3,16,-263,-25,Austin
2012,3,14,74,3,8,18,113,4,0,11,135,146,40,1,1,8,63,1,0,2,72,74,28,2,7,8,43,3,0,9,54,63,2,0,0,1,1,0,0,0,2,2,4,0,0,1,6,0,0,0,7,7,346,6,24,-235,3,Austin
2013,3,14,90,1,6,15,85,8,3,7,108,115,38,0,3,8,47,2,2,3,57,60,45,1,2,6,35,5,1,3,46,49,0,0,0,0,0,0,0,0,0,0,7,0,1,1,3,1,0,1,5,6,346,1,20,-234,4,Austin
2014,3,14,109,1,2,18,103,6,2,3,127,130,55,0,1,9,64,2,1,1,75,76,49,1,1,5,36,3,1,2,44,46,1,0,0,0,1,0,0,0,1,1,4,0,0,4,2,1,0,0,7,7,369,4,16,-233,5,Austin
2015,3,14,111,3,7,12,93,6,3,10,111,121,44,0,2,5,50,3,1,2,58,60,57,3,5,7,34,3,2,8,44,52,3,0,0,0,0,0,0,0,0,0,7,0,0,0,9,0,0,0,9,9,352,3,23,-232,6,Austin
2016,3,14,80,1,7,18,77,5,1,8,100,108,43,0,2,12,40,2,0,2,54,56,34,1,4,6,31,2,0,5,39,44,0,0,0,0,1,0,0,0,1,1,3,0,1,0,5,1,1,1,6,7,315,2,16,-237,1,Austin
2017,3,14,71,0,6,10,65,5,3,6,80,86,26,0,4,6,40,4,1,4,50,54,37,0,2,4,22,1,2,2,27,29,1,0,0,0,0,0,0,0,0,0,7,0,0,0,3,0,0,0,3,3,273,1,17,-236,2,Austin
2018,3,14,101,6,3,9,73,7,3,9,89,98,46,3,2,3,43,5,2,5,51,56,47,3,1,5,21,2,1,4,28,32,0,0,0,1,0,0,0,0,1,1,8,0,0,0,9,0,0,0,9,9,279,2,23,-235,3,Austin
2019,3,14,95,5,6,15,88,4,2,11,107,118,43,2,2,8,57,2,1,4,67,71,36,2,4,6,20,2,1,6,28,34,1,1,0,0,0,0,0,1,0,1,15,0,0,1,11,0,0,0,12,12,313,2,37,-234,4,Austin
2020,3,14,87,2,6,7,77,8,4,8,92,100,51,1,2,3,43,3,1,3,49,52,31,1,4,4,25,5,2,5,34,39,0,0,0,0,1,0,0,0,1,1,5,0,0,0,8,0,1,0,8,8,294,2,24,-232,6,Austin
2021,3,14,69,1,5,12,70,9,5,6,91,97,31,1,2,4,35,5,2,3,44,47,34,0,2,8,31,2,3,2,41,43,0,0,0,0,0,0,0,0,0,0,4,0,1,0,4,2,0,1,6,7,277,0,17,-238,0,Austin
2022,3,14,53,4,10,25,69,23,6,14,117,131,23,1,7,13,43,11,2,8,67,75,22,3,3,11,21,10,4,6,42,48,1,0,0,0,0,1,0,0,1,1,7,0,0,1,5,1,0,0,7,7,292,2,25,-237,1,Austin
2023,3,14,46,0,4,8,65,18,3,4,91,95,25,0,1,4,33,10,1,1,47,48,19,0,2,4,25,7,2,2,36,38,0,0,0,0,1,0,0,0,1,1,2,0,1,0,6,1,0,1,7,8,220,1,15,-236,2,Austin
2024,3,14,52,4,4,9,55,14,8,8,78,86,26,3,1,4,31,8,1,4,43,47,25,1,2,5,18,5,6,3,28,31,0,0,0,0,1,0,0,0,1,1,1,0,1,0,5,1,1,1,6,7,244,1,19,-234,4,Austin
2012,4,14,108,6,11,15,117,10,0,17,142,159,53,2,5,8,64,5,0,7,77,84,50,4,5,6,44,5,0,9,55,64,1,0,0,1,1,0,0,0,2,2,4,0,1,0,8,0,0,1,8,9,396,5,27,-204,34,Austin
2013,4,14,111,2,1,8,111,4,0,3,123,126,38,0,0,5,63,3,0,0,71,71,58,2,1,3,38,1,0,3,42,45,0,0,0,0,4,0,0,0,4,4,15,0,0,0,6,0,0,0,6,6,376,5,30,-203,35,Austin
2014,4,14,66,3,6,17,65,6,0,9,88,97,30,2,3,10,40,4,0,5,54,59,28,1,3,5,20,1,0,4,26,30,1,0,0,1,2,0,0,0,3,3,7,0,0,1,3,1,0,0,5,5,281,7,17,-202,36,Austin
2015,4,14,88,0,5,14,92,3,2,5,109,114,50,0,2,6,60,1,1,2,67,69,30,0,3,5,20,2,1,3,27,30,2,0,0,2,1,0,0,0,3,3,6,0,0,1,11,0,0,0,12,12,335,6,26,-201,37,Austin
2016,4,14,73,0,7,19,70,4,2,7,93,100,34,0,3,12,45,2,1,3,59,62,29,0,4,7,20,1,1,4,28,32,0,0,0,0,0,1,0,0,1,1,10,0,0,0,5,0,0,0,5,5,296,1,28,-206,32,Austin
2017,4,14,98,4,5,6,93,4,2,9,103,112,51,0,3,4,57,1,0,3,62,65,39,3,2,2,27,3,2,5,32,37,4,0,0,0,3,0,0,0,3,3,4,1,0,0,6,0,0,1,6,7,340,7,27,-205,33,Austin
2018,4,14,60,3,7,8,78,2,2,10,88,98,29,1,3,4,43,1,0,4,48,52,26,2,4,4,27,1,0,6,32,38,0,0,0,0,0,0,1,0,0,0,5,0,0,0,8,0,1,0,8,8,257,3,21,-204,34,Austin
2019,4,14,68,2,7,7,77,6,2,9,90,99,34,1,4,1,45,2,2,5,48,53,27,1,2,4,30,4,0,3,38,41,1,0,0,1,0,0,0,0,1,1,6,0,1,1,2,0,0,1,3,4,254,2,14,-203,35,Austin
2020,4,14,66,2,5,12,61,12,1,7,85,92,39,2,1,7,42,9,1,3,58,61,26,0,3,5,11,1,0,3,17,20,0,0,0,0,0,1,0,0,1,1,1,0,1,0,8,1,0,1,9,10,237,1,16,-201,37,Austin
2021,4,14,85,2,7,8,65,3,1,9,76,85,46,2,3,6,40,1,0,5,47,52,28,0,2,2,20,1,0,2,23,25,4,0,0,0,1,0,0,0,1,1,7,0,2,0,4,1,1,2,5,7,292,5,19,-207,31,Austin
2022,4,14,60,1,1,8,59,15,4,2,82,84,27,0,1,2,41,10,2,1,53,54,26,1,0,6,15,5,2,1,26,27,0,0,0,0,0,0,0,0,0,0,7,0,0,0,3,0,0,0,3,3,236,0,17,-206,32,Austin
2023,4,14,62,1,7,10,53,15,3,8,78,86,35,1,3,4,23,8,1,4,35,39,17,0,3,6,26,5,2,3,37,40,1,0,0,0,0,0,0,0,0,0,9,0,1,0,4,2,0,1,6,7,239,1,22,-205,33,Austin
2024,4,14,36,3,13,6,49,36,2,16,91,107,15,3,7,2,26,18,0,10,46,56,18,0,6,4,19,12,2,6,35,41,2,0,0,0,0,0,0,0,0,0,1,0,0,0,4,6,0,0,10,10,242,2,15,-203,35,Austin
2012,5,14,94,2,7,25,93,7,0,9,125,134,42,0,4,18,47,6,0,4,71,75,40,1,2,4,32,1,0,3,37,40,2,0,0,0,0,0,0,0,0,0,10,1,1,3,14,0,0,2,17,19,362,3,37,-174,64,Austin
2013,5,14,98,1,3,16,82,2,2,4,100,104,53,0,1,13,57,0,2,1,70,71,36,1,2,2,18,1,0,3,21,24,2,0,0,0,0,0,0,0,0,0,7,0,0,1,7,1,0,0,9,9,330,2,29,-173,65,Austin
2014,5,14,77,3,5,12,98,12,1,8,122,130,43,2,1,9,63,7,1,3,79,82,24,1,2,0,32,5,0,3,37,40,2,0,0,1,1,0,0,0,2,2,8,0,2,2,2,0,0,2,4,6,305,4,22,-172,66,Austin
2015,5,14,65,3,4,29,77,8,1,7,114,121,47,2,2,21,41,5,1,4,67,71,17,1,2,6,24,3,0,3,33,36,0,0,0,0,0,0,0,0,0,0,1,0,0,2,12,0,0,0,14,14,334,1,28,-171,67,Austin
2016,5,14,78,3,6,6,62,3,3,9,71,80,40,1,2,2,40,2,2,3,44,47,35,2,4,4,17,0,1,6,21,27,1,0,0,0,1,0,0,0,1,1,2,0,0,0,4,1,0,0,5,5,276,3,14,-176,62,Austin
2017,5,14,84,0,3,6,56,3,3,3,65,68,51,0,1,2,36,1,0,1,39,40,26,0,2,4,19,2,2,2,25,27,1,0,0,0,0,0,0,0,0,0,6,0,0,0,1,0,1,0,1,1,239,1,15,-175,63,Austin
2018,5,14,97,2,2,11,55,9,1,4,75,79,52,1,1,7,39,4,0,2,50,52,37,1,1,3,11,4,0,2,18,20,1,0,0,0,0,1,1,0,1,1,7,0,0,1,5,0,0,0,6,6,270,5,21,-174,64,Austin
2019,5,14,83,1,6,12,81,3,0,7,96,103,48,0,4,8,54,3,0,4,65,69,26,1,1,3,19,0,0,2,22,24,0,0,0,0,0,0,0,0,0,0,9,0,1,1,8,0,0,1,9,10,264,0,28,-173,65,Austin
2020,5,14,68,3,3,10,62,5,2,6,77,83,42,1,0,5,40,4,1,1,49,50,22,1,3,5,17,0,1,4,22,26,1,0,0,0,1,0,0,0,1,1,3,1,0,0,4,1,0,1,5,6,244,3,18,-171,67,Austin
2021,5,14,61,0,9,15,58,7,3,9,80,89,39,0,3,4,38,5,0,3,47,50,20,0,4,9,18,1,3,4,28,32,1,0,0,0,0,0,0,0,0,0,1,0,2,2,2,1,0,2,5,7,263,1,17,-177,61,Austin
2022,5,14,48,4,3,15,61,7,3,7,83,90,24,3,1,9,43,3,2,4,55,59,21,1,2,6,17,2,0,3,25,28,0,0,0,0,0,0,0,0,0,0,3,0,0,0,1,2,1,0,3,3,224,1,13,-176,62,Austin
2023,5,14,56,2,11,10,54,22,4,13,86,99,26,0,5,4,30,8,2,5,42,47,28,1,6,5,18,8,1,7,31,38,0,0,0,0,0,1,0,0,1,1,2,1,0,1,6,5,1,1,12,13,232,2,22,-175,63,Austin
2024,5,14,45,3,4,13,66,14,3,7,93,100,23,1,0,4,43,7,2,1,54,55,20,0,4,7,15,7,1,4,29,33,0,0,0,1,1,0,0,0,2,2,2,2,0,1,7,0,0,2,8,10,239,2,16,-173,65,Austin
2012,6,14,99,2,7,18,87,5,1,9,110,119,53,0,5,13,62,2,1,5,77,82,30,2,1,3,17,1,0,3,21,24,1,0,0,0,0,0,0,0,0,0,15,0,1,2,8,2,0,1,12,13,342,2,40,-143,95,Austin
2013,6,14,96,2,9,11,119,5,2,11,135,146,49,1,8,8,83,3,1,9,94,103,33,1,1,2,28,1,1,2,31,33,1,0,0,0,0,0,0,0,0,0,13,0,0,1,8,1,0,0,10,10,390,1,34,-142,96,Austin
2014,6,14,94,6,7,19,83,7,1,13,109,122,47,2,2,11,54,3,1,4,68,72,37,4,3,6,22,4,0,7,32,39,0,0,1,0,0,0,0,1,0,1,10,0,1,2,7,0,0,1,9,10,322,1,28,-141,97,Austin
2015,6,14,79,0,1,8,63,8,0,1,79,80,32,0,0,5,35,1,0,0,41,41,40,0,0,3,22,6,0,0,31,31,0,0,0,0,0,0,0,0,0,0,7,0,1,0,6,1,0,1,7,8,272,0,17,-140,98,Austin
2016,6,14,75,1,3,13,90,6,3,4,109,113,43,1,1,6,71,0,3,2,77,79,23,0,1,6,13,3,0,1,22,23,0,0,0,0,0,0,0,0,0,0,9,0,1,1,6,3,0,1,10,11,294,0,30,-145,93,Austin
2017,6,14,77,2,4,14,82,8,3,6,104,110,42,1,3,9,49,5,2,4,63,67,28,1,1,5,23,3,1,2,31,33,0,0,0,0,0,0,0,0,0,0,7,0,0,0,10,0,0,0,10,10,309,2,30,-144,94,Austin
2018,6,14,83,1,4,8,70,5,3,5,83,88,58,0,2,7,46,4,2,2,57,59,15,1,2,1,15,0,1,3,16,19,0,0,0,0,0,0,0,0,0,0,10,0,0,0,9,1,0,0,10,10,256,0,28,-143,95,Austin
2019,6,14,89,3,3,11,89,10,2,6,110,116,50,1,2,5,57,7,2,3,69,72,31,2,1,6,24,2,0,3,32,35,0,0,0,0,0,0,0,0,0,0,8,0,0,0,8,1,0,0,9,9,303,1,32,-142,96,Austin
2020,6,14,76,2,9,11,59,12,3,11,82,93,35,0,3,8,39,6,1,3,53,56,29,1,6,3,17,5,2,7,25,32,0,0,0,0,0,0,0,0,0,0,12,1,0,0,3,1,0,1,4,5,268,1,26,-140,98,Austin
2021,6,14,65,1,8,12,52,15,1,9,79,88,39,1,4,7,33,13,0,5,53,58,21,0,4,5,13,1,1,4,19,23,0,0,0,0,0,0,0,0,0,0,5,0,0,0,6,1,0,0,7,7,252,0,19,-146,92,Austin
2022,6,14,47,8,10,14,70,14,3,18,98,116,27,4,5,11,38,10,2,9,59,68,14,2,2,3,24,4,1,4,31,35,0,0,0,0,1,0,0,0,1,1,6,2,3,0,7,0,0,5,7,12,254,1,22,-145,93,Austin
2023,6,14,53,1,6,11,53,27,3,7,91,98,33,0,3,4,31,20,2,3,55,58,16,1,2,7,17,4,1,3,28,31,1,0,0,0,0,0,0,0,0,0,3,0,1,0,5,3,0,1,8,9,246,3,18,-144,94,Austin
2024,6,14,52,2,11,14,48,16,3,13,78,91,31,0,5,12,30,8,2,5,50,55,14,0,2,1,15,6,1,2,22,24,1,0,0,0,0,1,0,0,1,1,6,2,4,1,3,1,0,6,5,11,230,2,26,-142,96,Austin
2012,7,14,112,3,5,16,100,1,2,8,117,125,47,0,1,7,51,1,2,1,59,60,53,3,4,9,37,0,0,7,46,53,3,0,0,0,0,0,0,0,0,0,9,0,0,0,12,0,0,0,12,12,378,4,36,-113,125,Austin
2013,7,14,104,1,7,12,95,9,3,8,116,124,54,0,2,9,61,8,1,2,78,80,41,1,5,2,25,0,2,6,27,33,0,0,0,0,1,0,0,0,1,1,9,0,0,1,8,1,0,0,10,10,343,4,27,-112,126,Austin
2014,7,14,93,7,4,15,89,9,1,11,113,124,51,3,4,8,65,5,1,7,78,85,30,2,0,5,19,3,0,2,27,29,0,0,0,0,0,0,0,0,0,0,12,2,0,2,5,1,0,2,8,10,351,0,36,-111,127,Austin
2015,7,14,88,3,2,9,94,4,0,5,107,112,48,2,1,7,70,0,0,3,77,80,34,1,1,2,22,2,0,2,26,28,0,0,0,0,1,0,0,0,1,1,6,0,0,0,1,2,0,0,3,3,314,1,21,-110,128,Austin
2016,7,14,71,4,5,15,66,8,2,9,89,98,44,1,3,9,46,5,1,4,60,64,20,3,2,4,15,1,1,5,20,25,0,0,0,0,0,1,0,0,1,1,7,0,0,2,5,1,0,0,8,8,270,1,26,-115,123,Austin
2017,7,14,103,0,9,11,85,6,1,9,102,111,48,0,5,9,53,4,1,5,66,71,45,0,1,0,26,1,0,1,27,28,1,0,0,0,0,0,0,0,0,0,9,0,3,2,6,1,0,3,9,12,351,1,36,-114,124,Austin
2018,7,14,76,2,5,13,79,10,0,7,102,109,40,1,1,8,54,4,0,2,66,68,30,1,3,5,16,4,0,4,25,29,1,0,0,0,0,0,0,0,0,0,5,0,1,0,9,2,0,1,11,12,291,2,22,-113,125,Austin
2019,7,14,65,3,7,10,67,11,1,10,88,98,36,0,5,5,38,5,0,5,48,53,28,3,2,5,23,5,1,5,33,38,1,0,0,0,0,0,0,0,0,0,0,0,0,0,6,1,0,0,7,7,267,3,15,-112,126,Austin
2020,7,14,64,3,10,13,70,19,4,13,102,115,42,3,6,7,49,12,3,9,68,77,16,0,4,6,15,4,1,4,25,29,0,0,0,0,0,1,0,0,1,1,6,0,0,0,6,2,0,0,8,8,281,1,21,-110,128,Austin
2021,7,14,67,3,7,9,62,9,4,10,80,90,44,3,4,4,46,8,2,7,58,65,15,0,2,5,14,1,2,2,20,22,2,0,0,0,0,0,0,0,0,0,6,0,1,0,2,0,0,1,2,3,236,3,16,-116,122,Austin
2022,7,14,47,3,8,7,60,18,1,11,85,96,23,3,5,3,45,11,0,8,59,67,22,0,2,4,11,5,1,2,20,22,0,0,0,0,0,0,0,0,0,0,2,0,1,0,4,2,0,1,6,7,234,0,11,-115,123,Austin
2023,7,14,68,4,5,12,38,17,7,9,67,76,36,0,4,5,13,9,2,4,27,31,25,3,1,5,21,5,5,4,31,35,0,1,0,0,0,0,0,1,0,1,7,0,0,2,4,3,0,0,9,9,244,1,21,-114,124,Austin
2024,7,14,63,2,7,7,63,22,6,9,92,101,30,1,2,2,41,13,2,3,56,59,29,1,5,5,16,7,3,6,28,34,0,0,0,0,0,1,0,0,1,1,4,0,0,0,6,1,1,0,7,7,261,3,17,-112,126,Austin
2012,8,14,90,3,0,12,76,7,4,3,95,98,48,0,0,9,42,4,2,0,55,55,31,3,0,3,23,3,1,3,29,32,0,0,0,0,0,0,0,0,0,0,11,0,0,0,11,0,1,0,11,11,340,2,35,-82,156,Austin
2013,8,14,72,4,5,14,75,4,3,9,93,102,44,1,2,10,47,2,0,3,59,62,22,2,3,3,21,2,3,5,26,31,1,0,0,1,0,0,0,0,1,1,5,1,0,0,7,0,0,1,7,8,285,3,21,-81,157,Austin
2014,8,14,71,1,2,17,77,7,1,3,101,104,30,0,1,8,53,6,1,1,67,68,29,1,1,8,21,1,0,2,30,32,0,0,0,0,0,0,0,0,0,0,12,0,0,1,3,0,0,0,4,4,311,2,23,-80,158,Austin
2015,8,14,71,1,4,16,77,2,2,5,95,100,47,1,3,6,54,1,1,4,61,65,22,0,1,8,17,0,1,1,25,26,0,0,0,0,0,1,0,0,1,1,2,0,0,2,6,0,0,0,8,8,293,2,18,-79,159,Austin
2016,8,14,77,2,5,5,58,3,2,7,66,73,40,1,0,5,35,2,1,1,42,43,35,1,3,0,19,0,1,4,19,23,1,0,0,0,0,0,0,0,0,0,1,0,2,0,4,1,0,2,5,7,245,1,12,-84,154,Austin
2017,8,14,64,2,9,10,75,4,2,11,89,100,37,2,1,6,52,3,1,3,61,64,18,0,7,3,21,1,1,7,25,32,0,0,0,0,0,0,0,0,0,0,9,0,1,1,2,0,0,1,3,4,268,1,21,-83,155,Austin
2018,8,14,80,2,3,6,70,11,2,5,87,92,49,1,0,4,53,7,1,1,64,65,24,1,3,2,13,1,1,4,16,20,0,0,0,0,0,2,0,0,2,2,7,0,0,0,4,1,0,0,5,5,279,2,18,-82,156,Austin
2019,8,14,70,0,4,13,63,7,2,4,83,87,41,0,0,8,46,2,1,0,56,56,24,0,3,4,14,5,1,3,23,26,1,0,0,0,0,0,0,0,0,0,4,0,1,1,3,0,0,1,4,5,260,1,15,-81,157,Austin
2020,8,14,58,4,9,11,67,17,0,13,95,108,38,0,3,7,47,5,0,3,59,62,15,4,6,4,15,9,0,10,28,38,0,0,0,0,0,0,0,0,0,0,5,0,0,0,5,3,0,0,8,8,267,0,19,-79,159,Austin
2021,8,14,54,4,9,14,45,9,2,13,68,81,33,1,3,6,27,9,1,4,42,46,16,3,6,7,14,0,1,9,21,30,2,0,0,0,0,0,0,0,0,0,3,0,0,1,4,0,0,0,5,5,225,2,16,-85,153,Austin
2022,8,14,55,4,14,8,50,14,3,18,72,90,19,2,5,5,27,8,0,7,40,47,29,1,8,2,20,6,3,9,28,37,0,0,1,0,0,0,0,1,0,1,7,1,0,1,3,0,0,1,4,5,226,1,16,-84,154,Austin
2023,8,14,59,2,6,10,35,30,3,8,75,83,32,2,4,3,13,22,1,6,38,44,23,0,1,6,19,4,1,1,29,30,0,0,0,0,0,0,0,0,0,0,4,0,1,1,3,4,1,1,8,9,221,1,21,-83,155,Austin
2024,8,14,48,2,4,9,48,18,0,6,75,81,27,0,2,7,30,11,0,2,48,50,17,1,1,2,16,4,0,2,22,24,1,1,0,0,0,1,0,1,1,2,3,0,1,0,2,2,0,1,4,5,217,4,13,-81,157,Austin
2012,9,14,88,3,3,27,99,5,1,6,131,137,41,1,0,17,53,1,0,1,71,72,36,1,2,8,39,4,1,3,51,54,0,0,0,1,0,0,0,0,1,1,11,1,1,1,7,0,0,2,8,10,379,1,37,-51,187,Austin
2013,9,14,112,0,6,8,80,7,0,6,95,101,53,0,3,4,45,4,0,3,53,56,55,0,2,4,27,2,0,2,33,35,0,0,0,0,0,0,0,0,0,0,4,0,1,0,8,1,0,1,9,10,341,0,24,-50,188,Austin
2014,9,14,93,7,7,10,67,5,4,14,82,96,41,2,4,7,32,2,3,6,41,47,47,5,3,3,30,2,1,8,35,43,0,0,0,0,1,0,0,0,1,1,5,0,0,0,4,1,0,0,5,5,303,2,16,-49,189,Austin
2015,9,14,76,3,4,12,97,4,1,7,113,120,34,1,2,9,57,2,1,3,68,71,35,1,2,2,37,1,0,3,40,43,2,0,0,0,0,0,0,0,0,0,5,1,0,1,3,1,0,1,5,6,318,3,19,-48,190,Austin
2016,9,14,78,7,8,14,86,6,3,15,106,121,31,3,5,5,57,4,2,8,66,74,40,4,2,8,24,2,1,6,34,40,0,0,0,0,1,0,0,0,1,1,7,0,1,1,4,0,0,1,5,6,311,2,23,-53,185,Austin
2017,9,14,84,3,2,10,61,1,2,5,72,77,42,1,0,6,34,0,1,1,40,41,34,2,2,3,20,1,0,4,24,28,2,0,0,1,2,0,0,0,3,3,6,0,0,0,5,0,1,0,5,5,282,6,18,-52,186,Austin
2018,9,14,51,3,5,10,84,7,1,8,101,109,25,2,1,7,50,3,0,3,60,63,21,1,4,3,25,4,1,5,32,37,0,0,0,0,0,0,0,0,0,0,5,0,0,0,9,0,0,0,9,9,252,1,20,-51,187,Austin
2019,9,14,68,4,5,8,82,8,0,9,98,107,33,2,2,5,41,2,0,4,48,52,30,2,3,3,38,6,0,5,47,52,0,0,0,0,0,0,0,0,0,0,5,0,0,0,3,0,0,0,3,3,271,0,13,-50,188,Austin
2020,9,14,63,5,6,16,74,9,2,11,99,110,35,1,4,9,43,4,2,5,56,61,24,4,1,5,28,4,0,5,37,42,0,0,0,0,0,0,0,0,0,0,4,0,1,2,3,1,0,1,6,7,269,1,18,-48,190,Austin
2021,9,14,55,6,4,11,54,15,5,10,80,90,33,2,2,5,29,10,3,4,44,48,17,2,2,5,20,4,1,4,29,33,0,1,0,0,2,0,0,1,2,3,5,1,0,1,3,1,1,1,5,6,237,4,16,-54,184,Austin
2022,9,14,48,4,5,16,83,14,2,9,113,122,21,2,0,14,49,5,2,2,68,70,20,1,3,1,26,8,0,4,35,39,1,0,1,0,0,1,0,1,1,2,6,1,1,1,8,0,0,2,9,11,238,4,18,-53,185,Austin
2023,9,14,46,0,2,13,35,19,1,2,67,69,24,0,0,4,17,11,1,0,32,32,18,0,1,9,16,4,0,1,29,30,1,0,0,0,0,0,0,0,0,0,3,0,1,0,2,4,0,1,6,7,201,3,11,-52,186,Austin
2024,9,14,50,5,9,12,52,8,4,14,72,86,24,3,7,6,25,4,0,10,35,45,23,2,2,6,20,4,4,4,30,34,0,0,0,0,3,0,0,0,3,3,3,0,0,0,4,0,0,0,4,4,224,3,8,-50,188,Austin
2012,10,14,95,2,3,10,112,7,2,5,129,134,38,0,0,3,45,3,0,0,51,51,49,2,1,7,55,2,2,3,64,67,0,0,0,0,0,0,0,0,0,0,8,0,2,0,12,2,0,2,14,16,345,1,30,-21,217,Austin
2013,10,14,85,3,5,17,84,15,1,8,116,124,39,1,3,9,43,6,1,4,58,62,35,1,2,6,29,8,0,3,43,46,0,0,0,1,0,0,0,0,1,1,11,1,0,1,12,1,0,1,14,15,313,2,32,-20,218,Austin
2014,10,14,86,2,3,8,93,3,1,5,104,109,44,1,3,3,66,2,0,4,71,75,33,1,0,4,24,1,1,1,29,30,2,0,0,1,0,0,0,0,1,1,7,0,0,0,3,0,0,0,3,3,319,4,17,-19,219,Austin
2015,10,14,95,1,4,9,66,2,4,5,77,82,46,0,3,6,43,0,3,3,49,52,43,1,1,3,16,2,1,2,21,23,0,0,0,0,0,0,0,0,0,0,6,0,0,0,7,0,0,0,7,7,309,1,18,-18,220,Austin
2016,10,14,82,3,7,19,78,2,3,10,99,109,33,1,2,12,48,1,2,3,61,64,43,1,5,7,22,0,1,6,29,35,3,0,0,0,0,0,0,0,0,0,3,1,0,0,8,1,0,1,9,10,309,4,18,-23,215,Austin
2017,10,14,85,2,5,11,75,9,3,7,95,102,43,0,1,5,35,1,2,1,41,42,36,2,4,6,27,8,1,6,41,47,0,0,0,0,0,0,0,0,0,0,6,0,0,0,13,0,0,0,13,13,299,2,25,-22,216,Austin
2018,10,14,81,5,10,8,131,6,3,15,145,160,47,0,5,5,56,2,0,5,63,68,30,5,5,3,62,4,3,10,69,79,1,0,0,0,0,0,0,0,0,0,3,0,0,0,13,0,0,0,13,13,321,1,22,-21,217,Austin
2019,10,14,65,4,4,10,105,9,4,8,124,132,28,0,3,6,57,2,1,3,65,68,31,4,1,3,39,7,3,5,49,54,1,0,0,0,0,0,0,0,0,0,5,0,0,1,9,0,0,0,10,10,292,2,29,-20,218,Austin
2020,10,14,65,2,5,8,84,8,2,7,100,107,25,0,3,4,51,7,1,3,62,65,34,2,2,2,29,1,1,4,32,36,0,0,0,2,0,0,0,0,2,2,6,0,0,0,4,0,0,0,4,4,261,2,15,-18,220,Austin
2021,10,14,44,2,5,7,81,11,3,7,99,106,21,2,2,1,46,7,1,4,54,58,21,0,3,5,32,3,2,3,40,43,0,0,0,0,0,0,0,0,0,0,2,0,0,1,3,1,0,0,5,5,224,0,11,-24,214,Austin
2022,10,14,47,3,9,17,81,13,3,12,111,123,19,0,2,10,41,5,0,2,56,58,25,3,5,2,36,7,2,8,45,53,0,0,1,2,1,0,0,1,3,4,3,0,1,3,3,1,1,1,7,8,272,5,12,-23,215,Austin
2023,10,14,59,3,7,12,59,17,5,10,88,98,13,1,2,5,26,9,1,3,40,43,39,2,5,7,29,6,4,7,42,49,2,0,0,0,0,0,0,0,0,0,5,0,0,0,4,2,0,0,6,6,258,2,21,-22,216,Austin
2024,10,14,58,2,4,16,30,16,3,6,62,68,21,2,1,7,20,12,0,3,39,42,34,0,3,8,8,4,2,3,20,23,1,0,0,0,0,0,1,0,0,0,2,0,0,1,2,0,0,0,3,3,201,2,10,-20,218,Austin
2012,11,14,72,1,3,16,95,6,1,4,117,121,28,1,2,9,51,3,1,3,63,66,35,0,1,4,40,3,0,1,47,48,0,0,0,0,0,0,0,0,0,0,9,0,0,3,4,0,0,0,7,7,307,0,23,10,248,Austin
2013,11,14,84,2,1,15,96,2,1,3,113,116,29,1,0,7,47,2,1,1,56,57,48,1,1,8,35,0,0,2,43,45,1,0,0,0,0,0,0,0,0,0,6,0,0,0,14,0,0,0,14,14,302,1,31,11,249,Austin
2014,11,14,65,2,1,9,93,7,2,3,109,112,28,0,1,8,46,2,1,1,56,57,32,2,0,1,37,5,0,2,43,45,0,0,0,0,0,0,0,0,0,0,5,0,0,0,10,0,1,0,10,10,275,0,18,12,250,Austin
2015,11,14,77,1,7,10,70,4,1,8,84,92,30,0,3,5,43,1,0,3,49,52,42,1,4,5,24,3,0,5,32,37,0,0,0,0,0,0,0,0,0,0,5,0,0,0,3,0,1,0,3,3,276,1,14,13,251,Austin
2016,11,14,77,3,8,19,60,4,2,11,83,94,30,1,4,11,34,4,2,5,49,54,42,2,4,6,23,0,0,6,29,35,0,0,0,0,0,0,0,0,0,0,5,0,0,2,3,0,0,0,5,5,287,0,17,8,246,Austin
2017,11,14,76,0,3,12,65,5,1,3,82,85,22,0,2,6,33,3,0,2,42,44,48,0,1,5,29,1,1,1,35,36,1,0,0,0,0,0,0,0,0,0,5,0,0,1,3,1,0,0,5,5,244,1,19,9,247,Austin
2018,11,14,71,1,5,19,81,5,2,6,105,111,29,1,2,12,30,1,1,3,43,46,33,0,2,7,41,4,1,2,52,54,0,0,0,0,0,0,0,0,0,0,9,0,1,0,10,0,0,1,10,11,263,1,22,10,248,Austin
2019,11,14,53,3,6,11,64,3,4,9,78,87,16,1,1,5,32,1,1,2,38,40,31,2,5,6,27,2,3,7,35,42,1,0,0,0,0,0,0,0,0,0,5,0,0,0,5,0,0,0,5,5,246,1,21,11,249,Austin
2020,11,14,76,3,7,16,73,8,3,10,97,107,25,2,5,9,36,5,1,7,50,57,45,1,2,5,32,2,1,3,39,42,0,0,0,0,0,0,0,0,0,0,6,0,0,2,5,1,1,0,8,8,291,1,21,13,251,Austin
2021,11,14,41,3,10,14,57,9,3,13,80,93,21,0,6,6,21,5,2,6,32,38,18,3,4,7,34,3,0,7,44,51,0,0,0,0,0,0,0,0,0,0,2,0,0,1,2,1,1,0,4,4,214,0,8,7,245,Austin
2022,11,14,55,2,8,15,60,14,4,10,89,99,19,2,2,8,21,8,0,4,37,41,30,0,4,7,25,4,4,4,36,40,0,0,2,0,0,0,0,2,0,2,6,0,0,0,14,2,0,0,16,16,241,2,25,8,246,Austin
2023,11,14,43,3,0,13,47,20,1,3,80,83,13,1,0,1,16,7,0,1,24,25,23,2,0,11,25,13,1,2,49,51,1,0,0,0,0,0,0,0,0,0,6,0,0,1,6,0,0,0,7,7,194,1,17,9,247,Austin
2024,11,14,41,2,4,10,59,7,3,6,76,82,17,2,1,5,30,4,0,3,39,42,22,0,3,5,22,3,3,3,30,33,0,0,0,0,0,0,0,0,0,0,2,0,0,0,7,0,0,0,7,7,220,0,14,11,249,Austin
2012,12,14,76,1,1,17,96,7,2,2,120,122,24,1,0,10,33,4,1,1,47,48,46,0,1,6,55,3,1,1,64,65,0,0,0,0,2,0,0,0,2,2,6,0,0,1,6,0,0,0,7,7,328,2,21,40,278,Austin
2013,12,14,71,2,8,20,107,7,1,10,134,144,16,0,1,10,38,2,1,1,50,51,50,2,6,8,61,5,0,8,74,82,0,0,0,0,1,0,0,0,1,1,5,0,1,2,7,0,0,1,9,10,345,2,26,41,279,Austin
2014,12,14,93,4,7,10,88,6,1,11,104,115,20,1,2,2,32,3,0,3,37,40,64,3,5,7,52,1,1,8,60,68,1,0,0,0,2,0,0,0,2,2,8,0,0,1,2,2,0,0,5,5,312,5,19,42,280,Austin
2015,12,14,63,3,5,10,85,3,1,8,98,106,23,1,2,3,55,1,0,3,59,62,38,1,3,5,22,2,1,4,29,33,0,0,0,0,1,0,0,0,1,1,2,1,0,2,7,0,0,1,9,10,260,2,17,43,281,Austin
2016,12,14,74,4,5,24,71,10,3,9,105,114,32,3,1,10,39,3,2,4,52,56,35,1,3,10,28,4,1,4,42,46,0,0,0,1,0,2,0,0,3,3,7,0,1,3,4,1,0,1,8,9,291,3,22,38,276,Austin
2017,12,14,59,2,5,10,104,6,2,7,120,127,21,0,2,4,47,3,0,2,54,56,35,2,1,6,48,3,2,3,57,60,0,0,0,0,1,0,0,0,1,1,3,0,2,0,8,0,0,2,8,10,276,2,18,39,277,Austin
2018,12,14,65,6,5,11,94,8,0,11,113,124,32,2,1,5,50,0,0,3,55,58,27,3,4,6,34,7,0,7,47,54,0,0,0,0,0,1,0,0,1,1,6,1,0,0,10,0,0,1,10,11,282,3,32,40,278,Austin
2019,12,14,86,8,8,15,95,13,1,16,123,139,28,2,1,5,49,2,0,3,56,59,47,5,6,9,43,9,1,11,61,72,3,1,0,0,0,1,0,1,1,2,8,0,1,1,3,1,0,1,5,6,324,5,23,41,279,Austin
2020,12,14,57,1,9,15,70,11,1,10,96,106,23,0,1,9,32,5,1,1,46,47,32,0,7,6,31,4,0,7,41,48,0,0,0,0,2,0,0,0,2,2,2,1,1,0,5,2,0,2,7,9,258,3,18,43,281,Austin
2021,12,14,46,2,6,11,71,9,4,8,91,99,23,0,2,3,29,4,1,2,36,38,18,2,3,7,31,5,1,5,43,48,1,0,0,0,3,0,0,0,3,3,4,0,1,1,8,0,2,1,9,10,226,4,19,37,275,Austin
2022,12,14,47,3,3,12,70,20,1,6,102,108,21,1,1,5,30,8,0,2,43,45,19,2,2,7,34,12,1,4,53,57,2,0,0,0,1,0,0,0,1,1,5,0,0,0,5,0,0,0,5,5,229,4,16,38,276,Austin
2023,12,14,46,5,6,10,53,14,4,11,77,88,20,0,2,5,26,4,1,2,35,37,23,4,1,4,21,9,2,5,34,39,1,0,0,1,0,0,0,0,1,1,2,1,3,0,6,1,1,4,7,11,214,2,24,39,277,Austin
2024,12,14,59,1,8,8,72,8,2,9,88,97,12,1,3,6,34,3,0,4,43,47,40,0,4,2,34,4,2,4,40,44,0,0,0,0,1,1,0,0,2,2,7,0,1,0,3,0,0,1,3,4,246,2,14,41,279,Austin
2012,1,15,89,0,3,6,111,1,1,3,118,121,37,0,1,5,46,1,0,1,52,53,45,0,1,1,49,0,1,1,50,51,0,0,0,0,0,0,0,0,0,0,7,0,1,0,16,0,0,1,16,17,331,0,31,-294,-56,Austin
2013,1,15,68,2,5,18,80,5,1,7,103,110,25,1,2,11,31,2,0,3,44,47,36,1,3,6,37,2,1,4,45,49,0,0,0,0,0,0,0,0,0,0,7,0,0,1,12,1,0,0,14,14,292,0,29,-292,-54,Austin
2014,1,15,59,1,4,33,83,6,0,5,122,127,21,0,1,23,40,4,0,1,67,68,36,1,3,9,30,2,0,4,41,45,1,0,0,1,1,0,0,0,2,2,1,0,0,0,12,0,0,0,12,12,315,3,30,-291,-53,Austin
2015,1,15,67,5,1,24,82,3,4,6,109,115,24,3,0,16,43,1,1,3,60,63,36,1,1,4,33,2,3,2,39,41,1,0,0,0,1,0,0,0,1,1,6,1,0,4,5,0,0,1,9,10,306,2,21,-290,-52,Austin
2016,1,15,95,3,4,24,80,13,0,7,117,124,32,0,1,11,44,7,0,1,62,63,54,3,3,10,28,6,0,6,44,50,1,0,0,0,0,0,0,0,0,0,8,0,0,3,8,0,0,0,11,11,349,2,33,-296,-58,Austin
2017,1,15,69,0,8,5,70,10,2,8,85,93,27,0,2,4,36,3,1,2,43,45,35,0,6,1,26,6,1,6,33,39,0,0,0,0,0,0,0,0,0,0,7,0,0,0,8,1,0,0,9,9,269,1,21,-294,-56,Austin
2018,1,15,77,1,6,15,60,4,0,7,79,86,35,0,1,5,28,2,0,1,35,36,38,1,5,8,24,0,0,6,32,38,0,0,0,0,0,0,0,0,0,0,4,0,0,2,8,2,0,0,12,12,235,0,17,-293,-55,Austin
2019,1,15,70,2,6,9,86,4,2,8,99,107,20,0,3,6,35,1,1,3,42,45,39,2,2,2,36,3,1,4,41,45,1,0,1,0,0,0,0,1,0,1,10,0,0,1,15,0,0,0,16,16,264,2,36,-292,-54,Austin
2020,1,15,63,0,4,13,71,4,3,4,88,92,27,0,2,10,30,2,2,2,42,44,29,0,2,2,36,2,1,2,40,42,0,0,0,0,0,0,0,0,0,0,7,0,0,1,5,0,0,0,6,6,277,1,22,-291,-53,Austin
2021,1,15,73,4,2,13,71,12,1,6,96,102,28,1,1,8,36,4,0,2,48,50,38,3,1,5,30,5,1,4,40,44,0,0,0,0,1,1,0,0,2,2,7,0,0,0,4,2,0,0,6,6,270,3,25,-296,-58,Austin
2022,1,15,63,3,14,15,64,15,2,17,94,111,23,1,3,10,38,8,1,4,56,60,35,2,10,5,17,6,1,12,28,40,1,0,0,0,0,0,0,0,0,0,4,0,1,0,9,1,0,1,10,11,250,1,19,-295,-57,Austin
2023,1,15,62,2,10,11,57,11,2,12,79,91,18,1,3,6,30,5,1,4,41,45,39,1,6,5,22,3,1,7,30,37,0,0,0,0,1,0,0,0,1,1,5,0,1,0,4,3,0,1,7,8,234,2,19,-294,-56,Austin
2024,1,15,46,1,4,7,42,22,2,5,71,76,18,0,3,2,16,12,0,3,30,33,26,1,0,4,21,9,2,1,34,35,0,0,0,0,0,0,0,0,0,0,2,0,1,1,5,1,0,1,7,8,182,1,15,-293,-55,Austin
2012,2,15,110,6,6,14,89,3,0,12,106,118,55,0,2,6,44,3,0,2,53,55,45,4,3,8,34,0,0,7,42,49,1,1,0,0,1,0,0,1,1,2,9,1,1,0,10,0,0,2,10,12,362,4,34,-263,-25,Austin
2013,2,15,108,1,6,27,73,4,0,7,104,111,40,0,2,11,44,1,0,2,56,58,63,1,3,14,17,2,0,4,33,37,0,0,0,2,0,0,0,0,2,2,5,0,1,0,12,1,0,1,13,14,361,4,22,-261,-23,Austin
2014,2,15,93,2,6,14,93,5,0,8,112,120,40,0,2,9,47,3,0,2,59,61,47,2,4,3,34,2,0,6,39,45,1,0,0,0,0,0,0,0,0,0,5,0,0,2,12,0,0,0,14,14,336,2,29,-260,-22,Austin
2015,2,15,88,1,11,16,65,6,4,12,87,99,35,0,5,5,29,3,1,5,37,42,49,1,5,9,35,3,3,6,47,53,0,0,0,1,0,0,0,0,1,1,4,0,1,1,1,0,0,1,2,3,326,2,17,-259,-21,Austin
2016,2,15,78,5,5,19,78,6,2,10,103,113,29,1,3,13,51,3,0,4,67,71,41,3,1,5,23,3,2,4,31,35,0,0,0,0,0,0,0,0,0,0,8,1,1,1,4,0,0,2,5,7,300,0,23,-265,-27,Austin
2017,2,15,59,0,4,8,67,4,2,4,79,83,15,0,1,5,45,1,1,1,51,52,38,0,3,3,15,2,1,3,20,23,0,0,0,0,0,0,0,0,0,0,6,0,0,0,7,1,0,0,8,8,239,1,20,-263,-25,Austin
2018,2,15,71,3,4,12,52,9,4,7,73,80,27,1,3,4,32,4,1,4,40,44,38,2,0,6,18,4,3,2,28,30,2,0,0,1,0,0,0,0,1,1,4,0,1,1,2,1,0,1,4,5,265,4,12,-262,-24,Austin
2019,2,15,82,2,5,16,93,8,4,7,117,124,36,0,2,12,44,2,2,2,58,60,43,2,2,3,42,5,1,4,50,54,0,0,0,0,0,0,1,0,0,0,3,0,1,1,7,1,0,1,9,10,307,1,17,-261,-23,Austin
2020,2,15,72,6,8,12,95,9,1,14,116,130,29,1,3,8,50,4,0,4,62,66,39,5,5,4,41,3,1,10,48,58,1,0,0,0,0,1,0,0,1,1,3,0,0,0,4,1,0,0,5,5,295,2,13,-260,-22,Austin
2021,2,15,41,1,4,9,20,12,0,5,41,46,23,0,2,5,12,6,0,2,23,25,17,1,2,4,5,4,0,3,13,16,0,0,0,0,0,0,0,0,0,0,1,0,0,0,3,2,0,0,5,5,123,0,7,-265,-27,Austin
2022,2,15,58,1,7,11,57,13,3,8,81,89,21,0,3,5,27,5,1,3,37,40,30,1,3,5,24,7,2,4,36,40,2,0,0,0,1,1,0,0,2,2,5,0,1,1,5,0,0,1,6,7,227,4,16,-264,-26,Austin
2023,2,15,50,2,9,18,69,13,8,11,100,111,22,0,4,13,40,6,4,4,59,63,24,2,5,4,22,7,3,7,33,40,1,0,0,0,1,0,0,0,1,1,3,0,0,1,6,0,1,0,7,7,248,3,13,-263,-25,Austin
2024,2,15,48,1,4,15,56,16,3,5,87,92,19,1,2,6,26,8,1,3,40,43,25,0,1,9,28,5,2,1,42,43,0,0,0,0,0,0,0,0,0,0,4,0,1,0,2,3,0,1,5,6,219,0,14,-262,-24,Austin
2012,3,15,87,4,3,19,115,9,2,7,143,150,42,2,1,15,63,5,1,3,83,86,38,2,2,3,46,4,1,4,53,57,0,0,0,0,0,0,0,0,0,0,7,0,0,1,6,0,0,0,7,7,402,0,25,-234,4,Austin
2013,3,15,90,4,9,12,119,6,1,13,137,150,41,0,2,7,78,1,1,2,86,88,43,4,7,5,36,5,0,11,46,57,0,0,0,0,1,0,0,0,1,1,6,0,0,0,4,0,0,0,4,4,384,1,19,-233,5,Austin
2014,3,15,90,2,9,14,107,10,2,11,131,142,34,0,2,9,50,3,1,2,62,64,49,1,6,5,48,7,1,7,60,67,0,1,0,0,0,0,0,1,0,1,7,0,1,0,9,0,0,1,9,10,358,1,26,-232,6,Austin
2015,3,15,83,0,6,15,84,9,3,6,108,114,33,0,3,5,49,3,3,3,57,60,42,0,2,8,34,6,0,2,48,50,0,0,0,0,0,0,0,0,0,0,8,0,1,2,1,0,0,1,3,4,326,1,16,-231,7,Austin
2016,3,15,107,2,7,12,92,8,1,9,112,121,51,1,0,9,58,3,0,1,70,71,47,1,7,3,30,4,1,8,37,45,0,0,0,0,0,1,0,0,1,1,9,0,0,0,4,0,0,0,4,4,360,3,19,-236,2,Austin
2017,3,15,76,4,7,11,76,7,1,11,94,105,31,1,2,8,46,3,0,3,57,60,39,3,4,2,23,3,1,7,28,35,0,0,0,0,0,0,0,0,0,0,6,0,1,1,7,1,0,1,9,10,288,1,19,-235,3,Austin
2018,3,15,74,2,6,7,102,7,4,8,116,124,33,0,3,3,66,3,1,3,72,75,35,2,2,4,31,4,2,4,39,43,0,0,0,0,1,0,0,0,1,1,6,0,1,0,4,0,1,1,4,5,315,3,20,-234,4,Austin
2019,3,15,76,1,7,15,93,6,4,8,114,122,41,1,2,10,60,3,2,3,73,76,29,0,5,4,28,3,1,5,35,40,1,0,0,0,0,0,0,0,0,0,5,0,0,1,5,0,1,0,6,6,320,1,22,-233,5,Austin
2020,3,15,99,2,5,13,67,15,2,7,95,102,52,1,2,6,35,8,0,3,49,52,38,1,2,6,31,5,2,3,42,45,1,0,1,1,0,0,0,1,1,2,8,0,0,0,1,2,0,0,3,3,299,3,23,-231,7,Austin
2021,3,15,56,3,5,16,76,7,5,8,99,107,21,0,4,8,51,4,3,4,63,67,33,3,1,8,20,2,1,4,30,34,0,0,0,0,0,0,0,0,0,0,2,0,0,0,5,1,1,0,6,6,263,1,14,-237,1,Austin
2022,3,15,67,2,10,8,57,11,6,12,76,88,35,0,3,3,38,4,2,3,45,48,26,2,5,4,18,5,4,7,27,34,0,0,0,1,0,1,0,0,2,2,6,0,2,0,1,1,0,2,2,4,246,4,17,-236,2,Austin
2023,3,15,64,1,6,17,57,15,4,7,89,96,36,1,2,8,30,6,1,3,44,47,23,0,2,8,25,8,3,2,41,43,0,0,0,0,0,0,0,0,0,0,5,0,2,1,2,1,0,2,4,6,239,2,16,-235,3,Austin
2024,3,15,68,2,6,14,50,20,14,8,84,92,34,1,3,6,29,12,3,4,47,51,26,0,2,8,20,7,10,2,35,37,1,0,0,0,1,1,0,0,2,2,7,1,1,0,0,0,1,2,0,2,274,3,15,-233,5,Austin
2012,4,15,112,3,7,9,85,13,3,10,107,117,52,2,3,6,45,7,2,5,58,63,48,1,4,2,31,5,1,5,38,43,0,0,0,0,3,0,0,0,3,3,12,0,0,1,6,1,0,0,8,8,351,3,27,-203,35,Austin
2013,4,15,99,2,4,18,92,7,2,6,117,123,55,0,2,12,52,3,1,2,67,69,35,1,2,3,26,4,1,3,33,36,2,0,0,0,3,0,0,0,3,3,7,1,0,3,11,0,0,1,14,15,358,5,36,-202,36,Austin
2014,4,15,94,3,1,17,106,6,0,4,129,133,51,1,1,8,76,3,0,2,87,89,31,2,0,7,22,2,0,2,31,33,3,0,0,0,0,1,0,0,1,1,9,0,0,2,8,0,0,0,10,10,348,6,27,-201,37,Austin
2015,4,15,66,2,9,12,77,11,2,11,100,111,33,0,2,6,42,7,0,2,55,57,23,1,5,5,22,2,2,6,29,35,1,1,0,0,3,0,0,1,3,4,9,0,2,1,10,2,0,2,13,15,334,6,33,-200,38,Austin
2016,4,15,77,2,6,11,102,8,1,8,121,129,37,1,2,7,63,3,1,3,73,76,33,1,4,4,29,4,0,5,37,42,0,0,0,0,1,0,0,0,1,1,7,0,0,0,9,1,0,0,10,10,315,1,24,-205,33,Austin
2017,4,15,88,5,6,9,72,3,0,11,84,95,41,2,0,3,42,1,0,2,46,48,37,3,6,6,22,1,0,9,29,38,1,0,0,0,0,0,0,0,0,0,9,0,0,0,8,1,0,0,9,9,298,1,30,-204,34,Austin
2018,4,15,76,2,4,5,58,5,2,6,68,74,31,0,1,3,30,2,1,1,35,36,36,2,2,2,21,2,1,4,25,29,1,0,1,0,0,0,0,1,0,1,8,0,0,0,7,1,0,0,8,8,233,2,22,-203,35,Austin
2019,4,15,65,4,5,10,84,11,3,9,105,114,31,3,2,7,49,8,2,5,64,69,29,1,2,1,25,1,1,3,27,30,1,0,0,1,1,1,0,0,3,3,4,0,1,1,9,1,0,1,11,12,294,4,20,-202,36,Austin
2020,4,15,61,5,3,6,69,11,2,8,86,94,33,3,1,3,45,4,0,4,52,56,24,1,1,3,16,4,2,2,23,25,0,0,0,0,0,0,0,0,0,0,4,1,1,0,8,3,0,2,11,13,240,1,25,-200,38,Austin
2021,4,15,57,1,8,7,65,11,1,9,83,92,31,0,5,4,40,4,1,5,48,53,19,1,2,3,18,6,0,3,27,30,0,0,0,0,1,0,0,0,1,1,7,0,1,0,6,1,0,1,7,8,236,2,19,-206,32,Austin
2022,4,15,64,6,7,17,61,18,6,13,96,109,35,2,2,10,39,9,0,4,58,62,23,3,5,7,17,6,4,8,30,38,0,0,0,0,1,0,1,0,1,1,6,1,0,0,4,3,1,1,7,8,264,3,18,-205,33,Austin
2023,4,15,40,3,9,10,61,22,2,12,93,105,18,1,4,6,33,15,1,5,54,59,18,2,5,4,24,5,1,7,33,40,1,0,0,0,1,1,0,0,2,2,3,0,0,0,3,1,0,0,4,4,229,4,11,-204,34,Austin
2024,4,15,51,1,4,10,58,8,2,5,76,81,29,1,1,6,36,2,1,2,44,46,16,0,3,4,14,6,1,3,24,27,0,0,0,0,2,0,0,0,2,2,6,0,0,0,6,0,0,0,6,6,227,4,15,-202,36,Austin
2012,5,15,99,2,5,22,101,4,1,7,127,134,65,0,2,16,63,3,1,2,82,84,27,2,2,5,31,0,0,4,36,40,0,0,1,0,0,1,0,1,1,2,7,0,0,1,7,0,0,0,8,8,368,4,21,-173,65,Austin
2013,5,15,94,1,7,30,119,7,2,8,156,164,50,0,1,24,74,5,2,1,103,104,30,1,4,4,34,1,0,5,39,44,2,0,0,1,2,0,0,0,3,3,12,0,2,1,9,1,0,2,11,13,396,5,34,-172,66,Austin
2014,5,15,88,1,7,15,82,4,1,8,101,109,58,0,6,10,55,2,0,6,67,73,23,1,1,4,20,2,0,2,26,28,1,0,0,0,0,0,0,0,0,0,6,0,0,1,7,0,1,0,8,8,322,2,19,-171,67,Austin
2015,5,15,80,1,5,15,86,8,1,6,109,115,46,0,4,9,57,4,0,4,70,74,25,1,0,6,23,4,1,1,33,34,0,0,0,0,1,0,0,0,1,1,9,0,1,0,5,0,0,1,5,6,338,1,24,-170,68,Austin
2016,5,15,80,3,7,9,76,8,1,10,93,103,42,1,4,5,56,4,1,5,65,70,31,2,2,4,15,4,0,4,23,27,1,0,0,0,0,0,0,0,0,0,6,0,1,0,5,0,0,1,5,6,269,1,20,-175,63,Austin
2017,5,15,81,4,6,11,74,3,4,10,88,98,53,2,5,9,51,2,4,7,62,69,22,2,1,1,18,1,0,3,20,23,0,0,0,0,1,0,0,0,1,1,6,0,0,1,4,0,0,0,5,5,312,1,19,-174,64,Austin
2018,5,15,73,1,10,11,66,7,2,11,84,95,43,1,5,8,41,4,1,6,53,59,21,0,4,2,17,3,1,4,22,26,0,0,0,0,0,0,0,0,0,0,9,0,1,1,8,0,0,1,9,10,267,1,29,-173,65,Austin
2019,5,15,78,3,0,12,80,13,2,3,105,108,49,1,0,8,47,7,2,1,62,63,22,2,0,4,22,5,0,2,31,33,0,0,0,0,0,0,0,0,0,0,7,0,0,0,11,1,0,0,12,12,311,0,31,-172,66,Austin
2020,5,15,58,3,5,10,76,6,0,8,92,100,29,0,1,4,49,6,0,1,59,60,21,1,4,5,24,0,0,5,29,34,0,0,0,0,0,0,0,0,0,0,8,2,0,1,3,0,0,2,4,6,280,0,19,-170,68,Austin
2021,5,15,51,2,9,21,80,14,5,11,115,126,24,1,6,14,47,9,0,7,70,77,23,0,2,5,28,3,5,2,36,38,0,0,0,0,0,0,0,0,0,0,4,1,1,2,5,2,0,2,9,11,280,1,21,-176,62,Austin
2022,5,15,46,1,9,10,63,20,9,10,93,103,23,0,4,6,30,13,5,4,49,53,17,1,4,2,28,7,4,5,37,42,0,0,0,0,0,0,0,0,0,0,6,0,1,2,5,0,0,1,7,8,245,2,18,-175,63,Austin
2023,5,15,46,2,8,20,56,22,5,10,98,108,27,0,5,8,25,14,3,5,47,52,16,1,2,11,27,8,1,3,46,49,1,0,0,0,1,0,0,0,1,1,2,1,1,1,3,0,1,2,4,6,251,2,14,-174,64,Austin
2024,5,15,67,2,5,10,41,21,4,7,72,79,42,1,2,6,24,15,3,3,45,48,22,0,3,3,16,3,1,3,22,25,0,1,0,0,0,0,0,1,0,1,3,0,0,1,1,3,0,0,5,5,256,1,10,-172,66,Austin
2012,6,15,101,1,7,25,100,5,1,8,130,138,58,1,2,13,71,3,1,3,87,90,32,0,5,11,20,2,0,5,33,38,0,0,0,1,0,0,0,0,1,1,11,0,0,0,9,0,0,0,9,9,406,3,30,-142,96,Austin
2013,6,15,112,4,9,9,100,3,1,13,112,125,60,1,4,8,68,2,0,5,78,83,41,2,3,1,19,1,0,5,21,26,0,0,0,0,0,0,0,0,0,0,11,1,2,0,13,0,1,3,13,16,386,0,37,-141,97,Austin
2014,6,15,84,5,6,16,79,8,3,11,103,114,47,0,3,10,45,5,2,3,60,63,33,5,3,5,31,2,1,8,38,46,0,0,0,0,0,0,0,0,0,0,4,0,0,1,3,1,0,0,5,5,319,0,14,-140,98,Austin
2015,6,15,94,2,5,15,74,10,5,7,99,106,54,1,2,12,54,4,1,3,70,73,33,1,1,3,14,4,4,2,21,23,2,0,0,0,0,0,0,0,0,0,5,0,2,0,6,2,0,2,8,10,339,2,23,-139,99,Austin
2016,6,15,87,0,7,9,83,5,1,7,97,104,44,0,3,8,63,3,0,3,74,77,34,0,1,0,14,1,0,1,15,16,1,0,0,1,0,0,0,0,1,1,8,0,3,0,6,1,1,3,7,10,305,3,29,-144,94,Austin
2017,6,15,80,6,7,14,68,6,2,13,88,101,47,1,5,8,35,4,1,6,47,53,23,3,2,4,27,1,1,5,32,37,0,0,0,1,0,0,0,0,1,1,10,2,0,1,6,1,0,2,8,10,287,1,25,-143,95,Austin
2018,6,15,71,1,3,14,73,6,7,4,93,97,38,1,2,10,59,3,4,3,72,75,25,0,0,3,13,3,2,0,19,19,0,0,0,0,0,0,0,0,0,0,8,0,1,1,1,0,1,1,2,3,297,0,26,-142,96,Austin
2019,6,15,70,6,9,14,77,8,2,15,99,114,35,3,7,8,47,5,0,10,60,70,27,3,2,6,26,2,2,5,34,39,0,0,0,0,0,0,0,0,0,0,8,0,0,0,4,1,0,0,5,5,303,1,23,-141,97,Austin
2020,6,15,59,5,6,12,73,11,4,11,96,107,28,2,4,7,47,6,2,6,60,66,24,3,2,5,12,1,1,5,18,23,0,0,0,0,0,0,0,0,0,0,7,0,0,0,14,4,1,0,18,18,286,1,34,-139,99,Austin
2021,6,15,59,3,3,7,47,9,3,6,63,69,38,2,1,4,31,7,1,3,42,45,17,0,2,2,11,0,1,2,13,15,0,0,0,0,0,0,0,0,0,0,4,1,0,1,5,2,1,1,8,9,213,2,22,-145,93,Austin
2022,6,15,47,2,6,17,56,19,5,8,92,100,26,1,4,6,39,13,3,5,58,63,17,0,1,11,12,3,0,1,26,27,2,0,0,0,0,1,0,0,1,1,2,1,1,0,5,2,2,2,7,9,250,3,19,-144,94,Austin
2023,6,15,62,4,7,9,67,22,5,11,98,109,28,2,6,4,35,14,3,8,53,61,22,1,1,4,24,4,2,2,32,34,0,0,0,0,0,0,0,0,0,0,12,1,0,1,8,4,0,1,13,14,279,1,31,-143,95,Austin
2024,6,15,53,3,7,10,60,8,5,10,78,88,26,2,4,3,41,3,2,6,47,53,23,1,2,6,17,4,3,3,27,30,0,0,0,0,0,0,0,0,0,0,4,0,1,1,2,1,0,1,4,5,235,0,17,-141,97,Austin
2012,7,15,76,5,11,13,96,5,1,16,114,130,35,2,1,7,62,3,0,3,72,75,33,2,9,2,26,2,1,11,30,41,0,0,0,0,0,0,0,0,0,0,8,1,1,4,8,0,0,2,12,14,325,0,32,-112,126,Austin
2013,7,15,81,1,6,20,85,10,0,7,115,122,43,1,3,17,56,5,0,4,78,82,30,0,2,3,22,4,0,2,29,31,0,0,0,0,0,0,0,0,0,0,8,0,1,0,7,1,0,1,8,9,328,1,28,-111,127,Austin
2014,7,15,96,5,3,15,97,5,0,8,117,125,72,3,1,12,71,3,0,4,86,90,18,2,2,2,19,1,0,4,22,26,1,0,0,1,0,0,0,0,1,1,5,0,0,0,7,1,0,0,8,8,335,4,22,-110,128,Austin
2015,7,15,74,1,8,12,88,3,0,9,103,112,40,1,6,8,54,3,0,7,65,72,27,0,1,3,19,0,0,1,22,23,1,0,1,0,1,0,0,1,1,2,6,0,0,1,14,0,0,0,15,15,307,3,34,-109,129,Austin
2016,7,15,83,3,3,9,65,8,2,6,82,88,47,2,0,5,42,5,1,2,52,54,28,1,3,4,16,1,1,4,21,25,1,0,0,0,0,0,0,0,0,0,7,0,0,0,7,2,0,0,9,9,293,2,28,-114,124,Austin
2017,7,15,77,2,9,6,81,9,7,11,96,107,46,1,2,5,54,9,5,3,68,71,24,1,7,1,21,0,1,8,22,30,0,0,0,0,1,0,1,0,1,1,7,0,0,0,5,0,0,0,5,5,295,2,24,-113,125,Austin
2018,7,15,71,1,11,10,76,5,4,12,91,103,35,0,5,6,46,3,2,5,55,60,26,1,4,3,20,2,2,5,25,30,0,0,1,0,1,0,0,1,1,2,10,0,1,1,9,0,0,1,10,11,264,2,26,-112,126,Austin
2019,7,15,88,0,10,18,87,10,2,10,115,125,54,0,3,11,66,5,1,3,82,85,28,0,5,7,13,2,1,5,22,27,1,0,0,0,2,0,0,0,2,2,5,0,2,0,6,3,0,2,9,11,325,3,25,-111,127,Austin
2020,7,15,61,3,10,18,75,9,3,13,102,115,34,2,6,11,49,5,1,8,65,73,20,1,4,7,21,3,2,5,31,36,2,0,0,0,0,0,0,0,0,0,5,0,0,0,5,1,0,0,6,6,277,2,20,-109,129,Austin
2021,7,15,65,4,4,11,62,8,6,8,81,89,39,1,2,6,39,5,2,3,50,53,20,3,1,5,16,2,4,4,23,27,0,0,0,0,1,0,0,0,1,1,6,0,1,0,6,1,0,1,7,8,228,1,20,-115,123,Austin
2022,7,15,59,1,7,10,110,21,3,8,141,149,36,1,5,6,72,16,2,6,94,100,19,0,2,4,29,4,1,2,37,39,0,0,0,0,0,0,0,0,0,0,4,0,0,0,9,1,0,0,10,10,316,0,25,-114,124,Austin
2023,7,15,54,4,10,14,48,24,2,14,86,100,24,3,5,5,26,19,0,8,50,58,27,1,4,7,22,5,2,5,34,39,0,0,0,1,0,0,0,0,1,1,3,0,1,1,0,0,0,1,1,2,242,3,9,-113,125,Austin
2024,7,15,52,2,9,17,59,20,5,11,96,107,34,2,5,9,39,8,2,7,56,63,12,0,4,8,14,9,2,4,31,35,0,0,0,0,0,0,0,0,0,0,6,0,0,0,6,3,1,0,9,9,282,1,22,-111,127,Austin
2012,8,15,80,7,1,24,88,5,1,8,117,125,50,1,1,19,56,3,1,2,78,80,27,5,0,5,19,2,0,5,26,31,0,0,0,0,1,0,0,0,1,1,3,1,0,0,12,0,0,1,12,13,365,3,29,-81,157,Austin
2013,8,15,77,0,4,16,84,5,3,4,105,109,40,0,1,10,48,3,2,1,61,62,30,0,3,5,27,1,1,3,33,36,0,0,0,0,0,0,0,0,0,0,7,0,0,1,9,1,0,0,11,11,312,1,24,-80,158,Austin
2014,8,15,74,1,4,19,114,6,2,5,139,144,37,1,1,15,74,2,0,2,91,93,33,0,2,3,32,3,2,2,38,40,0,0,0,0,0,1,0,0,1,1,4,0,1,1,8,0,0,1,9,10,371,2,22,-79,159,Austin
2015,8,15,77,6,2,12,74,4,2,8,90,98,34,3,1,6,45,2,1,4,53,57,38,3,0,5,23,2,1,3,30,33,0,0,0,1,0,0,0,0,1,1,5,0,1,0,6,0,0,1,6,7,316,2,22,-78,160,Austin
2016,8,15,59,2,2,5,78,0,2,4,83,87,29,0,2,1,53,0,2,2,54,56,25,2,0,3,21,0,0,2,24,26,0,0,0,1,0,0,0,0,1,1,5,0,0,0,4,0,0,0,4,4,258,1,14,-83,155,Austin
2017,8,15,74,0,4,9,83,4,3,4,96,100,42,0,3,7,49,2,2,3,58,61,21,0,1,2,29,2,1,1,33,34,2,0,0,0,0,0,0,0,0,0,9,0,0,0,5,0,0,0,5,5,313,3,23,-82,156,Austin
2018,8,15,70,1,6,7,91,10,0,7,108,115,40,1,1,6,57,6,0,2,69,71,22,0,4,1,23,3,0,4,27,31,0,0,0,0,1,0,0,0,1,1,8,0,1,0,10,1,0,1,11,12,295,1,34,-81,157,Austin
2019,8,15,72,3,4,13,87,10,0,7,110,117,35,2,2,8,49,6,0,4,63,67,26,1,2,3,29,4,0,3,36,39,0,0,0,0,1,0,0,0,1,1,11,0,0,2,8,0,0,0,10,10,294,1,30,-80,158,Austin
2020,8,15,55,6,10,12,76,13,3,16,101,117,34,4,4,7,48,4,0,8,59,67,17,1,4,4,20,9,2,5,33,38,0,0,0,0,0,0,0,0,0,0,4,1,2,1,8,0,1,3,9,12,272,1,26,-78,160,Austin
2021,8,15,61,2,4,20,45,20,7,6,85,91,32,1,0,11,26,10,3,1,47,48,23,1,3,7,17,10,4,4,34,38,2,0,0,0,0,0,0,0,0,0,4,0,1,2,2,0,0,1,4,5,236,3,12,-84,154,Austin
2022,8,15,59,0,5,12,67,14,2,5,93,98,28,0,3,5,43,8,1,3,56,59,27,0,2,5,22,6,1,2,33,35,0,0,0,1,0,0,0,0,1,1,4,0,0,1,2,0,0,0,3,3,250,1,10,-83,155,Austin
2023,8,15,54,2,13,9,48,22,6,15,79,94,24,0,10,3,28,11,4,10,42,52,20,1,3,6,15,10,2,4,31,35,0,0,0,0,0,0,0,0,0,0,10,1,0,0,5,1,0,1,6,7,237,0,21,-82,156,Austin
2024,8,15,48,3,9,7,61,17,4,12,85,97,29,2,4,4,41,8,2,6,53,59,13,1,3,3,12,7,2,4,22,26,0,0,0,0,0,0,0,0,0,0,6,0,2,0,8,2,0,2,10,12,235,0,24,-80,158,Austin
2012,9,15,93,4,5,17,111,11,2,9,139,148,36,0,0,10,60,4,0,0,74,74,51,3,4,6,42,6,2,7,54,61,0,0,0,0,0,0,0,0,0,0,6,1,1,1,9,1,0,2,11,13,365,0,27,-50,188,Austin
2013,9,15,103,6,7,17,97,2,2,13,116,129,43,1,1,9,43,0,2,2,52,54,54,5,6,7,46,2,0,11,55,66,1,0,0,0,0,0,0,0,0,0,5,0,0,1,8,0,0,0,9,9,367,1,24,-49,189,Austin
2014,9,15,87,1,6,20,117,5,1,7,142,149,53,0,3,10,76,2,1,3,88,91,31,1,2,7,31,3,0,3,41,44,1,0,0,2,0,0,0,0,2,2,2,0,1,1,10,0,0,1,11,12,334,5,18,-48,190,Austin
2015,9,15,77,4,6,14,84,7,2,10,105,115,43,0,4,9,56,3,2,4,68,72,24,3,2,5,23,2,0,5,30,35,1,0,0,0,0,1,0,0,1,1,9,1,0,0,5,1,0,1,6,7,295,4,22,-47,191,Austin
2016,9,15,72,2,8,16,69,10,1,10,95,105,31,2,2,3,42,7,1,4,52,56,32,0,6,12,23,3,0,6,38,44,1,0,0,0,1,0,0,0,1,1,8,0,0,1,3,0,0,0,4,4,305,2,19,-52,186,Austin
2017,9,15,87,3,8,10,68,3,4,11,81,92,39,3,6,7,40,0,1,9,47,56,40,0,0,2,22,2,2,0,26,26,0,0,1,0,0,1,0,1,1,2,8,0,1,1,6,0,1,1,7,8,301,3,29,-51,187,Austin
2018,9,15,76,2,10,11,84,8,2,12,103,115,37,0,6,5,46,3,1,6,54,60,35,1,3,6,32,3,1,4,41,45,0,0,0,0,0,1,0,0,1,1,4,1,1,0,6,1,0,2,7,9,276,2,21,-50,188,Austin
2019,9,15,68,3,5,11,81,6,2,8,98,106,33,1,2,8,43,0,0,3,51,54,31,1,3,0,35,4,1,4,39,43,0,0,0,0,0,1,0,0,1,1,4,1,0,3,3,1,1,1,7,8,275,1,16,-49,189,Austin
2020,9,15,61,4,4,13,96,9,2,8,118,126,31,1,3,4,61,4,2,4,69,73,28,2,0,7,31,4,0,2,42,44,0,0,0,0,1,0,0,0,1,1,2,1,1,2,3,1,0,2,6,8,306,1,18,-47,191,Austin
2021,9,15,53,0,10,17,63,17,2,10,97,107,33,0,4,5,37,12,1,4,54,58,14,0,5,11,20,4,1,5,35,40,1,0,0,0,1,0,0,0,1,1,5,0,1,1,5,1,0,1,7,8,246,3,19,-53,185,Austin
2022,9,15,44,1,5,17,75,16,0,6,108,114,21,1,3,10,43,5,0,4,58,62,20,0,2,6,28,6,0,2,40,42,1,0,0,0,0,0,0,0,0,0,2,0,0,1,4,5,0,0,10,10,256,6,18,-52,186,Austin
2023,9,15,61,2,8,8,63,25,3,10,96,106,38,1,6,2,31,15,1,7,48,55,22,1,2,4,29,9,2,3,42,45,0,0,0,2,1,1,0,0,4,4,1,0,0,0,2,0,0,0,2,2,259,6,9,-51,187,Austin
2024,9,15,49,3,6,9,41,16,1,9,66,75,23,2,2,4,15,7,1,4,26,30,22,1,2,4,22,6,0,3,32,35,0,0,0,0,0,1,0,0,1,1,4,0,2,1,4,2,0,2,7,9,213,1,19,-49,189,Austin
2012,10,15,93,1,3,17,93,10,0,4,120,124,41,0,2,11,58,5,0,2,74,76,44,1,1,3,31,4,0,2,38,40,2,0,0,0,0,0,0,0,0,0,6,0,0,3,4,1,0,0,8,8,348,6,21,-20,218,Austin
2013,10,15,85,0,7,25,86,14,0,7,125,132,41,0,4,15,49,3,0,4,67,71,38,0,2,8,30,9,0,2,47,49,2,0,0,1,0,1,0,0,2,2,4,0,1,1,7,1,0,1,9,10,340,6,21,-19,219,Austin
2014,10,15,92,4,3,15,80,7,2,7,102,109,45,1,1,7,44,4,1,2,55,57,42,3,2,8,33,3,1,5,44,49,1,0,0,0,0,0,0,0,0,0,4,0,0,0,3,0,0,0,3,3,336,2,13,-18,220,Austin
2015,10,15,77,2,6,19,87,7,3,8,113,121,27,1,3,11,56,5,2,4,72,76,44,1,2,7,23,2,1,3,32,35,0,0,0,0,0,0,0,0,0,0,6,0,1,1,8,0,0,1,9,10,317,0,29,-17,221,Austin
2016,10,15,97,3,6,10,57,7,2,9,74,83,35,2,2,5,35,2,1,4,42,46,56,1,2,3,14,4,1,3,21,24,0,0,0,0,0,0,0,0,0,0,6,0,2,2,8,1,0,2,11,13,285,0,26,-22,216,Austin
2017,10,15,84,0,5,8,77,6,2,5,91,96,43,0,3,3,28,6,1,3,37,40,39,0,2,5,38,0,1,2,43,45,0,0,0,0,0,0,0,0,0,0,2,0,0,0,11,0,0,0,11,11,303,0,24,-21,217,Austin
2018,10,15,62,4,6,13,65,5,2,10,83,93,28,1,2,8,41,3,1,3,52,55,26,3,3,4,19,2,1,6,25,31,1,0,0,0,1,0,0,0,1,1,7,0,1,1,4,0,0,1,5,6,240,2,18,-20,218,Austin
2019,10,15,51,2,10,6,55,6,1,12,67,79,20,2,8,3,38,2,1,10,43,53,25,0,2,3,14,4,0,2,21,23,0,0,0,0,0,0,0,0,0,0,6,0,0,0,3,0,0,0,3,3,230,1,15,-19,219,Austin
2020,10,15,64,1,7,8,84,13,1,8,105,113,29,0,3,3,48,7,0,3,58,61,29,1,3,4,31,5,1,4,40,44,0,0,0,0,1,1,0,0,2,2,6,0,1,1,4,0,0,1,5,6,272,3,19,-17,221,Austin
2021,10,15,50,3,4,22,73,11,3,7,106,113,24,0,2,9,40,6,2,2,55,57,22,3,0,12,28,5,1,3,45,48,1,0,0,0,1,0,0,0,1,1,3,0,2,1,4,0,0,2,5,7,275,3,18,-23,215,Austin
2022,10,15,42,4,10,13,83,8,2,14,104,118,18,1,5,4,39,3,0,6,46,52,20,3,5,7,36,4,2,8,47,55,0,0,0,1,1,0,0,0,2,2,4,0,0,1,7,1,0,0,9,9,257,2,16,-22,216,Austin
2023,10,15,47,2,11,10,42,22,3,13,74,87,18,1,4,6,20,9,0,5,35,40,27,1,6,4,18,11,2,7,33,40,0,0,0,0,0,1,0,0,1,1,2,0,1,0,4,1,1,1,5,6,240,1,14,-21,217,Austin
2024,10,15,72,1,4,15,50,12,4,5,77,82,43,0,2,7,30,6,1,2,43,45,26,1,2,7,18,4,3,3,29,32,0,0,0,0,0,1,0,0,1,1,3,0,0,1,2,1,0,0,4,4,236,1,12,-19,219,Austin
2012,11,15,86,3,1,19,98,6,0,4,123,127,31,0,0,10,45,1,0,0,56,56,40,3,0,8,46,5,0,3,59,62,2,0,0,0,0,0,0,0,0,0,13,0,1,1,7,0,0,1,8,9,343,2,26,11,249,Austin
2013,11,15,88,3,1,18,104,6,2,4,128,132,35,1,0,10,49,1,1,1,60,61,48,2,1,5,46,4,0,3,55,58,1,0,0,0,0,0,0,0,0,0,4,0,0,3,9,1,1,0,13,13,369,5,28,12,250,Austin
2014,11,15,75,2,3,7,76,6,3,5,89,94,28,1,0,4,40,2,0,1,46,47,43,1,2,3,28,3,3,3,34,37,0,0,0,0,0,0,0,0,0,0,4,0,1,0,8,1,0,1,9,10,271,0,22,13,251,Austin
2015,11,15,87,3,2,11,71,3,0,5,85,90,24,0,1,5,34,0,0,1,39,40,50,3,1,5,27,2,0,4,34,38,0,0,0,0,2,0,0,0,2,2,13,0,0,1,8,1,0,0,10,10,300,3,32,14,252,Austin
2016,11,15,67,2,4,15,70,10,2,6,95,101,27,0,1,9,45,3,2,1,57,58,34,2,3,4,18,7,0,5,29,34,1,0,0,0,1,0,0,0,1,1,5,0,0,2,6,0,0,0,8,8,267,2,19,9,247,Austin
2017,11,15,90,2,5,15,58,5,1,7,78,85,30,0,2,5,35,1,1,2,41,43,49,2,2,8,17,4,0,4,29,33,1,0,0,0,0,0,0,0,0,0,10,0,1,2,6,0,0,1,8,9,265,2,22,10,248,Austin
2018,11,15,72,3,3,15,69,9,1,6,93,99,21,1,1,10,23,3,0,2,36,38,42,2,2,3,35,5,0,4,43,47,0,0,0,1,0,0,0,0,1,1,9,0,0,1,11,1,1,0,13,13,270,2,32,11,249,Austin
2019,11,15,77,1,4,19,85,7,3,5,111,116,29,0,2,10,37,1,1,2,48,50,40,1,2,6,35,4,2,3,45,48,0,0,0,0,1,0,0,0,1,1,8,0,0,3,12,2,0,0,17,17,307,1,37,12,250,Austin
2020,11,15,72,8,7,12,82,19,7,15,113,128,33,3,3,6,34,7,4,6,47,53,35,5,3,6,39,12,3,8,57,65,0,0,1,0,0,0,0,1,0,1,4,0,0,0,9,0,0,0,9,9,307,3,20,14,252,Austin
2021,11,15,46,2,3,9,72,10,2,5,91,96,22,2,0,4,30,2,0,2,36,38,20,0,1,4,37,7,2,1,48,49,1,0,0,0,1,0,0,0,1,1,3,0,2,1,4,1,0,2,6,8,235,3,23,8,246,Austin
2022,11,15,45,0,8,10,63,26,5,8,99,107,16,0,0,6,35,14,2,0,55,55,21,0,6,4,22,11,3,6,37,43,0,0,1,0,2,0,0,1,2,3,8,0,1,0,4,1,0,1,5,6,221,3,18,9,247,Austin
2023,11,15,49,1,3,17,58,15,5,4,90,94,23,1,0,11,22,7,3,1,40,41,25,0,3,4,34,6,2,3,44,47,0,0,0,0,0,0,0,0,0,0,1,0,0,2,2,2,0,0,6,6,239,1,12,10,248,Austin
2024,11,15,54,1,2,6,58,26,2,3,90,93,19,1,0,3,30,17,0,1,50,51,26,0,2,3,23,9,2,2,35,37,0,0,0,0,0,0,0,0,0,0,9,0,0,0,5,0,0,0,5,5,253,0,21,12,250,Austin
2012,12,15,103,5,5,12,108,15,2,10,135,145,36,2,1,4,52,4,2,3,60,63,57,3,3,5,47,10,0,6,62,68,0,0,0,0,1,0,0,0,1,1,10,0,1,3,8,1,0,1,12,13,386,1,30,41,279,Austin
2013,12,15,94,2,8,14,93,7,0,10,114,124,26,1,4,2,43,1,0,5,46,51,60,1,3,12,42,4,0,4,58,62,0,0,0,0,1,1,0,0,2,2,8,0,1,0,7,1,0,1,8,9,306,2,22,42,280,Austin
2014,12,15,94,5,4,15,99,3,1,9,117,126,33,4,2,5,54,0,0,6,59,65,48,1,2,8,37,3,1,3,48,51,2,0,0,0,0,0,0,0,0,0,11,0,0,2,8,0,0,0,10,10,335,3,30,43,281,Austin
2015,12,15,90,1,6,22,87,4,1,7,113,120,32,1,5,14,45,2,1,6,61,67,50,0,1,5,35,2,0,1,42,43,1,0,0,1,1,0,0,0,2,2,7,0,0,2,6,0,0,0,8,8,342,3,22,44,282,Austin
2016,12,15,71,5,4,20,76,4,0,9,100,109,25,0,1,8,38,0,0,1,46,47,41,4,2,10,28,2,0,6,40,46,0,0,0,1,0,0,0,0,1,1,5,1,1,1,10,2,0,2,13,15,270,2,27,39,277,Austin
2017,12,15,66,4,3,20,65,4,1,7,89,96,29,1,2,9,35,2,0,3,46,49,34,2,1,6,23,2,1,3,31,34,1,0,0,0,0,0,0,0,0,0,2,1,0,5,7,0,0,1,12,13,276,1,28,40,278,Austin
2018,12,15,63,6,6,7,85,3,1,12,95,107,27,0,2,3,42,2,0,2,47,49,31,6,2,3,37,1,1,8,41,49,1,0,0,0,0,0,0,0,0,0,4,0,2,1,6,0,0,2,7,9,267,1,17,41,279,Austin
2019,12,15,71,1,1,15,62,10,2,2,87,89,20,1,0,8,25,2,0,1,35,36,46,0,1,6,34,8,2,1,48,49,0,0,0,1,0,0,0,0,1,1,5,0,0,0,3,0,0,0,3,3,249,2,12,42,280,Austin
2020,12,15,56,4,4,14,90,12,2,8,116,124,21,0,0,8,37,7,1,0,52,52,32,4,3,5,48,4,1,7,57,64,0,0,0,1,0,1,0,0,2,2,3,0,1,0,5,0,0,1,5,6,289,3,16,44,282,Austin
2021,12,15,51,2,14,11,70,17,6,16,98,114,17,0,6,4,28,9,1,6,41,47,29,2,7,7,38,8,5,9,53,62,1,0,0,0,1,0,0,0,1,1,4,0,1,0,3,0,0,1,3,4,261,2,15,38,276,Austin
2022,12,15,40,3,6,20,63,14,3,9,97,106,15,1,4,9,26,6,0,5,41,46,20,2,2,10,32,6,2,4,48,52,0,0,0,1,2,0,0,0,3,3,5,0,0,0,3,2,1,0,5,5,222,4,17,39,277,Austin
2023,12,15,68,3,9,11,56,28,3,12,95,107,24,1,3,2,26,16,0,4,44,48,42,1,6,9,29,10,3,7,48,55,0,0,0,0,0,0,0,0,0,0,2,1,0,0,1,2,0,1,3,4,284,1,14,40,278,Austin
2024,12,15,69,2,1,10,52,8,4,3,70,73,20,0,0,4,26,1,1,0,31,31,40,2,1,6,22,7,3,3,35,38,1,0,0,0,0,0,0,0,0,0,8,0,0,0,4,0,0,0,4,4,228,2,16,42,280,Austin
2012,1,16,106,1,5,29,91,3,2,6,123,129,40,0,2,19,40,2,1,2,61,63,53,1,3,8,36,1,1,4,45,49,0,0,0,0,0,0,0,0,0,0,13,0,0,2,15,0,0,0,17,17,352,1,39,-293,-55,Austin
2013,1,16,75,2,6,22,88,7,0,8,117,125,29,1,3,11,44,2,0,4,57,61,40,1,2,9,39,3,0,3,51,54,0,0,0,1,0,0,0,0,1,1,6,0,1,1,5,2,0,1,8,9,292,1,19,-291,-53,Austin
2014,1,16,87,2,4,13,92,3,1,6,108,114,46,0,3,9,41,3,0,3,53,56,33,1,0,4,41,0,1,1,45,46,0,0,0,0,1,0,0,0,1,1,8,1,1,0,9,0,0,2,9,11,307,1,29,-290,-52,Austin
2015,1,16,72,0,2,19,61,4,0,2,84,86,21,0,0,11,37,2,0,0,50,50,43,0,2,4,16,1,0,2,21,23,2,0,0,1,0,0,0,0,1,1,6,0,0,3,8,1,0,0,12,12,288,4,29,-289,-51,Austin
2016,1,16,72,6,4,8,79,10,1,10,97,107,27,2,0,6,36,5,0,2,47,49,43,4,4,1,32,4,1,8,37,45,0,0,0,0,0,0,0,0,0,0,2,0,0,1,11,1,0,0,13,13,296,0,24,-295,-57,Austin
2017,1,16,73,2,4,11,69,7,2,6,87,93,29,2,1,7,28,2,1,3,37,40,41,0,3,2,36,2,1,3,40,43,1,0,0,0,0,0,0,0,0,0,2,0,0,2,5,3,0,0,10,10,264,1,20,-293,-55,Austin
2018,1,16,41,5,3,12,52,9,0,8,73,81,19,4,2,5,28,2,0,6,35,41,18,1,1,7,16,7,0,2,30,32,0,0,0,0,1,0,0,0,1,1,4,0,0,0,7,0,0,0,7,7,198,2,20,-292,-54,Austin
2019,1,16,62,0,2,9,92,7,3,2,108,110,22,0,1,4,45,1,1,1,50,51,35,0,1,2,41,4,2,1,47,48,0,0,0,0,0,0,0,0,0,0,5,0,0,3,6,2,0,0,11,11,272,1,21,-291,-53,Austin
2020,1,16,63,1,1,9,79,6,1,2,94,96,26,0,0,4,32,4,1,0,40,40,31,1,1,4,41,2,0,2,47,49,0,0,0,0,0,0,0,0,0,0,6,0,0,1,6,0,0,0,7,7,268,0,30,-290,-52,Austin
2021,1,16,65,4,10,16,53,11,2,14,80,94,27,1,4,8,31,2,0,5,41,46,34,2,4,7,19,7,2,6,33,39,0,0,0,0,0,0,0,0,0,0,4,1,2,1,3,2,0,3,6,9,236,1,20,-295,-57,Austin
2022,1,16,59,3,7,6,54,15,1,10,75,85,25,3,4,3,22,5,0,7,30,37,29,0,3,3,30,7,1,3,40,43,0,0,0,0,0,0,0,0,0,0,5,0,0,0,2,3,0,0,5,5,215,1,13,-294,-56,Austin
2023,1,16,47,3,7,13,64,11,2,10,88,98,20,1,2,6,42,6,0,3,54,57,25,2,4,6,17,4,2,6,27,33,0,0,0,0,0,0,0,0,0,0,2,0,1,1,5,1,0,1,7,8,220,0,17,-293,-55,Austin
2024,1,16,34,1,2,9,47,16,6,3,72,75,15,0,0,5,25,5,3,0,35,35,12,0,2,4,16,10,3,2,30,32,0,0,0,0,1,0,0,0,1,1,7,1,0,0,5,1,0,1,6,7,174,1,17,-292,-54,Austin
2012,2,16,78,3,5,15,87,11,1,8,113,121,33,0,1,9,40,6,0,1,55,56,38,3,4,5,42,2,1,7,49,56,0,0,0,0,0,2,0,0,2,2,7,0,0,1,5,1,0,0,7,7,313,3,18,-262,-24,Austin
2013,2,16,92,0,7,11,103,10,2,7,124,131,34,0,1,5,53,7,1,1,65,66,47,0,6,6,44,3,1,6,53,59,0,0,0,0,0,0,0,0,0,0,11,0,0,0,6,0,0,0,6,6,345,0,18,-260,-22,Austin
2014,2,16,78,4,10,5,64,3,1,14,72,86,26,1,3,2,33,0,0,4,35,39,45,3,6,2,27,3,1,9,32,41,0,0,0,1,0,0,0,0,1,1,7,0,1,0,4,0,0,1,4,5,261,1,20,-259,-21,Austin
2015,2,16,78,2,1,13,79,10,0,3,102,105,33,0,0,5,41,7,0,0,53,53,40,2,1,6,31,3,0,3,40,43,0,0,0,1,0,0,0,0,1,1,5,0,0,1,7,0,0,0,8,8,267,1,19,-258,-20,Austin
2016,2,16,75,1,4,13,68,5,4,5,86,91,26,0,1,8,36,2,1,1,46,47,42,1,3,5,29,2,1,4,36,40,2,0,0,0,0,1,0,0,1,1,5,0,0,0,3,0,2,0,3,3,269,3,16,-264,-26,Austin
2017,2,16,74,3,1,7,56,5,3,4,68,72,32,0,1,4,40,2,3,1,46,47,35,3,0,3,13,2,0,3,18,21,2,0,0,0,0,1,0,0,1,1,5,0,0,0,3,0,0,0,3,3,281,6,12,-262,-24,Austin
2018,2,16,73,2,6,11,62,5,5,8,78,86,30,1,1,4,34,1,2,2,39,41,37,1,5,7,21,4,3,6,32,38,2,0,0,0,1,0,0,0,1,1,4,0,0,0,6,0,0,0,6,6,277,7,18,-261,-23,Austin
2019,2,16,86,5,4,10,100,11,1,9,121,130,33,0,1,4,49,3,0,1,56,57,44,5,3,5,42,6,1,8,53,61,1,0,0,0,3,0,0,0,3,3,8,0,0,1,6,2,0,0,9,9,321,6,25,-260,-22,Austin
2020,2,16,75,1,7,5,84,3,3,8,92,100,35,0,2,1,37,0,2,2,38,40,33,1,5,3,37,1,1,6,41,47,0,0,0,0,2,2,0,0,4,4,7,0,0,1,8,0,0,0,9,9,272,5,24,-259,-21,Austin
2021,2,16,38,0,6,15,25,4,0,6,44,50,13,0,4,8,16,2,0,4,26,30,21,0,2,6,7,2,0,2,15,17,0,0,0,0,0,0,0,0,0,0,4,0,0,1,2,0,0,0,3,3,143,1,11,-264,-26,Austin
2022,2,16,56,2,7,10,82,12,4,9,104,113,25,0,4,4,41,5,1,4,50,54,24,2,2,6,29,6,3,4,41,45,1,0,0,0,1,1,0,0,2,2,6,0,1,0,11,0,0,1,11,12,253,4,29,-263,-25,Austin
2023,2,16,47,5,4,11,84,9,3,9,104,113,24,2,1,7,39,4,1,3,50,53,19,2,3,4,33,3,2,5,40,45,0,0,0,0,5,0,0,0,5,5,4,1,0,0,7,2,0,1,9,10,239,5,17,-262,-24,Austin
2024,2,16,60,4,9,13,57,29,2,13,99,112,25,2,2,7,24,12,1,4,43,47,31,2,7,5,27,15,1,9,47,56,1,0,0,0,0,0,0,0,0,0,3,0,0,1,6,2,0,0,9,9,281,1,23,-261,-23,Austin
2012,3,16,108,3,2,18,101,1,1,5,120,125,41,1,1,7,54,1,1,2,62,64,58,2,1,10,37,0,0,3,47,50,0,0,0,0,1,0,0,0,1,1,9,0,0,1,9,0,0,0,10,10,395,7,35,-233,5,Austin
2013,3,16,106,0,9,14,124,5,2,9,143,152,37,0,5,8,58,2,1,5,68,73,58,0,3,5,58,3,1,3,66,69,1,0,0,0,0,0,0,0,0,0,10,0,1,1,8,0,0,1,9,10,411,1,27,-232,6,Austin
2014,3,16,86,5,7,12,86,6,1,12,104,116,30,0,5,6,45,3,0,5,54,59,51,5,2,6,37,2,1,7,45,52,0,0,0,0,1,0,0,0,1,1,5,0,0,0,3,1,0,0,4,4,317,1,13,-231,7,Austin
2015,3,16,79,3,4,14,81,8,3,7,103,110,39,2,1,7,43,4,1,3,54,57,39,1,3,4,26,4,2,4,34,38,0,0,0,0,2,0,0,0,2,2,1,0,0,3,10,0,0,0,13,13,318,2,20,-230,8,Austin
2016,3,16,90,1,6,14,68,7,2,7,89,96,44,1,3,6,34,3,1,4,43,47,40,0,1,7,25,1,1,1,33,34,0,0,0,0,0,0,0,0,0,0,6,0,2,1,9,3,0,2,13,15,308,1,27,-235,3,Austin
2017,3,16,96,4,5,11,78,4,3,9,93,102,39,0,1,6,36,1,1,1,43,44,49,3,4,2,35,3,2,7,40,47,0,0,0,1,0,0,0,0,1,1,8,1,0,2,7,0,0,1,9,10,323,1,26,-234,4,Austin
2018,3,16,69,3,6,17,84,6,4,9,107,116,32,1,2,13,48,3,3,3,64,67,32,1,3,3,27,3,1,4,33,37,1,0,0,0,0,0,0,0,0,0,4,1,1,1,9,0,0,2,10,12,297,1,20,-233,5,Austin
2019,3,16,87,4,15,16,106,8,2,19,130,149,41,0,7,5,52,4,0,7,61,68,41,4,8,11,48,3,2,12,62,74,0,0,0,0,1,0,0,0,1,1,5,0,0,0,5,1,0,0,6,6,323,1,16,-232,6,Austin
2020,3,16,74,2,6,12,65,10,2,8,87,95,39,1,2,5,39,7,1,3,51,54,33,1,2,5,19,2,1,3,26,29,0,0,0,0,0,1,0,0,1,1,2,0,2,2,7,0,0,2,9,11,269,2,19,-230,8,Austin
2021,3,16,54,3,7,11,73,8,2,10,92,102,30,2,4,4,39,4,2,6,47,53,18,1,3,5,27,4,0,4,36,40,0,0,0,1,1,0,0,0,2,2,6,0,0,1,6,0,0,0,7,7,246,5,18,-236,2,Austin
2022,3,16,57,3,8,9,63,14,10,11,86,97,29,2,3,4,39,8,5,5,51,56,27,0,3,3,22,6,4,3,31,34,0,0,0,0,0,0,0,0,0,0,1,1,2,2,2,0,1,3,4,7,265,0,12,-235,3,Austin
2023,3,16,58,0,8,17,67,21,9,8,105,113,20,0,3,6,25,14,1,3,45,48,34,0,5,10,37,5,7,5,52,57,1,0,0,0,0,0,0,0,0,0,3,0,0,1,5,2,1,0,8,8,259,1,18,-234,4,Austin
2024,3,16,71,5,2,9,59,16,19,7,84,91,20,2,0,5,25,10,1,2,40,42,44,3,2,3,30,4,17,5,37,42,1,0,0,0,0,1,0,0,1,1,6,0,0,1,4,1,1,0,6,6,266,2,15,-232,6,Austin
2012,4,16,96,5,5,26,88,5,1,10,119,129,49,2,2,20,61,2,0,4,83,87,42,2,3,3,17,2,1,5,22,27,0,0,0,2,3,0,0,0,5,5,5,1,0,1,7,1,0,1,9,10,356,8,25,-202,36,Austin
2013,4,16,84,0,4,17,87,6,2,4,110,114,51,0,0,9,61,1,2,0,71,71,26,0,3,6,19,4,0,3,29,32,1,0,0,2,0,0,0,0,2,2,6,0,1,0,7,1,0,1,8,9,327,5,21,-201,37,Austin
2014,4,16,87,1,7,18,74,6,2,8,98,106,59,0,3,7,46,4,2,3,57,60,25,1,3,7,18,2,0,4,27,31,0,0,0,0,0,0,0,0,0,0,3,0,1,4,10,0,0,1,14,15,306,0,29,-200,38,Austin
2015,4,16,85,5,5,11,71,2,1,10,84,94,47,1,1,8,41,1,0,2,50,52,26,3,4,3,23,1,0,7,27,34,2,0,0,0,1,0,0,0,1,1,10,1,0,0,6,0,1,1,6,7,316,3,27,-199,39,Austin
2016,4,16,73,7,7,14,72,6,1,14,92,106,38,1,2,8,48,2,0,3,58,61,32,4,5,3,20,2,1,9,25,34,0,0,0,0,1,0,0,0,1,1,3,2,0,3,3,2,0,2,8,10,277,1,23,-204,34,Austin
2017,4,16,93,1,4,6,53,3,2,5,62,67,48,0,2,2,23,2,1,2,27,29,38,1,0,4,26,1,1,1,31,32,0,0,0,0,1,0,0,0,1,1,7,0,2,0,3,0,0,2,3,5,257,3,16,-203,35,Austin
2018,4,16,72,4,2,10,73,5,1,6,88,94,40,3,0,4,55,2,1,3,61,64,27,1,1,6,12,3,0,2,21,23,0,0,0,0,0,0,0,0,0,0,5,0,1,0,6,0,0,1,6,7,250,0,16,-202,36,Austin
2019,4,16,64,2,7,8,86,5,2,9,99,108,31,1,3,6,48,0,0,4,54,58,22,1,2,2,28,5,2,3,35,38,0,0,0,0,1,0,0,0,1,1,11,0,2,0,9,0,0,2,9,11,280,3,27,-201,37,Austin
2020,4,16,71,4,8,9,50,13,3,12,72,84,35,3,4,4,33,6,3,7,43,50,28,1,3,5,11,5,0,4,21,25,1,0,0,0,0,0,0,0,0,0,7,0,1,0,6,2,0,1,8,9,255,2,26,-199,39,Austin
2021,4,16,51,7,7,8,73,6,2,14,87,101,31,5,1,3,50,3,1,6,56,62,17,2,4,2,20,3,1,6,25,31,0,0,0,1,0,0,0,0,1,1,3,0,2,2,3,0,0,2,5,7,265,1,15,-205,33,Austin
2022,4,16,58,5,7,9,60,13,1,12,82,94,30,2,3,6,31,8,0,5,45,50,22,2,4,3,20,4,1,6,27,33,1,0,0,0,1,0,0,0,1,1,5,1,0,0,8,1,0,1,9,10,248,2,23,-204,34,Austin
2023,4,16,36,0,5,8,42,9,5,5,59,64,21,0,1,2,16,5,2,1,23,24,12,0,4,6,24,4,1,4,34,38,0,0,0,0,0,0,1,0,0,0,3,0,0,0,2,0,1,0,2,2,192,1,12,-203,35,Austin
2024,4,16,51,3,6,11,45,20,2,9,76,85,19,2,5,8,29,18,2,7,55,62,28,0,0,3,10,1,0,0,14,14,0,0,0,0,0,0,0,0,0,0,4,1,1,0,6,1,0,2,7,9,221,0,16,-201,37,Austin
2012,5,16,101,2,4,17,92,8,1,6,117,123,56,2,2,13,59,5,1,4,77,81,35,0,0,2,25,1,0,0,28,28,0,0,0,0,0,0,0,0,0,0,10,0,2,2,8,2,0,2,12,14,365,0,32,-172,66,Austin
2013,5,16,87,1,5,15,99,8,1,6,122,128,52,0,2,15,66,8,0,2,89,91,30,0,2,0,21,0,1,2,21,23,0,0,0,0,1,0,0,0,1,1,5,1,1,0,11,0,0,2,11,13,368,1,27,-171,67,Austin
2014,5,16,73,5,3,25,87,4,2,8,116,124,37,3,1,21,54,1,1,4,76,80,30,2,1,3,26,2,0,3,31,34,1,0,0,1,0,0,0,0,1,1,5,0,1,0,7,1,1,1,8,9,327,3,26,-170,68,Austin
2015,5,16,76,1,8,13,82,4,0,9,99,108,32,1,7,9,50,1,0,8,60,68,38,0,1,2,28,3,0,1,33,34,0,0,0,0,0,0,0,0,0,0,6,0,0,2,4,0,0,0,6,6,284,0,19,-169,69,Austin
2016,5,16,98,1,4,11,83,5,1,5,99,104,56,0,2,7,60,3,0,2,70,72,38,1,2,3,18,1,0,3,22,25,0,0,0,0,0,1,0,0,1,1,4,0,0,1,5,0,1,0,6,6,316,3,23,-174,64,Austin
2017,5,16,77,2,8,11,66,6,0,10,83,93,50,0,5,7,49,4,0,5,60,65,20,1,3,3,12,2,0,4,17,21,0,0,0,0,1,0,0,0,1,1,7,1,0,1,4,0,0,1,5,6,278,2,19,-173,65,Austin
2018,5,16,76,2,5,7,63,7,4,7,77,84,44,0,3,4,49,4,2,3,57,60,24,2,2,2,12,2,2,4,16,20,0,0,0,0,0,0,0,0,0,0,8,0,0,1,2,1,0,0,4,4,249,0,19,-172,66,Austin
2019,5,16,66,4,3,4,94,8,2,7,106,113,38,3,3,3,56,5,2,6,64,70,20,0,0,1,29,2,0,0,32,32,0,0,0,0,1,0,0,0,1,1,8,1,0,0,8,1,0,1,9,10,309,2,28,-171,67,Austin
2020,5,16,66,2,12,13,68,12,3,14,93,107,40,1,5,6,51,6,0,6,63,69,23,1,3,6,12,5,2,4,23,27,1,0,0,0,1,0,0,0,1,1,2,0,4,1,4,1,1,4,6,10,254,2,19,-169,69,Austin
2021,5,16,47,1,5,14,58,9,3,6,81,87,23,1,3,7,32,8,1,4,47,51,21,0,2,5,19,1,2,2,25,27,0,0,0,0,1,0,0,0,1,1,3,0,0,2,6,0,0,0,8,8,209,2,18,-175,63,Austin
2022,5,16,66,2,5,11,69,9,4,7,89,96,41,1,2,6,48,8,3,3,62,65,21,0,2,4,18,0,1,2,22,24,0,1,0,0,0,0,0,1,0,1,4,0,1,1,3,1,0,1,5,6,251,1,15,-174,64,Austin
2023,5,16,48,1,4,16,77,19,3,5,112,117,27,1,2,5,46,13,1,3,64,67,18,0,2,11,21,4,2,2,36,38,1,0,0,0,1,0,0,0,1,1,2,0,0,0,9,2,0,0,11,11,241,2,21,-173,65,Austin
2024,5,16,48,2,5,7,70,17,2,7,94,101,20,2,4,3,45,15,1,6,63,69,25,0,1,3,19,2,1,1,24,25,0,0,0,1,1,0,0,0,2,2,3,0,0,0,5,0,0,0,5,5,241,3,15,-171,67,Austin
2012,6,16,110,7,4,20,89,4,3,11,113,124,53,3,1,13,49,0,2,4,62,66,40,3,3,6,22,3,1,6,31,37,1,1,0,0,0,0,0,1,0,1,16,0,0,1,18,1,0,0,20,20,389,2,51,-141,97,Austin
2013,6,16,96,3,6,11,78,6,0,9,95,104,50,1,4,7,49,3,0,5,59,64,34,2,2,3,24,2,0,4,29,33,1,0,0,0,0,0,0,0,0,0,11,0,0,1,5,1,0,0,7,7,321,1,25,-140,98,Austin
2014,6,16,115,11,5,8,79,1,2,16,88,104,74,1,2,4,60,0,0,3,64,67,21,7,3,2,14,1,2,10,17,27,0,1,0,1,0,0,0,1,1,2,20,2,0,1,5,0,0,2,6,8,339,3,39,-139,99,Austin
2015,6,16,78,3,5,10,71,1,1,8,82,90,55,1,4,7,48,1,1,5,56,61,18,2,1,3,16,0,0,3,19,22,0,0,0,0,0,0,0,0,0,0,5,0,0,0,7,0,0,0,7,7,299,1,21,-138,100,Austin
2016,6,16,77,5,4,14,41,11,3,9,66,75,42,2,1,8,21,5,2,3,34,37,25,1,1,4,12,6,1,2,22,24,0,0,0,0,0,0,0,0,0,0,10,2,2,2,8,0,0,4,10,14,270,0,31,-143,95,Austin
2017,6,16,79,1,6,7,71,6,1,7,84,91,43,0,3,5,52,5,1,3,62,65,29,1,2,1,16,1,0,3,18,21,0,0,0,1,0,0,0,0,1,1,7,0,1,0,3,0,0,1,3,4,300,2,21,-142,96,Austin
2018,6,16,84,4,4,10,70,6,4,8,86,94,44,2,2,8,48,1,3,4,57,61,28,1,2,1,16,4,1,3,21,24,0,0,0,0,1,0,0,0,1,1,12,1,0,1,5,1,0,1,7,8,291,2,27,-141,97,Austin
2019,6,16,70,7,8,13,65,10,2,15,88,103,35,2,5,5,43,5,0,7,53,60,25,4,1,8,20,3,2,5,31,36,0,0,0,0,0,0,0,0,0,0,10,1,2,0,2,2,0,3,4,7,284,0,32,-140,98,Austin
2020,6,16,66,7,5,11,58,9,0,12,78,90,42,4,3,7,40,6,0,7,53,60,16,2,1,3,13,3,0,3,19,22,0,1,0,0,0,0,0,1,0,1,8,0,1,1,5,0,0,1,6,7,249,1,20,-138,100,Austin
2021,6,16,60,1,8,7,45,13,3,9,65,74,35,1,5,4,32,8,1,6,44,50,17,0,3,2,10,3,2,3,15,18,0,0,0,0,0,0,0,0,0,0,8,0,0,1,3,2,0,0,6,6,220,0,25,-144,94,Austin
2022,6,16,64,2,1,10,51,11,1,3,72,75,27,2,1,6,37,8,0,3,51,54,28,0,0,3,11,3,1,0,17,17,2,0,0,0,1,0,0,0,1,1,7,0,0,1,2,0,0,0,3,3,240,3,15,-143,95,Austin
2023,6,16,58,0,3,10,51,17,5,3,78,81,35,0,0,7,29,11,3,0,47,47,20,0,2,2,22,5,1,2,29,31,0,0,0,0,0,0,0,0,0,0,3,0,1,1,0,1,1,1,2,3,221,0,12,-142,96,Austin
2024,6,16,42,3,4,13,38,18,3,7,69,76,18,1,1,5,28,10,2,2,43,45,21,2,2,7,8,5,1,4,20,24,0,0,0,0,0,0,0,0,0,0,3,0,1,1,2,3,0,1,6,7,188,1,14,-140,98,Austin
2012,7,16,92,3,6,22,103,6,0,9,131,140,54,3,3,18,71,3,0,6,92,98,28,0,2,3,19,2,0,2,24,26,0,0,0,1,1,1,0,0,3,3,10,0,1,0,12,0,0,1,12,13,364,5,41,-111,127,Austin
2013,7,16,97,1,5,10,86,4,0,6,100,106,67,0,3,7,66,3,0,3,76,79,20,1,2,3,11,1,0,3,15,18,1,0,0,0,0,0,0,0,0,0,9,0,0,0,9,0,0,0,9,9,318,2,26,-110,128,Austin
2014,7,16,81,0,2,8,83,8,3,2,99,101,47,0,1,4,58,4,1,1,66,67,18,0,1,2,16,2,2,1,20,21,1,0,0,0,2,0,0,0,2,2,15,0,0,2,7,2,0,0,11,11,309,3,38,-109,129,Austin
2015,7,16,80,2,6,9,80,7,2,8,96,104,48,0,4,6,49,4,2,4,59,63,21,2,2,1,24,0,0,4,25,29,0,0,0,0,2,0,0,0,2,2,11,0,0,2,5,3,0,0,10,10,330,3,34,-108,130,Austin
2016,7,16,76,2,4,19,71,4,2,6,94,100,45,0,0,15,45,3,1,0,63,63,25,2,3,4,18,0,1,5,22,27,0,0,0,0,1,0,0,0,1,1,6,0,1,0,7,1,0,1,8,9,285,2,24,-113,125,Austin
2017,7,16,101,5,6,12,50,7,1,11,69,80,56,4,2,8,28,5,0,6,41,47,38,1,4,3,16,2,1,5,21,26,1,0,0,0,0,0,0,0,0,0,6,0,0,1,6,0,0,0,7,7,296,4,25,-112,126,Austin
2018,7,16,85,2,5,15,78,6,3,7,99,106,40,0,3,7,63,4,2,3,74,77,32,1,1,6,8,2,0,2,16,18,0,0,0,0,0,0,1,0,0,0,13,1,1,2,7,0,0,2,9,11,279,1,30,-111,127,Austin
2019,7,16,73,2,10,14,87,8,6,12,109,121,44,0,5,5,62,6,2,5,73,78,18,2,5,8,13,1,3,7,22,29,1,0,0,0,2,0,1,0,2,2,10,0,0,1,10,1,0,0,12,12,292,6,32,-110,128,Austin
2020,7,16,70,0,13,13,69,7,1,13,89,102,38,0,6,6,53,4,0,6,63,69,27,0,6,6,10,1,1,6,17,23,0,0,1,0,1,0,0,1,1,2,5,0,0,1,5,2,0,0,8,8,268,3,17,-108,130,Austin
2021,7,16,56,4,4,18,76,15,3,8,109,117,34,1,4,7,53,13,1,5,73,78,19,3,0,6,19,2,2,3,27,30,0,0,0,2,0,0,0,0,2,2,3,0,0,3,4,0,0,0,7,7,266,2,17,-114,124,Austin
2022,7,16,51,2,5,9,84,20,5,7,113,120,30,1,2,4,63,11,1,3,78,81,15,1,3,3,19,7,4,4,29,33,1,0,0,1,0,1,0,0,2,2,5,0,0,1,2,1,0,0,4,4,265,3,14,-113,125,Austin
2023,7,16,62,3,11,17,50,18,2,14,85,99,36,0,2,6,28,11,0,2,45,47,22,3,8,10,21,6,2,11,37,48,0,0,0,0,0,0,0,0,0,0,4,0,1,1,1,1,0,1,3,4,263,0,15,-112,126,Austin
2024,7,16,44,3,11,9,42,14,3,14,65,79,21,1,3,4,27,9,2,4,40,44,16,2,6,3,14,3,1,8,20,28,0,0,0,1,0,0,0,0,1,1,7,0,2,1,1,2,0,2,4,6,214,1,21,-110,128,Austin
2012,8,16,99,0,9,23,78,3,3,9,104,113,48,0,2,18,53,2,2,2,73,75,42,0,5,5,18,0,1,5,23,28,0,0,0,0,0,0,0,0,0,0,9,0,2,0,7,1,0,2,8,10,366,2,30,-80,158,Austin
2013,8,16,105,2,5,12,92,5,2,7,109,116,59,1,3,10,67,3,0,4,80,84,29,0,1,2,21,1,2,1,24,25,2,0,0,0,1,0,0,0,1,1,15,1,1,0,3,1,0,2,4,6,364,4,25,-79,159,Austin
2014,8,16,100,1,4,15,102,6,1,5,123,128,49,0,1,6,54,1,0,1,61,62,47,1,3,7,39,4,1,4,50,54,0,0,0,0,0,0,0,0,0,0,4,0,0,2,9,1,0,0,12,12,349,0,26,-78,160,Austin
2015,8,16,94,6,3,9,90,5,2,9,104,113,42,2,1,4,53,3,0,3,60,63,48,4,2,2,31,2,2,6,35,41,0,0,0,0,0,0,0,0,0,0,4,0,0,3,6,0,0,0,9,9,325,1,21,-77,161,Austin
2016,8,16,62,2,5,10,77,6,0,7,93,100,30,0,3,7,54,2,0,3,63,66,22,2,1,1,19,1,0,3,21,24,0,0,0,0,0,0,0,0,0,0,10,0,1,2,4,3,0,1,9,10,265,1,27,-82,156,Austin
2017,8,16,61,4,5,9,86,6,2,9,101,110,33,3,3,5,57,2,0,6,64,70,24,1,1,4,22,4,2,2,30,32,1,0,0,0,0,0,0,0,0,0,3,0,1,0,7,0,0,1,7,8,282,2,17,-81,157,Austin
2018,8,16,65,1,3,13,83,6,2,4,102,106,31,1,1,7,61,1,0,2,69,71,23,0,1,3,15,4,1,1,22,23,1,0,0,0,1,0,0,0,1,1,10,0,1,3,6,1,1,1,10,11,276,3,33,-80,158,Austin
2019,8,16,77,5,11,12,98,8,1,16,118,134,39,3,7,8,61,4,0,10,73,83,32,2,4,4,26,2,1,6,32,38,0,0,0,0,0,0,0,0,0,0,6,0,0,0,11,2,0,0,13,13,329,1,30,-79,159,Austin
2020,8,16,55,2,10,14,72,9,5,12,95,107,31,1,3,6,46,6,1,4,58,62,23,1,6,8,23,2,4,7,33,40,1,0,0,0,0,0,0,0,0,0,0,0,1,0,3,1,0,1,4,5,255,1,15,-77,161,Austin
2021,8,16,48,1,2,15,67,18,4,3,100,103,24,1,0,10,42,12,1,1,64,65,17,0,2,4,23,5,3,2,32,34,0,0,0,1,0,0,0,0,1,1,7,0,0,0,2,1,0,0,3,3,253,2,15,-83,155,Austin
2022,8,16,39,2,4,14,67,14,2,6,95,101,22,1,3,9,40,9,1,4,58,62,15,1,1,5,20,4,1,2,29,31,0,0,0,0,1,0,0,0,1,1,2,0,0,0,6,1,0,0,7,7,207,1,14,-82,156,Austin
2023,8,16,53,2,4,9,46,17,6,6,72,78,23,2,1,1,24,8,3,3,33,36,23,0,1,7,21,8,3,1,36,37,0,0,0,0,0,0,0,0,0,0,7,0,2,1,1,1,0,2,3,5,224,2,19,-81,157,Austin
2024,8,16,59,1,3,9,54,14,5,4,77,81,34,0,2,3,32,5,1,2,40,42,19,1,1,6,18,9,3,2,33,35,0,0,0,0,1,0,1,0,1,1,6,0,0,0,3,0,0,0,3,3,239,4,18,-79,159,Austin
2012,9,16,75,3,7,21,80,9,1,10,110,120,37,1,3,12,34,6,0,4,52,56,33,2,4,9,42,3,1,6,54,60,0,0,0,0,0,0,0,0,0,0,5,0,0,0,4,0,0,0,4,4,289,0,16,-49,189,Austin
2013,9,16,91,2,2,18,90,3,1,4,111,115,43,1,1,11,55,2,0,2,68,70,40,1,1,5,26,1,1,2,32,34,2,0,0,1,1,0,0,0,2,2,6,0,0,1,8,0,0,0,9,9,312,4,18,-48,190,Austin
2014,9,16,85,5,5,17,76,3,2,10,96,106,48,1,1,11,47,2,2,2,60,62,28,2,4,4,21,0,0,6,25,31,2,1,0,0,0,0,0,1,0,1,7,1,0,2,8,1,0,1,11,12,308,5,26,-47,191,Austin
2015,9,16,87,4,2,11,95,4,0,6,110,116,52,1,1,6,66,0,0,2,72,74,26,3,1,4,21,4,0,4,29,33,0,0,0,0,0,0,0,0,0,0,9,0,0,1,8,0,0,0,9,9,324,2,32,-46,192,Austin
2016,9,16,88,1,6,9,80,6,0,7,95,102,54,0,3,4,50,6,0,3,60,63,26,1,3,3,23,0,0,4,26,30,2,0,0,0,1,0,0,0,1,1,6,0,0,2,6,0,0,0,8,8,305,3,21,-51,187,Austin
2017,9,16,87,0,8,10,63,8,1,8,81,89,43,0,3,6,38,1,1,3,45,48,38,0,4,3,22,7,0,4,32,36,1,0,0,0,0,0,0,0,0,0,5,0,1,1,3,0,0,1,4,5,290,2,19,-50,188,Austin
2018,9,16,84,7,7,6,72,10,4,14,88,102,39,1,3,2,35,3,3,4,40,44,40,6,4,3,30,6,1,10,39,49,3,0,0,1,1,0,0,0,2,2,2,0,0,0,6,1,0,0,7,7,270,5,13,-49,189,Austin
2019,9,16,61,3,5,15,72,6,4,8,93,101,36,1,1,11,50,1,1,2,62,64,16,1,4,4,16,4,3,5,24,29,0,0,0,0,1,0,0,0,1,1,9,1,0,0,5,1,0,1,6,7,264,2,20,-48,190,Austin
2020,9,16,70,5,7,13,80,12,0,12,105,117,35,3,4,6,49,6,0,7,61,68,29,2,2,7,29,5,0,4,41,45,0,0,0,0,0,1,0,0,1,1,6,0,1,0,2,0,0,1,2,3,303,3,14,-46,192,Austin
2021,9,16,57,2,12,10,79,9,2,14,98,112,23,1,6,6,54,3,1,7,63,70,28,1,5,3,16,4,1,6,23,29,1,0,0,0,0,1,0,0,1,1,5,0,1,1,9,1,0,1,11,12,261,2,23,-52,186,Austin
2022,9,16,63,3,7,10,84,22,1,10,116,126,30,1,5,4,45,15,0,6,64,70,27,2,2,5,34,7,1,4,46,50,0,0,0,0,3,0,0,0,3,3,6,0,0,1,2,0,0,0,3,3,293,4,22,-51,187,Austin
2023,9,16,56,4,10,11,64,16,3,14,91,105,23,2,4,4,39,8,1,6,51,57,31,1,4,7,23,7,2,5,37,42,0,0,0,0,0,0,0,0,0,0,2,1,2,0,2,1,0,3,3,6,240,0,12,-50,188,Austin
2024,9,16,49,2,4,15,48,12,3,6,75,81,27,1,3,8,33,9,1,4,50,54,19,1,1,6,14,3,1,2,23,25,2,0,0,0,0,0,0,0,0,0,1,0,0,1,1,0,1,0,2,2,206,3,10,-48,190,Austin
2012,10,16,89,2,2,32,102,10,1,4,144,148,30,0,1,27,48,6,0,1,81,82,49,1,1,5,40,4,1,2,49,51,3,0,0,0,0,0,0,0,0,0,7,1,0,0,14,0,0,1,14,15,353,3,26,-19,219,Austin
2013,10,16,87,1,4,19,97,9,1,5,125,130,43,0,1,9,51,5,0,1,65,66,34,1,3,9,33,4,1,4,46,50,0,0,0,0,0,0,0,0,0,0,10,0,0,1,13,0,0,0,14,14,328,0,33,-18,220,Austin
2014,10,16,91,1,2,19,69,4,4,3,92,95,41,1,0,10,42,4,2,1,56,57,43,0,2,6,21,0,2,2,27,29,0,0,0,1,0,0,0,0,1,1,7,0,0,2,6,0,0,0,8,8,317,2,20,-17,221,Austin
2015,10,16,69,2,0,13,73,6,0,2,92,94,25,1,0,9,45,2,0,1,56,57,41,1,0,4,23,4,0,1,31,32,0,0,0,0,2,0,0,0,2,2,3,0,0,0,3,0,0,0,3,3,279,4,12,-16,222,Austin
2016,10,16,86,5,11,14,56,7,0,16,77,93,38,1,4,8,28,3,0,5,39,44,38,2,5,6,23,3,0,7,32,39,2,0,0,0,0,0,0,0,0,0,8,2,2,0,5,1,0,4,6,10,282,5,24,-21,217,Austin
2017,10,16,66,4,4,14,50,7,2,8,71,79,28,1,1,7,33,3,0,2,43,45,33,2,2,4,12,3,2,4,19,23,0,0,0,0,0,0,0,0,0,0,5,1,1,3,5,1,0,2,9,11,259,0,25,-20,218,Austin
2018,10,16,71,3,2,10,99,4,0,5,113,118,38,0,1,6,46,1,0,1,53,54,26,3,1,2,36,1,0,4,39,43,0,0,0,1,2,0,0,0,3,3,7,0,0,1,15,2,0,0,18,18,277,3,35,-19,219,Austin
2019,10,16,61,4,4,20,74,10,6,8,104,112,30,3,0,14,50,6,4,3,70,73,20,1,4,6,21,2,2,5,29,34,2,0,0,0,0,0,0,0,0,0,9,0,0,0,3,2,0,0,5,5,281,3,22,-18,220,Austin
2020,10,16,66,0,2,17,70,12,1,2,99,101,29,0,1,9,34,7,0,1,50,51,28,0,1,8,30,4,1,1,42,43,1,0,0,0,0,0,0,0,0,0,8,0,0,0,6,1,0,0,7,7,242,1,18,-16,222,Austin
2021,10,16,58,4,6,10,72,16,3,10,98,108,24,1,2,6,32,6,2,3,44,47,29,3,4,4,36,9,0,7,49,56,0,0,0,0,1,0,0,0,1,1,5,0,0,0,3,1,1,0,4,4,255,1,16,-22,216,Austin
2022,10,16,59,4,11,25,95,10,4,15,130,145,27,3,1,11,51,6,0,4,68,72,30,0,8,12,36,4,4,8,52,60,0,0,0,1,0,0,0,0,1,1,2,1,2,1,8,0,0,3,9,12,285,2,21,-21,217,Austin
2023,10,16,47,4,7,10,51,25,4,11,86,97,20,2,1,1,24,16,3,3,41,44,20,2,4,7,24,5,1,6,36,42,1,0,1,0,1,2,0,1,3,4,6,0,1,2,2,2,0,1,6,7,234,5,23,-20,218,Austin
2024,10,16,50,3,4,12,49,14,4,7,75,82,14,1,2,5,30,7,1,3,42,45,27,2,2,5,14,5,2,4,24,28,2,0,0,0,0,0,0,0,0,0,7,0,0,2,5,2,1,0,9,9,228,3,24,-18,220,Austin
2012,11,16,84,4,4,27,95,1,1,8,123,131,36,0,3,14,42,0,0,3,56,59,39,3,1,9,49,1,1,4,59,63,1,0,0,1,0,0,0,0,1,1,8,1,0,3,4,0,0,1,7,8,329,2,26,12,250,Austin
2013,11,16,111,3,6,12,89,2,1,9,103,112,38,1,3,7,39,0,0,4,46,50,64,2,3,5,38,2,1,5,45,50,1,0,0,0,0,0,0,0,0,0,8,0,0,0,12,0,0,0,12,12,342,1,26,13,251,Austin
2014,11,16,88,3,8,20,78,8,1,11,106,117,36,0,0,14,36,2,0,0,52,52,46,1,8,4,36,5,1,9,45,54,1,0,0,0,2,0,0,0,2,2,5,2,0,2,4,1,0,2,7,9,285,3,19,14,252,Austin
2015,11,16,63,5,6,15,75,7,2,11,97,108,22,1,0,9,41,4,0,1,54,55,34,2,6,6,31,1,2,8,38,46,2,0,0,0,0,1,0,0,1,1,5,2,0,0,3,1,0,2,4,6,266,4,15,15,253,Austin
2016,11,16,65,4,2,12,75,6,0,6,93,99,26,1,0,2,38,2,0,1,42,43,37,3,2,9,29,4,0,5,42,47,0,0,0,0,1,0,0,0,1,1,2,0,0,1,7,0,0,0,8,8,286,3,15,10,248,Austin
2017,11,16,69,0,5,11,60,5,2,5,76,81,18,0,2,5,25,2,1,2,32,34,48,0,3,6,31,3,1,3,40,43,0,0,0,0,0,0,0,0,0,0,3,0,0,0,4,0,0,0,4,4,239,0,16,11,249,Austin
2018,11,16,63,5,4,15,86,6,1,9,107,116,15,3,1,9,43,3,0,4,55,59,40,2,2,3,39,3,1,4,45,49,0,0,0,1,1,0,0,0,2,2,8,0,1,2,3,0,0,1,5,6,278,3,23,12,250,Austin
2019,11,16,68,3,4,10,90,13,2,7,113,120,29,1,1,6,37,5,1,2,48,50,32,1,3,4,44,7,1,4,55,59,1,0,0,0,0,0,0,0,0,0,6,1,0,0,9,1,0,1,10,11,280,2,22,13,251,Austin
2020,11,16,64,4,4,15,85,11,3,8,111,119,30,0,0,7,43,5,0,0,55,55,26,3,4,7,36,5,3,7,48,55,0,0,0,0,1,1,0,0,2,2,8,1,0,1,5,0,0,1,6,7,293,2,20,15,253,Austin
2021,11,16,45,2,7,13,74,8,1,9,95,104,14,1,4,5,41,2,0,5,48,53,27,1,3,7,29,5,1,4,41,45,0,0,0,0,0,0,0,0,0,0,4,0,0,1,4,1,0,0,6,6,220,1,13,9,247,Austin
2022,11,16,39,1,6,7,58,7,2,7,72,79,14,0,0,3,29,4,0,0,36,36,21,1,5,4,24,1,2,6,29,35,0,0,0,0,0,0,0,0,0,0,4,0,1,0,5,2,0,1,7,8,198,0,19,10,248,Austin
2023,11,16,42,3,4,8,56,23,2,7,87,94,9,1,0,3,26,11,1,1,40,41,27,0,3,4,26,9,1,3,39,42,1,0,1,0,0,1,0,1,1,2,5,2,0,1,4,2,0,2,7,9,212,3,22,11,249,Austin
2024,11,16,55,2,8,7,68,9,3,10,84,94,18,1,2,2,22,3,0,3,27,30,34,1,4,5,43,4,3,5,52,57,0,0,0,0,0,0,0,0,0,0,3,0,2,0,3,2,0,2,5,7,248,0,16,13,251,Austin
2012,12,16,98,3,5,10,82,4,0,8,96,104,32,1,1,3,28,1,0,2,32,34,61,2,3,6,48,3,0,5,57,62,1,0,0,0,1,0,0,0,1,1,4,0,1,1,5,0,0,1,6,7,319,4,21,42,280,Austin
2013,12,16,75,3,2,20,101,6,1,5,127,132,29,0,2,9,46,2,0,2,57,59,36,3,0,10,41,3,1,3,54,57,4,0,0,1,3,1,0,0,5,5,6,0,0,0,11,0,0,0,11,11,323,12,19,43,281,Austin
2014,12,16,86,2,4,19,82,5,0,6,106,112,38,1,0,11,38,1,0,1,50,51,42,1,4,7,39,3,0,5,49,54,0,0,0,0,1,1,0,0,2,2,6,0,0,1,4,0,0,0,5,5,301,2,15,44,282,Austin
2015,12,16,82,6,4,26,69,4,2,10,99,109,28,2,1,17,37,1,2,3,55,58,49,4,2,9,26,2,0,6,37,43,0,0,0,0,0,0,0,0,0,0,5,0,1,0,6,1,0,1,7,8,303,0,23,45,283,Austin
2016,12,16,92,5,6,18,82,8,1,11,108,119,27,0,1,10,39,4,1,1,53,54,55,3,4,5,41,4,0,7,50,57,1,0,0,1,0,0,0,0,1,1,9,2,1,2,2,0,0,3,4,7,339,2,28,40,278,Austin
2017,12,16,56,3,8,8,60,6,2,11,74,85,25,2,3,4,27,3,0,5,34,39,29,1,4,4,29,3,2,5,36,41,0,0,0,0,1,0,0,0,1,1,2,0,1,0,3,0,0,1,3,4,232,2,8,41,279,Austin
2018,12,16,75,5,7,14,85,4,2,12,103,115,28,0,2,7,46,0,2,2,53,55,40,5,3,7,30,4,0,8,41,49,0,0,1,0,0,0,0,1,0,1,7,0,1,0,9,0,0,1,9,10,273,1,23,42,280,Austin
2019,12,16,71,7,2,12,70,11,1,9,93,102,31,2,1,6,28,2,1,3,36,39,35,3,1,5,36,9,0,4,50,54,0,0,0,1,2,0,0,0,3,3,5,2,0,0,4,0,0,2,4,6,259,4,21,43,281,Austin
2020,12,16,58,2,5,16,75,6,1,7,97,104,18,0,3,6,34,2,1,3,42,45,35,2,2,7,34,3,0,4,44,48,1,0,0,0,4,0,0,0,4,4,4,0,0,3,3,1,0,0,7,7,257,6,18,45,283,Austin
2021,12,16,55,3,3,10,65,23,5,6,98,104,20,2,2,5,29,11,2,4,45,49,33,1,1,4,27,7,2,2,38,40,0,0,0,0,1,0,0,0,1,1,2,0,0,1,8,5,1,0,14,14,252,2,20,39,277,Austin
2022,12,16,39,2,10,13,79,8,5,12,100,112,15,1,5,7,30,5,1,6,42,48,21,1,4,6,36,3,4,5,45,50,0,0,0,0,1,0,0,0,1,1,3,0,1,0,12,0,0,1,12,13,234,1,20,40,278,Austin
2023,12,16,38,2,6,8,63,24,6,8,95,103,15,0,1,2,22,13,1,1,37,38,22,2,5,6,38,10,5,7,54,61,0,0,0,0,1,0,0,0,1,1,1,0,0,0,2,1,0,0,3,3,238,1,12,41,279,Austin
2024,12,16,47,3,4,12,57,14,1,7,83,90,15,0,3,6,26,10,0,3,42,45,25,3,0,6,24,2,1,3,32,35,0,0,0,0,1,1,0,0,2,2,7,0,1,0,6,1,0,1,7,8,237,4,24,43,281,Austin
2012,1,17,92,1,4,25,98,5,1,5,128,133,41,0,0,15,50,1,1,0,66,66,38,1,4,9,33,3,0,5,45,50,1,0,0,0,1,0,0,0,1,1,12,0,0,1,14,1,0,0,16,16,356,4,34,-292,-54,Austin
2013,1,17,85,0,2,25,100,13,2,2,138,140,33,0,0,14,46,6,1,0,66,66,45,0,2,8,40,7,1,2,55,57,2,0,0,0,1,0,0,0,1,1,5,0,0,3,13,0,0,0,16,16,336,3,27,-290,-52,Austin
2014,1,17,83,5,4,21,87,6,4,9,114,123,33,1,2,15,40,1,4,3,56,59,46,2,2,5,40,5,0,4,50,54,0,0,0,0,0,0,0,0,0,0,4,2,0,1,7,0,0,2,8,10,331,0,25,-289,-51,Austin
2015,1,17,82,4,2,16,56,5,2,6,77,83,29,1,0,6,30,3,0,1,39,40,49,3,2,9,19,2,2,5,30,35,0,0,0,0,0,0,0,0,0,0,4,0,0,1,7,0,0,0,8,8,267,0,19,-288,-50,Austin
2016,1,17,82,6,7,11,76,8,2,13,95,108,33,2,1,5,42,4,0,3,51,54,42,3,5,5,29,3,2,8,37,45,0,0,1,0,0,0,0,1,0,1,7,1,0,1,5,1,0,1,7,8,285,1,21,-294,-56,Austin
2017,1,17,60,0,1,16,78,8,2,1,102,103,21,0,0,6,34,0,1,0,40,40,32,0,1,7,31,6,1,1,44,45,1,0,0,1,2,1,0,0,4,4,6,0,0,2,11,1,0,0,14,14,268,5,23,-292,-54,Austin
2018,1,17,52,1,5,7,75,10,1,6,92,98,28,0,1,6,37,8,1,1,51,52,21,1,3,0,24,2,0,4,26,30,0,0,0,0,0,0,0,0,0,0,3,0,1,1,14,0,0,1,15,16,235,1,24,-291,-53,Austin
2019,1,17,73,0,4,9,68,2,2,4,79,83,28,0,2,2,36,1,1,2,39,41,37,0,2,7,27,1,1,2,35,37,1,0,0,0,0,0,0,0,0,0,7,0,0,0,5,0,0,0,5,5,259,2,23,-290,-52,Austin
2020,1,17,64,4,4,15,82,10,1,8,107,115,27,1,2,7,40,3,0,3,50,53,31,3,1,8,36,7,1,4,51,55,0,0,0,0,2,0,0,0,2,2,6,0,1,0,4,0,0,1,4,5,287,2,29,-289,-51,Austin
2021,1,17,74,4,2,7,49,19,4,6,75,81,33,1,2,4,22,8,1,3,34,37,34,2,0,2,27,7,3,2,36,38,2,0,0,0,0,0,0,0,0,0,5,1,0,1,0,4,0,1,5,6,238,2,14,-294,-56,Austin
2022,1,17,70,3,8,12,71,19,4,11,102,113,33,1,2,4,33,9,0,3,46,49,34,2,5,8,31,9,3,7,48,55,0,0,0,0,0,0,1,0,0,0,3,0,1,0,7,1,0,1,8,9,261,2,19,-293,-55,Austin
2023,1,17,49,6,7,19,60,16,5,13,95,108,22,0,1,6,24,11,1,1,41,42,24,4,5,11,24,4,3,9,39,48,1,0,0,0,0,0,0,0,0,0,2,2,1,2,12,1,1,3,15,18,237,2,25,-292,-54,Austin
2024,1,17,36,2,6,14,62,20,3,8,96,104,15,2,2,3,26,8,3,4,37,41,14,0,4,11,29,9,0,4,49,53,1,0,0,0,0,1,0,0,1,1,6,0,0,0,7,2,0,0,9,9,222,3,21,-291,-53,Austin
2012,2,17,81,3,3,19,73,5,2,6,97,103,31,2,1,11,33,4,1,3,48,51,47,0,1,5,32,1,1,1,38,39,0,0,0,0,1,0,0,0,1,1,3,1,1,3,7,0,0,2,10,12,306,1,19,-261,-23,Austin
2013,2,17,112,4,4,6,73,4,1,8,83,91,35,0,2,2,31,1,0,2,34,36,70,4,2,4,37,3,1,6,44,50,1,0,0,0,0,0,0,0,0,0,6,0,0,0,5,0,0,0,5,5,316,1,20,-259,-21,Austin
2014,2,17,90,2,5,15,82,5,1,7,102,109,48,1,2,6,41,3,1,3,50,53,35,1,2,9,37,2,0,3,48,51,0,0,0,0,0,0,0,0,0,0,7,0,1,0,4,0,0,1,4,5,291,0,15,-258,-20,Austin
2015,2,17,80,1,6,18,69,7,1,7,94,101,31,0,1,7,38,4,0,1,49,50,41,1,4,11,23,3,1,5,37,42,1,0,0,0,1,0,0,0,1,1,7,0,1,0,7,0,0,1,7,8,297,2,24,-257,-19,Austin
2016,2,17,72,0,6,16,50,3,2,6,69,75,35,0,2,10,33,2,0,2,45,47,27,0,2,3,14,1,1,2,18,20,0,0,0,3,0,0,1,0,3,3,10,0,2,0,3,0,0,2,3,5,272,5,24,-263,-25,Austin
2017,2,17,74,5,4,18,74,5,4,9,97,106,31,3,1,12,43,1,0,4,56,60,37,1,3,4,25,4,4,4,33,37,0,0,0,2,2,0,0,0,4,4,6,1,0,0,4,0,0,1,4,5,303,6,18,-261,-23,Austin
2018,2,17,102,1,4,9,68,6,3,5,83,88,41,0,2,3,35,2,0,2,40,42,57,1,2,6,25,4,3,3,35,38,0,0,0,0,0,0,0,0,0,0,4,0,0,0,8,0,0,0,8,8,281,0,19,-260,-22,Austin
2019,2,17,88,5,2,8,77,6,2,7,91,98,44,0,1,2,39,2,2,1,43,44,38,4,1,6,32,3,0,5,41,46,1,0,0,0,0,0,0,0,0,0,5,1,0,0,6,1,0,1,7,8,284,1,21,-259,-21,Austin
2020,2,17,100,4,5,10,71,6,1,9,87,96,51,1,4,4,37,2,1,5,43,48,43,3,1,5,29,3,0,4,37,41,1,0,0,0,1,0,0,0,1,1,5,0,0,1,4,1,0,0,6,6,305,2,21,-258,-20,Austin
2021,2,17,44,1,6,17,28,4,1,7,49,56,19,1,3,8,15,2,0,4,25,29,18,0,3,8,12,2,1,3,22,25,0,0,0,0,0,0,0,0,0,0,7,0,0,1,1,0,0,0,2,2,152,0,12,-263,-25,Austin
2022,2,17,46,3,7,10,63,14,2,10,87,97,23,0,2,7,45,9,2,2,61,63,21,1,4,3,13,5,0,5,21,26,0,0,0,0,1,0,0,0,1,1,2,2,1,0,4,0,0,3,4,7,244,2,13,-262,-24,Austin
2023,2,17,50,3,4,8,75,13,2,7,96,103,25,1,0,3,41,6,1,1,50,51,21,2,3,5,28,7,1,5,40,45,0,0,0,0,0,0,0,0,0,0,4,0,1,0,6,0,0,1,6,7,240,0,16,-261,-23,Austin
2024,2,17,40,1,6,16,51,21,2,7,88,95,15,1,2,7,26,15,1,3,48,51,22,0,4,7,22,4,1,4,33,37,0,0,0,0,0,0,0,0,0,0,3,0,0,2,3,2,0,0,7,7,203,1,16,-260,-22,Austin
2012,3,17,109,5,9,9,104,19,0,14,132,146,33,1,3,4,56,6,0,4,66,70,68,3,6,4,39,10,0,9,53,62,1,0,0,0,0,0,0,0,0,0,7,1,0,1,9,3,0,1,13,14,410,1,28,-232,6,Austin
2013,3,17,110,3,3,12,111,10,2,6,133,139,49,2,0,6,47,4,0,2,57,59,51,1,3,6,59,5,0,4,70,74,0,0,0,0,0,0,0,0,0,0,10,0,0,0,5,1,2,0,6,6,378,1,22,-231,7,Austin
2014,3,17,77,1,4,15,69,6,4,5,90,95,41,1,3,9,45,4,4,4,58,62,29,0,1,5,20,2,0,1,27,28,1,0,0,0,0,0,0,0,0,0,6,0,0,1,4,0,0,0,5,5,274,2,15,-230,8,Austin
2015,3,17,83,5,4,18,97,5,0,9,120,129,39,3,2,11,53,3,0,5,67,72,31,2,2,7,32,2,0,4,41,45,2,0,0,0,0,0,0,0,0,0,11,0,0,0,12,0,0,0,12,12,343,4,29,-229,9,Austin
2016,3,17,68,2,4,17,81,9,1,6,107,113,24,0,2,9,49,5,0,2,63,65,37,2,2,7,26,4,1,4,37,41,0,0,0,0,0,0,0,0,0,0,7,0,0,1,6,0,0,0,7,7,303,1,23,-234,4,Austin
2017,3,17,99,2,4,12,93,4,5,6,109,115,36,1,0,8,40,1,3,1,49,50,49,1,4,1,45,3,2,5,49,54,0,0,0,1,0,0,0,0,1,1,14,0,0,2,8,0,0,0,10,10,337,2,32,-233,5,Austin
2018,3,17,97,5,6,13,109,11,4,11,133,144,44,2,2,4,56,6,1,4,66,70,40,3,4,8,47,4,3,7,59,66,1,0,0,0,0,0,0,0,0,0,12,0,0,1,6,1,0,0,8,8,358,2,26,-232,6,Austin
2019,3,17,78,6,4,13,100,6,2,10,119,129,37,2,1,5,54,3,1,3,62,65,34,3,3,6,36,2,1,6,44,50,0,0,0,0,0,0,0,0,0,0,7,1,0,2,10,1,0,1,13,14,311,0,33,-231,7,Austin
2020,3,17,89,3,3,9,56,10,0,6,75,81,42,0,1,4,37,6,0,1,47,48,37,3,2,2,13,3,0,5,18,23,1,0,0,0,0,0,0,0,0,0,9,0,0,3,6,1,0,0,10,10,259,1,25,-229,9,Austin
2021,3,17,55,0,7,13,73,9,4,7,95,102,29,0,3,8,50,7,1,3,65,68,21,0,4,4,19,1,2,4,24,28,0,0,0,0,0,0,0,0,0,0,5,0,0,1,4,1,1,0,6,6,277,1,20,-235,3,Austin
2022,3,17,82,0,9,9,63,20,9,9,92,101,32,0,3,1,34,14,4,3,49,52,39,0,5,6,27,4,3,5,37,42,1,0,0,0,0,0,0,0,0,0,10,0,1,2,2,2,2,1,6,7,285,2,25,-234,4,Austin
2023,3,17,57,3,6,11,59,21,10,9,91,100,27,1,3,5,34,9,0,4,48,52,28,2,3,6,24,8,9,5,38,43,0,0,0,0,0,1,0,0,1,1,2,0,0,0,1,3,1,0,4,4,263,1,12,-233,5,Austin
2024,3,17,51,3,13,21,53,19,8,16,93,109,23,1,3,12,29,13,2,4,54,58,23,1,9,6,19,5,6,10,30,40,0,0,0,1,0,1,0,0,2,2,5,1,1,2,5,0,0,2,7,9,239,4,15,-231,7,Austin
2012,4,17,93,3,6,20,110,4,0,9,134,143,48,1,4,13,67,2,0,5,82,87,31,2,1,5,27,2,0,3,34,37,0,0,0,0,1,0,0,0,1,1,14,0,1,2,15,0,0,1,17,18,354,2,37,-201,37,Austin
2013,4,17,92,2,5,17,83,2,2,7,102,109,48,1,3,10,56,1,0,4,67,71,37,1,1,4,20,1,2,2,25,27,1,0,0,0,1,0,0,0,1,1,6,0,1,3,6,0,0,1,9,10,338,3,28,-200,38,Austin
2014,4,17,84,2,1,18,83,6,0,3,107,110,40,1,1,11,54,1,0,2,66,68,29,1,0,7,17,4,0,1,28,29,5,0,0,0,0,0,0,0,0,0,10,0,0,0,12,1,0,0,13,13,319,6,31,-199,39,Austin
2015,4,17,83,1,2,17,88,12,3,3,117,120,41,1,0,12,61,7,1,1,80,81,32,0,2,4,19,3,2,2,26,28,0,0,0,0,0,1,0,0,1,1,10,0,0,1,8,1,0,0,10,10,334,3,25,-198,40,Austin
2016,4,17,67,5,8,8,67,3,1,13,78,91,31,0,3,4,41,2,1,3,47,50,32,5,5,4,19,1,0,10,24,34,0,0,0,0,1,0,0,0,1,1,4,0,0,0,6,0,0,0,6,6,247,1,16,-203,35,Austin
2017,4,17,97,1,10,12,92,7,2,11,111,122,54,1,6,6,63,3,1,7,72,79,35,0,4,5,19,4,1,4,28,32,0,0,0,0,2,0,0,0,2,2,8,0,0,1,8,0,0,0,9,9,343,3,25,-202,36,Austin
2018,4,17,82,3,5,15,82,11,1,8,108,116,41,1,1,10,62,4,0,2,76,78,28,1,2,4,12,4,1,3,20,23,1,0,1,0,1,0,0,1,1,2,12,1,1,1,7,3,0,2,11,13,287,3,34,-201,37,Austin
2019,4,17,52,2,5,6,54,4,2,7,64,71,30,0,4,4,29,2,1,4,35,39,17,2,0,1,21,2,1,2,24,26,0,0,0,0,0,0,0,0,0,0,5,0,1,1,4,0,0,1,5,6,229,0,13,-200,38,Austin
2020,4,17,71,1,5,16,85,10,2,6,111,117,48,1,2,9,56,6,1,3,71,74,16,0,3,5,23,1,1,3,29,32,0,0,0,1,1,1,0,0,3,3,7,0,0,1,5,2,0,0,8,8,291,3,19,-198,40,Austin
2021,4,17,51,2,5,12,73,9,3,7,94,101,31,1,3,8,39,6,1,4,53,57,15,1,2,3,20,2,2,3,25,28,1,0,0,0,1,0,0,0,1,1,4,0,0,1,13,1,0,0,15,15,241,3,24,-204,34,Austin
2022,4,17,69,3,13,13,48,16,5,16,77,93,26,1,8,6,30,9,1,9,45,54,33,2,1,5,14,5,4,3,24,27,0,0,0,0,0,0,0,0,0,0,10,0,4,2,4,2,0,4,8,12,250,0,30,-203,35,Austin
2023,4,17,50,4,7,14,43,15,2,11,72,83,24,3,0,7,20,8,1,3,35,38,20,0,4,7,20,5,0,4,32,36,0,0,1,0,0,0,0,1,0,1,6,1,2,0,3,2,1,3,5,8,234,2,23,-202,36,Austin
2024,4,17,51,3,2,9,50,12,4,5,71,76,28,1,2,5,35,8,4,3,48,51,17,0,0,3,12,3,0,0,18,18,3,0,0,0,0,0,0,0,0,0,3,2,0,1,3,1,0,2,5,7,215,3,17,-200,38,Austin
2012,5,17,100,5,6,19,92,5,4,11,116,127,58,2,2,10,50,3,3,4,63,67,27,2,4,4,33,2,0,6,39,45,0,0,0,0,2,0,1,0,2,2,15,1,0,5,7,0,0,1,12,13,377,4,35,-171,67,Austin
2013,5,17,106,4,2,16,115,7,2,6,138,144,61,0,1,9,79,2,1,1,90,91,35,3,1,7,31,4,1,4,42,46,0,0,0,0,0,0,0,0,0,0,10,1,0,0,5,1,0,1,6,7,409,0,26,-170,68,Austin
2014,5,17,93,0,1,15,92,4,1,1,111,112,47,0,1,10,56,3,0,1,69,70,39,0,0,5,28,1,1,0,34,34,0,0,0,0,0,0,0,0,0,0,7,0,0,0,8,0,0,0,8,8,305,0,22,-169,69,Austin
2015,5,17,77,6,3,12,85,4,1,9,101,110,32,2,0,7,52,2,0,2,61,63,40,4,3,3,29,1,1,7,33,40,0,0,0,0,0,1,0,0,1,1,5,0,0,2,4,0,0,0,6,6,299,3,20,-168,70,Austin
2016,5,17,75,4,4,13,81,7,0,8,101,109,44,3,2,10,48,2,0,5,60,65,22,0,1,2,27,4,0,1,33,34,1,0,0,0,1,0,0,0,1,1,8,1,1,1,5,1,0,2,7,9,301,2,29,-173,65,Austin
2017,5,17,66,1,6,16,75,5,3,7,96,103,29,1,1,9,49,1,1,2,59,61,25,0,4,5,16,3,1,4,24,28,1,0,0,2,0,0,0,0,2,2,11,0,1,0,10,1,1,1,11,12,280,3,32,-172,66,Austin
2018,5,17,66,6,7,10,60,3,1,13,73,86,46,4,6,6,40,2,1,10,48,58,16,2,1,3,16,0,0,3,19,22,0,0,0,0,0,0,0,0,0,0,4,0,0,1,4,1,0,0,6,6,249,1,14,-171,67,Austin
2019,5,17,84,2,12,9,80,7,0,14,96,110,43,1,6,6,51,4,0,7,61,68,31,1,4,3,22,3,0,5,28,33,1,0,0,0,0,0,0,0,0,0,9,0,2,0,7,0,0,2,7,9,310,1,27,-170,68,Austin
2020,5,17,80,8,11,12,64,5,2,19,81,100,38,2,7,8,41,4,0,9,53,62,33,4,4,3,23,0,2,8,26,34,0,0,0,0,0,0,0,0,0,0,9,2,0,1,0,1,0,2,2,4,280,0,24,-168,70,Austin
2021,5,17,60,3,9,10,64,15,1,12,89,101,41,2,5,8,41,12,1,7,61,68,19,1,4,2,18,2,0,5,22,27,0,0,0,0,0,0,0,0,0,0,0,0,0,0,5,1,0,0,6,6,240,2,11,-174,64,Austin
2022,5,17,45,1,3,8,55,6,4,4,69,73,21,0,3,3,40,6,0,3,49,52,20,0,0,3,12,0,3,0,15,15,0,0,0,0,0,0,0,0,0,0,4,1,0,2,3,0,1,1,5,6,201,1,15,-173,65,Austin
2023,5,17,46,2,7,8,55,21,3,9,84,93,25,2,3,1,40,13,2,5,54,59,14,0,4,5,13,6,1,4,24,28,0,0,0,0,0,0,0,0,0,0,7,0,0,2,2,2,0,0,6,6,240,0,18,-172,66,Austin
2024,5,17,56,1,8,13,74,16,3,9,103,112,30,0,6,9,49,9,1,6,67,73,18,1,2,4,22,5,0,3,31,34,0,0,0,0,0,0,0,0,0,0,8,0,0,0,3,2,2,0,5,5,273,1,21,-170,68,Austin
2012,6,17,98,5,7,14,101,8,2,12,123,135,43,0,1,7,57,5,1,1,69,70,47,5,5,5,37,2,0,10,44,54,0,0,0,0,0,0,0,0,0,0,8,0,1,2,7,1,1,1,10,11,361,1,26,-140,98,Austin
2013,6,17,83,4,2,17,80,4,3,6,101,107,51,2,1,11,59,1,1,3,71,74,24,2,1,5,10,3,2,3,18,21,1,0,0,0,0,0,0,0,0,0,7,0,0,1,11,0,0,0,12,12,295,1,27,-139,99,Austin
2014,6,17,86,1,5,16,92,3,4,6,111,117,58,0,3,15,74,1,3,3,90,93,21,1,2,0,14,1,1,3,15,18,0,0,0,0,0,0,0,0,0,0,7,0,0,1,4,1,0,0,6,6,332,0,22,-138,100,Austin
2015,6,17,89,1,4,13,84,4,0,5,101,106,58,0,1,8,53,0,0,1,61,62,19,1,3,4,21,3,0,4,28,32,1,0,0,0,0,0,0,0,0,0,11,0,0,1,10,1,0,0,12,12,303,1,28,-137,101,Austin
2016,6,17,85,2,10,18,61,2,2,12,81,93,50,1,7,9,44,1,1,8,54,62,27,1,2,9,12,1,0,3,22,25,0,0,0,0,0,0,0,0,0,0,8,0,1,0,5,0,1,1,5,6,296,2,23,-142,96,Austin
2017,6,17,90,2,9,15,52,9,2,11,76,87,47,1,2,9,35,6,1,3,50,53,34,0,6,6,11,2,1,6,19,25,0,0,0,0,0,0,0,0,0,0,9,1,1,0,6,1,0,2,7,9,292,2,27,-141,97,Austin
2018,6,17,76,3,11,11,64,5,1,14,80,94,39,1,1,6,33,2,1,2,41,43,29,1,9,3,26,3,0,10,32,42,1,0,0,1,0,0,0,0,1,1,7,1,1,1,5,0,0,2,6,8,255,2,18,-140,98,Austin
2019,6,17,59,3,6,17,67,9,4,9,93,102,31,1,4,8,48,8,3,5,64,69,23,2,1,7,15,0,1,3,22,25,0,0,0,0,0,0,0,0,0,0,5,0,1,2,4,1,0,1,7,8,266,0,19,-139,99,Austin
2020,6,17,75,3,5,17,50,12,2,8,79,87,46,1,3,10,36,7,2,4,53,57,21,1,2,7,7,3,0,3,17,20,1,0,0,0,0,0,0,0,0,0,7,1,0,0,7,2,0,1,9,10,245,1,26,-137,101,Austin
2021,6,17,51,3,9,12,73,13,0,12,98,110,32,2,4,9,47,7,0,6,63,69,14,1,5,3,20,6,0,6,29,35,0,0,0,0,0,0,0,0,0,0,5,0,0,0,6,0,0,0,6,6,238,1,20,-143,95,Austin
2022,6,17,57,1,10,19,76,8,1,11,103,114,36,1,7,13,48,3,0,8,64,72,18,0,3,6,21,4,1,3,31,34,0,0,0,0,0,0,0,0,0,0,3,0,0,0,7,1,0,0,8,8,284,2,17,-142,96,Austin
2023,6,17,58,3,4,11,64,13,1,7,88,95,33,1,2,3,38,10,1,3,51,54,21,2,2,6,19,2,0,4,27,31,1,0,0,1,0,1,0,0,2,2,3,0,0,1,7,0,0,0,8,8,230,4,22,-141,97,Austin
2024,6,17,67,2,2,10,44,15,3,4,69,73,31,1,1,8,31,10,2,2,49,51,25,1,0,1,9,4,1,1,14,15,0,0,0,0,0,0,0,0,0,0,11,0,1,1,4,1,0,1,6,7,235,1,29,-139,99,Austin
2012,7,17,86,2,2,24,77,4,0,4,105,109,53,0,2,15,44,3,0,2,62,64,24,1,0,6,23,1,0,1,30,31,0,0,0,0,0,0,0,0,0,0,9,1,0,3,10,0,0,1,13,14,308,1,29,-110,128,Austin
2013,7,17,82,1,5,11,74,6,0,6,91,97,37,0,2,8,47,4,0,2,59,61,28,1,1,3,18,2,0,2,23,25,0,0,0,0,0,0,0,0,0,0,17,0,2,0,9,0,0,2,9,11,296,0,32,-109,129,Austin
2014,7,17,73,4,1,10,67,6,0,5,83,88,48,2,1,7,43,5,0,3,55,58,19,1,0,3,16,0,0,1,19,20,1,0,0,0,0,0,0,0,0,0,5,1,0,0,8,1,0,1,9,10,288,2,25,-108,130,Austin
2015,7,17,88,1,8,11,84,6,0,9,101,110,43,0,3,6,55,6,0,3,67,70,31,0,4,4,17,0,0,4,21,25,3,0,0,0,0,0,0,0,0,0,11,1,1,1,12,0,0,2,13,15,331,4,32,-107,131,Austin
2016,7,17,70,1,4,9,75,5,0,5,89,94,37,0,2,9,53,1,0,2,63,65,28,1,2,0,20,2,0,3,22,25,1,0,0,0,0,0,0,0,0,0,4,0,0,0,2,2,0,0,4,4,266,2,19,-112,126,Austin
2017,7,17,79,0,6,14,65,7,2,6,86,92,46,0,3,8,45,6,2,3,59,62,19,0,2,6,16,1,0,2,23,25,2,0,0,0,0,0,0,0,0,0,12,0,1,0,4,0,0,1,4,5,281,3,26,-111,127,Austin
2018,7,17,80,3,4,11,66,6,1,7,83,90,45,1,4,10,47,5,0,5,62,67,19,2,0,1,11,0,1,2,12,14,0,0,0,0,0,1,0,0,1,1,16,0,0,0,8,0,0,0,8,8,258,2,32,-110,128,Austin
2019,7,17,86,5,6,10,108,10,1,11,128,139,51,5,3,7,82,7,1,8,96,104,26,0,3,2,16,3,0,3,21,24,0,0,0,0,1,0,0,0,1,1,9,0,0,1,9,0,0,0,10,10,311,2,29,-109,129,Austin
2020,7,17,86,4,8,10,65,10,6,12,85,97,51,2,6,7,50,6,0,8,63,71,25,1,2,3,11,3,4,3,17,20,1,0,0,0,1,0,0,0,1,1,9,1,0,0,3,1,2,1,4,5,285,3,20,-107,131,Austin
2021,7,17,68,4,13,10,61,13,7,17,84,101,36,2,7,6,39,8,1,9,53,62,25,2,5,3,17,3,5,7,23,30,0,0,0,0,1,0,1,0,1,1,7,0,1,1,4,2,0,1,7,8,254,2,22,-113,125,Austin
2022,7,17,49,4,9,16,51,11,5,13,78,91,21,2,5,4,33,8,3,7,45,52,23,2,2,11,17,2,1,4,30,34,0,0,0,0,0,0,0,0,0,0,5,0,2,1,1,1,1,2,3,5,227,0,21,-112,126,Austin
2023,7,17,70,1,9,12,47,14,1,10,73,83,38,0,6,4,27,11,0,6,42,48,23,1,2,8,20,2,1,3,30,33,1,0,0,0,0,0,0,0,0,0,8,0,1,0,0,1,0,1,1,2,250,2,17,-111,127,Austin
2024,7,17,58,1,7,7,51,15,2,8,73,81,32,1,2,4,35,8,2,3,47,50,21,0,2,2,15,5,0,2,22,24,0,0,0,1,0,1,0,0,2,2,5,0,3,0,1,1,0,3,2,5,225,3,19,-109,129,Austin
2012,8,17,102,1,6,16,92,3,0,7,111,118,49,0,3,12,57,1,0,3,70,73,41,1,2,4,28,2,0,3,34,37,0,0,0,0,0,0,0,0,0,0,12,0,1,0,7,0,0,1,7,8,361,1,28,-79,159,Austin
2013,8,17,104,4,5,16,100,3,2,9,119,128,50,1,3,8,62,2,2,4,72,76,43,3,1,7,35,0,0,4,42,46,0,0,0,1,0,0,0,0,1,1,11,0,1,0,3,1,0,1,4,5,362,2,29,-78,160,Austin
2014,8,17,90,4,8,13,54,6,1,12,73,85,42,0,5,8,32,3,1,5,43,48,36,3,3,5,17,2,0,6,24,30,1,0,0,0,1,0,0,0,1,1,11,1,0,0,4,1,0,1,5,6,283,3,21,-77,161,Austin
2015,8,17,79,5,6,15,113,5,1,11,133,144,43,1,3,7,66,1,1,4,74,78,28,4,3,8,33,3,0,7,44,51,0,0,0,0,0,0,0,0,0,0,8,0,0,0,14,1,0,0,15,15,330,0,31,-76,162,Austin
2016,8,17,78,1,3,10,75,6,2,4,91,95,47,1,1,8,51,4,1,2,63,65,27,0,2,2,20,2,1,2,24,26,0,0,0,0,0,0,0,0,0,0,4,0,0,0,4,0,0,0,4,4,272,1,14,-81,157,Austin
2017,8,17,68,5,3,17,64,5,3,8,86,94,35,2,0,10,39,2,2,2,51,53,26,2,2,5,19,3,1,4,27,31,0,0,0,0,0,0,0,0,0,0,7,1,1,2,6,0,0,2,8,10,297,0,27,-80,158,Austin
2018,8,17,73,2,6,20,81,11,3,8,112,120,40,2,3,13,54,7,3,5,74,79,24,0,2,6,20,3,0,2,29,31,0,0,0,0,1,0,0,0,1,1,9,0,1,1,6,1,0,1,8,9,309,1,26,-79,159,Austin
2019,8,17,73,4,6,14,74,10,5,10,98,108,38,1,2,9,36,6,1,3,51,54,30,2,4,5,31,3,4,6,39,45,0,0,0,0,1,0,0,0,1,1,5,1,0,0,6,1,0,1,7,8,303,2,20,-78,160,Austin
2020,8,17,71,7,10,20,76,10,8,17,106,123,47,2,6,13,56,7,6,8,76,84,21,4,4,6,15,1,1,8,22,30,0,0,0,1,0,1,0,0,2,2,3,1,0,0,5,1,1,1,6,7,312,6,19,-76,162,Austin
2021,8,17,58,4,2,5,47,15,2,6,67,73,32,3,1,3,27,9,0,4,39,43,20,1,1,2,20,4,2,2,26,28,0,0,0,0,0,1,0,0,1,1,6,0,0,0,0,1,0,0,1,1,203,1,16,-82,156,Austin
2022,8,17,45,2,7,14,51,13,4,9,78,87,33,1,4,11,36,9,1,5,56,61,9,1,0,3,10,3,3,1,16,17,0,0,0,0,0,0,0,0,0,0,3,0,3,0,5,1,0,3,6,9,242,0,23,-81,157,Austin
2023,8,17,48,1,6,6,50,19,2,7,75,82,22,0,4,1,23,10,0,4,34,38,22,1,2,5,25,7,2,3,37,40,0,0,0,0,0,1,0,0,1,1,4,0,0,0,2,1,0,0,3,3,211,1,11,-80,158,Austin
2024,8,17,60,5,7,20,47,20,2,12,87,99,28,1,1,13,33,12,0,2,58,60,29,2,4,7,6,7,2,6,20,26,0,0,0,0,0,0,0,0,0,0,3,2,2,0,8,1,0,4,9,13,232,0,17,-78,160,Austin
2012,9,17,96,0,2,20,104,6,2,2,130,132,47,0,2,15,54,3,1,2,72,74,37,0,0,3,39,3,1,0,45,45,0,0,0,2,2,0,0,0,4,4,12,0,0,0,9,0,0,0,9,9,346,5,36,-48,190,Austin
2013,9,17,71,1,1,6,79,5,2,2,90,92,37,1,0,4,54,3,1,1,61,62,29,0,1,2,22,2,1,1,26,27,0,0,0,0,0,0,0,0,0,0,5,0,0,0,3,0,0,0,3,3,275,1,14,-47,191,Austin
2014,9,17,81,2,4,17,84,7,0,6,108,114,43,0,1,13,61,3,0,1,77,78,26,2,3,2,20,4,0,5,26,31,3,0,0,1,0,0,0,0,1,1,9,0,0,1,3,0,0,0,4,4,322,5,20,-46,192,Austin
2015,9,17,64,1,3,9,71,2,0,4,82,86,30,1,1,6,39,0,0,2,45,47,23,0,1,3,28,1,0,1,32,33,2,0,0,0,0,0,0,0,0,0,9,0,1,0,4,1,0,1,5,6,257,2,21,-45,193,Austin
2016,9,17,86,3,7,14,75,4,1,10,93,103,38,3,3,7,44,3,1,6,54,60,42,0,3,7,28,1,0,3,36,39,0,0,0,0,0,0,0,0,0,0,6,0,1,0,3,0,0,1,3,4,308,2,20,-50,188,Austin
2017,9,17,78,4,13,7,67,2,4,17,76,93,30,2,4,6,42,1,3,6,49,55,38,2,8,0,19,1,1,10,20,30,0,0,0,0,0,0,0,0,0,0,10,0,1,1,6,0,0,1,7,8,284,1,26,-49,189,Austin
2018,9,17,76,3,5,14,71,14,3,8,99,107,41,1,3,8,46,10,0,4,64,68,28,2,2,5,16,4,2,4,25,29,1,0,0,0,1,0,1,0,1,1,6,0,0,1,8,0,0,0,9,9,274,3,20,-48,190,Austin
2019,9,17,76,7,4,14,78,9,6,11,101,112,34,3,2,8,42,4,2,5,54,59,33,4,2,5,26,4,4,6,35,41,1,0,0,0,1,0,0,0,1,1,8,0,0,1,9,1,0,0,11,11,287,2,25,-47,191,Austin
2020,9,17,48,2,11,18,85,11,2,13,114,127,19,0,6,8,58,4,1,6,70,76,25,2,4,10,22,5,1,6,37,43,0,0,0,0,0,1,0,0,1,1,4,0,1,0,5,1,0,1,6,7,285,1,17,-45,193,Austin
2021,9,17,56,3,5,8,78,12,1,8,98,106,22,1,3,3,48,5,1,4,56,60,30,2,1,5,24,6,0,3,35,38,0,0,0,0,0,0,0,0,0,0,4,0,1,0,6,1,0,1,7,8,277,0,14,-51,187,Austin
2022,9,17,48,4,7,9,70,16,2,11,95,106,25,1,3,7,40,13,2,4,60,64,17,3,3,2,26,2,0,6,30,36,1,0,0,0,1,0,0,0,1,1,5,0,1,0,3,1,0,1,4,5,246,2,21,-50,188,Austin
2023,9,17,49,3,4,7,49,11,2,7,67,74,20,3,1,1,24,6,1,4,31,35,27,0,3,6,22,5,1,3,33,36,0,0,0,0,1,0,0,0,1,1,2,0,0,0,2,0,0,0,2,2,200,5,10,-49,189,Austin
2024,9,17,59,2,7,10,50,8,4,9,68,77,32,2,3,3,29,5,2,5,37,42,23,0,2,5,18,2,2,2,25,27,1,0,0,1,1,1,0,0,3,3,3,0,2,1,2,0,0,2,3,5,227,6,15,-47,191,Austin
2012,10,17,94,0,3,19,103,7,1,3,129,132,53,0,1,9,46,3,1,1,58,59,30,0,2,9,50,3,0,2,62,64,0,0,0,0,1,0,0,0,1,1,11,0,0,1,6,1,0,0,8,8,374,3,29,-18,220,Austin
2013,10,17,82,1,5,18,122,5,1,6,145,151,31,0,2,13,63,3,1,2,79,81,42,1,3,3,42,1,0,4,46,50,4,0,0,0,0,0,0,0,0,0,5,0,0,2,17,1,0,0,20,20,362,5,32,-17,221,Austin
2014,10,17,97,2,7,13,81,6,1,9,100,109,39,1,2,8,45,3,1,3,56,59,47,1,5,5,32,3,0,6,40,46,1,0,0,0,0,0,0,0,0,0,10,0,0,0,4,0,0,0,4,4,348,2,25,-16,222,Austin
2015,10,17,86,3,7,12,78,1,3,10,91,101,34,0,3,7,41,1,0,3,49,52,47,1,3,5,30,0,2,4,35,39,0,0,0,0,1,0,0,0,1,1,5,2,1,0,6,0,1,3,6,9,303,1,24,-15,223,Austin
2016,10,17,89,1,3,17,83,2,1,4,102,106,38,1,1,7,49,0,0,2,56,58,42,0,1,8,22,2,1,1,32,33,1,0,0,1,2,0,0,0,3,3,8,0,1,1,10,0,0,1,11,12,320,5,24,-20,218,Austin
2017,10,17,71,2,3,17,69,4,3,5,90,95,36,0,2,11,41,2,3,2,54,56,29,2,1,6,20,2,0,3,28,31,1,0,0,0,0,0,0,0,0,0,5,0,0,0,8,0,0,0,8,8,262,1,18,-19,219,Austin
2018,10,17,56,2,3,17,99,6,1,5,122,127,24,0,2,7,44,1,1,2,52,54,25,1,1,9,41,4,0,2,54,56,0,0,0,0,1,0,0,0,1,1,7,1,0,1,13,1,0,1,15,16,277,1,32,-18,220,Austin
2019,10,17,60,2,1,14,88,7,2,3,109,112,31,0,0,7,39,3,1,0,49,49,25,2,0,5,42,3,1,2,50,52,0,0,0,0,1,0,0,0,1,1,4,0,1,2,6,1,0,1,9,10,293,2,22,-17,221,Austin
2020,10,17,62,1,5,15,70,15,0,6,100,106,24,0,2,6,31,7,0,2,44,46,32,1,3,8,29,5,0,4,42,46,0,0,0,0,0,1,0,0,1,1,6,0,0,1,10,2,0,0,13,13,234,1,21,-15,223,Austin
2021,10,17,47,1,8,8,62,8,5,9,78,87,17,0,3,4,34,1,1,3,39,42,27,1,5,4,24,5,4,6,33,39,0,0,0,0,1,0,0,0,1,1,3,0,0,0,3,2,0,0,5,5,225,2,14,-21,217,Austin
2022,10,17,50,0,5,11,84,14,3,5,109,114,30,0,3,7,46,3,3,3,56,59,13,0,2,4,32,8,0,2,44,46,0,0,0,0,0,0,0,0,0,0,7,0,0,0,6,3,0,0,9,9,241,0,24,-20,218,Austin
2023,10,17,41,3,6,11,48,21,2,9,80,89,20,1,1,5,20,8,0,2,33,35,16,2,4,5,24,10,2,6,39,45,0,0,0,0,0,1,0,0,1,1,5,0,1,1,4,2,0,1,7,8,219,2,19,-19,219,Austin
2024,10,17,59,2,6,12,48,12,3,8,72,80,29,1,2,4,30,5,2,3,39,42,26,1,2,7,15,5,1,3,27,30,0,0,0,0,0,0,0,0,0,0,4,0,2,1,3,2,0,2,6,8,227,1,16,-17,221,Austin
2012,11,17,83,0,4,16,102,7,2,4,125,129,25,0,1,7,41,1,0,1,49,50,52,0,3,7,51,6,2,3,64,67,0,0,0,0,0,0,0,0,0,0,6,0,0,2,10,0,0,0,12,12,366,0,27,13,251,Austin
2013,11,17,96,2,10,13,87,3,2,12,103,115,25,0,1,4,35,0,0,1,39,40,60,2,9,9,42,3,1,11,54,65,2,0,0,0,0,0,0,0,0,0,9,0,0,0,10,0,1,0,10,10,314,2,28,14,252,Austin
2014,11,17,68,5,6,17,71,10,0,11,98,109,32,1,2,11,34,5,0,3,50,53,32,4,4,5,27,4,0,8,36,44,1,0,0,0,0,0,0,0,0,0,3,0,0,1,10,1,0,0,12,12,272,1,23,15,253,Austin
2015,11,17,67,0,1,15,79,6,1,1,100,101,22,0,1,12,46,2,0,1,60,61,42,0,0,0,25,2,1,0,27,27,0,0,0,0,0,0,0,0,0,0,3,0,0,3,8,2,0,0,13,13,263,1,22,16,254,Austin
2016,11,17,72,2,2,17,61,4,4,4,82,86,30,1,2,9,28,1,3,3,38,41,37,1,0,7,27,3,1,1,37,38,0,0,0,0,0,0,0,0,0,0,5,0,0,1,6,0,0,0,7,7,275,2,16,11,249,Austin
2017,11,17,95,3,8,14,76,2,3,11,92,103,39,1,0,7,40,2,0,1,49,50,47,2,7,7,32,0,3,9,39,48,0,0,0,0,0,0,0,0,0,0,9,0,1,0,4,0,0,1,4,5,321,0,30,12,250,Austin
2018,11,17,100,3,5,13,79,3,1,8,95,103,47,2,1,5,32,2,0,3,39,42,47,1,3,6,44,1,1,4,51,55,0,0,0,0,0,0,0,0,0,0,6,0,1,2,3,0,0,1,5,6,287,0,17,13,251,Austin
2019,11,17,85,7,7,5,77,11,0,14,93,107,31,3,1,1,34,5,0,4,40,44,49,2,6,3,35,5,0,8,43,51,1,0,0,0,1,0,0,0,1,1,4,2,0,1,7,1,0,2,9,11,296,5,24,14,252,Austin
2020,11,17,55,4,2,9,94,14,2,6,117,123,20,3,0,3,49,3,0,3,55,58,27,1,2,5,42,9,2,3,56,59,0,0,0,0,1,1,0,0,2,2,8,0,0,1,2,1,0,0,4,4,280,3,21,16,254,Austin
2021,11,17,73,1,6,14,72,23,3,7,109,116,36,1,3,5,31,14,2,4,50,54,31,0,2,5,35,7,1,2,47,49,1,0,0,0,0,0,0,0,0,0,5,0,1,4,6,2,0,1,12,13,290,3,28,10,248,Austin
2022,11,17,33,1,5,13,44,12,1,6,69,75,11,0,1,6,22,7,0,1,35,36,20,1,3,6,18,4,1,4,28,32,0,0,0,1,1,0,0,0,2,2,2,0,1,0,3,1,0,1,4,5,182,5,12,11,249,Austin
2023,11,17,54,3,6,17,52,27,0,9,96,105,17,1,0,5,20,12,0,1,37,38,34,2,5,11,25,12,0,7,48,55,0,0,1,0,0,1,0,1,1,2,3,0,0,1,7,2,0,0,10,10,238,2,23,12,250,Austin
2024,11,17,55,2,7,9,60,8,2,9,77,86,25,1,6,4,29,2,0,7,35,42,23,1,0,5,29,5,2,1,39,40,1,0,0,0,0,0,0,0,0,0,6,0,1,0,2,1,0,1,3,4,234,1,20,14,252,Austin
2012,12,17,74,4,2,20,81,5,3,6,106,112,28,2,2,11,42,1,1,4,54,58,36,2,0,6,33,4,2,2,43,45,1,0,0,2,0,0,0,0,2,2,9,0,0,1,6,0,0,0,7,7,290,3,24,43,281,Austin
2013,12,17,84,0,5,20,99,7,3,5,126,131,32,0,3,9,38,1,0,3,48,51,46,0,2,10,55,6,2,2,71,73,2,0,0,0,0,0,0,0,0,0,4,0,0,1,6,0,1,0,7,7,362,6,26,44,282,Austin
2014,12,17,75,3,4,16,91,3,2,7,110,117,27,0,2,9,54,0,1,2,63,65,40,3,2,6,31,2,1,5,39,44,2,0,0,1,0,1,0,0,2,2,6,0,0,0,6,0,0,0,6,6,293,5,19,45,283,Austin
2015,12,17,77,1,10,19,89,5,2,11,113,124,23,0,3,10,52,3,0,3,65,68,46,1,5,7,32,2,2,6,41,47,0,0,0,1,0,0,0,0,1,1,8,0,2,1,5,0,0,2,6,8,318,3,23,46,284,Austin
2016,12,17,85,2,8,20,58,5,1,10,83,93,31,0,1,8,22,1,1,1,31,32,50,2,6,12,28,2,0,8,42,50,0,0,0,0,0,1,0,0,1,1,4,0,1,0,8,1,0,1,9,10,285,1,18,41,279,Austin
2017,12,17,73,3,8,12,69,9,0,11,90,101,19,0,1,4,26,1,0,1,31,32,48,3,7,8,33,7,0,10,48,58,1,0,0,0,1,0,0,0,1,1,5,0,0,0,9,1,0,0,10,10,245,3,20,42,280,Austin
2018,12,17,62,4,3,20,87,13,1,7,120,127,25,1,1,8,47,6,1,2,61,63,30,3,2,11,30,6,0,5,47,52,0,0,0,0,0,0,0,0,0,0,7,0,0,1,10,1,0,0,12,12,279,1,26,43,281,Austin
2019,12,17,53,2,2,10,71,11,2,4,92,96,21,1,0,5,32,6,0,1,43,44,23,1,2,5,29,5,2,3,39,42,2,0,0,0,0,0,0,0,0,0,7,0,0,0,10,0,0,0,10,10,235,4,25,44,282,Austin
2020,12,17,59,3,4,18,76,7,3,7,101,108,21,1,2,12,46,4,1,3,62,65,32,1,2,6,28,3,2,3,37,40,2,1,0,0,0,0,0,1,0,1,4,0,0,0,2,0,0,0,2,2,265,4,13,46,284,Austin
2021,12,17,41,2,7,12,57,14,3,9,83,92,13,2,0,5,29,2,1,2,36,38,24,0,7,5,25,9,1,7,39,46,0,0,0,1,1,0,0,0,2,2,4,0,0,1,2,3,1,0,6,6,237,3,19,40,278,Austin
2022,12,17,48,1,11,20,65,18,4,12,103,115,13,0,4,8,22,10,0,4,40,44,33,1,4,9,35,6,2,5,50,55,0,0,1,1,1,0,0,1,2,3,2,0,2,2,7,2,2,2,11,13,250,6,25,41,279,Austin
2023,12,17,49,3,7,8,42,17,0,10,67,77,16,1,4,5,20,8,0,5,33,38,28,1,2,2,21,8,0,3,31,34,0,0,0,0,0,0,0,0,0,0,5,1,1,1,1,1,0,2,3,5,194,2,12,42,280,Austin
2024,12,17,34,3,9,4,52,11,1,12,67,79,15,1,1,0,27,4,1,2,31,33,17,1,7,4,21,4,0,8,29,37,0,0,0,0,0,3,0,0,3,3,2,1,1,0,4,0,0,2,4,6,186,7,12,44,282,Austin
2012,1,18,71,5,6,23,89,5,1,11,117,128,26,2,2,12,51,2,0,4,65,69,39,2,3,9,30,3,1,5,42,47,0,0,0,1,0,0,0,0,1,1,6,1,1,1,8,0,0,2,9,11,308,1,22,-291,-53,Austin
2013,1,18,104,0,2,13,85,8,2,2,106,108,42,0,1,6,42,4,2,1,52,53,52,0,0,7,34,2,0,0,43,43,1,0,0,0,0,0,0,0,0,0,9,0,1,0,9,2,0,1,11,12,334,1,28,-289,-51,Austin
2014,1,18,93,5,10,15,103,8,0,15,126,141,36,0,2,7,48,2,0,2,57,59,50,5,8,7,49,6,0,13,62,75,2,0,0,0,0,0,0,0,0,0,5,0,0,1,6,0,0,0,7,7,350,2,18,-288,-50,Austin
2015,1,18,92,1,6,8,75,2,0,7,85,92,39,0,1,3,29,0,0,1,32,33,47,1,4,5,38,2,0,5,45,50,0,0,0,0,0,0,0,0,0,0,6,0,1,0,8,0,0,1,8,9,306,1,21,-287,-49,Austin
2016,1,18,83,2,1,16,84,5,2,3,105,108,29,0,1,6,40,3,0,1,49,50,46,2,0,9,36,1,2,2,46,48,0,0,0,0,1,0,0,0,1,1,8,0,0,1,7,1,0,0,9,9,304,4,27,-293,-55,Austin
2017,1,18,70,0,8,18,78,1,1,8,97,105,27,0,2,12,37,1,0,2,50,52,37,0,5,6,31,0,1,5,37,42,0,0,0,0,0,0,0,0,0,0,6,0,1,0,10,0,0,1,10,11,295,2,30,-291,-53,Austin
2018,1,18,56,4,4,20,70,7,0,8,97,105,22,3,4,7,30,4,0,7,41,48,32,1,0,4,31,3,0,1,38,39,0,0,0,0,0,0,0,0,0,0,2,0,0,9,9,0,0,0,18,18,259,0,29,-290,-52,Austin
2019,1,18,70,3,4,12,85,10,1,7,107,114,31,3,1,4,46,5,0,4,55,59,34,0,3,7,33,2,1,3,42,45,1,0,0,0,0,0,0,0,0,0,4,0,0,1,6,3,0,0,10,10,299,2,21,-289,-51,Austin
2020,1,18,70,3,2,10,96,7,3,5,113,118,27,0,0,8,50,4,0,0,62,62,37,3,2,2,40,1,2,5,43,48,1,0,0,0,1,0,0,0,1,1,5,0,0,0,5,2,1,0,7,7,286,2,19,-288,-50,Austin
2021,1,18,75,6,8,11,77,11,6,14,99,113,25,5,3,5,41,5,2,8,51,59,43,1,5,5,27,6,4,6,38,44,1,0,0,0,0,0,0,0,0,0,6,0,0,1,9,0,0,0,10,10,275,2,22,-293,-55,Austin
2022,1,18,55,5,4,19,73,19,4,9,111,120,24,2,2,8,38,13,1,4,59,63,27,2,2,9,27,2,3,4,38,42,0,0,0,1,0,0,0,0,1,1,4,1,0,1,8,4,0,1,13,14,255,1,25,-292,-54,Austin
2023,1,18,44,1,5,16,76,17,2,6,109,115,21,0,1,5,32,7,2,1,44,45,21,1,3,9,37,7,0,4,53,57,0,0,0,0,0,0,0,0,0,0,2,0,1,2,7,3,0,1,12,13,246,0,19,-291,-53,Austin
2024,1,18,41,3,5,7,51,12,1,8,70,78,14,1,2,2,21,5,1,3,28,31,20,2,3,5,24,3,0,5,32,37,0,0,0,0,0,1,0,0,1,1,7,0,0,0,6,3,0,0,9,9,198,1,22,-290,-52,Austin
2012,2,18,91,4,5,16,98,9,1,9,123,132,37,0,3,11,43,3,1,3,57,60,51,4,1,2,42,6,0,5,50,55,0,0,0,0,1,0,0,0,1,1,3,0,1,3,12,0,0,1,15,16,344,3,28,-260,-22,Austin
2013,2,18,90,4,5,20,81,10,2,9,111,120,34,3,1,12,36,5,1,4,53,57,48,1,4,6,36,4,1,5,46,51,0,0,0,0,1,0,0,0,1,1,8,0,0,2,8,1,0,0,11,11,322,3,28,-258,-20,Austin
2014,2,18,75,0,3,26,95,4,0,3,125,128,37,0,2,13,42,1,0,2,56,58,31,0,1,11,41,2,0,1,54,55,0,0,0,1,1,0,0,0,2,2,7,0,0,1,11,1,0,0,13,13,315,2,25,-257,-19,Austin
2015,2,18,86,4,4,14,75,9,3,8,98,106,34,0,1,7,38,5,0,1,50,51,41,4,3,6,29,4,3,7,39,46,1,0,0,0,0,0,0,0,0,0,10,0,0,1,8,0,0,0,9,9,290,1,23,-256,-18,Austin
2016,2,18,60,3,6,22,74,7,5,9,103,112,26,2,2,16,38,5,0,4,59,63,30,1,4,6,26,2,4,5,34,39,1,0,0,0,0,0,1,0,0,0,3,0,0,0,10,0,0,0,10,10,272,3,23,-262,-24,Austin
2017,2,18,93,2,7,15,64,9,1,9,88,97,30,2,0,7,33,1,1,2,41,43,52,0,6,7,29,8,0,6,44,50,1,0,0,0,0,0,0,0,0,0,10,0,1,1,2,0,0,1,3,4,312,1,17,-260,-22,Austin
2018,2,18,70,2,10,9,73,6,1,12,88,100,17,0,6,5,48,2,0,6,55,61,44,1,4,3,20,4,1,5,27,32,2,0,0,0,0,0,0,0,0,0,7,1,0,1,5,0,0,1,6,7,256,2,17,-259,-21,Austin
2019,2,18,57,4,14,12,85,8,0,18,105,123,24,3,6,8,43,0,0,9,51,60,25,1,6,4,29,6,0,7,39,46,3,0,0,0,1,0,0,0,1,1,5,0,2,0,12,2,0,2,14,16,271,5,29,-258,-20,Austin
2020,2,18,67,7,8,9,87,11,3,15,107,122,22,6,4,7,44,6,2,10,57,67,37,1,4,1,36,5,1,5,42,47,1,0,0,1,0,0,0,0,1,1,7,0,0,0,7,0,0,0,7,7,283,2,21,-257,-19,Austin
2021,2,18,69,0,3,15,20,5,2,3,40,43,39,0,2,7,13,3,1,2,23,25,26,0,1,8,6,2,1,1,16,17,1,0,0,0,0,0,0,0,0,0,3,0,0,0,1,0,0,0,1,1,169,2,8,-262,-24,Austin
2022,2,18,55,4,2,11,65,17,3,6,93,99,19,1,1,4,36,5,1,2,45,47,31,3,1,7,27,11,1,4,45,49,0,0,0,0,0,1,0,0,1,1,5,0,0,0,2,0,1,0,2,2,245,3,9,-261,-23,Austin
2023,2,18,62,7,8,13,76,24,1,15,113,128,25,1,3,3,38,12,0,4,53,57,31,6,5,10,33,10,1,11,53,64,1,0,0,0,1,0,0,0,1,1,5,0,0,0,4,2,0,0,6,6,293,2,15,-260,-22,Austin
2024,2,18,46,3,5,17,52,23,2,8,92,100,24,1,2,3,20,6,1,3,29,32,19,2,2,13,31,17,1,4,61,65,0,0,0,0,1,0,0,0,1,1,3,0,1,1,0,0,0,1,1,2,222,1,10,-259,-21,Austin
2012,3,18,103,3,5,14,100,4,3,8,118,126,33,2,3,11,44,2,1,5,57,62,63,1,2,2,50,1,2,3,53,56,0,0,0,0,0,1,0,0,1,1,7,0,0,1,6,0,0,0,7,7,376,2,23,-231,7,Austin
2013,3,18,89,4,4,17,113,5,2,8,135,143,43,2,3,10,58,1,1,5,69,74,39,2,1,7,46,2,1,3,55,58,0,0,0,0,0,0,0,0,0,0,7,0,0,0,9,2,0,0,11,11,348,3,29,-230,8,Austin
2014,3,18,91,0,6,23,94,11,3,6,128,134,39,0,3,13,59,9,0,3,81,84,44,0,2,6,21,2,3,2,29,31,1,0,0,2,0,0,0,0,2,2,7,0,1,2,14,0,0,1,16,17,324,4,31,-229,9,Austin
2015,3,18,79,1,0,12,72,4,0,1,88,89,38,0,0,7,34,0,0,0,41,41,36,1,0,3,31,3,0,1,37,38,0,0,0,0,1,0,0,0,1,1,5,0,0,2,6,1,0,0,9,9,276,1,22,-228,10,Austin
2016,3,18,96,5,10,13,82,7,2,15,102,117,43,3,3,5,43,3,0,6,51,57,45,2,7,6,28,3,2,9,37,46,0,0,0,1,1,1,0,0,3,3,8,0,0,1,10,0,0,0,11,11,339,5,31,-233,5,Austin
2017,3,18,89,3,6,13,106,3,2,9,122,131,40,1,2,6,56,0,1,3,62,65,43,2,3,6,42,2,1,5,50,55,3,0,0,0,0,0,0,0,0,0,3,0,1,1,8,1,0,1,10,11,351,4,26,-232,6,Austin
2018,3,18,67,7,8,6,76,7,2,15,89,104,30,2,2,3,37,3,2,4,43,47,35,5,5,3,31,4,0,10,38,48,0,0,0,0,1,0,0,0,1,1,2,0,1,0,7,0,0,1,7,8,277,2,17,-231,7,Austin
2019,3,18,75,1,4,15,99,4,2,5,118,123,39,0,1,11,58,3,1,1,72,73,32,1,3,4,34,1,1,4,39,43,1,0,0,0,0,0,0,0,0,0,3,0,0,0,7,0,0,0,7,7,299,2,14,-230,8,Austin
2020,3,18,52,4,2,12,70,14,3,6,96,102,31,1,0,8,44,7,2,1,59,60,20,2,2,4,18,4,1,4,26,30,0,0,0,0,0,0,0,0,0,0,1,1,0,0,8,3,0,1,11,12,251,0,18,-228,10,Austin
2021,3,18,62,0,6,9,64,16,1,6,89,95,34,0,3,4,40,10,1,3,54,57,21,0,3,4,21,3,0,3,28,31,2,0,0,1,0,0,0,0,1,1,5,0,0,0,3,3,0,0,6,6,257,4,14,-234,4,Austin
2022,3,18,82,2,9,22,73,17,13,11,112,123,32,1,5,8,33,6,4,6,47,53,43,1,3,14,34,7,7,4,55,59,1,0,0,0,0,0,0,0,0,0,6,0,1,0,6,4,2,1,10,11,310,3,27,-233,5,Austin
2023,3,18,78,4,10,10,77,25,9,14,112,126,31,1,6,5,37,15,2,7,57,64,41,2,4,3,38,9,6,6,50,56,0,1,0,0,0,0,0,1,0,1,6,0,0,2,2,1,1,0,5,5,301,1,20,-232,6,Austin
2024,3,18,52,3,5,15,50,22,4,8,87,95,20,1,1,7,27,15,3,2,49,51,26,2,3,6,17,4,1,5,27,32,0,0,0,0,1,1,0,0,2,2,6,0,1,2,5,2,0,1,9,10,246,3,23,-230,8,Austin
2012,4,18,77,3,3,28,114,8,1,6,150,156,47,2,2,22,79,5,1,4,106,110,21,1,1,3,27,2,0,2,32,34,0,0,0,3,0,1,0,0,4,4,9,0,0,0,8,0,0,0,8,8,356,4,25,-200,38,Austin
2013,4,18,91,3,4,20,101,5,0,7,126,133,47,1,0,14,62,1,0,1,77,78,36,2,3,5,33,4,0,5,42,47,0,0,0,1,0,0,0,0,1,1,8,0,1,0,6,0,0,1,6,7,353,2,23,-199,39,Austin
2014,4,18,100,1,4,15,84,9,1,5,108,113,50,0,2,11,59,6,0,2,76,78,42,1,1,2,21,2,1,2,25,27,1,0,0,0,0,0,0,0,0,0,7,0,1,2,4,1,0,1,7,8,341,2,24,-198,40,Austin
2015,4,18,83,3,7,12,75,4,1,10,91,101,45,3,4,4,39,1,0,7,44,51,29,0,2,8,31,2,1,2,41,43,0,0,0,0,1,0,0,0,1,1,9,0,1,0,4,1,0,1,5,6,309,1,25,-197,41,Austin
2016,4,18,80,5,5,11,74,6,2,10,91,101,48,1,4,6,48,4,1,5,58,63,24,2,1,3,19,1,1,3,23,26,0,0,0,0,1,0,0,0,1,1,8,2,0,2,6,1,0,2,9,11,282,1,22,-202,36,Austin
2017,4,18,96,1,2,9,56,4,1,3,69,72,59,0,0,4,38,3,0,0,45,45,30,1,2,2,13,1,0,3,16,19,0,0,0,2,1,0,0,0,3,3,7,0,0,1,4,0,1,0,5,5,283,3,25,-201,37,Austin
2018,4,18,81,1,5,6,68,5,4,6,79,85,41,1,4,3,51,3,4,5,57,62,33,0,1,3,10,2,0,1,15,16,1,0,0,0,0,0,0,0,0,0,6,0,0,0,7,0,0,0,7,7,282,3,21,-200,38,Austin
2019,4,18,82,3,5,6,67,6,3,8,79,87,42,1,3,5,50,2,2,4,57,61,35,1,1,1,8,2,1,2,11,13,0,0,0,0,2,0,0,0,2,2,5,1,1,0,7,2,0,2,9,11,270,2,21,-199,39,Austin
2020,4,18,44,4,5,7,65,12,1,9,84,93,29,2,2,4,47,9,1,4,60,64,14,2,3,3,16,2,0,5,21,26,1,0,0,0,0,0,0,0,0,0,0,0,0,0,2,1,0,0,3,3,222,1,12,-197,41,Austin
2021,4,18,64,4,7,12,70,10,4,11,92,103,31,3,2,9,36,3,2,5,48,53,28,1,4,2,32,7,2,5,41,46,1,0,0,1,0,0,0,0,1,1,4,0,1,0,2,0,0,1,2,3,259,2,14,-203,35,Austin
2022,4,18,47,5,10,20,51,15,3,15,86,101,27,1,2,11,36,11,2,3,58,61,15,4,6,9,13,4,1,10,26,36,0,0,0,0,2,0,0,0,2,2,5,0,2,0,0,0,0,2,0,2,218,2,14,-202,36,Austin
2023,4,18,53,4,6,17,53,19,5,10,89,99,27,1,5,8,29,9,3,6,46,52,21,2,1,7,20,8,1,3,35,38,0,0,0,0,2,0,0,0,2,2,5,1,0,2,2,2,1,1,6,7,223,2,16,-201,37,Austin
2024,4,18,61,0,13,10,62,10,4,13,82,95,28,0,5,5,44,6,1,5,55,60,29,0,8,5,17,3,2,8,25,33,1,0,0,0,0,0,0,0,0,0,3,0,0,0,1,1,1,0,2,2,243,1,11,-199,39,Austin
2012,5,18,87,2,5,30,113,0,1,7,143,150,43,1,1,24,70,0,0,2,94,96,34,1,3,4,36,0,0,4,40,44,1,0,0,1,0,0,0,0,1,1,9,0,1,1,7,0,1,1,8,9,379,3,32,-170,68,Austin
2013,5,18,115,3,8,11,90,3,1,11,104,115,48,2,6,5,71,2,1,8,78,86,52,1,1,6,14,1,0,2,21,23,1,0,0,0,0,0,0,0,0,0,14,0,1,0,5,0,0,1,5,6,377,2,31,-169,69,Austin
2014,5,18,95,2,8,15,90,11,2,10,116,126,52,0,3,7,45,6,1,3,58,61,38,2,5,8,38,4,1,7,50,57,1,0,0,0,1,0,0,0,1,1,4,0,0,0,6,1,0,0,7,7,335,2,18,-168,70,Austin
2015,5,18,93,0,6,18,84,6,3,6,108,114,47,0,3,12,61,5,2,3,78,81,36,0,2,6,19,1,1,2,26,28,0,0,0,0,1,0,0,0,1,1,10,0,1,0,3,0,0,1,3,4,317,2,17,-167,71,Austin
2016,5,18,86,2,9,20,71,7,2,11,98,109,55,2,5,12,48,2,1,7,62,69,22,0,4,6,19,3,1,4,28,32,1,0,0,0,1,0,0,0,1,1,8,0,0,2,3,2,0,0,7,7,310,4,25,-172,66,Austin
2017,5,18,90,3,4,10,64,8,4,7,82,89,46,0,1,7,39,5,4,1,51,52,32,3,2,2,19,2,0,5,23,28,0,0,0,0,0,1,0,0,1,1,12,0,1,1,6,0,0,1,7,8,318,1,31,-171,67,Austin
2018,5,18,67,2,9,8,62,6,2,11,76,87,31,1,6,4,44,1,0,7,49,56,30,1,3,4,12,4,1,4,20,24,0,0,0,0,0,0,0,0,0,0,6,0,0,0,6,1,1,0,7,7,272,0,24,-170,68,Austin
2019,5,18,85,2,5,15,91,11,0,7,117,124,45,1,3,11,61,5,0,4,77,81,32,1,2,3,20,5,0,3,28,31,1,0,0,0,0,0,0,0,0,0,7,0,0,1,10,1,0,0,12,12,296,1,27,-169,69,Austin
2020,5,18,81,2,5,10,72,16,1,7,98,105,41,1,3,5,52,10,0,4,67,71,29,1,0,4,15,4,0,1,23,24,1,0,0,0,0,1,0,0,1,1,10,0,2,1,5,1,1,2,7,9,282,2,24,-167,71,Austin
2021,5,18,68,3,4,13,44,15,2,7,72,79,43,2,3,11,29,13,2,5,53,58,20,1,1,2,12,1,0,2,15,17,1,0,0,0,1,0,0,0,1,1,4,0,0,0,2,1,0,0,3,3,235,2,11,-173,65,Austin
2022,5,18,53,1,3,23,50,15,5,4,88,92,31,1,0,17,29,8,5,1,54,55,15,0,3,5,19,7,0,3,31,34,1,0,0,1,1,0,0,0,2,2,6,0,0,0,1,0,0,0,1,1,232,3,10,-172,66,Austin
2023,5,18,53,5,8,8,62,21,2,13,91,104,29,2,7,1,31,15,0,9,47,56,19,1,1,6,29,4,1,2,39,41,0,0,0,0,0,0,0,0,0,0,5,2,0,1,2,2,1,2,5,7,236,0,17,-171,67,Austin
2024,5,18,63,2,5,16,74,24,4,7,114,121,33,1,4,4,46,16,2,5,66,71,22,1,1,12,28,6,2,2,46,48,0,0,0,0,0,0,0,0,0,0,8,0,0,0,0,2,0,0,2,2,301,0,17,-169,69,Austin
2012,6,18,93,2,7,26,94,1,1,9,121,130,52,0,3,21,58,1,0,3,80,83,28,2,2,4,22,0,1,4,26,30,0,0,0,0,0,0,0,0,0,0,13,0,2,1,14,0,0,2,15,17,371,0,43,-139,99,Austin
2013,6,18,76,3,8,19,97,8,0,11,124,135,42,2,4,12,65,5,0,6,82,88,27,1,3,6,23,2,0,4,31,35,0,0,0,0,0,0,0,0,0,0,7,0,1,1,9,1,0,1,11,12,348,1,31,-138,100,Austin
2014,6,18,88,3,6,21,88,4,1,9,113,122,48,1,2,15,65,4,1,3,84,87,26,2,3,6,13,0,0,5,19,24,0,0,0,0,1,0,0,0,1,1,14,0,1,0,9,0,0,1,9,10,331,1,33,-137,101,Austin
2015,6,18,92,5,4,9,69,5,1,9,83,92,52,2,1,5,55,3,1,3,63,66,27,3,3,3,10,0,0,6,13,19,2,0,0,0,0,0,0,0,0,0,11,0,0,1,4,2,0,0,7,7,304,2,27,-136,102,Austin
2016,6,18,82,3,8,17,69,9,5,11,95,106,45,3,5,11,45,4,4,8,60,68,27,0,0,6,22,4,0,0,32,32,1,0,0,0,0,1,0,0,1,1,9,0,3,0,2,0,1,3,2,5,297,2,21,-141,97,Austin
2017,6,18,100,5,5,12,59,5,6,10,76,86,53,2,2,8,32,2,3,4,42,46,38,3,3,3,18,2,1,6,23,29,0,0,0,0,0,0,0,0,0,0,9,0,0,1,9,1,2,0,11,11,286,1,28,-140,98,Austin
2018,6,18,82,4,6,11,97,5,3,10,113,123,44,2,4,6,63,3,2,6,72,78,30,2,2,4,23,2,1,4,29,33,0,0,0,0,0,0,0,0,0,0,8,0,0,1,11,0,0,0,12,12,294,1,27,-139,99,Austin
2019,6,18,67,2,12,6,80,9,6,14,95,109,42,1,4,2,56,6,4,5,64,69,17,1,6,4,15,2,1,7,21,28,0,0,1,0,0,0,0,1,0,1,8,0,1,0,9,1,1,1,10,11,277,1,25,-138,100,Austin
2020,6,18,64,5,4,9,95,16,4,9,120,129,41,3,2,5,59,7,1,5,71,76,18,2,2,3,26,6,3,4,35,39,0,0,0,0,1,0,0,0,1,1,5,0,0,1,9,3,0,0,13,13,302,1,28,-136,102,Austin
2021,6,18,67,1,11,9,47,12,4,12,68,80,39,0,7,4,35,8,1,7,47,54,18,0,3,5,7,4,3,3,16,19,1,0,0,0,2,0,0,0,2,2,9,1,1,0,3,0,0,2,3,5,265,3,20,-142,96,Austin
2022,6,18,50,1,13,9,50,11,3,14,70,84,20,0,5,5,33,6,1,5,44,49,24,0,5,3,12,2,1,5,17,22,0,0,0,1,0,0,0,0,1,1,6,1,3,0,5,3,1,4,8,12,209,1,29,-141,97,Austin
2023,6,18,55,2,9,9,40,15,0,11,64,75,33,0,4,6,28,12,0,4,46,50,17,2,4,3,9,2,0,6,14,20,1,0,0,0,0,0,0,0,0,0,4,0,1,0,3,1,0,1,4,5,224,2,14,-140,98,Austin
2024,6,18,65,1,4,6,54,17,1,5,77,82,37,1,2,6,32,12,1,3,50,53,20,0,2,0,20,4,0,2,24,26,1,0,0,0,0,0,0,0,0,0,7,0,0,0,2,1,0,0,3,3,230,1,17,-138,100,Austin
2012,7,18,93,2,2,25,109,2,4,4,136,140,49,0,1,14,72,1,2,1,87,88,34,2,1,9,26,1,1,3,36,39,0,0,0,0,0,0,0,0,0,0,10,0,0,2,11,0,1,0,13,13,352,2,28,-109,129,Austin
2013,7,18,78,0,4,23,93,3,1,4,119,123,49,0,2,13,70,1,1,2,84,86,20,0,1,7,14,1,0,1,22,23,0,0,0,1,0,1,0,0,2,2,9,0,1,2,9,0,0,1,11,12,311,3,33,-108,130,Austin
2014,7,18,81,2,6,17,85,6,2,8,108,116,47,1,3,10,60,3,2,4,73,77,26,1,2,5,15,2,0,3,22,25,0,0,1,0,0,0,0,1,0,1,8,0,0,2,10,1,0,0,13,13,295,2,32,-107,131,Austin
2015,7,18,87,6,7,13,77,6,1,13,96,109,35,0,2,3,54,5,1,2,62,64,39,6,4,10,19,1,0,10,30,40,1,0,1,0,0,0,0,1,0,1,12,0,0,0,4,0,0,0,4,4,326,4,23,-106,132,Austin
2016,7,18,77,1,5,16,85,1,2,6,102,108,32,0,1,11,58,0,2,1,69,70,35,0,3,5,18,1,0,3,24,27,1,0,0,0,1,0,0,0,1,1,9,1,1,0,8,0,0,2,8,10,298,2,28,-111,127,Austin
2017,7,18,83,3,4,20,76,4,1,7,100,107,47,1,2,13,59,3,0,3,75,78,25,1,2,5,10,1,1,3,16,19,0,0,0,0,0,0,0,0,0,0,11,1,0,2,7,0,0,1,9,10,305,1,29,-110,128,Austin
2018,7,18,72,1,4,14,84,7,3,5,105,110,46,1,2,9,59,5,1,3,73,76,17,0,1,4,20,2,2,1,26,27,1,0,0,0,0,0,0,0,0,0,8,0,1,1,5,0,0,1,6,7,295,1,21,-109,129,Austin
2019,7,18,53,2,8,15,101,5,0,10,121,131,31,0,4,9,65,2,0,4,76,80,18,2,4,4,29,2,0,6,35,41,0,0,0,0,0,0,0,0,0,0,4,0,0,2,7,1,0,0,10,10,281,0,21,-108,130,Austin
2020,7,18,67,2,4,13,48,12,2,6,73,79,39,1,0,10,35,7,1,1,52,53,16,0,3,2,11,1,0,3,14,17,2,0,0,0,0,2,0,0,2,2,10,1,1,1,2,2,1,2,5,7,243,5,28,-106,132,Austin
2021,7,18,64,3,8,13,63,11,4,11,87,98,34,2,7,7,36,7,3,9,50,59,29,0,1,4,21,3,0,1,28,29,0,0,0,0,0,0,0,0,0,0,1,1,0,2,6,1,1,1,9,10,242,0,22,-112,126,Austin
2022,7,18,64,3,6,20,63,10,2,9,93,102,26,2,2,12,47,7,2,4,66,70,25,1,2,8,13,1,0,3,22,25,1,0,0,0,0,0,0,0,0,0,12,0,2,0,3,2,0,2,5,7,239,1,24,-111,127,Austin
2023,7,18,67,0,10,11,50,19,4,10,80,90,35,0,6,5,24,15,3,6,44,50,28,0,4,5,18,1,1,4,24,28,0,0,0,0,1,0,0,0,1,1,4,0,0,1,7,3,0,0,11,11,235,1,19,-110,128,Austin
2024,7,18,50,2,2,13,53,20,0,4,86,90,23,1,0,10,35,13,0,1,58,59,20,1,2,3,12,7,0,3,22,25,0,0,0,0,0,0,0,0,0,0,7,0,0,0,6,0,0,0,6,6,231,0,18,-108,130,Austin
2012,8,18,98,2,4,17,86,4,0,6,107,113,50,1,0,12,45,2,0,1,59,60,41,1,4,5,36,2,0,5,43,48,1,0,0,0,0,0,0,0,0,0,6,0,0,0,5,0,0,0,5,5,353,1,24,-78,160,Austin
2013,8,18,91,0,8,21,111,7,2,8,139,147,35,0,7,5,69,4,0,7,78,85,46,0,1,15,29,1,2,1,45,46,1,0,0,0,1,0,0,0,1,1,9,0,0,1,12,2,0,0,15,15,354,2,33,-77,161,Austin
2014,8,18,78,2,5,22,90,8,3,7,120,127,44,1,1,13,56,3,2,2,72,74,27,1,4,5,22,4,1,5,31,36,1,0,0,1,1,0,0,0,2,2,6,0,0,3,11,1,0,0,15,15,336,4,32,-76,162,Austin
2015,8,18,78,3,2,19,85,8,2,5,112,117,44,0,0,16,56,3,1,0,75,75,28,2,2,3,23,4,1,4,30,34,1,0,0,0,0,1,0,0,1,1,5,1,0,0,6,0,0,1,6,7,301,3,20,-75,163,Austin
2016,8,18,66,1,6,10,87,3,3,7,100,107,34,0,4,5,68,2,3,4,75,79,24,1,2,4,13,1,0,3,18,21,0,0,0,0,0,0,0,0,0,0,8,0,0,1,6,0,0,0,7,7,296,2,22,-80,158,Austin
2017,8,18,71,0,3,11,68,2,1,3,81,84,33,0,0,8,39,0,1,0,47,47,31,0,3,3,23,2,0,3,28,31,0,0,0,0,0,0,0,0,0,0,7,0,0,0,6,0,0,0,6,6,295,1,24,-79,159,Austin
2018,8,18,68,3,7,4,76,5,2,10,85,95,34,0,1,0,56,2,1,1,58,59,29,3,6,2,13,2,1,9,17,26,0,0,0,0,2,1,0,0,3,3,5,0,0,2,5,0,0,0,7,7,263,3,21,-78,160,Austin
2019,8,18,72,6,11,11,85,12,3,17,108,125,34,2,2,4,50,7,1,4,61,65,29,4,7,6,30,4,2,11,40,51,0,0,0,0,1,0,0,0,1,1,9,0,2,1,4,1,0,2,6,8,299,2,25,-77,161,Austin
2020,8,18,62,3,8,17,70,8,3,11,95,106,25,1,5,8,48,2,2,6,58,64,23,2,2,8,18,5,0,4,31,35,1,0,0,0,0,0,0,0,0,0,13,0,1,1,4,1,1,1,6,7,267,1,32,-75,163,Austin
2021,8,18,45,3,11,14,65,10,2,14,89,103,29,1,5,6,44,7,1,6,57,63,12,2,5,7,20,3,1,7,30,37,0,0,0,1,0,0,0,0,1,1,4,0,1,0,1,0,0,1,1,2,221,2,12,-81,157,Austin
2022,8,18,46,1,6,6,63,13,4,7,82,89,26,1,3,2,33,9,0,4,44,48,15,0,3,3,27,3,4,3,33,36,0,0,0,0,1,0,0,0,1,1,5,0,0,1,2,1,0,0,4,4,226,1,13,-80,158,Austin
2023,8,18,57,1,2,14,56,13,2,3,83,86,29,0,2,5,36,10,2,2,51,53,24,1,0,6,17,3,0,1,26,27,2,0,0,2,0,0,0,0,2,2,2,0,0,1,3,0,0,0,4,4,221,4,16,-79,159,Austin
2024,8,18,57,2,10,9,57,23,0,12,89,101,19,0,3,2,38,13,0,3,53,56,34,1,7,7,15,7,0,8,29,37,0,0,0,0,1,0,0,0,1,1,4,1,0,0,3,3,0,1,6,7,244,4,14,-77,161,Austin
2012,9,18,81,2,3,20,90,4,1,5,114,119,51,0,3,12,53,2,0,3,67,70,22,2,0,5,32,1,1,2,38,40,1,0,0,3,1,0,0,0,4,4,7,0,0,0,4,1,0,0,5,5,317,7,19,-47,191,Austin
2013,9,18,69,5,7,14,89,1,1,12,104,116,35,1,6,10,51,0,0,7,61,68,29,2,0,2,31,1,1,2,34,36,0,0,0,1,0,0,0,0,1,1,5,2,1,1,7,0,0,3,8,11,302,2,21,-46,192,Austin
2014,9,18,76,3,3,14,86,5,3,6,105,111,36,2,0,12,57,4,2,2,73,75,34,1,1,2,21,1,1,2,24,26,0,0,0,0,2,0,0,0,2,2,6,0,2,0,6,0,0,2,6,8,314,3,27,-45,193,Austin
2015,9,18,82,2,4,16,102,5,2,6,123,129,44,1,1,10,61,2,2,2,73,75,33,1,1,6,33,2,0,2,41,43,0,0,0,0,1,0,0,0,1,1,5,0,2,0,7,1,0,2,8,10,325,1,23,-44,194,Austin
2016,9,18,71,1,8,11,81,3,3,9,95,104,29,0,5,8,52,2,0,5,62,67,39,1,2,3,25,1,3,3,29,32,0,0,0,0,0,0,0,0,0,0,3,0,1,0,4,0,0,1,4,5,268,1,16,-49,189,Austin
2017,9,18,74,1,6,15,69,9,1,7,93,100,44,0,1,11,40,3,1,1,54,55,26,1,5,3,22,5,0,6,30,36,1,0,0,0,0,0,0,0,0,0,3,0,0,1,7,1,0,0,9,9,267,1,16,-48,190,Austin
2018,9,18,62,3,4,6,76,10,2,7,92,99,31,3,2,3,42,3,2,5,48,53,26,0,1,2,30,6,0,1,38,39,0,0,0,1,1,0,0,0,2,2,5,0,1,0,3,1,0,1,4,5,252,3,19,-47,191,Austin
2019,9,18,61,5,5,18,94,12,1,10,124,134,31,2,2,10,50,5,1,4,65,69,25,2,3,6,35,6,0,5,47,52,0,0,0,0,0,0,0,0,0,0,5,1,0,2,9,1,0,1,12,13,291,2,23,-46,192,Austin
2020,9,18,53,4,7,12,80,13,2,11,105,116,25,1,3,5,49,7,2,4,61,65,20,3,4,7,17,3,0,7,27,34,3,0,0,0,1,0,0,0,1,1,5,0,0,0,13,3,0,0,16,16,283,5,27,-44,194,Austin
2021,9,18,54,5,7,10,53,15,3,12,78,90,28,3,3,4,29,6,2,6,39,45,21,1,4,6,23,7,1,5,36,41,1,0,0,0,0,0,0,0,0,0,4,1,0,0,1,2,0,1,3,4,228,1,13,-50,188,Austin
2022,9,18,52,3,7,10,51,14,3,10,75,85,26,3,4,4,36,5,0,7,45,52,23,0,3,6,11,6,3,3,23,26,0,0,0,0,1,1,0,0,2,2,3,0,0,0,3,2,0,0,5,5,222,3,12,-49,189,Austin
2023,9,18,67,0,8,13,57,18,4,8,88,96,35,0,4,3,27,12,2,4,42,46,27,0,3,10,24,3,2,3,37,40,2,0,0,0,1,2,0,0,3,3,3,0,1,0,5,1,0,1,6,7,262,6,21,-48,190,Austin
2024,9,18,58,0,9,8,36,15,2,9,59,68,24,0,5,6,23,5,0,5,34,39,30,0,2,1,9,6,1,2,16,18,0,0,0,0,0,0,0,0,0,0,4,0,2,1,4,4,1,2,9,11,218,0,20,-46,192,Austin
2012,10,18,92,1,4,26,87,4,1,5,117,122,38,0,3,15,44,1,1,3,60,63,40,1,1,10,35,2,0,2,47,49,2,0,0,0,0,1,0,0,1,1,12,0,0,1,8,0,0,0,9,9,322,3,28,-17,221,Austin
2013,10,18,88,4,7,19,118,14,1,11,151,162,39,2,4,10,63,4,1,6,77,83,41,2,3,8,44,8,0,5,60,65,0,0,0,1,0,0,0,0,1,1,8,0,0,0,11,2,0,0,13,13,393,1,29,-16,222,Austin
2014,10,18,94,4,13,13,80,4,1,17,97,114,43,1,2,8,40,2,0,3,50,53,46,2,9,4,34,2,1,11,40,51,0,0,0,0,0,0,0,0,0,0,5,1,2,1,6,0,0,3,7,10,349,1,25,-15,223,Austin
2015,10,18,80,1,3,7,75,4,3,4,86,90,36,0,1,3,33,2,0,1,38,39,36,1,2,3,32,2,3,3,37,40,0,0,0,0,0,0,0,0,0,0,8,0,0,1,10,0,0,0,11,11,269,0,22,-14,224,Austin
2016,10,18,75,2,4,8,59,5,2,6,72,78,32,1,1,4,40,3,2,2,47,49,36,1,1,3,13,2,0,2,18,20,0,0,0,1,1,0,0,0,2,2,7,0,2,0,5,0,0,2,5,7,276,3,21,-19,219,Austin
2017,10,18,67,2,8,13,70,6,4,10,89,99,28,1,3,8,40,5,3,4,53,57,34,1,5,3,20,0,1,6,23,29,1,0,0,0,2,0,0,0,2,2,4,0,0,2,8,1,0,0,11,11,271,3,24,-18,220,Austin
2018,10,18,79,0,4,9,97,6,2,4,112,116,43,0,2,4,55,1,0,2,60,62,28,0,2,2,31,3,2,2,36,38,0,0,0,1,0,0,0,0,1,1,8,0,0,2,11,2,0,0,15,15,287,1,27,-17,221,Austin
2019,10,18,72,6,8,12,76,12,2,14,100,114,37,2,3,9,39,5,1,5,53,58,30,4,5,3,29,5,1,9,37,46,1,0,0,0,0,0,0,0,0,0,4,0,0,0,8,2,0,0,10,10,289,2,20,-16,222,Austin
2020,10,18,70,3,7,14,65,9,2,10,88,98,34,2,2,5,28,5,0,4,38,42,29,1,4,8,24,1,1,5,33,38,1,0,1,0,0,0,1,1,0,1,6,0,0,1,13,3,0,0,17,17,250,3,27,-14,224,Austin
2021,10,18,50,4,6,16,53,21,1,10,90,100,26,3,2,6,25,11,1,5,42,47,20,1,3,8,24,8,0,4,40,44,0,0,0,0,0,0,0,0,0,0,4,0,1,2,4,2,0,1,8,9,244,3,19,-20,218,Austin
2022,10,18,55,3,3,13,66,12,2,6,91,97,21,1,0,4,31,5,1,1,40,41,28,1,3,6,29,6,0,4,41,45,1,0,0,0,1,1,1,0,2,2,5,1,0,3,5,0,0,1,8,9,225,5,17,-19,219,Austin
2023,10,18,50,1,4,11,57,23,6,5,91,96,20,1,1,1,24,13,2,2,38,40,25,0,3,10,28,8,3,3,46,49,1,0,0,0,1,1,0,0,2,2,4,0,0,0,4,1,1,0,5,5,236,7,16,-18,220,Austin
2024,10,18,54,0,6,11,63,15,3,6,89,95,19,0,2,7,31,7,1,2,45,47,31,0,4,4,28,6,1,4,38,42,1,0,0,0,1,0,0,0,1,1,3,0,0,0,3,2,1,0,5,5,267,3,21,-16,222,Austin
2012,11,18,91,4,6,11,113,1,3,10,125,135,21,0,2,3,38,0,0,2,41,43,61,4,4,6,70,1,3,8,77,85,1,0,0,0,0,0,0,0,0,0,8,0,0,2,5,0,0,0,7,7,362,1,23,14,252,Austin
2013,11,18,81,1,5,21,95,6,1,6,122,128,32,1,1,15,37,1,0,2,53,55,42,0,4,4,49,5,1,4,58,62,0,0,0,0,1,0,0,0,1,1,7,0,0,2,8,0,0,0,10,10,302,2,21,15,253,Austin
2014,11,18,66,1,5,15,94,13,0,6,122,128,26,0,3,8,44,5,0,3,57,60,35,1,1,6,40,6,0,2,52,54,0,0,0,1,0,0,0,0,1,1,5,0,1,0,10,2,0,1,12,13,305,1,28,16,254,Austin
2015,11,18,62,1,4,13,67,5,2,5,85,90,23,0,2,9,33,3,1,2,45,47,36,0,2,4,30,1,1,2,35,37,0,0,0,0,0,0,0,0,0,0,3,1,0,0,4,1,0,1,5,6,275,0,19,17,255,Austin
2016,11,18,77,2,3,14,69,2,4,5,85,90,28,0,1,6,36,2,2,1,44,45,41,2,2,7,27,0,2,4,34,38,1,0,0,1,0,0,0,0,1,1,7,0,0,0,6,0,0,0,6,6,273,2,23,12,250,Austin
2017,11,18,79,6,7,11,71,6,2,13,88,101,27,1,5,4,35,3,1,6,42,48,48,5,2,7,31,3,0,7,41,48,1,0,0,0,1,0,0,0,1,1,3,0,0,0,4,0,1,0,4,4,275,3,16,13,251,Austin
2018,11,18,72,3,5,14,79,7,3,8,100,108,22,1,2,6,37,5,1,3,48,51,45,2,3,8,36,2,0,5,46,51,0,0,0,0,0,0,0,0,0,0,5,0,0,0,6,0,2,0,6,6,272,0,22,14,252,Austin
2019,11,18,65,4,4,18,87,13,1,8,118,126,34,0,1,12,53,5,0,1,70,71,25,4,3,5,29,8,1,7,42,49,0,0,0,0,0,0,0,0,0,0,6,0,0,1,5,0,0,0,6,6,300,0,22,15,253,Austin
2020,11,18,68,2,6,14,101,9,3,8,124,132,34,0,3,5,45,2,0,3,52,55,29,2,3,8,42,6,3,5,56,61,0,0,0,0,0,0,0,0,0,0,5,0,0,1,14,1,0,0,16,16,309,1,25,17,255,Austin
2021,11,18,37,2,5,22,70,9,2,7,101,108,13,1,1,9,32,5,1,2,46,48,21,1,4,11,30,3,0,5,44,49,0,0,0,1,1,0,0,0,2,2,3,0,0,1,7,1,1,0,9,9,226,3,19,11,249,Austin
2022,11,18,55,2,4,15,60,14,4,6,89,95,20,2,0,6,35,6,0,2,47,49,31,0,4,9,22,7,4,4,38,42,1,0,0,0,0,0,0,0,0,0,3,0,0,0,3,1,0,0,4,4,252,1,14,12,250,Austin
2023,11,18,55,2,5,6,52,26,4,7,84,91,23,0,1,1,24,10,1,1,35,36,28,2,3,4,26,16,3,5,46,51,0,0,0,0,1,0,0,0,1,1,4,0,1,1,1,0,0,1,2,3,238,2,13,13,251,Austin
2024,11,18,56,4,4,16,50,18,2,8,84,92,20,0,2,11,29,7,1,2,47,49,31,4,2,4,20,8,1,6,32,38,0,0,0,0,0,0,0,0,0,0,5,0,0,1,1,3,0,0,5,5,256,1,15,15,253,Austin
2012,12,18,97,2,3,17,89,7,3,5,113,118,46,2,1,14,44,2,2,3,60,63,46,0,2,1,36,5,1,2,42,44,0,0,0,0,1,0,0,0,1,1,5,0,0,2,8,0,0,0,10,10,311,1,26,44,282,Austin
2013,12,18,93,1,3,27,108,11,2,4,146,150,33,0,2,16,47,3,0,2,66,68,49,1,1,9,45,8,1,2,62,64,1,0,0,2,0,0,1,0,2,2,10,0,0,0,16,0,0,0,16,16,353,4,36,45,283,Austin
2014,12,18,76,0,5,16,77,8,3,5,101,106,27,0,1,11,35,1,1,1,47,48,43,0,4,5,35,7,2,4,47,51,0,0,0,0,1,0,0,0,1,1,6,0,0,0,6,0,0,0,6,6,313,1,28,46,284,Austin
2015,12,18,67,2,4,27,69,2,1,6,98,104,23,0,2,18,36,1,1,2,55,57,39,2,2,5,28,0,0,4,33,37,2,0,0,2,1,1,0,0,4,4,3,0,0,2,4,0,0,0,6,6,306,6,18,47,285,Austin
2016,12,18,87,5,4,15,58,5,1,9,78,87,30,1,0,7,34,2,0,1,43,44,48,3,3,7,22,3,1,6,32,38,1,0,0,0,0,0,0,0,0,0,8,1,1,1,2,0,0,2,3,5,261,1,21,42,280,Austin
2017,12,18,55,2,5,21,76,11,2,7,108,115,15,0,0,8,42,4,1,0,54,54,32,2,4,13,27,6,1,6,46,52,1,0,0,0,2,0,0,0,2,2,7,0,1,0,5,1,0,1,6,7,263,3,17,43,281,Austin
2018,12,18,62,2,5,12,78,5,1,7,95,102,21,1,2,5,33,1,1,3,39,42,31,1,2,4,40,3,0,3,47,50,2,0,1,0,0,0,0,1,0,1,8,0,0,3,5,1,0,0,9,9,285,3,23,44,282,Austin
2019,12,18,71,2,6,10,97,4,3,8,111,119,30,2,3,3,44,0,1,5,47,52,28,0,3,6,42,3,1,3,51,54,1,0,0,0,0,0,0,0,0,0,12,0,0,1,11,1,1,0,13,13,319,1,29,45,283,Austin
2020,12,18,65,2,7,16,88,14,2,9,118,127,21,1,3,8,49,5,0,4,62,66,38,1,4,8,30,9,2,5,47,52,1,0,0,0,2,0,0,0,2,2,5,0,0,0,7,0,0,0,7,7,308,3,37,47,285,Austin
2021,12,18,49,1,5,14,57,14,1,6,85,91,15,1,2,7,21,11,0,3,39,42,31,0,3,7,31,3,1,3,41,44,0,0,0,0,0,0,0,0,0,0,3,0,0,0,5,0,0,0,5,5,219,1,13,41,279,Austin
2022,12,18,56,0,1,9,60,14,7,1,83,84,16,0,1,4,23,5,2,1,32,33,33,0,0,5,30,7,5,0,42,42,0,0,0,0,0,0,0,0,0,0,7,0,0,0,7,2,0,0,9,9,223,0,21,42,280,Austin
2023,12,18,59,1,7,16,53,18,3,8,87,95,18,1,0,4,27,8,0,1,39,40,35,0,7,10,22,9,3,7,41,48,0,0,0,1,0,0,0,0,1,1,6,0,0,1,4,1,0,0,6,6,234,3,13,43,281,Austin
2024,12,18,49,1,8,5,63,15,3,9,83,92,19,0,2,4,39,12,0,2,55,57,26,1,6,1,20,3,3,7,24,31,1,0,0,0,0,0,0,0,0,0,3,0,0,0,4,0,0,0,4,4,240,2,11,45,283,Austin
2012,1,19,101,2,5,18,81,11,2,7,110,117,39,0,2,7,36,7,0,2,50,52,50,2,3,9,31,3,2,5,43,48,0,0,0,0,0,0,0,0,0,0,12,0,0,2,14,1,0,0,17,17,357,0,40,-290,-52,Austin
2013,1,19,121,6,4,6,101,11,0,10,118,128,42,1,2,3,42,0,0,3,45,48,72,5,2,3,49,10,0,7,62,69,0,0,0,0,1,0,0,0,1,1,7,0,0,0,9,1,0,0,10,10,382,1,28,-288,-50,Austin
2014,1,19,84,2,3,15,52,3,0,5,70,75,14,1,0,9,24,2,0,1,35,36,53,1,3,5,25,1,0,4,31,35,0,0,0,0,0,0,0,0,0,0,17,0,0,1,3,0,0,0,4,4,270,0,29,-287,-49,Austin
2015,1,19,102,2,4,12,58,8,3,6,78,84,42,0,1,5,29,1,1,1,35,36,50,2,2,5,24,7,1,4,36,40,0,0,0,0,0,0,0,0,0,0,10,0,1,2,5,0,1,1,7,8,285,0,27,-286,-48,Austin
2016,1,19,78,2,4,19,77,9,0,6,105,111,34,1,2,5,37,3,0,3,45,48,40,0,2,13,31,4,0,2,48,50,1,0,0,0,1,0,0,0,1,1,3,1,0,1,8,2,0,1,11,12,299,3,26,-292,-54,Austin
2017,1,19,93,1,4,17,60,2,3,5,79,84,33,0,1,11,30,1,2,1,42,43,45,0,3,5,24,1,1,3,30,33,2,0,0,0,0,0,0,0,0,0,13,1,0,1,6,0,0,1,7,8,298,3,32,-290,-52,Austin
2018,1,19,79,3,4,17,63,2,1,7,82,89,32,2,3,7,27,2,1,5,36,41,41,1,0,7,35,0,0,1,42,43,1,0,0,0,1,0,0,0,1,1,5,0,1,3,0,0,0,1,3,4,278,3,20,-289,-51,Austin
2019,1,19,76,2,3,12,58,4,0,5,74,79,21,0,1,6,30,2,0,1,38,39,50,2,2,4,21,2,0,4,27,31,1,0,0,0,0,0,0,0,0,0,4,0,0,2,7,0,0,0,9,9,248,1,20,-288,-50,Austin
2020,1,19,65,4,4,7,61,8,0,8,76,84,26,1,2,3,27,4,0,3,34,37,36,3,2,4,29,4,0,5,37,42,1,0,0,0,0,0,0,0,0,0,2,0,0,0,5,0,0,0,5,5,231,2,13,-287,-49,Austin
2021,1,19,58,3,10,11,80,9,3,13,100,113,18,2,6,7,41,3,2,8,51,59,28,0,4,4,33,3,0,4,40,44,3,0,0,0,1,0,1,0,1,1,9,1,0,0,5,3,0,1,8,9,285,6,25,-292,-54,Austin
2022,1,19,52,1,7,20,70,15,2,8,105,113,21,1,1,9,32,10,0,2,51,53,26,0,6,9,28,3,1,6,40,46,1,0,0,2,2,0,0,0,4,4,4,0,0,0,8,2,1,0,10,10,255,5,24,-291,-53,Austin
2023,1,19,46,2,6,9,91,27,3,8,127,135,25,2,3,3,35,12,1,5,50,55,19,0,1,6,44,13,1,1,63,64,0,0,0,0,1,0,0,0,1,1,2,0,2,0,11,2,1,2,13,15,259,1,24,-290,-52,Austin
2024,1,19,54,3,6,12,69,17,1,9,98,107,22,3,1,5,30,8,1,4,43,47,28,0,5,7,35,9,0,5,51,56,0,0,0,0,0,0,0,0,0,0,4,0,0,0,4,0,0,0,4,4,245,0,15,-289,-51,Austin
2012,2,19,104,2,3,10,86,7,0,5,103,108,40,0,1,3,34,4,0,1,41,42,57,2,2,7,47,1,0,4,55,59,0,0,0,0,0,1,0,0,1,1,7,0,0,0,5,1,0,0,6,6,322,3,18,-259,-21,Austin
2013,2,19,77,0,1,13,86,5,1,1,104,105,36,0,1,8,46,2,0,1,56,57,33,0,0,4,27,2,1,0,33,33,0,0,0,0,0,0,0,0,0,0,8,0,0,1,13,1,0,0,15,15,316,0,33,-257,-19,Austin
2014,2,19,85,0,5,17,96,8,3,5,121,126,35,0,1,10,41,4,1,1,55,56,41,0,4,6,40,3,2,4,49,53,3,0,0,1,0,0,0,0,1,1,6,0,0,0,15,1,0,0,16,16,341,4,32,-256,-18,Austin
2015,2,19,94,1,5,9,65,5,1,6,79,85,47,0,2,5,44,5,0,2,54,56,37,1,3,3,17,0,1,4,20,24,1,0,0,0,1,0,0,0,1,1,9,0,0,1,3,0,0,0,4,4,304,3,22,-255,-17,Austin
2016,2,19,88,2,5,14,65,7,3,7,86,93,31,1,1,10,37,5,2,2,52,54,52,1,3,4,22,2,1,4,28,32,1,0,0,0,0,0,0,0,0,0,4,0,1,0,6,0,0,1,6,7,306,1,16,-261,-23,Austin
2017,2,19,77,8,3,17,65,6,2,11,88,99,19,5,1,8,24,3,2,6,35,41,51,2,2,8,35,3,0,4,46,50,1,0,0,0,0,0,0,0,0,0,6,1,0,1,6,0,0,1,7,8,276,2,19,-259,-21,Austin
2018,2,19,63,7,7,6,71,6,3,14,83,97,29,3,5,3,38,2,3,8,43,51,28,3,1,3,26,4,0,4,33,37,2,1,0,0,1,0,0,1,1,2,4,0,1,0,6,0,0,1,6,7,272,5,22,-258,-20,Austin
2019,2,19,68,3,2,3,78,6,3,5,87,92,33,0,2,0,28,2,3,2,30,32,29,3,0,3,44,4,0,3,51,54,0,0,0,0,1,0,0,0,1,1,6,0,0,0,5,0,0,0,5,5,247,1,15,-257,-19,Austin
2020,2,19,74,2,4,9,78,10,0,6,97,103,25,2,0,7,46,7,0,2,60,62,35,0,4,2,25,3,0,4,30,34,1,0,0,0,0,0,0,0,0,0,13,0,0,0,7,0,0,0,7,7,283,2,27,-256,-18,Austin
2021,2,19,52,1,5,24,45,11,2,6,80,86,23,1,2,13,26,8,1,3,47,50,28,0,3,8,19,2,1,3,29,32,0,0,0,1,0,1,0,0,2,2,1,0,0,2,0,0,0,0,2,2,220,2,7,-261,-23,Austin
2022,2,19,60,3,2,17,86,14,6,5,117,122,24,0,1,8,38,11,2,1,57,58,30,3,0,6,40,3,4,3,49,52,1,0,0,1,1,0,0,0,2,2,5,0,1,2,7,0,0,1,9,10,269,3,23,-260,-22,Austin
2023,2,19,75,1,3,10,63,17,6,4,90,94,28,0,0,3,31,7,1,0,41,41,40,1,2,6,25,8,5,3,39,42,0,0,0,1,2,0,0,0,3,3,7,0,1,0,5,2,0,1,7,8,254,3,21,-259,-21,Austin
2024,2,19,47,0,5,20,41,21,2,5,82,87,21,0,3,7,20,11,2,3,38,41,21,0,2,13,19,9,0,2,41,43,0,0,0,0,0,0,0,0,0,0,5,0,0,0,2,1,0,0,3,3,219,0,16,-258,-20,Austin
2012,3,19,84,3,7,25,92,10,5,10,127,137,34,0,3,15,55,6,4,3,76,79,42,3,4,8,30,2,1,7,40,47,2,0,0,1,0,0,0,0,1,1,6,0,0,1,7,2,0,0,10,10,342,5,20,-230,8,Austin
2013,3,19,112,2,4,19,81,8,2,6,108,114,50,1,2,11,52,5,1,3,68,71,47,0,1,7,20,3,1,1,30,31,2,0,0,0,1,0,0,0,1,1,13,1,1,1,8,0,0,2,9,11,340,4,35,-229,9,Austin
2014,3,19,72,3,0,10,78,3,1,3,91,94,39,0,0,9,38,2,1,0,49,49,21,3,0,0,31,1,0,3,32,35,0,0,0,0,0,0,0,0,0,0,12,0,0,1,9,0,0,0,10,10,249,0,30,-228,10,Austin
2015,3,19,79,3,7,8,88,13,0,10,109,119,35,2,1,5,53,6,0,3,64,67,39,1,5,3,29,5,0,6,37,43,0,0,0,0,1,0,0,0,1,1,5,0,1,0,5,2,0,1,7,8,337,2,24,-227,11,Austin
2016,3,19,86,4,9,18,98,9,1,13,125,138,33,2,3,11,48,5,0,5,64,69,45,1,5,6,31,4,1,6,41,47,0,0,0,0,2,0,0,0,2,2,8,1,1,1,17,0,0,2,18,20,337,2,32,-232,6,Austin
2017,3,19,95,6,8,18,72,6,4,14,96,110,31,2,2,6,34,2,0,4,42,46,54,4,6,10,29,3,4,10,42,52,1,0,0,0,0,0,0,0,0,0,9,0,0,2,9,1,0,0,12,12,309,2,29,-231,7,Austin
2018,3,19,57,4,6,10,59,6,1,10,75,85,26,1,3,6,36,4,0,4,46,50,24,2,1,2,16,2,0,3,20,23,0,0,0,1,0,0,0,0,1,1,7,1,2,1,7,0,1,3,8,11,235,1,23,-230,8,Austin
2019,3,19,62,2,4,11,62,7,2,6,80,86,33,2,1,3,38,4,1,3,45,48,25,0,2,6,18,2,0,2,26,28,1,0,0,0,0,0,0,0,0,0,3,0,1,2,6,1,1,1,9,10,259,4,21,-229,9,Austin
2020,3,19,69,2,11,8,71,14,2,13,93,106,33,0,4,6,40,7,1,4,53,57,32,2,7,2,28,7,1,9,37,46,1,0,0,0,0,0,0,0,0,0,3,0,0,0,3,0,0,0,3,3,279,1,15,-227,11,Austin
2021,3,19,58,2,7,8,77,7,5,9,92,101,29,1,3,7,47,5,4,4,59,63,26,1,2,1,24,1,1,3,26,29,0,0,0,0,1,0,0,0,1,1,3,0,2,0,5,1,0,2,6,8,269,2,17,-233,5,Austin
2022,3,19,59,4,7,6,85,14,12,11,105,116,30,1,4,5,43,7,2,5,55,60,24,3,3,1,38,4,6,6,43,49,0,0,0,0,1,0,0,0,1,1,5,0,0,0,3,3,4,0,6,6,267,2,19,-232,6,Austin
2023,3,19,57,3,11,15,51,20,1,14,86,100,20,2,6,2,26,9,0,8,37,45,29,0,5,11,22,8,1,5,41,46,1,0,0,0,0,0,0,0,0,0,7,1,0,2,3,3,0,1,8,9,250,2,22,-231,7,Austin
2024,3,19,65,0,6,15,38,25,2,6,78,84,36,0,2,3,15,18,1,2,36,38,26,0,2,11,20,6,1,2,37,39,1,0,0,0,0,0,0,0,0,0,2,0,2,1,3,1,0,2,5,7,226,1,15,-229,9,Austin
2012,4,19,89,1,3,25,77,11,1,4,113,117,56,0,0,17,50,8,0,0,75,75,22,1,3,6,21,3,1,4,30,34,0,0,0,0,1,0,0,0,1,1,11,0,0,2,5,0,0,0,7,7,353,1,30,-199,39,Austin
2013,4,19,103,0,3,23,83,8,1,3,114,117,50,0,1,13,55,6,0,1,74,75,37,0,2,6,26,2,1,2,34,36,4,0,0,0,0,0,0,0,0,0,12,0,0,4,2,0,0,0,6,6,361,5,22,-198,40,Austin
2014,4,19,81,2,5,13,67,3,1,7,83,90,32,0,3,8,39,2,0,3,49,52,44,1,1,5,23,1,1,2,29,31,0,0,0,0,0,0,0,0,0,0,5,1,1,0,5,0,0,2,5,7,292,1,19,-197,41,Austin
2015,4,19,102,4,5,11,70,8,0,9,89,98,40,1,3,7,44,4,0,4,55,59,56,2,2,3,23,4,0,4,30,34,2,0,0,0,0,0,0,0,0,0,4,1,0,1,3,0,0,1,4,5,319,3,18,-196,42,Austin
2016,4,19,90,5,2,13,75,3,1,7,91,98,54,3,2,8,50,2,0,5,60,65,30,1,0,2,19,0,0,1,21,22,0,0,0,0,0,1,0,0,1,1,6,1,0,3,6,0,1,1,9,10,297,3,22,-201,37,Austin
2017,4,19,109,0,6,14,75,5,0,6,94,100,57,0,3,8,55,2,0,3,65,68,38,0,3,6,15,2,0,3,23,26,0,0,0,0,0,0,0,0,0,0,14,0,0,0,5,1,0,0,6,6,329,1,29,-200,38,Austin
2018,4,19,80,4,5,4,54,8,1,9,66,75,36,3,4,3,39,4,1,7,46,53,40,1,0,1,12,3,0,1,16,17,0,0,1,0,0,1,0,1,1,2,4,0,0,0,3,0,0,0,3,3,242,2,11,-199,39,Austin
2019,4,19,69,3,4,6,77,6,3,7,89,96,44,1,3,4,51,6,2,4,61,65,19,2,1,1,21,0,0,3,22,25,0,0,0,0,0,0,0,0,0,0,6,0,0,1,5,0,1,0,6,6,289,0,22,-198,40,Austin
2020,4,19,65,1,4,8,61,15,1,5,84,89,35,1,3,5,35,8,0,4,48,52,26,0,1,2,25,7,0,1,34,35,1,0,0,0,0,0,0,0,0,0,3,0,0,1,1,0,1,0,2,2,240,1,11,-196,42,Austin
2021,4,19,46,1,10,13,65,19,4,11,97,108,29,0,2,4,40,9,2,2,53,55,12,0,8,5,21,4,2,8,30,38,0,0,0,1,0,0,0,0,1,1,5,1,0,3,4,6,0,1,13,14,251,1,23,-202,36,Austin
2022,4,19,51,2,10,11,59,10,3,12,80,92,27,1,7,4,35,5,3,8,44,52,21,1,3,7,19,4,0,4,30,34,0,0,0,0,1,0,0,0,1,1,3,0,0,0,4,1,0,0,5,5,220,2,13,-201,37,Austin
2023,4,19,48,4,3,18,60,23,5,7,101,108,28,4,1,11,32,11,2,5,54,59,16,0,2,7,28,11,3,2,46,48,0,0,0,0,0,0,0,0,0,0,4,0,0,0,0,1,0,0,1,1,238,1,8,-200,38,Austin
2024,4,19,55,1,11,10,63,18,5,12,91,103,22,1,4,6,42,10,2,5,58,63,27,0,6,4,18,7,3,6,29,35,1,0,0,0,0,0,0,0,0,0,5,0,1,0,3,1,0,1,4,5,255,1,12,-198,40,Austin
2012,5,19,119,1,10,18,99,7,3,11,124,135,55,0,5,9,60,5,0,5,74,79,58,1,4,7,29,2,2,5,38,43,0,0,0,0,0,0,0,0,0,0,6,0,1,2,10,0,1,1,12,13,405,1,31,-169,69,Austin
2013,5,19,105,2,7,16,99,5,1,9,120,129,60,0,2,8,63,2,1,2,73,75,34,2,3,7,31,2,0,5,40,45,0,0,0,0,0,0,0,0,0,0,11,0,2,1,5,1,0,2,7,9,369,1,31,-168,70,Austin
2014,5,19,99,4,4,21,90,10,2,8,121,129,53,2,4,16,64,5,1,6,85,91,32,2,0,4,21,5,1,2,30,32,0,0,0,0,0,0,0,0,0,0,14,0,0,1,5,0,0,0,6,6,346,0,28,-167,71,Austin
2015,5,19,82,3,7,22,70,6,0,10,98,108,50,2,4,19,46,5,0,6,70,76,24,1,1,3,15,1,0,2,19,21,0,0,0,0,1,0,0,0,1,1,8,0,2,0,8,0,0,2,8,10,292,1,19,-166,72,Austin
2016,5,19,71,2,3,16,61,4,3,5,81,86,44,1,2,12,35,2,1,3,49,52,22,1,1,3,17,1,2,2,21,23,1,0,0,1,0,0,0,0,1,1,4,0,0,0,9,1,0,0,10,10,250,3,20,-171,67,Austin
2017,5,19,77,2,8,15,72,4,3,10,91,101,42,0,3,12,42,2,1,3,56,59,22,1,4,1,22,2,2,5,25,30,1,0,0,0,1,0,0,0,1,1,12,1,1,2,7,0,0,2,9,11,324,2,32,-170,68,Austin
2018,5,19,71,1,8,5,64,2,1,9,71,80,39,0,4,4,41,1,0,4,46,50,24,1,4,1,20,1,1,5,22,27,0,0,0,0,1,0,0,0,1,1,8,0,0,0,2,0,0,0,2,2,251,1,24,-169,69,Austin
2019,5,19,83,7,11,6,81,8,0,18,95,113,49,1,6,3,49,6,0,7,58,65,30,6,4,3,19,1,0,10,23,33,0,0,0,0,0,0,0,0,0,0,4,0,1,0,13,1,0,1,14,15,285,0,26,-168,70,Austin
2020,5,19,80,2,4,13,80,11,3,6,104,110,45,1,4,6,58,6,0,5,70,75,28,1,0,5,15,4,2,1,24,25,2,0,0,0,0,0,0,0,0,0,5,0,0,2,7,1,1,0,10,10,304,3,24,-166,72,Austin
2021,5,19,54,3,6,18,64,6,6,9,88,97,30,2,4,11,36,1,5,6,48,54,16,1,0,5,21,1,1,1,27,28,0,0,0,0,0,1,0,0,1,1,8,0,2,2,7,3,0,2,12,14,236,2,27,-172,66,Austin
2022,5,19,49,1,3,6,59,11,4,4,76,80,26,1,3,2,40,8,3,4,50,54,21,0,0,4,17,2,1,0,23,23,0,0,0,0,1,0,0,0,1,1,2,0,0,0,1,1,0,0,2,2,226,2,6,-171,67,Austin
2023,5,19,47,2,7,13,57,26,3,9,96,105,25,2,3,2,31,17,2,5,50,55,18,0,3,11,23,7,1,3,41,44,0,0,1,0,0,0,0,1,0,1,4,0,0,0,3,2,0,0,5,5,229,1,16,-170,68,Austin
2024,5,19,49,3,11,11,45,22,3,14,78,92,20,1,5,1,29,14,1,6,44,50,21,2,6,8,14,5,2,8,27,35,1,0,0,0,0,0,0,0,0,0,7,0,0,2,2,3,0,0,7,7,215,1,19,-168,70,Austin
2012,6,19,85,2,3,19,87,8,0,5,114,119,54,1,2,16,62,5,0,3,83,86,22,1,1,2,19,3,0,2,24,26,0,0,0,0,0,0,0,0,0,0,9,0,0,1,6,0,0,0,7,7,321,0,30,-138,100,Austin
2013,6,19,98,2,2,18,102,4,0,4,124,128,56,1,2,17,64,3,0,3,84,87,31,1,0,0,28,0,0,1,28,29,1,0,0,0,0,0,0,0,0,0,10,0,0,1,10,1,0,0,12,12,350,1,34,-137,101,Austin
2014,6,19,83,3,5,18,66,6,3,8,90,98,54,2,1,13,51,2,2,3,66,69,16,1,3,3,11,3,1,4,17,21,1,0,0,0,0,0,0,0,0,0,12,0,1,2,4,1,0,1,7,8,308,2,31,-136,102,Austin
2015,6,19,86,2,2,7,95,6,2,4,108,112,50,1,0,6,61,2,0,1,69,70,26,1,2,0,25,2,2,3,27,30,1,0,0,0,0,0,0,0,0,0,9,0,0,1,9,2,0,0,12,12,312,2,30,-135,103,Austin
2016,6,19,91,2,6,11,60,10,2,8,81,89,47,0,4,4,39,5,0,4,48,52,35,2,1,7,15,5,0,3,27,30,0,0,0,0,1,0,0,0,1,1,9,0,1,0,5,0,2,1,5,6,270,1,29,-140,98,Austin
2017,6,19,89,2,6,15,74,3,0,8,92,100,51,1,2,11,51,2,0,3,64,67,27,0,3,3,14,1,0,3,18,21,0,0,0,0,0,0,0,0,0,0,11,1,1,1,9,0,0,2,10,12,336,0,34,-139,99,Austin
2018,6,19,66,2,5,17,66,4,0,7,87,94,35,1,2,12,43,3,0,3,58,61,18,0,3,3,19,0,0,3,22,25,0,0,0,0,0,0,0,0,0,0,13,1,0,2,4,1,0,1,7,8,246,1,26,-138,100,Austin
2019,6,19,67,2,3,9,77,8,2,5,94,99,36,1,1,8,54,5,1,2,67,69,20,0,2,1,18,2,1,2,21,23,0,0,0,0,1,0,0,0,1,1,11,1,0,0,4,1,0,1,5,6,271,2,22,-137,101,Austin
2020,6,19,61,3,8,17,77,10,1,11,104,115,38,1,5,10,50,5,0,6,65,71,18,2,2,5,20,5,1,4,30,34,0,0,0,0,0,0,0,0,0,0,5,0,1,2,7,0,0,1,9,10,277,0,26,-135,103,Austin
2021,6,19,76,1,9,15,47,13,5,10,75,85,39,0,5,9,31,7,3,5,47,52,27,1,3,4,14,4,2,4,22,26,0,0,0,0,0,0,0,0,0,0,10,0,1,2,2,2,0,1,6,7,253,0,21,-141,97,Austin
2022,6,19,55,6,12,7,68,13,6,18,88,106,32,4,7,6,31,10,0,11,47,58,20,1,4,1,36,2,6,5,39,44,0,0,0,0,0,0,0,0,0,0,3,1,1,0,1,1,0,2,2,4,258,1,16,-140,98,Austin
2023,6,19,62,3,5,16,54,19,2,8,89,97,34,1,3,4,38,16,2,4,58,62,23,2,1,11,15,1,0,3,27,30,2,0,1,0,0,1,0,1,1,2,3,0,0,1,1,1,0,0,3,3,241,4,11,-139,99,Austin
2024,6,19,58,2,3,5,42,17,1,5,64,69,32,1,1,2,25,15,0,2,42,44,19,1,1,3,13,0,1,2,16,18,1,0,1,0,0,1,0,1,1,2,6,0,0,0,4,1,0,0,5,5,185,3,12,-137,101,Austin
2012,7,19,98,2,5,29,92,0,0,7,121,128,51,2,3,21,65,0,0,5,86,91,34,0,2,6,19,0,0,2,25,27,1,0,0,1,1,0,0,0,2,2,12,0,0,1,7,0,0,0,8,8,350,3,30,-108,130,Austin
2013,7,19,94,0,5,12,103,4,1,5,119,124,51,0,1,6,65,2,1,1,73,74,30,0,3,4,26,1,0,3,31,34,1,0,0,0,0,0,0,0,0,0,12,0,1,2,12,1,0,1,15,16,368,2,39,-107,131,Austin
2014,7,19,111,2,9,13,95,6,1,11,114,125,44,2,2,8,58,4,0,4,70,74,51,0,6,4,27,1,1,6,32,38,1,0,0,0,0,0,0,0,0,0,15,0,1,1,10,1,0,1,12,13,331,1,33,-106,132,Austin
2015,7,19,76,5,4,14,61,4,0,9,79,88,36,3,3,7,39,4,0,6,50,56,27,1,1,6,19,0,0,2,25,27,0,0,0,1,0,0,0,0,1,1,13,1,0,0,3,0,0,1,3,4,299,2,28,-105,133,Austin
2016,7,19,81,2,2,8,64,5,1,4,77,81,42,0,1,7,47,3,1,1,57,58,28,2,0,1,10,1,0,2,12,14,0,0,0,0,0,0,0,0,0,0,11,0,1,0,7,1,0,1,8,9,269,0,31,-110,128,Austin
2017,7,19,92,1,5,9,55,7,1,6,71,77,50,1,3,6,42,6,1,4,54,58,31,0,1,2,12,1,0,1,15,16,0,0,0,0,0,0,0,0,0,0,11,0,1,1,1,0,0,1,2,3,274,0,24,-109,129,Austin
2018,7,19,75,2,6,13,88,11,1,8,112,120,41,2,4,7,68,8,0,6,83,89,20,0,1,6,13,2,1,1,21,22,1,0,0,0,0,0,0,0,0,0,13,0,1,0,7,1,0,1,8,9,303,2,40,-108,130,Austin
2019,7,19,72,4,4,21,104,15,0,8,140,148,41,1,1,13,72,7,0,2,92,94,22,3,2,6,21,6,0,5,33,38,1,0,0,0,3,1,0,0,4,4,8,0,1,2,8,1,0,1,11,12,336,5,27,-107,131,Austin
2020,7,19,66,4,4,13,66,10,0,8,89,97,30,1,1,8,35,6,0,2,49,51,27,2,3,3,24,3,0,5,30,35,1,0,0,0,0,0,0,0,0,0,8,1,0,2,7,1,0,1,10,11,242,1,27,-105,133,Austin
2021,7,19,60,4,8,18,56,16,3,12,90,102,32,4,5,14,42,10,0,9,66,75,20,0,3,2,10,5,3,3,17,20,0,0,0,0,0,0,0,0,0,0,8,0,0,2,4,1,0,0,7,7,254,0,18,-111,127,Austin
2022,7,19,64,3,5,9,65,17,2,8,91,99,31,2,1,4,42,11,2,3,57,60,25,1,2,4,17,4,0,3,25,28,1,0,0,1,1,0,0,0,2,2,7,0,2,0,5,2,0,2,7,9,254,3,21,-110,128,Austin
2023,7,19,60,7,4,15,45,27,3,11,87,98,29,5,2,8,26,17,2,7,51,58,24,2,2,5,17,7,0,4,29,33,0,0,0,0,0,0,0,0,0,0,7,0,0,2,2,3,1,0,7,7,253,1,29,-109,129,Austin
2024,7,19,52,3,6,9,52,15,3,9,76,85,25,2,2,5,33,10,1,4,48,52,16,1,4,3,12,3,2,5,18,23,3,0,0,0,0,0,0,0,0,0,8,0,0,1,7,2,0,0,10,10,242,4,27,-107,131,Austin
2012,8,19,107,3,6,17,136,9,1,9,162,171,62,2,1,6,74,6,1,3,86,89,32,1,5,9,42,3,0,6,54,60,0,0,0,0,1,0,0,0,1,1,13,0,0,2,19,0,0,0,21,21,409,3,42,-77,161,Austin
2013,8,19,87,1,6,15,103,3,1,7,121,128,50,1,3,12,58,1,0,4,71,75,29,0,3,3,36,1,1,3,40,43,1,0,0,0,0,0,0,0,0,0,7,0,0,0,9,1,0,0,10,10,322,1,26,-76,162,Austin
2014,8,19,88,4,2,20,88,4,0,6,112,118,45,2,1,12,52,3,0,3,67,70,36,2,1,4,24,1,0,3,29,32,2,0,0,0,0,0,0,0,0,0,5,0,0,4,12,0,0,0,16,16,318,2,27,-75,163,Austin
2015,8,19,77,3,4,10,89,4,1,7,103,110,46,2,1,7,57,3,0,3,67,70,26,1,3,2,22,1,1,4,25,29,0,0,0,0,1,0,0,0,1,1,5,0,0,1,9,0,0,0,10,10,317,3,23,-74,164,Austin
2016,8,19,69,2,1,14,72,5,1,3,91,94,32,0,0,9,54,5,1,0,68,68,26,2,1,4,15,0,0,3,19,22,2,0,0,0,1,0,0,0,1,1,9,0,0,1,2,0,0,0,3,3,286,5,17,-79,159,Austin
2017,8,19,78,3,10,18,60,6,0,13,84,97,32,1,3,11,44,4,0,4,59,63,38,2,6,5,15,2,0,8,22,30,1,0,0,0,0,0,0,0,0,0,7,0,1,2,1,0,0,1,3,4,268,2,17,-78,160,Austin
2018,8,19,70,4,5,4,70,10,2,9,84,93,41,1,1,1,42,6,0,2,49,51,24,3,4,2,26,4,2,7,32,39,0,0,0,1,1,0,0,0,2,2,5,0,0,0,1,0,0,0,1,1,252,2,14,-77,161,Austin
2019,8,19,59,1,9,17,68,10,2,10,95,105,33,0,4,11,47,3,0,4,61,65,23,1,4,3,17,6,2,5,26,31,0,0,0,1,2,0,0,0,3,3,3,0,1,2,2,1,0,1,5,6,265,4,16,-76,162,Austin
2020,8,19,58,1,1,25,92,12,0,2,129,131,36,0,1,14,67,7,0,1,88,89,17,1,0,9,20,5,0,1,34,35,0,0,0,1,1,0,0,0,2,2,5,0,0,1,4,0,0,0,5,5,275,3,14,-74,164,Austin
2021,8,19,56,4,10,10,50,15,3,14,75,89,35,1,6,4,38,10,3,7,52,59,17,2,2,5,10,3,0,4,18,22,0,0,0,1,0,1,0,0,2,2,4,1,2,0,2,1,0,3,3,6,232,3,11,-80,158,Austin
2022,8,19,49,0,6,7,71,11,3,6,89,95,25,0,0,4,49,6,1,0,59,59,20,0,4,3,19,3,2,4,25,29,1,0,0,0,0,2,0,0,2,2,3,0,2,0,3,0,0,2,3,5,242,3,15,-79,159,Austin
2023,8,19,61,0,13,16,74,15,2,13,105,118,32,0,6,4,37,9,1,6,50,56,25,0,7,12,36,5,0,7,53,60,0,0,0,0,0,0,0,0,0,0,4,0,0,0,1,1,1,0,2,2,267,2,18,-78,160,Austin
2024,8,19,72,1,5,17,51,19,3,6,87,93,38,0,1,9,24,8,1,1,41,42,31,0,1,6,19,10,2,1,35,36,1,0,0,1,2,0,0,0,3,3,2,1,3,1,6,1,0,4,8,12,270,4,19,-76,162,Austin
2012,9,19,78,5,3,22,96,8,2,8,126,134,40,2,2,13,54,4,1,4,71,75,28,3,1,7,34,3,1,4,44,48,1,0,0,0,0,0,0,0,0,0,9,0,0,2,8,1,0,0,11,11,340,5,29,-46,192,Austin
2013,9,19,79,7,3,18,74,7,0,10,99,109,29,3,3,12,42,6,0,6,60,66,40,3,0,5,25,1,0,3,31,34,4,0,0,0,1,0,0,0,1,1,6,1,0,1,6,0,0,1,7,8,303,7,22,-45,193,Austin
2014,9,19,86,1,5,24,76,7,0,6,107,113,44,0,3,18,44,5,0,3,67,70,36,0,2,5,25,2,0,2,32,34,0,0,0,0,1,0,0,0,1,1,6,1,0,1,6,0,0,1,7,8,342,2,23,-44,194,Austin
2015,9,19,92,2,2,21,72,6,1,4,99,103,42,1,0,14,45,2,0,1,61,62,43,1,2,5,21,4,0,3,30,33,1,0,0,1,0,0,1,0,1,1,6,0,0,1,6,0,0,0,7,7,295,4,19,-43,195,Austin
2016,9,19,55,4,6,14,78,9,1,10,101,111,31,1,4,7,49,4,0,5,60,65,21,2,2,5,25,4,1,4,34,38,0,0,0,1,1,1,0,0,3,3,3,1,0,1,3,0,0,1,4,5,284,3,20,-48,190,Austin
2017,9,19,62,1,3,9,64,2,1,4,75,79,24,1,0,7,37,0,0,1,44,45,32,0,2,2,21,2,1,2,25,27,1,0,0,0,0,0,0,0,0,0,5,0,1,0,6,0,0,1,6,7,243,2,17,-47,191,Austin
2018,9,19,77,3,3,17,75,7,1,6,99,105,40,1,2,5,39,3,1,3,47,50,30,2,1,11,29,4,0,3,44,47,1,0,0,1,2,0,0,0,3,3,6,0,0,0,5,0,0,0,5,5,267,4,14,-46,192,Austin
2019,9,19,62,3,7,8,80,11,2,10,99,109,29,2,4,6,47,4,2,6,57,63,29,0,3,2,28,6,0,3,36,39,0,1,0,0,2,0,0,1,2,3,4,0,0,0,3,1,0,0,4,4,278,4,16,-45,193,Austin
2020,9,19,77,1,10,12,86,15,2,11,113,124,35,0,5,6,43,8,1,5,57,62,36,0,4,5,34,7,1,4,46,50,1,1,0,0,3,0,0,1,3,4,5,0,1,1,6,0,0,1,7,8,279,5,20,-43,195,Austin
2021,9,19,60,3,9,15,54,10,2,12,79,91,24,0,4,9,28,6,1,4,43,47,30,3,5,5,24,3,1,8,32,40,0,0,0,0,1,0,0,0,1,1,6,0,0,1,1,1,0,0,3,3,239,2,12,-49,189,Austin
2022,9,19,50,7,5,13,56,10,4,12,79,91,25,3,2,7,32,5,0,5,44,49,18,4,3,5,19,5,4,7,29,36,2,0,0,0,3,0,0,0,3,3,5,0,0,1,2,0,0,0,3,3,242,5,11,-48,190,Austin
2023,9,19,48,2,3,13,35,18,6,5,66,71,25,1,1,4,15,10,3,2,29,31,19,1,2,9,19,7,1,3,35,38,1,0,0,0,0,0,0,0,0,0,3,0,0,0,1,1,2,0,2,2,210,2,12,-47,191,Austin
2024,9,19,55,1,7,12,41,19,4,8,72,80,32,0,4,7,26,11,2,4,44,48,22,1,2,5,13,7,2,3,25,28,1,0,0,0,1,0,0,0,1,1,0,0,1,0,1,1,0,1,2,3,226,2,10,-45,193,Austin
2012,10,19,84,1,3,22,101,8,1,4,131,135,35,0,1,15,57,3,0,1,75,76,46,1,2,5,37,3,1,3,45,48,0,0,0,1,0,1,0,0,2,2,3,0,0,1,7,1,0,0,9,9,352,2,24,-16,222,Austin
2013,10,19,91,3,4,11,81,7,1,7,99,106,33,1,1,9,42,2,0,2,53,55,49,2,3,2,32,4,1,5,38,43,1,0,0,0,0,0,0,0,0,0,8,0,0,0,7,1,0,0,8,8,308,1,19,-15,223,Austin
2014,10,19,85,2,2,7,71,4,4,4,82,86,28,0,2,4,23,1,1,2,28,30,47,2,0,3,36,3,2,2,42,44,0,0,0,0,0,0,0,0,0,0,10,0,0,0,12,0,1,0,12,12,276,2,33,-14,224,Austin
2015,10,19,86,2,2,14,83,6,1,4,103,107,33,1,1,9,48,4,0,2,61,63,41,1,1,3,28,1,1,2,32,34,0,0,0,0,2,0,0,0,2,2,12,0,0,2,5,1,0,0,8,8,285,3,24,-13,225,Austin
2016,10,19,77,3,1,13,69,3,1,4,85,89,31,0,0,7,44,1,0,0,52,52,36,3,1,6,21,2,1,4,29,33,2,0,0,0,1,0,0,0,1,1,8,0,0,0,3,0,0,0,3,3,273,3,17,-18,220,Austin
2017,10,19,77,1,7,13,65,3,1,8,81,89,32,0,2,7,38,0,0,2,45,47,38,1,5,4,20,2,1,6,26,32,0,0,0,0,0,0,0,0,0,0,7,0,0,2,7,1,0,0,10,10,261,0,21,-17,221,Austin
2018,10,19,62,2,3,13,88,2,1,5,103,108,26,2,0,4,48,1,1,2,53,55,30,0,3,6,26,1,0,3,33,36,0,0,0,1,0,0,0,0,1,1,6,0,0,2,14,0,0,0,16,16,286,1,35,-16,222,Austin
2019,10,19,67,1,6,14,75,9,1,7,98,105,29,1,2,4,38,1,1,3,43,46,33,0,3,7,32,6,0,3,45,48,0,0,0,0,0,1,0,0,1,1,5,0,1,3,5,1,0,1,9,10,268,2,22,-15,223,Austin
2020,10,19,68,4,6,15,54,8,2,10,77,87,34,2,4,9,30,5,2,6,44,50,25,2,2,5,14,3,0,4,22,26,0,0,0,1,2,0,0,0,3,3,9,0,0,0,8,0,0,0,8,8,233,3,20,-13,225,Austin
2021,10,19,44,2,5,18,80,13,6,7,111,118,26,2,3,8,48,9,2,5,65,70,15,0,2,8,26,2,4,2,36,38,0,0,0,1,0,0,0,0,1,1,3,0,0,1,6,2,0,0,9,9,245,1,15,-19,219,Austin
2022,10,19,39,2,6,10,54,9,1,8,73,81,15,0,3,2,33,5,1,3,40,43,17,2,3,7,16,4,0,5,27,32,0,0,0,0,0,0,0,0,0,0,7,0,0,1,5,0,0,0,6,6,198,3,19,-18,220,Austin
2023,10,19,55,0,6,11,58,14,3,6,83,89,20,0,2,4,31,8,2,2,43,45,24,0,3,7,23,5,1,3,35,38,1,0,0,0,1,1,0,0,2,2,10,0,1,0,3,0,0,1,3,4,237,4,19,-17,221,Austin
2024,10,19,48,2,4,14,49,18,1,6,81,87,20,2,1,7,17,7,0,3,31,34,27,0,3,6,25,8,1,3,39,42,0,0,0,1,0,2,0,0,3,3,1,0,0,0,7,1,0,0,8,8,228,4,12,-15,223,Austin
2012,11,19,98,5,4,23,89,7,0,9,119,128,30,1,1,12,47,2,0,2,61,63,61,3,2,8,36,5,0,5,49,54,1,0,0,1,1,0,0,0,2,2,6,1,1,2,5,0,0,2,7,9,346,4,22,15,253,Austin
2013,11,19,87,0,2,15,69,2,0,2,86,88,31,0,1,4,27,1,0,1,32,33,49,0,1,5,37,0,0,1,42,43,1,0,0,0,0,0,0,0,0,0,6,0,0,6,5,1,0,0,12,12,292,1,28,16,254,Austin
2014,11,19,75,5,6,26,77,7,2,11,110,121,23,1,1,11,36,4,0,2,51,53,42,4,4,13,36,2,1,8,51,59,4,0,0,1,1,1,0,0,3,3,6,0,1,1,4,0,1,1,5,6,307,7,23,17,255,Austin
2015,11,19,60,2,5,11,76,7,1,7,94,101,25,0,3,5,45,2,0,3,52,55,33,2,2,3,25,5,1,4,33,37,0,0,0,0,1,0,0,0,1,1,2,0,0,3,5,0,0,0,8,8,260,1,15,18,256,Austin
2016,11,19,66,1,7,13,61,5,2,8,79,87,23,0,2,6,34,0,0,2,40,42,41,1,4,6,24,4,2,5,34,39,0,0,0,0,0,0,0,0,0,0,2,0,1,1,3,1,0,1,5,6,258,0,15,13,251,Austin
2017,11,19,70,1,3,16,42,4,1,4,62,66,34,0,1,5,20,1,0,1,26,27,33,1,1,10,18,3,0,2,31,33,1,0,0,0,0,0,0,0,0,0,2,0,1,1,4,0,1,1,5,6,233,2,19,14,252,Austin
2018,11,19,64,4,6,14,87,7,3,10,108,118,25,1,2,5,39,1,0,3,45,48,36,2,4,8,38,4,3,6,50,56,0,0,0,0,2,0,0,0,2,2,3,1,0,1,8,2,0,1,11,12,259,2,20,15,253,Austin
2019,11,19,70,2,7,16,78,11,3,9,105,114,33,0,4,7,38,5,2,4,50,54,31,2,3,7,34,5,1,5,46,51,0,0,0,0,0,0,0,0,0,0,6,0,0,2,6,1,0,0,9,9,298,1,22,16,254,Austin
2020,11,19,57,0,5,14,72,14,3,5,100,105,24,0,1,6,44,4,0,1,54,55,26,0,3,6,23,9,3,3,38,41,1,0,0,1,1,0,0,0,2,2,6,0,1,1,4,1,0,1,6,7,247,3,17,18,256,Austin
2021,11,19,55,2,9,9,68,16,3,11,93,104,17,0,3,4,32,6,2,3,42,45,34,2,6,5,26,10,1,8,41,49,1,0,0,0,3,0,0,0,3,3,3,0,0,0,7,0,0,0,7,7,263,4,20,12,250,Austin
2022,11,19,54,3,11,18,55,12,3,14,85,99,19,1,4,5,21,3,0,5,29,34,32,1,6,13,30,8,3,7,51,58,0,0,0,0,0,0,0,0,0,0,3,1,1,0,4,1,0,2,5,7,228,1,16,13,251,Austin
2023,11,19,64,7,3,13,51,33,2,10,97,107,19,3,0,3,23,17,1,3,43,46,35,4,3,9,22,13,1,7,44,51,2,0,0,1,0,0,0,0,1,1,8,0,0,0,6,3,0,0,9,9,245,5,19,14,252,Austin
2024,11,19,48,1,2,7,53,8,3,3,68,71,15,1,1,4,26,6,3,2,36,38,29,0,1,3,23,1,0,1,27,28,0,0,0,0,1,0,0,0,1,1,4,0,0,0,3,1,0,0,4,4,202,2,9,16,254,Austin
2012,12,19,103,6,5,27,106,2,5,11,135,146,42,2,1,17,50,1,1,3,68,71,49,3,4,6,41,1,3,7,48,55,1,0,0,1,0,0,0,0,1,1,11,1,0,3,15,0,1,1,18,19,372,3,39,45,283,Austin
2013,12,19,71,6,5,13,96,8,3,11,117,128,22,2,1,6,48,6,1,3,60,63,37,3,3,7,40,2,2,6,49,55,1,0,0,0,1,0,0,0,1,1,11,1,1,0,7,0,0,2,7,9,328,3,35,46,284,Austin
2014,12,19,63,3,8,14,83,12,2,11,109,120,24,1,3,9,46,5,0,4,60,64,29,2,4,4,23,7,1,6,34,40,1,0,0,0,4,0,0,0,4,4,9,0,1,1,10,0,1,1,11,12,304,5,30,47,285,Austin
2015,12,19,54,4,6,11,93,5,2,10,109,119,15,2,2,7,45,2,0,4,54,58,38,2,3,4,37,3,2,5,44,49,0,0,0,0,0,0,0,0,0,0,1,0,1,0,11,0,0,1,11,12,287,1,18,48,286,Austin
2016,12,19,66,3,5,9,72,4,2,8,85,93,23,1,0,4,35,1,0,1,40,41,34,2,5,2,27,2,1,7,31,38,0,0,0,0,1,0,0,0,1,1,9,0,0,3,9,1,1,0,13,13,250,1,26,43,281,Austin
2017,12,19,73,2,2,15,90,6,1,4,111,115,28,1,0,7,49,4,0,1,60,61,38,1,2,8,27,2,1,3,37,40,1,0,0,0,2,0,0,0,2,2,6,0,0,0,12,0,0,0,12,12,280,4,25,44,282,Austin
2018,12,19,60,3,4,15,94,7,1,7,116,123,22,1,0,8,40,3,0,1,51,52,36,1,3,4,43,2,1,4,49,53,0,0,0,0,0,1,0,0,1,1,2,1,1,3,11,1,0,2,15,17,263,2,25,45,283,Austin
2019,12,19,62,0,6,11,77,8,7,6,96,102,23,0,2,4,34,3,3,2,41,43,32,0,4,6,31,3,3,4,40,44,0,0,0,1,1,0,0,0,2,2,7,0,0,0,11,2,1,0,13,13,257,3,26,46,284,Austin
2020,12,19,49,4,3,16,76,10,5,7,102,109,25,1,1,7,33,2,1,2,42,44,23,2,2,8,38,7,4,4,53,57,0,0,0,0,0,0,0,0,0,0,1,1,0,1,5,1,0,1,7,8,245,2,13,48,286,Austin
2021,12,19,53,1,3,7,51,12,2,4,70,74,23,0,3,3,24,6,0,3,33,36,25,1,0,4,25,5,2,1,34,35,1,0,0,0,0,0,0,0,0,0,4,0,0,0,2,1,0,0,3,3,199,2,12,42,280,Austin
2022,12,19,43,0,4,11,73,17,2,4,101,105,15,0,1,4,38,13,0,1,55,56,19,0,3,5,25,3,2,3,33,36,2,0,0,1,0,1,0,0,2,2,7,0,0,1,10,0,0,0,11,11,236,4,24,43,281,Austin
2023,12,19,54,4,0,9,42,15,1,4,66,70,23,0,0,2,18,2,0,0,22,22,28,2,0,6,19,12,1,2,37,39,0,0,0,0,0,0,0,0,0,0,3,2,0,1,5,1,0,2,7,9,190,2,20,44,282,Austin
2024,12,19,53,1,6,11,48,12,3,7,71,78,21,0,4,3,22,8,1,4,33,37,29,0,2,8,22,4,2,2,34,36,0,0,0,0,1,0,0,0,1,1,3,1,0,0,3,0,0,1,3,4,218,2,14,46,284,Austin
2012,1,20,108,1,4,15,116,1,2,5,132,137,39,0,4,11,55,0,1,4,66,70,55,1,0,3,47,1,1,1,51,52,0,0,0,0,1,0,0,0,1,1,14,0,0,1,13,0,0,0,14,14,389,1,35,-289,-51,Austin
2013,1,20,74,5,8,11,96,5,0,13,112,125,27,0,0,4,42,2,0,0,48,48,43,5,6,7,44,3,0,11,54,65,0,0,0,0,0,0,0,0,0,0,4,0,2,0,10,0,0,2,10,12,318,0,27,-287,-49,Austin
2014,1,20,94,1,5,13,95,0,0,6,108,114,46,0,2,4,51,0,0,2,55,57,37,1,3,8,34,0,0,4,42,46,0,0,0,0,0,0,0,0,0,0,11,0,0,1,10,0,0,0,11,11,298,0,33,-286,-48,Austin
2015,1,20,91,1,3,14,85,3,1,4,102,106,33,0,0,9,45,1,0,0,55,55,48,1,3,5,26,2,1,4,33,37,2,0,0,0,0,0,0,0,0,0,8,0,0,0,14,0,0,0,14,14,319,3,28,-285,-47,Austin
2016,1,20,78,4,6,20,82,2,0,10,104,114,29,0,3,14,46,2,0,3,62,65,40,4,3,4,30,0,0,7,34,41,0,0,0,0,0,0,0,0,0,0,9,0,0,2,6,0,0,0,8,8,324,1,28,-291,-53,Austin
2017,1,20,112,0,8,13,73,6,1,8,92,100,33,0,1,10,34,2,0,1,46,47,64,0,4,2,34,4,1,4,40,44,2,0,0,0,0,0,0,0,0,0,13,0,3,1,5,0,0,3,6,9,331,2,33,-289,-51,Austin
2018,1,20,81,2,5,7,65,5,1,7,77,84,30,0,2,5,32,2,1,2,39,41,45,2,3,2,26,3,0,5,31,36,0,0,0,0,0,0,0,0,0,0,6,0,0,0,7,0,0,0,7,7,252,0,19,-288,-50,Austin
2019,1,20,69,3,3,9,81,4,2,6,94,100,25,0,1,6,29,3,0,1,38,39,37,3,2,3,41,1,2,5,45,50,1,0,0,0,1,0,0,0,1,1,6,0,0,0,10,0,0,0,10,10,255,2,20,-287,-49,Austin
2020,1,20,49,3,4,12,89,3,2,7,104,111,17,1,1,3,40,2,0,2,45,47,23,1,2,8,37,1,2,3,46,49,1,0,0,0,0,0,0,0,0,0,8,1,1,1,12,0,0,2,13,15,263,1,27,-286,-48,Austin
2021,1,20,55,4,6,13,78,9,0,10,100,110,29,0,2,6,41,4,0,2,51,53,17,3,4,5,31,4,0,7,40,47,0,0,0,0,0,0,0,0,0,0,9,1,0,2,6,1,0,1,9,10,272,1,25,-291,-53,Austin
2022,1,20,52,1,4,15,58,19,5,5,92,97,26,1,1,3,30,6,0,2,39,41,16,0,3,11,22,11,5,3,44,47,1,0,0,0,1,0,0,0,1,1,9,0,0,1,5,2,0,0,8,8,237,2,20,-290,-52,Austin
2023,1,20,64,1,4,16,61,8,5,5,85,90,27,1,3,3,24,2,0,4,29,33,32,0,1,11,31,3,5,1,45,46,0,0,0,0,1,1,0,0,2,2,5,0,0,2,5,2,0,0,9,9,244,3,28,-289,-51,Austin
2024,1,20,59,3,6,7,58,25,5,9,90,99,27,1,3,4,22,17,2,4,43,47,26,1,3,1,31,6,3,4,38,42,0,0,0,0,0,0,0,0,0,0,6,1,0,2,5,2,0,1,9,10,237,0,23,-288,-50,Austin
2012,2,20,88,1,3,18,103,8,1,4,129,133,51,0,2,10,45,3,1,2,58,60,35,1,0,6,42,4,0,1,52,53,0,0,0,0,1,0,0,0,1,1,2,0,1,2,15,1,0,1,18,19,318,1,26,-258,-20,Austin
2013,2,20,89,1,4,21,92,8,1,5,121,126,34,1,2,15,48,5,1,3,68,71,46,0,2,6,37,2,0,2,45,47,1,0,0,0,0,1,0,0,1,1,8,0,0,0,7,0,0,0,7,7,324,2,21,-256,-18,Austin
2014,2,20,81,3,2,15,67,7,2,5,89,94,38,2,2,6,37,3,0,4,46,50,37,1,0,8,24,4,2,1,36,37,1,0,0,1,0,0,0,0,1,1,5,0,0,0,6,0,0,0,6,6,283,3,19,-255,-17,Austin
2015,2,20,82,1,4,19,76,10,3,5,105,110,32,1,0,14,49,1,1,1,64,65,42,0,4,5,21,8,2,4,34,38,2,0,0,0,0,0,0,0,0,0,6,0,0,0,6,1,0,0,7,7,345,2,20,-254,-16,Austin
2016,2,20,98,1,3,10,75,5,2,4,90,94,27,0,1,5,45,3,0,1,53,54,59,1,2,5,25,2,2,3,32,35,1,0,0,0,1,0,0,0,1,1,11,0,0,0,4,0,0,0,4,4,302,2,20,-260,-22,Austin
2017,2,20,74,0,6,6,64,13,2,6,83,89,33,0,4,3,33,6,1,4,42,46,35,0,2,2,26,6,0,2,34,36,0,0,0,0,1,0,0,0,1,1,6,0,0,1,4,1,1,0,6,6,250,1,22,-258,-20,Austin
2018,2,20,63,6,5,11,55,9,1,11,75,86,23,2,2,9,34,4,1,4,47,51,31,4,2,1,17,4,0,6,22,28,0,0,0,0,0,0,0,0,0,0,9,0,1,1,4,1,0,1,6,7,261,0,23,-257,-19,Austin
2019,2,20,56,2,6,11,70,10,0,8,91,99,30,0,5,7,43,3,0,5,53,58,22,2,1,4,23,6,0,3,33,36,1,0,0,0,1,0,0,0,1,1,3,0,0,0,3,1,0,0,4,4,257,4,13,-256,-18,Austin
2020,2,20,74,1,1,8,66,9,4,2,83,85,23,1,0,2,43,4,3,1,49,50,39,0,1,3,12,5,1,1,20,21,1,0,0,0,2,0,0,0,2,2,11,0,0,3,9,0,0,0,12,12,272,5,31,-255,-17,Austin
2021,2,20,54,1,5,20,64,10,0,6,94,100,24,1,4,14,32,6,0,5,52,57,26,0,1,6,26,3,0,1,35,36,0,0,0,0,0,0,0,0,0,0,4,0,0,0,6,1,0,0,7,7,249,0,16,-260,-22,Austin
2022,2,20,82,3,10,14,80,13,3,13,107,120,34,0,4,8,43,8,0,4,59,63,41,3,4,6,35,5,2,7,46,53,0,0,0,0,0,0,0,0,0,0,7,0,2,0,2,0,1,2,2,4,285,0,19,-259,-21,Austin
2023,2,20,50,6,7,14,59,19,1,13,92,105,13,1,6,6,27,8,1,7,41,48,31,5,1,7,27,10,0,6,44,50,2,0,0,1,0,0,0,0,1,1,4,0,0,0,5,1,0,0,6,6,251,4,14,-258,-20,Austin
2024,2,20,52,3,7,8,51,14,4,10,73,83,20,1,3,3,26,11,1,4,40,44,27,2,4,4,22,3,1,6,29,35,0,0,0,0,1,0,0,0,1,1,5,0,0,1,2,0,2,0,3,3,218,1,14,-257,-19,Austin
2012,3,20,86,0,2,22,96,9,1,2,127,129,42,0,1,12,54,5,0,1,71,72,32,0,1,10,26,3,1,1,39,40,1,0,0,0,1,0,0,0,1,1,11,0,0,0,15,1,0,0,16,16,318,2,37,-229,9,Austin
2013,3,20,82,2,4,34,79,2,1,6,115,121,51,1,1,21,54,1,1,2,76,78,30,0,3,11,20,1,0,3,32,35,1,0,0,1,0,0,0,0,1,1,0,1,0,1,5,0,0,1,6,7,322,4,16,-228,10,Austin
2014,3,20,82,0,5,19,70,4,0,5,93,98,41,0,4,12,39,3,0,4,54,58,35,0,1,5,26,0,0,1,31,32,2,0,0,2,0,0,0,0,2,2,4,0,0,0,5,1,0,0,6,6,300,5,16,-227,11,Austin
2015,3,20,65,2,2,14,96,2,3,4,112,116,31,1,0,7,56,1,0,1,64,65,25,0,2,5,28,0,3,2,33,35,1,0,0,0,1,0,0,0,1,1,8,1,0,2,11,1,0,1,14,15,308,5,28,-226,12,Austin
2016,3,20,85,3,8,13,90,7,0,11,110,121,32,1,2,5,47,4,0,3,56,59,46,0,6,7,34,3,0,6,44,50,0,0,0,1,1,0,0,0,2,2,7,2,0,0,8,0,0,2,8,10,292,3,21,-231,7,Austin
2017,3,20,91,5,5,18,82,5,3,10,105,115,36,0,2,8,41,3,3,2,52,54,45,5,3,9,27,2,0,8,38,46,0,0,0,0,2,0,0,0,2,2,10,0,0,1,12,0,0,0,13,13,316,2,29,-230,8,Austin
2018,3,20,69,1,6,10,58,5,3,7,73,80,39,0,3,3,34,1,1,3,38,41,24,0,2,7,19,3,2,2,29,31,1,0,0,0,0,0,0,0,0,0,5,1,1,0,5,1,0,2,6,8,220,1,17,-229,9,Austin
2019,3,20,57,2,2,17,71,8,0,4,96,100,25,0,2,11,42,4,0,2,57,59,25,1,0,4,20,3,0,1,27,28,1,0,0,1,0,0,0,0,1,1,6,1,0,1,9,1,0,1,11,12,251,2,26,-228,10,Austin
2020,3,20,71,1,5,8,60,16,1,6,84,90,40,0,1,4,30,6,0,1,40,41,26,0,4,3,24,9,1,4,36,40,1,0,0,0,0,0,0,0,0,0,4,1,0,1,6,1,0,1,8,9,242,2,22,-226,12,Austin
2021,3,20,56,1,5,10,86,11,2,6,107,113,27,0,2,4,46,6,1,2,56,58,24,1,3,2,29,4,1,4,35,39,0,0,0,1,1,0,0,0,2,2,5,0,0,3,10,1,0,0,14,14,265,2,28,-232,6,Austin
2022,3,20,50,3,6,11,97,5,10,9,113,122,23,1,4,6,49,3,0,5,58,63,23,1,2,4,41,1,10,3,46,49,0,0,0,0,0,0,0,0,0,0,4,1,0,1,7,1,0,1,9,10,289,2,24,-231,7,Austin
2023,3,20,55,2,8,18,58,16,7,10,92,102,29,1,4,5,27,8,2,5,40,45,20,1,4,11,27,5,5,5,43,48,0,0,0,2,0,0,0,0,2,2,6,0,0,0,4,3,0,0,7,7,240,2,18,-230,8,Austin
2024,3,20,54,2,7,8,40,24,3,9,72,81,20,2,3,4,25,12,2,5,41,46,29,0,4,3,12,10,1,4,25,29,0,0,0,0,0,0,0,0,0,0,5,0,0,1,3,2,0,0,6,6,242,1,14,-228,10,Austin
2012,4,20,88,2,2,34,93,9,2,4,136,140,55,1,0,24,61,4,2,1,89,90,25,0,0,10,29,3,0,0,42,42,0,0,0,0,0,1,0,0,1,1,8,1,2,0,3,1,0,3,4,7,370,1,26,-198,40,Austin
2013,4,20,103,2,8,23,100,2,0,10,125,135,37,1,6,12,58,1,0,7,71,78,58,1,2,7,36,1,0,3,44,47,1,0,0,1,0,0,0,0,1,1,7,0,0,3,6,0,0,0,9,9,364,5,27,-197,41,Austin
2014,4,20,88,5,5,20,82,5,3,10,107,117,36,1,0,8,44,3,1,1,55,56,43,4,5,10,36,1,2,9,47,56,0,0,0,0,0,0,0,0,0,0,9,0,0,2,2,1,0,0,5,5,321,0,24,-196,42,Austin
2015,4,20,85,3,0,22,75,2,3,3,99,102,48,1,0,18,54,1,1,1,73,74,29,2,0,4,17,1,2,2,22,24,1,0,0,0,0,0,0,0,0,0,7,0,0,0,4,0,0,0,4,4,308,1,17,-195,43,Austin
2016,4,20,89,4,5,10,69,4,1,9,83,92,48,1,3,7,42,3,0,4,52,56,31,3,2,3,21,0,1,5,24,29,0,0,0,0,0,0,0,0,0,0,10,0,0,0,6,1,0,0,7,7,307,0,29,-200,38,Austin
2017,4,20,78,1,4,8,70,5,1,5,83,88,39,1,2,5,54,3,0,3,62,65,29,0,1,2,11,2,0,1,15,16,0,0,0,0,1,0,1,0,1,1,10,0,1,1,4,0,0,1,5,6,293,2,18,-199,39,Austin
2018,4,20,77,3,3,15,81,5,1,6,101,107,36,2,2,6,56,2,1,4,64,68,34,1,1,9,20,3,0,2,32,34,1,0,0,0,0,0,0,0,0,0,6,0,0,0,5,0,0,0,5,5,283,1,18,-198,40,Austin
2019,4,20,60,3,5,12,77,9,4,8,98,106,27,0,3,8,46,6,1,3,60,63,28,3,1,4,26,3,3,4,33,37,0,0,0,0,1,0,0,0,1,1,5,0,1,0,4,0,0,1,4,5,248,1,17,-197,41,Austin
2020,4,20,73,2,9,15,74,13,3,11,102,113,50,1,7,7,46,6,1,8,59,67,14,1,2,7,18,5,2,3,30,33,1,0,0,0,1,0,0,0,1,1,8,0,0,1,9,2,0,0,12,12,282,2,28,-195,43,Austin
2021,4,20,55,3,9,19,59,10,0,12,88,100,36,0,4,11,35,7,0,4,53,57,15,3,2,7,18,3,0,5,28,33,0,0,0,0,0,0,0,0,0,0,4,0,3,1,6,0,0,3,7,10,271,0,19,-201,37,Austin
2022,4,20,46,1,8,12,48,14,4,9,74,83,24,0,6,5,29,10,3,6,44,50,15,1,1,6,16,3,1,2,25,27,0,0,0,0,0,0,0,0,0,0,7,0,1,1,3,1,0,1,5,6,212,1,15,-200,38,Austin
2023,4,20,49,3,4,7,46,18,3,7,71,78,28,1,1,5,22,12,0,2,39,41,19,1,3,2,22,2,2,4,26,30,1,0,0,0,0,0,0,0,0,0,1,1,0,0,2,4,1,1,6,7,208,1,11,-199,39,Austin
2024,4,20,62,2,4,14,69,26,3,6,109,115,35,2,1,7,46,14,2,3,67,70,26,0,2,7,20,10,1,2,37,39,1,0,0,0,0,0,0,0,0,0,0,0,1,0,3,2,0,1,5,6,263,1,13,-197,41,Austin
2012,5,20,114,0,9,11,106,8,1,9,125,134,55,0,5,7,72,6,1,5,85,90,48,0,4,4,26,2,0,4,32,36,1,0,0,0,0,0,0,0,0,0,10,0,0,0,8,0,0,0,8,8,387,2,31,-168,70,Austin
2013,5,20,82,1,7,21,100,7,1,8,128,136,47,0,3,14,65,4,0,3,83,86,22,0,3,7,23,3,1,3,33,36,0,0,0,0,1,0,0,0,1,1,13,1,1,0,11,0,0,2,11,13,368,1,34,-167,71,Austin
2014,5,20,103,1,2,21,76,5,2,3,102,105,64,0,0,18,49,5,2,0,72,72,26,1,2,3,20,0,0,3,23,26,0,0,0,0,2,0,0,0,2,2,13,0,0,0,5,0,0,0,5,5,308,3,21,-166,72,Austin
2015,5,20,78,5,7,10,68,8,0,12,86,98,44,2,3,7,45,5,0,5,57,62,26,3,3,3,22,2,0,6,27,33,0,0,0,0,0,0,0,0,0,0,8,0,1,0,1,1,0,1,2,3,288,0,20,-165,73,Austin
2016,5,20,80,2,3,10,77,6,2,5,93,98,45,1,1,5,57,4,1,2,66,68,26,1,2,3,16,2,1,3,21,24,1,0,0,0,0,0,0,0,0,0,8,0,0,2,4,0,0,0,6,6,291,2,22,-170,68,Austin
2017,5,20,87,5,9,6,57,3,3,14,66,80,45,2,6,3,35,1,1,8,39,47,31,2,3,2,17,0,2,5,19,24,1,1,0,0,1,0,0,1,1,2,10,0,0,1,4,2,0,0,7,7,294,3,32,-169,69,Austin
2018,5,20,83,3,8,6,60,2,0,11,68,79,41,1,2,2,33,1,0,3,36,39,36,2,6,2,22,1,0,8,25,33,0,0,0,0,0,0,0,0,0,0,6,0,0,2,5,0,0,0,7,7,252,0,20,-168,70,Austin
2019,5,20,90,1,5,13,85,9,2,6,107,113,49,1,2,9,67,3,1,3,79,82,35,0,2,3,7,5,1,2,15,17,1,0,0,0,1,1,0,0,2,2,5,0,1,1,10,0,0,1,11,12,321,3,24,-167,71,Austin
2020,5,20,83,3,8,7,81,12,2,11,100,111,50,1,6,2,53,10,0,7,65,72,26,2,1,5,22,2,1,3,29,32,0,0,0,0,3,0,0,0,3,3,7,0,1,0,3,0,1,1,3,4,289,3,21,-165,73,Austin
2021,5,20,53,6,5,14,68,10,2,11,92,103,30,2,0,8,43,7,1,2,58,60,18,4,3,6,22,3,0,7,31,38,1,0,0,0,0,0,0,0,0,0,4,0,2,0,3,0,1,2,3,5,251,1,16,-171,67,Austin
2022,5,20,52,3,6,7,73,19,4,9,99,108,31,0,2,3,49,11,2,2,63,65,17,3,3,2,20,4,2,6,26,32,0,0,0,0,0,0,0,0,0,0,4,0,1,2,4,4,0,1,10,11,253,0,19,-170,68,Austin
2023,5,20,58,3,8,11,67,17,1,11,95,106,27,1,1,5,42,11,0,2,58,60,21,0,6,6,19,6,1,6,31,37,1,0,0,0,0,0,0,0,0,0,9,2,1,0,6,0,0,3,6,9,235,1,23,-169,69,Austin
2024,5,20,56,4,6,11,59,20,2,10,90,100,30,2,5,7,42,14,1,7,63,70,20,2,1,4,15,5,0,3,24,27,0,0,0,0,0,1,0,0,1,1,6,0,0,0,2,0,1,0,2,2,253,1,16,-167,71,Austin
2012,6,20,97,1,7,13,86,1,2,8,100,108,63,0,3,9,53,0,2,3,62,65,24,1,3,4,21,1,0,4,26,30,0,0,0,0,0,0,0,0,0,0,10,0,1,0,12,0,0,1,12,13,344,0,38,-137,101,Austin
2013,6,20,89,1,2,20,112,2,6,3,134,137,51,0,1,12,72,1,5,1,85,86,28,1,1,3,25,0,1,2,28,30,0,0,0,1,2,0,0,0,3,3,10,0,0,4,13,1,0,0,18,18,358,3,40,-136,102,Austin
2014,6,20,96,2,5,22,95,10,2,7,127,134,52,0,2,16,75,7,1,2,98,100,35,2,3,6,15,2,1,5,23,28,0,0,0,0,0,0,0,0,0,0,9,0,0,0,5,1,0,0,6,6,366,0,28,-135,103,Austin
2015,6,20,91,4,5,9,77,5,1,9,91,100,50,1,3,6,54,4,0,4,64,68,35,2,2,2,13,1,1,4,16,20,0,0,0,0,0,0,0,0,0,0,6,1,0,1,10,0,0,1,11,12,310,0,28,-134,104,Austin
2016,6,20,94,3,7,12,86,9,1,10,107,117,50,2,1,8,63,5,1,3,76,79,31,1,5,4,15,4,0,6,23,29,0,0,0,0,1,0,0,0,1,1,13,0,1,0,7,0,0,1,7,8,314,2,33,-139,99,Austin
2017,6,20,88,1,5,15,50,15,2,6,80,86,55,0,2,8,32,8,1,2,48,50,24,1,1,6,16,5,1,2,27,29,0,0,0,0,0,0,0,0,0,0,9,0,2,1,2,2,0,2,5,7,297,0,27,-138,100,Austin
2018,6,20,52,1,4,13,105,10,4,5,128,133,25,1,2,8,84,9,4,3,101,104,16,0,1,5,14,1,0,1,20,21,0,0,0,0,0,0,0,0,0,0,11,0,1,0,7,0,0,1,7,8,271,1,26,-137,101,Austin
2019,6,20,55,3,5,10,101,10,5,8,121,129,27,3,4,4,67,6,3,7,77,84,22,0,1,6,26,4,2,1,36,37,0,0,0,0,0,0,0,0,0,0,6,0,0,0,8,0,0,0,8,8,290,0,21,-136,102,Austin
2020,6,20,48,4,10,8,74,10,2,14,92,106,24,1,3,4,43,4,0,4,51,55,21,3,6,3,21,2,1,9,26,35,0,0,0,0,0,0,0,0,0,0,3,0,1,1,10,4,1,1,15,16,244,1,26,-134,104,Austin
2021,6,20,54,1,4,16,50,10,3,5,76,81,32,0,1,6,29,5,1,1,40,41,18,1,2,6,14,4,2,3,24,27,0,0,0,0,0,0,0,0,0,0,4,0,1,4,7,1,0,1,12,13,245,1,29,-140,98,Austin
2022,6,20,50,7,7,12,48,9,3,14,69,83,33,6,1,6,25,5,2,7,36,43,15,1,6,5,16,2,1,7,23,30,0,0,0,0,0,1,0,0,1,1,2,0,0,1,7,1,0,0,9,9,228,1,19,-139,99,Austin
2023,6,20,53,2,5,12,58,17,3,7,87,94,32,1,2,4,34,9,3,3,47,50,17,1,1,8,17,7,0,2,32,34,0,0,0,0,1,0,0,0,1,1,4,0,2,0,6,1,0,2,7,9,239,2,25,-138,100,Austin
2024,6,20,56,1,2,12,57,7,2,3,76,79,32,0,1,5,39,6,0,1,50,51,18,0,1,5,16,1,2,1,22,23,0,0,0,0,0,0,0,0,0,0,6,1,0,2,2,0,0,1,4,5,213,0,20,-136,102,Austin
2012,7,20,97,1,8,23,115,5,2,9,143,152,48,1,5,15,66,1,1,6,82,88,40,0,2,5,34,3,0,2,42,44,0,0,0,2,0,0,0,0,2,2,9,0,1,1,15,1,1,1,17,18,386,2,42,-107,131,Austin
2013,7,20,94,4,8,15,112,2,1,12,129,141,39,1,2,8,76,1,1,3,85,88,40,3,6,7,26,1,0,9,34,43,0,0,0,0,0,0,0,0,0,0,15,0,0,0,10,0,0,0,10,10,365,0,35,-106,132,Austin
2014,7,20,95,1,9,11,92,7,0,10,110,120,46,0,2,7,64,3,0,2,74,76,37,1,5,2,24,4,0,6,30,36,2,0,0,1,0,0,0,0,1,1,10,0,2,1,4,0,0,2,5,7,311,4,22,-105,133,Austin
2015,7,20,78,4,9,13,86,9,1,13,108,121,46,3,2,10,55,4,0,5,69,74,29,1,6,1,20,2,1,7,23,30,1,0,0,0,1,0,0,0,1,1,2,0,1,2,10,3,0,1,15,16,325,2,26,-104,134,Austin
2016,7,20,57,2,3,12,74,4,3,5,90,95,34,1,1,8,53,2,2,2,63,65,17,1,1,3,13,2,1,2,18,20,0,0,0,0,0,0,0,0,0,0,6,0,1,1,8,0,0,1,9,10,284,1,28,-109,129,Austin
2017,7,20,91,2,7,9,75,7,5,9,91,100,44,2,2,4,50,4,2,4,58,62,31,0,4,4,18,1,2,4,23,27,1,0,0,0,1,0,0,0,1,1,15,0,1,1,6,2,1,1,9,10,327,2,39,-108,130,Austin
2018,7,20,64,2,7,6,92,8,2,9,106,115,36,1,3,4,68,7,1,4,79,83,23,1,0,2,19,0,1,1,21,22,0,0,1,0,2,0,0,1,2,3,5,0,3,0,3,1,0,3,4,7,289,4,23,-107,131,Austin
2019,7,20,59,3,11,11,71,8,0,14,90,104,33,1,5,6,40,6,0,6,52,58,22,1,4,5,25,2,0,5,32,37,1,0,0,0,0,0,0,0,0,0,3,1,2,0,6,0,0,3,6,9,251,1,17,-106,132,Austin
2020,7,20,69,2,10,12,71,18,2,12,101,113,47,1,6,6,43,11,2,7,60,67,12,0,3,5,22,6,0,3,33,36,0,0,0,0,2,0,0,0,2,2,10,1,1,1,4,1,0,2,6,8,281,3,27,-104,134,Austin
2021,7,20,67,0,3,11,53,14,2,3,78,81,39,0,2,8,34,10,1,2,52,54,19,0,1,3,13,3,1,1,19,20,1,0,0,0,0,0,0,0,0,0,8,0,0,0,6,1,0,0,7,7,253,1,21,-110,128,Austin
2022,7,20,67,5,6,7,73,18,0,11,98,109,38,3,5,4,51,13,0,8,68,76,25,1,1,3,21,5,0,2,29,31,0,0,0,0,0,0,0,0,0,0,4,1,0,0,1,0,0,1,1,2,249,0,11,-109,129,Austin
2023,7,20,49,0,7,10,55,23,4,7,88,95,28,0,2,4,35,13,2,2,52,54,18,0,5,6,19,8,1,5,33,38,0,0,0,0,0,0,0,0,0,0,3,0,0,0,1,2,1,0,3,3,219,0,11,-108,130,Austin
2024,7,20,63,5,12,13,43,11,3,17,67,84,34,2,7,8,29,6,0,9,43,52,27,3,5,3,10,3,2,8,16,24,1,0,0,0,0,0,0,0,0,0,1,0,0,2,4,2,1,0,8,8,233,1,21,-106,132,Austin
2012,8,20,102,0,5,17,77,12,0,5,106,111,54,0,4,11,39,8,0,4,58,62,36,0,1,6,26,4,0,1,36,37,2,0,0,0,2,0,0,0,2,2,10,0,0,0,10,0,0,0,10,10,343,4,34,-76,162,Austin
2013,8,20,100,2,8,23,99,6,1,10,128,138,54,0,4,13,68,4,1,4,85,89,30,2,3,8,21,2,0,5,31,36,1,0,0,1,1,0,0,0,2,2,15,0,1,1,9,0,0,1,10,11,382,5,34,-75,163,Austin
2014,8,20,96,1,5,16,93,8,0,6,117,123,51,0,2,12,63,4,0,2,79,81,38,1,2,3,22,3,0,3,28,31,0,0,0,0,0,0,0,0,0,0,7,0,1,1,8,1,0,1,10,11,319,0,26,-74,164,Austin
2015,8,20,88,1,3,10,75,6,4,4,91,95,51,0,0,5,56,3,2,0,64,64,27,1,3,5,9,3,2,4,17,21,0,0,0,0,0,0,0,0,0,0,10,0,0,0,10,0,0,0,10,10,309,2,28,-73,165,Austin
2016,8,20,98,3,7,13,73,3,2,10,89,99,43,1,2,10,44,2,1,3,56,59,50,2,4,2,20,1,1,6,23,29,1,0,0,0,1,0,0,0,1,1,4,0,1,1,8,0,0,1,9,10,318,3,25,-78,160,Austin
2017,8,20,91,4,5,11,47,5,2,9,63,72,52,2,1,6,30,2,2,3,38,41,34,2,3,4,16,2,0,5,22,27,1,0,0,1,0,0,0,0,1,1,4,0,1,0,1,1,0,1,2,3,261,3,13,-77,161,Austin
2018,8,20,77,1,6,16,81,4,1,7,101,108,44,0,2,11,57,3,1,2,71,73,27,1,4,5,16,1,0,5,22,27,0,0,0,0,0,0,0,0,0,0,6,0,0,0,8,0,0,0,8,8,259,0,19,-76,162,Austin
2019,8,20,81,1,1,12,100,5,1,2,117,119,44,1,0,6,62,5,0,1,73,74,28,0,1,6,24,0,1,1,30,31,1,0,0,0,1,0,0,0,1,1,8,0,0,0,13,0,0,0,13,13,315,4,34,-75,163,Austin
2020,8,20,65,3,3,9,77,10,1,6,96,102,34,1,2,3,53,6,1,3,62,65,24,2,0,5,21,3,0,2,29,31,0,0,0,0,0,0,0,0,0,0,7,0,1,1,3,1,0,1,5,6,266,0,24,-73,165,Austin
2021,8,20,56,4,7,16,72,11,4,11,99,110,36,2,6,11,45,8,3,8,64,72,14,2,0,3,19,3,1,2,25,27,0,0,0,1,0,0,0,0,1,1,6,0,1,1,8,0,0,1,9,10,266,1,18,-79,159,Austin
2022,8,20,56,3,5,5,90,16,1,8,111,119,27,2,0,2,51,5,0,2,58,60,22,1,4,3,32,10,1,5,45,50,2,0,0,0,2,0,0,0,2,2,5,0,1,0,5,1,0,1,6,7,256,4,22,-78,160,Austin
2023,8,20,52,3,8,9,53,14,5,11,76,87,28,1,3,5,31,10,0,4,46,50,22,1,4,3,20,2,4,5,25,30,0,0,0,1,0,0,0,0,1,1,2,1,1,0,2,2,1,2,4,6,226,2,15,-77,161,Austin
2024,8,20,47,0,3,16,36,18,3,3,70,73,32,0,3,10,22,9,0,3,41,44,10,0,0,5,13,5,3,0,23,23,0,0,0,0,1,0,0,0,1,1,5,0,0,1,0,4,0,0,5,5,232,3,17,-75,163,Austin
2012,9,20,85,0,3,22,102,10,1,3,134,137,49,0,2,15,59,2,1,2,76,78,30,0,1,5,33,7,0,1,45,46,0,0,0,1,1,0,0,0,2,2,6,0,0,1,9,1,0,0,11,11,392,2,38,-45,193,Austin
2013,9,20,87,4,4,24,93,4,2,8,121,129,33,2,1,18,54,3,0,3,75,78,45,1,1,6,33,0,2,2,39,41,0,0,1,0,1,0,0,1,1,2,9,1,1,0,5,1,0,2,6,8,317,2,23,-44,194,Austin
2014,9,20,110,3,3,8,74,7,2,6,89,95,42,1,1,4,41,2,2,2,47,49,61,2,1,2,30,5,0,3,37,40,1,0,0,0,0,0,0,0,0,0,6,0,1,2,3,0,0,1,5,6,314,1,23,-43,195,Austin
2015,9,20,92,2,8,11,76,6,3,10,93,103,40,0,2,7,50,3,0,2,60,62,49,2,6,3,20,3,2,8,26,34,0,0,0,0,0,0,0,0,0,0,3,0,0,1,6,0,1,0,7,7,330,1,16,-42,196,Austin
2016,9,20,73,2,3,7,64,7,0,5,78,83,36,2,1,5,36,4,0,3,45,48,30,0,1,2,22,3,0,1,27,28,0,0,0,0,3,0,0,0,3,3,7,0,1,0,3,0,0,1,3,4,266,3,19,-47,191,Austin
2017,9,20,80,4,6,11,68,7,2,10,86,96,41,0,2,8,36,5,1,2,49,51,32,4,4,2,24,2,1,8,28,36,2,0,0,0,1,0,0,0,1,1,5,0,0,1,7,0,0,0,8,8,297,4,14,-46,192,Austin
2018,9,20,75,5,6,15,70,3,3,11,88,99,30,1,2,8,38,0,1,3,46,49,36,3,3,7,28,2,2,6,37,43,1,0,0,0,0,0,0,0,0,0,8,1,1,0,4,1,0,2,5,7,266,2,21,-45,193,Austin
2019,9,20,68,4,6,9,96,13,3,10,118,128,24,1,3,8,57,6,3,4,71,75,34,3,3,1,36,6,0,6,43,49,2,0,0,0,1,0,0,0,1,1,8,0,0,0,2,1,0,0,3,3,317,5,20,-44,194,Austin
2020,9,20,58,4,6,21,78,9,2,10,108,118,31,0,3,7,40,4,1,3,51,54,23,3,2,11,33,3,1,5,47,52,0,0,1,0,0,0,0,1,0,1,4,1,0,3,5,2,0,1,10,11,277,3,21,-42,196,Austin
2021,9,20,51,3,8,12,61,19,5,11,92,103,21,1,2,5,38,9,1,3,52,55,26,2,5,7,16,6,4,7,29,36,0,0,0,0,2,1,0,0,3,3,4,0,1,0,5,3,0,1,8,9,253,3,19,-48,190,Austin
2022,9,20,52,3,4,17,72,12,1,7,101,108,27,2,2,6,46,6,0,4,58,62,20,1,2,8,21,5,1,3,34,37,0,0,0,1,0,0,0,0,1,1,5,0,0,2,5,1,0,0,8,8,246,1,19,-47,191,Austin
2023,9,20,45,1,6,7,56,27,0,7,90,97,21,0,5,5,28,8,0,5,41,46,21,1,1,2,24,19,0,2,45,47,0,0,0,0,0,0,0,0,0,0,3,0,0,0,4,0,0,0,4,4,238,0,14,-46,192,Austin
2024,9,20,52,1,3,12,41,14,1,4,67,71,27,1,2,6,22,5,1,3,33,36,20,0,1,6,15,9,0,1,30,31,0,0,0,0,1,0,0,0,1,1,5,0,0,0,3,0,0,0,3,3,203,1,12,-44,194,Austin
2012,10,20,92,3,7,19,99,4,0,10,122,132,28,0,1,9,52,2,0,1,63,64,53,3,5,8,38,2,0,8,48,56,1,0,0,0,1,0,0,0,1,1,10,0,1,2,8,0,0,1,10,11,362,3,34,-15,223,Austin
2013,10,20,104,3,7,9,97,10,3,10,116,126,50,0,3,2,48,3,2,3,53,56,47,2,4,7,40,7,0,6,54,60,0,0,0,0,2,0,0,0,2,2,7,1,0,0,7,0,1,1,7,8,333,3,22,-14,224,Austin
2014,10,20,81,5,2,11,84,3,1,7,98,105,42,1,1,7,39,3,1,2,49,51,35,4,1,4,35,0,0,5,39,44,1,0,0,0,1,0,0,0,1,1,3,0,0,0,9,0,0,0,9,9,297,2,18,-13,225,Austin
2015,10,20,77,2,3,7,89,0,1,5,96,101,38,1,1,3,58,0,0,2,61,63,31,1,2,4,23,0,0,3,27,30,0,0,0,0,0,0,0,0,0,0,8,0,0,0,8,0,1,0,8,8,314,0,30,-12,226,Austin
2016,10,20,84,0,1,16,76,2,1,1,94,95,39,0,1,10,37,0,1,1,47,48,40,0,0,4,25,1,0,0,30,30,0,0,0,0,1,0,0,0,1,1,5,0,0,2,13,1,0,0,16,16,308,3,30,-17,221,Austin
2017,10,20,72,3,3,19,83,6,1,6,108,114,29,1,0,11,48,2,1,1,61,62,39,1,3,7,26,3,0,4,36,40,1,0,0,0,0,0,0,0,0,0,3,1,0,1,9,1,0,1,11,12,289,1,23,-16,222,Austin
2018,10,20,74,4,8,8,72,6,1,12,86,98,29,1,3,3,35,3,1,4,41,45,40,3,5,5,30,3,0,8,38,46,0,0,0,0,2,0,0,0,2,2,5,0,0,0,5,0,0,0,5,5,252,4,17,-15,223,Austin
2019,10,20,77,4,9,13,85,10,3,13,108,121,29,1,4,7,35,5,0,5,47,52,43,3,4,6,42,3,2,7,51,58,1,0,0,0,0,0,0,0,0,0,4,0,1,0,8,2,1,1,10,11,309,1,23,-14,224,Austin
2020,10,20,55,4,5,10,71,14,3,9,95,104,29,2,2,9,43,7,1,4,59,63,23,2,2,1,23,7,2,4,31,35,0,0,0,0,1,0,0,0,1,1,3,0,1,0,4,0,0,1,4,5,259,1,21,-12,226,Austin
2021,10,20,61,2,4,11,61,13,4,6,85,91,35,1,1,4,27,4,2,2,35,37,24,1,2,6,28,7,2,3,41,44,0,0,0,0,0,0,0,0,0,0,2,0,1,1,6,2,0,1,9,10,254,0,22,-18,220,Austin
2022,10,20,37,1,9,20,58,9,0,10,87,97,18,1,4,11,31,4,0,5,46,51,13,0,3,8,18,3,0,3,29,32,2,0,0,0,4,0,0,0,4,4,4,0,2,1,5,2,0,2,8,10,202,6,18,-17,221,Austin
2023,10,20,51,3,6,13,64,21,8,9,98,107,22,0,3,9,32,10,3,3,51,54,25,3,3,4,25,9,5,6,38,44,0,0,0,0,0,0,0,0,0,0,4,0,0,0,7,2,0,0,9,9,269,1,19,-16,222,Austin
2024,10,20,55,3,8,8,57,10,1,11,75,86,18,2,2,4,27,5,0,4,36,40,33,1,4,4,27,5,1,5,36,41,0,0,0,0,0,0,0,0,0,0,4,0,2,0,3,0,0,2,3,5,229,0,13,-14,224,Austin
2012,11,20,104,3,3,25,95,14,1,6,134,140,44,2,1,11,47,8,0,3,66,69,48,0,1,12,40,5,0,1,57,58,2,0,0,0,1,0,0,0,1,1,10,1,1,2,7,1,1,2,10,12,375,4,33,16,254,Austin
2013,11,20,94,1,6,20,99,6,0,7,125,132,51,0,1,9,36,3,0,1,48,49,36,1,5,5,51,2,0,6,58,64,1,0,0,2,1,0,0,0,3,3,6,0,0,4,11,1,0,0,16,16,331,4,26,17,255,Austin
2014,11,20,83,0,7,18,66,10,0,7,94,101,23,0,2,11,31,6,0,2,48,50,49,0,5,7,25,4,0,5,36,41,0,0,0,0,3,0,0,0,3,3,11,0,0,0,7,0,0,0,7,7,306,5,26,18,256,Austin
2015,11,20,79,4,5,19,74,6,2,9,99,108,33,0,1,13,46,2,0,1,61,62,39,2,4,4,25,3,2,6,32,38,1,0,0,1,0,0,0,0,1,1,6,2,0,1,3,1,0,2,5,7,319,2,22,19,257,Austin
2016,11,20,79,3,9,12,67,1,0,12,80,92,20,1,2,6,28,0,0,3,34,37,52,2,7,4,33,1,0,9,38,47,0,0,0,0,0,0,0,0,0,0,7,0,0,2,6,0,0,0,8,8,261,0,20,14,252,Austin
2017,11,20,100,2,6,8,70,10,2,8,88,96,49,1,4,2,32,1,1,5,35,40,44,1,2,5,32,6,1,3,43,46,0,0,0,1,0,0,0,0,1,1,7,0,0,0,6,3,0,0,9,9,291,1,22,15,253,Austin
2018,11,20,54,5,3,13,75,10,2,8,98,106,21,0,1,7,37,6,0,1,50,51,28,5,0,6,30,2,2,5,38,43,2,0,0,0,0,1,0,0,1,1,3,0,2,0,8,1,0,2,9,11,238,3,18,16,254,Austin
2019,11,20,65,3,5,19,94,8,9,8,121,129,20,0,1,9,37,2,2,1,48,49,38,2,4,8,47,5,6,6,60,66,0,1,0,1,1,1,0,1,3,4,7,0,0,1,9,0,1,0,10,10,291,6,23,17,255,Austin
2020,11,20,59,1,10,20,102,17,4,11,139,150,17,1,4,9,55,5,1,5,69,74,37,0,6,10,41,10,2,6,61,67,1,0,0,0,3,0,0,0,3,3,4,0,0,1,3,2,1,0,6,6,316,4,19,19,257,Austin
2021,11,20,46,3,9,18,64,19,4,12,101,113,15,0,3,8,31,11,1,3,50,53,29,3,6,10,31,7,3,9,48,57,1,0,0,0,0,0,0,0,0,0,1,0,0,0,2,1,0,0,3,3,239,1,8,13,251,Austin
2022,11,20,42,1,7,11,60,6,1,8,77,85,15,1,4,5,26,3,0,5,34,39,21,0,2,6,30,3,1,2,39,41,2,0,0,0,0,0,0,0,0,0,4,0,1,0,4,0,0,1,4,5,192,3,11,14,252,Austin
2023,11,20,56,2,7,14,52,23,5,9,89,98,16,1,4,3,22,14,0,5,39,44,33,0,1,11,26,6,5,1,43,44,1,0,0,0,0,0,0,0,0,0,6,1,2,0,4,3,0,3,7,10,251,2,22,15,253,Austin
2024,11,20,40,4,7,16,53,16,4,11,85,96,18,2,2,5,26,8,2,4,39,43,19,2,5,9,24,6,2,7,39,46,2,0,0,0,1,1,0,0,2,2,1,0,0,2,2,1,0,0,5,5,219,5,10,17,255,Austin
2012,12,20,70,1,2,22,86,4,0,3,112,115,17,0,1,14,51,2,0,1,67,68,41,0,1,7,25,2,0,1,34,35,0,1,0,0,2,0,0,1,2,3,12,0,0,1,8,0,0,0,9,9,288,5,26,46,284,Austin
2013,12,20,101,2,2,16,91,10,2,4,117,121,38,2,0,11,37,5,1,2,53,55,54,0,2,5,38,4,1,2,47,49,0,0,0,0,2,1,0,0,3,3,9,0,0,0,14,0,0,0,14,14,375,3,39,47,285,Austin
2014,12,20,92,3,4,14,76,5,1,7,95,102,35,1,0,4,41,2,0,1,47,48,49,1,4,9,30,2,1,5,41,46,0,0,0,0,1,0,0,0,1,1,8,1,0,1,4,1,0,1,6,7,321,1,23,48,286,Austin
2015,12,20,78,3,5,18,82,11,3,8,111,119,31,1,0,6,27,4,1,1,37,38,39,2,5,12,41,5,2,7,58,65,1,0,0,0,1,0,0,0,1,1,7,0,0,0,13,2,0,0,15,15,319,3,34,49,287,Austin
2016,12,20,73,2,6,15,72,4,1,8,91,99,29,0,2,8,28,1,0,2,37,39,33,2,2,7,33,3,0,4,43,47,0,0,1,0,0,0,0,1,0,1,11,0,1,0,11,0,1,1,11,12,281,1,35,44,282,Austin
2017,12,20,75,3,5,18,70,8,0,8,96,104,25,2,1,7,30,4,0,3,41,44,38,0,3,11,31,4,0,3,46,49,0,0,0,0,2,0,0,0,2,2,12,1,1,0,7,0,0,2,7,9,272,3,26,45,283,Austin
2018,12,20,62,3,3,7,78,8,1,6,93,99,27,0,2,2,43,3,0,2,48,50,29,3,1,5,24,5,1,4,34,38,0,0,0,0,0,0,0,0,0,0,6,0,0,0,11,0,0,0,11,11,259,1,29,46,284,Austin
2019,12,20,66,3,3,10,102,8,1,6,120,126,17,1,0,5,46,3,0,1,54,55,41,2,2,3,46,5,1,4,54,58,0,0,0,0,2,0,0,0,2,2,8,0,1,2,8,0,0,1,10,11,300,2,24,47,285,Austin
2020,12,20,65,2,7,15,69,11,6,9,95,104,21,0,4,7,29,5,2,4,41,45,36,2,3,7,37,6,4,5,50,55,1,0,0,0,0,0,0,0,0,0,7,0,0,1,3,0,0,0,4,4,277,2,20,49,287,Austin
2021,12,20,53,1,4,18,64,12,4,5,94,99,16,0,1,6,26,6,0,1,38,39,35,1,1,11,29,5,3,2,45,47,0,0,0,0,5,0,1,0,5,5,2,0,2,1,4,1,0,2,6,8,239,6,16,43,281,Austin
2022,12,20,48,2,10,15,63,16,1,12,94,106,24,1,3,7,26,4,0,4,37,41,22,1,6,4,26,9,1,7,39,46,0,0,0,3,1,1,0,0,5,5,2,0,1,1,10,2,0,1,13,14,221,5,22,44,282,Austin
2023,12,20,42,3,5,7,59,13,1,8,79,87,22,1,1,4,28,6,0,2,38,40,19,2,4,3,23,6,1,6,32,38,0,0,0,0,1,1,0,0,2,2,1,0,0,0,7,0,0,0,7,7,230,2,16,45,283,Austin
2024,12,20,62,1,11,18,63,8,1,12,89,101,18,0,4,11,36,2,0,4,49,53,32,1,7,3,19,4,0,8,26,34,2,0,0,0,2,1,0,0,3,3,10,0,0,4,6,1,1,0,11,11,274,6,37,47,285,Austin
2012,1,21,105,5,6,23,86,8,1,11,117,128,30,3,1,11,44,3,0,4,58,62,69,2,5,9,32,5,1,7,46,53,0,0,0,0,0,0,0,0,0,0,6,0,0,3,10,0,0,0,13,13,380,0,28,-288,-50,Austin
2013,1,21,99,3,3,33,84,8,1,6,125,131,45,1,3,13,36,4,1,4,53,57,43,2,0,20,37,4,0,2,61,63,1,0,0,0,0,0,0,0,0,0,10,0,0,0,11,0,0,0,11,11,346,1,38,-286,-48,Austin
2014,1,21,73,2,4,19,74,8,0,6,101,107,29,1,1,12,36,3,0,2,51,53,36,1,2,6,29,5,0,3,40,43,0,0,0,0,0,0,0,0,0,0,8,0,1,1,9,0,0,1,10,11,274,0,25,-285,-47,Austin
2015,1,21,73,3,1,11,66,3,4,4,80,84,25,3,0,7,31,2,2,3,40,43,42,0,1,2,28,1,1,1,31,32,0,0,0,2,1,0,0,0,3,3,6,0,0,0,6,0,1,0,6,6,264,3,16,-284,-46,Austin
2016,1,21,71,1,0,22,81,6,0,1,109,110,30,0,0,12,51,2,0,0,65,65,35,1,0,10,23,4,0,1,37,38,2,0,0,0,0,0,0,0,0,0,4,0,0,0,7,0,0,0,7,7,288,3,15,-290,-52,Austin
2017,1,21,76,2,7,16,71,7,1,9,94,103,27,1,3,8,37,1,0,4,46,50,45,1,3,4,29,5,1,4,38,42,0,0,0,0,1,0,0,0,1,1,4,0,1,4,4,1,0,1,9,10,306,2,20,-288,-50,Austin
2018,1,21,65,4,5,2,49,8,2,9,59,68,22,0,2,0,25,3,1,2,28,30,40,4,3,2,20,5,1,7,27,34,0,0,0,0,0,0,0,0,0,0,3,0,0,0,4,0,0,0,4,4,226,1,15,-287,-49,Austin
2019,1,21,81,3,5,11,68,4,1,8,83,91,33,0,0,3,36,1,1,0,40,40,43,3,4,7,30,3,0,7,40,47,1,0,0,0,0,0,0,0,0,0,4,0,1,1,2,0,0,1,3,4,272,2,16,-286,-48,Austin
2020,1,21,73,0,1,6,78,5,3,1,89,90,36,0,0,6,38,0,1,0,44,44,30,0,1,0,31,4,2,1,35,36,0,0,0,0,0,0,0,0,0,0,7,0,0,0,9,1,0,0,10,10,243,0,22,-285,-47,Austin
2021,1,21,67,4,4,15,69,6,1,8,90,98,30,0,1,5,41,5,0,1,51,52,33,3,2,8,26,0,1,5,34,39,0,0,0,0,0,0,0,0,0,0,4,1,1,2,2,1,0,2,5,7,266,0,19,-290,-52,Austin
2022,1,21,45,2,2,11,83,13,1,4,107,111,18,0,2,2,37,5,1,2,44,46,23,2,0,8,43,8,0,2,59,61,1,0,0,0,0,0,0,0,0,0,3,0,0,1,3,0,0,0,4,4,224,1,17,-289,-51,Austin
2023,1,21,41,2,8,18,61,15,4,10,94,104,16,1,1,6,28,11,1,2,45,47,23,1,6,11,29,2,3,7,42,49,0,0,0,0,0,0,0,0,0,0,2,0,1,1,4,2,0,1,7,8,232,1,17,-288,-50,Austin
2024,1,21,55,4,7,8,61,19,6,11,88,99,21,3,3,4,19,6,2,6,29,35,29,1,3,4,34,10,4,4,48,52,1,0,0,0,0,0,0,0,0,0,4,0,1,0,8,3,0,1,11,12,235,2,21,-287,-49,Austin
2012,2,21,79,3,6,18,75,7,0,9,100,109,35,1,3,11,33,2,0,4,46,50,34,2,3,6,30,4,0,5,40,45,2,0,0,0,0,0,0,0,0,0,8,0,0,1,12,1,0,0,14,14,294,3,29,-257,-19,Austin
2013,2,21,85,2,3,13,80,2,2,5,95,100,39,0,0,7,44,1,1,0,52,52,37,1,3,5,30,1,0,4,36,40,1,0,0,1,2,0,1,0,3,3,8,1,0,0,4,0,0,1,4,5,313,5,23,-255,-17,Austin
2014,2,21,91,0,1,17,74,7,0,1,98,99,37,0,0,11,40,2,0,0,53,53,45,0,1,4,28,3,0,1,35,36,1,0,0,0,1,0,0,0,1,1,8,0,0,2,5,2,0,0,9,9,314,3,20,-254,-16,Austin
2015,2,21,94,5,8,12,78,14,0,13,104,117,39,0,2,8,35,5,0,2,48,50,49,5,6,4,38,8,0,11,50,61,0,0,0,0,0,0,0,0,0,0,6,0,0,0,5,1,0,0,6,6,339,0,18,-253,-15,Austin
2016,2,21,86,5,8,11,75,4,2,13,90,103,36,1,1,6,33,2,0,2,41,43,43,4,5,4,35,2,1,9,41,50,1,0,0,1,0,0,0,0,1,1,6,0,2,0,7,0,1,2,7,9,269,2,21,-259,-21,Austin
2017,2,21,73,3,7,13,69,5,5,10,87,97,27,0,2,8,42,3,1,2,53,55,35,3,5,5,20,2,4,8,27,35,0,0,0,0,1,0,0,0,1,1,11,0,0,0,6,0,0,0,6,6,305,1,24,-257,-19,Austin
2018,2,21,67,1,4,11,71,6,2,5,88,93,18,0,4,7,42,3,1,4,52,56,45,1,0,3,18,3,1,1,24,25,0,0,0,1,2,0,0,0,3,3,4,0,0,0,9,0,0,0,9,9,250,3,17,-256,-18,Austin
2019,2,21,55,2,4,15,65,6,4,6,86,92,27,1,2,6,35,0,1,3,41,44,22,1,0,6,24,5,3,1,35,36,0,0,1,1,1,0,0,1,2,3,6,0,1,2,5,1,0,1,8,9,226,4,21,-255,-17,Austin
2020,2,21,78,4,5,17,103,7,4,9,127,136,39,0,2,6,46,4,1,2,56,58,35,4,2,8,42,3,3,6,53,59,0,0,0,1,1,0,0,0,2,2,4,0,1,2,14,0,0,1,16,17,340,2,31,-254,-16,Austin
2021,2,21,63,7,9,10,63,14,1,16,87,103,27,5,2,3,35,8,0,7,46,53,32,1,5,6,25,4,1,6,35,41,1,0,1,0,0,0,0,1,0,1,3,1,1,1,3,2,0,2,6,8,267,3,15,-259,-21,Austin
2022,2,21,62,3,10,21,68,16,8,13,105,118,24,1,7,12,33,7,4,8,52,60,33,1,1,9,27,6,3,2,42,44,0,0,0,0,1,1,0,0,2,2,5,1,2,0,7,2,1,3,9,12,271,3,28,-258,-20,Austin
2023,2,21,37,12,2,22,75,15,5,14,112,126,12,4,2,4,39,9,2,6,52,58,20,8,0,17,29,5,2,8,51,59,0,0,0,1,0,0,0,0,1,1,5,0,0,0,7,1,1,0,8,8,250,2,21,-257,-19,Austin
2024,2,21,53,1,1,7,51,9,4,2,67,69,24,1,0,3,26,6,0,1,35,36,23,0,1,3,22,3,3,1,28,29,1,0,0,1,0,0,0,0,1,1,5,0,0,0,3,0,1,0,3,3,225,2,20,-256,-18,Austin
2012,3,21,93,2,3,15,107,11,1,5,133,138,51,0,3,12,59,7,1,3,78,81,30,2,0,1,35,4,0,2,40,42,0,0,0,1,0,0,0,0,1,1,12,0,0,1,13,0,0,0,14,14,350,1,33,-228,10,Austin
2013,3,21,87,2,2,20,59,3,2,4,82,86,38,1,1,12,27,3,1,2,42,44,38,1,1,7,25,0,0,2,32,34,2,0,0,1,1,0,0,0,2,2,9,0,0,0,6,0,1,0,6,6,293,4,20,-227,11,Austin
2014,3,21,97,1,3,20,77,3,2,4,100,104,46,0,1,11,45,1,2,1,57,58,42,0,2,8,27,2,0,2,37,39,0,0,0,1,0,0,0,0,1,1,9,1,0,0,5,0,0,1,5,6,333,4,26,-226,12,Austin
2015,3,21,90,7,5,14,92,7,4,12,113,125,40,3,2,10,44,3,0,5,57,62,38,4,3,4,37,2,3,7,43,50,1,0,0,0,0,0,1,0,0,0,11,0,0,0,11,2,0,0,13,13,334,2,34,-225,13,Austin
2016,3,21,73,9,5,9,67,4,1,14,80,94,36,2,3,4,35,2,1,5,41,46,32,6,2,5,21,2,0,8,28,36,1,0,0,0,0,0,0,0,0,0,4,1,0,0,11,0,0,1,11,12,275,1,20,-230,8,Austin
2017,3,21,78,4,5,20,65,7,3,9,92,101,39,3,1,9,36,1,3,4,46,50,35,0,4,6,21,6,0,4,33,37,0,0,0,1,0,0,0,0,1,1,4,1,0,4,8,0,0,1,12,13,285,4,23,-229,9,Austin
2018,3,21,90,4,5,13,54,6,0,9,73,82,42,2,3,9,35,2,0,5,46,51,35,2,2,4,14,3,0,4,21,25,2,0,0,0,0,0,0,0,0,0,11,0,0,0,5,1,0,0,6,6,272,2,26,-228,10,Austin
2019,3,21,82,4,3,10,61,8,0,7,79,86,45,2,2,5,39,3,0,4,47,51,29,2,0,4,18,3,0,2,25,27,0,0,0,0,0,1,0,0,1,1,8,0,1,1,4,1,0,1,6,7,258,2,21,-227,11,Austin
2020,3,21,59,4,1,9,37,14,4,5,60,65,30,3,0,7,21,8,1,3,36,39,27,1,1,2,13,6,3,2,21,23,0,0,0,0,0,0,0,0,0,0,2,0,0,0,3,0,0,0,3,3,211,0,17,-225,13,Austin
2021,3,21,72,4,10,17,59,11,2,14,87,101,29,3,7,7,32,7,1,10,46,56,40,0,3,8,22,4,1,3,34,37,0,0,0,1,0,0,0,0,1,1,3,1,0,1,5,0,0,1,6,7,306,1,13,-231,7,Austin
2022,3,21,61,1,10,13,54,14,2,11,81,92,29,0,5,4,28,9,1,5,41,46,28,1,5,8,24,4,0,6,36,42,0,0,0,0,0,0,0,0,0,0,4,0,0,1,2,1,1,0,4,4,240,1,13,-230,8,Austin
2023,3,21,49,3,8,13,48,20,3,11,81,92,33,1,2,6,19,12,2,3,37,40,15,1,2,6,27,7,1,3,40,43,0,0,0,0,0,0,0,0,0,0,1,1,4,1,2,1,0,5,4,9,222,0,15,-229,9,Austin
2024,3,21,43,2,4,15,43,19,3,6,77,83,19,1,3,5,27,15,3,4,47,51,20,0,1,8,13,3,0,1,24,25,0,0,0,0,1,0,0,0,1,1,4,1,0,2,2,1,0,1,5,6,214,3,13,-227,11,Austin
2012,4,21,91,1,5,14,90,7,1,6,111,117,41,1,1,8,56,4,1,2,68,70,46,0,2,6,24,3,0,2,33,35,0,0,0,0,1,0,0,0,1,1,4,0,2,0,9,0,0,2,9,11,329,1,22,-197,41,Austin
2013,4,21,90,2,9,17,89,11,1,11,117,128,40,1,3,9,53,6,1,4,68,72,38,1,5,4,27,4,0,6,35,41,1,0,0,0,0,0,0,0,0,0,11,0,1,4,9,1,0,1,14,15,343,1,34,-196,42,Austin
2014,4,21,85,3,7,23,84,8,2,10,115,125,43,2,2,17,57,2,2,4,76,80,36,1,5,4,23,5,0,6,32,38,0,0,0,0,0,0,0,0,0,0,6,0,0,2,4,1,0,0,7,7,309,0,15,-195,43,Austin
2015,4,21,82,0,2,10,100,2,1,2,112,114,45,0,0,9,63,2,1,0,74,74,26,0,2,1,24,0,0,2,25,27,1,0,0,0,0,0,0,0,0,0,10,0,0,0,13,0,0,0,13,13,300,1,32,-194,44,Austin
2016,4,21,86,2,4,13,80,7,2,6,100,106,44,2,2,6,47,5,2,4,58,62,33,0,2,7,29,2,0,2,38,40,0,0,0,0,0,0,0,0,0,0,9,0,0,0,4,0,0,0,4,4,312,0,22,-199,39,Austin
2017,4,21,101,2,4,15,86,4,3,6,105,111,54,1,1,10,52,2,1,2,64,66,42,1,3,5,28,1,2,4,34,38,0,0,0,0,0,0,0,0,0,0,5,0,0,0,6,1,0,0,7,7,361,0,17,-198,40,Austin
2018,4,21,69,3,5,5,63,5,3,8,73,81,35,1,4,3,39,3,0,5,45,50,28,1,1,2,19,2,3,2,23,25,0,0,0,0,0,0,0,0,0,0,6,1,0,0,5,0,0,1,5,6,252,1,22,-197,41,Austin
2019,4,21,74,0,10,15,64,6,1,10,85,95,33,0,5,8,34,5,1,5,47,52,34,0,4,7,26,1,0,4,34,38,0,0,0,0,0,0,0,0,0,0,7,0,1,0,4,0,0,1,4,5,271,0,25,-196,42,Austin
2020,4,21,71,4,6,4,64,13,4,10,81,91,41,2,4,0,34,7,1,6,41,47,17,2,2,3,24,3,2,4,30,34,0,0,0,0,0,0,0,0,0,0,13,0,0,1,6,3,1,0,10,10,257,0,30,-194,44,Austin
2021,4,21,43,2,6,7,72,9,2,8,88,96,27,0,3,3,53,8,0,3,64,67,14,2,3,4,13,1,1,5,18,23,0,0,0,0,0,0,0,0,0,0,2,0,0,0,6,0,1,0,6,6,237,0,15,-200,38,Austin
2022,4,21,54,2,2,10,67,14,2,4,91,95,29,0,0,7,35,6,0,0,48,48,20,2,2,3,25,7,2,4,35,39,1,0,0,0,0,0,0,0,0,0,4,0,0,0,7,1,0,0,8,8,243,1,20,-199,39,Austin
2023,4,21,52,4,10,15,47,16,1,14,78,92,26,1,3,6,29,5,0,4,40,44,22,3,7,8,15,10,1,10,33,43,0,0,0,0,0,0,0,0,0,0,4,0,0,1,3,1,0,0,5,5,227,0,16,-198,40,Austin
2024,4,21,60,1,6,18,43,27,2,7,88,95,26,0,4,10,27,18,1,4,55,59,27,1,2,7,15,8,0,3,30,33,0,0,0,0,0,0,0,0,0,0,7,0,0,1,1,1,1,0,3,3,234,0,15,-196,42,Austin
2012,5,21,98,6,8,21,110,7,0,14,138,152,58,3,4,16,70,3,0,7,89,96,37,2,4,4,29,3,0,6,36,42,0,0,0,0,1,0,0,0,1,1,3,1,0,1,10,1,0,1,12,13,392,1,29,-167,71,Austin
2013,5,21,80,2,5,29,93,4,2,7,126,133,48,2,3,24,65,3,2,5,92,97,23,0,1,5,19,1,0,1,25,26,2,0,0,0,0,0,0,0,0,0,7,0,1,0,9,0,0,1,9,10,329,2,24,-166,72,Austin
2014,5,21,89,1,6,19,83,6,0,7,108,115,54,0,3,11,56,3,0,3,70,73,24,1,2,6,22,2,0,3,30,33,0,0,0,0,0,1,0,0,1,1,11,0,1,2,5,0,0,1,7,8,341,2,37,-165,73,Austin
2015,5,21,65,4,6,14,81,2,2,10,97,107,38,1,0,11,48,2,2,1,61,62,23,3,4,1,23,0,0,7,24,31,0,0,0,0,1,0,0,0,1,1,4,0,2,2,9,0,0,2,11,13,311,1,28,-164,74,Austin
2016,5,21,78,4,8,10,60,10,2,12,80,92,44,1,3,9,40,3,1,4,52,56,21,3,5,1,15,5,1,8,21,29,1,0,0,0,0,0,0,0,0,0,12,0,0,0,5,2,0,0,7,7,289,1,26,-169,69,Austin
2017,5,21,78,0,10,9,61,4,1,10,74,84,42,0,3,5,40,3,0,3,48,51,29,0,6,4,16,1,1,6,21,27,0,0,0,0,0,0,0,0,0,0,7,0,1,0,5,0,0,1,5,6,249,1,21,-168,70,Austin
2018,5,21,81,0,11,18,63,5,2,11,86,97,45,0,6,14,37,5,0,6,56,62,25,0,3,4,21,0,2,3,25,28,2,0,1,0,2,0,0,1,2,3,9,0,1,0,3,0,0,1,3,4,295,5,22,-167,71,Austin
2019,5,21,71,2,6,8,77,7,3,8,92,100,46,1,4,4,54,4,2,5,62,67,20,1,1,4,17,3,1,2,24,26,0,0,0,0,1,0,0,0,1,1,5,0,1,0,5,0,0,1,5,6,269,2,22,-166,72,Austin
2020,5,21,88,3,4,8,61,8,2,7,77,84,48,2,1,4,42,6,0,3,52,55,32,0,2,4,16,2,1,2,22,24,0,0,0,0,0,0,0,0,0,0,8,1,1,0,3,0,1,2,3,5,274,1,25,-164,74,Austin
2021,5,21,62,4,4,18,82,17,0,8,117,125,32,2,1,10,48,14,0,3,72,75,24,1,3,5,28,3,0,4,36,40,0,0,0,1,1,0,0,0,2,2,6,1,0,2,5,0,0,1,7,8,286,4,22,-170,68,Austin
2022,5,21,58,0,9,10,54,16,1,9,80,89,31,0,4,5,35,12,1,4,52,56,19,0,4,3,14,4,0,4,21,25,0,0,0,2,0,0,0,0,2,2,8,0,1,0,5,0,0,1,5,6,230,3,17,-169,69,Austin
2023,5,21,55,4,7,9,47,18,2,11,74,85,27,2,4,3,28,11,0,6,42,48,23,2,3,6,16,5,1,5,27,32,0,0,0,0,0,0,0,0,0,0,5,0,0,0,3,2,1,0,5,5,222,1,15,-168,70,Austin
2024,5,21,61,3,10,12,57,14,5,13,83,96,31,3,6,5,40,7,3,9,52,61,23,0,4,6,14,7,2,4,27,31,0,0,0,0,0,0,0,0,0,0,7,0,0,1,3,0,0,0,4,4,247,0,15,-166,72,Austin
2012,6,21,99,4,2,13,89,3,2,6,105,111,60,1,2,10,55,2,2,3,67,70,20,2,0,2,26,1,0,2,29,31,0,0,0,0,0,0,0,0,0,0,19,1,0,1,8,0,0,1,9,10,357,0,46,-136,102,Austin
2013,6,21,106,1,4,15,82,7,0,5,104,109,57,0,2,4,50,3,0,2,57,59,35,1,1,8,23,4,0,2,35,37,0,0,0,1,1,0,0,0,2,2,14,0,1,2,8,0,0,1,10,11,360,2,35,-135,103,Austin
2014,6,21,93,2,9,17,72,7,1,11,96,107,45,0,5,10,44,2,1,5,56,61,42,1,3,7,20,3,0,4,30,34,1,0,0,0,0,0,0,0,0,0,5,1,1,0,8,2,0,2,10,12,323,2,27,-134,104,Austin
2015,6,21,82,3,2,9,70,4,4,5,83,88,38,2,1,5,34,3,1,3,42,45,34,1,1,4,30,1,3,2,35,37,1,0,0,0,0,0,0,0,0,0,9,0,0,0,6,0,0,0,6,6,288,3,24,-133,105,Austin
2016,6,21,82,1,5,18,101,7,2,6,126,132,39,1,4,12,64,3,2,5,79,84,31,0,0,5,28,2,0,0,35,35,0,0,0,0,1,0,0,0,1,1,12,0,1,1,8,2,0,1,11,12,316,1,34,-138,100,Austin
2017,6,21,89,0,5,18,71,7,5,5,96,101,62,0,3,12,43,5,1,3,60,63,18,0,1,6,20,2,3,1,28,29,0,0,0,0,0,0,0,0,0,0,9,0,1,0,8,0,1,1,8,9,309,0,32,-137,101,Austin
2018,6,21,63,2,4,10,76,10,1,6,96,102,34,1,3,8,53,10,0,4,71,75,25,1,1,1,12,0,1,2,13,15,0,0,0,0,0,0,0,0,0,0,4,0,0,1,11,0,0,0,12,12,252,1,24,-136,102,Austin
2019,6,21,75,1,4,17,72,8,0,5,97,102,47,1,2,10,51,8,0,3,69,72,21,0,2,6,17,0,0,2,23,25,0,0,0,0,0,0,0,0,0,0,7,0,0,1,4,0,0,0,5,5,292,0,21,-135,103,Austin
2020,6,21,63,5,7,8,51,10,2,12,69,81,36,1,4,5,29,5,0,5,39,44,23,4,2,3,14,4,2,6,21,27,0,0,0,0,0,0,0,0,0,0,4,0,1,0,8,1,0,1,9,10,224,1,22,-133,105,Austin
2021,6,21,61,0,5,12,59,16,0,5,87,92,37,0,3,6,36,11,0,3,53,56,17,0,2,5,18,3,0,2,26,28,0,0,0,0,1,0,0,0,1,1,7,0,0,1,4,2,0,0,7,7,257,1,20,-139,99,Austin
2022,6,21,61,2,8,9,78,18,3,10,105,115,33,1,6,5,49,10,2,7,64,71,19,1,1,3,24,6,1,2,33,35,1,0,0,1,1,0,0,0,2,2,8,0,1,0,4,2,0,1,6,7,275,3,22,-138,100,Austin
2023,6,21,54,4,12,7,50,12,4,16,69,85,36,3,7,3,30,3,3,10,36,46,15,1,4,4,18,6,1,5,28,33,0,0,0,0,1,0,0,0,1,1,3,0,1,0,1,3,0,1,4,5,222,1,11,-137,101,Austin
2024,6,21,55,2,12,17,66,20,3,14,103,117,30,2,4,10,41,11,2,6,62,68,18,0,8,5,21,7,1,8,33,41,0,0,0,1,1,0,0,0,2,2,7,0,0,1,3,2,0,0,6,6,257,4,17,-135,103,Austin
2012,7,21,110,6,9,23,95,8,1,15,126,141,41,1,5,20,60,5,0,6,85,91,57,5,2,2,27,3,0,7,32,39,2,0,0,0,0,0,0,0,0,0,10,0,2,1,8,0,1,2,9,11,415,2,37,-106,132,Austin
2013,7,21,103,2,5,5,87,7,2,7,99,106,41,0,2,3,56,5,1,2,64,66,52,2,3,2,25,2,1,5,29,34,2,0,0,0,1,0,0,0,1,1,8,0,0,0,5,0,0,0,5,5,333,4,26,-105,133,Austin
2014,7,21,71,0,4,13,67,14,1,4,94,98,43,0,2,7,43,11,0,2,61,63,21,0,2,6,21,3,1,2,30,32,1,0,0,0,0,0,0,0,0,0,6,0,0,0,3,0,0,0,3,3,274,2,19,-104,134,Austin
2015,7,21,83,3,2,20,88,6,2,5,114,119,41,0,1,12,57,4,1,1,73,74,31,3,1,7,21,2,1,4,30,34,0,0,0,0,0,0,0,0,0,0,11,0,0,1,10,0,0,0,11,11,334,0,30,-103,135,Austin
2016,7,21,70,4,4,15,61,5,1,8,81,89,43,2,2,9,46,4,1,4,59,63,25,2,1,5,13,0,0,3,18,21,0,0,0,0,0,0,0,0,0,0,2,0,1,1,2,1,0,1,4,5,266,0,10,-108,130,Austin
2017,7,21,83,2,2,5,69,4,3,4,78,82,43,1,2,3,41,3,1,3,47,50,29,1,0,2,21,0,2,1,23,24,1,0,0,0,0,0,0,0,0,0,10,0,0,0,7,1,0,0,8,8,330,1,34,-107,131,Austin
2018,7,21,79,1,6,10,71,6,2,7,87,94,38,1,4,8,50,3,2,5,61,66,32,0,2,2,19,3,0,2,24,26,0,0,0,0,0,0,0,0,0,0,9,0,0,0,2,0,0,0,2,2,267,1,22,-106,132,Austin
2019,7,21,86,2,4,10,84,8,3,6,102,108,46,2,2,8,56,3,2,4,67,71,33,0,2,1,22,4,1,2,27,29,2,0,0,0,0,0,0,0,0,0,5,0,0,1,6,1,0,0,8,8,291,3,22,-105,133,Austin
2020,7,21,52,5,10,12,65,10,5,15,87,102,33,4,4,7,41,8,2,8,56,64,15,1,3,3,14,2,1,4,19,23,0,0,1,0,0,0,0,1,0,1,4,0,2,2,10,0,2,2,12,14,257,1,29,-103,135,Austin
2021,7,21,47,1,3,10,70,16,1,4,96,100,25,0,2,6,52,12,1,2,70,72,19,1,1,3,15,3,0,2,21,23,1,0,0,0,0,0,0,0,0,0,2,0,0,1,3,1,0,0,5,5,252,3,14,-109,129,Austin
2022,7,21,39,2,8,9,63,10,1,10,82,92,23,1,7,5,34,7,0,8,46,54,14,1,0,3,22,1,1,1,26,27,0,0,0,0,2,0,0,0,2,2,2,0,1,1,5,2,0,1,8,9,222,4,16,-108,130,Austin
2023,7,21,35,3,6,15,75,26,8,9,116,125,19,2,3,3,38,16,4,5,57,62,12,1,3,11,30,10,4,4,51,55,1,0,0,0,2,0,0,0,2,2,3,0,0,1,5,0,0,0,6,6,269,5,18,-107,131,Austin
2024,7,21,52,3,10,15,50,20,4,13,85,98,32,0,4,8,31,15,1,4,54,58,16,3,5,6,16,2,3,8,24,32,0,0,0,0,0,1,0,0,1,1,4,0,1,1,3,2,0,1,6,7,243,1,22,-105,133,Austin
2012,8,21,89,7,3,21,81,3,2,10,105,115,48,4,2,12,54,1,0,6,67,73,35,3,1,8,20,1,1,4,29,33,1,0,0,0,0,0,0,0,0,0,5,0,0,1,7,1,1,0,9,9,321,1,22,-75,163,Austin
2013,8,21,102,2,2,16,78,7,1,4,101,105,53,1,2,11,43,5,0,3,59,62,36,1,0,4,28,2,1,1,34,35,1,0,0,0,0,0,0,0,0,0,12,0,0,1,7,0,0,0,8,8,319,4,27,-74,164,Austin
2014,8,21,88,2,2,16,72,5,3,4,93,97,47,2,1,7,42,3,2,3,52,55,33,0,1,9,21,2,1,1,32,33,2,0,0,0,1,0,0,0,1,1,6,0,0,0,8,0,0,0,8,8,292,3,20,-73,165,Austin
2015,8,21,77,0,8,14,80,4,4,8,98,106,34,0,3,9,48,1,0,3,58,61,33,0,4,2,19,3,4,4,24,28,0,0,1,1,2,0,0,1,3,4,10,0,0,2,11,0,0,0,13,13,320,4,32,-72,166,Austin
2016,8,21,89,1,6,15,72,5,3,7,92,99,42,0,2,9,48,3,1,2,60,62,37,1,4,4,16,2,2,5,22,27,1,0,0,0,2,0,0,0,2,2,9,0,0,2,6,0,0,0,8,8,305,4,22,-77,161,Austin
2017,8,21,71,1,7,17,66,4,2,8,87,95,42,1,2,12,47,2,1,3,61,64,22,0,4,4,17,2,1,4,23,27,1,0,0,1,0,0,0,0,1,1,6,0,1,0,2,0,0,1,2,3,281,3,20,-76,162,Austin
2018,8,21,61,0,8,10,66,8,2,8,84,92,32,0,5,5,44,7,2,5,56,61,23,0,1,5,17,0,0,1,22,23,0,0,0,0,0,0,0,0,0,0,6,0,2,0,5,1,0,2,6,8,234,0,18,-75,163,Austin
2019,8,21,65,4,6,16,75,2,1,10,93,103,35,3,5,11,39,1,0,8,51,59,19,1,0,3,28,1,1,1,32,33,2,0,0,1,1,0,0,0,2,2,9,0,1,1,7,0,0,1,8,9,280,6,30,-74,164,Austin
2020,8,21,60,2,6,18,87,11,5,8,116,124,28,1,6,7,52,7,3,7,66,73,22,1,0,10,28,2,1,1,40,41,0,0,0,1,1,0,0,0,2,2,10,0,0,0,6,2,1,0,8,8,297,3,29,-72,166,Austin
2021,8,21,59,8,13,16,64,11,0,21,91,112,30,1,6,10,43,6,0,7,59,66,25,7,6,6,16,5,0,13,27,40,1,0,0,0,2,0,0,0,2,2,3,0,1,0,3,0,0,1,3,4,262,4,12,-78,160,Austin
2022,8,21,48,2,9,12,68,17,1,11,97,108,24,0,2,5,36,13,0,2,54,56,20,2,6,6,24,3,1,8,33,41,0,0,0,1,0,0,0,0,1,1,4,0,1,0,8,1,0,1,9,10,236,3,19,-77,161,Austin
2023,8,21,51,2,11,13,61,21,3,13,95,108,26,2,6,3,34,17,2,8,54,62,25,0,5,10,22,3,0,5,35,40,0,0,0,0,2,0,0,0,2,2,0,0,0,0,3,1,1,0,4,4,247,4,8,-76,162,Austin
2024,8,21,64,2,3,6,41,10,2,5,57,62,34,2,3,4,27,7,1,5,38,43,29,0,0,2,12,2,1,0,16,16,0,0,0,0,1,0,0,0,1,1,1,0,0,0,1,1,0,0,2,2,240,1,10,-74,164,Austin
2012,9,21,101,3,7,22,110,1,2,10,133,143,49,0,4,14,64,0,0,4,78,82,42,3,3,5,40,0,1,6,45,51,1,0,0,0,2,0,0,0,2,2,9,0,0,3,4,1,1,0,8,8,391,5,21,-44,194,Austin
2013,9,21,110,2,7,13,91,3,1,9,107,116,59,0,2,6,47,1,0,2,54,56,43,2,3,7,40,2,1,5,49,54,0,0,1,0,0,0,0,1,0,1,8,0,1,0,4,0,0,1,4,5,346,2,20,-43,195,Austin
2014,9,21,92,2,2,12,89,4,2,4,105,109,41,0,1,5,46,1,1,1,52,53,46,2,0,7,33,2,0,2,42,44,0,0,0,0,0,0,1,0,0,0,5,0,1,0,10,1,0,1,11,12,340,1,25,-42,196,Austin
2015,9,21,79,0,4,18,77,5,1,4,100,104,38,0,2,14,51,3,0,2,68,70,32,0,1,3,16,2,1,1,21,22,1,0,0,0,1,0,0,0,1,1,8,0,1,1,9,0,0,1,10,11,307,2,25,-41,197,Austin
2016,9,21,85,1,8,7,62,9,3,9,78,87,43,0,4,4,34,5,2,4,43,47,31,1,3,2,21,3,1,4,26,30,1,0,0,1,0,0,0,0,1,1,10,0,1,0,7,1,0,1,8,9,283,2,26,-46,192,Austin
2017,9,21,83,1,5,15,64,6,3,6,85,91,36,0,3,9,42,3,2,3,54,57,38,1,2,5,13,3,1,3,21,24,0,0,0,0,2,0,0,0,2,2,9,0,0,1,7,0,0,0,8,8,293,2,31,-45,193,Austin
2018,9,21,72,4,4,34,77,4,1,8,115,123,39,2,2,13,49,2,1,4,64,68,28,2,0,19,24,2,0,2,45,47,0,0,0,1,0,0,0,0,1,1,5,0,2,1,4,0,0,2,5,7,314,1,22,-44,194,Austin
2019,9,21,78,5,6,14,77,13,1,11,104,115,34,2,3,5,39,5,1,5,49,54,41,2,1,7,31,5,0,3,43,46,1,0,0,0,2,1,0,0,3,3,2,1,2,2,5,2,0,3,9,12,301,4,19,-43,195,Austin
2020,9,21,73,2,10,17,82,17,3,12,116,128,49,1,3,8,39,9,1,4,56,60,18,1,5,8,34,5,1,6,47,53,1,0,0,0,4,1,0,0,5,5,5,0,2,1,5,2,1,2,8,10,296,7,20,-41,197,Austin
2021,9,21,77,1,8,12,65,13,5,9,90,99,46,1,3,4,39,4,2,4,47,51,25,0,5,8,22,3,3,5,33,38,0,0,0,0,1,1,0,0,2,2,6,0,0,0,3,5,0,0,8,8,276,3,23,-47,191,Austin
2022,9,21,55,3,2,12,76,6,6,5,94,99,28,2,1,7,46,5,4,3,58,61,22,1,0,3,24,1,1,1,28,29,1,0,0,0,0,0,0,0,0,0,4,0,1,2,6,0,1,1,8,9,248,4,20,-46,192,Austin
2023,9,21,55,3,6,9,47,19,2,9,75,84,24,2,3,6,32,11,1,5,49,54,26,0,1,3,11,5,1,1,19,20,2,0,0,0,0,2,0,0,2,2,3,1,2,0,4,1,0,3,5,8,231,5,17,-45,193,Austin
2024,9,21,58,4,12,11,50,9,2,16,70,86,32,1,6,5,30,6,0,7,41,48,24,3,3,5,17,3,2,6,25,31,0,0,0,1,1,0,0,0,2,2,2,0,3,0,2,0,0,3,2,5,236,2,15,-43,195,Austin
2012,10,21,86,5,10,23,82,3,0,15,108,123,38,4,3,12,33,0,0,7,45,52,40,1,7,9,41,3,0,8,53,61,0,0,0,1,0,0,0,0,1,1,8,0,0,1,8,0,0,0,9,9,339,1,29,-14,224,Austin
2013,10,21,62,3,5,23,93,9,3,8,125,133,27,1,4,15,50,5,0,5,70,75,29,2,1,6,35,4,2,3,45,48,1,0,0,1,0,0,0,0,1,1,5,0,0,1,8,0,1,0,9,9,309,4,19,-13,225,Austin
2014,10,21,89,3,6,18,86,5,1,9,109,118,40,0,1,13,50,4,1,1,67,68,39,3,5,5,27,0,0,8,32,40,1,0,0,0,1,0,0,0,1,1,9,0,0,0,8,1,0,0,9,9,326,2,27,-12,226,Austin
2015,10,21,79,0,2,13,73,5,4,2,91,93,27,0,1,7,35,4,2,1,46,47,42,0,1,5,33,1,2,1,39,40,3,0,0,0,0,0,0,0,0,0,7,0,0,1,5,0,0,0,6,6,308,5,19,-11,227,Austin
2016,10,21,77,5,6,17,80,11,0,11,108,119,39,1,2,11,38,7,0,3,56,59,32,4,3,4,36,4,0,7,44,51,0,0,0,1,0,0,0,0,1,1,6,0,1,1,6,0,0,1,7,8,324,2,18,-16,222,Austin
2017,10,21,88,4,12,11,66,7,2,16,84,100,35,3,3,5,30,3,0,6,38,44,44,1,6,6,30,4,2,7,40,47,1,0,0,0,0,0,0,0,0,0,8,0,3,0,6,0,0,3,6,9,288,1,22,-15,223,Austin
2018,10,21,58,1,3,13,79,11,1,4,103,107,22,0,1,3,45,5,0,1,53,54,32,1,2,10,30,5,1,3,45,48,0,0,0,0,0,0,0,0,0,0,4,0,0,0,4,1,0,0,5,5,246,0,10,-14,224,Austin
2019,10,21,54,2,5,16,98,7,2,7,121,128,26,0,3,8,47,2,0,3,57,60,25,2,2,6,38,5,2,4,49,53,0,0,0,0,0,0,0,0,0,0,3,0,0,2,13,0,0,0,15,15,297,1,27,-13,225,Austin
2020,10,21,64,3,7,14,76,14,0,10,104,114,28,0,6,6,39,9,0,6,54,60,29,3,0,5,29,3,0,3,37,40,0,0,0,0,0,1,0,0,1,1,7,0,1,3,8,1,0,1,12,13,255,2,25,-11,227,Austin
2021,10,21,60,0,1,19,62,12,1,1,93,94,30,0,1,6,32,7,1,1,45,46,27,0,0,12,22,3,0,0,37,37,0,0,0,0,0,1,0,0,1,1,3,0,0,1,8,1,0,0,10,10,243,1,18,-17,221,Austin
2022,10,21,64,4,9,13,65,12,3,13,90,103,23,2,4,7,32,5,1,6,44,50,38,2,4,6,23,7,2,6,36,42,0,0,0,0,0,0,0,0,0,0,3,0,1,0,10,0,0,1,10,11,240,1,23,-16,222,Austin
2023,10,21,52,1,8,12,72,19,1,9,103,112,19,0,2,5,29,7,1,2,41,43,27,1,5,6,35,7,0,6,48,54,3,0,0,1,1,0,0,0,2,2,3,0,1,0,7,5,0,1,12,13,262,6,18,-15,223,Austin
2024,10,21,37,2,13,14,53,16,2,15,83,98,20,1,9,5,28,12,1,10,45,55,15,1,4,9,22,2,0,5,33,38,1,0,0,0,0,1,0,0,1,1,1,0,0,0,3,1,1,0,4,4,226,5,12,-13,225,Austin
2012,11,21,103,0,5,20,99,6,3,5,125,130,44,0,1,10,58,1,0,1,69,70,50,0,4,8,35,5,2,4,48,52,2,0,0,0,0,0,0,0,0,0,7,0,0,2,6,0,1,0,8,8,357,2,25,17,255,Austin
2013,11,21,84,5,2,25,81,6,2,7,112,119,28,3,1,13,38,2,1,4,53,57,42,1,1,9,40,3,1,2,52,54,0,0,0,2,1,1,0,0,4,4,14,1,0,1,2,0,0,1,3,4,310,5,22,18,256,Austin
2014,11,21,69,4,4,17,84,11,0,8,112,120,20,1,3,9,41,5,0,4,55,59,41,2,1,6,32,6,0,3,44,47,2,1,0,1,0,0,0,1,1,2,6,0,0,1,11,0,0,0,12,12,302,5,27,19,257,Austin
2015,11,21,80,4,6,15,99,6,2,10,120,130,21,2,2,11,47,3,0,4,61,65,51,2,4,4,43,3,2,6,50,56,0,0,0,0,1,0,0,0,1,1,8,0,0,0,8,0,0,0,8,8,304,1,24,20,258,Austin
2016,11,21,84,4,5,13,74,6,1,9,93,102,38,1,3,8,39,5,1,4,52,56,43,3,1,4,25,1,0,4,30,34,0,0,0,0,2,0,0,0,2,2,3,0,1,1,8,0,0,1,9,10,289,2,18,15,253,Austin
2017,11,21,78,3,7,14,52,8,2,10,74,84,41,0,2,6,28,2,0,2,36,38,31,3,5,5,21,3,2,8,29,37,0,0,0,0,0,0,0,0,0,0,6,0,0,3,3,3,0,0,9,9,259,0,18,16,254,Austin
2018,11,21,60,3,2,18,72,4,1,5,94,99,28,0,1,10,38,2,0,1,50,51,23,3,1,2,32,1,1,4,35,39,1,0,0,1,0,0,0,0,1,1,8,0,0,5,2,1,0,0,8,8,255,2,22,17,255,Austin
2019,11,21,78,3,7,14,58,7,2,10,79,89,28,0,3,5,25,5,2,3,35,38,44,3,3,9,19,2,0,6,30,36,0,0,0,0,3,0,0,0,3,3,6,0,1,0,11,0,0,1,11,12,268,6,23,18,256,Austin
2020,11,21,58,5,4,15,72,9,5,9,96,105,25,2,0,5,40,2,1,2,47,49,30,3,3,8,25,5,3,6,38,44,0,0,0,0,1,0,0,0,1,1,3,0,1,2,6,2,1,1,10,11,274,1,22,20,258,Austin
2021,11,21,53,2,6,17,52,12,6,8,81,89,19,1,3,8,19,4,2,4,31,35,28,1,2,8,32,8,4,3,48,51,2,0,0,0,0,0,0,0,0,0,4,0,1,1,1,0,0,1,2,3,237,3,12,14,252,Austin
2022,11,21,31,5,6,14,43,13,1,11,70,81,12,3,2,8,32,4,1,5,44,49,17,2,4,5,10,7,0,6,22,28,0,0,0,0,0,0,0,0,0,0,2,0,0,1,1,2,0,0,4,4,187,0,14,15,253,Austin
2023,11,21,33,2,3,8,42,20,1,5,70,75,10,1,1,1,21,10,0,2,32,34,21,1,2,7,14,7,0,3,28,31,0,0,0,0,0,0,0,0,0,0,2,0,0,0,7,3,1,0,10,10,195,1,19,16,254,Austin
2024,11,21,55,3,2,9,38,7,2,5,54,59,20,0,2,2,22,5,0,2,29,31,31,2,0,7,12,2,2,2,21,23,0,0,0,0,0,0,0,0,0,0,4,1,0,0,4,0,0,1,4,5,199,0,15,18,256,Austin
2012,12,21,88,1,3,26,108,7,0,4,141,145,31,0,1,15,60,4,0,1,79,80,48,1,2,6,36,3,0,3,45,48,1,0,0,0,0,0,0,0,0,0,8,0,0,5,12,0,0,0,17,17,354,4,29,47,285,Austin
2013,12,21,91,3,5,18,77,6,2,8,101,109,32,0,0,12,32,3,1,0,47,47,53,3,5,5,38,2,1,8,45,53,0,0,0,0,0,0,0,0,0,0,6,0,0,1,7,1,0,0,9,9,312,1,20,48,286,Austin
2014,12,21,81,1,7,14,56,4,1,8,74,82,29,0,1,6,21,0,0,1,27,28,46,1,5,8,31,3,1,6,42,48,1,0,0,0,1,0,0,0,1,1,5,0,1,0,3,1,0,1,4,5,245,3,15,49,287,Austin
2015,12,21,83,4,7,13,97,9,3,11,119,130,32,2,6,8,38,4,3,8,50,58,39,1,1,3,50,4,0,2,57,59,1,1,0,1,1,0,0,1,2,3,11,0,0,1,8,1,0,0,10,10,322,7,30,50,288,Austin
2016,12,21,71,4,3,20,57,4,1,7,81,88,32,0,2,12,23,3,1,2,38,40,33,4,1,7,26,1,0,5,34,39,0,0,0,0,1,0,0,0,1,1,6,0,0,1,7,0,0,0,8,8,263,1,26,45,283,Austin
2017,12,21,51,6,1,13,67,8,2,7,88,95,19,3,0,4,32,3,1,3,39,42,30,3,1,6,27,4,1,4,37,41,0,0,0,1,0,0,0,0,1,1,2,0,0,2,8,1,0,0,11,11,249,1,21,46,284,Austin
2018,12,21,86,2,5,10,92,13,1,7,115,122,31,0,2,6,38,3,0,2,47,49,44,2,2,2,41,10,1,4,53,57,0,0,0,0,0,0,0,0,0,0,11,0,1,2,13,0,0,1,15,16,304,3,36,47,285,Austin
2019,12,21,59,2,3,10,69,9,3,5,88,93,20,0,0,6,25,4,0,0,35,35,35,2,2,4,34,4,1,4,42,46,1,0,0,0,2,0,1,0,2,2,3,0,1,0,8,1,1,1,9,10,236,4,22,48,286,Austin
2020,12,21,67,1,7,13,65,11,3,8,89,97,28,1,4,7,28,4,1,5,39,44,34,0,3,6,30,6,2,3,42,45,2,0,0,0,1,0,0,0,1,1,3,0,0,0,6,1,0,0,7,7,262,3,16,50,288,Austin
2021,12,21,58,2,5,16,67,18,4,7,101,108,28,0,3,6,37,10,2,3,53,56,27,1,1,8,25,5,2,2,38,40,0,0,0,2,0,0,0,0,2,2,3,1,1,0,5,3,0,2,8,10,247,3,15,44,282,Austin
2022,12,21,41,1,6,6,51,16,1,7,73,80,16,0,4,3,23,8,0,4,34,38,20,1,1,3,20,4,1,2,27,29,0,0,0,0,1,1,0,0,2,2,5,0,1,0,7,3,0,1,10,11,202,5,21,45,283,Austin
2023,12,21,54,1,8,16,60,19,2,9,95,104,23,1,0,5,29,10,0,1,44,45,25,0,5,11,21,9,1,5,41,46,1,0,0,0,1,0,0,0,1,1,5,0,3,0,9,0,1,3,9,12,246,3,24,46,284,Austin
2024,12,21,52,2,9,9,61,8,4,11,78,89,17,0,1,3,30,1,1,1,34,35,30,2,7,4,25,5,3,9,34,43,1,0,0,0,0,0,0,0,0,0,4,0,1,2,6,2,0,1,10,11,249,1,22,48,286,Austin
2012,1,22,93,1,6,17,86,5,1,7,108,115,33,0,1,11,39,2,0,1,52,53,53,1,5,4,37,1,1,6,42,48,0,0,0,0,0,0,0,0,0,0,7,0,0,2,10,2,0,0,14,14,317,0,30,-287,-49,Austin
2013,1,22,86,1,4,24,59,3,1,5,86,91,38,0,0,18,34,2,1,0,54,54,42,0,4,4,23,1,0,4,28,32,0,0,0,0,0,0,0,0,0,0,6,1,0,2,2,0,0,1,4,5,311,1,24,-285,-47,Austin
2014,1,22,80,0,5,25,94,8,1,5,127,132,33,0,3,17,44,3,0,3,64,67,44,0,1,7,40,4,0,1,51,52,0,0,0,1,0,1,0,0,2,2,3,0,1,0,10,0,1,1,10,11,323,3,21,-284,-46,Austin
2015,1,22,78,0,2,21,59,9,1,2,89,91,19,0,2,15,34,0,1,2,49,51,48,0,0,4,18,5,0,0,27,27,1,0,0,1,0,0,0,0,1,1,10,0,0,1,7,4,0,0,12,12,281,2,29,-283,-45,Austin
2016,1,22,65,1,6,14,92,6,3,7,112,119,24,0,1,11,48,1,2,1,60,61,34,1,5,2,37,2,1,6,41,47,1,0,0,0,0,1,0,0,1,1,6,0,0,1,7,2,0,0,10,10,311,2,21,-289,-51,Austin
2017,1,22,70,3,7,10,70,5,0,10,85,95,30,0,2,4,31,1,0,2,36,38,35,3,5,5,32,4,0,8,41,49,0,0,0,0,0,0,0,0,0,0,5,0,0,1,7,0,0,0,8,8,285,2,25,-287,-49,Austin
2018,1,22,74,2,5,11,59,4,3,7,74,81,33,0,2,2,26,1,2,2,29,31,33,2,2,9,27,2,0,4,38,42,0,0,0,0,0,0,1,0,0,0,8,0,1,0,6,1,0,1,7,8,256,1,24,-286,-48,Austin
2019,1,22,82,2,3,12,89,6,4,5,107,112,38,1,2,5,45,4,1,3,54,57,36,1,1,7,31,2,3,2,40,42,0,0,0,0,0,0,0,0,0,0,8,0,0,0,13,0,0,0,13,13,291,0,32,-285,-47,Austin
2020,1,22,63,3,3,10,51,12,1,6,73,79,22,1,2,6,30,8,1,3,44,47,32,2,1,2,11,2,0,3,15,18,1,0,0,0,0,1,0,0,1,1,8,0,0,2,10,1,0,0,13,13,226,3,24,-284,-46,Austin
2021,1,22,67,4,5,5,68,11,3,9,84,93,24,3,2,3,33,6,0,5,42,47,40,1,3,2,33,2,3,4,37,41,0,0,0,0,0,0,0,0,0,0,3,0,0,0,2,3,0,0,5,5,270,0,15,-289,-51,Austin
2022,1,22,62,1,2,14,82,7,2,3,103,106,19,0,1,2,43,5,0,1,50,51,35,1,1,11,36,2,1,2,49,51,0,0,0,1,0,0,1,0,1,1,8,0,0,0,3,0,0,0,3,3,268,2,19,-288,-50,Austin
2023,1,22,53,3,12,21,75,8,3,15,104,119,22,1,5,5,37,3,2,6,45,51,26,2,6,15,33,2,1,8,50,58,0,0,0,0,0,1,0,0,1,1,5,0,1,1,5,2,0,1,8,9,255,1,19,-287,-49,Austin
2024,1,22,53,2,8,16,43,26,2,10,85,95,16,2,4,4,14,12,1,6,30,36,32,0,3,11,19,12,1,3,42,45,0,0,0,0,1,1,0,0,2,2,5,0,1,1,9,1,0,1,11,12,226,2,22,-286,-48,Austin
2012,2,22,74,5,3,24,81,5,0,8,110,118,26,1,2,14,38,1,0,3,53,56,42,4,1,8,34,3,0,5,45,50,2,0,0,1,1,0,0,0,2,2,4,0,0,1,8,1,0,0,10,10,306,4,20,-256,-18,Austin
2013,2,22,81,2,4,13,76,11,3,6,100,106,41,1,2,9,46,6,2,3,61,64,32,1,2,4,29,5,1,3,38,41,0,0,0,0,0,0,0,0,0,0,8,0,0,0,1,0,0,0,1,1,322,0,20,-254,-16,Austin
2014,2,22,78,0,5,7,78,5,0,5,90,95,26,0,2,5,36,4,0,2,45,47,47,0,3,1,35,1,0,3,37,40,0,0,0,0,0,0,0,0,0,0,5,0,0,1,7,0,0,0,8,8,275,1,16,-253,-15,Austin
2015,2,22,75,1,4,10,79,12,0,5,101,106,23,0,1,5,40,7,0,1,52,53,46,1,3,4,30,5,0,4,39,43,0,0,0,0,0,0,0,0,0,0,6,0,0,1,9,0,0,0,10,10,285,1,22,-252,-14,Austin
2016,2,22,84,1,4,16,57,2,1,5,75,80,36,0,2,10,29,1,0,2,40,42,45,1,1,5,23,1,1,2,29,31,0,0,0,1,0,0,0,0,1,1,3,0,1,0,5,0,0,1,5,6,275,2,22,-258,-20,Austin
2017,2,22,66,3,6,14,49,2,2,9,65,74,34,0,3,8,34,0,0,3,42,45,30,2,3,6,13,2,2,5,21,26,1,1,0,0,0,0,0,1,0,1,1,0,0,0,2,0,0,0,2,2,239,2,11,-256,-18,Austin
2018,2,22,60,1,5,12,70,9,1,6,91,97,28,0,3,6,38,2,0,3,46,49,29,1,2,6,26,5,1,3,37,40,1,0,0,0,0,0,0,0,0,0,2,0,0,0,6,2,0,0,8,8,247,3,16,-255,-17,Austin
2019,2,22,77,1,7,10,77,5,1,8,92,100,36,0,3,4,46,1,0,3,51,54,36,1,4,4,24,2,1,5,30,35,0,0,0,1,0,0,0,0,1,1,5,0,0,1,7,2,0,0,10,10,271,2,18,-254,-16,Austin
2020,2,22,71,3,9,11,59,9,2,12,79,91,27,2,2,6,34,5,0,4,45,49,38,1,7,5,22,3,2,8,30,38,0,0,0,0,0,0,0,0,0,0,6,0,0,0,3,1,0,0,4,4,259,1,20,-253,-15,Austin
2021,2,22,61,6,9,16,74,9,2,15,99,114,26,3,3,9,40,5,0,6,54,60,32,3,4,7,28,3,1,7,38,45,1,0,0,0,0,0,0,0,0,0,2,0,2,0,6,1,1,2,7,9,275,2,16,-258,-20,Austin
2022,2,22,66,5,3,16,57,14,0,8,87,95,29,1,1,8,32,5,0,2,45,47,29,3,2,8,16,6,0,5,30,35,1,0,0,0,2,0,0,0,2,2,7,1,0,0,7,3,0,1,10,11,257,6,25,-257,-19,Austin
2023,2,22,54,2,4,14,57,17,3,6,88,94,19,1,0,6,25,3,1,1,34,35,29,0,4,8,27,13,2,4,48,52,1,0,0,0,0,0,0,0,0,0,5,1,0,0,5,1,0,1,6,7,221,1,17,-256,-18,Austin
2024,2,22,49,0,5,13,55,16,2,5,84,89,23,0,3,3,30,8,1,3,41,44,22,0,1,10,23,8,1,1,41,42,0,0,0,0,0,0,0,0,0,0,4,0,1,0,2,0,0,1,2,3,235,0,12,-255,-17,Austin
2012,3,22,89,1,1,23,103,15,1,2,141,143,39,1,1,12,58,10,0,2,80,82,40,0,0,8,36,4,1,0,48,48,1,0,0,1,1,0,0,0,2,2,9,0,0,2,8,1,0,0,11,11,360,4,28,-227,11,Austin
2013,3,22,93,1,3,22,107,5,2,4,134,138,44,1,1,12,59,4,0,2,75,77,41,0,2,9,35,1,0,2,45,47,0,0,0,0,2,0,0,0,2,2,8,0,0,1,11,0,2,0,12,12,374,3,41,-226,12,Austin
2014,3,22,96,1,5,7,94,11,1,6,112,118,45,1,1,4,52,7,0,2,63,65,48,0,3,3,31,4,1,3,38,41,0,0,0,0,0,0,0,0,0,0,3,0,1,0,11,0,0,1,11,12,334,0,24,-225,13,Austin
2015,3,22,92,4,5,11,72,6,1,9,89,98,33,2,4,5,35,3,0,6,43,49,56,2,1,5,31,1,1,3,37,40,0,0,0,0,1,1,0,0,2,2,3,0,0,1,5,1,0,0,7,7,321,2,17,-224,14,Austin
2016,3,22,85,3,1,17,84,7,0,4,108,112,42,0,0,12,60,2,0,0,74,74,27,2,1,3,17,5,0,3,25,28,1,0,0,0,0,0,0,0,0,0,15,1,0,2,7,0,0,1,9,10,310,1,30,-229,9,Austin
2017,3,22,87,2,4,11,65,10,3,6,86,92,48,1,1,5,44,6,2,2,55,57,34,1,3,4,16,4,1,4,24,28,0,0,0,0,1,0,0,0,1,1,5,0,0,2,4,0,0,0,6,6,296,1,19,-228,10,Austin
2018,3,22,69,1,4,7,68,7,4,5,82,87,41,1,3,6,47,5,0,4,58,62,24,0,1,1,14,2,4,1,17,18,0,0,0,0,0,0,0,0,0,0,4,0,0,0,7,0,0,0,7,7,266,0,14,-227,11,Austin
2019,3,22,86,2,3,14,96,4,1,5,114,119,46,0,3,11,57,3,0,3,71,74,34,2,0,3,28,0,0,2,31,33,2,0,0,0,1,0,0,0,1,1,4,0,0,0,10,1,1,0,11,11,301,4,26,-226,12,Austin
2020,3,22,74,3,4,14,54,15,3,7,83,90,34,1,1,5,36,7,2,2,48,50,33,2,3,7,13,5,1,5,25,30,0,0,0,1,0,0,0,0,1,1,7,0,0,1,5,3,0,0,9,9,246,1,23,-224,14,Austin
2021,3,22,46,4,4,13,74,9,2,8,96,104,27,1,1,5,35,5,0,2,45,47,17,3,3,8,30,2,2,6,40,46,1,0,0,0,0,1,0,0,1,1,1,0,0,0,9,1,0,0,10,10,267,4,19,-230,8,Austin
2022,3,22,42,6,7,11,49,9,1,13,69,82,19,3,5,5,36,5,1,8,46,54,19,3,2,4,9,2,0,5,15,20,0,0,0,0,0,1,0,0,1,1,4,0,0,2,4,1,0,0,7,7,215,2,20,-229,9,Austin
2023,3,22,55,2,7,13,69,21,2,9,103,112,25,1,1,5,37,13,1,2,55,57,23,1,5,8,30,8,1,6,46,52,1,0,0,0,0,0,0,0,0,0,6,0,1,0,2,0,0,1,2,3,244,1,12,-228,10,Austin
2024,3,22,48,0,12,18,66,18,4,12,102,114,22,0,4,7,31,13,3,4,51,55,21,0,6,10,24,4,1,6,38,44,0,0,0,1,1,0,0,0,2,2,5,0,2,0,10,1,0,2,11,13,251,3,20,-226,12,Austin
2012,4,22,111,1,7,12,94,4,0,8,110,118,53,0,0,7,56,3,0,0,66,66,46,1,5,3,31,0,0,6,34,40,1,0,1,0,0,0,0,1,0,1,11,0,1,2,7,1,0,1,10,11,347,2,28,-196,42,Austin
2013,4,22,97,1,4,27,85,8,1,5,120,125,59,1,1,20,62,6,1,2,88,90,29,0,2,6,18,2,0,2,26,28,0,0,0,0,0,0,0,0,0,0,9,0,1,1,5,0,0,1,6,7,352,0,21,-195,43,Austin
2014,4,22,92,0,3,16,83,5,5,3,104,107,48,0,1,13,53,1,2,1,67,68,37,0,2,3,23,2,1,2,28,30,0,0,0,0,1,0,0,0,1,1,7,0,0,0,6,2,2,0,8,8,339,1,24,-194,44,Austin
2015,4,22,74,3,6,16,77,8,2,9,101,110,39,1,2,15,60,3,1,3,78,81,29,2,2,1,15,5,1,4,21,25,0,0,0,0,0,0,0,0,0,0,6,0,2,0,2,0,0,2,2,4,308,1,22,-193,45,Austin
2016,4,22,80,0,4,17,71,8,2,4,96,100,39,0,2,11,52,5,2,2,68,70,31,0,1,5,12,3,0,1,20,21,0,0,0,0,0,0,0,0,0,0,10,0,1,1,7,0,0,1,8,9,299,0,25,-198,40,Austin
2017,4,22,80,3,6,11,85,10,0,9,106,115,38,2,1,7,54,4,0,3,65,68,34,1,4,4,26,5,0,5,35,40,1,0,0,0,0,0,0,0,0,0,7,0,1,0,5,1,0,1,6,7,300,2,22,-197,41,Austin
2018,4,22,85,0,7,6,70,9,0,7,85,92,40,0,2,3,45,6,0,2,54,56,35,0,5,3,23,3,0,5,29,34,0,0,0,0,1,0,0,0,1,1,10,0,0,0,1,0,0,0,1,1,288,1,15,-196,42,Austin
2019,4,22,73,2,6,6,81,12,0,8,99,107,36,2,2,4,51,7,0,4,62,66,31,0,4,2,21,5,0,4,28,32,0,0,0,0,1,0,0,0,1,1,6,0,0,0,8,0,0,0,8,8,280,2,22,-195,43,Austin
2020,4,22,76,4,3,12,62,13,3,7,87,94,45,2,3,5,41,8,0,5,54,59,25,2,0,5,19,4,3,2,28,30,1,0,0,0,0,0,0,0,0,0,5,0,0,2,2,1,0,0,5,5,252,1,15,-193,45,Austin
2021,4,22,61,5,3,11,54,8,3,8,73,81,31,1,1,4,33,5,0,2,42,44,25,4,2,6,17,2,3,6,25,31,0,0,0,0,1,1,0,0,2,2,5,0,0,1,3,0,0,0,4,4,239,3,15,-199,39,Austin
2022,4,22,61,2,6,11,80,14,3,8,105,113,38,1,2,6,55,7,2,3,68,71,17,1,4,4,22,5,1,5,31,36,1,0,0,0,0,1,0,0,1,1,5,0,0,1,3,1,0,0,5,5,278,3,17,-198,40,Austin
2023,4,22,50,1,9,7,58,18,5,10,83,93,27,0,5,0,37,10,2,5,47,52,20,1,3,7,20,5,1,4,32,36,0,0,0,0,0,1,0,0,1,1,3,0,1,0,1,2,2,1,3,4,219,1,17,-197,41,Austin
2024,4,22,57,3,8,13,34,19,3,11,66,77,30,3,2,4,21,12,2,5,37,42,22,0,4,9,9,6,1,4,24,28,0,0,0,0,1,0,0,0,1,1,5,0,2,0,3,1,0,2,4,6,225,1,13,-195,43,Austin
2012,5,22,83,4,2,23,90,5,3,6,118,124,51,0,0,14,63,3,2,0,80,80,23,3,2,7,17,0,1,5,24,29,1,0,0,1,0,0,0,0,1,1,8,1,0,1,10,2,0,1,13,14,360,4,40,-166,72,Austin
2013,5,22,91,0,0,28,90,3,2,0,121,121,51,0,0,22,56,1,2,0,79,79,30,0,0,6,25,2,0,0,33,33,1,0,0,0,0,0,0,0,0,0,9,0,0,0,9,0,0,0,9,9,346,2,30,-165,73,Austin
2014,5,22,101,2,3,11,78,0,0,5,89,94,57,2,1,9,49,0,0,3,58,61,31,0,1,2,15,0,0,1,17,18,1,0,0,0,2,0,0,0,2,2,12,0,1,0,12,0,0,1,12,13,298,4,33,-164,74,Austin
2015,5,22,77,0,4,28,83,5,2,4,116,120,33,0,2,22,58,3,2,2,83,85,31,0,2,5,15,1,0,2,21,23,1,0,0,0,1,0,0,0,1,1,12,0,0,1,9,1,0,0,11,11,317,2,32,-163,75,Austin
2016,5,22,84,2,17,10,62,4,5,19,76,95,45,0,6,4,43,1,2,6,48,54,26,2,10,4,14,2,3,12,20,32,1,0,0,2,0,0,0,0,2,2,12,0,1,0,5,1,0,1,6,7,272,3,28,-168,70,Austin
2017,5,22,92,2,3,8,52,6,1,5,66,71,59,1,0,6,36,4,1,1,46,47,26,1,1,1,14,2,0,2,17,19,0,0,0,0,1,0,0,0,1,1,7,0,2,1,1,0,0,2,2,4,266,2,21,-167,71,Austin
2018,5,22,80,0,4,7,74,3,1,4,84,88,43,0,1,5,47,3,1,1,55,56,24,0,3,2,14,0,0,3,16,19,0,0,0,0,0,0,0,0,0,0,13,0,0,0,13,0,0,0,13,13,261,0,35,-166,72,Austin
2019,5,22,74,4,5,15,91,6,3,9,112,121,48,2,3,10,60,2,2,5,72,77,22,2,2,4,26,1,0,4,31,35,0,0,0,0,0,0,0,0,0,0,4,0,0,1,5,3,1,0,9,9,300,1,22,-165,73,Austin
2020,5,22,77,6,10,6,62,8,1,16,76,92,44,3,3,5,43,7,0,6,55,61,29,3,7,1,17,1,1,10,19,29,0,0,0,0,0,0,0,0,0,0,4,0,0,0,2,0,0,0,2,2,275,0,12,-163,75,Austin
2021,5,22,58,7,7,13,76,12,3,14,101,115,28,6,3,6,38,9,1,9,53,62,22,0,4,3,31,2,2,4,36,40,2,0,0,2,0,0,0,0,2,2,6,1,0,2,7,1,0,1,10,11,276,4,26,-169,69,Austin
2022,5,22,56,3,5,13,50,8,5,8,71,79,27,2,3,8,32,7,2,5,47,52,22,1,1,4,14,1,3,2,19,21,2,0,0,0,2,0,0,0,2,2,5,0,1,1,2,0,0,1,3,4,218,4,15,-168,70,Austin
2023,5,22,44,1,15,13,56,25,2,16,94,110,19,1,6,7,36,11,0,7,54,61,20,0,6,6,17,8,2,6,31,37,0,0,0,0,1,0,0,0,1,1,5,0,3,0,2,6,0,3,8,11,231,1,22,-167,71,Austin
2024,5,22,62,3,10,14,59,7,2,13,80,93,39,3,4,7,35,4,1,7,46,53,21,0,3,7,21,3,1,3,31,34,0,0,0,0,0,0,0,0,0,0,2,0,3,0,3,0,0,3,3,6,244,1,15,-165,73,Austin
2012,6,22,91,5,2,17,93,4,2,7,114,121,46,1,1,13,55,1,1,2,69,71,35,3,1,4,30,3,1,4,37,41,0,0,0,0,0,0,0,0,0,0,10,1,0,0,8,0,0,1,8,9,370,0,34,-135,103,Austin
2013,6,22,110,2,7,11,87,4,0,9,102,111,56,0,2,7,54,3,0,2,64,66,43,1,5,4,22,1,0,6,27,33,0,0,0,0,1,0,0,0,1,1,11,1,0,0,10,0,0,1,10,11,339,1,34,-134,104,Austin
2014,6,22,105,4,7,13,67,3,3,11,83,94,55,2,1,5,39,1,1,3,45,48,38,2,5,7,19,1,1,7,27,34,0,0,0,0,0,0,0,0,0,0,12,0,1,1,9,1,1,1,11,12,297,0,38,-133,105,Austin
2015,6,22,100,4,5,16,112,4,1,9,132,141,56,1,0,12,79,1,1,1,92,93,33,3,2,4,22,1,0,5,27,32,2,0,0,0,2,0,0,0,2,2,9,0,3,0,9,2,0,3,11,14,358,4,31,-132,106,Austin
2016,6,22,93,7,3,8,71,5,1,10,84,94,55,4,2,4,47,1,1,6,52,58,28,2,1,4,15,2,0,3,21,24,1,0,0,0,1,0,0,0,1,1,9,1,0,0,8,2,0,1,10,11,299,2,28,-137,101,Austin
2017,6,22,79,2,5,6,74,2,0,7,82,89,38,0,3,5,48,1,0,3,54,57,28,0,2,1,13,0,0,2,14,16,0,0,0,0,1,0,0,0,1,1,13,2,0,0,12,1,0,2,13,15,289,1,40,-136,102,Austin
2018,6,22,71,6,6,14,67,10,0,12,91,103,42,1,4,9,47,6,0,5,62,67,22,4,2,4,11,2,0,6,17,23,0,0,0,0,0,0,0,0,0,0,7,1,0,1,9,2,0,1,12,13,270,0,26,-135,103,Austin
2019,6,22,74,2,6,14,88,9,4,8,111,119,46,1,3,8,59,4,2,4,71,75,20,1,3,3,24,3,2,4,30,34,0,0,0,1,0,0,0,0,1,1,8,0,0,2,5,2,0,0,9,9,278,2,27,-134,104,Austin
2020,6,22,68,3,6,15,72,8,1,9,95,104,45,1,4,7,48,6,0,5,61,66,16,2,2,6,15,1,1,4,22,26,0,0,0,0,2,1,0,0,3,3,7,0,0,2,7,0,0,0,9,9,266,4,25,-132,106,Austin
2021,6,22,55,3,5,13,68,12,5,8,93,101,35,1,2,9,43,3,3,3,55,58,17,1,3,3,18,7,2,4,28,32,0,0,0,0,0,0,0,0,0,0,3,1,0,1,7,2,0,1,10,11,235,2,23,-138,100,Austin
2022,6,22,56,2,6,14,75,11,3,8,100,108,31,2,3,9,44,4,1,5,57,62,20,0,1,4,27,7,2,1,38,39,0,0,0,0,2,0,0,0,2,2,5,0,2,1,2,0,0,2,3,5,258,2,15,-137,101,Austin
2023,6,22,51,2,7,15,60,20,3,9,95,104,20,2,3,7,39,12,2,5,58,63,25,0,3,8,18,6,1,3,32,35,0,0,0,0,1,0,0,0,1,1,6,0,1,0,2,2,0,1,4,5,244,1,21,-136,102,Austin
2024,6,22,45,5,15,11,71,19,6,20,101,121,25,2,11,4,46,14,1,13,64,77,16,2,4,5,23,2,5,6,30,36,0,0,0,0,0,1,0,0,1,1,4,1,0,2,2,2,0,1,6,7,267,3,23,-134,104,Austin
2012,7,22,113,2,5,12,87,9,0,7,108,115,56,1,1,7,46,6,0,2,59,61,47,1,4,4,32,3,0,5,39,44,0,0,0,0,0,0,0,0,0,0,10,0,0,1,9,0,0,0,10,10,352,0,33,-105,133,Austin
2013,7,22,85,2,5,24,102,5,2,7,131,138,52,1,2,18,63,1,1,3,82,85,22,1,3,5,22,4,1,4,31,35,1,0,0,0,0,0,0,0,0,0,10,0,0,1,17,0,0,0,18,18,369,2,38,-104,134,Austin
2014,7,22,78,1,5,17,94,6,0,6,117,123,44,0,2,11,65,4,0,2,80,82,23,0,2,4,16,1,0,2,21,23,0,0,0,2,0,0,0,0,2,2,11,1,1,0,13,1,0,2,14,16,323,2,39,-103,135,Austin
2015,7,22,53,2,7,14,111,5,1,9,130,139,29,1,2,12,81,2,0,3,95,98,19,1,3,2,20,3,1,4,25,29,0,0,0,0,0,0,0,0,0,0,5,0,2,0,10,0,0,2,10,12,322,2,27,-102,136,Austin
2016,7,22,81,1,6,12,83,5,1,7,100,107,40,0,3,5,50,4,0,3,59,62,33,1,3,6,25,1,1,4,32,36,0,0,0,0,0,0,0,0,0,0,8,0,0,1,8,0,0,0,9,9,285,0,22,-107,131,Austin
2017,7,22,81,5,7,6,66,7,2,12,79,91,44,1,3,2,49,3,2,4,54,58,31,4,3,4,13,1,0,7,18,25,0,0,0,0,0,0,0,0,0,0,6,0,1,0,4,3,0,1,7,8,281,2,24,-106,132,Austin
2018,7,22,75,2,3,10,67,9,2,5,86,91,28,1,1,6,35,4,0,2,45,47,32,1,2,4,24,2,1,3,30,33,1,0,0,0,0,0,0,0,0,0,14,0,0,0,8,3,1,0,11,11,265,4,38,-105,133,Austin
2019,7,22,83,2,6,17,97,9,4,8,123,131,53,1,5,17,68,7,2,6,92,98,24,0,0,0,18,1,2,0,19,19,0,0,0,0,0,0,0,0,0,0,6,1,1,0,11,1,0,2,12,14,322,1,28,-104,134,Austin
2020,7,22,50,2,6,14,78,13,2,8,105,113,30,0,5,7,50,7,2,5,64,69,12,2,1,6,20,4,0,3,30,33,2,0,0,0,2,0,0,0,2,2,6,0,0,1,6,2,0,0,9,9,271,5,18,-102,136,Austin
2021,7,22,56,7,9,11,65,12,5,16,88,104,28,4,4,7,42,7,2,8,56,64,22,3,3,3,18,3,3,6,24,30,1,0,0,0,2,0,0,0,2,2,5,0,2,1,3,2,0,2,6,8,249,3,23,-108,130,Austin
2022,7,22,57,4,8,8,105,14,3,12,127,139,31,3,4,4,65,9,0,7,78,85,20,0,2,4,30,4,2,2,38,40,0,0,1,0,1,0,0,1,1,2,6,1,1,0,9,1,1,2,10,12,286,4,27,-107,131,Austin
2023,7,22,65,4,11,13,54,18,5,15,85,100,31,1,3,2,30,10,1,4,42,46,27,2,8,10,19,4,4,10,33,43,0,0,0,0,0,0,0,0,0,0,7,1,0,1,5,4,0,1,10,11,241,0,24,-106,132,Austin
2024,7,22,53,1,7,14,44,25,2,8,83,91,29,1,3,9,23,14,1,4,46,50,19,0,3,5,16,7,1,3,28,31,2,0,0,0,0,0,0,0,0,0,3,0,1,0,5,4,0,1,9,10,232,4,15,-104,134,Austin
2012,8,22,77,4,7,20,119,4,1,11,143,154,49,2,2,12,70,4,1,4,86,90,19,2,4,6,35,0,0,6,41,47,2,0,0,0,1,0,0,0,1,1,7,0,1,2,13,0,0,1,15,16,382,3,31,-74,164,Austin
2013,8,22,101,2,5,14,82,5,3,7,101,108,50,0,2,8,51,2,2,2,61,63,37,1,2,5,19,3,0,3,27,30,2,0,0,1,0,0,0,0,1,1,12,1,1,0,12,0,1,2,12,14,341,7,33,-73,165,Austin
2014,8,22,93,2,5,13,83,4,3,7,100,107,45,0,2,9,53,1,1,2,63,65,30,1,3,2,22,3,2,4,27,31,1,1,0,0,0,0,0,1,0,1,17,0,0,2,8,0,0,0,10,10,322,2,35,-72,166,Austin
2015,8,22,83,0,7,13,91,4,0,7,108,115,33,0,3,7,58,3,0,3,68,71,43,0,3,6,25,1,0,3,32,35,0,0,0,0,0,0,0,0,0,0,7,0,1,0,8,0,0,1,8,9,340,1,27,-71,167,Austin
2016,8,22,79,1,7,12,75,6,0,8,93,101,48,0,3,10,46,4,0,3,60,63,18,1,3,2,21,2,0,4,25,29,2,0,0,0,2,0,0,0,2,2,11,0,1,0,6,0,0,1,6,7,297,8,24,-76,162,Austin
2017,8,22,71,1,3,14,43,2,2,4,59,63,32,1,3,8,30,0,2,4,38,42,27,0,0,5,12,2,0,0,19,19,0,0,0,1,1,0,0,0,2,2,12,0,0,0,0,0,0,0,0,0,226,6,15,-75,163,Austin
2018,8,22,64,1,9,11,76,6,1,10,93,103,35,0,5,6,42,3,0,5,51,56,22,1,3,4,20,3,1,4,27,31,0,0,0,1,0,0,0,0,1,1,7,0,1,0,14,0,0,1,14,15,275,3,33,-74,164,Austin
2019,8,22,75,3,8,9,71,10,2,11,90,101,36,0,5,6,47,5,0,5,58,63,30,1,1,3,19,2,2,2,24,26,1,0,0,0,1,0,0,0,1,1,8,2,2,0,4,3,0,4,7,11,291,5,28,-73,165,Austin
2020,8,22,44,4,7,20,59,9,3,11,88,99,20,1,3,8,41,6,1,4,55,59,19,3,4,11,17,3,1,7,31,38,0,0,0,1,1,0,0,0,2,2,5,0,0,0,0,0,1,0,0,0,249,2,16,-71,167,Austin
2021,8,22,56,2,8,10,57,8,5,10,75,85,31,2,5,5,37,5,2,7,47,54,22,0,2,5,16,3,2,2,24,26,1,0,0,0,0,0,0,0,0,0,2,0,1,0,4,0,1,1,4,5,225,2,9,-77,161,Austin
2022,8,22,38,3,3,15,65,27,3,6,107,113,15,1,0,9,41,13,3,1,63,64,13,2,3,4,20,10,0,5,34,39,1,0,0,0,1,0,0,0,1,1,9,0,0,2,3,4,0,0,9,9,248,5,21,-76,162,Austin
2023,8,22,53,1,5,13,41,19,4,6,73,79,21,1,2,4,27,9,3,3,40,43,27,0,1,6,10,8,1,1,24,25,0,0,0,2,0,1,0,0,3,3,5,0,2,1,4,1,0,2,6,8,217,4,15,-75,163,Austin
2024,8,22,51,1,6,6,51,20,5,7,77,84,25,0,5,3,23,10,2,5,36,41,22,1,0,2,26,9,3,1,37,38,0,0,1,0,1,1,0,1,2,3,4,0,0,1,1,0,0,0,2,2,228,4,11,-73,165,Austin
2012,9,22,87,2,11,14,99,6,2,13,119,132,39,0,5,9,41,1,0,5,51,56,45,2,6,5,51,5,2,8,61,69,0,0,0,0,1,0,0,0,1,1,3,0,0,0,6,0,0,0,6,6,373,1,21,-43,195,Austin
2013,9,22,100,8,8,21,96,6,3,16,123,139,38,0,3,9,52,5,1,3,66,69,51,6,4,12,38,0,2,10,50,60,0,0,0,0,1,0,0,0,1,1,11,2,1,0,5,1,0,3,6,9,355,2,24,-42,196,Austin
2014,9,22,69,2,5,12,74,8,0,7,94,101,32,1,1,11,44,5,0,2,60,62,26,1,4,0,24,3,0,5,27,32,0,0,0,1,0,0,0,0,1,1,11,0,0,0,6,0,0,0,6,6,281,2,21,-41,197,Austin
2015,9,22,84,6,3,22,63,3,1,9,88,97,41,0,2,16,34,0,0,2,50,52,30,6,1,4,20,1,0,7,25,32,0,0,0,1,2,0,0,0,3,3,13,0,0,1,7,2,1,0,10,10,312,4,35,-40,198,Austin
2016,9,22,90,0,4,8,72,6,3,4,86,90,34,0,3,4,38,4,3,3,46,49,48,0,1,2,27,1,0,1,30,31,2,0,0,1,1,0,0,0,2,2,6,0,0,1,6,1,0,0,8,8,332,4,22,-45,193,Austin
2017,9,22,77,3,6,13,56,2,3,9,71,80,32,2,4,6,32,2,2,6,40,46,33,1,2,5,16,0,1,3,21,24,1,0,0,0,1,0,0,0,1,1,11,0,0,2,7,0,0,0,9,9,293,3,31,-44,194,Austin
2018,9,22,70,2,9,12,71,7,2,11,90,101,36,1,5,8,38,4,1,6,50,56,28,1,3,4,27,3,1,4,34,38,1,0,0,0,0,0,0,0,0,0,5,0,1,0,6,0,0,1,6,7,245,1,15,-43,195,Austin
2019,9,22,85,5,12,17,86,8,2,17,111,128,33,1,5,9,39,2,0,6,50,56,41,3,7,8,40,5,2,10,53,63,0,0,0,0,0,0,0,0,0,0,11,1,0,0,7,1,0,1,8,9,320,1,26,-42,196,Austin
2020,9,22,60,1,3,18,67,9,1,4,94,98,31,1,2,7,36,4,0,3,47,50,26,0,1,10,26,5,1,1,41,42,1,0,0,0,0,0,0,0,0,0,2,0,0,1,5,0,0,0,6,6,230,1,13,-40,198,Austin
2021,9,22,54,5,4,8,58,17,5,9,83,92,28,3,2,4,38,11,2,5,53,58,21,2,0,4,14,6,2,2,24,26,1,0,0,0,0,0,0,0,0,0,4,0,2,0,6,0,1,2,6,8,235,3,18,-46,192,Austin
2022,9,22,57,3,8,12,67,10,3,11,89,100,21,1,2,2,30,6,2,3,38,41,31,0,6,9,24,3,1,6,36,42,1,0,0,0,3,0,0,0,3,3,4,2,0,1,10,1,0,2,12,14,242,5,22,-45,193,Austin
2023,9,22,62,3,4,7,53,15,5,7,75,82,31,1,2,3,22,7,1,3,32,35,24,1,2,4,29,8,4,3,41,44,3,0,0,0,1,0,0,0,1,1,4,1,0,0,1,0,0,1,1,2,250,4,11,-44,194,Austin
2024,9,22,58,1,6,7,44,8,4,7,59,66,26,0,2,2,21,5,1,2,28,30,28,0,3,5,17,3,3,3,25,28,3,0,0,0,2,0,0,0,2,2,1,1,1,0,4,0,0,2,4,6,221,7,15,-42,196,Austin
2012,10,22,82,1,7,25,89,4,2,8,118,126,36,1,1,14,47,2,1,2,63,65,38,0,6,11,30,2,1,6,43,49,0,0,0,0,1,0,0,0,1,1,8,0,0,0,11,0,0,0,11,11,312,2,27,-13,225,Austin
2013,10,22,77,2,4,19,93,8,4,6,120,126,35,0,1,10,62,1,2,1,73,74,35,2,2,4,20,5,1,4,29,33,0,0,0,2,0,0,0,0,2,2,7,0,1,3,11,2,1,1,16,17,323,4,34,-12,226,Austin
2014,10,22,80,3,8,14,88,5,2,11,107,118,36,2,4,6,46,2,1,6,54,60,39,1,4,7,26,2,1,5,35,40,1,0,0,0,2,0,0,0,2,2,4,0,0,1,14,1,0,0,16,16,324,4,31,-11,227,Austin
2015,10,22,73,1,6,14,85,2,0,7,101,108,31,1,4,7,39,2,0,5,48,53,36,0,1,6,37,0,0,1,43,44,0,0,0,0,0,0,0,0,0,0,6,0,1,1,9,0,0,1,10,11,295,0,22,-10,228,Austin
2016,10,22,77,3,11,12,74,6,1,14,92,106,33,1,6,6,31,2,0,7,39,46,41,2,5,6,38,3,0,7,47,54,0,0,0,0,0,0,0,0,0,0,3,0,0,0,5,1,1,0,6,6,282,0,15,-15,223,Austin
2017,10,22,83,4,6,13,61,5,1,10,79,89,34,0,0,9,28,2,1,0,39,39,42,4,4,4,29,2,0,8,35,43,1,0,0,0,0,0,0,0,0,0,6,0,2,0,4,1,0,2,5,7,266,1,21,-14,224,Austin
2018,10,22,51,3,6,16,90,5,3,9,111,120,28,0,2,13,49,3,1,2,65,67,21,3,3,3,29,2,2,6,34,40,1,0,0,0,0,0,0,0,0,0,1,0,1,0,12,0,0,1,12,13,256,1,18,-13,225,Austin
2019,10,22,73,1,8,11,65,8,2,9,84,93,34,1,2,7,39,2,2,3,48,51,29,0,3,2,23,6,0,3,31,34,0,0,1,1,0,0,0,1,1,2,10,0,2,1,3,0,0,2,4,6,279,3,21,-12,226,Austin
2020,10,22,56,2,4,11,64,7,3,6,82,88,25,0,3,3,36,3,0,3,42,45,24,2,1,8,21,2,1,3,31,34,0,0,0,0,1,0,0,0,1,1,7,0,0,0,6,2,2,0,8,8,228,1,22,-10,228,Austin
2021,10,22,52,6,5,10,86,10,7,11,106,117,28,4,3,4,49,5,3,7,58,65,21,2,2,6,32,3,3,4,41,45,0,0,0,0,1,1,0,0,2,2,3,0,0,0,4,1,1,0,5,5,261,3,17,-16,222,Austin
2022,10,22,49,0,10,10,58,10,4,10,78,88,21,0,4,2,25,6,3,4,33,37,25,0,6,8,28,2,1,6,38,44,2,0,0,0,0,0,0,0,0,0,1,0,0,0,5,2,0,0,7,7,209,2,12,-15,223,Austin
2023,10,22,54,3,7,5,51,15,2,10,71,81,20,1,4,2,27,7,0,5,36,41,29,2,1,3,21,7,1,3,31,34,1,0,0,0,0,1,0,0,1,1,4,0,2,0,3,0,1,2,3,5,215,2,12,-14,224,Austin
2024,10,22,50,3,5,9,44,18,1,8,71,79,24,2,4,6,24,12,0,6,42,48,23,1,1,2,16,2,1,2,20,22,0,0,0,0,1,1,0,0,2,2,3,0,0,1,3,3,0,0,7,7,203,4,14,-12,226,Austin
2012,11,22,90,3,4,16,75,3,1,7,94,101,37,2,1,6,37,1,0,3,44,47,46,1,2,8,32,1,1,3,41,44,0,0,0,2,1,1,0,0,4,4,7,0,1,0,5,0,0,1,5,6,275,4,20,18,256,Austin
2013,11,22,73,4,4,27,100,8,1,8,135,143,28,1,1,13,46,3,1,2,62,64,38,2,3,11,42,5,0,5,58,63,0,1,0,0,0,0,0,1,0,1,7,0,0,3,12,0,0,0,15,15,310,3,25,19,257,Austin
2014,11,22,87,3,6,16,100,5,0,9,121,130,32,1,0,6,40,4,0,1,50,51,52,2,6,10,56,1,0,8,67,75,0,0,0,0,0,0,0,0,0,0,3,0,0,0,4,0,0,0,4,4,337,0,11,20,258,Austin
2015,11,22,89,0,2,10,75,4,0,2,89,91,31,0,0,6,38,0,0,0,44,44,51,0,1,3,33,3,0,1,39,40,0,0,0,0,1,0,0,0,1,1,7,0,1,1,3,1,0,1,5,6,288,2,21,21,259,Austin
2016,11,22,84,0,4,18,64,3,4,4,85,89,38,0,3,11,42,1,2,3,54,57,40,0,1,5,21,2,2,1,28,29,0,0,0,2,0,0,0,0,2,2,6,0,0,0,1,0,0,0,1,1,265,2,11,16,254,Austin
2017,11,22,79,2,2,11,69,11,0,4,91,95,23,2,2,8,37,5,0,4,50,54,51,0,0,3,27,5,0,0,35,35,0,0,0,0,0,0,0,0,0,0,5,0,0,0,5,1,0,0,6,6,260,0,21,17,255,Austin
2018,11,22,48,0,5,11,49,4,0,5,64,69,12,0,3,5,20,2,0,3,27,30,30,0,1,5,24,2,0,1,31,32,0,0,0,0,0,0,0,0,0,0,6,0,1,1,5,0,0,1,6,7,203,1,17,18,256,Austin
2019,11,22,70,1,6,13,113,10,4,7,136,143,30,0,2,10,47,1,1,2,58,60,34,1,4,1,51,8,3,5,60,65,3,0,0,0,1,1,0,0,2,2,3,0,0,2,14,0,0,0,16,16,337,7,26,19,257,Austin
2020,11,22,62,8,9,17,59,9,4,17,85,102,21,1,4,7,30,3,0,5,40,45,37,7,5,8,27,4,4,12,39,51,0,0,0,1,0,0,0,0,1,1,4,0,0,1,2,2,0,0,5,5,242,1,15,21,259,Austin
2021,11,22,43,3,5,22,60,15,1,8,97,105,17,1,0,3,30,5,0,1,38,39,23,2,4,14,28,10,1,6,52,58,0,0,0,4,1,0,0,0,5,5,3,0,1,1,1,0,0,1,2,3,223,5,11,15,253,Austin
2022,11,22,47,6,4,10,52,11,6,10,73,83,19,1,2,5,23,4,3,3,32,35,25,5,2,4,26,5,3,7,35,42,0,0,0,0,0,1,0,0,1,1,3,0,0,1,3,1,0,0,5,5,209,1,13,16,254,Austin
2023,11,22,28,1,4,12,43,21,1,5,76,81,7,0,1,4,26,6,1,1,36,37,16,1,2,6,12,12,0,3,30,33,2,0,0,1,1,1,0,0,3,3,3,0,1,1,4,2,0,1,7,8,197,7,18,17,255,Austin
2024,11,22,46,1,1,10,57,9,2,2,76,78,18,1,0,4,28,4,1,1,36,37,27,0,1,6,27,4,1,1,37,38,0,0,0,0,0,0,0,0,0,0,1,0,0,0,2,1,0,0,3,3,207,1,7,19,257,Austin
2012,12,22,106,1,5,15,80,5,2,6,100,106,28,1,3,7,39,4,1,4,50,54,73,0,2,7,35,1,1,2,43,45,0,0,0,0,0,0,0,0,0,0,5,0,0,1,6,0,0,0,7,7,334,1,19,48,286,Austin
2013,12,22,89,0,5,21,76,2,1,5,99,104,35,0,0,8,29,1,1,0,38,38,45,0,4,8,38,1,0,4,47,51,0,0,0,0,1,0,0,0,1,1,9,0,1,5,8,0,0,1,13,14,301,3,31,49,287,Austin
2014,12,22,77,2,4,13,80,2,2,6,95,101,31,0,0,8,43,1,2,0,52,52,37,0,4,5,23,1,0,4,29,33,1,0,0,0,1,0,0,0,1,1,8,2,0,0,13,0,0,2,13,15,300,3,32,50,288,Austin
2015,12,22,70,2,4,17,86,5,3,6,108,114,28,0,1,5,47,1,1,1,53,54,34,2,3,9,31,2,2,5,42,47,0,0,0,0,0,0,0,0,0,0,8,0,0,3,8,2,0,0,13,13,288,0,31,51,289,Austin
2016,12,22,85,1,6,13,88,5,3,7,106,113,29,0,2,8,49,1,1,2,58,60,51,1,3,2,30,4,2,4,36,40,0,0,0,0,0,0,0,0,0,0,5,0,1,3,9,0,0,1,12,13,304,0,24,46,284,Austin
2017,12,22,58,8,4,15,72,8,1,12,95,107,16,3,2,9,33,0,1,5,42,47,38,4,1,4,32,6,0,5,42,47,1,0,0,1,0,1,0,0,2,2,3,1,1,1,7,1,0,2,9,11,250,4,16,47,285,Austin
2018,12,22,65,5,5,14,80,8,2,10,102,112,27,1,0,6,41,4,1,1,51,52,31,4,3,8,29,4,1,7,41,48,0,0,0,0,1,0,0,0,1,1,7,0,2,0,9,0,0,2,9,11,273,2,27,48,286,Austin
2019,12,22,75,1,5,10,92,9,1,6,111,117,24,0,2,5,43,3,0,2,51,53,43,1,2,5,38,5,1,3,48,51,1,0,0,0,1,0,0,0,1,1,7,0,1,0,10,1,0,1,11,12,283,2,26,49,287,Austin
2020,12,22,61,2,13,15,78,9,5,15,102,117,22,0,6,9,43,4,3,6,56,62,31,1,7,4,27,4,2,8,35,43,2,0,0,0,0,1,0,0,1,1,6,1,0,2,8,0,0,1,10,11,284,3,23,51,289,Austin
2021,12,22,49,2,9,13,59,14,2,11,86,97,21,0,3,4,25,6,1,3,35,38,26,2,6,9,24,5,0,8,38,46,0,0,0,0,4,1,0,0,5,5,2,0,0,0,6,2,1,0,8,8,223,6,13,45,283,Austin
2022,12,22,40,1,3,8,54,19,2,4,81,85,18,0,1,2,26,13,0,1,41,42,18,1,2,6,23,5,2,3,34,37,0,0,0,0,2,0,0,0,2,2,4,0,0,0,3,1,0,0,4,4,204,2,13,46,284,Austin
2023,12,22,58,1,6,16,69,23,5,7,108,115,20,0,2,10,34,9,2,2,53,55,34,1,4,4,28,11,1,5,43,48,0,0,0,0,0,0,0,0,0,0,4,0,0,2,7,3,2,0,12,12,270,1,26,47,285,Austin
2024,12,22,54,2,2,9,56,11,2,4,76,80,18,0,0,3,33,6,0,0,42,42,32,2,2,5,21,4,2,4,30,34,1,0,0,0,0,1,0,0,1,1,3,0,0,1,2,0,0,0,3,3,221,2,15,49,287,Austin
2012,1,23,77,1,5,30,91,2,0,6,123,129,30,0,1,20,41,2,0,1,63,64,39,1,4,7,38,0,0,5,45,50,0,0,0,1,0,0,0,0,1,1,8,0,0,2,12,0,0,0,14,14,327,1,31,-286,-48,Austin
2013,1,23,84,3,3,25,115,7,1,6,147,153,28,1,2,13,42,4,1,3,59,62,45,2,0,8,52,3,0,2,63,65,1,0,0,0,1,0,0,0,1,1,10,0,1,4,20,0,0,1,24,25,344,2,38,-284,-46,Austin
2014,1,23,52,1,6,18,67,7,2,7,92,99,18,0,1,11,38,2,1,1,51,52,26,1,4,5,20,5,1,5,30,35,0,0,0,0,0,0,0,0,0,0,8,0,1,2,9,0,0,1,11,12,248,0,26,-283,-45,Austin
2015,1,23,84,4,3,9,68,8,2,7,85,92,24,0,0,5,44,6,1,0,55,55,55,2,2,4,18,2,1,4,24,28,1,0,0,0,0,0,0,0,0,0,4,2,1,0,6,0,0,3,6,9,287,2,18,-282,-44,Austin
2016,1,23,92,6,2,14,70,1,1,8,85,93,25,0,2,6,37,1,0,2,44,46,59,6,0,7,28,0,1,6,35,41,1,0,0,0,0,0,0,0,0,0,7,0,0,1,5,0,0,0,6,6,319,2,23,-288,-50,Austin
2017,1,23,65,3,3,17,77,2,0,6,96,102,24,2,0,10,39,2,0,2,51,53,36,0,2,6,26,0,0,2,32,34,0,1,1,0,1,0,0,2,1,3,5,0,0,1,11,0,0,0,12,12,283,5,26,-286,-48,Austin
2018,1,23,60,3,7,10,67,6,1,10,83,93,21,1,2,6,33,1,1,3,40,43,34,1,3,2,23,5,0,4,30,34,0,0,0,0,0,0,0,0,0,0,5,1,2,2,11,0,0,3,13,16,250,0,28,-285,-47,Austin
2019,1,23,66,2,3,11,84,2,1,5,97,102,27,1,1,5,34,0,1,2,39,41,33,0,1,3,40,1,0,1,44,45,0,0,1,1,0,0,0,1,1,2,6,1,0,2,10,1,0,1,13,14,271,3,27,-284,-46,Austin
2020,1,23,67,2,7,14,69,8,7,9,91,100,29,1,1,7,37,5,4,2,49,51,29,1,6,6,29,2,3,7,37,44,0,0,0,1,0,0,0,0,1,1,9,0,0,0,3,1,0,0,4,4,285,1,21,-283,-45,Austin
2021,1,23,64,3,11,14,84,18,4,14,116,130,31,0,2,6,50,9,0,2,65,67,29,3,8,7,28,4,4,11,39,50,0,0,1,0,0,0,0,1,0,1,4,0,0,1,6,5,0,0,12,12,283,1,24,-288,-50,Austin
2022,1,23,44,2,5,13,36,13,5,7,62,69,21,0,2,6,15,3,1,2,24,26,22,2,3,6,19,10,4,5,35,40,0,0,0,0,0,0,0,0,0,0,1,0,0,1,2,0,0,0,3,3,202,0,7,-287,-49,Austin
2023,1,23,45,4,3,10,58,11,4,7,79,86,16,1,1,2,30,6,1,2,38,40,25,2,1,7,24,2,3,3,33,36,0,0,0,0,1,0,0,0,1,1,4,1,1,1,3,3,0,2,7,9,212,1,18,-286,-48,Austin
2024,1,23,36,5,6,16,50,17,2,11,83,94,14,4,3,7,20,5,0,7,32,39,17,1,3,8,24,9,2,4,41,45,0,0,0,0,1,0,0,0,1,1,5,0,0,1,5,3,0,0,9,9,217,2,19,-285,-47,Austin
2012,2,23,92,1,4,21,84,7,0,5,112,117,35,0,3,10,40,4,0,3,54,57,49,1,0,10,34,3,0,1,47,48,0,0,0,0,0,0,0,0,0,0,8,0,1,1,10,0,0,1,11,12,342,1,29,-255,-17,Austin
2013,2,23,91,4,4,14,83,5,1,8,102,110,32,2,2,3,35,2,0,4,40,44,52,2,2,11,43,2,1,4,56,60,1,0,0,0,0,1,0,0,1,1,6,0,0,0,5,0,0,0,5,5,330,3,20,-253,-15,Austin
2014,2,23,87,3,12,10,69,4,1,15,83,98,35,1,5,6,24,2,0,6,32,38,46,1,7,4,33,1,1,8,38,46,1,0,0,0,0,0,0,0,0,0,5,1,0,0,12,1,0,1,13,14,305,2,25,-252,-14,Austin
2015,2,23,76,4,3,17,53,25,0,7,95,102,40,3,3,9,24,19,0,6,52,58,29,1,0,5,24,4,0,1,33,34,0,0,0,0,0,0,0,0,0,0,7,0,0,3,5,2,0,0,10,10,271,1,21,-251,-13,Austin
2016,2,23,74,3,5,12,47,3,1,8,62,70,34,0,1,8,28,1,1,1,37,38,35,3,2,4,16,2,0,5,22,27,1,0,0,0,0,0,0,0,0,0,4,0,2,0,3,0,0,2,3,5,257,4,16,-257,-19,Austin
2017,2,23,77,1,4,14,56,7,1,5,77,82,29,0,0,9,32,2,1,0,43,43,46,1,4,4,23,4,0,5,31,36,0,0,0,1,0,0,0,0,1,1,2,0,0,0,1,1,0,0,2,2,269,1,8,-255,-17,Austin
2018,2,23,74,1,1,9,62,6,1,2,77,79,31,0,1,2,35,2,0,1,39,40,34,1,0,6,22,3,1,1,31,32,1,0,0,0,2,0,0,0,2,2,8,0,0,1,3,1,0,0,5,5,250,3,18,-254,-16,Austin
2019,2,23,63,4,11,10,69,5,3,15,84,99,27,1,6,4,46,2,1,7,52,59,29,2,5,6,20,3,2,7,29,36,0,0,0,0,0,0,0,0,0,0,7,1,0,0,3,0,0,1,3,4,255,3,16,-253,-15,Austin
2020,2,23,88,6,6,10,63,4,3,12,77,89,40,1,1,2,31,3,2,2,36,38,42,5,5,8,29,1,1,10,38,48,2,0,0,0,0,0,0,0,0,0,4,0,0,0,3,0,0,0,3,3,273,3,14,-252,-14,Austin
2021,2,23,61,1,2,14,76,10,2,3,100,103,28,0,0,5,45,6,0,0,56,56,29,1,1,7,25,4,1,2,36,38,1,0,0,1,0,0,0,0,1,1,3,0,1,1,6,0,1,1,7,8,270,2,16,-257,-19,Austin
2022,2,23,46,2,5,11,49,7,2,7,67,74,21,1,2,6,29,5,2,3,40,43,22,1,3,4,12,1,0,4,17,21,1,0,0,0,2,0,0,0,2,2,2,0,0,1,6,1,0,0,8,8,201,4,12,-256,-18,Austin
2023,2,23,44,3,10,13,65,15,2,13,93,106,23,2,7,4,32,7,1,9,43,52,19,0,1,7,27,6,0,1,40,41,0,0,0,1,2,1,0,0,4,4,2,1,2,1,4,1,1,3,6,9,241,7,15,-255,-17,Austin
2024,2,23,62,0,7,7,63,19,7,7,89,96,23,0,2,2,27,11,4,2,40,42,29,0,5,5,32,8,3,5,45,50,2,0,0,0,2,0,0,0,2,2,8,0,0,0,2,0,0,0,2,2,252,4,16,-254,-16,Austin
2012,3,23,100,3,6,24,99,4,2,9,127,136,48,2,1,17,61,3,1,3,81,84,34,1,4,6,30,1,1,5,37,42,0,0,0,1,0,0,0,0,1,1,18,0,1,0,8,0,0,1,8,9,371,1,37,-226,12,Austin
2013,3,23,105,1,5,21,78,4,0,6,103,109,45,0,2,12,37,1,0,2,50,52,49,1,3,9,32,3,0,4,44,48,0,0,0,0,0,0,0,0,0,0,11,0,0,0,9,0,0,0,9,9,325,0,28,-225,13,Austin
2014,3,23,89,0,9,6,59,6,0,9,71,80,38,0,2,3,27,1,0,2,31,33,44,0,6,1,28,4,0,6,33,39,0,0,0,0,0,0,0,0,0,0,7,0,1,2,4,1,0,1,7,8,267,0,21,-224,14,Austin
2015,3,23,78,2,4,10,80,6,0,6,96,102,45,1,1,4,55,3,0,2,62,64,25,1,3,5,19,2,0,4,26,30,0,0,0,0,0,0,0,0,0,0,8,0,0,1,6,1,0,0,8,8,298,1,24,-223,15,Austin
2016,3,23,81,2,4,17,85,3,1,6,105,111,47,2,1,9,57,3,0,3,69,72,29,0,2,5,23,0,1,2,28,30,0,0,0,0,1,0,0,0,1,1,5,0,1,3,4,0,0,1,7,8,306,2,20,-228,10,Austin
2017,3,23,93,1,8,14,64,6,5,9,84,93,47,0,3,10,32,4,1,3,46,49,37,1,4,4,20,2,4,5,26,31,0,0,0,0,3,0,0,0,3,3,9,0,1,0,9,0,0,1,9,10,302,4,31,-227,11,Austin
2018,3,23,87,3,7,4,72,10,1,10,86,96,42,2,3,3,41,3,0,5,47,52,36,1,4,1,21,5,1,5,27,32,0,0,0,0,0,0,0,0,0,0,9,0,0,0,10,2,0,0,12,12,293,0,25,-226,12,Austin
2019,3,23,82,1,6,8,73,4,2,7,85,92,44,0,3,6,47,4,0,3,57,60,27,1,3,2,19,0,1,4,21,25,2,0,0,0,0,0,1,0,0,0,9,0,0,0,7,0,0,0,7,7,270,3,24,-225,13,Austin
2020,3,23,60,1,7,10,63,13,3,8,86,94,29,0,2,5,38,11,2,2,54,56,27,1,2,4,19,0,1,3,23,26,0,0,0,0,0,0,0,0,0,0,4,0,3,1,6,2,0,3,9,12,246,3,22,-223,15,Austin
2021,3,23,54,0,3,4,66,14,1,3,84,87,28,0,1,0,40,8,1,1,48,49,18,0,2,3,20,5,0,2,28,30,0,0,0,0,0,0,0,0,0,0,8,0,0,1,6,1,0,0,8,8,256,0,21,-229,9,Austin
2022,3,23,55,2,12,10,46,8,4,14,64,78,27,1,6,8,34,6,3,7,48,55,21,1,5,2,10,1,1,6,13,19,4,0,0,0,0,1,0,0,1,1,3,0,1,0,2,0,0,1,2,3,231,9,12,-228,10,Austin
2023,3,23,52,9,10,6,64,28,3,19,98,117,27,2,6,3,32,15,0,8,50,58,22,7,4,3,21,12,3,11,36,47,0,0,0,0,0,0,0,0,0,0,3,0,0,0,11,1,0,0,12,12,254,2,19,-227,11,Austin
2024,3,23,66,1,5,10,55,24,4,6,89,95,26,0,4,8,24,14,1,4,46,50,29,0,1,1,27,8,3,1,36,37,1,0,0,0,0,0,0,0,0,0,10,1,0,1,4,2,0,1,7,8,236,2,25,-225,13,Austin
2012,4,23,100,1,4,19,84,6,3,5,109,114,47,1,3,12,59,5,2,4,76,80,45,0,0,7,18,1,1,0,26,26,2,0,0,0,0,0,0,0,0,0,6,0,1,0,7,0,0,1,7,8,353,2,23,-195,43,Austin
2013,4,23,77,3,5,22,92,5,0,8,119,127,47,1,4,14,71,3,0,5,88,93,24,2,1,6,14,2,0,3,22,25,0,0,0,0,0,0,0,0,0,0,6,0,0,2,7,0,0,0,9,9,333,1,22,-194,44,Austin
2014,4,23,86,2,6,17,83,6,2,8,106,114,54,2,3,8,58,3,1,5,69,74,22,0,2,7,21,3,0,2,31,33,0,0,0,0,0,0,0,0,0,0,10,0,1,2,4,0,1,1,6,7,313,0,24,-193,45,Austin
2015,4,23,85,0,8,15,79,10,2,8,104,112,44,0,6,9,54,8,2,6,71,77,30,0,1,4,19,2,0,1,25,26,0,0,0,1,0,0,0,0,1,1,11,0,1,1,6,0,0,1,7,8,298,2,25,-192,46,Austin
2016,4,23,95,3,7,14,82,11,3,10,107,117,49,1,3,10,56,7,1,4,73,77,37,2,4,4,23,3,1,6,30,36,0,0,0,0,0,0,0,0,0,0,9,0,0,0,3,1,1,0,4,4,322,0,22,-197,41,Austin
2017,4,23,73,8,6,12,56,6,5,14,74,88,34,0,4,7,35,4,2,4,46,50,31,8,2,4,20,2,2,10,26,36,0,0,0,0,0,0,1,0,0,0,8,0,0,1,1,0,0,0,2,2,263,1,19,-196,42,Austin
2018,4,23,79,3,9,8,77,7,3,12,92,104,42,2,3,3,59,5,2,5,67,72,23,1,4,4,15,1,1,5,20,25,1,0,0,0,0,0,0,0,0,0,13,0,2,1,3,1,0,2,5,7,292,2,24,-195,43,Austin
2019,4,23,73,1,3,15,78,6,3,4,99,103,41,1,3,7,57,3,3,4,67,71,23,0,0,6,19,2,0,0,27,27,0,0,0,0,0,0,0,0,0,0,9,0,0,2,2,1,0,0,5,5,261,0,19,-194,44,Austin
2020,4,23,63,4,10,13,80,8,1,14,101,115,40,0,5,7,52,2,0,5,61,66,19,4,4,6,21,5,1,8,32,40,0,0,0,0,1,0,0,0,1,1,4,0,1,0,6,1,0,1,7,8,274,1,22,-192,46,Austin
2021,4,23,61,0,6,13,72,14,5,6,99,105,34,0,5,9,46,12,3,5,67,72,22,0,1,4,23,2,1,1,29,30,0,0,0,0,0,0,0,0,0,0,5,0,0,0,3,0,1,0,3,3,262,0,15,-198,40,Austin
2022,4,23,62,1,9,18,50,14,1,10,82,92,40,1,3,8,31,7,1,4,46,50,17,0,4,7,18,4,0,4,29,33,1,0,0,0,0,0,0,0,0,0,4,0,2,3,1,3,0,2,7,9,249,1,20,-197,41,Austin
2023,4,23,51,2,9,9,73,9,2,11,91,102,23,1,3,2,35,5,1,4,42,46,24,1,6,5,36,4,1,7,45,52,0,0,0,0,0,0,0,0,0,0,4,0,0,2,2,0,0,0,4,4,231,1,16,-196,42,Austin
2024,4,23,68,6,5,8,45,14,3,11,67,78,36,3,3,6,22,9,2,6,37,43,26,2,1,2,19,4,1,3,25,28,1,0,0,0,2,1,0,0,3,3,5,1,1,0,2,0,0,2,2,4,233,4,17,-194,44,Austin
2012,5,23,91,3,4,19,109,5,2,7,133,140,55,1,3,15,70,2,1,4,87,91,29,2,0,1,28,2,1,2,31,33,1,0,0,0,1,0,0,0,1,1,6,0,1,3,10,1,0,1,14,15,363,2,33,-165,73,Austin
2013,5,23,94,0,3,13,86,5,1,3,104,107,56,0,0,11,51,4,1,0,66,66,27,0,2,2,27,1,0,2,30,32,0,0,0,0,0,0,0,0,0,0,11,0,1,0,8,0,0,1,8,9,349,0,32,-164,74,Austin
2014,5,23,97,3,3,16,85,6,0,6,107,113,54,2,1,13,61,5,0,3,79,82,31,1,2,2,21,1,0,3,24,27,0,0,0,0,0,0,0,0,0,0,12,0,0,1,3,0,0,0,4,4,350,1,23,-163,75,Austin
2015,5,23,73,4,6,11,98,1,3,10,110,120,39,0,4,3,64,1,0,4,68,72,29,3,2,6,30,0,3,5,36,41,0,0,0,0,0,0,0,0,0,0,5,1,0,2,4,0,0,1,6,7,307,0,16,-162,76,Austin
2016,5,23,80,3,5,15,76,4,4,8,95,103,45,1,5,8,49,2,3,6,59,65,30,2,0,7,20,2,1,2,29,31,1,0,0,0,0,0,0,0,0,0,4,0,0,0,7,0,0,0,7,7,303,1,19,-167,71,Austin
2017,5,23,76,2,2,20,68,6,1,4,94,98,48,1,2,16,44,2,1,3,62,65,23,1,0,3,16,2,0,1,21,22,0,0,0,1,0,0,0,0,1,1,5,0,0,0,8,2,0,0,10,10,292,1,21,-166,72,Austin
2018,5,23,83,1,4,3,69,8,3,5,80,85,54,1,0,2,45,5,1,1,52,53,20,0,1,1,20,3,1,1,24,25,0,0,0,0,1,0,0,0,1,1,9,0,3,0,3,0,1,3,3,6,268,1,25,-165,73,Austin
2019,5,23,68,4,4,13,89,8,2,8,110,118,45,3,3,7,66,4,2,6,77,83,17,1,1,6,17,3,0,2,26,28,1,0,0,0,0,0,0,0,0,0,5,0,0,0,6,1,0,0,7,7,298,1,20,-164,74,Austin
2020,5,23,79,5,7,15,61,10,1,12,86,98,44,1,4,8,47,6,0,5,61,66,29,4,3,6,11,2,1,7,19,26,0,0,0,0,0,1,0,0,1,1,6,0,0,1,3,1,0,0,5,5,312,1,20,-162,76,Austin
2021,5,23,58,6,9,9,63,15,1,15,87,102,29,5,3,7,40,11,0,8,58,66,26,0,3,2,14,3,1,3,19,22,0,0,0,0,0,0,0,0,0,0,3,1,3,0,9,1,0,4,10,14,243,0,21,-168,70,Austin
2022,5,23,60,3,8,12,59,11,2,11,82,93,33,3,6,9,41,8,1,9,58,67,21,0,1,3,13,0,1,1,16,17,1,0,1,0,1,0,0,1,1,2,5,0,0,0,4,3,0,0,7,7,263,3,16,-167,71,Austin
2023,5,23,63,3,9,9,58,14,5,12,81,93,33,3,6,5,36,11,5,9,52,61,22,0,3,4,17,2,0,3,23,26,0,0,0,0,1,0,0,0,1,1,8,0,0,0,4,1,0,0,5,5,250,1,21,-166,72,Austin
2024,5,23,57,4,8,13,47,13,4,12,73,85,25,2,4,7,24,7,2,6,38,44,25,1,3,6,18,5,1,4,29,33,0,0,0,0,0,1,0,0,1,1,7,1,1,0,5,0,1,2,5,7,230,1,24,-164,74,Austin
2012,6,23,94,2,7,22,102,9,5,9,133,142,44,0,1,13,53,6,2,1,72,73,43,2,5,6,37,2,3,7,45,52,0,0,0,0,0,0,0,0,0,0,7,0,1,3,12,1,0,1,16,17,408,0,35,-134,104,Austin
2013,6,23,92,5,6,8,91,4,0,11,103,114,49,2,4,4,45,3,0,6,52,58,36,2,1,2,38,1,0,3,41,44,0,0,0,0,0,0,0,0,0,0,7,1,1,2,8,0,0,2,10,12,320,0,34,-133,105,Austin
2014,6,23,100,2,5,17,74,7,1,7,98,105,62,1,2,16,52,5,1,3,73,76,22,1,2,1,15,1,0,3,17,20,0,0,0,0,0,0,0,0,0,0,16,0,1,0,7,1,0,1,8,9,324,0,34,-132,106,Austin
2015,6,23,76,4,0,18,74,5,0,4,97,101,36,2,0,14,60,2,0,2,76,78,29,2,0,4,11,2,0,2,17,19,1,0,0,0,0,0,0,0,0,0,10,0,0,0,3,1,0,0,4,4,268,1,23,-131,107,Austin
2016,6,23,62,2,4,20,90,4,1,6,114,120,30,1,2,16,65,2,1,3,83,86,22,1,2,2,17,0,0,3,19,22,0,0,0,0,0,0,0,0,0,0,10,0,0,2,8,2,0,0,12,12,281,2,31,-136,102,Austin
2017,6,23,70,3,8,5,83,5,4,11,93,104,37,2,5,3,57,3,2,7,63,70,27,1,3,1,19,2,2,4,22,26,0,0,0,0,0,0,0,0,0,0,6,0,0,1,7,0,0,0,8,8,299,1,29,-135,103,Austin
2018,6,23,73,6,5,10,76,1,1,11,87,98,36,4,3,5,56,1,0,7,62,69,27,1,2,4,11,0,1,3,15,18,2,0,0,0,0,0,0,0,0,0,8,1,0,1,9,0,0,1,10,11,265,2,27,-134,104,Austin
2019,6,23,76,1,6,5,72,0,2,7,77,84,44,0,2,2,42,0,0,2,44,46,24,0,3,2,23,0,2,3,25,28,0,0,0,0,0,0,0,0,0,0,8,1,1,1,7,0,0,2,8,10,263,0,26,-133,105,Austin
2020,6,23,68,4,5,14,57,13,1,9,84,93,44,0,3,9,39,8,0,3,56,59,17,4,2,4,12,3,0,6,19,25,1,0,0,0,2,1,0,0,3,3,6,0,0,1,4,1,1,0,6,6,247,4,21,-131,107,Austin
2021,6,23,49,8,5,17,74,15,4,13,106,119,30,3,3,11,50,13,3,6,74,80,15,4,2,6,15,1,1,6,22,28,0,0,0,0,0,0,0,0,0,0,4,1,0,0,9,1,0,1,10,11,257,1,22,-137,101,Austin
2022,6,23,51,2,12,8,86,14,2,14,108,122,30,1,6,1,56,10,2,7,67,74,15,1,3,5,26,3,0,4,34,38,1,0,0,1,0,0,0,0,1,1,5,0,3,1,4,1,0,3,6,9,261,3,24,-136,102,Austin
2023,6,23,75,1,4,15,63,15,1,5,93,98,43,0,2,11,38,8,1,2,57,59,24,1,2,3,19,7,0,3,29,32,1,0,0,1,2,0,0,0,3,3,7,0,0,0,4,0,0,0,4,4,259,4,16,-135,103,Austin
2024,6,23,58,2,10,14,54,11,5,12,79,91,29,1,5,5,37,5,3,6,47,53,24,0,5,8,14,4,2,5,26,31,0,0,0,0,0,0,0,0,0,0,5,1,0,1,3,2,0,1,6,7,248,1,21,-133,105,Austin
2012,7,23,96,2,2,21,96,3,1,4,120,124,56,0,2,17,67,2,1,2,86,88,33,2,0,3,14,1,0,2,18,20,0,0,0,1,1,0,0,0,2,2,7,0,0,0,14,0,0,0,14,14,340,3,29,-104,134,Austin
2013,7,23,90,2,6,13,81,7,2,8,101,109,51,0,2,7,55,6,2,2,68,70,30,1,4,6,16,0,0,5,22,27,2,1,0,0,0,1,0,1,1,2,7,0,0,0,10,0,0,0,10,10,312,4,30,-103,135,Austin
2014,7,23,88,2,1,19,98,3,0,3,120,123,48,0,1,15,65,1,0,1,81,82,27,2,0,2,22,2,0,2,26,28,2,0,0,1,0,0,0,0,1,1,11,0,0,1,11,0,0,0,12,12,338,5,28,-102,136,Austin
2015,7,23,68,1,6,12,94,4,2,7,110,117,38,0,3,9,60,2,2,3,71,74,20,1,3,2,25,2,0,4,29,33,1,0,0,1,0,0,0,0,1,1,9,0,0,0,9,0,0,0,9,9,306,3,28,-101,137,Austin
2016,7,23,102,3,6,9,81,4,1,9,94,103,42,1,4,7,48,2,1,5,57,62,49,2,2,1,26,1,0,4,28,32,1,0,0,0,0,0,0,0,0,0,10,0,0,1,7,1,0,0,9,9,325,1,32,-106,132,Austin
2017,7,23,93,0,11,7,72,8,1,11,87,98,46,0,4,5,44,6,1,4,55,59,38,0,5,2,19,1,0,5,22,27,0,0,1,0,0,1,0,1,1,2,9,0,1,0,9,0,0,1,9,10,281,3,20,-105,133,Austin
2018,7,23,67,0,8,17,62,5,1,8,84,92,38,0,4,10,41,4,0,4,55,59,23,0,3,7,19,1,1,3,27,30,0,0,0,0,0,0,0,0,0,0,6,0,1,0,2,0,0,1,2,3,255,1,19,-104,134,Austin
2019,7,23,69,1,6,13,74,7,4,7,94,101,44,0,3,7,46,5,4,3,58,61,16,1,1,4,22,2,0,2,28,30,1,0,0,0,0,0,0,0,0,0,8,0,2,2,6,0,0,2,8,10,268,1,31,-103,135,Austin
2020,7,23,56,1,13,12,62,8,4,14,82,96,33,0,10,7,40,4,0,10,51,61,16,1,2,4,16,2,4,3,22,25,1,0,0,0,2,1,0,0,3,3,6,0,1,1,4,1,0,1,6,7,254,4,22,-101,137,Austin
2021,7,23,45,4,8,20,54,10,3,12,84,96,26,4,3,12,34,8,1,7,54,61,16,0,3,5,17,1,2,3,23,26,0,0,1,0,0,0,0,1,0,1,3,0,1,3,3,1,0,1,7,8,238,1,22,-107,131,Austin
2022,7,23,39,4,9,15,85,9,7,13,109,122,18,2,4,5,53,8,4,6,66,72,14,2,4,8,26,1,3,6,35,41,0,0,0,2,1,0,0,0,3,3,7,0,1,0,5,0,0,1,5,6,250,5,16,-106,132,Austin
2023,7,23,65,1,14,11,46,14,0,15,71,86,28,0,8,3,20,8,0,8,31,39,33,1,6,8,22,4,0,7,34,41,0,0,0,0,0,0,0,0,0,0,4,0,0,0,4,2,0,0,6,6,241,0,14,-105,133,Austin
2024,7,23,65,3,4,16,55,13,1,7,84,91,37,2,2,6,32,8,1,4,46,50,17,1,0,8,12,2,0,1,22,23,2,0,0,1,0,0,0,0,1,1,9,0,2,1,11,3,0,2,15,17,238,4,33,-103,135,Austin
2012,8,23,93,4,6,13,95,4,2,10,112,122,51,0,1,8,55,1,1,1,64,65,33,4,5,4,29,2,1,9,35,44,0,0,0,0,0,0,0,0,0,0,9,0,0,1,11,1,0,0,13,13,359,0,26,-73,165,Austin
2013,8,23,93,0,4,16,96,5,2,4,117,121,41,0,3,10,57,4,0,3,71,74,42,0,1,6,31,1,2,1,38,39,0,0,0,0,0,0,0,0,0,0,10,0,0,0,8,0,0,0,8,8,369,1,29,-72,166,Austin
2014,8,23,94,2,4,5,76,3,3,6,84,90,40,0,1,2,45,2,0,1,49,50,47,1,1,2,25,1,3,2,28,30,1,0,1,0,0,0,0,1,0,1,6,1,1,1,6,0,0,2,7,9,319,3,21,-71,167,Austin
2015,8,23,97,4,8,2,66,6,1,12,74,86,45,1,2,0,43,4,0,3,47,50,42,3,6,1,20,2,1,9,23,32,2,0,0,0,0,0,0,0,0,0,8,0,0,1,3,0,0,0,4,4,302,3,25,-70,168,Austin
2016,8,23,79,0,5,13,88,5,3,5,106,111,41,0,4,10,52,4,3,4,66,70,30,0,1,3,28,1,0,1,32,33,1,0,0,0,0,0,0,0,0,0,7,0,0,0,8,0,0,0,8,8,279,2,20,-75,163,Austin
2017,8,23,65,2,6,5,83,3,3,8,91,99,30,0,4,3,50,3,2,4,56,60,28,2,2,1,29,0,1,4,30,34,0,0,0,0,1,0,0,0,1,1,7,0,0,1,3,0,0,0,4,4,281,1,16,-74,164,Austin
2018,8,23,76,3,6,12,70,4,4,9,86,95,35,1,2,8,43,3,2,3,54,57,32,2,3,4,24,1,2,5,29,34,0,0,0,0,0,0,0,0,0,0,9,0,1,0,3,0,0,1,3,4,255,1,24,-73,165,Austin
2019,8,23,91,1,2,20,83,8,0,3,111,114,45,0,0,11,53,4,0,0,68,68,38,1,1,7,25,4,0,2,36,38,0,0,0,0,1,0,0,0,1,1,8,0,1,2,4,0,0,1,6,7,316,2,26,-72,166,Austin
2020,8,23,57,2,3,13,69,14,0,5,96,101,29,0,2,5,42,9,0,2,56,58,22,2,1,8,23,5,0,3,36,39,1,0,0,0,0,0,0,0,0,0,5,0,0,0,4,0,0,0,4,4,243,1,14,-70,168,Austin
2021,8,23,49,3,11,12,69,8,3,14,89,103,20,0,4,8,47,5,2,4,60,64,22,3,7,3,14,2,1,10,19,29,1,0,0,0,1,0,0,0,1,1,6,0,0,1,7,1,0,0,9,9,236,2,21,-76,162,Austin
2022,8,23,45,1,7,9,65,9,3,8,83,91,29,0,1,4,33,5,1,1,42,43,11,1,3,5,26,3,1,4,34,38,0,0,0,0,2,0,0,0,2,2,5,0,3,0,4,1,1,3,5,8,207,3,16,-75,163,Austin
2023,8,23,57,0,9,13,69,20,2,9,102,111,24,0,2,4,41,12,1,2,57,59,25,0,4,8,24,7,1,4,39,43,1,0,0,0,1,0,0,0,1,1,7,0,3,1,3,1,0,3,5,8,241,2,19,-74,164,Austin
2024,8,23,57,0,0,12,61,18,3,0,91,91,29,0,0,8,34,10,2,0,52,52,21,0,0,4,24,7,1,0,35,35,1,0,0,0,2,0,0,0,2,2,6,0,0,0,1,1,0,0,2,2,229,3,15,-72,166,Austin
2012,9,23,91,5,6,13,100,15,4,11,128,139,36,2,2,7,49,7,2,4,63,67,46,3,3,4,44,8,2,6,56,62,1,0,0,1,0,0,0,0,1,1,8,0,1,1,7,0,0,1,8,9,371,2,23,-42,196,Austin
2013,9,23,86,0,3,17,93,5,1,3,115,118,49,0,2,13,45,2,0,2,60,62,26,0,0,2,35,2,0,0,39,39,1,0,0,1,1,0,1,0,2,2,10,0,1,1,12,1,0,1,14,15,323,6,33,-41,197,Austin
2014,9,23,88,2,1,12,71,5,1,3,88,91,46,0,1,9,50,5,1,1,64,65,37,2,0,3,17,0,0,2,20,22,0,0,0,0,0,0,0,0,0,0,5,0,0,0,4,0,0,0,4,4,293,0,17,-40,198,Austin
2015,9,23,73,1,4,11,70,2,3,5,83,88,36,0,1,9,46,2,1,1,57,58,28,0,3,2,21,0,1,3,23,26,1,0,0,0,1,0,0,0,1,1,8,1,0,0,2,0,1,1,2,3,284,2,18,-39,199,Austin
2016,9,23,72,2,6,13,60,2,1,8,75,83,24,1,4,10,43,0,0,5,53,58,39,1,1,1,13,2,1,2,16,18,1,0,0,1,0,0,0,0,1,1,8,0,1,1,4,0,0,1,5,6,293,3,19,-44,194,Austin
2017,9,23,85,3,10,10,63,3,4,13,76,89,42,1,5,6,34,0,2,6,40,46,35,2,5,2,22,3,1,7,27,34,0,0,0,1,2,0,0,0,3,3,8,0,0,1,5,0,1,0,6,6,287,3,22,-43,195,Austin
2018,9,23,86,2,4,11,74,9,0,6,94,100,36,1,2,5,48,4,0,3,57,60,45,0,2,4,24,4,0,2,32,34,0,0,0,0,0,0,0,0,0,0,5,1,0,2,2,1,0,1,5,6,283,2,17,-42,196,Austin
2019,9,23,73,6,5,21,86,6,1,11,113,124,40,3,2,8,52,3,1,5,63,68,26,2,2,10,26,3,0,4,39,43,0,0,0,2,2,0,0,0,4,4,7,1,1,1,6,0,0,2,7,9,300,5,20,-41,197,Austin
2020,9,23,56,1,9,10,85,17,4,10,112,122,25,0,3,2,44,9,1,3,55,58,24,1,4,8,32,6,1,5,46,51,1,0,0,0,3,0,1,0,3,3,6,0,2,0,6,2,1,2,8,10,268,6,21,-39,199,Austin
2021,9,23,49,9,9,9,61,12,4,18,82,100,23,2,4,6,43,4,1,6,53,59,22,7,4,3,17,6,2,11,26,37,1,0,0,0,1,0,0,0,1,1,3,0,1,0,0,2,1,1,2,3,244,3,15,-45,193,Austin
2022,9,23,54,2,8,8,75,14,4,10,97,107,23,2,3,2,42,10,2,5,54,59,25,0,5,6,30,3,2,5,39,44,0,0,0,0,1,0,0,0,1,1,6,0,0,0,2,1,0,0,3,3,267,3,12,-44,194,Austin
2023,9,23,50,4,14,11,67,24,1,18,102,120,19,2,4,5,38,6,1,6,49,55,25,2,10,6,24,15,0,12,45,57,0,0,0,0,1,0,0,0,1,1,6,0,0,0,4,3,0,0,7,7,268,2,18,-43,195,Austin
2024,9,23,47,1,2,9,48,6,2,3,63,66,24,0,1,5,25,4,1,1,34,35,17,1,1,4,16,2,1,2,22,24,0,0,0,0,0,0,0,0,0,0,6,0,0,0,7,0,0,0,7,7,185,0,18,-41,197,Austin
2012,10,23,76,4,3,20,84,6,0,7,110,117,30,0,0,15,48,3,0,0,66,66,40,4,2,5,24,2,0,6,31,37,0,0,0,0,0,0,0,0,0,0,6,0,1,0,12,1,0,1,13,14,313,1,28,-12,226,Austin
2013,10,23,69,0,7,17,86,7,2,7,110,117,36,0,4,13,51,4,0,4,68,72,27,0,2,4,25,3,0,2,32,34,0,0,1,0,0,0,0,1,0,1,6,0,0,0,10,0,2,0,10,10,296,1,22,-11,227,Austin
2014,10,23,73,1,2,14,80,3,4,3,97,100,33,0,0,6,40,1,1,0,47,47,29,1,1,6,35,2,3,2,43,45,0,0,0,1,0,0,0,0,1,1,11,0,1,1,5,0,0,1,6,7,290,2,23,-10,228,Austin
2015,10,23,69,1,3,15,83,9,1,4,107,111,29,0,1,11,47,4,1,1,62,63,35,1,2,4,28,3,0,3,35,38,1,0,0,0,1,0,0,0,1,1,4,0,0,0,7,2,0,0,9,9,284,3,20,-9,229,Austin
2016,10,23,87,4,7,10,81,3,1,11,94,105,34,2,4,4,39,0,1,6,43,49,44,2,3,3,37,3,0,5,43,48,2,0,0,0,0,0,0,0,0,0,7,0,0,3,5,0,0,0,8,8,302,2,23,-14,224,Austin
2017,10,23,80,1,10,10,61,8,1,11,79,90,40,0,3,8,32,3,0,3,43,46,33,1,7,1,18,5,1,8,24,32,1,0,0,1,1,0,0,0,2,2,6,0,0,0,10,0,0,0,10,10,277,4,23,-13,225,Austin
2018,10,23,54,2,3,17,96,8,1,5,121,126,24,0,1,8,51,4,1,1,63,64,22,1,2,8,33,3,0,3,44,47,1,0,0,0,0,0,0,0,0,0,7,1,0,1,12,1,0,1,14,15,275,1,31,-12,226,Austin
2019,10,23,65,1,3,12,70,7,4,4,89,93,28,0,1,4,45,3,2,1,52,53,28,1,2,4,18,3,2,3,25,28,0,0,0,3,3,0,0,0,6,6,9,0,0,1,4,1,0,0,6,6,264,9,18,-11,227,Austin
2020,10,23,70,1,4,18,69,11,2,5,98,103,25,0,2,8,36,6,0,2,50,52,38,1,2,9,27,4,1,3,40,43,3,0,0,0,0,0,0,0,0,0,4,0,0,1,6,1,1,0,8,8,264,7,17,-9,229,Austin
2021,10,23,49,5,3,5,68,12,6,8,85,93,20,3,0,3,35,6,2,3,44,47,26,2,2,0,27,5,4,4,32,36,0,0,0,0,0,0,0,0,0,0,3,0,1,2,6,1,0,1,9,10,238,1,24,-15,223,Austin
2022,10,23,63,3,10,16,59,13,2,13,88,101,32,2,2,5,40,9,1,4,54,58,27,0,8,9,14,2,1,8,25,33,0,1,0,1,0,0,0,1,1,2,4,0,0,1,5,2,0,0,8,8,229,2,15,-14,224,Austin
2023,10,23,40,2,6,15,54,11,2,8,80,88,20,2,4,7,21,8,2,6,36,42,17,0,2,8,26,3,0,2,37,39,1,0,0,0,0,0,0,0,0,0,2,0,0,0,7,0,0,0,7,7,220,1,11,-13,225,Austin
2024,10,23,49,2,7,14,40,9,3,9,63,72,19,2,4,5,25,2,1,6,32,38,27,0,3,8,9,5,2,3,22,25,0,0,0,0,0,0,0,0,0,0,3,0,0,1,6,2,0,0,9,9,213,2,15,-11,227,Austin
2012,11,23,77,6,2,18,102,4,0,8,124,132,34,0,0,11,49,1,0,0,61,61,35,5,2,7,42,3,0,7,52,59,3,0,0,0,0,0,0,0,0,0,5,1,0,0,11,0,0,1,11,12,302,3,20,19,257,Austin
2013,11,23,57,0,2,21,93,7,1,2,121,123,21,0,0,10,49,2,0,0,61,61,31,0,2,8,37,5,1,2,50,52,1,0,0,1,1,0,0,0,2,2,4,0,0,2,6,0,0,0,8,8,269,4,21,20,258,Austin
2014,11,23,81,3,9,9,75,7,2,12,91,103,26,0,3,3,35,3,0,3,41,44,49,3,6,6,35,3,0,9,44,53,1,0,0,0,0,0,0,0,0,0,5,0,0,0,5,1,2,0,6,6,294,2,20,21,259,Austin
2015,11,23,78,2,1,23,88,8,2,3,119,122,29,0,1,15,41,5,1,1,61,62,39,2,0,7,36,1,1,2,44,46,2,0,0,1,2,0,0,0,3,3,8,0,0,0,9,2,0,0,11,11,301,5,25,22,260,Austin
2016,11,23,68,1,9,24,87,5,3,10,116,126,27,0,3,10,49,1,1,3,60,63,39,1,6,10,27,3,2,7,40,47,0,0,0,1,0,0,0,0,1,1,2,0,0,3,11,1,0,0,15,15,296,2,23,17,255,Austin
2017,11,23,64,5,5,5,30,3,2,10,38,48,21,0,0,1,12,1,0,0,14,14,39,3,5,4,16,2,2,8,22,30,1,0,0,0,1,0,0,0,1,1,3,2,0,0,1,0,0,2,1,3,198,2,13,18,256,Austin
2018,11,23,78,2,4,19,81,4,1,6,104,110,22,1,3,5,31,3,1,4,39,43,48,1,1,12,42,1,0,2,55,57,2,0,0,0,0,0,0,0,0,0,6,0,0,2,8,0,0,0,10,10,278,2,24,19,257,Austin
2019,11,23,75,1,10,16,80,14,4,11,110,121,27,0,4,8,36,4,0,4,48,52,41,1,6,8,39,9,4,7,56,63,0,0,0,0,1,0,0,0,1,1,7,0,0,0,4,1,0,0,5,5,286,3,20,20,258,Austin
2020,11,23,64,1,5,15,89,17,4,6,121,127,30,0,2,11,49,7,1,2,67,69,29,1,1,4,33,8,3,2,45,47,1,0,1,0,2,1,0,1,3,4,4,0,1,0,5,1,0,1,6,7,283,6,15,22,260,Austin
2021,11,23,43,7,5,10,57,17,4,12,84,96,15,4,1,2,27,11,2,5,40,45,24,3,4,6,28,6,2,7,40,47,0,0,0,0,0,0,0,0,0,0,4,0,0,2,2,0,0,0,4,4,222,0,15,16,254,Austin
2022,11,23,36,0,6,9,65,15,3,6,89,95,13,0,3,2,27,8,1,3,37,40,21,0,3,6,35,6,2,3,47,50,1,0,0,0,0,0,0,0,0,0,1,0,0,1,3,1,0,0,5,5,208,1,9,17,255,Austin
2023,11,23,51,1,9,11,24,17,0,10,52,62,22,0,2,6,8,9,0,2,23,25,27,1,7,5,13,7,0,8,25,33,0,0,0,0,0,1,0,0,1,1,2,0,0,0,3,0,0,0,3,3,186,2,11,18,256,Austin
2024,11,23,44,0,2,8,66,13,3,2,87,89,14,0,0,3,25,5,0,0,33,33,28,0,2,4,38,8,2,2,50,52,0,0,0,0,0,0,0,0,0,0,2,0,0,1,3,0,1,0,4,4,205,1,10,20,258,Austin
2012,12,23,77,6,4,19,103,4,2,10,126,136,28,0,1,13,42,1,0,1,56,57,43,6,1,4,50,2,2,7,56,63,2,0,1,0,1,0,0,1,1,2,4,0,1,2,10,1,0,1,13,14,326,4,23,49,287,Austin
2013,12,23,80,1,3,16,112,5,1,4,133,137,35,1,2,13,66,3,1,3,82,85,41,0,0,3,27,0,0,0,30,30,0,0,0,0,3,0,0,0,3,3,4,0,1,0,16,2,0,1,18,19,329,6,35,50,288,Austin
2014,12,23,84,1,4,16,80,7,0,5,103,108,33,1,1,9,36,3,0,2,48,50,39,0,3,4,32,3,0,3,39,42,0,0,0,2,2,0,0,0,4,4,12,0,0,1,10,1,0,0,12,12,294,5,26,51,289,Austin
2015,12,23,83,0,3,19,90,9,3,3,118,121,33,0,2,7,43,6,2,2,56,58,41,0,1,7,37,2,1,1,46,47,1,0,0,0,2,0,0,0,2,2,8,0,0,5,8,1,0,0,14,14,318,6,32,52,290,Austin
2016,12,23,80,2,6,23,77,6,0,8,106,114,28,0,3,10,41,4,0,3,55,58,41,2,3,9,30,2,0,5,41,46,1,0,0,0,0,0,0,0,0,0,10,0,0,4,6,0,0,0,10,10,290,1,29,47,285,Austin
2017,12,23,59,1,2,12,72,4,0,3,88,91,15,0,2,4,40,1,0,2,45,47,39,0,0,7,23,2,0,0,32,32,1,0,0,1,1,0,0,0,2,2,4,1,0,0,8,1,0,1,9,10,229,3,18,48,286,Austin
2018,12,23,56,4,1,6,68,4,2,5,78,83,18,0,0,2,30,1,0,0,33,33,31,4,1,3,28,2,2,5,33,38,1,0,0,1,0,0,0,0,1,1,6,0,0,0,10,1,0,0,11,11,217,3,28,49,287,Austin
2019,12,23,59,1,5,8,82,7,2,6,97,103,27,0,1,6,46,4,2,1,56,57,25,1,4,2,28,2,0,5,32,37,0,0,0,0,0,1,0,0,1,1,7,0,0,0,8,0,0,0,8,8,276,1,24,50,288,Austin
2020,12,23,58,3,7,20,75,15,4,10,110,120,24,1,1,9,32,3,2,2,44,46,31,2,5,10,32,10,2,7,52,59,0,0,0,0,1,0,0,0,1,1,3,0,1,1,10,2,0,1,13,14,282,1,23,52,290,Austin
2021,12,23,43,2,2,15,79,13,3,4,107,111,19,1,1,6,39,5,1,2,50,52,18,1,1,8,30,6,2,2,44,46,0,0,0,0,0,0,0,0,0,0,6,0,0,1,10,2,0,0,13,13,252,0,26,46,284,Austin
2022,12,23,46,2,6,17,49,11,3,8,77,85,17,0,1,7,16,3,0,1,26,27,22,2,4,10,24,8,3,6,42,48,0,0,0,0,2,0,0,0,2,2,7,0,1,0,7,0,0,1,7,8,192,4,20,47,285,Austin
2023,12,23,47,4,4,15,55,25,6,8,95,103,15,1,1,4,20,8,1,2,32,34,27,3,3,9,31,15,5,6,55,61,0,0,0,0,0,0,0,0,0,0,5,0,0,2,4,2,0,0,8,8,262,0,18,48,286,Austin
2024,12,23,61,3,6,17,51,10,3,9,78,87,22,1,1,8,33,5,1,2,46,48,37,2,5,9,14,4,2,7,27,34,0,0,0,0,1,1,0,0,2,2,2,0,0,0,3,0,0,0,3,3,229,4,11,50,288,Austin
2012,1,24,91,4,2,25,104,2,0,6,131,137,41,3,0,11,44,1,0,3,56,59,42,1,2,13,41,1,0,3,55,58,1,0,0,0,2,0,0,0,2,2,7,0,0,1,17,0,0,0,18,18,326,3,30,-285,-47,Austin
2013,1,24,76,2,3,17,83,12,1,5,112,117,24,0,0,9,44,4,0,0,57,57,46,2,3,5,33,5,1,5,43,48,0,0,0,0,0,1,0,0,1,1,6,0,0,3,6,2,0,0,11,11,322,2,27,-283,-45,Austin
2014,1,24,67,2,1,11,79,4,2,3,94,97,33,1,0,6,40,3,2,1,49,50,32,1,1,4,33,0,0,2,37,39,0,0,0,0,0,0,0,0,0,0,2,0,0,1,6,1,0,0,8,8,253,0,15,-282,-44,Austin
2015,1,24,81,1,5,16,73,7,4,6,96,102,28,1,1,8,29,3,1,2,40,42,48,0,4,6,41,4,2,4,51,55,0,0,0,0,0,0,0,0,0,0,5,0,0,2,3,0,1,0,5,5,305,1,17,-281,-43,Austin
2016,1,24,78,6,6,13,82,6,1,12,101,113,28,0,2,7,30,2,1,2,39,41,46,6,4,5,47,2,0,10,54,64,0,0,0,0,0,1,0,0,1,1,4,0,0,1,5,1,0,0,7,7,315,2,21,-287,-49,Austin
2017,1,24,91,3,6,8,78,9,3,9,95,104,32,1,2,4,41,6,1,3,51,54,48,1,3,3,31,2,1,4,36,40,1,0,0,0,0,1,0,0,1,1,10,1,1,1,6,0,1,2,7,9,308,3,29,-285,-47,Austin
2018,1,24,70,2,5,9,74,8,0,7,91,98,31,1,3,5,39,3,0,4,47,51,33,1,2,4,29,5,0,3,38,41,0,0,0,0,0,0,0,0,0,0,6,0,0,0,6,0,0,0,6,6,244,0,17,-284,-46,Austin
2019,1,24,70,5,6,10,69,11,2,11,90,101,28,3,4,2,37,3,1,7,42,49,36,2,2,6,27,7,1,4,40,44,0,0,0,0,0,0,0,0,0,0,6,0,0,2,5,1,0,0,8,8,251,1,18,-283,-45,Austin
2020,1,24,60,3,5,10,74,11,2,8,95,103,28,1,1,3,53,4,0,2,60,62,29,1,3,6,17,6,2,4,29,33,0,0,1,0,0,0,0,1,0,1,3,1,0,1,4,1,0,1,6,7,286,1,19,-282,-44,Austin
2021,1,24,60,2,9,7,70,16,1,11,93,104,21,1,5,2,34,9,0,6,45,51,34,1,4,3,32,6,1,5,41,46,0,0,0,0,0,1,0,0,1,1,5,0,0,2,4,0,0,0,6,6,243,1,17,-287,-49,Austin
2022,1,24,73,2,5,18,78,8,1,7,104,111,31,1,3,8,41,2,1,4,51,55,39,0,2,10,34,6,0,2,50,52,1,0,0,0,1,0,0,0,1,1,2,1,0,0,2,0,0,1,2,3,273,3,13,-286,-48,Austin
2023,1,24,53,2,5,8,51,14,0,7,73,80,19,0,4,2,23,8,0,4,33,37,27,1,1,6,21,5,0,2,32,34,0,0,0,0,1,0,0,0,1,1,7,1,0,0,6,1,0,1,7,8,206,1,17,-285,-47,Austin
2024,1,24,53,0,5,8,53,14,1,5,75,80,24,0,3,3,23,7,1,3,33,36,23,0,1,4,26,6,0,1,36,37,0,0,0,1,0,0,0,0,1,1,6,0,1,0,4,1,0,1,5,6,198,1,20,-284,-46,Austin
2012,2,24,80,5,3,22,92,11,2,8,125,133,38,1,2,14,38,7,1,3,59,62,37,3,1,8,40,4,1,4,52,56,2,0,0,0,1,0,0,0,1,1,3,1,0,0,13,0,0,1,13,14,358,4,24,-254,-16,Austin
2013,2,24,88,2,6,15,98,6,1,8,119,127,33,1,1,9,48,3,0,2,60,62,49,0,4,6,44,3,1,4,53,57,0,0,0,0,0,0,0,0,0,0,6,1,1,0,6,0,0,2,6,8,333,1,20,-252,-14,Austin
2014,2,24,74,1,5,10,71,6,2,6,87,93,33,1,0,5,42,3,0,1,50,51,36,0,4,3,26,3,0,4,32,36,1,0,0,0,0,0,0,0,0,0,4,0,1,2,3,0,2,1,5,6,280,4,16,-251,-13,Austin
2015,2,24,73,3,2,6,53,11,0,5,70,75,36,2,1,3,36,6,0,3,45,48,34,1,1,3,15,3,0,2,21,23,0,0,0,0,0,0,0,0,0,0,3,0,0,0,2,2,0,0,4,4,254,2,11,-250,-12,Austin
2016,2,24,76,2,5,11,66,5,3,7,82,89,34,0,1,7,38,1,1,1,46,47,37,2,4,3,21,4,1,6,28,34,1,0,0,0,1,0,0,0,1,1,4,0,0,1,6,0,1,0,7,7,272,2,18,-256,-18,Austin
2017,2,24,68,0,4,19,82,5,3,4,106,110,29,0,1,14,52,3,2,1,69,70,34,0,3,5,22,1,1,3,28,31,1,0,0,0,1,0,0,0,1,1,4,0,0,0,7,1,0,0,8,8,294,3,17,-254,-16,Austin
2018,2,24,64,7,8,10,64,9,2,15,83,98,19,3,1,8,33,5,1,4,46,50,41,3,6,2,24,4,1,9,30,39,0,0,0,0,1,0,0,0,1,1,4,1,1,0,6,0,0,2,6,8,255,2,13,-253,-15,Austin
2019,2,24,68,4,10,10,75,7,1,14,92,106,28,0,7,3,36,6,0,7,45,52,35,4,3,7,31,1,1,7,39,46,1,0,0,0,0,0,0,0,0,0,4,0,0,0,8,0,0,0,8,8,276,1,18,-252,-14,Austin
2020,2,24,79,2,4,13,82,6,1,6,101,107,37,0,2,8,53,4,0,2,65,67,33,2,2,4,23,1,1,4,28,32,1,0,0,1,0,0,0,0,1,1,8,0,0,0,6,1,0,0,7,7,287,3,19,-251,-13,Austin
2021,2,24,68,6,9,9,73,9,2,15,91,106,27,2,7,4,41,5,0,9,50,59,33,4,2,5,27,4,1,6,36,42,0,0,0,0,0,0,0,0,0,0,8,0,0,0,5,0,1,0,5,5,264,0,21,-256,-18,Austin
2022,2,24,46,1,6,17,52,11,5,7,80,87,16,1,4,5,32,8,3,5,45,50,25,0,2,10,17,3,2,2,30,32,1,0,0,0,0,0,0,0,0,0,4,0,0,2,3,0,0,0,5,5,226,1,11,-255,-17,Austin
2023,2,24,59,6,9,21,58,24,5,15,103,118,29,2,0,9,29,11,1,2,49,51,28,4,8,11,25,10,3,12,46,58,0,0,0,0,3,0,0,0,3,3,2,0,1,1,1,3,1,1,5,6,261,4,14,-254,-16,Austin
2024,2,24,61,2,11,7,61,15,2,13,83,96,32,0,4,1,33,12,0,4,46,50,25,2,6,6,26,3,2,8,35,43,1,0,1,0,0,0,0,1,0,1,3,0,0,0,2,0,0,0,2,2,251,2,10,-253,-15,Austin
2012,3,24,92,5,5,14,95,7,0,10,116,126,35,1,2,9,51,3,0,3,63,66,49,4,3,5,29,3,0,7,37,44,1,0,0,0,0,0,0,0,0,0,7,0,0,0,15,1,0,0,16,16,347,1,29,-225,13,Austin
2013,3,24,85,2,6,12,81,2,0,8,95,103,39,0,4,7,44,1,0,4,52,56,37,2,2,5,30,1,0,4,36,40,0,0,0,0,0,0,0,0,0,0,9,0,0,0,7,0,0,0,7,7,301,0,24,-224,14,Austin
2014,3,24,73,2,7,17,75,3,2,9,95,104,33,1,2,11,48,3,1,3,62,65,30,1,5,3,21,0,1,6,24,30,1,0,0,2,1,0,0,0,3,3,9,0,0,1,5,0,0,0,6,6,290,4,22,-223,15,Austin
2015,3,24,91,0,2,22,70,4,2,2,96,98,47,0,1,14,47,2,0,1,63,64,34,0,1,6,18,2,1,1,26,27,1,0,0,0,0,0,0,0,0,0,9,0,0,2,5,0,1,0,7,7,300,2,19,-222,16,Austin
2016,3,24,70,4,5,15,83,6,3,9,104,113,39,1,1,7,47,3,0,2,57,59,28,3,3,7,30,2,2,6,39,45,1,0,0,0,1,1,0,0,2,2,2,0,1,1,5,0,1,1,6,7,278,4,15,-227,11,Austin
2017,3,24,69,3,9,14,67,5,3,12,86,98,34,0,2,6,43,0,1,2,49,51,29,3,5,7,21,2,1,8,30,38,1,0,0,0,0,0,0,0,0,0,5,0,2,1,3,3,1,2,7,9,290,2,27,-226,12,Austin
2018,3,24,77,3,12,8,63,8,2,15,79,94,30,1,4,4,39,4,0,5,47,52,39,2,8,3,21,3,2,10,27,37,2,0,0,0,0,0,0,0,0,0,6,0,0,1,3,1,0,0,5,5,260,2,16,-225,13,Austin
2019,3,24,76,1,8,7,73,4,2,9,84,93,34,1,3,4,43,1,0,4,48,52,31,0,5,3,25,3,2,5,31,36,2,0,0,0,0,0,0,0,0,0,9,0,0,0,5,0,0,0,5,5,258,2,23,-224,14,Austin
2020,3,24,68,4,6,13,60,17,1,10,90,100,36,1,3,8,33,8,1,4,49,53,27,2,3,5,17,6,0,5,28,33,0,0,0,0,0,0,0,0,0,0,5,1,0,0,10,3,0,1,13,14,275,2,30,-222,16,Austin
2021,3,24,63,1,6,6,65,9,3,7,80,87,30,0,4,3,40,6,2,4,49,53,28,1,2,3,15,3,1,3,21,24,0,0,0,0,0,0,0,0,0,0,5,0,0,0,10,0,0,0,10,10,271,1,22,-228,10,Austin
2022,3,24,42,1,5,14,51,19,2,6,84,90,16,0,3,8,31,8,1,3,47,50,20,1,2,5,17,9,1,3,31,34,1,0,0,0,2,0,0,0,2,2,5,0,0,1,1,2,0,0,4,4,204,4,12,-227,11,Austin
2023,3,24,60,3,5,19,62,14,3,8,95,103,25,0,2,7,37,8,0,2,52,54,31,3,3,12,19,5,1,6,36,42,0,0,0,0,1,0,0,0,1,1,4,0,0,0,5,1,2,0,6,6,266,2,24,-226,12,Austin
2024,3,24,51,3,15,13,59,25,2,18,97,115,23,2,7,3,30,16,0,9,49,58,24,1,6,9,25,7,2,7,41,48,0,0,0,0,0,0,0,0,0,0,4,0,2,1,4,2,0,2,7,9,264,0,19,-224,14,Austin
2012,4,24,83,3,2,19,86,4,1,5,109,114,44,1,0,11,54,3,0,1,68,69,31,1,2,4,26,1,1,3,31,34,0,0,0,0,0,0,0,0,0,0,8,1,0,4,6,0,0,1,10,11,296,1,26,-194,44,Austin
2013,4,24,91,1,3,25,71,10,2,4,106,110,49,1,0,18,49,6,1,1,73,74,32,0,3,6,19,4,1,3,29,32,1,0,0,0,0,0,0,0,0,0,9,0,0,1,3,0,0,0,4,4,305,1,24,-193,45,Austin
2014,4,24,86,1,6,12,85,5,0,7,102,109,44,1,2,8,61,2,0,3,71,74,27,0,3,2,17,3,0,3,22,25,0,0,0,0,1,0,0,0,1,1,15,0,1,2,6,0,0,1,8,9,320,1,38,-192,46,Austin
2015,4,24,80,1,8,20,95,6,1,9,121,130,45,1,2,15,62,3,1,3,80,83,25,0,5,3,26,2,0,5,31,36,0,0,0,0,0,0,0,0,0,0,10,0,1,2,7,1,0,1,10,11,322,1,25,-191,47,Austin
2016,4,24,101,5,6,18,69,3,5,11,90,101,49,1,2,9,39,3,2,3,51,54,43,4,3,9,25,0,3,7,34,41,1,0,0,0,1,0,0,0,1,1,8,0,1,0,4,0,0,1,4,5,304,2,23,-196,42,Austin
2017,4,24,88,1,6,21,61,11,1,7,93,100,45,1,3,10,42,4,0,4,56,60,34,0,3,8,13,4,1,3,25,28,0,0,0,1,0,0,0,0,1,1,9,0,0,2,6,3,0,0,11,11,299,1,28,-195,43,Austin
2018,4,24,88,3,5,15,59,6,1,8,80,88,39,0,2,8,40,2,0,2,50,52,38,3,3,7,13,4,1,6,24,30,0,0,0,0,0,0,0,0,0,0,11,0,0,0,6,0,0,0,6,6,266,0,26,-194,44,Austin
2019,4,24,51,5,5,6,77,6,3,10,89,99,28,2,2,5,54,2,2,4,61,65,17,0,2,1,16,3,1,2,20,22,0,0,0,0,0,0,0,0,0,0,6,3,1,0,7,1,0,4,8,12,252,1,24,-193,45,Austin
2020,4,24,48,1,5,13,79,14,1,6,106,112,25,0,2,9,47,11,0,2,67,69,19,1,3,4,28,2,1,4,34,38,0,0,0,0,0,0,0,0,0,0,4,0,0,0,4,1,0,0,5,5,259,2,12,-191,47,Austin
2021,4,24,55,0,9,16,59,8,7,9,83,92,31,0,5,9,35,3,3,5,47,52,19,0,4,6,19,4,3,4,29,33,1,0,0,0,0,1,0,0,1,1,4,0,0,1,5,0,1,0,6,6,242,4,20,-197,41,Austin
2022,4,24,55,9,9,22,56,13,2,18,91,109,27,1,4,12,30,9,1,5,51,56,26,6,4,10,23,3,1,10,36,46,0,1,0,0,0,0,0,1,0,1,2,1,1,0,3,1,0,2,4,6,241,1,12,-196,42,Austin
2023,4,24,52,1,5,6,50,16,1,6,72,78,25,1,5,1,26,9,1,6,36,42,21,0,0,5,20,6,0,0,31,31,0,0,0,0,0,0,0,0,0,0,6,0,0,0,4,1,0,0,5,5,211,0,18,-195,43,Austin
2024,4,24,57,1,9,15,52,24,2,10,91,101,33,1,6,4,25,15,0,7,44,51,18,0,3,11,22,7,2,3,40,43,0,0,0,0,0,0,0,0,0,0,6,0,0,0,5,2,0,0,7,7,237,0,16,-193,45,Austin
2012,5,24,112,2,3,19,99,5,1,5,123,128,72,2,0,14,58,3,0,2,75,77,30,0,2,2,34,2,1,2,38,40,0,0,0,0,1,0,0,0,1,1,10,0,1,3,6,0,0,1,9,10,399,1,33,-164,74,Austin
2013,5,24,89,1,4,20,90,4,0,5,114,119,48,0,0,18,60,1,0,0,79,79,29,1,3,1,25,2,0,4,28,32,0,0,0,0,0,0,0,0,0,0,12,0,1,1,5,1,0,1,7,8,350,0,33,-163,75,Austin
2014,5,24,104,2,6,10,78,4,3,8,92,100,47,1,1,7,52,3,0,2,62,64,48,0,5,3,19,1,3,5,23,28,0,0,0,0,0,0,0,0,0,0,9,1,0,0,7,0,0,1,7,8,341,4,27,-162,76,Austin
2015,5,24,80,1,4,11,65,7,4,5,83,88,41,0,2,7,48,4,3,2,59,61,31,1,2,4,12,3,1,3,19,22,2,0,0,0,0,0,0,0,0,0,6,0,0,0,5,0,0,0,5,5,281,3,19,-161,77,Austin
2016,5,24,88,2,2,7,50,4,1,4,61,65,53,1,1,3,37,3,1,2,43,45,28,1,1,3,9,1,0,2,13,15,0,0,0,0,0,0,0,0,0,0,7,0,0,1,4,0,0,0,5,5,272,2,18,-166,72,Austin
2017,5,24,81,5,1,18,69,6,2,6,93,99,46,2,0,10,49,4,1,2,63,65,30,3,1,4,15,1,1,4,20,24,0,0,0,1,0,0,0,0,1,1,5,0,0,3,5,1,0,0,9,9,289,2,25,-165,73,Austin
2018,5,24,63,3,5,8,46,4,2,8,58,66,32,1,3,6,29,3,2,4,38,42,22,2,1,2,9,1,0,3,12,15,2,0,0,0,0,0,0,0,0,0,7,0,1,0,8,0,0,1,8,9,227,3,23,-164,74,Austin
2019,5,24,65,1,8,10,84,7,1,9,101,110,39,0,5,6,60,4,0,5,70,75,21,1,1,2,21,3,1,2,26,28,0,0,0,0,0,0,0,0,0,0,5,0,2,2,3,0,0,2,5,7,317,0,21,-163,75,Austin
2020,5,24,85,5,4,14,62,8,1,9,84,93,42,2,1,11,43,6,0,3,60,63,36,3,1,3,16,1,1,4,20,24,0,0,0,0,0,0,0,0,0,0,7,0,2,0,3,1,0,2,4,6,288,0,23,-161,77,Austin
2021,5,24,60,0,11,12,62,11,1,11,85,96,33,0,4,9,37,7,0,4,53,57,23,0,5,3,18,3,1,5,24,29,1,0,0,0,0,1,0,0,1,1,3,0,2,0,7,0,0,2,7,9,239,3,16,-167,71,Austin
2022,5,24,63,3,6,13,50,11,3,9,74,83,35,1,4,8,34,9,2,5,51,56,22,1,2,5,14,1,1,3,20,23,0,0,0,0,0,1,0,0,1,1,6,1,0,0,2,0,0,1,2,3,226,1,15,-166,72,Austin
2023,5,24,53,4,2,10,42,26,0,6,78,84,33,3,1,6,21,11,0,4,38,42,16,1,0,4,20,8,0,1,32,33,0,0,0,0,0,1,0,0,1,1,4,0,1,0,1,6,0,1,7,8,224,1,21,-165,73,Austin
2024,5,24,53,5,4,16,58,8,4,9,82,91,26,1,2,6,41,5,3,3,52,55,21,3,1,9,14,3,1,4,26,30,0,0,0,0,0,0,0,0,0,0,6,1,1,1,3,0,0,2,4,6,262,2,18,-163,75,Austin
2012,6,24,78,4,6,17,96,3,4,10,116,126,32,2,4,14,59,1,3,6,74,80,37,2,2,2,32,2,1,4,36,40,0,0,0,0,0,0,0,0,0,0,9,0,0,1,5,0,0,0,6,6,344,0,24,-133,105,Austin
2013,6,24,99,2,4,18,102,3,1,6,123,129,53,1,3,12,67,2,0,4,81,85,36,1,0,3,16,1,1,1,20,21,0,0,0,0,1,0,0,0,1,1,10,0,1,3,18,0,0,1,21,22,361,3,45,-132,106,Austin
2014,6,24,89,4,8,15,85,6,4,12,106,118,57,0,3,10,59,5,1,3,74,77,21,2,3,3,16,1,3,5,20,25,1,0,0,1,0,0,0,0,1,1,10,2,2,1,10,0,0,4,11,15,341,2,34,-131,107,Austin
2015,6,24,76,3,2,17,97,4,2,5,118,123,49,1,1,9,63,1,2,2,73,75,24,1,1,4,20,2,0,2,26,28,1,0,0,1,0,0,0,0,1,1,2,1,0,3,14,1,0,1,18,19,352,3,29,-130,108,Austin
2016,6,24,80,2,5,24,73,10,2,7,107,114,40,1,3,12,48,6,0,4,66,70,28,1,1,11,16,3,1,2,30,32,1,0,0,0,0,1,0,0,1,1,11,0,1,1,9,0,1,1,10,11,335,3,32,-135,103,Austin
2017,6,24,102,4,9,10,60,5,4,13,75,88,52,0,0,5,42,3,1,0,50,50,39,4,7,5,12,2,1,11,19,30,0,0,0,0,0,0,1,0,0,0,11,0,2,0,6,0,1,2,6,8,305,2,31,-134,104,Austin
2018,6,24,79,1,5,16,74,7,1,6,97,103,39,0,2,4,54,3,1,2,61,63,30,1,3,10,14,3,0,4,27,31,1,0,0,0,0,0,0,0,0,0,9,0,0,2,6,1,0,0,9,9,273,1,26,-133,105,Austin
2019,6,24,53,1,2,14,73,5,4,3,92,95,29,1,2,6,49,3,2,3,58,61,16,0,0,8,16,1,2,0,25,25,0,0,0,0,0,0,0,0,0,0,8,0,0,0,8,1,0,0,9,9,226,1,21,-132,106,Austin
2020,6,24,64,4,2,18,76,6,2,6,100,106,32,4,2,5,45,4,0,6,54,60,26,0,0,11,21,2,1,0,34,34,0,0,0,0,2,0,0,0,2,2,6,0,0,2,8,0,1,0,10,10,258,4,31,-130,108,Austin
2021,6,24,55,3,7,12,51,15,7,10,78,88,33,1,7,5,33,10,5,8,48,56,18,1,0,6,12,4,1,1,22,23,0,0,0,0,0,0,0,0,0,0,4,1,0,1,6,1,1,1,8,9,240,1,19,-136,102,Austin
2022,6,24,53,3,9,10,84,14,1,12,108,120,26,2,5,3,51,9,1,7,63,70,19,0,3,7,22,4,0,3,33,36,0,0,0,0,1,0,0,0,1,1,8,1,1,0,10,1,0,2,11,13,271,1,30,-135,103,Austin
2023,6,24,68,1,14,10,73,16,2,15,99,114,37,1,2,4,38,11,2,3,53,56,23,0,9,5,30,5,0,9,40,49,1,0,1,0,0,0,0,1,0,1,7,0,2,1,5,0,0,2,6,8,273,2,24,-134,104,Austin
2024,6,24,57,5,6,8,72,15,4,11,95,106,23,1,4,5,50,11,2,5,66,71,27,4,2,2,12,4,1,6,18,24,1,0,0,0,1,0,0,0,1,1,6,0,0,1,9,0,1,0,10,10,255,2,21,-132,106,Austin
2012,7,24,95,2,3,16,96,1,0,5,113,118,54,1,1,12,65,0,0,2,77,79,33,1,1,3,24,1,0,2,28,30,1,0,0,0,1,0,0,0,1,1,7,0,1,1,6,0,0,1,7,8,323,2,27,-103,135,Austin
2013,7,24,102,3,6,22,91,4,1,9,117,126,53,1,5,16,67,4,1,6,87,93,41,1,0,5,14,0,0,1,19,20,0,1,0,0,0,0,0,1,0,1,8,0,1,1,10,0,0,1,11,12,368,1,30,-102,136,Austin
2014,7,24,67,5,7,21,92,3,2,12,116,128,38,1,5,12,57,0,1,6,69,75,23,4,2,8,27,3,0,6,38,44,0,0,0,0,2,0,0,0,2,2,6,0,0,1,6,0,1,0,7,7,314,3,28,-101,137,Austin
2015,7,24,70,2,7,20,93,8,1,9,121,130,36,1,6,16,75,4,1,7,95,102,26,1,1,3,13,1,0,2,17,19,3,0,0,1,0,0,0,0,1,1,5,0,0,0,5,3,0,0,8,8,322,4,22,-100,138,Austin
2016,7,24,86,6,7,11,66,2,1,13,79,92,38,3,2,8,45,1,0,5,54,59,38,3,2,3,16,1,1,5,20,25,0,0,0,0,0,0,0,0,0,0,10,0,3,0,5,0,0,3,5,8,276,0,25,-105,133,Austin
2017,7,24,95,1,12,13,65,5,3,13,83,96,53,0,7,9,44,3,2,7,56,63,32,1,2,4,12,2,1,3,18,21,0,0,0,0,0,0,0,0,0,0,10,0,3,0,9,0,0,3,9,12,314,2,32,-104,134,Austin
2018,7,24,69,1,5,14,75,5,2,6,94,100,40,1,0,11,49,4,0,1,64,65,20,0,5,1,18,0,2,5,19,24,0,0,0,0,0,0,0,0,0,0,9,0,0,2,8,1,0,0,11,11,247,1,25,-103,135,Austin
2019,7,24,63,2,6,11,75,15,3,8,101,109,37,1,1,5,60,4,3,2,69,71,20,1,4,4,8,7,0,5,19,24,0,0,0,0,0,0,0,0,0,0,6,0,1,2,7,4,0,1,13,14,272,0,27,-102,136,Austin
2020,7,24,53,3,6,18,72,4,3,9,94,103,32,2,3,15,47,1,2,5,63,68,16,0,3,3,19,3,1,3,25,28,0,0,0,0,1,0,0,0,1,1,5,1,0,0,5,0,0,1,5,6,265,1,19,-100,138,Austin
2021,7,24,72,4,7,13,73,8,3,11,94,105,33,2,4,8,45,6,0,6,59,65,28,2,2,3,23,2,3,4,28,32,1,0,0,0,0,0,0,0,0,0,10,0,1,2,5,0,0,1,7,8,247,2,25,-106,132,Austin
2022,7,24,51,1,6,13,77,18,4,7,108,115,27,0,5,8,57,10,1,5,75,80,18,1,1,5,19,5,3,2,29,31,0,0,0,0,0,0,0,0,0,0,6,0,0,0,1,3,0,0,4,4,259,1,17,-105,133,Austin
2023,7,24,52,4,9,12,47,25,0,13,84,97,34,3,3,6,32,18,0,6,56,62,14,1,4,6,13,6,0,5,25,30,0,0,0,0,1,0,0,0,1,1,4,0,2,0,1,1,0,2,2,4,241,2,13,-104,134,Austin
2024,7,24,54,3,1,15,71,19,4,4,105,109,29,1,0,7,43,10,3,1,60,61,16,2,1,8,24,5,0,3,37,40,2,0,0,0,0,1,0,0,1,1,7,0,0,0,4,3,1,0,7,7,263,3,18,-102,136,Austin
2012,8,24,93,0,2,19,113,10,2,2,142,144,41,0,1,14,68,4,2,1,86,87,42,0,1,5,36,4,0,1,45,46,0,0,0,0,0,0,0,0,0,0,10,0,0,0,9,2,0,0,11,11,380,1,30,-72,166,Austin
2013,8,24,101,1,8,20,96,6,2,9,122,131,48,0,2,12,54,2,1,2,68,70,42,1,4,8,34,2,0,5,44,49,0,0,0,0,1,0,0,0,1,1,11,0,2,0,7,2,1,2,9,11,370,1,38,-71,167,Austin
2014,8,24,105,4,8,16,77,6,0,12,99,111,47,1,3,9,51,5,0,4,65,69,43,3,5,5,21,1,0,8,27,35,0,0,0,0,0,0,0,0,0,0,15,0,0,2,5,0,0,0,7,7,336,0,29,-70,168,Austin
2015,8,24,77,4,3,14,81,6,1,7,101,108,38,3,2,10,57,4,1,5,71,76,35,0,1,3,20,2,0,1,25,26,0,0,0,1,0,0,0,0,1,1,4,1,0,0,4,0,0,1,4,5,306,2,16,-69,169,Austin
2016,8,24,80,2,6,9,69,2,2,8,80,88,42,1,0,9,53,0,1,1,62,63,27,1,5,0,13,1,1,6,14,20,1,0,0,0,0,0,0,0,0,0,10,0,1,0,3,1,0,1,4,5,281,4,21,-74,164,Austin
2017,8,24,71,0,7,10,62,5,5,7,77,84,42,0,3,6,38,3,3,3,47,50,26,0,3,3,16,2,1,3,21,24,0,0,0,0,0,0,1,0,0,0,3,0,1,1,8,0,0,1,9,10,268,2,24,-73,165,Austin
2018,8,24,94,2,4,20,88,8,1,6,116,122,47,1,3,17,55,4,0,4,76,80,39,1,1,2,29,4,1,2,35,37,0,0,0,0,0,0,0,0,0,0,8,0,0,1,4,0,0,0,5,5,324,2,20,-72,166,Austin
2019,8,24,69,5,6,15,68,6,1,11,89,100,36,1,2,10,38,3,0,3,51,54,25,4,2,5,26,2,1,6,33,39,0,0,0,0,0,0,0,0,0,0,8,0,2,0,4,1,0,2,5,7,281,0,28,-71,167,Austin
2020,8,24,61,3,4,28,99,10,2,7,137,144,31,2,1,18,64,5,0,3,87,90,25,0,3,9,28,3,2,3,40,43,0,0,0,0,1,0,0,0,1,1,5,1,0,1,6,2,0,1,9,10,298,1,20,-69,169,Austin
2021,8,24,68,3,5,8,61,16,0,8,85,93,39,1,1,5,40,9,0,2,54,56,23,2,3,2,15,6,0,5,23,28,0,0,0,0,0,1,0,0,1,1,6,0,1,1,6,0,0,1,7,8,231,1,20,-75,163,Austin
2022,8,24,64,3,6,16,58,17,4,9,91,100,38,1,1,6,31,10,2,2,47,49,21,1,5,9,22,6,1,6,37,43,1,1,0,0,1,0,0,1,1,2,4,0,0,1,4,1,1,0,6,6,257,3,13,-74,164,Austin
2023,8,24,34,3,5,19,52,16,4,8,87,95,19,2,3,10,36,12,3,5,58,63,12,0,1,9,14,3,1,1,26,27,0,0,0,0,0,0,0,0,0,0,3,1,1,0,2,1,0,2,3,5,217,1,11,-73,165,Austin
2024,8,24,58,2,7,10,38,21,2,9,69,78,26,0,4,9,26,16,0,4,51,55,26,1,2,1,10,3,2,3,14,17,0,0,1,0,0,1,0,1,1,2,6,1,0,0,2,1,0,1,3,4,246,2,14,-71,167,Austin
2012,9,24,90,0,3,25,104,7,0,3,136,139,50,0,1,15,59,2,0,1,76,77,32,0,2,6,40,4,0,2,50,52,0,0,0,0,1,0,0,0,1,1,8,0,0,4,4,1,0,0,9,9,342,2,29,-41,197,Austin
2013,9,24,78,2,4,15,94,5,1,6,114,120,38,0,2,8,49,2,1,2,59,61,32,2,2,4,33,2,0,4,39,43,0,0,0,2,3,0,0,0,5,5,8,0,0,1,9,1,0,0,11,11,323,6,30,-40,198,Austin
2014,9,24,62,0,5,11,90,6,3,5,107,112,33,0,3,7,55,3,3,3,65,68,28,0,2,1,26,3,0,2,30,32,0,0,0,0,1,0,0,0,1,1,1,0,0,3,8,0,0,0,11,11,277,1,15,-39,199,Austin
2015,9,24,75,0,3,8,85,8,1,3,101,104,32,0,2,3,51,4,0,2,58,60,41,0,1,4,31,3,1,1,38,39,0,0,0,0,1,0,0,0,1,1,2,0,0,1,2,1,0,0,4,4,311,2,11,-38,200,Austin
2016,9,24,72,1,11,9,75,5,2,12,89,101,33,0,3,7,38,4,0,3,49,52,32,1,7,2,30,0,2,8,32,40,1,0,1,0,1,0,0,1,1,2,6,0,0,0,6,1,0,0,7,7,296,3,19,-43,195,Austin
2017,9,24,74,4,5,8,63,6,0,9,77,86,36,0,0,6,39,2,0,0,47,47,31,3,5,1,19,3,0,8,23,31,0,1,0,0,0,0,0,1,0,1,7,0,0,1,5,1,0,0,7,7,258,1,22,-42,196,Austin
2018,9,24,77,2,8,12,96,8,2,10,116,126,40,1,5,8,65,2,2,6,75,81,29,1,3,3,23,5,0,4,31,35,0,0,0,0,0,0,0,0,0,0,8,0,0,1,8,1,0,0,10,10,304,0,25,-41,197,Austin
2019,9,24,61,2,7,12,77,5,3,9,94,103,27,1,3,7,55,2,1,4,64,68,26,1,4,4,14,2,2,5,20,25,0,0,0,0,0,0,0,0,0,0,8,0,0,1,8,1,0,0,10,10,269,0,29,-40,198,Austin
2020,9,24,68,3,10,13,62,14,1,13,89,102,38,1,3,7,36,5,1,4,48,52,25,2,6,5,20,7,0,8,32,40,1,0,0,0,4,0,0,0,4,4,4,0,1,1,2,2,0,1,5,6,251,5,17,-38,200,Austin
2021,9,24,47,2,6,12,61,10,4,8,83,91,28,0,4,7,38,5,1,4,50,54,14,2,2,4,22,5,2,4,31,35,1,0,0,0,1,0,1,0,1,1,4,0,0,1,0,0,0,0,1,1,217,6,14,-44,194,Austin
2022,9,24,60,4,7,10,73,18,4,11,101,112,26,1,0,5,39,9,1,1,53,54,28,3,7,5,28,9,2,10,42,52,1,0,0,0,0,0,0,0,0,0,5,0,0,0,6,0,1,0,6,6,261,4,14,-43,195,Austin
2023,9,24,61,3,10,8,50,19,5,13,77,90,28,2,6,3,19,11,2,8,33,41,32,1,4,5,29,6,2,5,40,45,0,0,0,0,0,0,0,0,0,0,1,0,0,0,2,2,1,0,4,4,260,0,11,-42,196,Austin
2024,9,24,63,2,5,5,51,14,6,7,70,77,34,1,4,2,24,8,3,5,34,39,23,1,1,2,21,4,2,2,27,29,2,0,0,1,1,1,0,0,3,3,4,0,0,0,5,1,1,0,6,6,235,5,19,-40,198,Austin
2012,10,24,84,1,2,19,63,9,2,3,91,94,44,0,2,9,31,5,0,2,45,47,35,1,0,10,26,4,2,1,40,41,0,0,0,0,0,0,0,0,0,0,5,0,0,0,6,0,0,0,6,6,323,2,23,-11,227,Austin
2013,10,24,79,1,4,25,109,5,1,5,139,144,24,1,1,16,62,1,1,2,79,81,43,0,2,8,35,4,0,2,47,49,0,0,1,0,1,0,0,1,1,2,12,0,0,1,11,0,0,0,12,12,358,4,33,-10,228,Austin
2014,10,24,86,1,3,13,86,7,1,4,106,110,32,0,1,5,40,4,0,1,49,50,46,1,2,7,35,3,1,3,45,48,1,0,0,0,0,0,0,0,0,0,7,0,0,1,11,0,0,0,12,12,340,3,29,-9,229,Austin
2015,10,24,67,1,4,8,53,7,1,5,68,73,27,1,3,6,33,1,0,4,40,44,38,0,1,2,18,4,1,1,24,25,0,0,0,0,0,0,0,0,0,0,2,0,0,0,2,2,0,0,4,4,229,1,10,-8,230,Austin
2016,10,24,70,5,2,13,65,5,0,7,83,90,38,2,1,8,31,1,0,3,40,43,24,3,1,5,25,3,0,4,33,37,0,0,0,0,2,0,0,0,2,2,8,0,0,0,7,1,0,0,8,8,264,3,23,-13,225,Austin
2017,10,24,65,2,5,12,64,4,0,7,80,87,27,1,1,7,40,3,0,2,50,52,27,1,4,3,15,1,0,5,19,24,1,0,0,0,0,0,0,0,0,0,10,0,0,2,9,0,0,0,11,11,245,3,26,-12,226,Austin
2018,10,24,63,1,6,14,97,12,0,7,123,130,30,0,1,5,48,3,0,1,56,57,27,1,3,7,33,4,0,4,44,48,2,0,0,1,0,0,0,0,1,1,4,0,2,1,16,5,0,2,22,24,276,4,33,-11,227,Austin
2019,10,24,57,2,7,8,67,9,1,9,84,93,31,0,4,2,36,5,0,4,43,47,23,2,3,6,25,4,1,5,35,40,0,0,0,0,0,0,0,0,0,0,3,0,0,0,6,0,0,0,6,6,236,0,13,-10,228,Austin
2020,10,24,59,1,4,19,58,8,3,5,85,90,21,0,1,9,38,4,2,1,51,52,30,0,3,8,19,4,1,3,31,34,0,0,0,1,0,0,0,0,1,1,8,1,0,1,1,0,0,1,2,3,233,3,14,-8,230,Austin
2021,10,24,66,3,12,8,59,10,1,15,77,92,23,0,6,3,31,8,0,6,42,48,32,3,5,5,26,1,1,8,32,40,0,0,0,0,1,0,0,0,1,1,11,0,1,0,1,1,0,1,2,3,249,2,19,-14,224,Austin
2022,10,24,60,1,7,16,51,14,4,8,81,89,29,0,3,6,31,9,1,3,46,49,28,1,4,9,15,3,2,5,27,32,0,0,0,1,0,1,0,0,2,2,3,0,0,0,5,1,1,0,6,6,232,3,19,-13,225,Austin
2023,10,24,47,0,6,9,58,20,3,6,87,93,20,0,3,4,26,8,1,3,38,41,23,0,3,4,27,7,1,3,38,41,0,0,0,1,1,0,0,0,2,2,4,0,0,0,4,5,1,0,9,9,222,3,20,-12,226,Austin
2024,10,24,54,3,3,12,45,10,3,6,67,73,29,0,1,7,28,3,1,1,38,39,24,3,0,5,13,5,1,3,23,26,0,0,0,0,1,1,0,0,2,2,1,0,2,0,3,1,1,2,4,6,217,2,14,-10,228,Austin
2012,11,24,79,2,4,16,73,7,0,6,96,102,27,0,0,5,32,4,0,0,41,41,47,2,4,10,32,3,0,6,45,51,1,0,0,0,0,0,0,0,0,0,4,0,0,1,9,0,0,0,10,10,276,1,21,20,258,Austin
2013,11,24,76,3,7,7,95,3,1,10,105,115,23,1,4,4,27,0,0,5,31,36,44,1,3,3,53,2,1,4,58,62,0,0,0,0,2,0,0,0,2,2,9,1,0,0,13,1,0,1,14,15,268,2,29,21,259,Austin
2014,11,24,75,3,3,18,82,1,1,6,101,107,34,1,0,11,42,0,1,1,53,54,38,2,2,4,33,1,0,4,38,42,0,0,0,0,0,0,0,0,0,0,3,0,1,3,7,0,0,1,10,11,309,2,18,22,260,Austin
2015,11,24,78,1,6,10,83,2,1,7,95,102,30,0,3,6,48,0,0,3,54,57,43,1,2,3,27,2,1,3,32,35,0,0,0,0,1,0,0,0,1,1,5,0,1,1,7,0,0,1,8,9,294,2,19,23,261,Austin
2016,11,24,60,2,4,13,54,4,1,6,71,77,21,0,2,6,20,2,1,2,28,30,35,2,1,6,32,1,0,3,39,42,0,0,0,1,0,1,0,0,2,2,4,0,1,0,2,0,0,1,2,3,218,2,12,18,256,Austin
2017,11,24,68,6,5,8,72,2,2,11,82,93,24,3,3,4,34,1,1,6,39,45,36,3,2,4,31,1,1,5,36,41,1,0,0,0,1,0,0,0,1,1,7,0,0,0,6,0,0,0,6,6,243,2,17,19,257,Austin
2018,11,24,83,3,7,7,96,4,1,10,107,117,29,0,1,2,48,4,0,1,54,55,50,3,5,4,42,0,1,8,46,54,1,0,0,0,1,0,0,0,1,1,3,0,1,1,5,0,0,1,6,7,288,2,17,20,258,Austin
2019,11,24,78,8,8,16,78,8,1,16,102,118,27,0,2,8,27,1,0,2,36,38,42,8,5,7,45,5,1,13,57,70,1,0,0,1,0,0,0,0,1,1,8,0,1,0,6,2,0,1,8,9,282,3,25,21,259,Austin
2020,11,24,55,1,7,8,76,8,2,8,92,100,24,0,5,4,35,2,1,5,41,46,29,1,2,3,37,6,1,3,46,49,0,0,0,0,0,0,0,0,0,0,2,0,0,1,4,0,0,0,5,5,248,0,14,23,261,Austin
2021,11,24,27,3,7,22,78,17,0,10,117,127,12,0,2,9,40,3,0,2,52,54,12,3,3,13,30,12,0,6,55,61,2,0,0,0,1,0,0,0,1,1,1,0,2,0,7,2,0,2,9,11,228,3,19,17,255,Austin
2022,11,24,52,1,8,15,29,5,3,9,49,58,20,0,4,6,17,3,0,4,26,30,27,1,3,8,10,2,3,4,20,24,2,0,0,1,1,0,0,0,2,2,3,0,1,0,1,0,0,1,1,2,179,4,8,18,256,Austin
2023,11,24,58,1,6,15,49,14,5,7,78,85,23,1,2,4,22,4,0,3,30,33,31,0,4,9,25,9,5,4,43,47,0,0,0,0,0,1,0,0,1,1,4,0,0,2,2,0,0,0,4,4,237,2,12,19,257,Austin
2024,11,24,64,3,5,10,66,18,4,8,94,102,19,0,1,5,28,4,1,1,37,38,42,3,4,4,31,12,3,7,47,54,0,0,0,1,1,1,0,0,3,3,3,0,0,0,6,1,0,0,7,7,251,3,12,21,259,Austin
2012,12,24,91,1,4,17,63,6,2,5,86,91,28,0,1,7,36,1,2,1,44,45,56,1,3,9,21,3,0,4,33,37,0,0,0,0,2,0,0,0,2,2,7,0,0,1,4,2,0,0,7,7,259,3,17,50,288,Austin
2013,12,24,73,1,1,10,94,6,0,2,110,112,30,0,0,7,54,1,0,0,62,62,39,1,1,3,27,3,0,2,33,35,1,0,0,0,1,1,0,0,2,2,3,0,0,0,12,1,0,0,13,13,249,3,22,51,289,Austin
2014,12,24,67,0,1,18,60,3,2,1,81,82,24,0,0,11,43,1,2,0,55,55,40,0,1,3,16,1,0,1,20,21,1,0,0,0,0,0,0,0,0,0,2,0,0,4,1,1,0,0,6,6,237,1,14,52,290,Austin
2015,12,24,68,1,3,25,86,6,3,4,117,121,28,1,1,17,55,3,2,2,75,77,36,0,2,5,21,2,1,2,28,30,1,0,0,0,0,0,0,0,0,0,3,0,0,3,10,1,0,0,14,14,282,1,23,53,291,Austin
2016,12,24,71,6,7,16,55,6,2,13,77,90,18,2,1,4,33,2,2,3,39,42,44,4,6,11,19,3,0,10,33,43,1,0,0,0,0,0,0,0,0,0,8,0,0,1,3,1,0,0,5,5,253,1,18,48,286,Austin
2017,12,24,64,1,6,15,54,4,1,7,73,80,24,0,3,9,30,3,0,3,42,45,33,0,3,4,18,0,1,3,22,25,0,1,0,0,1,0,0,1,1,2,7,0,0,2,5,1,0,0,8,8,214,2,23,49,287,Austin
2018,12,24,66,6,6,14,68,4,1,12,86,98,30,4,3,9,42,1,1,7,52,59,32,2,2,3,21,3,0,4,27,31,0,0,0,0,0,0,0,0,0,0,4,0,1,2,5,0,0,1,7,8,223,0,17,50,288,Austin
2019,12,24,68,3,6,14,87,14,0,9,115,124,27,2,2,4,45,6,0,4,55,59,38,1,2,8,35,7,0,3,50,53,0,0,0,0,0,0,0,0,0,0,3,0,2,2,7,1,0,2,10,12,276,0,18,51,289,Austin
2020,12,24,76,6,4,17,84,12,1,10,113,123,23,4,3,9,45,7,0,7,61,68,43,2,1,7,23,5,0,3,35,38,0,0,0,0,1,0,0,0,1,1,10,0,0,1,15,0,1,0,16,16,276,1,35,53,291,Austin
2021,12,24,76,3,5,22,57,11,2,8,90,98,28,1,1,3,28,6,2,2,37,39,43,2,3,15,21,5,0,5,41,46,0,0,0,3,2,0,0,0,5,5,5,0,1,1,6,0,0,1,7,8,274,6,22,47,285,Austin
2022,12,24,46,3,6,10,42,14,2,9,66,75,14,2,0,4,22,9,0,2,35,37,28,0,5,5,12,4,2,5,21,26,0,0,0,0,1,0,0,0,1,1,4,1,1,1,7,1,0,2,9,11,189,1,18,48,286,Austin
2023,12,24,40,3,10,21,28,21,5,13,70,83,19,2,3,4,13,9,1,5,26,31,19,1,7,15,14,10,4,8,39,47,0,0,0,0,1,0,0,0,1,1,2,0,0,2,0,2,0,0,4,4,201,1,14,49,287,Austin
2024,12,24,62,4,5,15,49,9,5,9,73,82,23,3,1,7,23,4,1,4,34,38,34,1,2,6,18,5,3,3,29,32,0,0,0,1,1,0,0,0,2,2,5,0,2,1,7,0,1,2,8,10,220,3,19,51,289,Austin
2012,1,25,77,2,3,16,89,2,0,5,107,112,28,0,2,8,43,1,0,2,52,54,42,1,1,7,39,1,0,2,47,49,0,0,0,0,0,0,0,0,0,0,7,1,0,1,7,0,0,1,8,9,329,0,25,-284,-46,Austin
2013,1,25,104,2,10,18,102,7,1,12,127,139,47,0,3,11,50,1,0,3,62,65,48,2,6,7,41,5,1,8,53,61,1,0,0,0,2,0,0,0,2,2,8,0,1,0,9,1,0,1,10,11,372,4,25,-282,-44,Austin
2014,1,25,94,1,8,10,82,2,1,9,94,103,25,0,2,5,42,2,0,2,49,51,59,1,6,4,36,0,1,7,40,47,0,0,0,0,0,0,0,0,0,0,10,0,0,1,4,0,0,0,5,5,318,0,20,-281,-43,Austin
2015,1,25,76,3,6,6,78,0,1,9,84,93,29,2,1,4,41,0,1,3,45,48,42,0,5,2,30,0,0,5,32,37,0,0,0,0,0,0,0,0,0,0,5,1,0,0,7,0,0,1,7,8,266,0,17,-280,-42,Austin
2016,1,25,75,2,5,11,68,9,3,7,88,95,36,1,3,8,39,5,1,4,52,56,32,1,0,1,24,4,2,1,29,30,0,0,0,1,1,0,0,0,2,2,7,0,2,1,4,0,0,2,5,7,278,2,22,-286,-48,Austin
2017,1,25,81,4,7,15,75,6,0,11,96,107,29,1,2,6,43,2,0,3,51,54,42,3,3,7,25,4,0,6,36,42,3,0,0,1,2,0,0,0,3,3,7,0,2,1,5,0,0,2,6,8,297,6,20,-284,-46,Austin
2018,1,25,56,4,2,11,63,9,3,6,83,89,21,1,1,3,35,5,2,2,43,45,31,3,1,6,21,2,1,4,29,33,1,0,0,0,0,0,0,0,0,0,3,0,0,2,7,2,0,0,11,11,258,1,17,-283,-45,Austin
2019,1,25,72,5,2,10,86,9,0,7,105,112,27,2,0,7,39,2,0,2,48,50,38,3,2,1,39,6,0,5,46,51,1,0,0,0,0,0,0,0,0,0,6,0,0,2,8,1,0,0,11,11,297,2,20,-282,-44,Austin
2020,1,25,80,5,7,11,66,11,3,12,88,100,31,3,4,4,36,6,0,7,46,53,44,1,2,6,23,4,3,3,33,36,1,0,0,0,0,0,0,0,0,0,4,1,1,1,7,1,0,2,9,11,286,1,18,-281,-43,Austin
2021,1,25,64,7,9,18,93,7,4,16,118,134,22,1,2,9,49,6,1,3,64,67,34,6,7,7,32,1,1,13,40,53,3,0,0,1,2,0,0,0,3,3,5,0,0,1,10,0,2,0,11,11,302,8,29,-286,-48,Austin
2022,1,25,44,4,6,12,67,9,1,10,88,98,20,3,2,6,37,6,1,5,49,54,22,1,3,5,26,3,0,4,34,38,0,0,0,0,1,0,0,0,1,1,2,0,1,1,3,0,0,1,4,5,243,1,12,-285,-47,Austin
2023,1,25,46,2,3,18,82,19,2,5,119,124,18,1,1,8,38,6,1,2,52,54,21,1,2,9,40,11,1,3,60,63,0,0,0,0,1,1,0,0,2,2,7,0,0,1,3,1,0,0,5,5,233,2,16,-284,-46,Austin
2024,1,25,44,1,8,10,60,17,1,9,87,96,23,1,1,3,25,8,1,2,36,38,18,0,7,7,33,8,0,7,48,55,0,0,0,0,1,0,0,0,1,1,3,0,0,0,1,1,0,0,2,2,230,1,12,-283,-45,Austin
2012,2,25,85,3,6,15,80,4,1,9,99,108,30,0,1,10,35,3,0,1,48,49,48,2,5,5,41,1,1,7,47,54,1,0,0,0,0,0,0,0,0,0,6,1,0,0,4,0,0,1,4,5,341,1,14,-253,-15,Austin
2013,2,25,74,4,3,19,77,7,1,7,103,110,40,2,2,10,38,2,0,4,50,54,29,1,0,7,30,4,1,1,41,42,1,0,0,1,2,1,0,0,4,4,4,1,1,1,7,0,0,2,8,10,296,5,22,-251,-13,Austin
2014,2,25,90,0,2,8,65,8,1,2,81,83,38,0,1,5,27,3,1,1,35,36,38,0,1,2,25,5,0,1,32,33,0,0,0,0,0,0,0,0,0,0,14,0,0,1,13,0,0,0,14,14,306,2,37,-250,-12,Austin
2015,2,25,77,2,4,10,72,4,1,6,86,92,40,1,1,7,32,0,1,2,39,41,28,1,3,3,34,3,0,4,40,44,0,0,0,0,0,0,0,0,0,0,9,0,0,0,6,1,0,0,7,7,295,0,27,-249,-11,Austin
2016,2,25,69,3,8,16,71,2,3,11,89,100,33,0,2,12,42,2,3,2,56,58,31,2,6,4,20,0,0,8,24,32,0,0,0,0,2,0,0,0,2,2,5,1,0,0,7,0,0,1,7,8,284,2,22,-255,-17,Austin
2017,2,25,75,3,8,10,56,9,0,11,75,86,37,1,4,3,32,5,0,5,40,45,35,2,4,4,20,4,0,6,28,34,0,0,0,0,1,0,0,0,1,1,3,0,0,3,3,0,0,0,6,6,270,3,16,-253,-15,Austin
2018,2,25,63,5,4,10,73,4,3,9,87,96,22,0,0,4,33,1,1,0,38,38,37,5,4,5,31,3,2,9,39,48,0,0,0,0,0,0,0,0,0,0,4,0,0,1,9,0,0,0,10,10,243,0,20,-252,-14,Austin
2019,2,25,75,3,3,10,67,7,4,6,84,90,32,0,1,5,44,1,4,1,50,51,35,3,1,3,18,4,0,4,25,29,2,0,0,1,0,0,0,0,1,1,6,0,1,1,5,2,0,1,8,9,259,4,18,-251,-13,Austin
2020,2,25,63,2,4,10,75,7,2,6,92,98,27,1,2,2,41,4,1,3,47,50,29,1,2,7,27,3,1,3,37,40,1,0,0,0,0,0,0,0,0,0,6,0,0,1,7,0,0,0,8,8,263,1,19,-250,-12,Austin
2021,2,25,71,0,6,10,60,9,4,6,79,85,29,0,5,3,32,4,1,5,39,44,39,0,1,6,20,4,3,1,30,31,0,0,0,0,1,0,0,0,1,1,3,0,0,1,7,1,0,0,9,9,241,1,15,-255,-17,Austin
2022,2,25,49,0,3,16,69,11,2,3,96,99,28,0,2,7,31,3,1,2,41,43,18,0,1,6,33,6,1,1,45,46,0,0,0,0,0,0,0,0,0,0,3,0,0,3,5,2,0,0,10,10,233,1,17,-254,-16,Austin
2023,2,25,53,2,7,11,64,21,6,9,96,105,18,1,4,4,35,12,1,5,51,56,32,1,2,6,26,8,5,3,40,43,0,0,0,0,1,0,0,0,1,1,3,0,1,1,2,1,0,1,4,5,238,2,10,-253,-15,Austin
2024,2,25,48,3,11,12,67,24,2,14,103,117,19,1,4,8,26,14,0,5,48,53,25,1,5,3,35,10,1,6,48,54,1,0,0,0,0,0,0,0,0,0,3,1,2,1,6,0,1,3,7,10,268,2,23,-252,-14,Austin
2012,3,25,95,8,11,15,85,4,1,19,104,123,29,2,2,13,44,2,1,4,59,63,56,5,8,1,33,2,0,13,36,49,0,0,0,0,1,0,0,0,1,1,10,1,1,1,7,0,0,2,8,10,348,1,26,-224,14,Austin
2013,3,25,73,3,5,27,101,8,2,8,136,144,40,0,1,18,59,3,2,1,80,81,27,3,4,9,38,5,0,7,52,59,0,0,0,0,0,0,0,0,0,0,6,0,0,0,4,0,0,0,4,4,344,0,20,-223,15,Austin
2014,3,25,101,2,8,11,91,4,2,10,106,116,54,1,3,7,54,1,1,4,62,66,40,1,4,3,27,2,1,5,32,37,0,0,0,0,0,0,0,0,0,0,7,0,1,1,10,1,0,1,12,13,339,0,29,-222,16,Austin
2015,3,25,86,2,2,16,66,5,2,4,87,91,40,2,1,9,43,1,1,3,53,56,35,0,0,6,21,4,1,0,31,31,2,0,0,0,0,0,0,0,0,0,9,0,1,1,2,0,0,1,3,4,299,2,16,-221,17,Austin
2016,3,25,70,3,3,13,69,0,3,6,82,88,38,0,2,9,47,0,3,2,56,58,24,3,1,2,18,0,0,4,20,24,1,0,0,0,0,0,0,0,0,0,7,0,0,2,4,0,0,0,6,6,289,3,19,-226,12,Austin
2017,3,25,101,2,9,15,68,3,0,11,86,97,45,0,4,9,36,2,0,4,47,51,45,2,4,6,27,1,0,6,34,40,1,0,0,0,0,0,0,0,0,0,10,0,1,0,5,0,0,1,5,6,315,2,24,-225,13,Austin
2018,3,25,68,2,6,4,68,9,3,8,81,89,32,0,5,1,41,0,2,5,42,47,30,2,1,3,17,8,1,3,28,31,1,0,0,0,0,0,0,0,0,0,5,0,0,0,10,1,0,0,11,11,247,2,22,-224,14,Austin
2019,3,25,83,2,2,9,96,10,5,4,115,119,42,1,2,7,68,7,4,3,82,85,33,1,0,2,19,2,1,1,23,24,0,0,0,0,0,0,0,0,0,0,8,0,0,0,9,1,0,0,10,10,295,1,24,-223,15,Austin
2020,3,25,62,2,8,11,69,16,2,10,96,106,32,1,4,5,44,10,0,5,59,64,24,1,3,6,21,5,2,4,32,36,2,0,0,0,0,0,0,0,0,0,4,0,1,0,4,1,0,1,5,6,239,2,19,-221,17,Austin
2021,3,25,73,1,5,9,64,11,1,6,84,90,42,0,2,5,38,9,0,2,52,54,23,1,3,2,23,2,1,4,27,31,1,0,0,0,0,0,0,0,0,0,7,0,0,2,3,0,0,0,5,5,270,1,20,-227,11,Austin
2022,3,25,54,2,2,11,55,13,3,4,79,83,25,2,1,4,35,10,1,3,49,52,22,0,0,7,16,3,0,0,26,26,1,0,0,0,0,0,0,0,0,0,6,0,1,0,4,0,2,1,4,5,230,2,16,-226,12,Austin
2023,3,25,58,3,6,15,64,23,3,9,102,111,26,2,3,2,34,13,1,5,49,54,30,1,3,11,22,7,2,4,40,44,0,0,0,1,0,0,0,0,1,1,2,0,0,1,8,3,0,0,12,12,259,1,21,-225,13,Austin
2024,3,25,49,1,5,11,53,27,2,6,91,97,27,1,2,6,28,17,2,3,51,54,18,0,2,5,19,5,0,2,29,31,0,0,0,0,0,0,0,0,0,0,4,0,1,0,6,5,0,1,11,12,222,0,20,-223,15,Austin
2012,4,25,105,4,4,30,85,4,1,8,119,127,69,2,2,19,59,3,1,4,81,85,32,1,2,8,18,1,0,3,27,30,0,0,0,1,0,0,0,0,1,1,4,1,0,2,8,0,0,1,10,11,367,2,25,-193,45,Austin
2013,4,25,101,1,0,18,87,7,0,1,112,113,56,1,0,12,60,2,0,1,74,75,30,0,0,3,22,4,0,0,29,29,0,0,0,0,0,1,0,0,1,1,15,0,0,3,5,0,0,0,8,8,341,3,32,-192,46,Austin
2014,4,25,97,2,5,16,91,2,3,7,109,116,53,1,2,13,62,2,3,3,77,80,40,1,2,2,21,0,0,3,23,26,1,0,0,0,0,0,0,0,0,0,3,0,1,1,8,0,0,1,9,10,353,2,21,-191,47,Austin
2015,4,25,87,5,2,12,76,8,2,7,96,103,24,4,2,7,49,5,0,6,61,67,50,1,0,5,20,3,2,1,28,29,0,0,0,0,0,0,0,0,0,0,13,0,0,0,7,0,0,0,7,7,317,1,30,-190,48,Austin
2016,4,25,85,3,8,20,67,7,1,11,94,105,48,1,0,16,46,3,1,1,65,66,32,2,6,4,19,4,0,8,27,35,1,0,0,0,0,0,0,0,0,0,4,0,2,0,2,0,0,2,2,4,297,2,15,-195,43,Austin
2017,4,25,82,3,6,3,60,4,1,9,67,76,38,3,2,2,46,2,1,5,50,55,31,0,4,0,11,2,0,4,13,17,0,0,0,0,0,0,0,0,0,0,13,0,0,1,3,0,0,0,4,4,302,0,24,-194,44,Austin
2018,4,25,70,1,6,13,58,5,3,7,76,83,31,1,3,8,44,5,2,4,57,61,34,0,3,4,10,0,1,3,14,17,1,0,0,0,0,0,0,0,0,0,4,0,0,1,4,0,0,0,5,5,270,1,15,-193,45,Austin
2019,4,25,76,4,2,14,71,9,4,6,94,100,33,2,2,8,55,7,3,4,70,74,29,2,0,6,11,2,1,2,19,21,1,0,0,0,1,0,0,0,1,1,13,0,0,0,4,0,0,0,4,4,267,2,21,-192,46,Austin
2020,4,25,75,2,10,11,53,12,2,12,76,88,37,2,3,4,38,9,1,5,51,56,32,0,7,7,13,1,1,7,21,28,0,0,0,0,0,0,0,0,0,0,6,0,0,0,2,2,0,0,4,4,241,0,18,-190,48,Austin
2021,4,25,54,2,14,18,62,8,1,16,88,104,25,2,7,10,41,7,1,9,58,67,25,0,7,7,16,1,0,7,24,31,0,0,0,0,1,0,0,0,1,1,4,0,0,1,4,0,0,0,5,5,244,1,14,-196,42,Austin
2022,4,25,58,1,2,13,65,15,2,3,93,96,29,0,0,6,38,9,1,0,53,53,22,1,1,6,24,6,0,2,36,38,0,0,0,0,0,0,0,0,0,0,7,0,1,1,3,0,1,1,4,5,222,1,16,-195,43,Austin
2023,4,25,72,3,3,17,51,11,2,6,79,85,38,0,2,8,33,3,2,2,44,46,32,3,1,9,16,4,0,4,29,33,1,0,0,0,0,0,0,0,0,0,1,0,0,0,2,4,0,0,6,6,237,1,10,-194,44,Austin
2024,4,25,62,3,6,10,45,24,2,9,79,88,34,1,3,4,26,15,0,4,45,49,26,2,3,6,16,7,1,5,29,34,0,0,0,0,0,0,0,0,0,0,2,0,0,0,3,2,1,0,5,5,254,1,15,-192,46,Austin
2012,5,25,90,1,6,22,107,12,1,7,141,148,50,0,3,15,74,11,0,3,100,103,28,1,2,5,21,0,0,3,26,29,1,0,0,0,0,0,0,0,0,0,11,0,1,2,12,1,1,1,15,16,391,1,38,-163,75,Austin
2013,5,25,101,0,6,6,105,7,3,6,118,124,44,0,2,3,64,3,0,2,70,72,45,0,3,3,31,4,3,3,38,41,0,0,0,0,0,0,0,0,0,0,12,0,1,0,10,0,0,1,10,11,363,1,32,-162,76,Austin
2014,5,25,96,3,4,19,78,6,1,7,103,110,37,3,0,6,43,3,1,3,52,55,46,0,3,10,28,1,0,3,39,42,0,0,0,0,0,0,0,0,0,0,13,0,1,3,7,2,0,1,12,13,341,1,39,-161,77,Austin
2015,5,25,83,4,4,10,70,2,1,8,82,90,43,2,1,4,42,1,0,3,47,50,34,2,3,5,23,1,0,5,29,34,0,0,0,0,0,0,0,0,0,0,6,0,0,1,5,0,1,0,6,6,264,1,23,-160,78,Austin
2016,5,25,68,1,6,10,78,1,0,7,89,96,42,0,1,6,57,1,0,1,64,65,22,1,4,3,13,0,0,5,16,21,0,0,0,0,0,0,0,0,0,0,4,0,1,1,8,0,0,1,9,10,288,0,17,-165,73,Austin
2017,5,25,75,2,3,13,73,3,2,5,89,94,46,2,0,6,54,2,1,2,62,64,22,0,1,7,15,1,1,1,23,24,2,0,1,0,0,0,0,1,0,1,5,0,1,0,4,0,0,1,4,5,289,3,23,-164,74,Austin
2018,5,25,62,1,7,12,68,4,2,8,84,92,33,0,3,9,49,1,1,3,59,62,22,1,4,1,14,3,1,5,18,23,0,0,0,0,1,0,0,0,1,1,7,0,0,2,4,0,0,0,6,6,262,2,25,-163,75,Austin
2019,5,25,67,2,3,14,88,10,2,5,112,117,36,1,2,8,53,6,0,3,67,70,24,1,1,5,26,4,2,2,35,37,1,0,0,0,0,0,0,0,0,0,6,0,0,1,9,0,0,0,10,10,274,1,22,-162,76,Austin
2020,5,25,72,4,7,23,93,10,2,11,126,137,42,3,1,14,47,5,1,4,66,70,24,1,4,9,35,4,0,5,48,53,0,0,0,0,1,0,0,0,1,1,6,0,2,0,10,1,1,2,11,13,293,1,26,-160,78,Austin
2021,5,25,55,2,4,17,62,5,1,6,84,90,30,1,2,10,41,3,0,3,54,57,21,1,1,4,14,2,0,2,20,22,0,0,0,0,0,0,0,0,0,0,4,0,1,3,7,0,1,1,10,11,232,0,28,-166,72,Austin
2022,5,25,31,3,4,13,67,8,3,7,88,95,21,1,2,7,49,7,3,3,63,66,8,2,1,5,14,0,0,3,19,22,0,0,0,0,0,0,0,0,0,0,2,0,1,1,4,1,0,1,6,7,226,0,13,-165,73,Austin
2023,5,25,66,3,8,14,52,30,3,11,96,107,37,0,2,4,33,18,1,2,55,57,23,2,6,10,15,8,1,8,33,41,1,0,0,0,0,0,0,0,0,0,5,1,0,0,4,4,1,1,8,9,278,3,21,-164,74,Austin
2024,5,25,77,4,9,13,44,18,5,13,75,88,38,3,5,6,24,10,2,8,40,48,34,1,3,7,16,5,3,4,28,32,0,0,0,0,0,0,0,0,0,0,5,0,1,0,4,3,0,1,7,8,250,0,19,-162,76,Austin
2012,6,25,97,3,6,29,99,2,1,9,130,139,59,2,2,22,58,2,1,4,82,86,23,1,3,4,26,0,0,4,30,34,1,0,0,1,0,0,0,0,1,1,14,0,1,2,15,0,0,1,17,18,363,3,43,-132,106,Austin
2013,6,25,91,2,4,11,119,1,1,6,131,137,57,1,2,5,73,0,1,3,78,81,25,0,1,4,17,0,0,1,21,22,1,0,0,0,0,0,0,0,0,0,8,1,1,2,29,1,0,2,32,34,351,1,53,-131,107,Austin
2014,6,25,98,4,1,11,92,5,4,5,108,113,64,0,1,6,63,3,3,1,72,73,23,2,0,2,19,2,0,2,23,25,0,0,0,0,1,0,0,0,1,1,11,2,0,3,9,0,1,2,12,14,307,1,28,-130,108,Austin
2015,6,25,82,0,4,14,93,3,0,4,110,114,46,0,2,12,62,2,0,2,76,78,29,0,2,2,22,1,0,2,25,27,0,0,0,0,2,0,0,0,2,2,7,0,0,0,7,0,0,0,7,7,329,3,25,-129,109,Austin
2016,6,25,72,3,5,15,73,8,1,8,96,104,31,1,3,8,54,4,0,4,66,70,30,2,1,3,14,2,1,3,19,22,0,0,0,0,0,0,0,0,0,0,11,0,1,4,5,2,0,1,11,12,297,0,34,-134,104,Austin
2017,6,25,89,6,9,6,41,7,2,15,54,69,52,1,3,4,29,2,1,4,35,39,29,5,4,1,9,5,1,9,15,24,0,0,0,0,0,0,0,0,0,0,8,0,2,1,3,0,0,2,4,6,250,1,20,-133,105,Austin
2018,6,25,79,6,10,7,69,6,2,16,82,98,51,3,5,6,48,3,1,8,57,65,18,2,4,1,16,2,1,6,19,25,0,1,0,0,0,0,0,1,0,1,10,0,1,0,5,1,0,1,6,7,255,2,26,-132,106,Austin
2019,6,25,83,3,5,8,88,7,2,8,103,111,56,2,3,6,65,6,0,5,77,82,16,1,2,2,17,0,2,3,19,22,0,0,0,0,1,0,0,0,1,1,11,0,0,0,5,1,0,0,6,6,297,2,25,-131,107,Austin
2020,6,25,54,5,7,11,68,12,4,12,91,103,36,3,5,7,43,7,1,8,57,65,15,2,2,4,21,1,2,4,26,30,0,0,0,0,1,0,0,0,1,1,3,0,0,0,3,4,1,0,7,7,256,1,20,-129,109,Austin
2021,6,25,64,2,7,17,65,13,3,9,95,104,44,1,3,8,45,8,1,4,61,65,11,1,2,8,14,2,1,3,24,27,0,0,0,0,1,0,1,0,1,1,9,0,2,1,5,3,0,2,9,11,261,2,30,-135,103,Austin
2022,6,25,50,4,7,17,72,11,3,11,100,111,25,0,4,8,46,9,1,4,63,67,17,2,3,7,20,2,2,5,29,34,3,0,0,2,1,0,0,0,3,3,5,2,0,0,5,0,0,2,5,7,253,7,21,-134,104,Austin
2023,6,25,58,3,4,18,39,21,1,7,78,85,28,3,1,9,14,14,0,4,37,41,23,0,3,6,24,4,1,3,34,37,0,0,0,0,0,0,0,0,0,0,7,0,0,3,1,3,0,0,7,7,238,2,21,-133,105,Austin
2024,6,25,64,1,10,8,59,12,2,11,79,90,40,1,7,3,32,6,1,8,41,49,15,0,2,4,22,5,1,2,31,33,1,0,0,1,0,0,0,0,1,1,8,0,1,0,5,1,0,1,6,7,247,3,22,-131,107,Austin
2012,7,25,94,1,6,25,105,6,3,7,136,143,59,0,3,14,65,4,2,3,83,86,24,1,3,9,24,1,1,4,34,38,0,0,0,0,1,0,0,0,1,1,11,0,0,2,15,1,0,0,18,18,374,4,44,-102,136,Austin
2013,7,25,95,4,2,14,93,4,2,6,111,117,55,1,1,11,66,2,1,2,79,81,34,3,1,3,18,2,0,4,23,27,1,0,0,0,0,0,1,0,0,0,5,0,0,0,9,0,0,0,9,9,347,2,24,-101,137,Austin
2014,7,25,75,1,7,18,81,10,2,8,109,117,35,0,2,11,58,6,2,2,75,77,32,1,5,6,16,2,0,6,24,30,0,0,0,0,1,0,0,0,1,1,8,0,0,1,6,2,0,0,9,9,333,3,28,-100,138,Austin
2015,7,25,80,3,5,11,79,5,3,8,95,103,35,0,1,7,50,3,1,1,60,61,35,2,4,3,21,2,2,6,26,32,0,0,0,0,0,0,0,0,0,0,10,1,0,1,8,0,0,1,9,10,306,2,35,-99,139,Austin
2016,7,25,81,1,9,8,55,4,1,10,67,77,47,1,2,6,32,2,1,3,40,43,23,0,5,1,13,1,0,5,15,20,0,0,0,0,1,0,0,0,1,1,11,0,2,1,9,1,0,2,11,13,286,1,34,-104,134,Austin
2017,7,25,90,0,7,7,56,6,1,7,69,76,52,0,3,6,38,4,1,3,48,51,23,0,3,0,11,2,0,3,13,16,0,0,0,0,2,0,0,0,2,2,15,0,1,1,5,0,0,1,6,7,287,2,33,-103,135,Austin
2018,7,25,72,0,3,9,87,10,3,3,106,109,43,0,3,7,58,8,0,3,73,76,22,0,0,2,24,1,3,0,27,27,0,0,0,0,0,0,0,0,0,0,7,0,0,0,5,1,0,0,6,6,281,0,19,-102,136,Austin
2019,7,25,64,1,5,15,87,7,2,6,109,115,35,1,2,8,47,5,2,3,60,63,23,0,3,5,28,2,0,3,35,38,0,0,0,0,0,0,0,0,0,0,6,0,0,2,12,0,0,0,14,14,266,1,27,-101,137,Austin
2020,7,25,58,2,4,15,64,9,1,6,88,94,26,1,4,9,46,4,0,5,59,64,23,1,0,5,17,4,0,1,26,27,0,0,0,0,0,0,0,0,0,0,9,0,0,1,1,1,1,0,3,3,252,0,21,-99,139,Austin
2021,7,25,80,3,9,9,70,4,2,12,83,95,48,0,3,3,46,3,0,3,52,55,26,2,5,5,23,1,2,7,29,36,1,0,0,0,0,0,0,0,0,0,5,1,1,1,1,0,0,2,2,4,267,1,14,-105,133,Austin
2022,7,25,50,1,12,14,68,20,3,13,102,115,30,1,3,5,46,15,1,4,66,70,13,0,7,8,18,5,1,7,31,38,0,0,0,1,1,0,1,0,2,2,7,0,2,0,3,0,0,2,3,5,254,3,14,-104,134,Austin
2023,7,25,59,4,4,13,30,17,7,8,60,68,34,3,2,6,17,13,5,5,36,41,20,0,0,7,10,3,1,0,20,20,0,0,0,0,0,0,0,0,0,0,5,1,2,0,3,1,1,3,4,7,232,0,20,-103,135,Austin
2024,7,25,55,4,7,9,62,17,2,11,88,99,17,2,6,3,45,10,1,8,58,66,29,2,1,5,13,3,1,3,21,24,1,0,0,0,1,2,0,0,3,3,8,0,0,1,3,2,0,0,6,6,236,5,19,-101,137,Austin
2012,8,25,126,2,2,13,97,3,1,4,113,117,58,0,1,10,51,1,1,1,62,63,57,1,1,3,38,1,0,2,42,44,2,0,0,0,0,0,0,0,0,0,9,1,0,0,8,1,0,1,9,10,403,2,32,-71,167,Austin
2013,8,25,90,1,7,18,70,6,1,8,94,102,34,0,4,7,37,3,0,4,47,51,44,1,2,10,28,3,1,3,41,44,0,0,0,0,2,0,0,0,2,2,12,0,1,1,3,0,0,1,4,5,308,3,21,-70,168,Austin
2014,8,25,82,4,5,12,84,9,3,9,105,114,41,3,1,7,60,7,1,4,74,78,29,1,3,4,17,2,2,4,23,27,0,0,0,0,2,0,0,0,2,2,12,0,1,1,5,0,0,1,6,7,307,3,26,-69,169,Austin
2015,8,25,82,3,7,14,99,6,0,10,119,129,45,1,5,11,64,2,0,6,77,83,28,2,1,3,25,4,0,3,32,35,0,0,0,0,2,0,0,0,2,2,9,0,1,0,8,0,0,1,8,9,342,3,18,-68,170,Austin
2016,8,25,84,2,8,15,63,8,1,10,86,96,47,0,6,9,36,4,0,6,49,55,27,2,2,6,23,4,1,4,33,37,1,0,0,0,1,0,0,0,1,1,9,0,0,0,3,0,0,0,3,3,308,2,22,-73,165,Austin
2017,8,25,63,1,5,8,65,8,2,6,81,87,32,1,2,6,42,6,1,3,54,57,25,0,1,1,17,1,1,1,19,20,1,0,1,0,0,0,0,1,0,1,5,0,1,1,6,1,0,1,8,9,254,3,21,-72,166,Austin
2018,8,25,85,8,5,18,62,2,0,13,82,95,46,1,1,11,41,0,0,2,52,54,33,6,4,7,20,2,0,10,29,39,0,0,0,0,0,0,0,0,0,0,6,1,0,0,1,0,0,1,1,2,285,0,13,-71,167,Austin
2019,8,25,81,4,7,13,77,12,2,11,102,113,38,3,4,5,42,4,0,7,51,58,33,0,3,7,28,8,2,3,43,46,0,0,0,0,2,0,0,0,2,2,10,1,0,1,5,0,0,1,6,7,274,2,21,-70,168,Austin
2020,8,25,53,3,8,11,76,14,1,11,101,112,26,0,4,8,49,9,0,4,66,70,20,3,3,3,24,5,1,6,32,38,0,0,0,0,0,0,0,0,0,0,7,0,1,0,3,0,0,1,3,4,280,1,17,-68,170,Austin
2021,8,25,49,4,5,7,55,18,0,9,80,89,25,2,2,4,36,11,0,4,51,55,19,2,3,3,16,4,0,5,23,28,0,0,0,0,0,1,0,0,1,1,5,0,0,0,3,2,0,0,5,5,237,1,20,-74,164,Austin
2022,8,25,43,3,14,10,68,12,6,17,90,107,19,2,8,8,41,6,3,10,55,65,16,1,4,2,24,5,3,5,31,36,1,0,0,0,1,1,0,0,2,2,7,0,2,0,2,0,0,2,2,4,248,4,18,-73,165,Austin
2023,8,25,55,2,6,17,61,18,3,8,96,104,30,1,4,10,32,14,1,5,56,61,18,1,1,5,26,4,2,2,35,37,1,0,0,1,0,0,0,0,1,1,6,0,1,1,3,0,0,1,4,5,253,3,22,-72,166,Austin
2024,8,25,48,1,7,7,46,16,2,8,69,77,24,0,3,4,34,9,0,3,47,50,21,0,4,3,12,7,1,4,22,26,0,0,0,0,0,0,0,0,0,0,3,1,0,0,0,0,1,1,0,1,216,0,10,-70,168,Austin
2012,9,25,113,1,7,28,102,6,1,8,136,144,56,0,1,20,48,3,0,1,71,72,49,0,6,4,36,3,1,6,43,49,4,0,0,3,3,0,0,0,6,6,4,1,0,1,15,0,0,1,16,17,374,12,28,-40,198,Austin
2013,9,25,98,1,1,12,110,5,1,2,127,129,48,0,1,8,49,3,0,1,60,61,40,1,0,3,47,0,1,1,50,51,0,0,0,0,2,0,0,0,2,2,10,0,0,1,12,2,0,0,15,15,358,2,33,-39,199,Austin
2014,9,25,73,2,6,19,70,10,3,8,99,107,39,1,2,16,44,6,1,3,66,69,26,1,4,2,21,2,2,5,25,30,0,0,0,0,0,1,0,0,1,1,8,0,0,1,5,1,0,0,7,7,299,1,24,-38,200,Austin
2015,9,25,88,0,3,14,75,4,0,3,93,96,44,0,0,10,52,1,0,0,63,63,40,0,2,3,20,2,0,2,25,27,0,0,0,0,2,0,0,0,2,2,4,0,1,1,1,1,0,1,3,4,294,2,14,-37,201,Austin
2016,9,25,75,3,4,8,59,3,1,7,70,77,35,0,3,4,30,1,0,3,35,38,33,3,1,4,23,2,1,4,29,33,1,0,0,0,0,0,0,0,0,0,6,0,0,0,6,0,0,0,6,6,265,2,20,-42,196,Austin
2017,9,25,71,5,3,12,63,3,0,8,78,86,39,2,0,6,38,2,0,2,46,48,28,2,3,6,21,0,0,5,27,32,0,0,0,0,0,0,0,0,0,0,4,1,0,0,4,1,0,1,5,6,258,0,15,-41,197,Austin
2018,9,25,73,0,8,10,86,11,4,8,107,115,34,0,1,5,54,6,1,1,65,66,28,0,6,5,22,5,3,6,32,38,1,0,1,0,1,0,0,1,1,2,10,0,0,0,9,0,0,0,9,9,303,4,22,-40,198,Austin
2019,9,25,76,4,7,7,87,9,2,11,103,114,38,1,1,6,47,3,2,2,56,58,29,3,6,1,29,6,0,9,36,45,2,0,0,0,3,0,0,0,3,3,7,0,0,0,8,0,0,0,8,8,295,6,27,-39,199,Austin
2020,9,25,75,2,4,15,72,12,4,6,99,105,34,0,2,7,38,1,3,2,46,48,34,2,2,5,28,10,1,4,43,47,0,0,0,0,1,0,0,0,1,1,7,0,0,3,5,1,0,0,9,9,276,1,25,-37,201,Austin
2021,9,25,43,2,4,12,56,14,5,6,82,88,14,0,2,8,39,9,2,2,56,58,24,2,2,4,16,3,2,4,23,27,0,0,0,0,0,1,0,0,1,1,5,0,0,0,1,1,1,0,2,2,223,4,12,-43,195,Austin
2022,9,25,63,5,7,12,55,16,9,12,83,95,28,1,4,8,35,12,0,5,55,60,28,4,3,4,17,2,9,7,23,30,0,0,0,0,0,0,0,0,0,0,7,0,0,0,3,2,0,0,5,5,257,0,18,-42,196,Austin
2023,9,25,45,7,7,10,50,17,4,14,77,91,20,2,4,5,25,11,1,6,41,47,20,4,3,5,21,6,1,7,32,39,0,0,0,0,0,0,0,0,0,0,5,1,0,0,4,0,2,1,4,5,242,4,20,-41,197,Austin
2024,9,25,45,2,2,6,67,7,2,4,80,84,23,1,2,3,35,6,1,3,44,47,20,1,0,3,27,1,0,1,31,32,1,0,0,0,0,0,0,0,0,0,1,0,0,0,5,0,1,0,5,5,212,2,15,-39,199,Austin
2012,10,25,87,2,5,17,75,5,0,7,97,104,38,1,3,9,45,3,0,4,57,61,40,1,2,5,25,2,0,3,32,35,0,0,0,1,0,0,0,0,1,1,9,0,0,2,5,0,0,0,7,7,355,2,29,-10,228,Austin
2013,10,25,73,2,10,26,112,7,1,12,145,157,33,0,3,15,65,2,0,3,82,85,37,1,5,8,39,5,1,6,52,58,1,0,1,0,0,0,0,1,0,1,2,1,1,3,8,0,0,2,11,13,355,3,21,-9,229,Austin
2014,10,25,83,2,5,13,109,6,2,7,128,135,35,0,2,2,57,1,1,2,60,62,43,2,3,11,45,4,1,5,60,65,0,0,0,0,0,1,0,0,1,1,5,0,0,0,7,0,0,0,7,7,348,4,18,-8,230,Austin
2015,10,25,74,2,3,7,78,2,3,5,87,92,33,0,0,5,51,1,1,0,57,57,35,1,3,1,20,1,2,4,22,26,0,0,0,0,1,0,0,0,1,1,6,1,0,1,6,0,0,1,7,8,263,2,24,-7,231,Austin
2016,10,25,79,2,3,20,70,6,1,5,96,101,31,0,1,7,37,4,1,1,48,49,41,2,2,12,27,2,0,4,41,45,0,0,0,0,0,0,0,0,0,0,7,0,0,1,6,0,0,0,7,7,283,0,23,-12,226,Austin
2017,10,25,73,3,5,15,69,3,3,8,87,95,32,1,2,8,44,2,1,3,54,57,35,1,3,6,20,0,2,4,26,30,0,0,0,0,0,0,0,0,0,0,6,1,0,1,5,1,0,1,7,8,278,1,21,-11,227,Austin
2018,10,25,56,2,5,11,89,4,4,7,104,111,21,0,4,7,44,3,2,4,54,58,25,2,1,1,34,1,2,3,36,39,1,0,0,0,1,0,0,0,1,1,9,0,0,3,10,0,0,0,13,13,247,2,31,-10,228,Austin
2019,10,25,61,5,6,10,71,5,1,11,86,97,29,4,1,6,35,0,0,5,41,46,28,1,4,4,30,2,1,5,36,41,0,0,0,0,0,2,0,0,2,2,4,0,1,0,6,1,0,1,7,8,260,3,24,-9,229,Austin
2020,10,25,66,7,6,14,76,9,5,13,99,112,30,1,0,2,34,3,1,1,39,40,29,6,5,7,29,5,3,11,41,52,0,0,0,0,0,0,0,0,0,0,7,0,1,5,13,1,1,1,19,20,290,0,36,-7,231,Austin
2021,10,25,47,3,7,16,73,16,1,10,105,115,18,1,3,7,40,7,0,4,54,58,25,2,3,8,27,5,1,5,40,45,2,0,0,0,0,1,0,0,1,1,2,0,1,1,6,3,0,1,10,11,259,3,23,-13,225,Austin
2022,10,25,39,2,6,12,59,9,2,8,80,88,23,0,2,2,30,3,1,2,35,37,13,1,4,10,21,4,1,5,35,40,0,0,0,0,1,0,0,0,1,1,3,1,0,0,7,2,0,1,9,10,204,1,18,-12,226,Austin
2023,10,25,59,6,6,17,57,17,2,12,91,103,27,3,1,5,26,9,0,4,40,44,30,2,4,12,27,7,2,6,46,52,0,0,0,0,0,0,0,0,0,0,2,1,1,0,4,1,0,2,5,7,259,1,17,-11,227,Austin
2024,10,25,44,0,10,17,68,10,3,10,95,105,13,0,4,7,41,4,1,4,52,56,29,0,5,9,23,5,2,5,37,42,1,0,0,0,0,0,0,0,0,0,1,0,1,1,4,1,0,1,6,7,240,1,13,-9,229,Austin
2012,11,25,92,3,7,11,88,6,0,10,105,115,35,1,1,5,30,2,0,2,37,39,47,2,6,4,52,3,0,8,59,67,0,0,0,0,0,0,0,0,0,0,10,0,0,2,6,1,0,0,9,9,322,0,19,21,259,Austin
2013,11,25,70,2,2,19,97,6,2,4,122,126,30,1,1,9,48,3,0,2,60,62,35,1,1,8,39,3,2,2,50,52,1,0,0,1,3,0,0,0,4,4,4,0,0,1,7,0,0,0,8,8,292,5,17,22,260,Austin
2014,11,25,74,1,1,23,84,6,0,2,113,115,29,0,0,11,46,3,0,0,60,60,41,1,1,7,31,2,0,2,40,42,0,0,0,2,2,0,0,0,4,4,4,0,0,3,5,1,0,0,9,9,297,7,17,23,261,Austin
2015,11,25,69,3,5,23,88,5,1,8,116,124,26,2,2,14,48,3,0,4,65,69,38,1,2,9,29,2,1,3,40,43,0,0,0,0,0,0,0,0,0,0,5,0,1,0,11,0,0,1,11,12,326,3,25,24,262,Austin
2016,11,25,86,2,3,10,59,1,0,5,70,75,39,1,2,4,35,0,0,3,39,42,42,1,1,5,20,1,0,2,26,28,1,0,0,0,0,0,0,0,0,0,4,0,0,1,4,0,0,0,5,5,239,3,15,19,257,Austin
2017,11,25,67,3,5,10,56,5,2,8,71,79,16,1,2,6,34,2,1,3,42,45,41,2,3,4,21,2,1,5,27,32,1,0,0,0,0,0,0,0,0,0,9,0,0,0,1,1,0,0,2,2,227,1,17,20,258,Austin
2018,11,25,80,3,6,13,71,6,0,9,90,99,25,0,1,8,33,0,0,1,41,42,50,3,4,4,32,6,0,7,42,49,1,0,0,0,0,0,0,0,0,0,4,0,1,1,6,0,0,1,7,8,258,1,18,21,259,Austin
2019,11,25,88,5,4,9,81,8,2,9,98,107,35,1,2,5,35,1,1,3,41,44,43,3,2,4,41,6,1,5,51,56,0,0,0,0,0,1,0,0,1,1,10,1,0,0,5,0,0,1,5,6,292,4,24,22,260,Austin
2020,11,25,64,2,7,20,65,12,4,9,97,106,18,0,2,11,31,5,2,2,47,49,38,1,3,6,32,6,2,4,44,48,1,0,1,0,0,0,0,1,0,1,7,1,1,3,2,1,0,2,6,8,284,2,27,24,262,Austin
2021,11,25,47,8,6,21,32,5,1,14,58,72,21,4,4,8,12,5,0,8,25,33,22,4,2,11,19,0,1,6,30,36,2,0,0,1,1,0,0,0,2,2,2,0,0,1,0,0,0,0,1,1,178,5,8,18,256,Austin
2022,11,25,28,3,3,14,55,18,4,6,87,93,10,2,0,7,23,12,0,2,42,44,14,1,2,6,30,5,4,3,41,44,0,0,0,0,1,0,0,0,1,1,4,0,1,1,1,1,0,1,3,4,192,1,15,19,257,Austin
2023,11,25,46,6,5,16,68,23,5,11,107,118,19,3,1,10,29,13,2,4,52,56,22,3,4,5,37,9,3,7,51,58,0,0,0,1,0,0,0,0,1,1,5,0,0,0,2,1,0,0,3,3,241,2,16,20,258,Austin
2024,11,25,48,6,5,9,46,23,1,11,78,89,19,5,3,4,29,12,1,8,45,53,26,1,2,5,14,10,0,3,29,32,1,0,0,0,0,0,0,0,0,0,2,0,0,0,3,1,0,0,4,4,224,2,12,22,260,Austin
2012,12,25,70,2,8,20,45,4,0,10,69,79,21,0,4,6,16,2,0,4,24,28,44,2,4,11,27,1,0,6,39,45,0,0,0,0,0,0,0,0,0,0,5,0,0,3,2,1,0,0,6,6,221,0,17,51,289,Austin
2013,12,25,77,0,1,19,28,5,0,1,52,53,23,0,1,10,10,1,0,1,21,22,51,0,0,7,12,4,0,0,23,23,0,0,0,1,1,0,0,0,2,2,3,0,0,1,5,0,0,0,6,6,211,3,17,52,290,Austin
2014,12,25,75,1,3,17,28,4,2,4,49,53,21,1,1,5,13,2,1,2,20,22,44,0,2,9,15,2,1,2,26,28,0,0,0,0,0,0,0,0,0,0,10,0,0,3,0,0,0,0,3,3,201,0,18,53,291,Austin
2015,12,25,98,2,3,14,27,8,2,5,49,54,25,0,2,7,12,2,0,2,21,23,60,2,1,5,11,5,2,3,21,24,1,0,0,0,0,0,0,0,0,0,12,0,0,2,4,1,0,0,7,7,238,2,30,54,292,Austin
2016,12,25,68,5,5,13,57,6,4,10,76,86,21,0,2,6,32,1,2,2,39,41,42,5,3,7,19,5,1,8,31,39,2,0,0,0,1,0,0,0,1,1,3,0,0,0,5,0,1,0,5,5,221,3,11,49,287,Austin
2017,12,25,59,5,8,5,33,2,1,13,40,53,21,0,1,4,13,1,0,1,18,19,35,5,7,1,16,1,1,12,18,30,0,0,0,0,0,0,0,0,0,0,3,0,0,0,4,0,0,0,4,4,179,1,15,50,288,Austin
2018,12,25,72,2,5,15,42,9,3,7,66,73,29,1,1,4,17,0,0,2,21,23,35,1,3,10,22,9,3,4,41,45,1,0,0,0,1,0,0,0,1,1,7,0,1,1,2,0,0,1,3,4,222,2,21,51,289,Austin
2019,12,25,69,2,4,11,48,5,1,6,64,70,22,0,1,6,22,4,1,1,32,33,37,2,3,2,23,0,0,5,25,30,0,0,0,2,0,0,0,0,2,2,10,0,0,1,3,1,0,0,5,5,213,3,22,52,290,Austin
2020,12,25,60,3,7,18,43,5,4,10,66,76,25,1,2,8,20,2,1,3,30,33,33,0,5,9,19,3,2,5,31,36,0,0,0,1,0,0,0,0,1,1,2,2,0,0,4,0,1,2,4,6,218,2,11,54,292,Austin
2021,12,25,52,5,2,21,38,13,2,7,72,79,21,3,0,7,13,8,0,3,28,31,29,2,2,11,21,5,2,4,37,41,0,0,0,1,1,0,0,0,2,2,2,0,0,2,3,0,0,0,5,5,202,2,11,48,286,Austin
2022,12,25,42,0,10,20,20,10,6,10,50,60,18,0,2,7,8,5,2,2,20,22,23,0,8,11,10,3,3,8,24,32,0,0,0,0,0,0,0,0,0,0,1,0,0,2,2,2,1,0,6,6,154,0,10,49,287,Austin
2023,12,25,52,1,7,17,23,15,3,8,55,63,24,0,4,6,9,5,1,4,20,24,26,1,2,11,11,8,2,3,30,33,1,0,0,0,0,0,0,0,0,0,1,0,1,0,3,2,0,1,5,6,186,3,15,50,288,Austin
2024,12,25,49,1,11,11,20,3,1,12,34,46,18,0,2,4,9,2,0,2,15,17,27,1,8,6,10,0,1,9,16,25,0,0,0,0,1,0,0,0,1,1,4,0,1,1,0,1,0,1,2,3,167,2,9,52,290,Austin
2012,1,26,92,1,3,17,110,7,2,4,134,138,42,0,0,9,61,5,0,0,75,75,44,1,3,7,39,2,2,4,48,52,0,0,0,0,1,0,0,0,1,1,6,0,0,1,9,0,0,0,10,10,372,2,27,-283,-45,Austin
2013,1,26,91,3,7,13,90,3,5,10,106,116,36,1,2,6,47,2,0,3,55,58,51,2,5,7,39,0,5,7,46,53,0,0,0,0,0,0,0,0,0,0,4,0,0,0,4,1,0,0,5,5,351,2,13,-281,-43,Austin
2014,1,26,88,4,4,18,75,9,0,8,102,110,38,1,1,6,40,3,0,2,49,51,46,2,3,8,32,5,0,5,45,50,0,0,0,0,0,0,0,0,0,0,4,1,0,4,3,1,0,1,8,9,316,1,23,-280,-42,Austin
2015,1,26,67,0,1,9,60,5,1,1,74,75,29,0,0,5,30,3,1,0,38,38,31,0,1,4,25,1,0,1,30,31,4,0,0,0,1,0,0,0,1,1,3,0,0,0,4,1,0,0,5,5,254,5,18,-279,-41,Austin
2016,1,26,68,0,4,25,66,4,4,4,95,99,31,0,1,11,35,3,2,1,49,50,33,0,2,10,24,1,1,2,35,37,0,0,0,2,0,0,0,0,2,2,4,0,1,2,7,0,1,1,9,10,278,5,24,-285,-47,Austin
2017,1,26,68,4,4,17,56,3,0,8,76,84,23,3,0,9,26,2,0,3,37,40,39,1,4,8,24,0,0,5,32,37,0,0,0,0,2,0,0,0,2,2,6,0,0,0,4,1,0,0,5,5,257,3,15,-283,-45,Austin
2018,1,26,81,8,2,20,74,7,2,10,101,111,25,1,1,10,41,3,0,2,54,56,53,6,0,8,23,4,2,6,35,41,0,0,1,0,1,0,0,1,1,2,3,1,0,2,9,0,0,1,11,12,295,3,20,-282,-44,Austin
2019,1,26,77,4,3,9,107,9,2,7,125,132,32,2,0,3,62,4,1,2,69,71,41,2,3,4,39,4,0,5,47,52,2,0,0,0,0,0,1,0,0,0,2,0,0,2,6,1,0,0,9,9,301,3,18,-281,-43,Austin
2020,1,26,67,4,6,2,56,6,1,10,64,74,30,1,3,0,21,3,1,4,24,28,35,3,3,2,31,2,0,6,35,41,0,0,0,0,2,0,0,0,2,2,2,0,0,0,2,1,0,0,3,3,236,2,11,-280,-42,Austin
2021,1,26,64,5,10,7,61,2,3,15,70,85,24,1,4,4,29,1,0,5,34,39,38,4,6,3,27,1,3,10,31,41,0,0,0,0,0,0,0,0,0,0,2,0,0,0,5,0,0,0,5,5,231,1,17,-285,-47,Austin
2022,1,26,54,0,6,12,70,11,7,6,93,99,15,0,4,4,38,5,5,4,47,51,34,0,2,7,29,5,1,2,41,43,0,0,0,0,0,1,1,0,1,1,5,0,0,1,3,0,0,0,4,4,237,5,13,-284,-46,Austin
2023,1,26,53,3,5,10,68,15,2,8,93,101,26,1,2,3,39,8,0,3,50,53,23,2,1,6,22,3,2,3,31,34,0,0,1,0,1,0,0,1,1,2,4,0,1,1,6,4,0,1,11,12,235,4,21,-283,-45,Austin
2024,1,26,48,0,3,17,71,21,3,3,109,112,16,0,2,9,27,8,0,2,44,46,30,0,0,8,41,12,3,0,61,61,0,0,0,0,1,0,0,0,1,1,2,0,1,0,2,1,0,1,3,4,245,2,10,-282,-44,Austin
2012,2,26,88,1,8,13,64,8,1,9,85,94,36,1,1,5,27,3,0,2,35,37,44,0,7,8,30,4,1,7,42,49,0,0,0,0,0,0,0,0,0,0,8,0,0,0,7,1,0,0,8,8,316,2,21,-252,-14,Austin
2013,2,26,91,3,3,12,85,3,0,6,100,106,39,1,2,6,46,1,0,3,53,56,45,2,1,3,30,2,0,3,35,38,1,0,0,1,0,0,0,0,1,1,6,0,0,2,9,0,0,0,11,11,318,2,26,-250,-12,Austin
2014,2,26,68,1,1,14,81,8,0,2,103,105,24,0,0,4,49,4,0,0,57,57,37,1,1,8,26,4,0,2,38,40,1,0,0,0,0,0,0,0,0,0,6,0,0,2,6,0,0,0,8,8,267,2,21,-249,-11,Austin
2015,2,26,67,3,2,12,64,5,1,5,81,86,29,1,0,8,42,3,0,1,53,54,31,2,1,3,20,2,0,3,25,28,1,0,0,0,1,0,0,0,1,1,6,0,1,1,1,0,1,1,2,3,274,5,18,-248,-10,Austin
2016,2,26,71,0,2,20,81,7,4,2,108,110,34,0,0,13,38,4,3,0,55,55,33,0,1,6,36,3,1,1,45,46,1,0,1,0,1,0,0,1,1,2,3,0,0,1,6,0,0,0,7,7,296,3,20,-254,-16,Austin
2017,2,26,64,2,2,6,54,4,3,4,64,68,18,0,0,4,22,0,0,0,26,26,40,2,2,2,25,4,3,4,31,35,1,0,0,0,0,0,0,0,0,0,5,0,0,0,7,0,0,0,7,7,227,1,18,-252,-14,Austin
2018,2,26,84,7,1,13,63,8,0,8,84,92,37,2,0,8,33,4,0,2,45,47,38,5,0,5,21,3,0,5,29,34,0,0,0,0,0,0,0,0,0,0,9,0,1,0,9,1,0,1,10,11,280,2,27,-251,-13,Austin
2019,2,26,59,1,2,11,84,8,1,3,103,106,31,0,0,6,31,4,0,0,41,41,24,0,2,4,41,4,1,2,49,51,1,0,0,1,1,0,0,0,2,2,3,1,0,0,11,0,0,1,11,12,260,4,21,-250,-12,Austin
2020,2,26,72,1,6,9,92,6,4,7,107,114,30,1,4,4,57,1,3,5,62,67,35,0,2,5,24,3,1,2,32,34,1,0,0,0,1,0,0,0,1,1,6,0,0,0,10,2,0,0,12,12,296,4,26,-249,-11,Austin
2021,2,26,65,3,5,17,85,9,1,8,111,119,30,1,0,10,47,4,1,1,61,62,29,2,5,6,36,5,0,7,47,54,2,0,0,0,0,0,0,0,0,0,4,0,0,1,2,0,0,0,3,3,281,2,13,-254,-16,Austin
2022,2,26,57,1,6,15,52,12,5,7,79,86,18,1,3,9,23,5,3,4,37,41,36,0,2,5,25,7,2,2,37,39,0,0,0,0,0,0,0,0,0,0,3,0,1,1,4,0,0,1,5,6,209,1,10,-253,-15,Austin
2023,2,26,62,7,6,16,65,27,4,13,108,121,18,4,2,5,27,12,1,6,44,50,37,3,2,9,34,14,3,5,57,62,1,0,0,0,2,0,0,0,2,2,6,0,2,2,2,1,0,2,5,7,276,5,15,-252,-14,Austin
2024,2,26,57,1,6,12,43,24,4,7,79,86,22,0,4,5,30,14,1,4,49,53,32,1,2,7,10,9,1,3,26,29,0,0,0,0,0,0,0,0,0,0,3,0,0,0,3,1,2,0,4,4,244,2,12,-251,-13,Austin
2012,3,26,94,5,4,24,90,6,3,9,120,129,48,2,2,16,54,4,1,4,74,78,36,3,1,7,26,0,1,4,33,37,2,0,0,0,0,0,0,0,0,0,8,0,1,1,10,2,1,1,13,14,367,2,26,-223,15,Austin
2013,3,26,74,2,3,15,72,1,1,5,88,93,30,1,2,13,45,1,0,3,59,62,34,1,1,2,17,0,1,2,19,21,0,0,0,0,0,0,0,0,0,0,10,0,0,0,10,0,0,0,10,10,284,0,24,-222,16,Austin
2014,3,26,86,2,3,24,81,9,1,5,114,119,39,0,2,11,52,6,1,2,69,71,39,1,1,13,20,3,0,2,36,38,1,0,0,0,1,0,0,0,1,1,7,1,0,0,8,0,0,1,8,9,321,2,22,-221,17,Austin
2015,3,26,87,0,5,12,56,6,2,5,74,79,46,0,2,7,34,3,1,2,44,46,36,0,1,4,18,2,1,1,24,25,2,0,0,0,0,0,0,0,0,0,3,0,2,1,4,1,0,2,6,8,285,2,26,-220,18,Austin
2016,3,26,93,7,6,7,70,3,3,13,80,93,43,4,3,4,44,1,2,7,49,56,41,2,3,3,19,2,1,5,24,29,2,0,0,0,0,0,0,0,0,0,7,1,0,0,7,0,0,1,7,8,284,2,27,-225,13,Austin
2017,3,26,70,6,8,5,48,3,1,14,56,70,35,0,2,2,32,1,0,2,35,37,30,6,6,3,13,2,0,12,18,30,0,0,0,0,0,0,0,0,0,0,5,0,0,0,3,0,1,0,3,3,248,0,23,-224,14,Austin
2018,3,26,77,5,7,5,72,4,3,12,81,93,39,0,3,5,48,1,1,3,54,57,28,5,3,0,19,2,2,8,21,29,2,0,0,0,0,0,0,0,0,0,8,0,1,0,5,1,0,1,6,7,275,2,22,-223,15,Austin
2019,3,26,73,2,2,8,77,10,1,4,95,99,43,0,0,2,52,6,0,0,60,60,25,2,2,3,21,4,1,4,28,32,1,0,0,0,0,0,0,0,0,0,4,0,0,3,4,0,0,0,7,7,276,1,19,-222,16,Austin
2020,3,26,71,1,9,15,74,7,1,10,96,106,32,0,5,4,50,4,0,5,58,63,32,1,4,11,21,3,1,5,35,40,0,0,0,0,0,0,0,0,0,0,7,0,0,0,3,0,0,0,3,3,268,0,18,-220,18,Austin
2021,3,26,57,2,5,6,67,13,4,7,86,93,25,1,0,3,37,9,1,1,49,50,26,1,5,3,21,2,3,6,26,32,0,0,0,0,1,0,0,0,1,1,6,0,0,0,8,2,0,0,10,10,287,1,24,-226,12,Austin
2022,3,26,48,3,7,14,50,17,4,10,81,91,21,2,4,8,29,7,0,6,44,50,21,1,2,4,19,7,4,3,30,33,0,0,0,0,0,0,0,0,0,0,6,0,1,2,2,3,0,1,7,8,227,0,24,-225,13,Austin
2023,3,26,70,1,10,11,59,18,3,11,88,99,31,1,2,3,34,10,2,3,47,50,33,0,7,7,23,6,1,7,36,43,1,0,0,0,0,0,0,0,0,0,5,0,1,1,2,2,0,1,5,6,252,1,13,-224,14,Austin
2024,3,26,51,2,3,9,39,27,2,5,75,80,28,0,2,3,17,12,1,2,32,34,19,2,0,6,16,10,0,2,32,34,0,0,0,0,2,0,0,0,2,2,4,0,1,0,4,5,1,1,9,10,210,3,25,-222,16,Austin
2012,4,26,75,2,4,33,86,10,1,6,129,135,44,0,3,22,56,8,0,3,86,89,26,2,1,8,19,2,1,3,29,32,1,0,0,2,0,0,0,0,2,2,4,0,0,1,11,0,0,0,12,12,335,3,22,-192,46,Austin
2013,4,26,119,4,2,25,79,12,2,6,116,122,62,3,2,18,51,9,2,5,78,83,46,1,0,7,22,3,0,1,32,33,1,0,0,0,1,0,0,0,1,1,10,0,0,0,5,0,0,0,5,5,349,2,25,-191,47,Austin
2014,4,26,96,4,8,13,81,5,2,12,99,111,33,2,4,6,47,3,1,6,56,62,53,2,4,7,27,0,1,6,34,40,0,0,0,0,0,0,0,0,0,0,10,0,0,0,7,2,0,0,9,9,330,3,31,-190,48,Austin
2015,4,26,109,2,8,9,83,2,1,10,94,104,53,1,1,6,55,0,1,2,61,63,51,1,6,3,19,2,0,7,24,31,1,0,0,0,0,0,0,0,0,0,4,0,1,0,9,0,0,1,9,10,320,1,23,-189,49,Austin
2016,4,26,85,1,8,16,79,5,4,9,100,109,44,0,7,12,54,3,1,7,69,76,33,1,1,4,19,1,3,2,24,26,0,0,0,0,2,1,0,0,3,3,8,0,0,0,4,0,0,0,4,4,305,3,19,-194,44,Austin
2017,4,26,80,2,8,10,68,4,1,10,82,92,44,1,4,7,45,2,1,5,54,59,26,1,4,3,19,1,0,5,23,28,1,0,0,0,0,0,0,0,0,0,9,0,0,0,4,1,0,0,5,5,272,1,22,-193,45,Austin
2018,4,26,78,2,5,12,77,5,1,7,94,101,40,0,3,5,53,4,1,3,62,65,28,2,2,3,18,1,0,4,22,26,2,0,0,0,1,0,0,0,1,1,8,0,0,4,5,0,0,0,9,9,271,3,22,-192,46,Austin
2019,4,26,76,1,5,10,86,9,4,6,105,111,39,0,4,6,55,7,0,4,68,72,26,1,1,3,24,2,3,2,29,31,3,0,0,0,0,0,0,0,0,0,8,0,0,1,7,0,1,0,8,8,300,4,22,-191,47,Austin
2020,4,26,71,2,5,17,51,9,1,7,77,84,32,0,3,12,33,3,1,3,48,51,31,2,2,5,17,4,0,4,26,30,1,0,0,0,0,0,0,0,0,0,7,0,0,0,1,2,0,0,3,3,237,1,17,-189,49,Austin
2021,4,26,68,1,4,19,58,18,2,5,95,100,43,1,2,12,35,8,0,3,55,58,17,0,1,7,17,8,1,1,32,33,2,0,0,0,0,0,0,0,0,0,6,0,1,0,6,2,1,1,8,9,247,2,20,-195,43,Austin
2022,4,26,64,2,8,11,47,18,3,10,76,86,39,2,4,6,30,12,2,6,48,54,19,0,4,4,13,4,0,4,21,25,1,0,0,0,0,0,0,0,0,0,5,0,0,1,4,2,1,0,7,7,240,1,17,-194,44,Austin
2023,4,26,58,2,2,13,56,23,1,4,92,96,32,1,0,3,33,11,1,1,47,48,23,1,2,9,20,10,0,3,39,42,0,0,0,0,0,0,0,0,0,0,3,0,0,1,3,2,0,0,6,6,226,1,15,-193,45,Austin
2024,4,26,53,4,5,13,59,16,4,9,88,97,30,2,2,5,36,7,2,4,48,52,21,2,2,7,20,4,2,4,31,35,1,0,0,0,0,1,0,0,1,1,1,0,1,1,3,4,0,1,8,9,260,2,14,-191,47,Austin
2012,5,26,120,3,4,15,103,3,1,7,121,128,57,1,2,9,67,2,1,3,78,81,53,2,2,5,34,1,0,4,40,44,1,0,0,0,0,0,0,0,0,0,9,0,0,1,2,0,0,0,3,3,386,1,21,-162,76,Austin
2013,5,26,91,3,8,15,107,2,0,11,124,135,46,1,4,10,71,1,0,5,82,87,30,2,4,5,31,1,0,6,37,43,1,0,0,0,1,0,0,0,1,1,14,0,0,0,4,0,0,0,4,4,366,2,25,-161,77,Austin
2014,5,26,71,0,7,13,93,3,3,7,109,116,37,0,2,10,66,2,0,2,78,80,24,0,5,3,22,1,1,5,26,31,0,0,0,0,0,0,0,0,0,0,10,0,0,0,5,0,2,0,5,5,309,1,28,-160,78,Austin
2015,5,26,84,1,1,17,99,8,0,2,124,126,50,0,1,12,73,4,0,1,89,90,24,0,0,1,19,2,0,0,22,22,1,0,0,0,1,0,0,0,1,1,9,1,0,4,6,2,0,1,12,13,318,2,34,-159,79,Austin
2016,5,26,65,2,9,12,83,3,0,11,98,109,35,1,6,12,50,0,0,7,62,69,22,1,3,0,26,3,0,4,29,33,1,0,0,0,2,0,0,0,2,2,7,0,0,0,5,0,0,0,5,5,277,4,17,-164,74,Austin
2017,5,26,84,1,7,17,69,3,2,8,89,97,47,0,6,10,37,1,1,6,48,54,32,1,1,6,27,1,1,2,34,36,0,0,0,0,0,0,0,0,0,0,5,0,0,1,5,1,0,0,7,7,299,1,24,-163,75,Austin
2018,5,26,98,1,3,11,60,5,3,4,76,80,58,0,1,4,32,3,1,1,39,40,30,1,1,6,20,1,2,2,27,29,1,0,0,0,0,0,0,0,0,0,9,0,1,1,8,1,0,1,10,11,291,3,28,-162,76,Austin
2019,5,26,82,0,5,14,76,4,2,5,94,99,45,0,2,8,43,3,0,2,54,56,30,0,3,6,26,1,2,3,33,36,1,0,0,0,0,0,0,0,0,0,6,0,0,0,7,0,0,0,7,7,287,2,27,-161,77,Austin
2020,5,26,80,3,5,10,70,14,5,8,94,102,45,1,4,7,48,7,3,5,62,67,25,2,1,3,16,6,2,3,25,28,2,0,0,0,0,0,0,0,0,0,8,0,0,0,6,1,0,0,7,7,288,2,25,-159,79,Austin
2021,5,26,56,3,3,15,59,14,2,6,88,94,32,3,0,8,37,8,2,3,53,56,16,0,1,5,18,4,0,1,27,28,1,0,0,2,0,0,0,0,2,2,7,0,2,0,4,2,0,2,6,8,240,3,20,-165,73,Austin
2022,5,26,45,2,10,8,70,12,4,12,90,102,22,0,4,4,38,7,2,4,49,53,21,1,5,3,30,4,2,6,37,43,0,0,0,1,0,0,0,0,1,1,2,1,1,0,2,1,0,2,3,5,237,1,14,-164,74,Austin
2023,5,26,63,2,7,9,68,12,3,9,89,98,40,2,3,5,43,9,0,5,57,62,16,0,4,4,22,3,3,4,29,33,0,0,0,0,0,0,0,0,0,0,7,0,0,0,3,0,0,0,3,3,265,0,17,-163,75,Austin
2024,5,26,61,2,8,9,47,17,4,10,73,83,42,1,5,4,31,10,1,6,45,51,15,1,1,5,15,6,2,2,26,28,0,0,0,0,1,0,0,0,1,1,4,0,2,0,0,1,1,2,1,3,231,2,16,-161,77,Austin
2012,6,26,96,2,6,30,97,6,3,8,133,141,50,1,1,22,62,4,2,2,88,90,36,1,4,7,23,2,0,5,32,37,0,0,0,1,1,0,0,0,2,2,10,0,1,0,11,0,1,1,11,12,385,2,44,-131,107,Austin
2013,6,26,92,2,4,20,94,3,4,6,117,123,48,1,3,14,63,2,3,4,79,83,32,1,0,4,21,0,1,1,25,26,0,0,0,0,2,0,0,0,2,2,12,0,1,2,8,1,0,1,11,12,345,2,31,-130,108,Austin
2014,6,26,85,0,6,15,108,11,1,6,134,140,50,0,3,10,74,9,1,3,93,96,26,0,2,2,20,2,0,2,24,26,1,0,0,0,1,0,0,0,1,1,8,0,1,3,13,0,0,1,16,17,356,3,31,-129,109,Austin
2015,6,26,74,3,6,11,87,1,0,9,99,108,41,1,2,8,62,1,0,3,71,74,26,2,2,2,19,0,0,4,21,25,3,0,0,0,0,0,0,0,0,0,4,0,2,1,6,0,0,2,7,9,317,4,30,-128,110,Austin
2016,6,26,93,1,10,8,73,8,1,11,89,100,54,1,6,6,47,6,0,7,59,66,34,0,4,2,17,2,1,4,21,25,0,0,0,0,1,0,0,0,1,1,5,0,0,0,8,0,0,0,8,8,304,1,22,-133,105,Austin
2017,6,26,75,3,3,14,63,0,1,6,77,83,51,0,2,12,34,0,0,2,46,48,17,3,1,2,18,0,1,4,20,24,1,0,0,0,1,0,0,0,1,1,6,0,0,0,10,0,0,0,10,10,270,3,22,-132,106,Austin
2018,6,26,69,2,3,14,82,7,2,5,103,108,45,0,1,12,55,3,1,1,70,71,15,2,2,1,21,1,1,4,23,27,0,0,0,0,0,0,0,0,0,0,9,0,0,1,6,3,0,0,10,10,272,0,25,-131,107,Austin
2019,6,26,65,3,8,12,66,11,2,11,89,100,38,2,5,5,42,5,1,7,52,59,20,1,3,6,18,5,0,4,29,33,2,0,0,1,1,0,0,0,2,2,5,0,0,0,5,1,1,0,6,6,250,5,22,-130,108,Austin
2020,6,26,53,5,6,13,77,5,2,11,95,106,36,4,2,4,53,4,0,6,61,67,12,0,4,7,18,1,1,4,26,30,0,0,0,0,0,0,0,0,0,0,5,1,0,2,6,0,1,1,8,9,251,0,22,-128,110,Austin
2021,6,26,60,1,3,16,69,8,4,4,93,97,33,0,2,7,48,5,1,2,60,62,18,1,1,7,17,0,2,2,24,26,0,0,0,0,0,0,0,0,0,0,9,0,0,2,4,3,1,0,9,9,253,1,26,-134,104,Austin
2022,6,26,77,8,12,9,68,13,2,20,90,110,42,6,6,1,39,8,0,12,48,60,26,2,4,5,26,4,2,6,35,41,1,0,0,0,1,0,0,0,1,1,8,0,2,3,2,1,0,2,6,8,269,3,22,-133,105,Austin
2023,6,26,75,2,9,12,55,24,3,11,91,102,37,1,2,7,41,16,2,3,64,67,31,1,6,5,12,5,1,7,22,29,0,0,0,0,0,1,0,0,1,1,7,0,1,0,2,2,0,1,4,5,244,1,14,-132,106,Austin
2024,6,26,61,4,4,4,74,20,3,8,98,106,33,1,3,3,55,14,1,4,72,76,18,1,1,1,16,4,2,2,21,23,1,0,0,0,0,0,0,0,0,0,9,2,0,0,3,2,0,2,5,7,240,2,19,-130,108,Austin
2012,7,26,87,5,5,18,90,5,1,10,113,123,48,0,1,14,60,3,1,1,77,78,28,5,4,1,23,1,0,9,25,34,1,0,0,1,0,0,0,0,1,1,10,0,0,2,7,1,0,0,10,10,324,3,31,-101,137,Austin
2013,7,26,91,3,5,19,78,5,0,8,102,110,47,1,3,12,50,3,0,4,65,69,38,2,1,5,21,0,0,3,26,29,0,0,0,0,0,0,0,0,0,0,6,0,1,2,7,2,0,1,11,12,330,0,31,-100,138,Austin
2014,7,26,100,3,5,7,81,10,1,8,98,106,55,0,2,5,57,6,1,2,68,70,36,2,1,2,17,3,0,3,22,25,0,0,0,0,0,0,0,0,0,0,9,1,2,0,7,1,0,3,8,11,353,0,30,-99,139,Austin
2015,7,26,84,3,10,10,90,1,3,13,101,114,45,1,3,7,58,0,1,4,65,69,35,1,5,2,23,1,2,6,26,32,0,0,0,0,0,0,0,0,0,0,4,1,2,1,9,0,0,3,10,13,318,1,32,-98,140,Austin
2016,7,26,74,2,6,12,64,5,0,8,81,89,44,2,3,11,44,2,0,5,57,62,24,0,2,0,13,2,0,2,15,17,0,0,0,0,0,0,0,0,0,0,6,0,1,1,7,1,0,1,9,10,255,0,22,-103,135,Austin
2017,7,26,88,3,7,6,62,3,1,10,71,81,58,2,3,3,44,3,1,5,50,55,22,1,2,3,10,0,0,3,13,16,0,0,0,0,0,0,0,0,0,0,8,0,2,0,8,0,0,2,8,10,310,2,21,-102,136,Austin
2018,7,26,70,3,6,25,91,10,1,9,126,135,41,3,1,16,58,6,0,4,80,84,18,0,3,5,19,2,1,3,26,29,0,0,0,1,1,0,0,0,2,2,11,0,2,3,13,2,0,2,18,20,291,4,44,-101,137,Austin
2019,7,26,74,5,10,14,92,9,1,15,115,130,46,1,6,6,61,7,0,7,74,81,23,4,4,7,20,2,1,8,29,37,0,0,0,0,1,0,0,0,1,1,5,0,0,1,10,0,0,0,11,11,342,2,29,-100,138,Austin
2020,7,26,58,2,4,18,54,13,1,6,85,91,35,1,2,9,28,3,0,3,40,43,20,1,2,7,18,5,1,3,30,33,0,0,0,1,0,0,0,0,1,1,3,0,0,1,8,5,0,0,14,14,239,1,26,-98,140,Austin
2021,7,26,58,1,10,9,67,18,1,11,94,105,41,0,4,6,36,10,1,4,52,56,15,1,5,2,20,6,0,6,28,34,0,0,1,0,2,0,0,1,2,3,2,0,0,1,9,2,0,0,12,12,242,3,18,-104,134,Austin
2022,7,26,47,2,8,18,59,7,4,10,84,94,24,1,4,12,38,4,2,5,54,59,18,1,4,6,14,2,1,5,22,27,0,0,0,0,1,0,0,0,1,1,5,0,0,0,6,1,1,0,7,7,230,2,21,-103,135,Austin
2023,7,26,67,1,8,20,56,18,1,9,94,103,38,0,4,10,35,13,1,4,58,62,23,1,3,10,19,3,0,4,32,36,0,0,0,0,1,0,0,0,1,1,6,0,1,0,1,2,0,1,3,4,262,3,14,-102,136,Austin
2024,7,26,49,2,2,13,67,19,2,4,99,103,27,1,1,7,43,10,1,2,60,62,14,1,0,5,23,6,1,1,34,35,1,0,0,0,0,0,0,0,0,0,7,0,1,1,1,3,0,1,5,6,264,4,20,-100,138,Austin
2012,8,26,115,3,4,13,95,2,0,7,110,117,41,0,0,5,49,0,0,0,54,54,62,3,3,8,39,2,0,6,49,55,1,0,0,0,1,0,0,0,1,1,11,0,1,0,6,0,0,1,6,7,349,3,24,-70,168,Austin
2013,8,26,78,3,0,16,94,6,1,3,116,119,44,0,0,11,64,4,1,0,79,79,24,3,0,5,26,2,0,3,33,36,0,0,0,0,0,0,0,0,0,0,10,0,0,0,4,0,0,0,4,4,330,0,24,-69,169,Austin
2014,8,26,87,1,7,9,85,7,3,8,101,109,50,1,5,6,54,5,2,6,65,71,25,0,2,0,22,2,0,2,24,26,1,0,0,2,1,0,0,0,3,3,11,0,0,1,8,0,1,0,9,9,305,5,28,-68,170,Austin
2015,8,26,73,3,5,5,95,7,0,8,107,115,43,1,3,3,60,2,0,4,65,69,23,2,2,2,20,3,0,4,25,29,0,0,0,0,1,0,0,0,1,1,7,0,0,0,14,2,0,0,16,16,292,2,30,-67,171,Austin
2016,8,26,97,7,3,16,80,9,3,10,105,115,50,3,1,12,52,7,1,4,71,75,37,4,2,4,23,2,1,6,29,35,1,0,0,0,0,0,0,0,0,0,9,0,0,0,5,0,1,0,5,5,324,4,20,-72,166,Austin
2017,8,26,60,2,2,5,42,5,0,4,52,56,32,1,1,3,26,3,0,2,32,34,25,1,1,2,11,2,0,2,15,17,0,0,0,0,0,0,0,0,0,0,3,0,0,0,5,0,0,0,5,5,190,0,15,-71,167,Austin
2018,8,26,80,1,8,12,79,9,0,9,100,109,37,0,3,8,42,4,0,3,54,57,37,1,5,4,27,4,0,6,35,41,1,0,0,0,2,0,0,0,2,2,5,0,0,0,8,1,0,0,9,9,268,3,23,-70,168,Austin
2019,8,26,55,4,7,9,83,13,2,11,105,116,25,2,3,6,44,7,1,5,57,62,24,2,4,3,28,4,0,6,35,41,0,0,0,0,4,1,1,0,5,5,6,0,0,0,7,1,0,0,8,8,256,7,18,-69,169,Austin
2020,8,26,67,2,7,22,71,10,1,9,103,112,39,0,3,12,40,4,1,3,56,59,21,1,4,7,21,5,0,5,33,38,0,0,0,0,1,0,0,0,1,1,7,1,0,3,9,1,0,1,13,14,273,2,30,-67,171,Austin
2021,8,26,48,5,6,3,61,11,1,11,75,86,24,3,4,2,34,5,1,7,41,48,23,2,2,1,23,3,0,4,27,31,0,0,0,0,0,0,0,0,0,0,1,0,0,0,4,3,0,0,7,7,213,0,13,-73,165,Austin
2022,8,26,55,3,6,13,72,22,3,9,107,116,30,3,4,7,44,13,3,7,64,71,22,0,2,4,26,9,0,2,39,41,1,0,0,0,1,0,0,0,1,1,2,0,0,2,1,0,0,0,3,3,263,4,14,-72,166,Austin
2023,8,26,68,2,9,13,59,27,5,11,99,110,33,2,3,6,27,16,1,5,49,54,31,0,6,7,27,9,4,6,43,49,1,0,0,0,0,0,0,0,0,0,3,0,0,0,5,2,0,0,7,7,260,2,14,-71,167,Austin
2024,8,26,50,2,7,18,43,16,0,9,77,86,24,1,4,6,29,7,0,5,42,47,22,1,3,12,10,8,0,4,30,34,2,0,0,0,1,0,0,0,1,1,2,0,0,0,3,1,0,0,4,4,216,3,9,-69,169,Austin
2012,9,26,109,2,2,28,113,11,0,4,152,156,58,0,1,16,68,5,0,1,89,90,45,2,1,8,29,5,0,3,42,45,3,0,0,2,2,0,0,0,4,4,3,0,0,2,14,1,0,0,17,17,403,11,32,-39,199,Austin
2013,9,26,84,1,5,26,85,6,3,6,117,123,37,0,3,19,51,3,1,3,73,76,39,1,1,6,28,3,2,2,37,39,1,0,0,0,0,0,0,0,0,0,7,0,1,1,6,0,0,1,7,8,338,2,19,-38,200,Austin
2014,9,26,84,2,3,13,83,6,1,5,102,107,35,0,0,8,46,4,0,0,58,58,42,2,3,3,28,2,0,5,33,38,2,0,0,0,1,0,0,0,1,1,5,0,0,2,8,0,1,0,10,10,342,4,23,-37,201,Austin
2015,9,26,87,0,1,12,78,8,3,1,98,99,34,0,1,8,46,5,0,1,59,60,45,0,0,4,29,3,3,0,36,36,2,0,0,0,0,0,0,0,0,0,6,0,0,0,3,0,0,0,3,3,299,3,15,-36,202,Austin
2016,9,26,83,1,5,21,70,3,4,6,94,100,43,1,4,13,43,0,2,5,56,61,35,0,1,7,23,2,2,1,32,33,0,0,0,1,0,0,0,0,1,1,5,0,0,0,4,1,0,0,5,5,298,2,15,-41,197,Austin
2017,9,26,69,6,5,16,62,8,2,11,86,97,40,3,2,10,31,3,2,5,44,49,27,2,2,5,25,5,0,4,35,39,0,0,0,1,1,0,0,0,2,2,2,1,1,0,5,0,0,2,5,7,259,2,15,-40,198,Austin
2018,9,26,68,1,4,14,78,9,4,5,101,106,35,0,1,10,50,6,3,1,66,67,26,0,3,4,22,3,1,3,29,32,0,1,0,0,0,0,0,1,0,1,7,0,0,0,6,0,0,0,6,6,282,2,21,-39,199,Austin
2019,9,26,83,5,2,12,65,6,2,7,83,90,32,2,0,8,35,2,1,2,45,47,36,2,2,3,24,4,1,4,31,35,2,0,0,1,0,0,0,0,1,1,13,1,0,0,6,0,0,1,6,7,291,3,23,-38,200,Austin
2020,9,26,63,1,5,15,107,10,2,6,132,138,35,1,2,10,58,4,0,3,72,75,25,0,3,5,42,4,2,3,51,54,0,0,0,0,2,0,0,0,2,2,3,0,0,0,5,2,0,0,7,7,297,2,19,-36,202,Austin
2021,9,26,56,1,11,0,55,20,4,12,75,87,24,1,4,0,26,12,2,5,38,43,30,0,5,0,24,6,2,5,30,35,0,0,0,0,0,0,0,0,0,0,2,0,2,0,5,2,0,2,7,9,237,1,17,-42,196,Austin
2022,9,26,50,1,6,14,81,10,1,7,105,112,20,0,2,8,47,4,1,2,59,61,23,1,4,6,29,2,0,5,37,42,1,0,0,0,0,0,0,0,0,0,6,0,0,0,5,4,0,0,9,9,251,1,20,-41,197,Austin
2023,9,26,60,3,4,10,42,17,2,7,69,76,31,1,3,4,30,13,1,4,47,51,25,1,1,6,11,4,1,2,21,23,1,0,0,0,0,0,0,0,0,0,3,1,0,0,1,0,0,1,1,2,204,2,7,-40,198,Austin
2024,9,26,54,3,6,9,51,10,5,9,70,79,20,1,5,3,30,6,3,6,39,45,30,2,0,6,17,4,2,2,27,29,0,0,1,0,1,0,0,1,1,2,4,0,0,0,3,0,0,0,3,3,210,3,10,-38,200,Austin
2012,10,26,56,0,5,23,93,5,2,5,121,126,19,0,2,18,41,4,0,2,63,65,27,0,1,3,41,0,2,1,44,45,0,0,2,0,0,0,0,2,0,2,10,0,0,2,11,1,0,0,14,14,304,2,29,-9,229,Austin
2013,10,26,109,3,7,15,88,5,2,10,108,118,42,0,1,9,38,1,0,1,48,49,62,3,6,4,34,3,2,9,41,50,0,0,0,0,1,0,0,0,1,1,5,0,0,2,15,1,0,0,18,18,354,1,33,-8,230,Austin
2014,10,26,94,3,3,11,90,5,2,6,106,112,36,1,0,6,42,3,0,1,51,52,52,2,3,2,38,2,1,5,42,47,0,0,0,0,0,0,1,0,0,0,6,0,0,3,10,0,0,0,13,13,306,2,26,-7,231,Austin
2015,10,26,83,1,4,15,80,3,4,5,98,103,31,0,2,10,49,1,1,2,60,62,42,1,2,4,26,1,3,3,31,34,1,0,0,0,0,0,0,0,0,0,9,0,0,1,5,1,0,0,7,7,288,2,20,-6,232,Austin
2016,10,26,52,2,5,17,64,7,0,7,88,95,25,2,5,10,42,3,0,7,55,62,24,0,0,5,18,4,0,0,27,27,1,0,0,0,0,0,0,0,0,0,2,0,0,2,4,0,0,0,6,6,225,2,12,-11,227,Austin
2017,10,26,76,0,1,13,76,4,0,1,93,94,37,0,0,6,38,3,0,0,47,47,33,0,0,7,33,1,0,0,41,41,0,0,1,0,0,0,0,1,0,1,6,0,0,0,5,0,0,0,5,5,262,2,16,-10,228,Austin
2018,10,26,73,3,5,17,75,9,2,8,101,109,32,1,3,12,43,5,0,4,60,64,36,2,1,4,25,3,2,3,32,35,0,0,0,1,0,0,0,0,1,1,5,0,1,0,7,1,0,1,8,9,288,2,22,-9,229,Austin
2019,10,26,67,3,6,9,82,5,4,9,96,105,25,1,1,5,43,2,3,2,50,52,40,1,4,4,28,3,1,5,35,40,0,0,0,0,1,0,0,0,1,1,2,1,1,0,10,0,0,2,10,12,269,2,21,-8,230,Austin
2020,10,26,56,0,5,9,67,10,4,5,86,91,23,0,2,4,36,6,1,2,46,48,26,0,3,5,22,3,2,3,30,33,1,0,0,0,2,1,0,0,3,3,6,0,0,0,7,0,1,0,7,7,241,4,16,-6,232,Austin
2021,10,26,54,1,6,15,73,14,2,7,102,109,23,1,4,6,32,10,1,5,48,53,29,0,2,8,37,4,1,2,49,51,0,0,0,0,1,0,0,0,1,1,2,0,0,1,3,0,0,0,4,4,255,1,12,-12,226,Austin
2022,10,26,46,3,7,16,61,22,4,10,99,109,19,1,3,4,36,13,3,4,53,57,22,2,4,10,18,7,1,6,35,41,0,0,0,0,0,1,0,0,1,1,5,0,0,2,7,1,0,0,10,10,231,1,16,-11,227,Austin
2023,10,26,49,2,5,7,68,22,1,7,97,104,22,0,1,1,23,5,0,1,29,30,26,0,3,5,35,17,1,3,57,60,0,0,0,0,0,0,0,0,0,0,1,2,1,1,10,0,0,3,11,14,233,0,25,-10,228,Austin
2024,10,26,55,1,6,11,59,14,3,7,84,91,24,0,2,4,28,5,0,2,37,39,26,1,4,6,28,5,3,5,39,44,0,0,0,0,0,1,0,0,1,1,5,0,0,1,3,3,0,0,7,7,229,1,17,-8,230,Austin
2012,11,26,58,2,7,33,113,10,2,9,156,165,24,1,2,19,50,3,0,3,72,75,26,1,3,8,54,4,2,4,66,70,5,0,1,4,1,0,0,1,5,6,3,0,1,2,8,3,0,1,13,14,332,12,28,22,260,Austin
2013,11,26,85,1,6,24,96,3,3,7,123,130,28,0,1,12,41,2,2,1,55,56,46,1,5,5,41,1,1,6,47,53,2,0,0,1,1,0,0,0,2,2,9,0,0,6,13,0,0,0,19,19,342,8,36,23,261,Austin
2014,11,26,80,3,2,31,111,5,1,5,147,152,34,2,1,17,56,2,0,3,75,78,42,1,1,12,40,3,1,2,55,57,0,0,0,0,1,0,0,0,1,1,4,0,0,2,14,0,0,0,16,16,344,1,24,24,262,Austin
2015,11,26,70,3,7,14,45,2,2,10,61,71,28,0,1,4,13,0,2,1,17,18,37,2,6,9,27,1,0,8,37,45,0,1,0,0,0,0,0,1,0,1,5,0,0,1,5,1,0,0,7,7,222,2,20,25,263,Austin
2016,11,26,71,3,6,15,73,9,3,9,97,106,20,0,2,7,31,4,1,2,42,44,47,2,4,6,33,4,2,6,43,49,1,0,0,0,0,1,0,0,1,1,3,1,0,2,9,0,0,1,11,12,256,2,21,20,258,Austin
2017,11,26,79,3,5,9,64,4,1,8,77,85,32,1,1,3,38,1,1,2,42,44,39,2,4,4,24,3,0,6,31,37,0,0,0,1,0,0,0,0,1,1,8,0,0,1,2,0,0,0,3,3,247,2,17,21,259,Austin
2018,11,26,76,2,3,15,81,5,1,5,101,106,33,1,1,12,30,1,1,2,43,45,35,1,2,3,41,3,0,3,47,50,2,0,0,0,1,0,0,0,1,1,6,0,0,0,9,1,0,0,10,10,259,3,22,22,260,Austin
2019,11,26,53,2,6,14,76,11,2,8,101,109,17,0,0,4,38,2,2,0,44,44,30,1,6,8,33,7,0,7,48,55,0,0,0,0,1,0,0,0,1,1,6,1,0,2,4,2,0,1,8,9,281,2,22,23,261,Austin
2020,11,26,62,2,6,21,58,12,3,8,91,99,28,1,0,9,27,2,0,1,38,39,28,1,4,11,25,6,3,5,42,47,1,0,0,0,1,1,0,0,2,2,5,0,2,1,5,3,0,2,9,11,243,3,22,25,263,Austin
2021,11,26,43,3,5,17,54,8,3,8,79,87,16,0,3,6,29,3,0,3,38,41,23,2,2,10,21,5,3,4,36,40,0,0,0,0,0,0,0,0,0,0,4,1,0,1,4,0,0,1,5,6,211,1,18,19,257,Austin
2022,11,26,36,1,7,22,65,18,5,8,105,113,10,1,4,5,34,9,0,5,48,53,23,0,2,16,25,8,4,2,49,51,1,0,0,0,0,0,1,0,0,0,2,0,1,1,6,1,0,1,8,9,216,2,17,20,258,Austin
2023,11,26,61,1,1,9,46,27,2,2,82,84,24,0,0,3,19,15,0,0,37,37,31,1,1,6,25,10,2,2,41,43,2,0,0,0,1,2,0,0,3,3,4,0,0,0,1,0,0,0,1,1,233,5,11,21,259,Austin
2024,11,26,49,1,0,7,63,13,4,1,83,84,18,0,0,5,37,9,3,0,51,51,26,1,0,2,18,4,1,1,24,25,1,0,0,0,1,0,0,0,1,1,4,0,0,0,7,0,0,0,7,7,220,2,19,23,261,Austin
2012,12,26,67,0,3,11,69,7,1,3,87,90,29,0,2,7,33,2,1,2,42,44,33,0,1,3,25,4,0,1,32,33,0,0,0,1,0,0,0,0,1,1,5,0,0,0,11,1,0,0,12,12,251,1,24,52,290,Austin
2013,12,26,74,0,3,13,79,0,1,3,92,95,28,0,1,7,29,0,1,1,36,37,39,0,2,5,42,0,0,2,47,49,0,0,0,0,0,0,0,0,0,0,7,0,0,1,8,0,0,0,9,9,237,2,21,53,291,Austin
2014,12,26,67,3,6,14,66,4,0,9,84,93,20,1,1,5,30,2,0,2,37,39,42,2,5,7,28,0,0,7,35,42,0,0,0,1,0,1,0,0,2,2,5,0,0,1,8,1,0,0,10,10,274,3,25,54,292,Austin
2015,12,26,55,1,5,14,53,4,2,6,71,77,14,1,1,6,28,2,1,2,36,38,35,0,4,6,21,2,1,4,29,33,1,0,0,0,0,0,0,0,0,0,5,0,0,2,4,0,0,0,6,6,208,3,15,55,293,Austin
2016,12,26,79,0,7,18,59,3,1,7,80,87,26,0,4,5,24,0,0,4,29,33,45,0,3,10,29,3,1,3,42,45,1,0,0,0,1,0,0,0,1,1,7,0,0,3,5,0,0,0,8,8,239,3,18,50,288,Austin
2017,12,26,56,5,5,10,68,5,2,10,83,93,20,1,2,5,36,3,1,3,44,47,32,4,3,4,25,2,1,7,31,38,0,0,0,0,1,0,0,0,1,1,4,0,0,1,6,0,0,0,7,7,230,1,17,51,289,Austin
2018,12,26,47,2,3,12,75,7,1,5,94,99,25,0,1,8,32,2,1,1,42,43,18,2,1,4,36,5,0,3,45,48,1,0,0,0,0,0,0,0,0,0,3,0,1,0,7,0,0,1,7,8,207,1,16,52,290,Austin
2019,12,26,78,3,2,22,69,3,3,5,94,99,33,0,0,9,35,0,0,0,44,44,39,3,2,11,25,2,3,5,38,43,1,0,0,0,0,0,0,0,0,0,5,0,0,2,9,1,0,0,12,12,279,3,26,53,291,Austin
2020,12,26,51,3,4,15,47,16,3,7,78,85,20,2,2,8,22,5,0,4,35,39,27,1,2,5,19,9,3,3,33,36,0,0,0,0,0,0,0,0,0,0,4,0,0,2,6,2,0,0,10,10,219,1,19,55,293,Austin
2021,12,26,53,3,5,19,59,13,3,8,91,99,25,0,4,6,28,7,2,4,41,45,21,3,1,12,30,5,1,4,47,51,0,0,0,0,0,0,0,0,0,0,7,0,0,1,1,1,0,0,3,3,220,0,15,49,287,Austin
2022,12,26,45,1,7,7,36,12,4,8,55,63,19,0,2,4,19,5,1,2,28,30,22,1,5,3,12,3,3,6,18,24,0,0,0,0,1,0,0,0,1,1,4,0,0,0,4,4,0,0,8,8,175,4,22,50,288,Austin
2023,12,26,42,1,3,6,38,15,1,4,59,63,17,0,0,2,15,4,1,0,21,21,21,1,3,3,16,11,0,4,30,34,1,0,0,0,0,0,0,0,0,0,3,0,0,1,7,0,0,0,8,8,181,1,16,51,289,Austin
2024,12,26,53,2,3,17,43,14,5,5,74,79,19,1,1,9,23,8,1,2,40,42,32,1,2,7,9,5,4,3,21,24,0,0,0,0,0,0,0,0,0,0,2,0,0,1,11,1,0,0,13,13,214,1,16,53,291,Austin
2012,1,27,92,4,1,22,103,4,2,5,129,134,28,1,1,14,54,1,2,2,69,71,50,3,0,6,38,3,0,3,47,50,1,0,0,1,1,0,0,0,2,2,13,0,0,1,10,0,0,0,11,11,374,4,31,-282,-44,Austin
2013,1,27,85,3,4,12,82,3,0,7,97,104,29,0,1,7,33,2,0,1,42,43,52,3,2,2,46,1,0,5,49,54,0,0,0,1,0,0,0,0,1,1,4,0,1,2,3,0,0,1,5,6,324,1,15,-280,-42,Austin
2014,1,27,66,0,5,23,73,8,0,5,104,109,21,0,3,12,38,3,0,3,53,56,38,0,2,9,25,5,0,2,39,41,1,0,0,0,3,0,0,0,3,3,6,0,0,2,7,0,0,0,9,9,268,5,19,-279,-41,Austin
2015,1,27,69,4,3,14,75,7,4,7,96,103,37,2,1,8,31,2,3,3,41,44,24,0,2,5,36,5,1,2,46,48,0,0,0,0,2,0,0,0,2,2,8,2,0,1,6,0,0,2,7,9,298,2,32,-278,-40,Austin
2016,1,27,100,1,7,20,71,4,1,8,95,103,38,0,4,12,36,2,1,4,50,54,50,1,2,3,26,2,0,3,31,34,1,0,0,1,0,0,0,0,1,1,11,0,1,4,9,0,0,1,13,14,312,3,33,-284,-46,Austin
2017,1,27,75,2,2,17,86,5,1,4,108,112,21,1,0,10,35,0,0,1,45,46,44,0,2,6,43,5,1,2,54,56,1,0,0,0,0,0,0,0,0,0,9,1,0,1,8,0,0,1,9,10,318,2,23,-282,-44,Austin
2018,1,27,74,0,4,6,77,5,0,4,88,92,26,0,3,4,41,3,0,3,48,51,42,0,1,2,29,2,0,1,33,34,2,0,0,0,1,0,0,0,1,1,4,0,0,0,6,0,0,0,6,6,258,3,17,-281,-43,Austin
2019,1,27,67,5,4,10,74,7,0,9,91,100,26,1,0,5,39,3,0,1,47,48,37,2,3,5,28,4,0,5,37,42,2,0,0,0,0,0,0,0,0,0,2,2,1,0,7,0,0,3,7,10,256,3,15,-280,-42,Austin
2020,1,27,71,1,4,13,94,11,2,5,118,123,30,1,1,6,43,1,1,2,50,52,36,0,2,7,46,6,1,2,59,61,0,0,0,0,0,0,0,0,0,0,5,0,1,0,5,4,0,1,9,10,308,1,22,-279,-41,Austin
2021,1,27,56,4,5,7,64,10,0,9,81,90,28,3,2,4,31,7,0,5,42,47,23,1,3,3,25,2,0,4,30,34,1,0,0,0,2,0,0,0,2,2,4,0,0,0,6,1,0,0,7,7,234,4,19,-284,-46,Austin
2022,1,27,45,4,5,9,54,15,4,9,78,87,17,1,2,5,30,9,0,3,44,47,24,3,3,4,19,6,4,6,29,35,0,0,0,0,3,0,0,0,3,3,4,0,0,0,2,0,0,0,2,2,226,3,15,-283,-45,Austin
2023,1,27,49,1,9,11,77,16,3,10,104,114,22,0,1,4,26,7,1,1,37,38,22,1,7,4,47,7,2,8,58,66,0,0,0,0,1,0,0,0,1,1,5,0,1,3,3,2,0,1,8,9,253,2,19,-282,-44,Austin
2024,1,27,47,1,7,12,60,26,2,8,98,106,19,1,2,7,22,9,1,3,38,41,23,0,5,5,34,14,1,5,53,58,1,0,0,0,0,1,0,0,1,1,4,0,0,0,4,2,0,0,6,6,219,2,13,-281,-43,Austin
2012,2,27,80,1,2,15,76,8,0,3,99,102,43,1,0,11,45,6,0,1,62,63,32,0,2,2,23,2,0,2,27,29,1,0,0,0,3,0,0,0,3,3,4,0,0,2,5,0,0,0,7,7,315,5,18,-251,-13,Austin
2013,2,27,74,0,5,16,87,7,3,5,110,115,38,0,1,12,50,1,2,1,63,64,30,0,3,4,32,4,1,3,40,43,0,0,0,0,0,1,0,0,1,1,6,0,1,0,5,1,0,1,6,7,304,1,21,-249,-11,Austin
2014,2,27,81,2,1,16,58,3,1,3,77,80,41,0,0,9,28,2,1,0,39,39,35,2,1,6,26,1,0,3,33,36,0,0,0,0,0,0,0,0,0,0,5,0,0,1,4,0,0,0,5,5,267,0,17,-248,-10,Austin
2015,2,27,78,1,2,10,66,7,1,3,83,86,26,1,0,5,45,2,0,1,52,53,46,0,2,3,19,4,1,2,26,28,0,0,0,0,0,0,0,0,0,0,6,0,0,2,2,1,0,0,5,5,273,1,15,-247,-9,Austin
2016,2,27,73,3,4,10,72,6,5,7,88,95,30,1,2,3,40,3,2,3,46,49,38,1,2,7,25,2,3,3,34,37,2,0,0,0,1,0,0,0,1,1,3,1,0,0,6,1,0,1,7,8,301,3,21,-253,-15,Austin
2017,2,27,78,0,7,10,75,4,2,7,89,96,34,0,3,4,41,2,2,3,47,50,37,0,3,6,30,1,0,3,37,40,0,0,0,0,1,0,0,0,1,1,7,0,1,0,3,1,0,1,4,5,276,2,17,-251,-13,Austin
2018,2,27,66,0,7,7,66,3,4,7,76,83,29,0,3,3,30,1,0,3,34,37,30,0,3,3,29,2,4,3,34,37,0,0,0,0,1,0,0,0,1,1,7,0,1,1,6,0,0,1,7,8,239,4,19,-250,-12,Austin
2019,2,27,67,1,4,7,67,7,4,5,81,86,31,0,0,5,28,2,2,0,35,35,28,1,4,2,32,4,2,5,38,43,0,0,0,0,0,0,0,0,0,0,8,0,0,0,7,1,0,0,8,8,252,0,21,-249,-11,Austin
2020,2,27,70,0,3,9,49,10,1,3,68,71,30,0,1,3,34,4,0,1,41,42,33,0,1,5,12,3,1,1,20,21,2,0,1,1,0,0,0,1,1,2,5,0,0,0,3,3,0,0,6,6,269,4,20,-248,-10,Austin
2021,2,27,85,2,7,11,61,9,3,9,81,90,33,0,3,7,30,5,0,3,42,45,44,1,4,3,26,4,3,5,33,38,1,0,0,0,0,0,0,0,0,0,7,1,0,1,5,0,0,1,6,7,270,1,18,-253,-15,Austin
2022,2,27,69,2,6,19,36,19,4,8,74,82,26,1,1,9,19,9,0,2,37,39,39,1,5,10,12,8,4,6,30,36,0,0,0,0,0,0,0,0,0,0,4,0,0,0,5,2,0,0,7,7,227,0,15,-252,-14,Austin
2023,2,27,63,2,11,15,58,24,5,13,97,110,29,2,3,6,29,12,2,5,47,52,29,0,8,8,27,12,3,8,47,55,0,0,0,1,0,0,0,0,1,1,5,0,0,0,2,0,0,0,2,2,258,1,11,-251,-13,Austin
2024,2,27,54,2,4,10,44,21,2,6,75,81,19,2,2,5,15,10,2,4,30,34,29,0,2,4,24,10,0,2,38,40,1,0,0,0,2,0,0,0,2,2,5,0,0,1,3,1,0,0,5,5,221,3,14,-250,-12,Austin
2012,3,27,77,2,1,23,82,2,2,3,107,110,42,0,0,17,59,1,1,0,77,77,32,2,0,5,14,1,1,2,20,22,0,0,1,0,0,0,0,1,0,1,3,0,0,1,9,0,0,0,10,10,308,1,23,-222,16,Austin
2013,3,27,95,2,4,20,88,4,1,6,112,118,57,0,2,17,56,2,0,2,75,77,31,1,2,1,22,0,1,3,23,26,0,0,0,1,0,0,0,0,1,1,7,1,0,1,10,2,0,1,13,14,324,2,28,-221,17,Austin
2014,3,27,84,3,5,21,78,8,0,8,107,115,41,0,1,12,47,8,0,1,67,68,34,3,4,7,19,0,0,7,26,33,0,0,0,0,0,0,0,0,0,0,9,0,0,2,12,0,0,0,14,14,317,1,28,-220,18,Austin
2015,3,27,86,1,8,6,87,8,2,9,101,110,38,0,4,3,54,3,1,4,60,64,42,1,3,1,25,2,1,4,28,32,0,0,0,0,1,0,0,0,1,1,6,0,1,2,7,3,0,1,12,13,310,3,25,-219,19,Austin
2016,3,27,76,1,8,7,54,7,3,9,68,77,38,1,3,2,31,2,1,4,35,39,31,0,5,5,16,5,2,5,26,31,0,0,0,0,0,0,0,0,0,0,7,0,0,0,7,0,0,0,7,7,264,1,20,-224,14,Austin
2017,3,27,73,5,13,12,73,2,2,18,87,105,39,3,4,7,43,2,1,7,52,59,24,2,7,5,24,0,1,9,29,38,0,0,0,0,0,0,0,0,0,0,10,0,2,0,6,0,0,2,6,8,282,1,24,-223,15,Austin
2018,3,27,67,1,5,7,71,5,4,6,83,89,37,0,4,6,48,1,3,4,55,59,19,1,1,1,13,2,0,2,16,18,0,0,0,0,0,0,0,0,0,0,11,0,0,0,10,2,1,0,12,12,270,1,31,-222,16,Austin
2019,3,27,74,2,4,4,77,10,1,6,91,97,35,2,4,2,47,5,0,6,54,60,31,0,0,2,22,5,1,0,29,29,1,0,0,0,0,0,0,0,0,0,7,0,0,0,8,0,0,0,8,8,263,1,20,-221,17,Austin
2020,3,27,64,4,7,19,70,12,1,11,101,112,37,3,3,10,50,6,0,6,66,72,24,0,4,8,16,5,1,4,29,33,1,0,0,0,1,0,0,0,1,1,2,1,0,1,3,1,0,1,5,6,268,2,17,-219,19,Austin
2021,3,27,78,3,7,12,84,7,5,10,103,113,34,1,1,6,46,2,2,2,54,56,40,2,5,4,29,5,3,7,38,45,0,0,0,1,0,0,0,0,1,1,4,0,1,1,9,0,0,1,10,11,316,2,25,-225,13,Austin
2022,3,27,50,2,9,10,44,13,1,11,67,78,22,1,5,3,28,8,0,6,39,45,24,1,4,6,15,5,1,5,26,31,1,0,0,0,0,0,0,0,0,0,3,0,0,1,1,0,0,0,2,2,216,1,9,-224,14,Austin
2023,3,27,50,3,8,10,62,23,4,11,95,106,24,1,3,4,31,13,2,4,48,52,24,1,4,6,22,10,2,5,38,43,0,1,0,0,2,0,0,1,2,3,2,0,1,0,7,0,0,1,7,8,256,3,16,-223,15,Austin
2024,3,27,55,3,5,13,48,16,1,8,77,85,22,1,3,6,27,9,1,4,42,46,26,0,2,7,15,6,0,2,28,30,0,0,0,0,1,1,0,0,2,2,7,2,0,0,5,0,0,2,5,7,224,3,21,-221,17,Austin
2012,4,27,102,1,6,25,122,10,0,7,157,164,58,0,2,21,80,5,0,2,106,108,33,1,4,2,31,2,0,5,35,40,0,0,0,0,1,0,0,0,1,1,11,0,0,2,10,3,0,0,15,15,390,2,37,-191,47,Austin
2013,4,27,86,2,7,17,74,5,0,9,96,105,38,2,3,9,40,0,0,5,49,54,36,0,4,8,26,4,0,4,38,42,1,0,0,0,1,0,0,0,1,1,11,0,0,0,7,1,0,0,8,8,314,3,28,-190,48,Austin
2014,4,27,93,3,7,10,64,4,1,10,78,88,46,1,2,7,47,2,0,3,56,59,35,2,5,3,12,0,1,7,15,22,0,0,0,0,1,0,0,0,1,1,12,0,0,0,4,2,0,0,6,6,281,1,24,-189,49,Austin
2015,4,27,82,1,6,13,85,4,5,7,102,109,52,0,3,8,55,1,2,3,64,67,24,1,3,4,21,3,3,4,28,32,1,0,0,0,1,0,0,0,1,1,5,0,0,1,8,0,0,0,9,9,346,3,22,-188,50,Austin
2016,4,27,93,0,7,23,71,3,0,7,97,104,52,0,3,15,47,3,0,3,65,68,31,0,2,7,18,0,0,2,25,27,1,0,0,0,1,0,0,0,1,1,9,0,2,1,5,0,0,2,6,8,309,2,24,-193,45,Austin
2017,4,27,72,3,2,12,72,2,0,5,86,91,41,1,2,9,46,1,0,3,56,59,26,1,0,3,20,0,0,1,23,24,1,0,0,0,1,0,0,0,1,1,4,1,0,0,5,1,0,1,6,7,271,2,19,-192,46,Austin
2018,4,27,78,2,4,14,65,4,1,6,83,89,35,0,3,8,49,3,0,3,60,63,34,1,0,5,11,1,0,1,17,18,0,0,0,0,0,0,0,0,0,0,9,1,1,1,5,0,1,2,6,8,284,1,27,-191,47,Austin
2019,4,27,75,2,6,5,63,6,1,8,74,82,35,2,0,4,46,1,0,2,51,53,32,0,5,1,10,2,1,5,13,18,0,0,0,0,0,1,0,0,1,1,8,0,1,0,7,2,0,1,9,10,276,2,31,-190,48,Austin
2020,4,27,69,3,4,9,64,7,1,7,80,87,40,3,2,5,44,5,1,5,54,59,24,0,2,4,18,1,0,2,23,25,0,0,0,0,0,0,0,0,0,0,5,0,0,0,2,1,0,0,3,3,244,0,13,-188,50,Austin
2021,4,27,59,1,9,11,48,11,7,10,70,80,34,0,3,5,32,7,4,3,44,47,18,1,3,5,14,3,3,4,22,26,1,0,0,0,0,0,0,0,0,0,6,0,3,1,2,1,0,3,4,7,245,1,18,-194,44,Austin
2022,4,27,45,1,3,20,57,8,3,4,85,89,21,1,1,10,38,6,2,2,54,56,15,0,1,10,17,1,1,1,28,29,0,0,0,0,1,0,0,0,1,1,9,0,1,0,1,1,0,1,2,3,215,1,17,-193,45,Austin
2023,4,27,57,0,8,15,49,16,4,8,80,88,30,0,3,3,27,13,3,3,43,46,24,0,2,12,18,3,1,2,33,35,1,0,1,0,0,0,0,1,0,1,2,0,2,0,4,0,0,2,4,6,242,2,10,-192,46,Austin
2024,4,27,54,2,3,14,66,13,2,5,93,98,23,0,0,9,42,8,0,0,59,59,26,1,2,5,22,5,2,3,32,35,0,0,0,0,0,0,0,0,0,0,5,1,1,0,2,0,0,2,2,4,227,1,11,-190,48,Austin
2012,5,27,94,9,7,16,91,6,0,16,113,129,45,3,2,9,54,2,0,5,65,70,42,5,4,6,31,4,0,9,41,50,0,0,0,0,0,0,0,0,0,0,7,1,1,1,6,0,0,2,7,9,355,0,25,-161,77,Austin
2013,5,27,99,2,6,12,86,8,0,8,106,114,64,1,1,8,48,2,0,2,58,60,24,0,4,4,33,4,0,4,41,45,0,0,0,0,0,1,0,0,1,1,11,1,1,0,5,1,0,2,6,8,354,3,32,-160,78,Austin
2014,5,27,96,3,7,15,85,8,1,10,108,118,66,0,2,9,60,3,0,2,72,74,24,3,4,4,17,3,1,7,24,31,0,0,1,1,0,1,0,1,2,3,6,0,0,1,8,1,0,0,10,10,311,3,19,-159,79,Austin
2015,5,27,79,2,8,9,85,6,1,10,100,110,45,0,4,3,59,3,1,4,65,69,24,2,2,6,17,2,0,4,25,29,0,0,0,0,1,0,0,0,1,1,10,0,2,0,8,1,0,2,9,11,296,2,25,-158,80,Austin
2016,5,27,62,4,4,16,97,6,3,8,119,127,39,2,1,13,67,3,2,3,83,86,19,2,2,3,25,3,1,4,31,35,0,0,0,0,1,0,0,0,1,1,4,0,1,0,4,0,0,1,4,5,294,1,17,-163,75,Austin
2017,5,27,101,3,8,14,62,4,5,11,80,91,60,1,7,10,42,1,2,8,53,61,35,2,1,2,15,1,1,3,18,21,0,0,0,0,0,0,0,0,0,0,6,0,0,2,5,2,2,0,9,9,300,0,25,-162,76,Austin
2018,5,27,85,7,16,8,73,5,2,23,86,109,42,2,5,2,43,2,2,7,47,54,35,5,9,5,26,3,0,14,34,48,0,0,0,0,0,0,0,0,0,0,8,0,2,1,4,0,0,2,5,7,289,1,22,-161,77,Austin
2019,5,27,80,4,5,17,94,6,0,9,117,126,42,2,2,9,66,4,0,4,79,83,28,2,3,7,19,1,0,5,27,32,1,0,0,0,0,0,0,0,0,0,9,0,0,1,9,1,0,0,11,11,300,3,29,-160,78,Austin
2020,5,27,67,1,1,13,64,10,2,2,87,89,47,0,1,8,52,7,0,1,67,68,14,0,0,5,9,2,2,0,16,16,1,0,0,0,0,0,0,0,0,0,5,1,0,0,3,1,0,1,4,5,256,2,14,-158,80,Austin
2021,5,27,60,6,7,12,55,10,1,13,77,90,32,4,4,5,34,5,0,8,44,52,22,1,3,4,18,5,1,4,27,31,0,1,0,0,1,0,0,1,1,2,6,0,0,3,2,0,0,0,5,5,246,2,16,-164,74,Austin
2022,5,27,62,3,7,17,67,15,8,10,99,109,34,2,0,10,45,9,3,2,64,66,23,0,6,7,16,5,3,6,28,34,0,1,0,0,0,0,0,1,0,1,5,0,1,0,6,1,2,1,7,8,260,1,21,-163,75,Austin
2023,5,27,54,1,11,8,53,22,5,12,83,95,22,1,5,1,32,15,0,6,48,54,28,0,5,7,17,5,4,5,29,34,0,0,0,0,0,1,0,0,1,1,4,0,1,0,4,1,1,1,5,6,214,2,15,-162,76,Austin
2024,5,27,45,4,8,12,60,23,2,12,95,107,26,0,4,5,36,12,1,4,53,57,15,4,4,7,21,10,0,8,38,46,1,0,0,0,0,0,0,0,0,0,3,0,0,0,3,1,1,0,4,4,240,1,15,-160,78,Austin
2012,6,27,87,2,7,24,92,5,1,9,121,130,51,1,5,18,61,3,1,6,82,88,30,1,2,4,21,2,0,3,27,30,0,0,0,0,0,0,0,0,0,0,6,0,0,2,10,0,0,0,12,12,359,0,30,-130,108,Austin
2013,6,27,93,4,7,12,85,4,1,11,101,112,55,1,4,10,57,3,0,5,70,75,30,2,3,1,21,1,1,5,23,28,0,0,0,0,1,0,0,0,1,1,8,1,0,1,6,0,0,1,7,8,332,1,26,-129,109,Austin
2014,6,27,96,1,6,12,107,6,2,7,125,132,49,1,1,9,69,4,0,2,82,84,35,0,5,2,24,1,1,5,27,32,0,0,0,0,0,0,0,0,0,0,12,0,0,1,14,1,1,0,16,16,364,0,40,-128,110,Austin
2015,6,27,81,5,9,10,81,4,2,14,95,109,37,1,2,6,47,3,1,3,56,59,37,4,7,4,24,0,1,11,28,39,0,0,0,0,0,0,0,0,0,0,7,0,0,0,10,1,0,0,11,11,308,0,31,-127,111,Austin
2016,6,27,74,0,4,11,87,8,2,4,106,110,36,0,2,5,59,4,0,2,68,70,28,0,2,5,19,2,2,2,26,28,0,0,0,0,0,1,0,0,1,1,10,0,0,1,9,1,0,0,11,11,292,1,30,-132,106,Austin
2017,6,27,80,1,5,15,54,8,2,6,77,83,53,1,2,11,40,3,0,3,54,57,22,0,2,3,11,1,2,2,15,17,0,0,0,0,0,0,0,0,0,0,5,0,1,1,3,4,0,1,8,9,292,0,23,-131,107,Austin
2018,6,27,69,1,5,14,78,7,3,6,99,105,37,0,2,14,51,3,2,2,68,70,22,1,2,0,19,3,1,3,22,25,0,0,1,0,0,0,0,1,0,1,10,0,0,0,8,1,0,0,9,9,274,1,25,-130,108,Austin
2019,6,27,69,3,5,14,74,11,3,8,99,107,41,2,4,10,53,6,2,6,69,75,20,1,1,4,12,3,1,2,19,21,0,0,0,0,0,0,0,0,0,0,8,0,0,0,9,2,0,0,11,11,274,1,24,-129,109,Austin
2020,6,27,72,8,7,16,50,10,2,15,76,91,35,5,4,8,34,9,1,9,51,60,27,3,1,5,12,0,1,4,17,21,1,0,0,1,0,0,0,0,1,1,9,0,2,2,4,1,0,2,7,9,255,2,29,-127,111,Austin
2021,6,27,65,6,7,10,48,10,6,13,68,81,36,3,5,6,35,4,1,8,45,53,22,2,2,3,9,3,3,4,15,19,0,0,0,0,0,1,0,0,1,1,7,1,0,1,4,2,2,1,7,8,243,2,22,-133,105,Austin
2022,6,27,42,3,9,11,59,6,1,12,76,88,28,0,5,7,31,5,1,5,43,48,9,3,3,2,18,1,0,6,21,27,1,0,1,0,0,0,0,1,0,1,4,0,0,2,10,0,0,0,12,12,222,4,19,-132,106,Austin
2023,6,27,51,3,5,7,55,20,4,8,82,90,27,2,2,4,41,13,1,4,58,62,15,1,3,2,10,5,2,4,17,21,1,0,0,0,0,0,1,0,0,0,8,0,0,1,4,2,0,0,7,7,212,2,21,-131,107,Austin
2024,6,27,48,5,3,15,60,21,2,8,96,104,28,1,2,10,45,14,1,3,69,72,15,4,1,5,10,5,1,5,20,25,1,0,0,0,1,0,0,0,1,1,4,0,0,0,4,2,0,0,6,6,238,2,15,-129,109,Austin
2012,7,27,86,1,3,23,95,5,0,4,123,127,44,0,1,14,59,5,0,1,78,79,34,1,2,4,26,0,0,3,30,33,2,0,0,0,0,0,0,0,0,0,6,0,0,5,10,0,0,0,15,15,345,5,33,-100,138,Austin
2013,7,27,83,6,2,14,94,5,1,8,113,121,42,0,2,3,50,4,1,2,57,59,32,6,0,11,34,1,0,6,46,52,0,0,0,0,1,0,0,0,1,1,9,0,0,0,9,0,0,0,9,9,333,1,23,-99,139,Austin
2014,7,27,102,1,8,16,72,8,1,9,96,105,43,0,3,8,49,4,0,3,61,64,45,1,5,7,20,3,1,6,30,36,1,0,0,0,1,0,0,0,1,1,13,0,0,1,2,1,0,0,4,4,320,2,27,-98,140,Austin
2015,7,27,95,1,6,16,86,7,2,7,109,116,59,0,5,13,55,5,1,5,73,78,28,0,1,2,20,2,0,1,24,25,0,0,0,0,1,0,0,0,1,1,8,1,0,1,10,0,1,1,11,12,330,1,27,-97,141,Austin
2016,7,27,97,1,3,14,70,1,1,4,85,89,55,0,2,10,46,0,1,2,56,58,36,1,1,3,13,1,0,2,17,19,0,0,0,0,1,0,0,0,1,1,6,0,0,1,10,0,0,0,11,11,288,2,21,-102,136,Austin
2017,7,27,62,2,4,12,58,7,2,6,77,83,35,1,4,8,40,5,0,5,53,58,22,1,0,3,14,2,1,1,19,20,0,0,0,0,1,0,0,0,1,1,5,0,0,1,3,0,1,0,4,4,251,4,14,-101,137,Austin
2018,7,27,70,1,4,6,76,7,3,5,89,94,41,1,3,4,50,4,2,4,58,62,26,0,1,1,20,2,1,1,23,24,0,0,0,0,0,0,0,0,0,0,3,0,0,1,6,1,0,0,8,8,272,0,21,-100,138,Austin
2019,7,27,86,4,4,15,69,8,0,8,92,100,51,2,1,9,39,5,0,3,53,56,28,2,3,5,27,2,0,5,34,39,2,0,0,0,0,0,0,0,0,0,5,0,0,1,3,1,0,0,5,5,298,3,19,-99,139,Austin
2020,7,27,60,2,8,9,70,14,2,10,93,103,33,0,3,4,44,10,2,3,58,61,18,2,4,4,21,4,0,6,29,35,0,0,0,1,0,0,0,0,1,1,9,0,1,0,5,0,0,1,5,6,242,1,22,-97,141,Austin
2021,7,27,55,3,4,13,67,7,4,7,87,94,37,2,2,11,36,2,0,4,49,53,12,1,2,2,27,4,4,3,33,36,1,0,0,0,0,0,0,0,0,0,5,0,0,0,4,1,0,0,5,5,252,2,19,-103,135,Austin
2022,7,27,69,1,5,13,84,12,3,6,109,115,38,0,3,5,53,4,3,3,62,65,22,1,2,8,26,6,0,3,40,43,2,0,0,0,1,0,0,0,1,1,7,0,0,0,4,2,0,0,6,6,272,3,17,-102,136,Austin
2023,7,27,49,2,6,13,45,11,3,8,69,77,23,2,2,5,27,10,1,4,42,46,20,0,4,8,15,0,2,4,23,27,0,0,0,0,1,0,0,0,1,1,6,0,0,0,2,1,0,0,3,3,214,4,11,-101,137,Austin
2024,7,27,60,2,8,5,58,16,1,10,79,89,34,1,4,2,36,9,0,5,47,52,20,1,4,2,20,6,1,5,28,33,0,0,0,1,0,0,0,0,1,1,6,0,0,0,2,1,0,0,3,3,229,1,19,-99,139,Austin
2012,8,27,73,4,1,22,77,6,0,5,105,110,34,1,0,16,46,3,0,1,65,66,32,3,1,3,26,3,0,4,32,36,3,0,0,1,1,0,0,0,2,2,4,0,0,2,4,0,0,0,6,6,302,8,16,-69,169,Austin
2013,8,27,87,1,4,18,100,3,2,5,121,126,48,0,1,14,68,1,0,1,83,84,27,1,2,3,22,2,0,3,27,30,2,0,0,1,2,0,1,0,3,3,10,0,1,0,8,0,1,1,8,9,318,9,28,-68,170,Austin
2014,8,27,89,0,1,15,79,8,1,1,102,103,52,0,1,10,54,4,1,1,68,69,28,0,0,3,21,2,0,0,26,26,0,0,0,0,1,0,0,0,1,1,9,0,0,2,3,2,0,0,7,7,311,1,21,-67,171,Austin
2015,8,27,94,4,2,13,74,2,1,6,89,95,55,0,0,8,43,1,1,0,52,52,29,2,1,3,24,1,0,3,28,31,0,0,0,0,1,0,0,0,1,1,10,2,1,2,6,0,0,3,8,11,305,2,32,-66,172,Austin
2016,8,27,99,9,4,11,84,4,1,13,99,112,50,5,2,7,52,0,0,7,59,66,41,4,2,4,23,4,1,6,31,37,1,0,0,0,1,0,0,0,1,1,7,0,0,0,8,0,0,0,8,8,329,2,21,-71,167,Austin
2017,8,27,59,5,10,18,45,3,2,15,66,81,26,2,5,12,34,1,1,7,47,54,25,3,3,6,9,1,1,6,16,22,0,0,1,0,0,0,0,1,0,1,8,0,1,0,2,1,0,1,3,4,220,3,20,-70,168,Austin
2018,8,27,60,4,4,14,69,4,0,8,87,95,39,2,3,9,44,2,0,5,55,60,18,2,1,4,21,2,0,3,27,30,1,0,0,1,0,0,0,0,1,1,2,0,0,0,4,0,0,0,4,4,254,2,8,-69,169,Austin
2019,8,27,68,2,6,10,81,9,2,8,100,108,38,1,3,8,48,5,1,4,61,65,24,1,2,2,24,4,0,3,30,33,0,0,0,0,0,0,0,0,0,0,6,0,1,0,9,0,1,1,9,10,283,0,24,-68,170,Austin
2020,8,27,54,0,6,15,65,12,1,6,92,98,28,0,2,5,44,8,1,2,57,59,17,0,4,9,17,2,0,4,28,32,0,0,0,1,1,0,0,0,2,2,9,0,0,0,3,2,0,0,5,5,243,3,18,-66,172,Austin
2021,8,27,54,3,8,10,60,14,3,11,84,95,30,2,2,6,32,8,2,4,46,50,19,1,5,2,22,5,0,6,29,35,1,0,0,1,1,0,1,0,2,2,4,0,1,1,5,1,0,1,7,8,241,6,13,-72,166,Austin
2022,8,27,51,1,9,14,69,16,8,10,99,109,28,0,2,10,38,10,1,2,58,60,18,1,7,4,25,5,6,8,34,42,1,0,0,0,2,0,0,0,2,2,4,0,0,0,4,1,1,0,5,5,261,3,20,-71,167,Austin
2023,8,27,48,3,8,8,51,21,1,11,80,91,20,1,3,3,27,11,0,4,41,45,25,2,5,5,20,9,1,7,34,41,0,0,0,0,0,0,0,0,0,0,3,0,0,0,4,1,0,0,5,5,223,2,13,-70,168,Austin
2024,8,27,57,2,9,6,50,13,1,11,69,80,28,0,3,2,25,9,1,3,36,39,25,2,4,2,18,4,0,6,24,30,0,0,0,1,0,0,0,0,1,1,4,0,2,1,7,0,0,2,8,10,216,1,15,-68,170,Austin
2012,9,27,109,0,6,20,99,10,1,6,129,135,44,0,1,12,59,7,0,1,78,79,52,0,4,4,30,3,0,4,37,41,2,0,0,1,3,0,0,0,4,4,11,0,1,3,7,0,1,1,10,11,365,6,30,-38,200,Austin
2013,9,27,92,1,4,29,105,4,1,5,138,143,45,0,3,21,61,1,0,3,83,86,37,0,1,6,34,2,1,1,42,43,1,0,0,0,1,0,0,0,1,1,9,1,0,2,9,1,0,1,12,13,363,2,30,-37,201,Austin
2014,9,27,72,5,7,8,81,2,0,12,91,103,26,1,2,4,45,0,0,3,49,52,41,4,4,4,31,1,0,8,36,44,0,0,0,0,0,0,0,0,0,0,5,0,1,0,5,1,0,1,6,7,300,0,20,-36,202,Austin
2015,9,27,86,3,12,11,63,3,4,15,77,92,41,1,6,4,26,2,1,7,32,39,40,2,5,6,32,0,2,7,38,45,0,0,1,0,1,0,0,1,1,2,5,0,0,1,4,1,1,0,6,6,277,4,13,-35,203,Austin
2016,9,27,83,1,7,16,57,4,1,8,77,85,41,0,3,9,37,3,1,3,49,52,31,1,3,7,17,0,0,4,24,28,0,0,0,0,0,0,0,0,0,0,11,0,1,0,3,1,0,1,4,5,290,0,23,-40,198,Austin
2017,9,27,59,5,7,11,63,7,4,12,81,93,30,2,5,6,35,5,3,7,46,53,24,3,1,4,23,2,1,4,29,33,0,0,0,0,0,0,0,0,0,0,5,0,1,1,5,0,0,1,6,7,254,1,19,-39,199,Austin
2018,9,27,62,3,5,7,94,7,0,8,108,116,28,2,1,4,59,4,0,3,67,70,26,1,3,3,28,3,0,4,34,38,0,0,0,0,0,0,0,0,0,0,8,0,1,0,7,0,0,1,7,8,252,0,22,-38,200,Austin
2019,9,27,75,3,8,8,78,10,1,11,96,107,39,3,3,6,38,5,0,6,49,55,29,0,3,1,34,4,1,3,39,42,1,0,0,1,0,0,0,0,1,1,6,0,2,0,6,1,0,2,7,9,298,3,29,-37,201,Austin
2020,9,27,94,4,6,15,72,14,2,10,101,111,52,0,5,4,36,8,0,5,48,53,37,4,1,7,36,5,2,5,48,53,0,0,0,0,0,0,0,0,0,0,5,0,0,4,0,1,0,0,5,5,300,0,15,-35,203,Austin
2021,9,27,53,2,5,19,46,12,2,7,77,84,31,1,2,9,28,6,2,3,43,46,18,1,2,9,16,5,0,3,30,33,2,0,0,0,1,0,0,0,1,1,2,0,1,1,1,1,0,1,3,4,222,4,10,-41,197,Austin
2022,9,27,66,2,7,18,66,10,2,9,94,103,32,1,5,13,36,4,2,6,53,59,32,0,2,4,24,4,0,2,32,34,0,1,0,0,2,0,0,1,2,3,2,0,0,1,4,2,0,0,7,7,265,6,16,-40,198,Austin
2023,9,27,55,5,3,9,48,5,1,8,62,70,28,3,1,3,23,4,0,4,30,34,22,2,1,6,22,1,1,3,29,32,1,0,0,0,1,0,0,0,1,1,4,0,1,0,2,0,0,1,2,3,198,4,9,-39,199,Austin
2024,9,27,58,2,2,15,44,11,4,4,70,74,24,2,2,6,24,8,1,4,38,42,27,0,0,9,15,3,3,0,27,27,3,0,0,0,1,0,0,0,1,1,4,0,0,0,4,0,0,0,4,4,247,4,17,-37,201,Austin
2012,10,27,86,2,4,12,102,3,1,6,117,123,29,0,1,3,42,2,0,1,47,48,48,2,3,7,50,1,1,5,58,63,1,0,0,0,0,0,0,0,0,0,8,0,0,2,10,0,0,0,12,12,331,2,29,-8,230,Austin
2013,10,27,105,4,7,11,100,4,0,11,115,126,35,1,1,4,43,3,0,2,50,52,60,2,4,5,46,0,0,6,51,57,0,1,0,0,2,0,0,1,2,3,10,0,2,2,9,1,0,2,12,14,330,3,33,-7,231,Austin
2014,10,27,84,3,6,18,80,8,2,9,106,115,35,0,4,11,44,4,1,4,59,63,45,3,2,6,27,3,1,5,36,41,0,0,0,1,0,0,0,0,1,1,4,0,0,0,9,1,0,0,10,10,337,2,25,-6,232,Austin
2015,10,27,79,2,5,13,64,3,2,7,80,87,32,1,4,9,33,1,1,5,43,48,39,1,1,3,25,2,1,2,30,32,0,0,0,0,2,0,0,0,2,2,8,0,0,1,4,0,0,0,5,5,256,2,20,-5,233,Austin
2016,10,27,77,2,4,10,81,3,1,6,94,100,34,1,1,4,46,1,0,2,51,53,36,1,3,4,27,2,1,4,33,37,0,0,0,1,2,0,0,0,3,3,7,0,0,1,6,0,0,0,7,7,278,4,27,-10,228,Austin
2017,10,27,77,6,5,16,77,8,2,11,101,112,26,2,4,9,36,3,1,6,48,54,45,3,1,7,34,3,1,4,44,48,0,0,0,0,0,0,0,0,0,0,6,1,0,0,7,2,0,1,9,10,285,0,22,-9,229,Austin
2018,10,27,64,2,6,11,75,6,2,8,92,100,28,1,2,4,44,3,1,3,51,54,30,1,3,6,24,1,1,4,31,35,1,0,0,0,0,0,0,0,0,0,5,0,1,1,7,2,0,1,10,11,260,2,22,-8,230,Austin
2019,10,27,72,2,10,8,68,10,1,12,86,98,32,0,5,5,30,1,0,5,36,41,33,2,5,2,31,8,1,7,41,48,0,0,0,0,0,0,0,0,0,0,7,0,0,1,7,1,0,0,9,9,250,0,22,-7,231,Austin
2020,10,27,59,1,5,9,70,13,4,6,92,98,22,0,2,6,35,9,2,2,50,52,30,1,1,3,26,4,2,2,33,35,1,0,0,0,0,0,0,0,0,0,6,0,2,0,9,0,0,2,9,11,263,1,26,-5,233,Austin
2021,10,27,54,2,4,12,80,13,5,6,105,111,26,0,3,7,44,5,1,3,56,59,23,2,0,5,31,5,2,2,41,43,0,0,0,0,0,2,0,0,2,2,5,0,1,0,5,1,2,1,6,7,252,2,19,-11,227,Austin
2022,10,27,43,3,5,12,61,11,1,8,84,92,15,3,1,7,28,6,0,4,41,45,26,0,4,4,28,4,0,4,36,40,0,0,0,0,1,0,0,0,1,1,2,0,0,1,4,1,1,0,6,6,211,1,15,-10,228,Austin
2023,10,27,60,0,7,13,68,20,1,7,101,108,25,0,6,3,30,7,0,6,40,46,31,0,1,10,33,12,1,1,55,56,1,0,0,0,0,1,0,0,1,1,3,0,0,0,5,0,0,0,5,5,269,3,13,-9,229,Austin
2024,10,27,54,2,8,8,46,14,4,10,68,78,18,1,4,4,25,9,2,5,38,43,33,1,4,3,19,5,2,5,27,32,1,0,0,1,0,0,0,0,1,1,2,0,0,0,2,0,0,0,2,2,217,3,12,-7,231,Austin
2012,11,27,70,5,3,15,115,7,3,8,137,145,27,1,0,11,46,2,3,1,59,60,33,4,2,3,55,4,0,6,62,68,0,0,0,0,1,0,0,0,1,1,10,0,1,1,13,1,0,1,15,16,318,1,34,23,261,Austin
2013,11,27,77,2,1,14,110,0,1,3,124,127,33,1,0,9,55,0,1,1,64,65,40,1,1,4,47,0,0,2,51,53,0,0,0,1,1,0,0,0,2,2,4,0,0,0,7,0,0,0,7,7,293,2,18,24,262,Austin
2014,11,27,71,0,3,18,50,7,2,3,75,78,18,0,1,9,26,1,2,1,36,37,49,0,2,8,20,5,0,2,33,35,0,0,0,0,1,0,0,0,1,1,4,0,0,1,3,1,0,0,5,5,243,1,16,25,263,Austin
2015,11,27,56,6,8,10,54,6,0,14,70,84,22,2,4,3,28,0,0,6,31,37,32,3,4,7,23,5,0,7,35,42,0,0,0,0,0,0,0,0,0,0,2,1,0,0,3,1,0,1,4,5,225,0,14,26,264,Austin
2016,11,27,79,4,5,11,97,6,2,9,114,123,29,1,2,5,51,0,1,3,56,59,49,3,3,5,39,6,1,6,50,56,0,0,0,0,0,0,0,0,0,0,1,0,0,1,7,0,0,0,8,8,310,1,17,21,259,Austin
2017,11,27,75,6,8,14,69,4,0,14,87,101,28,3,1,4,43,3,0,4,50,54,38,3,6,6,18,0,0,9,24,33,1,0,0,1,0,0,0,0,1,1,8,0,1,3,8,1,0,1,12,13,279,2,30,22,260,Austin
2018,11,27,68,2,3,6,76,6,1,5,88,93,25,1,1,4,41,2,0,2,47,49,37,1,2,2,26,3,1,3,31,34,1,0,0,0,0,0,0,0,0,0,5,0,0,0,9,1,0,0,10,10,252,2,26,23,261,Austin
2019,11,27,80,3,4,17,87,12,1,7,116,123,35,0,0,10,41,6,0,0,57,57,37,3,2,6,37,6,1,5,49,54,1,0,0,0,2,0,0,0,2,2,7,0,2,1,7,0,0,2,8,10,292,3,22,24,262,Austin
2020,11,27,66,7,8,15,71,12,0,15,98,113,26,3,0,4,31,7,0,3,42,45,35,4,8,10,30,4,0,12,44,56,0,0,0,0,0,0,0,0,0,0,5,0,0,1,10,1,0,0,12,12,258,0,23,26,264,Austin
2021,11,27,36,2,2,17,70,11,7,4,98,102,15,0,0,7,32,7,0,0,46,46,21,2,2,8,35,4,5,4,47,51,0,0,0,0,1,0,0,0,1,1,0,0,0,2,2,0,2,0,4,4,222,1,10,20,258,Austin
2022,11,27,48,2,7,20,54,11,7,9,85,94,15,0,1,3,29,5,1,1,37,38,28,2,6,14,20,6,5,8,40,48,1,0,0,3,0,0,0,0,3,3,4,0,0,0,5,0,1,0,5,5,224,4,17,21,259,Austin
2023,11,27,55,1,4,10,44,17,3,5,71,76,20,0,3,2,19,10,2,3,31,34,32,1,1,5,21,7,1,2,33,35,0,0,0,0,0,0,0,0,0,0,3,0,0,3,4,0,0,0,7,7,222,0,18,22,260,Austin
2024,11,27,45,3,3,15,63,16,2,6,94,100,21,1,1,7,34,10,0,2,51,53,19,2,2,8,25,5,2,4,38,42,1,0,0,0,0,0,0,0,0,0,4,0,0,0,4,1,0,0,5,5,240,1,16,24,262,Austin
2012,12,27,76,4,1,20,103,9,0,5,132,137,30,1,0,13,38,4,0,1,55,56,38,3,1,6,51,4,0,4,61,65,1,0,0,1,0,0,0,0,1,1,7,0,0,0,14,1,0,0,15,15,304,2,28,53,291,Austin
2013,12,27,91,0,6,9,75,6,4,6,90,96,28,0,2,2,38,2,2,2,42,44,54,0,4,7,26,3,2,4,36,40,0,0,0,0,1,0,0,0,1,1,9,0,0,0,10,1,0,0,11,11,299,1,29,54,292,Austin
2014,12,27,75,5,7,13,76,3,1,12,92,104,26,2,2,4,35,1,1,4,40,44,45,3,5,7,31,2,0,8,40,48,1,0,0,0,2,0,0,0,2,2,3,0,0,2,8,0,0,0,10,10,246,3,23,55,293,Austin
2015,12,27,69,1,7,14,50,8,0,8,72,80,26,0,3,5,21,1,0,3,27,30,39,1,3,9,23,5,0,4,37,41,1,0,0,0,1,0,0,0,1,1,3,0,1,0,5,2,0,1,7,8,227,3,15,56,294,Austin
2016,12,27,87,8,6,16,81,1,1,14,98,112,29,2,1,6,32,0,1,3,38,41,50,6,3,6,37,1,0,9,44,53,0,0,0,2,1,0,0,0,3,3,8,0,2,2,11,0,0,2,13,15,281,3,30,51,289,Austin
2017,12,27,56,2,5,9,55,5,1,7,69,76,18,0,4,6,32,3,1,4,41,45,28,1,1,3,17,1,0,2,21,23,3,1,0,0,0,0,0,1,0,1,7,0,0,0,6,1,0,0,7,7,193,5,18,52,290,Austin
2018,12,27,71,2,6,6,75,8,1,8,89,97,30,1,1,3,41,2,0,2,46,48,33,1,4,3,25,4,0,5,32,37,0,0,0,0,0,0,0,0,0,0,8,0,1,0,9,2,1,1,11,12,248,0,24,53,291,Austin
2019,12,27,73,6,7,17,85,9,1,13,111,124,33,1,1,6,43,3,0,2,52,54,32,4,5,9,27,5,1,9,41,50,1,0,0,1,2,0,0,0,3,3,7,1,1,1,13,1,0,2,15,17,276,5,31,54,292,Austin
2020,12,27,55,3,7,11,68,6,1,10,85,95,17,3,2,4,32,1,0,5,37,42,34,0,3,7,29,5,0,3,41,44,0,0,1,0,1,0,0,1,1,2,4,0,1,0,6,0,1,1,6,7,234,3,20,56,294,Austin
2021,12,27,55,3,12,12,53,7,4,15,72,87,20,0,4,4,33,2,2,4,39,43,29,3,7,6,18,3,2,10,27,37,0,0,0,1,0,0,0,0,1,1,6,0,1,1,2,2,0,1,5,6,243,4,19,50,288,Austin
2022,12,27,47,0,4,12,65,14,0,4,91,95,14,0,3,4,34,6,0,3,44,47,28,0,1,8,21,7,0,1,36,37,0,0,0,0,1,0,0,0,1,1,5,0,0,0,9,1,0,0,10,10,228,2,22,51,289,Austin
2023,12,27,48,5,0,12,67,30,2,5,109,114,15,2,0,7,23,15,2,2,45,47,31,3,0,5,37,15,0,3,57,60,1,0,0,0,0,0,0,0,0,0,1,0,0,0,7,0,0,0,7,7,239,1,12,52,290,Austin
2024,12,27,72,2,4,3,39,17,3,6,59,65,31,1,4,1,19,8,1,5,28,33,39,1,0,2,18,8,2,1,28,29,0,0,0,0,0,0,0,0,0,0,2,0,0,0,2,1,0,0,3,3,218,0,13,54,292,Austin
2012,1,28,79,5,8,7,86,8,1,13,101,114,32,0,1,3,32,2,0,1,37,38,41,5,7,4,47,5,1,12,56,68,0,0,0,0,0,0,0,0,0,0,6,0,0,0,7,1,0,0,8,8,323,0,20,-281,-43,Austin
2013,1,28,95,5,6,14,111,6,3,11,131,142,36,1,3,6,46,4,1,4,56,60,55,4,3,6,54,1,2,7,61,68,0,0,0,2,2,0,0,0,4,4,4,0,0,0,9,1,0,0,10,10,347,5,24,-279,-41,Austin
2014,1,28,75,3,0,18,61,3,1,3,82,85,30,0,0,11,32,2,0,0,45,45,37,3,0,5,21,1,1,3,27,30,1,0,0,0,1,0,0,0,1,1,7,0,0,2,7,0,0,0,9,9,241,2,23,-278,-40,Austin
2015,1,28,74,1,8,10,72,10,2,9,92,101,27,0,5,7,31,5,0,5,43,48,37,0,3,3,37,5,2,3,45,48,2,0,0,0,1,0,0,0,1,1,8,1,0,0,3,0,0,1,3,4,296,3,19,-277,-39,Austin
2016,1,28,75,3,3,21,70,1,1,6,92,98,25,0,0,14,31,0,0,0,45,45,46,3,3,7,34,1,1,6,42,48,0,0,0,0,0,0,0,0,0,0,4,0,0,0,5,0,0,0,5,5,282,2,14,-283,-45,Austin
2017,1,28,87,3,2,11,71,4,0,5,86,91,38,1,1,6,32,2,0,2,40,42,45,1,1,4,35,1,0,2,40,42,1,0,0,0,0,1,0,0,1,1,3,1,0,1,4,0,0,1,5,6,287,3,12,-281,-43,Austin
2018,1,28,79,1,2,10,56,7,0,3,73,76,29,0,1,4,20,3,0,1,27,28,41,1,1,4,32,4,0,2,40,42,2,0,0,0,1,0,0,0,1,1,7,0,0,2,3,0,0,0,5,5,247,6,19,-280,-42,Austin
2019,1,28,62,4,3,12,69,5,2,7,86,93,32,1,0,7,37,3,1,1,47,48,24,2,3,5,27,2,1,5,34,39,0,0,0,0,1,0,0,0,1,1,6,1,0,0,4,0,0,1,4,5,252,2,20,-279,-41,Austin
2020,1,28,61,5,6,7,104,14,2,11,125,136,28,0,4,5,49,8,0,4,62,66,27,5,1,2,42,6,2,6,50,56,1,0,0,0,2,0,0,0,2,2,5,0,1,0,11,0,0,1,11,12,301,4,23,-278,-40,Austin
2021,1,28,47,3,3,16,67,9,3,6,92,98,24,1,0,9,35,4,2,1,48,49,16,2,1,5,24,4,0,3,33,36,2,0,1,0,2,0,0,1,2,3,5,0,1,2,6,1,1,1,9,10,241,6,19,-283,-45,Austin
2022,1,28,58,4,4,15,57,9,4,8,81,89,16,1,3,7,37,3,3,4,47,51,36,3,0,7,18,6,1,3,31,34,1,0,0,0,1,0,0,0,1,1,5,0,1,1,1,0,0,1,2,3,224,2,16,-282,-44,Austin
2023,1,28,49,1,6,12,66,16,4,7,94,101,18,1,0,5,38,8,1,1,51,52,27,0,6,5,25,7,3,6,37,43,0,0,0,0,0,1,0,0,1,1,4,0,0,2,3,0,0,0,5,5,248,2,15,-281,-43,Austin
2024,1,28,52,3,9,11,45,27,5,12,83,95,21,3,1,3,16,12,1,4,31,35,26,0,8,8,28,12,3,8,48,56,0,0,0,0,0,0,0,0,0,0,5,0,0,0,1,3,1,0,4,4,231,0,14,-280,-42,Austin
2012,2,28,85,0,4,27,74,3,1,4,104,108,38,0,1,14,37,2,1,1,53,54,41,0,2,12,33,1,0,2,46,48,2,0,0,0,0,0,0,0,0,0,4,0,1,1,4,0,0,1,5,6,326,3,20,-250,-12,Austin
2013,2,28,99,2,4,10,81,10,0,6,101,107,44,1,2,4,48,6,0,3,58,61,45,1,2,4,23,4,0,3,31,34,1,0,0,0,0,0,0,0,0,0,9,0,0,2,10,0,0,0,12,12,342,2,33,-248,-10,Austin
2014,2,28,102,3,7,10,76,5,2,10,91,101,49,1,4,5,41,4,1,5,50,55,48,2,3,4,26,1,0,5,31,36,0,0,0,0,0,0,0,0,0,0,5,0,0,1,9,0,1,0,10,10,342,1,24,-247,-9,Austin
2015,2,28,68,3,1,11,64,8,1,4,83,87,23,1,0,9,31,2,0,1,42,43,40,1,1,1,31,6,1,2,38,40,0,0,0,0,0,0,0,0,0,0,5,1,0,1,2,0,0,1,3,4,261,0,17,-246,-8,Austin
2016,2,28,84,2,8,6,62,6,1,10,74,84,33,0,1,4,31,1,0,1,36,37,40,2,6,1,25,4,1,8,30,38,1,0,0,1,0,0,0,0,1,1,10,0,1,0,6,1,0,1,7,8,282,4,27,-252,-14,Austin
2017,2,28,74,0,6,13,56,3,1,6,72,78,36,0,2,7,35,1,0,2,43,45,37,0,3,5,17,2,0,3,24,27,1,0,0,1,1,0,0,0,2,2,0,0,1,0,3,0,1,1,3,4,278,3,13,-250,-12,Austin
2018,2,28,77,3,5,9,75,8,2,8,92,100,37,1,1,3,36,3,2,2,42,44,31,1,3,4,33,4,0,4,41,45,0,1,0,0,0,1,0,1,1,2,9,0,1,2,6,0,0,1,8,9,285,4,28,-249,-11,Austin
2019,2,28,57,1,6,10,65,5,1,7,80,87,30,0,1,6,23,5,0,1,34,35,19,1,5,4,33,0,1,6,37,43,0,0,0,0,0,0,0,0,0,0,8,0,0,0,9,0,0,0,9,9,234,0,24,-248,-10,Austin
2020,2,28,79,2,3,8,87,7,2,5,102,107,39,0,1,6,41,4,1,1,51,52,35,2,2,2,37,3,1,4,42,46,0,0,0,0,0,0,0,0,0,0,5,0,0,0,9,0,0,0,9,9,291,0,22,-247,-9,Austin
2021,2,28,66,3,11,21,62,18,4,14,101,115,30,1,5,7,22,9,2,6,38,44,33,1,5,12,35,7,2,6,54,60,0,0,0,0,0,0,0,0,0,0,3,1,1,2,5,2,0,2,9,11,285,0,15,-252,-14,Austin
2022,2,28,54,1,4,18,63,22,3,5,103,108,18,1,0,9,34,10,1,1,53,54,28,0,2,9,22,11,0,2,42,44,0,0,0,0,0,0,0,0,0,0,8,0,2,0,7,1,2,2,8,10,255,1,26,-251,-13,Austin
2023,2,28,51,6,2,6,60,13,3,8,79,87,25,0,0,1,26,4,0,0,31,31,21,6,2,4,24,8,1,8,36,44,0,0,0,0,0,0,0,0,0,0,5,0,0,1,10,1,2,0,12,12,217,0,22,-250,-12,Austin
2024,2,28,64,2,6,19,47,17,1,8,83,91,30,1,1,7,22,7,0,2,36,38,29,1,5,9,23,7,1,6,39,45,1,0,0,3,0,0,0,0,3,3,4,0,0,0,2,3,0,0,5,5,250,6,11,-249,-11,Austin
2012,3,28,82,3,1,23,81,10,1,4,114,118,36,1,0,17,53,7,1,1,77,78,35,2,0,4,23,3,0,2,30,32,0,0,0,0,0,0,0,0,0,0,11,0,1,2,5,0,0,1,7,8,323,0,29,-221,17,Austin
2013,3,28,96,1,2,13,101,3,0,3,117,120,43,0,0,7,62,1,0,0,70,70,42,0,1,4,28,2,0,1,34,35,1,0,0,0,0,0,0,0,0,0,10,1,1,2,11,0,0,2,13,15,333,1,33,-220,18,Austin
2014,3,28,107,2,7,17,81,7,1,9,105,114,49,0,6,10,51,7,0,6,68,74,47,2,1,5,26,0,0,3,31,34,1,0,0,0,0,0,0,0,0,0,10,0,0,2,4,0,1,0,6,6,348,2,21,-219,19,Austin
2015,3,28,100,3,10,8,102,8,3,13,118,131,37,0,3,3,51,4,0,3,58,61,55,3,6,4,38,2,2,9,44,53,1,0,0,0,0,0,0,0,0,0,7,0,1,1,13,2,1,1,16,17,339,1,35,-218,20,Austin
2016,3,28,81,1,5,9,70,5,1,6,84,90,42,0,2,6,44,2,1,2,52,54,28,1,3,2,18,2,0,4,22,26,0,0,0,0,1,0,0,0,1,1,11,0,0,1,7,1,0,0,9,9,268,1,25,-223,15,Austin
2017,3,28,77,6,3,13,83,3,0,9,99,108,42,2,1,11,54,1,0,3,66,69,26,4,2,2,22,2,0,6,26,32,1,0,0,0,0,0,0,0,0,0,8,0,0,0,7,0,0,0,7,7,281,1,24,-222,16,Austin
2018,3,28,63,4,5,7,65,2,3,9,74,83,41,0,4,6,49,0,2,4,55,59,17,3,1,1,12,2,1,4,15,19,0,0,0,0,0,0,0,0,0,0,5,1,0,0,4,0,0,1,4,5,237,1,15,-221,17,Austin
2019,3,28,71,2,4,14,72,11,1,6,97,103,41,0,1,10,41,7,1,1,58,59,20,1,3,3,19,3,0,4,25,29,0,0,0,1,1,0,0,0,2,2,10,1,0,0,11,1,0,1,12,13,279,4,27,-220,18,Austin
2020,3,28,64,0,10,11,53,11,3,10,75,85,32,0,3,3,26,8,1,3,37,40,27,0,6,6,23,3,2,6,32,38,0,0,0,0,0,0,0,0,0,0,5,0,1,2,4,0,0,1,6,7,232,0,16,-218,20,Austin
2021,3,28,62,3,11,11,55,11,2,14,77,91,36,0,2,4,24,9,0,2,37,39,23,3,9,6,27,2,2,12,35,47,1,0,0,1,0,0,0,0,1,1,2,0,0,0,4,0,0,0,4,4,303,2,16,-224,14,Austin
2022,3,28,65,0,5,9,45,25,6,5,79,84,32,0,3,5,29,14,5,3,48,51,28,0,1,4,13,10,1,1,27,28,0,0,0,0,0,1,0,0,1,1,5,0,1,0,3,0,0,1,3,4,242,2,14,-223,15,Austin
2023,3,28,46,2,5,15,34,10,6,7,59,66,25,0,2,3,21,6,3,2,30,32,17,2,3,12,12,3,3,5,27,32,1,0,0,0,0,0,0,0,0,0,3,0,0,0,1,1,0,0,2,2,193,1,10,-222,16,Austin
2024,3,28,53,2,5,11,43,14,4,7,68,75,26,1,2,5,23,9,4,3,37,40,24,1,3,6,14,2,0,4,22,26,1,0,0,0,0,0,0,0,0,0,2,0,0,0,6,3,0,0,9,9,234,1,15,-220,18,Austin
2012,4,28,93,4,8,17,114,9,3,12,140,152,43,0,2,8,68,5,1,2,81,83,43,3,6,7,40,4,1,9,51,60,1,1,0,1,0,0,0,1,1,2,6,0,0,1,6,0,1,0,7,7,385,4,26,-190,48,Austin
2013,4,28,113,3,0,13,95,8,3,3,116,119,47,0,0,9,50,4,0,0,63,63,56,3,0,4,34,3,2,3,41,44,1,0,0,0,0,0,0,0,0,0,9,0,0,0,11,1,1,0,12,12,343,1,30,-189,49,Austin
2014,4,28,75,1,2,12,82,9,0,3,103,106,47,1,2,7,48,5,0,3,60,63,22,0,0,5,30,4,0,0,39,39,1,0,0,0,0,0,0,0,0,0,5,0,0,0,4,0,0,0,4,4,294,1,22,-188,50,Austin
2015,4,28,87,1,5,17,81,7,7,6,105,111,54,0,2,9,54,4,4,2,67,69,25,1,3,7,20,1,2,4,28,32,1,0,0,0,0,1,0,0,1,1,7,0,0,1,7,1,1,0,9,9,295,3,18,-187,51,Austin
2016,4,28,97,0,5,19,63,3,1,5,85,90,52,0,3,16,43,2,0,3,61,64,30,0,1,3,15,1,1,1,19,20,2,0,0,0,1,0,0,0,1,1,13,0,1,0,4,0,0,1,4,5,306,3,23,-192,46,Austin
2017,4,28,85,4,2,9,74,3,7,6,86,92,42,3,1,8,50,2,3,4,60,64,33,1,1,1,21,1,4,2,23,25,1,0,0,0,0,0,0,0,0,0,9,0,0,0,3,0,0,0,3,3,301,2,27,-191,47,Austin
2018,4,28,73,4,5,2,67,10,3,9,79,88,37,1,2,1,41,6,1,3,48,51,24,2,2,1,17,2,2,4,20,24,1,0,1,0,1,0,0,1,1,2,11,1,0,0,8,2,0,1,10,11,253,3,27,-190,48,Austin
2019,4,28,75,1,14,11,80,4,1,15,95,110,33,1,7,7,50,3,0,8,60,68,39,0,6,4,28,1,1,6,33,39,1,0,0,0,0,0,0,0,0,0,2,0,1,0,2,0,0,1,2,3,264,1,11,-189,49,Austin
2020,4,28,94,3,6,10,70,12,2,9,92,101,54,2,4,5,48,6,0,6,59,65,29,1,2,4,20,6,2,3,30,33,1,0,0,0,0,0,0,0,0,0,10,0,0,1,2,0,0,0,3,3,293,2,14,-187,51,Austin
2021,4,28,60,1,10,14,57,10,2,11,81,92,36,0,7,12,31,8,1,7,51,58,18,1,2,1,24,1,1,3,26,29,0,0,0,1,0,0,0,0,1,1,6,0,1,0,2,1,0,1,3,4,254,2,14,-193,45,Austin
2022,4,28,57,2,3,11,55,8,6,5,74,79,27,1,2,6,37,4,2,3,47,50,23,1,1,5,13,3,4,2,21,23,0,0,0,0,0,0,0,0,0,0,7,0,0,0,5,1,0,0,6,6,223,0,16,-192,46,Austin
2023,4,28,47,4,6,14,54,12,2,10,80,90,19,3,4,4,29,6,2,7,39,46,25,1,2,9,20,6,0,3,35,38,0,0,0,0,1,0,0,0,1,1,3,0,0,1,4,0,0,0,5,5,247,1,20,-191,47,Austin
2024,4,28,52,1,9,15,39,8,2,10,62,72,20,0,4,4,20,6,0,4,30,34,23,1,5,9,14,2,2,6,25,31,1,0,0,2,0,0,0,0,2,2,8,0,0,0,5,0,0,0,5,5,209,3,17,-189,49,Austin
2012,5,28,102,1,5,20,98,0,2,6,118,124,60,0,2,16,59,0,0,2,75,77,26,0,1,4,28,0,2,1,32,33,1,0,1,0,0,0,0,1,0,1,15,1,1,0,11,0,0,2,11,13,383,2,36,-160,78,Austin
2013,5,28,93,2,5,23,104,8,1,7,135,142,56,0,3,17,69,5,0,3,91,94,28,2,2,3,24,3,1,4,30,34,0,0,0,0,0,0,0,0,0,0,9,0,0,3,11,0,0,0,14,14,361,0,32,-159,79,Austin
2014,5,28,74,1,6,15,82,8,4,7,105,112,42,0,4,11,52,4,3,4,67,71,24,1,2,1,16,3,0,3,20,23,0,0,0,1,1,0,0,0,2,2,8,0,0,2,13,1,1,0,16,16,298,2,41,-158,80,Austin
2015,5,28,84,1,6,17,72,10,1,7,99,106,41,1,1,13,47,7,0,2,67,69,34,0,3,3,17,2,1,3,22,25,1,0,0,0,0,0,0,0,0,0,8,0,2,1,8,1,0,2,10,12,311,2,26,-157,81,Austin
2016,5,28,74,8,9,18,79,5,2,17,102,119,27,3,2,10,51,3,0,5,64,69,41,5,5,7,21,2,2,10,30,40,0,0,1,0,0,0,0,1,0,1,6,0,1,1,7,0,0,1,8,9,291,1,22,-162,76,Austin
2017,5,28,75,4,10,10,58,8,1,14,76,90,46,1,1,5,35,2,1,2,42,44,23,2,7,4,17,4,0,9,25,34,0,0,0,1,0,1,0,0,2,2,6,1,2,0,6,1,0,3,7,10,264,3,24,-161,77,Austin
2018,5,28,98,2,1,9,50,10,2,3,69,72,50,2,0,4,32,6,1,2,42,44,33,0,1,5,12,4,1,1,21,22,1,0,0,0,0,0,0,0,0,0,14,0,0,0,6,0,0,0,6,6,276,1,37,-160,78,Austin
2019,5,28,76,5,9,10,76,12,3,14,98,112,40,0,5,6,47,7,1,5,60,65,33,5,4,3,20,2,1,9,25,34,0,0,0,0,0,0,0,0,0,0,3,0,0,1,9,3,1,0,13,13,288,1,24,-159,79,Austin
2020,5,28,66,4,10,15,60,7,0,14,82,96,42,3,4,10,40,5,0,7,55,62,17,1,6,3,11,2,0,7,16,23,0,0,0,0,1,0,0,0,1,1,7,0,0,2,8,0,0,0,10,10,280,1,27,-157,81,Austin
2021,5,28,67,0,3,17,60,12,3,3,89,92,40,0,0,12,36,6,2,0,54,54,23,0,3,5,16,2,1,3,23,26,2,0,0,0,0,0,0,0,0,0,2,0,0,0,8,4,0,0,12,12,249,2,18,-163,75,Austin
2022,5,28,45,3,11,13,62,14,6,14,89,103,30,2,5,5,39,9,0,7,53,60,11,1,5,7,17,4,3,6,28,34,0,0,0,1,0,0,0,0,1,1,4,0,1,0,6,1,3,1,7,8,240,1,26,-162,76,Austin
2023,5,28,46,1,6,10,50,19,4,7,79,86,24,0,2,5,22,16,2,2,43,45,17,1,4,5,22,3,2,5,30,35,0,0,0,0,1,0,0,0,1,1,5,0,0,0,5,0,0,0,5,5,218,2,17,-161,77,Austin
2024,5,28,66,1,4,13,44,23,6,5,80,85,38,1,2,10,31,15,4,3,56,59,23,0,2,3,9,4,2,2,16,18,0,0,0,0,2,0,0,0,2,2,5,0,0,0,2,4,0,0,6,6,233,2,17,-159,79,Austin
2012,6,28,109,2,0,15,89,1,2,2,105,107,63,1,0,12,53,1,2,1,66,67,31,1,0,3,23,0,0,1,26,27,0,0,0,0,0,0,0,0,0,0,15,0,0,0,13,0,0,0,13,13,372,0,42,-129,109,Austin
2013,6,28,81,1,6,16,110,2,3,7,128,135,49,0,2,14,68,1,2,2,83,85,20,0,2,2,28,1,0,2,31,33,1,0,0,0,1,0,0,0,1,1,11,1,2,0,13,0,1,3,13,16,360,2,46,-128,110,Austin
2014,6,28,77,3,5,16,72,3,0,8,91,99,46,2,3,11,46,2,0,5,59,64,26,1,2,4,17,0,0,3,21,24,0,0,0,0,0,0,0,0,0,0,5,0,0,1,9,1,0,0,11,11,307,1,26,-127,111,Austin
2015,6,28,75,4,12,8,63,2,1,16,73,89,37,1,5,5,38,1,0,6,44,50,32,3,7,3,16,1,1,10,20,30,2,0,0,0,0,0,0,0,0,0,4,0,0,0,9,0,0,0,9,9,296,3,24,-126,112,Austin
2016,6,28,77,3,1,9,70,4,3,4,83,87,38,2,1,2,48,1,1,3,51,54,29,1,0,6,16,2,2,1,24,25,0,0,0,0,0,0,0,0,0,0,10,0,0,1,6,1,0,0,8,8,266,0,26,-131,107,Austin
2017,6,28,101,1,7,14,75,7,2,8,96,104,57,0,1,7,53,5,1,1,65,66,34,1,2,3,13,0,0,3,16,19,1,0,0,1,0,0,0,0,1,1,9,0,4,3,9,2,1,4,14,18,335,3,38,-130,108,Austin
2018,6,28,72,2,5,9,69,6,1,7,84,91,42,0,3,5,49,2,1,3,56,59,21,1,1,3,14,3,0,2,20,22,1,0,0,0,0,0,0,0,0,0,8,1,1,1,6,1,0,2,8,10,269,1,25,-129,109,Austin
2019,6,28,69,3,2,16,96,3,3,5,115,120,40,2,0,13,69,1,1,2,83,85,25,1,1,3,20,1,1,2,24,26,0,0,0,0,0,0,0,0,0,0,4,0,1,0,7,1,1,1,8,9,308,0,22,-128,110,Austin
2020,6,28,54,3,9,14,73,10,2,12,97,109,34,0,5,7,53,8,0,5,68,73,14,2,4,7,16,1,2,6,24,30,0,0,0,0,0,0,0,0,0,0,6,1,0,0,4,1,0,1,5,6,263,1,21,-126,112,Austin
2021,6,28,76,0,8,12,63,9,4,8,84,92,40,0,6,10,39,5,2,6,54,60,27,0,2,2,16,4,1,2,22,24,1,0,0,0,1,0,1,0,1,1,8,0,0,0,7,0,0,0,7,7,268,3,21,-132,106,Austin
2022,6,28,44,3,7,10,65,15,2,10,90,100,21,1,4,5,45,9,0,5,59,64,18,0,3,5,13,6,1,3,24,27,0,0,0,0,0,0,0,0,0,0,5,2,0,0,7,0,1,2,7,9,216,1,24,-131,107,Austin
2023,6,28,60,4,7,7,56,25,2,11,88,99,34,1,3,5,34,15,2,4,54,58,21,3,2,2,18,7,0,5,27,32,0,0,1,0,0,1,0,1,1,2,5,0,1,0,4,2,0,1,6,7,246,4,16,-130,108,Austin
2024,6,28,63,0,7,19,65,19,8,7,103,110,28,0,2,13,43,13,4,2,69,71,26,0,3,5,18,3,4,3,26,29,0,0,0,0,1,0,0,0,1,1,9,0,2,1,3,3,0,2,7,9,284,2,26,-128,110,Austin
2012,7,28,115,3,9,19,107,3,1,12,129,141,53,0,6,13,64,3,0,6,80,86,48,1,1,6,37,0,1,2,43,45,0,1,0,0,0,0,0,1,0,1,14,1,2,0,6,0,0,3,6,9,383,3,38,-99,139,Austin
2013,7,28,79,2,5,18,88,1,2,7,107,114,33,0,1,9,45,0,2,1,54,55,38,2,4,7,37,1,0,6,45,51,0,0,0,0,0,0,0,0,0,0,8,0,0,2,6,0,0,0,8,8,350,1,28,-98,140,Austin
2014,7,28,96,4,3,13,104,5,2,7,122,129,52,1,2,10,70,4,1,3,84,87,35,3,1,3,29,1,1,4,33,37,3,0,0,0,0,0,0,0,0,0,6,0,0,0,5,0,0,0,5,5,350,3,14,-97,141,Austin
2015,7,28,74,1,3,16,103,10,1,4,129,133,55,1,2,12,62,3,0,3,77,80,15,0,1,1,32,5,0,1,38,39,1,0,0,0,0,0,0,0,0,0,3,0,0,3,9,2,1,0,14,14,312,1,25,-96,142,Austin
2016,7,28,71,2,2,14,68,5,1,4,87,91,37,0,1,5,45,4,0,1,54,55,30,0,1,8,19,1,1,1,28,29,0,0,0,1,0,0,0,0,1,1,4,2,0,0,4,0,0,2,4,6,273,1,21,-101,137,Austin
2017,7,28,106,1,11,21,82,6,1,12,109,121,63,1,5,10,48,1,1,6,59,65,34,0,5,9,25,4,0,5,38,43,0,0,0,0,0,0,0,0,0,0,9,0,1,2,9,1,0,1,12,13,356,0,30,-100,138,Austin
2018,7,28,70,2,7,4,68,6,0,9,78,87,37,0,3,2,43,2,0,3,47,50,25,2,3,2,19,3,0,5,24,29,0,0,0,0,0,0,0,0,0,0,8,0,1,0,6,1,0,1,7,8,252,2,21,-99,139,Austin
2019,7,28,70,5,8,11,77,5,5,13,93,106,36,2,1,8,52,5,2,3,65,68,27,3,5,3,19,0,3,8,22,30,1,0,0,0,0,0,0,0,0,0,6,0,2,0,6,0,0,2,6,8,282,1,23,-98,140,Austin
2020,7,28,64,1,8,15,62,13,1,9,90,99,38,1,4,9,33,7,1,5,49,54,19,0,4,6,25,5,0,4,36,40,0,0,0,0,0,0,0,0,0,0,7,0,0,0,4,1,0,0,5,5,245,0,21,-96,142,Austin
2021,7,28,52,6,10,11,71,15,3,16,97,113,32,2,4,8,47,8,0,6,63,69,15,4,4,3,19,4,2,8,26,34,1,0,0,0,0,0,0,0,0,0,4,0,2,0,5,3,1,2,8,10,234,1,17,-102,136,Austin
2022,7,28,42,6,4,9,64,15,3,10,88,98,22,2,3,5,46,9,1,5,60,65,17,4,0,4,16,6,1,4,26,30,0,0,0,0,0,0,0,0,0,0,3,0,1,0,2,0,1,1,2,3,237,1,11,-101,137,Austin
2023,7,28,49,2,3,9,50,17,2,5,76,81,32,2,1,5,28,12,2,3,45,48,12,0,2,3,21,5,0,2,29,31,0,0,0,0,0,0,0,0,0,0,5,0,0,1,1,0,0,0,2,2,225,0,16,-100,138,Austin
2024,7,28,47,4,9,5,47,18,2,13,70,83,24,0,6,3,28,12,1,6,43,49,19,4,2,2,17,6,1,6,25,31,0,0,0,0,0,0,0,0,0,0,4,0,1,0,2,0,0,1,2,3,221,0,14,-98,140,Austin
2012,8,28,99,4,2,11,113,3,3,6,127,133,45,3,1,6,73,0,3,4,79,83,40,1,0,5,23,1,0,1,29,30,0,0,0,0,1,0,0,0,1,1,14,0,1,0,16,2,0,1,18,19,351,2,40,-68,170,Austin
2013,8,28,86,2,7,20,95,6,1,9,121,130,43,1,1,14,60,3,1,2,77,79,37,1,3,5,24,2,0,4,31,35,1,0,1,1,1,0,0,1,2,3,5,0,2,0,10,1,0,2,11,13,345,4,28,-67,171,Austin
2014,8,28,81,4,4,13,74,4,3,8,91,99,42,0,3,10,48,0,2,3,58,61,27,4,1,1,18,4,1,5,23,28,1,0,0,0,0,0,0,0,0,0,11,0,0,2,8,0,0,0,10,10,331,3,36,-66,172,Austin
2015,8,28,85,3,4,13,73,5,4,7,91,98,40,0,2,11,46,2,2,2,59,61,40,3,2,2,20,2,2,5,24,29,1,0,0,0,0,0,0,0,0,0,4,0,0,0,7,1,0,0,8,8,311,1,22,-65,173,Austin
2016,8,28,93,1,7,8,73,5,1,8,86,94,44,0,2,5,40,1,0,2,46,48,45,1,4,2,29,3,1,5,34,39,0,0,1,0,1,0,0,1,1,2,4,0,0,1,3,1,0,0,5,5,287,3,16,-70,168,Austin
2017,8,28,71,4,7,11,61,6,2,11,78,89,39,2,3,6,39,4,1,5,49,54,22,2,3,3,16,2,1,5,21,26,2,0,0,1,0,0,0,0,1,1,8,0,1,1,6,0,0,1,7,8,262,3,21,-69,169,Austin
2018,8,28,69,0,2,12,78,4,2,2,94,96,31,0,2,6,52,1,0,2,59,61,30,0,0,5,20,2,1,0,27,27,1,0,0,0,1,0,0,0,1,1,7,0,0,1,5,1,1,0,7,7,283,2,22,-68,170,Austin
2019,8,28,67,2,1,15,90,11,0,3,116,119,34,1,0,7,57,8,0,1,72,73,23,0,1,7,25,1,0,1,33,34,1,0,0,1,1,0,0,0,2,2,9,1,0,0,7,2,0,1,9,10,286,3,20,-67,171,Austin
2020,8,28,58,0,9,25,75,8,4,9,108,117,33,0,2,6,55,3,1,2,64,66,20,0,7,17,14,4,3,7,35,42,1,0,0,1,0,0,0,0,1,1,4,0,0,1,6,1,0,0,8,8,291,3,21,-65,173,Austin
2021,8,28,50,2,10,12,46,14,7,12,72,84,21,0,9,2,26,10,2,9,38,47,25,2,1,3,18,3,5,3,24,27,1,0,0,4,1,0,0,0,5,5,3,0,0,3,1,1,0,0,5,5,242,6,17,-71,167,Austin
2022,8,28,63,1,9,10,41,17,2,10,68,78,24,0,4,5,15,10,0,4,30,34,33,1,5,4,23,4,1,6,31,37,1,0,0,1,0,0,0,0,1,1,5,0,0,0,3,3,1,0,6,6,240,3,19,-70,168,Austin
2023,8,28,60,2,8,13,46,17,2,10,76,86,31,1,5,3,27,9,1,6,39,45,22,1,3,9,13,5,1,4,27,31,0,0,0,0,1,0,0,0,1,1,7,0,0,1,5,3,0,0,9,9,221,4,21,-69,169,Austin
2024,8,28,45,3,6,15,41,13,2,9,69,78,24,3,3,8,25,8,1,6,41,47,16,0,3,6,13,5,1,3,24,27,0,0,0,0,0,0,0,0,0,0,5,0,0,1,3,0,0,0,4,4,210,1,14,-67,171,Austin
2012,9,28,78,3,10,25,109,4,1,13,138,151,40,0,4,14,64,4,1,4,82,86,33,3,5,9,37,0,0,8,46,54,1,0,1,1,0,0,0,1,1,2,4,0,0,1,8,0,0,0,9,9,361,4,16,-37,201,Austin
2013,9,28,92,2,8,14,92,5,2,10,111,121,34,2,3,5,49,2,1,5,56,61,49,0,4,8,36,2,1,4,46,50,2,0,0,0,0,0,0,0,0,0,7,0,1,1,7,1,0,1,9,10,335,2,25,-36,202,Austin
2014,9,28,98,7,2,16,66,6,0,9,88,97,43,2,1,10,42,3,0,3,55,58,50,5,0,5,19,2,0,5,26,31,1,0,0,1,0,0,0,0,1,1,4,0,1,0,5,1,0,1,6,7,321,2,20,-35,203,Austin
2015,9,28,71,2,7,18,81,5,3,9,104,113,38,0,3,8,55,5,2,3,68,71,29,1,3,6,17,0,1,4,23,27,0,0,0,1,2,0,0,0,3,3,4,1,1,3,7,0,0,2,10,12,273,5,24,-34,204,Austin
2016,9,28,72,3,7,11,83,5,0,10,99,109,30,1,4,4,45,4,0,5,53,58,33,2,3,5,31,1,0,5,37,42,1,0,0,0,1,0,0,0,1,1,8,0,0,2,6,0,0,0,8,8,287,3,21,-39,199,Austin
2017,9,28,82,2,3,13,51,3,4,5,67,72,34,1,0,9,36,0,1,1,45,46,41,1,1,3,13,2,2,2,18,20,0,0,1,1,1,1,0,1,3,4,7,0,1,0,1,0,1,1,1,2,270,5,15,-38,200,Austin
2018,9,28,101,1,4,17,75,7,0,5,99,104,40,0,2,7,41,3,0,2,51,53,50,1,2,8,23,3,0,3,34,37,1,0,0,1,1,0,0,0,2,2,10,0,0,1,10,1,0,0,12,12,308,4,28,-37,201,Austin
2019,9,28,83,3,7,14,70,8,1,10,92,102,33,0,2,9,43,6,1,2,58,60,45,2,4,5,21,2,0,6,28,34,1,1,0,0,1,0,0,1,1,2,4,0,1,0,5,0,0,1,5,6,288,3,15,-36,202,Austin
2020,9,28,50,2,7,10,79,15,1,9,104,113,22,0,1,8,37,6,0,1,51,52,24,2,4,1,38,5,1,6,44,50,1,0,0,0,2,0,0,0,2,2,3,0,2,1,2,4,0,2,7,9,258,3,19,-34,204,Austin
2021,9,28,75,5,9,9,68,17,4,14,94,108,38,0,4,4,40,9,1,4,53,57,33,5,5,4,19,7,3,10,30,40,0,0,0,0,2,0,0,0,2,2,4,0,0,1,7,1,0,0,9,9,264,3,19,-40,198,Austin
2022,9,28,45,7,8,13,72,12,4,15,97,112,21,5,6,6,37,7,1,11,50,61,21,2,2,5,32,5,2,4,42,46,0,0,0,1,1,0,0,0,2,2,3,0,0,1,2,0,1,0,3,3,249,4,15,-39,199,Austin
2023,9,28,43,2,5,12,51,14,0,7,77,84,16,1,2,4,21,7,0,3,32,35,24,1,3,8,25,7,0,4,40,44,2,0,0,0,1,0,0,0,1,1,1,0,0,0,4,0,0,0,4,4,197,4,8,-38,200,Austin
2024,9,28,73,6,5,13,58,12,3,11,83,94,32,2,2,5,31,7,2,4,43,47,35,4,2,7,23,3,1,6,33,39,1,0,0,0,0,1,0,0,1,1,5,0,1,1,4,1,0,1,6,7,253,2,15,-36,202,Austin
2012,10,28,79,3,9,16,87,7,0,12,110,122,24,1,1,4,26,2,0,2,32,34,47,2,6,12,49,5,0,8,66,74,1,0,0,0,0,0,0,0,0,0,7,0,2,0,12,0,0,2,12,14,322,1,26,-7,231,Austin
2013,10,28,112,3,10,12,81,5,3,13,98,111,56,1,5,5,44,3,2,6,52,58,48,2,3,5,23,2,0,5,30,35,1,0,0,0,1,0,1,0,1,1,7,0,2,2,13,0,0,2,15,17,338,3,32,-6,232,Austin
2014,10,28,92,2,7,14,89,2,1,9,105,114,42,1,6,8,49,1,0,7,58,65,46,1,1,2,31,1,1,2,34,36,0,0,0,1,0,0,0,0,1,1,4,0,0,3,9,0,0,0,12,12,322,2,22,-5,233,Austin
2015,10,28,74,2,5,12,69,7,0,7,88,95,33,1,1,7,44,1,0,2,52,54,34,1,3,5,21,5,0,4,31,35,1,0,0,0,0,0,0,0,0,0,6,0,1,0,4,1,0,1,5,6,276,1,18,-4,234,Austin
2016,10,28,84,2,5,23,81,5,2,7,109,116,33,1,1,15,44,1,2,2,60,62,45,1,3,8,27,4,0,4,39,43,3,0,0,0,0,0,0,0,0,0,3,0,1,0,10,0,0,1,10,11,312,3,22,-9,229,Austin
2017,10,28,87,3,5,7,71,7,0,8,85,93,29,2,3,4,35,1,0,5,40,45,52,0,1,2,31,6,0,1,39,40,0,0,0,1,0,0,0,0,1,1,6,1,1,0,5,0,0,2,5,7,270,1,19,-8,230,Austin
2018,10,28,57,4,4,8,90,6,1,8,104,112,28,0,2,3,41,3,1,2,47,49,24,3,2,3,37,3,0,5,43,48,0,1,0,0,1,0,0,1,1,2,5,0,0,2,11,0,0,0,13,13,245,2,21,-7,231,Austin
2019,10,28,79,2,6,21,80,4,2,8,105,113,36,0,1,9,43,1,2,1,53,54,36,2,5,8,33,3,0,7,44,51,0,0,0,2,0,0,0,0,2,2,7,0,0,2,4,0,0,0,6,6,284,2,22,-6,232,Austin
2020,10,28,59,5,4,16,84,8,0,9,108,117,35,1,1,10,45,4,0,2,59,61,22,4,2,6,32,4,0,6,42,48,0,0,0,0,0,0,0,0,0,0,2,0,1,0,7,0,0,1,7,8,272,0,17,-4,234,Austin
2021,10,28,55,4,7,10,79,16,3,11,105,116,26,2,3,5,50,8,2,5,63,68,21,1,4,4,24,5,1,5,33,38,3,1,0,0,2,1,0,1,3,4,5,0,0,1,3,2,0,0,6,6,245,8,19,-10,228,Austin
2022,10,28,59,0,8,12,72,16,3,8,100,108,30,0,2,5,36,6,2,2,47,49,23,0,5,5,29,10,1,5,44,49,0,0,0,1,3,0,0,0,4,4,6,0,1,1,4,0,0,1,5,6,254,4,14,-9,229,Austin
2023,10,28,49,1,7,11,67,19,2,8,97,105,19,0,1,3,21,11,0,1,35,36,26,1,5,7,42,8,2,6,57,63,0,0,0,1,0,0,0,0,1,1,4,0,1,0,4,0,0,1,4,5,233,1,10,-8,230,Austin
2024,10,28,57,2,5,13,66,7,2,7,86,93,30,1,0,6,37,3,1,1,46,47,21,1,4,7,24,3,1,5,34,39,0,0,0,0,0,0,0,0,0,0,6,0,1,0,5,1,0,1,6,7,241,0,21,-6,232,Austin
2012,11,28,65,1,3,23,106,1,1,4,130,134,24,1,2,9,43,0,1,3,52,55,35,0,1,9,52,0,0,1,61,62,1,0,0,2,0,0,0,0,2,2,5,0,0,3,11,1,0,0,15,15,303,4,25,24,262,Austin
2013,11,28,77,0,4,14,37,3,0,4,54,58,30,0,0,10,12,2,0,0,24,24,40,0,4,4,22,1,0,4,27,31,2,0,0,0,1,0,0,0,1,1,5,0,0,0,2,0,0,0,2,2,207,4,13,25,263,Austin
2014,11,28,78,2,6,6,65,8,1,8,79,87,30,2,4,3,37,3,1,6,43,49,45,0,2,1,23,5,0,2,29,31,0,0,0,1,1,0,0,0,2,2,3,0,0,1,4,0,0,0,5,5,264,3,15,26,264,Austin
2015,11,28,73,2,5,18,66,0,0,7,84,91,28,0,2,10,32,0,0,2,42,44,41,2,3,7,28,0,0,5,35,40,0,0,0,0,1,0,0,0,1,1,4,0,0,1,5,0,0,0,6,6,241,1,13,27,265,Austin
2016,11,28,80,2,5,18,93,8,2,7,119,126,31,1,3,5,48,1,1,4,54,58,39,1,2,12,37,6,1,3,55,58,2,0,0,0,0,0,0,0,0,0,8,0,0,1,8,1,0,0,10,10,302,3,22,22,260,Austin
2017,11,28,62,2,2,18,64,4,5,4,86,90,25,1,1,9,31,2,1,2,42,44,28,1,0,8,19,2,3,1,29,30,4,0,0,0,2,0,0,0,2,2,5,0,1,1,12,0,1,1,13,14,240,6,26,23,261,Austin
2018,11,28,65,1,5,14,71,12,2,6,97,103,23,0,4,7,34,8,2,4,49,53,34,1,1,4,36,3,0,2,43,45,1,0,0,2,0,0,0,0,2,2,7,0,0,1,1,1,0,0,3,3,284,4,21,24,262,Austin
2019,11,28,66,1,9,15,44,6,4,10,65,75,29,0,4,5,21,1,2,4,27,31,33,1,3,10,22,4,2,4,36,40,0,0,0,0,1,0,0,0,1,1,4,0,2,0,0,1,0,2,1,3,226,1,9,25,263,Austin
2020,11,28,70,2,5,18,59,7,7,7,84,91,28,0,1,9,28,4,3,1,41,42,31,2,4,9,29,2,4,6,40,46,1,0,0,0,0,0,0,0,0,0,10,0,0,0,2,1,0,0,3,3,233,1,18,27,265,Austin
2021,11,28,45,5,8,16,71,13,3,13,100,113,14,0,4,3,45,5,1,4,53,57,28,5,3,12,20,7,2,8,39,47,0,0,0,0,1,0,0,0,1,1,3,0,1,1,5,1,0,1,7,8,241,2,16,21,259,Austin
2022,11,28,56,2,7,20,43,8,4,9,71,80,19,2,4,5,22,2,2,6,29,35,33,0,3,15,15,5,2,3,35,38,1,0,0,0,0,1,0,0,1,1,3,0,0,0,6,0,0,0,6,6,230,2,12,22,260,Austin
2023,11,28,48,1,6,13,45,4,0,7,62,69,19,0,2,5,24,2,0,2,31,33,28,1,3,8,14,2,0,4,24,28,0,0,0,0,0,0,0,0,0,0,1,0,1,0,7,0,0,1,7,8,218,1,14,23,261,Austin
2024,11,28,62,3,4,10,32,9,0,7,51,58,28,3,3,8,14,6,0,6,28,34,27,0,1,1,16,3,0,1,20,21,0,0,0,0,1,0,0,0,1,1,7,0,0,1,1,0,0,0,2,2,185,2,11,25,263,Austin
2012,12,28,80,0,3,21,92,9,1,3,122,125,31,0,2,11,50,4,0,2,65,67,45,0,1,8,32,4,1,1,44,45,0,0,0,0,0,0,0,0,0,0,4,0,0,2,10,1,0,0,13,13,339,0,25,54,292,Austin
2013,12,28,90,3,7,13,84,6,3,10,103,113,30,1,2,6,38,2,2,3,46,49,54,1,5,6,35,3,1,6,44,50,0,0,0,0,0,0,0,0,0,0,6,1,0,1,11,1,0,1,13,14,305,1,30,55,293,Austin
2014,12,28,56,3,6,11,61,4,1,9,76,85,19,0,1,6,34,2,1,1,42,43,33,2,5,4,22,1,0,7,27,34,0,0,0,0,0,0,0,0,0,0,4,1,0,1,5,1,0,1,7,8,227,1,17,56,294,Austin
2015,12,28,65,2,6,19,70,1,4,8,90,98,21,0,5,8,34,0,0,5,42,47,38,2,0,6,27,1,4,2,34,36,0,0,0,0,0,0,0,0,0,0,6,0,1,5,9,0,0,1,14,15,281,0,32,57,295,Austin
2016,12,28,83,7,6,20,84,5,6,13,109,122,29,1,1,11,46,2,3,2,59,61,48,6,4,8,31,2,3,10,41,51,1,0,0,0,1,0,0,0,1,1,5,0,1,1,6,1,0,1,8,9,304,3,21,52,290,Austin
2017,12,28,66,7,11,8,63,2,3,18,73,91,23,2,6,3,34,0,1,8,37,45,32,4,5,3,25,1,2,9,29,38,0,0,0,0,0,1,0,0,1,1,11,1,0,2,4,0,0,1,6,7,255,1,22,53,291,Austin
2018,12,28,71,2,2,12,81,6,2,4,99,103,26,1,0,5,33,3,1,1,41,42,38,1,2,6,39,3,0,3,48,51,1,0,0,0,1,0,1,0,1,1,6,0,0,1,8,0,0,0,9,9,265,3,29,54,292,Austin
2019,12,28,74,2,2,9,70,8,5,4,87,91,25,1,0,3,34,3,2,1,40,41,44,0,2,5,29,5,3,2,39,41,0,1,0,0,0,0,0,1,0,1,5,0,0,1,7,0,0,0,8,8,281,3,20,55,293,Austin
2020,12,28,66,6,3,6,83,20,2,9,109,118,25,1,2,3,42,8,0,3,53,56,38,4,1,2,35,10,1,5,47,52,0,0,0,0,0,0,0,0,0,0,3,1,0,1,6,2,1,1,9,10,274,1,21,57,295,Austin
2021,12,28,47,3,4,22,51,17,5,7,90,97,20,2,0,11,26,8,0,2,45,47,24,1,3,10,20,8,5,4,38,42,0,0,0,0,0,1,0,0,1,1,3,0,1,1,5,0,0,1,6,7,231,1,14,51,289,Austin
2022,12,28,56,6,8,9,55,20,1,14,84,98,23,5,4,5,19,4,0,9,28,37,23,1,3,3,32,13,1,4,48,52,0,0,0,0,1,1,0,0,2,2,10,0,1,1,3,2,0,1,6,7,234,2,24,52,290,Austin
2023,12,28,52,2,3,11,55,23,2,5,89,94,16,2,2,6,29,8,1,4,43,47,33,0,1,5,23,12,0,1,40,41,1,0,0,0,0,2,0,0,2,2,2,0,0,0,3,1,1,0,4,4,233,3,17,53,291,Austin
2024,12,28,59,3,4,12,50,9,3,7,71,78,22,1,0,3,21,1,0,1,25,26,29,1,4,9,21,7,3,5,37,42,0,0,0,0,0,0,0,0,0,0,8,1,0,0,8,1,0,1,9,10,218,1,22,55,293,Austin
2012,1,29,82,5,10,16,90,8,2,15,114,129,30,2,3,5,38,2,1,5,45,50,42,3,7,8,45,5,1,10,58,68,1,0,0,2,0,0,0,0,2,2,9,0,0,1,7,1,0,0,9,9,336,5,27,-280,-42,Austin
2013,1,29,90,0,5,20,109,10,1,5,139,144,42,0,3,13,50,6,1,3,69,72,43,0,1,5,47,2,0,1,54,55,0,0,0,1,1,0,0,0,2,2,5,0,1,1,11,2,0,1,14,15,362,2,30,-278,-40,Austin
2014,1,29,69,2,5,18,75,3,2,7,96,103,34,1,4,11,46,1,0,5,58,63,26,1,0,3,20,0,1,1,23,24,2,0,0,3,0,0,0,0,3,3,7,0,1,1,9,2,1,1,12,13,270,6,25,-277,-39,Austin
2015,1,29,71,1,6,13,87,9,3,7,109,116,29,0,1,11,44,3,3,1,58,59,39,1,5,1,35,6,0,6,42,48,0,0,0,0,1,0,0,0,1,1,3,0,0,1,7,0,0,0,8,8,290,2,18,-276,-38,Austin
2016,1,29,86,1,2,24,80,4,2,3,108,111,23,1,1,16,49,2,0,2,67,69,56,0,1,6,24,2,2,1,32,33,1,0,0,2,1,0,0,0,3,3,6,0,0,0,6,0,0,0,6,6,314,6,18,-282,-44,Austin
2017,1,29,84,3,10,5,62,2,3,13,69,82,33,1,5,1,30,0,0,6,31,37,45,2,4,4,29,2,2,6,35,41,0,0,0,0,0,0,0,0,0,0,6,0,1,0,3,0,1,1,3,4,277,1,18,-280,-42,Austin
2018,1,29,66,4,7,11,70,4,0,11,85,96,18,0,2,4,43,1,0,2,48,50,42,4,5,6,19,3,0,9,28,37,1,0,0,0,4,0,0,0,4,4,5,0,0,1,4,0,0,0,5,5,252,5,17,-279,-41,Austin
2019,1,29,54,1,6,2,71,8,1,7,81,88,31,1,1,1,32,2,0,2,35,37,20,0,5,1,33,5,1,5,39,44,1,0,0,0,0,1,0,0,1,1,2,0,0,0,6,0,0,0,6,6,220,3,11,-278,-40,Austin
2020,1,29,78,1,5,15,77,7,3,6,99,105,30,0,1,5,46,2,2,1,53,54,42,1,3,10,25,3,1,4,38,42,0,0,0,0,2,1,0,0,3,3,6,0,1,0,4,1,0,1,5,6,272,5,14,-277,-39,Austin
2021,1,29,63,2,2,7,63,10,0,4,80,84,32,1,0,3,32,5,0,1,40,41,25,1,0,4,25,4,0,1,33,34,1,0,0,0,3,0,0,0,3,3,5,0,2,0,3,1,0,2,4,6,265,4,20,-282,-44,Austin
2022,1,29,52,5,8,6,68,13,4,13,87,100,19,3,4,5,25,2,1,7,32,39,29,2,4,1,38,10,3,6,49,55,0,0,0,0,1,0,0,0,1,1,4,0,0,0,4,1,0,0,5,5,224,2,13,-281,-43,Austin
2023,1,29,53,1,8,14,48,16,2,9,78,87,20,0,3,8,22,7,1,3,37,40,29,1,5,6,24,8,1,6,38,44,2,0,0,0,0,0,0,0,0,0,2,0,0,0,2,1,0,0,3,3,235,4,8,-280,-42,Austin
2024,1,29,42,1,3,15,43,13,1,4,71,75,18,1,2,4,21,8,1,3,33,36,20,0,1,10,21,4,0,1,35,36,1,0,0,0,0,0,0,0,0,0,3,0,0,1,1,1,0,0,3,3,205,3,11,-279,-41,Austin
2012,2,29,93,2,2,19,94,4,0,4,117,121,45,1,1,13,52,3,0,2,68,70,39,1,1,4,34,1,0,2,39,41,0,0,0,0,0,0,0,0,0,0,9,0,0,2,8,0,0,0,10,10,338,0,27,-249,-11,Austin
2016,2,29,63,3,3,8,70,6,5,6,84,90,30,3,2,4,38,4,1,5,46,51,27,0,0,4,25,2,3,0,31,31,0,0,0,0,0,0,0,0,0,0,6,0,1,0,7,0,1,1,7,8,279,1,22,-251,-13,Austin
2020,2,29,53,0,4,12,65,9,1,4,86,90,22,0,2,6,36,4,0,2,46,48,27,0,2,6,26,5,0,2,37,39,0,0,0,0,0,0,0,0,0,0,4,0,0,0,3,0,1,0,3,3,262,0,20,-246,-8,Austin
2024,2,29,58,0,5,12,45,20,0,5,77,82,26,0,1,2,22,3,0,1,27,28,25,0,3,10,22,15,0,3,47,50,0,0,0,0,0,0,0,0,0,0,7,0,1,0,1,2,0,1,3,4,237,1,15,-248,-10,Austin
2012,3,29,72,1,4,16,82,8,1,5,106,111,30,0,2,10,55,3,1,2,68,70,34,1,1,3,20,4,0,2,27,29,0,0,0,2,0,0,0,0,2,2,8,0,1,1,7,1,0,1,9,10,292,3,28,-220,18,Austin
2013,3,29,110,3,4,12,100,8,0,7,120,127,61,2,2,6,56,5,0,4,67,71,41,1,1,4,32,3,0,2,39,41,1,0,0,0,4,0,0,0,4,4,7,0,1,2,8,0,0,1,10,11,375,6,23,-219,19,Austin
2014,3,29,88,4,6,14,96,6,1,10,116,126,35,0,2,7,51,2,1,2,60,62,41,4,3,6,37,3,0,7,46,53,0,0,0,0,2,0,0,0,2,2,12,0,1,1,6,1,0,1,8,9,345,2,31,-218,20,Austin
2015,3,29,101,3,6,9,56,5,1,9,70,79,43,1,3,6,35,0,0,4,41,45,50,2,3,1,12,5,1,5,18,23,0,0,0,0,0,0,0,0,0,0,8,0,0,2,9,0,0,0,11,11,284,1,23,-217,21,Austin
2016,3,29,69,2,3,15,66,3,2,5,84,89,37,0,2,11,45,1,1,2,57,59,26,2,1,3,13,2,1,3,18,21,0,0,0,0,3,0,0,0,3,3,6,0,0,1,5,0,0,0,6,6,273,3,18,-222,16,Austin
2017,3,29,77,5,6,16,54,5,4,11,75,86,47,4,4,9,37,3,2,8,49,57,23,1,2,5,10,2,2,3,17,20,0,0,0,0,0,0,0,0,0,0,7,0,0,2,7,0,0,0,9,9,274,2,19,-221,17,Austin
2018,3,29,83,5,6,6,65,10,1,11,81,92,40,1,0,2,34,2,0,1,38,39,32,4,5,3,21,3,1,9,27,36,1,0,0,0,1,0,0,0,1,1,10,0,1,1,9,5,0,1,15,16,274,3,31,-220,18,Austin
2019,3,29,79,1,3,9,79,8,3,4,96,100,30,1,3,7,51,5,0,4,63,67,36,0,0,2,18,3,2,0,23,23,1,0,0,0,0,0,0,0,0,0,12,0,0,0,10,0,1,0,10,10,285,1,33,-219,19,Austin
2020,3,29,65,1,5,9,57,10,3,6,76,82,40,1,2,4,32,4,0,3,40,43,20,0,2,5,19,5,3,2,29,31,0,0,0,0,0,0,0,0,0,0,5,0,1,0,6,1,0,1,7,8,241,1,23,-217,21,Austin
2021,3,29,68,1,3,9,61,4,3,4,74,78,37,1,2,6,40,0,2,3,46,49,23,0,1,3,20,2,1,1,25,26,0,0,0,0,1,0,0,0,1,1,8,0,0,0,0,2,0,0,2,2,271,2,17,-223,15,Austin
2022,3,29,73,0,8,11,58,17,2,8,86,94,41,0,6,8,39,14,0,6,61,67,22,0,2,1,14,1,2,2,16,18,0,0,0,0,0,0,0,0,0,0,10,0,0,2,5,2,0,0,9,9,244,1,25,-222,16,Austin
2023,3,29,39,2,4,10,60,14,1,6,84,90,21,1,3,5,35,8,1,4,48,52,17,1,1,5,17,4,0,2,26,28,0,0,0,0,1,0,0,0,1,1,1,0,0,0,7,2,0,0,9,9,223,1,19,-221,17,Austin
2024,3,29,56,3,9,12,74,16,2,12,102,114,29,2,0,5,37,8,1,2,50,52,24,0,8,5,31,5,1,8,41,49,0,0,0,1,1,1,0,0,3,3,3,1,1,1,5,2,0,2,8,10,278,3,17,-219,19,Austin
2012,4,29,101,5,7,19,99,10,1,12,128,140,40,1,5,11,56,4,0,6,71,77,48,4,2,7,36,5,1,6,48,54,4,0,0,1,0,0,0,0,1,1,9,0,0,0,7,1,0,0,8,8,350,5,26,-189,49,Austin
2013,4,29,89,2,6,29,107,5,1,8,141,149,52,0,2,21,79,3,1,2,103,105,28,2,3,7,22,2,0,5,31,36,0,0,0,1,0,0,0,0,1,1,9,0,1,0,6,0,0,1,6,7,366,1,24,-188,50,Austin
2014,4,29,89,2,6,25,83,5,4,8,113,121,48,1,3,21,58,2,2,4,81,85,32,0,3,3,18,3,2,3,24,27,0,0,0,1,0,0,0,0,1,1,9,1,0,0,7,0,0,1,7,8,327,1,26,-187,51,Austin
2015,4,29,70,4,6,13,85,4,2,10,102,112,41,2,3,10,62,2,0,5,74,79,26,2,1,1,16,2,2,3,19,22,0,0,0,1,0,0,0,0,1,1,3,0,2,1,7,0,0,2,8,10,286,2,16,-186,52,Austin
2016,4,29,113,2,7,16,74,2,0,9,92,101,67,0,1,11,50,1,0,1,62,63,37,1,4,5,18,1,0,5,24,29,0,0,0,0,0,0,0,0,0,0,9,1,2,0,6,0,0,3,6,9,358,0,33,-191,47,Austin
2017,4,29,79,1,5,10,78,3,1,6,91,97,39,1,5,5,44,3,0,6,52,58,36,0,0,4,24,0,1,0,28,28,0,0,0,0,0,0,0,0,0,0,4,0,0,1,10,0,0,0,11,11,293,1,28,-190,48,Austin
2018,4,29,92,5,5,18,51,5,0,10,74,84,44,0,2,12,35,2,0,2,49,51,38,5,3,6,13,3,0,8,22,30,1,0,0,0,1,0,0,0,1,1,9,0,0,0,2,0,0,0,2,2,248,2,18,-189,49,Austin
2019,4,29,82,2,3,8,110,6,2,5,124,129,48,0,1,5,73,3,1,1,81,82,26,2,2,3,30,3,1,4,36,40,0,0,0,0,0,0,0,0,0,0,8,0,0,0,7,0,0,0,7,7,298,2,20,-188,50,Austin
2020,4,29,59,2,1,8,75,12,2,3,95,98,30,2,1,3,47,10,1,3,60,63,20,0,0,5,25,2,1,0,32,32,1,0,0,0,0,0,0,0,0,0,8,0,0,0,3,0,0,0,3,3,243,1,17,-186,52,Austin
2021,4,29,61,2,2,9,55,7,1,4,71,75,35,1,1,5,31,6,0,2,42,44,24,0,1,3,18,1,1,1,22,23,0,1,0,0,1,0,0,1,1,2,2,0,0,1,5,0,0,0,6,6,230,2,12,-192,46,Austin
2022,4,29,54,3,7,13,67,8,8,10,88,98,34,1,5,5,47,6,3,6,58,64,14,1,1,6,16,1,3,2,23,25,3,0,0,0,1,0,0,0,1,1,3,1,1,2,3,1,2,2,6,8,235,5,15,-191,47,Austin
2023,4,29,51,1,6,4,41,14,8,7,59,66,22,1,2,0,27,5,3,3,32,35,22,0,3,4,12,5,4,3,21,24,0,0,0,0,0,1,0,0,1,1,7,0,1,0,2,3,1,1,5,6,196,3,19,-190,48,Austin
2024,4,29,57,1,6,7,59,9,2,7,75,82,24,0,4,4,35,8,1,4,47,51,29,1,1,2,21,1,1,2,24,26,1,0,0,0,0,0,0,0,0,0,3,0,1,1,3,0,0,1,4,5,240,1,15,-188,50,Austin
2012,5,29,90,0,3,33,92,7,1,3,132,135,51,0,1,26,59,2,1,1,87,88,31,0,2,5,18,4,0,2,27,29,0,0,0,0,0,1,0,0,1,1,8,0,0,2,15,0,0,0,17,17,379,1,34,-159,79,Austin
2013,5,29,107,2,5,19,91,7,1,7,117,124,65,1,1,15,61,4,0,2,80,82,27,0,2,3,20,3,0,2,26,28,2,0,0,0,1,0,0,0,1,1,13,1,2,1,9,0,1,3,10,13,374,4,34,-158,80,Austin
2014,5,29,103,3,5,11,80,7,5,8,98,106,59,0,4,11,54,2,3,4,67,71,32,1,1,0,21,4,0,2,25,27,0,0,0,0,0,0,0,0,0,0,12,2,0,0,5,1,2,2,6,8,327,0,27,-157,81,Austin
2015,5,29,94,1,7,16,80,3,4,8,99,107,44,1,3,10,56,0,3,4,66,70,35,0,3,4,13,2,1,3,19,22,0,0,0,0,0,1,0,0,1,1,15,0,1,2,11,0,0,1,13,14,334,3,35,-156,82,Austin
2016,5,29,69,6,10,12,74,7,3,16,93,109,34,3,5,10,50,2,1,8,62,70,26,3,3,1,14,3,2,6,18,24,0,0,0,1,0,0,0,0,1,1,9,0,2,0,10,2,0,2,12,14,293,2,36,-161,77,Austin
2017,5,29,101,5,2,17,70,3,3,7,90,97,58,2,1,11,46,1,0,3,58,61,27,2,0,5,15,1,1,2,21,23,0,0,0,0,1,0,0,0,1,1,16,1,1,1,8,1,2,2,10,12,311,3,35,-160,78,Austin
2018,5,29,68,4,6,6,54,9,1,10,69,79,36,2,4,2,39,6,1,6,47,53,18,1,1,3,10,2,0,2,15,17,0,0,0,0,0,0,0,0,0,0,14,1,1,1,5,1,0,2,7,9,245,0,36,-159,79,Austin
2019,5,29,71,2,5,10,90,4,1,7,104,111,42,2,4,6,62,2,0,6,70,76,25,0,0,3,19,2,1,0,24,24,0,0,0,0,0,0,0,0,0,0,4,0,1,1,9,0,0,1,10,11,275,0,22,-158,80,Austin
2020,5,29,76,3,6,9,71,16,3,9,96,105,43,3,4,5,51,8,0,7,64,71,24,0,2,3,15,5,3,2,23,25,1,0,0,0,0,0,0,0,0,0,8,0,0,1,5,3,0,0,9,9,301,1,34,-156,82,Austin
2021,5,29,65,6,8,7,65,13,1,14,85,99,38,2,1,4,45,8,0,3,57,60,22,3,6,3,14,0,1,9,17,26,1,0,1,0,0,0,0,1,0,1,4,1,0,0,6,5,0,1,11,12,230,2,22,-162,76,Austin
2022,5,29,68,2,6,9,65,9,3,8,83,91,33,1,5,4,43,6,1,6,53,59,27,1,1,3,20,3,1,2,26,28,2,0,0,0,0,0,0,0,0,0,6,0,0,2,2,0,1,0,4,4,251,2,18,-161,77,Austin
2023,5,29,51,0,9,10,58,21,3,9,89,98,33,0,7,2,27,14,0,7,43,50,16,0,1,8,26,5,2,1,39,40,0,0,0,0,0,0,0,0,0,0,2,0,1,0,5,2,1,1,7,8,248,0,19,-160,78,Austin
2024,5,29,61,3,8,8,53,22,2,11,83,94,32,2,5,5,31,16,0,7,52,59,22,0,1,1,15,6,2,1,22,23,2,0,0,1,0,0,0,0,1,1,5,1,2,1,7,0,0,3,8,11,248,4,22,-158,80,Austin
2012,6,29,107,3,2,24,131,4,3,5,159,164,57,1,2,19,83,2,3,3,104,107,37,2,0,5,33,1,0,2,39,41,0,0,0,0,0,1,0,0,1,1,13,0,0,0,15,0,0,0,15,15,390,1,38,-128,110,Austin
2013,6,29,108,6,7,15,96,4,1,13,115,128,60,0,2,11,73,0,0,2,84,86,39,5,3,4,19,3,1,8,26,34,0,0,0,0,0,0,0,0,0,0,9,1,2,0,4,1,0,3,5,8,374,0,30,-127,111,Austin
2014,6,29,83,1,9,14,70,5,0,10,89,99,35,0,5,11,45,2,0,5,58,63,39,1,4,1,17,2,0,5,20,25,0,0,0,0,0,0,0,0,0,0,9,0,0,2,8,1,0,0,11,11,304,1,28,-126,112,Austin
2015,6,29,86,1,3,8,110,11,3,4,129,133,51,0,2,5,74,4,3,2,83,85,19,1,1,2,22,5,0,2,29,31,2,0,0,0,2,0,0,0,2,2,14,0,0,1,12,2,0,0,15,15,334,6,40,-125,113,Austin
2016,6,29,66,1,4,13,63,4,1,5,80,85,36,0,1,10,47,3,1,1,60,61,20,1,1,3,6,1,0,2,10,12,0,0,0,0,1,0,0,0,1,1,10,0,2,0,9,0,0,2,9,11,263,2,36,-130,108,Austin
2017,6,29,68,1,2,14,63,6,0,3,83,86,37,1,0,11,47,1,0,1,59,60,21,0,2,3,10,4,0,2,17,19,0,0,0,0,0,0,0,0,0,0,10,0,0,0,6,1,0,0,7,7,271,1,30,-129,109,Austin
2018,6,29,62,0,6,9,80,6,2,6,95,101,34,0,2,7,57,3,1,2,67,69,25,0,4,0,13,3,1,4,16,20,0,0,0,1,0,0,0,0,1,1,3,0,0,1,10,0,0,0,11,11,259,2,23,-128,110,Austin
2019,6,29,61,3,4,13,75,8,1,7,96,103,36,1,4,4,46,5,0,5,55,60,20,1,0,9,24,2,1,1,35,36,0,0,0,0,0,0,0,0,0,0,5,1,0,0,5,1,0,1,6,7,265,1,15,-127,111,Austin
2020,6,29,65,9,9,16,82,19,1,18,117,135,36,6,5,10,55,10,0,11,75,86,21,3,3,5,22,6,0,6,33,39,1,0,0,0,0,0,0,0,0,0,7,0,1,1,5,3,1,1,9,10,294,1,24,-125,113,Austin
2021,6,29,56,2,10,17,58,15,4,12,90,102,37,0,5,8,41,9,4,5,58,63,16,2,5,6,10,4,0,7,20,27,0,0,0,1,0,0,0,0,1,1,3,0,0,2,7,2,0,0,11,11,237,2,19,-131,107,Austin
2022,6,29,62,0,3,15,67,17,4,3,99,102,40,0,1,4,44,14,1,1,62,63,18,0,2,9,20,2,3,2,31,33,0,0,0,1,0,1,0,0,2,2,4,0,0,1,3,0,0,0,4,4,249,5,14,-130,108,Austin
2023,6,29,63,6,3,15,65,21,4,9,101,110,31,6,2,6,36,7,1,8,49,57,24,0,0,9,18,10,1,0,37,37,0,0,0,0,0,1,0,0,1,1,8,0,1,0,11,3,2,1,14,15,270,3,32,-129,109,Austin
2024,6,29,51,2,13,16,57,14,5,15,87,102,27,1,6,9,37,8,2,7,54,61,20,0,5,6,14,6,2,5,26,31,0,0,0,0,1,0,0,0,1,1,4,1,2,1,5,0,1,3,6,9,239,3,17,-127,111,Austin
2012,7,29,107,5,12,15,87,4,1,17,106,123,60,2,4,10,51,2,0,6,63,69,37,3,5,4,28,1,1,8,33,41,1,0,0,0,0,0,0,0,0,0,9,0,3,1,8,1,0,3,10,13,359,1,31,-98,140,Austin
2013,7,29,94,1,3,27,81,9,1,4,117,121,45,0,1,21,52,4,0,1,77,78,38,1,2,5,21,3,1,3,29,32,1,0,0,0,1,1,0,0,2,2,10,0,0,1,7,1,0,0,9,9,356,4,30,-97,141,Austin
2014,7,29,86,2,4,21,95,8,2,6,124,130,50,2,3,9,62,8,1,5,79,84,26,0,1,10,22,0,0,1,32,33,2,0,0,0,1,0,0,0,1,1,8,0,0,2,10,0,1,0,12,12,328,5,30,-96,142,Austin
2015,7,29,69,2,5,11,69,11,0,7,91,98,39,1,2,7,48,6,0,3,61,64,27,1,1,2,18,4,0,2,24,26,0,0,0,0,0,0,0,0,0,0,3,0,2,2,3,1,0,2,6,8,263,1,16,-95,143,Austin
2016,7,29,81,2,4,11,80,1,3,6,92,98,42,0,1,7,54,0,2,1,61,62,30,2,3,4,20,0,1,5,24,29,1,0,0,0,0,0,0,0,0,0,8,0,0,0,6,1,0,0,7,7,289,1,24,-100,138,Austin
2017,7,29,88,4,4,17,61,4,3,8,82,90,39,1,1,11,45,2,3,2,58,60,39,2,2,5,13,1,0,4,19,23,1,0,0,0,0,0,0,0,0,0,9,1,1,1,3,1,0,2,5,7,304,2,29,-99,139,Austin
2018,7,29,75,4,6,10,78,4,0,10,92,102,42,3,3,5,50,3,0,6,58,64,27,1,3,5,25,1,0,4,31,35,0,0,0,0,0,0,0,0,0,0,6,0,0,0,3,0,0,0,3,3,273,0,15,-98,140,Austin
2019,7,29,72,3,9,13,72,6,1,12,91,103,43,1,4,9,47,4,1,5,60,65,23,2,3,4,20,2,0,5,26,31,1,0,0,0,0,0,0,0,0,0,5,0,2,0,5,0,0,2,5,7,276,2,20,-97,141,Austin
2020,7,29,62,3,12,19,63,16,1,15,98,113,38,2,6,8,35,7,0,8,50,58,20,1,6,8,19,6,1,7,33,40,0,0,0,0,1,0,0,0,1,1,4,0,0,3,8,3,0,0,14,14,276,1,25,-95,143,Austin
2021,7,29,59,3,5,14,61,10,2,8,85,93,35,3,3,10,36,7,1,6,53,59,18,0,2,3,22,2,1,2,27,29,0,0,0,0,0,0,0,0,0,0,6,0,0,1,3,1,0,0,5,5,247,1,22,-101,137,Austin
2022,7,29,50,2,3,11,63,16,2,5,90,95,31,1,0,5,44,10,1,1,59,60,17,1,2,6,13,5,1,3,24,27,0,0,0,0,3,1,0,0,4,4,2,0,1,0,3,0,0,1,3,4,226,5,16,-100,138,Austin
2023,7,29,68,1,12,6,63,21,4,13,90,103,31,0,5,0,34,13,1,5,47,52,31,1,5,6,25,6,3,6,37,43,0,0,0,0,0,0,0,0,0,0,6,0,2,0,4,2,0,2,6,8,257,1,21,-99,139,Austin
2024,7,29,40,3,7,13,57,13,1,10,83,93,20,2,5,10,37,6,1,7,53,60,16,1,2,2,14,6,0,3,22,25,1,0,0,1,2,0,0,0,3,3,3,0,0,0,4,1,0,0,5,5,208,5,11,-97,141,Austin
2012,8,29,86,3,6,18,85,4,1,9,107,116,46,0,1,11,54,3,1,1,68,69,26,3,5,6,21,1,0,8,28,36,1,0,0,0,0,0,0,0,0,0,13,0,0,1,10,0,0,0,11,11,316,3,32,-67,171,Austin
2013,8,29,85,3,6,23,98,5,0,9,126,135,45,0,4,11,61,4,0,4,76,80,31,2,2,9,29,0,0,4,38,42,1,0,0,1,1,0,0,0,2,2,8,1,0,2,7,1,0,1,10,11,341,3,32,-66,172,Austin
2014,8,29,79,3,1,13,84,3,2,4,100,104,40,1,1,6,53,1,1,2,60,62,30,2,0,3,25,2,1,2,30,32,0,0,0,2,1,0,0,0,3,3,9,0,0,2,5,0,0,0,7,7,330,3,30,-65,173,Austin
2015,8,29,85,5,5,10,66,6,3,10,82,92,29,2,1,8,39,5,1,3,52,55,47,2,4,2,18,1,2,6,21,27,0,1,0,0,2,0,0,1,2,3,9,0,0,0,7,0,0,0,7,7,320,3,28,-64,174,Austin
2016,8,29,87,1,3,6,87,6,1,4,99,103,47,0,1,5,55,2,1,1,62,63,33,1,2,1,22,4,0,3,27,30,0,0,0,0,2,0,0,0,2,2,7,0,0,0,8,0,0,0,8,8,300,5,17,-69,169,Austin
2017,8,29,88,4,5,12,65,6,2,9,83,92,39,2,2,5,38,3,0,4,46,50,39,2,2,3,20,0,2,4,23,27,1,0,0,0,0,0,0,0,0,0,9,0,1,4,7,3,0,1,14,15,281,1,31,-68,170,Austin
2018,8,29,84,8,3,10,62,10,2,11,82,93,44,4,1,7,41,6,0,5,54,59,33,4,1,3,16,3,2,5,22,27,0,0,0,0,0,0,0,0,0,0,7,0,1,0,5,1,0,1,6,7,273,0,28,-67,171,Austin
2019,8,29,68,4,2,9,75,9,1,6,93,99,30,3,2,8,39,5,1,5,52,57,31,1,0,0,27,2,0,1,29,30,1,0,0,1,0,0,0,0,1,1,6,0,0,0,9,2,0,0,11,11,274,2,27,-66,172,Austin
2020,8,29,69,4,5,16,67,9,1,9,92,101,36,4,2,6,39,4,0,6,49,55,28,0,3,9,24,4,1,3,37,40,0,0,0,0,1,0,0,0,1,1,5,0,0,1,3,1,0,0,5,5,267,3,17,-64,174,Austin
2021,8,29,61,4,8,11,59,15,2,12,85,97,34,1,3,6,29,8,0,4,43,47,21,3,3,4,22,4,2,6,30,36,0,0,0,0,1,0,0,0,1,1,6,0,2,1,7,3,0,2,11,13,244,2,24,-70,168,Austin
2022,8,29,58,2,6,17,59,6,0,8,82,90,30,1,4,8,30,2,0,5,40,45,25,1,1,7,23,4,0,2,34,36,0,0,1,1,0,0,0,1,1,2,3,0,0,1,6,0,0,0,7,7,215,2,13,-69,169,Austin
2023,8,29,61,5,13,10,68,32,2,18,110,128,31,5,7,4,28,17,2,12,49,61,28,0,3,6,28,7,0,3,41,44,0,0,0,0,0,1,0,0,1,1,2,0,3,0,12,7,0,3,19,22,275,1,30,-68,170,Austin
2024,8,29,46,1,1,11,45,12,5,2,68,70,19,1,0,7,26,8,2,1,41,42,25,0,1,4,14,3,3,1,21,22,0,0,0,0,0,0,0,0,0,0,2,0,0,0,5,1,0,0,6,6,208,0,17,-66,172,Austin
2012,9,29,88,7,5,9,88,4,1,12,101,113,39,5,2,2,37,1,0,7,40,47,43,2,2,6,42,3,1,4,51,55,0,0,0,0,1,0,0,0,1,1,6,0,1,1,8,0,0,1,9,10,321,1,20,-36,202,Austin
2013,9,29,78,3,4,18,85,4,1,7,107,114,32,0,1,7,41,2,0,1,50,51,41,1,2,11,35,1,1,3,47,50,1,0,0,0,0,0,0,0,0,0,4,2,1,0,9,1,0,3,10,13,306,4,25,-35,203,Austin
2014,9,29,81,3,3,20,85,4,0,6,109,115,42,0,0,15,42,1,0,0,58,58,30,3,3,2,29,2,0,6,33,39,3,0,0,2,1,0,0,0,3,3,6,0,0,1,13,1,0,0,15,15,306,9,31,-34,204,Austin
2015,9,29,93,1,4,9,82,5,1,5,96,101,47,0,3,8,44,4,0,3,56,59,37,0,1,0,33,1,1,1,34,35,2,0,0,1,0,0,0,0,1,1,7,1,0,0,5,0,0,1,5,6,285,3,22,-33,205,Austin
2016,9,29,70,0,4,17,80,8,3,4,105,109,35,0,1,7,50,2,3,1,59,60,29,0,2,8,24,6,0,2,38,40,0,0,0,1,0,0,0,0,1,1,6,0,1,1,6,0,0,1,7,8,264,1,14,-38,200,Austin
2017,9,29,74,6,2,10,61,10,2,8,81,89,35,3,1,4,42,5,1,4,51,55,33,1,1,5,14,4,1,2,23,25,1,0,0,0,0,0,0,0,0,0,5,2,0,1,5,1,0,2,7,9,292,2,24,-37,201,Austin
2018,9,29,69,1,6,9,66,10,2,7,85,92,32,0,3,5,30,4,1,3,39,42,32,1,3,2,28,5,1,4,35,39,1,0,0,1,0,1,0,0,2,2,4,0,0,1,8,0,0,0,9,9,261,3,20,-36,202,Austin
2019,9,29,78,6,4,11,72,9,2,10,92,102,38,1,2,3,33,3,1,3,39,42,34,5,2,8,33,4,1,7,45,52,0,0,0,0,0,0,0,0,0,0,6,0,0,0,6,2,0,0,8,8,266,2,18,-35,203,Austin
2020,9,29,63,5,3,12,66,12,2,8,90,98,40,2,1,7,41,5,1,3,53,56,21,3,2,3,24,4,1,5,31,36,0,0,0,0,1,1,0,0,2,2,2,0,0,2,0,2,0,0,4,4,288,2,20,-33,205,Austin
2021,9,29,37,4,5,12,64,11,2,9,87,96,23,4,3,6,40,6,0,7,52,59,11,0,2,6,20,4,2,2,30,32,0,0,0,0,0,0,0,0,0,0,3,0,0,0,4,1,0,0,5,5,210,0,11,-39,199,Austin
2022,9,29,50,1,2,9,69,20,1,3,98,101,23,0,1,6,43,12,0,1,61,62,20,1,1,2,23,7,0,2,32,34,0,0,0,0,1,0,0,0,1,1,7,0,0,1,2,1,1,0,4,4,237,1,18,-38,200,Austin
2023,9,29,52,2,7,9,59,11,1,9,79,88,24,1,5,3,29,6,1,6,38,44,26,1,2,5,26,2,0,3,33,36,0,0,0,0,1,0,0,0,1,1,2,0,0,1,3,3,0,0,7,7,257,4,14,-37,201,Austin
2024,9,29,74,5,5,6,38,6,0,10,50,60,29,3,1,1,26,5,0,4,32,36,41,2,3,5,9,1,0,5,15,20,0,0,1,0,1,0,0,1,1,2,4,0,0,0,2,0,0,0,2,2,244,2,14,-35,203,Austin
2012,10,29,74,4,7,27,79,1,1,11,107,118,34,1,3,17,44,1,0,4,62,66,29,3,4,7,29,0,1,7,36,43,0,0,0,3,0,0,0,0,3,3,11,0,0,0,6,0,0,0,6,6,293,4,26,-6,232,Austin
2013,10,29,98,2,3,18,93,8,1,5,119,124,40,1,1,13,50,7,0,2,70,72,44,1,2,4,33,1,1,3,38,41,1,0,0,0,1,0,0,0,1,1,13,0,0,1,9,0,0,0,10,10,377,2,32,-5,233,Austin
2014,10,29,81,2,2,26,85,12,1,4,123,127,36,1,1,12,45,7,0,2,64,66,39,1,1,11,28,5,1,2,44,46,0,0,0,1,1,0,0,0,2,2,6,0,0,2,11,0,0,0,13,13,321,4,26,-4,234,Austin
2015,10,29,75,2,5,12,59,7,2,7,78,85,38,1,4,8,36,3,1,5,47,52,34,1,1,2,17,3,1,2,22,24,0,0,0,1,2,0,0,0,3,3,3,0,0,1,4,1,0,0,6,6,257,4,19,-3,235,Austin
2016,10,29,81,5,8,16,64,5,2,13,85,98,33,0,3,8,31,0,1,3,39,42,40,4,5,8,22,5,1,9,35,44,1,0,0,0,1,0,0,0,1,1,7,1,0,0,10,0,0,1,10,11,287,3,25,-8,230,Austin
2017,10,29,75,3,6,9,70,10,2,9,89,98,23,1,3,5,35,4,1,4,44,48,46,2,3,4,26,6,1,5,36,41,0,0,0,0,0,0,0,0,0,0,6,0,0,0,9,0,0,0,9,9,248,0,19,-7,231,Austin
2018,10,29,72,4,4,7,103,5,1,8,115,123,34,2,1,4,54,1,0,3,59,62,31,2,2,3,41,3,1,4,47,51,0,0,0,0,1,0,0,0,1,1,7,0,1,0,7,1,0,1,8,9,279,1,24,-6,232,Austin
2019,10,29,68,3,4,16,56,9,1,7,81,88,32,0,0,11,32,5,1,0,48,48,30,3,3,1,20,4,0,6,25,31,0,0,0,1,0,0,0,0,1,1,6,0,1,3,4,0,0,1,7,8,243,1,22,-5,233,Austin
2020,10,29,62,3,6,9,62,9,2,9,80,89,27,0,1,5,30,5,2,1,40,41,25,2,4,3,26,1,0,6,30,36,3,0,0,0,0,1,0,0,1,1,7,1,1,1,6,2,0,2,9,11,237,4,20,-3,235,Austin
2021,10,29,59,2,8,14,50,12,2,10,76,86,30,1,3,7,22,6,1,4,35,39,25,1,5,6,26,6,1,6,38,44,0,0,0,0,0,0,0,0,0,0,4,0,0,1,2,0,0,0,3,3,260,3,12,-9,229,Austin
2022,10,29,48,4,6,26,70,8,3,10,104,114,26,2,1,6,44,4,3,3,54,57,20,2,5,19,17,4,0,7,40,47,1,0,0,0,1,0,0,0,1,1,1,0,0,1,8,0,0,0,9,9,239,3,14,-8,230,Austin
2023,10,29,48,7,10,13,52,23,3,17,88,105,15,3,2,9,18,7,2,5,34,39,32,4,8,4,30,16,1,12,50,62,0,0,0,0,0,0,0,0,0,0,1,0,0,0,4,0,0,0,4,4,237,1,7,-7,231,Austin
2024,10,29,46,4,5,18,51,17,3,9,86,95,19,1,3,8,28,11,2,4,47,51,25,1,2,7,19,4,1,3,30,33,0,1,0,0,1,0,0,1,1,2,2,1,0,3,3,2,0,1,8,9,229,3,15,-5,233,Austin
2012,11,29,88,1,4,23,74,7,3,5,104,109,31,0,1,11,31,3,1,1,45,46,46,1,2,9,39,4,2,3,52,55,1,0,0,2,0,0,0,0,2,2,10,0,1,1,4,0,0,1,5,6,335,3,25,25,263,Austin
2013,11,29,81,1,9,12,91,5,1,10,108,118,28,0,3,5,34,1,0,3,40,43,45,1,5,6,52,2,1,6,60,66,0,0,0,0,0,1,0,0,1,1,8,0,1,1,5,1,0,1,7,8,294,1,23,26,264,Austin
2014,11,29,81,10,6,11,76,5,2,16,92,108,29,1,2,4,35,2,1,3,41,44,48,8,4,5,33,2,0,12,40,52,1,1,0,0,1,0,1,1,1,2,3,0,0,2,7,1,0,0,10,10,280,5,14,27,265,Austin
2015,11,29,56,0,6,10,53,5,2,6,68,74,20,0,2,4,29,2,0,2,35,37,31,0,4,5,18,2,1,4,25,29,0,0,0,0,0,0,0,0,0,0,5,0,0,1,6,1,1,0,8,8,232,0,25,28,266,Austin
2016,11,29,80,3,8,30,73,5,1,11,108,119,43,0,3,13,41,2,1,3,56,59,33,3,5,15,21,3,0,8,39,47,0,0,0,0,2,0,0,0,2,2,4,0,0,2,9,0,0,0,11,11,324,2,21,23,261,Austin
2017,11,29,84,6,3,12,69,5,1,9,86,95,29,2,0,7,32,2,0,2,41,43,47,4,2,3,30,2,1,6,35,41,2,0,0,1,1,0,0,0,2,2,6,0,1,1,6,1,0,1,8,9,277,4,26,24,262,Austin
2018,11,29,74,3,3,18,73,13,5,6,104,110,31,0,1,8,36,5,3,1,49,50,39,3,1,9,33,7,2,4,49,53,0,0,0,0,1,0,0,0,1,1,4,0,1,1,3,1,0,1,5,6,290,2,19,25,263,Austin
2019,11,29,68,3,5,16,67,5,0,8,88,96,18,2,0,8,32,3,0,2,43,45,43,1,4,8,30,2,0,5,40,45,1,0,0,0,0,0,0,0,0,0,6,0,1,0,5,0,0,1,5,6,280,2,17,26,264,Austin
2020,11,29,64,2,4,18,72,12,3,6,102,108,23,0,2,9,29,2,0,2,40,42,35,2,2,9,35,10,3,4,54,58,0,0,0,0,0,0,0,0,0,0,6,0,0,0,8,0,0,0,8,8,281,0,27,28,266,Austin
2021,11,29,54,3,4,28,80,19,1,7,127,134,17,1,4,12,41,12,0,5,65,70,26,2,0,15,30,6,1,2,51,53,0,0,0,0,4,1,0,0,5,5,11,0,0,1,5,0,0,0,6,6,263,5,25,22,260,Austin
2022,11,29,51,2,8,8,57,5,2,10,70,80,23,2,5,4,28,3,2,7,35,42,19,0,2,3,27,2,0,2,32,34,3,0,1,0,0,0,0,1,0,1,6,0,0,1,2,0,0,0,3,3,201,6,13,23,261,Austin
2023,11,29,56,3,5,8,35,19,2,8,62,70,18,2,2,3,21,10,0,4,34,38,36,0,2,4,12,8,1,2,24,26,0,0,0,0,0,0,0,0,0,0,2,1,1,1,2,1,1,2,4,6,208,0,11,24,262,Austin
2024,11,29,63,2,6,13,46,7,2,8,66,74,18,0,1,8,31,1,1,1,40,41,39,2,5,4,12,3,1,7,19,26,0,0,0,0,0,2,0,0,2,2,6,0,0,1,3,1,0,0,5,5,228,5,12,26,264,Austin
2012,12,29,102,1,3,17,92,3,3,4,112,116,32,0,1,5,31,2,1,1,38,39,60,1,2,10,56,0,2,3,66,69,0,0,0,0,0,0,0,0,0,0,10,0,0,2,5,1,0,0,8,8,332,0,25,55,293,Austin
2013,12,29,77,1,6,16,79,5,2,7,100,107,29,0,3,10,30,0,1,3,40,43,45,1,3,6,41,4,1,4,51,55,1,0,0,0,0,0,0,0,0,0,2,0,0,0,8,1,0,0,9,9,273,1,19,56,294,Austin
2014,12,29,73,2,4,8,77,3,2,6,88,94,27,1,2,4,46,2,1,3,52,55,38,1,1,4,25,1,1,2,30,32,0,0,0,0,1,0,0,0,1,1,8,0,1,0,5,0,0,1,5,6,250,1,21,57,295,Austin
2015,12,29,88,2,7,17,73,6,2,9,96,105,39,1,3,6,33,3,1,4,42,46,44,1,4,9,33,3,1,5,45,50,0,0,0,0,0,0,0,0,0,0,5,0,0,2,7,0,0,0,9,9,289,1,23,58,296,Austin
2016,12,29,70,2,2,19,71,10,0,4,100,104,25,0,1,15,35,1,0,1,51,52,40,1,1,2,29,6,0,2,37,39,0,0,0,0,0,0,0,0,0,0,5,1,0,2,7,3,0,1,12,13,280,3,22,53,291,Austin
2017,12,29,67,4,10,15,55,6,3,14,76,90,28,2,1,6,25,3,0,3,34,37,27,2,7,7,23,2,2,9,32,41,0,0,0,0,0,0,0,0,0,0,12,0,2,2,7,1,1,2,10,12,257,0,36,54,292,Austin
2018,12,29,71,0,3,7,61,1,3,3,69,72,30,0,2,4,33,0,0,2,37,39,37,0,1,3,20,1,3,1,24,25,1,0,0,0,0,0,0,0,0,0,3,0,0,0,8,0,0,0,8,8,217,1,17,55,293,Austin
2019,12,29,73,3,4,13,69,12,2,7,94,101,26,0,3,3,27,3,0,3,33,36,40,3,1,9,34,7,1,4,50,54,1,0,0,0,0,0,0,0,0,0,6,0,0,1,8,2,1,0,11,11,265,1,24,56,294,Austin
2020,12,29,49,2,4,16,70,15,3,6,101,107,16,1,3,9,43,8,1,4,60,64,29,1,1,7,20,2,1,2,29,31,0,0,0,0,0,2,0,0,2,2,4,0,0,0,7,3,1,0,10,10,252,4,22,58,296,Austin
2021,12,29,43,2,14,8,59,9,2,16,76,92,18,0,7,1,23,5,0,7,29,36,20,2,5,7,32,4,2,7,43,50,0,0,0,0,0,0,0,0,0,0,5,0,2,0,4,0,0,2,4,6,207,0,19,52,290,Austin
2022,12,29,47,6,3,9,60,21,3,9,90,99,21,2,0,2,31,11,1,2,44,46,23,4,3,7,26,8,2,7,41,48,0,0,0,0,0,0,0,0,0,0,3,0,0,0,3,2,0,0,5,5,225,0,14,53,291,Austin
2023,12,29,54,0,5,12,43,21,5,5,76,81,20,0,1,1,11,13,0,1,25,26,31,0,4,10,26,8,4,4,44,48,0,0,0,0,0,0,1,0,0,0,3,0,0,1,6,0,0,0,7,7,215,1,16,54,292,Austin
2024,12,29,68,0,3,6,45,10,5,3,61,64,21,0,0,2,24,6,0,0,32,32,40,0,3,3,15,4,5,3,22,25,2,0,0,0,0,0,0,0,0,0,5,0,0,1,6,0,0,0,7,7,213,2,20,56,294,Austin
2012,1,30,69,1,3,25,83,5,1,4,113,117,35,1,1,13,45,3,1,2,61,63,30,0,2,10,29,2,0,2,41,43,0,0,0,1,0,0,0,0,1,1,4,0,0,1,9,0,0,0,10,10,312,2,22,-279,-41,Austin
2013,1,30,76,2,4,17,95,4,4,6,116,122,34,0,2,9,50,0,1,2,59,61,34,2,1,5,39,4,2,3,48,51,1,0,0,1,0,0,0,0,1,1,7,0,1,2,6,0,1,1,8,9,300,2,21,-277,-39,Austin
2014,1,30,72,1,3,21,72,5,2,4,98,102,27,0,1,14,37,3,0,1,54,55,38,1,2,5,28,2,2,3,35,38,1,0,0,1,0,0,0,0,1,1,6,0,0,1,7,0,0,0,8,8,311,2,24,-276,-38,Austin
2015,1,30,75,4,2,17,80,6,1,6,103,109,28,1,0,13,45,3,0,1,61,62,40,2,2,2,32,2,1,4,36,40,0,0,0,0,0,1,0,0,1,1,7,1,0,2,3,0,0,1,5,6,312,3,19,-275,-37,Austin
2016,1,30,94,2,6,7,83,10,3,8,100,108,35,0,2,2,37,4,1,2,43,45,51,2,3,5,38,5,2,5,48,53,0,0,0,0,1,0,0,0,1,1,8,0,1,0,7,1,0,1,8,9,313,1,21,-281,-43,Austin
2017,1,30,68,2,4,12,60,7,2,6,79,85,33,2,1,10,30,3,2,3,43,46,32,0,2,2,26,4,0,2,32,34,0,0,0,0,0,0,0,0,0,0,3,0,1,0,4,0,0,1,4,5,264,0,19,-279,-41,Austin
2018,1,30,57,1,2,10,73,12,0,3,95,98,22,1,1,5,40,6,0,2,51,53,29,0,0,4,27,5,0,0,36,36,0,0,0,0,0,0,0,0,0,0,6,0,1,1,6,1,0,1,8,9,248,2,26,-278,-40,Austin
2019,1,30,64,1,3,15,61,6,2,4,82,86,33,1,2,4,26,3,2,3,33,36,27,0,1,8,28,3,0,1,39,40,0,0,0,3,1,0,0,0,4,4,4,0,0,0,6,0,0,0,6,6,230,5,13,-277,-39,Austin
2020,1,30,71,3,3,9,88,8,1,6,105,111,23,0,1,5,42,4,0,1,51,52,43,3,2,4,39,3,1,5,46,51,1,0,0,0,0,0,0,0,0,0,4,0,0,0,7,1,0,0,8,8,279,1,17,-276,-38,Austin
2021,1,30,64,0,7,12,72,8,3,7,92,99,24,0,1,4,38,4,2,1,46,47,30,0,6,8,32,2,1,6,42,48,2,0,0,0,0,0,0,0,0,0,8,0,0,0,2,2,0,0,4,4,252,3,16,-281,-43,Austin
2022,1,30,46,1,10,9,51,11,7,11,71,82,23,1,3,1,25,3,1,4,29,33,20,0,5,7,24,5,6,5,36,41,0,0,1,0,0,1,0,1,1,2,3,0,1,1,2,2,0,1,5,6,208,3,10,-280,-42,Austin
2023,1,30,52,4,4,12,62,20,4,8,94,102,21,1,3,8,35,10,1,4,53,57,25,2,1,4,22,9,3,3,35,38,2,0,0,0,2,0,0,0,2,2,4,1,0,0,3,1,0,1,4,5,238,7,17,-279,-41,Austin
2024,1,30,36,2,8,14,53,8,1,10,75,85,13,2,7,8,26,4,0,9,38,47,21,0,0,6,22,3,1,0,31,31,1,0,0,0,0,0,0,0,0,0,1,0,1,0,5,1,0,1,6,7,198,2,13,-278,-40,Austin
2012,3,30,90,3,5,25,97,5,4,8,127,135,44,2,2,19,57,2,3,4,78,82,34,1,3,5,23,3,0,4,31,35,1,0,0,0,1,0,0,0,1,1,11,0,0,1,16,0,1,0,17,17,368,4,35,-219,19,Austin
2013,3,30,95,1,4,18,108,8,0,5,134,139,42,0,0,8,55,2,0,0,65,65,42,1,3,6,39,5,0,4,50,54,0,0,0,0,0,0,0,0,0,0,11,0,1,4,14,1,0,1,19,20,378,0,40,-218,20,Austin
2014,3,30,87,5,7,14,73,0,1,12,87,99,43,0,2,7,47,0,1,2,54,56,39,5,5,6,21,0,0,10,27,37,0,0,0,0,0,0,0,0,0,0,5,0,0,1,5,0,0,0,6,6,285,1,18,-217,21,Austin
2015,3,30,83,3,4,14,73,9,4,7,96,103,38,1,0,10,49,4,2,1,63,64,32,2,4,3,14,4,2,6,21,27,1,0,0,0,2,0,0,0,2,2,12,0,0,1,8,1,0,0,10,10,309,4,30,-216,22,Austin
2016,3,30,81,5,2,21,73,3,3,7,97,104,46,1,2,11,47,0,1,3,58,61,29,2,0,8,17,3,2,2,28,30,1,0,0,1,0,0,0,0,1,1,5,2,0,1,9,0,0,2,10,12,292,3,23,-221,17,Austin
2017,3,30,83,4,5,14,60,6,2,9,80,89,51,3,2,11,37,4,0,5,52,57,25,1,3,3,16,1,2,4,20,24,1,0,0,0,0,0,0,0,0,0,6,0,0,0,7,1,0,0,8,8,313,2,27,-220,18,Austin
2018,3,30,83,1,4,3,65,4,5,5,72,77,40,0,1,2,43,2,4,1,47,48,34,1,3,1,16,0,1,4,17,21,0,0,0,0,2,1,0,0,3,3,9,0,0,0,4,1,0,0,5,5,262,3,19,-219,19,Austin
2019,3,30,76,3,5,9,73,4,3,8,86,94,35,1,3,7,46,3,0,4,56,60,37,1,2,2,21,0,3,3,23,26,0,0,0,0,0,0,0,0,0,0,4,1,0,0,6,1,0,1,7,8,255,1,19,-218,20,Austin
2020,3,30,64,2,6,12,75,9,3,8,96,104,43,1,2,7,42,4,1,3,53,56,16,1,3,4,25,4,2,4,33,37,0,0,0,1,1,0,0,0,2,2,5,0,1,0,7,1,0,1,8,9,250,2,24,-216,22,Austin
2021,3,30,63,4,7,16,53,9,1,11,78,89,34,1,3,8,34,7,1,4,49,53,24,3,1,7,17,2,0,4,26,30,0,0,0,0,0,0,0,0,0,0,5,0,3,1,2,0,0,3,3,6,254,0,17,-222,16,Austin
2022,3,30,45,4,10,15,56,9,2,14,80,94,24,1,4,11,38,4,1,5,53,58,16,2,5,2,13,5,1,7,20,27,1,0,0,0,0,0,0,0,0,0,4,1,1,2,5,0,0,2,7,9,224,2,18,-221,17,Austin
2023,3,30,50,6,1,8,53,18,2,7,79,86,21,2,0,2,25,10,1,2,37,39,24,4,1,4,22,6,1,5,32,37,1,0,0,0,1,0,0,0,1,1,4,0,0,2,5,2,0,0,9,9,238,3,17,-220,18,Austin
2024,3,30,44,2,5,9,72,27,2,7,108,115,20,0,1,7,35,15,0,1,57,58,21,2,4,2,32,10,2,6,44,50,0,0,0,0,1,1,0,0,2,2,3,0,0,0,4,1,0,0,5,5,248,3,13,-218,20,Austin
2012,4,30,101,1,1,26,86,7,1,2,119,121,55,0,1,21,55,5,1,1,81,82,41,1,0,5,24,2,0,1,31,32,0,0,0,0,0,0,0,0,0,0,5,0,0,0,7,0,0,0,7,7,358,1,23,-188,50,Austin
2013,4,30,109,2,5,23,98,5,2,7,126,133,64,2,3,16,63,2,2,5,81,86,30,0,1,5,28,3,0,1,36,37,0,0,0,0,0,0,0,0,0,0,15,0,1,2,7,0,0,1,9,10,395,2,38,-187,51,Austin
2014,4,30,73,0,4,19,71,2,1,4,92,96,42,0,3,12,42,1,1,3,55,58,26,0,1,5,20,1,0,1,26,27,0,0,0,0,0,0,0,0,0,0,5,0,0,2,9,0,0,0,11,11,297,1,24,-186,52,Austin
2015,4,30,69,2,2,17,71,5,0,4,93,97,36,0,1,12,45,2,0,1,59,60,30,1,1,5,19,2,0,2,26,28,0,0,0,0,0,0,0,0,0,0,3,1,0,0,7,1,0,1,8,9,284,0,20,-185,53,Austin
2016,4,30,95,3,10,12,65,2,1,13,79,92,49,1,0,9,35,0,0,1,44,45,36,2,9,3,22,2,1,11,27,38,1,0,0,0,0,0,0,0,0,0,9,0,1,0,8,0,0,1,8,9,311,3,27,-190,48,Austin
2017,4,30,90,2,7,8,66,7,1,9,81,90,34,0,5,3,42,4,0,5,49,54,44,1,2,5,19,3,1,3,27,30,0,0,0,0,0,0,0,0,0,0,12,1,0,0,5,0,0,1,5,6,292,0,27,-189,49,Austin
2018,4,30,68,4,5,14,77,6,3,9,97,106,41,0,2,9,57,2,2,2,68,70,22,4,3,4,16,3,0,7,23,30,0,0,0,0,0,0,1,0,0,0,5,0,0,1,4,1,0,0,6,6,272,2,17,-188,50,Austin
2019,4,30,65,3,4,13,77,10,2,7,100,107,37,0,2,9,54,8,2,2,71,73,19,3,2,3,17,2,0,5,22,27,1,0,0,0,0,0,0,0,0,0,8,0,0,1,6,0,0,0,7,7,258,1,18,-187,51,Austin
2020,4,30,54,3,7,10,59,14,1,10,83,93,32,1,5,6,42,8,0,6,56,62,17,1,0,4,15,4,1,1,23,24,0,0,0,0,1,0,0,0,1,1,5,1,2,0,1,2,0,3,3,6,267,1,19,-185,53,Austin
2021,4,30,58,4,10,18,64,13,1,14,95,109,40,4,4,11,41,6,0,8,58,66,16,0,6,6,22,7,0,6,35,41,0,0,0,0,0,0,0,0,0,0,2,0,0,1,1,0,1,0,2,2,253,1,6,-191,47,Austin
2022,4,30,44,0,10,8,68,17,3,10,93,103,24,0,2,4,44,10,0,2,58,60,16,0,7,3,18,6,2,7,27,34,0,0,0,0,1,0,0,0,1,1,4,0,1,1,5,1,1,1,7,8,244,2,23,-190,48,Austin
2023,4,30,52,1,5,12,46,14,3,6,72,78,26,1,3,1,27,6,1,4,34,38,22,0,2,11,19,6,2,2,36,38,0,0,0,0,0,0,0,0,0,0,4,0,0,0,0,2,0,0,2,2,193,0,9,-189,49,Austin
2024,4,30,52,0,6,9,65,22,4,6,96,102,28,0,2,4,40,15,0,2,59,61,22,0,3,5,21,6,2,3,32,35,0,0,0,0,0,0,0,0,0,0,2,0,1,0,4,1,2,1,5,6,272,0,18,-187,51,Austin
2012,5,30,98,3,6,28,115,8,0,9,151,160,55,2,3,20,84,4,0,5,108,113,35,1,1,7,21,4,0,2,32,34,0,0,0,0,0,0,0,0,0,0,8,0,2,1,10,0,0,2,11,13,375,0,29,-158,80,Austin
2013,5,30,105,1,8,16,91,1,2,9,108,117,59,1,4,15,58,1,1,5,74,79,36,0,1,0,16,0,1,1,16,17,0,0,0,0,0,0,0,0,0,0,10,0,3,1,17,0,0,3,18,21,335,0,47,-157,81,Austin
2014,5,30,94,1,4,13,75,11,0,5,99,104,60,0,0,10,52,8,0,0,70,70,28,1,3,3,11,3,0,4,17,21,0,0,0,0,0,0,0,0,0,0,6,0,1,0,12,0,0,1,12,13,319,1,33,-156,82,Austin
2015,5,30,82,6,11,7,91,6,2,17,104,121,41,2,5,3,49,2,1,7,54,61,31,4,5,4,33,3,0,9,40,49,0,0,1,0,0,0,0,1,0,1,10,0,0,0,9,1,1,0,10,10,314,1,29,-155,83,Austin
2016,5,30,89,3,8,19,62,4,1,11,85,96,46,1,5,14,40,2,0,6,56,62,34,1,1,4,16,0,1,2,20,22,0,0,0,0,0,1,0,0,1,1,9,1,2,1,6,1,0,3,8,11,300,1,28,-160,78,Austin
2017,5,30,91,0,9,14,84,6,2,9,104,113,53,0,3,12,63,5,1,3,80,83,29,0,6,0,11,1,1,6,12,18,0,0,0,0,1,0,0,0,1,1,9,0,0,2,9,0,0,0,11,11,333,1,35,-159,79,Austin
2018,5,30,69,1,4,5,62,4,1,5,71,76,38,1,4,4,51,2,0,5,57,62,23,0,0,1,4,0,0,0,5,5,0,0,0,0,1,0,0,0,1,1,8,0,0,0,6,2,1,0,8,8,257,2,27,-158,80,Austin
2019,5,30,75,5,5,12,91,11,4,10,114,124,45,3,2,9,57,7,1,5,73,78,23,1,3,3,22,2,3,4,27,31,0,0,0,0,1,0,0,0,1,1,7,1,0,0,11,2,0,1,13,14,284,2,26,-157,81,Austin
2020,5,30,52,9,26,13,80,11,2,35,104,139,28,2,16,6,48,8,0,18,62,80,20,6,2,7,27,2,2,8,36,44,0,0,0,0,0,0,0,0,0,0,4,1,8,0,5,1,0,9,6,15,286,1,23,-155,83,Austin
2021,5,30,55,7,6,11,61,10,3,13,82,95,31,2,4,7,33,9,2,6,49,55,18,5,2,2,23,1,1,7,26,33,0,0,0,0,1,0,0,0,1,1,6,0,0,2,4,0,0,0,6,6,246,1,15,-161,77,Austin
2022,5,30,52,0,8,10,67,17,4,8,94,102,30,0,5,4,47,12,3,5,63,68,16,0,3,5,15,4,1,3,24,27,0,0,0,0,0,0,0,0,0,0,6,0,0,1,5,1,0,0,7,7,237,1,17,-160,78,Austin
2023,5,30,77,5,6,9,52,28,3,11,89,100,44,1,3,4,30,18,2,4,52,56,27,4,3,5,14,9,0,7,28,35,0,0,0,0,0,1,0,0,1,1,6,0,0,0,8,0,1,0,8,8,256,1,25,-159,79,Austin
2024,5,30,58,0,6,7,53,7,3,6,67,73,39,0,1,4,38,6,2,1,48,49,14,0,5,3,11,1,1,5,15,20,0,0,0,0,0,0,0,0,0,0,5,0,0,0,4,0,0,0,4,4,219,0,12,-157,81,Austin
2012,6,30,104,7,6,20,95,5,2,13,120,133,45,0,3,10,58,1,1,3,69,72,45,6,3,7,35,4,1,9,46,55,3,0,0,0,0,0,0,0,0,0,11,1,0,3,2,0,0,1,5,6,390,3,31,-127,111,Austin
2013,6,30,89,1,9,16,85,9,0,10,110,120,39,1,5,11,44,6,0,6,61,67,38,0,3,2,25,1,0,3,28,31,0,0,0,1,0,0,0,0,1,1,12,0,1,2,16,2,0,1,20,21,338,1,46,-126,112,Austin
2014,6,30,85,1,3,20,70,8,2,4,98,102,54,0,1,14,46,4,2,1,64,65,21,1,0,5,22,1,0,1,28,29,0,0,0,0,0,0,0,0,0,0,10,0,2,1,2,3,0,2,6,8,294,0,23,-125,113,Austin
2015,6,30,66,6,6,11,89,4,2,12,104,116,32,2,3,6,58,3,0,5,67,72,26,4,2,4,25,0,1,6,29,35,0,0,0,0,0,0,0,0,0,0,8,0,1,1,6,1,1,1,8,9,304,0,27,-124,114,Austin
2016,6,30,74,0,3,13,82,9,0,3,104,107,38,0,1,7,55,5,0,1,67,68,21,0,2,6,18,4,0,2,28,30,2,0,0,0,2,0,0,0,2,2,13,0,0,0,7,0,0,0,7,7,316,5,31,-129,109,Austin
2017,6,30,84,1,7,7,81,4,1,8,92,100,47,1,3,6,57,1,1,4,64,68,28,0,3,0,15,2,0,3,17,20,0,0,0,1,0,0,0,0,1,1,9,0,1,0,9,1,0,1,10,11,305,1,31,-128,110,Austin
2018,6,30,98,4,12,15,74,9,0,16,98,114,53,2,6,8,50,6,0,8,64,72,35,2,4,7,13,3,0,6,23,29,0,0,0,0,0,0,0,0,0,0,10,0,2,0,11,0,0,2,11,13,314,1,33,-127,111,Austin
2019,6,30,83,1,3,12,76,12,1,4,100,104,44,0,1,4,43,9,0,1,56,57,29,1,2,8,24,2,1,3,34,37,0,0,0,0,0,0,0,0,0,0,10,0,0,0,9,1,0,0,10,10,296,0,32,-126,112,Austin
2020,6,30,64,2,8,9,69,16,3,10,94,104,41,1,4,6,47,12,1,5,65,70,18,0,4,1,15,3,2,4,19,23,0,0,0,0,0,0,0,0,0,0,5,1,0,2,7,1,0,1,10,11,252,0,26,-124,114,Austin
2021,6,30,55,2,8,20,75,11,2,10,106,116,34,1,4,13,51,5,2,5,69,74,15,1,1,6,18,5,0,2,29,31,0,0,0,0,0,0,0,0,0,0,6,0,3,1,6,1,0,3,8,11,260,2,26,-130,108,Austin
2022,6,30,49,0,8,10,74,13,5,8,97,105,29,0,2,5,40,8,3,2,53,55,13,0,5,4,30,5,2,5,39,44,1,0,0,0,1,0,0,0,1,1,6,0,1,1,3,0,0,1,4,5,245,4,15,-129,109,Austin
2023,6,30,45,2,8,10,59,21,2,10,90,100,22,1,7,2,35,11,1,8,48,56,18,0,1,8,20,8,1,1,36,37,1,0,0,0,1,0,0,0,1,1,4,1,0,0,3,2,0,1,5,6,252,3,16,-128,110,Austin
2024,6,30,59,1,11,8,28,12,4,12,48,60,33,0,5,2,15,8,3,5,25,30,19,1,6,5,11,3,1,7,19,26,3,0,0,1,0,0,0,0,1,1,4,0,0,0,2,1,0,0,3,3,197,5,10,-126,112,Austin
2012,7,30,110,1,7,20,91,4,0,8,115,123,60,0,3,17,73,4,0,3,94,97,41,1,2,1,14,0,0,3,15,18,0,0,0,1,0,0,0,0,1,1,9,0,2,1,4,0,0,2,5,7,373,1,28,-97,141,Austin
2013,7,30,90,3,5,22,89,5,2,8,116,124,46,2,5,11,68,4,1,7,83,90,34,1,0,11,18,1,1,1,30,31,0,0,0,0,0,0,0,0,0,0,10,0,0,0,3,0,0,0,3,3,340,0,20,-96,142,Austin
2014,7,30,68,1,8,18,101,10,2,9,129,138,35,1,4,14,66,6,1,5,86,91,25,0,3,4,27,4,1,3,35,38,1,0,1,0,0,0,0,1,0,1,7,0,0,0,8,0,0,0,8,8,326,3,23,-95,143,Austin
2015,7,30,80,1,8,10,76,4,3,9,90,99,44,1,3,8,51,4,0,4,63,67,27,0,5,2,15,0,2,5,17,22,0,0,0,0,1,0,0,0,1,1,9,0,0,0,9,0,1,0,9,9,286,1,32,-94,144,Austin
2016,7,30,90,0,5,9,73,5,3,5,87,92,45,0,2,4,42,3,1,2,49,51,34,0,3,4,25,2,2,3,31,34,0,0,0,0,1,0,0,0,1,1,11,0,0,1,5,0,0,0,6,6,311,2,25,-99,139,Austin
2017,7,30,88,8,6,8,63,3,1,14,74,88,43,0,1,4,38,2,1,1,44,45,34,8,4,4,20,0,0,12,24,36,0,0,0,0,0,0,0,0,0,0,11,0,1,0,5,1,0,1,6,7,286,0,28,-98,140,Austin
2018,7,30,58,0,6,9,84,8,3,6,101,107,26,0,2,5,56,4,0,2,65,67,24,0,3,4,24,3,2,3,31,34,1,0,0,0,0,0,0,0,0,0,7,0,1,0,4,1,1,1,5,6,259,2,26,-97,141,Austin
2019,7,30,78,1,7,11,83,5,3,8,99,107,46,1,4,6,53,1,2,5,60,65,26,0,1,4,29,2,1,1,35,36,1,0,1,1,0,0,0,1,1,2,5,0,1,0,1,2,0,1,3,4,287,5,18,-96,142,Austin
2020,7,30,64,2,3,7,74,11,2,5,92,97,35,1,1,2,48,8,2,2,58,60,22,1,1,5,20,3,0,2,28,30,0,0,0,0,0,0,0,0,0,0,7,0,1,0,6,0,0,1,6,7,254,0,19,-94,144,Austin
2021,7,30,47,3,5,12,63,17,0,8,92,100,24,0,2,10,40,11,0,2,61,63,15,2,2,1,19,3,0,4,23,27,0,0,0,0,0,0,0,0,0,0,8,1,1,1,4,3,0,2,8,10,229,1,21,-100,138,Austin
2022,7,30,56,5,5,16,66,17,3,10,99,109,25,1,4,7,42,10,2,5,59,64,23,2,1,7,22,5,1,3,34,37,0,0,0,0,1,1,0,0,2,2,8,2,0,2,1,1,0,2,4,6,256,3,20,-99,139,Austin
2023,7,30,60,2,9,15,47,31,3,11,93,104,27,1,2,3,23,16,1,3,42,45,26,1,6,11,24,12,2,7,47,54,1,0,0,1,0,0,0,0,1,1,6,0,1,0,0,3,0,1,3,4,254,2,14,-98,140,Austin
2024,7,30,55,2,4,10,68,15,1,6,93,99,33,1,3,7,44,9,1,4,60,64,14,1,1,3,18,6,0,2,27,29,0,0,0,0,3,0,0,0,3,3,8,0,0,0,3,0,0,0,3,3,235,4,17,-96,142,Austin
2012,8,30,80,3,3,27,89,5,0,6,121,127,53,2,2,16,42,1,0,4,59,63,23,1,0,9,33,4,0,1,46,47,0,0,0,2,0,0,0,0,2,2,4,0,1,0,14,0,0,1,14,15,334,2,26,-66,172,Austin
2013,8,30,98,1,3,27,111,2,6,4,140,144,52,0,0,17,66,2,3,0,85,85,36,1,2,9,38,0,3,3,47,50,1,0,0,0,0,0,0,0,0,0,9,0,1,1,7,0,0,1,8,9,389,5,24,-65,173,Austin
2014,8,30,72,2,3,9,90,7,0,5,106,111,33,1,3,4,55,5,0,4,64,68,33,1,0,5,27,2,0,1,34,35,0,0,0,0,0,0,0,0,0,0,6,0,0,0,8,0,0,0,8,8,315,0,26,-64,174,Austin
2015,8,30,80,4,9,9,81,2,2,13,92,105,27,1,5,7,51,2,0,6,60,66,47,3,3,1,27,0,2,6,28,34,1,0,0,0,0,0,0,0,0,0,5,0,1,1,3,0,0,1,4,5,319,2,19,-63,175,Austin
2016,8,30,53,3,2,14,89,3,2,5,106,111,31,1,2,10,52,1,1,3,63,66,22,2,0,1,31,2,1,2,34,36,0,0,0,0,0,0,0,0,0,0,0,0,0,3,6,0,0,0,9,9,263,2,19,-68,170,Austin
2017,8,30,85,2,1,12,79,2,4,3,93,96,46,1,0,6,50,0,2,1,56,57,29,1,0,5,19,2,2,1,26,27,0,0,0,0,0,0,0,0,0,0,10,0,1,1,10,0,0,1,11,12,305,1,31,-67,171,Austin
2018,8,30,60,3,5,14,83,6,1,8,103,111,30,1,3,5,56,5,0,4,66,70,20,2,1,9,18,1,1,3,28,31,1,0,0,0,1,0,0,0,1,1,9,0,1,0,8,0,0,1,8,9,282,4,28,-66,172,Austin
2019,8,30,83,5,4,16,88,10,0,9,114,123,42,4,0,10,52,6,0,4,68,72,34,1,1,5,28,3,0,2,36,38,2,0,0,0,0,0,0,0,0,0,5,0,3,1,8,1,0,3,10,13,339,2,26,-65,173,Austin
2020,8,30,75,6,9,7,72,14,6,15,93,108,34,1,2,2,44,5,1,3,51,54,34,3,7,3,19,8,4,10,30,40,1,0,0,1,1,0,0,0,2,2,6,2,0,1,8,1,1,2,10,12,264,3,26,-63,175,Austin
2021,8,30,52,4,4,11,62,18,4,8,91,99,30,2,1,4,33,12,2,3,49,52,18,2,3,5,23,6,2,5,34,39,1,0,0,1,1,0,0,0,2,2,3,0,0,1,5,0,0,0,6,6,260,4,18,-69,169,Austin
2022,8,30,45,6,3,11,61,12,2,9,84,93,22,0,0,8,30,6,1,0,44,44,22,5,3,2,27,3,1,8,32,40,1,0,0,0,0,0,0,0,0,0,0,1,0,1,4,3,0,1,8,9,216,2,17,-68,170,Austin
2023,8,30,35,4,8,8,55,22,1,12,85,97,23,3,6,5,35,16,0,9,56,65,7,1,2,2,16,4,1,3,22,25,0,0,0,0,0,0,0,0,0,0,5,0,0,1,4,2,0,0,7,7,214,1,15,-67,171,Austin
2024,8,30,55,1,4,23,65,19,0,5,107,112,25,1,3,12,34,12,0,4,58,62,24,0,1,11,22,5,0,1,38,39,2,0,0,0,2,0,0,0,2,2,4,0,0,0,7,2,0,0,9,9,268,5,14,-65,173,Austin
2012,9,30,86,1,8,14,104,8,1,9,126,135,34,1,1,6,59,4,0,2,69,71,45,0,5,5,37,3,1,5,45,50,0,0,0,0,0,0,0,0,0,0,7,0,2,3,8,1,0,2,12,14,323,0,29,-35,203,Austin
2013,9,30,98,0,6,18,82,5,3,6,105,111,50,0,2,11,46,3,2,2,60,62,45,0,3,7,27,2,1,3,36,39,0,0,0,0,1,0,0,0,1,1,3,0,1,0,8,0,0,1,8,9,331,3,22,-34,204,Austin
2014,9,30,82,1,4,19,85,10,2,5,114,119,48,1,3,13,45,4,1,4,62,66,30,0,1,6,35,5,1,1,46,47,0,0,0,0,0,0,0,0,0,0,4,0,0,0,5,1,0,0,6,6,326,3,16,-33,205,Austin
2015,9,30,67,0,2,17,81,8,4,2,106,108,26,0,1,11,47,3,2,1,61,62,32,0,1,5,31,4,2,1,40,41,0,0,0,1,0,0,0,0,1,1,9,0,0,0,3,1,0,0,4,4,295,1,19,-32,206,Austin
2016,9,30,77,3,5,22,97,4,3,8,123,131,43,2,2,17,54,2,1,4,73,77,28,1,3,4,33,1,2,4,38,42,0,0,0,0,0,0,0,0,0,0,6,0,0,1,10,1,0,0,12,12,333,0,31,-37,201,Austin
2017,9,30,69,2,3,13,62,5,0,5,80,85,35,1,0,4,36,3,0,1,43,44,32,1,3,8,23,2,0,4,33,37,0,0,0,0,1,0,0,0,1,1,2,0,0,1,2,0,0,0,3,3,253,1,11,-36,202,Austin
2018,9,30,65,5,6,11,88,6,2,11,105,116,28,3,1,7,48,1,0,4,56,60,32,1,5,2,30,4,2,6,36,42,0,0,0,0,0,0,0,0,0,0,5,1,0,2,10,1,0,1,13,14,270,1,23,-35,203,Austin
2019,9,30,64,1,10,9,93,7,3,11,109,120,33,0,4,7,55,2,1,4,64,68,24,1,6,1,32,4,2,7,37,44,0,0,0,1,0,0,0,0,1,1,7,0,0,0,6,1,0,0,7,7,266,2,18,-34,204,Austin
2020,9,30,50,5,5,14,62,12,0,10,88,98,27,0,2,6,31,5,0,2,42,44,18,5,3,6,26,6,0,8,38,46,0,0,0,1,0,0,0,0,1,1,5,0,0,1,5,1,0,0,7,7,268,2,24,-32,206,Austin
2021,9,30,51,2,8,17,67,12,2,10,96,106,23,1,3,5,35,4,2,4,44,48,26,1,4,10,28,5,0,5,43,48,0,0,0,1,1,0,0,0,2,2,2,0,1,1,3,3,0,1,7,8,242,3,16,-38,200,Austin
2022,9,30,43,6,6,14,89,13,2,12,116,128,18,2,3,7,50,8,0,5,65,70,23,3,2,7,34,4,2,5,45,50,0,0,0,0,2,0,0,0,2,2,2,1,1,0,3,1,0,2,4,6,269,2,13,-37,201,Austin
2023,9,30,55,3,5,11,48,17,3,8,76,84,19,1,0,5,24,7,1,1,36,37,32,2,4,5,22,8,1,6,35,41,0,0,0,0,0,0,0,0,0,0,4,0,1,1,2,2,1,1,5,6,222,0,17,-36,202,Austin
2024,9,30,39,0,5,18,42,13,3,5,73,78,19,0,1,13,29,8,2,1,50,51,17,0,3,5,12,4,1,3,21,24,2,0,0,0,0,0,0,0,0,0,1,0,1,0,1,1,0,1,2,3,224,3,10,-34,204,Austin
2012,10,30,82,1,11,35,95,1,0,12,131,143,42,1,2,20,47,1,0,3,68,71,33,0,8,14,38,0,0,8,52,60,0,0,0,1,2,0,0,0,3,3,7,0,1,0,8,0,0,1,8,9,352,3,25,-5,233,Austin
2013,10,30,74,0,5,29,89,5,1,5,123,128,36,0,4,16,49,3,0,4,68,72,28,0,1,12,24,2,0,1,38,39,0,0,0,0,1,0,1,0,1,1,10,0,0,1,15,0,0,0,16,16,330,3,34,-4,234,Austin
2014,10,30,84,0,4,15,67,12,0,4,94,98,43,0,1,9,45,5,0,1,59,60,29,0,3,5,19,6,0,3,30,33,1,0,0,0,0,0,0,0,0,0,11,0,0,1,3,1,0,0,5,5,303,2,23,-3,235,Austin
2015,10,30,64,5,2,15,75,6,1,7,96,103,23,3,0,11,40,5,1,3,56,59,34,2,2,4,28,1,0,4,33,37,0,0,0,0,2,0,0,0,2,2,7,0,0,0,5,0,0,0,5,5,253,3,20,-2,236,Austin
2016,10,30,73,0,11,9,61,6,2,11,76,87,36,0,4,3,32,2,2,4,37,41,33,0,4,6,25,3,0,4,34,38,2,0,1,0,0,0,0,1,0,1,2,0,2,0,4,1,0,2,5,7,250,3,18,-7,231,Austin
2017,10,30,70,1,3,12,72,3,1,4,87,91,33,0,1,6,41,0,0,1,47,48,34,1,2,5,22,3,1,3,30,33,0,0,0,0,0,0,0,0,0,0,3,0,0,1,9,0,0,0,10,10,266,1,18,-6,232,Austin
2018,10,30,82,0,0,15,98,6,0,0,119,119,32,0,0,13,46,2,0,0,61,61,41,0,0,2,37,3,0,0,42,42,1,0,0,0,0,0,0,0,0,0,8,0,0,0,15,1,0,0,16,16,292,4,33,-5,233,Austin
2019,10,30,64,3,4,14,73,6,2,7,93,100,33,2,0,4,43,3,1,2,50,52,23,1,4,9,25,3,1,5,37,42,1,0,0,1,0,0,0,0,1,1,7,0,0,0,5,0,0,0,5,5,254,2,16,-4,234,Austin
2020,10,30,63,7,5,15,84,16,4,12,115,127,30,5,2,7,45,6,1,7,58,65,29,2,3,8,32,8,2,5,48,53,0,0,0,0,2,0,0,0,2,2,4,0,0,0,5,2,1,0,7,7,291,2,22,-2,236,Austin
2021,10,30,54,3,14,12,46,12,4,17,70,87,19,3,7,4,20,6,1,10,30,40,30,0,7,7,21,6,3,7,34,41,1,0,0,0,0,0,0,0,0,0,4,0,0,1,5,0,0,0,6,6,230,2,16,-8,230,Austin
2022,10,30,62,2,8,23,70,11,2,10,104,114,21,0,1,8,30,7,2,1,45,46,33,1,6,13,33,4,0,7,50,57,0,0,0,0,0,0,0,0,0,0,8,1,1,2,7,0,0,2,9,11,262,0,24,-7,231,Austin
2023,10,30,53,1,3,8,54,21,3,4,83,87,26,1,1,2,33,13,1,2,48,50,22,0,1,6,19,8,2,1,33,34,1,0,0,0,1,0,0,0,1,1,4,0,1,0,1,0,0,1,1,2,213,2,11,-6,232,Austin
2024,10,30,48,1,4,13,55,15,2,5,83,88,19,0,1,6,34,6,1,1,46,47,24,1,2,7,19,9,1,3,35,38,0,0,0,0,0,0,0,0,0,0,5,0,1,0,2,0,0,1,2,3,217,0,9,-4,234,Austin
2012,11,30,89,0,7,30,121,14,1,7,165,172,25,0,0,18,50,9,0,0,77,77,56,0,7,10,59,5,1,7,74,81,0,0,0,1,1,0,0,0,2,2,8,0,0,1,11,0,0,0,12,12,394,4,25,26,264,Austin
2013,11,30,93,3,2,15,83,4,1,5,102,107,25,0,1,9,37,0,0,1,46,47,54,3,1,6,38,4,1,4,48,52,1,0,0,0,0,0,0,0,0,0,13,0,0,0,8,0,0,0,8,8,321,1,30,27,265,Austin
2014,11,30,97,5,5,16,69,7,1,10,92,102,31,2,2,5,28,3,1,4,36,40,58,3,3,6,34,3,0,6,43,49,0,0,0,0,0,0,0,0,0,0,8,0,0,5,7,1,0,0,13,13,288,0,24,28,266,Austin
2015,11,30,83,2,2,20,63,1,3,4,84,88,29,1,0,17,41,0,1,1,58,59,48,1,1,2,18,0,2,2,20,22,0,0,0,0,1,0,0,0,1,1,6,0,1,1,3,1,0,1,5,6,268,1,17,29,267,Austin
2016,11,30,81,1,5,18,79,2,0,6,99,105,29,0,2,11,45,1,0,2,57,59,42,1,3,7,26,1,0,4,34,38,0,0,0,0,0,0,0,0,0,0,10,0,0,0,8,0,0,0,8,8,293,0,30,24,262,Austin
2017,11,30,79,3,5,10,65,5,3,8,80,88,29,1,1,9,31,2,0,2,42,44,46,2,3,1,28,2,1,5,31,36,0,0,0,0,0,0,0,0,0,0,4,0,1,0,6,1,2,1,7,8,264,0,23,25,263,Austin
2018,11,30,69,8,4,11,94,11,2,12,116,128,21,2,0,5,59,8,1,2,72,74,40,6,4,6,28,3,1,10,37,47,1,0,0,0,1,0,0,0,1,1,7,0,0,0,6,0,0,0,6,6,334,2,30,26,264,Austin
2019,11,30,72,6,4,16,75,5,1,10,96,106,19,3,0,4,42,2,0,3,48,51,48,3,3,10,27,2,1,6,39,45,0,0,0,0,0,1,0,0,1,1,5,0,1,2,6,0,0,1,8,9,259,2,20,27,265,Austin
2020,11,30,54,2,7,26,76,12,3,9,114,123,27,0,6,10,33,6,2,6,49,55,24,2,1,15,39,6,0,3,60,63,2,0,0,0,1,0,0,0,1,1,1,0,0,1,3,0,1,0,4,4,288,4,11,29,267,Austin
2021,11,30,45,2,5,16,61,12,4,7,89,96,18,0,3,10,26,4,2,3,40,43,23,2,0,5,29,7,1,2,41,43,2,0,0,0,0,0,0,0,0,0,2,0,2,1,6,1,1,2,8,10,229,2,20,23,261,Austin
2022,11,30,36,4,8,17,60,17,2,12,94,106,14,3,4,4,26,9,0,7,39,46,17,1,4,11,29,7,2,5,47,52,0,0,0,1,1,1,0,0,3,3,5,0,0,1,4,0,0,0,5,5,230,5,15,24,262,Austin
2023,11,30,41,3,4,11,40,18,2,7,69,76,19,1,0,3,15,11,2,1,29,30,17,2,3,8,22,5,0,5,35,40,0,0,0,0,1,0,0,0,1,1,5,0,1,0,2,2,0,1,4,5,211,1,16,25,263,Austin
2024,11,30,56,4,4,9,46,8,3,8,63,71,20,1,3,6,24,2,0,4,32,36,35,3,1,3,20,6,3,4,29,33,0,0,0,0,0,0,0,0,0,0,1,0,0,0,2,0,0,0,2,2,211,1,11,27,265,Austin
2012,12,30,74,1,1,12,69,2,0,2,83,85,22,0,0,3,31,0,0,0,34,34,44,1,1,6,34,2,0,2,42,44,1,0,0,0,1,0,0,0,1,1,7,0,0,3,3,0,0,0,6,6,287,2,20,56,294,Austin
2013,12,30,99,5,5,20,81,7,0,10,108,118,43,3,4,9,38,3,0,7,50,57,46,2,1,6,34,2,0,3,42,45,3,0,0,1,0,0,0,0,1,1,7,0,0,4,9,2,0,0,15,15,342,6,35,57,295,Austin
2014,12,30,73,2,2,19,67,11,2,4,97,101,34,0,1,9,35,2,2,1,46,47,34,2,1,8,23,7,0,3,38,41,0,0,0,0,0,0,0,0,0,0,5,0,0,2,9,2,0,0,13,13,277,0,30,58,296,Austin
2015,12,30,67,4,3,15,77,5,3,7,97,104,23,0,1,10,44,4,2,1,58,59,41,3,2,3,26,0,1,5,29,34,0,0,0,0,0,0,0,0,0,0,3,1,0,2,7,1,0,1,10,11,267,0,21,59,297,Austin
2016,12,30,79,4,4,13,65,9,3,8,87,95,32,1,1,7,31,4,1,2,42,44,45,3,3,5,26,5,2,6,36,42,0,0,0,0,1,0,0,0,1,1,2,0,0,1,7,0,0,0,8,8,303,1,23,54,292,Austin
2017,12,30,70,6,10,16,67,6,0,16,89,105,24,0,1,9,38,2,0,1,49,50,40,5,8,6,20,3,0,13,29,42,0,0,0,0,1,0,0,0,1,1,6,1,1,1,8,1,0,2,10,12,260,3,20,55,293,Austin
2018,12,30,53,6,2,8,59,6,0,8,73,81,21,1,0,2,26,1,0,1,29,30,29,4,2,6,27,5,0,6,38,44,0,0,0,0,0,0,0,0,0,0,3,1,0,0,6,0,0,1,6,7,204,0,17,56,294,Austin
2019,12,30,62,3,4,13,96,8,0,7,117,124,27,0,3,4,53,3,0,3,60,63,27,3,1,6,33,4,0,4,43,47,1,0,0,2,0,0,0,0,2,2,7,0,0,1,10,1,0,0,12,12,283,3,26,57,295,Austin
2020,12,30,43,5,7,11,61,10,3,12,82,94,14,2,2,5,38,4,1,4,47,51,26,3,5,4,18,2,1,8,24,32,0,0,0,0,0,0,1,0,0,0,3,0,0,2,5,4,0,0,11,11,235,1,19,59,297,Austin
2021,12,30,62,2,6,19,55,20,1,8,94,102,25,2,2,10,33,8,0,4,51,55,35,0,4,7,19,11,1,4,37,41,0,0,0,0,0,0,0,0,0,0,2,0,0,2,3,1,0,0,6,6,248,1,14,53,291,Austin
2022,12,30,51,3,8,10,88,21,4,11,119,130,24,1,5,4,42,11,1,6,57,63,24,2,2,4,37,8,3,4,49,53,1,0,0,0,2,0,0,0,2,2,2,0,1,2,7,2,0,1,11,12,275,5,20,54,292,Austin
2023,12,30,59,0,4,17,60,20,4,4,97,101,17,0,2,5,18,8,0,2,31,33,39,0,1,11,39,9,4,1,59,60,1,0,0,0,0,1,0,0,1,1,2,0,1,1,3,2,0,1,6,7,238,3,16,55,293,Austin
2024,12,30,57,2,6,10,54,9,1,8,73,81,17,2,1,4,29,5,0,3,38,41,34,0,4,4,18,3,1,4,25,29,0,0,0,2,0,0,0,0,2,2,6,0,1,0,7,1,0,1,8,9,215,2,21,57,295,Austin
2012,1,31,89,1,5,26,91,3,1,6,120,126,36,1,2,16,53,2,0,3,71,74,48,0,3,7,27,1,1,3,35,38,1,0,0,0,2,0,0,0,2,2,4,0,0,3,9,0,0,0,12,12,331,3,30,-278,-40,Austin
2013,1,31,69,0,1,15,83,5,2,1,103,104,30,0,0,9,40,1,1,0,50,50,29,0,1,3,36,3,0,1,42,43,0,0,0,0,0,0,1,0,0,0,10,0,0,3,7,1,0,0,11,11,297,1,28,-276,-38,Austin
2014,1,31,67,6,4,22,89,5,1,10,116,126,27,3,2,9,50,2,0,5,61,66,33,3,2,11,35,3,1,5,49,54,0,0,0,0,0,0,0,0,0,0,7,0,0,2,4,0,0,0,6,6,318,0,15,-275,-37,Austin
2015,1,31,76,1,5,18,77,3,0,6,98,104,25,0,3,10,38,3,0,3,51,54,45,1,2,6,36,0,0,3,42,45,2,0,0,0,0,0,0,0,0,0,4,0,0,2,3,0,0,0,5,5,297,2,16,-274,-36,Austin
2016,1,31,101,0,6,10,89,5,2,6,104,110,25,0,2,6,45,4,0,2,55,57,70,0,4,4,38,1,2,4,43,47,0,0,0,0,0,0,0,0,0,0,6,0,0,0,6,0,0,0,6,6,323,0,19,-280,-42,Austin
2017,1,31,69,0,8,16,71,3,3,8,90,98,40,0,1,9,33,0,0,1,42,43,24,0,7,3,30,3,3,7,36,43,2,0,0,0,1,0,0,0,1,1,3,0,0,4,7,0,0,0,11,11,297,3,22,-278,-40,Austin
2018,1,31,60,3,5,8,64,4,3,8,76,84,25,0,3,5,31,3,2,3,39,42,25,3,2,3,26,1,1,5,30,35,0,0,0,0,2,0,0,0,2,2,10,0,0,0,5,0,0,0,5,5,243,2,20,-277,-39,Austin
2019,1,31,50,1,5,7,59,5,1,6,71,77,20,0,3,4,34,3,0,3,41,44,23,0,1,3,20,2,0,1,25,26,0,0,0,0,0,0,0,0,0,0,7,1,1,0,5,0,1,2,5,7,228,0,26,-276,-38,Austin
2020,1,31,72,2,3,14,117,11,3,5,142,147,32,1,0,6,62,4,1,1,72,73,31,1,3,7,44,6,2,4,57,61,2,0,0,0,0,0,0,0,0,0,7,0,0,1,11,1,0,0,13,13,357,3,33,-275,-37,Austin
2021,1,31,56,1,8,8,60,12,1,9,80,89,30,0,3,4,23,7,0,3,34,37,23,1,4,3,32,4,0,5,39,44,0,0,0,0,0,1,1,0,1,1,3,0,1,1,5,0,0,1,6,7,232,2,19,-280,-42,Austin
2022,1,31,34,6,8,17,54,21,3,14,92,106,14,1,5,4,33,9,1,6,46,52,16,4,2,13,18,9,2,6,40,46,0,0,0,0,1,0,0,0,1,1,4,1,1,0,2,3,0,2,5,7,230,2,16,-279,-41,Austin
2023,1,31,33,3,9,12,35,20,2,12,67,79,17,0,2,1,20,8,1,2,29,31,16,3,6,11,12,10,1,9,33,42,0,0,0,0,1,1,0,0,2,2,0,0,1,0,2,1,0,1,3,4,178,2,11,-278,-40,Austin
2024,1,31,52,1,3,9,63,15,3,4,87,91,17,1,1,2,26,6,2,2,34,36,26,0,1,6,32,8,1,1,46,47,1,0,0,0,1,0,0,0,1,1,8,0,1,1,4,1,0,1,6,7,232,2,19,-277,-39,Austin
2012,3,31,115,4,8,17,95,8,4,12,120,132,52,2,3,8,49,6,2,5,63,68,54,2,4,7,36,2,2,6,45,51,1,0,0,2,0,0,0,0,2,2,8,0,1,0,10,0,0,1,10,11,410,3,30,-218,20,Austin
2013,3,31,132,5,8,20,62,6,0,13,88,101,58,2,1,9,32,3,0,3,44,47,63,3,6,9,23,3,0,9,35,44,0,0,0,0,0,0,0,0,0,0,11,0,1,2,7,0,0,1,9,10,339,2,30,-217,21,Austin
2014,3,31,103,2,6,19,97,5,1,8,121,129,49,0,2,14,66,3,1,2,83,85,38,1,4,5,26,1,0,5,32,37,3,0,0,0,1,0,0,0,1,1,13,1,0,0,4,1,0,1,5,6,361,4,27,-216,22,Austin
2015,3,31,71,2,1,7,65,7,1,3,79,82,28,0,1,4,42,5,0,1,51,52,31,1,0,2,17,2,1,1,21,22,1,0,0,0,0,0,0,0,0,0,11,1,0,1,6,0,0,1,7,8,290,2,27,-215,23,Austin
2016,3,31,63,1,3,15,73,4,1,4,92,96,32,1,2,6,48,1,1,3,55,58,26,0,1,9,18,3,0,1,30,31,0,0,0,0,0,0,0,0,0,0,5,0,0,0,7,0,0,0,7,7,271,0,18,-220,18,Austin
2017,3,31,83,3,3,19,73,3,5,6,95,101,39,2,0,12,54,3,0,2,69,71,34,1,3,7,15,0,4,4,22,26,0,0,0,0,0,0,0,0,0,0,10,0,0,0,4,0,1,0,4,4,311,0,21,-219,19,Austin
2018,3,31,80,1,7,14,61,8,1,8,83,91,38,1,2,11,32,3,0,3,46,49,38,0,5,2,18,5,1,5,25,30,0,0,0,0,0,0,0,0,0,0,4,0,0,1,11,0,0,0,12,12,268,0,23,-218,20,Austin
2019,3,31,75,1,8,7,67,5,0,9,79,88,36,1,2,4,30,4,0,3,38,41,34,0,5,2,30,1,0,5,33,38,0,0,0,0,1,0,0,0,1,1,5,0,1,1,6,0,0,1,7,8,262,1,27,-217,21,Austin
2020,3,31,58,2,4,14,63,12,1,6,89,95,32,1,3,6,37,4,1,4,47,51,23,0,1,5,23,8,0,1,36,37,0,1,0,0,0,0,0,1,0,1,3,0,0,3,3,0,0,0,6,6,235,2,17,-215,23,Austin
2021,3,31,69,4,5,8,59,14,1,9,81,90,33,3,3,3,38,8,0,6,49,55,29,1,2,5,17,6,1,3,28,31,0,0,0,0,0,0,0,0,0,0,7,0,0,0,4,0,0,0,4,4,270,1,18,-221,17,Austin
2022,3,31,52,2,7,11,55,10,2,9,76,85,28,1,5,5,35,7,0,6,47,53,16,0,1,6,17,2,2,1,25,26,0,0,0,0,0,0,0,0,0,0,8,1,1,0,3,1,0,2,4,6,239,2,27,-220,18,Austin
2023,3,31,61,0,6,19,66,22,6,6,107,113,32,0,4,4,36,14,0,4,54,58,26,0,2,14,29,7,6,2,50,52,1,0,0,0,0,0,0,0,0,0,2,0,0,1,1,1,0,0,3,3,280,1,13,-219,19,Austin
2024,3,31,47,2,7,10,36,13,2,9,59,68,22,1,3,6,15,7,1,4,28,32,22,1,4,4,18,4,1,5,26,31,1,0,0,0,0,0,0,0,0,0,2,0,0,0,3,2,0,0,5,5,202,1,9,-217,21,Austin
2012,5,31,105,1,1,14,82,9,1,2,105,107,50,0,0,10,53,7,1,0,70,70,40,1,1,3,20,1,0,2,24,26,0,0,0,0,0,0,0,0,0,0,15,0,0,1,9,1,0,0,11,11,348,1,40,-157,81,Austin
2013,5,31,87,4,1,16,86,5,3,5,107,112,53,3,0,14,52,3,3,3,69,72,27,1,1,2,30,1,0,2,33,35,1,0,0,0,0,0,0,0,0,0,6,0,0,0,4,1,0,0,5,5,377,2,25,-156,82,Austin
2014,5,31,102,2,7,11,86,7,4,9,104,113,57,0,4,6,46,3,1,4,55,59,36,2,2,2,21,3,3,4,26,30,0,0,0,0,0,0,0,0,0,0,9,0,1,3,19,1,0,1,23,24,337,0,42,-155,83,Austin
2015,5,31,86,5,7,15,73,7,0,12,95,107,52,1,5,8,53,5,0,6,66,72,25,3,1,5,8,2,0,4,15,19,1,0,0,0,0,0,0,0,0,0,8,1,1,2,12,0,0,2,14,16,319,2,31,-154,84,Austin
2016,5,31,75,1,2,15,71,2,3,3,88,91,31,0,1,9,49,1,1,1,59,60,29,0,0,5,13,1,2,0,19,19,1,1,0,0,0,0,0,1,0,1,14,0,1,1,9,0,0,1,10,11,283,2,33,-159,79,Austin
2017,5,31,92,1,4,15,88,2,1,5,105,110,51,0,2,10,63,1,1,2,74,76,32,1,2,2,13,1,0,3,16,19,1,0,0,1,0,0,0,0,1,1,8,0,0,2,12,0,0,0,14,14,321,2,30,-158,80,Austin
2018,5,31,72,2,0,14,51,6,2,2,71,73,39,1,0,10,37,3,2,1,50,51,22,0,0,4,10,2,0,0,16,16,2,0,0,0,1,0,0,0,1,1,9,1,0,0,3,1,0,1,4,5,245,3,23,-157,81,Austin
2019,5,31,79,4,4,13,98,8,1,8,119,127,45,0,2,5,78,5,1,2,88,90,27,3,2,3,16,3,0,5,22,27,0,0,0,1,0,0,0,0,1,1,7,1,0,4,4,0,0,1,8,9,348,1,25,-156,82,Austin
2020,5,31,84,6,17,36,55,9,5,23,100,123,43,0,9,6,41,5,1,9,52,61,31,6,5,26,12,1,4,11,39,50,0,0,0,0,0,0,0,0,0,0,10,0,3,4,2,3,0,3,9,12,303,0,27,-154,84,Austin
2021,5,31,62,4,8,6,63,14,0,12,83,95,43,0,5,4,38,10,0,5,52,57,17,0,3,2,22,3,0,3,27,30,0,0,0,0,0,1,0,0,1,1,2,4,0,0,3,0,0,4,3,7,249,3,21,-160,78,Austin
2022,5,31,64,2,8,5,67,11,4,10,83,93,28,0,7,4,46,6,1,7,56,63,27,1,1,1,19,5,1,2,25,27,2,0,0,0,1,0,0,0,1,1,7,1,0,0,1,0,2,1,1,2,248,3,21,-159,79,Austin
2023,5,31,53,3,5,7,45,18,2,8,70,78,41,2,2,2,22,12,1,4,36,40,7,1,2,4,16,5,1,3,25,28,0,0,0,0,2,0,0,0,2,2,5,0,1,1,5,1,0,1,7,8,214,2,24,-158,80,Austin
2024,5,31,59,2,6,12,70,21,7,8,103,111,32,2,4,7,46,10,5,6,63,69,20,0,1,4,19,7,2,1,30,31,0,0,0,0,0,0,0,0,0,0,7,0,1,1,5,4,0,1,10,11,269,0,22,-156,82,Austin
2012,7,31,104,2,5,11,89,4,0,7,104,111,49,1,2,8,52,2,0,3,62,65,38,1,3,3,31,2,0,4,36,40,0,0,0,0,1,0,0,0,1,1,17,0,0,0,5,0,0,0,5,5,333,2,32,-96,142,Austin
2013,7,31,93,2,5,21,85,3,2,7,109,116,55,1,4,9,62,3,1,5,74,79,28,1,1,9,18,0,1,2,27,29,0,0,0,0,0,0,0,0,0,0,10,0,0,3,5,0,0,0,8,8,345,1,27,-95,143,Austin
2014,7,31,90,2,4,16,106,6,2,6,128,134,49,0,3,9,72,4,0,3,85,88,29,1,0,4,26,1,1,1,31,32,1,0,0,1,0,0,0,0,1,1,11,1,1,2,8,1,1,2,11,13,352,4,38,-94,144,Austin
2015,7,31,78,1,2,13,107,4,1,3,124,127,35,0,0,6,72,2,0,0,80,80,31,1,2,7,30,0,0,3,37,40,0,0,0,0,1,0,1,0,1,1,12,0,0,0,4,2,0,0,6,6,338,3,25,-93,145,Austin
2016,7,31,97,4,7,11,61,8,1,11,80,91,40,1,2,7,32,2,1,3,41,44,45,3,4,4,24,5,0,7,33,40,0,0,0,0,0,0,0,0,0,0,12,0,1,0,5,1,0,1,6,7,300,2,31,-98,140,Austin
2017,7,31,75,4,5,15,75,2,5,9,92,101,40,1,3,11,57,1,3,4,69,73,27,2,2,3,17,1,2,4,21,25,1,0,0,1,0,0,0,0,1,1,7,1,0,0,1,0,0,1,1,2,291,2,12,-97,141,Austin
2018,7,31,77,3,3,8,50,8,0,6,66,72,51,2,1,6,34,4,0,3,44,47,21,0,1,1,13,4,0,1,18,19,0,0,0,0,0,0,0,0,0,0,5,1,1,1,3,0,0,2,4,6,250,1,18,-96,142,Austin
2019,7,31,75,3,3,15,80,6,3,6,101,107,48,0,0,12,60,4,1,0,76,76,19,2,1,3,17,2,2,3,22,25,0,0,0,0,0,0,0,0,0,0,8,1,2,0,3,0,0,3,3,6,297,0,25,-95,143,Austin
2020,7,31,54,3,10,12,78,18,0,13,108,121,28,2,6,8,54,14,0,8,76,84,22,1,3,2,19,3,0,4,24,28,0,0,0,1,0,0,0,0,1,1,4,0,1,1,5,1,0,1,7,8,277,1,19,-93,145,Austin
2021,7,31,51,5,6,10,57,17,4,11,84,95,24,3,3,2,33,12,2,6,47,53,21,1,1,8,22,3,2,2,33,35,1,0,0,0,0,0,0,0,0,0,5,1,2,0,2,2,0,3,4,7,228,1,17,-99,139,Austin
2022,7,31,58,2,10,17,49,15,1,12,81,93,28,0,5,4,29,7,0,5,40,45,23,1,5,12,19,6,1,6,37,43,0,0,0,0,0,0,0,0,0,0,7,1,0,1,1,2,0,1,4,5,244,0,19,-98,140,Austin
2023,7,31,59,3,6,14,55,29,2,9,98,107,32,2,1,4,32,20,0,3,56,59,22,1,4,9,20,9,2,5,38,43,1,0,0,0,0,0,0,0,0,0,4,0,1,1,3,0,0,1,4,5,268,2,13,-97,141,Austin
2024,7,31,53,4,4,14,58,17,2,8,89,97,39,2,2,8,39,12,2,4,59,63,9,2,2,4,16,5,0,4,25,29,1,0,0,0,0,0,0,0,0,0,4,0,0,2,3,0,0,0,5,5,246,1,16,-95,143,Austin
2012,8,31,93,1,4,17,95,8,1,5,120,125,49,0,4,11,62,4,0,4,77,81,38,1,0,5,24,4,1,1,33,34,0,0,0,0,1,0,0,0,1,1,6,0,0,1,8,0,0,0,9,9,361,4,26,-65,173,Austin
2013,8,31,116,1,9,15,99,0,0,10,114,124,50,0,5,7,61,0,0,5,68,73,54,1,4,5,28,0,0,5,33,38,0,0,0,1,1,0,0,0,2,2,12,0,0,2,9,0,0,0,11,11,387,2,31,-64,174,Austin
2014,8,31,103,3,3,14,85,6,2,6,105,111,47,1,1,8,47,2,1,2,57,59,50,2,2,4,32,3,1,4,39,43,0,0,0,1,0,0,0,0,1,1,6,0,0,1,6,1,0,0,8,8,310,1,21,-63,175,Austin
2015,8,31,72,1,6,16,89,10,2,7,115,122,33,1,2,15,66,7,2,3,88,91,28,0,4,1,15,3,0,4,19,23,2,0,0,0,1,0,0,0,1,1,9,0,0,0,7,0,0,0,7,7,317,5,23,-62,176,Austin
2016,8,31,75,4,5,22,50,7,1,9,79,88,43,1,2,9,39,3,0,3,51,54,27,3,2,10,8,4,1,5,22,27,0,0,1,1,0,0,0,1,1,2,5,0,0,2,3,0,0,0,5,5,285,3,17,-67,171,Austin
2017,8,31,67,0,4,17,62,3,3,4,82,86,33,0,0,12,35,2,2,0,49,49,29,0,4,5,24,0,1,4,29,33,0,0,0,0,1,0,0,0,1,1,5,0,0,0,2,1,0,0,3,3,280,1,16,-66,172,Austin
2018,8,31,77,4,7,11,64,3,0,11,78,89,41,1,4,9,47,1,0,5,57,62,26,3,3,1,16,1,0,6,18,24,0,0,0,0,0,0,0,0,0,0,10,0,0,1,1,1,0,0,3,3,284,2,26,-65,173,Austin
2019,8,31,79,4,13,6,67,7,2,17,80,97,31,3,9,3,39,4,0,12,46,58,36,1,3,2,25,2,2,4,29,33,0,0,0,0,0,0,0,0,0,0,12,0,1,1,3,1,0,1,5,6,293,0,27,-64,174,Austin
2020,8,31,39,2,5,17,72,13,1,7,102,109,20,1,2,7,41,9,1,3,57,60,13,1,3,7,22,2,0,4,31,35,3,0,0,0,1,0,0,0,1,1,3,0,0,3,8,2,0,0,13,13,248,6,25,-62,176,Austin
2021,8,31,57,4,6,8,53,12,5,10,73,83,26,0,0,1,32,8,5,0,41,41,28,4,6,6,18,2,0,10,26,36,0,0,0,0,1,1,0,0,2,2,3,0,0,1,2,1,0,0,4,4,248,4,19,-68,170,Austin
2022,8,31,53,2,9,8,53,13,4,11,74,85,30,0,4,3,29,6,2,4,38,42,17,1,4,5,20,5,2,5,30,35,0,1,0,0,2,1,0,1,3,4,6,0,1,0,2,1,0,1,3,4,210,5,12,-67,171,Austin
2023,8,31,44,2,5,11,65,17,1,7,93,100,22,2,2,3,25,8,1,4,36,40,19,0,1,8,34,8,0,1,50,51,0,0,0,0,1,0,0,0,1,1,3,0,2,0,5,1,0,2,6,8,228,1,14,-66,172,Austin
2024,8,31,51,2,14,10,57,12,4,16,79,95,23,0,5,5,31,7,1,5,43,48,25,2,8,4,21,3,2,10,28,38,0,0,0,0,1,0,0,0,1,1,3,0,1,1,4,2,1,1,7,8,237,2,17,-64,174,Austin
2012,10,31,97,1,9,33,93,3,2,10,129,139,50,0,5,16,49,1,1,5,66,71,37,1,4,13,34,1,1,5,48,53,0,0,0,0,0,0,0,0,0,0,10,0,0,4,10,1,0,0,15,15,347,0,29,-4,234,Austin
2013,10,31,81,0,5,23,77,7,1,5,107,112,29,0,2,13,40,3,1,2,56,58,42,0,2,6,25,3,0,2,34,36,1,0,0,1,0,0,0,0,1,1,9,0,1,3,12,1,0,1,16,17,297,2,32,-3,235,Austin
2014,10,31,90,2,3,17,88,11,1,5,116,121,49,2,1,11,44,5,0,3,60,63,34,0,2,5,31,5,1,2,41,43,3,0,0,0,0,0,0,0,0,0,4,0,0,1,13,1,0,0,15,15,362,6,27,-2,236,Austin
2015,10,31,96,2,7,15,84,9,1,9,108,117,38,1,2,10,39,5,0,3,54,57,53,1,5,4,39,3,1,6,46,52,1,0,0,0,1,0,0,0,1,1,4,0,0,1,5,1,0,0,7,7,318,4,21,-1,237,Austin
2016,10,31,65,2,9,24,76,3,1,11,103,114,22,0,4,13,36,1,0,4,50,54,37,2,5,9,33,1,1,7,43,50,0,0,0,1,1,0,0,0,2,2,6,0,0,1,6,1,0,0,8,8,301,4,25,-6,232,Austin
2017,10,31,72,2,3,16,58,5,1,5,79,84,33,1,1,7,29,2,1,2,38,40,34,1,2,7,24,2,0,3,33,36,0,0,0,0,0,0,0,0,0,0,5,0,0,2,5,1,0,0,8,8,251,1,20,-5,233,Austin
2018,10,31,57,3,4,12,69,10,2,7,91,98,28,1,1,5,36,1,0,2,42,44,26,1,3,7,23,9,2,4,39,43,0,0,0,0,0,0,0,0,0,0,3,1,0,0,10,0,0,1,10,11,248,0,22,-4,234,Austin
2019,10,31,60,6,6,12,78,9,1,12,99,111,25,3,4,8,54,4,0,7,66,73,31,3,2,3,19,5,1,5,27,32,1,0,0,0,0,0,0,0,0,0,3,0,0,1,5,0,0,0,6,6,261,1,15,-3,235,Austin
2020,10,31,65,3,7,13,79,13,1,10,105,115,19,0,2,7,38,5,0,2,50,52,33,3,5,5,31,5,1,8,41,49,1,0,0,0,1,0,0,0,1,1,12,0,0,1,9,3,0,0,13,13,277,3,37,-1,237,Austin
2021,10,31,48,5,9,13,51,17,7,14,81,95,24,1,2,4,23,6,0,3,33,36,19,4,6,8,22,8,6,10,38,48,0,0,0,0,0,1,0,0,1,1,5,0,1,1,6,2,1,1,9,10,250,2,25,-7,231,Austin
2022,10,31,44,0,9,13,59,14,1,9,86,95,19,0,3,6,25,5,0,3,36,39,20,0,5,6,29,9,1,5,44,49,2,0,0,0,0,0,0,0,0,0,3,0,1,1,5,0,0,1,6,7,240,2,18,-6,232,Austin
2023,10,31,63,1,2,14,59,14,1,3,87,90,31,1,0,3,27,8,1,1,38,39,30,0,2,11,28,5,0,2,44,46,0,0,0,0,1,0,0,0,1,1,2,0,0,0,3,1,0,0,4,4,238,2,10,-5,233,Austin
2024,10,31,42,2,6,7,60,24,3,8,91,99,19,0,2,1,21,11,2,2,33,35,21,1,3,2,27,10,1,4,39,43,1,1,0,2,1,0,0,1,3,4,1,0,1,2,11,3,0,1,16,17,251,6,25,-3,235,Austin
2012,12,31,79,2,6,22,86,3,2,8,111,119,26,1,1,8,31,1,2,2,40,42,49,1,2,10,48,2,0,3,60,63,0,0,0,1,0,0,0,0,1,1,4,0,3,3,7,0,0,3,10,13,299,2,22,57,295,Austin
2013,12,31,71,0,5,11,76,2,1,5,89,94,30,0,2,7,40,0,0,2,47,49,31,0,3,3,31,2,1,3,36,39,0,0,0,0,1,0,0,0,1,1,10,0,0,1,4,0,0,0,5,5,279,2,24,58,296,Austin
2014,12,31,73,1,3,14,78,5,1,4,97,101,21,0,2,6,43,4,0,2,53,55,46,1,1,6,24,1,1,2,31,33,0,0,0,0,0,0,0,0,0,0,6,0,0,2,11,0,0,0,13,13,273,1,27,59,297,Austin
2015,12,31,72,1,5,10,73,9,1,6,92,98,29,1,1,4,36,5,0,2,45,47,35,0,4,2,32,4,1,4,38,42,0,0,0,0,1,0,0,0,1,1,8,0,0,4,4,0,0,0,8,8,260,1,22,60,298,Austin
2016,12,31,85,3,8,14,57,6,2,11,77,88,24,1,1,5,34,2,0,2,41,43,53,1,7,5,21,4,1,8,30,38,1,0,0,0,0,0,0,0,0,0,7,1,0,4,2,0,1,1,6,7,255,4,19,55,293,Austin
2017,12,31,72,4,6,13,54,7,2,10,74,84,27,1,2,7,20,3,0,3,30,33,41,2,4,6,27,3,2,6,36,42,0,0,0,0,0,0,0,0,0,0,4,1,0,0,7,1,0,1,8,9,231,0,17,56,294,Austin
2018,12,31,69,2,3,11,69,4,1,5,84,89,33,0,2,4,37,1,0,2,42,44,27,2,1,5,26,3,1,3,34,37,0,0,0,0,1,0,0,0,1,1,9,0,0,2,5,0,0,0,7,7,252,3,20,57,295,Austin
2019,12,31,64,1,4,10,74,7,0,5,91,96,21,1,0,4,43,5,0,1,52,53,36,0,3,5,25,1,0,3,31,34,2,0,0,0,0,0,0,0,0,0,5,0,1,1,6,1,0,1,8,9,262,3,19,58,296,Austin
2020,12,31,62,2,5,12,55,11,4,7,78,85,17,2,2,4,31,2,1,4,37,41,38,0,3,5,19,6,3,3,30,33,1,0,0,0,0,0,0,0,0,0,6,0,0,3,5,3,0,0,11,11,241,1,21,60,298,Austin
2021,12,31,50,0,7,14,65,6,4,7,85,92,21,0,2,4,29,3,0,2,36,38,28,0,5,8,27,3,4,5,38,43,0,0,0,0,1,0,0,0,1,1,1,0,0,2,8,0,0,0,10,10,238,1,14,54,292,Austin
2022,12,31,63,4,9,11,52,18,3,13,81,94,17,2,4,1,25,8,2,6,34,40,44,0,4,10,22,7,1,4,39,43,0,0,0,0,0,0,0,0,0,0,2,2,1,0,5,3,0,3,8,11,243,1,20,55,293,Austin
2023,12,31,61,3,10,14,58,32,2,13,104,117,26,1,6,3,26,15,1,7,44,51,31,2,4,8,28,14,1,6,50,56,0,0,0,1,0,1,0,0,2,2,4,0,0,2,4,2,0,0,8,8,257,3,17,56,294,Austin
2024,12,31,47,1,5,10,46,16,1,6,72,78,14,0,1,4,28,9,1,1,41,42,29,1,4,6,14,5,0,5,25,30,0,0,0,0,0,1,0,0,1,1,4,0,0,0,4,1,0,0,5,5,218,2,20,58,296,Austin
