year,month,day,crime_disorder,crime_gun,crime_robbery,crime_aggravated_assault,crime_burglary,crime_theft,crime_mv_theft,crime_violent,crime_property,crime_index,crime_disorder_day,crime_gun_day,crime_robbery_day,crime_aggravated_assault_day,crime_burglary_day,crime_theft_day,crime_mv_theft_day,crime_violent_day,crime_property_day,crime_index_day,crime_disorder_night,crime_gun_night,crime_robbery_night,crime_aggravated_assault_night,crime_burglary_night,crime_theft_night,crime_mv_theft_night,crime_violent_night,crime_property_night,crime_index_night,crime_disorder_is_sunrise,crime_gun_is_sunrise,crime_robbery_is_sunrise,crime_aggravated_assault_is_sunrise,crime_burglary_is_sunrise,crime_theft_is_sunrise,crime_mv_theft_is_sunrise,crime_violent_is_sunrise,crime_property_is_sunrise,crime_index_is_sunrise,crime_disorder_is_sunset,crime_gun_is_sunset,crime_robbery_is_sunset,crime_aggravated_assault_is_sunset,crime_burglary_is_sunset,crime_theft_is_sunset,crime_mv_theft_is_sunset,crime_violent_is_sunset,crime_property_is_sunset,crime_index_is_sunset,total_calls,calls_sunrise,calls_sunset,days_until_fall_dst,days_until_spring_dst,city
2012,1,1,48,9,11,2,9,36,14,13,59,72,12,0,2,0,6,10,5,2,21,23,33,9,8,2,3,24,8,10,35,45,1,0,0,0,0,0,0,0,0,0,2,0,1,0,0,2,1,1,3,4,229,2,12,-308,-70,New Orleans
2013,1,1,38,4,4,5,11,57,9,9,77,86,11,0,0,0,5,15,4,0,24,24,24,4,4,5,5,41,5,9,51,60,0,0,0,0,0,0,0,0,0,0,3,0,0,0,1,1,0,0,2,2,220,0,7,-306,-68,New Orleans
2014,1,1,49,2,2,8,4,51,8,10,63,73,10,1,0,2,1,15,5,2,21,23,37,1,2,5,3,35,3,7,41,48,1,0,0,0,0,0,0,0,0,0,1,0,0,1,0,1,0,1,1,2,202,3,9,-305,-67,New Orleans
2015,1,1,53,1,5,4,6,88,19,9,113,122,22,0,0,0,3,26,9,0,38,38,29,1,5,4,2,59,9,9,70,79,0,0,0,0,0,0,0,0,0,0,2,0,0,0,1,3,1,0,5,5,235,1,10,-304,-66,New Orleans
2016,1,1,48,3,4,4,7,49,16,8,72,80,19,0,3,1,0,20,4,4,24,28,29,2,1,3,5,26,11,4,42,46,0,0,0,0,0,0,0,0,0,0,0,1,0,0,2,3,1,0,6,6,213,0,8,-310,-72,New Orleans
2017,1,1,50,2,3,7,9,50,17,10,76,86,17,1,0,2,4,17,6,2,27,29,29,1,2,4,5,32,10,6,47,53,1,0,0,1,0,0,0,1,0,1,3,0,1,0,0,1,1,1,2,3,212,2,7,-308,-70,New Orleans
2018,1,1,61,2,1,1,5,46,14,2,65,67,31,0,1,0,4,18,4,1,26,27,29,2,0,1,0,27,9,1,36,37,0,0,0,0,0,0,0,0,0,0,1,0,0,0,1,1,1,0,3,3,209,0,9,-307,-69,New Orleans
2019,1,1,62,5,7,6,1,53,26,13,80,93,21,0,2,2,1,24,2,4,27,31,38,4,5,4,0,24,24,9,48,57,2,0,0,0,0,0,0,0,0,0,1,1,0,0,0,5,0,0,5,5,263,3,14,-306,-68,New Orleans
2020,1,1,27,1,3,1,1,22,19,4,42,46,10,0,1,0,0,4,8,1,12,13,16,1,2,0,1,17,11,2,29,31,0,0,0,0,0,0,0,0,0,0,1,0,0,1,0,1,0,1,1,2,87,0,6,-305,-67,New Orleans
2021,1,1,63,3,2,10,6,19,28,12,53,65,15,1,1,4,1,9,11,5,21,26,40,2,0,5,5,10,17,5,32,37,1,0,0,0,0,0,0,0,0,0,7,0,1,1,0,0,0,2,0,2,213,1,12,-310,-72,New Orleans
2022,1,1,70,3,10,7,5,33,46,17,84,101,23,0,1,1,2,15,13,2,30,32,43,3,8,5,2,17,32,13,51,64,0,0,0,0,0,0,0,0,0,0,4,0,1,1,1,1,1,2,3,5,231,0,14,-309,-71,New Orleans
2023,1,1,53,11,4,9,6,27,28,13,61,74,24,2,2,1,0,13,6,3,19,22,27,9,2,7,6,13,22,9,41,50,0,0,0,0,0,0,0,0,0,0,2,0,0,1,0,1,0,1,1,2,209,0,5,-308,-70,New Orleans
2024,1,1,64,7,3,7,3,45,17,10,65,75,21,1,2,4,1,15,4,6,20,26,42,3,1,3,2,27,13,4,42,46,0,1,0,0,0,1,0,0,1,1,1,2,0,0,0,2,0,0,2,2,223,2,9,-307,-69,New Orleans
2012,2,1,22,0,2,4,6,22,19,6,47,53,9,0,1,2,3,14,6,3,23,26,12,0,1,2,3,5,10,3,18,21,0,0,0,0,0,0,0,0,0,0,1,0,0,0,0,3,3,0,6,6,159,0,9,-277,-39,New Orleans
2013,2,1,23,1,5,2,12,55,12,7,79,86,8,1,3,1,7,26,7,4,40,44,14,0,2,1,5,27,4,3,36,39,0,0,0,0,0,0,0,0,0,0,1,0,0,0,0,2,1,0,3,3,234,0,10,-275,-37,New Orleans
2014,2,1,28,2,0,3,7,30,10,3,47,50,12,0,0,2,3,18,5,2,26,28,16,2,0,1,4,11,4,1,19,20,0,0,0,0,0,0,0,0,0,0,0,0,0,0,0,1,1,0,2,2,129,0,12,-274,-36,New Orleans
2015,2,1,35,0,2,2,7,25,11,4,43,47,18,0,0,1,3,12,5,1,20,21,15,0,2,1,4,13,5,3,22,25,0,0,0,0,0,0,0,0,0,0,2,0,0,0,0,0,1,0,1,1,140,0,4,-273,-35,New Orleans
2016,2,1,38,4,3,3,6,39,17,6,62,68,13,0,0,2,3,29,9,2,41,43,24,4,2,1,3,8,8,3,19,22,0,0,0,0,0,1,0,0,1,1,1,0,1,0,0,1,0,1,1,2,171,2,4,-279,-41,New Orleans
2017,2,1,43,4,3,6,6,34,9,9,49,58,23,1,1,3,4,26,3,4,33,37,17,1,2,2,2,5,6,4,13,17,1,0,0,0,0,0,0,0,0,0,2,2,0,1,0,3,0,1,3,4,204,2,12,-277,-39,New Orleans
2018,2,1,42,2,2,4,6,38,17,6,61,67,14,1,0,3,3,28,6,3,37,40,22,1,2,1,3,9,9,3,21,24,0,0,0,0,0,0,1,0,1,1,6,0,0,0,0,1,1,0,2,2,170,1,13,-276,-38,New Orleans
2019,2,1,37,1,1,4,6,44,33,5,83,88,21,0,1,2,5,27,7,3,39,42,16,1,0,1,1,16,25,1,42,43,0,0,0,0,0,0,0,0,0,0,0,0,0,1,0,1,1,1,2,3,197,2,10,-275,-37,New Orleans
2020,2,1,39,0,2,3,5,36,41,5,82,87,17,0,1,3,2,22,18,4,42,46,20,0,1,0,3,11,22,1,36,37,0,0,0,0,0,2,0,0,2,2,2,0,0,0,0,1,1,0,2,2,178,2,8,-274,-36,New Orleans
2021,2,1,45,1,2,5,4,18,12,7,34,41,24,1,1,2,4,12,4,3,20,23,17,0,1,3,0,4,7,4,11,15,0,0,0,0,0,0,0,0,0,0,4,0,0,0,0,2,1,0,3,3,143,0,9,-279,-41,New Orleans
2022,2,1,36,2,1,6,5,26,30,7,61,68,14,0,1,4,4,17,11,5,32,37,20,1,0,2,1,7,18,2,26,28,0,0,0,0,0,0,0,0,0,0,2,1,0,0,0,2,1,0,3,3,167,0,14,-278,-40,New Orleans
2023,2,1,29,5,1,6,1,16,18,7,35,42,13,3,1,2,1,7,6,3,14,17,10,0,0,3,0,8,12,3,20,23,1,0,0,1,0,1,0,1,1,2,5,2,0,0,0,0,0,0,0,0,122,3,8,-277,-39,New Orleans
2024,2,1,34,1,0,7,6,17,33,7,56,63,20,1,0,3,3,8,13,3,24,27,14,0,0,3,3,9,19,3,31,34,0,0,0,0,0,0,0,0,0,0,0,0,0,1,0,0,1,1,1,2,154,0,4,-276,-38,New Orleans
2012,3,1,28,6,1,4,11,33,8,5,52,57,11,4,0,1,5,21,2,1,28,29,13,2,1,2,6,12,5,3,23,26,0,0,0,0,0,0,0,0,0,0,4,0,0,1,0,0,1,1,1,2,227,1,13,-248,-10,New Orleans
2013,3,1,19,0,2,4,9,44,8,6,61,67,8,0,1,4,7,27,4,5,38,43,9,0,1,0,2,16,4,1,22,23,1,0,0,0,0,0,0,0,0,0,1,0,0,0,0,1,0,0,1,1,175,1,3,-247,-9,New Orleans
2014,3,1,28,4,4,3,5,78,22,7,105,112,9,0,0,1,3,23,9,1,35,36,14,3,4,1,2,51,13,5,66,71,0,1,0,0,0,0,0,0,0,0,5,0,0,1,0,4,0,1,4,5,239,1,14,-246,-8,New Orleans
2015,3,1,24,2,4,5,7,27,14,9,48,57,7,0,1,3,4,12,3,4,19,23,15,2,2,1,3,15,10,3,28,31,0,0,0,0,0,0,1,0,1,1,2,0,1,1,0,0,0,2,0,2,144,1,7,-245,-7,New Orleans
2016,3,1,45,0,2,0,6,35,5,2,46,48,20,0,0,0,5,24,3,0,32,32,25,0,1,0,1,10,2,1,13,14,0,0,0,0,0,0,0,0,0,0,0,0,1,0,0,1,0,1,1,2,182,0,11,-250,-12,New Orleans
2017,3,1,47,2,2,5,2,46,12,7,60,67,21,1,2,3,2,29,4,5,35,40,22,1,0,2,0,15,8,2,23,25,0,0,0,0,0,0,0,0,0,0,4,0,0,0,0,2,0,0,2,2,159,0,7,-249,-11,New Orleans
2018,3,1,53,0,3,2,4,33,8,5,45,50,23,0,2,0,1,22,2,2,25,27,26,0,1,2,3,9,5,3,17,20,0,0,0,0,0,0,1,0,1,1,4,0,0,0,0,2,0,0,2,2,185,1,16,-248,-10,New Orleans
2019,3,1,34,5,2,6,3,77,25,8,105,113,11,0,0,3,1,18,8,3,27,30,22,5,2,2,2,56,16,4,74,78,0,0,0,0,0,0,0,0,0,0,1,0,0,1,0,3,1,1,4,5,263,0,15,-247,-9,New Orleans
2020,3,1,47,3,3,7,4,35,37,10,76,86,27,0,1,3,0,16,14,4,30,34,16,2,2,3,3,15,22,5,40,45,0,0,0,0,1,0,0,0,1,1,4,1,0,1,0,4,1,1,5,6,196,1,17,-245,-7,New Orleans
2021,3,1,51,3,4,7,9,22,19,11,50,61,21,2,1,4,3,18,9,5,30,35,25,1,3,3,6,4,9,6,19,25,0,0,0,0,0,0,0,0,0,0,5,0,0,0,0,0,1,0,1,1,175,0,8,-251,-13,New Orleans
2022,3,1,42,11,2,3,6,41,29,5,76,81,17,6,1,1,3,20,10,2,33,35,22,4,1,1,3,19,16,2,38,40,0,0,0,0,0,0,0,0,0,0,3,1,0,1,0,2,3,1,5,6,206,0,11,-250,-12,New Orleans
2023,3,1,33,1,0,6,5,16,31,6,52,58,18,1,0,3,4,9,12,3,25,28,14,0,0,2,1,7,16,2,24,26,0,0,0,0,0,0,0,0,0,0,1,0,0,1,0,0,3,1,3,4,170,0,9,-249,-11,New Orleans
2024,3,1,37,2,1,2,1,33,25,3,59,62,18,2,1,1,0,13,9,2,22,24,16,0,0,1,1,18,16,1,35,36,1,0,0,0,0,0,0,0,0,0,2,0,0,0,0,2,0,0,2,2,159,2,6,-247,-9,New Orleans
2012,4,1,39,0,2,3,6,40,16,5,62,67,15,0,1,1,3,20,8,2,31,33,21,0,0,2,3,19,7,2,29,31,0,0,0,0,0,0,0,0,0,0,3,0,1,0,0,1,1,1,2,3,186,0,8,-217,21,New Orleans
2013,4,1,27,2,3,0,5,46,14,3,65,68,16,2,0,0,4,32,6,0,42,42,11,0,3,0,1,13,8,3,22,25,0,0,0,0,0,0,0,0,0,0,0,0,0,0,0,1,0,0,1,1,198,0,13,-216,22,New Orleans
2014,4,1,37,3,2,1,3,24,14,3,41,44,22,2,0,0,3,17,1,0,21,21,13,1,2,1,0,5,10,3,15,18,0,0,0,0,0,0,1,0,1,1,2,0,0,0,0,2,2,0,4,4,226,1,11,-215,23,New Orleans
2015,4,1,33,1,3,2,7,40,15,5,62,67,13,1,1,1,3,30,7,2,40,42,17,0,1,0,4,8,7,1,19,20,0,0,1,0,0,0,1,1,1,2,3,0,0,1,0,2,0,1,2,3,170,2,9,-214,24,New Orleans
2016,4,1,37,0,4,1,7,33,13,5,53,58,24,0,1,1,1,17,3,2,21,23,11,0,3,0,5,12,10,3,27,30,0,0,0,0,0,1,0,0,1,1,2,0,0,0,1,3,0,0,4,4,139,3,9,-219,19,New Orleans
2017,4,1,42,0,6,8,4,39,9,14,52,66,16,0,4,3,2,25,1,7,28,35,22,0,2,4,2,12,8,6,22,28,0,0,0,0,0,0,0,0,0,0,4,0,0,1,0,2,0,1,2,3,174,0,12,-218,20,New Orleans
2018,4,1,65,6,6,9,4,31,18,15,53,68,25,4,2,5,3,17,8,7,28,35,33,1,4,3,1,13,9,7,23,30,1,0,0,0,0,0,1,0,1,1,6,1,0,1,0,1,0,1,1,2,205,2,13,-217,21,New Orleans
2019,4,1,41,5,6,3,2,32,21,9,55,64,25,3,4,3,0,26,10,7,36,43,13,2,2,0,2,5,10,2,17,19,0,0,0,0,0,0,0,0,0,0,3,0,0,0,0,1,1,0,2,2,193,0,13,-216,22,New Orleans
2020,4,1,33,1,0,9,8,19,12,9,39,48,18,0,0,7,5,13,5,7,23,30,12,1,0,2,3,5,6,2,14,16,1,0,0,0,0,0,0,0,0,0,2,0,0,0,0,1,1,0,2,2,147,1,10,-214,24,New Orleans
2021,4,1,34,1,2,5,3,25,31,7,59,66,21,1,0,3,1,22,19,3,42,45,13,0,1,2,2,2,10,3,14,17,0,0,1,0,0,0,0,1,0,1,0,0,0,0,0,1,2,0,3,3,162,1,9,-220,18,New Orleans
2022,4,1,41,1,4,3,5,28,37,7,70,77,26,1,2,2,2,14,11,4,27,31,14,0,1,1,3,14,21,2,38,40,0,0,0,0,0,0,0,0,0,0,1,0,1,0,0,0,5,1,5,6,169,0,8,-219,19,New Orleans
2023,4,1,45,3,2,6,2,37,42,8,81,89,19,2,2,4,0,19,8,6,27,33,20,1,0,2,1,16,33,2,50,52,1,0,0,0,0,1,1,0,2,2,5,0,0,0,1,1,0,0,2,2,187,3,9,-218,20,New Orleans
2024,4,1,41,3,0,8,5,39,12,8,56,64,25,2,0,5,3,27,5,5,35,40,12,1,0,2,2,10,7,2,19,21,0,0,0,0,0,0,0,0,0,0,4,0,0,1,0,2,0,1,2,3,162,0,11,-216,22,New Orleans
2012,5,1,28,1,3,3,7,31,10,6,48,54,18,1,1,1,5,23,2,2,30,32,9,0,2,1,2,6,8,3,16,19,0,0,0,0,0,1,0,0,1,1,1,0,0,1,0,1,0,1,1,2,225,2,12,-187,51,New Orleans
2013,5,1,23,4,3,1,10,35,11,4,56,60,10,3,1,0,5,24,4,1,33,34,10,1,2,0,5,10,7,2,22,24,0,0,0,0,0,0,0,0,0,0,3,0,0,1,0,1,0,1,1,2,197,2,10,-186,52,New Orleans
2014,5,1,36,0,1,2,12,27,11,3,50,53,22,0,0,2,9,15,5,2,29,31,11,0,1,0,3,9,4,1,16,17,1,0,0,0,0,2,0,0,2,2,2,0,0,0,0,1,2,0,3,3,177,3,10,-185,53,New Orleans
2015,5,1,36,2,3,1,5,19,17,4,41,45,16,1,1,1,4,9,7,2,20,22,16,1,2,0,1,6,10,2,17,19,1,0,0,0,0,1,0,0,1,1,3,0,0,0,0,3,0,0,3,3,144,2,12,-184,54,New Orleans
2016,5,1,31,1,6,0,6,24,19,6,49,55,19,1,2,0,2,16,9,2,27,29,10,0,3,0,3,7,8,3,18,21,0,0,0,0,0,0,0,0,0,0,2,0,1,0,1,1,2,1,4,5,150,0,16,-189,49,New Orleans
2017,5,1,33,0,4,4,6,35,17,8,58,66,16,0,4,4,4,24,6,8,34,42,14,0,0,0,2,9,11,0,22,22,0,0,0,0,0,1,0,0,1,1,3,0,0,0,0,1,0,0,1,1,197,2,14,-188,50,New Orleans
2018,5,1,51,2,3,5,2,32,14,8,48,56,30,1,2,1,1,22,6,3,29,32,17,1,1,2,1,8,8,3,17,20,0,0,0,1,0,0,0,1,0,1,4,0,0,1,0,2,0,1,2,3,187,1,13,-187,51,New Orleans
2019,5,1,46,2,4,2,5,34,36,6,75,81,29,2,4,2,4,23,18,6,45,51,14,0,0,0,1,9,17,0,27,27,0,0,0,0,0,0,0,0,0,0,3,0,0,0,0,2,1,0,3,3,229,1,9,-186,52,New Orleans
2020,5,1,46,1,2,4,3,15,15,6,33,39,29,0,1,2,2,13,6,3,21,24,14,1,1,2,1,1,8,3,10,13,0,0,0,0,0,0,0,0,0,0,3,0,0,0,0,1,1,0,2,2,144,0,14,-184,54,New Orleans
2021,5,1,49,3,5,9,10,20,30,14,60,74,25,2,2,4,5,8,17,6,30,36,16,0,3,5,5,12,13,8,30,38,1,0,0,0,0,0,0,0,0,0,7,1,0,0,0,0,0,0,0,0,180,2,10,-190,48,New Orleans
2022,5,1,50,3,3,5,9,32,29,8,70,78,28,0,0,3,5,19,11,3,35,38,18,3,3,2,4,13,13,5,30,35,0,0,0,0,0,0,3,0,3,3,4,0,0,0,0,0,2,0,2,2,183,3,8,-189,49,New Orleans
2023,5,1,43,2,2,3,3,33,18,5,54,59,27,1,0,1,1,23,6,1,30,31,13,1,2,1,2,9,12,3,23,26,0,0,0,0,0,1,0,0,1,1,3,0,0,1,0,0,0,1,0,1,164,1,6,-188,50,New Orleans
2024,5,1,48,0,1,1,1,22,26,2,49,51,30,0,0,1,1,16,9,1,26,27,15,0,1,0,0,6,15,1,21,22,1,0,0,0,0,0,1,0,1,1,2,0,0,0,0,0,1,0,1,1,163,2,6,-186,52,New Orleans
2012,6,1,27,0,1,3,6,36,7,4,49,53,15,0,1,1,4,20,3,2,27,29,10,0,0,2,2,15,4,2,21,23,1,0,0,0,0,1,0,0,1,1,1,0,0,0,0,0,0,0,0,0,201,2,8,-156,82,New Orleans
2013,6,1,38,0,3,2,9,31,10,5,50,55,21,0,3,0,7,18,4,3,29,32,16,0,0,2,2,10,5,2,17,19,0,0,0,0,0,0,1,0,1,1,1,0,0,0,0,3,0,0,3,3,186,1,9,-155,83,New Orleans
2014,6,1,30,1,8,4,14,40,25,12,79,91,11,1,4,3,10,23,8,7,41,48,11,0,4,1,2,13,15,5,30,35,3,0,0,0,2,2,0,0,4,4,5,0,0,0,0,2,2,0,4,4,214,7,20,-154,84,New Orleans
2015,6,1,27,2,2,2,10,30,15,4,55,59,17,1,1,1,5,21,8,2,34,36,6,1,0,1,4,8,6,1,18,19,0,0,0,0,1,0,1,0,2,2,4,0,1,0,0,1,0,1,1,2,167,3,13,-153,85,New Orleans
2016,6,1,47,0,5,3,5,21,7,8,33,41,32,0,3,2,3,13,4,5,20,25,11,0,2,1,1,5,3,3,9,12,1,0,0,0,0,0,0,0,0,0,3,0,0,0,1,3,0,0,4,4,151,1,15,-158,80,New Orleans
2017,6,1,50,1,3,3,4,24,20,6,48,54,30,0,1,2,2,22,9,3,33,36,14,1,2,1,1,1,10,3,12,15,0,0,0,0,0,0,0,0,0,0,6,0,0,0,1,1,1,0,3,3,172,2,13,-157,81,New Orleans
2018,6,1,65,2,6,4,5,35,15,10,55,65,39,1,3,2,3,23,6,5,32,37,20,1,1,2,2,11,5,3,18,21,1,0,0,0,0,0,0,0,0,0,5,0,2,0,0,1,4,2,5,7,201,1,13,-156,82,New Orleans
2019,6,1,55,1,1,6,4,39,28,7,71,78,32,0,0,3,2,21,11,3,34,37,15,0,1,2,2,17,17,3,36,39,0,0,0,0,0,0,0,0,0,0,8,1,0,1,0,1,0,1,1,2,195,2,15,-155,83,New Orleans
2020,6,1,50,2,0,8,5,24,14,8,43,51,32,0,0,6,3,21,6,6,30,36,14,1,0,2,2,2,5,2,9,11,0,1,0,0,0,1,1,0,2,2,4,0,0,0,0,0,2,0,2,2,162,3,14,-153,85,New Orleans
2021,6,1,58,2,2,8,8,25,33,10,66,76,33,1,0,6,4,21,12,6,37,43,17,1,2,2,3,4,18,4,25,29,2,0,0,0,0,0,0,0,0,0,6,0,0,0,1,0,3,0,4,4,199,3,15,-159,79,New Orleans
2022,6,1,36,2,1,7,3,17,49,8,69,77,18,2,0,3,1,13,27,3,41,44,14,0,1,3,1,3,19,4,23,27,0,0,0,0,0,0,0,0,0,0,4,0,0,1,1,1,3,1,5,6,153,0,12,-158,80,New Orleans
2023,6,1,35,1,2,2,2,27,28,4,57,61,23,0,0,0,1,18,7,0,26,26,9,1,1,0,1,9,20,1,30,31,0,0,0,0,0,0,0,0,0,0,3,0,1,2,0,0,1,3,1,4,143,1,10,-157,81,New Orleans
2024,6,1,35,0,1,3,2,28,26,4,56,60,20,0,0,1,0,19,8,1,27,28,13,0,0,1,1,9,17,1,27,28,1,0,1,0,0,0,0,1,0,1,1,0,0,1,1,0,1,1,2,3,145,4,10,-155,83,New Orleans
2012,7,1,42,1,4,4,9,34,19,8,62,70,18,1,3,3,5,15,11,6,31,37,21,0,1,1,3,19,8,2,30,32,0,0,0,0,0,0,0,0,0,0,3,0,0,0,1,0,0,0,1,1,191,1,10,-126,112,New Orleans
2013,7,1,17,0,1,2,9,40,13,3,62,65,14,0,1,1,5,34,8,2,47,49,3,0,0,1,4,5,5,1,14,15,0,0,0,0,0,0,0,0,0,0,0,0,0,0,0,1,0,0,1,1,176,0,7,-125,113,New Orleans
2014,7,1,40,1,1,2,15,39,16,3,70,73,18,1,0,1,4,26,8,1,38,39,18,0,1,1,8,7,8,2,23,25,1,0,0,0,0,1,0,0,1,1,3,0,0,0,3,5,0,0,8,8,201,2,15,-124,114,New Orleans
2015,7,1,33,0,3,1,9,25,17,4,51,55,20,0,3,0,4,20,9,3,33,36,7,0,0,1,5,2,6,1,13,14,1,0,0,0,0,0,0,0,0,0,5,0,0,0,0,3,2,0,5,5,171,1,15,-123,115,New Orleans
2016,7,1,32,2,6,2,8,27,15,8,50,58,17,0,3,2,5,16,6,5,27,32,13,1,3,0,3,7,9,3,19,22,0,0,0,0,0,0,0,0,0,0,2,1,0,0,0,4,0,0,4,4,147,1,18,-128,110,New Orleans
2017,7,1,47,5,2,4,5,44,24,6,73,79,24,0,1,2,0,24,7,3,31,34,18,3,1,2,5,16,13,3,34,37,1,0,0,0,0,3,0,0,3,3,4,2,0,0,0,1,4,0,5,5,205,8,18,-127,111,New Orleans
2018,7,1,57,3,3,5,9,42,19,8,70,78,34,1,1,4,6,18,11,5,35,40,16,0,2,0,2,20,7,2,29,31,2,0,0,0,0,1,0,0,1,1,5,2,0,1,1,3,1,1,5,6,197,4,25,-126,112,New Orleans
2019,7,1,45,1,2,4,5,34,27,6,66,72,23,1,0,4,5,29,14,4,48,52,17,0,2,0,0,5,11,2,16,18,2,0,0,0,0,0,2,0,2,2,3,0,0,0,0,0,0,0,0,0,181,4,8,-125,113,New Orleans
2020,7,1,59,3,4,4,6,23,21,8,50,58,39,2,3,1,4,18,9,4,31,35,14,0,1,1,2,5,9,2,16,18,1,0,0,0,0,0,1,0,1,1,5,1,0,2,0,0,2,2,2,4,190,3,17,-123,115,New Orleans
2021,7,1,56,4,6,6,8,31,15,12,54,66,31,2,4,3,4,17,6,7,27,34,17,1,2,3,4,13,9,5,26,31,1,0,0,0,0,0,0,0,0,0,7,1,0,0,0,1,0,0,1,1,187,1,11,-129,109,New Orleans
2022,7,1,33,2,1,4,7,14,33,5,54,59,25,0,0,2,6,8,15,2,29,31,7,2,1,2,1,4,13,3,18,21,0,0,0,0,0,0,1,0,1,1,1,0,0,0,0,2,4,0,6,6,138,1,10,-128,110,New Orleans
2023,7,1,38,15,3,2,3,27,50,5,80,85,22,4,0,1,2,18,19,1,39,40,13,7,2,0,1,9,30,2,40,42,0,0,0,0,0,0,0,0,0,0,3,4,1,1,0,0,1,2,1,3,203,1,21,-127,111,New Orleans
2024,7,1,36,1,0,2,2,28,19,2,49,51,24,1,0,2,2,22,13,2,37,39,7,0,0,0,0,4,5,0,9,9,1,0,0,0,0,0,0,0,0,0,4,0,0,0,0,2,1,0,3,3,151,1,11,-125,113,New Orleans
2012,8,1,28,1,3,4,9,33,22,7,64,71,13,1,2,2,5,24,9,4,38,42,9,0,1,2,3,6,13,3,22,25,0,0,0,0,0,0,0,0,0,0,6,0,0,0,1,3,0,0,4,4,239,4,16,-95,143,New Orleans
2013,8,1,36,1,3,2,9,30,9,5,48,53,18,0,2,2,7,22,7,4,36,40,18,1,1,0,2,6,2,1,10,11,0,0,0,0,0,2,0,0,2,2,0,0,0,0,0,0,0,0,0,0,214,3,7,-94,144,New Orleans
2014,8,1,36,2,5,4,6,43,12,9,61,70,14,1,0,3,2,27,5,3,34,37,20,1,2,1,3,14,5,3,22,25,0,0,0,0,0,0,0,0,0,0,2,0,3,0,1,2,2,3,5,8,199,1,17,-93,145,New Orleans
2015,8,1,33,2,3,7,6,35,11,10,52,62,17,0,2,4,3,25,5,6,33,39,14,2,0,1,3,7,6,1,16,17,0,0,0,1,0,2,0,1,2,3,2,0,1,1,0,1,0,2,1,3,164,3,7,-92,146,New Orleans
2016,8,1,38,0,1,2,7,27,10,3,44,47,24,0,1,1,5,20,5,2,30,32,11,0,0,0,1,5,5,0,11,11,0,0,0,0,1,0,0,0,1,1,3,0,0,1,0,2,0,1,2,3,154,4,13,-97,141,New Orleans
2017,8,1,50,0,4,6,7,32,12,10,51,61,28,0,2,2,1,22,5,4,28,32,18,0,2,3,6,7,5,5,18,23,1,0,0,0,0,1,0,0,1,1,3,0,0,1,0,2,2,1,4,5,191,2,15,-96,142,New Orleans
2018,8,1,54,3,1,5,6,44,17,6,67,73,30,2,0,4,4,32,5,4,41,45,17,1,1,1,2,9,10,2,21,23,2,0,0,0,0,0,0,0,0,0,5,0,0,0,0,3,2,0,5,5,218,5,19,-95,143,New Orleans
2019,8,1,51,0,4,10,5,34,25,14,64,78,25,0,1,6,4,25,4,7,33,40,22,0,3,2,1,8,21,5,30,35,0,0,0,0,0,0,0,0,0,0,4,0,0,2,0,1,0,2,1,3,225,1,12,-94,144,New Orleans
2020,8,1,47,1,1,10,5,23,22,11,50,61,22,0,0,7,4,22,11,7,37,44,21,0,0,2,1,0,11,2,12,14,0,0,0,0,0,0,0,0,0,0,4,1,1,1,0,1,0,2,1,3,157,1,9,-92,146,New Orleans
2021,8,1,51,3,7,12,3,31,13,19,47,66,34,0,0,5,1,13,8,5,22,27,15,3,7,5,1,15,3,12,19,31,0,0,0,0,1,0,0,0,1,1,2,0,0,2,0,3,2,2,5,7,175,1,10,-98,140,New Orleans
2022,8,1,26,2,5,4,3,24,29,9,56,65,16,2,1,1,1,16,8,2,25,27,7,0,4,2,2,6,20,6,28,34,0,0,0,1,0,1,0,1,1,2,3,0,0,0,0,1,1,0,2,2,144,3,7,-97,141,New Orleans
2023,8,1,38,2,1,3,3,19,26,4,48,52,22,2,0,2,2,14,8,2,24,26,12,0,0,0,1,3,17,0,21,21,2,0,0,0,0,1,0,0,1,1,2,0,1,1,0,1,1,2,2,4,143,4,11,-96,142,New Orleans
2024,8,1,41,2,0,6,4,23,10,6,37,43,25,1,0,6,2,14,4,6,20,26,11,1,0,0,2,7,6,0,15,15,2,0,0,0,0,1,0,0,1,1,3,0,0,0,0,1,0,0,1,1,143,5,6,-94,144,New Orleans
2012,9,1,33,2,2,2,39,22,12,4,73,77,18,0,0,1,25,15,10,1,50,51,11,2,2,0,12,6,2,2,20,22,1,0,0,0,1,0,0,0,1,1,3,0,0,1,1,1,0,1,2,3,224,2,19,-64,174,New Orleans
2013,9,1,27,0,8,5,7,40,8,13,55,68,13,0,3,4,5,14,5,7,24,31,9,0,2,0,2,24,3,2,29,31,0,0,0,0,0,0,0,0,0,0,5,0,3,1,0,2,0,4,2,6,192,0,18,-63,175,New Orleans
2014,9,1,34,2,4,6,4,28,11,10,43,53,20,2,0,3,2,16,5,3,23,26,9,0,4,2,1,11,6,6,18,24,0,0,0,0,0,0,0,0,0,0,5,0,0,1,1,1,0,1,2,3,169,1,12,-62,176,New Orleans
2015,9,1,36,2,2,1,5,34,8,3,47,50,23,0,1,1,2,20,6,2,28,30,11,2,1,0,3,10,2,1,15,16,1,0,0,0,0,0,0,0,0,0,1,0,0,0,0,4,0,0,4,4,181,1,8,-61,177,New Orleans
2016,9,1,24,0,3,3,8,22,17,6,47,53,13,0,2,3,6,15,7,5,28,33,9,0,1,0,2,7,9,1,18,19,0,0,0,0,0,0,0,0,0,0,2,0,0,0,0,0,1,0,1,1,136,0,7,-66,172,New Orleans
2017,9,1,55,0,3,4,9,41,15,7,65,72,35,0,1,2,7,27,6,3,40,43,19,0,2,2,2,13,6,4,21,25,0,0,0,0,0,0,0,0,0,0,1,0,0,0,0,1,3,0,4,4,218,0,11,-65,173,New Orleans
2018,9,1,50,0,1,2,4,51,32,3,87,90,23,0,0,1,2,24,12,1,38,39,23,0,1,1,1,24,15,2,40,42,0,0,0,0,0,0,0,0,0,0,4,0,0,0,1,3,5,0,9,9,224,0,19,-64,174,New Orleans
2019,9,1,51,5,2,4,4,40,29,6,73,79,31,3,0,2,2,19,11,2,32,34,16,2,2,2,2,19,17,4,38,42,0,0,0,0,0,1,0,0,1,1,4,0,0,0,0,1,1,0,2,2,205,2,9,-63,175,New Orleans
2020,9,1,38,1,2,2,7,25,37,4,69,73,25,1,1,0,4,22,18,1,44,45,12,0,1,2,2,2,17,3,21,24,0,0,0,0,0,0,1,0,1,1,1,0,0,0,1,1,1,0,3,3,189,3,12,-61,177,New Orleans
2021,9,1,32,3,5,3,45,18,12,8,75,83,17,0,3,3,31,13,12,6,56,62,7,3,2,0,14,5,0,2,19,21,1,0,0,0,0,0,0,0,0,0,7,0,0,0,0,0,0,0,0,0,154,1,10,-67,171,New Orleans
2022,9,1,26,3,2,5,3,24,31,7,58,65,15,2,1,2,1,8,16,3,25,28,11,1,1,3,2,13,13,4,28,32,0,0,0,0,0,0,0,0,0,0,0,0,0,0,0,3,2,0,5,5,142,0,9,-66,172,New Orleans
2023,9,1,30,3,3,6,9,27,21,9,57,66,14,1,2,4,5,11,8,6,24,30,14,0,0,2,4,16,13,2,33,35,0,0,0,0,0,0,0,0,0,0,2,2,1,0,0,0,0,1,0,1,155,2,9,-65,173,New Orleans
2024,9,1,42,0,2,3,3,30,15,5,48,53,24,0,1,1,1,15,4,2,20,22,16,0,1,2,1,12,11,3,24,27,2,0,0,0,1,0,0,0,1,1,0,0,0,0,0,3,0,0,3,3,164,3,7,-63,175,New Orleans
2012,10,1,23,2,4,6,13,31,7,10,51,61,13,1,2,3,8,19,4,5,31,36,7,1,2,2,5,12,3,4,20,24,2,0,0,0,0,0,0,0,0,0,1,0,0,1,0,0,0,1,0,1,170,2,4,-34,204,New Orleans
2013,10,1,22,2,4,0,6,43,9,4,58,62,9,2,0,0,3,28,2,0,33,33,10,0,4,0,2,14,7,4,23,27,1,0,0,0,0,0,0,0,0,0,2,0,0,0,1,1,0,0,2,2,210,2,11,-33,205,New Orleans
2014,10,1,36,3,4,4,10,40,12,8,62,70,18,3,3,1,8,26,5,4,39,43,16,0,1,0,2,13,5,1,20,21,0,0,0,0,0,0,0,0,0,0,2,0,0,3,0,1,2,3,3,6,210,2,9,-32,206,New Orleans
2015,10,1,28,1,9,4,6,38,8,13,52,65,16,0,4,2,5,21,4,6,30,36,12,1,4,1,1,14,4,5,19,24,0,0,0,0,0,0,0,0,0,0,0,0,1,1,0,3,0,2,3,5,176,2,11,-31,207,New Orleans
2016,10,1,47,1,2,5,1,42,16,7,59,66,20,1,2,3,1,30,7,5,38,43,26,0,0,2,0,8,7,2,15,17,0,0,0,0,0,0,0,0,0,0,1,0,0,0,0,4,2,0,6,6,168,0,12,-36,202,New Orleans
2017,10,1,50,2,3,8,7,32,14,11,53,64,23,1,0,4,3,9,11,4,23,27,18,1,1,3,4,20,3,4,27,31,0,0,1,0,0,0,0,1,0,1,9,0,1,1,0,3,0,2,3,5,180,1,19,-35,203,New Orleans
2018,10,1,47,2,2,3,10,33,14,5,57,62,27,1,0,2,6,20,5,2,31,33,14,1,2,1,4,12,8,3,24,27,0,0,0,0,0,0,0,0,0,0,6,0,0,0,0,1,1,0,2,2,209,2,10,-34,204,New Orleans
2019,10,1,49,2,1,4,3,33,24,5,60,65,24,1,0,1,1,29,6,1,36,37,20,1,1,1,2,3,14,2,19,21,1,0,0,0,0,0,0,0,0,0,4,0,0,2,0,1,4,2,5,7,186,1,13,-33,205,New Orleans
2020,10,1,51,1,1,9,5,23,23,10,51,61,25,1,0,5,1,18,9,5,28,33,20,0,1,4,4,4,10,5,18,23,1,0,0,0,0,0,0,0,0,0,5,0,0,0,0,1,4,0,5,5,183,1,15,-31,207,New Orleans
2021,10,1,51,0,0,6,7,25,13,6,45,51,30,0,0,3,3,17,8,3,28,31,18,0,0,3,3,7,5,3,15,18,0,0,0,0,0,0,0,0,0,0,3,0,0,0,1,1,0,0,2,2,157,0,8,-37,201,New Orleans
2022,10,1,31,6,0,6,6,27,35,6,68,74,18,3,0,5,2,15,11,5,28,33,12,3,0,1,3,12,21,1,36,37,0,0,0,0,0,0,0,0,0,0,1,0,0,0,1,0,3,0,4,4,166,0,6,-36,202,New Orleans
2023,10,1,35,2,1,6,3,32,36,7,71,78,18,2,0,2,3,13,10,2,26,28,13,0,1,4,0,17,25,5,42,47,0,0,0,0,0,1,0,0,1,1,4,0,0,0,0,1,1,0,2,2,175,2,11,-35,203,New Orleans
2024,10,1,47,1,2,3,3,22,7,5,32,37,30,1,1,0,0,15,3,1,18,19,13,0,1,3,2,5,3,4,10,14,0,0,0,0,0,0,0,0,0,0,4,0,0,0,1,2,1,0,4,4,147,0,16,-33,205,New Orleans
2012,11,1,31,3,2,2,9,34,14,4,57,61,13,3,0,1,5,17,3,1,25,26,15,0,2,1,4,16,11,3,31,34,0,0,0,0,0,0,0,0,0,0,3,0,0,0,0,1,0,0,1,1,210,0,15,-3,235,New Orleans
2013,11,1,23,3,5,4,9,52,20,9,81,90,7,2,1,1,3,30,6,2,39,41,14,1,4,3,6,19,11,7,36,43,0,0,0,0,0,1,0,0,1,1,2,0,0,0,0,2,3,0,5,5,198,1,10,-2,236,New Orleans
2014,11,1,25,2,2,2,5,52,20,4,77,81,13,0,0,1,3,24,8,1,35,36,12,2,2,1,2,23,10,3,35,38,0,0,0,0,0,2,1,0,3,3,0,0,0,0,0,3,1,0,4,4,186,3,10,-1,237,New Orleans
2015,11,1,34,1,6,1,5,44,20,7,69,76,11,0,3,0,1,20,11,3,32,35,21,1,3,1,4,21,8,4,33,37,0,0,0,0,0,0,0,0,0,0,2,0,0,0,0,3,1,0,4,4,174,0,7,0,238,New Orleans
2016,11,1,27,5,8,3,6,45,20,11,71,82,13,0,2,1,6,29,7,3,42,45,11,5,4,2,0,12,13,6,25,31,0,0,1,0,0,1,0,1,1,2,3,0,1,0,0,3,0,1,3,4,208,2,18,-5,233,New Orleans
2017,11,1,54,1,2,3,3,38,20,5,61,66,30,0,0,2,2,18,8,2,28,30,22,1,1,1,1,18,11,2,30,32,0,0,0,0,0,0,0,0,0,0,2,0,1,0,0,2,1,1,3,4,204,1,12,-4,234,New Orleans
2018,11,1,41,2,5,5,3,40,33,10,76,86,21,0,2,3,2,26,11,5,39,44,18,2,3,2,1,14,21,5,36,41,1,0,0,0,0,0,0,0,0,0,1,0,0,0,0,0,1,0,1,1,230,1,7,-3,235,New Orleans
2019,11,1,30,1,3,5,11,47,11,8,69,77,17,0,1,3,4,19,6,4,29,33,12,1,2,2,7,26,4,4,37,41,1,0,0,0,0,0,0,0,0,0,0,0,0,0,0,2,1,0,3,3,195,2,9,-2,236,New Orleans
2020,11,1,52,2,4,6,6,30,37,10,73,83,22,0,2,5,3,21,22,7,46,53,28,2,2,0,2,7,12,2,21,23,0,0,0,0,0,0,0,0,0,0,2,0,0,1,1,2,3,1,6,7,189,0,13,0,238,New Orleans
2021,11,1,45,5,1,5,3,34,21,6,58,64,17,2,0,1,0,21,7,1,28,29,22,3,1,4,3,12,12,5,27,32,3,0,0,0,0,0,0,0,0,0,3,0,0,0,0,1,2,0,3,3,178,4,7,-6,232,New Orleans
2022,11,1,42,8,6,8,7,21,20,14,48,62,21,3,2,4,3,8,5,6,16,22,17,5,4,3,4,13,13,7,30,37,1,0,0,0,0,0,0,0,0,0,3,0,0,1,0,0,2,1,2,3,170,3,8,-5,233,New Orleans
2023,11,1,46,3,0,9,3,33,36,9,72,81,25,3,0,3,0,19,12,3,31,34,17,0,0,5,3,12,23,5,38,43,1,0,0,0,0,1,0,0,1,1,3,0,0,1,0,1,1,1,2,3,196,2,8,-4,234,New Orleans
2024,11,1,52,1,3,6,3,42,21,9,66,75,26,1,2,1,2,22,6,3,30,33,21,0,1,5,1,18,15,6,34,40,2,0,0,0,0,1,0,0,1,1,3,0,0,0,0,1,0,0,1,1,173,3,6,-2,236,New Orleans
2012,12,1,28,2,0,0,8,36,7,0,51,51,9,1,0,0,4,16,4,0,24,24,17,1,0,0,4,20,3,0,27,27,0,0,0,0,0,0,0,0,0,0,2,0,0,0,0,0,0,0,0,0,181,1,9,27,265,New Orleans
2013,12,1,25,2,3,3,4,33,21,6,58,64,13,1,0,0,2,18,5,0,25,25,11,1,3,2,1,15,14,5,30,35,0,0,0,0,1,0,0,0,1,1,1,0,0,1,0,0,2,1,2,3,162,1,7,28,266,New Orleans
2014,12,1,32,0,3,3,6,39,24,6,69,75,17,0,0,2,3,34,12,2,49,51,11,0,3,0,1,5,10,3,16,19,0,0,0,1,2,0,0,1,2,3,4,0,0,0,0,0,2,0,2,2,186,3,11,29,267,New Orleans
2015,12,1,37,3,3,3,15,27,11,6,53,59,16,2,2,2,11,17,4,4,32,36,18,1,1,1,4,7,6,2,17,19,0,0,0,0,0,0,0,0,0,0,3,0,0,0,0,3,1,0,4,4,159,0,9,30,268,New Orleans
2016,12,1,43,3,6,4,12,35,12,10,59,69,20,2,3,2,6,20,3,5,29,34,19,1,3,2,6,15,6,5,27,32,1,0,0,0,0,0,0,0,0,0,3,0,0,0,0,0,3,0,3,3,178,1,12,25,263,New Orleans
2017,12,1,42,1,4,3,3,32,21,7,56,63,17,0,0,0,2,16,4,0,22,22,20,0,3,3,1,16,15,6,32,38,1,0,0,0,0,0,1,0,1,1,4,1,1,0,0,0,1,1,1,2,180,4,13,26,264,New Orleans
2018,12,1,50,1,2,7,8,35,32,9,75,84,18,1,0,4,3,22,9,4,34,38,31,0,2,2,5,9,22,4,36,40,0,0,0,0,0,0,0,0,0,0,1,0,0,1,0,4,1,1,5,6,205,0,9,27,265,New Orleans
2019,12,1,49,6,5,7,4,30,63,12,97,109,18,0,2,3,1,13,13,5,27,32,27,6,3,4,3,16,49,7,68,75,0,0,0,0,0,1,1,0,2,2,4,0,0,0,0,0,0,0,0,0,230,2,7,28,266,New Orleans
2020,12,1,32,1,1,5,5,17,32,6,54,60,14,0,0,2,2,9,6,2,17,19,14,1,1,2,3,6,23,3,32,35,0,0,0,0,0,0,1,0,1,1,4,0,0,1,0,2,2,1,4,5,134,1,13,30,268,New Orleans
2021,12,1,38,1,6,5,6,28,35,11,69,80,14,1,2,3,3,14,10,5,27,32,23,0,4,2,3,13,24,6,40,46,0,0,0,0,0,0,0,0,0,0,1,0,0,0,0,1,1,0,2,2,181,0,7,24,262,New Orleans
2022,12,1,27,3,6,3,8,23,31,9,62,71,14,3,3,1,3,15,15,4,33,37,11,0,3,2,4,8,16,5,28,33,0,0,0,0,1,0,0,0,1,1,2,0,0,0,0,0,0,0,0,0,150,1,5,25,263,New Orleans
2023,12,1,41,5,3,1,6,36,12,4,54,58,15,2,0,1,3,24,5,1,32,33,25,3,3,0,3,9,7,3,19,22,0,0,0,0,0,0,0,0,0,0,1,0,0,0,0,3,0,0,3,3,167,0,7,26,264,New Orleans
2024,12,1,41,4,4,3,1,20,19,7,40,47,20,0,0,2,0,10,6,2,16,18,19,3,3,1,0,10,11,4,21,25,1,0,0,0,1,0,0,0,1,1,1,1,1,0,0,0,2,1,2,3,144,2,8,28,266,New Orleans
2012,1,2,20,2,13,2,14,27,17,15,58,73,6,0,2,2,7,12,6,4,25,29,12,2,9,0,6,14,11,9,31,40,0,0,0,0,0,0,0,0,0,0,2,0,2,0,1,1,0,2,2,4,179,0,11,-307,-69,New Orleans
2013,1,2,26,1,2,2,5,38,8,4,51,55,9,0,0,0,3,19,4,0,26,26,15,1,2,1,2,15,4,3,21,24,0,0,0,0,0,0,0,0,0,0,2,0,0,1,0,4,0,1,4,5,165,0,11,-305,-67,New Orleans
2014,1,2,32,2,4,8,12,40,18,12,70,82,13,2,0,1,8,23,7,1,38,39,17,0,4,6,3,12,11,10,26,36,0,0,0,0,0,0,0,0,0,0,2,0,0,1,1,5,0,1,6,7,170,0,9,-304,-66,New Orleans
2015,1,2,22,1,3,3,7,42,10,6,59,65,8,0,1,0,4,18,7,1,29,30,13,1,2,1,3,17,3,3,23,26,0,0,0,0,0,1,0,0,1,1,1,0,0,2,0,6,0,2,6,8,134,1,9,-303,-65,New Orleans
2016,1,2,35,0,7,4,5,24,26,11,55,66,14,0,2,2,3,12,8,4,23,27,18,0,5,2,1,11,16,7,28,35,0,0,0,0,0,0,0,0,0,0,3,0,0,0,1,1,2,0,4,4,166,1,9,-309,-71,New Orleans
2017,1,2,48,2,4,5,13,35,12,9,60,69,18,0,0,2,8,14,4,2,26,28,27,2,4,2,4,18,7,6,29,35,0,0,0,0,0,0,0,0,0,0,3,0,0,1,1,3,1,1,5,6,164,1,12,-307,-69,New Orleans
2018,1,2,46,0,1,0,3,32,19,1,54,55,24,0,0,0,2,20,5,0,27,27,19,0,1,0,1,10,13,1,24,25,1,0,0,0,0,0,0,0,0,0,2,0,0,0,0,2,1,0,3,3,169,2,13,-306,-68,New Orleans
2019,1,2,48,5,2,5,12,25,32,7,69,76,24,1,1,3,3,13,12,4,28,32,21,3,1,2,9,10,20,3,39,42,0,0,0,0,0,0,0,0,0,0,3,1,0,0,0,2,0,0,2,2,197,0,11,-305,-67,New Orleans
2020,1,2,23,0,1,1,2,12,10,2,24,26,16,0,1,0,0,7,5,1,12,13,6,0,0,1,1,5,5,1,11,12,0,0,0,0,0,0,0,0,0,0,1,0,0,0,1,0,0,0,1,1,63,0,4,-304,-66,New Orleans
2021,1,2,33,2,1,5,7,24,28,6,59,65,19,1,0,1,2,13,15,1,30,31,11,1,1,3,5,10,13,4,28,32,0,0,0,1,0,0,0,1,0,1,3,0,0,0,0,1,0,0,1,1,143,1,8,-309,-71,New Orleans
2022,1,2,56,1,5,9,10,26,41,14,77,91,20,0,2,3,3,12,23,5,38,43,30,0,2,4,6,13,16,6,35,41,1,0,0,0,0,0,0,0,0,0,5,1,1,2,1,1,2,3,4,7,188,1,15,-308,-70,New Orleans
2023,1,2,25,3,4,6,11,16,75,10,102,112,9,0,2,2,8,9,17,4,34,38,14,2,2,3,2,6,55,5,63,68,0,0,0,0,1,0,0,0,1,1,2,1,0,1,0,1,3,1,4,5,187,1,12,-307,-69,New Orleans
2024,1,2,49,3,3,0,4,20,28,3,52,55,19,3,0,0,1,12,7,0,20,20,28,0,3,0,3,6,21,3,30,33,0,0,0,0,0,1,0,0,1,1,2,0,0,0,0,1,0,0,1,1,167,2,4,-306,-68,New Orleans
2012,2,2,22,2,2,2,5,33,9,4,47,51,10,1,1,1,1,21,7,2,29,31,9,1,1,1,3,9,2,2,14,16,0,0,0,0,0,0,0,0,0,0,3,0,0,0,1,3,0,0,4,4,169,0,8,-276,-38,New Orleans
2013,2,2,37,0,4,5,9,76,19,9,104,113,9,0,0,1,2,28,12,1,42,43,23,0,3,4,4,45,6,7,55,62,0,0,0,0,0,0,0,0,0,0,5,0,1,0,3,3,1,1,7,8,234,0,15,-274,-36,New Orleans
2014,2,2,24,0,3,4,5,26,23,7,54,61,9,0,0,4,2,16,9,4,27,31,12,0,2,0,3,8,13,2,24,26,0,0,0,0,0,0,1,0,1,1,3,0,1,0,0,2,0,1,2,3,134,1,8,-273,-35,New Orleans
2015,2,2,32,3,1,2,14,28,10,3,52,55,17,3,1,1,12,17,4,2,33,35,14,0,0,1,2,8,6,1,16,17,0,0,0,0,0,0,0,0,0,0,1,0,0,0,0,3,0,0,3,3,168,0,9,-272,-34,New Orleans
2016,2,2,37,0,2,4,7,31,15,6,53,59,17,0,1,2,7,20,10,3,37,40,19,0,1,1,0,8,5,2,13,15,1,0,0,0,0,1,0,0,1,1,0,0,0,1,0,2,0,1,2,3,172,2,8,-278,-40,New Orleans
2017,2,2,45,3,1,3,6,42,8,4,56,60,23,3,0,0,3,24,3,0,30,30,18,0,1,3,3,13,5,4,21,25,1,0,0,0,0,1,0,0,1,1,3,0,0,0,0,4,0,0,4,4,199,2,12,-276,-38,New Orleans
2018,2,2,48,0,1,7,3,47,23,8,73,81,25,0,0,4,3,23,8,4,34,38,20,0,1,2,0,21,13,3,34,37,0,0,0,0,0,0,0,0,0,0,3,0,0,1,0,3,2,1,5,6,221,0,16,-275,-37,New Orleans
2019,2,2,58,1,0,7,11,43,41,7,95,102,31,1,0,3,5,20,14,3,39,42,24,0,0,4,6,20,23,4,49,53,0,0,0,0,0,0,0,0,0,0,3,0,0,0,0,3,4,0,7,7,228,1,14,-274,-36,New Orleans
2020,2,2,44,1,4,2,3,32,19,6,54,60,14,0,1,2,2,19,5,3,26,29,28,1,3,0,1,10,13,3,24,27,0,0,0,0,0,1,1,0,2,2,2,0,0,0,0,2,0,0,2,2,148,4,6,-273,-35,New Orleans
2021,2,2,31,1,3,7,3,24,15,10,42,52,15,1,0,3,1,15,7,3,23,26,11,0,3,4,2,8,5,7,15,22,0,0,0,0,0,0,0,0,0,0,5,0,0,0,0,1,3,0,4,4,137,0,12,-278,-40,New Orleans
2022,2,2,44,2,0,1,5,34,20,1,59,60,25,1,0,1,1,18,7,1,26,27,15,0,0,0,3,11,13,0,27,27,0,0,0,0,0,0,0,0,0,0,4,1,0,0,1,5,0,0,6,6,178,1,17,-277,-39,New Orleans
2023,2,2,34,1,1,6,11,36,10,7,57,64,19,0,1,2,5,16,3,3,24,27,13,1,0,3,6,18,7,3,31,34,1,0,0,0,0,1,0,0,1,1,1,0,0,1,0,1,0,1,1,2,157,3,6,-276,-38,New Orleans
2024,2,2,24,8,1,4,4,62,34,5,100,105,12,0,1,2,4,20,10,3,34,37,10,7,0,2,0,39,23,2,62,64,0,0,0,0,0,0,0,0,0,0,2,1,0,0,0,3,1,0,4,4,205,0,12,-275,-37,New Orleans
2012,3,2,15,3,2,3,7,31,14,5,52,57,5,1,1,2,5,18,6,3,29,32,9,2,1,1,2,12,8,2,22,24,0,0,0,0,0,0,0,0,0,0,1,0,0,0,0,1,0,0,1,1,183,1,8,-247,-9,New Orleans
2013,3,2,30,0,4,0,2,39,11,4,52,56,14,0,2,0,0,21,3,2,24,26,13,0,1,0,2,17,7,1,26,27,0,0,0,0,0,0,0,0,0,0,3,0,1,0,0,1,1,1,2,3,154,0,10,-246,-8,New Orleans
2014,3,2,52,6,1,0,8,82,31,1,121,122,24,2,0,0,5,29,8,0,42,42,25,4,1,0,3,51,20,1,74,75,0,0,0,0,0,0,0,0,0,0,3,0,0,0,0,2,3,0,5,5,269,0,16,-245,-7,New Orleans
2015,3,2,28,0,2,3,12,25,11,5,48,53,16,0,1,2,6,16,5,3,27,30,9,0,1,1,6,9,6,2,21,23,0,0,0,0,0,0,0,0,0,0,3,0,0,0,0,0,0,0,0,0,142,0,4,-244,-6,New Orleans
2016,3,2,41,2,3,2,3,17,9,5,29,34,19,2,3,1,2,12,5,4,19,23,21,0,0,0,1,5,3,0,9,9,0,0,0,1,0,0,1,1,1,2,1,0,0,0,0,0,0,0,0,0,186,2,9,-249,-11,New Orleans
2017,3,2,42,1,3,3,8,40,19,6,67,73,17,0,0,3,5,26,9,3,40,43,21,1,2,0,3,12,9,2,24,26,1,0,0,0,0,0,0,0,0,0,3,0,1,0,0,2,1,1,3,4,188,1,11,-248,-10,New Orleans
2018,3,2,44,1,4,3,6,35,17,7,58,65,27,0,3,2,4,20,8,5,32,37,16,0,1,1,1,12,8,2,21,23,0,0,0,0,0,0,0,0,0,0,1,1,0,0,1,3,1,0,5,5,191,1,7,-247,-9,New Orleans
2019,3,2,56,4,2,2,3,115,17,4,135,139,21,0,0,0,2,27,7,0,36,36,34,4,2,2,1,83,10,4,94,98,0,0,0,0,0,1,0,0,1,1,1,0,0,0,0,4,0,0,4,4,328,1,15,-246,-8,New Orleans
2020,3,2,53,2,1,6,3,27,30,7,60,67,27,1,1,3,2,19,12,4,33,37,24,1,0,3,0,8,16,3,24,27,0,0,0,0,0,0,0,0,0,0,2,0,0,0,1,0,2,0,3,3,177,0,9,-244,-6,New Orleans
2021,3,2,39,2,1,5,2,23,16,6,41,47,21,1,0,3,2,18,2,3,22,25,18,1,1,1,0,5,13,2,18,20,0,0,0,0,0,0,1,0,1,1,0,0,0,1,0,0,0,1,0,1,132,1,2,-250,-12,New Orleans
2022,3,2,48,2,1,10,4,29,21,11,54,65,29,0,0,2,3,19,7,2,29,31,18,2,1,7,1,9,14,8,24,32,0,0,0,0,0,0,0,0,0,0,1,0,0,1,0,1,0,1,1,2,169,1,8,-249,-11,New Orleans
2023,3,2,34,4,3,4,2,17,23,7,42,49,22,3,0,0,1,13,16,0,30,30,10,1,3,4,1,2,7,7,10,17,0,0,0,0,0,0,0,0,0,0,2,0,0,0,0,2,0,0,2,2,148,0,7,-248,-10,New Orleans
2024,3,2,31,1,1,5,3,37,25,6,65,71,17,0,0,2,2,13,11,2,26,28,14,1,1,3,1,22,13,4,36,40,0,0,0,0,0,1,0,0,1,1,0,0,0,0,0,1,1,0,2,2,150,2,5,-246,-8,New Orleans
2012,4,2,16,3,3,3,5,27,14,6,46,52,7,2,0,0,3,20,9,0,32,32,9,1,3,2,2,6,5,5,13,18,0,0,0,0,0,0,0,0,0,0,0,0,0,1,0,1,0,1,1,2,191,0,5,-216,22,New Orleans
2013,4,2,29,0,1,5,9,30,10,6,49,55,17,0,0,2,6,24,3,2,33,35,11,0,1,3,3,4,6,4,13,17,0,0,0,0,0,0,0,0,0,0,1,0,0,0,0,2,1,0,3,3,177,0,10,-215,23,New Orleans
2014,4,2,34,4,3,7,11,30,9,10,50,60,19,3,1,4,8,20,5,5,33,38,15,1,2,3,3,9,4,5,16,21,0,0,0,0,0,0,0,0,0,0,0,0,0,0,0,1,0,0,1,1,201,0,5,-214,24,New Orleans
2015,4,2,27,0,8,3,5,26,10,11,41,52,13,0,2,2,3,14,0,4,17,21,14,0,5,1,2,10,10,6,22,28,0,0,0,0,0,0,0,0,0,0,0,0,1,0,0,2,0,1,2,3,155,2,4,-213,25,New Orleans
2016,4,2,31,3,2,3,7,27,11,5,45,50,19,1,0,2,4,20,4,2,28,30,11,2,2,1,2,7,6,3,15,18,0,0,0,0,0,0,0,0,0,0,1,0,0,0,1,0,1,0,2,2,146,0,7,-218,20,New Orleans
2017,4,2,41,0,4,7,3,38,9,11,50,61,18,0,2,3,2,25,3,5,30,35,19,0,2,3,1,11,6,5,18,23,0,0,0,0,0,0,0,0,0,0,4,0,0,1,0,2,0,1,2,3,154,1,9,-217,21,New Orleans
2018,4,2,56,2,2,7,6,37,23,9,66,75,36,1,0,4,2,25,8,4,35,39,18,1,2,3,3,10,15,5,28,33,0,0,0,0,1,1,0,0,2,2,2,0,0,0,0,1,0,0,1,1,209,2,9,-216,22,New Orleans
2019,4,2,55,3,1,6,3,45,37,7,85,92,30,3,0,2,2,33,9,2,44,46,23,0,1,3,1,9,27,4,37,41,0,0,0,0,0,1,1,0,2,2,2,0,0,1,0,2,0,1,2,3,225,3,9,-215,23,New Orleans
2020,4,2,38,4,1,5,9,15,19,6,43,49,23,3,0,2,5,9,8,2,22,24,11,1,1,2,4,4,11,3,19,22,1,0,0,1,0,1,0,1,1,2,3,0,0,0,0,1,0,0,1,1,138,3,8,-213,25,New Orleans
2021,4,2,44,0,1,7,5,19,26,8,50,58,27,0,0,4,2,12,15,4,29,33,14,0,1,3,3,5,8,4,16,20,0,0,0,0,0,0,0,0,0,0,3,0,0,0,0,2,3,0,5,5,168,0,13,-219,19,New Orleans
2022,4,2,43,2,7,5,4,42,29,12,75,87,28,1,4,3,2,19,10,7,31,38,11,1,3,2,2,22,18,5,42,47,0,0,0,0,0,0,0,0,0,0,4,0,0,0,0,1,1,0,2,2,192,0,7,-218,20,New Orleans
2023,4,2,40,7,3,10,7,29,43,13,79,92,16,6,1,2,4,13,13,3,30,33,22,1,2,6,3,14,27,8,44,52,0,0,0,0,0,1,1,0,2,2,2,0,0,2,0,1,2,2,3,5,189,2,8,-217,21,New Orleans
2024,4,2,47,2,3,2,3,26,19,5,48,53,24,1,1,1,1,18,10,2,29,31,20,1,2,0,2,5,6,2,13,15,0,0,0,0,0,1,0,0,1,1,3,0,0,1,0,2,3,1,5,6,171,1,14,-215,23,New Orleans
2012,5,2,28,1,1,4,6,37,17,5,60,65,19,0,0,2,2,27,9,2,38,40,9,1,1,0,4,10,8,1,22,23,0,0,0,0,0,0,0,0,0,0,0,0,0,2,0,0,0,2,0,2,233,2,14,-186,52,New Orleans
2013,5,2,21,0,1,3,7,34,7,4,48,52,7,0,1,1,3,24,0,2,27,29,10,0,0,2,3,9,6,2,18,20,0,0,0,0,0,0,0,0,0,0,4,0,0,0,1,1,1,0,3,3,172,1,16,-185,53,New Orleans
2014,5,2,40,1,4,3,8,36,6,7,50,57,18,0,2,1,5,23,4,3,32,35,18,1,2,0,2,9,1,2,12,14,1,0,0,0,0,0,0,0,0,0,3,0,0,2,1,4,1,2,6,8,221,2,22,-184,54,New Orleans
2015,5,2,30,1,2,3,6,40,16,5,62,67,17,0,1,1,3,21,5,2,29,31,10,1,1,2,2,14,9,3,25,28,0,0,0,0,0,2,1,0,3,3,3,0,0,0,1,3,1,0,5,5,161,3,11,-183,55,New Orleans
2016,5,2,38,1,2,4,6,27,16,6,49,55,21,1,1,4,4,20,8,5,32,37,13,0,0,0,1,7,7,0,15,15,0,0,0,0,0,0,0,0,0,0,4,0,1,0,1,0,1,1,2,3,167,1,14,-188,50,New Orleans
2017,5,2,44,1,4,4,7,35,12,8,54,62,22,0,1,1,5,28,4,2,37,39,18,1,3,3,2,5,7,6,14,20,0,0,0,0,0,0,0,0,0,0,4,0,0,0,0,2,1,0,3,3,178,0,16,-187,51,New Orleans
2018,5,2,58,2,2,5,6,30,9,7,45,52,39,2,1,5,2,20,4,6,26,32,12,0,1,0,4,7,5,1,16,17,1,0,0,0,0,0,0,0,0,0,6,0,0,0,0,3,0,0,3,3,215,1,24,-186,52,New Orleans
2019,5,2,60,1,0,3,5,33,34,3,72,75,33,0,0,0,4,27,8,0,39,39,24,1,0,3,1,4,25,3,30,33,0,0,0,0,0,1,0,0,1,1,3,0,0,0,0,1,1,0,2,2,239,1,13,-185,53,New Orleans
2020,5,2,40,4,0,3,2,22,16,3,40,43,26,2,0,2,1,13,11,2,25,27,9,1,0,1,1,8,3,1,12,13,0,0,0,0,0,0,0,0,0,0,5,1,0,0,0,1,2,0,3,3,125,0,11,-183,55,New Orleans
2021,5,2,61,3,4,10,5,24,32,14,61,75,37,3,0,4,3,13,10,4,26,30,18,0,4,6,2,7,20,10,29,39,0,0,0,0,0,0,0,0,0,0,6,0,0,0,0,4,2,0,6,6,198,0,19,-189,49,New Orleans
2022,5,2,51,3,3,4,6,28,22,7,56,63,36,3,1,4,4,18,11,5,33,38,13,0,2,0,2,7,11,2,20,22,0,0,0,0,0,1,0,0,1,1,2,0,0,0,0,2,0,0,2,2,193,1,8,-188,50,New Orleans
2023,5,2,39,1,2,1,4,32,36,3,72,75,24,0,0,1,2,20,8,1,30,31,10,0,2,0,2,11,27,2,40,42,0,0,0,0,0,0,1,0,1,1,5,1,0,0,0,1,0,0,1,1,154,2,13,-187,51,New Orleans
2024,5,2,40,3,1,1,8,33,15,2,56,58,25,3,1,1,3,20,4,2,27,29,13,0,0,0,5,12,11,0,28,28,0,0,0,0,0,0,0,0,0,0,2,0,0,0,0,1,0,0,1,1,162,2,8,-185,53,New Orleans
2012,6,2,30,1,4,3,9,29,11,7,49,56,20,0,3,2,7,19,7,5,33,38,8,0,1,1,2,8,4,2,14,16,0,0,0,0,0,0,0,0,0,0,2,1,0,0,0,2,0,0,2,2,183,1,18,-155,83,New Orleans
2013,6,2,36,3,6,3,5,34,12,9,51,60,14,1,1,2,2,19,4,3,25,28,19,1,5,1,2,12,8,6,22,28,1,0,0,0,0,0,0,0,0,0,2,1,0,0,1,3,0,0,4,4,188,2,26,-154,84,New Orleans
2014,6,2,26,0,4,5,6,43,16,9,65,74,14,0,0,4,4,33,4,4,41,45,9,0,4,1,1,9,10,5,20,25,0,0,0,0,0,0,0,0,0,0,3,0,0,0,1,1,2,0,4,4,210,1,24,-153,85,New Orleans
2015,6,2,34,1,2,2,9,30,14,4,53,57,18,0,0,1,5,19,7,1,31,32,13,1,2,0,4,7,6,2,17,19,0,0,0,0,0,2,0,0,2,2,3,0,0,1,0,2,1,1,3,4,160,2,14,-152,86,New Orleans
2016,6,2,59,1,8,3,9,22,19,11,50,61,33,1,7,1,7,14,12,8,33,41,22,0,1,2,1,7,6,3,14,17,0,0,0,0,0,0,0,0,0,0,4,0,0,0,1,1,1,0,3,3,183,0,14,-157,81,New Orleans
2017,6,2,47,4,9,1,3,33,22,10,58,68,30,2,2,0,1,18,6,2,25,27,10,2,7,1,2,14,14,8,30,38,1,0,0,0,0,0,0,0,0,0,6,0,0,0,0,1,2,0,3,3,196,3,11,-156,82,New Orleans
2018,6,2,68,1,7,5,7,46,25,12,78,90,46,0,4,3,3,30,17,7,50,57,17,1,3,2,4,13,6,5,23,28,1,0,0,0,0,1,1,0,2,2,4,0,0,0,0,2,1,0,3,3,220,4,12,-155,83,New Orleans
2019,6,2,50,1,1,4,8,41,18,5,67,72,33,0,0,2,3,27,6,2,36,38,14,1,1,1,4,9,10,2,23,25,0,0,0,0,0,0,1,0,1,1,3,0,0,1,1,5,1,1,7,8,217,1,22,-154,84,New Orleans
2020,6,2,65,3,1,7,4,32,14,8,50,58,35,1,0,6,2,20,8,6,30,36,21,1,0,1,2,9,6,1,17,18,1,0,0,0,0,1,0,0,1,1,8,1,1,0,0,2,0,1,2,3,169,2,17,-152,86,New Orleans
2021,6,2,39,0,2,7,3,19,24,9,46,55,21,0,1,4,2,16,10,5,28,33,13,0,1,2,1,2,11,3,14,17,0,0,0,0,0,0,1,0,1,1,5,0,0,1,0,1,2,1,3,4,138,1,11,-158,80,New Orleans
2022,6,2,39,3,4,10,10,20,42,14,72,86,24,3,2,7,6,16,23,9,45,54,13,0,1,3,2,4,16,4,22,26,1,0,1,0,0,0,2,1,2,3,1,0,0,0,2,0,1,0,3,3,179,5,7,-157,81,New Orleans
2023,6,2,43,1,0,4,3,32,25,4,60,64,27,1,0,4,1,22,6,4,29,33,13,0,0,0,2,9,16,0,27,27,0,0,0,0,0,0,2,0,2,2,3,0,0,0,0,1,1,0,2,2,155,3,8,-156,82,New Orleans
2024,6,2,52,2,1,3,3,24,27,4,54,58,28,2,0,2,1,13,7,2,21,23,20,0,1,1,2,9,16,2,27,29,1,0,0,0,0,0,0,0,0,0,3,0,0,0,0,2,4,0,6,6,149,2,14,-154,84,New Orleans
2012,7,2,37,2,2,3,10,27,18,5,55,60,25,2,0,3,7,18,7,3,32,35,9,0,2,0,2,8,10,2,20,22,1,0,0,0,1,0,1,0,2,2,2,0,0,0,0,1,0,0,1,1,181,3,7,-125,113,New Orleans
2013,7,2,28,2,5,2,8,22,11,7,41,48,16,2,2,2,4,16,2,4,22,26,8,0,1,0,4,6,8,1,18,19,0,0,1,0,0,0,0,1,0,1,4,0,1,0,0,0,1,1,1,2,201,3,19,-124,114,New Orleans
2014,7,2,33,0,8,3,6,31,14,11,51,62,13,0,2,2,4,22,8,4,34,38,17,0,4,1,2,8,5,5,15,20,0,0,1,0,0,0,0,1,0,1,3,0,1,0,0,1,1,1,2,3,174,2,11,-123,115,New Orleans
2015,7,2,29,1,3,1,9,26,8,4,43,47,21,1,1,0,4,16,5,1,25,26,6,0,1,0,5,8,3,1,16,17,0,0,0,0,0,0,0,0,0,0,2,0,1,1,0,2,0,2,2,4,149,0,16,-122,116,New Orleans
2016,7,2,37,2,3,3,6,36,11,6,53,59,17,0,0,2,4,22,6,2,32,34,17,2,3,1,2,13,4,4,19,23,1,0,0,0,0,0,0,0,0,0,2,0,0,0,0,1,1,0,2,2,173,2,5,-127,111,New Orleans
2017,7,2,41,5,3,5,3,41,31,8,75,83,24,1,2,3,1,23,12,5,36,41,12,3,1,2,2,14,16,3,32,35,1,0,0,0,0,0,1,0,1,1,4,1,0,0,0,4,2,0,6,6,207,3,17,-126,112,New Orleans
2018,7,2,51,1,4,6,8,37,26,10,71,81,35,1,2,3,4,27,9,5,40,45,14,0,2,3,4,7,15,5,26,31,0,0,0,0,0,3,0,0,3,3,2,0,0,0,0,0,2,0,2,2,193,9,10,-125,113,New Orleans
2019,7,2,52,1,1,2,3,32,21,3,56,59,26,0,0,1,3,17,10,1,30,31,19,0,1,1,0,13,9,2,22,24,0,0,0,0,0,0,0,0,0,0,7,1,0,0,0,2,2,0,4,4,182,0,16,-124,114,New Orleans
2020,7,2,49,0,2,2,7,18,19,4,44,48,27,0,1,0,5,11,9,1,25,26,19,0,1,2,1,6,9,3,16,19,1,0,0,0,0,0,0,0,0,0,2,0,0,0,1,1,1,0,3,3,143,1,7,-122,116,New Orleans
2021,7,2,42,1,4,8,4,15,15,12,34,46,25,0,1,4,2,10,8,5,20,25,13,0,2,4,2,4,6,6,12,18,2,0,0,0,0,1,0,0,1,1,2,1,1,0,0,0,1,1,1,2,145,3,9,-128,110,New Orleans
2022,7,2,38,6,3,7,3,20,29,10,52,62,23,2,2,2,1,11,11,4,23,27,14,4,1,3,2,9,18,4,29,33,0,0,0,0,0,0,0,0,0,0,1,0,0,2,0,0,0,2,0,2,144,1,4,-127,111,New Orleans
2023,7,2,44,9,0,7,4,30,37,7,71,78,24,0,0,2,1,19,12,2,32,34,18,9,0,4,3,10,20,4,33,37,1,0,0,0,0,1,3,0,4,4,1,0,0,1,0,0,2,1,2,3,186,5,7,-126,112,New Orleans
2024,7,2,47,2,3,5,3,22,14,8,39,47,27,2,3,3,1,13,6,6,20,26,15,0,0,2,1,8,8,2,17,19,0,0,0,0,0,0,0,0,0,0,5,0,0,0,1,1,0,0,2,2,137,0,12,-124,114,New Orleans
2012,8,2,23,4,2,1,11,27,17,3,55,58,14,3,1,1,7,20,2,2,29,31,9,1,1,0,3,3,12,1,18,19,0,0,0,0,0,1,0,0,1,1,0,0,0,0,1,3,3,0,7,7,197,1,9,-94,144,New Orleans
2013,8,2,29,2,2,7,10,41,9,9,60,69,16,0,0,5,8,32,4,5,44,49,11,1,2,2,1,8,5,4,14,18,0,0,0,0,1,0,0,0,1,1,2,1,0,0,0,1,0,0,1,1,195,3,13,-93,145,New Orleans
2014,8,2,32,0,8,0,9,25,19,8,53,61,17,0,5,0,7,11,4,5,22,27,13,0,3,0,2,12,15,3,29,32,1,0,0,0,0,2,0,0,2,2,1,0,0,0,0,0,0,0,0,0,161,3,5,-92,146,New Orleans
2015,8,2,34,1,8,2,6,25,14,10,45,55,21,0,1,1,4,17,8,2,29,31,10,1,5,0,1,6,5,5,12,17,0,0,1,1,0,1,0,2,1,3,3,0,1,0,1,1,1,1,3,4,142,4,11,-91,147,New Orleans
2016,8,2,39,1,3,3,7,24,13,6,44,50,20,1,3,1,3,13,5,4,21,25,14,0,0,2,3,7,7,2,17,19,0,0,0,0,1,0,0,0,1,1,5,0,0,0,0,4,1,0,5,5,150,2,12,-96,142,New Orleans
2017,8,2,43,3,4,3,7,28,9,7,44,51,21,1,1,2,6,20,4,3,30,33,19,0,2,1,1,7,4,3,12,15,0,0,0,0,0,0,0,0,0,0,3,2,1,0,0,1,1,1,2,3,188,2,14,-95,143,New Orleans
2018,8,2,35,0,3,4,6,31,16,7,53,60,22,0,0,1,2,25,4,1,31,32,10,0,3,2,4,5,10,5,19,24,0,0,0,1,0,0,1,1,1,2,3,0,0,0,0,1,1,0,2,2,176,3,10,-94,144,New Orleans
2019,8,2,47,3,1,4,6,40,19,5,65,70,27,3,0,2,2,25,8,2,35,37,19,0,1,1,2,15,11,2,28,30,0,0,0,0,2,0,0,0,2,2,1,0,0,1,0,0,0,1,0,1,202,2,8,-93,145,New Orleans
2020,8,2,61,3,1,6,5,18,33,7,56,63,40,1,1,4,4,16,8,5,28,33,19,2,0,2,1,1,22,2,24,26,1,0,0,0,0,1,2,0,3,3,1,0,0,0,0,0,1,0,1,1,187,5,7,-91,147,New Orleans
2021,8,2,38,0,2,6,6,27,15,8,48,56,28,0,0,5,2,22,9,5,33,38,8,0,2,1,3,5,4,3,12,15,0,0,0,0,1,0,1,0,2,2,2,0,0,0,0,0,1,0,1,1,153,2,7,-97,141,New Orleans
2022,8,2,29,4,1,2,10,26,28,3,64,67,13,3,0,2,5,22,14,2,41,43,11,1,1,0,5,4,14,1,23,24,1,0,0,0,0,0,0,0,0,0,4,0,0,0,0,0,0,0,0,0,146,1,5,-96,142,New Orleans
2023,8,2,46,4,6,1,6,22,10,7,38,45,28,4,0,1,3,16,4,1,23,24,13,0,5,0,2,6,6,5,14,19,0,0,0,0,0,0,0,0,0,0,5,0,1,0,1,0,0,1,1,2,131,2,8,-95,143,New Orleans
2024,8,2,32,0,0,2,2,34,10,2,46,48,20,0,0,0,1,21,3,0,25,25,9,0,0,1,1,11,6,1,18,19,1,0,0,0,0,1,0,0,1,1,2,0,0,1,0,1,1,1,2,3,124,4,8,-93,145,New Orleans
2012,9,2,32,0,4,1,15,28,9,5,52,57,12,0,3,0,10,16,6,3,32,35,16,0,1,1,5,11,3,2,19,21,2,0,0,0,0,0,0,0,0,0,2,0,0,0,0,1,0,0,1,1,185,3,10,-63,175,New Orleans
2013,9,2,30,0,7,3,8,25,15,10,48,58,13,0,1,2,3,15,8,3,26,29,16,0,6,1,3,6,7,7,16,23,0,0,0,0,0,0,0,0,0,0,1,0,0,0,2,4,0,0,6,6,157,0,10,-62,176,New Orleans
2014,9,2,36,1,3,4,14,34,12,7,60,67,26,1,1,2,13,20,7,3,40,43,7,0,2,2,1,8,3,4,12,16,0,0,0,0,0,2,1,0,3,3,3,0,0,0,0,4,1,0,5,5,206,4,8,-61,177,New Orleans
2015,9,2,38,0,0,4,7,25,15,4,47,51,23,0,0,4,6,17,8,4,31,35,10,0,0,0,0,8,7,0,15,15,2,0,0,0,0,0,0,0,0,0,3,0,0,0,1,0,0,0,1,1,159,2,9,-60,178,New Orleans
2016,9,2,35,0,4,2,12,32,12,6,56,62,20,0,3,1,10,24,4,4,38,42,10,0,1,1,2,7,8,2,17,19,0,0,0,0,0,0,0,0,0,0,5,0,0,0,0,1,0,0,1,1,170,0,11,-65,173,New Orleans
2017,9,2,52,1,2,4,3,51,15,6,69,75,29,1,2,3,2,26,5,5,33,38,19,0,0,1,1,21,10,1,32,33,0,0,0,0,0,1,0,0,1,1,4,0,0,0,0,3,0,0,3,3,198,2,15,-64,174,New Orleans
2018,9,2,52,0,1,11,5,29,24,12,58,70,32,0,0,6,2,13,6,6,21,27,18,0,1,3,3,13,16,4,32,36,0,0,0,0,0,0,0,0,0,0,2,0,0,2,0,3,2,2,5,7,185,0,14,-63,175,New Orleans
2019,9,2,45,0,2,10,9,42,27,12,78,90,20,0,0,6,5,29,10,6,44,50,21,0,2,4,3,12,13,6,28,34,2,0,0,0,0,0,1,0,1,1,2,0,0,0,1,1,3,0,5,5,202,3,12,-62,176,New Orleans
2020,9,2,46,2,0,6,3,15,21,6,39,45,28,1,0,4,2,11,6,4,19,23,14,0,0,1,1,4,14,1,19,20,0,0,0,0,0,0,0,0,0,0,4,1,0,1,0,0,1,1,1,2,144,1,8,-60,178,New Orleans
2021,9,2,28,2,0,5,45,12,11,5,68,73,16,0,0,3,22,9,5,3,36,39,11,2,0,1,22,2,4,1,28,29,0,0,0,0,0,0,0,0,0,0,1,0,0,1,1,1,2,1,4,5,140,0,8,-66,172,New Orleans
2022,9,2,42,2,2,3,5,15,31,5,51,56,23,0,2,3,2,8,16,5,26,31,15,2,0,0,3,7,14,0,24,24,0,0,0,0,0,0,0,0,0,0,4,0,0,0,0,0,1,0,1,1,155,0,10,-65,173,New Orleans
2023,9,2,35,0,1,3,2,29,29,4,60,64,18,0,0,2,2,11,12,2,25,27,14,0,1,1,0,17,16,2,33,35,0,0,0,0,0,0,0,0,0,0,3,0,0,0,0,1,1,0,2,2,147,0,8,-64,174,New Orleans
2024,9,2,46,2,2,4,8,22,19,6,49,55,26,1,0,2,3,13,5,2,21,23,18,1,1,2,5,8,13,3,26,29,0,0,1,0,0,0,0,1,0,1,2,0,0,0,0,1,1,0,2,2,164,1,7,-62,176,New Orleans
2012,10,2,25,3,6,2,7,30,10,8,47,55,11,0,2,2,2,22,4,4,28,32,14,3,3,0,5,6,5,3,16,19,0,0,0,0,0,0,0,0,0,0,0,0,1,0,0,2,1,1,3,4,174,0,11,-33,205,New Orleans
2013,10,2,20,2,1,4,9,26,7,5,42,47,12,2,0,2,6,21,2,2,29,31,7,0,1,2,3,4,5,3,12,15,0,0,0,0,0,0,0,0,0,0,1,0,0,0,0,1,0,0,1,1,171,0,12,-32,206,New Orleans
2014,10,2,26,3,0,2,8,31,9,2,48,50,18,2,0,1,5,24,3,1,32,33,5,1,0,1,1,7,5,1,13,14,1,0,0,0,0,0,0,0,0,0,2,0,0,0,2,0,1,0,3,3,189,1,13,-31,207,New Orleans
2015,10,2,27,0,7,4,7,26,13,11,46,57,15,0,1,2,5,20,3,3,28,31,12,0,3,2,2,5,10,5,17,22,0,0,0,0,0,0,0,0,0,0,0,0,3,0,0,1,0,3,1,4,159,0,7,-30,208,New Orleans
2016,10,2,41,0,5,3,5,27,23,8,55,63,23,0,3,3,2,13,3,6,18,24,17,0,2,0,2,9,17,2,28,30,1,0,0,0,0,0,1,0,1,1,0,0,0,0,1,5,2,0,8,8,164,2,11,-35,203,New Orleans
2017,10,2,44,0,2,4,7,24,25,6,56,62,20,0,2,1,3,14,10,3,27,30,20,0,0,2,4,7,15,2,26,28,0,0,0,0,0,0,0,0,0,0,4,0,0,1,0,3,0,1,3,4,159,1,10,-34,204,New Orleans
2018,10,2,39,2,5,4,6,39,20,9,65,74,19,2,2,2,2,21,7,4,30,34,15,0,2,2,3,16,12,4,31,35,0,0,0,0,0,0,0,0,0,0,5,0,1,0,1,2,1,1,4,5,193,0,16,-33,205,New Orleans
2019,10,2,37,2,2,4,3,39,6,6,48,54,20,2,1,2,3,27,1,3,31,34,15,0,1,1,0,9,4,2,13,15,0,0,0,0,0,1,1,0,2,2,2,0,0,1,0,2,0,1,2,3,188,2,11,-32,206,New Orleans
2020,10,2,61,0,1,6,3,21,12,7,36,43,36,0,0,3,0,14,4,3,18,21,20,0,1,3,3,5,8,4,16,20,1,0,0,0,0,0,0,0,0,0,4,0,0,0,0,2,0,0,2,2,162,1,11,-30,208,New Orleans
2021,10,2,39,1,0,2,12,18,18,2,48,50,17,0,0,1,5,8,10,1,23,24,19,1,0,1,7,10,8,1,25,26,0,0,0,0,0,0,0,0,0,0,3,0,0,0,0,0,0,0,0,0,143,0,7,-36,202,New Orleans
2022,10,2,34,5,2,4,1,20,47,6,68,74,17,2,0,1,0,7,17,1,24,25,13,3,2,3,1,12,24,5,37,42,0,0,0,0,0,0,1,0,1,1,4,0,0,0,0,1,5,0,6,6,152,2,13,-35,203,New Orleans
2023,10,2,32,0,1,1,5,25,18,2,48,50,21,0,0,1,2,17,4,1,23,24,7,0,1,0,2,8,14,1,24,25,0,0,0,0,0,0,0,0,0,0,4,0,0,0,1,0,0,0,1,1,140,0,6,-34,204,New Orleans
2024,10,2,43,0,5,2,5,26,6,7,37,44,27,0,0,2,4,16,1,2,21,23,15,0,5,0,1,9,4,5,14,19,0,0,0,0,0,1,0,0,1,1,1,0,0,0,0,0,1,0,1,1,152,1,6,-32,206,New Orleans
2012,11,2,23,1,2,1,9,29,9,3,47,50,8,0,1,0,3,20,3,1,26,27,12,1,1,1,6,8,6,2,20,22,0,0,0,0,0,0,0,0,0,0,3,0,0,0,0,1,0,0,1,1,179,1,8,-2,236,New Orleans
2013,11,2,30,0,5,3,10,38,11,8,59,67,10,0,2,1,2,20,4,3,26,29,19,0,3,2,7,14,7,5,28,33,0,0,0,0,0,1,0,0,1,1,1,0,0,0,1,3,0,0,4,4,152,1,8,-1,237,New Orleans
2014,11,2,37,0,7,2,9,36,18,9,63,72,16,0,3,1,5,14,8,4,27,31,19,0,4,1,4,20,9,5,33,38,0,0,0,0,0,1,0,0,1,1,2,0,0,0,0,1,1,0,2,2,157,1,5,0,238,New Orleans
2015,11,2,35,1,4,0,7,32,15,4,54,58,17,1,0,0,4,18,6,0,28,28,12,0,4,0,3,11,8,4,22,26,0,0,0,0,0,0,0,0,0,0,6,0,0,0,0,3,1,0,4,4,199,1,18,1,239,New Orleans
2016,11,2,38,0,6,5,4,22,12,11,38,49,14,0,2,1,4,14,2,3,20,23,19,0,4,4,0,7,9,8,16,24,0,0,0,0,0,0,1,0,1,1,5,0,0,0,0,1,0,0,1,1,150,2,11,-4,234,New Orleans
2017,11,2,47,3,4,2,3,34,10,6,47,53,24,2,3,1,2,19,1,4,22,26,19,1,1,1,1,13,9,2,23,25,0,0,0,0,0,0,0,0,0,0,4,0,0,0,0,2,0,0,2,2,182,1,10,-3,235,New Orleans
2018,11,2,52,0,2,4,5,28,17,6,50,56,24,0,1,3,2,19,6,4,27,31,22,0,1,1,3,9,8,2,20,22,1,0,0,0,0,0,0,0,0,0,5,0,0,0,0,0,3,0,3,3,178,2,17,-2,236,New Orleans
2019,11,2,47,3,2,4,6,37,12,6,55,61,21,1,0,4,3,15,7,4,25,29,23,2,1,0,2,21,5,1,28,29,0,0,0,0,0,0,0,0,0,0,3,0,1,0,1,1,0,1,2,3,175,0,11,-1,237,New Orleans
2020,11,2,28,1,6,6,4,19,26,12,49,61,15,0,3,4,2,13,15,7,30,37,11,1,3,2,2,5,9,5,16,21,1,0,0,0,0,0,0,0,0,0,1,0,0,0,0,1,2,0,3,3,131,2,7,1,239,New Orleans
2021,11,2,47,2,3,4,6,25,12,7,43,50,20,1,0,0,3,18,6,0,27,27,19,0,3,4,3,5,6,7,14,21,0,0,0,0,0,1,0,0,1,1,8,1,0,0,0,1,0,0,1,1,149,1,13,-5,233,New Orleans
2022,11,2,34,1,3,8,4,26,20,11,50,61,17,1,1,2,2,16,3,3,21,24,14,0,2,6,2,6,15,8,23,31,0,0,0,0,0,2,0,0,2,2,3,0,0,0,0,2,2,0,4,4,148,2,11,-4,234,New Orleans
2023,11,2,33,1,2,3,3,35,45,5,83,88,14,0,1,3,0,21,14,4,35,39,18,1,1,0,3,12,27,1,42,43,0,0,0,0,0,0,1,0,1,1,1,0,0,0,0,2,3,0,5,5,170,1,11,-3,235,New Orleans
2024,11,2,32,1,1,5,3,37,20,6,60,66,18,0,1,3,1,14,7,4,22,26,13,1,0,1,2,18,12,1,32,33,0,0,0,0,0,0,1,0,1,1,1,0,0,1,0,5,0,1,5,6,154,1,9,-1,237,New Orleans
2012,12,2,26,1,5,5,6,30,11,10,47,57,13,1,3,1,2,18,3,4,23,27,11,0,0,4,3,9,8,4,20,24,1,0,0,0,0,0,0,0,0,0,1,0,2,0,1,3,0,2,4,6,158,2,14,28,266,New Orleans
2013,12,2,32,3,3,4,8,41,12,7,61,68,13,2,1,2,3,24,5,3,32,35,17,1,1,2,5,15,7,3,27,30,0,0,0,0,0,0,0,0,0,0,2,0,1,0,0,2,0,1,2,3,192,1,9,29,267,New Orleans
2014,12,2,32,1,3,3,11,28,17,6,56,62,14,0,1,1,3,18,8,2,29,31,14,0,1,2,8,6,8,3,22,25,1,0,0,0,0,0,0,0,0,0,3,1,1,0,0,4,1,1,5,6,170,1,12,30,268,New Orleans
2015,12,2,29,1,2,3,11,45,19,5,75,80,11,1,1,2,5,28,6,3,39,42,17,0,1,1,6,15,9,2,30,32,0,0,0,0,0,0,1,0,1,1,1,0,0,0,0,2,3,0,5,5,183,2,10,31,269,New Orleans
2016,12,2,50,2,3,5,8,34,16,8,58,66,22,1,1,2,2,20,9,3,31,34,23,1,1,2,5,12,7,3,24,27,0,0,0,0,0,0,0,0,0,0,5,0,1,1,1,2,0,2,3,5,196,0,14,26,264,New Orleans
2017,12,2,50,1,4,0,4,27,12,4,43,47,19,0,1,0,3,6,4,1,13,14,29,1,3,0,1,20,7,3,28,31,0,0,0,0,0,0,1,0,1,1,2,0,0,0,0,1,0,0,1,1,173,1,6,27,265,New Orleans
2018,12,2,49,3,2,2,7,33,32,4,72,76,21,0,0,2,3,11,8,2,22,24,23,2,2,0,4,20,23,2,47,49,2,0,0,0,0,0,1,0,1,1,3,1,0,0,0,2,0,0,2,2,178,4,9,28,266,New Orleans
2019,12,2,39,0,1,3,8,32,33,4,73,77,18,0,0,1,3,24,7,1,34,35,20,0,1,2,4,5,26,3,35,38,0,0,0,0,0,0,0,0,0,0,1,0,0,0,1,3,0,0,4,4,193,1,9,29,267,New Orleans
2020,12,2,45,5,5,4,7,20,14,9,41,50,20,2,2,2,4,12,8,4,24,28,21,3,3,1,2,7,5,4,14,18,0,0,0,0,0,0,1,0,1,1,4,0,0,1,1,1,0,1,2,3,149,2,13,31,269,New Orleans
2021,12,2,46,1,0,3,5,22,38,3,65,68,19,1,0,1,1,12,10,1,23,24,23,0,0,2,4,9,27,2,40,42,0,0,0,0,0,0,1,0,1,1,4,0,0,0,0,1,0,0,1,1,168,2,7,25,263,New Orleans
2022,12,2,36,5,1,5,7,21,26,6,54,60,17,3,0,3,5,12,10,3,27,30,17,2,1,2,2,9,16,3,27,30,0,0,0,0,0,0,0,0,0,0,2,0,0,0,0,0,0,0,0,0,159,0,7,26,264,New Orleans
2023,12,2,39,1,0,4,4,43,29,4,76,80,19,0,0,0,2,20,8,0,30,30,20,1,0,3,2,21,19,3,42,45,0,0,0,0,0,1,1,0,2,2,0,0,0,1,0,1,1,1,2,3,166,2,4,27,265,New Orleans
2024,12,2,29,0,4,3,3,22,16,7,41,48,15,0,2,2,2,17,8,4,27,31,13,0,2,1,1,4,8,3,13,16,0,0,0,0,0,0,0,0,0,0,1,0,0,0,0,1,0,0,1,1,130,0,6,29,267,New Orleans
2012,1,3,26,1,8,2,8,22,17,10,47,57,7,1,2,1,6,12,6,3,24,27,17,0,5,1,2,9,10,6,21,27,1,0,0,0,0,1,0,0,1,1,1,0,1,0,0,0,1,1,1,2,169,2,11,-306,-68,New Orleans
2013,1,3,22,0,3,1,6,29,8,4,43,47,12,0,1,0,2,11,4,1,17,18,10,0,2,1,3,15,4,3,22,25,0,0,0,0,0,0,0,0,0,0,0,0,0,0,1,3,0,0,4,4,151,0,24,-304,-66,New Orleans
2014,1,3,38,1,4,3,11,21,4,7,36,43,12,0,0,2,5,8,2,2,15,17,22,1,4,1,5,12,2,5,19,24,0,0,0,0,0,0,0,0,0,0,4,0,0,0,1,1,0,0,2,2,143,1,10,-303,-65,New Orleans
2015,1,3,36,0,6,3,11,30,16,9,57,66,9,0,2,3,8,19,7,5,34,39,22,0,4,0,3,11,9,4,23,27,0,0,0,0,0,0,0,0,0,0,5,0,0,0,0,0,0,0,0,0,152,1,9,-302,-64,New Orleans
2016,1,3,50,0,3,1,4,23,29,4,56,60,19,0,0,0,2,14,9,0,25,25,26,0,2,1,2,6,18,3,26,29,0,0,1,0,0,0,0,1,0,1,5,0,0,0,0,3,2,0,5,5,173,1,15,-308,-70,New Orleans
2017,1,3,48,3,6,4,10,37,20,10,67,77,16,1,3,1,4,21,4,4,29,33,26,2,3,3,4,15,16,6,35,41,1,0,0,0,0,0,0,0,0,0,5,0,0,0,2,1,0,0,3,3,225,1,14,-306,-68,New Orleans
2018,1,3,50,0,2,4,2,20,15,6,37,43,21,0,0,2,2,15,5,2,22,24,28,0,2,2,0,4,7,4,11,15,0,0,0,0,0,0,0,0,0,0,1,0,0,0,0,1,3,0,4,4,153,0,7,-305,-67,New Orleans
2019,1,3,73,2,0,6,6,48,44,6,98,104,29,1,0,1,3,33,16,1,52,53,40,1,0,4,3,12,28,4,43,47,0,0,0,0,0,0,0,0,0,0,4,0,0,1,0,3,0,1,3,4,262,0,12,-304,-66,New Orleans
2020,1,3,12,1,1,2,6,13,10,3,29,32,3,0,0,0,3,9,3,0,15,15,9,1,1,1,3,3,5,2,11,13,0,0,0,0,0,0,0,0,0,0,0,0,0,1,0,1,2,1,3,4,63,0,4,-303,-65,New Orleans
2021,1,3,44,1,4,7,8,20,32,11,60,71,16,0,0,2,3,13,15,2,31,33,21,0,2,5,5,4,15,7,24,31,0,0,0,0,0,1,0,0,1,1,7,1,2,0,0,2,2,2,4,6,164,2,15,-308,-70,New Orleans
2022,1,3,39,1,4,4,6,20,38,8,64,72,21,1,1,1,1,15,14,2,30,32,16,0,3,2,5,4,21,5,30,35,0,0,0,0,0,0,0,0,0,0,2,0,0,1,0,1,3,1,4,5,162,0,8,-307,-69,New Orleans
2023,1,3,33,4,1,5,13,19,30,6,62,68,16,3,1,2,3,10,12,3,25,28,15,0,0,1,9,8,14,1,31,32,0,0,0,0,0,0,2,0,2,2,2,1,0,2,1,1,2,2,4,6,156,2,11,-306,-68,New Orleans
2024,1,3,34,1,1,4,6,26,22,5,54,59,17,0,0,1,2,11,3,1,16,17,14,1,1,2,3,11,15,3,29,32,0,0,0,0,0,0,1,0,1,1,3,0,0,1,1,4,3,1,8,9,148,2,16,-305,-67,New Orleans
2012,2,3,28,0,2,2,10,21,9,4,40,44,9,0,1,2,4,15,1,3,20,23,15,0,1,0,4,3,6,1,13,14,1,0,0,0,0,1,0,0,1,1,3,0,0,0,2,2,2,0,6,6,227,2,18,-275,-37,New Orleans
2013,2,3,28,1,6,0,9,60,20,6,89,95,13,0,0,0,3,17,3,0,23,23,13,1,5,0,5,36,15,5,56,61,1,0,0,0,0,0,0,0,0,0,1,0,1,0,1,7,2,1,10,11,190,1,16,-273,-35,New Orleans
2014,2,3,28,0,3,4,9,30,11,7,50,57,11,0,1,3,6,15,4,4,25,29,15,0,2,1,3,13,6,3,22,25,0,0,0,0,0,0,0,0,0,0,2,0,0,0,0,2,1,0,3,3,195,0,17,-272,-34,New Orleans
2015,2,3,29,1,1,2,6,25,14,3,45,48,13,1,1,2,6,19,6,3,31,34,14,0,0,0,0,6,7,0,13,13,1,0,0,0,0,0,0,0,0,0,1,0,0,0,0,0,1,0,1,1,134,1,5,-271,-33,New Orleans
2016,2,3,34,0,6,0,12,44,15,6,71,77,19,0,3,0,6,23,5,3,34,37,12,0,3,0,5,19,9,3,33,36,0,0,0,0,0,1,0,0,1,1,3,0,0,0,1,1,1,0,3,3,174,1,14,-277,-39,New Orleans
2017,2,3,58,1,3,7,9,36,12,10,57,67,17,0,1,4,5,23,5,5,33,38,36,1,2,2,3,11,6,4,20,24,0,0,0,0,1,0,0,0,1,1,5,0,0,1,0,2,1,1,3,4,219,1,17,-275,-37,New Orleans
2018,2,3,46,2,2,4,8,45,17,6,70,76,24,0,2,2,3,15,3,4,21,25,19,2,0,1,5,30,13,1,48,49,0,0,0,1,0,0,0,1,0,1,3,0,0,0,0,0,1,0,1,1,205,2,8,-274,-36,New Orleans
2019,2,3,69,2,4,7,11,38,36,11,85,96,28,0,0,2,3,15,14,2,32,34,36,2,4,5,6,17,18,9,41,50,1,0,0,0,0,0,2,0,2,2,4,0,0,0,2,6,2,0,10,10,238,3,17,-273,-35,New Orleans
2020,2,3,31,2,4,4,5,25,46,8,76,84,14,1,2,2,3,15,13,4,31,35,16,1,2,2,1,9,32,4,42,46,0,0,0,0,0,0,0,0,0,0,1,0,0,0,1,1,1,0,3,3,188,0,10,-272,-34,New Orleans
2021,2,3,43,0,2,4,1,15,14,6,30,36,25,0,1,4,0,10,7,5,17,22,16,0,1,0,0,4,6,1,10,11,0,0,0,0,0,0,0,0,0,0,2,0,0,0,1,1,1,0,3,3,137,0,8,-277,-39,New Orleans
2022,2,3,44,1,1,3,4,35,24,4,63,67,22,0,0,2,2,21,9,2,32,34,18,1,1,1,1,10,15,2,26,28,0,0,0,0,1,0,0,0,1,1,4,0,0,0,0,4,0,0,4,4,162,1,11,-276,-38,New Orleans
2023,2,3,32,2,4,2,8,28,26,6,62,68,13,1,1,1,4,20,5,2,29,31,19,1,3,1,3,7,19,4,29,33,0,0,0,0,1,0,0,0,1,1,0,0,0,0,0,1,2,0,3,3,145,2,5,-275,-37,New Orleans
2024,2,3,37,2,0,2,1,46,22,2,69,71,19,1,0,2,1,18,5,2,24,26,18,1,0,0,0,28,16,0,44,44,0,0,0,0,0,0,0,0,0,0,0,0,0,0,0,0,1,0,1,1,164,0,6,-274,-36,New Orleans
2012,3,3,30,2,5,1,11,35,22,6,68,74,18,0,3,1,8,17,9,4,34,38,11,2,2,0,3,16,13,2,32,34,0,0,0,0,0,0,0,0,0,0,1,0,0,0,0,2,0,0,2,2,193,0,3,-246,-8,New Orleans
2013,3,3,20,0,4,2,4,30,8,6,42,48,9,0,3,1,2,15,4,4,21,25,11,0,1,1,2,14,2,2,18,20,0,0,0,0,0,0,0,0,0,0,0,0,0,0,0,1,2,0,3,3,137,1,9,-245,-7,New Orleans
2014,3,3,37,1,2,4,7,53,26,6,86,92,18,0,0,1,3,23,7,1,33,34,18,1,2,3,2,26,19,5,47,52,0,0,0,0,0,0,0,0,0,0,1,0,0,0,2,4,0,0,6,6,219,0,13,-244,-6,New Orleans
2015,3,3,33,3,3,2,8,35,12,5,55,60,20,1,2,2,4,23,3,4,30,34,10,1,1,0,4,8,8,1,20,21,0,0,0,0,0,0,0,0,0,0,3,1,0,0,0,4,1,0,5,5,179,0,16,-243,-5,New Orleans
2016,3,3,48,1,4,4,2,34,10,8,46,54,16,1,4,2,2,21,3,6,26,32,24,0,0,2,0,12,7,2,19,21,2,0,0,0,0,1,0,0,1,1,6,0,0,0,0,0,0,0,0,0,174,3,13,-248,-10,New Orleans
2017,3,3,33,2,1,3,6,32,15,4,53,57,19,1,0,3,4,16,10,3,30,33,13,1,0,0,2,13,5,0,20,20,1,0,0,0,0,0,0,0,0,0,0,0,1,0,0,3,0,1,3,4,165,1,7,-247,-9,New Orleans
2018,3,3,48,1,2,0,4,32,14,2,50,52,19,0,1,0,2,19,2,1,23,24,26,1,1,0,2,11,12,1,25,26,0,0,0,0,0,0,0,0,0,0,3,0,0,0,0,2,0,0,2,2,164,0,9,-246,-8,New Orleans
2019,3,3,61,7,3,6,4,82,36,9,122,131,29,1,0,4,1,28,11,4,40,44,28,6,3,1,3,50,23,4,76,80,0,0,0,0,0,0,0,0,0,0,4,0,0,1,0,4,2,1,6,7,315,0,14,-245,-7,New Orleans
2020,3,3,41,2,0,3,2,33,15,3,50,53,17,1,0,1,2,24,9,1,35,36,19,1,0,2,0,7,5,2,12,14,0,0,0,0,0,0,0,0,0,0,5,0,0,0,0,2,1,0,3,3,163,0,13,-243,-5,New Orleans
2021,3,3,34,3,3,4,3,24,13,7,40,47,22,3,1,2,1,19,3,3,23,26,12,0,1,2,2,4,9,3,15,18,0,0,0,0,0,0,0,0,0,0,0,0,1,0,0,1,1,1,2,3,134,1,3,-249,-11,New Orleans
2022,3,3,28,1,2,3,3,18,34,5,55,60,13,0,0,1,1,11,7,1,19,20,12,1,1,2,2,4,25,3,31,34,0,0,0,0,0,1,0,0,1,1,3,0,1,0,0,2,2,1,4,5,138,1,9,-248,-10,New Orleans
2023,3,3,30,1,0,5,3,22,24,5,49,54,12,0,0,2,2,16,7,2,25,27,14,1,0,3,1,6,17,3,24,27,1,0,0,0,0,0,0,0,0,0,3,0,0,0,0,0,0,0,0,0,129,1,5,-247,-9,New Orleans
2024,3,3,33,2,1,3,5,27,24,4,56,60,19,1,0,1,3,12,6,1,21,22,12,1,1,2,2,14,15,3,31,34,0,0,0,0,0,0,1,0,1,1,2,0,0,0,0,1,2,0,3,3,133,1,6,-245,-7,New Orleans
2012,4,3,29,0,0,5,5,30,4,5,39,44,12,0,0,4,3,22,2,4,27,31,10,0,0,1,2,7,2,1,11,12,0,0,0,0,0,0,0,0,0,0,7,0,0,0,0,1,0,0,1,1,182,1,12,-215,23,New Orleans
2013,4,3,14,0,1,1,9,34,12,2,55,57,6,0,0,0,5,27,5,0,37,37,7,0,0,1,4,2,7,1,13,14,0,0,0,0,0,0,0,0,0,0,1,0,1,0,0,5,0,1,5,6,167,0,8,-214,24,New Orleans
2014,4,3,25,2,3,2,12,36,16,5,64,69,17,1,0,1,7,21,7,1,35,36,8,0,3,0,5,13,8,3,26,29,0,1,0,0,0,0,0,0,0,0,0,0,0,1,0,2,1,1,3,4,204,1,7,-213,25,New Orleans
2015,4,3,41,0,4,2,8,23,10,6,41,47,23,0,0,1,4,16,3,1,23,24,14,0,3,1,4,7,7,4,18,22,0,0,0,0,0,0,0,0,0,0,4,0,1,0,0,0,0,1,0,1,152,0,12,-212,26,New Orleans
2016,4,3,40,1,7,0,4,23,20,7,47,54,13,1,3,0,3,10,7,3,20,23,25,0,4,0,1,12,12,4,25,29,0,0,0,0,0,0,0,0,0,0,2,0,0,0,0,1,1,0,2,2,157,2,11,-217,21,New Orleans
2017,4,3,36,0,5,5,8,36,12,10,56,66,24,0,0,1,3,26,5,1,34,35,12,0,5,3,4,9,7,8,20,28,0,0,0,1,0,0,0,1,0,1,0,0,0,0,1,1,0,0,2,2,166,2,5,-216,22,New Orleans
2018,4,3,58,3,1,4,8,36,18,5,62,67,27,2,0,3,4,21,6,3,31,34,26,1,1,1,3,13,12,2,28,30,0,0,0,0,0,1,0,0,1,1,5,0,0,0,1,1,0,0,2,2,206,1,12,-215,23,New Orleans
2019,4,3,51,0,2,4,4,30,24,6,58,64,27,0,2,2,3,23,5,4,31,35,21,0,0,2,0,4,18,2,22,24,0,0,0,0,0,1,1,0,2,2,3,0,0,0,1,2,0,0,3,3,210,3,12,-214,24,New Orleans
2020,4,3,43,1,1,4,4,14,15,5,33,38,31,1,0,3,2,9,8,3,19,22,9,0,0,1,2,3,7,1,12,13,0,0,1,0,0,1,0,1,1,2,3,0,0,0,0,1,0,0,1,1,128,2,9,-212,26,New Orleans
2021,4,3,39,1,2,7,4,19,16,9,39,48,25,1,1,3,3,8,12,4,23,27,11,0,1,4,0,9,3,5,12,17,0,0,0,0,0,0,0,0,0,0,3,0,0,0,1,2,1,0,4,4,152,1,11,-218,20,New Orleans
2022,4,3,36,1,0,6,4,34,57,6,95,101,18,0,0,3,1,12,23,3,36,39,13,0,0,2,2,20,32,2,54,56,0,0,0,0,0,1,0,0,1,1,5,1,0,1,1,1,2,1,4,5,204,1,12,-217,21,New Orleans
2023,4,3,34,2,3,7,7,22,19,10,48,58,20,2,2,6,3,17,10,8,30,38,11,0,1,1,4,3,9,2,16,18,0,0,0,0,0,1,0,0,1,1,3,0,0,0,0,1,0,0,1,1,148,1,7,-216,22,New Orleans
2024,4,3,36,0,5,7,2,27,14,12,43,55,21,0,3,4,1,15,6,7,22,29,14,0,2,3,1,12,6,5,19,24,1,0,0,0,0,0,0,0,0,0,0,0,0,0,0,0,2,0,2,2,152,2,6,-214,24,New Orleans
2012,5,3,19,0,3,2,12,40,9,5,61,66,9,0,0,1,5,25,4,1,34,35,8,0,2,0,7,10,5,2,22,24,0,0,0,0,0,0,0,0,0,0,2,0,1,1,0,5,0,2,5,7,209,0,18,-185,53,New Orleans
2013,5,3,16,1,3,6,7,34,10,9,51,60,10,1,2,2,7,20,1,4,28,32,5,0,1,3,0,13,8,4,21,25,0,0,0,0,0,0,1,0,1,1,1,0,0,1,0,1,0,1,1,2,153,1,9,-184,54,New Orleans
2014,5,3,32,1,3,2,5,36,12,5,53,58,17,0,3,1,4,22,6,4,32,36,13,1,0,1,1,14,6,1,21,22,0,0,0,0,0,0,0,0,0,0,2,0,0,0,0,0,0,0,0,0,167,0,10,-183,55,New Orleans
2015,5,3,34,1,6,7,6,37,16,13,59,72,19,0,5,2,4,21,11,7,36,43,15,1,1,5,2,15,5,6,22,28,0,0,0,0,0,0,0,0,0,0,0,0,0,0,0,1,0,0,1,1,154,1,7,-182,56,New Orleans
2016,5,3,40,2,3,7,7,20,13,10,40,50,25,1,0,3,4,13,6,3,23,26,13,0,3,2,3,7,5,5,15,20,0,0,0,1,0,0,0,1,0,1,2,1,0,1,0,0,2,1,2,3,164,1,24,-187,51,New Orleans
2017,5,3,40,1,4,4,4,27,12,8,43,51,28,1,3,4,1,17,7,7,25,32,10,0,0,0,3,6,5,0,14,14,1,0,1,0,0,0,0,1,0,1,1,0,0,0,0,4,0,0,4,4,150,2,9,-186,52,New Orleans
2018,5,3,70,1,2,5,5,37,15,7,57,64,32,0,1,3,2,20,6,4,28,32,30,1,1,2,3,13,9,3,25,28,1,0,0,0,0,0,0,0,0,0,7,0,0,0,0,4,0,0,4,4,218,2,18,-185,53,New Orleans
2019,5,3,50,3,5,5,5,34,18,10,57,67,28,1,1,4,4,21,5,5,30,35,17,2,3,1,1,11,9,4,21,25,0,0,0,0,0,0,0,0,0,0,5,0,1,0,0,2,4,1,6,7,203,0,19,-184,54,New Orleans
2020,5,3,44,1,2,3,3,11,30,5,44,49,25,1,1,1,1,6,10,2,17,19,19,0,1,1,2,3,19,2,24,26,0,0,0,0,0,0,0,0,0,0,0,0,0,1,0,2,1,1,3,4,143,0,10,-182,56,New Orleans
2021,5,3,59,1,1,7,3,23,40,8,66,74,32,1,1,3,2,10,12,4,24,28,22,0,0,4,1,12,28,4,41,45,0,0,0,0,0,0,0,0,0,0,5,0,0,0,0,1,0,0,1,1,206,0,10,-188,50,New Orleans
2022,5,3,43,0,1,6,9,23,18,7,50,57,27,0,0,5,7,14,11,5,32,37,14,0,1,1,2,6,7,2,15,17,1,0,0,0,0,2,0,0,2,2,1,0,0,0,0,1,0,0,1,1,151,3,5,-187,51,New Orleans
2023,5,3,29,1,0,3,6,31,35,3,72,75,17,1,0,1,3,15,14,1,32,33,9,0,0,1,3,13,19,1,35,36,1,0,0,0,0,0,1,0,1,1,2,0,0,1,0,3,1,1,4,5,168,2,12,-186,52,New Orleans
2024,5,3,47,2,0,7,2,26,16,7,44,51,33,2,0,4,1,21,9,4,31,35,12,0,0,3,1,4,6,3,11,14,0,0,0,0,0,0,1,0,1,1,2,0,0,0,0,1,0,0,1,1,149,4,8,-184,54,New Orleans
2012,6,3,24,1,4,4,5,25,15,8,45,53,10,1,0,3,4,12,7,3,23,26,11,0,4,1,1,13,7,5,21,26,0,0,0,0,0,0,0,0,0,0,3,0,0,0,0,0,1,0,1,1,178,0,7,-154,84,New Orleans
2013,6,3,38,0,1,2,10,47,12,3,69,72,20,0,1,1,5,34,6,2,45,47,13,0,0,1,4,10,6,1,20,21,0,0,0,0,0,0,0,0,0,0,5,0,0,0,1,3,0,0,4,4,235,0,13,-153,85,New Orleans
2014,6,3,35,2,2,5,6,29,22,7,57,64,14,2,1,2,3,22,14,3,39,42,16,0,0,3,3,4,5,3,12,15,0,0,0,0,0,0,0,0,0,0,5,0,1,0,0,3,3,1,6,7,221,1,13,-152,86,New Orleans
2015,6,3,33,1,4,5,8,20,16,9,44,53,20,1,1,4,3,14,6,5,23,28,10,0,1,1,4,6,6,2,16,18,0,0,0,0,0,0,0,0,0,0,3,0,2,0,1,0,4,2,5,7,178,2,16,-151,87,New Orleans
2016,6,3,27,0,3,2,7,27,4,5,38,43,12,0,0,0,1,17,0,0,18,18,8,0,3,2,5,7,2,5,14,19,0,0,0,0,0,0,0,0,0,0,7,0,0,0,1,3,2,0,6,6,119,0,15,-156,82,New Orleans
2017,6,3,34,1,4,7,4,32,25,11,61,72,19,0,1,3,3,21,11,4,35,39,12,1,2,4,0,10,13,6,23,29,1,0,0,0,0,0,0,0,0,0,2,0,1,0,1,1,1,1,3,4,174,1,15,-155,83,New Orleans
2018,6,3,48,1,7,5,5,35,29,12,69,81,22,1,2,2,2,20,10,4,32,36,23,0,4,2,3,12,17,6,32,38,0,0,0,1,0,0,1,1,1,2,3,0,1,0,0,3,1,1,4,5,195,2,18,-154,84,New Orleans
2019,6,3,62,2,1,2,8,34,50,3,92,95,42,2,0,2,5,22,16,2,43,45,13,0,1,0,3,9,31,1,43,44,2,0,0,0,0,0,2,0,2,2,5,0,0,0,0,3,1,0,4,4,219,4,16,-153,85,New Orleans
2020,6,3,44,1,1,6,9,18,14,7,41,48,25,1,0,5,6,15,5,5,26,31,16,0,0,1,3,2,7,1,12,13,0,0,0,0,0,0,0,0,0,0,3,0,1,0,0,1,2,1,3,4,146,0,13,-151,87,New Orleans
2021,6,3,54,2,4,6,4,29,24,10,57,67,31,2,3,5,2,16,7,8,25,33,19,0,1,1,1,13,13,2,27,29,0,0,0,0,1,0,1,0,2,2,4,0,0,0,0,0,3,0,3,3,190,2,14,-157,81,New Orleans
2022,6,3,45,1,4,8,4,29,25,12,58,70,23,1,1,3,2,16,8,4,26,30,17,0,3,5,2,13,17,8,32,40,1,0,0,0,0,0,0,0,0,0,4,0,0,0,0,0,0,0,0,0,160,1,7,-156,82,New Orleans
2023,6,3,51,5,0,9,2,22,28,9,52,61,33,2,0,3,1,13,13,3,27,30,15,3,0,5,1,8,13,5,22,27,0,0,0,1,0,0,0,1,0,1,3,0,0,0,0,1,2,0,3,3,173,1,9,-155,83,New Orleans
2024,6,3,55,2,2,3,4,26,32,5,62,67,32,2,1,1,2,20,12,2,34,36,20,0,0,2,2,4,20,2,26,28,0,0,0,0,0,0,0,0,0,0,3,0,1,0,0,2,0,1,2,3,181,0,8,-153,85,New Orleans
2012,7,3,21,0,3,3,10,31,12,6,53,59,15,0,1,2,7,29,4,3,40,43,6,0,2,1,3,2,6,3,11,14,0,0,0,0,0,0,1,0,1,1,0,0,0,0,0,0,1,0,1,1,223,2,4,-124,114,New Orleans
2013,7,3,44,0,3,3,9,30,17,6,56,62,15,0,3,1,5,26,7,4,38,42,25,0,0,1,3,4,9,1,16,17,0,0,0,0,0,0,1,0,1,1,4,0,0,1,1,0,0,1,1,2,200,1,13,-123,115,New Orleans
2014,7,3,24,1,2,1,9,41,12,3,62,65,16,1,1,1,5,31,4,2,40,42,6,0,1,0,3,9,7,1,19,20,1,0,0,0,0,1,0,0,1,1,1,0,0,0,1,0,1,0,2,2,176,2,5,-122,116,New Orleans
2015,7,3,38,0,1,5,5,28,18,6,51,57,26,0,0,2,3,16,7,2,26,28,11,0,1,3,2,10,8,4,20,24,0,0,0,0,0,0,0,0,0,0,1,0,0,0,0,2,3,0,5,5,174,1,14,-121,117,New Orleans
2016,7,3,46,2,3,3,8,38,23,6,69,75,23,0,0,1,4,25,11,1,40,41,17,2,3,2,3,13,12,5,28,33,0,0,0,0,0,0,0,0,0,0,6,0,0,0,1,0,0,0,1,1,194,0,13,-126,112,New Orleans
2017,7,3,50,4,4,3,7,38,23,7,68,75,24,1,1,2,6,32,12,3,50,53,21,3,2,1,1,5,11,3,17,20,1,0,1,0,0,1,0,1,1,2,4,0,0,0,0,0,0,0,0,0,211,4,10,-125,113,New Orleans
2018,7,3,36,2,1,4,6,35,10,5,51,56,20,2,0,3,4,21,6,3,31,34,13,0,1,1,2,11,3,2,16,18,0,0,0,0,0,0,0,0,0,0,3,0,0,0,0,3,1,0,4,4,163,0,9,-124,114,New Orleans
2019,7,3,35,1,5,1,7,35,16,6,58,64,23,0,0,1,6,25,5,1,36,37,11,1,4,0,1,7,10,4,18,22,0,0,1,0,0,0,0,1,0,1,1,0,0,0,0,3,1,0,4,4,191,1,10,-123,115,New Orleans
2020,7,3,55,1,7,3,8,25,16,10,49,59,32,1,3,1,3,23,10,4,36,40,17,0,4,2,4,2,5,6,11,17,1,0,0,0,1,0,1,0,2,2,5,0,0,0,0,0,0,0,0,0,160,4,10,-121,117,New Orleans
2021,7,3,47,2,4,4,1,23,20,8,44,52,27,2,2,2,1,9,13,4,23,27,19,0,2,2,0,13,6,4,19,23,0,0,0,0,0,0,0,0,0,0,1,0,0,0,0,1,1,0,2,2,165,1,9,-127,111,New Orleans
2022,7,3,36,13,5,4,2,12,37,9,51,60,16,3,2,2,1,9,15,4,25,29,15,5,2,2,1,3,21,4,25,29,0,0,0,0,0,0,0,0,0,0,5,5,1,0,0,0,1,1,1,2,161,1,14,-126,112,New Orleans
2023,7,3,42,4,0,0,9,25,36,0,70,70,27,1,0,0,6,19,16,0,41,41,13,3,0,0,3,6,17,0,26,26,0,0,0,0,0,0,2,0,2,2,2,0,0,0,0,0,1,0,1,1,185,2,11,-125,113,New Orleans
2024,7,3,40,1,4,2,5,25,18,6,48,54,25,1,1,2,3,13,5,3,21,24,9,0,2,0,2,11,13,2,26,28,0,0,0,0,0,0,0,0,0,0,6,0,1,0,0,1,0,1,1,2,165,1,12,-123,115,New Orleans
2012,8,3,29,1,2,4,5,28,15,6,48,54,12,0,0,3,2,19,6,3,27,30,12,1,1,0,2,9,7,1,18,19,0,0,0,0,0,0,1,0,1,1,5,0,1,1,1,0,1,2,2,4,182,1,17,-93,145,New Orleans
2013,8,3,45,0,3,3,10,44,11,6,65,71,18,0,1,1,6,22,4,2,32,34,25,0,2,2,3,20,7,4,30,34,1,0,0,0,1,1,0,0,2,2,1,0,0,0,0,1,0,0,1,1,199,4,6,-92,146,New Orleans
2014,8,3,33,1,1,3,10,23,17,4,50,54,16,1,1,0,5,11,1,1,17,18,15,0,0,1,4,12,14,1,30,31,0,0,0,0,0,0,0,0,0,0,2,0,0,2,1,0,2,2,3,5,135,1,9,-91,147,New Orleans
2015,8,3,48,4,7,0,11,23,19,7,53,60,21,3,4,0,4,19,7,4,30,34,19,0,3,0,7,2,11,3,20,23,0,0,0,0,0,0,0,0,0,0,8,1,0,0,0,2,1,0,3,3,171,0,14,-90,148,New Orleans
2016,8,3,32,1,6,2,7,24,19,8,50,58,21,1,3,1,1,17,8,4,26,30,9,0,3,0,6,5,10,3,21,24,1,0,0,0,0,0,0,0,0,0,1,0,0,1,0,2,1,1,3,4,146,5,5,-95,143,New Orleans
2017,8,3,41,0,4,1,4,32,12,5,48,53,23,0,2,0,3,26,6,2,35,37,13,0,2,1,1,5,4,3,10,13,0,0,0,0,0,0,0,0,0,0,5,0,0,0,0,1,2,0,3,3,176,0,10,-94,144,New Orleans
2018,8,3,46,1,0,5,6,43,23,5,72,77,30,0,0,1,2,29,8,1,39,40,12,1,0,2,4,11,13,2,28,30,0,0,0,0,0,1,0,0,1,1,4,0,0,2,0,2,2,2,4,6,198,1,18,-93,145,New Orleans
2019,8,3,48,0,3,7,6,34,24,10,64,74,29,0,1,3,1,20,14,4,35,39,17,0,2,4,5,12,8,6,25,31,0,0,0,0,0,1,1,0,2,2,2,0,0,0,0,1,1,0,2,2,191,3,8,-92,146,New Orleans
2020,8,3,52,1,0,3,7,29,22,3,58,61,33,0,0,3,4,23,14,3,41,44,15,1,0,0,3,5,8,0,16,16,0,0,0,0,0,0,0,0,0,0,4,0,0,0,0,1,0,0,1,1,165,0,8,-90,148,New Orleans
2021,8,3,36,3,2,4,2,23,11,6,36,42,23,2,0,1,1,14,6,1,21,22,8,1,2,2,1,8,5,4,14,18,0,0,0,1,0,0,0,1,0,1,5,0,0,0,0,1,0,0,1,1,133,1,7,-96,142,New Orleans
2022,8,3,33,1,3,2,9,31,8,5,48,53,22,1,1,1,5,19,5,2,29,31,7,0,2,1,3,12,2,3,17,20,0,0,0,0,1,0,0,0,1,1,4,0,0,0,0,0,1,0,1,1,129,1,6,-95,143,New Orleans
2023,8,3,38,7,1,4,5,23,29,5,57,62,22,5,0,1,3,13,15,1,31,32,14,0,1,3,2,8,14,4,24,28,0,0,0,0,0,0,0,0,0,0,2,2,0,0,0,2,0,0,2,2,158,0,12,-94,144,New Orleans
2024,8,3,52,0,0,7,5,34,13,7,52,59,27,0,0,3,3,18,2,3,23,26,21,0,0,2,2,13,10,2,25,27,1,0,0,0,0,3,1,0,4,4,3,0,0,2,0,0,0,2,0,2,158,6,9,-92,146,New Orleans
2012,9,3,35,1,2,1,26,22,12,3,60,63,19,0,1,0,16,17,3,1,36,37,14,1,0,0,10,5,7,0,22,22,0,0,0,0,0,0,0,0,0,0,2,0,1,1,0,0,2,2,2,4,215,0,18,-62,176,New Orleans
2013,9,3,25,2,4,1,9,35,16,5,60,65,11,2,2,0,6,28,8,2,42,44,12,0,1,1,2,7,7,2,16,18,0,0,0,0,1,0,0,0,1,1,2,0,1,0,0,0,1,1,1,2,191,1,8,-61,177,New Orleans
2014,9,3,33,2,6,1,10,28,13,7,51,58,19,1,4,0,6,19,6,4,31,35,9,0,2,1,4,7,6,3,17,20,0,0,0,0,0,0,0,0,0,0,5,1,0,0,0,2,1,0,3,3,200,2,22,-60,178,New Orleans
2015,9,3,30,1,1,5,7,35,14,6,56,62,19,1,0,3,3,22,7,3,32,35,11,0,1,1,4,11,6,2,21,23,0,0,0,1,0,0,0,1,0,1,0,0,0,0,0,2,1,0,3,3,168,1,8,-59,179,New Orleans
2016,9,3,39,0,0,4,4,27,20,4,51,55,20,0,0,2,1,17,6,2,24,26,13,0,0,2,3,9,13,2,25,27,0,0,0,0,0,0,0,0,0,0,6,0,0,0,0,1,1,0,2,2,151,0,11,-64,174,New Orleans
2017,9,3,53,0,2,4,7,37,23,6,67,73,34,0,1,1,2,18,12,2,32,34,17,0,1,3,5,19,11,4,35,39,0,0,0,0,0,0,0,0,0,0,2,0,0,0,0,0,0,0,0,0,193,1,6,-63,175,New Orleans
2018,9,3,53,3,1,5,8,34,18,6,60,66,35,1,1,2,3,19,9,3,31,34,17,2,0,2,4,12,9,2,25,27,0,0,0,0,0,0,0,0,0,0,1,0,0,1,1,3,0,1,4,5,187,0,13,-62,176,New Orleans
2019,9,3,42,2,1,0,5,39,9,1,53,54,27,1,1,0,2,26,2,1,30,31,12,1,0,0,3,10,7,0,20,20,1,0,0,0,0,2,0,0,2,2,2,0,0,0,0,1,0,0,1,1,191,3,7,-61,177,New Orleans
2020,9,3,49,1,2,10,4,19,44,12,67,79,27,0,0,6,1,14,18,6,33,39,21,1,2,2,3,5,26,4,34,38,0,0,0,0,0,0,0,0,0,0,1,0,0,2,0,0,0,2,0,2,197,2,10,-59,179,New Orleans
2021,9,3,36,3,2,5,42,11,17,7,70,77,22,2,2,2,25,10,11,4,46,50,12,1,0,2,15,1,5,2,21,23,0,0,0,1,0,0,0,1,0,1,2,0,0,0,2,0,1,0,3,3,156,1,5,-65,173,New Orleans
2022,9,3,25,9,4,8,6,37,38,12,81,93,11,4,4,2,1,12,7,6,20,26,11,5,0,5,5,24,28,5,57,62,0,0,0,0,0,0,0,0,0,0,3,0,0,1,0,1,3,1,4,5,176,0,10,-64,174,New Orleans
2023,9,3,52,2,3,6,3,40,19,9,62,71,26,0,0,4,2,17,7,4,26,30,23,1,1,0,1,22,12,1,35,36,1,0,0,0,0,0,0,0,0,0,2,1,2,2,0,1,0,4,1,5,171,2,13,-63,175,New Orleans
2024,9,3,59,0,1,3,5,32,10,4,47,51,34,0,1,1,1,22,5,2,28,30,19,0,0,0,2,8,5,0,15,15,0,0,0,0,1,0,0,0,1,1,6,0,0,2,1,2,0,2,3,5,156,3,12,-61,177,New Orleans
2012,10,3,10,0,4,3,11,29,10,7,50,57,2,0,1,2,6,20,5,3,31,34,8,0,3,1,5,5,5,4,15,19,0,0,0,0,0,0,0,0,0,0,0,0,0,0,0,4,0,0,4,4,159,0,11,-32,206,New Orleans
2013,10,3,31,0,2,3,8,39,9,5,56,61,16,0,0,1,6,28,3,1,37,38,13,0,2,2,2,8,5,4,15,19,0,0,0,0,0,0,1,0,1,1,2,0,0,0,0,3,0,0,3,3,216,1,11,-31,207,New Orleans
2014,10,3,24,1,8,2,14,34,8,10,56,66,14,1,2,1,13,27,2,3,42,45,7,0,6,1,1,7,6,7,14,21,0,0,0,0,0,0,0,0,0,0,3,0,0,0,0,0,0,0,0,0,160,0,7,-30,208,New Orleans
2015,10,3,41,0,4,2,12,33,11,6,56,62,28,0,1,0,2,13,4,1,19,20,11,0,3,1,8,19,7,4,34,38,0,0,0,1,0,0,0,1,0,1,2,0,0,0,2,1,0,0,3,3,162,1,12,-29,209,New Orleans
2016,10,3,38,2,2,1,9,23,14,3,46,49,21,2,2,1,3,14,5,3,22,25,15,0,0,0,5,7,9,0,21,21,0,0,0,0,1,0,0,0,1,1,2,0,0,0,0,2,0,0,2,2,149,1,6,-34,204,New Orleans
2017,10,3,48,0,4,2,10,22,8,6,40,46,29,0,2,1,8,15,2,3,25,28,14,0,1,1,2,7,6,2,15,17,0,0,0,0,0,0,0,0,0,0,5,0,1,0,0,0,0,1,0,1,178,1,13,-33,205,New Orleans
2018,10,3,46,4,3,5,5,31,31,8,67,75,19,2,0,2,1,21,9,2,31,33,19,2,2,3,4,8,21,5,33,38,0,0,1,0,0,2,0,1,2,3,8,0,0,0,0,0,1,0,1,1,216,3,17,-32,206,New Orleans
2019,10,3,49,1,4,3,4,37,24,7,65,72,22,1,1,0,2,24,7,1,33,34,18,0,3,3,1,9,15,6,25,31,0,0,0,0,0,0,0,0,0,0,9,0,0,0,1,4,2,0,7,7,218,1,25,-31,207,New Orleans
2020,10,3,57,0,1,5,5,23,34,6,62,68,40,0,1,3,3,15,15,4,33,37,14,0,0,2,2,7,17,2,26,28,0,0,0,0,0,0,1,0,1,1,3,0,0,0,0,1,1,0,2,2,182,1,8,-29,209,New Orleans
2021,10,3,55,0,1,6,9,25,21,7,55,62,31,0,0,3,3,15,10,3,28,31,22,0,1,3,6,7,9,4,22,26,0,0,0,0,0,0,0,0,0,0,2,0,0,0,0,3,2,0,5,5,176,0,14,-35,203,New Orleans
2022,10,3,35,0,4,4,4,25,42,8,71,79,20,0,1,2,1,17,22,3,40,43,13,0,2,1,3,8,18,3,29,32,0,0,0,0,0,0,0,0,0,0,2,0,1,1,0,0,2,2,2,4,172,0,8,-34,204,New Orleans
2023,10,3,32,4,1,2,5,26,12,3,43,46,15,3,0,1,1,15,5,1,21,22,12,1,1,1,3,11,7,2,21,23,0,0,0,0,0,0,0,0,0,0,5,0,0,0,1,0,0,0,1,1,124,1,7,-33,205,New Orleans
2024,10,3,36,0,2,1,1,15,7,3,23,26,20,0,1,1,0,11,3,2,14,16,13,0,1,0,1,4,4,1,9,10,0,0,0,0,0,0,0,0,0,0,3,0,0,0,0,0,0,0,0,0,114,0,7,-31,207,New Orleans
2012,11,3,32,1,5,5,5,28,11,10,44,54,11,0,1,0,1,19,2,1,22,23,20,1,4,4,4,9,8,8,21,29,0,0,0,0,0,0,1,0,1,1,1,0,0,1,0,0,0,1,0,1,163,1,14,-1,237,New Orleans
2013,11,3,32,2,3,1,6,35,10,4,51,55,16,0,1,0,2,17,2,1,21,22,12,2,2,1,3,16,7,3,26,29,1,0,0,0,0,1,0,0,1,1,3,0,0,0,1,1,1,0,3,3,146,2,8,0,238,New Orleans
2014,11,3,29,2,5,2,11,32,17,7,60,67,13,0,1,1,9,23,7,2,39,41,14,2,2,1,2,7,10,3,19,22,1,0,0,0,0,1,0,0,1,1,1,0,2,0,0,1,0,2,1,3,162,2,10,1,239,New Orleans
2015,11,3,32,2,3,3,9,27,17,6,53,59,16,1,2,2,6,18,9,4,33,37,14,0,0,0,2,7,8,0,17,17,1,0,0,0,0,0,0,0,0,0,1,1,1,1,1,2,0,2,3,5,169,1,13,2,240,New Orleans
2016,11,3,37,0,8,0,5,27,10,8,42,50,19,0,2,0,1,18,3,2,22,24,14,0,5,0,3,8,6,5,17,22,0,0,0,0,0,0,0,0,0,0,4,0,1,0,1,1,1,1,3,4,155,0,12,-3,235,New Orleans
2017,11,3,45,3,2,4,4,25,15,6,44,50,20,2,1,1,2,14,6,2,22,24,22,1,1,3,1,10,9,4,20,24,0,0,0,0,1,0,0,0,1,1,3,0,0,0,0,1,0,0,1,1,186,2,10,-2,236,New Orleans
2018,11,3,53,0,2,5,5,47,24,7,76,83,22,0,1,3,3,23,5,4,31,35,25,0,1,0,2,23,17,1,42,43,0,0,0,0,0,0,0,0,0,0,6,0,0,2,0,1,2,2,3,5,215,2,13,-1,237,New Orleans
2019,11,3,48,0,2,3,7,32,21,5,60,65,22,0,0,1,4,13,6,1,23,24,21,0,1,2,3,16,14,3,33,36,0,0,1,0,0,0,1,1,1,2,5,0,0,0,0,3,0,0,3,3,169,2,10,0,238,New Orleans
2020,11,3,54,2,3,7,4,26,26,10,56,66,28,0,1,4,1,18,10,5,29,34,25,2,2,2,3,7,14,4,24,28,0,0,0,0,0,0,0,0,0,0,1,0,0,1,0,1,2,1,3,4,179,1,8,2,240,New Orleans
2021,11,3,45,0,0,7,6,19,23,7,48,55,28,0,0,5,4,11,6,5,21,26,17,0,0,2,2,6,16,2,24,26,0,0,0,0,0,1,0,0,1,1,0,0,0,0,0,1,1,0,2,2,163,1,5,-4,234,New Orleans
2022,11,3,32,1,2,4,7,12,28,6,47,53,20,1,1,3,4,8,5,4,17,21,11,0,1,1,3,3,20,2,26,28,1,0,0,0,0,0,0,0,0,0,0,0,0,0,0,1,3,0,4,4,144,2,5,-3,235,New Orleans
2023,11,3,40,2,0,1,3,24,35,1,62,63,19,1,0,1,1,9,10,1,20,21,19,1,0,0,2,15,24,0,41,41,0,0,0,0,0,0,0,0,0,0,2,0,0,0,0,0,1,0,1,1,156,0,6,-2,236,New Orleans
2024,11,3,37,2,2,6,1,33,21,8,55,63,19,1,1,4,1,18,4,5,23,28,16,1,1,2,0,13,16,3,29,32,0,0,0,0,0,1,0,0,1,1,2,0,0,0,0,1,1,0,2,2,152,1,8,0,238,New Orleans
2012,12,3,17,0,4,3,10,20,17,7,47,54,9,0,2,0,8,10,4,2,22,24,7,0,2,3,2,9,12,5,23,28,0,0,0,0,0,0,1,0,1,1,1,0,0,0,0,1,0,0,1,1,155,4,6,29,267,New Orleans
2013,12,3,41,1,4,3,8,35,9,7,52,59,14,0,1,2,4,19,0,3,23,26,26,0,2,0,4,12,9,2,25,27,0,0,0,0,0,0,0,0,0,0,1,1,1,1,0,4,0,2,4,6,225,0,15,30,268,New Orleans
2014,12,3,28,1,5,3,4,23,18,8,45,53,7,0,3,1,2,15,6,4,23,27,18,1,2,2,2,6,10,4,18,22,0,0,0,0,0,1,0,0,1,1,3,0,0,0,0,1,2,0,3,3,151,1,7,31,269,New Orleans
2015,12,3,44,1,2,0,10,18,16,2,44,46,16,0,0,0,6,12,7,0,25,25,26,1,2,0,4,5,8,2,17,19,0,0,0,0,0,0,0,0,0,0,2,0,0,0,0,1,1,0,2,2,179,1,28,32,270,New Orleans
2016,12,3,42,1,3,2,8,25,9,5,42,47,14,0,1,2,3,15,4,3,22,25,26,0,1,0,2,9,4,1,15,16,0,1,0,0,0,0,0,0,0,0,2,0,1,0,3,1,1,1,5,6,140,1,9,27,265,New Orleans
2017,12,3,53,1,3,5,5,30,6,8,41,49,21,0,0,3,2,10,3,3,15,18,27,1,3,2,3,18,3,5,24,29,0,0,0,0,0,1,0,0,1,1,5,0,0,0,0,1,0,0,1,1,188,2,8,28,266,New Orleans
2018,12,3,51,1,3,3,8,41,22,6,71,77,23,0,1,2,4,22,8,3,34,37,23,1,2,0,4,17,13,2,34,36,0,0,0,0,0,1,0,0,1,1,5,0,0,1,0,1,1,1,2,3,212,3,20,29,267,New Orleans
2019,12,3,42,3,3,1,6,39,34,4,79,83,22,2,1,1,2,26,11,2,39,41,18,1,2,0,4,12,21,2,37,39,0,0,0,0,0,0,1,0,1,1,2,0,0,0,0,1,1,0,2,2,200,1,6,30,268,New Orleans
2020,12,3,41,1,9,10,3,30,18,19,51,70,22,1,4,5,0,21,5,9,26,35,17,0,5,4,3,5,9,9,17,26,0,0,0,0,0,0,0,0,0,0,2,0,0,1,0,4,4,1,8,9,160,0,12,32,270,New Orleans
2021,12,3,33,2,5,9,5,26,36,14,67,81,10,0,1,5,2,16,9,6,27,33,20,1,3,4,2,9,24,7,35,42,0,0,0,0,1,0,0,0,1,1,3,1,1,0,0,1,3,1,4,5,162,1,11,26,264,New Orleans
2022,12,3,30,5,3,4,4,20,25,7,49,56,9,0,0,3,1,10,4,3,15,18,19,5,3,1,3,10,19,4,32,36,0,0,0,0,0,0,0,0,0,0,2,0,0,0,0,0,2,0,2,2,137,0,5,27,265,New Orleans
2023,12,3,52,2,1,4,2,34,30,5,66,71,20,1,0,1,0,16,16,1,32,33,27,1,0,2,2,17,13,2,32,34,2,0,0,0,0,1,0,0,1,1,3,0,1,1,0,0,1,2,1,3,189,3,12,28,266,New Orleans
2024,12,3,22,1,0,0,2,23,15,0,40,40,10,1,0,0,2,17,6,0,25,25,9,0,0,0,0,6,9,0,15,15,1,0,0,0,0,0,0,0,0,0,2,0,0,0,0,0,0,0,0,0,103,1,4,30,268,New Orleans
2012,1,4,24,3,1,0,5,31,12,1,48,49,6,0,0,0,4,17,4,0,25,25,17,3,1,0,1,13,8,1,22,23,0,0,0,0,0,0,0,0,0,0,1,0,0,0,0,1,0,0,1,1,160,2,11,-305,-67,New Orleans
2013,1,4,29,2,2,0,7,29,15,2,51,53,15,1,0,0,4,14,7,0,25,25,13,1,2,0,2,12,8,2,22,24,0,0,0,0,0,0,0,0,0,0,1,0,0,0,1,3,0,0,4,4,174,0,10,-303,-65,New Orleans
2014,1,4,33,0,3,6,6,26,16,9,48,57,16,0,0,1,1,14,5,1,20,21,11,0,2,3,5,10,10,5,25,30,0,0,0,0,0,1,0,0,1,1,6,0,1,2,0,1,1,3,2,5,139,1,13,-302,-64,New Orleans
2015,1,4,25,0,4,4,15,18,15,8,48,56,12,0,0,2,6,12,4,2,22,24,12,0,2,1,8,6,10,3,24,27,0,0,0,1,0,0,0,1,0,1,1,0,2,0,1,0,1,2,2,4,125,2,12,-301,-63,New Orleans
2016,1,4,46,2,5,4,6,46,13,9,65,74,26,2,2,1,5,32,6,3,43,46,18,0,2,3,1,12,6,5,19,24,0,0,0,0,0,0,0,0,0,0,2,0,1,0,0,2,1,1,3,4,195,0,16,-307,-69,New Orleans
2017,1,4,37,1,4,3,9,39,14,7,62,69,21,1,1,0,2,20,5,1,27,28,15,0,3,1,7,16,9,4,32,36,0,0,0,0,0,1,0,0,1,1,1,0,0,2,0,2,0,2,2,4,162,1,12,-305,-67,New Orleans
2018,1,4,39,1,6,7,5,19,10,13,34,47,14,1,4,3,3,11,2,7,16,23,25,0,1,4,2,7,8,5,17,22,0,0,0,0,0,0,0,0,0,0,0,0,1,0,0,1,0,1,1,2,154,0,6,-304,-66,New Orleans
2019,1,4,44,1,3,2,2,32,46,5,80,85,14,1,1,1,2,19,11,2,32,34,26,0,2,1,0,9,29,3,38,41,0,0,0,0,0,0,1,0,1,1,4,0,0,0,0,4,5,0,9,9,199,1,21,-303,-65,New Orleans
2020,1,4,13,0,1,3,5,10,10,4,25,29,7,0,0,2,3,4,3,2,10,12,5,0,1,1,2,4,7,2,13,15,0,0,0,0,0,0,0,0,0,0,1,0,0,0,0,2,0,0,2,2,52,0,3,-302,-64,New Orleans
2021,1,4,37,3,4,7,3,25,16,11,44,55,15,2,2,2,1,20,5,4,26,30,20,1,1,3,2,4,9,4,15,19,0,0,0,1,0,0,0,1,0,1,2,0,1,1,0,1,2,2,3,5,150,1,12,-307,-69,New Orleans
2022,1,4,38,1,6,3,3,32,31,9,66,75,18,1,2,2,1,26,15,4,42,46,15,0,4,1,2,4,14,5,20,25,1,0,0,0,0,0,0,0,0,0,4,0,0,0,0,2,2,0,4,4,171,1,13,-306,-68,New Orleans
2023,1,4,41,2,1,8,7,20,57,9,84,93,15,0,0,4,5,13,13,4,31,35,21,1,1,4,2,7,34,5,43,48,1,0,0,0,0,0,0,0,0,0,4,1,0,0,0,0,10,0,10,10,190,3,18,-305,-67,New Orleans
2024,1,4,48,3,1,3,1,24,36,4,61,65,25,1,1,1,1,13,8,2,22,24,20,2,0,2,0,11,26,2,37,39,0,0,0,0,0,0,0,0,0,0,3,0,0,0,0,0,2,0,2,2,179,0,7,-304,-66,New Orleans
2012,2,4,20,0,1,2,11,37,8,3,56,59,6,0,0,0,7,16,4,0,27,27,13,0,1,2,4,20,4,3,28,31,0,0,0,0,0,0,0,0,0,0,1,0,0,0,0,1,0,0,1,1,153,1,6,-274,-36,New Orleans
2013,2,4,12,0,1,3,7,44,15,4,66,70,7,0,0,1,4,18,6,1,28,29,4,0,1,1,2,24,9,2,35,37,1,0,0,0,0,0,0,0,0,0,0,0,0,1,1,2,0,1,3,4,127,1,5,-272,-34,New Orleans
2014,2,4,24,2,2,3,11,24,24,5,59,64,10,2,1,2,5,14,8,3,27,30,10,0,1,1,5,8,11,2,24,26,0,0,0,0,1,0,5,0,6,6,4,0,0,0,0,2,0,0,2,2,176,6,17,-271,-33,New Orleans
2015,2,4,25,0,0,1,7,24,13,1,44,45,8,0,0,0,5,14,2,0,21,21,11,0,0,1,2,8,11,1,21,22,2,0,0,0,0,0,0,0,0,0,4,0,0,0,0,2,0,0,2,2,134,2,11,-270,-32,New Orleans
2016,2,4,38,3,1,2,13,42,14,3,69,72,17,1,0,1,7,18,3,1,28,29,19,2,1,1,5,22,10,2,37,39,0,0,0,0,0,0,0,0,0,0,2,0,0,0,1,2,1,0,4,4,195,0,13,-276,-38,New Orleans
2017,2,4,31,1,4,4,8,36,12,8,56,64,19,1,1,4,6,18,2,5,26,31,9,0,3,0,1,14,8,3,23,26,0,0,0,0,0,1,0,0,1,1,3,0,0,0,1,3,2,0,6,6,163,1,10,-274,-36,New Orleans
2018,2,4,52,2,1,4,5,42,15,5,62,67,13,1,0,2,2,19,8,2,29,31,32,1,1,1,2,21,3,2,26,28,0,0,0,0,0,0,0,0,0,0,7,0,0,1,1,2,4,1,7,8,198,1,19,-273,-35,New Orleans
2019,2,4,58,4,2,7,5,35,22,9,62,71,24,0,1,4,2,21,5,5,28,33,27,4,1,1,2,11,16,2,29,31,0,0,0,1,1,0,1,1,2,3,7,0,0,1,0,3,0,1,3,4,234,3,15,-272,-34,New Orleans
2020,2,4,32,2,1,2,5,30,29,3,64,67,16,1,1,1,4,14,2,2,20,22,14,1,0,1,1,14,21,1,36,37,0,0,0,0,0,0,0,0,0,0,2,0,0,0,0,2,6,0,8,8,162,0,18,-271,-33,New Orleans
2021,2,4,41,2,0,5,2,25,15,5,42,47,24,1,0,4,0,14,6,4,20,24,14,0,0,1,1,8,9,1,18,19,0,0,0,0,0,0,0,0,0,0,3,1,0,0,1,3,0,0,4,4,160,1,12,-276,-38,New Orleans
2022,2,4,23,0,4,2,2,20,48,6,70,76,14,0,2,0,2,10,10,2,22,24,9,0,2,2,0,6,35,4,41,45,0,0,0,0,0,1,1,0,2,2,0,0,0,0,0,3,2,0,5,5,154,4,10,-275,-37,New Orleans
2023,2,4,37,3,0,12,8,41,21,12,70,82,17,0,0,4,3,20,4,4,27,31,16,3,0,7,4,20,16,7,40,47,0,0,0,0,0,0,0,0,0,0,4,0,0,1,1,1,1,1,3,4,165,0,10,-274,-36,New Orleans
2024,2,4,53,10,1,1,4,55,30,2,89,91,26,5,1,1,1,31,17,2,49,51,21,5,0,0,3,18,13,0,34,34,1,0,0,0,0,1,0,0,1,1,5,0,0,0,0,5,0,0,5,5,226,2,17,-273,-35,New Orleans
2012,3,4,30,0,0,3,9,28,7,3,44,47,14,0,0,1,3,13,3,1,19,20,13,0,0,2,5,13,4,2,22,24,1,0,0,0,1,0,0,0,1,1,2,0,0,0,0,2,0,0,2,2,154,2,12,-245,-7,New Orleans
2013,3,4,32,0,1,1,10,24,11,2,45,47,13,0,0,0,7,15,5,0,27,27,14,0,1,1,3,8,6,2,17,19,0,0,0,0,0,1,0,0,1,1,5,0,0,0,0,0,0,0,0,0,186,2,14,-244,-6,New Orleans
2014,3,4,30,2,3,5,4,58,34,8,96,104,15,0,1,2,1,28,12,3,41,44,12,2,2,3,3,23,21,5,47,52,1,0,0,0,0,1,0,0,1,1,2,0,0,0,0,6,1,0,7,7,197,3,12,-243,-5,New Orleans
2015,3,4,31,2,5,2,10,22,10,7,42,49,10,0,0,1,5,14,5,1,24,25,19,2,5,1,5,6,4,6,15,21,0,0,0,0,0,0,1,0,1,1,2,0,0,0,0,2,0,0,2,2,149,5,5,-242,-4,New Orleans
2016,3,4,28,0,0,0,5,33,14,0,52,52,10,0,0,0,2,21,4,0,27,27,16,0,0,0,2,11,9,0,22,22,1,0,0,0,0,1,0,0,1,1,1,0,0,0,1,0,1,0,2,2,163,2,7,-247,-9,New Orleans
2017,3,4,42,2,3,2,8,28,15,5,51,56,17,0,1,0,3,10,8,1,21,22,23,2,1,2,5,12,6,3,23,26,0,0,0,0,0,1,1,0,2,2,2,0,1,0,0,5,0,1,5,6,150,3,14,-246,-8,New Orleans
2018,3,4,63,1,1,6,3,33,10,7,46,53,29,0,0,2,0,14,5,2,19,21,30,1,1,3,3,18,4,4,25,29,1,0,0,1,0,0,0,1,0,1,3,0,0,0,0,1,1,0,2,2,179,3,7,-245,-7,New Orleans
2019,3,4,65,1,2,4,5,58,20,6,83,89,34,0,1,2,3,23,9,3,35,38,26,1,1,2,2,31,11,3,44,47,0,0,0,0,0,0,0,0,0,0,5,0,0,0,0,4,0,0,4,4,261,0,23,-244,-6,New Orleans
2020,3,4,47,1,3,2,4,35,18,5,57,62,29,0,2,2,3,19,9,4,31,35,13,1,1,0,1,13,6,1,20,21,4,0,0,0,0,1,0,0,1,1,1,0,0,0,0,2,3,0,5,5,166,6,8,-242,-4,New Orleans
2021,3,4,43,2,3,8,3,17,27,11,47,58,16,1,1,4,1,12,6,5,19,24,23,1,2,2,2,3,21,4,26,30,0,0,0,0,0,0,0,0,0,0,4,0,0,2,0,2,0,2,2,4,175,1,14,-248,-10,New Orleans
2022,3,4,26,3,2,8,6,29,23,10,58,68,13,1,1,2,2,15,7,3,24,27,12,2,1,3,3,11,16,4,30,34,0,0,0,1,1,0,0,1,1,2,1,0,0,2,0,3,0,2,3,5,144,2,9,-247,-9,New Orleans
2023,3,4,36,4,0,6,4,17,23,6,44,50,19,2,0,3,2,11,7,3,20,23,15,2,0,2,2,6,15,2,23,25,1,0,0,0,0,0,1,0,1,1,1,0,0,1,0,0,0,1,0,1,135,3,5,-246,-8,New Orleans
2024,3,4,31,4,1,1,9,24,20,2,53,55,17,2,0,0,6,13,8,0,27,27,12,1,1,1,2,10,12,2,24,26,1,0,0,0,0,1,0,0,1,1,1,1,0,0,1,0,0,0,1,1,138,4,4,-244,-6,New Orleans
2012,4,4,13,2,3,2,7,25,14,5,46,51,9,1,2,1,3,15,7,3,25,28,4,1,1,0,3,4,7,1,14,15,0,0,0,0,0,0,0,0,0,0,0,0,0,1,1,6,0,1,7,8,166,0,12,-214,24,New Orleans
2013,4,4,20,0,1,1,4,25,9,2,38,40,12,0,0,1,2,16,3,1,21,22,7,0,1,0,2,6,6,1,14,15,0,0,0,0,0,0,0,0,0,0,1,0,0,0,0,3,0,0,3,3,151,0,16,-213,25,New Orleans
2014,4,4,35,3,1,4,11,47,17,5,75,80,19,1,1,0,7,29,7,1,43,44,15,2,0,1,2,11,10,1,23,24,0,0,0,0,0,2,0,0,2,2,1,0,0,3,2,5,0,3,7,10,205,2,18,-212,26,New Orleans
2015,4,4,41,0,2,2,5,33,10,4,48,52,19,0,1,2,3,18,3,3,24,27,20,0,0,0,1,13,6,0,20,20,0,0,0,0,0,0,0,0,0,0,2,0,1,0,1,2,1,1,4,5,153,1,7,-211,27,New Orleans
2016,4,4,33,2,3,8,4,21,15,11,40,51,21,2,1,5,4,12,5,6,21,27,8,0,2,3,0,8,10,5,18,23,0,0,0,0,0,0,0,0,0,0,4,0,0,0,0,1,0,0,1,1,156,0,11,-216,22,New Orleans
2017,4,4,39,1,2,7,2,30,12,9,44,53,20,0,0,2,2,20,5,2,27,29,16,1,1,3,0,9,7,4,16,20,0,0,0,0,0,0,0,0,0,0,3,0,1,2,0,1,0,3,1,4,186,1,13,-215,23,New Orleans
2018,4,4,59,4,5,3,7,33,24,8,64,72,25,3,1,1,5,22,3,2,30,32,28,1,4,2,2,8,19,6,29,35,1,0,0,0,0,0,1,0,1,1,5,0,0,0,0,3,1,0,4,4,230,2,19,-214,24,New Orleans
2019,4,4,42,1,0,3,3,32,31,3,66,69,18,0,0,2,2,23,8,2,33,35,21,1,0,1,1,7,23,1,31,32,0,0,0,0,0,0,0,0,0,0,3,0,0,0,0,2,0,0,2,2,179,1,12,-213,25,New Orleans
2020,4,4,42,1,3,1,6,19,15,4,40,44,26,1,1,1,3,11,4,2,18,20,14,0,0,0,3,7,8,0,18,18,0,0,0,0,0,0,2,0,2,2,2,0,2,0,0,1,1,2,2,4,141,2,13,-211,27,New Orleans
2021,4,4,51,4,2,10,3,24,29,12,56,68,26,2,0,4,2,16,14,4,32,36,22,2,1,3,1,8,15,4,24,28,0,0,0,0,0,0,0,0,0,0,3,0,1,3,0,0,0,4,0,4,162,1,11,-217,21,New Orleans
2022,4,4,43,1,1,6,5,36,37,7,78,85,29,0,1,5,1,21,23,6,45,51,10,0,0,1,4,12,14,1,30,31,0,0,0,0,0,0,0,0,0,0,4,1,0,0,0,3,0,0,3,3,174,0,11,-216,22,New Orleans
2023,4,4,32,4,2,6,2,22,45,8,69,77,13,1,1,6,1,12,12,7,25,32,16,2,1,0,1,9,33,1,43,44,1,0,0,0,0,0,0,0,0,0,2,1,0,0,0,1,0,0,1,1,162,1,6,-215,23,New Orleans
2024,4,4,37,0,2,4,4,33,15,6,52,58,21,0,1,2,3,24,5,3,32,35,15,0,1,1,1,9,10,2,20,22,0,0,0,0,0,0,0,0,0,0,1,0,0,1,0,0,0,1,0,1,156,1,5,-213,25,New Orleans
2012,5,4,33,4,2,6,8,42,13,8,63,71,17,4,1,4,6,22,6,5,34,39,14,0,1,2,2,15,6,3,23,26,1,0,0,0,0,1,0,0,1,1,1,0,0,0,0,4,1,0,5,5,230,4,17,-184,54,New Orleans
2013,5,4,31,1,0,3,6,34,20,3,60,63,19,0,0,2,4,21,7,2,32,34,10,1,0,0,2,13,12,0,27,27,1,0,0,0,0,0,0,0,0,0,1,0,0,1,0,0,1,1,1,2,195,1,13,-183,55,New Orleans
2014,5,4,41,3,3,1,5,39,10,4,54,58,23,0,0,1,3,25,5,1,33,34,15,3,3,0,2,11,5,3,18,21,1,0,0,0,0,1,0,0,1,1,2,0,0,0,0,2,0,0,2,2,180,4,9,-182,56,New Orleans
2015,5,4,31,0,2,3,8,40,19,5,67,72,17,0,0,1,5,26,10,1,41,42,9,0,2,2,2,13,9,4,24,28,0,0,0,0,0,0,0,0,0,0,5,0,0,0,1,1,0,0,2,2,168,1,12,-181,57,New Orleans
2016,5,4,37,1,1,6,8,34,10,7,52,59,22,0,0,5,8,23,2,5,33,38,13,1,1,1,0,8,8,2,16,18,0,0,0,0,0,2,0,0,2,2,2,0,0,0,0,1,0,0,1,1,160,2,9,-186,52,New Orleans
2017,5,4,39,3,3,3,2,25,11,6,38,44,27,0,1,3,1,20,5,4,26,30,8,1,2,0,1,4,5,2,10,12,1,0,0,0,0,0,0,0,0,0,3,2,0,0,0,1,1,0,2,2,155,1,11,-185,53,New Orleans
2018,5,4,55,1,1,1,1,38,21,2,60,62,34,0,1,1,0,21,8,2,29,31,13,1,0,0,1,15,11,0,27,27,1,0,0,0,0,0,1,0,1,1,7,0,0,0,0,2,1,0,3,3,205,2,21,-184,54,New Orleans
2019,5,4,55,1,3,5,5,41,30,8,76,84,36,0,1,4,1,19,7,5,27,32,18,1,2,0,4,16,21,2,41,43,0,0,0,1,0,1,0,1,1,2,1,0,0,0,0,5,2,0,7,7,215,2,14,-183,55,New Orleans
2020,5,4,50,1,1,5,5,29,49,6,83,89,33,1,1,5,3,22,20,6,45,51,15,0,0,0,2,4,26,0,32,32,0,0,0,0,0,0,1,0,1,1,2,0,0,0,0,3,2,0,5,5,192,1,12,-181,57,New Orleans
2021,5,4,38,0,1,6,3,22,21,7,46,53,23,0,0,3,1,17,11,3,29,32,7,0,1,3,2,5,9,4,16,20,1,0,0,0,0,0,0,0,0,0,7,0,0,0,0,0,1,0,1,1,152,3,12,-187,51,New Orleans
2022,5,4,43,3,1,4,1,27,27,5,55,60,26,3,0,2,1,19,17,2,37,39,16,0,1,2,0,7,9,3,16,19,0,0,0,0,0,0,1,0,1,1,1,0,0,0,0,1,0,0,1,1,156,1,4,-186,52,New Orleans
2023,5,4,35,4,3,2,3,30,30,5,63,68,20,3,1,1,1,20,8,2,29,31,15,1,1,0,2,5,21,1,28,29,0,0,0,0,0,0,1,0,1,1,0,0,1,1,0,5,0,2,5,7,163,2,12,-185,53,New Orleans
2024,5,4,45,4,0,3,4,34,24,3,62,65,24,2,0,0,3,14,9,0,26,26,17,2,0,2,1,20,15,2,36,38,0,0,0,0,0,0,0,0,0,0,4,0,0,1,0,0,0,1,0,1,165,0,8,-183,55,New Orleans
2012,6,4,38,1,1,2,10,34,17,3,61,64,21,1,0,2,7,24,13,2,44,46,13,0,1,0,3,8,4,1,15,16,0,0,0,0,0,0,0,0,0,0,4,0,0,0,0,2,0,0,2,2,218,1,12,-153,85,New Orleans
2013,6,4,22,3,7,4,14,49,20,11,83,94,14,1,4,3,11,35,8,7,54,61,5,2,3,1,2,13,6,4,21,25,0,0,0,0,0,0,1,0,1,1,3,0,0,0,1,1,5,0,7,7,231,1,17,-152,86,New Orleans
2014,6,4,40,1,2,2,7,36,13,4,56,60,12,1,1,2,4,24,2,3,30,33,24,0,1,0,1,11,10,1,22,23,0,0,0,0,0,0,0,0,0,0,4,0,0,0,2,1,1,0,4,4,194,0,15,-151,87,New Orleans
2015,6,4,27,3,1,1,6,27,13,2,46,48,18,1,1,1,1,18,7,2,26,28,5,1,0,0,4,9,6,0,19,19,0,1,0,0,1,0,0,0,1,1,4,0,0,0,0,0,0,0,0,0,148,2,6,-150,88,New Orleans
2016,6,4,28,1,2,2,4,28,18,4,50,54,16,0,1,1,2,19,6,2,27,29,10,1,1,1,2,6,11,2,19,21,0,0,0,0,0,0,0,0,0,0,2,0,0,0,0,3,1,0,4,4,131,0,9,-155,83,New Orleans
2017,6,4,51,2,9,1,7,36,15,10,58,68,29,1,1,1,2,24,7,2,33,35,17,0,8,0,4,9,8,8,21,29,0,0,0,0,0,0,0,0,0,0,5,1,0,0,1,3,0,0,4,4,185,1,16,-154,84,New Orleans
2018,6,4,70,4,5,4,3,37,38,9,78,87,46,3,3,3,2,30,17,6,49,55,17,1,2,1,1,6,21,3,28,31,2,0,0,0,0,0,0,0,0,0,5,0,0,0,0,1,0,0,1,1,252,3,16,-153,85,New Orleans
2019,6,4,37,1,5,3,4,42,30,8,76,84,27,0,2,2,4,25,19,4,48,52,9,1,3,1,0,13,11,4,24,28,1,0,0,0,0,0,0,0,0,0,0,0,0,0,0,4,0,0,4,4,204,2,11,-152,86,New Orleans
2020,6,4,50,1,0,4,6,14,19,4,39,43,35,1,0,2,2,12,9,2,23,25,7,0,0,2,4,1,8,2,13,15,0,0,0,0,0,0,0,0,0,0,8,0,0,0,0,1,2,0,3,3,138,0,12,-150,88,New Orleans
2021,6,4,44,0,5,6,3,28,39,11,70,81,32,0,5,3,1,17,27,8,45,53,11,0,0,2,1,8,9,2,18,20,0,0,0,1,0,0,0,1,0,1,1,0,0,0,1,3,3,0,7,7,181,2,12,-156,82,New Orleans
2022,6,4,29,2,3,2,5,24,27,5,56,61,20,2,2,2,1,11,9,4,21,25,6,0,1,0,4,12,15,1,31,32,0,0,0,0,0,0,0,0,0,0,3,0,0,0,0,1,3,0,4,4,144,0,9,-155,83,New Orleans
2023,6,4,50,2,2,6,6,32,65,8,103,111,24,2,0,3,2,16,20,3,38,41,23,0,1,3,3,13,39,4,55,59,0,0,0,0,0,1,0,0,1,1,3,0,1,0,1,2,6,1,9,10,211,1,15,-154,84,New Orleans
2024,6,4,46,6,0,3,2,19,25,3,46,49,30,6,0,1,1,13,8,1,22,23,11,0,0,1,1,6,16,1,23,24,0,0,0,0,0,0,0,0,0,0,5,0,0,1,0,0,1,1,1,2,152,0,8,-152,86,New Orleans
2012,7,4,38,2,3,1,10,25,9,4,44,48,19,0,1,1,4,14,0,2,18,20,14,2,2,0,4,9,8,2,21,23,0,0,0,0,0,0,0,0,0,0,5,0,0,0,2,2,1,0,5,5,153,0,14,-123,115,New Orleans
2013,7,4,43,1,6,4,3,34,6,10,43,53,19,1,2,0,1,21,2,2,24,26,17,0,3,3,2,11,4,6,17,23,1,0,0,0,0,0,0,0,0,0,6,0,1,1,0,2,0,2,2,4,152,2,14,-122,116,New Orleans
2014,7,4,33,0,5,3,6,24,4,8,34,42,16,0,2,1,2,14,3,3,19,22,15,0,3,1,2,9,1,4,12,16,1,0,0,0,0,0,0,0,0,0,1,0,0,1,2,1,0,1,3,4,136,1,9,-121,117,New Orleans
2015,7,4,32,2,4,4,3,34,7,8,44,52,15,0,1,1,2,17,3,2,22,24,12,2,3,3,0,13,3,6,16,22,1,0,0,0,0,1,0,0,1,1,4,0,0,0,1,3,1,0,5,5,169,2,13,-120,118,New Orleans
2016,7,4,37,2,2,5,8,25,19,7,52,59,19,0,0,4,5,15,7,4,27,31,15,2,2,1,2,10,12,3,24,27,0,0,0,0,0,0,0,0,0,0,3,0,0,0,1,0,0,0,1,1,169,1,8,-125,113,New Orleans
2017,7,4,38,6,0,2,5,27,16,2,48,50,25,0,0,0,2,15,2,0,19,19,9,5,0,1,3,11,12,1,26,27,1,0,0,0,0,0,1,0,1,1,3,1,0,1,0,1,1,1,2,3,165,2,13,-124,114,New Orleans
2018,7,4,58,0,2,8,12,33,15,10,60,70,29,0,0,4,9,25,8,4,42,46,20,0,2,2,2,7,6,4,15,19,0,0,0,0,0,0,0,0,0,0,9,0,0,2,1,1,1,2,3,5,194,1,23,-123,115,New Orleans
2019,7,4,44,2,2,1,1,30,17,3,48,51,22,0,0,0,0,18,6,0,24,24,18,1,1,1,1,7,11,2,19,21,1,0,0,0,0,1,0,0,1,1,3,1,1,0,0,4,0,1,4,5,151,2,15,-122,116,New Orleans
2020,7,4,48,2,3,10,13,18,27,13,58,71,27,0,1,4,6,13,12,5,31,36,14,2,1,4,7,4,12,5,23,28,0,0,1,0,0,0,1,1,1,2,7,0,0,2,0,1,2,2,3,5,169,2,16,-120,118,New Orleans
2021,7,4,59,0,4,7,6,37,17,11,60,71,34,0,0,1,2,18,4,1,24,25,21,0,4,5,3,18,11,9,32,41,1,0,0,0,0,0,1,0,1,1,3,0,0,1,1,1,1,1,3,4,203,3,10,-126,112,New Orleans
2022,7,4,36,16,2,9,2,15,37,11,54,65,17,4,2,6,0,8,14,8,22,30,13,10,0,3,2,5,21,3,28,31,0,0,0,0,0,2,0,0,2,2,6,2,0,0,0,0,2,0,2,2,164,4,12,-125,113,New Orleans
2023,7,4,41,11,3,5,2,29,21,8,52,60,20,2,1,3,1,18,5,4,24,28,15,7,1,2,1,9,16,3,26,29,0,0,0,0,0,0,0,0,0,0,6,2,1,0,0,2,0,1,2,3,167,0,17,-124,114,New Orleans
2024,7,4,53,1,3,1,0,32,19,4,51,55,30,0,1,0,0,15,5,1,20,21,17,1,2,1,0,15,14,3,29,32,1,0,0,0,0,0,0,0,0,0,5,0,0,0,0,2,0,0,2,2,171,1,10,-122,116,New Orleans
2012,8,4,31,1,3,12,7,24,11,15,42,57,15,1,1,4,5,16,7,5,28,33,12,0,2,7,1,8,4,9,13,22,0,0,0,0,0,0,0,0,0,0,4,0,0,1,1,0,0,1,1,2,202,0,10,-92,146,New Orleans
2013,8,4,26,0,5,1,7,25,18,6,50,56,12,0,3,1,4,16,6,4,26,30,10,0,2,0,3,8,11,2,22,24,0,0,0,0,0,1,1,0,2,2,4,0,0,0,0,0,0,0,0,0,151,2,14,-91,147,New Orleans
2014,8,4,32,1,9,3,10,22,26,12,58,70,13,1,2,3,5,12,10,5,27,32,15,0,5,0,4,7,16,5,27,32,0,0,0,0,0,1,0,0,1,1,4,0,2,0,1,2,0,2,3,5,180,1,14,-90,148,New Orleans
2015,8,4,31,0,6,1,4,28,19,7,51,58,17,0,2,1,2,18,10,3,30,33,9,0,4,0,2,8,8,4,18,22,0,0,0,0,0,0,0,0,0,0,5,0,0,0,0,2,1,0,3,3,148,0,11,-89,149,New Orleans
2016,8,4,30,1,5,4,12,26,10,9,48,57,17,0,2,3,9,19,4,5,32,37,12,0,3,1,3,5,4,4,12,16,0,0,0,0,0,0,1,0,1,1,1,1,0,0,0,2,1,0,3,3,141,2,6,-94,144,New Orleans
2017,8,4,37,2,3,2,6,42,12,5,60,65,21,2,1,1,5,30,6,2,41,43,12,0,2,1,1,12,6,3,19,22,0,0,0,0,0,0,0,0,0,0,4,0,0,0,0,0,0,0,0,0,179,0,11,-93,145,New Orleans
2018,8,4,37,4,4,2,5,40,14,6,59,65,19,3,1,1,2,24,5,2,31,33,13,1,3,1,3,12,9,4,24,28,0,0,0,0,0,2,0,0,2,2,5,0,0,0,0,2,0,0,2,2,172,2,12,-92,146,New Orleans
2019,8,4,42,1,2,3,3,34,67,5,104,109,23,1,1,1,1,19,38,2,58,60,15,0,1,2,2,14,26,3,42,45,0,0,0,0,0,1,0,0,1,1,4,0,0,0,0,0,3,0,3,3,240,6,13,-91,147,New Orleans
2020,8,4,39,4,0,3,1,21,17,3,39,42,28,1,0,1,0,13,5,1,18,19,8,3,0,2,1,7,12,2,20,22,0,0,0,0,0,0,0,0,0,0,3,0,0,0,0,1,0,0,1,1,143,0,9,-89,149,New Orleans
2021,8,4,45,3,2,6,9,30,7,8,46,54,27,1,0,4,3,23,3,4,29,33,14,2,2,1,6,7,4,3,17,20,0,0,0,0,0,0,0,0,0,0,4,0,0,1,0,0,0,1,0,1,164,0,7,-95,143,New Orleans
2022,8,4,52,1,2,5,5,26,11,7,42,49,33,1,2,3,1,17,4,5,22,27,13,0,0,2,3,8,7,2,18,20,0,0,0,0,0,0,0,0,0,0,6,0,0,0,1,1,0,0,2,2,148,0,11,-94,144,New Orleans
2023,8,4,36,3,0,2,2,37,17,2,56,58,21,2,0,1,0,17,2,1,19,20,10,1,0,1,2,19,15,1,36,37,1,0,0,0,0,0,0,0,0,0,4,0,0,0,0,1,0,0,1,1,159,1,9,-93,145,New Orleans
2024,8,4,61,0,1,2,6,32,18,3,56,59,24,0,1,1,2,18,7,2,27,29,27,0,0,1,3,11,11,1,25,26,2,0,0,0,0,0,0,0,0,0,8,0,0,0,1,3,0,0,4,4,171,3,15,-91,147,New Orleans
2012,9,4,22,1,1,1,7,30,13,2,50,52,12,1,0,0,4,19,9,0,32,32,8,0,1,1,2,10,4,2,16,18,0,0,0,0,0,0,0,0,0,0,2,0,0,0,1,1,0,0,2,2,185,0,11,-61,177,New Orleans
2013,9,4,15,2,1,0,9,28,13,1,50,51,7,1,1,0,6,22,5,1,33,34,5,1,0,0,3,3,8,0,14,14,0,0,0,0,0,0,0,0,0,0,3,0,0,0,0,3,0,0,3,3,171,2,9,-60,178,New Orleans
2014,9,4,38,0,2,3,8,23,8,5,39,44,20,0,1,2,4,18,5,3,27,30,15,0,1,1,4,5,2,2,11,13,0,0,0,0,0,0,0,0,0,0,3,0,0,0,0,0,1,0,1,1,177,0,9,-59,179,New Orleans
2015,9,4,31,2,4,2,7,35,9,6,51,57,10,2,3,1,5,19,4,4,28,32,17,0,1,1,2,11,4,2,17,19,0,0,0,0,0,0,1,0,1,1,4,0,0,0,0,5,0,0,5,5,163,2,13,-58,180,New Orleans
2016,9,4,51,0,2,6,6,39,22,8,67,75,24,0,1,2,5,17,8,3,30,33,22,0,1,2,0,19,13,3,32,35,0,0,0,0,0,0,0,0,0,0,5,0,0,2,1,3,1,2,5,7,175,1,14,-63,175,New Orleans
2017,9,4,60,1,3,8,7,27,9,11,43,54,34,0,1,3,4,15,3,4,22,26,22,1,2,5,2,11,6,7,19,26,1,0,0,0,0,0,0,0,0,0,3,0,0,0,1,1,0,0,2,2,186,1,16,-62,176,New Orleans
2018,9,4,57,1,3,6,3,33,13,9,49,58,30,0,0,4,2,28,7,4,37,41,23,0,3,2,1,4,5,5,10,15,0,1,0,0,0,0,0,0,0,0,4,0,0,0,0,1,1,0,2,2,189,1,13,-61,177,New Orleans
2019,9,4,59,1,2,4,9,34,20,6,63,69,41,1,0,3,7,26,7,3,40,43,14,0,2,1,1,5,12,3,18,21,2,0,0,0,1,0,0,0,1,1,2,0,0,0,0,3,1,0,4,4,207,5,7,-60,178,New Orleans
2020,9,4,52,0,0,5,3,24,28,5,55,60,31,0,0,3,0,17,14,3,31,34,18,0,0,0,3,5,11,0,19,19,0,0,0,0,0,0,1,0,1,1,3,0,0,2,0,2,2,2,4,6,167,1,11,-58,180,New Orleans
2021,9,4,38,1,4,3,32,13,19,7,64,71,23,1,0,3,19,10,14,3,43,46,12,0,2,0,11,2,5,2,18,20,0,0,1,0,0,0,0,1,0,1,3,0,1,0,2,1,0,1,3,4,161,1,12,-64,174,New Orleans
2022,9,4,31,12,3,6,3,20,29,9,52,61,20,2,0,3,0,10,12,3,22,25,10,9,3,2,3,10,15,5,28,33,0,0,0,0,0,0,0,0,0,0,1,1,0,1,0,0,2,1,2,3,147,1,8,-63,175,New Orleans
2023,9,4,24,4,7,3,6,33,45,10,84,94,15,1,3,0,3,18,15,3,36,39,9,3,3,2,2,15,26,5,43,48,0,0,0,0,1,0,2,0,3,3,0,0,1,1,0,0,2,2,2,4,156,3,5,-62,176,New Orleans
2024,9,4,38,0,1,4,6,27,14,5,47,52,27,0,0,1,4,21,4,1,29,30,9,0,1,3,2,4,8,4,14,18,0,0,0,0,0,0,0,0,0,0,2,0,0,0,0,2,2,0,4,4,148,0,9,-60,178,New Orleans
2012,10,4,21,1,3,2,5,27,9,5,41,46,11,0,3,1,4,14,4,4,22,26,9,0,0,1,0,10,5,1,15,16,0,0,0,0,0,1,0,0,1,1,1,1,0,0,1,2,0,0,3,3,156,2,9,-31,207,New Orleans
2013,10,4,30,0,6,2,11,43,6,8,60,68,17,0,3,0,8,33,4,3,45,48,10,0,3,2,3,7,2,5,12,17,1,0,0,0,0,0,0,0,0,0,2,0,0,0,0,3,0,0,3,3,168,1,9,-30,208,New Orleans
2014,10,4,32,1,7,2,7,38,9,9,54,63,16,1,0,1,5,22,1,1,28,29,13,0,6,1,2,14,8,7,24,31,0,0,0,0,0,0,0,0,0,0,3,0,1,0,0,2,0,1,2,3,160,0,8,-29,209,New Orleans
2015,10,4,40,2,6,4,9,35,12,10,56,66,14,1,2,2,4,15,3,4,22,26,23,1,4,1,5,18,8,5,31,36,0,0,0,0,0,0,0,0,0,0,3,0,0,1,0,2,1,1,3,4,157,0,9,-28,210,New Orleans
2016,10,4,45,1,2,0,5,22,16,2,43,45,24,0,2,0,2,16,3,2,21,23,18,1,0,0,2,5,11,0,18,18,0,0,0,0,0,0,0,0,0,0,3,0,0,0,1,1,2,0,4,4,165,0,9,-33,205,New Orleans
2017,10,4,42,1,2,6,2,40,12,8,54,62,19,1,2,3,2,32,5,5,39,44,18,0,0,3,0,7,7,3,14,17,0,0,0,0,0,0,0,0,0,0,5,0,0,0,0,1,0,0,1,1,200,1,11,-32,206,New Orleans
2018,10,4,46,1,6,5,10,32,21,11,63,74,25,1,0,1,6,19,7,1,32,33,13,0,4,4,4,10,12,8,26,34,1,0,0,0,0,0,0,0,0,0,7,0,2,0,0,3,2,2,5,7,198,2,19,-31,207,New Orleans
2019,10,4,48,2,3,4,4,41,29,7,74,81,23,1,1,2,3,24,4,3,31,34,19,1,2,1,1,15,23,3,39,42,0,0,0,0,0,0,0,0,0,0,6,0,0,1,0,2,2,1,4,5,205,0,14,-30,208,New Orleans
2020,10,4,54,1,2,5,4,28,18,7,50,57,38,1,1,1,0,21,7,2,28,30,11,0,0,3,4,7,9,3,20,23,0,0,0,0,0,0,0,0,0,0,5,0,1,1,0,0,2,2,2,4,157,0,15,-28,210,New Orleans
2021,10,4,37,2,0,4,9,24,16,4,49,53,23,1,0,2,3,18,9,2,30,32,11,1,0,2,6,5,7,2,18,20,1,0,0,0,0,0,0,0,0,0,2,0,0,0,0,1,0,0,1,1,151,1,7,-34,204,New Orleans
2022,10,4,31,2,8,6,6,25,26,14,57,71,17,0,2,5,3,15,7,7,25,32,11,1,6,1,3,8,16,7,27,34,0,0,0,0,0,0,0,0,0,0,3,1,0,0,0,2,3,0,5,5,158,0,13,-33,205,New Orleans
2023,10,4,31,1,4,4,5,18,19,8,42,50,24,1,0,2,0,9,4,2,13,15,6,0,4,2,5,9,13,6,27,33,0,0,0,0,0,0,1,0,1,1,1,0,0,0,0,0,1,0,1,1,129,1,5,-32,206,New Orleans
2024,10,4,33,1,3,1,5,24,7,4,36,40,18,1,1,1,1,14,5,2,20,22,13,0,1,0,4,9,2,1,15,16,0,0,0,0,0,0,0,0,0,0,2,0,1,0,0,1,0,1,1,2,113,0,7,-30,208,New Orleans
2012,11,4,19,4,2,5,6,17,9,7,32,39,5,1,0,4,2,8,2,4,12,16,12,3,2,1,4,6,7,3,17,20,0,0,0,0,0,1,0,0,1,1,2,0,0,0,0,2,0,0,2,2,134,1,8,0,238,New Orleans
2013,11,4,27,3,1,5,9,47,16,6,72,78,21,0,0,3,6,36,8,3,50,53,6,3,0,2,3,9,7,2,19,21,0,0,0,0,0,0,1,0,1,1,0,0,1,0,0,2,0,1,2,3,179,1,11,1,239,New Orleans
2014,11,4,26,1,3,2,16,21,17,5,54,59,11,0,2,2,10,12,8,4,30,34,13,0,1,0,5,5,6,1,16,17,0,0,0,0,0,0,0,0,0,0,2,1,0,0,1,4,3,0,8,8,171,0,18,2,240,New Orleans
2015,11,4,29,3,7,4,5,23,9,11,37,48,8,1,3,2,3,16,4,5,23,28,17,2,4,2,2,6,5,6,13,19,1,0,0,0,0,0,0,0,0,0,3,0,0,0,0,1,0,0,1,1,156,2,9,3,241,New Orleans
2016,11,4,38,0,2,1,4,27,7,3,38,41,21,0,1,1,1,15,1,2,17,19,13,0,1,0,2,7,5,1,14,15,0,0,0,0,1,1,0,0,2,2,4,0,0,0,0,4,1,0,5,5,146,2,12,-2,236,New Orleans
2017,11,4,54,3,1,4,4,33,20,5,57,62,21,2,0,3,3,13,7,3,23,26,29,1,1,1,1,17,12,2,30,32,1,0,0,0,0,1,0,0,1,1,3,0,0,0,0,2,1,0,3,3,176,2,12,-1,237,New Orleans
2018,11,4,63,0,4,8,2,33,48,12,83,95,30,0,1,3,2,15,12,4,29,33,27,0,3,5,0,14,35,8,49,57,1,0,0,0,0,0,0,0,0,0,5,0,0,0,0,4,1,0,5,5,216,3,13,0,238,New Orleans
2019,11,4,44,3,1,2,11,27,10,3,48,51,28,1,0,1,5,10,3,1,18,19,12,1,1,1,5,14,6,2,25,27,1,0,0,0,0,1,1,0,2,2,3,1,0,0,1,2,0,0,3,3,164,3,11,1,239,New Orleans
2020,11,4,61,2,1,6,3,26,29,7,58,65,35,1,0,4,0,11,13,4,24,28,23,0,0,1,3,11,16,1,30,31,0,0,0,1,0,2,0,1,2,3,3,1,1,0,0,2,0,1,2,3,181,3,10,3,241,New Orleans
2021,11,4,45,1,0,4,2,26,30,4,58,62,28,0,0,2,2,17,9,2,28,30,12,1,0,2,0,6,18,2,24,26,0,0,0,0,0,2,0,0,2,2,5,0,0,0,0,1,3,0,4,4,173,3,15,-3,235,New Orleans
2022,11,4,28,2,4,3,5,23,27,7,55,62,14,1,1,0,1,10,11,1,22,23,11,1,2,3,3,11,15,5,29,34,0,0,0,0,1,1,1,0,3,3,3,0,1,0,0,1,0,1,1,2,142,3,7,-2,236,New Orleans
2023,11,4,56,1,4,6,6,34,40,10,80,90,29,1,3,3,2,15,13,6,30,36,23,0,1,3,4,17,19,4,40,44,1,0,0,0,0,1,1,0,2,2,3,0,0,0,0,1,7,0,8,8,189,3,12,-1,237,New Orleans
2024,11,4,45,1,2,2,6,38,14,4,58,62,24,0,1,2,5,26,5,3,36,39,15,1,1,0,1,10,6,1,17,18,1,0,0,0,0,0,1,0,1,1,5,0,0,0,0,2,2,0,4,4,167,2,13,1,239,New Orleans
2012,12,4,29,0,2,2,7,22,10,4,39,43,10,0,2,1,2,17,3,3,22,25,19,0,0,1,5,4,6,1,15,16,0,0,0,0,0,0,0,0,0,0,0,0,0,0,0,1,1,0,2,2,205,0,11,30,268,New Orleans
2013,12,4,32,3,1,4,9,40,12,5,61,66,12,3,0,2,4,23,3,2,30,32,19,0,1,2,5,14,9,3,28,31,0,0,0,0,0,0,0,0,0,0,1,0,0,0,0,3,0,0,3,3,225,0,9,31,269,New Orleans
2014,12,4,34,0,4,0,13,28,18,4,59,63,16,0,1,0,7,20,6,1,33,34,15,0,2,0,5,7,12,2,24,26,0,0,0,0,0,0,0,0,0,0,3,0,1,0,1,1,0,1,2,3,165,1,7,32,270,New Orleans
2015,12,4,31,0,6,0,8,47,9,6,64,70,16,0,0,0,4,30,4,0,38,38,13,0,6,0,3,16,5,6,24,30,0,0,0,0,0,0,0,0,0,0,2,0,0,0,1,1,0,0,2,2,180,0,8,33,271,New Orleans
2016,12,4,35,1,1,3,13,30,17,4,60,64,11,1,0,0,7,15,4,0,26,26,21,0,1,3,6,11,13,4,30,34,1,0,0,0,0,0,0,0,0,0,2,0,0,0,0,4,0,0,4,4,158,2,9,28,266,New Orleans
2017,12,4,45,0,2,10,8,29,8,12,45,57,27,0,0,3,3,13,3,3,19,22,16,0,2,7,4,16,5,9,25,34,0,0,0,0,0,0,0,0,0,0,2,0,0,0,1,0,0,0,1,1,174,0,6,29,267,New Orleans
2018,12,4,61,0,4,3,4,36,17,7,57,64,29,0,1,3,0,22,6,4,28,32,26,0,3,0,4,11,11,3,26,29,0,0,0,0,0,0,0,0,0,0,6,0,0,0,0,3,0,0,3,3,193,1,14,30,268,New Orleans
2019,12,4,47,3,6,2,4,30,10,8,44,52,25,1,2,1,1,22,5,3,28,31,16,1,4,1,3,8,4,5,15,20,0,0,0,0,0,0,0,0,0,0,6,1,0,0,0,0,1,0,1,1,175,1,13,31,269,New Orleans
2020,12,4,48,4,6,5,6,42,11,11,59,70,21,2,2,4,3,28,4,6,35,41,24,2,3,0,3,11,4,3,18,21,0,0,0,0,0,0,0,0,0,0,3,0,1,1,0,3,3,2,6,8,172,1,13,33,271,New Orleans
2021,12,4,36,3,0,5,6,26,26,5,58,63,13,2,0,3,1,13,5,3,19,22,20,1,0,1,5,12,19,1,36,37,0,0,0,0,0,0,0,0,0,0,3,0,0,1,0,1,2,1,3,4,145,0,10,27,265,New Orleans
2022,12,4,38,1,2,3,6,14,41,5,61,66,20,1,1,2,1,6,8,3,15,18,17,0,1,1,3,7,30,2,40,42,0,0,0,0,1,0,0,0,1,1,1,0,0,0,1,1,3,0,5,5,153,1,10,28,266,New Orleans
2023,12,4,23,0,2,3,4,28,28,5,60,65,14,0,0,1,2,18,7,1,27,28,8,0,2,2,2,9,21,4,32,36,0,0,0,0,0,0,0,0,0,0,1,0,0,0,0,1,0,0,1,1,150,0,5,29,267,New Orleans
2024,12,4,30,4,1,4,4,18,16,5,38,43,17,2,1,4,3,9,7,5,19,24,12,2,0,0,1,4,9,0,14,14,0,0,0,0,0,0,0,0,0,0,1,0,0,0,0,5,0,0,5,5,132,0,10,31,269,New Orleans
2012,1,5,20,1,3,4,5,20,10,7,35,42,6,1,0,1,3,10,5,1,18,19,12,0,3,1,2,9,3,4,14,18,0,0,0,0,0,0,1,0,1,1,2,0,0,2,0,1,1,2,2,4,141,2,8,-304,-66,New Orleans
2013,1,5,24,0,0,0,7,33,11,0,51,51,8,0,0,0,3,15,4,0,22,22,14,0,0,0,4,15,7,0,26,26,0,0,0,0,0,1,0,0,1,1,2,0,0,0,0,2,0,0,2,2,163,1,7,-302,-64,New Orleans
2014,1,5,26,0,5,6,11,22,10,11,43,54,11,0,3,4,7,8,4,7,19,26,13,0,2,2,4,11,5,4,20,24,0,0,0,0,0,0,0,0,0,0,2,0,0,0,0,3,1,0,4,4,123,0,11,-301,-63,New Orleans
2015,1,5,29,2,5,1,15,29,22,6,66,72,17,1,0,0,11,22,12,0,45,45,12,1,5,1,4,5,10,6,19,25,0,0,0,0,0,0,0,0,0,0,0,0,0,0,0,2,0,0,2,2,157,0,3,-300,-62,New Orleans
2016,1,5,22,0,2,3,9,28,14,5,51,56,12,0,1,0,4,17,3,1,24,25,10,0,0,2,5,8,10,2,23,25,0,0,0,0,0,0,0,0,0,0,0,0,1,1,0,3,1,2,4,6,172,0,11,-306,-68,New Orleans
2017,1,5,35,0,5,4,7,35,8,9,50,59,13,0,0,1,4,25,3,1,32,33,15,0,5,3,2,8,5,8,15,23,0,0,0,0,0,0,0,0,0,0,7,0,0,0,1,2,0,0,3,3,155,0,17,-304,-66,New Orleans
2018,1,5,49,0,1,2,5,27,6,3,38,41,19,0,1,0,3,11,1,1,15,16,26,0,0,2,2,14,5,2,21,23,0,0,0,0,0,0,0,0,0,0,4,0,0,0,0,2,0,0,2,2,147,0,8,-303,-65,New Orleans
2019,1,5,48,2,6,6,6,27,43,12,76,88,20,1,2,3,1,14,16,5,31,36,23,1,3,2,5,12,20,5,37,42,0,0,0,0,0,0,0,0,0,0,5,0,1,1,0,1,7,2,8,10,214,1,18,-302,-64,New Orleans
2020,1,5,35,1,0,6,2,16,16,6,34,40,14,0,0,2,1,8,3,2,12,14,17,1,0,3,1,7,13,3,21,24,0,0,0,0,0,0,0,0,0,0,4,0,0,1,0,1,0,1,1,2,89,0,7,-301,-63,New Orleans
2021,1,5,36,2,2,9,1,24,45,11,70,81,15,1,0,5,0,15,7,5,22,27,17,1,2,3,1,9,37,5,47,52,0,0,0,0,0,0,0,0,0,0,4,0,0,1,0,0,1,1,1,2,169,1,7,-306,-68,New Orleans
2022,1,5,49,3,1,5,4,26,28,6,58,64,20,2,0,2,0,15,5,2,20,22,25,1,1,3,3,9,22,4,34,38,0,0,0,0,0,0,0,0,0,0,4,0,0,0,1,2,1,0,4,4,163,0,9,-305,-67,New Orleans
2023,1,5,27,1,5,6,5,17,42,11,64,75,14,0,1,4,3,7,8,5,18,23,8,1,4,2,2,8,32,6,42,48,0,0,0,0,0,0,1,0,1,1,5,0,0,0,0,2,1,0,3,3,161,1,9,-304,-66,New Orleans
2024,1,5,47,1,2,1,6,25,45,3,76,79,23,1,2,1,1,12,11,3,24,27,18,0,0,0,4,12,33,0,49,49,2,0,0,0,0,0,0,0,0,0,4,0,0,0,1,1,1,0,3,3,181,2,10,-303,-65,New Orleans
2012,2,5,29,2,4,7,7,34,20,11,61,72,7,1,0,3,2,17,8,3,27,30,19,1,3,3,3,17,10,6,30,36,0,0,1,1,0,0,0,2,0,2,3,0,0,0,2,0,2,0,4,4,189,3,9,-273,-35,New Orleans
2013,2,5,22,1,0,2,10,42,14,2,66,68,9,1,0,1,6,29,6,1,41,42,11,0,0,1,3,13,8,1,24,25,1,0,0,0,1,0,0,0,1,1,1,0,0,0,0,0,0,0,0,0,152,2,12,-271,-33,New Orleans
2014,2,5,34,3,9,3,9,30,21,12,60,72,16,1,2,0,5,22,8,2,35,37,17,1,5,2,2,8,13,7,23,30,0,0,1,0,0,0,0,1,0,1,1,1,1,1,2,0,0,2,2,4,249,1,19,-270,-32,New Orleans
2015,2,5,34,1,0,1,5,28,10,1,43,44,16,0,0,0,3,20,1,0,24,24,14,1,0,0,1,5,8,0,14,14,0,0,0,0,0,0,0,0,0,0,4,0,0,1,1,3,1,1,5,6,143,0,16,-269,-31,New Orleans
2016,2,5,30,0,2,3,10,89,22,5,121,126,13,0,0,3,4,31,7,3,42,45,14,0,2,0,6,55,14,2,75,77,0,0,0,0,0,1,1,0,2,2,3,0,0,0,0,2,0,0,2,2,243,3,17,-275,-37,New Orleans
2017,2,5,41,3,4,9,1,33,16,13,50,63,16,1,1,2,0,17,4,3,21,24,19,2,3,7,0,14,12,10,26,36,1,0,0,0,0,0,0,0,0,0,5,0,0,0,1,2,0,0,3,3,171,1,11,-273,-35,New Orleans
2018,2,5,44,1,1,2,9,27,21,3,57,60,19,1,0,1,5,18,6,1,29,30,22,0,1,1,4,7,15,2,26,28,0,0,0,0,0,0,0,0,0,0,3,0,0,0,0,2,0,0,2,2,179,0,8,-272,-34,New Orleans
2019,2,5,54,2,2,3,4,33,17,5,54,59,22,0,1,1,2,17,4,2,23,25,26,2,1,2,2,14,10,3,26,29,2,0,0,0,0,0,0,0,0,0,4,0,0,0,0,2,3,0,5,5,192,2,14,-271,-33,New Orleans
2020,2,5,30,0,1,0,4,35,11,1,50,51,16,0,0,0,3,23,3,0,29,29,12,0,1,0,1,8,8,1,17,18,0,0,0,0,0,1,0,0,1,1,2,0,0,0,0,3,0,0,3,3,141,2,8,-270,-32,New Orleans
2021,2,5,48,1,6,7,5,20,14,13,39,52,23,0,3,5,2,11,5,8,18,26,22,1,3,1,3,8,6,4,17,21,0,0,0,0,0,0,0,0,0,0,3,0,0,1,0,1,3,1,4,5,159,2,9,-275,-37,New Orleans
2022,2,5,53,2,4,5,2,32,69,9,103,112,28,2,3,2,1,18,12,5,31,36,22,0,1,2,1,13,48,3,62,65,2,0,0,0,0,0,2,0,2,2,1,0,0,1,0,1,7,1,8,9,235,4,16,-274,-36,New Orleans
2023,2,5,33,1,2,7,4,28,32,9,64,73,18,1,1,4,1,16,6,5,23,28,13,0,1,3,3,10,21,4,34,38,1,0,0,0,0,0,2,0,2,2,1,0,0,0,0,2,3,0,5,5,145,3,6,-273,-35,New Orleans
2024,2,5,35,1,0,1,9,27,22,1,58,59,14,1,0,1,4,11,5,1,20,21,16,0,0,0,5,13,16,0,34,34,0,0,0,0,0,0,0,0,0,0,5,0,0,0,0,3,1,0,4,4,156,0,12,-272,-34,New Orleans
2012,3,5,26,1,1,4,8,32,19,5,59,64,18,1,0,1,5,20,10,1,35,36,6,0,0,3,3,8,8,3,19,22,0,0,0,0,0,0,1,0,1,1,2,0,1,0,0,4,0,1,4,5,201,2,14,-244,-6,New Orleans
2013,3,5,13,4,0,1,8,36,18,1,62,63,7,3,0,0,5,27,5,0,37,37,5,0,0,1,3,9,12,1,24,25,0,0,0,0,0,0,0,0,0,0,1,1,0,0,0,0,1,0,1,1,243,0,13,-243,-5,New Orleans
2014,3,5,43,0,4,4,11,47,19,8,77,85,13,0,1,1,6,31,9,2,46,48,26,0,3,2,5,12,9,5,26,31,1,0,0,0,0,1,0,0,1,1,3,0,0,1,0,3,1,1,4,5,199,2,12,-242,-4,New Orleans
2015,3,5,28,2,1,2,6,25,12,3,43,46,18,1,1,0,4,16,5,1,25,26,8,0,0,2,2,7,7,2,16,18,0,0,0,0,0,0,0,0,0,0,2,1,0,0,0,2,0,0,2,2,149,0,12,-241,-3,New Orleans
2016,3,5,39,0,2,4,8,34,17,6,59,65,23,0,1,1,4,16,6,2,26,28,13,0,1,3,4,16,11,4,31,35,0,0,0,0,0,2,0,0,2,2,3,0,0,0,0,0,0,0,0,0,163,3,6,-246,-8,New Orleans
2017,3,5,49,0,2,0,7,48,16,2,71,73,27,0,1,0,5,19,5,1,29,30,20,0,1,0,2,23,11,1,36,37,1,0,0,0,0,2,0,0,2,2,1,0,0,0,0,4,0,0,4,4,179,4,8,-245,-7,New Orleans
2018,3,5,50,1,3,0,2,26,16,3,44,47,27,0,2,0,1,12,9,2,22,24,18,1,0,0,1,12,6,0,19,19,0,0,0,0,0,0,1,0,1,1,5,0,1,0,0,2,0,1,2,3,175,1,14,-244,-6,New Orleans
2019,3,5,54,11,0,5,2,54,35,5,91,96,23,4,0,2,2,27,14,2,43,45,28,7,0,2,0,24,18,2,42,44,0,0,0,0,0,0,1,0,1,1,3,0,0,1,0,3,2,1,5,6,262,2,14,-243,-5,New Orleans
2020,3,5,38,1,1,4,8,27,9,5,44,49,15,1,1,2,2,17,2,3,21,24,21,0,0,2,6,5,7,2,18,20,1,0,0,0,0,1,0,0,1,1,1,0,0,0,0,4,0,0,4,4,159,2,12,-241,-3,New Orleans
2021,3,5,35,2,1,6,7,20,17,7,44,51,21,2,1,4,4,14,6,5,24,29,12,0,0,2,2,6,7,2,15,17,0,0,0,0,1,0,0,0,1,1,2,0,0,0,0,0,4,0,4,4,152,2,11,-247,-9,New Orleans
2022,3,5,28,1,3,7,5,19,34,10,58,68,17,1,1,3,3,11,9,4,23,27,9,0,2,4,1,7,25,6,33,39,0,0,0,0,1,0,0,0,1,1,2,0,0,0,0,1,0,0,1,1,133,3,3,-246,-8,New Orleans
2023,3,5,26,6,1,5,11,26,18,6,55,61,12,3,0,0,3,12,7,0,22,22,12,2,1,4,7,14,11,5,32,37,0,0,0,0,1,0,0,0,1,1,2,1,0,1,0,0,0,1,0,1,133,2,5,-245,-7,New Orleans
2024,3,5,49,2,1,1,3,26,11,2,40,42,33,2,0,0,2,18,3,0,23,23,16,0,1,1,1,7,8,2,16,18,0,0,0,0,0,1,0,0,1,1,0,0,0,0,0,0,0,0,0,0,138,2,2,-243,-5,New Orleans
2012,4,5,32,1,4,3,3,21,7,7,31,38,14,0,2,2,2,17,0,4,19,23,18,0,2,1,0,2,7,3,9,12,0,0,0,0,1,0,0,0,1,1,0,1,0,0,0,2,0,0,2,2,172,1,6,-213,25,New Orleans
2013,4,5,23,0,1,2,7,31,9,3,47,50,13,0,1,1,3,23,4,2,30,32,8,0,0,1,3,7,4,1,14,15,0,0,0,0,0,0,1,0,1,1,2,0,0,0,1,1,0,0,2,2,179,1,16,-212,26,New Orleans
2014,4,5,39,0,1,3,9,34,16,4,59,63,19,0,1,0,5,18,4,1,27,28,18,0,0,3,4,15,11,3,30,33,0,0,0,0,0,0,0,0,0,0,2,0,0,0,0,1,1,0,2,2,160,2,5,-211,27,New Orleans
2015,4,5,33,0,4,2,7,31,14,6,52,58,20,0,1,1,5,17,8,2,30,32,10,0,3,1,2,12,6,4,20,24,1,0,0,0,0,1,0,0,1,1,2,0,0,0,0,1,0,0,1,1,138,2,5,-210,28,New Orleans
2016,4,5,42,2,0,5,6,15,10,5,31,36,23,2,0,2,5,9,6,2,20,22,15,0,0,3,1,5,4,3,10,13,0,0,0,0,0,0,0,0,0,0,4,0,0,0,0,1,0,0,1,1,156,0,12,-215,23,New Orleans
2017,4,5,37,3,4,7,6,34,6,11,46,57,15,2,0,3,3,22,4,3,29,32,18,0,3,4,2,10,2,7,14,21,0,0,0,0,0,1,0,0,1,1,4,1,1,0,1,1,0,1,2,3,169,1,13,-214,24,New Orleans
2018,4,5,67,1,3,3,6,42,20,6,68,74,38,0,1,1,4,33,6,2,43,45,26,0,2,2,1,8,13,4,22,26,0,0,0,0,0,0,0,0,0,0,3,1,0,0,1,1,1,0,3,3,236,2,12,-213,25,New Orleans
2019,4,5,47,4,1,2,3,39,34,3,76,79,25,1,0,0,1,24,12,0,37,37,15,2,1,2,1,11,18,3,30,33,0,0,0,0,0,0,1,0,1,1,7,1,0,0,1,4,3,0,8,8,214,1,25,-212,26,New Orleans
2020,4,5,38,1,1,3,4,28,12,4,44,48,18,1,0,2,2,21,5,2,28,30,16,0,1,0,1,6,7,1,14,15,0,0,0,0,0,0,0,0,0,0,4,0,0,1,1,1,0,1,2,3,119,0,10,-210,28,New Orleans
2021,4,5,40,3,5,6,7,28,44,11,79,90,21,2,4,2,2,20,24,6,46,52,15,1,1,4,5,8,18,5,31,36,0,0,0,0,0,0,1,0,1,1,4,0,0,0,0,0,1,0,1,1,201,1,14,-216,22,New Orleans
2022,4,5,47,1,5,10,5,28,11,15,44,59,29,0,0,5,1,12,9,5,22,27,17,1,4,5,3,15,2,9,20,29,0,0,0,0,1,1,0,0,2,2,1,0,1,0,0,0,0,1,0,1,180,3,9,-215,23,New Orleans
2023,4,5,39,0,1,3,4,26,28,4,58,62,19,0,0,1,3,18,3,1,24,25,14,0,0,2,1,6,20,2,27,29,1,0,0,0,0,0,1,0,1,1,5,0,1,0,0,2,4,1,6,7,158,5,13,-214,24,New Orleans
2024,4,5,38,3,0,2,5,30,16,2,51,53,19,1,0,2,3,13,4,2,20,22,17,0,0,0,2,17,11,0,30,30,0,0,0,0,0,0,0,0,0,0,2,2,0,0,0,0,1,0,1,1,142,0,11,-212,26,New Orleans
2012,5,5,27,2,4,6,10,29,12,10,51,61,19,0,2,4,4,20,2,6,26,32,6,1,2,1,5,8,10,3,23,26,0,0,0,0,1,0,0,0,1,1,2,1,0,1,0,1,0,1,1,2,204,2,11,-183,55,New Orleans
2013,5,5,29,1,3,2,8,35,18,5,61,66,15,0,1,2,5,20,4,3,29,32,12,1,2,0,3,13,14,2,30,32,1,0,0,0,0,1,0,0,1,1,1,0,0,0,0,1,0,0,1,1,171,4,3,-182,56,New Orleans
2014,5,5,32,0,0,1,19,39,9,1,67,68,16,0,0,0,17,29,4,0,50,50,13,0,0,0,1,8,4,0,13,13,0,0,0,0,0,0,0,0,0,0,3,0,0,1,1,2,1,1,4,5,201,1,17,-181,57,New Orleans
2015,5,5,36,2,3,3,13,28,19,6,60,66,26,1,1,3,10,23,9,4,42,46,6,1,2,0,3,4,9,2,16,18,0,0,0,0,0,0,0,0,0,0,4,0,0,0,0,1,1,0,2,2,169,0,8,-180,58,New Orleans
2016,5,5,53,3,1,5,9,26,23,6,58,64,37,2,1,3,5,18,10,4,33,37,14,1,0,2,3,7,13,2,23,25,0,0,0,0,0,0,0,0,0,0,2,0,0,0,1,1,0,0,2,2,187,0,9,-185,53,New Orleans
2017,5,5,50,0,2,4,4,48,13,6,65,71,25,0,1,1,2,26,5,2,33,35,18,0,1,3,2,17,8,4,27,31,2,0,0,0,0,0,0,0,0,0,5,0,0,0,0,5,0,0,5,5,200,3,15,-184,54,New Orleans
2018,5,5,57,1,5,4,0,41,20,9,61,70,31,1,1,3,0,24,5,4,29,33,20,0,2,1,0,16,14,3,30,33,0,0,1,0,0,0,1,1,1,2,6,0,1,0,0,1,0,1,1,2,208,2,17,-183,55,New Orleans
2019,5,5,55,1,6,5,5,34,31,11,70,81,33,0,3,4,3,23,24,7,50,57,18,1,3,1,1,8,7,4,16,20,2,0,0,0,0,1,0,0,1,1,2,0,0,0,1,2,0,0,3,3,214,6,8,-182,56,New Orleans
2020,5,5,45,2,0,1,5,17,21,1,43,44,29,2,0,0,4,15,10,0,29,29,15,0,0,1,1,2,10,1,13,14,0,0,0,0,0,0,0,0,0,0,1,0,0,0,0,0,1,0,1,1,149,0,5,-180,58,New Orleans
2021,5,5,51,0,0,6,1,23,28,6,52,58,32,0,0,5,1,15,6,5,22,27,15,0,0,1,0,7,20,1,27,28,1,0,0,0,0,0,0,0,0,0,3,0,0,0,0,1,2,0,3,3,171,1,11,-186,52,New Orleans
2022,5,5,33,2,3,6,4,19,19,9,42,51,16,1,2,6,0,15,9,8,24,32,16,1,0,0,4,4,9,0,17,17,0,0,1,0,0,0,0,1,0,1,1,0,0,0,0,0,1,0,1,1,152,1,6,-185,53,New Orleans
2023,5,5,51,5,2,4,2,46,42,6,90,96,29,0,2,2,0,38,10,4,48,52,20,4,0,2,1,8,29,2,38,40,0,0,0,0,0,0,1,0,1,1,2,1,0,0,1,0,2,0,3,3,199,3,7,-184,54,New Orleans
2024,5,5,59,6,0,4,5,34,25,4,64,68,37,2,0,2,2,18,7,2,27,29,14,1,0,2,3,13,18,2,34,36,0,0,0,0,0,1,0,0,1,1,8,3,0,0,0,2,0,0,2,2,190,1,18,-182,56,New Orleans
2012,6,5,33,1,3,2,8,22,13,5,43,48,27,1,2,1,5,15,5,3,25,28,4,0,1,1,3,7,7,2,17,19,0,0,0,0,0,0,0,0,0,0,2,0,0,0,0,0,1,0,1,1,252,1,17,-152,86,New Orleans
2013,6,5,20,2,2,1,7,48,18,3,73,76,7,2,0,1,5,36,9,1,50,51,10,0,1,0,1,7,9,1,17,18,0,0,0,0,0,1,0,0,1,1,3,0,1,0,1,4,0,1,5,6,201,1,13,-151,87,New Orleans
2014,6,5,32,3,3,6,8,28,10,9,46,55,9,1,2,1,6,20,4,3,30,33,17,0,1,3,1,8,6,4,15,19,0,0,0,0,0,0,0,0,0,0,6,2,0,2,1,0,0,2,1,3,192,0,21,-150,88,New Orleans
2015,6,5,25,0,2,1,16,33,10,3,59,62,14,0,1,0,10,22,7,1,39,40,9,0,0,0,5,9,3,0,17,17,0,0,1,0,0,0,0,1,0,1,2,0,0,1,1,2,0,1,3,4,166,2,20,-149,89,New Orleans
2016,6,5,39,2,2,3,5,23,22,5,50,55,26,1,0,1,4,16,5,1,25,26,13,0,1,1,1,7,13,2,21,23,0,0,0,0,0,0,0,0,0,0,0,1,1,1,0,0,4,2,4,6,144,0,12,-154,84,New Orleans
2017,6,5,47,4,5,4,8,28,15,9,51,60,30,2,3,2,5,22,6,5,33,38,14,0,2,1,3,5,8,3,16,19,0,0,0,0,0,0,0,0,0,0,3,2,0,1,0,1,1,1,2,3,181,0,15,-153,85,New Orleans
2018,6,5,49,1,6,6,7,29,9,12,45,57,26,1,1,5,4,18,3,6,25,31,20,0,5,0,1,10,5,5,16,21,0,0,0,0,0,0,0,0,0,0,3,0,0,1,2,1,1,1,4,5,189,1,22,-152,86,New Orleans
2019,6,5,39,3,3,4,5,34,33,7,72,79,25,2,1,1,3,24,13,2,40,42,14,1,1,3,2,8,20,4,30,34,0,0,0,0,0,0,0,0,0,0,0,0,1,0,0,2,0,1,2,3,206,0,12,-151,87,New Orleans
2020,6,5,55,0,1,5,4,26,16,6,46,52,39,0,1,2,2,21,6,3,29,32,12,0,0,3,2,4,7,3,13,16,0,0,0,0,0,0,0,0,0,0,4,0,0,0,0,1,3,0,4,4,167,1,13,-149,89,New Orleans
2021,6,5,44,2,3,11,6,34,26,14,66,80,24,1,1,5,3,18,9,6,30,36,13,1,1,5,2,14,15,6,31,37,0,0,0,0,0,0,0,0,0,0,7,0,1,1,1,2,2,2,5,7,179,0,17,-155,83,New Orleans
2022,6,5,40,4,3,4,7,29,28,7,64,71,21,0,1,1,4,13,15,2,32,34,16,3,2,2,3,14,12,4,29,33,0,0,0,0,0,0,0,0,0,0,3,1,0,1,0,2,1,1,3,4,172,1,12,-154,84,New Orleans
2023,6,5,33,4,6,10,10,28,39,16,77,93,16,2,3,6,4,20,20,9,44,53,16,2,3,3,5,7,18,6,30,36,0,0,0,0,0,1,0,0,1,1,1,0,0,1,1,0,1,1,2,3,183,1,8,-153,85,New Orleans
2024,6,5,49,2,1,2,2,26,21,3,49,52,27,1,0,2,1,19,11,2,31,33,14,0,1,0,1,5,10,1,16,17,0,0,0,0,0,0,0,0,0,0,8,1,0,0,0,2,0,0,2,2,163,1,14,-151,87,New Orleans
2012,7,5,34,3,2,2,12,30,23,4,65,69,17,3,0,0,8,20,12,0,40,40,13,0,2,2,2,10,10,4,22,26,0,0,0,0,0,0,1,0,1,1,4,0,0,0,2,0,0,0,2,2,191,1,12,-122,116,New Orleans
2013,7,5,36,1,6,6,8,34,16,12,58,70,15,1,1,2,6,21,6,3,33,36,18,0,3,3,1,12,8,6,21,27,0,0,1,0,1,0,1,1,2,3,3,0,1,1,0,1,1,2,2,4,198,3,15,-121,117,New Orleans
2014,7,5,30,0,4,4,10,49,19,8,78,86,12,0,1,2,8,23,9,3,40,43,16,0,3,2,2,21,8,5,31,36,0,0,0,0,0,1,0,0,1,1,2,0,0,0,0,4,2,0,6,6,173,2,13,-120,118,New Orleans
2015,7,5,41,0,4,3,7,23,23,7,53,60,30,0,3,1,4,15,10,4,29,33,10,0,1,1,2,8,12,2,22,24,0,0,0,0,0,0,1,0,1,1,1,0,0,1,1,0,0,1,1,2,173,2,12,-119,119,New Orleans
2016,7,5,45,0,3,6,7,20,11,9,38,47,31,0,1,3,6,16,6,4,28,32,13,0,2,2,1,2,5,4,8,12,0,0,0,0,0,0,0,0,0,0,1,0,0,1,0,2,0,1,2,3,155,0,6,-124,114,New Orleans
2017,7,5,57,3,3,4,3,37,28,7,68,75,27,0,1,3,3,23,13,4,39,43,25,2,2,1,0,9,14,3,23,26,0,0,0,0,0,0,1,0,1,1,5,1,0,0,0,5,0,0,5,5,244,2,16,-123,115,New Orleans
2018,7,5,65,2,6,2,8,28,22,8,58,66,33,1,3,2,5,17,6,5,28,33,23,0,3,0,3,9,16,3,28,31,0,0,0,0,0,0,0,0,0,0,9,1,0,0,0,2,0,0,2,2,212,1,18,-122,116,New Orleans
2019,7,5,58,3,1,5,6,29,12,6,47,53,25,1,1,2,3,20,5,3,28,31,28,2,0,2,2,7,5,2,14,16,1,0,0,0,1,0,0,0,1,1,4,0,0,1,0,2,2,1,4,5,183,2,18,-121,117,New Orleans
2020,7,5,74,0,2,5,9,17,23,7,49,56,48,0,1,4,4,12,10,5,26,31,22,0,1,1,5,4,11,2,20,22,0,0,0,0,0,0,1,0,1,1,4,0,0,0,0,1,1,0,2,2,175,1,10,-119,119,New Orleans
2021,7,5,51,3,0,12,2,15,13,12,30,42,31,1,0,6,0,12,7,6,19,25,17,2,0,5,1,3,6,5,10,15,2,0,0,0,1,0,0,0,1,1,1,0,0,1,0,0,0,1,0,1,146,4,7,-125,113,New Orleans
2022,7,5,29,3,1,5,5,24,28,6,57,63,17,0,0,1,3,14,11,1,28,29,7,2,1,3,2,10,15,4,27,31,0,0,0,0,0,0,1,0,1,1,5,1,0,1,0,0,1,1,1,2,149,1,9,-124,114,New Orleans
2023,7,5,41,3,5,3,5,20,32,8,57,65,18,0,4,1,1,15,9,5,25,30,18,3,1,2,4,5,21,3,30,33,0,0,0,0,0,0,2,0,2,2,5,0,0,0,0,0,0,0,0,0,165,2,6,-123,115,New Orleans
2024,7,5,47,0,1,9,4,37,17,10,58,68,31,0,1,3,3,27,6,4,36,40,12,0,0,5,1,8,11,5,20,25,1,0,0,0,0,2,0,0,2,2,3,0,0,1,0,0,0,1,0,1,168,3,5,-121,117,New Orleans
2012,8,5,38,1,1,5,9,30,12,6,51,57,21,0,0,5,2,12,4,5,18,23,15,1,1,0,6,16,7,1,29,30,1,0,0,0,0,0,1,0,1,1,1,0,0,0,1,2,0,0,3,3,183,2,9,-91,147,New Orleans
2013,8,5,30,0,2,3,11,32,15,5,58,63,17,0,0,0,4,27,5,0,36,36,12,0,2,3,4,4,10,5,18,23,0,0,0,0,1,1,0,0,2,2,1,0,0,0,2,0,0,0,2,2,205,2,15,-90,148,New Orleans
2014,8,5,35,0,2,4,14,30,17,6,61,67,21,0,1,3,9,17,9,4,35,39,9,0,0,1,5,13,8,1,26,27,0,0,0,0,0,0,0,0,0,0,5,0,1,0,0,0,0,1,0,1,193,0,13,-89,149,New Orleans
2015,8,5,44,1,3,2,8,32,7,5,47,52,33,1,2,1,2,23,4,3,29,32,9,0,0,1,6,9,2,1,17,18,0,0,0,0,0,0,1,0,1,1,2,0,1,0,0,0,0,1,0,1,185,1,6,-88,150,New Orleans
2016,8,5,43,1,6,6,4,24,12,12,40,52,27,0,3,3,1,10,4,6,15,21,14,0,2,2,3,12,7,4,22,26,1,0,0,0,0,0,0,0,0,0,1,1,1,1,0,2,1,2,3,5,162,2,10,-93,145,New Orleans
2017,8,5,37,1,2,5,4,37,15,7,56,63,22,0,1,1,2,17,8,2,27,29,9,1,1,4,2,19,4,5,25,30,1,0,0,0,0,0,0,0,0,0,5,0,0,0,0,1,3,0,4,4,167,2,14,-92,146,New Orleans
2018,8,5,47,2,3,2,1,36,36,5,73,78,27,0,1,1,0,22,7,2,29,31,17,2,2,1,0,13,28,3,41,44,0,0,0,0,0,0,1,0,1,1,3,0,0,0,1,1,0,0,2,2,190,1,11,-91,147,New Orleans
2019,8,5,49,2,0,3,4,35,45,3,84,87,32,2,0,1,2,27,12,1,41,42,12,0,0,1,2,6,33,1,41,42,0,0,0,0,0,0,0,0,0,0,5,0,0,1,0,2,0,1,2,3,211,1,13,-90,148,New Orleans
2020,8,5,50,0,2,9,3,20,23,11,46,57,32,0,1,6,2,15,5,7,22,29,13,0,1,3,1,5,15,4,21,25,0,0,0,0,0,0,0,0,0,0,5,0,0,0,0,0,3,0,3,3,165,0,11,-88,150,New Orleans
2021,8,5,47,1,0,10,6,24,15,10,45,55,29,1,0,8,2,14,3,8,19,27,17,0,0,2,1,8,11,2,20,22,0,0,0,0,0,0,0,0,0,0,1,0,0,0,3,2,1,0,6,6,161,0,18,-94,144,New Orleans
2022,8,5,29,4,2,1,1,26,25,3,52,55,13,0,1,1,1,17,11,2,29,31,13,4,1,0,0,9,11,1,20,21,0,0,0,0,0,0,0,0,0,0,3,0,0,0,0,0,3,0,3,3,132,1,7,-93,145,New Orleans
2023,8,5,48,1,1,6,7,37,22,7,66,73,26,1,1,4,2,24,5,5,31,36,15,0,0,2,5,12,15,2,32,34,0,0,0,0,0,1,0,0,1,1,7,0,0,0,0,0,2,0,2,2,183,2,14,-92,146,New Orleans
2024,8,5,44,0,1,1,3,22,8,2,33,35,29,0,1,1,2,19,4,2,25,27,12,0,0,0,1,2,4,0,7,7,0,0,0,0,0,0,0,0,0,0,3,0,0,0,0,1,0,0,1,1,123,1,7,-90,148,New Orleans
2012,9,5,30,3,4,0,5,29,9,4,43,47,16,2,2,0,2,20,2,2,24,26,13,1,2,0,3,6,5,2,14,16,1,0,0,0,0,0,0,0,0,0,0,0,0,0,0,3,2,0,5,5,202,4,13,-60,178,New Orleans
2013,9,5,19,1,2,3,8,37,6,5,51,56,10,1,1,1,1,29,4,2,34,36,9,0,0,2,5,8,2,2,15,17,0,0,0,0,0,0,0,0,0,0,0,0,1,0,2,0,0,1,2,3,165,0,12,-59,179,New Orleans
2014,9,5,28,0,1,4,11,33,10,5,54,59,16,0,0,2,2,24,4,2,30,32,9,0,1,1,7,6,5,2,18,20,0,0,0,0,0,0,0,0,0,0,3,0,0,1,2,3,1,1,6,7,159,0,10,-58,180,New Orleans
2015,9,5,37,2,3,7,9,54,21,10,84,94,24,1,0,4,4,28,6,4,38,42,13,0,1,3,5,19,15,4,39,43,0,0,0,0,0,0,0,0,0,0,0,1,2,0,0,7,0,2,7,9,205,1,14,-57,181,New Orleans
2016,9,5,44,0,1,6,8,32,19,7,59,66,21,0,0,3,5,22,8,3,35,38,20,0,1,3,2,10,10,4,22,26,0,0,0,0,1,0,1,0,2,2,3,0,0,0,0,0,0,0,0,0,167,4,11,-62,176,New Orleans
2017,9,5,43,1,0,1,5,43,14,1,62,63,22,1,0,1,1,30,7,1,38,39,17,0,0,0,4,11,7,0,22,22,0,0,0,0,0,1,0,0,1,1,4,0,0,0,0,1,0,0,1,1,172,1,8,-61,177,New Orleans
2018,9,5,47,3,4,5,7,27,25,9,59,68,31,3,3,3,2,19,11,6,32,38,13,0,1,2,5,6,13,3,24,27,0,0,0,0,0,0,0,0,0,0,3,0,0,0,0,2,1,0,3,3,196,0,12,-60,178,New Orleans
2019,9,5,38,0,1,1,7,34,12,2,53,55,22,0,0,1,5,24,3,1,32,33,11,0,1,0,2,8,7,1,17,18,0,0,0,0,0,1,0,0,1,1,5,0,0,0,0,1,2,0,3,3,157,2,13,-59,179,New Orleans
2020,9,5,43,3,1,8,2,30,18,9,50,59,24,1,0,3,1,21,7,3,29,32,13,1,0,3,1,9,8,3,18,21,0,1,0,0,0,0,0,0,0,0,6,0,1,2,0,0,3,3,3,6,150,1,14,-57,181,New Orleans
2021,9,5,27,1,0,4,37,9,10,4,56,60,13,0,0,3,27,5,7,3,39,42,11,1,0,1,10,3,1,1,14,15,0,0,0,0,0,0,1,0,1,1,3,0,0,0,0,1,1,0,2,2,122,1,6,-63,175,New Orleans
2022,9,5,43,8,7,7,1,22,36,14,59,73,23,3,0,4,0,12,9,4,21,25,17,4,7,3,1,10,27,10,38,48,0,0,0,0,0,0,0,0,0,0,3,1,0,0,0,0,0,0,0,0,172,0,10,-62,176,New Orleans
2023,9,5,32,4,1,4,7,32,19,5,58,63,17,2,0,3,5,22,5,3,32,35,10,2,1,1,2,9,13,2,24,26,1,0,0,0,0,0,0,0,0,0,4,0,0,0,0,1,1,0,2,2,152,1,10,-61,177,New Orleans
2024,9,5,30,0,3,1,7,21,7,4,35,39,18,0,2,1,4,12,2,3,18,21,10,0,1,0,2,8,4,1,14,15,0,0,0,0,1,0,0,0,1,1,2,0,0,0,0,1,1,0,2,2,130,1,8,-59,179,New Orleans
2012,10,5,27,0,4,4,4,27,9,8,40,48,14,0,2,0,2,12,3,2,17,19,12,0,1,4,2,14,6,5,22,27,0,0,1,0,0,0,0,1,0,1,1,0,0,0,0,1,0,0,1,1,171,1,8,-30,208,New Orleans
2013,10,5,25,1,7,2,6,27,14,9,47,56,9,1,0,1,1,11,7,1,19,20,11,0,7,1,5,16,7,8,28,36,1,0,0,0,0,0,0,0,0,0,4,0,0,0,0,0,0,0,0,0,150,1,5,-29,209,New Orleans
2014,10,5,44,0,6,8,8,25,9,14,42,56,21,0,1,1,4,15,4,2,23,25,19,0,4,6,1,8,5,10,14,24,0,0,0,0,1,0,0,0,1,1,4,0,1,1,2,2,0,2,4,6,162,1,10,-28,210,New Orleans
2015,10,5,32,3,3,4,12,37,11,7,60,67,16,1,1,3,7,26,5,4,38,42,15,2,2,1,5,9,5,3,19,22,0,0,0,0,0,0,0,0,0,0,1,0,0,0,0,2,1,0,3,3,163,0,7,-27,211,New Orleans
2016,10,5,38,2,4,1,7,29,17,5,53,58,23,1,0,1,5,14,6,1,25,26,10,1,3,0,2,11,11,3,24,27,0,0,0,0,0,0,0,0,0,0,5,0,1,0,0,4,0,1,4,5,148,0,12,-32,206,New Orleans
2017,10,5,56,2,4,1,1,32,6,5,39,44,25,0,3,0,0,21,3,3,24,27,28,0,1,1,0,10,3,2,13,15,0,0,0,0,0,0,0,0,0,0,3,2,0,0,1,1,0,0,2,2,198,0,17,-31,207,New Orleans
2018,10,5,49,1,4,7,7,32,12,11,51,62,24,0,2,4,3,22,7,6,32,38,25,0,2,2,3,10,5,4,18,22,0,0,0,0,0,0,0,0,0,0,0,1,0,1,1,0,0,1,1,2,177,0,5,-30,208,New Orleans
2019,10,5,32,0,2,4,7,46,19,6,72,78,17,0,1,2,3,29,6,3,38,41,13,0,1,2,2,16,11,3,29,32,1,0,0,0,0,0,0,0,0,0,1,0,0,0,2,1,2,0,5,5,172,1,9,-29,209,New Orleans
2020,10,5,56,2,4,5,9,24,14,9,47,56,32,1,3,4,6,16,6,7,28,35,17,0,1,1,2,8,8,2,18,20,0,0,0,0,0,0,0,0,0,0,7,1,0,0,1,0,0,0,1,1,166,0,14,-27,211,New Orleans
2021,10,5,45,2,4,4,9,27,29,8,65,73,27,1,2,0,5,19,16,2,40,42,11,1,1,3,4,5,13,4,22,26,0,0,0,0,0,0,0,0,0,0,7,0,1,1,0,3,0,2,3,5,175,1,19,-33,205,New Orleans
2022,10,5,24,5,2,5,1,15,28,7,44,51,15,0,2,4,1,6,13,6,20,26,9,4,0,1,0,9,15,1,24,25,0,0,0,0,0,0,0,0,0,0,0,1,0,0,0,0,0,0,0,0,133,1,3,-32,206,New Orleans
2023,10,5,45,2,1,1,5,34,20,2,59,61,29,2,1,0,0,14,7,1,21,22,13,0,0,1,5,18,12,1,35,36,0,0,0,0,0,1,0,0,1,1,3,0,0,0,0,1,1,0,2,2,168,2,11,-31,207,New Orleans
2024,10,5,34,0,0,5,3,35,7,5,45,50,24,0,0,3,3,15,0,3,18,21,9,0,0,2,0,15,5,2,20,22,0,0,0,0,0,1,0,0,1,1,1,0,0,0,0,4,2,0,6,6,133,1,9,-29,209,New Orleans
2012,11,5,31,0,0,1,6,38,13,1,57,58,15,0,0,1,3,24,4,1,31,32,14,0,0,0,2,13,9,0,24,24,0,0,0,0,0,0,0,0,0,0,2,0,0,0,1,1,0,0,2,2,162,0,4,1,239,New Orleans
2013,11,5,34,2,4,2,6,43,10,6,59,65,17,2,1,1,2,27,6,2,35,37,15,0,2,1,3,12,3,3,18,21,0,0,0,0,0,0,0,0,0,0,2,0,1,0,1,4,1,1,6,7,177,0,9,2,240,New Orleans
2014,11,5,34,1,3,5,12,29,19,8,60,68,14,1,0,3,4,21,5,3,30,33,19,0,3,2,7,6,12,5,25,30,0,0,0,0,0,1,1,0,2,2,1,0,0,0,1,1,1,0,3,3,162,4,9,3,241,New Orleans
2015,11,5,53,1,4,3,4,32,12,7,48,55,24,1,0,2,2,27,2,2,31,33,25,0,4,1,2,3,10,5,15,20,0,0,0,0,0,0,0,0,0,0,4,0,0,0,0,2,0,0,2,2,200,0,10,4,242,New Orleans
2016,11,5,34,1,2,5,7,34,10,7,51,58,14,0,2,2,4,19,0,4,23,27,18,1,0,3,2,12,8,3,22,25,0,0,0,0,0,0,0,0,0,0,2,0,0,0,1,3,2,0,6,6,156,0,9,-1,237,New Orleans
2017,11,5,43,0,1,2,2,30,21,3,53,56,16,0,0,2,1,13,10,2,24,26,22,0,1,0,1,14,10,1,25,26,1,0,0,0,0,1,1,0,2,2,4,0,0,0,0,2,0,0,2,2,160,3,11,0,238,New Orleans
2018,11,5,41,2,4,3,6,37,15,7,58,65,17,2,3,2,5,20,3,5,28,33,22,0,1,1,1,14,11,2,26,28,1,0,0,0,0,0,0,0,0,0,1,0,0,0,0,3,1,0,4,4,191,1,12,1,239,New Orleans
2019,11,5,47,2,4,2,4,37,18,6,59,65,21,0,2,1,2,25,8,3,35,38,21,0,2,1,2,10,9,3,21,24,2,0,0,0,0,0,0,0,0,0,3,2,0,0,0,2,1,0,3,3,186,2,15,2,240,New Orleans
2020,11,5,38,1,2,2,2,18,26,4,46,50,21,0,0,1,1,12,9,1,22,23,13,1,2,1,1,5,16,3,22,25,0,0,0,0,0,0,0,0,0,0,4,0,0,0,0,1,1,0,2,2,131,1,8,4,242,New Orleans
2021,11,5,48,0,3,7,2,33,30,10,65,75,24,0,2,3,2,17,7,5,26,31,22,0,1,3,0,13,23,4,36,40,1,0,0,0,0,0,0,0,0,0,1,0,0,1,0,3,0,1,3,4,174,2,10,-2,236,New Orleans
2022,11,5,33,2,4,9,6,25,24,13,55,68,15,1,0,5,2,8,8,5,18,23,18,1,4,3,4,16,15,7,35,42,0,0,0,0,0,1,0,0,1,1,0,0,0,1,0,0,1,1,1,2,142,2,4,-1,237,New Orleans
2023,11,5,45,4,1,10,9,33,46,11,88,99,22,2,0,5,1,12,13,5,26,31,17,2,1,5,8,20,32,6,60,66,1,0,0,0,0,0,1,0,1,1,5,0,0,0,0,1,0,0,1,1,214,2,10,0,238,New Orleans
2024,11,5,49,1,2,3,1,27,17,5,45,50,28,0,0,1,0,12,7,1,19,20,15,1,2,1,1,10,9,3,20,23,0,0,0,0,0,0,0,0,0,0,6,0,0,1,0,5,1,1,6,7,156,1,15,2,240,New Orleans
2012,12,5,25,2,1,2,5,19,11,3,35,38,14,0,0,0,3,15,3,0,21,21,10,2,1,2,2,2,7,3,11,14,0,0,0,0,0,0,0,0,0,0,1,0,0,0,0,2,1,0,3,3,187,1,7,31,269,New Orleans
2013,12,5,30,2,2,1,11,32,22,3,65,68,12,1,0,1,4,23,6,1,33,34,14,1,2,0,7,7,15,2,29,31,0,0,0,0,0,0,0,0,0,0,4,0,0,0,0,2,1,0,3,3,206,2,15,32,270,New Orleans
2014,12,5,24,0,5,3,9,28,12,8,49,57,7,0,0,1,4,16,6,1,26,27,17,0,4,2,5,9,6,6,20,26,0,0,0,0,0,0,0,0,0,0,0,0,1,0,0,3,0,1,3,4,150,0,8,33,271,New Orleans
2015,12,5,28,2,5,3,5,44,9,8,58,66,11,0,1,2,2,23,2,3,27,30,15,1,4,1,2,18,7,5,27,32,0,0,0,0,0,1,0,0,1,1,2,1,0,0,1,2,0,0,3,3,146,1,8,34,272,New Orleans
2016,12,5,46,3,6,1,8,30,7,7,45,52,19,1,1,0,5,14,5,1,24,25,25,2,4,1,2,13,2,5,17,22,0,0,0,0,0,0,0,0,0,0,2,0,1,0,1,3,0,1,4,5,163,1,15,29,267,New Orleans
2017,12,5,61,4,0,4,4,27,10,4,41,45,35,3,0,2,0,14,5,2,19,21,22,1,0,2,2,9,5,2,16,18,0,0,0,0,0,0,0,0,0,0,4,0,0,0,2,4,0,0,6,6,180,1,10,30,268,New Orleans
2018,12,5,38,1,1,4,5,47,21,5,73,78,16,1,0,1,1,32,9,1,42,43,15,0,1,2,3,13,11,3,27,30,0,0,0,0,1,0,0,0,1,1,7,0,0,1,0,2,1,1,3,4,189,3,14,31,269,New Orleans
2019,12,5,50,3,1,1,4,40,23,2,67,69,28,1,0,0,2,26,5,0,33,33,20,2,1,1,2,11,18,2,31,33,1,0,0,0,0,0,0,0,0,0,1,0,0,0,0,3,0,0,3,3,217,3,9,32,270,New Orleans
2020,12,5,37,2,5,7,2,32,23,12,57,69,21,1,0,3,0,15,9,3,24,27,16,1,4,4,2,15,13,8,30,38,0,0,0,0,0,0,0,0,0,0,0,0,1,0,0,2,1,1,3,4,166,0,8,34,272,New Orleans
2021,12,5,52,3,3,11,7,23,53,14,83,97,22,3,0,4,2,7,17,4,26,30,25,0,3,5,5,15,33,8,53,61,0,0,0,0,0,0,0,0,0,0,5,0,0,2,0,1,3,2,4,6,205,0,14,28,266,New Orleans
2022,12,5,30,3,4,5,4,17,30,9,51,60,12,2,0,2,4,5,4,2,13,15,16,1,4,3,0,8,24,7,32,39,0,0,0,0,0,1,0,0,1,1,2,0,0,0,0,3,2,0,5,5,160,2,12,29,267,New Orleans
2023,12,5,42,3,2,2,5,24,27,4,56,60,21,1,1,2,1,11,8,3,20,23,15,2,1,0,3,11,18,1,32,33,1,0,0,0,0,0,0,0,0,0,5,0,0,0,1,2,1,0,4,4,172,2,16,30,268,New Orleans
2024,12,5,26,1,0,0,2,37,9,0,48,48,12,0,0,0,2,17,2,0,21,21,11,0,0,0,0,18,7,0,25,25,0,0,0,0,0,0,0,0,0,0,3,1,0,0,0,2,0,0,2,2,121,1,10,32,270,New Orleans
2012,1,6,23,0,12,6,9,34,22,18,65,83,11,0,2,1,5,16,9,3,30,33,11,0,9,4,3,13,11,13,27,40,0,0,0,0,0,1,0,0,1,1,1,0,1,1,1,4,2,2,7,9,182,1,17,-303,-65,New Orleans
2013,1,6,23,1,1,3,5,22,9,4,36,40,7,0,0,0,1,14,3,0,18,18,14,1,1,3,2,6,6,4,14,18,0,0,0,0,0,0,0,0,0,0,2,0,0,0,2,2,0,0,4,4,134,0,18,-301,-63,New Orleans
2014,1,6,20,1,5,6,12,33,11,11,56,67,8,0,1,3,9,18,5,4,32,36,10,0,4,3,2,14,4,7,20,27,0,0,0,0,0,0,1,0,1,1,2,1,0,0,1,1,1,0,3,3,144,1,9,-300,-62,New Orleans
2015,1,6,17,2,2,5,9,34,18,7,61,68,7,1,0,2,5,19,8,2,32,34,9,1,2,2,4,13,10,4,27,31,0,0,0,0,0,1,0,0,1,1,1,0,0,1,0,1,0,1,1,2,163,1,7,-299,-61,New Orleans
2016,1,6,35,1,2,1,8,31,12,3,51,54,16,0,0,0,8,20,3,0,31,31,19,1,2,1,0,9,8,3,17,20,0,0,0,0,0,0,0,0,0,0,0,0,0,0,0,2,1,0,3,3,158,0,12,-305,-67,New Orleans
2017,1,6,30,0,3,1,5,31,16,4,52,56,16,0,1,1,4,20,5,2,29,31,12,0,1,0,1,9,9,1,19,20,0,0,0,0,0,1,0,0,1,1,2,0,1,0,0,1,2,1,3,4,135,2,8,-303,-65,New Orleans
2018,1,6,46,3,4,5,11,18,15,9,44,53,20,1,0,1,5,9,2,1,16,17,25,2,2,2,6,9,13,4,28,32,0,0,0,0,0,0,0,0,0,0,1,0,2,2,0,0,0,4,0,4,165,0,11,-302,-64,New Orleans
2019,1,6,42,1,1,4,3,33,50,5,86,91,16,1,1,1,2,20,9,2,31,33,20,0,0,3,1,11,40,3,52,55,0,0,0,0,0,0,0,0,0,0,6,0,0,0,0,2,1,0,3,3,204,0,14,-301,-63,New Orleans
2020,1,6,26,5,3,1,3,20,17,4,40,44,10,2,1,0,1,10,5,1,16,17,15,3,1,1,2,8,11,2,21,23,0,0,0,0,0,0,0,0,0,0,1,0,1,0,0,2,1,1,3,4,103,0,8,-300,-62,New Orleans
2021,1,6,53,2,10,2,5,17,39,12,61,73,27,1,4,0,1,10,12,4,23,27,23,0,6,0,4,6,24,6,34,40,0,0,0,0,0,0,0,0,0,0,3,1,0,2,0,1,3,2,4,6,174,0,15,-305,-67,New Orleans
2022,1,6,38,2,1,8,4,25,35,9,64,73,19,1,0,3,2,14,13,3,29,32,17,1,1,5,2,10,21,6,33,39,0,0,0,0,0,0,0,0,0,0,2,0,0,0,0,1,1,0,2,2,181,0,10,-304,-66,New Orleans
2023,1,6,35,4,1,4,3,24,39,5,66,71,18,2,0,2,3,11,8,2,22,24,12,2,1,2,0,12,30,3,42,45,0,0,0,0,0,0,0,0,0,0,5,0,0,0,0,1,1,0,2,2,159,0,9,-303,-65,New Orleans
2024,1,6,49,2,3,3,4,28,43,6,75,81,27,0,2,1,1,4,5,3,10,13,20,1,1,2,3,22,37,3,62,65,0,0,0,0,0,1,0,0,1,1,2,1,0,0,0,1,1,0,2,2,185,1,7,-302,-64,New Orleans
2012,2,6,18,1,1,6,10,19,6,7,35,42,8,1,0,3,8,10,2,3,20,23,9,0,1,2,2,7,3,3,12,15,0,0,0,0,0,0,0,0,0,0,1,0,0,1,0,2,1,1,3,4,186,0,11,-272,-34,New Orleans
2013,2,6,19,2,1,6,13,30,9,7,52,59,5,0,1,1,7,19,4,2,30,32,13,2,0,4,5,10,4,4,19,23,0,0,0,0,0,0,0,0,0,0,1,0,0,1,1,1,1,1,3,4,170,0,9,-270,-32,New Orleans
2014,2,6,19,0,1,2,6,32,16,3,54,57,7,0,0,1,5,22,3,1,30,31,9,0,1,1,1,8,11,2,20,22,0,0,0,0,0,1,0,0,1,1,3,0,0,0,0,1,2,0,3,3,190,2,13,-269,-31,New Orleans
2015,2,6,25,0,3,0,5,30,13,3,48,51,15,0,1,0,3,14,6,1,23,24,10,0,2,0,2,14,5,2,21,23,0,0,0,0,0,0,0,0,0,0,0,0,0,0,0,2,2,0,4,4,154,2,8,-268,-30,New Orleans
2016,2,6,45,3,3,5,8,111,17,8,136,144,19,3,1,3,6,29,3,4,38,42,25,0,1,2,1,77,13,3,91,94,0,0,0,0,0,1,0,0,1,1,1,0,1,0,1,4,1,1,6,7,297,1,18,-274,-36,New Orleans
2017,2,6,39,3,2,2,6,34,11,4,51,55,17,2,0,1,2,25,4,1,31,32,20,1,1,1,3,7,6,2,16,18,0,0,0,0,0,1,0,0,1,1,2,0,1,0,1,1,1,1,3,4,181,1,9,-272,-34,New Orleans
2018,2,6,46,0,4,4,7,25,11,8,43,51,19,0,1,3,4,15,3,4,22,26,20,0,2,1,3,6,7,3,16,19,0,0,0,0,0,0,0,0,0,0,7,0,1,0,0,4,1,1,5,6,171,0,19,-271,-33,New Orleans
2019,2,6,52,0,2,3,7,29,27,5,63,68,20,0,0,3,2,11,5,3,18,21,25,0,2,0,5,16,20,2,41,43,0,0,0,0,0,0,1,0,1,1,7,0,0,0,0,2,1,0,3,3,199,2,16,-270,-32,New Orleans
2020,2,6,23,2,3,2,2,34,12,5,48,53,12,1,2,0,2,18,3,2,23,25,11,1,1,2,0,13,9,3,22,25,0,0,0,0,0,0,0,0,0,0,0,0,0,0,0,3,0,0,3,3,126,1,8,-269,-31,New Orleans
2021,2,6,35,4,3,1,4,20,31,4,55,59,20,2,2,0,1,16,15,2,32,34,13,2,1,1,2,4,11,2,17,19,0,0,0,0,0,0,0,0,0,0,2,0,0,0,1,0,5,0,6,6,155,1,15,-274,-36,New Orleans
2022,2,6,41,3,4,6,4,36,48,10,88,98,23,1,1,2,3,13,17,3,33,36,17,1,3,4,1,16,29,7,46,53,0,0,0,0,0,0,0,0,0,0,1,1,0,0,0,7,2,0,9,9,213,0,15,-273,-35,New Orleans
2023,2,6,40,1,1,3,5,21,22,4,48,52,19,1,1,0,4,13,7,1,24,25,20,0,0,3,1,7,13,3,21,24,0,0,0,0,0,0,1,0,1,1,1,0,0,0,0,1,1,0,2,2,156,1,6,-272,-34,New Orleans
2024,2,6,35,1,0,5,6,28,20,5,54,59,19,1,0,3,3,17,8,3,28,31,14,0,0,1,3,10,11,1,24,25,0,0,0,0,0,0,0,0,0,0,2,0,0,1,0,1,1,1,2,3,153,0,10,-271,-33,New Orleans
2012,3,6,26,2,1,5,4,29,12,6,45,51,15,1,0,3,3,20,3,3,26,29,10,1,1,1,0,9,9,2,18,20,0,0,0,0,0,0,0,0,0,0,1,0,0,1,1,0,0,1,1,2,204,0,8,-243,-5,New Orleans
2013,3,6,18,0,3,4,9,23,14,7,46,53,7,0,1,1,4,13,7,2,24,26,10,0,2,2,3,8,7,4,18,22,0,0,0,0,0,0,0,0,0,0,1,0,0,1,2,2,0,1,4,5,173,0,10,-242,-4,New Orleans
2014,3,6,22,0,3,3,6,26,12,6,44,50,9,0,1,2,3,22,3,3,28,31,11,0,1,0,3,3,8,1,14,15,0,0,1,0,0,0,0,1,0,1,2,0,0,1,0,1,1,1,2,3,141,3,6,-241,-3,New Orleans
2015,3,6,31,0,3,4,12,27,9,7,48,55,17,0,2,3,4,15,2,5,21,26,13,0,1,1,8,12,6,2,26,28,1,0,0,0,0,0,0,0,0,0,0,0,0,0,0,0,1,0,1,1,171,1,3,-240,-2,New Orleans
2016,3,6,31,3,6,5,8,27,16,11,51,62,14,2,4,2,6,19,8,6,33,39,14,1,2,3,2,6,8,5,16,21,0,0,0,0,0,1,0,0,1,1,3,0,0,0,0,1,0,0,1,1,139,1,5,-245,-7,New Orleans
2017,3,6,45,2,1,3,7,43,25,4,75,79,22,1,0,2,6,30,12,2,48,50,18,1,1,1,1,12,11,2,24,26,0,0,0,0,0,0,0,0,0,0,5,0,0,0,0,1,2,0,3,3,192,0,12,-244,-6,New Orleans
2018,3,6,49,2,2,2,3,37,10,4,50,54,23,1,0,1,1,22,2,1,25,26,21,1,2,1,2,12,8,3,22,25,0,0,0,0,0,1,0,0,1,1,5,0,0,0,0,2,0,0,2,2,187,1,12,-243,-5,New Orleans
2019,3,6,55,0,4,5,3,33,24,9,60,69,33,0,1,2,1,18,9,3,28,31,19,0,3,3,2,15,15,6,32,38,0,0,0,0,0,0,0,0,0,0,3,0,0,0,0,0,0,0,0,0,192,0,5,-242,-4,New Orleans
2020,3,6,33,2,2,7,1,33,24,9,58,67,18,2,0,4,1,15,1,4,17,21,12,0,1,3,0,16,23,4,39,43,0,0,0,0,0,0,0,0,0,0,3,0,1,0,0,2,0,1,2,3,155,0,16,-240,-2,New Orleans
2021,3,6,60,1,0,5,2,19,42,5,63,68,34,0,0,2,0,13,15,2,28,30,20,1,0,3,1,6,25,3,32,35,1,0,0,0,0,0,0,0,0,0,5,0,0,0,1,0,2,0,3,3,181,2,9,-246,-8,New Orleans
2022,3,6,30,1,2,6,3,25,27,8,55,63,8,1,0,1,2,9,6,1,17,18,17,0,2,5,1,15,20,7,36,43,1,0,0,0,0,0,0,0,0,0,4,0,0,0,0,1,1,0,2,2,137,1,9,-245,-7,New Orleans
2023,3,6,45,1,1,2,4,21,31,3,56,59,24,1,1,0,4,14,9,1,27,28,19,0,0,2,0,6,22,2,28,30,0,0,0,0,0,0,0,0,0,0,2,0,0,0,0,1,0,0,1,1,161,1,4,-244,-6,New Orleans
2024,3,6,28,0,1,7,4,37,13,8,54,62,17,0,0,4,1,19,4,4,24,28,9,0,1,3,3,18,9,4,30,34,1,0,0,0,0,0,0,0,0,0,1,0,0,0,0,0,0,0,0,0,141,1,2,-242,-4,New Orleans
2012,4,6,10,0,1,4,8,23,6,5,37,42,6,0,0,4,5,12,3,4,20,24,4,0,1,0,3,9,3,1,15,16,0,0,0,0,0,0,0,0,0,0,0,0,0,0,0,2,0,0,2,2,129,1,7,-212,26,New Orleans
2013,4,6,22,1,1,4,7,45,12,5,64,69,9,0,1,2,6,22,7,3,35,38,12,1,0,2,1,20,4,2,25,27,0,0,0,0,0,1,0,0,1,1,1,0,0,0,0,2,1,0,3,3,153,1,10,-211,27,New Orleans
2014,4,6,34,0,2,5,9,31,15,7,55,62,19,0,1,3,6,17,2,4,25,29,14,0,1,2,3,11,12,3,26,29,0,0,0,0,0,0,0,0,0,0,1,0,0,0,0,3,1,0,4,4,169,0,11,-210,28,New Orleans
2015,4,6,35,1,0,8,11,28,13,8,52,60,24,1,0,4,7,22,6,4,35,39,8,0,0,4,3,3,7,4,13,17,0,0,0,0,0,2,0,0,2,2,3,0,0,0,1,1,0,0,2,2,160,2,10,-209,29,New Orleans
2016,4,6,34,0,5,6,3,13,15,11,31,42,16,0,2,4,2,8,10,6,20,26,16,0,3,2,1,5,5,5,11,16,0,0,0,0,0,0,0,0,0,0,2,0,0,0,0,0,0,0,0,0,153,0,7,-214,24,New Orleans
2017,4,6,45,1,1,3,2,24,17,4,43,47,27,0,1,3,1,8,5,4,14,18,16,1,0,0,0,11,10,0,21,21,0,0,0,0,1,0,0,0,1,1,2,0,0,0,0,5,2,0,7,7,154,1,12,-213,25,New Orleans
2018,4,6,54,0,6,2,3,24,14,8,41,49,20,0,0,0,3,16,6,0,25,25,28,0,6,2,0,7,7,8,14,22,0,0,0,0,0,1,0,0,1,1,6,0,0,0,0,0,1,0,1,1,165,1,8,-212,26,New Orleans
2019,4,6,47,2,3,6,6,53,48,9,107,116,19,1,1,1,4,29,10,2,43,45,26,1,2,4,2,23,34,6,59,65,0,0,0,0,0,0,2,0,2,2,2,0,0,1,0,1,2,1,3,4,244,2,17,-211,27,New Orleans
2020,4,6,52,1,1,4,8,30,22,5,60,65,30,1,0,2,4,23,6,2,33,35,19,0,1,1,4,6,14,2,24,26,0,0,0,0,0,0,0,0,0,0,3,0,0,1,0,1,2,1,3,4,164,0,9,-209,29,New Orleans
2021,4,6,42,4,1,7,3,26,14,8,43,51,30,4,1,5,1,18,9,6,28,34,11,0,0,2,2,7,3,2,12,14,0,0,0,0,0,0,0,0,0,0,1,0,0,0,0,1,2,0,3,3,154,0,8,-215,23,New Orleans
2022,4,6,29,0,3,2,6,26,11,5,43,48,14,0,2,0,4,18,6,2,28,30,12,0,1,1,2,8,5,2,15,17,1,0,0,0,0,0,0,0,0,0,2,0,0,1,0,0,0,1,0,1,126,1,6,-214,24,New Orleans
2023,4,6,28,4,2,4,2,31,42,6,75,81,15,2,1,2,1,21,21,3,43,46,10,1,1,1,1,10,19,2,30,32,0,0,0,0,0,0,0,0,0,0,3,1,0,1,0,0,2,1,2,3,157,1,10,-213,25,New Orleans
2024,4,6,48,1,1,13,3,31,11,14,45,59,28,0,0,7,0,15,4,7,19,26,18,1,1,5,3,15,6,6,24,30,0,0,0,0,0,0,0,0,0,0,2,0,0,1,0,1,1,1,2,3,168,1,11,-211,27,New Orleans
2012,5,6,26,2,2,6,6,30,17,8,53,61,12,1,2,1,2,13,7,3,22,25,14,1,0,3,3,14,9,3,26,29,0,0,0,0,0,1,0,0,1,1,0,0,0,2,1,2,1,2,4,6,170,1,11,-182,56,New Orleans
2013,5,6,23,3,1,4,10,41,17,5,68,73,10,1,1,3,9,34,9,4,52,56,10,1,0,0,1,5,8,0,14,14,0,0,0,0,0,0,0,0,0,0,3,1,0,1,0,2,0,1,2,3,186,0,10,-181,57,New Orleans
2014,5,6,32,0,1,3,9,29,16,4,54,58,19,0,1,2,6,20,5,3,31,34,12,0,0,1,3,9,9,1,21,22,0,0,0,0,0,0,0,0,0,0,1,0,0,0,0,0,2,0,2,2,198,0,6,-180,58,New Orleans
2015,5,6,44,0,4,1,8,20,11,5,39,44,26,0,3,1,4,16,3,4,23,27,14,0,1,0,2,3,7,1,12,13,0,0,0,0,1,0,0,0,1,1,4,0,0,0,1,1,1,0,3,3,172,1,14,-179,59,New Orleans
2016,5,6,39,2,4,1,11,24,9,5,44,49,23,1,2,1,10,13,3,3,26,29,15,0,1,0,1,7,6,1,14,15,0,0,0,0,0,0,0,0,0,0,1,1,1,0,0,4,0,1,4,5,156,0,16,-184,54,New Orleans
2017,5,6,36,3,5,4,3,41,28,9,72,81,14,2,5,1,1,26,15,6,42,48,18,1,0,2,1,14,11,2,26,28,1,0,0,0,0,0,2,0,2,2,3,0,0,1,1,1,0,1,2,3,186,3,13,-183,55,New Orleans
2018,5,6,47,3,4,3,3,41,24,7,68,75,28,2,0,1,2,21,13,1,36,37,11,0,2,1,1,16,10,3,27,30,1,0,0,0,0,0,0,0,0,0,7,1,2,1,0,4,1,3,5,8,205,1,22,-182,56,New Orleans
2019,5,6,43,2,1,3,3,52,21,4,76,80,23,0,1,2,2,34,8,3,44,47,16,2,0,1,1,12,11,1,24,25,0,0,0,0,0,1,0,0,1,1,4,0,0,0,0,5,2,0,7,7,213,2,19,-181,57,New Orleans
2020,5,6,51,1,3,3,3,20,14,6,37,43,33,1,0,2,2,13,5,2,20,22,14,0,3,1,1,6,7,4,14,18,1,0,0,0,0,1,0,0,1,1,3,0,0,0,0,0,2,0,2,2,161,2,14,-179,59,New Orleans
2021,5,6,62,3,2,11,1,22,45,13,68,81,35,2,0,7,1,9,19,7,29,36,23,1,2,3,0,10,21,5,31,36,0,0,0,0,0,1,4,0,5,5,4,0,0,1,0,2,1,1,3,4,205,6,11,-185,53,New Orleans
2022,5,6,36,1,3,3,3,21,19,6,43,49,26,0,1,1,2,9,6,2,17,19,9,1,2,2,1,11,12,4,24,28,1,0,0,0,0,1,0,0,1,1,0,0,0,0,0,0,1,0,1,1,136,2,6,-184,54,New Orleans
2023,5,6,43,4,7,4,4,27,56,11,87,98,20,2,3,2,2,13,20,5,35,40,20,2,3,2,2,11,32,5,45,50,0,0,0,0,0,0,2,0,2,2,3,0,1,0,0,3,2,1,5,6,194,2,13,-183,55,New Orleans
2024,5,6,39,1,0,4,9,32,21,4,62,66,18,1,0,3,5,20,10,3,35,38,17,0,0,1,3,8,10,1,21,22,0,0,0,0,1,3,0,0,4,4,4,0,0,0,0,1,1,0,2,2,176,4,8,-181,57,New Orleans
2012,6,6,39,2,1,2,11,29,21,3,61,64,22,1,0,1,5,25,10,1,40,41,15,1,1,1,6,4,11,2,21,23,0,0,0,0,0,0,0,0,0,0,2,0,0,0,0,0,0,0,0,0,281,0,6,-151,87,New Orleans
2013,6,6,29,2,7,1,7,33,16,8,56,64,18,1,0,0,4,21,8,0,33,33,10,1,6,1,3,12,8,7,23,30,0,0,0,0,0,0,0,0,0,0,1,0,1,0,0,0,0,1,0,1,187,1,4,-150,88,New Orleans
2014,6,6,45,3,5,1,10,46,27,6,83,89,17,2,2,1,7,33,11,3,51,54,28,1,1,0,3,11,14,1,28,29,0,0,0,0,0,0,0,0,0,0,0,0,2,0,0,2,2,2,4,6,239,1,10,-149,89,New Orleans
2015,6,6,42,1,3,8,7,39,20,11,66,77,30,1,0,4,5,21,7,4,33,37,12,0,2,4,1,18,9,6,28,34,0,0,1,0,0,0,0,1,0,1,0,0,0,0,1,0,4,0,5,5,182,1,11,-148,90,New Orleans
2016,6,6,51,0,0,6,5,32,21,6,58,64,22,0,0,6,3,24,6,6,33,39,23,0,0,0,2,3,11,0,16,16,1,0,0,0,0,0,1,0,1,1,5,0,0,0,0,5,3,0,8,8,174,2,19,-153,85,New Orleans
2017,6,6,30,0,5,5,5,38,20,10,63,73,15,0,2,3,3,31,11,5,45,50,10,0,2,2,2,5,8,4,15,19,0,0,0,0,0,0,0,0,0,0,5,0,1,0,0,2,1,1,3,4,186,0,13,-152,86,New Orleans
2018,6,6,68,1,4,3,3,37,19,7,59,66,48,0,2,0,2,28,7,2,37,39,13,1,2,1,1,6,11,3,18,21,0,0,0,0,0,0,0,0,0,0,7,0,0,2,0,3,1,2,4,6,248,0,24,-151,87,New Orleans
2019,6,6,36,0,1,2,6,34,26,3,66,69,25,0,0,1,3,22,14,1,39,40,9,0,1,1,3,8,11,2,22,24,0,0,0,0,0,0,0,0,0,0,2,0,0,0,0,4,1,0,5,5,169,1,12,-150,88,New Orleans
2020,6,6,44,2,1,11,5,20,19,12,44,56,31,1,1,6,3,14,5,7,22,29,12,0,0,3,2,3,13,3,18,21,0,0,0,0,0,1,0,0,1,1,1,1,0,2,0,2,1,2,3,5,157,1,8,-148,90,New Orleans
2021,6,6,51,1,5,6,4,27,22,11,53,64,33,1,3,5,2,14,8,8,24,32,13,0,2,1,2,12,14,3,28,31,2,0,0,0,0,0,0,0,0,0,3,0,0,0,0,1,0,0,1,1,176,2,9,-154,84,New Orleans
2022,6,6,39,4,1,6,2,34,21,7,57,64,18,3,1,5,0,24,9,6,33,39,19,1,0,1,1,5,12,1,18,19,0,0,0,0,1,0,0,0,1,1,2,0,0,0,0,5,0,0,5,5,163,1,8,-153,85,New Orleans
2023,6,6,34,3,3,3,5,31,35,6,71,77,25,1,1,3,3,19,15,4,37,41,8,2,0,0,2,7,18,0,27,27,0,0,0,0,0,1,0,0,1,1,1,0,2,0,0,4,2,2,6,8,174,1,11,-152,86,New Orleans
2024,6,6,51,1,1,3,1,39,21,4,61,65,35,1,1,2,1,28,10,3,39,42,9,0,0,1,0,10,10,1,20,21,0,0,0,0,0,1,0,0,1,1,7,0,0,0,0,0,1,0,1,1,188,1,16,-150,88,New Orleans
2012,7,6,25,2,1,2,5,38,22,3,65,68,7,1,0,2,2,23,8,2,33,35,13,1,1,0,3,12,11,1,26,27,1,0,0,0,0,0,1,0,1,1,4,0,0,0,0,3,2,0,5,5,206,5,10,-121,117,New Orleans
2013,7,6,27,6,2,4,10,37,18,6,65,71,12,2,1,1,2,23,4,2,29,31,11,3,1,2,8,13,11,3,32,35,1,0,0,0,0,0,0,0,0,0,3,1,0,1,0,1,3,1,4,5,236,1,18,-120,118,New Orleans
2014,7,6,43,3,2,6,5,32,23,8,60,68,21,1,0,3,2,20,8,3,30,33,18,1,1,3,2,11,14,4,27,31,1,0,0,0,0,0,0,0,0,0,3,1,1,0,1,1,1,1,3,4,172,1,21,-119,119,New Orleans
2015,7,6,27,1,3,5,7,22,24,8,53,61,16,0,1,0,4,21,7,1,32,33,9,1,2,4,2,1,16,6,19,25,1,0,0,0,1,0,1,0,2,2,1,0,0,1,0,0,0,1,0,1,168,3,5,-118,120,New Orleans
2016,7,6,37,1,2,1,6,19,9,3,34,37,21,0,1,1,3,17,5,2,25,27,15,0,1,0,2,2,3,1,7,8,0,0,0,0,0,0,0,0,0,0,1,1,0,0,1,0,1,0,2,2,146,1,6,-123,115,New Orleans
2017,7,6,41,4,3,5,3,25,17,8,45,53,23,4,1,1,0,22,6,2,28,30,15,0,2,4,3,3,11,6,17,23,0,0,0,0,0,0,0,0,0,0,3,0,0,0,0,0,0,0,0,0,164,0,5,-122,116,New Orleans
2018,7,6,53,2,2,6,7,48,19,8,74,82,35,0,1,4,4,31,8,5,43,48,16,2,1,0,1,15,10,1,26,27,1,0,0,1,0,0,1,1,1,2,1,0,0,1,2,2,0,1,4,5,210,3,14,-121,117,New Orleans
2019,7,6,47,1,1,4,6,36,20,5,62,67,25,0,1,2,4,21,6,3,31,34,16,1,0,2,1,14,13,2,28,30,0,0,0,0,1,0,0,0,1,1,6,0,0,0,0,1,1,0,2,2,195,2,15,-120,118,New Orleans
2020,7,6,41,0,6,7,10,39,34,13,83,96,19,0,4,5,6,35,25,9,66,75,17,0,0,2,4,3,8,2,15,17,1,0,0,0,0,1,0,0,1,1,4,0,2,0,0,0,1,2,1,3,179,3,9,-118,120,New Orleans
2021,7,6,66,1,1,13,6,22,10,14,38,52,48,1,1,10,5,16,3,11,24,35,15,0,0,3,1,5,6,3,12,15,1,0,0,0,0,0,1,0,1,1,2,0,0,0,0,1,0,0,1,1,178,3,6,-124,114,New Orleans
2022,7,6,26,2,4,4,10,23,28,8,61,69,17,1,2,4,6,20,17,6,43,49,8,1,1,0,3,2,11,1,16,17,0,0,0,0,0,0,0,0,0,0,1,0,1,0,1,1,0,1,2,3,150,1,6,-123,115,New Orleans
2023,7,6,41,0,4,1,8,21,21,5,50,55,30,0,0,1,5,14,10,1,29,30,8,0,3,0,3,6,10,3,19,22,0,0,0,0,0,0,1,0,1,1,3,0,1,0,0,1,0,1,1,2,150,1,8,-122,116,New Orleans
2024,7,6,52,2,1,1,3,32,34,2,69,71,30,2,1,1,1,23,11,2,35,37,19,0,0,0,2,7,21,0,30,30,0,0,0,0,0,0,1,0,1,1,3,0,0,0,0,2,1,0,3,3,187,3,17,-120,118,New Orleans
2012,8,6,31,1,5,3,7,23,13,8,43,51,13,0,2,0,4,14,4,2,22,24,13,1,2,1,3,8,9,3,20,23,0,0,0,0,0,0,0,0,0,0,5,0,1,2,0,1,0,3,1,4,231,2,15,-90,148,New Orleans
2013,8,6,22,2,7,0,9,46,5,7,60,67,10,0,3,0,7,34,2,3,43,46,10,2,4,0,2,10,3,4,15,19,0,0,0,0,0,0,0,0,0,0,2,0,0,0,0,2,0,0,2,2,197,0,9,-89,149,New Orleans
2014,8,6,26,0,0,3,12,25,12,3,49,52,9,0,0,1,8,18,6,1,32,33,13,0,0,2,3,6,6,2,15,17,0,0,0,0,0,0,0,0,0,0,4,0,0,0,1,1,0,0,2,2,183,0,8,-88,150,New Orleans
2015,8,6,30,4,1,0,5,24,11,1,40,41,19,3,0,0,2,17,2,0,21,21,10,1,1,0,3,5,8,1,16,17,0,0,0,0,0,1,0,0,1,1,1,0,0,0,0,1,1,0,2,2,134,1,7,-87,151,New Orleans
2016,8,6,40,2,5,5,7,34,35,10,76,86,13,0,0,2,3,17,11,2,31,33,25,2,5,2,4,14,20,7,38,45,0,0,0,0,0,1,0,0,1,1,2,0,0,1,0,2,4,1,6,7,177,1,13,-92,146,New Orleans
2017,8,6,42,0,4,6,5,36,34,10,75,85,22,0,2,1,1,21,13,3,35,38,16,0,2,5,4,11,19,7,34,41,1,0,0,0,0,2,0,0,2,2,3,0,0,0,0,2,2,0,4,4,194,3,10,-91,147,New Orleans
2018,8,6,38,0,1,3,5,38,17,4,60,64,28,0,0,2,3,29,6,2,38,40,6,0,1,1,1,8,11,2,20,22,0,0,0,0,0,0,0,0,0,0,4,0,0,0,1,1,0,0,2,2,189,0,15,-90,148,New Orleans
2019,8,6,54,2,3,4,10,39,48,7,97,104,38,2,0,2,6,24,13,2,43,45,9,0,3,2,4,12,31,5,47,52,2,0,0,0,0,1,1,0,2,2,5,0,0,0,0,2,3,0,5,5,227,4,13,-89,149,New Orleans
2020,8,6,48,1,2,6,3,28,38,8,69,77,29,1,0,5,3,22,7,5,32,37,16,0,1,1,0,5,27,2,32,34,0,0,0,0,0,0,2,0,2,2,3,0,1,0,0,1,2,1,3,4,181,3,10,-87,151,New Orleans
2021,8,6,38,2,5,4,4,28,31,9,63,72,25,2,1,2,1,19,9,3,29,32,11,0,4,2,3,7,20,6,30,36,0,0,0,0,0,0,0,0,0,0,2,0,0,0,0,2,2,0,4,4,174,0,9,-93,145,New Orleans
2022,8,6,29,4,1,4,9,33,24,5,66,71,13,1,0,3,5,23,8,3,36,39,10,3,1,0,4,9,14,1,27,28,0,0,0,0,0,0,0,0,0,0,6,0,0,1,0,1,2,1,3,4,149,0,14,-92,146,New Orleans
2023,8,6,37,2,2,5,5,23,35,7,63,70,21,0,1,1,4,17,9,2,30,32,12,2,1,3,0,6,23,4,29,33,0,0,0,0,1,0,1,0,2,2,4,0,0,1,0,0,2,1,2,3,155,2,11,-91,147,New Orleans
2024,8,6,37,1,0,3,5,33,11,3,49,52,17,1,0,3,4,23,4,3,31,34,15,0,0,0,1,8,6,0,15,15,0,0,0,0,0,1,1,0,2,2,5,0,0,0,0,1,0,0,1,1,144,2,12,-89,149,New Orleans
2012,9,6,19,1,2,2,8,28,12,4,48,52,11,0,0,1,5,18,5,1,28,29,8,1,2,0,3,10,6,2,19,21,0,0,0,0,0,0,0,0,0,0,0,0,0,1,0,0,1,1,1,2,151,0,10,-59,179,New Orleans
2013,9,6,35,0,4,0,4,40,14,4,58,62,19,0,1,0,4,25,9,1,38,39,15,0,3,0,0,14,5,3,19,22,0,0,0,0,0,0,0,0,0,0,1,0,0,0,0,1,0,0,1,1,229,0,14,-58,180,New Orleans
2014,9,6,40,1,4,2,1,32,12,6,45,51,17,0,3,1,0,17,4,4,21,25,22,0,1,0,1,13,7,1,21,22,0,0,0,0,0,0,1,0,1,1,1,1,0,1,0,2,0,1,2,3,157,1,7,-57,181,New Orleans
2015,9,6,30,0,4,3,8,32,17,7,57,64,15,0,2,1,3,13,5,3,21,24,13,0,2,2,5,15,12,4,32,36,1,0,0,0,0,0,0,0,0,0,1,0,0,0,0,4,0,0,4,4,161,1,7,-56,182,New Orleans
2016,9,6,32,2,1,1,9,31,23,2,63,65,23,0,1,1,8,23,11,2,42,44,7,2,0,0,1,8,11,0,20,20,0,0,0,0,0,0,1,0,1,1,2,0,0,0,0,0,0,0,0,0,140,1,5,-61,177,New Orleans
2017,9,6,48,1,1,1,5,24,13,2,42,44,31,1,1,0,3,19,6,1,28,29,14,0,0,1,2,3,6,1,11,12,0,0,0,0,0,0,0,0,0,0,3,0,0,0,0,2,1,0,3,3,150,0,6,-60,178,New Orleans
2018,9,6,34,2,3,3,5,25,13,6,43,49,18,1,0,2,2,18,6,2,26,28,13,0,3,0,2,5,7,3,14,17,1,0,0,0,1,0,0,0,1,1,2,1,0,1,0,2,0,1,2,3,160,3,7,-59,179,New Orleans
2019,9,6,45,2,0,3,8,42,15,3,65,68,21,0,0,1,3,27,3,1,33,34,19,1,0,0,4,14,11,0,29,29,0,0,0,0,0,0,0,0,0,0,5,1,0,2,1,1,1,2,3,5,176,0,13,-58,180,New Orleans
2020,9,6,50,1,2,3,2,20,28,5,50,55,29,0,0,1,1,15,11,1,27,28,18,1,2,2,1,4,14,4,19,23,0,0,0,0,0,1,0,0,1,1,3,0,0,0,0,0,3,0,3,3,150,1,9,-56,182,New Orleans
2021,9,6,32,2,2,4,41,17,8,6,66,72,20,0,0,1,33,13,5,1,51,52,8,2,2,2,7,4,3,4,14,18,0,0,0,0,0,0,0,0,0,0,4,0,0,1,1,0,0,1,1,2,156,1,10,-62,176,New Orleans
2022,9,6,34,2,1,3,5,22,29,4,56,60,15,1,0,0,1,16,17,0,34,34,16,1,1,3,4,5,10,4,19,23,0,0,0,0,0,0,0,0,0,0,3,0,0,0,0,1,2,0,3,3,147,0,8,-61,177,New Orleans
2023,9,6,31,1,2,2,9,30,18,4,57,61,16,1,0,2,5,19,3,2,27,29,13,0,1,0,4,9,14,1,27,28,0,0,0,0,0,0,0,0,0,0,2,0,1,0,0,2,1,1,3,4,137,0,15,-60,178,New Orleans
2024,9,6,35,0,0,1,4,26,8,1,38,39,17,0,0,0,0,18,4,0,22,22,16,0,0,1,3,6,3,1,12,13,0,0,0,0,0,0,0,0,0,0,2,0,0,0,1,2,1,0,4,4,132,2,9,-58,180,New Orleans
2012,10,6,30,0,6,6,8,27,11,12,46,58,10,0,1,2,3,12,3,3,18,21,17,0,5,3,5,12,7,8,24,32,0,0,0,0,0,0,0,0,0,0,3,0,0,1,0,3,1,1,4,5,181,0,11,-29,209,New Orleans
2013,10,6,22,0,2,7,8,35,14,9,57,66,11,0,0,3,4,17,4,3,25,28,9,0,2,2,4,17,10,4,31,35,0,0,0,1,0,0,0,1,0,1,2,0,0,1,0,1,0,1,1,2,140,1,7,-28,210,New Orleans
2014,10,6,28,3,6,3,17,29,20,9,66,75,19,1,3,0,10,16,10,3,36,39,8,2,2,3,6,11,8,5,25,30,0,0,0,0,0,0,1,0,1,1,1,0,1,0,1,2,1,1,4,5,199,1,10,-27,211,New Orleans
2015,10,6,34,1,3,5,5,36,13,8,54,62,19,1,0,3,3,30,6,3,39,42,12,0,3,2,2,6,6,5,14,19,0,0,0,0,0,0,0,0,0,0,3,0,0,0,0,0,1,0,1,1,184,0,10,-26,212,New Orleans
2016,10,6,31,1,2,5,13,36,21,7,70,77,16,1,1,3,10,28,8,4,46,50,11,0,1,2,3,8,13,3,24,27,0,0,0,0,0,0,0,0,0,0,4,0,0,0,0,0,0,0,0,0,166,0,10,-31,207,New Orleans
2017,10,6,45,3,5,3,6,30,13,8,49,57,25,2,3,0,4,19,3,3,26,29,15,0,2,1,2,11,8,3,21,24,0,0,0,0,0,0,0,0,0,0,5,1,0,2,0,0,2,2,2,4,168,0,13,-30,208,New Orleans
2018,10,6,48,4,4,6,4,34,14,10,52,62,17,3,2,3,1,11,4,5,16,21,30,1,2,2,3,22,10,4,35,39,0,0,0,0,0,0,0,0,0,0,1,0,0,1,0,1,0,1,1,2,191,0,13,-29,209,New Orleans
2019,10,6,44,2,0,2,4,43,21,2,68,70,22,1,0,0,2,24,7,0,33,33,16,1,0,2,2,17,12,2,31,33,0,0,0,0,0,1,1,0,2,2,6,0,0,0,0,1,1,0,2,2,182,3,14,-28,210,New Orleans
2020,10,6,49,5,4,7,4,26,21,11,51,62,30,2,1,4,4,17,8,5,29,34,12,2,3,3,0,7,13,6,20,26,1,0,0,0,0,0,0,0,0,0,6,1,0,0,0,2,0,0,2,2,164,1,12,-26,212,New Orleans
2021,10,6,39,2,4,5,12,33,21,9,66,75,17,0,2,4,3,23,9,6,35,41,17,2,2,0,7,8,8,2,23,25,0,0,0,0,1,0,0,0,1,1,5,0,0,1,1,2,4,1,7,8,175,1,14,-32,206,New Orleans
2022,10,6,31,1,2,5,2,22,25,7,49,56,20,0,1,3,1,11,4,4,16,20,8,1,1,0,1,9,18,1,28,29,1,0,0,0,0,2,1,0,3,3,2,0,0,2,0,0,2,2,2,4,147,4,10,-31,207,New Orleans
2023,10,6,50,2,1,2,7,40,20,3,67,70,25,0,0,0,2,23,2,0,27,27,21,2,1,1,5,16,18,2,39,41,1,0,0,0,0,0,0,0,0,0,3,0,0,1,0,1,0,1,1,2,168,2,7,-30,208,New Orleans
2024,10,6,47,1,0,2,1,21,13,2,35,37,25,1,0,1,0,9,6,1,15,16,21,0,0,1,1,12,7,1,20,21,0,0,0,0,0,0,0,0,0,0,1,0,0,0,0,0,0,0,0,0,137,0,1,-28,210,New Orleans
2012,11,6,27,3,2,0,6,33,10,2,49,51,12,0,0,0,3,18,1,0,22,22,13,2,2,0,2,14,8,2,24,26,0,0,0,0,1,0,0,0,1,1,2,1,0,0,0,1,1,0,2,2,177,1,8,2,240,New Orleans
2013,11,6,30,3,3,1,4,34,9,4,47,51,7,2,1,1,3,23,4,2,30,32,16,0,2,0,1,9,5,2,15,17,0,0,0,0,0,0,0,0,0,0,7,1,0,0,0,2,0,0,2,2,156,0,17,3,241,New Orleans
2014,11,6,25,2,3,2,10,26,16,5,52,57,10,1,1,1,7,14,5,2,26,28,13,1,2,1,3,10,11,3,24,27,0,0,0,0,0,0,0,0,0,0,2,0,0,0,0,2,0,0,2,2,149,1,10,4,242,New Orleans
2015,11,6,42,0,4,4,6,29,9,8,44,52,21,0,2,0,5,18,4,2,27,29,18,0,2,4,1,10,5,6,16,22,0,0,0,0,0,0,0,0,0,0,3,0,0,0,0,1,0,0,1,1,164,0,7,5,243,New Orleans
2016,11,6,34,0,6,7,7,30,16,13,53,66,11,0,2,3,2,15,5,5,22,27,20,0,4,4,5,14,10,8,29,37,0,0,0,0,0,0,0,0,0,0,3,0,0,0,0,1,1,0,2,2,150,0,7,0,238,New Orleans
2017,11,6,51,1,3,3,5,35,18,6,58,64,23,0,2,3,2,21,6,5,29,34,23,1,1,0,3,9,10,1,22,23,1,0,0,0,0,1,2,0,3,3,4,0,0,0,0,4,0,0,4,4,193,4,16,1,239,New Orleans
2018,11,6,42,3,3,2,1,37,19,5,57,62,22,2,2,1,1,22,10,3,33,36,16,1,1,1,0,8,8,2,16,18,0,0,0,0,0,0,0,0,0,0,4,0,0,0,0,7,1,0,8,8,180,0,19,2,240,New Orleans
2019,11,6,37,2,2,2,2,37,12,4,51,55,20,0,0,2,1,19,7,2,27,29,15,1,2,0,1,15,5,2,21,23,0,0,0,0,0,0,0,0,0,0,2,1,0,0,0,3,0,0,3,3,170,2,13,3,241,New Orleans
2020,11,6,45,5,0,9,4,28,34,9,66,75,22,4,0,1,4,11,13,1,28,29,21,1,0,8,0,12,17,8,29,37,1,0,0,0,0,1,0,0,1,1,1,0,0,0,0,4,4,0,8,8,179,3,10,5,243,New Orleans
2021,11,6,42,1,1,5,4,27,22,6,53,59,19,0,1,3,0,10,4,4,14,18,21,0,0,1,3,15,17,1,35,36,0,0,0,0,1,2,0,0,3,3,2,1,0,1,0,0,1,1,1,2,146,3,12,-1,237,New Orleans
2022,11,6,41,6,6,3,6,22,49,9,77,86,15,2,5,1,3,7,16,6,26,32,25,4,1,2,2,14,30,3,46,49,0,0,0,0,0,0,1,0,1,1,1,0,0,0,1,1,2,0,4,4,171,1,8,0,238,New Orleans
2023,11,6,47,5,3,2,5,32,24,5,61,66,27,3,0,1,0,20,9,1,29,30,19,1,3,1,4,9,13,4,26,30,0,0,0,0,1,1,0,0,2,2,1,1,0,0,0,2,2,0,4,4,189,2,10,1,239,New Orleans
2024,11,6,35,0,5,6,10,23,7,11,40,51,17,0,1,2,1,12,1,3,14,17,16,0,4,4,9,9,6,8,24,32,0,0,0,0,0,0,0,0,0,0,2,0,0,0,0,2,0,0,2,2,138,0,8,3,241,New Orleans
2012,12,6,33,2,3,5,12,32,10,8,54,62,14,0,0,4,8,22,3,4,33,37,14,2,2,1,4,6,7,3,17,20,1,0,0,0,0,0,0,0,0,0,4,0,1,0,0,4,0,1,4,5,219,1,19,32,270,New Orleans
2013,12,6,25,1,1,2,11,31,12,3,54,57,8,1,0,0,4,21,3,0,28,28,14,0,1,2,6,9,7,3,22,25,0,0,0,0,0,0,1,0,1,1,3,0,0,0,1,1,1,0,3,3,160,1,10,33,271,New Orleans
2014,12,6,27,0,5,1,9,34,11,6,54,60,4,0,2,0,4,23,3,2,30,32,18,0,2,1,5,11,7,3,23,26,0,0,0,0,0,0,0,0,0,0,5,0,1,0,0,0,1,1,1,2,132,0,9,34,272,New Orleans
2015,12,6,43,0,4,4,7,35,13,8,55,63,20,0,1,1,1,19,4,2,24,26,22,0,3,2,5,13,9,5,27,32,1,0,0,1,0,0,0,1,0,1,0,0,0,0,1,3,0,0,4,4,157,4,7,35,273,New Orleans
2016,12,6,44,0,8,2,3,28,17,10,48,58,23,0,2,1,1,15,3,3,19,22,18,0,4,1,2,11,13,5,26,31,0,0,0,0,0,0,0,0,0,0,3,0,2,0,0,2,1,2,3,5,159,0,14,30,268,New Orleans
2017,12,6,36,0,4,4,4,21,2,8,27,35,13,0,2,2,4,13,1,4,18,22,23,0,2,2,0,7,1,4,8,12,0,0,0,0,0,0,0,0,0,0,0,0,0,0,0,1,0,0,1,1,135,2,8,31,269,New Orleans
2018,12,6,41,0,2,3,6,34,28,5,68,73,23,0,0,1,1,27,7,1,35,36,17,0,2,2,5,5,19,4,29,33,0,0,0,0,0,0,0,0,0,0,1,0,0,0,0,2,2,0,4,4,182,1,7,32,270,New Orleans
2019,12,6,40,3,2,2,8,38,24,4,70,74,18,2,2,2,3,17,7,4,27,31,21,1,0,0,5,16,16,0,37,37,0,0,0,0,0,1,0,0,1,1,1,0,0,0,0,4,1,0,5,5,184,1,11,33,271,New Orleans
2020,12,6,41,2,4,4,0,21,22,8,43,51,15,0,2,1,0,9,7,3,16,19,20,2,2,2,0,11,12,4,23,27,0,0,0,0,0,0,0,0,0,0,6,0,0,1,0,1,3,1,4,5,140,0,11,35,273,New Orleans
2021,12,6,34,3,6,3,5,19,32,9,56,65,13,1,2,3,2,11,12,5,25,30,18,1,4,0,3,4,20,4,27,31,0,0,0,0,0,0,0,0,0,0,3,1,0,0,0,4,0,0,4,4,147,0,11,29,267,New Orleans
2022,12,6,26,4,3,4,7,25,29,7,61,68,14,0,1,2,0,15,6,3,21,24,11,4,1,1,7,7,23,2,37,39,0,0,0,0,0,0,0,0,0,0,1,0,1,1,0,3,0,2,3,5,156,0,8,30,268,New Orleans
2023,12,6,24,3,1,2,5,23,14,3,42,45,10,2,0,1,2,15,4,1,21,22,12,1,1,1,3,7,9,2,19,21,0,0,0,0,0,1,0,0,1,1,2,0,0,0,0,0,1,0,1,1,132,1,5,31,269,New Orleans
2024,12,6,32,3,1,1,3,33,12,2,48,50,12,3,1,0,1,19,5,1,25,26,19,0,0,1,2,14,6,1,22,23,0,0,0,0,0,0,0,0,0,0,1,0,0,0,0,0,1,0,1,1,131,1,3,33,271,New Orleans
2012,1,7,25,2,3,3,5,38,23,6,66,72,12,1,0,3,1,17,7,3,25,28,12,1,3,0,4,18,15,3,37,40,0,0,0,0,0,0,0,0,0,0,1,0,0,0,0,3,1,0,4,4,167,0,6,-302,-64,New Orleans
2013,1,7,22,2,2,3,11,29,13,5,53,58,9,1,0,1,8,22,5,1,35,36,11,1,2,2,2,7,8,4,17,21,0,0,0,0,0,0,0,0,0,0,2,0,0,0,1,0,0,0,1,1,186,1,12,-300,-62,New Orleans
2014,1,7,14,1,3,1,6,36,9,4,51,55,4,0,0,1,4,23,6,1,33,34,6,1,3,0,2,9,3,3,14,17,0,0,0,0,0,0,0,0,0,0,4,0,0,0,0,4,0,0,4,4,140,0,13,-299,-61,New Orleans
2015,1,7,30,1,1,3,5,23,8,4,36,40,13,1,1,1,5,16,4,2,25,27,16,0,0,2,0,6,4,2,10,12,0,0,0,0,0,0,0,0,0,0,1,0,0,0,0,1,0,0,1,1,131,0,6,-298,-60,New Orleans
2016,1,7,32,2,4,3,5,22,10,7,37,44,18,0,3,2,2,14,4,5,20,25,11,2,1,0,3,8,5,1,16,17,1,0,0,0,0,0,0,0,0,0,2,0,0,1,0,0,1,1,1,2,149,1,12,-304,-66,New Orleans
2017,1,7,37,0,4,3,9,30,16,7,55,62,12,0,0,0,6,17,7,0,30,30,20,0,4,2,2,12,9,6,23,29,0,0,0,0,0,0,0,0,0,0,5,0,0,1,1,1,0,1,2,3,143,0,11,-302,-64,New Orleans
2018,1,7,50,1,4,1,8,27,11,5,46,51,21,1,3,1,4,12,3,4,19,23,25,0,1,0,2,14,8,1,24,25,0,0,0,0,0,0,0,0,0,0,4,0,0,0,2,1,0,0,3,3,158,2,10,-301,-63,New Orleans
2019,1,7,43,1,0,5,7,41,35,5,83,88,24,1,0,2,5,23,17,2,45,47,15,0,0,3,1,14,18,3,33,36,1,0,0,0,1,1,0,0,2,2,3,0,0,0,0,3,0,0,3,3,244,3,14,-300,-62,New Orleans
2020,1,7,28,2,2,6,6,19,12,8,37,45,9,1,0,2,3,12,7,2,22,24,17,0,2,4,3,7,4,6,14,20,1,1,0,0,0,0,0,0,0,0,1,0,0,0,0,0,1,0,1,1,107,2,5,-299,-61,New Orleans
2021,1,7,42,0,0,1,3,17,26,1,46,47,20,0,0,0,2,10,17,0,29,29,20,0,0,1,1,6,7,1,14,15,0,0,0,0,0,0,0,0,0,0,2,0,0,0,0,1,2,0,3,3,138,0,9,-304,-66,New Orleans
2022,1,7,33,3,1,3,5,30,33,4,68,72,15,2,0,3,1,14,19,3,34,37,16,1,1,0,4,15,14,1,33,34,0,0,0,0,0,0,0,0,0,0,2,0,0,0,0,1,0,0,1,1,156,0,5,-303,-65,New Orleans
2023,1,7,25,4,2,4,3,20,40,6,63,69,12,1,0,2,1,8,15,2,24,26,11,3,2,2,2,12,22,4,36,40,0,0,0,0,0,0,0,0,0,0,2,0,0,0,0,0,3,0,3,3,142,0,6,-302,-64,New Orleans
2024,1,7,42,2,4,2,6,28,39,6,73,79,16,0,2,1,2,10,9,3,21,24,22,2,2,1,3,17,28,3,48,51,0,0,0,0,0,0,0,0,0,0,4,0,0,0,1,1,2,0,4,4,164,1,10,-301,-63,New Orleans
2012,2,7,18,1,4,0,7,24,8,4,39,43,8,1,2,0,4,14,3,2,21,23,9,0,1,0,3,9,5,1,17,18,0,0,0,0,0,0,0,0,0,0,1,0,1,0,0,1,0,1,1,2,160,2,15,-271,-33,New Orleans
2013,2,7,18,4,0,2,9,33,14,2,56,58,12,0,0,1,2,16,2,1,20,21,5,4,0,1,7,15,12,1,34,35,0,0,0,0,0,0,0,0,0,0,1,0,0,0,0,2,0,0,2,2,185,0,7,-269,-31,New Orleans
2014,2,7,44,1,7,1,3,36,12,8,51,59,14,1,2,0,3,27,9,2,39,41,30,0,4,1,0,7,3,5,10,15,0,0,0,0,0,0,0,0,0,0,0,0,1,0,0,2,0,1,2,3,212,0,13,-268,-30,New Orleans
2015,2,7,29,4,1,3,2,46,13,4,61,65,13,0,1,2,1,29,5,3,35,38,14,3,0,1,1,17,8,1,26,27,0,0,0,0,0,0,0,0,0,0,2,1,0,0,0,0,0,0,0,0,176,0,8,-267,-29,New Orleans
2016,2,7,44,2,1,3,3,73,15,4,91,95,14,0,0,0,1,21,3,0,25,25,25,2,1,3,2,42,12,4,56,60,0,0,0,0,0,2,0,0,2,2,5,0,0,0,0,8,0,0,8,8,229,3,19,-273,-35,New Orleans
2017,2,7,35,0,0,3,9,42,16,3,67,70,13,0,0,1,6,30,11,1,47,48,17,0,0,2,2,7,5,2,14,16,0,0,0,0,0,0,0,0,0,0,5,0,0,0,1,5,0,0,6,6,167,1,15,-271,-33,New Orleans
2018,2,7,51,1,1,4,2,33,12,5,47,52,30,0,1,2,2,21,4,3,27,30,17,1,0,2,0,12,8,2,20,22,0,0,0,0,0,0,0,0,0,0,4,0,0,0,0,0,0,0,0,0,171,0,10,-270,-32,New Orleans
2019,2,7,62,1,0,2,7,44,10,2,61,63,25,0,0,1,3,22,2,1,27,28,31,1,0,1,4,18,7,1,29,30,0,0,0,0,0,0,1,0,1,1,6,0,0,0,0,4,0,0,4,4,199,3,16,-269,-31,New Orleans
2020,2,7,38,1,2,4,6,38,20,6,64,70,27,0,0,0,1,27,9,0,37,37,9,0,2,3,4,10,11,5,25,30,0,0,0,0,0,1,0,0,1,1,2,1,0,1,1,0,0,1,1,2,157,3,7,-268,-30,New Orleans
2021,2,7,51,3,4,6,2,14,27,10,43,53,21,1,1,3,0,5,9,4,14,18,25,2,3,3,2,7,16,6,25,31,0,0,0,0,0,0,1,0,1,1,5,0,0,0,0,2,1,0,3,3,145,1,13,-273,-35,New Orleans
2022,2,7,37,2,1,3,6,32,52,4,90,94,16,0,0,0,3,18,18,0,39,39,20,2,1,3,3,11,32,4,46,50,0,0,0,0,0,0,0,0,0,0,1,0,0,0,0,3,2,0,5,5,181,0,9,-272,-34,New Orleans
2023,2,7,27,3,3,5,6,27,34,8,67,75,15,1,1,1,2,15,2,2,19,21,11,2,2,4,4,9,32,6,45,51,0,0,0,0,0,0,0,0,0,0,1,0,0,0,0,3,0,0,3,3,162,1,10,-271,-33,New Orleans
2024,2,7,35,1,1,4,4,39,8,5,51,56,13,0,0,1,3,17,2,1,22,23,19,1,1,3,1,19,3,4,23,27,0,0,0,0,0,0,1,0,1,1,3,0,0,0,0,3,2,0,5,5,160,1,10,-270,-32,New Orleans
2012,3,7,21,0,1,3,4,26,10,4,40,44,11,0,0,1,2,22,6,1,30,31,9,0,1,2,2,3,4,3,9,12,0,0,0,0,0,1,0,0,1,1,1,0,0,0,0,0,0,0,0,0,203,2,7,-242,-4,New Orleans
2013,3,7,28,0,2,1,8,30,11,3,49,52,15,0,0,1,8,22,7,1,37,38,13,0,2,0,0,6,4,2,10,12,0,0,0,0,0,0,0,0,0,0,0,0,0,0,0,2,0,0,2,2,164,0,5,-241,-3,New Orleans
2014,3,7,27,0,3,3,5,37,16,6,58,64,14,0,0,0,5,24,3,0,32,32,11,0,3,3,0,11,13,6,24,30,0,0,0,0,0,0,0,0,0,0,2,0,0,0,0,2,0,0,2,2,164,0,7,-240,-2,New Orleans
2015,3,7,34,1,1,1,8,27,17,2,52,54,15,0,0,1,4,12,4,1,20,21,16,1,1,0,4,15,12,1,31,32,1,0,0,0,0,0,0,0,0,0,2,0,0,0,0,0,1,0,1,1,130,1,6,-239,-1,New Orleans
2016,3,7,37,2,1,6,8,30,7,7,45,52,16,0,1,2,7,23,3,3,33,36,20,1,0,4,1,5,4,4,10,14,0,0,0,0,0,0,0,0,0,0,1,1,0,0,0,2,0,0,2,2,177,0,13,-244,-6,New Orleans
2017,3,7,43,0,1,0,5,37,13,1,55,56,20,0,0,0,3,25,4,0,32,32,17,0,1,0,2,9,8,1,19,20,1,0,0,0,0,0,0,0,0,0,5,0,0,0,0,3,1,0,4,4,169,1,10,-243,-5,New Orleans
2018,3,7,51,2,2,1,11,29,8,3,48,51,34,1,1,0,7,18,3,1,28,29,15,0,1,1,4,10,5,2,19,21,0,0,0,0,0,0,0,0,0,0,2,1,0,0,0,1,0,0,1,1,178,0,6,-242,-4,New Orleans
2019,3,7,48,1,0,3,1,20,30,3,51,54,26,1,0,3,0,14,17,3,31,34,18,0,0,0,1,5,13,0,19,19,0,0,0,0,0,0,0,0,0,0,4,0,0,0,0,1,0,0,1,1,148,0,9,-241,-3,New Orleans
2020,3,7,33,2,0,8,4,40,21,8,65,73,19,1,0,5,0,13,6,5,19,24,10,0,0,3,4,25,13,3,42,45,0,0,0,0,0,0,0,0,0,0,4,1,0,0,0,2,2,0,4,4,173,0,13,-239,-1,New Orleans
2021,3,7,41,1,3,7,7,17,27,10,51,61,20,1,1,2,1,11,11,3,23,26,16,0,0,4,6,5,14,4,25,29,0,0,0,0,0,0,0,0,0,0,5,0,2,1,0,1,2,3,3,6,144,0,15,-245,-7,New Orleans
2022,3,7,38,3,5,9,3,21,27,14,51,65,19,1,3,4,3,15,17,7,35,42,14,1,2,5,0,5,10,7,15,22,1,0,0,0,0,0,0,0,0,0,4,1,0,0,0,1,0,0,1,1,169,1,8,-244,-6,New Orleans
2023,3,7,32,1,4,4,4,18,19,8,41,49,23,1,2,0,2,13,6,2,21,23,8,0,2,4,2,4,11,6,17,23,0,0,0,0,0,0,1,0,1,1,1,0,0,0,0,1,1,0,2,2,137,2,4,-243,-5,New Orleans
2024,3,7,43,3,0,2,2,30,15,2,47,49,23,2,0,0,1,19,3,0,23,23,19,1,0,1,1,9,12,1,22,23,0,0,0,0,0,0,0,0,0,0,1,0,0,1,0,2,0,1,2,3,158,0,6,-241,-3,New Orleans
2012,4,7,32,2,4,5,3,32,12,9,47,56,13,0,2,2,1,20,4,4,25,29,18,2,2,3,1,12,6,5,19,24,1,0,0,0,1,0,1,0,2,2,0,0,0,0,0,0,1,0,1,1,186,3,9,-211,27,New Orleans
2013,4,7,32,0,0,5,16,36,11,5,63,68,13,0,0,2,7,16,4,2,27,29,18,0,0,2,8,19,7,2,34,36,0,0,0,0,0,0,0,0,0,0,1,0,0,1,1,1,0,1,2,3,160,0,5,-210,28,New Orleans
2014,4,7,28,0,3,6,8,34,10,9,52,61,13,0,1,2,5,20,5,3,30,33,14,0,2,4,3,14,3,6,20,26,0,0,0,0,0,0,1,0,1,1,1,0,0,0,0,0,1,0,1,1,183,1,6,-209,29,New Orleans
2015,4,7,28,2,2,4,7,33,20,6,60,66,18,1,1,1,3,24,5,2,32,34,8,1,1,3,4,8,14,4,26,30,0,0,0,0,0,1,0,0,1,1,2,0,0,0,0,0,1,0,1,1,163,1,5,-208,30,New Orleans
2016,4,7,47,0,3,3,4,37,10,6,51,57,29,0,0,2,1,24,3,2,28,30,13,0,3,1,3,10,6,4,19,23,1,0,0,0,0,1,0,0,1,1,4,0,0,0,0,2,1,0,3,3,162,2,11,-213,25,New Orleans
2017,4,7,34,1,3,3,10,34,12,6,56,62,18,0,2,3,7,25,6,5,38,43,15,0,1,0,3,8,6,1,17,18,0,0,0,0,0,0,0,0,0,0,1,1,0,0,0,1,0,0,1,1,168,0,10,-212,26,New Orleans
2018,4,7,48,1,5,4,6,38,19,9,63,72,22,0,1,1,2,18,8,2,28,30,22,1,4,2,4,17,10,6,31,37,0,0,0,0,0,2,0,0,2,2,4,0,0,1,0,1,1,1,2,3,183,2,11,-211,27,New Orleans
2019,4,7,61,0,5,4,4,42,39,9,85,94,35,0,2,2,0,28,7,4,35,39,19,0,3,2,4,10,32,5,46,51,1,0,0,0,0,0,0,0,0,0,6,0,0,0,0,4,0,0,4,4,222,1,13,-210,28,New Orleans
2020,4,7,23,5,1,4,7,25,25,5,57,62,14,2,1,3,0,18,6,4,24,28,8,2,0,0,7,6,19,0,32,32,0,0,0,1,0,0,0,1,0,1,1,1,0,0,0,1,0,0,1,1,126,1,7,-208,30,New Orleans
2021,4,7,42,1,4,5,3,20,31,9,54,63,20,1,3,3,0,12,15,6,27,33,18,0,0,1,3,6,13,1,22,23,0,0,1,0,0,0,0,1,0,1,4,0,0,1,0,2,3,1,5,6,181,1,13,-214,24,New Orleans
2022,4,7,40,2,1,3,6,16,13,4,35,39,22,0,1,2,3,12,4,3,19,22,11,1,0,0,3,3,8,0,14,14,2,0,0,0,0,0,0,0,0,0,5,1,0,1,0,1,1,1,2,3,127,3,12,-213,25,New Orleans
2023,4,7,37,2,3,3,0,20,30,6,50,56,26,1,1,2,0,13,8,3,21,24,10,1,2,1,0,6,19,3,25,28,0,0,0,0,0,0,0,0,0,0,1,0,0,0,0,1,3,0,4,4,142,2,9,-212,26,New Orleans
2024,4,7,54,2,1,5,2,34,11,6,47,53,26,1,1,2,1,15,7,3,23,26,22,1,0,2,1,19,3,2,23,25,2,0,0,0,0,0,0,0,0,0,4,0,0,1,0,0,1,1,1,2,184,4,10,-210,28,New Orleans
2012,5,7,30,2,1,2,4,37,7,3,48,51,15,1,1,2,4,29,4,3,37,40,11,0,0,0,0,7,3,0,10,10,1,0,0,0,0,0,0,0,0,0,3,1,0,0,0,1,0,0,1,1,208,2,11,-181,57,New Orleans
2013,5,7,19,0,4,0,10,40,10,4,60,64,11,0,0,0,5,26,6,0,37,37,8,0,3,0,4,12,4,3,20,23,0,0,0,0,0,0,0,0,0,0,0,0,1,0,1,2,0,1,3,4,160,0,14,-180,58,New Orleans
2014,5,7,36,1,3,2,9,42,16,5,67,72,17,1,1,0,4,30,8,1,42,43,19,0,2,2,3,10,8,4,21,25,0,0,0,0,0,0,0,0,0,0,0,0,0,0,2,2,0,0,4,4,206,0,9,-179,59,New Orleans
2015,5,7,33,2,3,2,4,30,12,5,46,51,19,0,1,1,4,21,3,2,28,30,13,2,2,0,0,3,9,2,12,14,0,0,0,0,0,1,0,0,1,1,1,0,0,1,0,5,0,1,5,6,152,1,10,-178,60,New Orleans
2016,5,7,41,0,7,4,6,28,11,11,45,56,20,0,4,2,4,17,6,6,27,33,20,0,3,1,2,8,5,4,15,19,0,0,0,0,0,1,0,0,1,1,1,0,0,1,0,2,0,1,2,3,145,2,6,-183,55,New Orleans
2017,5,7,45,0,1,1,7,32,24,2,63,65,20,0,1,0,5,18,7,1,30,31,19,0,0,1,2,11,15,1,28,29,0,0,0,0,0,0,2,0,2,2,6,0,0,0,0,3,0,0,3,3,162,3,11,-182,56,New Orleans
2018,5,7,49,4,1,6,7,31,21,7,59,66,24,0,0,2,4,21,7,2,32,34,23,4,1,2,2,9,13,3,24,27,0,0,0,1,1,0,1,1,2,3,2,0,0,1,0,1,0,1,1,2,207,4,12,-181,57,New Orleans
2019,5,7,50,1,1,5,3,27,33,6,63,69,27,0,0,3,2,20,11,3,33,36,18,1,1,2,1,5,21,3,27,30,0,0,0,0,0,0,1,0,1,1,5,0,0,0,0,2,0,0,2,2,218,1,18,-180,58,New Orleans
2020,5,7,66,1,0,3,5,25,20,3,50,53,38,0,0,1,1,15,12,1,28,29,19,0,0,0,4,6,4,0,14,14,0,0,0,0,0,1,0,0,1,1,9,1,0,2,0,3,4,2,7,9,172,1,23,-178,60,New Orleans
2021,5,7,41,1,7,8,2,19,30,15,51,66,23,0,4,6,0,12,11,10,23,33,14,1,3,2,2,6,18,5,26,31,1,0,0,0,0,0,0,0,0,0,3,0,0,0,0,1,1,0,2,2,180,1,10,-184,54,New Orleans
2022,5,7,35,5,1,2,2,23,30,3,55,58,22,3,1,1,2,10,10,2,22,24,11,2,0,1,0,13,18,1,31,32,1,0,0,0,0,0,1,0,1,1,1,0,0,0,0,0,1,0,1,1,150,2,7,-183,55,New Orleans
2023,5,7,35,4,1,4,5,32,73,5,110,115,18,3,0,3,1,16,23,3,40,43,15,0,1,1,3,14,46,2,63,65,1,1,0,0,0,1,1,0,2,2,1,0,0,0,1,1,3,0,5,5,191,5,9,-182,56,New Orleans
2024,5,7,43,3,2,4,1,19,8,6,28,34,27,3,1,2,1,10,2,3,13,16,11,0,1,1,0,6,5,2,11,13,2,0,0,0,0,1,0,0,1,1,3,0,0,1,0,2,1,1,3,4,138,5,9,-180,58,New Orleans
2012,6,7,16,3,0,2,15,24,14,2,53,55,9,2,0,0,12,14,6,0,32,32,5,1,0,2,2,8,7,2,17,19,0,0,0,0,0,0,0,0,0,0,2,0,0,0,1,2,1,0,4,4,185,0,13,-150,88,New Orleans
2013,6,7,33,0,1,6,10,46,11,7,67,74,13,0,0,1,6,32,4,1,42,43,18,0,0,4,3,12,5,4,20,24,0,0,1,1,0,1,0,2,1,3,2,0,0,0,1,1,2,0,4,4,186,3,11,-149,89,New Orleans
2014,6,7,47,1,3,4,7,29,15,7,51,58,24,0,0,3,4,20,6,3,30,33,21,0,3,1,3,8,6,4,17,21,0,0,0,0,0,0,0,0,0,0,2,1,0,0,0,1,3,0,4,4,178,0,10,-148,90,New Orleans
2015,6,7,35,3,4,4,4,23,14,8,41,49,25,2,1,2,1,11,10,3,22,25,8,0,3,1,3,10,2,4,15,19,0,0,0,0,0,0,0,0,0,0,2,1,0,1,0,2,2,1,4,5,132,0,12,-147,91,New Orleans
2016,6,7,37,1,6,5,4,27,9,11,40,51,26,1,2,1,3,19,5,3,27,30,8,0,3,4,0,6,4,7,10,17,0,0,0,0,0,0,0,0,0,0,3,0,1,0,1,2,0,1,3,4,150,0,17,-152,86,New Orleans
2017,6,7,38,2,0,9,9,34,18,9,61,70,26,2,0,5,3,26,6,5,35,40,10,0,0,1,5,7,11,1,23,24,0,0,0,0,0,0,0,0,0,0,2,0,0,3,1,1,1,3,3,6,189,0,11,-151,87,New Orleans
2018,6,7,41,1,1,4,8,37,29,5,74,79,27,1,0,3,6,30,8,3,44,47,7,0,1,1,1,5,17,2,23,25,1,0,0,0,0,0,0,0,0,0,6,0,0,0,1,2,4,0,7,7,186,1,19,-150,88,New Orleans
2019,6,7,49,2,0,3,3,30,8,3,41,44,21,1,0,1,1,23,4,1,28,29,19,1,0,2,2,7,3,2,12,14,0,0,0,0,0,0,0,0,0,0,9,0,0,0,0,0,1,0,1,1,162,0,11,-149,89,New Orleans
2020,6,7,26,0,0,2,5,21,8,2,34,36,20,0,0,1,1,14,5,1,20,21,6,0,0,1,3,6,3,1,12,13,0,0,0,0,0,0,0,0,0,0,0,0,0,0,1,1,0,0,2,2,103,0,6,-147,91,New Orleans
2021,6,7,58,4,1,9,6,23,68,10,97,107,38,0,1,7,3,19,27,8,49,57,17,3,0,2,3,3,39,2,45,47,0,0,0,0,0,0,1,0,1,1,3,1,0,0,0,1,1,0,2,2,228,1,8,-153,85,New Orleans
2022,6,7,39,7,2,4,2,31,32,6,65,71,25,2,1,3,1,22,15,4,38,42,12,4,1,1,1,8,13,2,22,24,0,0,0,0,0,0,1,0,1,1,2,1,0,0,0,1,3,0,4,4,174,2,10,-152,86,New Orleans
2023,6,7,43,6,4,1,2,31,46,5,79,84,24,6,2,0,1,24,18,2,43,45,14,0,2,1,1,7,25,3,33,36,0,0,0,0,0,0,1,0,1,1,5,0,0,0,0,0,2,0,2,2,185,1,12,-151,87,New Orleans
2024,6,7,35,3,1,5,6,24,17,6,47,53,22,3,0,4,4,12,3,4,19,23,8,0,1,0,2,8,12,1,22,23,0,0,0,0,0,0,0,0,0,0,5,0,0,1,0,4,2,1,6,7,143,0,15,-149,89,New Orleans
2012,7,7,34,1,4,3,9,33,28,7,70,77,15,0,2,1,5,20,15,3,40,43,15,1,2,1,3,13,12,3,28,31,0,0,0,0,0,0,0,0,0,0,4,0,0,1,1,0,1,1,2,3,223,1,23,-120,118,New Orleans
2013,7,7,36,2,6,0,7,36,16,6,59,65,19,1,1,0,3,23,6,1,32,33,17,0,5,0,4,11,9,5,24,29,0,0,0,0,0,0,0,0,0,0,0,1,0,0,0,2,1,0,3,3,166,0,11,-119,119,New Orleans
2014,7,7,30,2,2,2,13,33,17,4,63,67,16,0,0,1,7,27,7,1,41,42,11,1,2,1,6,6,10,3,22,25,0,0,0,0,0,0,0,0,0,0,3,1,0,0,0,0,0,0,0,0,183,0,12,-118,120,New Orleans
2015,7,7,46,0,4,1,9,24,18,5,51,56,32,0,0,1,7,17,8,1,32,33,10,0,4,0,2,5,9,4,16,20,0,0,0,0,0,0,1,0,1,1,4,0,0,0,0,2,0,0,2,2,174,2,13,-117,121,New Orleans
2016,7,7,36,1,5,2,5,30,14,7,49,56,18,0,2,0,2,22,6,2,30,32,10,1,2,0,2,6,6,2,14,16,1,0,0,0,0,0,2,0,2,2,7,0,1,2,1,2,0,3,3,6,151,3,19,-122,116,New Orleans
2017,7,7,37,2,10,7,10,35,25,17,70,87,21,0,4,3,5,25,8,7,38,45,13,1,3,3,4,8,14,6,26,32,2,0,0,0,0,0,0,0,0,0,1,1,3,1,1,2,3,4,6,10,197,2,21,-121,117,New Orleans
2018,7,7,61,3,5,5,9,52,16,10,77,87,25,1,1,3,6,27,2,4,35,39,30,2,4,2,3,19,14,6,36,42,1,0,0,0,0,3,0,0,3,3,5,0,0,0,0,3,0,0,3,3,237,6,14,-120,118,New Orleans
2019,7,7,65,1,2,3,6,31,34,5,71,76,31,1,2,3,3,24,11,5,38,43,25,0,0,0,3,6,21,0,30,30,1,0,0,0,0,0,0,0,0,0,8,0,0,0,0,1,2,0,3,3,210,1,13,-119,119,New Orleans
2020,7,7,54,2,4,5,4,9,30,9,43,52,33,1,3,4,2,9,7,7,18,25,18,1,1,1,2,0,22,2,24,26,1,0,0,0,0,0,0,0,0,0,2,0,0,0,0,0,1,0,1,1,154,2,6,-117,121,New Orleans
2021,7,7,52,2,5,7,6,31,22,12,59,71,31,1,2,5,4,26,6,7,36,43,19,0,3,2,2,4,16,5,22,27,0,0,0,0,0,0,0,0,0,0,2,1,0,0,0,1,0,0,1,1,186,0,7,-123,115,New Orleans
2022,7,7,29,4,7,2,8,23,12,9,43,52,18,2,5,1,5,12,2,6,19,25,7,0,2,1,2,8,10,3,20,23,0,0,0,0,0,1,0,0,1,1,4,2,0,0,1,2,0,0,3,3,136,1,14,-122,116,New Orleans
2023,7,7,40,2,1,4,5,38,26,5,69,74,26,1,0,1,1,20,10,1,31,32,13,1,1,3,4,18,14,4,36,40,0,0,0,0,0,0,0,0,0,0,1,0,0,0,0,0,2,0,2,2,172,0,9,-121,117,New Orleans
2024,7,7,40,1,2,6,8,31,28,8,67,75,25,0,0,3,4,18,3,3,25,28,10,1,2,3,2,12,25,5,39,44,1,0,0,0,0,0,0,0,0,0,4,0,0,0,2,1,0,0,3,3,171,2,12,-119,119,New Orleans
2012,8,7,38,1,1,1,9,20,11,2,40,42,21,1,1,1,3,13,4,2,20,22,12,0,0,0,6,5,7,0,18,18,0,0,0,0,0,0,0,0,0,0,5,0,0,0,0,2,0,0,2,2,241,0,17,-89,149,New Orleans
2013,8,7,31,0,1,7,11,33,10,8,54,62,13,0,0,3,8,30,2,3,40,43,14,0,1,3,3,2,8,4,13,17,0,0,0,0,0,0,0,0,0,0,4,0,0,1,0,1,0,1,1,2,192,1,8,-88,150,New Orleans
2014,8,7,33,0,3,1,13,25,20,4,58,62,19,0,2,1,8,23,7,3,38,41,9,0,1,0,5,2,11,1,18,19,0,0,0,0,0,0,0,0,0,0,5,0,0,0,0,0,2,0,2,2,185,0,12,-87,151,New Orleans
2015,8,7,27,0,6,2,13,31,11,8,55,63,15,0,1,1,8,20,5,2,33,35,10,0,4,1,3,8,5,5,16,21,0,0,0,0,0,1,0,0,1,1,2,0,1,0,2,2,1,1,5,6,166,2,18,-86,152,New Orleans
2016,8,7,28,3,6,5,9,22,26,11,57,68,17,2,0,1,6,11,8,1,25,26,11,1,5,4,3,10,18,9,31,40,0,0,0,0,0,0,0,0,0,0,0,0,1,0,0,1,0,1,1,2,155,0,8,-91,147,New Orleans
2017,8,7,45,1,4,6,2,40,10,10,52,62,27,1,0,4,1,27,6,4,34,38,15,0,4,1,1,10,4,5,15,20,1,0,0,0,0,0,0,0,0,0,2,0,0,1,0,3,0,1,3,4,178,3,17,-90,148,New Orleans
2018,8,7,53,4,0,3,5,45,18,3,68,71,37,0,0,2,2,32,10,2,44,46,14,1,0,1,3,11,6,1,20,21,0,0,0,0,0,0,0,0,0,0,2,3,0,0,0,2,2,0,4,4,194,0,12,-89,149,New Orleans
2019,8,7,34,0,1,2,4,23,23,3,50,53,19,0,0,1,2,19,6,1,27,28,11,0,1,1,2,3,16,2,21,23,0,0,0,0,0,0,0,0,0,0,4,0,0,0,0,1,1,0,2,2,163,1,9,-88,150,New Orleans
2020,8,7,52,5,3,8,1,28,12,11,41,52,31,3,2,4,0,24,7,6,31,37,14,1,1,4,1,4,5,5,10,15,0,0,0,0,0,0,0,0,0,0,7,1,0,0,0,0,0,0,0,0,165,0,10,-86,152,New Orleans
2021,8,7,55,3,1,5,4,23,26,6,53,59,38,2,0,2,3,19,9,2,31,33,14,1,1,3,1,2,16,4,19,23,0,0,0,0,0,0,0,0,0,0,3,0,0,0,0,2,1,0,3,3,173,0,11,-92,146,New Orleans
2022,8,7,24,8,1,4,5,30,8,5,43,48,17,4,0,3,3,15,5,3,23,26,5,4,0,1,1,14,3,1,18,19,1,0,0,0,1,1,0,0,2,2,1,0,1,0,0,0,0,1,0,1,125,3,3,-91,147,New Orleans
2023,8,7,26,6,1,0,6,31,22,1,59,60,13,3,0,0,1,22,10,0,33,33,10,3,1,0,5,8,10,1,23,24,0,0,0,0,0,1,1,0,2,2,3,0,0,0,0,0,1,0,1,1,140,2,7,-90,148,New Orleans
2024,8,7,48,1,1,7,2,26,10,8,38,46,39,0,0,5,2,14,3,5,19,24,9,0,1,1,0,9,7,2,16,18,0,0,0,0,0,1,0,0,1,1,0,1,0,1,0,2,0,1,2,3,156,1,5,-88,150,New Orleans
2012,9,7,26,1,2,3,9,37,10,5,56,61,15,0,0,0,7,25,5,0,37,37,9,1,2,3,2,10,5,5,17,22,0,0,0,0,0,0,0,0,0,0,2,0,0,0,0,2,0,0,2,2,201,0,9,-58,180,New Orleans
2013,9,7,35,1,4,3,5,26,11,7,42,49,19,0,3,1,3,12,4,4,19,23,16,1,1,2,2,11,6,3,19,22,0,0,0,0,0,0,0,0,0,0,0,0,0,0,0,3,1,0,4,4,165,0,14,-57,181,New Orleans
2014,9,7,42,1,4,5,7,26,15,9,48,57,27,1,1,3,4,11,5,4,20,24,14,0,3,2,3,13,10,5,26,31,0,0,0,0,0,0,0,0,0,0,1,0,0,0,0,2,0,0,2,2,145,1,8,-56,182,New Orleans
2015,9,7,50,2,5,4,3,38,20,9,61,70,25,2,3,2,1,24,10,5,35,40,17,0,1,2,1,13,9,3,23,26,0,0,0,0,0,0,0,0,0,0,8,0,1,0,1,1,1,1,3,4,175,0,12,-55,183,New Orleans
2016,9,7,32,2,2,5,5,18,14,7,37,44,13,1,2,1,2,8,3,3,13,16,17,1,0,4,3,9,11,4,23,27,1,0,0,0,0,1,0,0,1,1,1,0,0,0,0,0,0,0,0,0,139,2,10,-60,178,New Orleans
2017,9,7,41,1,5,3,2,24,12,8,38,46,22,0,3,2,1,19,4,5,24,29,13,1,2,1,1,5,8,3,14,17,2,0,0,0,0,0,0,0,0,0,4,0,0,0,0,0,0,0,0,0,165,2,7,-59,179,New Orleans
2018,9,7,50,1,4,2,9,23,10,6,42,48,32,0,3,0,5,17,8,3,30,33,15,1,1,2,4,5,2,3,11,14,0,0,0,0,0,1,0,0,1,1,3,0,0,0,0,0,0,0,0,0,165,3,5,-58,180,New Orleans
2019,9,7,51,0,3,6,3,41,35,9,79,88,31,0,0,3,0,24,9,3,33,36,19,0,3,3,3,15,22,6,40,46,0,0,0,0,0,0,0,0,0,0,1,0,0,0,0,2,4,0,6,6,208,0,14,-57,181,New Orleans
2020,9,7,53,0,1,7,5,22,14,8,41,49,37,0,1,4,3,18,7,5,28,33,14,0,0,1,2,3,2,1,7,8,1,0,0,0,0,0,1,0,1,1,1,0,0,2,0,1,4,2,5,7,162,2,11,-55,183,New Orleans
2021,9,7,33,0,3,5,33,16,18,8,67,75,18,0,1,3,20,13,12,4,45,49,11,0,2,0,10,2,5,2,17,19,0,0,0,1,1,0,0,1,1,2,4,0,0,1,2,1,1,1,4,5,137,2,9,-61,177,New Orleans
2022,9,7,35,3,2,8,5,25,38,10,68,78,20,2,0,2,1,14,22,2,37,39,14,1,2,4,4,9,16,6,29,35,0,0,0,0,0,0,0,0,0,0,1,0,0,2,0,2,0,2,2,4,173,0,10,-60,178,New Orleans
2023,9,7,22,4,0,4,4,15,17,4,36,40,10,2,0,2,3,10,6,2,19,21,9,1,0,2,1,5,10,2,16,18,0,0,0,0,0,0,0,0,0,0,3,1,0,0,0,0,1,0,1,1,118,0,9,-59,179,New Orleans
2024,9,7,48,0,1,2,4,33,11,3,48,51,29,0,0,2,0,22,8,2,30,32,15,0,1,0,3,10,2,1,15,16,0,0,0,0,0,0,1,0,1,1,4,0,0,0,1,1,0,0,2,2,148,2,11,-57,181,New Orleans
2012,10,7,37,2,5,1,8,40,19,6,67,73,17,0,3,0,5,15,8,3,28,31,17,2,2,1,3,23,10,3,36,39,0,0,0,0,0,0,0,0,0,0,3,0,0,0,0,2,1,0,3,3,189,0,12,-28,210,New Orleans
2013,10,7,24,2,4,4,14,35,13,8,62,70,14,2,1,1,9,25,8,2,42,44,10,0,3,2,5,8,5,5,18,23,0,0,0,0,0,1,0,0,1,1,0,0,0,1,0,1,0,1,1,2,191,1,6,-27,211,New Orleans
2014,10,7,23,0,2,1,11,32,14,3,57,60,15,0,1,1,6,25,6,2,37,39,6,0,1,0,5,6,8,1,19,20,0,0,0,0,0,0,0,0,0,0,2,0,0,0,0,1,0,0,1,1,169,0,6,-26,212,New Orleans
2015,10,7,31,2,3,3,5,18,25,6,48,54,15,2,0,1,3,11,11,1,25,26,14,0,3,2,1,7,13,5,21,26,0,0,0,0,0,0,0,0,0,0,2,0,0,0,1,0,1,0,2,2,187,0,12,-25,213,New Orleans
2016,10,7,36,1,2,4,7,26,18,6,51,57,19,0,0,2,3,18,5,2,26,28,14,0,2,2,3,8,13,4,24,28,1,0,0,0,0,0,0,0,0,0,2,1,0,0,1,0,0,0,1,1,167,1,9,-30,208,New Orleans
2017,10,7,57,0,1,5,5,37,4,6,46,52,30,0,1,4,1,16,2,5,19,24,24,0,0,1,4,21,2,1,27,28,1,0,0,0,0,0,0,0,0,0,2,0,0,0,0,0,0,0,0,0,148,1,4,-29,209,New Orleans
2018,10,7,51,1,4,3,3,35,22,7,60,67,24,0,2,2,2,15,9,4,26,30,22,1,2,1,1,17,13,3,31,34,1,0,0,0,0,0,0,0,0,0,4,0,0,0,0,3,0,0,3,3,187,1,11,-28,210,New Orleans
2019,10,7,39,5,3,4,5,39,10,7,54,61,25,2,3,1,2,25,4,4,31,35,12,2,0,3,3,11,5,3,19,22,0,0,0,0,0,0,1,0,1,1,2,1,0,0,0,3,0,0,3,3,180,2,15,-27,211,New Orleans
2020,10,7,46,2,3,4,5,24,25,7,54,61,29,1,0,3,3,17,9,3,29,32,14,1,2,1,2,7,13,3,22,25,0,0,0,0,0,0,0,0,0,0,3,0,1,0,0,0,3,1,3,4,157,0,10,-25,213,New Orleans
2021,10,7,45,0,1,4,9,17,11,5,37,42,25,0,0,2,1,10,2,2,13,15,19,0,0,2,7,7,9,2,23,25,0,0,0,0,0,0,0,0,0,0,1,0,1,0,1,0,0,1,1,2,148,1,8,-31,207,New Orleans
2022,10,7,37,3,4,5,5,29,26,9,60,69,24,0,1,2,3,19,9,3,31,34,12,3,3,3,2,9,17,6,28,34,0,0,0,0,0,0,0,0,0,0,1,0,0,0,0,1,0,0,1,1,170,0,3,-30,208,New Orleans
2023,10,7,35,1,0,6,9,28,27,6,64,70,11,0,0,3,2,13,8,3,23,26,20,1,0,3,5,15,18,3,38,41,2,0,0,0,1,0,0,0,1,1,2,0,0,0,1,0,1,0,2,2,173,3,6,-29,209,New Orleans
2024,10,7,48,0,0,2,1,20,10,2,31,33,24,0,0,2,1,10,2,2,13,15,24,0,0,0,0,8,7,0,15,15,0,0,0,0,0,0,0,0,0,0,0,0,0,0,0,2,1,0,3,3,145,0,6,-27,211,New Orleans
2012,11,7,16,2,2,1,8,32,5,3,45,48,5,2,0,1,5,21,3,1,29,30,10,0,2,0,3,6,2,2,11,13,0,0,0,0,0,1,0,0,1,1,1,0,0,0,0,4,0,0,4,4,170,1,7,3,241,New Orleans
2013,11,7,18,0,1,0,10,40,7,1,57,58,9,0,0,0,5,24,3,0,32,32,8,0,1,0,5,16,4,1,25,26,0,0,0,0,0,0,0,0,0,0,1,0,0,0,0,0,0,0,0,0,137,1,6,4,242,New Orleans
2014,11,7,23,0,4,0,13,24,14,4,51,55,11,0,2,0,4,17,5,2,26,28,12,0,2,0,9,5,7,2,21,23,0,0,0,0,0,0,1,0,1,1,0,0,0,0,0,2,1,0,3,3,117,1,5,5,243,New Orleans
2015,11,7,33,0,4,2,6,31,16,6,53,59,18,0,1,1,5,16,6,2,27,29,14,0,3,1,1,14,9,4,24,28,0,0,0,0,0,0,0,0,0,0,1,0,0,0,0,1,1,0,2,2,139,0,3,6,244,New Orleans
2016,11,7,25,0,5,2,5,28,13,7,46,53,12,0,2,1,2,14,3,3,19,22,13,0,3,1,2,10,9,4,21,25,0,0,0,0,0,2,0,0,2,2,0,0,0,0,1,2,1,0,4,4,132,3,10,1,239,New Orleans
2017,11,7,48,0,0,2,9,39,15,2,63,65,20,0,0,1,2,27,4,1,33,34,28,0,0,1,6,9,10,1,25,26,0,0,0,0,0,1,0,0,1,1,0,0,0,0,1,2,1,0,4,4,191,4,9,2,240,New Orleans
2018,11,7,56,0,3,9,7,22,18,12,47,59,22,0,0,6,2,19,9,6,30,36,28,0,2,2,5,2,9,4,16,20,0,0,0,0,0,0,0,0,0,0,6,0,1,1,0,1,0,2,1,3,183,1,12,3,241,New Orleans
2019,11,7,47,2,5,0,6,34,30,5,70,75,30,1,1,0,3,14,10,1,27,28,13,1,4,0,3,15,17,4,35,39,0,0,0,0,0,1,0,0,1,1,4,0,0,0,0,4,3,0,7,7,199,1,15,4,242,New Orleans
2020,11,7,49,1,3,11,3,31,33,14,67,81,21,0,3,6,0,16,15,9,31,40,25,1,0,5,3,14,17,5,34,39,0,0,0,0,0,0,0,0,0,0,3,0,0,0,0,1,1,0,2,2,179,0,11,6,244,New Orleans
2021,11,7,51,2,0,7,7,33,25,7,65,72,22,1,0,4,4,11,10,4,25,29,24,1,0,3,3,21,15,3,39,42,0,0,0,0,0,0,0,0,0,0,5,0,0,0,0,1,0,0,1,1,175,1,8,0,238,New Orleans
2022,11,7,33,4,4,1,3,28,47,5,78,83,16,1,3,1,3,18,10,4,31,35,15,3,1,0,0,10,35,1,45,46,1,0,0,0,0,0,1,0,1,1,1,0,0,0,0,0,1,0,1,1,163,3,4,1,239,New Orleans
2023,11,7,40,1,3,4,12,22,37,7,71,78,24,1,2,3,4,15,13,5,32,37,13,0,0,0,7,7,24,0,38,38,0,0,0,0,0,0,0,0,0,0,3,0,1,1,1,0,0,2,1,3,184,0,8,2,240,New Orleans
2024,11,7,40,1,1,2,2,24,15,3,41,44,18,1,0,1,0,8,5,1,13,14,19,0,1,1,2,15,10,2,27,29,0,0,0,0,0,0,0,0,0,0,3,0,0,0,0,1,0,0,1,1,139,1,7,4,242,New Orleans
2012,12,7,26,0,2,2,9,33,9,4,51,55,9,0,1,0,6,23,2,1,31,32,13,0,1,2,3,9,6,3,18,21,0,0,0,0,0,0,0,0,0,0,4,0,0,0,0,1,1,0,2,2,179,1,9,33,271,New Orleans
2013,12,7,23,0,0,3,6,29,7,3,42,45,12,0,0,1,5,11,2,1,18,19,10,0,0,1,1,16,5,1,22,23,0,0,0,0,0,1,0,0,1,1,1,0,0,1,0,1,0,1,1,2,125,1,12,34,272,New Orleans
2014,12,7,35,0,5,7,4,29,8,12,41,53,10,0,0,2,2,13,4,2,19,21,24,0,4,5,2,14,4,9,20,29,0,0,0,0,0,1,0,0,1,1,1,0,1,0,0,1,0,1,1,2,143,1,3,35,273,New Orleans
2015,12,7,34,1,7,2,6,31,13,9,50,59,17,1,1,2,6,18,4,3,28,31,17,0,6,0,0,10,8,6,18,24,0,0,0,0,0,0,0,0,0,0,0,0,0,0,0,3,1,0,4,4,170,1,8,36,274,New Orleans
2016,12,7,37,1,4,2,6,34,13,6,53,59,19,1,2,0,5,22,4,2,31,33,14,0,2,0,1,12,9,2,22,24,1,0,0,0,0,0,0,0,0,0,3,0,0,2,0,0,0,2,0,2,156,2,12,31,269,New Orleans
2017,12,7,35,1,2,1,1,26,9,3,36,39,17,0,0,0,0,15,6,0,21,21,14,1,2,1,1,10,3,3,14,17,1,0,0,0,0,0,0,0,0,0,3,0,0,0,0,1,0,0,1,1,147,1,7,32,270,New Orleans
2018,12,7,58,0,3,5,4,41,44,8,89,97,22,0,0,1,1,25,12,1,38,39,29,0,3,4,2,14,28,7,44,51,2,0,0,0,0,0,1,0,1,1,5,0,0,0,1,2,3,0,6,6,243,3,15,33,271,New Orleans
2019,12,7,48,0,1,9,4,50,27,10,81,91,20,0,0,4,2,23,15,4,40,44,25,0,1,5,2,23,11,6,36,42,0,0,0,0,0,1,0,0,1,1,3,0,0,0,0,3,1,0,4,4,197,1,13,34,272,New Orleans
2020,12,7,38,4,4,3,5,30,18,7,53,60,18,0,0,3,2,21,5,3,28,31,18,4,4,0,2,8,10,4,20,24,1,0,0,0,0,0,0,0,0,0,1,0,0,0,1,1,3,0,5,5,156,1,9,36,274,New Orleans
2021,12,7,50,4,2,5,3,23,22,7,48,55,20,1,0,3,0,18,7,3,25,28,25,2,2,2,3,4,15,4,22,26,1,0,0,0,0,1,0,0,1,1,4,1,0,0,0,0,0,0,0,0,147,2,8,30,268,New Orleans
2022,12,7,43,3,3,5,4,23,28,8,55,63,23,0,1,2,1,14,7,3,22,25,17,2,2,2,3,8,19,4,30,34,1,0,0,0,0,0,0,0,0,0,2,1,0,1,0,1,2,1,3,4,153,4,11,31,269,New Orleans
2023,12,7,39,3,0,0,4,29,14,0,47,47,21,1,0,0,2,17,6,0,25,25,15,1,0,0,2,10,8,0,20,20,0,0,0,0,0,0,0,0,0,0,3,1,0,0,0,2,0,0,2,2,147,2,10,32,270,New Orleans
2024,12,7,28,1,2,1,4,26,20,3,50,53,13,0,0,1,1,12,5,1,18,19,15,1,1,0,3,13,15,1,31,32,0,0,0,0,0,0,0,0,0,0,0,0,1,0,0,1,0,1,1,2,114,0,3,34,272,New Orleans
2012,1,8,28,1,12,3,8,35,10,15,53,68,8,0,1,0,5,16,3,1,24,25,15,1,9,3,3,18,7,12,28,40,0,0,0,0,0,0,0,0,0,0,5,0,2,0,0,1,0,2,1,3,178,0,15,-301,-63,New Orleans
2013,1,8,22,1,3,2,9,35,5,5,49,54,12,1,2,1,6,24,2,3,32,35,8,0,1,1,2,10,3,2,15,17,0,0,0,0,0,0,0,0,0,0,2,0,0,0,1,1,0,0,2,2,181,0,10,-299,-61,New Orleans
2014,1,8,25,0,3,0,9,27,5,3,41,44,7,0,1,0,7,17,1,1,25,26,17,0,1,0,2,9,4,1,15,16,0,0,0,0,0,0,0,0,0,0,1,0,1,0,0,1,0,1,1,2,163,0,15,-298,-60,New Orleans
2015,1,8,25,1,3,0,6,15,16,3,37,40,12,0,0,0,6,8,5,0,19,19,10,1,2,0,0,3,11,2,14,16,0,0,0,0,0,0,0,0,0,0,3,0,1,0,0,4,0,1,4,5,132,0,12,-297,-59,New Orleans
2016,1,8,24,3,7,2,6,28,21,9,55,64,13,2,4,0,1,14,4,4,19,23,10,1,3,2,5,13,16,5,34,39,0,0,0,0,0,0,0,0,0,0,1,0,0,0,0,1,1,0,2,2,172,0,7,-303,-65,New Orleans
2017,1,8,43,0,2,0,6,26,17,2,49,51,20,0,1,0,3,14,7,1,24,25,20,0,0,0,3,12,9,0,24,24,0,0,0,0,0,0,0,0,0,0,3,0,1,0,0,0,1,1,1,2,148,1,8,-301,-63,New Orleans
2018,1,8,36,4,1,5,8,39,14,6,61,67,15,3,0,3,4,25,6,3,35,38,20,1,0,2,3,11,6,2,20,22,0,0,0,0,0,0,0,0,0,0,1,0,1,0,1,3,2,1,6,7,174,3,11,-300,-62,New Orleans
2019,1,8,36,6,2,1,4,30,12,3,46,49,16,2,2,1,2,18,7,3,27,30,17,4,0,0,2,6,5,0,13,13,0,0,0,0,0,1,0,0,1,1,3,0,0,0,0,5,0,0,5,5,182,2,9,-299,-61,New Orleans
2020,1,8,24,0,3,3,2,17,15,6,34,40,8,0,2,0,2,8,3,2,13,15,13,0,1,2,0,7,11,3,18,21,0,0,0,0,0,1,0,0,1,1,3,0,0,1,0,1,1,1,2,3,97,1,9,-298,-60,New Orleans
2021,1,8,39,4,3,11,3,21,36,14,60,74,20,1,1,5,1,10,22,6,33,39,16,3,2,5,2,9,14,7,25,32,0,0,0,0,0,0,0,0,0,0,3,0,0,1,0,2,0,1,2,3,150,0,7,-303,-65,New Orleans
2022,1,8,32,1,3,7,6,25,43,10,74,84,13,0,1,5,3,10,18,6,31,37,16,0,2,1,3,14,23,3,40,43,0,0,0,0,0,0,0,0,0,0,3,1,0,1,0,1,2,1,3,4,158,0,13,-302,-64,New Orleans
2023,1,8,35,4,2,4,5,20,78,6,103,109,19,1,1,2,3,12,31,3,46,49,13,3,1,2,2,8,45,3,55,58,0,0,0,0,0,0,0,0,0,0,3,0,0,0,0,0,2,0,2,2,195,0,6,-301,-63,New Orleans
2024,1,8,42,0,4,5,3,20,29,9,52,61,25,0,1,3,2,7,10,4,19,23,16,0,3,2,1,12,18,5,31,36,0,0,0,0,0,0,0,0,0,0,1,0,0,0,0,1,1,0,2,2,157,1,8,-300,-62,New Orleans
2012,2,8,25,1,2,5,7,29,11,7,47,54,16,0,1,1,3,19,8,2,30,32,8,1,1,4,4,8,3,5,15,20,0,0,0,0,0,0,0,0,0,0,1,0,0,0,0,2,0,0,2,2,195,2,15,-270,-32,New Orleans
2013,2,8,21,8,1,2,15,66,11,3,92,95,10,1,0,2,13,25,3,2,41,43,9,7,1,0,1,38,8,1,47,48,0,0,0,0,0,1,0,0,1,1,2,0,0,0,1,2,0,0,3,3,214,1,8,-268,-30,New Orleans
2014,2,8,39,1,8,2,3,33,12,10,48,58,12,0,0,1,1,13,4,1,18,19,26,1,7,1,2,18,7,8,27,35,0,0,0,0,0,1,0,0,1,1,1,0,1,0,0,1,1,1,2,3,169,1,7,-267,-29,New Orleans
2015,2,8,33,3,1,4,1,35,19,5,55,60,12,1,0,3,1,21,9,3,31,34,17,1,1,1,0,13,10,2,23,25,0,0,0,0,0,0,0,0,0,0,4,1,0,0,0,1,0,0,1,1,169,0,9,-266,-28,New Orleans
2016,2,8,40,1,6,3,12,46,23,9,81,90,11,0,3,2,8,11,9,5,28,33,25,1,2,1,2,31,12,3,45,48,2,0,0,0,0,0,2,0,2,2,2,0,1,0,2,4,0,1,6,7,218,4,18,-272,-34,New Orleans
2017,2,8,50,2,6,2,9,36,9,8,54,62,31,0,1,1,5,18,5,2,28,30,16,2,5,1,3,13,4,6,20,26,2,0,0,0,0,0,0,0,0,0,1,0,0,0,1,5,0,0,6,6,185,3,10,-270,-32,New Orleans
2018,2,8,53,4,3,3,8,52,15,6,75,81,20,0,2,1,5,17,8,3,30,33,32,3,1,2,3,30,6,3,39,42,0,0,0,0,0,0,0,0,0,0,1,1,0,0,0,5,1,0,6,6,239,1,15,-269,-31,New Orleans
2019,2,8,38,0,2,0,8,30,36,2,74,76,19,0,2,0,5,15,16,2,36,38,16,0,0,0,3,11,18,0,32,32,1,0,0,0,0,0,0,0,0,0,2,0,0,0,0,4,2,0,6,6,191,1,14,-268,-30,New Orleans
2020,2,8,29,0,3,3,7,41,13,6,61,67,14,0,0,0,3,16,3,0,22,22,15,0,3,3,4,23,9,6,36,42,0,0,0,0,0,0,0,0,0,0,0,0,0,0,0,2,1,0,3,3,144,1,8,-267,-29,New Orleans
2021,2,8,43,0,6,4,1,24,22,10,47,57,23,0,2,3,1,15,7,5,23,28,17,0,3,1,0,9,11,4,20,24,0,0,0,0,0,0,1,0,1,1,3,0,1,0,0,0,3,1,3,4,168,1,13,-272,-34,New Orleans
2022,2,8,39,1,3,3,4,30,72,6,106,112,17,0,0,2,1,21,25,2,47,49,20,1,3,1,3,9,46,4,58,62,0,0,0,0,0,0,0,0,0,0,2,0,0,0,0,0,1,0,1,1,215,1,8,-271,-33,New Orleans
2023,2,8,30,2,1,1,1,15,27,2,43,45,17,2,0,0,0,6,8,0,14,14,9,0,0,1,1,7,19,1,27,28,0,0,0,0,0,0,0,0,0,0,4,0,1,0,0,2,0,1,2,3,142,0,15,-270,-32,New Orleans
2024,2,8,48,4,1,6,3,55,31,7,89,96,22,0,0,3,1,12,6,3,19,22,19,3,1,2,2,41,25,3,68,71,2,0,0,0,0,1,0,0,1,1,5,1,0,1,0,1,0,1,1,2,212,3,12,-269,-31,New Orleans
2012,3,8,20,1,3,3,9,24,9,6,42,48,13,0,2,2,4,16,2,4,22,26,7,1,1,1,5,8,7,2,20,22,0,0,0,0,0,0,0,0,0,0,0,0,0,0,0,0,0,0,0,0,192,0,4,-241,-3,New Orleans
2013,3,8,32,1,3,1,10,24,14,4,48,52,18,0,0,1,4,16,7,1,27,28,10,1,3,0,5,7,6,3,18,21,0,0,0,0,0,0,0,0,0,0,4,0,0,0,1,1,1,0,3,3,186,1,10,-240,-2,New Orleans
2014,3,8,34,1,5,2,7,27,13,7,47,54,19,0,1,0,1,15,6,1,22,23,14,1,4,1,5,10,7,5,22,27,0,0,0,0,0,1,0,0,1,1,1,0,0,1,1,1,0,1,2,3,159,2,7,-239,-1,New Orleans
2015,3,8,35,2,1,3,9,26,12,4,47,51,20,1,1,1,3,12,4,2,19,21,14,1,0,2,5,14,8,2,27,29,0,0,0,0,0,0,0,0,0,0,1,0,0,0,1,0,0,0,1,1,129,1,8,-238,0,New Orleans
2016,3,8,37,3,3,4,5,33,16,7,54,61,16,2,0,1,4,22,7,1,33,34,19,0,2,3,1,9,9,5,19,24,1,1,0,0,0,0,0,0,0,0,1,0,1,0,0,2,0,1,2,3,178,4,6,-243,-5,New Orleans
2017,3,8,43,2,1,5,4,29,12,6,45,51,26,2,1,3,4,19,5,4,28,32,15,0,0,2,0,7,7,2,14,16,0,0,0,0,0,0,0,0,0,0,2,0,0,0,0,3,0,0,3,3,165,0,16,-242,-4,New Orleans
2018,3,8,40,0,1,5,6,31,15,6,52,58,19,0,1,0,1,18,5,1,24,25,17,0,0,2,5,10,10,2,25,27,1,0,0,0,0,0,0,0,0,0,3,0,0,3,0,3,0,3,3,6,173,2,12,-241,-3,New Orleans
2019,3,8,40,0,1,3,7,31,22,4,60,64,20,0,0,0,5,16,5,0,26,26,19,0,1,2,2,12,15,3,29,32,0,0,0,0,0,0,0,0,0,0,1,0,0,1,0,3,2,1,5,6,176,0,10,-240,-2,New Orleans
2020,3,8,45,1,1,2,3,41,25,3,69,72,21,0,0,0,2,26,9,0,37,37,22,1,1,2,1,12,15,3,28,31,1,0,0,0,0,1,0,0,1,1,1,0,0,0,0,2,1,0,3,3,169,3,4,-238,0,New Orleans
2021,3,8,34,3,2,8,5,30,54,10,89,99,19,1,0,8,5,25,38,8,68,76,12,2,2,0,0,4,15,2,19,21,0,0,0,0,0,0,0,0,0,0,3,0,0,0,0,1,1,0,2,2,197,0,11,-244,-6,New Orleans
2022,3,8,35,6,2,7,2,27,27,9,56,65,21,3,0,5,1,16,16,5,33,38,10,2,2,2,1,10,10,4,21,25,0,0,0,0,0,0,0,0,0,0,4,1,0,0,0,1,1,0,2,2,167,1,10,-243,-5,New Orleans
2023,3,8,38,2,2,2,4,26,24,4,54,58,26,1,2,2,1,11,3,4,15,19,9,1,0,0,3,13,21,0,37,37,0,0,0,0,0,0,0,0,0,0,3,0,0,0,0,2,0,0,2,2,138,0,6,-242,-4,New Orleans
2024,3,8,35,1,0,0,3,26,12,0,41,41,20,0,0,0,2,13,5,0,20,20,14,1,0,0,1,13,7,0,21,21,0,0,0,0,0,0,0,0,0,0,1,0,0,0,0,0,0,0,0,0,121,0,2,-240,-2,New Orleans
2012,4,8,32,2,5,5,5,26,8,10,39,49,15,1,0,1,2,18,2,1,22,23,14,0,4,2,3,8,6,6,17,23,0,0,0,0,0,0,0,0,0,0,3,1,1,2,0,0,0,3,0,3,177,0,15,-210,28,New Orleans
2013,4,8,21,4,2,8,7,49,17,10,73,83,10,2,0,4,5,30,10,4,45,49,6,2,1,2,2,17,6,3,25,28,0,0,0,0,0,1,0,0,1,1,5,0,1,2,0,1,1,3,2,5,198,1,14,-209,29,New Orleans
2014,4,8,28,0,4,0,11,35,11,4,57,61,14,0,1,0,6,26,6,1,38,39,10,0,3,0,4,9,3,3,16,19,0,0,0,0,0,0,1,0,1,1,4,0,0,0,1,0,1,0,2,2,226,1,10,-208,30,New Orleans
2015,4,8,35,0,5,3,3,30,16,8,49,57,15,0,2,2,1,23,7,4,31,35,16,0,3,1,2,7,8,4,17,21,0,0,0,0,0,0,0,0,0,0,4,0,0,0,0,0,1,0,1,1,153,0,10,-207,31,New Orleans
2016,4,8,42,1,5,6,13,41,20,11,74,85,25,0,1,2,6,19,7,3,32,35,15,1,3,3,6,20,12,6,38,44,0,0,0,0,0,0,0,0,0,0,2,0,1,1,1,2,1,2,4,6,201,1,12,-212,26,New Orleans
2017,4,8,43,1,4,4,2,28,19,8,49,57,29,1,1,1,1,18,8,2,27,29,13,0,3,3,1,10,11,6,22,28,0,0,0,0,0,0,0,0,0,0,1,0,0,0,0,0,0,0,0,0,175,0,4,-211,27,New Orleans
2018,4,8,50,1,1,6,2,34,23,7,59,66,22,0,0,5,0,21,7,5,28,33,24,1,1,1,1,11,14,2,26,28,0,0,0,0,0,1,1,0,2,2,4,0,0,0,1,1,1,0,3,3,183,3,9,-210,28,New Orleans
2019,4,8,54,1,1,5,4,37,27,6,68,74,34,0,0,3,3,28,11,3,42,45,16,1,1,2,1,4,15,3,20,23,1,0,0,0,0,0,0,0,0,0,3,0,0,0,0,5,1,0,6,6,199,1,13,-209,29,New Orleans
2020,4,8,49,2,2,7,9,18,24,9,51,60,27,2,1,3,4,14,7,4,25,29,20,0,1,3,5,4,16,4,25,29,0,0,0,0,0,0,0,0,0,0,2,0,0,1,0,0,1,1,1,2,172,1,6,-207,31,New Orleans
2021,4,8,50,5,5,8,3,20,34,13,57,70,31,2,4,5,1,13,19,9,33,42,17,3,1,2,0,6,10,3,16,19,1,0,0,0,0,0,0,0,0,0,1,0,0,1,2,1,5,1,8,9,177,2,14,-213,25,New Orleans
2022,4,8,28,2,2,8,3,28,13,10,44,54,17,1,1,6,2,18,7,7,27,34,8,1,1,2,1,9,6,3,16,19,0,0,0,0,0,0,0,0,0,0,3,0,0,0,0,1,0,0,1,1,136,0,9,-212,26,New Orleans
2023,4,8,28,6,1,8,3,15,35,9,53,62,9,3,1,3,2,7,11,4,20,24,18,3,0,3,1,7,21,3,29,32,0,0,0,0,0,0,0,0,0,0,1,0,0,2,0,1,3,2,4,6,127,0,10,-211,27,New Orleans
2024,4,8,31,0,0,0,3,25,17,0,45,45,26,0,0,0,3,15,11,0,29,29,4,0,0,0,0,7,6,0,13,13,0,0,0,0,0,1,0,0,1,1,1,0,0,0,0,2,0,0,2,2,147,1,8,-209,29,New Orleans
2012,5,8,30,1,1,7,9,33,12,8,54,62,19,1,0,3,6,24,6,3,36,39,9,0,1,2,3,8,5,3,16,19,0,0,0,0,0,0,0,0,0,0,2,0,0,2,0,1,1,2,2,4,218,0,13,-180,58,New Orleans
2013,5,8,35,4,6,4,12,31,14,10,57,67,20,2,2,2,9,24,6,4,39,43,11,2,4,2,3,5,7,6,15,21,0,0,0,0,0,0,0,0,0,0,4,0,0,0,0,2,1,0,3,3,187,0,14,-179,59,New Orleans
2014,5,8,41,0,2,3,11,34,13,5,58,63,16,0,1,3,4,28,4,4,36,40,22,0,1,0,7,6,9,1,22,23,0,0,0,0,0,0,0,0,0,0,3,0,0,0,0,0,0,0,0,0,234,0,11,-178,60,New Orleans
2015,5,8,33,3,1,3,6,26,17,4,49,53,17,2,1,1,5,17,6,2,28,30,13,0,0,2,1,9,9,2,19,21,0,0,0,0,0,0,0,0,0,0,3,1,0,0,0,0,2,0,2,2,174,1,19,-177,61,New Orleans
2016,5,8,37,1,2,2,5,22,14,4,41,45,16,1,1,0,2,11,4,1,17,18,15,0,0,1,3,10,9,1,22,23,0,0,1,0,0,1,0,1,1,2,6,0,0,1,0,0,1,1,1,2,125,2,11,-182,56,New Orleans
2017,5,8,41,0,5,2,10,36,17,7,63,70,22,0,1,2,6,28,7,3,41,44,15,0,4,0,3,7,10,4,20,24,0,0,0,0,0,0,0,0,0,0,4,0,0,0,1,1,0,0,2,2,185,1,11,-181,57,New Orleans
2018,5,8,53,0,1,4,5,29,13,5,47,52,32,0,0,4,2,22,4,4,28,32,15,0,1,0,3,6,9,1,18,19,0,0,0,0,0,0,0,0,0,0,6,0,0,0,0,1,0,0,1,1,196,0,14,-180,58,New Orleans
2019,5,8,39,1,3,6,2,32,17,9,51,60,26,1,1,2,1,15,10,3,26,29,8,0,2,2,1,15,7,4,23,27,1,0,0,0,0,0,0,0,0,0,4,0,0,2,0,2,0,2,2,4,168,1,14,-179,59,New Orleans
2020,5,8,33,1,1,5,8,24,14,6,46,52,22,1,0,3,6,19,6,3,31,34,7,0,1,2,2,4,8,3,14,17,0,0,0,0,0,1,0,0,1,1,4,0,0,0,0,0,0,0,0,0,124,1,8,-177,61,New Orleans
2021,5,8,46,2,1,7,3,32,29,8,64,72,25,2,1,2,0,16,14,3,30,33,16,0,0,5,2,13,14,5,29,34,1,0,0,0,1,0,0,0,1,1,4,0,0,0,0,3,1,0,4,4,163,5,10,-183,55,New Orleans
2022,5,8,45,6,4,4,5,13,38,8,56,64,22,1,2,1,5,9,13,3,27,30,20,4,1,2,0,3,22,3,25,28,1,0,0,0,0,0,1,0,1,1,2,1,1,1,0,1,2,2,3,5,163,2,9,-182,56,New Orleans
2023,5,8,36,3,2,7,3,29,20,9,52,61,20,3,1,3,2,20,9,4,31,35,15,0,1,4,1,8,9,5,18,23,0,0,0,0,0,0,1,0,1,1,1,0,0,0,0,1,1,0,2,2,143,2,9,-181,57,New Orleans
2024,5,8,55,0,0,3,5,29,25,3,59,62,36,0,0,2,2,16,5,2,23,25,14,0,0,1,3,9,18,1,30,31,0,0,0,0,0,1,0,0,1,1,5,0,0,0,0,3,2,0,5,5,177,1,11,-179,59,New Orleans
2012,6,8,19,2,4,2,6,39,7,6,52,58,13,1,1,0,5,24,3,1,32,33,4,1,3,2,1,12,4,5,17,22,0,0,0,0,0,1,0,0,1,1,2,0,0,0,0,2,0,0,2,2,190,3,14,-149,89,New Orleans
2013,6,8,26,0,3,4,7,34,15,7,56,63,15,0,1,3,7,20,6,4,33,37,8,0,2,1,0,14,9,3,23,26,0,0,0,0,0,0,0,0,0,0,3,0,0,0,0,0,0,0,0,0,162,0,9,-148,90,New Orleans
2014,6,8,32,1,2,3,6,31,14,5,51,56,18,1,0,2,4,20,6,2,30,32,12,0,2,1,2,9,7,3,18,21,0,0,0,0,0,0,0,0,0,0,2,0,0,0,0,2,1,0,3,3,166,0,13,-147,91,New Orleans
2015,6,8,33,0,1,3,13,42,17,4,72,76,22,0,0,3,9,38,9,3,56,59,7,0,1,0,4,4,8,1,16,17,0,0,0,0,0,0,0,0,0,0,4,0,0,0,0,0,0,0,0,0,180,0,10,-146,92,New Orleans
2016,6,8,45,2,2,2,11,32,14,4,57,61,28,1,1,2,5,24,5,3,34,37,15,1,1,0,5,7,7,1,19,20,1,0,0,0,0,0,0,0,0,0,1,0,0,0,1,1,2,0,4,4,167,1,7,-151,87,New Orleans
2017,6,8,38,5,4,3,5,31,23,7,59,66,22,4,1,3,2,24,7,4,33,37,10,1,2,0,3,6,16,2,25,27,0,0,0,0,0,0,0,0,0,0,6,0,1,0,0,1,0,1,1,2,182,0,11,-150,88,New Orleans
2018,6,8,49,0,1,8,6,32,26,9,64,73,36,0,0,2,4,19,14,2,37,39,12,0,1,6,2,12,9,7,23,30,0,0,0,0,0,0,0,0,0,0,1,0,0,0,0,1,3,0,4,4,200,0,8,-149,89,New Orleans
2019,6,8,53,1,3,9,4,36,15,12,55,67,29,1,2,7,4,22,6,9,32,41,19,0,1,1,0,11,9,2,20,22,0,0,0,0,0,0,0,0,0,0,5,0,0,1,0,3,0,1,3,4,179,1,14,-148,90,New Orleans
2020,6,8,55,2,0,4,9,25,14,4,48,52,31,0,0,4,6,19,5,4,30,34,24,1,0,0,2,4,7,0,13,13,0,0,0,0,0,0,1,0,1,1,0,1,0,0,1,2,1,0,4,4,158,1,10,-146,92,New Orleans
2021,6,8,42,0,1,5,2,27,19,6,48,54,25,0,0,4,1,18,10,4,29,33,11,0,1,1,1,8,9,2,18,20,1,0,0,0,0,0,0,0,0,0,5,0,0,0,0,1,0,0,1,1,152,1,7,-152,86,New Orleans
2022,6,8,45,1,2,6,3,20,14,8,37,45,28,1,0,5,1,17,7,5,25,30,11,0,1,1,2,3,7,2,12,14,0,0,0,0,0,0,0,0,0,0,6,0,1,0,0,0,0,1,0,1,144,1,10,-151,87,New Orleans
2023,6,8,41,2,6,2,3,22,48,8,73,81,21,1,3,1,2,14,17,4,33,37,17,1,3,0,1,8,27,3,36,39,0,0,0,0,0,0,2,0,2,2,3,0,0,1,0,0,2,1,2,3,175,2,12,-150,88,New Orleans
2024,6,8,45,1,1,7,2,44,20,8,66,74,28,1,0,3,1,22,6,3,29,32,16,0,1,3,1,18,12,4,31,35,0,0,0,0,0,1,0,0,1,1,1,0,0,1,0,3,2,1,5,6,163,2,8,-148,90,New Orleans
2012,7,8,33,4,4,2,8,21,19,6,48,54,14,2,2,1,4,7,8,3,19,22,11,2,2,0,4,14,10,2,28,30,4,0,0,0,0,0,0,0,0,0,4,0,0,1,0,0,1,1,1,2,208,4,24,-119,119,New Orleans
2013,7,8,29,0,0,3,9,33,15,3,57,60,15,0,0,2,6,28,6,2,40,42,13,0,0,1,2,5,8,1,15,16,0,0,0,0,0,0,0,0,0,0,1,0,0,0,1,0,1,0,2,2,188,1,12,-118,120,New Orleans
2014,7,8,36,0,0,6,13,25,28,6,66,72,23,0,0,3,10,22,10,3,42,45,11,0,0,3,3,2,15,3,20,23,0,0,0,0,0,0,1,0,1,1,2,0,0,0,0,1,2,0,3,3,205,1,16,-117,121,New Orleans
2015,7,8,30,2,2,3,7,28,11,5,46,51,18,0,0,2,4,18,3,2,25,27,9,2,1,1,3,9,8,2,20,22,0,0,0,0,0,0,0,0,0,0,3,0,1,0,0,1,0,1,1,2,167,0,12,-116,122,New Orleans
2016,7,8,31,0,2,7,5,20,9,9,34,43,20,0,0,4,2,10,3,4,15,19,7,0,2,2,3,5,6,4,14,18,0,0,0,0,0,2,0,0,2,2,4,0,0,1,0,3,0,1,3,4,127,4,12,-121,117,New Orleans
2017,7,8,37,0,6,6,2,30,18,12,50,62,19,0,3,3,1,23,11,6,35,41,13,0,2,2,1,7,6,4,14,18,0,0,0,0,0,0,0,0,0,0,5,0,1,1,0,0,1,2,1,3,157,2,15,-120,118,New Orleans
2018,7,8,61,6,6,6,5,46,30,12,81,93,37,2,1,5,1,28,12,6,41,47,17,4,5,1,4,15,15,6,34,40,0,0,0,0,0,0,1,0,1,1,7,0,0,0,0,3,2,0,5,5,249,1,15,-119,119,New Orleans
2019,7,8,58,1,2,6,5,36,28,8,69,77,32,1,1,3,2,26,11,4,39,43,18,0,1,3,3,8,14,4,25,29,4,0,0,0,0,0,2,0,2,2,4,0,0,0,0,2,1,0,3,3,205,6,16,-118,120,New Orleans
2020,7,8,65,4,2,5,10,17,43,7,70,77,37,1,1,3,3,14,16,4,33,37,21,2,0,2,6,3,26,2,35,37,0,0,0,0,1,0,1,0,2,2,7,1,1,0,0,0,0,1,0,1,205,2,12,-116,122,New Orleans
2021,7,8,42,2,3,8,5,20,12,11,37,48,28,2,3,5,2,14,0,8,16,24,9,0,0,3,3,6,8,3,17,20,0,0,0,0,0,0,1,0,1,1,5,0,0,0,0,0,3,0,3,3,145,1,9,-122,116,New Orleans
2022,7,8,35,3,7,4,4,16,31,11,51,62,21,1,5,3,2,7,14,8,23,31,11,2,2,1,2,7,16,3,25,28,1,0,0,0,0,0,0,0,0,0,2,0,0,0,0,2,1,0,3,3,153,1,9,-121,117,New Orleans
2023,7,8,49,1,2,8,1,27,30,10,58,68,30,0,0,4,0,12,10,4,22,26,15,1,2,3,1,12,17,5,30,35,1,0,0,0,0,1,2,0,3,3,3,0,0,1,0,2,1,1,3,4,188,5,17,-120,118,New Orleans
2024,7,8,41,0,0,4,8,27,22,4,57,61,30,0,0,4,5,20,10,4,35,39,10,0,0,0,1,6,11,0,18,18,0,0,0,0,1,0,0,0,1,1,1,0,0,0,1,1,1,0,3,3,151,2,8,-118,120,New Orleans
2012,8,8,17,2,1,3,13,26,16,4,55,59,6,2,0,2,9,17,7,2,33,35,9,0,0,0,3,7,8,0,18,18,0,0,0,0,1,0,0,0,1,1,2,0,1,1,0,2,1,2,3,5,198,1,12,-88,150,New Orleans
2013,8,8,36,2,2,3,9,46,21,5,76,81,15,1,1,2,6,24,6,3,36,39,18,1,1,1,3,15,14,2,32,34,0,0,0,0,0,2,1,0,3,3,3,0,0,0,0,5,0,0,5,5,194,3,17,-87,151,New Orleans
2014,8,8,32,1,4,6,7,39,13,10,59,69,18,0,3,4,4,29,9,7,42,49,13,1,1,0,2,7,3,1,12,13,0,0,0,1,0,0,0,1,0,1,1,0,0,1,1,3,1,1,5,6,187,1,13,-86,152,New Orleans
2015,8,8,20,2,3,3,6,31,16,6,53,59,13,1,1,0,2,18,11,1,31,32,6,1,1,1,4,10,5,2,19,21,0,0,1,0,0,0,0,1,0,1,1,0,0,2,0,3,0,2,3,5,143,1,9,-85,153,New Orleans
2016,8,8,47,1,2,2,5,26,15,4,46,50,21,1,1,1,4,16,5,2,25,27,20,0,1,1,1,8,10,2,19,21,0,0,0,0,0,0,0,0,0,0,6,0,0,0,0,2,0,0,2,2,156,0,12,-90,148,New Orleans
2017,8,8,31,4,4,2,10,34,13,6,57,63,26,3,0,0,7,20,6,0,33,33,2,0,4,2,3,12,7,6,22,28,0,0,0,0,0,1,0,0,1,1,3,1,0,0,0,1,0,0,1,1,170,1,13,-89,149,New Orleans
2018,8,8,46,1,1,4,5,24,14,5,43,48,31,0,0,3,3,21,3,3,27,30,12,1,1,0,2,1,9,1,12,13,0,0,0,0,0,0,0,0,0,0,3,0,0,1,0,2,2,1,4,5,190,1,12,-88,150,New Orleans
2019,8,8,39,2,3,1,6,42,12,4,60,64,23,2,1,1,4,27,5,2,36,38,11,0,2,0,2,11,7,2,20,22,1,0,0,0,0,0,0,0,0,0,4,0,0,0,0,4,0,0,4,4,175,1,11,-87,151,New Orleans
2020,8,8,35,2,1,8,6,26,14,9,46,55,22,1,0,3,5,19,7,3,31,34,11,1,1,3,1,5,5,4,11,15,0,0,0,0,0,2,0,0,2,2,2,0,0,2,0,0,2,2,2,4,148,2,12,-85,153,New Orleans
2021,8,8,48,1,1,6,7,25,14,7,46,53,30,0,0,4,3,16,2,4,21,25,12,1,1,2,4,9,12,3,25,28,0,0,0,0,0,0,0,0,0,0,6,0,0,0,0,0,0,0,0,0,150,0,9,-91,147,New Orleans
2022,8,8,23,1,4,11,4,18,20,15,42,57,16,0,1,5,3,13,10,6,26,32,6,1,3,5,1,3,10,8,14,22,0,0,0,0,0,2,0,0,2,2,1,0,0,1,0,0,0,1,0,1,140,3,6,-90,148,New Orleans
2023,8,8,56,2,0,2,4,27,18,2,49,51,37,2,0,0,1,19,10,0,30,30,14,0,0,2,2,7,6,2,15,17,0,0,0,0,0,1,0,0,1,1,5,0,0,0,1,0,2,0,3,3,161,1,12,-89,149,New Orleans
2024,8,8,48,0,0,6,5,30,6,6,41,47,25,0,0,4,1,19,5,4,25,29,18,0,0,2,1,10,1,2,12,14,1,0,0,0,2,0,0,0,2,2,4,0,0,0,1,1,0,0,2,2,168,3,13,-87,151,New Orleans
2012,9,8,31,3,2,5,7,40,23,7,70,77,11,1,1,1,5,24,6,2,35,37,20,2,1,3,2,14,17,4,33,37,0,0,0,0,0,1,0,0,1,1,0,0,0,1,0,1,0,1,1,2,206,1,2,-57,181,New Orleans
2013,9,8,33,2,3,2,12,36,14,5,62,67,17,0,0,0,5,18,4,0,27,27,16,2,3,1,7,15,10,4,32,36,0,0,0,0,0,0,0,0,0,0,0,0,0,1,0,3,0,1,3,4,201,1,9,-56,182,New Orleans
2014,9,8,32,1,3,1,11,30,12,4,53,57,20,0,2,1,7,20,5,3,32,35,9,1,1,0,4,8,6,1,18,19,0,0,0,0,0,0,0,0,0,0,3,0,0,0,0,2,1,0,3,3,165,0,13,-55,183,New Orleans
2015,9,8,40,0,6,5,7,25,19,11,51,62,20,0,3,1,5,20,11,4,36,40,14,0,1,3,2,5,7,4,14,18,1,0,0,0,0,0,0,0,0,0,5,0,2,1,0,0,1,3,1,4,180,1,12,-54,184,New Orleans
2016,9,8,40,4,1,3,10,34,16,4,60,64,19,3,0,0,7,18,7,0,32,32,15,1,1,3,3,13,8,4,24,28,1,0,0,0,0,2,0,0,2,2,5,0,0,0,0,1,1,0,2,2,175,3,9,-59,179,New Orleans
2017,9,8,42,2,2,1,5,46,18,3,69,72,21,1,1,0,2,29,10,1,41,42,16,1,1,1,2,17,8,2,27,29,0,0,0,0,0,0,0,0,0,0,5,0,0,0,1,0,0,0,1,1,188,1,11,-58,180,New Orleans
2018,9,8,48,0,5,3,4,54,13,8,71,79,30,0,0,3,2,32,5,3,39,42,16,0,5,0,2,17,8,5,27,32,0,0,0,0,0,1,0,0,1,1,2,0,0,0,0,4,0,0,4,4,199,2,7,-57,181,New Orleans
2019,9,8,49,0,3,3,6,38,25,6,69,75,23,0,0,2,3,22,7,2,32,34,22,0,0,0,3,15,14,0,32,32,0,0,1,0,0,0,1,1,1,2,4,0,2,1,0,1,3,3,4,7,179,5,17,-56,182,New Orleans
2020,9,8,57,0,1,5,6,24,25,6,55,61,38,0,0,5,3,13,11,5,27,32,17,0,1,0,3,7,14,1,24,25,0,0,0,0,0,0,0,0,0,0,2,0,0,0,0,4,0,0,4,4,174,0,10,-54,184,New Orleans
2021,9,8,36,0,1,8,17,19,20,9,56,65,18,0,0,4,14,14,12,4,40,44,16,0,0,3,3,3,6,3,12,15,0,0,0,0,0,0,0,0,0,0,2,0,1,1,0,2,2,2,4,6,143,0,10,-60,178,New Orleans
2022,9,8,26,1,4,5,4,18,28,9,50,59,16,1,1,2,2,13,13,3,28,31,9,0,3,2,2,4,13,5,19,24,0,0,0,0,0,0,0,0,0,0,1,0,0,1,0,1,2,1,3,4,134,1,9,-59,179,New Orleans
2023,9,8,40,2,0,3,1,35,28,3,64,67,24,0,0,2,1,20,13,2,34,36,13,1,0,1,0,13,14,1,27,28,0,0,0,0,0,0,0,0,0,0,3,1,0,0,0,2,1,0,3,3,161,0,10,-58,180,New Orleans
2024,9,8,41,0,3,5,5,30,9,8,44,52,23,0,1,3,1,14,4,4,19,23,16,0,2,1,4,15,3,3,22,25,0,0,0,0,0,0,0,0,0,0,2,0,0,1,0,1,2,1,3,4,130,0,8,-56,182,New Orleans
2012,10,8,18,0,2,4,6,30,13,6,49,55,7,0,1,1,4,15,5,2,24,26,10,0,1,3,1,14,8,4,23,27,0,0,0,0,1,0,0,0,1,1,1,0,0,0,0,1,0,0,1,1,171,1,5,-27,211,New Orleans
2013,10,8,31,2,3,2,6,45,4,5,55,60,16,0,0,0,6,29,2,0,37,37,14,2,3,1,0,15,2,4,17,21,0,0,0,0,0,0,0,0,0,0,1,0,0,1,0,1,0,1,1,2,228,2,16,-26,212,New Orleans
2014,10,8,36,2,3,2,9,26,11,5,46,51,17,0,0,1,6,21,4,1,31,32,17,2,3,0,3,2,6,3,11,14,0,0,0,0,0,0,0,0,0,0,2,0,0,1,0,3,1,1,4,5,176,0,13,-25,213,New Orleans
2015,10,8,33,0,1,5,13,26,22,6,61,67,15,0,0,2,7,14,6,2,27,29,13,0,1,3,5,9,16,4,30,34,1,0,0,0,0,0,0,0,0,0,4,0,0,0,1,3,0,0,4,4,152,1,9,-24,214,New Orleans
2016,10,8,41,0,1,2,4,27,14,3,45,48,16,0,0,0,3,15,2,0,20,20,24,0,1,2,1,10,11,3,22,25,0,0,0,0,0,0,0,0,0,0,1,0,0,0,0,2,1,0,3,3,162,1,7,-29,209,New Orleans
2017,10,8,50,1,2,3,3,30,13,5,46,51,32,1,2,2,3,14,7,4,24,28,16,0,0,0,0,13,6,0,19,19,0,0,0,0,0,0,0,0,0,0,2,0,0,1,0,3,0,1,3,4,167,1,9,-28,210,New Orleans
2018,10,8,38,0,0,3,6,34,24,3,64,67,23,0,0,1,5,21,10,1,36,37,11,0,0,1,1,12,13,1,26,27,0,0,0,0,0,0,0,0,0,0,4,0,0,1,0,1,1,1,2,3,169,0,12,-27,211,New Orleans
2019,10,8,50,6,2,0,5,36,15,2,56,58,30,5,1,0,4,23,8,1,35,36,14,1,1,0,1,13,6,1,20,21,0,0,0,0,0,0,0,0,0,0,6,0,0,0,0,0,1,0,1,1,205,1,9,-26,212,New Orleans
2020,10,8,38,1,0,7,3,27,17,7,47,54,15,1,0,2,2,19,9,2,30,32,19,0,0,4,1,7,7,4,15,19,0,0,0,0,0,0,0,0,0,0,4,0,0,1,0,1,1,1,2,3,153,0,10,-24,214,New Orleans
2021,10,8,43,3,1,5,3,26,12,6,41,47,25,2,1,2,1,13,6,3,20,23,17,1,0,2,2,12,5,2,19,21,0,0,0,0,0,0,0,0,0,0,1,0,0,1,0,1,1,1,2,3,153,1,9,-30,208,New Orleans
2022,10,8,33,5,4,7,9,26,50,11,85,96,13,1,1,4,1,14,24,5,39,44,20,4,2,3,8,9,24,5,41,46,0,0,0,0,0,0,0,0,0,0,0,0,1,0,0,3,2,1,5,6,164,0,6,-29,209,New Orleans
2023,10,8,31,2,1,6,5,31,27,7,63,70,13,0,0,3,0,11,8,3,19,22,15,1,1,3,5,20,14,4,39,43,1,0,0,0,0,0,0,0,0,0,2,1,0,0,0,0,5,0,5,5,150,2,12,-28,210,New Orleans
2024,10,8,38,0,0,4,1,24,16,4,41,45,21,0,0,4,0,16,5,4,21,25,12,0,0,0,1,7,11,0,19,19,0,0,0,0,0,0,0,0,0,0,5,0,0,0,0,1,0,0,1,1,136,0,8,-26,212,New Orleans
2012,11,8,22,1,1,2,5,23,15,3,43,46,10,1,0,1,4,13,8,1,25,26,9,0,1,1,1,9,7,2,17,19,0,0,0,0,0,0,0,0,0,0,3,0,0,0,0,1,0,0,1,1,191,0,10,4,242,New Orleans
2013,11,8,30,3,4,0,9,26,21,4,56,60,13,0,3,0,6,17,6,3,29,32,15,2,1,0,3,7,12,1,22,23,0,0,0,0,0,0,2,0,2,2,2,1,0,0,0,2,1,0,3,3,171,3,9,5,243,New Orleans
2014,11,8,26,1,0,2,7,34,22,2,63,65,15,0,0,0,5,20,6,0,31,31,10,1,0,2,2,14,14,2,30,32,0,0,0,0,0,0,1,0,1,1,1,0,0,0,0,0,1,0,1,1,144,1,2,6,244,New Orleans
2015,11,8,47,1,3,1,8,28,15,4,51,55,18,1,0,1,3,15,6,1,24,25,24,0,2,0,4,10,9,2,23,25,0,0,0,0,0,0,0,0,0,0,5,0,1,0,1,3,0,1,4,5,158,1,15,7,245,New Orleans
2016,11,8,34,2,4,4,5,21,11,8,37,45,17,1,2,1,1,11,5,3,17,20,13,1,1,2,4,6,4,3,14,17,0,0,0,0,0,0,0,0,0,0,4,0,1,1,0,4,2,2,6,8,137,0,15,2,240,New Orleans
2017,11,8,34,0,3,4,6,37,8,7,51,58,15,0,2,0,4,23,2,2,29,31,15,0,0,4,1,12,4,4,17,21,1,0,0,0,0,1,1,0,2,2,3,0,1,0,1,1,1,1,3,4,178,3,12,3,241,New Orleans
2018,11,8,32,1,2,6,8,38,9,8,55,63,15,0,1,3,3,22,8,4,33,37,17,1,1,3,4,16,1,4,21,25,0,0,0,0,0,0,0,0,0,0,0,0,0,0,1,0,0,0,1,1,176,0,6,4,242,New Orleans
2019,11,8,36,2,1,1,9,44,27,2,80,82,13,1,0,1,5,23,10,1,38,39,18,1,1,0,3,16,16,1,35,36,2,0,0,0,0,1,1,0,2,2,3,0,0,0,1,4,0,0,5,5,198,4,11,5,243,New Orleans
2020,11,8,45,2,2,4,0,17,44,6,61,67,23,0,0,3,0,13,13,3,26,29,16,1,2,1,0,4,25,3,29,32,1,0,0,0,0,0,1,0,1,1,5,1,0,0,0,0,5,0,5,5,172,5,13,7,245,New Orleans
2021,11,8,48,3,1,2,4,26,18,3,48,51,29,1,1,2,3,18,6,3,27,30,13,2,0,0,1,7,10,0,18,18,1,0,0,0,0,0,1,0,1,1,5,0,0,0,0,1,1,0,2,2,154,3,11,1,239,New Orleans
2022,11,8,38,4,3,2,6,17,30,5,53,58,17,0,1,1,3,8,9,2,20,22,16,4,2,1,2,4,15,3,21,24,0,0,0,0,0,2,2,0,4,4,5,0,0,0,1,3,4,0,8,8,135,4,17,2,240,New Orleans
2023,11,8,26,1,0,2,6,29,24,2,59,61,17,0,0,0,2,18,4,0,24,24,8,1,0,2,4,9,19,2,32,34,0,0,0,0,0,0,0,0,0,0,1,0,0,0,0,2,1,0,3,3,142,1,9,3,241,New Orleans
2024,11,8,55,0,1,6,2,24,13,7,39,46,30,0,0,1,1,8,4,1,13,14,23,0,1,5,1,14,9,6,24,30,0,0,0,0,0,0,0,0,0,0,2,0,0,0,0,2,0,0,2,2,170,1,9,5,243,New Orleans
2012,12,8,20,4,2,2,6,31,18,4,55,59,10,0,0,0,3,14,8,0,25,25,9,3,2,2,3,13,9,4,25,29,0,0,0,0,0,0,0,0,0,0,1,1,0,0,0,4,1,0,5,5,171,0,13,34,272,New Orleans
2013,12,8,24,0,6,3,6,23,21,9,50,59,10,0,2,2,2,9,5,4,16,20,10,0,4,1,3,12,15,5,30,35,1,0,0,0,0,2,0,0,2,2,3,0,0,0,1,0,1,0,2,2,141,3,7,35,273,New Orleans
2014,12,8,20,0,6,4,15,29,21,10,65,75,7,0,2,0,8,22,7,2,37,39,12,0,4,4,6,6,14,8,26,34,0,0,0,0,0,0,0,0,0,0,1,0,0,0,1,1,0,0,2,2,173,0,8,36,274,New Orleans
2015,12,8,30,0,3,3,7,34,10,6,51,57,13,0,0,1,3,19,2,1,24,25,12,0,3,0,4,14,8,3,26,29,0,0,0,0,0,0,0,0,0,0,5,0,0,2,0,1,0,2,1,3,150,0,13,37,275,New Orleans
2016,12,8,29,1,7,1,7,26,19,8,52,60,13,0,3,1,7,12,7,4,26,30,12,1,2,0,0,13,12,2,25,27,0,0,0,0,0,0,0,0,0,0,4,0,2,0,0,1,0,2,1,3,160,1,14,32,270,New Orleans
2017,12,8,40,0,1,1,8,24,14,2,46,48,16,0,1,0,3,12,4,1,19,20,19,0,0,1,3,10,8,1,21,22,2,0,0,0,0,0,0,0,0,0,3,0,0,0,2,2,2,0,6,6,138,2,14,33,271,New Orleans
2018,12,8,52,0,0,6,3,51,44,6,98,104,25,0,0,3,1,20,19,3,40,43,23,0,0,3,2,29,24,3,55,58,0,0,0,0,0,0,0,0,0,0,4,0,0,0,0,2,1,0,3,3,222,1,10,34,272,New Orleans
2019,12,8,37,1,5,3,13,49,51,8,113,121,18,0,1,1,8,25,31,2,64,66,16,1,3,2,4,21,20,5,45,50,0,0,0,0,0,0,0,0,0,0,3,0,1,0,1,3,0,1,4,5,230,2,13,35,273,New Orleans
2020,12,8,34,5,5,6,3,19,38,11,60,71,20,2,1,1,1,11,18,2,30,32,10,3,3,2,2,8,17,5,27,32,1,0,0,0,0,0,2,0,2,2,3,0,1,3,0,0,1,4,1,5,164,3,9,37,275,New Orleans
2021,12,8,36,1,1,8,6,20,31,9,57,66,17,0,0,4,2,13,11,4,26,30,16,1,1,3,4,6,20,4,30,34,0,0,0,0,0,0,0,0,0,0,3,0,0,1,0,1,0,1,1,2,148,0,6,31,269,New Orleans
2022,12,8,27,2,1,3,5,25,23,4,53,57,13,0,0,2,3,15,6,2,24,26,12,2,1,1,1,8,16,2,25,27,1,0,0,0,0,0,1,0,1,1,1,0,0,0,1,2,0,0,3,3,140,4,6,32,270,New Orleans
2023,12,8,44,3,1,4,4,30,30,5,64,69,25,0,1,3,1,14,13,4,28,32,18,2,0,1,1,15,16,1,32,33,0,0,0,0,0,1,1,0,2,2,1,1,0,0,2,0,0,0,2,2,163,2,7,33,271,New Orleans
2024,12,8,29,2,0,7,5,24,12,7,41,48,16,1,0,1,1,10,3,1,14,15,12,1,0,6,4,13,8,6,25,31,0,0,0,0,0,0,0,0,0,0,1,0,0,0,0,1,1,0,2,2,119,1,4,35,273,New Orleans
2012,1,9,34,1,9,8,15,41,33,17,89,106,12,0,3,1,10,21,10,4,41,45,22,1,5,5,5,15,20,10,40,50,0,0,0,0,0,0,0,0,0,0,0,0,1,2,0,5,3,3,8,11,245,1,19,-300,-62,New Orleans
2013,1,9,29,0,3,1,12,25,12,4,49,53,14,0,1,0,6,17,1,1,24,25,12,0,1,1,5,6,11,2,22,24,1,0,0,0,0,1,0,0,1,1,2,0,1,0,1,1,0,1,2,3,183,2,19,-298,-60,New Orleans
2014,1,9,32,4,1,5,11,37,14,6,62,68,13,4,1,1,10,22,7,2,39,41,15,0,0,3,1,10,7,3,18,21,0,0,0,0,0,0,0,0,0,0,4,0,0,1,0,5,0,1,5,6,217,2,17,-297,-59,New Orleans
2015,1,9,31,2,4,5,6,27,20,9,53,62,11,1,0,2,3,16,9,2,28,30,18,1,3,2,3,11,10,5,24,29,0,0,0,0,0,0,1,0,1,1,2,0,1,1,0,0,0,2,0,2,164,1,12,-296,-58,New Orleans
2016,1,9,30,0,5,3,4,21,16,8,41,49,12,0,4,0,3,13,3,4,19,23,15,0,1,2,1,7,12,3,20,23,0,0,0,0,0,0,0,0,0,0,3,0,0,1,0,1,1,1,2,3,150,0,9,-302,-64,New Orleans
2017,1,9,32,1,1,0,5,29,14,1,48,49,10,0,1,0,3,17,6,1,26,27,17,0,0,0,2,12,8,0,22,22,0,0,0,0,0,0,0,0,0,0,5,1,0,0,0,0,0,0,0,0,153,1,11,-300,-62,New Orleans
2018,1,9,50,1,1,6,6,32,13,7,51,58,21,1,0,2,3,20,5,2,28,30,25,0,1,3,3,11,8,4,22,26,1,0,0,0,0,0,0,0,0,0,3,0,0,1,0,1,0,1,1,2,199,1,13,-299,-61,New Orleans
2019,1,9,42,0,5,3,14,27,18,8,59,67,17,0,1,2,7,17,4,3,28,31,21,0,2,0,7,8,12,2,27,29,0,0,0,0,0,0,0,0,0,0,4,0,2,1,0,2,2,3,4,7,188,0,16,-298,-60,New Orleans
2020,1,9,27,0,4,7,5,21,19,11,45,56,10,0,2,0,3,11,8,2,22,24,17,0,2,6,2,9,9,8,20,28,0,0,0,0,0,0,0,0,0,0,0,0,0,1,0,1,2,1,3,4,116,0,10,-297,-59,New Orleans
2021,1,9,30,1,3,5,7,11,77,8,95,103,11,0,0,1,4,6,30,1,40,41,17,0,3,3,3,4,45,6,52,58,0,0,0,0,0,0,0,0,0,0,2,1,0,1,0,1,2,1,3,4,181,0,12,-302,-64,New Orleans
2022,1,9,40,1,2,9,5,20,49,11,74,85,25,0,1,2,2,7,14,3,23,26,13,1,1,7,3,12,34,8,49,57,0,0,0,0,0,0,1,0,1,1,2,0,0,0,0,1,0,0,1,1,181,3,6,-301,-63,New Orleans
2023,1,9,34,5,4,4,12,30,78,8,120,128,16,0,1,1,6,19,31,2,56,58,16,5,3,3,6,11,44,6,61,67,0,0,0,0,0,0,1,0,1,1,2,0,0,0,0,0,2,0,2,2,222,1,9,-300,-62,New Orleans
2024,1,9,42,1,0,1,5,29,26,1,60,61,23,0,0,0,0,24,9,0,33,33,17,1,0,1,5,5,11,1,21,22,0,0,0,0,0,0,2,0,2,2,2,0,0,0,0,0,4,0,4,4,157,3,8,-299,-61,New Orleans
2012,2,9,21,1,0,2,4,25,8,2,37,39,9,0,0,1,3,14,5,1,22,23,11,1,0,1,1,8,3,1,12,13,0,0,0,0,0,0,0,0,0,0,1,0,0,0,0,3,0,0,3,3,157,0,11,-269,-31,New Orleans
2013,2,9,28,7,2,2,8,77,13,4,98,102,14,1,1,1,5,28,1,2,34,36,13,6,1,1,1,45,10,2,56,58,0,0,0,0,0,0,1,0,1,1,1,0,0,0,2,4,1,0,7,7,259,1,19,-267,-29,New Orleans
2014,2,9,23,1,11,2,5,29,26,13,60,73,4,0,6,1,3,13,8,7,24,31,15,1,5,0,2,14,18,5,34,39,0,0,0,0,0,0,0,0,0,0,4,0,0,1,0,2,0,1,2,3,168,4,12,-266,-28,New Orleans
2015,2,9,30,2,2,1,8,48,18,3,74,77,11,1,1,1,6,32,9,2,47,49,17,1,1,0,2,14,7,1,23,24,1,0,0,0,0,0,0,0,0,0,1,0,0,0,0,2,2,0,4,4,171,2,9,-265,-27,New Orleans
2016,2,9,45,2,2,5,6,69,25,7,100,107,18,1,0,3,2,30,14,3,46,49,20,1,1,2,3,35,7,3,45,48,1,0,0,0,1,0,2,0,3,3,6,0,1,0,0,4,2,1,6,7,236,5,22,-271,-33,New Orleans
2017,2,9,30,2,4,1,6,35,11,5,52,57,11,2,1,0,5,24,4,1,33,34,13,0,3,0,1,9,6,3,16,19,0,0,0,0,0,1,0,0,1,1,6,0,0,1,0,1,1,1,2,3,175,2,11,-269,-31,New Orleans
2018,2,9,55,1,2,3,1,87,23,5,111,116,22,0,0,2,0,22,8,2,30,32,28,1,2,1,1,61,14,3,76,79,0,0,0,0,0,0,0,0,0,0,5,0,0,0,0,4,1,0,5,5,276,1,19,-268,-30,New Orleans
2019,2,9,53,1,1,3,10,44,31,4,85,89,20,0,1,2,4,22,13,3,39,42,28,1,0,0,5,18,17,0,40,40,1,0,0,0,0,1,0,0,1,1,4,0,0,1,1,3,1,1,5,6,223,3,15,-267,-29,New Orleans
2020,2,9,54,0,5,4,5,24,14,9,43,52,21,0,1,2,1,9,3,3,13,16,28,0,4,0,4,14,11,4,29,33,1,0,0,0,0,0,0,0,0,0,4,0,0,2,0,1,0,2,1,3,155,1,13,-266,-28,New Orleans
2021,2,9,34,0,2,1,6,21,15,3,42,45,17,0,0,0,3,14,9,0,26,26,12,0,2,0,1,6,5,2,12,14,1,0,0,0,1,0,0,0,1,1,4,0,0,1,1,1,1,1,3,4,129,2,10,-271,-33,New Orleans
2022,2,9,38,3,4,10,8,24,19,14,51,65,14,2,1,3,3,17,7,4,27,31,23,1,1,5,3,7,11,6,21,27,0,0,0,0,1,0,0,0,1,1,1,0,2,2,1,0,1,4,2,6,166,2,10,-270,-32,New Orleans
2023,2,9,48,1,0,3,2,17,23,3,42,45,25,0,0,1,1,7,11,1,19,20,22,1,0,2,1,7,9,2,17,19,0,0,0,0,0,0,0,0,0,0,1,0,0,0,0,3,3,0,6,6,142,2,8,-269,-31,New Orleans
2024,2,9,36,5,1,5,3,143,28,6,174,180,24,0,0,3,2,47,10,3,59,62,11,4,1,2,1,89,15,3,105,108,1,0,0,0,0,2,0,0,2,2,0,1,0,0,0,5,3,0,8,8,284,3,12,-268,-30,New Orleans
2012,3,9,23,2,1,0,8,35,6,1,49,50,13,1,0,0,5,22,3,0,30,30,10,1,1,0,2,11,3,1,16,17,0,0,0,0,0,1,0,0,1,1,0,0,0,0,1,1,0,0,2,2,187,1,8,-240,-2,New Orleans
2013,3,9,24,1,4,0,10,37,9,4,56,60,12,1,1,0,5,19,3,1,27,28,11,0,3,0,4,17,6,3,27,30,0,0,0,0,1,0,0,0,1,1,1,0,0,0,0,1,0,0,1,1,161,1,6,-239,-1,New Orleans
2014,3,9,26,2,5,3,2,15,8,8,25,33,13,2,1,1,1,8,4,2,13,15,12,0,4,2,1,7,4,6,12,18,0,0,0,0,0,0,0,0,0,0,1,0,0,0,0,0,0,0,0,0,128,0,8,-238,0,New Orleans
2015,3,9,28,3,2,4,7,27,20,6,54,60,13,1,0,2,4,20,5,2,29,31,12,2,2,1,2,5,14,3,21,24,2,0,0,0,1,1,0,0,2,2,1,0,0,1,0,1,1,1,2,3,170,5,7,-237,1,New Orleans
2016,3,9,45,1,0,4,4,31,17,4,52,56,23,0,0,2,2,21,4,2,27,29,20,1,0,2,0,10,11,2,21,23,0,0,0,0,0,0,0,0,0,0,2,0,0,0,2,0,2,0,4,4,166,0,10,-242,-4,New Orleans
2017,3,9,40,0,3,4,5,41,11,7,57,64,19,0,1,1,2,26,4,2,32,34,20,0,1,2,2,13,5,3,20,23,0,0,0,0,0,0,1,0,1,1,1,0,1,1,1,2,1,2,4,6,188,1,13,-241,-3,New Orleans
2018,3,9,54,0,3,5,3,37,12,8,52,60,27,0,1,2,1,21,3,3,25,28,20,0,2,3,2,15,6,5,23,28,0,0,0,0,0,1,1,0,2,2,7,0,0,0,0,0,2,0,2,2,186,3,17,-240,-2,New Orleans
2019,3,9,61,1,0,12,3,35,26,12,64,76,28,1,0,7,0,21,14,7,35,42,27,0,0,4,3,10,12,4,25,29,1,0,0,0,0,0,0,0,0,0,5,0,0,1,0,4,0,1,4,5,208,1,15,-239,-1,New Orleans
2020,3,9,48,4,6,4,9,28,20,10,57,67,23,3,2,2,4,16,7,4,27,31,20,1,4,2,5,11,13,6,29,35,0,0,0,0,0,0,0,0,0,0,5,0,0,0,0,1,0,0,1,1,184,0,11,-237,1,New Orleans
2021,3,9,42,1,3,5,5,20,18,8,43,51,27,1,2,2,2,13,7,4,22,26,14,0,1,2,3,5,10,3,18,21,0,0,0,1,0,0,0,1,0,1,1,0,0,0,0,2,1,0,3,3,148,1,7,-243,-5,New Orleans
2022,3,9,48,0,2,3,2,20,21,5,43,48,31,0,2,1,1,14,11,3,26,29,12,0,0,2,1,6,9,2,16,18,0,0,0,0,0,0,0,0,0,0,5,0,0,0,0,0,1,0,1,1,158,0,12,-242,-4,New Orleans
2023,3,9,31,3,0,2,4,15,17,2,36,38,16,1,0,1,1,6,5,1,12,13,13,2,0,1,3,8,11,1,22,23,1,0,0,0,0,1,0,0,1,1,1,0,0,0,0,0,1,0,1,1,130,2,2,-241,-3,New Orleans
2024,3,9,39,2,0,9,4,37,16,9,57,66,15,0,0,3,2,22,11,3,35,38,18,2,0,6,2,13,5,6,20,26,1,0,0,0,0,1,0,0,1,1,5,0,0,0,0,1,0,0,1,1,148,2,8,-239,-1,New Orleans
2012,4,9,40,1,1,0,9,36,13,1,58,59,23,1,0,0,7,28,4,0,39,39,14,0,1,0,2,7,9,1,18,19,1,0,0,0,0,0,0,0,0,0,2,0,0,0,0,1,0,0,1,1,223,2,15,-209,29,New Orleans
2013,4,9,30,0,2,2,7,25,11,4,43,47,17,0,2,1,5,19,3,3,27,30,9,0,0,1,2,5,8,1,15,16,0,0,0,0,0,0,0,0,0,0,4,0,0,0,0,1,0,0,1,1,164,0,11,-208,30,New Orleans
2014,4,9,33,3,2,0,6,37,8,2,51,53,17,1,1,0,4,29,3,1,36,37,12,1,1,0,1,7,4,1,12,13,0,0,0,0,0,0,0,0,0,0,4,1,0,0,1,1,1,0,3,3,176,0,11,-207,31,New Orleans
2015,4,9,40,2,2,3,5,33,8,5,46,51,27,1,1,1,4,21,2,2,27,29,8,1,1,1,1,9,6,2,16,18,1,0,0,1,0,0,0,1,0,1,4,0,0,0,0,3,0,0,3,3,155,2,13,-206,32,New Orleans
2016,4,9,30,1,0,1,5,41,19,1,65,66,13,1,0,1,3,21,4,1,28,29,14,0,0,0,2,18,15,0,35,35,0,0,0,0,0,0,0,0,0,0,3,0,0,0,0,2,0,0,2,2,153,0,9,-211,27,New Orleans
2017,4,9,43,1,3,5,3,43,13,8,59,67,21,0,2,4,2,28,8,6,38,44,20,1,1,1,1,15,5,2,21,23,0,0,0,0,0,0,0,0,0,0,2,0,0,0,0,0,0,0,0,0,170,0,3,-210,28,New Orleans
2018,4,9,44,1,1,5,1,39,19,6,59,65,28,0,0,2,1,25,5,2,31,33,13,1,1,3,0,12,13,4,25,29,0,0,0,0,0,1,0,0,1,1,3,0,0,0,0,1,1,0,2,2,197,1,19,-209,29,New Orleans
2019,4,9,48,1,1,7,6,39,26,8,71,79,27,0,0,3,1,28,6,3,35,38,16,1,1,4,5,8,18,5,31,36,0,0,0,0,0,0,0,0,0,0,5,0,0,0,0,3,2,0,5,5,214,1,17,-208,30,New Orleans
2020,4,9,47,2,2,5,7,21,16,7,44,51,27,1,1,4,2,17,4,5,23,28,16,1,0,1,5,3,11,1,19,20,0,0,0,0,0,0,1,0,1,1,4,0,1,0,0,1,0,1,1,2,143,1,8,-206,32,New Orleans
2021,4,9,42,3,1,13,2,23,28,14,53,67,23,2,1,9,1,13,10,10,24,34,18,1,0,4,1,10,14,4,25,29,0,0,0,0,0,0,0,0,0,0,1,0,0,0,0,0,4,0,4,4,184,0,10,-212,26,New Orleans
2022,4,9,34,1,2,7,4,39,20,9,63,72,18,0,1,5,1,15,8,6,24,30,11,0,1,0,3,22,12,1,37,38,1,0,0,0,0,0,0,0,0,0,4,1,0,2,0,2,0,2,2,4,151,1,11,-211,27,New Orleans
2023,4,9,32,2,3,8,2,18,53,11,73,84,14,2,2,6,0,10,15,8,25,33,18,0,1,1,2,8,35,2,45,47,0,0,0,0,0,0,0,0,0,0,0,0,0,1,0,0,3,1,3,4,157,1,7,-210,28,New Orleans
2024,4,9,38,4,1,4,4,18,11,5,33,38,21,4,0,2,0,15,3,2,18,20,15,0,1,1,3,0,8,2,11,13,0,0,0,0,0,1,0,0,1,1,2,0,0,1,1,2,0,1,3,4,128,1,7,-208,30,New Orleans
2012,5,9,22,3,2,1,6,40,6,3,52,55,12,2,1,0,4,33,3,1,40,41,8,0,1,1,2,7,3,2,12,14,0,0,0,0,0,0,0,0,0,0,2,1,0,0,0,0,0,0,0,0,226,0,8,-179,59,New Orleans
2013,5,9,27,0,0,1,8,26,11,1,45,46,12,0,0,1,5,20,6,1,31,32,13,0,0,0,3,5,4,0,12,12,0,0,0,0,0,0,0,0,0,0,2,0,0,0,0,1,1,0,2,2,138,1,7,-178,60,New Orleans
2014,5,9,32,1,5,5,7,39,10,10,56,66,16,1,3,3,6,32,5,6,43,49,14,0,1,1,1,5,5,2,11,13,0,0,0,0,0,0,0,0,0,0,2,0,1,1,0,2,0,2,2,4,192,1,8,-177,61,New Orleans
2015,5,9,29,2,2,2,4,30,12,4,46,50,16,0,1,2,2,11,4,3,17,20,13,1,1,0,2,18,6,1,26,27,0,0,0,0,0,0,0,0,0,0,0,1,0,0,0,1,2,0,3,3,144,0,10,-176,62,New Orleans
2016,5,9,33,2,3,5,12,32,12,8,56,64,22,1,1,3,9,24,4,4,37,41,7,0,2,1,3,6,6,3,15,18,0,0,0,0,0,0,0,0,0,0,4,1,0,1,0,2,2,1,4,5,167,0,15,-181,57,New Orleans
2017,5,9,46,1,2,6,3,32,24,8,59,67,25,1,1,5,2,25,10,6,37,43,14,0,1,1,0,7,13,2,20,22,0,0,0,0,1,0,0,0,1,1,7,0,0,0,0,0,1,0,1,1,203,2,12,-180,58,New Orleans
2018,5,9,47,3,2,3,9,38,14,5,61,66,34,1,0,2,7,27,3,2,37,39,10,2,1,0,2,10,11,1,23,24,0,0,0,0,0,0,0,0,0,0,3,0,1,1,0,1,0,2,1,3,241,1,15,-179,59,New Orleans
2019,5,9,50,2,0,4,2,33,17,4,52,56,26,0,0,1,2,23,7,1,32,33,11,2,0,2,0,9,8,2,17,19,2,0,0,0,0,0,1,0,1,1,11,0,0,1,0,1,1,1,2,3,185,3,24,-178,60,New Orleans
2020,5,9,45,2,1,3,4,12,16,4,32,36,24,0,0,0,2,9,6,0,17,17,15,2,1,3,1,3,10,4,14,18,0,0,0,0,0,0,0,0,0,0,6,0,0,0,1,0,0,0,1,1,117,0,11,-176,62,New Orleans
2021,5,9,59,1,2,10,8,19,43,12,70,82,27,1,0,7,4,9,20,7,33,40,25,0,1,2,3,8,21,3,32,35,0,0,0,0,0,0,2,0,2,2,7,0,1,1,1,2,0,2,3,5,207,4,16,-182,56,New Orleans
2022,5,9,29,2,2,7,5,21,30,9,56,65,16,1,1,3,5,13,16,4,34,38,12,1,1,4,0,8,12,5,20,25,0,0,0,0,0,0,0,0,0,0,1,0,0,0,0,0,2,0,2,2,157,0,7,-181,57,New Orleans
2023,5,9,42,1,0,3,1,31,33,3,65,68,24,1,0,2,0,23,11,2,34,36,13,0,0,1,1,7,20,1,28,29,0,0,0,0,0,0,1,0,1,1,5,0,0,0,0,1,1,0,2,2,158,2,10,-180,58,New Orleans
2024,5,9,43,3,0,0,2,31,15,0,48,48,28,3,0,0,2,21,4,0,27,27,14,0,0,0,0,9,10,0,19,19,0,0,0,0,0,0,0,0,0,0,1,0,0,0,0,1,1,0,2,2,149,0,4,-178,60,New Orleans
2012,6,9,26,0,6,1,5,32,18,7,55,62,16,0,2,1,3,22,4,3,29,32,6,0,4,0,2,9,14,4,25,29,0,0,0,0,0,0,0,0,0,0,4,0,0,0,0,1,0,0,1,1,166,0,15,-148,90,New Orleans
2013,6,9,32,0,3,3,8,37,7,6,52,58,22,0,1,1,2,18,3,2,23,25,7,0,2,2,5,19,3,4,27,31,0,0,0,0,0,0,0,0,0,0,3,0,0,0,1,0,1,0,2,2,158,0,12,-147,91,New Orleans
2014,6,9,27,1,3,0,9,33,24,3,66,69,17,0,2,0,7,22,11,2,40,42,7,0,1,0,2,11,11,1,24,25,0,0,0,0,0,0,2,0,2,2,3,1,0,0,0,0,0,0,0,0,216,2,15,-146,92,New Orleans
2015,6,9,32,0,2,3,13,33,14,5,60,65,25,0,0,1,8,22,6,1,36,37,7,0,1,1,5,8,8,2,21,23,0,0,0,0,0,0,0,0,0,0,0,0,1,1,0,3,0,2,3,5,174,1,9,-145,93,New Orleans
2016,6,9,26,1,4,5,6,29,14,9,49,58,13,0,2,0,1,25,6,2,32,34,12,0,2,2,5,3,7,4,15,19,0,0,0,0,0,0,0,0,0,0,1,1,0,3,0,1,1,3,2,5,134,0,15,-150,88,New Orleans
2017,6,9,40,0,5,3,5,37,13,8,55,63,24,0,4,3,4,26,4,7,34,41,12,0,1,0,1,9,9,1,19,20,0,0,0,0,0,0,0,0,0,0,4,0,0,0,0,2,0,0,2,2,187,0,11,-149,89,New Orleans
2018,6,9,54,1,4,4,7,37,30,8,74,82,27,1,2,1,1,17,16,3,34,37,21,0,2,3,6,16,14,5,36,41,0,0,0,0,0,0,0,0,0,0,6,0,0,0,0,4,0,0,4,4,212,0,14,-148,90,New Orleans
2019,6,9,42,0,2,9,5,36,27,11,68,79,17,0,2,3,2,27,10,5,39,44,22,0,0,4,2,8,16,4,26,30,0,0,0,1,0,0,0,1,0,1,3,0,0,1,1,1,1,1,3,4,194,1,10,-147,91,New Orleans
2020,6,9,55,1,1,5,4,16,15,6,35,41,40,1,1,3,1,15,7,4,23,27,10,0,0,2,3,0,5,2,8,10,1,0,0,0,0,0,0,0,0,0,4,0,0,0,0,1,3,0,4,4,147,1,11,-145,93,New Orleans
2021,6,9,49,2,4,4,1,24,10,8,35,43,29,2,4,3,0,18,4,7,22,29,18,0,0,1,1,6,6,1,13,14,0,0,0,0,0,0,0,0,0,0,2,0,0,0,0,0,0,0,0,0,163,0,7,-151,87,New Orleans
2022,6,9,23,1,0,8,6,24,24,8,54,62,16,0,0,6,2,20,13,6,35,41,6,1,0,1,3,4,7,1,14,15,1,0,0,0,0,0,0,0,0,0,0,0,0,1,1,0,4,1,5,6,138,1,9,-150,88,New Orleans
2023,6,9,32,2,4,8,4,36,20,12,60,72,17,1,3,5,2,20,12,8,34,42,13,0,1,3,2,15,8,4,25,29,0,0,0,0,0,0,0,0,0,0,2,1,0,0,0,1,0,0,1,1,151,0,7,-149,89,New Orleans
2024,6,9,36,0,0,3,8,28,25,3,61,64,25,0,0,2,5,9,10,2,24,26,9,0,0,0,3,17,11,0,31,31,0,0,0,0,0,0,0,0,0,0,2,0,0,1,0,2,4,1,6,7,146,0,14,-147,91,New Orleans
2012,7,9,30,3,4,6,7,28,12,10,47,57,16,1,2,4,3,19,6,6,28,34,11,1,2,0,4,8,6,2,18,20,0,1,0,0,0,0,0,0,0,0,3,0,0,2,0,1,0,2,1,3,234,3,12,-118,120,New Orleans
2013,7,9,30,4,1,2,11,30,11,3,52,55,20,4,1,1,6,24,5,2,35,37,8,0,0,1,5,4,6,1,15,16,0,0,0,0,0,0,0,0,0,0,2,0,0,0,0,2,0,0,2,2,197,0,9,-117,121,New Orleans
2014,7,9,25,2,3,2,10,45,15,5,70,75,10,1,1,0,7,31,6,1,44,45,13,1,2,2,3,11,9,4,23,27,0,0,0,0,0,1,0,0,1,1,2,0,0,0,0,2,0,0,2,2,199,2,15,-116,122,New Orleans
2015,7,9,31,3,3,2,11,29,12,5,52,57,18,1,0,2,5,14,7,2,26,28,10,1,3,0,4,14,5,3,23,26,0,0,0,0,0,0,0,0,0,0,3,1,0,0,2,1,0,0,3,3,161,0,10,-115,123,New Orleans
2016,7,9,39,1,2,3,10,24,11,5,45,50,21,0,1,2,4,11,4,3,19,22,15,1,1,1,5,11,7,2,23,25,0,0,0,0,0,0,0,0,0,0,3,0,0,0,1,2,0,0,3,3,141,1,10,-120,118,New Orleans
2017,7,9,49,2,4,6,5,39,17,10,61,71,20,0,3,2,4,16,7,5,27,32,19,1,0,4,1,18,9,4,28,32,0,0,0,0,0,1,0,0,1,1,10,1,1,0,0,4,1,1,5,6,181,1,25,-119,119,New Orleans
2018,7,9,47,1,0,3,7,43,17,3,67,70,21,1,0,1,4,32,9,1,45,46,22,0,0,1,2,7,8,1,17,18,1,0,0,0,0,2,0,0,2,2,3,0,0,1,1,2,0,1,3,4,215,4,12,-118,120,New Orleans
2019,7,9,48,1,1,2,6,26,14,3,46,49,28,1,0,2,3,20,5,2,28,30,13,0,1,0,2,5,5,1,12,13,0,0,0,0,0,0,1,0,1,1,7,0,0,0,1,1,3,0,5,5,179,1,18,-117,121,New Orleans
2020,7,9,57,1,6,3,8,24,26,9,58,67,38,1,4,2,3,14,8,6,25,31,14,0,2,1,5,5,17,3,27,30,0,0,0,0,0,1,0,0,1,1,5,0,0,0,0,4,1,0,5,5,175,3,12,-115,123,New Orleans
2021,7,9,43,1,3,7,5,25,23,10,53,63,20,1,3,5,3,18,10,8,31,39,21,0,0,1,2,7,11,1,20,21,0,0,0,0,0,0,0,0,0,0,2,0,0,1,0,0,2,1,2,3,152,0,7,-121,117,New Orleans
2022,7,9,30,2,5,6,7,18,36,11,61,72,15,1,1,4,2,6,15,5,23,28,11,1,4,2,5,8,21,6,34,40,2,0,0,0,0,0,0,0,0,0,2,0,0,0,0,4,0,0,4,4,145,2,7,-120,118,New Orleans
2023,7,9,36,6,0,4,5,20,31,4,56,60,23,5,0,2,3,10,14,2,27,29,12,1,0,2,2,6,14,2,22,24,0,0,0,0,0,1,0,0,1,1,1,0,0,0,0,3,3,0,6,6,141,1,10,-119,119,New Orleans
2024,7,9,24,1,6,2,7,26,16,8,49,57,9,1,3,1,3,19,8,4,30,34,11,0,2,1,4,5,8,3,17,20,0,0,1,0,0,0,0,1,0,1,4,0,0,0,0,2,0,0,2,2,136,1,13,-117,121,New Orleans
2012,8,9,33,0,2,4,14,24,9,6,47,53,13,0,1,4,9,12,5,5,26,31,15,0,0,0,4,10,4,0,18,18,1,0,0,0,1,0,0,0,1,1,4,0,1,0,0,2,0,1,2,3,198,2,11,-87,151,New Orleans
2013,8,9,26,3,1,2,10,47,18,3,75,78,17,3,0,1,7,28,8,1,43,44,6,0,1,1,3,15,6,2,24,26,0,0,0,0,0,0,1,0,1,1,3,0,0,0,0,4,3,0,7,7,195,1,20,-86,152,New Orleans
2014,8,9,29,1,2,7,1,37,11,9,49,58,14,0,0,3,0,23,7,3,30,33,11,1,0,4,1,12,4,4,17,21,1,0,0,0,0,0,0,0,0,0,3,0,2,0,0,2,0,2,2,4,154,1,10,-85,153,New Orleans
2015,8,9,52,1,6,3,6,24,9,9,39,48,29,0,3,1,3,14,7,4,24,28,18,1,2,1,2,7,0,3,9,12,2,0,0,1,0,1,0,1,1,2,3,0,1,0,1,2,2,1,5,6,153,4,13,-84,154,New Orleans
2016,8,9,34,1,5,3,7,35,9,8,51,59,24,1,1,1,5,28,5,2,38,40,9,0,4,2,2,6,3,6,11,17,0,0,0,0,0,1,1,0,2,2,1,0,0,0,0,0,0,0,0,0,149,3,7,-89,149,New Orleans
2017,8,9,46,4,2,1,3,28,10,3,41,44,32,4,0,0,1,20,4,0,25,25,12,0,1,1,1,6,5,2,12,14,0,0,0,0,1,1,1,0,3,3,2,0,1,0,0,1,0,1,1,2,188,3,15,-88,150,New Orleans
2018,8,9,37,0,1,4,4,34,12,5,50,55,21,0,1,2,4,22,8,3,34,37,13,0,0,1,0,9,3,1,12,13,0,0,0,0,0,0,0,0,0,0,3,0,0,1,0,3,1,1,4,5,181,0,16,-87,151,New Orleans
2019,8,9,50,2,1,4,8,45,16,5,69,74,31,0,0,2,3,27,6,2,36,38,16,1,1,0,4,11,8,1,23,24,0,1,0,0,1,0,0,0,1,1,3,0,0,2,0,7,2,2,9,11,196,4,20,-86,152,New Orleans
2020,8,9,51,2,1,10,6,19,35,11,60,71,32,1,1,5,4,15,13,6,32,38,16,0,0,5,2,1,17,5,20,25,0,0,0,0,0,0,5,0,5,5,3,1,0,0,0,3,0,0,3,3,178,6,11,-84,154,New Orleans
2021,8,9,40,1,1,5,4,26,15,6,45,51,29,0,1,2,2,15,7,3,24,27,7,1,0,1,2,8,7,1,17,18,1,0,0,0,0,0,1,0,1,1,3,0,0,2,0,3,0,2,3,5,152,3,11,-90,148,New Orleans
2022,8,9,34,4,3,7,1,21,6,10,28,38,24,2,2,4,0,15,2,6,17,23,9,2,1,2,1,5,4,3,10,13,1,0,0,1,0,0,0,1,0,1,0,0,0,0,0,1,0,0,1,1,130,2,2,-89,149,New Orleans
2023,8,9,40,1,1,3,5,16,12,4,33,37,24,1,1,2,4,11,1,3,16,19,10,0,0,1,0,3,11,1,14,15,1,0,0,0,1,1,0,0,2,2,5,0,0,0,0,1,0,0,1,1,126,4,10,-88,150,New Orleans
2024,8,9,32,0,1,5,4,29,13,6,46,52,21,0,0,1,3,16,5,1,24,25,10,0,1,4,1,12,8,5,21,26,0,0,0,0,0,1,0,0,1,1,1,0,0,0,0,0,0,0,0,0,134,1,5,-86,152,New Orleans
2012,9,9,43,5,5,5,7,30,20,10,57,67,17,1,2,1,5,15,5,3,25,28,25,4,3,4,1,14,13,7,28,35,0,0,0,0,0,0,0,0,0,0,1,0,0,0,1,1,2,0,4,4,216,0,16,-56,182,New Orleans
2013,9,9,27,1,3,2,12,30,13,5,55,60,13,0,0,2,10,25,6,2,41,43,12,1,3,0,1,4,4,3,9,12,0,0,0,0,0,0,1,0,1,1,2,0,0,0,1,1,2,0,4,4,183,2,15,-55,183,New Orleans
2014,9,9,37,3,2,2,12,30,20,4,62,66,23,2,1,0,6,16,12,1,34,35,10,1,1,2,5,10,7,3,22,25,1,0,0,0,0,1,0,0,1,1,3,0,0,0,1,3,1,0,5,5,199,2,20,-54,184,New Orleans
2015,9,9,35,0,6,1,8,30,9,7,47,54,28,0,3,1,6,20,5,4,31,35,4,0,3,0,2,9,3,3,14,17,0,0,0,0,0,0,0,0,0,0,3,0,0,0,0,1,1,0,2,2,183,2,12,-53,185,New Orleans
2016,9,9,38,2,4,1,5,34,12,5,51,56,21,1,2,1,3,25,6,3,34,37,15,1,2,0,2,9,6,2,17,19,0,0,0,0,0,0,0,0,0,0,2,0,0,0,0,0,0,0,0,0,166,0,6,-58,180,New Orleans
2017,9,9,50,3,2,5,3,40,12,7,55,62,26,2,0,3,2,19,6,3,27,30,21,1,1,1,1,17,6,2,24,26,1,0,0,0,0,0,0,0,0,0,2,0,1,1,0,4,0,2,4,6,187,2,13,-57,181,New Orleans
2018,9,9,59,1,0,3,5,44,26,3,75,78,32,1,0,1,2,24,15,1,41,42,25,0,0,1,3,18,10,1,31,32,0,0,0,1,0,1,0,1,1,2,2,0,0,0,0,1,1,0,2,2,202,3,9,-56,182,New Orleans
2019,9,9,49,2,2,5,5,27,23,7,55,62,26,1,1,1,3,19,14,2,36,38,16,0,1,2,2,6,5,3,13,16,0,0,0,0,0,0,2,0,2,2,7,1,0,2,0,2,2,2,4,6,208,3,23,-55,183,New Orleans
2020,9,9,59,1,1,4,6,20,17,5,43,48,34,0,1,4,1,13,8,5,22,27,23,1,0,0,5,6,8,0,19,19,1,0,0,0,0,0,0,0,0,0,1,0,0,0,0,1,1,0,2,2,172,1,6,-53,185,New Orleans
2021,9,9,37,1,0,4,14,23,14,4,51,55,20,0,0,4,8,18,10,4,36,40,14,0,0,0,5,4,4,0,13,13,0,0,0,0,0,0,0,0,0,0,3,1,0,0,1,1,0,0,2,2,135,0,12,-59,179,New Orleans
2022,9,9,33,4,2,8,5,20,11,10,36,46,20,1,0,2,4,12,1,2,17,19,7,3,2,3,1,6,10,5,17,22,0,0,0,0,0,0,0,0,0,0,6,0,0,3,0,2,0,3,2,5,134,0,14,-58,180,New Orleans
2023,9,9,57,0,0,5,7,38,34,5,79,84,36,0,0,4,4,15,14,4,33,37,19,0,0,1,3,19,18,1,40,41,1,0,0,0,0,1,1,0,2,2,1,0,0,0,0,3,1,0,4,4,189,4,7,-57,181,New Orleans
2024,9,9,50,1,3,6,5,22,12,9,39,48,36,1,2,4,3,19,5,6,27,33,13,0,1,2,2,3,7,3,12,15,0,0,0,0,0,0,0,0,0,0,1,0,0,0,0,0,0,0,0,0,146,0,1,-55,183,New Orleans
2012,10,9,19,3,0,1,11,18,9,1,38,39,9,0,0,0,8,13,3,0,24,24,10,2,0,1,3,5,4,1,12,13,0,1,0,0,0,0,0,0,0,0,0,0,0,0,0,0,2,0,2,2,200,11,6,-26,212,New Orleans
2013,10,9,34,0,3,2,8,28,8,5,44,49,10,0,1,0,7,19,6,1,32,33,22,0,1,2,1,8,2,3,11,14,0,0,0,0,0,0,0,0,0,0,2,0,1,0,0,1,0,1,1,2,187,0,14,-25,213,New Orleans
2014,10,9,35,1,3,4,13,25,11,7,49,56,13,1,2,2,8,19,4,4,31,35,21,0,1,2,5,3,7,3,15,18,0,0,0,0,0,0,0,0,0,0,1,0,0,0,0,3,0,0,3,3,161,0,10,-24,214,New Orleans
2015,10,9,39,2,5,3,4,31,15,8,50,58,17,1,2,2,3,25,6,4,34,38,21,1,3,1,1,4,9,4,14,18,0,0,0,0,0,1,0,0,1,1,1,0,0,0,0,1,0,0,1,1,168,1,5,-23,215,New Orleans
2016,10,9,35,0,4,4,7,26,16,8,49,57,16,0,0,1,2,10,7,1,19,20,18,0,4,3,4,15,7,7,26,33,0,0,0,0,0,0,0,0,0,0,1,0,0,0,1,1,2,0,4,4,142,0,12,-28,210,New Orleans
2017,10,9,54,3,1,7,11,24,17,8,52,60,22,1,0,6,4,14,5,6,23,29,26,2,1,1,6,8,10,2,24,26,0,0,0,0,0,0,0,0,0,0,6,0,0,0,1,2,2,0,5,5,214,0,16,-27,211,New Orleans
2018,10,9,46,3,1,5,8,35,31,6,74,80,22,2,0,5,2,20,11,5,33,38,20,1,1,0,4,14,18,1,36,37,0,0,0,0,0,0,0,0,0,0,4,0,0,0,2,1,2,0,5,5,206,1,15,-26,212,New Orleans
2019,10,9,53,1,3,2,12,27,25,5,64,69,26,1,0,0,5,13,14,0,32,32,17,0,2,2,7,12,7,4,26,30,0,0,0,0,0,1,0,0,1,1,10,0,1,0,0,1,4,1,5,6,196,2,21,-25,213,New Orleans
2020,10,9,44,0,5,13,5,31,30,18,66,84,28,0,2,7,1,26,16,9,43,52,13,0,2,5,3,3,13,7,19,26,0,0,0,0,0,0,1,0,1,1,3,0,1,1,1,2,0,2,3,5,173,1,10,-23,215,New Orleans
2021,10,9,46,1,3,6,5,28,8,9,41,50,24,1,0,4,3,17,3,4,23,27,17,0,3,2,2,11,5,5,18,23,0,0,0,0,0,0,0,0,0,0,5,0,0,0,0,0,0,0,0,0,160,0,11,-29,209,New Orleans
2022,10,9,42,2,5,5,2,21,28,10,51,61,19,0,0,0,0,13,12,0,25,25,20,2,5,5,2,7,13,10,22,32,0,0,0,0,0,0,1,0,1,1,3,0,0,0,0,1,2,0,3,3,141,1,10,-28,210,New Orleans
2023,10,9,44,0,2,3,5,23,46,5,74,79,28,0,0,1,2,17,16,1,35,36,16,0,2,2,3,6,27,4,36,40,0,0,0,0,0,0,1,0,1,1,0,0,0,0,0,0,2,0,2,2,171,1,7,-27,211,New Orleans
2024,10,9,34,0,2,4,5,31,11,6,47,53,17,0,1,4,2,16,2,5,20,25,13,0,1,0,3,14,9,1,26,27,0,0,0,0,0,0,0,0,0,0,4,0,0,0,0,1,0,0,1,1,137,0,6,-25,213,New Orleans
2012,11,9,30,1,5,4,7,24,12,9,43,52,15,0,1,1,6,15,6,2,27,29,14,1,3,2,0,7,4,5,11,16,0,0,0,0,0,0,1,0,1,1,1,0,1,1,1,2,1,2,4,6,175,1,14,5,243,New Orleans
2013,11,9,39,2,3,1,8,29,13,4,50,54,16,1,1,1,7,10,8,2,25,27,22,1,2,0,1,18,4,2,23,25,0,0,0,0,0,0,0,0,0,0,1,0,0,0,0,1,1,0,2,2,147,0,9,6,244,New Orleans
2014,11,9,30,1,0,6,9,28,17,6,54,60,14,0,0,2,5,12,7,2,24,26,15,1,0,4,3,13,10,4,26,30,0,0,0,0,0,0,0,0,0,0,1,0,0,0,1,3,0,0,4,4,152,0,9,7,245,New Orleans
2015,11,9,50,2,5,5,10,29,8,10,47,57,22,1,1,1,3,18,1,2,22,24,20,1,3,4,6,9,6,7,21,28,2,0,0,0,0,0,1,0,1,1,6,0,1,0,1,2,0,1,3,4,202,4,10,8,246,New Orleans
2016,11,9,48,0,3,1,5,31,19,4,55,59,21,0,0,0,4,16,9,0,29,29,20,0,2,1,0,12,9,3,21,24,0,0,0,0,1,1,0,0,2,2,7,0,1,0,0,2,1,1,3,4,185,2,15,3,241,New Orleans
2017,11,9,31,0,3,2,2,30,15,5,47,52,14,0,0,2,2,20,4,2,26,28,12,0,3,0,0,7,10,3,17,20,0,0,0,0,0,1,1,0,2,2,5,0,0,0,0,2,0,0,2,2,159,3,14,4,242,New Orleans
2018,11,9,48,0,2,4,5,31,15,6,51,57,23,0,0,1,3,15,4,1,22,23,17,0,2,2,2,11,8,4,21,25,0,0,0,0,0,1,0,0,1,1,8,0,0,1,0,4,3,1,7,8,181,1,18,5,243,New Orleans
2019,11,9,31,2,2,1,3,48,18,3,69,72,13,1,1,0,0,23,9,1,32,33,15,1,1,1,2,24,9,2,35,37,1,0,0,0,1,0,0,0,1,1,2,0,0,0,0,1,0,0,1,1,151,2,6,6,244,New Orleans
2020,11,9,42,2,6,5,5,23,63,11,91,102,22,0,4,1,1,19,26,5,46,51,13,2,2,4,3,4,31,6,38,44,1,0,0,0,0,0,2,0,2,2,6,0,0,0,1,0,4,0,5,5,201,3,16,8,246,New Orleans
2021,11,9,29,2,1,9,8,25,14,10,47,57,15,1,1,5,2,18,3,6,23,29,14,0,0,3,6,5,7,3,18,21,0,0,0,0,0,0,2,0,2,2,0,1,0,1,0,2,2,1,4,5,157,2,12,2,240,New Orleans
2022,11,9,34,6,6,12,5,15,20,18,40,58,22,2,2,10,3,7,8,12,18,30,8,4,4,2,2,7,9,6,18,24,0,0,0,0,0,1,1,0,2,2,4,0,0,0,0,0,2,0,2,2,170,3,11,3,241,New Orleans
2023,11,9,40,2,0,3,7,10,22,3,39,42,19,2,0,1,2,8,8,1,18,19,18,0,0,1,5,2,10,1,17,18,1,0,0,0,0,0,0,0,0,0,2,0,0,1,0,0,4,1,4,5,142,1,9,4,242,New Orleans
2024,11,9,42,1,0,2,4,24,15,2,43,45,16,0,0,1,3,9,4,1,16,17,22,1,0,1,1,13,10,1,24,25,1,0,0,0,0,1,0,0,1,1,3,0,0,0,0,1,1,0,2,2,121,2,8,6,244,New Orleans
2012,12,9,37,3,3,3,5,33,13,6,51,57,18,0,0,0,0,18,8,0,26,26,15,3,2,3,5,13,5,5,23,28,2,0,0,0,0,0,0,0,0,0,2,0,1,0,0,2,0,1,2,3,180,2,8,35,273,New Orleans
2013,12,9,23,2,2,1,13,39,5,3,57,60,9,2,0,0,8,27,2,0,37,37,13,0,2,1,4,9,3,3,16,19,0,0,0,0,1,1,0,0,2,2,1,0,0,0,0,2,0,0,2,2,173,4,10,36,274,New Orleans
2014,12,9,28,0,3,1,11,40,8,4,59,63,11,0,0,0,7,26,1,0,34,34,10,0,2,0,4,13,7,2,24,26,1,0,0,0,0,0,0,0,0,0,6,0,1,1,0,1,0,2,1,3,163,1,19,37,275,New Orleans
2015,12,9,32,0,4,4,11,36,12,8,59,67,12,0,1,2,9,20,7,3,36,39,17,0,3,2,2,14,4,5,20,25,0,0,0,0,0,0,0,0,0,0,3,0,0,0,0,2,1,0,3,3,162,0,10,38,276,New Orleans
2016,12,9,42,2,3,4,5,23,18,7,46,53,22,0,1,2,2,11,5,3,18,21,17,2,1,2,3,10,12,3,25,28,0,0,0,0,0,0,0,0,0,0,3,0,1,0,0,2,1,1,3,4,160,1,13,33,271,New Orleans
2017,12,9,48,2,2,0,6,39,13,2,58,60,18,1,0,0,2,20,3,0,25,25,27,0,1,0,4,18,9,1,31,32,0,0,0,0,0,0,1,0,1,1,3,1,1,0,0,1,0,1,1,2,164,1,10,34,272,New Orleans
2018,12,9,59,0,3,4,5,31,63,7,99,106,24,0,1,1,2,17,14,2,33,35,33,0,1,3,3,12,45,4,60,64,0,0,0,0,0,0,3,0,3,3,2,0,1,0,0,2,1,1,3,4,228,3,9,35,273,New Orleans
2019,12,9,49,2,2,4,8,40,31,6,79,85,25,1,1,0,3,22,9,1,34,35,18,1,1,4,5,16,18,5,39,44,2,0,0,0,0,0,0,0,0,0,4,0,0,0,0,2,4,0,6,6,199,2,20,36,274,New Orleans
2020,12,9,37,1,2,3,5,34,35,5,74,79,20,1,2,1,2,18,12,3,32,35,13,0,0,2,3,14,23,2,40,42,0,0,0,0,0,1,0,0,1,1,4,0,0,0,0,1,0,0,1,1,164,2,6,38,276,New Orleans
2021,12,9,39,1,2,7,4,19,19,9,42,51,17,1,1,3,1,8,10,4,19,23,18,0,1,4,3,10,7,5,20,25,1,0,0,0,0,0,1,0,1,1,3,0,0,0,0,1,1,0,2,2,142,3,11,32,270,New Orleans
2022,12,9,25,4,3,5,6,24,29,8,59,67,11,1,1,2,3,11,6,3,20,23,9,3,2,3,3,12,21,5,36,41,0,0,0,0,0,0,2,0,2,2,5,0,0,0,0,1,0,0,1,1,152,3,11,33,271,New Orleans
2023,12,9,43,3,3,6,3,32,29,9,64,73,13,1,2,2,2,12,6,4,20,24,26,2,1,3,1,18,21,4,40,44,2,0,0,0,0,0,0,0,0,0,2,0,0,1,0,2,2,1,4,5,169,2,9,34,272,New Orleans
2024,12,9,41,1,1,1,2,29,11,2,42,44,23,1,0,1,1,16,2,1,19,20,16,0,1,0,1,12,9,1,22,23,0,0,0,0,0,0,0,0,0,0,2,0,0,0,0,1,0,0,1,1,142,2,5,36,274,New Orleans
2012,1,10,31,2,6,5,10,33,17,11,60,71,14,2,1,2,7,17,3,3,27,30,14,0,5,3,2,15,13,8,30,38,0,0,0,0,0,0,1,0,1,1,3,0,0,0,1,1,0,0,2,2,219,1,13,-299,-61,New Orleans
2013,1,10,22,2,4,2,8,37,9,6,54,60,13,2,1,0,5,19,8,1,32,33,6,0,2,2,3,15,1,4,19,23,1,0,0,0,0,0,0,0,0,0,2,0,1,0,0,3,0,1,3,4,183,1,9,-297,-59,New Orleans
2014,1,10,35,2,3,1,11,26,17,4,54,58,9,0,3,1,7,14,9,4,30,34,25,2,0,0,4,11,8,0,23,23,0,0,0,0,0,0,0,0,0,0,1,0,0,0,0,1,0,0,1,1,179,1,3,-296,-58,New Orleans
2015,1,10,24,3,4,1,8,30,10,5,48,53,11,1,0,1,5,17,3,1,25,26,12,1,4,0,3,12,7,4,22,26,0,0,0,0,0,0,0,0,0,0,1,1,0,0,0,1,0,0,1,1,140,0,8,-295,-57,New Orleans
2016,1,10,26,1,2,3,5,31,18,5,54,59,9,0,1,1,2,16,3,2,21,23,14,1,1,2,3,13,10,3,26,29,0,0,0,0,0,0,0,0,0,0,3,0,0,0,0,2,5,0,7,7,154,0,11,-301,-63,New Orleans
2017,1,10,38,2,6,7,3,29,14,13,46,59,17,1,0,4,2,14,2,4,18,22,17,1,5,3,1,12,11,8,24,32,1,0,0,0,0,0,0,0,0,0,3,0,1,0,0,3,1,1,4,5,178,3,9,-299,-61,New Orleans
2018,1,10,52,2,3,2,5,18,12,5,35,40,23,2,0,0,4,13,5,0,22,22,22,0,2,2,1,5,7,4,13,17,0,0,0,0,0,0,0,0,0,0,7,0,1,0,0,0,0,1,0,1,171,5,16,-298,-60,New Orleans
2019,1,10,44,2,0,4,3,39,23,4,65,69,21,0,0,1,2,28,8,1,38,39,19,2,0,3,1,7,12,3,20,23,0,0,0,0,0,0,0,0,0,0,4,0,0,0,0,4,3,0,7,7,196,1,16,-297,-59,New Orleans
2020,1,10,39,2,3,3,2,20,10,6,32,38,20,0,2,1,0,12,3,3,15,18,13,1,0,2,2,7,6,2,15,17,1,0,0,0,0,0,0,0,0,0,5,1,1,0,0,1,1,1,2,3,109,1,10,-296,-58,New Orleans
2021,1,10,48,3,0,2,6,18,38,2,62,64,22,0,0,1,2,11,13,1,26,27,24,3,0,1,4,6,23,1,33,34,0,0,0,0,0,0,0,0,0,0,2,0,0,0,0,1,2,0,3,3,151,0,7,-301,-63,New Orleans
2022,1,10,39,1,6,7,10,30,48,13,88,101,13,1,2,2,3,18,19,4,40,44,25,0,4,5,7,11,27,9,45,54,0,0,0,0,0,0,0,0,0,0,1,0,0,0,0,1,2,0,3,3,207,2,9,-300,-62,New Orleans
2023,1,10,36,3,1,7,6,20,51,8,77,85,15,0,0,5,4,9,12,5,25,30,17,3,1,1,2,9,36,2,47,49,0,0,0,0,0,0,0,0,0,0,4,0,0,1,0,2,3,1,5,6,195,0,10,-299,-61,New Orleans
2024,1,10,40,2,0,1,7,19,23,1,49,50,25,0,0,0,4,13,7,0,24,24,11,1,0,1,2,5,14,1,21,22,1,0,0,0,0,0,1,0,1,1,3,1,0,0,1,1,1,0,3,3,131,2,10,-298,-60,New Orleans
2012,2,10,21,0,3,1,7,30,12,4,49,53,8,0,1,1,3,16,3,2,22,24,11,0,2,0,2,12,8,2,22,24,1,0,0,0,0,1,0,0,1,1,1,0,0,0,2,1,1,0,4,4,186,2,15,-268,-30,New Orleans
2013,2,10,33,6,5,4,8,67,20,9,95,104,17,1,0,1,2,20,12,1,34,35,11,5,5,3,6,44,6,8,56,64,0,0,0,0,0,0,0,0,0,0,5,0,0,0,0,3,2,0,5,5,244,2,19,-266,-28,New Orleans
2014,2,10,28,0,4,3,8,38,13,7,59,66,17,0,0,1,3,26,6,1,35,36,10,0,4,1,5,8,6,5,19,24,0,0,0,0,0,2,0,0,2,2,1,0,0,1,0,2,1,1,3,4,171,2,7,-265,-27,New Orleans
2015,2,10,22,0,3,1,8,21,14,4,43,47,14,0,2,0,3,15,3,2,21,23,7,0,1,1,5,6,10,2,21,23,0,0,0,0,0,0,0,0,0,0,1,0,0,0,0,0,1,0,1,1,133,0,9,-264,-26,New Orleans
2016,2,10,25,0,3,2,8,30,14,5,52,57,16,0,0,0,5,18,5,0,28,28,8,0,3,1,3,10,9,4,22,26,0,0,0,0,0,0,0,0,0,0,1,0,0,1,0,2,0,1,2,3,152,0,11,-270,-32,New Orleans
2017,2,10,38,0,0,1,8,40,11,1,59,60,21,0,0,1,6,21,1,1,28,29,16,0,0,0,1,18,7,0,26,26,1,0,0,0,0,0,1,0,1,1,0,0,0,0,1,1,2,0,4,4,172,2,10,-268,-30,New Orleans
2018,2,10,46,1,3,5,6,114,25,8,145,153,18,0,1,2,1,31,10,3,42,45,24,1,2,2,4,76,13,4,93,97,0,0,0,0,0,0,0,0,0,0,4,0,0,1,1,7,2,1,10,11,281,1,28,-267,-29,New Orleans
2019,2,10,47,3,4,3,5,28,36,7,69,76,22,2,2,0,3,14,20,2,37,39,20,1,2,1,1,13,15,3,29,32,0,0,0,0,0,0,0,0,0,0,5,0,0,2,1,1,1,2,3,5,189,3,13,-266,-28,New Orleans
2020,2,10,48,4,3,1,4,30,11,4,45,49,28,1,1,0,1,20,7,1,28,29,15,3,2,1,3,8,3,3,14,17,1,0,0,0,0,1,1,0,2,2,4,0,0,0,0,1,0,0,1,1,162,3,8,-265,-27,New Orleans
2021,2,10,33,2,6,1,6,24,19,7,49,56,20,2,2,0,3,13,8,2,24,26,9,0,1,1,2,9,11,2,22,24,0,0,0,0,0,0,0,0,0,0,4,0,3,0,1,2,0,3,3,6,138,1,11,-270,-32,New Orleans
2022,2,10,33,1,4,3,6,20,16,7,42,49,17,0,3,1,2,11,6,4,19,23,13,1,1,2,3,8,10,3,21,24,0,0,0,0,0,1,0,0,1,1,3,0,0,0,1,0,0,0,1,1,133,1,8,-269,-31,New Orleans
2023,2,10,32,6,4,3,4,55,50,7,109,116,19,1,1,2,2,9,10,3,21,24,10,5,3,1,2,41,37,4,80,84,0,0,0,0,0,1,1,0,2,2,3,0,0,0,0,4,2,0,6,6,216,3,13,-268,-30,New Orleans
2024,2,10,28,23,1,7,5,153,26,8,184,192,14,8,0,3,2,35,12,3,49,52,10,13,1,3,3,110,12,4,125,129,1,0,0,0,0,1,0,0,1,1,3,2,0,1,0,7,2,1,9,10,350,2,23,-267,-29,New Orleans
2012,3,10,20,2,1,2,7,30,8,3,45,48,7,0,1,0,3,18,0,1,21,22,13,1,0,2,2,11,5,2,18,20,0,0,0,0,0,0,0,0,0,0,0,1,0,0,2,1,3,0,6,6,154,0,11,-239,-1,New Orleans
2013,3,10,36,1,3,4,2,25,12,7,39,46,19,0,2,1,1,17,8,3,26,29,15,1,1,2,1,7,4,3,12,15,0,0,0,0,0,1,0,0,1,1,2,0,0,1,0,0,0,1,0,1,141,2,6,-238,0,New Orleans
2014,3,10,33,1,2,4,4,34,9,6,47,53,13,0,1,1,3,27,4,2,34,36,15,1,1,2,1,5,5,3,11,14,0,0,0,0,0,1,0,0,1,1,5,0,0,1,0,1,0,1,1,2,201,2,14,-237,1,New Orleans
2015,3,10,26,0,0,1,9,26,4,1,39,40,12,0,0,1,4,19,1,1,24,25,13,0,0,0,3,6,2,0,11,11,0,0,0,0,0,0,1,0,1,1,1,0,0,0,2,1,0,0,3,3,131,2,14,-236,2,New Orleans
2016,3,10,45,1,2,6,2,35,19,8,56,64,13,0,0,4,1,19,9,4,29,33,25,0,2,1,1,15,9,3,25,28,0,0,0,0,0,1,0,0,1,1,7,1,0,1,0,0,1,1,1,2,175,2,12,-241,-3,New Orleans
2017,3,10,36,1,2,4,1,36,9,6,46,52,15,0,1,3,0,22,3,4,25,29,17,1,1,0,1,13,5,1,19,20,0,0,0,0,0,0,0,0,0,0,4,0,0,1,0,1,1,1,2,3,178,0,11,-240,-2,New Orleans
2018,3,10,44,0,1,7,4,30,36,8,70,78,20,0,0,6,1,16,4,6,21,27,21,0,1,1,3,14,30,2,47,49,1,0,0,0,0,0,1,0,1,1,2,0,0,0,0,0,1,0,1,1,182,2,4,-239,-1,New Orleans
2019,3,10,62,0,2,4,5,33,16,6,54,60,28,0,0,1,2,20,7,1,29,30,25,0,2,2,3,11,7,4,21,25,1,0,0,0,0,0,0,0,0,0,8,0,0,1,0,2,2,1,4,5,207,3,19,-238,0,New Orleans
2020,3,10,37,0,0,4,6,41,9,4,56,60,19,0,0,3,3,27,3,3,33,36,13,0,0,1,3,9,6,1,18,19,0,0,0,0,0,3,0,0,3,3,5,0,0,0,0,2,0,0,2,2,161,3,9,-236,2,New Orleans
2021,3,10,33,0,5,3,6,23,17,8,46,54,21,0,4,1,1,18,12,5,31,36,10,0,1,2,5,5,5,3,15,18,0,0,0,0,0,0,0,0,0,0,2,0,0,0,0,0,0,0,0,0,149,0,4,-242,-4,New Orleans
2022,3,10,33,2,3,2,3,15,10,5,28,33,13,2,2,2,1,9,4,4,14,18,16,0,1,0,1,5,6,1,12,13,1,0,0,0,0,0,0,0,0,0,3,0,0,0,1,1,0,0,2,2,111,1,6,-241,-3,New Orleans
2023,3,10,28,2,0,9,4,22,25,9,51,60,15,2,0,5,2,12,6,5,20,25,12,0,0,3,1,9,19,3,29,32,0,0,0,0,0,0,0,0,0,0,1,0,0,1,1,1,0,1,2,3,143,2,7,-240,-2,New Orleans
2024,3,10,44,1,0,1,3,34,13,1,50,51,27,0,0,1,1,11,3,1,15,16,13,0,0,0,2,21,9,0,32,32,1,0,0,0,0,0,1,0,1,1,3,1,0,0,0,2,0,0,2,2,154,3,10,-238,0,New Orleans
2012,4,10,28,3,1,2,4,26,11,3,41,44,22,3,0,0,1,19,6,0,26,26,5,0,0,2,3,7,5,2,15,17,0,0,0,0,0,0,0,0,0,0,1,0,1,0,0,0,0,1,0,1,223,1,22,-208,30,New Orleans
2013,4,10,32,3,0,5,5,34,14,5,53,58,19,2,0,2,1,25,6,2,32,34,13,1,0,1,4,8,8,1,20,21,0,0,0,0,0,0,0,0,0,0,0,0,0,2,0,1,0,2,1,3,195,0,6,-207,31,New Orleans
2014,4,10,36,1,0,1,7,41,10,1,58,59,20,1,0,1,4,31,2,1,37,38,13,0,0,0,3,9,8,0,20,20,0,0,0,0,0,0,0,0,0,0,3,0,0,0,0,1,0,0,1,1,212,0,13,-206,32,New Orleans
2015,4,10,30,2,3,1,6,33,18,4,57,61,12,1,1,0,4,23,6,1,33,34,17,1,2,1,2,9,11,3,22,25,0,0,0,0,0,0,1,0,1,1,1,0,0,0,0,1,0,0,1,1,160,1,5,-205,33,New Orleans
2016,4,10,41,0,7,5,5,27,29,12,61,73,20,0,1,0,3,14,8,1,25,26,19,0,6,4,2,11,20,10,33,43,0,0,0,0,0,0,0,0,0,0,2,0,0,1,0,2,1,1,3,4,170,0,11,-210,28,New Orleans
2017,4,10,41,3,0,6,10,32,9,6,51,57,28,2,0,1,6,21,7,1,34,35,9,1,0,4,3,7,2,4,12,16,0,0,0,0,0,0,0,0,0,0,4,0,0,1,1,4,0,1,5,6,178,0,12,-209,29,New Orleans
2018,4,10,47,3,3,5,6,34,11,8,51,59,27,2,1,3,4,25,8,4,37,41,17,1,1,2,2,8,2,3,12,15,1,0,0,0,0,0,0,0,0,0,2,0,1,0,0,1,1,1,2,3,201,1,12,-208,30,New Orleans
2019,4,10,60,2,3,2,4,45,34,5,83,88,32,1,2,1,2,35,15,3,52,55,23,1,1,1,1,4,18,2,23,25,0,0,0,0,1,0,0,0,1,1,5,0,0,0,0,6,1,0,7,7,229,1,14,-207,31,New Orleans
2020,4,10,49,2,1,4,5,23,22,5,50,55,32,2,0,2,3,14,14,2,31,33,13,0,1,2,2,8,8,3,18,21,0,0,0,0,0,0,0,0,0,0,4,0,0,0,0,1,0,0,1,1,144,0,9,-205,33,New Orleans
2021,4,10,43,1,4,3,3,23,31,7,57,64,25,1,3,0,1,11,8,3,20,23,17,0,1,2,2,11,19,3,32,35,0,0,0,0,0,0,0,0,0,0,1,0,0,1,0,1,4,1,5,6,169,0,14,-211,27,New Orleans
2022,4,10,52,2,3,7,7,28,33,10,68,78,32,1,0,4,4,13,11,4,28,32,15,1,3,3,2,13,20,6,35,41,1,0,0,0,1,0,0,0,1,1,4,0,0,0,0,2,2,0,4,4,181,2,11,-210,28,New Orleans
2023,4,10,30,1,6,5,6,28,40,11,74,85,14,0,2,4,2,17,18,6,37,43,13,1,3,1,3,10,21,4,34,38,0,0,0,0,0,0,0,0,0,0,3,0,1,0,1,1,1,1,3,4,163,0,11,-209,29,New Orleans
2024,4,10,33,0,0,4,2,28,12,4,42,46,23,0,0,2,1,17,3,2,21,23,10,0,0,2,1,9,9,2,19,21,0,0,0,0,0,0,0,0,0,0,0,0,0,0,0,2,0,0,2,2,123,1,2,-207,31,New Orleans
2012,5,10,24,4,3,1,7,37,14,4,58,62,15,2,2,1,5,23,10,3,38,41,7,2,1,0,1,11,4,1,16,17,0,0,0,0,1,0,0,0,1,1,2,0,0,0,0,3,0,0,3,3,208,1,11,-178,60,New Orleans
2013,5,10,22,1,1,2,15,30,11,3,56,59,12,0,0,1,10,17,5,1,32,33,10,0,1,1,5,11,6,2,22,24,0,0,0,0,0,0,0,0,0,0,0,1,0,0,0,2,0,0,2,2,136,2,4,-177,61,New Orleans
2014,5,10,34,3,5,4,4,31,14,9,49,58,20,2,1,2,2,18,10,3,30,33,11,0,4,1,2,12,3,5,17,22,0,0,0,0,0,1,0,0,1,1,3,1,0,1,0,0,1,1,1,2,147,2,8,-176,62,New Orleans
2015,5,10,39,1,1,7,7,20,11,8,38,46,17,1,0,3,5,11,4,3,20,23,18,0,1,3,2,8,7,4,17,21,0,0,0,0,0,0,0,0,0,0,4,0,0,1,0,1,0,1,1,2,145,0,11,-175,63,New Orleans
2016,5,10,30,2,1,3,2,26,12,4,40,44,22,2,0,2,1,17,6,2,24,26,7,0,1,1,1,6,6,2,13,15,0,0,0,0,0,0,0,0,0,0,1,0,0,0,0,3,0,0,3,3,156,0,11,-180,58,New Orleans
2017,5,10,37,1,4,5,8,44,19,9,71,80,23,1,2,2,5,27,8,4,40,44,10,0,2,3,3,12,8,5,23,28,1,0,0,0,0,1,1,0,2,2,3,0,0,0,0,4,2,0,6,6,194,3,12,-179,59,New Orleans
2018,5,10,35,2,2,6,3,24,26,8,53,61,26,1,0,5,1,13,13,5,27,32,5,1,2,1,2,8,12,3,22,25,0,0,0,0,0,0,0,0,0,0,4,0,0,0,0,3,1,0,4,4,188,1,17,-178,60,New Orleans
2019,5,10,34,1,2,4,7,41,25,6,73,79,21,1,1,3,4,34,11,4,49,53,9,0,1,1,2,7,13,2,22,24,0,0,0,0,0,0,0,0,0,0,4,0,0,0,1,0,1,0,2,2,187,1,12,-177,61,New Orleans
2020,5,10,53,2,0,4,1,14,16,4,31,35,32,0,0,4,0,11,6,4,17,21,18,2,0,0,1,2,9,0,12,12,1,0,0,0,0,0,0,0,0,0,2,0,0,0,0,1,1,0,2,2,154,1,7,-175,63,New Orleans
2021,5,10,48,0,3,4,4,33,24,7,61,68,27,0,2,3,1,26,9,5,36,41,15,0,1,1,3,3,12,2,18,20,1,0,0,0,0,1,0,0,1,1,5,0,0,0,0,3,3,0,6,6,174,2,11,-181,57,New Orleans
2022,5,10,45,1,1,11,6,28,23,12,57,69,27,0,1,9,3,18,12,10,33,43,15,0,0,1,1,9,9,1,19,20,0,0,0,0,0,0,1,0,1,1,3,1,0,1,2,1,1,1,4,5,175,2,16,-180,58,New Orleans
2023,5,10,36,1,0,6,7,32,45,6,84,90,20,1,0,3,1,23,10,3,34,37,12,0,0,2,5,5,30,2,40,42,0,0,0,0,0,0,1,0,1,1,4,0,0,1,1,4,4,1,9,10,188,3,17,-179,59,New Orleans
2024,5,10,33,1,2,3,3,46,15,5,64,69,23,1,1,1,1,31,7,2,39,41,10,0,1,2,2,13,7,3,22,25,0,0,0,0,0,1,0,0,1,1,0,0,0,0,0,1,1,0,2,2,167,3,5,-177,61,New Orleans
2012,6,10,19,1,0,3,12,31,11,3,54,57,6,0,0,0,7,17,6,0,30,30,13,1,0,3,5,13,5,3,23,26,0,0,0,0,0,0,0,0,0,0,0,0,0,0,0,1,0,0,1,1,149,0,4,-147,91,New Orleans
2013,6,10,29,1,6,4,9,39,19,10,67,77,21,0,3,2,6,33,11,5,50,55,7,1,3,1,3,5,6,4,14,18,0,0,0,0,0,0,0,0,0,0,1,0,0,1,0,1,2,1,3,4,203,0,10,-146,92,New Orleans
2014,6,10,29,3,2,6,15,30,15,8,60,68,19,2,0,3,12,19,4,3,35,38,7,0,1,3,3,11,10,4,24,28,0,0,0,0,0,0,0,0,0,0,3,1,1,0,0,0,1,1,1,2,231,0,13,-145,93,New Orleans
2015,6,10,36,1,0,6,6,25,9,6,40,46,19,1,0,2,5,17,4,2,26,28,14,0,0,4,1,8,5,4,14,18,0,0,0,0,0,0,0,0,0,0,3,0,0,0,0,0,0,0,0,0,147,0,7,-144,94,New Orleans
2016,6,10,30,2,6,0,4,29,19,6,52,58,12,1,1,0,2,18,8,1,28,29,13,1,4,0,2,9,10,4,21,25,0,0,0,0,0,0,0,0,0,0,5,0,1,0,0,2,1,1,3,4,143,0,14,-149,89,New Orleans
2017,6,10,48,2,4,2,14,39,23,6,76,82,28,0,3,1,7,24,9,4,40,44,16,2,1,1,7,15,13,2,35,37,0,0,0,0,0,0,0,0,0,0,4,0,0,0,0,0,1,0,1,1,199,2,16,-148,90,New Orleans
2018,6,10,61,2,4,4,2,32,17,8,51,59,40,1,1,1,2,20,5,2,27,29,18,1,3,3,0,10,12,6,22,28,0,0,0,0,0,0,0,0,0,0,3,0,0,0,0,2,0,0,2,2,184,0,11,-147,91,New Orleans
2019,6,10,50,1,2,4,2,46,17,6,65,71,27,1,0,2,1,33,10,2,44,46,19,0,1,2,1,10,7,3,18,21,0,0,0,0,0,0,0,0,0,0,4,0,1,0,0,3,0,1,3,4,206,0,15,-146,92,New Orleans
2020,6,10,44,1,2,0,5,25,17,2,47,49,27,1,0,0,1,23,7,0,31,31,17,0,2,0,3,1,9,2,13,15,0,0,0,0,1,0,0,0,1,1,0,0,0,0,0,1,1,0,2,2,144,1,7,-144,94,New Orleans
2021,6,10,40,3,2,9,5,24,27,11,56,67,29,1,1,6,2,15,8,7,25,32,8,1,1,1,3,6,18,2,27,29,0,0,0,0,0,0,0,0,0,0,3,1,0,2,0,3,1,2,4,6,170,0,15,-150,88,New Orleans
2022,6,10,39,1,2,8,4,30,39,10,73,83,25,1,2,4,1,15,17,6,33,39,10,0,0,4,2,14,16,4,32,36,0,0,0,0,0,0,0,0,0,0,4,0,0,0,1,1,6,0,8,8,168,0,14,-149,89,New Orleans
2023,6,10,42,1,2,5,1,22,28,7,51,58,24,1,0,3,1,14,11,3,26,29,16,0,1,2,0,7,17,3,24,27,0,0,0,0,0,0,0,0,0,0,2,0,1,0,0,1,0,1,1,2,145,0,7,-148,90,New Orleans
2024,6,10,52,3,1,2,4,21,25,3,50,53,29,3,0,2,3,16,17,2,36,38,14,0,1,0,1,5,6,1,12,13,0,0,0,0,0,0,1,0,1,1,9,0,0,0,0,0,1,0,1,1,183,1,12,-146,92,New Orleans
2012,7,10,27,2,3,1,13,26,8,4,47,51,14,1,0,1,11,19,4,1,34,35,11,1,2,0,1,5,4,2,10,12,1,0,0,0,1,0,0,0,1,1,1,0,1,0,0,2,0,1,2,3,203,6,10,-117,121,New Orleans
2013,7,10,36,3,6,1,8,26,19,7,53,60,17,1,1,0,5,22,9,1,36,37,16,1,4,1,3,4,9,5,16,21,0,0,0,0,0,0,1,0,1,1,3,1,1,0,0,0,0,1,0,1,210,1,18,-116,122,New Orleans
2014,7,10,43,0,3,3,9,27,16,6,52,58,23,0,2,0,6,24,9,2,39,41,17,0,1,2,3,2,7,3,12,15,0,0,0,0,0,0,0,0,0,0,3,0,0,1,0,1,0,1,1,2,223,2,17,-115,123,New Orleans
2015,7,10,38,2,6,3,8,35,15,9,58,67,23,0,3,2,4,20,4,5,28,33,11,2,3,1,3,12,10,4,25,29,0,0,0,0,1,2,0,0,3,3,4,0,0,0,0,1,1,0,2,2,189,4,10,-114,124,New Orleans
2016,7,10,42,3,6,1,4,28,15,7,47,54,20,2,2,1,1,18,4,3,23,26,18,0,3,0,2,8,8,3,18,21,0,0,0,0,0,1,0,0,1,1,4,1,1,0,1,1,3,1,5,6,155,1,18,-119,119,New Orleans
2017,7,10,34,1,3,4,3,32,26,7,61,68,20,0,0,1,1,25,14,1,40,41,11,1,2,2,2,5,9,4,16,20,1,0,0,0,0,1,1,0,2,2,2,0,1,1,0,1,2,2,3,5,201,5,11,-118,120,New Orleans
2018,7,10,58,2,2,4,3,32,18,6,53,59,38,1,1,4,2,24,13,5,39,44,14,1,1,0,1,7,5,1,13,14,0,0,0,0,0,0,0,0,0,0,6,0,0,0,0,1,0,0,1,1,222,1,17,-117,121,New Orleans
2019,7,10,36,2,3,4,5,24,16,7,45,52,19,2,2,4,0,20,9,6,29,35,11,0,1,0,3,3,5,1,11,12,0,0,0,0,1,0,0,0,1,1,6,0,0,0,1,1,2,0,4,4,137,1,14,-116,122,New Orleans
2020,7,10,54,0,1,2,6,22,32,3,60,63,34,0,1,1,1,17,10,2,28,30,16,0,0,1,5,0,18,1,23,24,0,0,0,0,0,1,1,0,2,2,4,0,0,0,0,4,3,0,7,7,169,2,12,-114,124,New Orleans
2021,7,10,46,2,5,3,5,29,19,8,53,61,31,2,0,3,2,14,11,3,27,30,13,0,4,0,3,12,7,4,22,26,0,0,0,0,0,1,0,0,1,1,2,0,1,0,0,2,1,1,3,4,160,1,8,-120,118,New Orleans
2022,7,10,43,5,2,2,3,13,37,4,53,57,23,0,2,1,2,5,18,3,25,28,16,5,0,1,1,7,17,1,25,26,1,0,0,0,0,0,0,0,0,0,3,0,0,0,0,1,2,0,3,3,145,2,10,-119,119,New Orleans
2023,7,10,35,0,2,6,2,33,21,8,56,64,21,0,1,6,2,26,5,7,33,40,12,0,1,0,0,7,11,1,18,19,1,0,0,0,0,0,4,0,4,4,1,0,0,0,0,0,1,0,1,1,159,5,8,-118,120,New Orleans
2024,7,10,41,1,0,4,8,32,16,4,56,60,32,1,0,4,4,24,4,4,32,36,7,0,0,0,4,8,11,0,23,23,0,0,0,0,0,0,1,0,1,1,2,0,0,0,0,0,0,0,0,0,162,1,8,-116,122,New Orleans
2012,8,10,19,3,2,4,7,26,10,6,43,49,9,3,0,4,2,19,4,4,25,29,9,0,1,0,5,5,6,1,16,17,0,0,0,0,0,0,0,0,0,0,1,0,1,0,0,2,0,1,2,3,209,0,23,-86,152,New Orleans
2013,8,10,26,3,2,4,9,23,19,6,51,57,9,0,0,0,6,15,10,0,31,31,16,2,2,2,3,6,8,4,17,21,1,0,0,1,0,0,0,1,0,1,0,1,0,1,0,2,1,1,3,4,183,4,14,-85,153,New Orleans
2014,8,10,38,0,2,1,7,28,18,3,53,56,27,0,0,0,4,20,9,0,33,33,8,0,2,1,3,7,7,3,17,20,1,0,0,0,0,0,1,0,1,1,2,0,0,0,0,1,1,0,2,2,140,4,11,-84,154,New Orleans
2015,8,10,29,1,4,4,12,31,9,8,52,60,17,0,3,4,4,27,5,7,36,43,7,1,1,0,7,4,4,1,15,16,0,0,0,0,0,0,0,0,0,0,5,0,0,0,1,0,0,0,1,1,162,1,8,-83,155,New Orleans
2016,8,10,24,0,2,3,5,27,12,5,44,49,13,0,1,2,5,18,6,3,29,32,8,0,1,1,0,9,6,2,15,17,0,0,0,0,0,0,0,0,0,0,3,0,0,0,0,0,0,0,0,0,125,0,6,-88,150,New Orleans
2017,8,10,30,1,2,3,7,45,18,5,70,75,20,1,0,2,3,29,5,2,37,39,7,0,2,1,4,13,8,3,25,28,1,0,0,0,0,0,1,0,1,1,2,0,0,0,0,3,4,0,7,7,212,2,17,-87,151,New Orleans
2018,8,10,56,1,0,1,4,36,18,1,58,59,34,1,0,1,0,28,8,1,36,37,17,0,0,0,3,6,7,0,16,16,0,0,0,0,0,0,0,0,0,0,5,0,0,0,1,2,3,0,6,6,191,0,19,-86,152,New Orleans
2019,8,10,53,4,5,1,4,55,21,6,80,86,32,2,3,1,3,34,8,4,45,49,16,2,1,0,1,16,9,1,26,27,1,0,0,0,0,0,1,0,1,1,4,0,1,0,0,5,3,1,8,9,207,2,17,-85,153,New Orleans
2020,8,10,56,0,0,4,5,38,29,4,72,76,33,0,0,3,3,31,11,3,45,48,19,0,0,1,2,6,17,1,25,26,0,0,0,0,0,0,0,0,0,0,4,0,0,0,0,1,1,0,2,2,192,2,10,-83,155,New Orleans
2021,8,10,34,4,3,8,5,32,12,11,49,60,21,3,1,6,3,23,8,7,34,41,9,1,1,2,1,8,4,3,13,16,0,0,0,0,0,0,0,0,0,0,4,0,1,0,1,1,0,1,2,3,155,0,10,-89,149,New Orleans
2022,8,10,27,3,3,8,9,21,21,11,51,62,17,2,1,6,4,15,6,7,25,32,7,1,2,2,5,5,12,4,22,26,1,0,0,0,0,1,0,0,1,1,2,0,0,0,0,0,3,0,3,3,139,3,6,-88,150,New Orleans
2023,8,10,35,1,2,2,5,19,12,4,36,40,19,0,1,0,3,14,5,1,22,23,13,1,1,1,2,4,5,2,11,13,0,0,0,0,0,0,1,0,1,1,3,0,0,1,0,1,1,1,2,3,125,1,8,-87,151,New Orleans
2024,8,10,40,0,0,4,7,41,22,4,70,74,18,0,0,1,3,19,10,1,32,33,18,0,0,3,4,19,12,3,35,38,0,0,0,0,0,0,0,0,0,0,4,0,0,0,0,3,0,0,3,3,162,0,12,-85,153,New Orleans
2012,9,10,24,0,3,3,10,34,11,6,55,61,15,0,0,2,6,22,6,2,34,36,8,0,2,1,3,12,4,3,19,22,0,0,0,0,0,0,1,0,1,1,1,0,1,0,1,0,0,1,1,2,167,1,6,-55,183,New Orleans
2013,9,10,24,2,6,4,9,42,9,10,60,70,12,1,1,2,8,31,4,3,43,46,10,1,5,2,0,9,5,7,14,21,0,0,0,0,0,1,0,0,1,1,2,0,0,0,1,1,0,0,2,2,256,2,30,-54,184,New Orleans
2014,9,10,32,5,5,2,5,35,11,7,51,58,19,2,3,2,3,28,4,5,35,40,11,1,2,0,2,6,5,2,13,15,0,0,0,0,0,0,0,0,0,0,2,2,0,0,0,1,2,0,3,3,164,1,11,-53,185,New Orleans
2015,9,10,22,1,4,5,8,23,11,9,42,51,17,1,3,4,4,12,8,7,24,31,5,0,1,0,3,7,3,1,13,14,0,0,0,0,0,0,0,0,0,0,0,0,0,1,1,4,0,1,5,6,144,1,10,-52,186,New Orleans
2016,9,10,45,0,4,4,0,39,21,8,60,68,21,0,1,2,0,18,4,3,22,25,18,0,2,2,0,20,15,4,35,39,1,0,0,0,0,0,0,0,0,0,5,0,1,0,0,1,2,1,3,4,179,1,12,-57,181,New Orleans
2017,9,10,45,0,3,6,3,32,14,9,49,58,27,0,1,2,3,14,8,3,25,28,15,0,2,4,0,16,5,6,21,27,0,0,0,0,0,1,0,0,1,1,3,0,0,0,0,1,1,0,2,2,167,2,8,-56,182,New Orleans
2018,9,10,36,0,1,4,3,31,20,5,54,59,27,0,0,2,2,24,7,2,33,35,6,0,1,2,1,7,11,3,19,22,0,0,0,0,0,0,0,0,0,0,3,0,0,0,0,0,2,0,2,2,183,0,14,-55,183,New Orleans
2019,9,10,41,3,1,1,3,35,19,2,57,59,23,2,0,1,2,24,8,1,34,35,15,1,1,0,1,10,9,1,20,21,0,0,0,0,0,0,1,0,1,1,3,0,0,0,0,1,1,0,2,2,182,1,10,-54,184,New Orleans
2020,9,10,47,3,3,1,2,25,17,4,44,48,29,1,1,0,0,20,12,1,32,33,14,1,2,1,1,4,4,3,9,12,0,0,0,0,1,0,0,0,1,1,4,1,0,0,0,1,1,0,2,2,160,1,11,-52,186,New Orleans
2021,9,10,48,1,0,6,12,17,11,6,40,46,21,0,0,3,8,10,6,3,24,27,20,0,0,3,4,7,4,3,15,18,1,0,0,0,0,0,0,0,0,0,6,1,0,0,0,0,1,0,1,1,135,1,10,-58,180,New Orleans
2022,9,10,34,3,3,7,3,18,39,10,60,70,23,1,1,5,0,6,25,6,31,37,9,2,1,1,2,12,12,2,26,28,0,0,0,0,0,0,0,0,0,0,2,0,1,1,1,0,2,2,3,5,155,1,11,-57,181,New Orleans
2023,9,10,35,2,1,6,1,28,47,7,76,83,27,1,0,2,0,16,16,2,32,34,7,1,1,3,1,11,30,4,42,46,0,0,0,0,0,0,1,0,1,1,1,0,0,1,0,1,0,1,1,2,170,2,6,-56,182,New Orleans
2024,9,10,34,0,0,0,3,30,12,0,45,45,19,0,0,0,0,23,2,0,25,25,12,0,0,0,3,6,10,0,19,19,1,0,0,0,0,0,0,0,0,0,2,0,0,0,0,1,0,0,1,1,129,1,6,-54,184,New Orleans
2012,10,10,16,1,3,2,10,29,15,5,54,59,5,0,1,1,6,21,13,2,40,42,10,1,1,0,4,7,2,1,13,14,0,0,0,0,0,0,0,0,0,0,1,0,1,1,0,1,0,2,1,3,190,1,9,-25,213,New Orleans
2013,10,10,29,0,5,6,10,39,10,11,59,70,18,0,1,2,8,22,6,3,36,39,10,0,3,4,2,15,4,7,21,28,0,0,0,0,0,0,0,0,0,0,1,0,1,0,0,2,0,1,2,3,212,0,8,-24,214,New Orleans
2014,10,10,36,0,6,2,6,36,23,8,65,73,15,0,4,0,3,25,11,4,39,43,20,0,2,2,2,10,9,4,21,25,0,0,0,0,0,0,0,0,0,0,1,0,0,0,1,1,3,0,5,5,185,0,13,-23,215,New Orleans
2015,10,10,40,3,7,5,7,28,13,12,48,60,17,2,3,4,5,12,3,7,20,27,22,1,4,1,1,13,8,5,22,27,0,0,0,0,0,0,0,0,0,0,1,0,0,0,1,3,2,0,6,6,152,0,12,-22,216,New Orleans
2016,10,10,44,0,0,2,8,36,19,2,63,65,25,0,0,2,6,23,8,2,37,39,15,0,0,0,2,12,11,0,25,25,0,0,0,0,0,0,0,0,0,0,4,0,0,0,0,1,0,0,1,1,177,0,10,-27,211,New Orleans
2017,10,10,43,1,4,5,7,34,19,9,60,69,22,1,1,4,4,21,5,5,30,35,17,0,3,1,3,11,12,4,26,30,0,0,0,0,0,1,0,0,1,1,4,0,0,0,0,1,2,0,3,3,208,1,12,-26,212,New Orleans
2018,10,10,39,4,4,2,4,31,14,6,49,55,20,2,0,1,3,19,2,1,24,25,14,2,4,1,0,9,12,5,21,26,0,0,0,0,0,1,0,0,1,1,5,0,0,0,1,2,0,0,3,3,197,1,13,-25,213,New Orleans
2019,10,10,53,0,1,4,6,27,16,5,49,54,28,0,1,2,2,18,8,3,28,31,20,0,0,2,4,9,5,2,18,20,1,0,0,0,0,0,1,0,1,1,4,0,0,0,0,0,2,0,2,2,174,3,8,-24,214,New Orleans
2020,10,10,59,6,3,6,7,33,48,9,88,97,35,1,1,0,4,21,32,1,57,58,23,5,2,5,2,11,13,7,26,33,0,0,0,0,0,0,0,0,0,0,1,0,0,1,1,1,3,1,5,6,229,0,13,-22,216,New Orleans
2021,10,10,38,1,0,13,3,41,29,13,73,86,25,1,0,5,0,19,13,5,32,37,12,0,0,4,3,21,14,4,38,42,1,0,0,0,0,0,0,0,0,0,0,0,0,4,0,1,2,4,3,7,187,2,12,-28,210,New Orleans
2022,10,10,36,6,3,6,6,16,43,9,65,74,18,2,1,3,5,10,11,4,26,30,17,4,2,3,1,6,30,5,37,42,0,0,0,0,0,0,1,0,1,1,1,0,0,0,0,0,1,0,1,1,158,1,3,-27,211,New Orleans
2023,10,10,42,0,1,1,6,28,25,2,59,61,22,0,0,0,1,17,7,0,25,25,19,0,1,1,5,10,12,2,27,29,0,0,0,0,0,0,0,0,0,0,1,0,0,0,0,1,6,0,7,7,163,0,13,-26,212,New Orleans
2024,10,10,38,2,0,2,2,29,18,2,49,51,27,2,0,2,0,13,5,2,18,20,11,0,0,0,2,14,13,0,29,29,0,0,0,0,0,0,0,0,0,0,0,0,0,0,0,2,0,0,2,2,150,0,5,-24,214,New Orleans
2012,11,10,23,2,4,5,6,30,15,9,51,60,7,0,2,0,1,12,4,2,17,19,13,2,2,5,5,16,11,7,32,39,0,0,0,0,0,1,0,0,1,1,3,0,0,0,0,1,0,0,1,1,176,3,6,6,244,New Orleans
2013,11,10,19,0,6,7,11,30,24,13,65,78,7,0,2,1,4,18,8,3,30,33,12,0,4,5,6,8,15,9,29,38,0,0,0,0,0,1,0,0,1,1,0,0,0,1,1,3,1,1,5,6,154,1,7,7,245,New Orleans
2014,11,10,21,1,5,3,13,24,20,8,57,65,9,0,1,1,5,13,6,2,24,26,9,0,3,1,8,9,12,4,29,33,0,0,0,0,0,1,0,0,1,1,3,1,1,1,0,1,2,2,3,5,141,3,13,8,246,New Orleans
2015,11,10,42,1,3,0,11,26,17,3,54,57,25,0,0,0,7,14,3,0,24,24,15,1,3,0,2,11,13,3,26,29,0,0,0,0,0,0,0,0,0,0,2,0,0,0,2,1,1,0,4,4,177,0,9,9,247,New Orleans
2016,11,10,43,1,4,4,7,26,9,8,42,50,17,1,2,2,3,14,3,4,20,24,23,0,1,2,4,10,6,3,20,23,1,0,0,0,0,0,0,0,0,0,2,0,1,0,0,2,0,1,2,3,141,1,11,4,242,New Orleans
2017,11,10,55,0,4,5,12,30,5,9,47,56,25,0,0,2,9,17,2,2,28,30,24,0,3,2,3,12,3,5,18,23,2,0,0,0,0,0,0,0,0,0,4,0,1,1,0,1,0,2,1,3,197,2,14,5,243,New Orleans
2018,11,10,38,0,2,4,4,40,20,6,64,70,18,0,1,2,1,17,7,3,25,28,17,0,1,2,2,23,10,3,35,38,0,0,0,0,0,0,0,0,0,0,3,0,0,0,1,0,3,0,4,4,160,0,11,6,244,New Orleans
2019,11,10,49,2,4,5,3,37,48,9,88,97,21,1,2,3,2,13,18,5,33,38,24,1,2,1,1,22,28,3,51,54,0,0,0,0,0,0,0,0,0,0,4,0,0,1,0,2,2,1,4,5,209,0,11,7,245,New Orleans
2020,11,10,43,8,5,3,5,28,49,8,82,90,20,3,3,1,2,22,17,4,41,45,20,3,2,2,3,5,29,4,37,41,0,1,0,0,0,0,1,0,1,1,3,1,0,0,0,1,2,0,3,3,194,2,13,9,247,New Orleans
2021,11,10,37,1,2,3,10,30,15,5,55,60,20,0,1,1,2,18,4,2,24,26,13,1,1,2,8,10,9,3,27,30,0,0,0,0,0,2,0,0,2,2,4,0,0,0,0,0,2,0,2,2,170,2,10,3,241,New Orleans
2022,11,10,28,1,0,6,4,28,23,6,55,61,14,1,0,4,0,16,6,4,22,26,13,0,0,2,4,10,14,2,28,30,1,0,0,0,0,1,1,0,2,2,0,0,0,0,0,1,2,0,3,3,131,5,5,4,242,New Orleans
2023,11,10,34,0,2,2,3,42,18,4,63,67,21,0,1,1,0,19,4,2,23,25,12,0,1,1,3,21,12,2,36,38,0,0,0,0,0,1,0,0,1,1,1,0,0,0,0,1,2,0,3,3,155,1,10,5,243,New Orleans
2024,11,10,39,0,1,2,1,25,11,3,37,40,18,0,0,1,1,13,3,1,17,18,19,0,1,0,0,10,8,1,18,19,1,0,0,0,0,0,0,0,0,0,1,0,0,1,0,2,0,1,2,3,130,4,9,7,245,New Orleans
2012,12,10,23,3,3,0,11,22,7,3,40,43,11,1,2,0,8,14,2,2,24,26,11,2,1,0,2,8,4,1,14,15,1,0,0,0,0,0,0,0,0,0,0,0,0,0,1,0,1,0,2,2,176,1,10,36,274,New Orleans
2013,12,10,42,1,3,2,11,31,19,5,61,66,20,1,1,1,7,24,6,2,37,39,19,0,2,1,3,5,10,3,18,21,1,0,0,0,0,0,0,0,0,0,2,0,0,0,1,2,3,0,6,6,207,1,14,37,275,New Orleans
2014,12,10,23,0,8,3,18,34,25,11,77,88,9,0,1,2,9,23,8,3,40,43,12,0,7,1,8,10,17,8,35,43,0,0,0,0,0,0,0,0,0,0,2,0,0,0,1,1,0,0,2,2,178,0,8,38,276,New Orleans
2015,12,10,38,1,3,2,9,33,16,5,58,63,18,1,1,1,4,21,7,2,32,34,19,0,2,1,5,10,8,3,23,26,0,0,0,0,0,0,0,0,0,0,1,0,0,0,0,2,1,0,3,3,181,0,7,39,277,New Orleans
2016,12,10,36,0,4,7,7,41,15,11,63,74,14,0,1,0,3,25,3,1,31,32,21,0,3,6,3,14,11,9,28,37,0,0,0,0,0,0,1,0,1,1,1,0,0,1,1,2,0,1,3,4,177,1,14,34,272,New Orleans
2017,12,10,46,4,6,4,4,26,22,10,52,62,18,2,1,1,2,13,13,2,28,30,23,1,4,3,2,12,8,7,22,29,0,0,0,0,0,0,1,0,1,1,5,1,1,0,0,1,0,1,1,2,166,1,10,35,273,New Orleans
2018,12,10,49,2,3,3,12,45,25,6,82,88,23,0,1,2,7,26,9,3,42,45,21,2,1,0,3,12,14,1,29,30,0,0,0,0,1,0,1,0,2,2,5,0,1,1,1,7,1,2,9,11,212,2,17,36,274,New Orleans
2019,12,10,33,1,2,3,12,26,21,5,59,64,16,1,0,1,7,17,8,1,32,33,17,0,2,2,5,6,10,4,21,25,0,0,0,0,0,0,0,0,0,0,0,0,0,0,0,3,3,0,6,6,173,1,9,37,275,New Orleans
2020,12,10,39,2,4,4,7,36,30,8,73,81,19,1,0,1,3,25,5,1,33,34,15,1,4,2,4,9,23,6,36,42,0,0,0,0,0,0,0,0,0,0,5,0,0,1,0,2,2,1,4,5,184,0,16,39,277,New Orleans
2021,12,10,42,2,3,7,6,23,32,10,61,71,21,2,2,2,1,11,12,4,24,28,20,0,1,5,5,9,20,6,34,40,0,0,0,0,0,0,0,0,0,0,1,0,0,0,0,3,0,0,3,3,173,0,6,33,271,New Orleans
2022,12,10,22,5,3,4,3,14,49,7,66,73,6,2,1,3,2,6,10,4,18,22,15,3,1,1,1,7,38,2,46,48,0,0,0,0,0,1,1,0,2,2,1,0,1,0,0,0,0,1,0,1,137,3,3,34,272,New Orleans
2023,12,10,48,2,1,4,7,21,38,5,66,71,20,0,0,0,5,15,12,0,32,32,28,2,1,4,2,5,23,5,30,35,0,0,0,0,0,0,1,0,1,1,0,0,0,0,0,1,2,0,3,3,169,2,8,35,273,New Orleans
2024,12,10,27,1,1,3,5,21,18,4,44,48,16,1,0,1,2,8,3,1,13,14,10,0,0,2,3,12,15,2,30,32,0,0,0,0,0,0,0,0,0,0,1,0,1,0,0,1,0,1,1,2,132,1,5,37,275,New Orleans
2012,1,11,19,6,3,5,6,17,21,8,44,52,8,1,0,2,3,12,7,2,22,24,9,4,2,2,3,5,14,4,22,26,0,0,0,0,0,0,0,0,0,0,2,1,1,1,0,0,0,2,0,2,146,0,8,-298,-60,New Orleans
2013,1,11,20,1,1,1,9,26,9,2,44,46,9,1,0,0,6,18,1,0,25,25,9,0,1,1,3,8,7,2,18,20,0,0,0,0,0,0,0,0,0,0,2,0,0,0,0,0,1,0,1,1,174,0,7,-296,-58,New Orleans
2014,1,11,34,1,1,5,9,25,20,6,54,60,11,0,0,0,5,8,7,0,20,20,20,1,1,4,3,15,13,5,31,36,0,0,0,0,0,0,0,0,0,0,3,0,0,1,1,2,0,1,3,4,179,0,12,-295,-57,New Orleans
2015,1,11,41,1,8,4,12,21,18,12,51,63,21,1,1,0,7,13,6,1,26,27,15,0,7,3,5,8,12,10,25,35,0,0,0,0,0,0,0,0,0,0,5,0,0,1,0,0,0,1,0,1,156,0,10,-294,-56,New Orleans
2016,1,11,29,2,5,3,9,29,9,8,47,55,16,0,0,1,7,16,5,1,28,29,12,2,5,2,2,10,4,7,16,23,0,0,0,0,0,0,0,0,0,0,1,0,0,0,0,3,0,0,3,3,168,0,12,-300,-62,New Orleans
2017,1,11,33,1,2,3,10,35,15,5,60,65,17,1,1,1,6,20,4,2,30,32,13,0,1,2,2,10,10,3,22,25,0,0,0,0,0,0,1,0,1,1,3,0,0,0,2,5,0,0,7,7,178,1,20,-298,-60,New Orleans
2018,1,11,40,2,1,4,2,23,11,5,36,41,17,2,1,2,1,14,3,3,18,21,16,0,0,2,1,8,7,2,16,18,0,0,0,0,0,0,0,0,0,0,7,0,0,0,0,1,1,0,2,2,163,0,15,-297,-59,New Orleans
2019,1,11,53,1,2,4,6,31,27,6,64,70,17,0,0,2,2,21,8,2,31,33,31,1,2,2,4,7,18,4,29,33,0,0,0,0,0,0,0,0,0,0,5,0,0,0,0,3,1,0,4,4,198,2,12,-296,-58,New Orleans
2020,1,11,29,2,2,6,4,18,30,8,52,60,10,0,0,3,3,11,13,3,27,30,15,1,2,3,1,4,17,5,22,27,0,0,0,0,0,2,0,0,2,2,4,1,0,0,0,1,0,0,1,1,118,2,7,-295,-57,New Orleans
2021,1,11,47,1,2,1,0,25,40,3,65,68,24,1,1,0,0,18,17,1,35,36,22,0,0,1,0,5,23,1,28,29,0,0,1,0,0,0,0,1,0,1,1,0,0,0,0,2,0,0,2,2,158,1,9,-300,-62,New Orleans
2022,1,11,27,4,3,9,3,18,46,12,67,79,12,3,1,3,2,9,21,4,32,36,13,1,2,6,0,7,23,8,30,38,0,0,0,0,0,0,0,0,0,0,2,0,0,0,1,2,2,0,5,5,173,0,13,-299,-61,New Orleans
2023,1,11,40,5,2,3,5,23,56,5,84,89,17,2,0,2,3,16,16,2,35,37,18,3,2,1,2,7,39,3,48,51,0,0,0,0,0,0,0,0,0,0,5,0,0,0,0,0,1,0,1,1,207,0,8,-298,-60,New Orleans
2024,1,11,33,4,0,4,2,24,20,4,46,50,14,2,0,0,1,15,3,0,19,19,15,1,0,3,1,8,15,3,24,27,1,0,0,0,0,0,0,0,0,0,3,1,0,1,0,1,2,1,3,4,139,1,10,-297,-59,New Orleans
2012,2,11,31,5,2,4,4,25,12,6,41,47,13,2,0,2,4,8,6,2,18,20,16,3,1,2,0,17,6,3,23,26,0,0,0,0,0,0,0,0,0,0,2,0,1,0,0,0,0,1,0,1,199,0,4,-267,-29,New Orleans
2013,2,11,30,2,10,2,11,59,13,12,83,95,8,0,1,1,9,29,3,2,41,43,22,2,9,1,2,27,8,10,37,47,0,0,0,0,0,1,0,0,1,1,0,0,0,0,0,2,2,0,4,4,212,3,16,-265,-27,New Orleans
2014,2,11,20,2,3,1,12,26,13,4,51,55,11,2,0,0,7,16,7,0,30,30,9,0,3,1,2,8,6,4,16,20,0,0,0,0,0,0,0,0,0,0,0,0,0,0,3,2,0,0,5,5,155,0,18,-264,-26,New Orleans
2015,2,11,28,2,2,4,3,34,12,6,49,55,15,1,2,3,2,20,5,5,27,32,10,1,0,1,0,12,7,1,19,20,0,0,0,0,0,0,0,0,0,0,3,0,0,0,1,2,0,0,3,3,166,0,15,-263,-25,New Orleans
2016,2,11,29,1,1,3,11,30,12,4,53,57,18,0,0,2,5,17,6,2,28,30,7,0,1,0,4,11,5,1,20,21,0,0,0,0,0,1,0,0,1,1,4,1,0,1,2,1,1,1,4,5,140,1,14,-269,-31,New Orleans
2017,2,11,49,2,5,3,3,40,13,8,56,64,22,1,2,1,1,18,4,3,23,26,25,1,3,2,2,19,8,5,29,34,0,0,0,0,0,0,0,0,0,0,2,0,0,0,0,3,1,0,4,4,192,0,10,-267,-29,New Orleans
2018,2,11,63,5,0,7,5,86,25,7,116,123,22,3,0,2,2,27,5,2,34,36,34,2,0,5,3,56,15,5,74,79,1,0,0,0,0,0,0,0,0,0,6,0,0,0,0,3,5,0,8,8,307,1,23,-266,-28,New Orleans
2019,2,11,57,0,2,1,6,38,26,3,70,73,30,0,2,1,6,22,4,3,32,35,24,0,0,0,0,11,21,0,32,32,1,0,0,0,0,0,1,0,1,1,2,0,0,0,0,5,0,0,5,5,213,3,16,-265,-27,New Orleans
2020,2,11,37,1,2,1,4,29,8,3,41,44,20,0,2,1,2,13,3,3,18,21,16,1,0,0,2,12,5,0,19,19,0,0,0,0,0,2,0,0,2,2,1,0,0,0,0,2,0,0,2,2,145,2,9,-264,-26,New Orleans
2021,2,11,46,0,0,4,3,20,17,4,40,44,21,0,0,3,1,15,2,3,18,21,23,0,0,1,2,4,12,1,18,19,0,0,0,0,0,0,0,0,0,0,2,0,0,0,0,1,3,0,4,4,154,2,8,-269,-31,New Orleans
2022,2,11,33,2,3,7,8,20,13,10,41,51,16,2,0,3,3,10,6,3,19,22,13,0,3,3,5,10,6,6,21,27,0,0,0,0,0,0,0,0,0,0,4,0,0,1,0,0,1,1,1,2,149,0,15,-268,-30,New Orleans
2023,2,11,38,5,1,2,8,61,39,3,108,111,22,0,1,1,3,15,9,2,27,29,15,5,0,1,5,43,25,1,73,74,0,0,0,0,0,0,0,0,0,0,1,0,0,0,0,3,5,0,8,8,208,1,12,-267,-29,New Orleans
2024,2,11,57,13,1,5,2,103,30,6,135,141,29,3,1,2,0,23,8,3,31,34,24,9,0,2,2,71,21,2,94,96,2,0,0,0,0,1,0,0,1,1,2,1,0,1,0,8,1,1,9,10,292,4,20,-266,-28,New Orleans
2012,3,11,26,1,2,1,5,23,14,3,42,45,12,0,0,0,2,14,5,0,21,21,12,1,2,1,1,9,9,3,19,22,1,0,0,0,0,0,0,0,0,0,1,0,0,0,2,0,0,0,2,2,157,3,7,-238,0,New Orleans
2013,3,11,25,3,3,4,7,33,4,7,44,51,12,3,0,2,5,24,0,2,29,31,12,0,1,2,1,8,3,3,12,15,0,0,0,0,1,1,0,0,2,2,1,0,2,0,0,0,1,2,1,3,150,2,9,-237,1,New Orleans
2014,3,11,19,0,3,5,10,37,12,8,59,67,10,0,1,3,6,19,6,4,31,35,7,0,1,2,4,15,4,3,23,26,0,0,0,0,0,1,0,0,1,1,2,0,1,0,0,2,2,1,4,5,190,2,18,-236,2,New Orleans
2015,3,11,30,2,2,0,10,30,15,2,55,57,14,1,1,0,5,19,3,1,27,28,14,0,1,0,5,11,10,1,26,27,0,1,0,0,0,0,1,0,1,1,2,0,0,0,0,0,1,0,1,1,159,6,7,-235,3,New Orleans
2016,3,11,43,1,1,2,6,19,15,3,40,43,25,0,1,2,3,12,8,3,23,26,17,1,0,0,3,6,6,0,15,15,0,0,0,0,0,0,1,0,1,1,1,0,0,0,0,1,0,0,1,1,142,2,6,-240,-2,New Orleans
2017,3,11,47,1,4,6,4,41,16,10,61,71,20,0,1,3,3,23,5,4,31,35,24,1,2,2,1,14,11,4,26,30,0,0,1,1,0,1,0,2,1,3,3,0,0,0,0,3,0,0,3,3,176,5,8,-239,-1,New Orleans
2018,3,11,53,0,4,3,5,32,17,7,54,61,24,0,3,0,2,20,3,3,25,28,22,0,1,2,3,11,12,3,26,29,1,0,0,0,0,1,0,0,1,1,6,0,0,1,0,0,2,1,2,3,177,2,15,-238,0,New Orleans
2019,3,11,60,2,2,3,2,33,15,5,50,55,34,1,1,2,2,17,4,3,23,26,24,1,1,1,0,13,11,2,24,26,1,0,0,0,0,2,0,0,2,2,1,0,0,0,0,1,0,0,1,1,214,9,14,-237,1,New Orleans
2020,3,11,47,1,0,4,4,34,19,4,57,61,32,1,0,2,0,21,4,2,25,27,13,0,0,2,4,10,14,2,28,30,1,0,0,0,0,1,1,0,2,2,1,0,0,0,0,2,0,0,2,2,174,3,5,-235,3,New Orleans
2021,3,11,52,3,0,4,10,22,12,4,44,48,29,2,0,1,4,14,8,1,26,27,20,1,0,2,6,4,4,2,14,16,0,0,0,0,0,0,0,0,0,0,3,0,0,1,0,4,0,1,4,5,153,0,11,-241,-3,New Orleans
2022,3,11,50,2,3,4,4,38,12,7,54,61,26,1,0,1,3,17,2,1,22,23,22,1,3,1,0,20,9,4,29,33,0,0,0,0,0,0,0,0,0,0,2,0,0,2,1,1,1,2,3,5,146,0,9,-240,-2,New Orleans
2023,3,11,35,3,4,3,3,26,30,7,59,66,22,3,0,2,0,15,14,2,29,31,13,0,4,1,3,9,16,5,28,33,0,0,0,0,0,0,0,0,0,0,0,0,0,0,0,2,0,0,2,2,144,0,4,-239,-1,New Orleans
2024,3,11,34,1,1,3,3,39,13,4,55,59,21,0,0,1,3,27,6,1,36,37,10,1,1,2,0,11,7,3,18,21,1,0,0,0,0,1,0,0,1,1,2,0,0,0,0,0,0,0,0,0,148,5,2,-237,1,New Orleans
2012,4,11,23,1,0,2,9,28,19,2,56,58,14,1,0,1,6,19,5,1,30,31,7,0,0,1,2,9,13,1,24,25,0,0,0,0,0,0,0,0,0,0,2,0,0,0,1,0,1,0,2,2,234,2,9,-207,31,New Orleans
2013,4,11,25,0,1,2,10,33,11,3,54,57,14,0,1,1,7,22,6,2,35,37,9,0,0,0,3,10,1,0,14,14,1,0,0,0,0,0,0,0,0,0,1,0,0,1,0,1,4,1,5,6,178,1,13,-206,32,New Orleans
2014,4,11,24,1,4,1,8,34,18,5,60,65,11,1,1,1,8,24,10,2,42,44,13,0,1,0,0,7,8,1,15,16,0,0,0,0,0,1,0,0,1,1,0,0,2,0,0,2,0,2,2,4,190,1,15,-205,33,New Orleans
2015,4,11,40,0,3,3,0,36,17,6,53,59,23,0,1,0,0,18,5,1,23,24,13,0,2,3,0,17,12,5,29,34,1,0,0,0,0,1,0,0,1,1,3,0,0,0,0,0,0,0,0,0,145,2,9,-204,34,New Orleans
2016,4,11,50,2,2,3,6,33,20,5,59,64,33,1,1,1,5,24,9,2,38,40,10,0,0,1,1,6,11,1,18,19,1,0,0,0,0,0,0,0,0,0,6,1,1,1,0,3,0,2,3,5,186,1,18,-209,29,New Orleans
2017,4,11,46,2,1,3,4,40,15,4,59,63,28,1,1,2,2,34,8,3,44,47,17,1,0,1,2,4,7,1,13,14,0,0,0,0,0,0,0,0,0,0,1,0,0,0,0,2,0,0,2,2,214,0,14,-208,30,New Orleans
2018,4,11,50,2,4,6,3,38,9,10,50,60,35,2,4,3,2,23,3,7,28,35,13,0,0,2,1,13,6,2,20,22,0,0,0,0,0,0,0,0,0,0,2,0,0,1,0,2,0,1,2,3,182,1,10,-207,31,New Orleans
2019,4,11,58,3,3,1,7,35,48,4,90,94,34,0,3,1,3,24,3,4,30,34,16,2,0,0,4,10,45,0,59,59,0,0,0,0,0,0,0,0,0,0,8,1,0,0,0,1,0,0,1,1,230,0,15,-206,32,New Orleans
2020,4,11,46,3,2,3,4,27,31,5,62,67,26,2,2,1,3,19,12,3,34,37,16,1,0,1,1,6,16,1,23,24,0,0,0,0,0,0,0,0,0,0,4,0,0,1,0,2,3,1,5,6,154,0,12,-204,34,New Orleans
2021,4,11,54,2,3,4,2,19,23,7,44,51,28,2,1,1,1,12,5,2,18,20,23,0,2,2,1,6,17,4,24,28,0,0,0,0,0,0,0,0,0,0,3,0,0,1,0,1,1,1,2,3,162,1,7,-210,28,New Orleans
2022,4,11,38,3,1,5,2,24,19,6,45,51,23,2,0,1,2,15,1,1,18,19,12,1,1,3,0,8,17,4,25,29,0,0,0,0,0,0,0,0,0,0,3,0,0,1,0,1,1,1,2,3,141,0,6,-209,29,New Orleans
2023,4,11,33,3,2,4,4,30,41,6,75,81,17,1,0,3,2,20,10,3,32,35,13,2,2,1,2,7,30,3,39,42,0,0,0,0,0,2,0,0,2,2,3,0,0,0,0,1,1,0,2,2,161,2,8,-208,30,New Orleans
2024,4,11,40,1,1,3,2,32,22,4,56,60,26,0,0,2,2,24,15,2,41,43,11,0,0,1,0,6,7,1,13,14,0,0,0,0,0,0,0,0,0,0,3,1,1,0,0,2,0,1,2,3,146,0,13,-206,32,New Orleans
2012,5,11,25,2,1,3,8,40,12,4,60,64,17,1,1,1,8,25,4,2,37,39,8,1,0,2,0,13,8,2,21,23,0,0,0,0,0,0,0,0,0,0,0,0,0,0,0,2,0,0,2,2,201,0,7,-177,61,New Orleans
2013,5,11,22,3,0,4,3,32,15,4,50,54,12,1,0,1,3,20,7,1,30,31,9,2,0,3,0,12,7,3,19,22,0,0,0,0,0,0,0,0,0,0,1,0,0,0,0,0,1,0,1,1,127,0,3,-176,62,New Orleans
2014,5,11,37,3,4,3,11,30,13,7,54,61,16,0,3,1,5,18,2,4,25,29,20,3,1,1,6,12,10,2,28,30,0,0,0,0,0,0,0,0,0,0,1,0,0,1,0,0,1,1,1,2,158,0,9,-175,63,New Orleans
2015,5,11,35,3,1,5,9,30,13,6,52,58,18,2,1,4,6,24,6,5,36,41,13,1,0,1,3,5,7,1,15,16,0,0,0,0,0,0,0,0,0,0,4,0,0,0,0,1,0,0,1,1,165,0,12,-174,64,New Orleans
2016,5,11,41,0,0,5,4,40,11,5,55,60,25,0,0,4,1,27,6,4,34,38,12,0,0,1,2,10,5,1,17,18,0,0,0,0,0,0,0,0,0,0,4,0,0,0,1,3,0,0,4,4,172,0,9,-179,59,New Orleans
2017,5,11,47,1,1,2,6,29,20,3,55,58,25,0,0,1,4,20,6,1,30,31,17,1,1,1,1,8,12,2,21,23,0,0,0,0,0,0,1,0,1,1,5,0,0,0,1,1,1,0,3,3,183,1,17,-178,60,New Orleans
2018,5,11,52,4,0,2,5,37,15,2,57,59,28,3,0,0,1,24,6,0,31,31,16,1,0,2,4,11,8,2,23,25,1,0,0,0,0,0,0,0,0,0,7,0,0,0,0,2,1,0,3,3,215,1,16,-177,61,New Orleans
2019,5,11,55,2,4,5,3,34,29,9,66,75,36,2,1,2,2,21,10,3,33,36,17,0,3,3,1,11,17,6,29,35,0,0,0,0,0,0,1,0,1,1,2,0,0,0,0,2,1,0,3,3,198,1,11,-176,62,New Orleans
2020,5,11,32,3,0,5,9,15,19,5,43,48,17,2,0,2,7,8,10,2,25,27,14,1,0,3,1,6,6,3,13,16,0,0,0,0,0,0,2,0,2,2,1,0,0,0,1,1,1,0,3,3,150,2,8,-174,64,New Orleans
2021,5,11,45,3,2,3,7,12,43,5,62,67,24,2,1,3,3,8,27,4,38,42,14,1,1,0,3,1,14,1,18,19,1,0,0,0,1,0,1,0,2,2,6,0,0,0,0,3,1,0,4,4,184,4,12,-180,58,New Orleans
2022,5,11,43,1,3,6,5,40,12,9,57,66,22,1,1,3,3,31,8,4,42,46,19,0,2,1,2,8,4,3,14,17,0,0,0,0,0,0,0,0,0,0,2,0,0,2,0,1,0,2,1,3,167,0,7,-179,59,New Orleans
2023,5,11,35,2,1,2,4,22,31,3,57,60,19,1,0,1,1,12,8,1,21,22,15,1,1,1,3,9,22,2,34,36,0,0,0,0,0,0,0,0,0,0,1,0,0,0,0,1,1,0,2,2,148,2,5,-178,60,New Orleans
2024,5,11,31,1,2,4,5,40,18,6,63,69,19,1,1,0,3,16,4,1,23,24,10,0,1,2,2,21,13,3,36,39,0,0,0,0,0,1,0,0,1,1,2,0,0,2,0,2,1,2,3,5,148,1,11,-176,62,New Orleans
2012,6,11,25,3,4,2,21,37,9,6,67,73,18,0,1,0,12,22,6,1,40,41,5,2,3,1,8,12,3,4,23,27,0,0,0,0,0,1,0,0,1,1,2,1,0,1,1,2,0,1,3,4,276,2,28,-146,92,New Orleans
2013,6,11,29,1,1,2,8,34,8,3,50,53,14,1,0,0,4,29,4,0,37,37,12,0,1,1,4,5,4,2,13,15,0,0,0,0,0,0,0,0,0,0,3,0,0,1,0,0,0,1,0,1,190,1,10,-145,93,New Orleans
2014,6,11,35,0,6,5,12,15,10,11,37,48,18,0,2,2,9,14,5,4,28,32,16,0,3,3,2,1,5,6,8,14,0,0,0,0,0,0,0,0,0,0,1,0,1,0,1,0,0,1,1,2,199,0,10,-144,94,New Orleans
2015,6,11,32,0,3,0,12,30,6,3,48,51,16,0,2,0,3,19,2,2,24,26,13,0,1,0,5,10,4,1,19,20,0,0,0,0,2,0,0,0,2,2,3,0,0,0,2,1,0,0,3,3,127,2,8,-143,95,New Orleans
2016,6,11,40,2,2,3,7,22,11,5,40,45,24,0,0,3,5,14,6,3,25,28,11,2,1,0,2,6,5,1,13,14,0,0,1,0,0,0,0,1,0,1,5,0,0,0,0,2,0,0,2,2,123,2,11,-148,90,New Orleans
2017,6,11,52,1,1,5,9,33,16,6,58,64,24,0,1,2,6,17,3,3,26,29,21,1,0,3,3,14,12,3,29,32,2,0,0,0,0,0,1,0,1,1,5,0,0,0,0,2,0,0,2,2,171,3,10,-147,91,New Orleans
2018,6,11,46,1,2,8,8,37,16,10,61,71,26,0,1,5,7,25,9,6,41,47,15,1,1,3,1,10,7,4,18,22,0,0,0,0,0,0,0,0,0,0,5,0,0,0,0,2,0,0,2,2,203,0,11,-146,92,New Orleans
2019,6,11,47,1,3,9,14,33,19,12,66,78,29,1,3,5,7,22,8,8,37,45,13,0,0,4,5,7,9,4,21,25,0,0,0,0,0,0,1,0,1,1,5,0,0,0,2,4,1,0,7,7,209,1,18,-145,93,New Orleans
2020,6,11,39,2,0,7,4,28,30,7,62,69,26,0,0,2,2,21,16,2,39,41,11,0,0,4,2,4,11,4,17,21,0,0,0,0,0,1,0,0,1,1,2,2,0,1,0,2,3,1,5,6,158,1,12,-143,95,New Orleans
2021,6,11,50,0,2,3,7,34,12,5,53,58,28,0,0,2,1,22,4,2,27,29,16,0,2,1,5,11,6,3,22,25,1,0,0,0,1,0,1,0,2,2,5,0,0,0,0,1,1,0,2,2,168,3,10,-149,89,New Orleans
2022,6,11,47,4,4,7,3,48,21,11,72,83,25,3,1,3,1,24,7,4,32,36,17,1,3,3,1,18,14,6,33,39,0,0,0,0,0,0,0,0,0,0,5,0,0,1,1,6,0,1,7,8,173,0,18,-148,90,New Orleans
2023,6,11,46,4,2,8,6,25,35,10,66,76,31,2,1,5,3,16,20,6,39,45,12,2,1,2,3,8,11,3,22,25,1,0,0,0,0,0,0,0,0,0,2,0,0,1,0,1,4,1,5,6,168,1,10,-147,91,New Orleans
2024,6,11,39,2,1,4,2,40,17,5,59,64,24,2,1,2,1,30,9,3,40,43,10,0,0,2,1,9,6,2,16,18,0,0,0,0,0,0,1,0,1,1,5,0,0,0,0,1,1,0,2,2,157,1,11,-145,93,New Orleans
2012,7,11,23,1,5,2,15,30,20,7,65,72,12,0,1,1,10,19,6,2,35,37,9,1,2,1,5,6,13,3,24,27,0,0,1,0,0,2,0,1,2,3,2,0,1,0,0,3,1,1,4,5,212,4,17,-116,122,New Orleans
2013,7,11,22,0,2,1,13,43,10,3,66,69,12,0,1,0,7,38,7,1,52,53,10,0,1,1,4,2,3,2,9,11,0,0,0,0,1,1,0,0,2,2,0,0,0,0,1,2,0,0,3,3,178,2,12,-115,123,New Orleans
2014,7,11,34,3,3,1,7,36,9,4,52,56,20,0,2,1,6,26,2,3,34,37,12,2,1,0,1,9,7,1,17,18,0,0,0,0,0,0,0,0,0,0,2,1,0,0,0,1,0,0,1,1,195,0,7,-114,124,New Orleans
2015,7,11,41,2,1,3,6,34,19,4,59,63,22,1,0,3,5,22,13,3,40,43,19,1,1,0,0,9,4,1,13,14,0,0,0,0,0,0,0,0,0,0,0,0,0,0,1,3,2,0,6,6,160,0,10,-113,125,New Orleans
2016,7,11,48,2,2,1,9,34,9,3,52,55,26,0,1,0,7,27,3,1,37,38,20,1,1,1,2,4,5,2,11,13,1,0,0,0,0,1,0,0,1,1,1,1,0,0,0,2,1,0,3,3,159,4,9,-118,120,New Orleans
2017,7,11,39,2,2,3,5,35,16,5,56,61,28,2,1,2,4,23,5,3,32,35,7,0,1,1,1,10,11,2,22,24,1,0,0,0,0,0,0,0,0,0,3,0,0,0,0,2,0,0,2,2,198,1,10,-117,121,New Orleans
2018,7,11,46,2,1,7,9,40,23,8,72,80,30,1,0,5,8,32,12,5,52,57,14,0,0,2,1,6,11,2,18,20,0,0,0,0,0,0,0,0,0,0,2,1,1,0,0,2,0,1,2,3,213,0,24,-116,122,New Orleans
2019,7,11,52,3,0,3,6,31,9,3,46,49,34,2,0,2,4,22,2,2,28,30,12,1,0,1,2,7,5,1,14,15,1,0,0,0,0,1,0,0,1,1,5,0,0,0,0,1,2,0,3,3,162,4,12,-115,123,New Orleans
2020,7,11,54,2,1,6,12,16,17,7,45,52,35,0,1,4,4,10,9,5,23,28,17,1,0,0,7,3,8,0,18,18,0,0,0,0,0,1,0,0,1,1,2,1,0,2,1,2,0,2,3,5,136,1,9,-113,125,New Orleans
2021,7,11,46,4,3,7,3,27,19,10,49,59,23,1,1,3,3,12,7,4,22,26,14,2,2,3,0,13,9,5,22,27,0,0,0,0,0,1,1,0,2,2,9,1,0,1,0,1,2,1,3,4,164,4,15,-119,119,New Orleans
2022,7,11,42,3,4,4,5,18,60,8,83,91,27,0,2,2,3,9,23,4,35,39,12,2,2,2,2,7,37,4,46,50,1,0,0,0,0,1,0,0,1,1,2,1,0,0,0,1,0,0,1,1,204,3,6,-118,120,New Orleans
2023,7,11,33,1,2,3,4,31,21,5,56,61,21,0,1,3,1,22,6,4,29,33,11,1,1,0,3,9,14,1,26,27,0,0,0,0,0,0,1,0,1,1,1,0,0,0,0,0,0,0,0,0,153,2,2,-117,121,New Orleans
2024,7,11,33,2,1,7,4,32,2,8,38,46,17,1,0,3,2,24,0,3,26,29,10,1,1,4,2,8,2,5,12,17,0,0,0,0,0,0,0,0,0,0,6,0,0,0,0,0,0,0,0,0,136,2,7,-115,123,New Orleans
2012,8,11,35,2,4,2,10,31,12,6,53,59,16,0,1,1,5,21,3,2,29,31,15,2,2,1,5,7,8,3,20,23,1,0,0,0,0,1,0,0,1,1,3,0,1,0,0,2,1,1,3,4,199,2,14,-85,153,New Orleans
2013,8,11,36,1,4,2,9,19,10,6,38,44,13,0,1,2,5,11,5,3,21,24,19,1,3,0,4,6,4,3,14,17,0,0,0,0,0,0,1,0,1,1,4,0,0,0,0,2,0,0,2,2,180,1,11,-84,154,New Orleans
2014,8,11,38,1,1,1,18,29,16,2,63,65,20,1,1,1,14,23,9,2,46,48,15,0,0,0,4,5,7,0,16,16,0,0,0,0,0,0,0,0,0,0,3,0,0,0,0,1,0,0,1,1,196,0,10,-83,155,New Orleans
2015,8,11,33,1,3,4,4,35,21,7,60,67,20,0,2,1,1,27,11,3,39,42,12,0,1,3,3,7,10,4,20,24,0,0,0,0,0,0,0,0,0,0,1,1,0,0,0,1,0,0,1,1,187,0,6,-82,156,New Orleans
2016,8,11,38,1,3,5,2,29,13,8,44,52,19,1,2,2,1,22,1,4,24,28,18,0,1,0,1,6,12,1,19,20,0,0,0,0,0,0,0,0,0,0,1,0,0,3,0,1,0,3,1,4,134,2,8,-87,151,New Orleans
2017,8,11,43,3,0,6,3,30,11,6,44,50,24,0,0,4,1,21,4,4,26,30,16,1,0,1,2,9,6,1,17,18,1,0,0,0,0,0,0,0,0,0,2,2,0,1,0,0,1,1,1,2,179,1,14,-86,152,New Orleans
2018,8,11,50,0,2,7,3,50,13,9,66,75,28,0,0,3,0,25,6,3,31,34,21,0,2,3,2,20,6,5,28,33,1,0,0,0,1,0,0,0,1,1,0,0,0,1,0,5,1,1,6,7,200,2,13,-85,153,New Orleans
2019,8,11,64,2,3,4,9,30,43,7,82,89,40,0,0,1,6,17,24,1,47,48,22,2,3,3,3,11,19,6,33,39,1,0,0,0,0,0,0,0,0,0,1,0,0,0,0,2,0,0,2,2,203,1,5,-84,154,New Orleans
2020,8,11,45,1,2,7,10,19,14,9,43,52,32,0,1,4,4,15,9,5,28,33,11,1,0,1,5,4,5,1,14,15,0,0,0,0,0,0,0,0,0,0,2,0,1,2,1,0,0,3,1,4,150,1,10,-82,156,New Orleans
2021,8,11,47,3,2,4,3,23,11,6,37,43,31,3,1,2,0,19,5,3,24,27,15,0,0,1,1,4,4,1,9,10,0,0,0,0,0,0,0,0,0,0,1,0,1,1,2,0,2,2,4,6,147,1,15,-88,150,New Orleans
2022,8,11,33,2,1,4,5,15,11,5,31,36,24,1,0,1,3,10,4,1,17,18,6,1,1,1,2,4,5,2,11,13,1,0,0,0,0,0,0,0,0,0,2,0,0,2,0,1,2,2,3,5,116,1,13,-87,151,New Orleans
2023,8,11,27,0,2,9,4,29,22,11,55,66,15,0,1,5,3,16,7,6,26,32,9,0,1,4,1,10,15,5,26,31,0,0,0,0,0,0,0,0,0,0,3,0,0,0,0,3,0,0,3,3,129,0,12,-86,152,New Orleans
2024,8,11,43,1,0,5,3,30,23,5,56,61,27,0,0,5,2,14,7,5,23,28,14,1,0,0,1,15,16,0,32,32,0,0,0,0,0,0,0,0,0,0,2,0,0,0,0,1,0,0,1,1,158,0,7,-84,154,New Orleans
2012,9,11,26,1,2,0,6,21,13,2,40,42,17,1,1,0,4,12,7,1,23,24,6,0,1,0,2,6,6,1,14,15,0,0,0,0,0,0,0,0,0,0,3,0,0,0,0,3,0,0,3,3,139,1,12,-54,184,New Orleans
2013,9,11,28,0,5,2,7,25,14,7,46,53,14,0,1,1,6,17,6,2,29,31,13,0,4,1,1,6,8,5,15,20,0,0,0,0,0,0,0,0,0,0,1,0,0,0,0,2,0,0,2,2,175,0,8,-53,185,New Orleans
2014,9,11,27,1,4,5,12,31,8,9,51,60,7,0,0,4,4,26,3,4,33,37,17,1,4,1,8,3,4,5,15,20,0,0,0,0,0,0,0,0,0,0,3,0,0,0,0,2,1,0,3,3,170,0,9,-52,186,New Orleans
2015,9,11,26,0,6,0,2,26,12,6,40,46,16,0,2,0,0,19,5,2,24,26,9,0,4,0,2,5,7,4,14,18,0,0,0,0,0,0,0,0,0,0,1,0,0,0,0,2,0,0,2,2,147,0,10,-51,187,New Orleans
2016,9,11,49,1,2,6,2,31,19,8,52,60,24,0,1,2,2,12,8,3,22,25,23,1,1,4,0,17,10,5,27,32,0,0,0,0,0,0,0,0,0,0,2,0,0,0,0,2,1,0,3,3,173,0,12,-56,182,New Orleans
2017,9,11,36,0,3,5,11,39,6,8,56,64,19,0,1,3,9,28,4,4,41,45,13,0,2,1,2,9,2,3,13,16,1,0,0,0,0,1,0,0,1,1,3,0,0,1,0,1,0,1,1,2,177,2,13,-55,183,New Orleans
2018,9,11,56,0,1,2,6,30,16,3,52,55,38,0,1,1,5,22,10,2,37,39,16,0,0,1,1,5,6,1,12,13,0,0,0,0,0,0,0,0,0,0,2,0,0,0,0,3,0,0,3,3,212,2,15,-54,184,New Orleans
2019,9,11,37,3,1,1,7,25,27,2,59,61,20,3,0,1,5,19,3,1,27,28,14,0,0,0,2,4,24,0,30,30,0,0,0,0,0,0,0,0,0,0,3,0,1,0,0,2,0,1,2,3,203,0,18,-53,185,New Orleans
2020,9,11,43,2,1,6,9,25,19,7,53,60,22,0,0,2,6,18,6,2,30,32,17,2,1,3,3,6,12,4,21,25,0,0,0,1,0,0,0,1,0,1,4,0,0,0,0,1,1,0,2,2,154,1,10,-51,187,New Orleans
2021,9,11,51,2,3,7,16,23,19,10,58,68,25,2,3,3,12,16,6,6,34,40,22,0,0,4,4,7,11,4,22,26,0,0,0,0,0,0,1,0,1,1,4,0,0,0,0,0,1,0,1,1,159,1,10,-57,181,New Orleans
2022,9,11,30,7,2,9,4,11,26,11,41,52,13,2,0,4,2,3,9,4,14,18,14,5,1,4,1,7,16,5,24,29,1,0,0,0,0,1,0,0,1,1,2,0,1,1,1,0,1,2,2,4,122,2,7,-56,182,New Orleans
2023,9,11,37,2,0,4,4,30,31,4,65,69,20,1,0,3,1,19,14,3,34,37,17,1,0,1,3,11,17,1,31,32,0,0,0,0,0,0,0,0,0,0,0,0,0,0,0,0,0,0,0,0,160,1,1,-55,183,New Orleans
2024,9,11,34,0,0,3,8,6,3,3,17,20,19,0,0,1,3,2,1,1,6,7,15,0,0,2,4,3,2,2,9,11,0,0,0,0,0,1,0,0,1,1,0,0,0,0,1,0,0,0,1,1,94,2,4,-53,185,New Orleans
2012,10,11,20,3,1,5,11,26,7,6,44,50,9,3,0,2,5,14,1,2,20,22,9,0,1,2,5,10,6,3,21,24,0,0,0,0,0,0,0,0,0,0,2,0,0,1,1,2,0,1,3,4,186,0,12,-24,214,New Orleans
2013,10,11,27,1,4,3,11,32,13,7,56,63,9,0,3,1,7,19,6,4,32,36,17,1,1,1,4,11,7,2,22,24,0,0,0,0,0,0,0,0,0,0,1,0,0,1,0,2,0,1,2,3,179,0,13,-23,215,New Orleans
2014,10,11,31,1,4,3,4,20,26,7,50,57,14,0,0,2,0,10,9,2,19,21,13,1,4,1,4,9,16,5,29,34,0,0,0,0,0,0,0,0,0,0,4,0,0,0,0,1,1,0,2,2,142,1,11,-22,216,New Orleans
2015,10,11,38,0,6,1,7,31,12,7,50,57,17,0,1,1,4,14,4,2,22,24,19,0,4,0,3,13,8,4,24,28,0,0,1,0,0,0,0,1,0,1,2,0,0,0,0,4,0,0,4,4,146,2,8,-21,217,New Orleans
2016,10,11,39,0,2,2,4,25,19,4,48,52,19,0,1,2,2,16,9,3,27,30,17,0,1,0,2,7,9,1,18,19,0,0,0,0,0,1,0,0,1,1,3,0,0,0,0,1,1,0,2,2,159,1,12,-26,212,New Orleans
2017,10,11,37,2,1,5,5,42,17,6,64,70,15,2,1,2,4,29,4,3,37,40,19,0,0,2,1,9,13,2,23,25,0,0,0,0,0,1,0,0,1,1,3,0,0,1,0,3,0,1,3,4,193,1,11,-25,213,New Orleans
2018,10,11,58,0,4,5,4,35,12,9,51,60,25,0,1,4,3,25,2,5,30,35,26,0,3,1,1,9,8,4,18,22,1,0,0,0,0,0,0,0,0,0,6,0,0,0,0,1,2,0,3,3,203,1,18,-24,214,New Orleans
2019,10,11,40,3,2,6,4,36,19,8,59,67,20,0,0,3,3,22,2,3,27,30,16,3,2,3,1,12,17,5,30,35,0,0,0,0,0,1,0,0,1,1,4,0,0,0,0,1,0,0,1,1,170,1,7,-23,215,New Orleans
2020,10,11,53,2,1,3,6,27,22,4,55,59,26,0,1,2,2,15,10,3,27,30,27,2,0,1,4,8,11,1,23,24,0,0,0,0,0,1,0,0,1,1,0,0,0,0,0,3,1,0,4,4,172,1,11,-21,217,New Orleans
2021,10,11,48,2,4,4,8,26,17,8,51,59,26,1,2,1,4,18,5,3,27,30,18,1,1,3,4,6,11,4,21,25,1,0,0,0,0,0,0,0,0,0,3,0,1,0,0,2,1,1,3,4,177,1,10,-27,211,New Orleans
2022,10,11,35,3,1,5,9,22,24,6,55,61,20,3,0,2,2,15,8,2,25,27,14,0,1,3,7,5,13,4,25,29,0,0,0,0,0,0,0,0,0,0,1,0,0,0,0,2,3,0,5,5,151,0,10,-26,212,New Orleans
2023,10,11,22,1,3,4,4,22,21,7,47,54,9,0,2,2,0,13,8,4,21,25,12,1,1,1,4,8,9,2,21,23,0,0,0,0,0,0,0,0,0,0,1,0,0,1,0,1,4,1,5,6,128,0,8,-25,213,New Orleans
2024,10,11,57,1,0,4,6,40,12,4,58,62,37,0,0,3,3,20,3,3,26,29,15,1,0,1,3,18,8,1,29,30,0,0,0,0,0,1,0,0,1,1,5,0,0,0,0,1,1,0,2,2,172,1,10,-23,215,New Orleans
2012,11,11,40,0,5,3,14,29,17,8,60,68,17,0,1,0,5,16,6,1,27,28,21,0,4,3,7,13,10,7,30,37,1,0,0,0,1,0,1,0,2,2,1,0,0,0,1,0,0,0,1,1,201,3,6,7,245,New Orleans
2013,11,11,28,1,3,2,13,47,8,5,68,73,4,0,2,0,10,25,1,2,36,38,21,1,1,1,2,19,7,2,28,30,0,0,0,0,1,1,0,0,2,2,3,0,0,1,0,2,0,1,2,3,180,3,10,8,246,New Orleans
2014,11,11,28,1,2,5,13,39,24,7,76,83,15,1,2,2,6,26,8,4,40,44,12,0,0,3,7,12,13,3,32,35,0,0,0,0,0,0,1,0,1,1,1,0,0,0,0,1,2,0,3,3,183,1,10,9,247,New Orleans
2015,11,11,40,3,6,4,4,33,6,10,43,53,17,3,1,3,1,20,1,4,22,26,17,0,3,1,1,11,4,4,16,20,0,0,0,0,0,0,0,0,0,0,6,0,2,0,2,2,1,2,5,7,176,0,16,10,248,New Orleans
2016,11,11,41,0,2,4,8,26,17,6,51,57,19,0,0,0,4,7,4,0,15,15,17,0,1,4,4,17,13,5,34,39,1,0,0,0,0,0,0,0,0,0,4,0,1,0,0,2,0,1,2,3,166,3,14,5,243,New Orleans
2017,11,11,31,2,1,3,4,29,10,4,43,47,10,0,0,1,4,15,5,1,24,25,20,1,1,0,0,13,5,1,18,19,0,0,0,0,0,0,0,0,0,0,1,1,0,2,0,1,0,2,1,3,144,0,11,6,244,New Orleans
2018,11,11,50,2,0,7,6,31,16,7,53,60,21,1,0,4,3,15,4,4,22,26,23,1,0,3,3,11,11,3,25,28,0,0,0,0,0,0,0,0,0,0,6,0,0,0,0,5,1,0,6,6,184,1,13,7,245,New Orleans
2019,11,11,43,1,2,3,7,47,31,5,85,90,23,0,0,2,6,24,14,2,44,46,17,0,2,0,1,17,16,2,34,36,1,0,0,0,0,3,0,0,3,3,2,1,0,1,0,3,1,1,4,5,210,4,12,8,246,New Orleans
2020,11,11,47,2,3,8,3,27,46,11,76,87,23,1,2,6,2,13,22,8,37,45,21,1,1,1,1,11,21,2,33,35,0,0,0,0,0,0,1,0,1,1,3,0,0,1,0,3,2,1,5,6,188,2,15,10,248,New Orleans
2021,11,11,48,0,2,9,7,29,18,11,54,65,19,0,1,3,2,18,8,4,28,32,23,0,1,4,5,11,10,5,26,31,0,0,0,1,0,0,0,1,0,1,6,0,0,1,0,0,0,1,0,1,164,1,12,4,242,New Orleans
2022,11,11,37,1,1,5,8,20,20,6,48,54,20,1,1,1,4,11,8,2,23,25,16,0,0,4,4,6,12,4,22,26,0,0,0,0,0,0,0,0,0,0,1,0,0,0,0,3,0,0,3,3,156,0,9,5,243,New Orleans
2023,11,11,44,0,2,2,1,31,33,4,65,69,18,0,1,2,1,11,8,3,20,23,20,0,1,0,0,19,21,1,40,41,1,0,0,0,0,0,3,0,3,3,5,0,0,0,0,1,1,0,2,2,161,4,8,6,244,New Orleans
2024,11,11,32,0,1,5,1,33,19,6,53,59,17,0,0,2,1,24,4,2,29,31,12,0,1,3,0,9,13,4,22,26,1,0,0,0,0,0,0,0,0,0,2,0,0,0,0,0,2,0,2,2,159,1,10,8,246,New Orleans
2012,12,11,26,3,0,2,12,25,6,2,43,45,9,1,0,0,7,18,2,0,27,27,13,2,0,0,5,7,3,0,15,15,0,0,0,0,0,0,1,0,1,1,4,0,0,2,0,0,0,2,0,2,190,1,16,37,275,New Orleans
2013,12,11,32,3,0,2,8,42,14,2,64,66,12,1,0,1,3,32,5,1,40,41,19,2,0,1,5,7,8,1,20,21,0,0,0,0,0,0,1,0,1,1,1,0,0,0,0,3,0,0,3,3,215,2,11,38,276,New Orleans
2014,12,11,26,0,3,0,9,32,15,3,56,59,9,0,1,0,4,24,6,1,34,35,16,0,2,0,4,7,9,2,20,22,0,0,0,0,0,0,0,0,0,0,1,0,0,0,1,1,0,0,2,2,159,2,12,39,277,New Orleans
2015,12,11,28,1,8,5,6,33,10,13,49,62,14,0,2,4,4,16,4,6,24,30,13,1,6,1,1,12,6,7,19,26,0,0,0,0,0,1,0,0,1,1,1,0,0,0,1,4,0,0,5,5,161,1,10,40,278,New Orleans
2016,12,11,56,1,1,2,6,28,13,3,47,50,17,0,0,0,2,14,3,0,19,19,36,1,1,2,4,13,10,3,27,30,1,0,0,0,0,0,0,0,0,0,2,0,0,0,0,1,0,0,1,1,159,2,6,35,273,New Orleans
2017,12,11,42,2,1,1,10,37,21,2,68,70,18,2,0,0,6,23,6,0,35,35,21,0,1,1,3,11,14,2,28,30,1,0,0,0,0,0,0,0,0,0,2,0,0,0,1,3,1,0,5,5,190,4,10,36,274,New Orleans
2018,12,11,31,2,2,0,4,31,15,2,50,52,13,0,0,0,4,13,10,0,27,27,14,1,1,0,0,15,5,1,20,21,1,0,0,0,0,0,0,0,0,0,3,1,1,0,0,3,0,1,3,4,177,2,16,37,275,New Orleans
2019,12,11,29,4,0,2,9,24,20,2,53,55,15,2,0,1,3,15,7,1,25,26,10,0,0,1,6,7,10,1,23,24,1,0,0,0,0,0,1,0,1,1,3,2,0,0,0,2,2,0,4,4,152,2,12,38,276,New Orleans
2020,12,11,47,1,6,10,5,28,31,16,64,80,19,1,6,6,3,17,6,12,26,38,23,0,0,3,2,9,25,3,36,39,0,0,0,0,0,0,0,0,0,0,5,0,0,1,0,2,0,1,2,3,186,0,10,40,278,New Orleans
2021,12,11,29,0,1,9,6,32,37,10,75,85,9,0,1,1,3,17,16,2,36,38,18,0,0,7,3,14,20,7,37,44,1,0,0,0,0,0,0,0,0,0,1,0,0,1,0,1,1,1,2,3,151,1,8,34,272,New Orleans
2022,12,11,40,0,1,6,8,21,35,7,64,71,24,0,1,4,2,7,8,5,17,22,15,0,0,2,4,13,26,2,43,45,1,0,0,0,0,0,0,0,0,0,0,0,0,0,2,1,1,0,4,4,156,1,4,35,273,New Orleans
2023,12,11,45,5,1,5,7,30,29,6,66,72,28,2,1,3,5,21,13,4,39,43,13,2,0,2,2,6,16,2,24,26,0,1,0,0,0,1,0,0,1,1,4,0,0,0,0,2,0,0,2,2,172,2,7,36,274,New Orleans
2024,12,11,41,1,1,1,4,26,17,2,47,49,24,1,0,0,1,15,2,0,18,18,15,0,1,1,2,9,15,2,26,28,1,0,0,0,0,0,0,0,0,0,1,0,0,0,1,2,0,0,3,3,127,1,5,38,276,New Orleans
2012,1,12,10,2,2,2,12,27,12,4,51,55,4,1,1,0,6,11,7,1,24,25,6,1,1,2,6,13,4,3,23,26,0,0,0,0,0,0,0,0,0,0,0,0,0,0,0,3,1,0,4,4,141,0,7,-297,-59,New Orleans
2013,1,12,22,1,2,1,12,31,4,3,47,50,10,0,0,0,4,16,2,0,22,22,11,1,2,1,5,12,2,3,19,22,0,0,0,0,0,0,0,0,0,0,1,0,0,0,3,3,0,0,6,6,160,0,10,-295,-57,New Orleans
2014,1,12,21,1,4,3,7,24,18,7,49,56,8,0,2,0,1,12,5,2,18,20,11,1,2,3,6,11,12,5,29,34,0,0,0,0,0,0,0,0,0,0,2,0,0,0,0,1,1,0,2,2,167,0,13,-294,-56,New Orleans
2015,1,12,33,0,4,0,16,23,26,4,65,69,19,0,2,0,12,18,9,2,39,41,12,0,2,0,2,5,17,2,24,26,0,0,0,0,0,0,0,0,0,0,2,0,0,0,2,0,0,0,2,2,180,2,9,-293,-55,New Orleans
2016,1,12,29,2,5,2,12,32,12,7,56,63,13,0,3,1,9,24,7,4,40,44,15,2,1,1,3,6,5,2,14,16,0,0,0,0,0,0,0,0,0,0,1,0,1,0,0,2,0,1,2,3,174,1,12,-299,-61,New Orleans
2017,1,12,32,1,4,2,6,28,16,6,50,56,15,0,0,1,4,19,5,1,28,29,12,1,4,1,0,8,11,5,19,24,1,0,0,0,1,0,0,0,1,1,4,0,0,0,1,1,0,0,2,2,172,2,11,-297,-59,New Orleans
2018,1,12,44,0,2,4,1,30,15,6,46,52,21,0,1,2,0,20,6,3,26,29,19,0,1,2,1,10,8,3,19,22,0,0,0,0,0,0,0,0,0,0,4,0,0,0,0,0,1,0,1,1,167,0,10,-296,-58,New Orleans
2019,1,12,46,2,3,1,9,34,41,4,84,88,18,0,1,1,3,21,7,2,31,33,28,2,2,0,6,9,31,2,46,48,0,0,0,0,0,0,0,0,0,0,0,0,0,0,0,4,3,0,7,7,201,0,9,-295,-57,New Orleans
2020,1,12,22,3,3,4,3,19,19,7,41,48,7,0,0,1,2,5,10,1,17,18,12,3,3,3,1,14,9,6,24,30,0,0,0,0,0,0,0,0,0,0,3,0,0,0,0,0,0,0,0,0,109,0,3,-294,-56,New Orleans
2021,1,12,34,4,2,5,4,21,34,7,59,66,18,2,1,0,0,14,22,1,36,37,13,1,1,3,3,7,11,4,21,25,0,0,0,0,0,0,0,0,0,0,3,1,0,2,1,0,1,2,2,4,144,0,9,-299,-61,New Orleans
2022,1,12,49,2,5,5,1,19,55,10,75,85,16,2,4,4,1,13,17,8,31,39,25,0,1,1,0,5,34,2,39,41,0,0,0,0,0,0,0,0,0,0,8,0,0,0,0,1,4,0,5,5,196,0,19,-298,-60,New Orleans
2023,1,12,34,3,3,4,8,23,39,7,70,77,16,2,1,3,2,13,10,4,25,29,17,0,2,1,6,9,28,3,43,46,1,0,0,0,0,0,0,0,0,0,0,1,0,0,0,1,1,0,2,2,158,1,5,-297,-59,New Orleans
2024,1,12,36,5,1,2,5,39,25,3,69,72,16,3,0,1,5,24,10,1,39,40,18,1,0,1,0,15,13,1,28,29,1,0,0,0,0,0,0,0,0,0,1,1,1,0,0,0,2,1,2,3,165,1,10,-296,-58,New Orleans
2012,2,12,40,1,1,0,5,27,13,1,45,46,16,1,0,0,2,16,8,0,26,26,23,0,1,0,2,8,5,1,15,16,0,0,0,0,1,0,0,0,1,1,1,0,0,0,0,3,0,0,3,3,187,1,12,-266,-28,New Orleans
2013,2,12,23,4,2,3,7,60,20,5,87,92,12,1,0,0,6,29,12,0,47,47,7,3,2,2,1,29,6,4,36,40,0,0,0,0,0,0,0,0,0,0,4,0,0,1,0,2,2,1,4,5,208,0,16,-264,-26,New Orleans
2014,2,12,26,0,0,2,11,25,12,2,48,50,8,0,0,2,7,20,8,2,35,37,15,0,0,0,3,2,4,0,9,9,0,0,0,0,0,0,0,0,0,0,3,0,0,0,1,3,0,0,4,4,193,2,19,-263,-25,New Orleans
2015,2,12,26,2,5,1,4,27,8,6,39,45,12,0,1,1,1,14,4,2,19,21,12,2,4,0,3,13,3,4,19,23,0,0,0,0,0,0,1,0,1,1,2,0,0,0,0,0,0,0,0,0,155,2,4,-262,-24,New Orleans
2016,2,12,31,0,1,1,15,30,19,2,64,66,20,0,0,0,7,14,2,0,23,23,11,0,1,1,8,13,15,2,36,38,0,0,0,0,0,0,0,0,0,0,0,0,0,0,0,3,2,0,5,5,160,1,11,-268,-30,New Orleans
2017,2,12,47,2,6,6,6,28,17,12,51,63,17,0,1,2,4,14,7,3,25,28,28,2,3,3,1,14,9,6,24,30,0,0,0,1,0,0,0,1,0,1,2,0,2,0,1,0,1,2,2,4,199,2,14,-266,-28,New Orleans
2018,2,12,58,4,0,3,3,52,52,3,107,110,21,3,0,0,3,19,13,0,35,35,35,1,0,3,0,27,38,3,65,68,0,0,0,0,0,1,0,0,1,1,2,0,0,0,0,5,1,0,6,6,268,1,15,-265,-27,New Orleans
2019,2,12,43,2,2,2,8,35,24,4,67,71,25,2,1,0,4,15,8,1,27,28,15,0,1,2,4,17,14,3,35,38,0,0,0,0,0,0,0,0,0,0,3,0,0,0,0,3,2,0,5,5,178,0,13,-264,-26,New Orleans
2020,2,12,35,2,3,3,1,29,22,6,52,58,19,0,1,1,0,16,9,2,25,27,14,2,1,2,1,12,12,3,25,28,0,0,0,0,0,1,0,0,1,1,2,0,1,0,0,0,1,1,1,2,160,2,10,-263,-25,New Orleans
2021,2,12,32,1,2,2,4,23,23,4,50,54,20,0,2,2,3,12,4,4,19,23,10,1,0,0,1,11,15,0,27,27,1,0,0,0,0,0,1,0,1,1,1,0,0,0,0,0,3,0,3,3,156,2,10,-268,-30,New Orleans
2022,2,12,33,4,4,3,4,29,18,7,51,58,14,2,2,2,1,12,8,4,21,25,18,2,2,1,3,14,10,3,27,30,1,0,0,0,0,1,0,0,1,1,0,0,0,0,0,2,0,0,2,2,137,2,6,-267,-29,New Orleans
2023,2,12,34,9,4,8,4,42,57,12,103,115,15,4,1,3,1,19,27,4,47,51,16,3,2,5,3,19,27,7,49,56,0,0,0,0,0,0,0,0,0,0,3,2,1,0,0,4,3,1,7,8,205,1,18,-266,-28,New Orleans
2024,2,12,51,4,3,4,4,81,26,7,111,118,24,2,1,2,2,28,10,3,40,43,25,1,2,1,2,50,15,3,67,70,0,0,0,1,0,0,1,1,1,2,2,1,0,0,0,3,0,0,3,3,247,2,17,-265,-27,New Orleans
2012,3,12,19,2,1,3,10,35,9,4,54,58,10,2,1,2,6,23,3,3,32,35,7,0,0,1,4,10,5,1,19,20,1,0,0,0,0,0,0,0,0,0,1,0,0,0,0,2,1,0,3,3,188,1,4,-237,1,New Orleans
2013,3,12,26,3,4,5,5,33,12,9,50,59,17,1,0,2,2,22,4,2,28,30,7,2,3,2,3,10,7,5,20,25,0,0,0,0,0,0,0,0,0,0,2,0,1,1,0,1,1,2,2,4,154,2,7,-236,2,New Orleans
2014,3,12,19,4,5,2,7,44,8,7,59,66,11,4,0,2,7,31,1,2,39,41,6,0,5,0,0,9,6,5,15,20,1,0,0,0,0,1,0,0,1,1,1,0,0,0,0,3,1,0,4,4,197,2,11,-235,3,New Orleans
2015,3,12,34,1,2,3,9,25,10,5,44,49,15,1,1,1,1,18,5,2,24,26,17,0,1,1,8,7,4,2,19,21,0,0,0,0,0,0,1,0,1,1,2,0,0,1,0,0,0,1,0,1,142,2,5,-234,4,New Orleans
2016,3,12,56,1,3,1,5,32,20,4,57,61,32,1,1,1,3,13,8,2,24,26,20,0,1,0,2,17,11,1,30,31,1,0,0,0,0,0,0,0,0,0,3,0,1,0,0,2,1,1,3,4,178,1,10,-239,-1,New Orleans
2017,3,12,49,2,3,3,3,36,10,6,49,55,25,0,1,2,2,15,5,3,22,25,22,1,2,1,0,17,4,3,21,24,0,0,0,0,0,1,0,0,1,1,2,1,0,0,1,3,1,0,5,5,177,1,18,-238,0,New Orleans
2018,3,12,46,1,0,4,4,44,18,4,66,70,21,0,0,3,3,31,2,3,36,39,17,1,0,1,1,10,15,1,26,27,0,0,0,0,0,0,0,0,0,0,8,0,0,0,0,3,1,0,4,4,194,0,17,-237,1,New Orleans
2019,3,12,43,3,2,5,0,39,30,7,69,76,22,3,2,4,0,23,8,6,31,37,17,0,0,1,0,13,22,1,35,36,1,0,0,0,0,0,0,0,0,0,3,0,0,0,0,3,0,0,3,3,208,2,11,-236,2,New Orleans
2020,3,12,45,0,2,5,9,24,15,7,48,55,25,0,1,3,2,12,6,4,20,24,17,0,1,1,5,10,8,2,23,25,0,0,0,0,1,0,0,0,1,1,3,0,0,1,1,2,1,1,4,5,153,1,13,-234,4,New Orleans
2021,3,12,43,3,3,6,3,26,29,9,58,67,17,0,1,1,1,12,19,2,32,34,22,3,2,4,2,10,8,6,20,26,0,0,0,0,0,1,0,0,1,1,4,0,0,1,0,3,2,1,5,6,183,2,16,-240,-2,New Orleans
2022,3,12,41,1,4,1,2,38,33,5,73,78,16,1,2,0,2,19,8,2,29,31,20,0,2,1,0,19,25,3,44,47,1,0,0,0,0,0,0,0,0,0,4,0,0,0,0,0,0,0,0,0,167,2,8,-239,-1,New Orleans
2023,3,12,29,1,3,3,6,15,33,6,54,60,16,0,0,0,1,8,14,0,23,23,10,0,2,3,4,6,16,5,26,31,0,0,0,0,1,0,2,0,3,3,3,1,1,0,0,1,1,1,2,3,131,5,12,-238,0,New Orleans
2024,3,12,34,0,1,3,3,22,7,4,32,36,19,0,1,0,2,12,2,1,16,17,11,0,0,3,1,9,5,3,15,18,1,0,0,0,0,0,0,0,0,0,3,0,0,0,0,1,0,0,1,1,128,1,9,-236,2,New Orleans
2012,4,12,29,0,4,4,8,22,12,8,42,50,18,0,3,4,5,15,6,7,26,33,8,0,1,0,3,6,6,1,15,16,0,0,0,0,0,0,0,0,0,0,3,0,0,0,0,1,0,0,1,1,206,4,17,-206,32,New Orleans
2013,4,12,23,1,1,2,5,41,12,3,58,61,9,0,0,1,4,28,4,1,36,37,12,0,1,1,1,8,7,2,16,18,0,0,0,0,0,0,0,0,0,0,2,1,0,0,0,5,1,0,6,6,173,0,15,-205,33,New Orleans
2014,4,12,34,1,3,9,9,42,16,12,67,79,14,0,0,2,4,25,5,2,34,36,17,0,2,5,3,15,10,7,28,35,0,0,1,0,0,0,0,1,0,1,3,1,0,2,2,2,1,2,5,7,199,1,20,-204,34,New Orleans
2015,4,12,23,0,7,3,5,28,23,10,56,66,14,0,1,1,2,16,10,2,28,30,9,0,6,1,1,11,11,7,23,30,0,0,0,0,0,0,1,0,1,1,0,0,0,1,2,1,1,1,4,5,147,1,7,-203,35,New Orleans
2016,4,12,28,1,3,1,4,21,16,4,41,45,15,1,1,0,4,14,6,1,24,25,10,0,2,1,0,6,9,3,15,18,0,0,0,0,0,0,0,0,0,0,3,0,0,0,0,1,1,0,2,2,143,0,9,-208,30,New Orleans
2017,4,12,32,0,1,6,5,30,13,7,48,55,17,0,1,4,2,19,8,5,29,34,14,0,0,2,3,11,4,2,18,20,0,0,0,0,0,0,0,0,0,0,1,0,0,0,0,0,1,0,1,1,192,0,8,-207,31,New Orleans
2018,4,12,52,3,0,2,6,29,12,2,47,49,34,0,0,1,3,21,5,1,29,30,17,2,0,1,3,5,6,1,14,15,1,0,0,0,0,1,0,0,1,1,0,1,0,0,0,2,1,0,3,3,186,2,9,-206,32,New Orleans
2019,4,12,55,2,2,6,2,36,13,8,51,59,28,0,0,2,0,23,5,2,28,30,21,0,2,2,2,9,6,4,17,21,0,0,0,1,0,0,0,1,0,1,6,2,0,1,0,4,2,1,6,7,184,1,17,-205,33,New Orleans
2020,4,12,36,3,2,1,7,29,19,3,55,58,16,2,2,0,4,20,6,2,30,32,18,1,0,1,2,8,11,1,21,22,0,0,0,0,1,0,1,0,2,2,2,0,0,0,0,1,1,0,2,2,132,2,5,-203,35,New Orleans
2021,4,12,50,1,3,6,6,29,12,9,47,56,29,1,3,4,3,22,6,7,31,38,19,0,0,1,3,4,3,1,10,11,0,0,0,0,0,1,0,0,1,1,2,0,0,1,0,2,3,1,5,6,168,1,9,-209,29,New Orleans
2022,4,12,35,2,2,2,3,27,17,4,47,51,20,1,1,1,1,12,8,2,21,23,11,1,1,1,2,14,8,2,24,26,0,0,0,0,0,0,0,0,0,0,4,0,0,0,0,1,1,0,2,2,129,0,9,-208,30,New Orleans
2023,4,12,36,1,5,3,8,31,48,8,87,95,14,1,3,2,4,16,11,5,31,36,18,0,2,1,4,13,35,3,52,55,0,0,0,0,0,1,0,0,1,1,4,0,0,0,0,1,2,0,3,3,186,1,11,-207,31,New Orleans
2024,4,12,41,1,2,5,5,28,14,7,47,54,26,0,0,3,2,12,2,3,16,19,12,1,2,1,2,13,12,3,27,30,0,0,0,0,0,1,0,0,1,1,3,0,0,1,1,2,0,1,3,4,146,1,8,-205,33,New Orleans
2012,5,12,28,1,4,4,8,41,14,8,63,71,13,0,0,2,4,25,4,2,33,35,12,1,4,2,3,14,9,6,26,32,1,0,0,0,0,1,0,0,1,1,2,0,0,0,1,1,1,0,3,3,188,2,14,-176,62,New Orleans
2013,5,12,44,2,6,4,4,31,11,10,46,56,19,1,1,3,4,23,5,4,32,36,16,1,3,1,0,6,5,4,11,15,1,0,0,0,0,1,1,0,2,2,8,0,2,0,0,1,0,2,1,3,152,3,15,-175,63,New Orleans
2014,5,12,44,2,2,6,16,33,15,8,64,72,25,1,0,3,14,27,8,3,49,52,17,1,2,3,2,5,7,5,14,19,1,0,0,0,0,0,0,0,0,0,1,0,0,0,0,1,0,0,1,1,233,1,8,-174,64,New Orleans
2015,5,12,34,1,1,7,11,25,16,8,52,60,13,1,0,4,8,17,5,4,30,34,14,0,1,3,2,7,11,4,20,24,1,0,0,0,0,0,0,0,0,0,6,0,0,0,1,1,0,0,2,2,174,1,13,-173,65,New Orleans
2016,5,12,37,2,2,3,9,31,10,5,50,55,23,1,0,2,7,22,4,2,33,35,14,1,2,1,1,8,5,3,14,17,0,0,0,0,0,0,1,0,1,1,0,0,0,0,1,1,0,0,2,2,154,1,8,-178,60,New Orleans
2017,5,12,51,3,5,5,7,18,15,10,40,50,32,1,1,2,3,8,5,3,16,19,18,2,4,2,4,9,10,6,23,29,0,0,0,1,0,0,0,1,0,1,1,0,0,0,0,1,0,0,1,1,160,1,7,-177,61,New Orleans
2018,5,12,53,2,5,3,6,28,17,8,51,59,30,0,0,3,3,17,8,3,28,31,21,2,4,0,3,10,6,4,19,23,0,0,1,0,0,1,1,1,2,3,2,0,0,0,0,0,2,0,2,2,179,4,14,-176,62,New Orleans
2019,5,12,50,5,0,8,13,32,61,8,106,114,24,3,0,3,4,22,22,3,48,51,21,2,0,5,8,9,36,5,53,58,1,0,0,0,1,0,0,0,1,1,4,0,0,0,0,1,3,0,4,4,225,2,11,-175,63,New Orleans
2020,5,12,40,2,1,7,3,32,13,8,48,56,25,1,0,4,0,24,5,4,29,33,13,1,1,3,3,7,8,4,18,22,0,0,0,0,0,0,0,0,0,0,2,0,0,0,0,1,0,0,1,1,163,0,10,-173,65,New Orleans
2021,5,12,37,4,1,6,2,19,31,7,52,59,19,2,1,4,0,11,20,5,31,36,13,1,0,2,2,4,9,2,15,17,0,0,0,0,0,2,2,0,4,4,5,1,0,0,0,2,0,0,2,2,160,4,12,-179,59,New Orleans
2022,5,12,45,2,1,5,5,24,23,6,52,58,32,1,0,1,4,19,10,1,33,34,8,1,1,1,1,4,11,2,16,18,0,0,0,0,0,0,2,0,2,2,5,0,0,3,0,1,0,3,1,4,154,3,10,-178,60,New Orleans
2023,5,12,42,2,2,6,11,27,36,8,74,82,22,2,2,2,6,14,7,4,27,31,13,0,0,2,3,12,25,2,40,42,1,0,0,0,1,0,2,0,3,3,6,0,0,2,1,1,2,2,4,6,173,4,17,-177,61,New Orleans
2024,5,12,51,1,0,7,1,35,14,7,50,57,24,1,0,4,1,17,2,4,20,24,21,0,0,2,0,17,11,2,28,30,1,0,0,0,0,1,0,0,1,1,5,0,0,1,0,0,1,1,1,2,150,3,12,-175,63,New Orleans
2012,6,12,26,3,3,0,10,23,13,3,46,49,14,1,3,0,7,14,5,3,26,29,9,0,0,0,3,8,7,0,18,18,0,0,0,0,0,0,1,0,1,1,3,2,0,0,0,1,0,0,1,1,228,1,13,-145,93,New Orleans
2013,6,12,38,0,5,1,10,38,17,6,65,71,25,0,2,1,6,30,9,3,45,48,11,0,3,0,3,7,8,3,18,21,0,0,0,0,0,0,0,0,0,0,2,0,0,0,1,1,0,0,2,2,217,0,8,-144,94,New Orleans
2014,6,12,28,1,7,5,11,34,11,12,56,68,16,1,4,3,5,24,2,7,31,38,11,0,2,2,6,9,8,4,23,27,0,0,0,0,0,0,0,0,0,0,1,0,1,0,0,1,1,1,2,3,182,0,6,-143,95,New Orleans
2015,6,12,22,0,2,3,2,28,6,5,36,41,13,0,2,3,2,16,3,5,21,26,8,0,0,0,0,10,3,0,13,13,0,0,0,0,0,0,0,0,0,0,1,0,0,0,0,2,0,0,2,2,125,0,9,-142,96,New Orleans
2016,6,12,35,2,2,5,6,39,28,7,73,80,21,0,1,3,2,27,13,4,42,46,12,1,1,1,4,8,12,2,24,26,0,0,0,0,0,0,1,0,1,1,2,1,0,1,0,4,2,1,6,7,173,2,16,-147,91,New Orleans
2017,6,12,41,2,1,6,10,31,21,7,62,69,23,0,1,5,6,18,9,6,33,39,16,0,0,1,2,9,11,1,22,23,0,0,0,0,0,0,1,0,1,1,2,2,0,0,2,4,0,0,6,6,157,1,12,-146,92,New Orleans
2018,6,12,48,3,1,3,2,33,20,4,55,59,32,2,0,0,1,25,11,0,37,37,16,1,1,1,1,6,8,2,15,17,0,0,0,0,0,0,0,0,0,0,0,0,0,2,0,2,1,2,3,5,204,0,15,-145,93,New Orleans
2019,6,12,56,3,4,1,4,47,13,5,64,69,35,2,2,0,3,33,8,2,44,46,20,1,1,1,1,13,4,2,18,20,0,0,1,0,0,0,0,1,0,1,1,0,0,0,0,1,1,0,2,2,213,1,12,-144,94,New Orleans
2020,6,12,40,1,3,4,9,13,28,7,50,57,24,1,1,0,7,10,14,1,31,32,13,0,2,3,2,3,13,5,18,23,0,0,0,0,0,0,0,0,0,0,3,0,0,1,0,0,1,1,1,2,146,1,6,-142,96,New Orleans
2021,6,12,51,4,4,9,1,32,28,13,61,74,32,1,3,6,1,16,11,9,28,37,16,2,0,2,0,12,16,2,28,30,0,0,0,0,0,0,0,0,0,0,3,1,1,1,0,4,1,2,5,7,195,1,12,-148,90,New Orleans
2022,6,12,46,3,3,5,5,27,23,8,55,63,27,1,1,4,3,13,10,5,26,31,13,2,2,1,1,12,11,3,24,27,0,0,0,0,0,0,0,0,0,0,6,0,0,0,1,2,2,0,5,5,160,0,12,-147,91,New Orleans
2023,6,12,28,3,1,3,3,35,27,4,65,69,19,2,0,1,2,25,7,1,34,35,7,0,1,1,1,8,17,2,26,28,0,1,0,0,0,0,1,0,1,1,2,0,0,1,0,2,2,1,4,5,145,2,9,-146,92,New Orleans
2024,6,12,35,4,0,8,1,23,8,8,32,40,17,2,0,6,1,17,3,6,21,27,13,1,0,2,0,6,4,2,10,12,0,0,0,0,0,0,0,0,0,0,5,1,0,0,0,0,1,0,1,1,134,0,10,-144,94,New Orleans
2012,7,12,34,1,2,3,19,36,10,5,65,70,17,1,0,1,12,29,4,1,45,46,11,0,2,2,7,5,6,4,18,22,0,0,0,0,0,0,0,0,0,0,6,0,0,0,0,2,0,0,2,2,244,1,16,-115,123,New Orleans
2013,7,12,33,2,1,1,8,36,9,2,53,55,16,1,1,1,4,28,4,2,36,38,14,1,0,0,4,8,5,0,17,17,0,0,0,0,0,0,0,0,0,0,3,0,0,0,0,0,0,0,0,0,174,2,8,-114,124,New Orleans
2014,7,12,31,0,1,4,11,29,15,5,55,60,15,0,0,3,6,12,7,3,25,28,12,0,1,1,5,12,8,2,25,27,0,0,0,0,0,1,0,0,1,1,4,0,0,0,0,4,0,0,4,4,172,2,9,-113,125,New Orleans
2015,7,12,20,0,1,2,4,24,15,3,43,46,15,0,0,1,4,18,6,1,28,29,4,0,0,1,0,6,7,1,13,14,0,0,1,0,0,0,1,1,1,2,1,0,0,0,0,0,1,0,1,1,120,2,3,-112,126,New Orleans
2016,7,12,32,1,5,3,7,21,15,8,43,51,19,1,1,2,5,19,7,3,31,34,10,0,2,1,2,2,7,3,11,14,0,0,0,0,0,0,0,0,0,0,3,0,2,0,0,0,1,2,1,3,138,0,12,-117,121,New Orleans
2017,7,12,47,3,4,3,5,41,12,7,58,65,29,2,3,2,4,28,5,5,37,42,15,0,1,1,1,8,5,2,14,16,0,0,0,0,0,1,1,0,2,2,3,1,0,0,0,4,1,0,5,5,183,4,13,-116,122,New Orleans
2018,7,12,56,0,1,4,8,34,13,5,55,60,35,0,0,1,6,26,6,1,38,39,13,0,1,1,2,8,7,2,17,19,0,0,0,1,0,0,0,1,0,1,8,0,0,1,0,0,0,1,0,1,193,1,13,-115,123,New Orleans
2019,7,12,35,0,1,4,9,21,19,5,49,54,27,0,0,4,2,15,4,4,21,25,6,0,1,0,7,5,14,1,26,27,0,0,0,0,0,0,1,0,1,1,2,0,0,0,0,1,0,0,1,1,120,2,5,-114,124,New Orleans
2020,7,12,51,2,1,3,5,20,14,4,39,43,21,0,0,1,3,15,6,1,24,25,21,2,1,1,2,5,6,2,13,15,2,0,0,0,0,0,2,0,2,2,7,0,0,1,0,0,0,1,0,1,151,4,12,-112,126,New Orleans
2021,7,12,45,3,2,9,3,14,16,11,33,44,21,2,1,4,2,10,6,5,18,23,20,0,1,5,1,3,8,6,12,18,0,0,0,0,0,0,0,0,0,0,4,1,0,0,0,1,2,0,3,3,132,0,10,-118,120,New Orleans
2022,7,12,32,0,2,7,4,18,33,9,55,64,18,0,0,6,2,15,16,6,33,39,14,0,1,1,1,2,16,2,19,21,0,0,0,0,1,1,0,0,2,2,0,0,1,0,0,0,1,1,1,2,147,2,3,-117,121,New Orleans
2023,7,12,29,1,0,4,8,18,19,4,45,49,16,1,0,2,2,14,6,2,22,24,12,0,0,1,5,4,12,1,21,22,0,0,0,1,0,0,1,1,1,2,1,0,0,0,1,0,0,0,1,1,133,2,6,-116,122,New Orleans
2024,7,12,43,1,2,1,6,27,8,3,41,44,26,1,2,1,4,22,4,3,30,33,12,0,0,0,1,5,4,0,10,10,0,0,0,0,0,0,0,0,0,0,5,0,0,0,1,0,0,0,1,1,124,0,10,-114,124,New Orleans
2012,8,12,35,1,7,5,10,27,21,12,58,70,20,1,0,4,3,17,10,4,30,34,15,0,6,1,6,10,11,7,27,34,0,0,0,0,0,0,0,0,0,0,0,0,1,0,1,0,0,1,1,2,207,3,9,-84,154,New Orleans
2013,8,12,30,0,2,1,13,29,15,3,57,60,18,0,1,1,7,22,5,2,34,36,10,0,1,0,4,2,9,1,15,16,0,0,0,0,0,0,0,0,0,0,2,0,0,0,2,5,1,0,8,8,197,1,13,-83,155,New Orleans
2014,8,12,28,1,0,2,15,33,20,2,68,70,16,0,0,1,8,24,12,1,44,45,11,1,0,1,6,9,8,1,23,24,1,0,0,0,0,0,0,0,0,0,0,0,0,0,1,0,0,0,1,1,178,2,12,-82,156,New Orleans
2015,8,12,39,0,3,3,8,25,7,6,40,46,22,0,2,3,1,19,5,5,25,30,12,0,1,0,7,5,2,1,14,15,0,0,0,0,0,0,0,0,0,0,5,0,0,0,0,1,0,0,1,1,154,0,9,-81,157,New Orleans
2016,8,12,35,2,5,3,9,24,9,8,42,50,24,0,0,1,8,11,2,1,21,22,8,2,5,1,1,12,5,6,18,24,0,0,0,1,0,0,0,1,0,1,3,0,0,0,0,1,2,0,3,3,134,2,6,-86,152,New Orleans
2017,8,12,48,3,6,6,4,41,12,12,57,69,21,0,3,3,3,24,5,6,32,38,23,2,2,3,1,15,7,5,23,28,0,0,0,0,0,0,0,0,0,0,4,1,1,0,0,2,0,1,2,3,210,0,17,-85,153,New Orleans
2018,8,12,56,3,1,3,6,37,17,4,60,64,30,1,0,3,3,26,6,3,35,38,22,1,0,0,3,11,10,0,24,24,0,0,0,0,0,0,0,0,0,0,4,1,1,0,0,0,1,1,1,2,200,0,14,-84,154,New Orleans
2019,8,12,40,0,2,6,6,34,26,8,66,74,25,0,0,2,4,23,11,2,38,40,12,0,2,3,2,9,15,5,26,31,1,0,0,0,0,0,0,0,0,0,2,0,0,1,0,2,0,1,2,3,204,1,10,-83,155,New Orleans
2020,8,12,59,0,3,8,3,30,32,11,65,76,39,0,2,6,0,25,11,8,36,44,14,0,1,1,3,4,19,2,26,28,1,0,0,0,0,0,0,0,0,0,5,0,0,1,0,1,2,1,3,4,186,1,13,-81,157,New Orleans
2021,8,12,42,1,6,5,7,20,14,11,41,52,24,0,3,4,4,14,5,7,23,30,14,0,3,0,1,5,9,3,15,18,0,0,0,0,1,0,0,0,1,1,4,1,0,1,1,1,0,1,2,3,153,1,14,-87,151,New Orleans
2022,8,12,42,2,4,5,6,28,16,9,50,59,30,0,1,1,2,13,3,2,18,20,11,1,3,2,4,14,12,5,30,35,0,0,0,0,0,0,0,0,0,0,1,1,0,2,0,1,1,2,2,4,157,0,11,-86,152,New Orleans
2023,8,12,34,3,1,5,6,39,21,6,66,72,17,1,0,1,1,18,13,1,32,33,12,2,0,3,5,19,7,3,31,34,1,0,0,0,0,1,0,0,1,1,4,0,1,1,0,1,1,2,2,4,157,2,11,-85,153,New Orleans
2024,8,12,47,1,2,2,3,31,9,4,43,47,22,0,2,2,1,22,4,4,27,31,21,1,0,0,1,9,5,0,15,15,0,0,0,0,0,0,0,0,0,0,4,0,0,0,1,0,0,0,1,1,154,1,7,-83,155,New Orleans
2012,9,12,23,0,0,3,9,27,11,3,47,50,18,0,0,2,6,19,4,2,29,31,4,0,0,1,2,8,7,1,17,18,0,0,0,0,0,0,0,0,0,0,1,0,0,0,1,0,0,0,1,1,148,1,8,-53,185,New Orleans
2013,9,12,35,3,3,3,8,32,7,6,47,53,20,2,3,0,7,19,5,3,31,34,9,1,0,1,1,11,2,1,14,15,1,0,0,0,0,1,0,0,1,1,5,0,0,2,0,1,0,2,1,3,183,2,13,-52,186,New Orleans
2014,9,12,35,1,6,1,9,26,13,7,48,55,18,0,3,0,5,10,5,3,20,23,13,1,3,1,2,16,8,4,26,30,1,0,0,0,0,0,0,0,0,0,3,0,0,0,2,0,0,0,2,2,172,1,7,-51,187,New Orleans
2015,9,12,26,1,4,1,2,30,17,5,49,54,16,0,2,1,1,16,7,3,24,27,7,1,2,0,1,11,10,2,22,24,0,0,0,0,0,0,0,0,0,0,3,0,0,0,0,3,0,0,3,3,132,0,10,-50,188,New Orleans
2016,9,12,40,0,4,1,10,25,17,5,52,57,16,0,2,1,6,16,8,3,30,33,18,0,2,0,4,7,9,2,20,22,0,0,0,0,0,0,0,0,0,0,6,0,0,0,0,2,0,0,2,2,156,0,11,-55,183,New Orleans
2017,9,12,35,1,1,3,4,32,15,4,51,55,20,1,0,1,1,20,10,1,31,32,13,0,1,2,3,12,4,3,19,22,0,0,0,0,0,0,0,0,0,0,2,0,0,0,0,0,1,0,1,1,181,1,8,-54,184,New Orleans
2018,9,12,37,1,1,0,7,32,9,1,48,49,23,0,0,0,5,19,3,0,27,27,12,0,0,0,2,12,5,0,19,19,0,0,0,0,0,0,0,0,0,0,2,1,1,0,0,1,1,1,2,3,161,0,9,-53,185,New Orleans
2019,9,12,47,0,1,4,7,34,12,5,53,58,33,0,0,2,5,26,3,2,34,36,10,0,1,1,2,7,9,2,18,20,1,0,0,0,0,0,0,0,0,0,3,0,0,1,0,1,0,1,1,2,181,1,6,-52,186,New Orleans
2020,9,12,46,1,2,3,3,13,21,5,37,42,27,0,1,2,1,9,8,3,18,21,17,1,0,1,1,3,13,1,17,18,1,0,0,0,0,0,0,0,0,0,1,0,1,0,1,1,0,1,2,3,139,2,8,-50,188,New Orleans
2021,9,12,48,3,3,1,12,11,31,4,54,58,29,2,1,0,7,6,10,1,23,24,16,1,2,1,4,5,18,3,27,30,0,0,0,0,0,0,0,0,0,0,3,0,0,0,1,0,3,0,4,4,158,0,9,-56,182,New Orleans
2022,9,12,26,3,3,2,6,26,30,5,62,67,15,1,1,1,3,18,14,2,35,37,10,2,1,1,3,8,15,2,26,28,0,0,0,0,0,0,0,0,0,0,1,0,1,0,0,0,1,1,1,2,150,2,6,-55,183,New Orleans
2023,9,12,28,2,0,1,4,28,25,1,57,58,15,0,0,1,1,19,9,1,29,30,11,1,0,0,3,7,13,0,23,23,0,0,0,0,0,0,0,0,0,0,2,1,0,0,0,2,3,0,5,5,131,1,11,-54,184,New Orleans
2024,9,12,43,2,1,4,6,21,20,5,47,52,26,2,1,3,3,15,11,4,29,33,12,0,0,1,3,4,9,1,16,17,1,0,0,0,0,1,0,0,1,1,4,0,0,0,0,1,0,0,1,1,139,2,6,-52,186,New Orleans
2012,10,12,24,1,1,0,8,30,10,1,48,49,14,0,1,0,6,14,3,1,23,24,8,1,0,0,2,11,7,0,20,20,0,0,0,0,0,1,0,0,1,1,2,0,0,0,0,4,0,0,4,4,194,1,11,-23,215,New Orleans
2013,10,12,24,0,1,4,13,38,5,5,56,61,7,0,0,2,7,19,3,2,29,31,14,0,1,0,6,17,2,1,25,26,0,0,0,0,0,0,0,0,0,0,3,0,0,2,0,2,0,2,2,4,160,0,12,-22,216,New Orleans
2014,10,12,28,1,6,2,6,27,11,8,44,52,18,1,2,1,2,11,3,3,16,19,7,0,4,0,4,13,7,4,24,28,2,0,0,0,0,0,0,0,0,0,1,0,0,1,0,3,1,1,4,5,123,2,8,-21,217,New Orleans
2015,10,12,31,2,2,4,11,31,9,6,51,57,18,0,0,2,5,20,3,2,28,30,11,1,2,2,5,10,6,4,21,25,0,0,0,0,0,0,0,0,0,0,2,1,0,0,1,1,0,0,2,2,174,1,18,-20,218,New Orleans
2016,10,12,32,1,4,5,2,32,14,9,48,57,21,0,1,2,1,19,8,3,28,31,9,0,3,3,1,11,5,6,17,23,0,0,0,0,0,0,0,0,0,0,2,1,0,0,0,2,1,0,3,3,144,0,11,-25,213,New Orleans
2017,10,12,46,2,1,4,4,39,16,5,59,64,26,1,0,2,1,21,7,2,29,31,18,1,1,2,2,16,7,3,25,28,1,0,0,0,0,0,0,0,0,0,1,0,0,0,1,2,2,0,5,5,181,4,10,-24,214,New Orleans
2018,10,12,34,2,1,0,3,42,18,1,63,64,14,1,0,0,0,22,4,0,26,26,15,1,1,0,2,18,10,1,30,31,0,0,0,0,0,2,0,0,2,2,5,0,0,0,1,0,4,0,5,5,180,3,12,-23,215,New Orleans
2019,10,12,54,1,1,3,10,47,35,4,92,96,27,1,1,1,6,26,12,2,44,46,20,0,0,2,4,20,22,2,46,48,0,0,0,0,0,0,1,0,1,1,7,0,0,0,0,1,0,0,1,1,210,4,13,-22,216,New Orleans
2020,10,12,53,1,4,8,8,27,24,12,59,71,24,1,2,4,2,19,11,6,32,38,24,0,2,4,6,8,11,6,25,31,1,0,0,0,0,0,0,0,0,0,4,0,0,0,0,0,2,0,2,2,189,1,12,-20,218,New Orleans
2021,10,12,37,3,2,6,9,21,13,8,43,51,26,2,1,4,5,13,5,5,23,28,9,1,1,1,4,4,7,2,15,17,0,0,0,0,0,0,1,0,1,1,2,0,0,1,0,4,0,1,4,5,158,1,12,-26,212,New Orleans
2022,10,12,38,1,2,5,12,40,19,7,71,78,23,1,0,1,3,27,5,1,35,36,12,0,2,3,9,12,14,5,35,40,1,0,0,0,0,1,0,0,1,1,2,0,0,1,0,0,0,1,0,1,171,2,8,-25,213,New Orleans
2023,10,12,45,1,1,4,3,31,40,5,74,79,25,1,0,3,1,18,14,3,33,36,17,0,1,1,1,12,25,2,38,40,0,0,0,0,0,0,0,0,0,0,3,0,0,0,1,1,1,0,3,3,178,1,8,-24,214,New Orleans
2024,10,12,48,1,1,1,6,44,10,2,60,62,26,0,0,0,5,20,4,0,29,29,15,1,1,0,1,21,6,1,28,29,1,0,0,0,0,0,0,0,0,0,6,0,0,1,0,3,0,1,3,4,146,1,10,-22,216,New Orleans
2012,11,12,33,3,3,3,8,22,8,6,38,44,21,1,1,1,4,11,2,2,17,19,10,2,2,2,4,10,4,4,18,22,0,0,0,0,0,0,1,0,1,1,2,0,0,0,0,1,1,0,2,2,195,2,12,8,246,New Orleans
2013,11,12,32,2,1,4,13,48,15,5,76,81,11,0,1,3,8,29,5,4,42,46,18,1,0,1,4,15,8,1,27,28,1,0,0,0,0,0,0,0,0,0,2,1,0,0,1,4,2,0,7,7,204,1,13,9,247,New Orleans
2014,11,12,27,1,2,1,14,35,16,3,65,68,14,0,1,0,7,23,7,1,37,38,11,1,1,1,7,10,9,2,26,28,0,0,0,0,0,0,0,0,0,0,2,0,0,0,0,2,0,0,2,2,145,5,6,10,248,New Orleans
2015,11,12,50,0,7,3,12,37,15,10,64,74,18,0,1,0,7,23,4,1,34,35,27,0,6,2,5,10,10,8,25,33,0,0,0,0,0,1,0,0,1,1,5,0,0,1,0,3,1,1,4,5,180,1,14,11,249,New Orleans
2016,11,12,35,1,3,4,1,43,11,7,55,62,12,1,2,2,1,15,1,4,17,21,22,0,0,2,0,23,7,2,30,32,0,0,1,0,0,0,0,1,0,1,1,0,0,0,0,5,3,0,8,8,153,1,15,6,244,New Orleans
2017,11,12,43,0,3,4,4,26,10,7,40,47,21,0,1,3,3,12,4,4,19,23,18,0,2,1,1,12,6,3,19,22,0,0,0,0,0,1,0,0,1,1,4,0,0,0,0,1,0,0,1,1,155,2,8,7,245,New Orleans
2018,11,12,52,0,3,2,6,30,13,5,49,54,27,0,2,2,2,21,5,4,28,32,19,0,1,0,4,8,7,1,19,20,1,0,0,0,0,0,0,0,0,0,5,0,0,0,0,1,1,0,2,2,180,2,12,8,246,New Orleans
2019,11,12,34,2,1,3,6,28,30,4,64,68,17,1,0,2,1,14,13,2,28,30,14,1,1,1,4,13,15,2,32,34,0,0,0,0,0,0,1,0,1,1,3,0,0,0,1,1,1,0,3,3,172,2,9,9,247,New Orleans
2020,11,12,49,2,5,6,3,27,27,11,57,68,21,0,1,3,1,19,13,4,33,37,24,2,3,3,1,7,14,6,22,28,1,0,0,0,0,0,0,0,0,0,3,0,1,0,1,1,0,1,2,3,179,2,13,11,249,New Orleans
2021,11,12,38,1,5,4,5,33,10,9,48,57,23,0,4,1,1,19,1,5,21,26,12,1,1,3,3,11,8,4,22,26,0,0,0,0,0,0,0,0,0,0,3,0,0,0,1,3,1,0,5,5,153,2,9,5,243,New Orleans
2022,11,12,25,3,1,7,5,19,20,8,44,52,13,0,0,2,1,12,5,2,18,20,9,3,1,5,4,4,14,6,22,28,0,0,0,0,0,0,0,0,0,0,3,0,0,0,0,3,1,0,4,4,117,0,7,6,244,New Orleans
2023,11,12,53,4,3,4,1,22,38,7,61,68,23,1,2,3,0,9,7,5,16,21,26,3,1,1,1,13,30,2,44,46,0,0,0,0,0,0,1,0,1,1,4,0,0,0,0,0,0,0,0,0,167,1,8,7,245,New Orleans
2024,11,12,32,0,0,2,1,28,14,2,43,45,13,0,0,1,0,16,4,1,20,21,17,0,0,1,1,10,9,1,20,21,0,0,0,0,0,0,0,0,0,0,2,0,0,0,0,2,1,0,3,3,123,0,9,9,247,New Orleans
2012,12,12,16,1,1,2,9,39,9,3,57,60,8,1,0,0,5,25,5,0,35,35,8,0,1,1,3,13,3,2,19,21,0,0,0,0,0,0,0,0,0,0,0,0,0,1,1,1,1,1,3,4,190,0,12,38,276,New Orleans
2013,12,12,23,1,2,2,5,40,9,4,54,58,6,1,0,0,3,29,3,0,35,35,14,0,2,1,2,9,6,3,17,20,0,0,0,0,0,0,0,0,0,0,3,0,0,1,0,2,0,1,2,3,185,0,13,39,277,New Orleans
2014,12,12,22,1,5,0,3,35,16,5,54,59,6,1,2,0,3,28,4,2,35,37,12,0,3,0,0,7,11,3,18,21,1,0,0,0,0,0,0,0,0,0,3,0,0,0,0,0,1,0,1,1,146,1,6,40,278,New Orleans
2015,12,12,43,0,3,2,6,27,12,5,45,50,18,0,1,1,3,8,8,2,19,21,22,0,2,1,3,17,4,3,24,27,0,0,0,0,0,1,0,0,1,1,3,0,0,0,0,1,0,0,1,1,162,2,8,41,279,New Orleans
2016,12,12,44,3,7,9,3,19,13,16,35,51,18,1,1,2,2,12,1,3,15,18,22,2,6,6,1,7,12,12,20,32,0,0,0,0,0,0,0,0,0,0,4,0,0,1,0,0,0,1,0,1,163,0,10,36,274,New Orleans
2017,12,12,48,0,5,6,5,38,15,11,58,69,24,0,1,0,2,26,4,1,32,33,19,0,4,5,2,8,9,9,19,28,1,0,0,0,0,1,1,0,2,2,4,0,0,1,1,3,1,1,5,6,178,4,14,37,275,New Orleans
2018,12,12,38,3,5,4,4,27,28,9,59,68,13,2,1,3,2,14,8,4,24,28,23,1,3,1,2,8,17,4,27,31,0,0,1,0,0,0,0,1,0,1,2,0,0,0,0,5,3,0,8,8,212,1,19,38,276,New Orleans
2019,12,12,28,2,3,3,9,19,37,6,65,71,11,2,0,2,4,11,4,2,19,21,15,0,3,1,5,8,31,4,44,48,0,0,0,0,0,0,1,0,1,1,2,0,0,0,0,0,1,0,1,1,161,1,6,39,277,New Orleans
2020,12,12,38,1,2,4,5,29,16,6,50,56,15,1,0,1,4,18,5,1,27,28,22,0,2,3,1,10,9,5,20,25,0,0,0,0,0,0,2,0,2,2,1,0,0,0,0,1,0,0,1,1,153,2,12,41,279,New Orleans
2021,12,12,42,1,6,5,2,18,20,11,40,51,17,0,5,0,1,6,6,5,13,18,23,1,1,5,1,11,13,6,25,31,0,0,0,0,0,0,0,0,0,0,2,0,0,0,0,1,1,0,2,2,150,1,9,35,273,New Orleans
2022,12,12,28,3,1,4,6,22,33,5,61,66,14,2,0,4,4,16,9,4,29,33,12,1,1,0,1,3,21,1,25,26,0,0,0,0,0,0,0,0,0,0,2,0,0,0,1,3,3,0,7,7,154,0,14,36,274,New Orleans
2023,12,12,49,2,4,4,7,24,34,8,65,73,25,0,2,2,2,9,9,4,20,24,19,2,2,1,5,12,22,3,39,42,1,0,0,0,0,0,1,0,1,1,4,0,0,1,0,3,2,1,5,6,170,2,13,37,275,New Orleans
2024,12,12,33,0,0,0,3,17,16,0,36,36,14,0,0,0,3,10,5,0,18,18,15,0,0,0,0,5,9,0,14,14,0,0,0,0,0,0,0,0,0,0,4,0,0,0,0,2,2,0,4,4,108,0,10,39,277,New Orleans
2012,1,13,21,1,4,4,7,23,21,8,51,59,8,1,0,1,4,12,5,1,21,22,12,0,3,1,3,10,15,4,28,32,0,0,0,0,0,0,0,0,0,0,1,0,1,2,0,1,1,3,2,5,163,0,9,-296,-58,New Orleans
2013,1,13,23,2,2,4,7,28,8,6,43,49,5,2,0,2,3,15,5,2,23,25,18,0,2,2,3,12,2,4,17,21,0,0,0,0,0,0,0,0,0,0,0,0,0,0,1,1,1,0,3,3,126,0,7,-294,-56,New Orleans
2014,1,13,18,0,4,5,14,31,15,9,60,69,10,0,1,4,10,17,9,5,36,41,7,0,3,1,3,10,6,4,19,23,0,0,0,0,0,1,0,0,1,1,1,0,0,0,1,3,0,0,4,4,170,2,14,-293,-55,New Orleans
2015,1,13,26,2,10,3,3,24,16,13,43,56,10,1,1,3,1,18,9,4,28,32,12,1,9,0,2,6,6,9,14,23,0,0,0,0,0,0,0,0,0,0,4,0,0,0,0,0,1,0,1,1,165,1,6,-292,-54,New Orleans
2016,1,13,49,0,1,5,7,22,15,6,44,50,19,0,0,2,3,13,4,2,20,22,26,0,1,3,4,8,10,4,22,26,0,0,0,0,0,0,0,0,0,0,4,0,0,0,0,1,1,0,2,2,173,0,12,-298,-60,New Orleans
2017,1,13,44,1,1,3,3,30,25,4,58,62,19,1,0,2,2,16,6,2,24,26,23,0,1,1,1,11,18,2,30,32,1,0,0,0,0,1,0,0,1,1,1,0,0,0,0,2,1,0,3,3,189,2,10,-296,-58,New Orleans
2018,1,13,35,0,2,2,2,27,12,4,41,45,14,0,0,1,1,13,2,1,16,17,18,0,2,1,1,12,8,3,21,24,1,0,0,0,0,0,0,0,0,0,2,0,0,0,0,2,2,0,4,4,139,1,7,-295,-57,New Orleans
2019,1,13,45,3,2,1,7,46,35,3,88,91,19,2,0,0,1,24,8,0,33,33,24,1,2,1,4,21,24,3,49,52,0,0,0,0,1,0,0,0,1,1,2,0,0,0,1,1,3,0,5,5,207,2,12,-294,-56,New Orleans
2020,1,13,38,1,1,3,6,19,29,4,54,58,23,0,0,1,2,7,2,1,11,12,10,1,1,2,3,8,24,3,35,38,0,0,0,0,0,1,0,0,1,1,5,0,0,0,1,3,3,0,7,7,131,2,14,-293,-55,New Orleans
2021,1,13,37,3,0,6,10,14,36,6,60,66,21,1,0,1,2,10,14,1,26,27,15,1,0,4,8,3,20,4,31,35,1,0,0,0,0,0,1,0,1,1,0,1,0,1,0,1,1,1,2,3,160,2,11,-298,-60,New Orleans
2022,1,13,34,2,6,4,5,24,22,10,51,61,18,1,2,3,0,15,6,5,21,26,14,1,4,1,4,8,16,5,28,33,0,0,0,0,0,0,0,0,0,0,2,0,0,0,1,1,0,0,2,2,154,0,9,-297,-59,New Orleans
2023,1,13,30,2,2,2,10,28,31,4,69,73,14,2,0,1,5,19,6,1,30,31,13,0,2,1,5,8,25,3,38,41,1,0,0,0,0,0,0,0,0,0,2,0,0,0,0,1,0,0,1,1,162,2,4,-296,-58,New Orleans
2024,1,13,47,2,0,6,3,35,25,6,63,69,21,1,0,0,2,16,5,0,23,23,22,1,0,5,1,17,19,5,37,42,0,0,0,0,0,0,0,0,0,0,4,0,0,1,0,2,1,1,3,4,170,0,13,-295,-57,New Orleans
2012,2,13,20,4,2,4,9,19,12,6,40,46,7,1,0,2,7,16,5,2,28,30,12,3,2,2,1,3,6,4,10,14,1,0,0,0,1,0,0,0,1,1,0,0,0,0,0,0,1,0,1,1,178,2,3,-265,-27,New Orleans
2013,2,13,22,2,1,3,7,31,12,4,50,54,14,1,0,0,3,16,5,0,24,24,6,1,1,3,2,13,7,4,22,26,0,0,0,0,1,1,0,0,2,2,2,0,0,0,1,1,0,0,2,2,147,2,7,-263,-25,New Orleans
2014,2,13,20,1,3,1,8,30,11,4,49,53,7,1,0,0,6,22,3,0,31,31,13,0,2,1,2,8,7,3,17,20,0,0,0,0,0,0,0,0,0,0,0,0,1,0,0,0,1,1,1,2,175,1,7,-262,-24,New Orleans
2015,2,13,32,2,3,3,5,46,10,6,61,67,17,1,1,2,5,16,4,3,25,28,11,1,2,1,0,29,6,3,35,38,1,0,0,0,0,0,0,0,0,0,3,0,0,0,0,1,0,0,1,1,169,1,7,-261,-23,New Orleans
2016,2,13,27,0,5,5,8,30,13,10,51,61,12,0,4,3,6,17,6,7,29,36,11,0,1,1,1,11,7,2,19,21,0,0,0,0,0,0,0,0,0,0,4,0,0,1,1,2,0,1,3,4,138,0,9,-267,-29,New Orleans
2017,2,13,34,6,3,3,9,34,16,6,59,65,20,3,0,2,6,27,7,2,40,42,14,3,3,1,3,6,8,4,17,21,0,0,0,0,0,0,0,0,0,0,0,0,0,0,0,1,1,0,2,2,190,0,12,-265,-27,New Orleans
2018,2,13,83,6,2,7,6,59,36,9,101,110,29,4,1,2,1,33,12,3,46,49,48,2,1,5,4,25,23,6,52,58,0,0,0,0,0,0,1,0,1,1,6,0,0,0,1,1,0,0,2,2,302,1,16,-264,-26,New Orleans
2019,2,13,41,0,2,1,4,30,30,3,64,67,22,0,1,0,3,22,5,1,30,31,16,0,1,1,1,7,24,2,32,34,0,0,0,0,0,0,0,0,0,0,3,0,0,0,0,1,1,0,2,2,188,1,11,-263,-25,New Orleans
2020,2,13,49,1,2,3,8,29,17,5,54,59,25,0,1,1,5,18,4,2,27,29,19,1,1,1,3,9,13,2,25,27,0,0,0,0,0,0,0,0,0,0,5,0,0,1,0,2,0,1,2,3,152,0,11,-262,-24,New Orleans
2021,2,13,43,1,4,2,1,23,21,6,45,51,19,1,1,2,1,13,11,3,25,28,22,0,1,0,0,6,10,1,16,17,0,0,0,0,0,0,0,0,0,0,2,0,2,0,0,4,0,2,4,6,160,0,14,-267,-29,New Orleans
2022,2,13,45,2,4,6,2,22,17,10,41,51,17,1,2,4,1,13,4,6,18,24,22,1,1,2,1,8,12,3,21,24,1,0,0,0,0,1,0,0,1,1,5,0,1,0,0,0,1,1,1,2,142,2,14,-266,-28,New Orleans
2023,2,13,41,1,4,1,2,31,29,5,62,67,27,0,1,0,1,17,8,1,26,27,10,1,2,0,1,11,21,2,33,35,1,0,0,0,0,0,0,0,0,0,3,0,1,1,0,3,0,2,3,5,168,1,10,-265,-27,New Orleans
2024,2,13,60,26,1,8,7,79,50,9,136,145,26,16,0,3,5,35,22,3,62,65,29,8,1,3,1,38,24,4,63,67,0,0,0,0,0,0,0,0,0,0,5,2,0,2,1,6,4,2,11,13,317,1,32,-264,-26,New Orleans
2012,3,13,24,1,1,0,5,27,9,1,41,42,12,1,1,0,4,14,4,1,22,23,9,0,0,0,1,12,4,0,17,17,0,0,0,0,0,0,0,0,0,0,3,0,0,0,0,1,1,0,2,2,161,1,12,-236,2,New Orleans
2013,3,13,23,0,1,3,9,33,7,4,49,53,9,0,0,1,5,25,2,1,32,33,13,0,1,2,4,5,5,3,14,17,0,0,0,0,0,1,0,0,1,1,1,0,0,0,0,2,0,0,2,2,167,1,11,-235,3,New Orleans
2014,3,13,30,1,3,1,2,34,10,4,46,50,12,1,2,1,0,24,5,3,29,32,17,0,1,0,2,10,5,1,17,18,0,0,0,0,0,0,0,0,0,0,1,0,0,0,0,0,0,0,0,0,196,1,4,-234,4,New Orleans
2015,3,13,35,1,4,3,8,24,12,7,44,51,12,1,2,1,2,12,3,3,17,20,21,0,1,1,6,9,8,2,23,25,0,0,0,0,0,1,1,0,2,2,2,0,1,1,0,2,0,2,2,4,160,3,8,-233,5,New Orleans
2016,3,13,43,0,3,2,6,34,17,5,57,62,24,0,2,2,3,20,5,4,28,32,15,0,1,0,3,13,11,1,27,28,0,0,0,0,0,0,1,0,1,1,4,0,0,0,0,1,0,0,1,1,173,2,8,-238,0,New Orleans
2017,3,13,36,0,0,3,7,44,16,3,67,70,17,0,0,2,6,28,8,2,42,44,17,0,0,1,1,14,8,1,23,24,1,0,0,0,0,0,0,0,0,0,1,0,0,0,0,2,0,0,2,2,186,3,5,-237,1,New Orleans
2018,3,13,41,3,1,2,1,26,17,3,44,47,17,1,0,1,0,17,9,1,26,27,19,2,1,0,1,7,8,1,16,17,1,0,0,0,0,1,0,0,1,1,4,0,0,1,0,1,0,1,1,2,175,4,12,-236,2,New Orleans
2019,3,13,47,0,5,2,3,34,18,7,55,62,24,0,3,1,2,21,7,4,30,34,21,0,2,1,1,10,10,3,21,24,2,0,0,0,0,0,0,0,0,0,0,0,0,0,0,3,1,0,4,4,182,5,8,-235,3,New Orleans
2020,3,13,42,2,1,2,8,32,17,3,57,60,22,1,0,2,1,21,6,2,28,30,15,1,1,0,7,10,11,1,28,29,1,0,0,0,0,0,0,0,0,0,4,0,0,0,0,1,0,0,1,1,174,3,7,-233,5,New Orleans
2021,3,13,47,0,7,3,6,32,19,10,57,67,29,0,1,2,4,10,11,3,25,28,14,0,5,1,2,21,7,6,30,36,0,0,0,0,0,0,0,0,0,0,4,0,1,0,0,1,1,1,2,3,170,0,11,-239,-1,New Orleans
2022,3,13,41,1,3,3,4,18,28,6,50,56,21,1,1,2,2,9,11,3,22,25,17,0,2,0,1,9,16,2,26,28,0,0,0,0,1,0,0,0,1,1,3,0,0,1,0,0,1,1,1,2,140,1,8,-238,0,New Orleans
2023,3,13,29,1,0,7,7,18,37,7,62,69,16,0,0,3,3,11,11,3,25,28,11,1,0,3,4,6,24,3,34,37,0,0,0,0,0,1,0,0,1,1,2,0,0,1,0,0,2,1,2,3,149,2,9,-237,1,New Orleans
2024,3,13,36,1,0,5,2,28,4,5,34,39,25,1,0,3,1,17,3,3,21,24,6,0,0,2,1,8,1,2,10,12,1,0,0,0,0,1,0,0,1,1,4,0,0,0,0,2,0,0,2,2,129,3,9,-235,3,New Orleans
2012,4,13,27,3,2,3,14,32,13,5,59,64,17,1,2,1,9,19,4,3,32,35,10,0,0,1,4,10,9,1,23,24,0,0,0,0,0,0,0,0,0,0,0,2,0,1,1,3,0,1,4,5,209,2,12,-205,33,New Orleans
2013,4,13,33,1,6,3,7,46,11,9,64,73,14,0,3,2,5,18,5,5,28,33,17,1,3,1,2,28,4,4,34,38,0,0,0,0,0,0,0,0,0,0,2,0,0,0,0,0,2,0,2,2,189,1,16,-204,34,New Orleans
2014,4,13,38,1,2,6,7,38,24,8,69,77,25,1,1,2,4,23,9,3,36,39,13,0,1,4,3,12,14,5,29,34,0,0,0,0,0,0,0,0,0,0,0,0,0,0,0,3,1,0,4,4,192,0,10,-203,35,New Orleans
2015,4,13,33,3,1,7,7,27,17,8,51,59,18,1,0,4,5,16,6,4,27,31,12,2,1,3,2,10,9,4,21,25,0,0,0,0,0,0,0,0,0,0,3,0,0,0,0,1,2,0,3,3,197,1,17,-202,36,New Orleans
2016,4,13,37,2,1,3,6,21,10,4,37,41,18,0,0,0,6,14,3,0,23,23,14,1,0,1,0,7,6,1,13,14,1,0,0,0,0,0,0,0,0,0,4,1,1,2,0,0,1,3,1,4,141,2,13,-207,31,New Orleans
2017,4,13,44,0,5,2,4,21,12,7,37,44,23,0,1,1,1,11,5,2,17,19,19,0,2,1,3,9,6,3,18,21,0,0,1,0,0,0,0,1,0,1,2,0,1,0,0,1,1,1,2,3,154,1,11,-206,32,New Orleans
2018,4,13,42,2,2,4,4,37,11,6,52,58,25,0,1,0,2,21,8,1,31,32,16,2,1,2,2,16,2,3,20,23,0,0,0,0,0,0,0,0,0,0,1,0,0,2,0,0,1,2,1,3,199,0,9,-205,33,New Orleans
2019,4,13,63,1,3,0,2,35,19,3,56,59,38,1,0,0,0,23,9,0,32,32,21,0,3,0,2,11,10,3,23,26,0,0,0,0,0,0,0,0,0,0,4,0,0,0,0,1,0,0,1,1,201,1,10,-204,34,New Orleans
2020,4,13,54,0,6,7,7,35,14,13,56,69,27,0,4,5,3,30,9,9,42,51,21,0,2,2,4,4,5,4,13,17,0,0,0,0,0,0,0,0,0,0,6,0,0,0,0,1,0,0,1,1,177,1,8,-202,36,New Orleans
2021,4,13,40,4,1,4,1,19,16,5,36,41,26,3,1,1,1,15,7,2,23,25,13,1,0,3,0,4,9,3,13,16,0,0,0,0,0,0,0,0,0,0,1,0,0,0,0,0,0,0,0,0,143,2,5,-208,30,New Orleans
2022,4,13,33,4,3,1,7,24,9,4,40,44,21,3,3,1,4,19,5,4,28,32,9,1,0,0,2,5,3,0,10,10,0,0,0,0,0,0,0,0,0,0,3,0,0,0,1,0,1,0,2,2,134,0,8,-207,31,New Orleans
2023,4,13,27,8,1,4,3,28,33,5,64,69,14,5,1,3,2,21,8,4,31,35,11,2,0,1,1,7,25,1,33,34,1,0,0,0,0,0,0,0,0,0,1,1,0,0,0,0,0,0,0,0,156,2,2,-206,32,New Orleans
2024,4,13,40,2,2,2,5,38,20,4,63,67,23,0,1,2,3,14,4,3,21,24,13,2,1,0,2,22,15,1,39,40,0,0,0,0,0,0,0,0,0,0,4,0,0,0,0,2,1,0,3,3,159,0,10,-204,34,New Orleans
2012,5,13,33,2,4,3,5,25,16,7,46,53,15,1,3,2,2,15,5,5,22,27,15,1,1,1,2,9,8,2,19,21,0,0,0,0,0,0,2,0,2,2,3,0,0,0,1,1,1,0,3,3,167,3,11,-175,63,New Orleans
2013,5,13,25,4,5,1,11,29,19,6,59,65,14,2,3,1,9,27,9,4,45,49,10,1,2,0,2,2,8,2,12,14,0,0,0,0,0,0,0,0,0,0,1,1,0,0,0,0,2,0,2,2,184,1,15,-174,64,New Orleans
2014,5,13,46,0,0,3,7,27,9,3,43,46,26,0,0,1,4,14,5,1,23,24,18,0,0,1,3,12,4,1,19,20,0,0,0,0,0,0,0,0,0,0,2,0,0,1,0,1,0,1,1,2,199,2,13,-173,65,New Orleans
2015,5,13,31,2,1,3,6,34,13,4,53,57,16,2,0,1,4,22,5,1,31,32,11,0,1,1,2,10,8,2,20,22,1,0,0,0,0,1,0,0,1,1,3,0,0,1,0,1,0,1,1,2,182,2,15,-172,66,New Orleans
2016,5,13,45,3,4,5,5,20,13,9,38,47,26,1,0,2,4,10,7,2,21,23,15,1,4,1,1,6,6,5,13,18,0,0,0,0,0,1,0,0,1,1,4,1,0,2,0,3,0,2,3,5,157,1,14,-177,61,New Orleans
2017,5,13,33,1,2,6,1,44,11,8,56,64,18,1,1,4,1,24,2,5,27,32,14,0,1,2,0,20,8,3,28,31,0,0,0,0,0,0,1,0,1,1,1,0,0,0,0,0,0,0,0,0,168,2,6,-176,62,New Orleans
2018,5,13,60,1,1,4,5,24,24,5,53,58,26,0,0,0,2,13,9,0,24,24,29,1,1,4,2,9,13,5,24,29,0,0,0,0,1,1,0,0,2,2,5,0,0,0,0,1,2,0,3,3,211,2,14,-175,63,New Orleans
2019,5,13,49,1,2,5,10,30,59,7,99,106,29,0,1,3,7,19,15,4,41,45,17,1,1,2,3,7,41,3,51,54,1,0,0,0,0,1,1,0,2,2,2,0,0,0,0,3,2,0,5,5,233,5,9,-174,64,New Orleans
2020,5,13,42,3,1,5,5,21,13,6,39,45,27,3,0,3,4,15,7,3,26,29,11,0,1,2,1,4,4,3,9,12,1,0,0,0,0,0,0,0,0,0,3,0,0,0,0,2,2,0,4,4,153,2,12,-172,66,New Orleans
2021,5,13,45,3,2,8,3,27,26,10,56,66,29,1,1,7,2,17,11,8,30,38,12,2,1,0,1,10,15,1,26,27,0,0,0,0,0,0,0,0,0,0,4,0,0,1,0,0,0,1,0,1,180,0,8,-178,60,New Orleans
2022,5,13,36,2,1,3,4,31,14,4,49,53,25,1,1,3,2,17,8,4,27,31,9,1,0,0,2,13,6,0,21,21,0,0,0,0,0,0,0,0,0,0,2,0,0,0,0,1,0,0,1,1,140,1,4,-177,61,New Orleans
2023,5,13,34,1,4,3,5,24,49,7,78,85,19,0,2,2,1,8,13,4,22,26,14,0,2,1,3,14,30,3,47,50,1,0,0,0,0,0,1,0,1,1,0,1,0,0,1,2,5,0,8,8,161,4,17,-176,62,New Orleans
2024,5,13,47,0,1,9,3,21,11,10,35,45,31,0,0,6,3,12,6,6,21,27,12,0,1,3,0,8,4,4,12,16,1,0,0,0,0,0,1,0,1,1,3,0,0,0,0,1,0,0,1,1,153,2,6,-174,64,New Orleans
2012,6,13,22,1,5,2,10,31,12,7,53,60,15,1,1,1,7,23,2,2,32,34,4,0,4,1,2,7,9,5,18,23,0,0,0,0,0,0,0,0,0,0,3,0,0,0,1,1,1,0,3,3,254,2,20,-144,94,New Orleans
2013,6,13,33,0,2,2,6,24,8,4,38,42,24,0,0,1,4,17,3,1,24,25,7,0,2,1,2,5,4,3,11,14,0,0,0,0,0,0,0,0,0,0,2,0,0,0,0,2,1,0,3,3,177,0,15,-143,95,New Orleans
2014,6,13,37,0,5,0,13,26,15,5,54,59,15,0,2,0,8,19,10,2,37,39,16,0,3,0,4,7,5,3,16,19,0,0,0,0,0,0,0,0,0,0,6,0,0,0,1,0,0,0,1,1,179,0,11,-142,96,New Orleans
2015,6,13,34,0,6,2,12,26,9,8,47,55,25,0,3,0,6,20,3,3,29,32,5,0,2,2,6,5,6,4,17,21,0,0,0,0,0,0,0,0,0,0,4,0,1,0,0,1,0,1,1,2,152,1,9,-141,97,New Orleans
2016,6,13,37,1,3,3,7,21,25,6,53,59,23,1,1,2,6,17,9,3,32,35,10,0,2,1,0,3,14,3,17,20,0,0,0,0,0,0,1,0,1,1,4,0,0,0,1,1,1,0,3,3,157,1,14,-146,92,New Orleans
2017,6,13,49,2,2,2,11,23,17,4,51,55,26,1,1,0,10,19,7,1,36,37,17,1,1,2,1,2,7,3,10,13,0,0,0,0,0,0,0,0,0,0,6,0,0,0,0,2,3,0,5,5,180,0,15,-145,93,New Orleans
2018,6,13,57,2,2,4,8,34,17,6,59,65,29,1,1,2,3,27,7,3,37,40,17,1,1,2,4,6,9,3,19,22,0,0,0,0,0,0,0,0,0,0,11,0,0,0,1,1,1,0,3,3,206,0,19,-144,94,New Orleans
2019,6,13,44,0,2,2,6,32,19,4,57,61,25,0,1,2,4,24,7,3,35,38,12,0,1,0,1,8,11,1,20,21,1,0,0,0,0,0,0,0,0,0,6,0,0,0,1,0,1,0,2,2,179,1,15,-143,95,New Orleans
2020,6,13,55,4,3,5,12,25,32,8,69,77,36,4,0,3,3,16,15,3,34,37,16,0,3,2,8,8,17,5,33,38,0,0,0,0,0,0,0,0,0,0,3,0,0,0,1,1,0,0,2,2,190,0,8,-141,97,New Orleans
2021,6,13,55,1,4,8,3,22,21,12,46,58,38,1,1,2,2,13,5,3,20,23,13,0,2,5,1,8,13,7,22,29,0,0,0,1,0,0,1,1,1,2,4,0,1,0,0,1,2,1,3,4,161,2,11,-147,91,New Orleans
2022,6,13,38,3,3,7,6,28,29,10,63,73,26,3,2,4,3,21,20,6,44,50,8,0,1,2,3,6,8,3,17,20,0,0,0,0,0,1,0,0,1,1,4,0,0,1,0,0,1,1,1,2,163,1,9,-146,92,New Orleans
2023,6,13,38,3,3,3,3,23,33,6,59,65,29,1,1,1,2,12,15,2,29,31,6,1,2,1,1,10,17,3,28,31,0,0,0,0,0,0,0,0,0,0,3,1,0,1,0,1,1,1,2,3,143,0,9,-145,93,New Orleans
2024,6,13,27,4,0,3,2,17,15,3,34,37,13,4,0,3,2,12,7,3,21,24,11,0,0,0,0,4,7,0,11,11,0,0,0,0,0,0,0,0,0,0,3,0,0,0,0,1,1,0,2,2,112,0,7,-143,95,New Orleans
2012,7,13,27,1,5,2,10,37,16,7,63,70,16,1,1,0,8,21,9,1,38,39,6,0,3,2,1,13,7,5,21,26,1,0,0,0,0,0,0,0,0,0,4,0,1,0,1,3,0,1,4,5,191,1,14,-114,124,New Orleans
2013,7,13,35,1,2,1,7,30,12,3,49,52,14,1,1,1,3,19,6,2,28,30,15,0,1,0,4,10,5,1,19,20,0,0,0,0,0,0,0,0,0,0,6,0,0,0,0,1,1,0,2,2,165,0,14,-113,125,New Orleans
2014,7,13,34,0,6,2,7,29,22,8,58,66,21,0,1,1,3,19,9,2,31,33,10,0,5,1,4,7,11,6,22,28,1,0,0,0,0,1,0,0,1,1,2,0,0,0,0,2,2,0,4,4,156,2,8,-112,126,New Orleans
2015,7,13,39,0,2,3,13,33,21,5,67,72,24,0,0,2,7,22,9,2,38,40,12,0,1,1,6,8,11,2,25,27,1,0,0,0,0,0,0,0,0,0,2,0,1,0,0,3,1,1,4,5,181,1,12,-111,127,New Orleans
2016,7,13,47,0,1,2,11,25,14,3,50,53,23,0,0,1,8,19,6,1,33,34,19,0,1,0,3,5,8,1,16,17,0,0,0,0,0,0,0,0,0,0,5,0,0,1,0,1,0,1,1,2,150,1,8,-116,122,New Orleans
2017,7,13,37,1,1,6,3,38,11,7,52,59,22,1,1,2,2,24,5,3,31,34,13,0,0,3,0,13,4,3,17,20,0,0,0,0,1,0,1,0,2,2,2,0,0,1,0,1,1,1,2,3,181,2,13,-115,123,New Orleans
2018,7,13,57,1,4,3,4,49,26,7,79,86,33,0,2,1,4,35,14,3,53,56,18,0,1,1,0,11,11,2,22,24,0,0,0,1,0,0,0,1,0,1,6,1,1,0,0,3,1,1,4,5,222,1,20,-114,124,New Orleans
2019,7,13,20,1,2,1,10,19,9,3,38,41,12,0,1,1,8,14,4,2,26,28,8,0,1,0,2,4,4,1,10,11,0,0,0,0,0,0,0,0,0,0,0,1,0,0,0,1,1,0,2,2,112,0,12,-113,125,New Orleans
2020,7,13,59,2,1,6,7,21,15,7,43,50,27,1,0,4,3,16,10,4,29,33,20,1,1,1,3,3,5,2,11,13,2,0,0,0,0,0,0,0,0,0,10,0,0,1,1,2,0,1,3,4,168,2,17,-111,127,New Orleans
2021,7,13,36,1,1,7,5,37,11,8,53,61,16,1,0,2,5,29,4,2,38,40,15,0,1,4,0,8,5,5,13,18,0,0,0,0,0,0,0,0,0,0,5,0,0,1,0,0,2,1,2,3,157,0,12,-117,121,New Orleans
2022,7,13,24,4,9,8,8,16,15,17,39,56,16,2,6,4,4,9,7,10,20,30,6,2,3,4,4,7,6,7,17,24,0,0,0,0,0,0,0,0,0,0,2,0,0,0,0,0,2,0,2,2,121,0,5,-116,122,New Orleans
2023,7,13,34,2,1,0,4,28,17,1,49,50,18,2,1,0,2,18,7,1,27,28,13,0,0,0,1,7,10,0,18,18,0,0,0,0,1,0,0,0,1,1,3,0,0,0,0,3,0,0,3,3,140,3,10,-115,123,New Orleans
2024,7,13,46,0,5,4,2,32,11,9,45,54,24,0,0,0,2,21,4,0,27,27,14,0,5,4,0,9,6,9,15,24,1,0,0,0,0,0,0,0,0,0,7,0,0,0,0,2,1,0,3,3,142,1,14,-113,125,New Orleans
2012,8,13,21,2,2,7,7,35,12,9,54,63,15,2,1,4,4,24,3,5,31,36,5,0,1,3,3,9,8,4,20,24,0,0,0,0,0,0,0,0,0,0,1,0,0,0,0,2,1,0,3,3,231,0,14,-83,155,New Orleans
2013,8,13,33,0,3,2,7,21,17,5,45,50,14,0,2,2,4,15,12,4,31,35,14,0,1,0,2,5,5,1,12,13,1,0,0,0,0,0,0,0,0,0,4,0,0,0,1,1,0,0,2,2,198,1,11,-82,156,New Orleans
2014,8,13,31,1,2,2,9,24,22,4,55,59,14,0,1,1,6,21,10,2,37,39,12,1,1,1,2,3,12,2,17,19,0,0,0,0,0,0,0,0,0,0,5,0,0,0,1,0,0,0,1,1,167,0,15,-81,157,New Orleans
2015,8,13,30,2,6,1,4,38,14,7,56,63,19,0,0,0,3,22,7,0,32,32,9,2,2,1,1,11,5,3,17,20,0,0,0,0,0,1,0,0,1,1,2,0,4,0,0,4,2,4,6,10,179,2,18,-80,158,New Orleans
2016,8,13,39,1,4,4,9,30,11,8,50,58,21,0,3,2,5,18,5,5,28,33,16,1,1,2,4,11,6,3,21,24,0,0,0,0,0,0,0,0,0,0,2,0,0,0,0,1,0,0,1,1,168,0,15,-85,153,New Orleans
2017,8,13,45,1,4,3,4,46,17,7,67,74,25,0,2,1,4,27,8,3,39,42,17,1,2,2,0,14,9,4,23,27,0,0,0,0,0,0,0,0,0,0,3,0,0,0,0,5,0,0,5,5,191,0,14,-84,154,New Orleans
2018,8,13,57,2,0,3,1,40,17,3,58,61,29,2,0,2,1,31,9,2,41,43,24,0,0,1,0,9,7,1,16,17,0,0,0,0,0,0,0,0,0,0,4,0,0,0,0,0,1,0,1,1,205,0,11,-83,155,New Orleans
2019,8,13,35,2,0,3,4,27,36,3,67,70,26,1,0,2,2,19,16,2,37,39,7,1,0,1,2,4,20,1,26,27,0,0,0,0,0,0,0,0,0,0,2,0,0,0,0,4,0,0,4,4,182,0,10,-82,156,New Orleans
2020,8,13,47,0,3,4,3,22,32,7,57,64,25,0,0,2,1,18,17,2,36,38,18,0,3,2,1,4,13,5,18,23,1,0,0,0,0,0,0,0,0,0,3,0,0,0,1,0,2,0,3,3,171,1,10,-80,158,New Orleans
2021,8,13,45,1,1,11,10,30,11,12,51,63,28,1,1,8,5,16,2,9,23,32,11,0,0,3,3,13,8,3,24,27,0,0,0,0,0,0,0,0,0,0,6,0,0,0,2,1,1,0,4,4,163,0,11,-86,152,New Orleans
2022,8,13,32,4,3,4,5,34,35,7,74,81,14,1,1,1,2,15,11,2,28,30,13,3,1,3,2,19,22,4,43,47,0,0,0,0,0,0,0,0,0,0,5,0,1,0,1,0,2,1,3,4,167,0,15,-85,153,New Orleans
2023,8,13,50,1,2,7,6,31,23,9,60,69,28,1,1,3,3,19,13,4,35,39,15,0,1,4,3,11,10,5,24,29,0,0,0,0,0,0,0,0,0,0,7,0,0,0,0,1,0,0,1,1,161,1,13,-84,154,New Orleans
2024,8,13,46,2,0,0,3,25,21,0,49,49,21,2,0,0,1,18,5,0,24,24,17,0,0,0,2,5,16,0,23,23,0,0,0,0,0,0,0,0,0,0,8,0,0,0,0,2,0,0,2,2,146,0,11,-82,156,New Orleans
2012,9,13,26,3,2,4,8,28,8,6,44,50,11,0,0,1,5,18,1,1,24,25,14,3,2,3,3,8,7,5,18,23,0,0,0,0,0,0,0,0,0,0,1,0,0,0,0,2,0,0,2,2,187,0,10,-52,186,New Orleans
2013,9,13,34,2,3,1,10,40,12,4,62,66,11,1,1,0,6,27,6,1,39,40,18,0,2,1,4,12,5,3,21,24,0,0,0,0,0,0,0,0,0,0,5,1,0,0,0,1,1,0,2,2,198,2,10,-51,187,New Orleans
2014,9,13,28,2,6,3,6,33,11,9,50,59,11,0,5,2,3,22,4,7,29,36,16,1,1,0,2,9,7,1,18,19,0,0,0,0,0,0,0,0,0,0,1,1,0,1,1,2,0,1,3,4,139,0,11,-50,188,New Orleans
2015,9,13,41,2,8,5,5,38,9,13,52,65,18,1,3,3,2,24,3,6,29,35,22,1,4,2,3,11,5,6,19,25,0,0,0,0,0,1,0,0,1,1,1,0,1,0,0,2,1,1,3,4,165,1,10,-49,189,New Orleans
2016,9,13,37,0,2,4,5,34,8,6,47,53,20,0,1,3,5,24,2,4,31,35,10,0,1,0,0,9,6,1,15,16,0,0,0,0,0,0,0,0,0,0,7,0,0,1,0,1,0,1,1,2,147,0,16,-54,184,New Orleans
2017,9,13,41,0,2,5,3,33,12,7,48,55,22,0,1,3,1,21,7,4,29,33,16,0,1,1,2,9,5,2,16,18,0,0,0,1,0,0,0,1,0,1,3,0,0,0,0,3,0,0,3,3,166,1,7,-53,185,New Orleans
2018,9,13,48,1,2,1,5,30,15,3,50,53,30,0,0,0,1,23,5,0,29,29,16,1,1,1,4,7,10,2,21,23,0,0,0,0,0,0,0,0,0,0,2,0,1,0,0,0,0,1,0,1,183,0,8,-52,186,New Orleans
2019,9,13,55,2,0,4,10,43,19,4,72,76,28,1,0,2,6,29,9,2,44,46,21,0,0,1,4,12,9,1,25,26,0,0,0,0,0,2,0,0,2,2,6,1,0,1,0,0,1,1,1,2,234,2,19,-51,187,New Orleans
2020,9,13,53,1,2,1,2,21,33,3,56,59,32,0,2,0,0,15,22,2,37,39,20,1,0,1,1,5,11,1,17,18,0,0,0,0,0,0,0,0,0,0,1,0,0,0,1,1,0,0,2,2,163,0,4,-49,189,New Orleans
2021,9,13,51,2,4,6,4,22,21,10,47,57,28,1,4,3,3,14,10,7,27,34,21,1,0,3,1,7,11,3,19,22,1,0,0,0,0,0,0,0,0,0,1,0,0,0,0,1,0,0,1,1,170,1,7,-55,183,New Orleans
2022,9,13,28,6,0,8,2,29,20,8,51,59,14,3,0,3,1,19,7,3,27,30,11,3,0,5,1,8,13,5,22,27,0,0,0,0,0,0,0,0,0,0,3,0,0,0,0,2,0,0,2,2,142,0,7,-54,184,New Orleans
2023,9,13,32,1,1,3,6,23,21,4,50,54,22,0,1,2,3,12,5,3,20,23,10,1,0,1,3,11,15,1,29,30,0,0,0,0,0,0,0,0,0,0,0,0,0,0,0,0,1,0,1,1,145,0,4,-53,185,New Orleans
2024,9,13,36,2,0,8,6,24,7,8,37,45,18,1,0,3,3,12,2,3,17,20,16,0,0,3,3,11,5,3,19,22,0,0,0,0,0,0,0,0,0,0,2,1,0,2,0,1,0,2,1,3,132,1,7,-51,187,New Orleans
2012,10,13,35,3,3,4,11,33,16,7,60,67,16,2,1,2,7,17,11,3,35,38,17,0,2,2,3,15,5,4,23,27,0,0,0,0,0,1,0,0,1,1,2,1,0,0,1,0,0,0,1,1,191,1,7,-22,216,New Orleans
2013,10,13,22,1,4,2,7,24,12,6,43,49,8,0,1,0,4,12,5,1,21,22,10,1,2,2,3,12,7,4,22,26,1,0,1,0,0,0,0,1,0,1,3,0,0,0,0,0,0,0,0,0,141,3,10,-21,217,New Orleans
2014,10,13,23,0,2,2,17,32,9,4,58,62,15,0,0,1,11,21,5,1,37,38,7,0,2,1,5,10,4,3,19,22,0,0,0,0,1,0,0,0,1,1,1,0,0,0,0,1,0,0,1,1,161,1,9,-20,218,New Orleans
2015,10,13,31,2,3,5,7,34,18,8,59,67,16,1,1,2,4,24,5,3,33,36,14,1,2,2,2,9,12,4,23,27,1,0,0,0,0,0,0,0,0,0,0,0,0,1,1,1,1,1,3,4,169,2,7,-19,219,New Orleans
2016,10,13,37,3,7,0,2,31,13,7,46,53,18,2,2,0,1,20,5,2,26,28,15,1,5,0,1,11,7,5,19,24,1,0,0,0,0,0,0,0,0,0,3,0,0,0,0,0,1,0,1,1,152,1,8,-24,214,New Orleans
2017,10,13,41,1,4,1,2,37,14,5,53,58,24,0,1,0,2,25,7,1,34,35,14,1,3,1,0,10,7,4,17,21,1,0,0,0,0,0,0,0,0,0,2,0,0,0,0,2,0,0,2,2,175,3,13,-23,215,New Orleans
2018,10,13,49,3,4,1,7,44,25,5,76,81,25,0,0,1,4,23,11,1,38,39,22,3,4,0,2,20,12,4,34,38,1,0,0,0,0,0,1,0,1,1,1,0,0,0,1,1,1,0,3,3,214,4,13,-22,216,New Orleans
2019,10,13,53,0,3,6,3,37,33,9,73,82,27,0,0,2,1,22,8,2,31,33,23,0,3,3,2,12,21,6,35,41,1,0,0,0,0,3,0,0,3,3,2,0,0,1,0,0,4,1,4,5,191,4,8,-21,217,New Orleans
2020,10,13,38,2,3,8,8,24,38,11,70,81,21,2,0,0,2,14,9,0,25,25,14,0,3,7,6,9,25,10,40,50,0,0,0,0,0,0,1,0,1,1,3,0,0,1,0,1,3,1,4,5,185,1,14,-19,219,New Orleans
2021,10,13,30,0,1,3,6,23,7,4,36,40,20,0,0,1,3,19,2,1,24,25,10,0,1,2,3,4,4,3,11,14,0,0,0,0,0,0,0,0,0,0,0,0,0,0,0,0,1,0,1,1,140,2,9,-25,213,New Orleans
2022,10,13,24,2,1,2,4,15,15,3,34,37,10,1,1,1,0,9,6,2,15,17,11,1,0,1,4,6,8,1,18,19,2,0,0,0,0,0,0,0,0,0,1,0,0,0,0,0,1,0,1,1,103,3,5,-24,214,New Orleans
2023,10,13,32,0,2,3,9,39,38,5,86,91,19,0,1,2,1,17,8,3,26,29,12,0,1,1,7,21,29,2,57,59,0,0,0,0,0,0,1,0,1,1,1,0,0,0,1,1,0,0,2,2,180,1,6,-23,215,New Orleans
2024,10,13,51,1,1,2,5,33,20,3,58,61,23,0,0,2,1,11,8,2,20,22,23,1,0,0,4,21,10,0,35,35,1,0,0,0,0,1,0,0,1,1,4,0,1,0,0,0,2,1,2,3,178,2,10,-21,217,New Orleans
2012,11,13,25,0,1,1,8,28,10,2,46,48,16,0,0,1,5,17,2,1,24,25,8,0,1,0,3,9,7,1,19,20,0,0,0,0,0,1,0,0,1,1,1,0,0,0,0,1,1,0,2,2,190,3,13,9,247,New Orleans
2013,11,13,24,4,3,1,4,29,13,4,46,50,10,3,0,1,4,17,5,1,26,27,13,1,2,0,0,11,8,2,19,21,0,0,0,0,0,0,0,0,0,0,1,0,1,0,0,1,0,1,1,2,163,0,9,10,248,New Orleans
2014,11,13,30,0,1,2,12,17,15,3,44,47,15,0,0,2,6,13,6,2,25,27,13,0,1,0,6,3,8,1,17,18,0,0,0,0,0,0,0,0,0,0,2,0,0,0,0,1,1,0,2,2,138,2,9,11,249,New Orleans
2015,11,13,39,2,4,2,13,24,12,6,49,55,17,1,2,0,5,13,6,2,24,26,18,1,1,1,8,9,5,2,22,24,0,0,0,1,0,1,0,1,1,2,4,0,1,0,0,1,1,1,2,3,157,4,7,12,250,New Orleans
2016,11,13,50,2,2,4,7,27,26,6,60,66,25,0,2,0,4,9,9,2,22,24,24,2,0,4,2,18,15,4,35,39,0,0,0,0,0,0,1,0,1,1,1,0,0,0,1,0,1,0,2,2,181,1,5,7,245,New Orleans
2017,11,13,40,5,1,1,13,41,13,2,67,69,21,3,0,1,7,22,4,1,33,34,16,2,1,0,6,17,8,1,31,32,0,0,0,0,0,0,1,0,1,1,3,0,0,0,0,2,0,0,2,2,203,1,10,8,246,New Orleans
2018,11,13,32,1,1,4,9,28,16,5,53,58,15,1,0,2,5,15,9,2,29,31,15,0,0,2,4,12,7,2,23,25,0,0,0,0,0,0,0,0,0,0,2,0,1,0,0,1,0,1,1,2,153,0,8,9,247,New Orleans
2019,11,13,38,2,0,6,3,36,12,6,51,57,18,1,0,4,2,20,5,4,27,31,15,1,0,1,1,11,7,1,19,20,1,0,0,0,0,1,0,0,1,1,4,0,0,1,0,4,0,1,4,5,189,3,15,10,248,New Orleans
2020,11,13,44,4,2,6,9,30,17,8,56,64,12,0,0,2,3,22,6,2,31,33,26,4,2,3,4,6,11,5,21,26,1,0,0,0,0,0,0,0,0,0,5,0,0,1,2,2,0,1,4,5,175,1,13,12,250,New Orleans
2021,11,13,39,3,0,7,9,20,31,7,60,67,15,0,0,3,4,12,7,3,23,26,17,3,0,3,5,8,24,3,37,40,4,0,0,0,0,0,0,0,0,0,3,0,0,1,0,0,0,1,0,1,159,4,5,6,244,New Orleans
2022,11,13,28,5,2,7,4,15,16,9,35,44,8,3,0,2,1,5,4,2,10,12,17,2,1,5,3,10,10,6,23,29,1,0,0,0,0,0,1,0,1,1,2,0,1,0,0,0,1,1,1,2,116,3,7,7,245,New Orleans
2023,11,13,48,3,1,1,4,25,26,2,55,57,21,2,0,0,1,13,9,0,23,23,25,1,1,1,2,10,17,2,29,31,0,0,0,0,0,0,0,0,0,0,2,0,0,0,1,2,0,0,3,3,165,2,8,8,246,New Orleans
2024,11,13,37,1,0,2,3,27,5,2,35,37,20,1,0,1,1,19,1,1,21,22,14,0,0,1,2,7,4,1,13,14,0,0,0,0,0,1,0,0,1,1,3,0,0,0,0,0,0,0,0,0,142,2,4,10,248,New Orleans
2012,12,13,29,1,1,2,7,23,17,3,47,50,12,1,0,0,3,15,7,0,25,25,17,0,1,1,3,6,10,2,19,21,0,0,0,0,0,0,0,0,0,0,0,0,0,1,1,2,0,1,3,4,161,0,5,39,277,New Orleans
2013,12,13,32,2,5,2,6,39,9,7,54,61,9,1,1,2,4,20,4,3,28,31,21,1,4,0,2,12,5,4,19,23,0,0,0,0,0,0,0,0,0,0,2,0,0,0,0,7,0,0,7,7,197,0,11,40,278,New Orleans
2014,12,13,36,1,5,4,11,23,10,9,44,53,12,1,1,3,7,11,4,4,22,26,19,0,4,1,4,9,6,5,19,24,1,0,0,0,0,1,0,0,1,1,4,0,0,0,0,2,0,0,2,2,134,2,9,41,279,New Orleans
2015,12,13,39,2,7,3,6,24,17,10,47,57,18,1,4,1,3,9,8,5,20,25,17,1,3,1,3,14,9,4,26,30,1,0,0,0,0,0,0,0,0,0,3,0,0,1,0,1,0,1,1,2,156,1,9,42,280,New Orleans
2016,12,13,32,3,0,2,9,25,16,2,50,52,16,1,0,0,7,17,4,0,28,28,12,2,0,2,2,6,12,2,20,22,1,0,0,0,0,0,0,0,0,0,3,0,0,0,0,2,0,0,2,2,147,4,10,37,275,New Orleans
2017,12,13,38,1,1,0,6,35,17,1,58,59,15,1,0,0,1,22,4,0,27,27,18,0,0,0,5,10,11,0,26,26,0,0,0,0,0,0,0,0,0,0,5,0,1,0,0,3,2,1,5,6,175,0,12,38,276,New Orleans
2018,12,13,42,2,7,5,9,27,16,12,52,64,20,0,2,2,3,17,2,4,22,26,18,2,5,2,6,8,14,7,28,35,1,0,0,0,0,0,0,0,0,0,3,0,0,1,0,2,0,1,2,3,171,1,14,39,277,New Orleans
2019,12,13,12,0,0,3,1,6,7,3,14,17,5,0,0,1,1,3,2,1,6,7,7,0,0,2,0,3,5,2,8,10,0,0,0,0,0,0,0,0,0,0,0,0,0,0,0,0,0,0,0,0,58,0,1,40,278,New Orleans
2020,12,13,47,3,0,6,5,25,11,6,41,47,23,0,0,3,4,16,4,3,24,27,20,2,0,1,1,7,6,1,14,15,0,0,0,0,0,0,0,0,0,0,4,1,0,2,0,2,1,2,3,5,141,0,14,42,280,New Orleans
2021,12,13,37,3,3,1,6,33,19,4,58,62,18,2,1,1,2,21,7,2,30,32,19,1,2,0,4,10,11,2,25,27,0,0,0,0,0,0,1,0,1,1,0,0,0,0,0,2,0,0,2,2,164,1,5,36,274,New Orleans
2022,12,13,33,1,1,10,4,21,33,11,58,69,14,0,0,4,2,10,11,4,23,27,17,0,1,5,2,10,19,6,31,37,0,0,0,0,0,0,2,0,2,2,2,1,0,1,0,1,1,1,2,3,145,2,8,37,275,New Orleans
2023,12,13,41,5,0,1,3,30,29,1,62,63,17,2,0,1,0,19,9,1,28,29,24,3,0,0,3,7,16,0,26,26,0,0,0,0,0,0,0,0,0,0,0,0,0,0,0,4,4,0,8,8,165,1,15,38,276,New Orleans
2024,12,13,25,0,1,2,4,24,10,3,38,41,12,0,1,0,3,13,3,1,19,20,10,0,0,1,1,10,7,1,18,19,1,0,0,0,0,0,0,0,0,0,2,0,0,1,0,1,0,1,1,2,121,1,7,40,278,New Orleans
2012,1,14,17,4,2,2,12,33,21,4,66,70,9,2,0,1,5,22,6,1,33,34,7,2,2,1,7,10,15,3,32,35,0,0,0,0,0,0,0,0,0,0,1,0,0,0,0,1,0,0,1,1,143,0,3,-295,-57,New Orleans
2013,1,14,12,1,2,2,13,31,6,4,50,54,4,1,1,0,10,22,3,1,35,36,6,0,1,2,2,9,3,3,14,17,0,0,0,0,1,0,0,0,1,1,2,0,0,0,0,0,0,0,0,0,156,1,3,-293,-55,New Orleans
2014,1,14,32,0,2,3,14,21,17,5,52,57,14,0,2,2,6,10,7,4,23,27,14,0,0,1,7,9,10,1,26,27,0,0,0,0,0,0,0,0,0,0,4,0,0,0,1,2,0,0,3,3,191,0,12,-292,-54,New Orleans
2015,1,14,40,2,1,2,16,27,19,3,62,65,19,1,1,0,9,14,6,1,29,30,17,0,0,2,7,10,12,2,29,31,1,0,0,0,0,0,1,0,1,1,3,1,0,0,0,3,0,0,3,3,178,2,12,-291,-53,New Orleans
2016,1,14,41,1,3,2,8,30,14,5,52,57,17,1,1,0,5,19,6,1,30,31,20,0,2,2,3,10,8,4,21,25,0,0,0,0,0,0,0,0,0,0,4,0,0,0,0,1,0,0,1,1,174,0,11,-297,-59,New Orleans
2017,1,14,48,1,8,7,8,34,15,15,57,72,19,1,2,2,3,15,4,4,22,26,25,0,6,4,5,17,11,10,33,43,0,0,0,0,0,0,0,0,0,0,4,0,0,1,0,2,0,1,2,3,176,0,13,-295,-57,New Orleans
2018,1,14,39,4,1,2,1,23,19,3,43,46,15,1,0,1,0,16,9,1,25,26,21,3,1,1,1,5,10,2,16,18,0,0,0,0,0,0,0,0,0,0,3,0,0,0,0,2,0,0,2,2,162,1,9,-294,-56,New Orleans
2019,1,14,37,1,2,3,6,32,26,5,64,69,16,1,1,1,4,16,12,2,32,34,18,0,1,2,2,15,13,3,30,33,1,0,0,0,0,0,0,0,0,0,2,0,0,0,0,1,1,0,2,2,166,2,7,-293,-55,New Orleans
2020,1,14,26,1,2,3,4,22,23,5,49,54,9,0,1,1,1,11,5,2,17,19,15,1,1,2,3,9,17,3,29,32,0,0,0,0,0,1,1,0,2,2,2,0,0,0,0,1,0,0,1,1,120,3,3,-292,-54,New Orleans
2021,1,14,44,1,3,6,5,29,23,9,57,66,17,0,0,4,1,14,9,4,24,28,21,1,3,2,4,13,12,5,29,34,0,0,0,0,0,1,0,0,1,1,6,0,0,0,0,1,2,0,3,3,164,1,10,-297,-59,New Orleans
2022,1,14,37,1,4,4,3,29,30,8,62,70,20,1,1,2,1,13,13,3,27,30,16,0,3,2,1,15,16,5,32,37,0,0,0,0,0,0,0,0,0,0,1,0,0,0,1,1,1,0,3,3,169,1,8,-296,-58,New Orleans
2023,1,14,30,5,1,6,6,21,42,7,69,76,12,1,0,3,4,10,16,3,30,33,17,3,1,3,1,9,25,4,35,39,0,0,0,0,0,0,1,0,1,1,1,1,0,0,1,2,0,0,3,3,164,1,6,-295,-57,New Orleans
2024,1,14,44,3,2,4,4,32,29,6,65,71,12,0,0,3,1,17,9,3,27,30,27,2,2,1,3,14,18,3,35,38,1,0,0,0,0,0,0,0,0,0,4,1,0,0,0,1,2,0,3,3,157,1,10,-294,-56,New Orleans
2012,2,14,22,0,2,3,7,29,8,5,44,49,12,0,1,2,4,21,2,3,27,30,10,0,1,1,3,8,5,2,16,18,0,0,0,0,0,0,0,0,0,0,0,0,0,0,0,0,1,0,1,1,160,1,6,-264,-26,New Orleans
2013,2,14,14,2,1,3,3,35,9,4,47,51,4,1,0,1,2,27,4,1,33,34,9,1,1,2,1,7,5,3,13,16,0,0,0,0,0,0,0,0,0,0,1,0,0,0,0,1,0,0,1,1,134,0,4,-262,-24,New Orleans
2014,2,14,32,0,1,6,7,31,20,7,58,65,13,0,0,1,6,16,7,1,29,30,15,0,0,3,1,11,13,3,25,28,0,0,0,0,0,0,0,0,0,0,4,0,1,2,0,4,0,3,4,7,187,1,17,-261,-23,New Orleans
2015,2,14,38,0,0,2,6,88,20,2,114,116,15,0,0,1,2,30,6,1,38,39,20,0,0,1,2,50,14,1,66,67,0,0,0,0,0,0,0,0,0,0,3,0,0,0,2,8,0,0,10,10,233,0,21,-260,-22,New Orleans
2016,2,14,39,1,4,5,12,21,14,9,47,56,15,0,0,2,7,15,8,2,30,32,21,1,4,2,5,5,6,6,16,22,0,0,0,0,0,0,0,0,0,0,3,0,0,1,0,1,0,1,1,2,151,0,13,-266,-28,New Orleans
2017,2,14,38,3,4,3,7,30,16,7,53,60,13,2,0,2,4,17,6,2,27,29,25,0,3,1,2,10,8,4,20,24,0,0,0,0,1,1,1,0,3,3,0,1,1,0,0,2,1,1,3,4,183,3,8,-264,-26,New Orleans
2018,2,14,52,1,2,1,5,28,24,3,57,60,26,0,0,0,2,11,4,0,17,17,24,1,1,0,3,15,20,1,38,39,1,0,0,1,0,0,0,1,0,1,1,0,1,0,0,2,0,1,2,3,193,2,8,-263,-25,New Orleans
2019,2,14,49,0,1,2,6,39,30,3,75,78,21,0,1,1,4,24,6,2,34,36,23,0,0,1,2,12,22,1,36,37,0,0,0,0,0,0,0,0,0,0,5,0,0,0,0,3,2,0,5,5,195,1,21,-262,-24,New Orleans
2020,2,14,45,4,1,4,3,49,12,5,64,69,21,1,0,0,1,27,3,0,31,31,22,3,1,4,2,21,8,5,31,36,0,0,0,0,0,1,0,0,1,1,2,0,0,0,0,0,1,0,1,1,188,1,5,-261,-23,New Orleans
2021,2,14,41,0,4,9,3,20,30,13,53,66,17,0,3,6,1,12,11,9,24,33,24,0,1,3,2,7,17,4,26,30,0,0,0,0,0,0,1,0,1,1,0,0,0,0,0,1,1,0,2,2,162,1,6,-266,-28,New Orleans
2022,2,14,28,0,4,7,6,30,21,11,57,68,16,0,2,3,4,19,7,5,30,35,11,0,2,2,2,9,12,4,23,27,0,0,0,0,0,0,0,0,0,0,1,0,0,2,0,2,2,2,4,6,135,0,10,-265,-27,New Orleans
2023,2,14,28,2,1,4,4,18,34,5,56,61,14,0,1,3,3,12,8,4,23,27,13,2,0,1,1,5,23,1,29,30,0,0,0,0,0,0,1,0,1,1,1,0,0,0,0,1,2,0,3,3,134,2,6,-264,-26,New Orleans
2024,2,14,45,1,3,7,5,31,24,10,60,70,20,0,3,1,3,15,9,4,27,31,23,1,0,6,2,14,13,6,29,35,1,0,0,0,0,0,0,0,0,0,1,0,0,0,0,2,2,0,4,4,174,1,8,-263,-25,New Orleans
2012,3,14,24,0,2,3,5,24,6,5,35,40,15,0,0,1,2,18,3,1,23,24,8,0,0,2,1,6,3,2,10,12,0,0,0,0,0,0,0,0,0,0,1,0,2,0,2,0,0,2,2,4,171,0,9,-235,3,New Orleans
2013,3,14,22,0,2,6,14,33,8,8,55,63,11,0,0,2,9,22,5,2,36,38,7,0,2,2,4,9,3,4,16,20,0,0,0,0,0,1,0,0,1,1,4,0,0,2,1,1,0,2,2,4,176,1,22,-234,4,New Orleans
2014,3,14,31,2,2,1,7,33,13,3,53,56,20,2,0,0,4,22,5,0,31,31,10,0,1,1,2,10,7,2,19,21,0,0,0,0,0,0,0,0,0,0,1,0,1,0,1,1,1,1,3,4,175,0,10,-233,5,New Orleans
2015,3,14,31,0,3,3,9,46,9,6,64,70,14,0,1,1,5,14,5,2,24,26,16,0,2,2,4,30,3,4,37,41,0,0,0,0,0,0,0,0,0,0,1,0,0,0,0,2,1,0,3,3,153,3,7,-232,6,New Orleans
2016,3,14,40,2,4,5,5,33,12,9,50,59,22,1,1,3,2,22,5,4,29,33,15,1,3,1,3,10,6,4,19,23,0,0,0,0,0,0,1,0,1,1,3,0,0,1,0,1,0,1,1,2,176,1,8,-237,1,New Orleans
2017,3,14,29,4,0,1,5,37,7,1,49,50,18,4,0,1,3,29,4,1,36,37,9,0,0,0,2,6,1,0,9,9,1,0,0,0,0,0,0,0,0,0,1,0,0,0,0,2,2,0,4,4,154,1,12,-236,2,New Orleans
2018,3,14,58,2,4,4,2,36,21,8,59,67,33,0,2,3,2,25,5,5,32,37,23,2,0,1,0,10,16,1,26,27,0,0,0,0,0,0,0,0,0,0,2,0,2,0,0,1,0,2,1,3,216,1,10,-235,3,New Orleans
2019,3,14,40,3,1,3,2,33,15,4,50,54,26,2,0,1,1,20,6,1,27,28,11,1,1,2,1,12,8,3,21,24,0,0,0,0,0,0,0,0,0,0,3,0,0,0,0,1,1,0,2,2,173,0,7,-234,4,New Orleans
2020,3,14,49,2,1,1,9,32,11,2,52,54,25,0,0,1,4,18,5,1,27,28,21,1,1,0,4,14,6,1,24,25,1,0,0,0,1,0,0,0,1,1,2,1,0,0,0,0,0,0,0,0,156,3,6,-232,6,New Orleans
2021,3,14,40,1,3,5,5,22,11,8,38,46,21,0,1,3,3,9,5,4,17,21,16,1,2,2,2,10,6,4,18,22,0,0,0,0,0,2,0,0,2,2,3,0,0,0,0,1,0,0,1,1,158,3,12,-238,0,New Orleans
2022,3,14,52,2,0,10,11,43,33,10,87,97,28,2,0,6,8,24,12,6,44,50,19,0,0,4,2,18,21,4,41,45,1,0,0,0,0,1,0,0,1,1,4,0,0,0,1,0,0,0,1,1,206,2,8,-237,1,New Orleans
2023,3,14,27,3,3,3,3,21,14,6,38,44,15,2,0,0,2,15,5,0,22,22,10,1,3,3,1,5,9,6,15,21,0,0,0,0,0,0,0,0,0,0,2,0,0,0,0,1,0,0,1,1,126,0,4,-236,2,New Orleans
2024,3,14,22,0,0,5,4,32,13,5,49,54,12,0,0,2,2,20,6,2,28,30,10,0,0,2,2,11,7,2,20,22,0,0,0,0,0,0,0,0,0,0,0,0,0,1,0,1,0,1,1,2,125,1,6,-234,4,New Orleans
2012,4,14,25,2,1,3,10,38,17,4,65,69,12,1,0,1,4,11,4,1,19,20,10,0,1,2,5,25,11,3,41,44,0,0,0,0,0,0,0,0,0,0,3,1,0,0,1,2,2,0,5,5,202,0,17,-204,34,New Orleans
2013,4,14,27,1,3,3,5,33,6,6,44,50,15,0,0,3,4,15,3,3,22,25,9,0,3,0,0,11,3,3,14,17,0,0,0,0,0,0,0,0,0,0,3,1,0,0,1,7,0,0,8,8,131,0,17,-203,35,New Orleans
2014,4,14,21,1,3,2,15,28,17,5,60,65,13,0,0,2,8,19,6,2,33,35,7,1,3,0,6,7,7,3,20,23,0,0,0,0,0,0,0,0,0,0,1,0,0,0,1,2,4,0,7,7,209,0,19,-202,36,New Orleans
2015,4,14,28,0,0,0,7,35,10,0,52,52,21,0,0,0,6,29,5,0,40,40,6,0,0,0,1,6,4,0,11,11,0,0,0,0,0,0,0,0,0,0,1,0,0,0,0,0,1,0,1,1,136,1,6,-201,37,New Orleans
2016,4,14,43,2,0,5,8,24,10,5,42,47,25,2,0,1,5,16,4,1,25,26,14,0,0,4,3,6,4,4,13,17,0,0,0,0,0,0,0,0,0,0,4,0,0,0,0,2,2,0,4,4,159,1,12,-206,32,New Orleans
2017,4,14,54,1,4,3,3,38,10,7,51,58,29,0,2,1,2,24,5,3,31,34,21,1,0,1,1,13,4,1,18,19,1,0,0,0,0,0,0,0,0,0,3,0,2,1,0,1,1,3,2,5,196,1,14,-205,33,New Orleans
2018,4,14,55,0,4,2,2,31,17,6,50,56,34,0,1,2,1,16,4,3,21,24,20,0,3,0,1,14,12,3,27,30,0,0,0,0,0,0,0,0,0,0,1,0,0,0,0,1,1,0,2,2,157,0,4,-204,34,New Orleans
2019,4,14,52,2,1,1,5,43,28,2,76,78,25,0,1,1,2,23,13,2,38,40,23,1,0,0,3,19,13,0,35,35,0,0,0,0,0,0,1,0,1,1,4,1,0,0,0,1,1,0,2,2,202,2,15,-203,35,New Orleans
2020,4,14,39,1,0,0,3,23,28,0,54,54,26,1,0,0,3,12,10,0,25,25,12,0,0,0,0,5,18,0,23,23,0,0,0,0,0,3,0,0,3,3,1,0,0,0,0,3,0,0,3,3,143,3,6,-201,37,New Orleans
2021,4,14,44,2,4,6,2,20,17,10,39,49,26,1,3,2,1,16,7,5,24,29,15,0,1,3,1,2,10,4,13,17,0,0,0,0,0,0,0,0,0,0,3,1,0,1,0,2,0,1,2,3,151,1,13,-207,31,New Orleans
2022,4,14,42,0,2,1,2,29,20,3,51,54,20,0,1,1,1,20,5,2,26,28,20,0,1,0,1,6,13,1,20,21,1,0,0,0,0,0,2,0,2,2,1,0,0,0,0,3,0,0,3,3,163,5,9,-206,32,New Orleans
2023,4,14,35,5,3,4,5,35,38,7,78,85,23,1,0,3,3,16,9,3,28,31,10,4,1,1,2,18,27,2,47,49,0,0,0,0,0,0,0,0,0,0,2,0,2,0,0,1,2,2,3,5,172,0,10,-205,33,New Orleans
2024,4,14,38,2,4,7,2,30,26,11,58,69,25,2,1,4,0,13,7,5,20,25,12,0,2,3,2,16,18,5,36,41,1,0,0,0,0,0,0,0,0,0,0,0,1,0,0,1,1,1,2,3,161,1,8,-203,35,New Orleans
2012,5,14,34,1,4,4,12,34,18,8,64,72,18,0,0,2,8,28,13,2,49,51,14,0,3,1,3,4,5,4,12,16,0,1,0,0,1,0,0,0,1,1,2,0,1,1,0,2,0,2,2,4,236,3,21,-174,64,New Orleans
2013,5,14,25,3,1,0,6,45,11,1,62,63,15,0,1,0,3,34,5,1,42,43,8,1,0,0,3,8,5,0,16,16,1,0,0,0,0,0,0,0,0,0,1,2,0,0,0,3,1,0,4,4,204,1,13,-173,65,New Orleans
2014,5,14,21,0,2,4,15,31,12,6,58,64,12,0,0,2,9,23,5,2,37,39,6,0,2,1,5,8,7,3,20,23,0,0,0,0,0,0,0,0,0,0,3,0,0,1,1,0,0,1,1,2,215,0,10,-172,66,New Orleans
2015,5,14,43,0,2,1,11,25,10,3,46,49,25,0,1,0,5,15,4,1,24,25,10,0,0,0,6,10,5,0,21,21,0,0,0,0,0,0,0,0,0,0,8,0,1,1,0,0,1,2,1,3,187,0,33,-171,67,New Orleans
2016,5,14,31,3,4,5,3,36,11,9,50,59,16,1,1,2,3,20,4,3,27,30,12,2,3,3,0,13,4,6,17,23,0,0,0,0,0,0,0,0,0,0,3,0,0,0,0,3,3,0,6,6,144,0,10,-176,62,New Orleans
2017,5,14,42,3,1,8,5,36,23,9,64,73,18,1,0,3,2,23,8,3,33,36,20,2,1,5,3,10,13,6,26,32,1,0,0,0,0,0,1,0,1,1,3,0,0,0,0,3,1,0,4,4,177,3,12,-175,63,New Orleans
2018,5,14,51,2,0,4,12,41,15,4,68,72,33,2,0,4,6,33,6,4,45,49,14,0,0,0,4,8,7,0,19,19,0,0,0,0,1,0,0,0,1,1,4,0,0,0,1,0,2,0,3,3,263,2,17,-174,64,New Orleans
2019,5,14,54,1,1,4,6,36,18,5,60,65,37,0,1,3,1,24,5,4,30,34,11,1,0,1,5,10,9,1,24,25,0,0,0,0,0,0,0,0,0,0,6,0,0,0,0,2,4,0,6,6,201,1,17,-173,65,New Orleans
2020,5,14,46,2,0,2,5,20,23,2,48,50,29,2,0,1,3,13,11,1,27,28,13,0,0,0,2,7,9,0,18,18,0,0,0,1,0,0,0,1,0,1,4,0,0,0,0,0,3,0,3,3,157,1,8,-171,67,New Orleans
2021,5,14,37,5,0,7,5,41,23,7,69,76,23,4,0,4,2,28,13,4,43,47,9,1,0,1,3,11,8,1,22,23,0,0,0,0,0,1,0,0,1,1,5,0,0,2,0,1,2,2,3,5,179,2,13,-177,61,New Orleans
2022,5,14,44,2,2,9,5,41,32,11,78,89,31,1,2,5,2,19,10,7,31,38,11,0,0,3,3,19,21,3,43,46,0,0,0,0,0,0,0,0,0,0,2,1,0,1,0,3,1,1,4,5,186,2,13,-176,62,New Orleans
2023,5,14,28,4,3,3,3,19,42,6,64,70,13,1,0,2,2,13,16,2,31,33,13,2,3,1,0,6,23,4,29,33,0,0,0,0,0,0,1,0,1,1,2,1,0,0,1,0,2,0,3,3,142,1,10,-175,63,New Orleans
2024,5,14,47,2,2,3,7,24,10,5,41,46,27,2,0,2,4,20,5,2,29,31,15,0,1,0,1,4,4,1,9,10,0,0,0,0,1,0,0,0,1,1,5,0,1,1,1,0,1,2,2,4,153,1,13,-173,65,New Orleans
2012,6,14,25,1,1,3,10,28,14,4,52,56,12,1,1,2,7,22,2,3,31,34,12,0,0,1,3,6,10,1,19,20,0,0,0,0,0,0,1,0,1,1,1,0,0,0,0,0,1,0,1,1,184,1,8,-143,95,New Orleans
2013,6,14,34,1,3,3,8,25,20,6,53,59,18,1,1,2,5,20,7,3,32,35,14,0,1,0,1,4,13,1,18,19,0,0,1,0,1,0,0,1,1,2,2,0,0,1,1,1,0,1,2,3,186,2,30,-142,96,New Orleans
2014,6,14,28,1,4,7,3,28,6,11,37,48,13,1,0,4,2,17,3,4,22,26,13,0,4,3,0,11,2,7,13,20,0,0,0,0,0,0,0,0,0,0,2,0,0,0,1,0,1,0,2,2,150,0,7,-141,97,New Orleans
2015,6,14,32,1,3,2,7,20,16,5,43,48,16,0,0,1,5,15,8,1,28,29,14,1,3,1,1,5,8,4,14,18,0,0,0,0,0,0,0,0,0,0,2,0,0,0,1,0,0,0,1,1,136,0,9,-140,98,New Orleans
2016,6,14,43,1,3,7,7,25,11,10,43,53,29,0,0,5,7,17,4,5,28,33,13,0,2,0,0,5,7,2,12,14,0,0,0,0,0,0,0,0,0,0,1,1,1,2,0,3,0,3,3,6,159,0,10,-145,93,New Orleans
2017,6,14,55,3,2,7,8,30,8,9,46,55,36,1,0,3,3,21,6,3,30,33,8,1,0,3,5,7,2,3,14,17,1,0,0,0,0,0,0,0,0,0,10,1,2,1,0,2,0,3,2,5,209,1,22,-144,94,New Orleans
2018,6,14,50,3,1,1,8,48,26,2,82,84,30,2,0,1,6,30,13,1,49,50,14,1,1,0,2,14,13,1,29,30,1,0,0,0,0,0,0,0,0,0,5,0,0,0,0,4,0,0,4,4,201,1,11,-143,95,New Orleans
2019,6,14,50,0,1,0,5,43,14,1,62,63,41,0,1,0,3,33,4,1,40,41,7,0,0,0,2,10,10,0,22,22,1,0,0,0,0,0,0,0,0,0,1,0,0,0,0,0,0,0,0,0,186,4,7,-142,96,New Orleans
2020,6,14,37,0,1,8,6,19,21,9,46,55,22,0,1,4,2,10,10,5,22,27,15,0,0,3,3,5,9,3,17,20,0,0,0,0,0,0,0,0,0,0,0,0,0,1,1,4,2,1,7,8,145,1,11,-140,98,New Orleans
2021,6,14,50,2,3,9,4,34,34,12,72,84,31,1,0,7,3,24,18,7,45,52,18,0,2,0,1,7,16,2,24,26,0,0,0,0,0,1,0,0,1,1,1,1,1,2,0,2,0,3,2,5,190,1,8,-146,92,New Orleans
2022,6,14,27,3,3,6,11,15,17,9,43,52,15,2,1,4,7,12,6,5,25,30,11,0,1,2,4,3,11,3,18,21,0,0,0,0,0,0,0,0,0,0,1,1,1,0,0,0,0,1,0,1,134,0,8,-145,93,New Orleans
2023,6,14,32,2,2,1,2,41,29,3,72,75,20,1,1,1,0,29,10,2,39,41,10,1,0,0,2,8,17,0,27,27,0,0,0,0,0,1,0,0,1,1,2,0,1,0,0,3,2,1,5,6,154,2,12,-144,94,New Orleans
2024,6,14,29,1,1,1,4,36,16,2,56,58,18,1,1,1,1,24,8,2,33,35,7,0,0,0,2,7,8,0,17,17,0,0,0,0,0,0,0,0,0,0,4,0,0,0,1,5,0,0,6,6,119,0,15,-142,96,New Orleans
2012,7,14,33,1,8,0,6,38,8,8,52,60,19,0,1,0,3,16,3,1,22,23,11,1,4,0,3,20,5,4,28,32,0,0,0,0,0,0,0,0,0,0,3,0,3,0,0,2,0,3,2,5,186,0,12,-113,125,New Orleans
2013,7,14,30,1,3,2,7,48,9,5,64,69,16,0,0,1,4,28,4,1,36,37,12,1,3,1,2,17,5,4,24,28,0,0,0,0,0,1,0,0,1,1,2,0,0,0,1,2,0,0,3,3,170,4,10,-112,126,New Orleans
2014,7,14,32,3,5,3,13,27,16,8,56,64,21,2,2,2,7,22,10,4,39,43,8,1,3,1,6,5,6,4,17,21,0,0,0,0,0,0,0,0,0,0,3,0,0,0,0,0,0,0,0,0,188,0,14,-111,127,New Orleans
2015,7,14,32,3,3,2,12,21,17,5,50,55,19,1,0,1,6,17,7,1,30,31,9,2,3,1,4,4,9,4,17,21,2,0,0,0,1,0,0,0,1,1,2,0,0,0,1,0,1,0,2,2,155,3,10,-110,128,New Orleans
2016,7,14,44,2,2,6,6,32,18,8,56,64,22,2,1,3,3,25,8,4,36,40,13,0,1,3,2,4,8,4,14,18,1,0,0,0,0,0,1,0,1,1,8,0,0,0,1,3,1,0,5,5,169,2,16,-115,123,New Orleans
2017,7,14,42,1,5,4,4,34,11,9,49,58,25,0,2,3,2,25,7,5,34,39,11,0,2,1,2,7,3,3,12,15,1,0,0,0,0,1,1,0,2,2,5,1,1,0,0,1,0,1,1,2,195,3,18,-114,124,New Orleans
2018,7,14,52,2,2,6,5,56,24,8,85,93,29,1,1,4,4,34,6,5,44,49,19,1,1,1,0,18,15,2,33,35,1,0,0,0,0,0,0,0,0,0,3,0,0,1,1,4,3,1,8,9,222,1,19,-113,125,New Orleans
2019,7,14,39,2,2,2,9,20,20,4,49,53,23,2,2,0,7,17,12,2,36,38,13,0,0,1,1,3,8,1,12,13,1,0,0,0,1,0,0,0,1,1,2,0,0,1,0,0,0,1,0,1,138,3,7,-112,126,New Orleans
2020,7,14,61,1,1,4,3,32,26,5,61,66,41,0,0,2,0,25,14,2,39,41,17,1,1,1,3,5,11,2,19,21,1,0,0,0,0,0,0,0,0,0,2,0,0,1,0,2,1,1,3,4,195,1,11,-110,128,New Orleans
2021,7,14,44,0,3,9,5,22,20,12,47,59,26,0,1,7,2,16,12,8,30,38,12,0,1,1,3,6,4,2,13,15,0,0,0,0,0,0,2,0,2,2,6,0,1,1,0,0,2,2,2,4,151,2,11,-116,122,New Orleans
2022,7,14,28,2,5,3,3,20,20,8,43,51,16,1,3,1,0,14,6,4,20,24,10,1,1,2,3,6,13,3,22,25,0,0,0,0,0,0,1,0,1,1,2,0,1,0,0,0,0,1,0,1,128,2,7,-115,123,New Orleans
2023,7,14,34,2,2,3,7,18,20,5,45,50,22,0,2,1,5,11,7,3,23,26,12,0,0,1,2,5,13,1,20,21,0,0,0,0,0,0,0,0,0,0,0,2,0,1,0,2,0,1,2,3,137,0,7,-114,124,New Orleans
2024,7,14,50,1,2,4,0,22,6,6,28,34,29,1,0,2,0,12,4,2,16,18,15,0,2,2,0,8,2,4,10,14,0,0,0,0,0,0,0,0,0,0,6,0,0,0,0,2,0,0,2,2,139,1,10,-112,126,New Orleans
2012,8,14,14,1,4,2,6,25,17,6,48,54,9,1,3,2,2,20,12,5,34,39,5,0,1,0,3,3,4,1,10,11,0,0,0,0,0,0,0,0,0,0,0,0,0,0,1,2,1,0,4,4,215,0,18,-82,156,New Orleans
2013,8,14,24,0,7,6,11,39,10,13,60,73,5,0,6,3,8,29,3,9,40,49,17,0,0,2,2,9,6,2,17,19,0,0,1,0,0,0,0,1,0,1,2,0,0,1,1,1,1,1,3,4,224,2,11,-81,157,New Orleans
2014,8,14,26,1,6,3,9,23,5,9,37,46,12,1,3,1,7,14,4,4,25,29,10,0,2,1,2,8,1,3,11,14,0,0,0,0,0,0,0,0,0,0,4,0,1,1,0,1,0,2,1,3,171,1,14,-80,158,New Orleans
2015,8,14,30,0,11,3,11,32,12,14,55,69,19,0,2,0,7,16,2,2,25,27,9,0,8,3,4,14,10,11,28,39,0,0,0,0,0,0,0,0,0,0,2,0,1,0,0,2,0,1,2,3,175,0,13,-79,159,New Orleans
2016,8,14,46,2,4,2,12,30,21,6,63,69,27,1,1,1,4,21,8,2,33,35,16,1,3,1,5,9,13,4,27,31,0,0,0,0,1,0,0,0,1,1,3,0,0,0,2,0,0,0,2,2,164,1,8,-84,154,New Orleans
2017,8,14,51,3,4,4,12,44,8,8,64,72,32,2,3,2,7,25,5,5,37,42,12,0,1,0,5,17,3,1,25,26,0,0,0,0,0,0,0,0,0,0,7,1,0,2,0,2,0,2,2,4,212,0,16,-83,155,New Orleans
2018,8,14,45,3,6,5,6,27,13,11,46,57,30,1,1,1,4,17,5,2,26,28,12,2,5,3,2,9,8,8,19,27,0,0,0,0,0,0,0,0,0,0,3,0,0,1,0,1,0,1,1,2,202,0,14,-82,156,New Orleans
2019,8,14,45,1,3,3,6,35,22,6,63,69,29,1,1,2,2,28,5,3,35,38,13,0,2,0,4,7,15,2,26,28,1,0,0,0,0,0,0,0,0,0,2,0,0,1,0,0,2,1,2,3,193,2,9,-81,157,New Orleans
2020,8,14,50,0,3,4,6,14,39,7,59,66,29,0,2,2,3,9,23,4,35,39,16,0,1,2,3,5,10,3,18,21,0,0,0,0,0,0,1,0,1,1,5,0,0,0,0,0,5,0,5,5,166,3,14,-79,159,New Orleans
2021,8,14,52,3,5,3,2,34,18,8,54,62,31,0,1,2,0,16,9,3,25,28,17,3,4,1,2,15,7,5,24,29,0,0,0,0,0,0,0,0,0,0,4,0,0,0,0,3,2,0,5,5,190,0,15,-85,153,New Orleans
2022,8,14,39,4,3,9,3,23,17,12,43,55,27,2,0,6,2,15,3,6,20,26,8,2,2,3,1,7,13,5,21,26,0,0,0,0,0,0,0,0,0,0,4,0,1,0,0,1,1,1,2,3,145,0,12,-84,154,New Orleans
2023,8,14,48,2,0,7,3,22,22,7,47,54,23,2,0,4,1,16,12,4,29,33,19,0,0,2,2,4,10,2,16,18,1,0,0,0,0,0,0,0,0,0,5,0,0,1,0,2,0,1,2,3,160,4,12,-83,155,New Orleans
2024,8,14,37,1,0,5,2,34,14,5,50,55,19,1,0,3,2,22,8,3,32,35,11,0,0,1,0,11,6,1,17,18,0,0,0,0,0,0,0,0,0,0,7,0,0,1,0,1,0,1,1,2,141,0,9,-81,157,New Orleans
2012,9,14,34,0,4,1,13,21,4,5,38,43,18,0,3,0,8,15,3,3,26,29,15,0,1,1,4,3,1,2,8,10,0,0,0,0,0,1,0,0,1,1,1,0,0,0,1,2,0,0,3,3,167,1,10,-51,187,New Orleans
2013,9,14,27,0,2,1,3,33,16,3,52,55,12,0,1,0,1,17,5,1,23,24,13,0,1,1,2,12,11,2,25,27,0,0,0,0,0,2,0,0,2,2,2,0,0,0,0,2,0,0,2,2,126,2,11,-50,188,New Orleans
2014,9,14,31,0,2,7,12,16,11,9,39,48,17,0,0,1,6,7,5,1,18,19,7,0,2,4,5,9,6,6,20,26,0,0,0,0,0,0,0,0,0,0,7,0,0,2,1,0,0,2,1,3,135,0,12,-49,189,New Orleans
2015,9,14,35,0,2,0,10,28,13,2,51,53,20,0,0,0,5,22,8,0,35,35,12,0,2,0,5,6,5,2,16,18,0,0,0,0,0,0,0,0,0,0,3,0,0,0,0,0,0,0,0,0,168,1,7,-48,190,New Orleans
2016,9,14,33,2,4,4,4,15,11,8,30,38,21,0,1,3,3,13,7,4,23,27,8,2,3,1,1,2,3,4,6,10,0,0,0,0,0,0,0,0,0,0,4,0,0,0,0,0,1,0,1,1,149,0,9,-53,185,New Orleans
2017,9,14,38,1,2,5,8,33,15,7,56,63,20,1,0,1,5,20,7,1,32,33,12,0,1,2,3,12,7,3,22,25,0,0,0,0,0,0,0,0,0,0,6,0,1,2,0,1,1,3,2,5,192,0,14,-52,186,New Orleans
2018,9,14,55,1,3,2,6,43,21,5,70,75,32,0,0,0,3,26,9,0,38,38,21,1,3,2,3,14,10,5,27,32,1,0,0,0,0,1,0,0,1,1,1,0,0,0,0,2,2,0,4,4,223,2,12,-51,187,New Orleans
2019,9,14,51,1,4,4,5,49,41,8,95,103,30,1,0,3,4,33,13,3,50,53,17,0,3,1,1,15,28,4,44,48,0,0,0,0,0,0,0,0,0,0,4,0,1,0,0,1,0,1,1,2,214,0,8,-50,188,New Orleans
2020,9,14,62,2,1,1,3,23,28,2,54,56,32,2,1,0,0,15,15,1,30,31,27,0,0,1,3,5,13,1,21,22,1,0,0,0,0,1,0,0,1,1,2,0,0,0,0,2,0,0,2,2,190,2,9,-48,190,New Orleans
2021,9,14,41,2,2,6,6,19,17,8,42,50,27,0,0,4,4,13,8,4,25,29,11,2,2,2,2,5,9,4,16,20,1,0,0,0,0,1,0,0,1,1,2,0,0,0,0,0,0,0,0,0,145,2,2,-54,184,New Orleans
2022,9,14,36,8,1,6,6,28,17,7,51,58,16,4,0,4,4,19,4,4,27,31,16,4,1,1,2,8,13,2,23,25,0,0,0,0,0,0,0,0,0,0,4,0,0,1,0,1,0,1,1,2,155,1,6,-53,185,New Orleans
2023,9,14,48,1,2,3,5,29,18,5,52,57,32,0,1,2,3,22,2,3,27,30,14,1,1,0,2,6,16,1,24,25,0,0,0,0,0,0,0,0,0,0,2,0,0,1,0,1,0,1,1,2,156,0,7,-52,186,New Orleans
2024,9,14,49,0,1,0,2,23,22,1,47,48,36,0,1,0,2,10,5,1,17,18,9,0,0,0,0,12,15,0,27,27,1,0,0,0,0,0,0,0,0,0,3,0,0,0,0,1,2,0,3,3,151,1,8,-50,188,New Orleans
2012,10,14,24,2,1,3,8,27,4,4,39,43,9,2,0,1,3,7,1,1,11,12,9,0,1,2,5,19,2,3,26,29,0,0,0,0,0,0,0,0,0,0,6,0,0,0,0,1,1,0,2,2,120,0,11,-21,217,New Orleans
2013,10,14,25,1,4,1,10,47,12,5,69,74,10,0,3,1,8,29,5,4,42,46,13,1,1,0,2,16,6,1,24,25,1,0,0,0,0,1,0,0,1,1,1,0,0,0,0,1,1,0,2,2,212,2,6,-20,218,New Orleans
2014,10,14,34,2,3,4,6,32,8,7,46,53,20,2,2,0,5,23,4,2,32,34,11,0,1,1,1,8,4,2,13,15,1,0,0,0,0,0,0,0,0,0,2,0,0,3,0,1,0,3,1,4,157,2,8,-19,219,New Orleans
2015,10,14,34,3,3,4,7,24,18,7,49,56,15,3,1,2,4,15,6,3,25,28,16,0,2,2,3,9,9,4,21,25,0,0,0,0,0,0,0,0,0,0,3,0,0,0,0,0,3,0,3,3,179,0,13,-18,220,New Orleans
2016,10,14,41,1,3,2,9,34,11,5,54,59,22,1,0,0,3,20,3,0,26,26,15,0,3,2,5,11,8,5,24,29,0,0,0,0,0,1,0,0,1,1,4,0,0,0,1,2,0,0,3,3,161,4,16,-23,215,New Orleans
2017,10,14,39,1,2,4,5,38,22,6,65,71,13,1,0,2,3,24,7,2,34,36,22,0,2,2,1,14,14,4,29,33,0,0,0,0,0,0,1,0,1,1,4,0,0,0,1,0,0,0,1,1,168,1,8,-22,216,New Orleans
2018,10,14,39,3,4,5,5,38,34,9,77,86,17,1,2,1,0,20,9,3,29,32,18,2,2,4,5,17,24,6,46,52,3,0,0,0,0,0,0,0,0,0,1,0,0,0,0,1,1,0,2,2,198,3,9,-21,217,New Orleans
2019,10,14,50,1,1,7,10,37,41,8,88,96,27,1,1,3,5,17,14,4,36,40,21,0,0,3,5,17,26,3,48,51,1,0,0,0,0,1,1,0,2,2,1,0,0,1,0,2,0,1,2,3,218,3,12,-20,218,New Orleans
2020,10,14,49,3,1,6,2,28,40,7,70,77,28,1,1,2,1,20,12,3,33,36,17,2,0,4,1,6,26,4,33,37,1,0,0,0,0,0,1,0,1,1,3,0,0,0,0,2,1,0,3,3,183,2,9,-18,220,New Orleans
2021,10,14,37,4,1,2,5,22,17,3,44,47,17,1,0,2,3,17,7,2,27,29,16,3,1,0,2,5,9,1,16,17,1,0,0,0,0,0,1,0,1,1,3,0,0,0,0,0,0,0,0,0,148,3,8,-24,214,New Orleans
2022,10,14,24,2,4,6,2,31,23,10,56,66,8,0,1,4,2,12,7,5,21,26,15,2,3,2,0,16,15,5,31,36,0,0,0,0,0,0,0,0,0,0,1,0,0,0,0,3,1,0,4,4,136,1,6,-23,215,New Orleans
2023,10,14,28,0,2,5,8,48,35,7,91,98,14,0,2,1,2,21,8,3,31,34,14,0,0,4,4,27,24,4,55,59,0,0,0,0,0,0,2,0,2,2,0,0,0,0,2,0,1,0,3,3,169,2,5,-22,216,New Orleans
2024,10,14,50,1,1,6,3,29,10,7,42,49,27,1,1,3,0,9,7,4,16,20,19,0,0,3,3,18,3,3,24,27,0,0,0,0,0,1,0,0,1,1,4,0,0,0,0,1,0,0,1,1,166,1,8,-20,218,New Orleans
2012,11,14,22,1,3,1,15,26,12,4,53,57,11,0,0,0,7,16,3,0,26,26,9,1,3,1,8,10,9,4,27,31,0,0,0,0,0,0,0,0,0,0,2,0,0,0,0,0,0,0,0,0,204,0,8,10,248,New Orleans
2013,11,14,28,0,2,3,9,40,12,5,61,66,13,0,1,1,4,22,4,2,30,32,11,0,1,2,3,17,6,3,26,29,0,0,0,0,0,0,0,0,0,0,4,0,0,0,2,1,2,0,5,5,173,1,13,11,249,New Orleans
2014,11,14,25,2,3,3,11,32,26,6,69,75,12,1,0,1,7,22,6,1,35,36,13,1,3,1,4,8,18,4,30,34,0,0,0,0,0,0,1,0,1,1,0,0,0,1,0,2,1,1,3,4,148,1,4,12,250,New Orleans
2015,11,14,35,2,2,1,6,30,18,3,54,57,20,1,0,1,3,17,7,1,27,28,15,1,2,0,3,10,11,2,24,26,0,0,0,0,0,1,0,0,1,1,0,0,0,0,0,2,0,0,2,2,152,1,5,13,251,New Orleans
2016,11,14,36,2,5,2,16,41,10,7,67,74,14,0,1,1,13,36,3,2,52,54,19,2,3,1,2,4,6,4,12,16,0,0,1,0,0,0,0,1,0,1,3,0,0,0,1,1,1,0,3,3,185,1,10,8,246,New Orleans
2017,11,14,41,2,5,2,6,32,9,7,47,54,19,0,0,1,3,18,3,1,24,25,17,2,4,1,3,9,4,5,16,21,2,0,0,0,0,0,1,0,1,1,3,0,1,0,0,5,1,1,6,7,189,3,16,9,247,New Orleans
2018,11,14,39,1,1,0,7,31,12,1,50,51,17,0,0,0,3,20,4,0,27,27,19,1,0,0,4,8,8,0,20,20,0,0,0,0,0,1,0,0,1,1,3,0,1,0,0,2,0,1,2,3,178,1,10,10,248,New Orleans
2019,11,14,22,1,1,3,4,25,35,4,64,68,7,1,0,2,0,14,19,2,33,35,14,0,1,1,3,8,14,2,25,27,0,0,0,0,0,1,1,0,2,2,1,0,0,0,1,2,1,0,4,4,167,2,10,11,249,New Orleans
2020,11,14,41,0,4,6,3,11,57,10,71,81,16,0,1,2,2,6,11,3,19,22,21,0,3,4,1,5,44,7,50,57,0,0,0,0,0,0,0,0,0,0,4,0,0,0,0,0,2,0,2,2,178,0,10,13,251,New Orleans
2021,11,14,51,2,4,7,7,18,18,11,43,54,21,1,2,6,3,5,5,8,13,21,27,1,2,1,2,11,11,3,24,27,0,0,0,0,0,2,0,0,2,2,3,0,0,0,2,0,2,0,4,4,148,4,14,7,245,New Orleans
2022,11,14,38,0,0,5,3,17,20,5,40,45,24,0,0,2,1,14,7,2,22,24,10,0,0,2,1,3,13,2,17,19,0,0,0,0,0,0,0,0,0,0,4,0,0,1,1,0,0,1,1,2,126,0,7,8,246,New Orleans
2023,11,14,46,4,2,4,9,23,17,6,49,55,24,1,2,0,4,13,6,2,23,25,19,2,0,4,5,8,9,4,22,26,0,0,0,0,0,0,1,0,1,1,3,1,0,0,0,2,1,0,3,3,148,1,11,9,247,New Orleans
2024,11,14,40,3,0,2,2,21,17,2,40,42,19,1,0,1,1,12,8,1,21,22,15,2,0,1,1,7,8,1,16,17,2,0,0,0,0,0,1,0,1,1,4,0,0,0,0,2,0,0,2,2,158,4,12,11,249,New Orleans
2012,12,14,33,2,2,2,19,32,11,4,62,66,18,1,0,0,11,19,4,0,34,34,14,1,2,2,7,11,7,4,25,29,0,0,0,0,0,1,0,0,1,1,1,0,0,0,1,1,0,0,2,2,177,1,4,40,278,New Orleans
2013,12,14,24,1,2,1,9,35,12,3,56,59,10,1,0,1,4,19,3,1,26,27,14,0,1,0,5,14,9,1,28,29,0,0,0,0,0,0,0,0,0,0,0,0,1,0,0,2,0,1,2,3,153,0,5,41,279,New Orleans
2014,12,14,33,2,11,4,7,19,18,15,44,59,13,0,2,1,3,13,0,3,16,19,17,2,8,2,4,4,18,10,26,36,0,0,0,0,0,0,0,0,0,0,3,0,1,1,0,2,0,2,2,4,157,0,11,42,280,New Orleans
2015,12,14,34,0,3,1,10,31,9,4,50,54,15,0,1,0,7,16,4,1,27,28,16,0,2,0,3,12,3,2,18,20,0,0,0,0,0,1,0,0,1,1,3,0,0,1,0,2,2,1,4,5,177,1,15,43,281,New Orleans
2016,12,14,44,0,2,5,9,26,9,7,44,51,25,0,1,1,4,15,3,2,22,24,18,0,1,4,5,11,6,5,22,27,1,0,0,0,0,0,0,0,0,0,0,0,0,0,0,0,0,0,0,0,165,2,3,38,276,New Orleans
2017,12,14,40,3,2,1,1,40,5,3,46,49,17,1,1,1,0,29,3,2,32,34,21,2,1,0,1,10,2,1,13,14,0,0,0,0,0,0,0,0,0,0,2,0,0,0,0,1,0,0,1,1,187,0,9,39,277,New Orleans
2018,12,14,48,0,5,1,3,28,29,6,60,66,28,0,0,0,2,14,10,0,26,26,18,0,5,1,1,12,18,6,31,37,0,0,0,0,0,0,0,0,0,0,2,0,0,0,0,2,1,0,3,3,196,1,6,40,278,New Orleans
2019,12,14,4,0,1,2,1,15,8,3,24,27,2,0,0,0,0,9,4,0,13,13,2,0,1,0,1,4,4,1,9,10,0,0,0,0,0,0,0,0,0,0,0,0,0,2,0,2,0,2,2,4,44,0,4,41,279,New Orleans
2020,12,14,33,1,3,4,5,22,17,7,44,51,18,1,2,1,2,16,2,3,20,23,14,0,0,2,3,5,13,2,21,23,0,0,0,0,0,0,1,0,1,1,1,0,1,1,0,1,1,2,2,4,139,1,10,43,281,New Orleans
2021,12,14,36,2,0,8,3,24,28,8,55,63,16,2,0,2,1,17,11,2,29,31,16,0,0,5,2,6,16,5,24,29,0,0,0,1,0,0,0,1,0,1,4,0,0,0,0,1,1,0,2,2,142,1,8,37,275,New Orleans
2022,12,14,25,2,2,3,4,20,26,5,50,55,8,1,1,1,2,13,7,2,22,24,16,1,1,2,2,6,19,3,27,30,0,0,0,0,0,0,0,0,0,0,1,0,0,0,0,1,0,0,1,1,125,0,3,38,276,New Orleans
2023,12,14,35,3,1,3,8,25,27,4,60,64,15,1,0,1,1,12,7,1,20,21,19,1,1,2,7,12,19,3,38,41,0,0,0,0,0,0,0,0,0,0,1,1,0,0,0,1,1,0,2,2,152,0,8,39,277,New Orleans
2024,12,14,36,1,2,1,3,31,15,3,49,52,21,1,0,0,1,12,6,0,19,19,15,0,2,1,1,16,9,3,26,29,0,0,0,0,0,0,0,0,0,0,0,0,0,0,1,3,0,0,4,4,125,0,6,41,279,New Orleans
2012,1,15,21,0,6,2,3,23,16,8,42,50,6,0,2,2,1,11,7,4,19,23,11,0,3,0,2,6,9,3,17,20,0,0,0,0,0,0,0,0,0,0,4,0,1,0,0,6,0,1,6,7,118,0,14,-294,-56,New Orleans
2013,1,15,22,3,4,3,8,27,10,7,45,52,13,1,3,2,7,21,3,5,31,36,9,1,1,1,1,5,7,2,13,15,0,0,0,0,0,0,0,0,0,0,0,1,0,0,0,1,0,0,1,1,196,0,21,-292,-54,New Orleans
2014,1,15,32,0,3,5,8,26,21,8,55,63,10,0,1,1,6,18,8,2,32,34,20,0,1,4,2,5,12,5,19,24,0,0,0,0,0,0,0,0,0,0,2,0,1,0,0,3,1,1,4,5,175,0,9,-291,-53,New Orleans
2015,1,15,28,5,5,2,3,30,7,7,40,47,8,2,1,0,1,16,3,1,20,21,18,3,3,2,2,11,3,5,16,21,0,0,1,0,0,0,0,1,0,1,2,0,0,0,0,3,1,0,4,4,140,3,14,-290,-52,New Orleans
2016,1,15,30,2,3,1,4,29,8,4,41,45,15,0,1,0,3,14,5,1,22,23,13,2,0,1,1,9,3,1,13,14,1,0,0,0,0,0,0,0,0,0,1,0,2,0,0,6,0,2,6,8,160,1,13,-296,-58,New Orleans
2017,1,15,43,0,4,6,9,24,11,10,44,54,16,0,1,1,5,13,4,2,22,24,25,0,3,4,4,9,7,7,20,27,1,0,0,0,0,0,0,0,0,0,1,0,0,1,0,2,0,1,2,3,146,1,7,-294,-56,New Orleans
2018,1,15,44,1,2,2,7,31,14,4,52,56,17,1,0,1,3,18,7,1,28,29,23,0,2,1,4,9,5,3,18,21,1,0,0,0,0,0,1,0,1,1,3,0,0,0,0,4,1,0,5,5,159,3,10,-293,-55,New Orleans
2019,1,15,44,1,1,1,3,25,19,2,47,49,18,0,0,1,2,15,12,1,29,30,20,1,1,0,1,8,6,1,15,16,0,0,0,0,0,0,0,0,0,0,6,0,0,0,0,2,1,0,3,3,176,1,21,-292,-54,New Orleans
2020,1,15,32,0,1,2,1,22,12,3,35,38,17,0,0,2,0,12,6,2,18,20,12,0,1,0,1,7,6,1,14,15,0,0,0,0,0,1,0,0,1,1,3,0,0,0,0,2,0,0,2,2,121,1,6,-291,-53,New Orleans
2021,1,15,42,3,2,2,7,23,57,4,87,91,17,1,1,2,1,12,21,3,34,37,18,2,1,0,6,9,26,1,41,42,0,0,0,0,0,0,0,0,0,0,7,0,0,0,0,2,10,0,12,12,200,0,25,-296,-58,New Orleans
2022,1,15,39,2,11,6,3,26,27,17,56,73,18,2,7,1,0,12,10,8,22,30,18,0,3,5,2,13,15,8,30,38,0,0,0,0,0,0,0,0,0,0,3,0,1,0,1,1,2,1,4,5,178,3,13,-295,-57,New Orleans
2023,1,15,30,2,7,5,9,21,48,12,78,90,11,0,0,3,4,11,13,3,28,31,15,1,7,2,4,10,34,9,48,57,0,0,0,0,1,0,0,0,1,1,4,1,0,0,0,0,1,0,1,1,164,1,7,-294,-56,New Orleans
2024,1,15,48,0,3,2,7,22,31,5,60,65,25,0,1,1,4,9,7,2,20,22,18,0,2,1,2,11,22,3,35,38,2,0,0,0,0,0,0,0,0,0,3,0,0,0,1,2,2,0,5,5,162,2,12,-293,-55,New Orleans
2012,2,15,21,2,2,2,4,24,7,4,35,39,9,1,0,0,1,12,3,0,16,16,10,1,2,2,3,9,3,4,15,19,0,0,0,0,0,0,0,0,0,0,2,0,0,0,0,3,1,0,4,4,150,0,9,-263,-25,New Orleans
2013,2,15,25,1,1,1,6,28,17,2,51,53,9,0,0,0,5,15,8,0,28,28,13,1,1,1,0,11,9,2,20,22,1,0,0,0,0,0,0,0,0,0,2,0,0,0,1,2,0,0,3,3,136,1,7,-261,-23,New Orleans
2014,2,15,28,4,4,4,13,41,30,8,84,92,14,2,0,0,3,13,13,0,29,29,14,2,3,3,10,26,14,6,50,56,0,0,1,0,0,0,0,1,0,1,0,0,0,1,0,2,3,1,5,6,166,1,9,-260,-22,New Orleans
2015,2,15,47,1,0,8,3,73,22,8,98,106,19,1,0,3,2,38,9,3,49,52,26,0,0,3,1,32,11,3,44,47,0,0,0,0,0,0,1,0,1,1,2,0,0,2,0,3,1,2,4,6,253,1,23,-259,-21,New Orleans
2016,2,15,42,2,2,5,11,34,13,7,58,65,20,2,0,3,6,19,5,3,30,33,18,0,2,2,4,15,8,4,27,31,0,0,0,0,0,0,0,0,0,0,4,0,0,0,1,0,0,0,1,1,172,0,12,-265,-27,New Orleans
2017,2,15,25,1,2,0,8,27,14,2,49,51,11,0,2,0,4,19,2,2,25,27,13,1,0,0,4,6,12,0,22,22,0,0,0,0,0,0,0,0,0,0,1,0,0,0,0,2,0,0,2,2,146,0,7,-263,-25,New Orleans
2018,2,15,63,3,3,4,3,25,22,7,50,57,27,2,1,2,3,14,3,3,20,23,31,1,2,2,0,7,17,4,24,28,0,0,0,0,0,0,0,0,0,0,5,0,0,0,0,4,2,0,6,6,196,0,15,-262,-24,New Orleans
2019,2,15,45,1,3,5,7,36,24,8,67,75,30,1,2,1,2,21,5,3,28,31,11,0,1,4,5,10,19,5,34,39,0,0,0,0,0,0,0,0,0,0,4,0,0,0,0,5,0,0,5,5,203,0,12,-261,-23,New Orleans
2020,2,15,29,2,3,6,3,75,21,9,99,108,12,0,2,2,2,23,7,4,32,36,17,2,1,2,0,42,11,3,53,56,0,0,0,0,0,2,0,0,2,2,0,0,0,2,1,8,3,2,12,14,188,2,16,-260,-22,New Orleans
2021,2,15,41,2,0,5,5,14,18,5,37,42,17,2,0,2,3,10,9,2,22,24,18,0,0,3,2,3,8,3,13,16,0,0,0,0,0,0,0,0,0,0,6,0,0,0,0,1,1,0,2,2,112,0,9,-265,-27,New Orleans
2022,2,15,34,1,5,5,5,31,11,10,47,57,20,1,1,1,2,17,3,2,22,24,11,0,4,4,3,9,7,8,19,27,0,0,0,0,0,0,0,0,0,0,3,0,0,0,0,5,1,0,6,6,155,2,12,-264,-26,New Orleans
2023,2,15,39,11,2,3,3,30,45,5,78,83,16,2,2,1,2,11,13,3,26,29,19,7,0,1,1,16,27,1,44,45,0,0,0,0,0,0,0,0,0,0,4,2,0,1,0,3,5,1,8,9,195,0,18,-263,-25,New Orleans
2024,2,15,41,1,2,8,4,26,23,10,53,63,17,0,1,5,1,21,17,6,39,45,18,1,1,2,3,5,6,3,14,17,2,0,0,1,0,0,0,1,0,1,4,0,0,0,0,0,0,0,0,0,150,3,6,-262,-24,New Orleans
2012,3,15,24,2,3,7,12,23,6,10,41,51,16,1,0,2,8,11,2,2,21,23,7,1,3,5,4,11,4,8,19,27,0,0,0,0,0,0,0,0,0,0,1,0,0,0,0,1,0,0,1,1,171,1,7,-234,4,New Orleans
2013,3,15,23,0,1,3,10,37,13,4,60,64,6,0,0,1,7,26,3,1,36,37,16,0,1,1,3,9,6,2,18,20,0,0,0,0,0,1,1,0,2,2,1,0,0,1,0,1,3,1,4,5,184,4,12,-233,5,New Orleans
2014,3,15,26,0,2,6,5,35,13,8,53,61,14,0,1,1,4,21,4,2,29,31,11,0,1,4,1,14,7,5,22,27,0,0,0,0,0,0,0,0,0,0,1,0,0,1,0,0,2,1,2,3,149,1,6,-232,6,New Orleans
2015,3,15,50,0,4,2,4,32,18,6,54,60,25,0,2,2,3,17,6,4,26,30,24,0,2,0,1,14,11,2,26,28,0,0,0,0,0,0,0,0,0,0,1,0,0,0,0,1,1,0,2,2,162,1,6,-231,7,New Orleans
2016,3,15,40,2,2,4,9,25,19,6,53,59,21,1,1,2,2,15,8,3,25,28,12,1,1,2,7,10,11,3,28,31,0,0,0,0,0,0,0,0,0,0,7,0,0,0,0,0,0,0,0,0,186,0,8,-236,2,New Orleans
2017,3,15,39,3,2,1,7,32,16,3,55,58,21,3,2,1,4,19,7,3,30,33,13,0,0,0,3,11,9,0,23,23,0,0,0,0,0,0,0,0,0,0,5,0,0,0,0,2,0,0,2,2,183,0,14,-235,3,New Orleans
2018,3,15,39,0,2,2,5,38,23,4,66,70,24,0,2,2,3,23,9,4,35,39,11,0,0,0,2,14,13,0,29,29,1,0,0,0,0,0,1,0,1,1,3,0,0,0,0,1,0,0,1,1,192,4,9,-234,4,New Orleans
2019,3,15,59,0,3,2,8,49,17,5,74,79,35,0,1,1,3,27,4,2,34,36,20,0,2,1,5,19,11,3,35,38,1,0,0,0,0,0,1,0,1,1,3,0,0,0,0,3,1,0,4,4,209,2,10,-233,5,New Orleans
2020,3,15,44,2,4,5,6,24,25,9,55,64,22,2,2,2,3,14,8,4,25,29,18,0,2,2,3,10,14,4,27,31,1,0,0,0,0,0,2,0,2,2,3,0,0,1,0,0,1,1,1,2,151,4,10,-231,7,New Orleans
2021,3,15,47,0,2,6,5,28,15,8,48,56,29,0,1,3,2,15,10,4,27,31,14,0,1,3,3,12,3,4,18,22,0,0,0,0,0,0,1,0,1,1,4,0,0,0,0,1,1,0,2,2,161,3,7,-237,1,New Orleans
2022,3,15,45,1,1,4,6,29,9,5,44,49,28,1,1,3,2,14,5,4,21,25,12,0,0,0,4,9,4,0,17,17,1,0,0,0,0,1,0,0,1,1,4,0,0,1,0,5,0,1,5,6,169,3,14,-236,2,New Orleans
2023,3,15,34,3,0,6,4,15,38,6,57,63,18,2,0,3,1,10,13,3,24,27,12,0,0,2,3,5,24,2,32,34,1,0,0,0,0,0,1,0,1,1,3,1,0,1,0,0,0,1,0,1,140,3,8,-235,3,New Orleans
2024,3,15,40,1,2,2,5,34,9,4,48,52,22,1,1,2,2,11,6,3,19,22,15,0,1,0,3,20,3,1,26,27,1,0,0,0,0,0,0,0,0,0,2,0,0,0,0,3,0,0,3,3,141,1,7,-233,5,New Orleans
2012,4,15,28,0,2,6,9,47,12,8,68,76,18,0,0,2,4,21,5,2,30,32,9,0,2,4,3,24,6,6,33,39,1,0,0,0,0,0,0,0,0,0,0,0,0,0,2,2,1,0,5,5,199,1,13,-203,35,New Orleans
2013,4,15,27,2,3,4,7,49,12,7,68,75,12,1,1,2,5,35,7,3,47,50,11,1,2,2,2,12,5,4,19,23,0,0,0,0,0,0,0,0,0,0,4,0,0,0,0,2,0,0,2,2,218,0,17,-202,36,New Orleans
2014,4,15,33,1,4,1,4,26,15,5,45,50,22,1,3,0,3,17,5,3,25,28,10,0,1,0,1,8,10,1,19,20,0,0,0,0,0,0,0,0,0,0,1,0,0,1,0,1,0,1,1,2,194,1,11,-201,37,New Orleans
2015,4,15,35,4,5,1,5,30,7,6,42,48,19,2,2,0,4,23,5,2,32,34,11,1,2,1,0,7,2,3,9,12,0,0,0,0,0,0,0,0,0,0,5,1,1,0,1,0,0,1,1,2,145,0,12,-200,38,New Orleans
2016,4,15,39,1,5,4,7,20,15,9,42,51,26,0,3,3,4,12,4,6,20,26,12,1,2,1,3,7,11,3,21,24,0,0,0,0,0,0,0,0,0,0,1,0,0,0,0,1,0,0,1,1,179,0,13,-205,33,New Orleans
2017,4,15,47,2,1,2,5,30,18,3,53,56,27,1,1,0,3,16,6,1,25,26,17,1,0,2,2,12,11,2,25,27,0,0,0,0,0,0,0,0,0,0,3,0,0,0,0,2,1,0,3,3,180,0,10,-204,34,New Orleans
2018,4,15,53,0,4,3,3,23,22,7,48,55,31,0,2,0,2,17,7,2,26,28,18,0,2,2,0,3,13,4,16,20,0,0,0,0,0,1,0,0,1,1,4,0,0,1,1,2,2,1,5,6,173,1,15,-203,35,New Orleans
2019,4,15,59,4,1,2,8,52,27,3,87,90,37,2,1,2,6,37,18,3,61,64,16,2,0,0,2,13,7,0,22,22,1,0,0,0,0,0,0,0,0,0,5,0,0,0,0,2,2,0,4,4,243,1,19,-202,36,New Orleans
2020,4,15,45,2,2,5,2,28,18,7,48,55,29,1,2,3,1,19,9,5,29,34,11,1,0,2,1,9,7,2,17,19,2,0,0,0,0,0,2,0,2,2,3,0,0,0,0,0,0,0,0,0,152,5,8,-200,38,New Orleans
2021,4,15,38,1,4,7,2,21,24,11,47,58,19,1,4,5,1,14,13,9,28,37,16,0,0,2,1,5,10,2,16,18,1,0,0,0,0,1,0,0,1,1,2,0,0,0,0,1,1,0,2,2,157,3,7,-206,32,New Orleans
2022,4,15,45,2,2,5,5,18,15,7,38,45,20,0,1,2,5,11,5,3,21,24,20,2,1,3,0,5,10,4,15,19,0,0,0,0,0,0,0,0,0,0,5,0,0,0,0,2,0,0,2,2,140,0,11,-205,33,New Orleans
2023,4,15,29,3,2,4,5,36,40,6,81,87,19,1,2,3,4,21,6,5,31,36,10,1,0,1,1,14,33,1,48,49,0,0,0,0,0,0,0,0,0,0,0,1,0,0,0,1,1,0,2,2,157,0,4,-204,34,New Orleans
2024,4,15,55,2,0,8,5,30,23,8,58,66,33,2,0,5,1,15,7,5,23,28,16,0,0,3,4,14,15,3,33,36,1,0,0,0,0,0,1,0,1,1,5,0,0,0,0,1,0,0,1,1,189,2,15,-202,36,New Orleans
2012,5,15,28,1,3,2,9,21,18,5,48,53,12,1,1,1,8,16,5,2,29,31,12,0,2,1,1,4,11,3,16,19,0,0,0,0,0,1,0,0,1,1,4,0,0,0,0,0,2,0,2,2,223,1,23,-173,65,New Orleans
2013,5,15,19,0,0,4,14,46,14,4,74,78,14,0,0,3,10,39,7,3,56,59,5,0,0,1,4,6,6,1,16,17,0,0,0,0,0,0,0,0,0,0,0,0,0,0,0,1,1,0,2,2,197,1,9,-172,66,New Orleans
2014,5,15,27,0,4,3,9,26,18,7,53,60,16,0,2,3,7,21,6,5,34,39,11,0,0,0,1,2,11,0,14,14,0,0,0,0,0,0,0,0,0,0,0,0,2,0,1,3,1,2,5,7,213,0,11,-171,67,New Orleans
2015,5,15,32,3,8,4,3,26,16,12,45,57,20,2,5,2,1,22,6,7,29,36,9,1,2,2,2,3,8,4,13,17,0,0,0,0,0,0,0,0,0,0,3,0,1,0,0,1,2,1,3,4,161,1,11,-170,68,New Orleans
2016,5,15,39,1,5,5,10,27,11,10,48,58,22,0,1,2,4,16,4,3,24,27,9,1,4,3,5,10,6,7,21,28,1,0,0,0,0,0,0,0,0,0,7,0,0,0,1,1,1,0,3,3,149,1,16,-175,63,New Orleans
2017,5,15,55,3,1,4,4,33,27,5,64,69,32,3,0,1,2,19,12,1,33,34,16,0,1,2,1,8,15,3,24,27,0,0,0,0,0,1,0,0,1,1,7,0,0,1,1,5,0,1,6,7,210,1,24,-174,64,New Orleans
2018,5,15,47,0,2,3,5,27,17,5,49,54,28,0,1,3,3,20,9,4,32,36,17,0,1,0,0,5,7,1,12,13,0,0,0,0,2,1,1,0,4,4,2,0,0,0,0,1,0,0,1,1,184,7,13,-173,65,New Orleans
2019,5,15,50,2,0,4,12,35,30,4,77,81,25,1,0,3,6,27,7,3,40,43,22,1,0,1,6,6,19,1,31,32,0,0,0,0,0,0,3,0,3,3,3,0,0,0,0,2,1,0,3,3,245,3,11,-172,66,New Orleans
2020,5,15,42,5,4,2,7,24,18,6,49,55,23,3,3,2,1,19,8,5,28,33,18,1,0,0,6,5,10,0,21,21,0,0,1,0,0,0,0,1,0,1,1,1,0,0,0,0,0,0,0,0,156,1,10,-170,68,New Orleans
2021,5,15,48,0,3,3,5,44,61,6,110,116,28,0,2,1,0,25,22,3,47,50,16,0,1,1,5,17,34,2,56,58,0,0,0,0,0,0,1,0,1,1,4,0,0,1,0,2,4,1,6,7,233,1,19,-176,62,New Orleans
2022,5,15,42,2,4,14,6,17,39,18,62,80,25,1,3,5,4,10,10,8,24,32,16,1,0,6,2,7,25,6,34,40,0,0,0,0,0,0,2,0,2,2,1,0,1,3,0,0,2,4,2,6,172,2,9,-175,63,New Orleans
2023,5,15,52,1,3,1,6,19,60,4,85,89,27,0,1,0,4,13,15,1,32,33,20,1,2,1,2,5,40,3,47,50,0,0,0,0,0,0,1,0,1,1,5,0,0,0,0,1,4,0,5,5,196,2,13,-174,64,New Orleans
2024,5,15,53,1,3,6,7,29,16,9,52,61,28,0,0,5,5,20,7,5,32,37,18,1,3,1,2,9,8,4,19,23,1,0,0,0,0,0,0,0,0,0,6,0,0,0,0,0,1,0,1,1,176,1,11,-172,66,New Orleans
2012,6,15,24,1,3,5,14,29,12,8,55,63,18,1,0,1,10,16,9,1,35,36,6,0,3,3,2,13,3,6,18,24,0,0,0,0,0,0,0,0,0,0,0,0,0,1,2,0,0,1,2,3,199,0,9,-142,96,New Orleans
2013,6,15,34,1,1,3,7,41,19,4,67,71,18,1,0,3,5,22,8,3,35,38,14,0,1,0,2,15,10,1,27,28,0,0,0,0,0,0,0,0,0,0,2,0,0,0,0,4,1,0,5,5,199,7,13,-141,97,New Orleans
2014,6,15,45,0,4,3,7,30,15,7,52,59,25,0,0,1,6,18,6,1,30,31,17,0,4,2,1,12,7,6,20,26,0,0,0,0,0,0,0,0,0,0,3,0,0,0,0,0,2,0,2,2,186,0,13,-140,98,New Orleans
2015,6,15,39,1,1,2,14,33,11,3,58,61,26,1,0,1,10,25,3,1,38,39,11,0,1,0,4,5,7,1,16,17,0,0,0,0,0,0,0,0,0,0,2,0,0,1,0,3,1,1,4,5,171,0,14,-139,99,New Orleans
2016,6,15,50,1,2,2,7,27,11,4,45,49,24,0,1,0,6,18,4,1,28,29,21,1,1,1,0,8,7,2,15,17,0,0,0,0,0,0,0,0,0,0,5,0,0,1,1,1,0,1,2,3,169,0,10,-144,94,New Orleans
2017,6,15,47,0,1,5,7,39,15,6,61,67,27,0,1,4,5,29,6,5,40,45,19,0,0,1,2,8,9,1,19,20,0,0,0,0,0,0,0,0,0,0,1,0,0,0,0,2,0,0,2,2,206,0,9,-143,95,New Orleans
2018,6,15,55,2,2,6,8,54,20,8,82,90,36,1,1,1,2,39,8,2,49,51,17,1,1,4,5,13,12,5,30,35,0,0,0,0,0,0,0,0,0,0,2,0,0,1,1,2,0,1,3,4,222,2,10,-142,96,New Orleans
2019,6,15,43,1,2,3,10,43,13,5,66,71,28,0,2,2,9,27,5,4,41,45,14,1,0,1,1,12,8,1,21,22,0,0,0,0,0,1,0,0,1,1,1,0,0,0,0,3,0,0,3,3,168,3,7,-141,97,New Orleans
2020,6,15,67,0,3,4,4,20,26,7,50,57,44,0,0,3,1,18,10,3,29,32,20,0,2,0,3,2,13,2,18,20,0,0,0,0,0,0,0,0,0,0,3,0,1,1,0,0,3,2,3,5,200,0,10,-139,99,New Orleans
2021,6,15,40,2,0,8,7,34,22,8,63,71,29,0,0,5,2,23,6,5,31,36,8,2,0,3,5,9,11,3,25,28,0,0,0,0,0,0,0,0,0,0,3,0,0,0,0,2,5,0,7,7,180,1,15,-145,93,New Orleans
2022,6,15,26,3,3,6,5,21,16,9,42,51,20,1,0,4,2,15,6,4,23,27,4,2,2,1,3,6,9,3,18,21,0,0,0,0,0,0,0,0,0,0,2,0,1,1,0,0,1,2,1,3,130,0,7,-144,94,New Orleans
2023,6,15,26,2,1,3,11,34,40,4,85,89,19,0,1,2,4,25,15,3,44,47,7,2,0,1,7,7,25,1,39,40,0,0,0,0,0,0,0,0,0,0,0,0,0,0,0,2,0,0,2,2,166,0,4,-143,95,New Orleans
2024,6,15,37,3,3,5,5,34,12,8,51,59,22,2,2,3,2,22,6,5,30,35,13,1,1,1,2,12,5,2,19,21,0,0,0,0,0,0,0,0,0,0,2,0,0,1,1,0,1,1,2,3,146,2,10,-141,97,New Orleans
2012,7,15,31,4,0,2,9,34,14,2,57,59,17,2,0,1,5,21,4,1,30,31,14,2,0,1,3,10,9,1,22,23,0,0,0,0,0,1,0,0,1,1,0,0,0,0,1,2,1,0,4,4,183,1,15,-112,126,New Orleans
2013,7,15,22,1,5,1,10,34,28,6,72,78,12,1,3,1,8,25,19,4,52,56,9,0,1,0,2,6,7,1,15,16,0,0,0,0,0,0,1,0,1,1,1,0,1,0,0,3,1,1,4,5,170,2,13,-111,127,New Orleans
2014,7,15,26,4,3,1,10,38,18,4,66,70,13,4,2,0,8,26,10,2,44,46,11,0,1,0,2,10,7,1,19,20,0,0,0,0,0,0,0,0,0,0,2,0,0,1,0,2,1,1,3,4,215,0,7,-110,128,New Orleans
2015,7,15,40,1,5,2,9,27,10,7,46,53,22,0,2,1,5,18,2,3,25,28,10,1,3,0,4,8,8,3,20,23,0,0,0,0,0,0,0,0,0,0,8,0,0,1,0,1,0,1,1,2,187,0,18,-109,129,New Orleans
2016,7,15,41,0,1,2,3,34,11,3,48,51,27,0,0,1,2,22,7,1,31,32,12,0,0,1,1,9,2,1,12,13,1,0,0,0,0,1,1,0,2,2,1,0,1,0,0,2,1,1,3,4,137,5,10,-114,124,New Orleans
2017,7,15,41,0,6,2,5,41,15,8,61,69,24,0,2,1,3,21,6,3,30,33,13,0,3,0,2,17,9,3,28,31,0,0,1,0,0,1,0,1,1,2,4,0,0,1,0,2,0,1,2,3,164,3,11,-113,125,New Orleans
2018,7,15,53,1,3,5,10,39,30,8,79,87,28,0,2,2,5,17,10,4,32,36,22,1,1,2,4,14,19,3,37,40,0,0,0,0,1,3,1,0,5,5,3,0,0,1,0,5,0,1,5,6,224,6,18,-112,126,New Orleans
2019,7,15,40,0,3,2,11,28,22,5,61,66,25,0,3,0,8,20,13,3,41,44,10,0,0,2,3,7,9,2,19,21,0,0,0,0,0,0,0,0,0,0,5,0,0,0,0,1,0,0,1,1,188,2,12,-111,127,New Orleans
2020,7,15,44,1,1,2,4,18,16,3,38,41,23,1,1,1,1,13,9,2,23,25,16,0,0,1,2,3,6,1,11,12,0,0,0,0,0,0,0,0,0,0,5,0,0,0,1,2,1,0,4,4,141,0,12,-109,129,New Orleans
2021,7,15,37,3,1,3,4,25,14,4,43,47,24,1,0,1,2,21,5,1,28,29,9,2,0,1,2,4,9,1,15,16,0,0,0,0,0,0,0,0,0,0,4,0,1,1,0,0,0,2,0,2,151,0,12,-115,123,New Orleans
2022,7,15,43,2,8,5,8,27,37,13,72,85,29,0,4,1,4,21,18,5,43,48,10,1,3,4,3,5,17,7,25,32,3,0,0,0,1,0,1,0,2,2,1,1,1,0,0,1,1,1,2,3,166,5,9,-114,124,New Orleans
2023,7,15,36,8,0,11,5,32,44,11,81,92,20,4,0,3,2,19,19,3,40,43,16,4,0,7,3,9,19,7,31,38,0,0,0,0,0,1,1,0,2,2,0,0,0,1,0,3,5,1,8,9,178,3,11,-113,125,New Orleans
2024,7,15,38,1,2,6,6,39,14,8,59,67,20,0,1,2,5,26,4,3,35,38,13,0,1,4,1,8,8,5,17,22,0,0,0,0,0,1,2,0,3,3,5,1,0,0,0,4,0,0,4,4,176,3,13,-111,127,New Orleans
2012,8,15,32,0,0,1,8,19,16,1,43,44,23,0,0,0,7,12,8,0,27,27,5,0,0,1,1,7,5,1,13,14,0,0,0,0,0,0,0,0,0,0,4,0,0,0,0,0,3,0,3,3,214,0,19,-81,157,New Orleans
2013,8,15,37,1,0,3,3,40,4,3,47,50,21,0,0,1,2,26,1,1,29,30,15,1,0,2,1,13,3,2,17,19,0,0,0,0,0,0,0,0,0,0,1,0,0,0,0,1,0,0,1,1,179,1,6,-80,158,New Orleans
2014,8,15,31,3,3,4,11,28,14,7,53,60,19,2,1,3,8,15,4,4,27,31,11,0,2,1,3,11,8,3,22,25,0,0,0,0,0,0,0,0,0,0,1,1,0,0,0,2,2,0,4,4,150,1,7,-79,159,New Orleans
2015,8,15,33,0,2,5,12,35,12,7,59,66,20,0,0,1,9,18,5,1,32,33,12,0,2,1,2,16,6,3,24,27,0,0,0,1,0,0,1,1,1,2,1,0,0,2,1,1,0,2,2,4,160,2,11,-78,160,New Orleans
2016,8,15,40,1,5,6,8,36,15,11,59,70,26,1,2,4,6,19,9,6,34,40,10,0,3,2,2,17,6,5,25,30,0,0,0,0,0,0,0,0,0,0,4,0,0,0,0,0,0,0,0,0,163,1,10,-83,155,New Orleans
2017,8,15,29,1,3,5,8,37,8,8,53,61,18,1,1,3,4,25,3,4,32,36,9,0,2,2,4,11,4,4,19,23,0,0,0,0,0,1,0,0,1,1,2,0,0,0,0,0,1,0,1,1,166,1,5,-82,156,New Orleans
2018,8,15,61,1,1,2,6,27,16,3,49,52,40,1,0,1,4,19,9,1,32,33,16,0,1,1,1,8,6,2,15,17,0,0,0,0,0,0,0,0,0,0,5,0,0,0,1,0,1,0,2,2,204,0,11,-81,157,New Orleans
2019,8,15,45,0,1,4,2,44,44,5,90,95,23,0,1,3,2,30,18,4,50,54,16,0,0,1,0,10,24,1,34,35,0,0,0,0,0,0,0,0,0,0,6,0,0,0,0,4,2,0,6,6,225,0,20,-80,158,New Orleans
2020,8,15,61,1,1,5,6,30,32,6,68,74,34,1,0,1,2,13,15,1,30,31,23,0,1,2,3,15,15,3,33,36,0,0,0,0,0,0,0,0,0,0,4,0,0,2,1,2,2,2,5,7,199,0,15,-78,160,New Orleans
2021,8,15,51,4,0,3,9,19,22,3,50,53,28,1,0,1,3,9,7,1,19,20,18,2,0,1,5,10,15,1,30,31,0,0,0,0,1,0,0,0,1,1,5,1,0,1,0,0,0,1,0,1,164,1,13,-84,154,New Orleans
2022,8,15,36,2,3,5,2,20,25,8,47,55,26,0,0,4,1,17,9,4,27,31,7,1,3,1,0,2,13,4,15,19,0,0,0,0,0,0,0,0,0,0,3,1,0,0,1,1,3,0,5,5,141,0,9,-83,155,New Orleans
2023,8,15,42,3,0,5,4,25,23,5,52,57,21,3,0,3,2,16,4,3,22,25,16,0,0,2,2,6,18,2,26,28,0,0,0,0,0,1,0,0,1,1,5,0,0,0,0,2,1,0,3,3,160,1,13,-82,156,New Orleans
2024,8,15,48,1,1,5,1,26,13,6,40,46,27,0,1,1,1,20,9,2,30,32,16,0,0,2,0,5,4,2,9,11,1,0,0,0,0,0,0,0,0,0,4,1,0,2,0,1,0,2,1,3,153,1,10,-80,158,New Orleans
2012,9,15,30,2,0,8,9,32,6,8,47,55,12,1,0,1,8,25,2,1,35,36,17,1,0,6,1,5,4,6,10,16,0,0,0,0,0,0,0,0,0,0,1,0,0,1,0,2,0,1,2,3,171,1,11,-50,188,New Orleans
2013,9,15,35,0,3,3,2,23,9,6,34,40,14,0,1,2,2,11,2,3,15,18,18,0,2,0,0,11,6,2,17,19,1,0,0,0,0,0,0,0,0,0,2,0,0,1,0,1,1,1,2,3,149,2,12,-49,189,New Orleans
2014,9,15,26,2,3,3,9,37,20,6,66,72,15,1,1,1,5,25,9,2,39,41,10,1,2,1,4,9,10,3,23,26,0,0,0,0,0,0,0,0,0,0,1,0,0,1,0,3,1,1,4,5,193,0,9,-48,190,New Orleans
2015,9,15,33,0,0,4,9,23,13,4,45,49,18,0,0,3,7,18,7,3,32,35,14,0,0,0,2,4,5,0,11,11,0,0,0,0,0,0,0,0,0,0,1,0,0,1,0,1,1,1,2,3,153,2,8,-47,191,New Orleans
2016,9,15,35,2,3,3,7,22,7,6,36,42,20,2,1,3,7,16,2,4,25,29,14,0,1,0,0,5,5,1,10,11,0,0,0,0,0,0,0,0,0,0,1,0,1,0,0,1,0,1,1,2,144,1,6,-52,186,New Orleans
2017,9,15,51,2,7,2,7,30,11,9,48,57,37,2,4,1,0,19,2,5,21,26,13,0,2,1,7,10,4,3,21,24,0,0,0,0,0,1,0,0,1,1,1,0,1,0,0,0,5,1,5,6,216,2,12,-51,187,New Orleans
2018,9,15,50,1,3,6,2,50,25,9,77,86,33,0,0,3,1,29,9,3,39,42,17,1,2,1,1,19,13,3,33,36,0,0,0,1,0,0,1,1,1,2,0,0,1,1,0,2,2,2,4,6,203,2,10,-50,188,New Orleans
2019,9,15,54,0,2,5,6,29,36,7,71,78,29,0,1,0,3,15,23,1,41,42,20,0,1,4,2,14,12,5,28,33,0,0,0,1,0,0,0,1,0,1,5,0,0,0,1,0,1,0,2,2,206,1,14,-49,189,New Orleans
2020,9,15,41,1,2,6,6,33,15,8,54,62,20,1,0,5,3,25,7,5,35,40,17,0,2,1,3,8,8,3,19,22,0,0,0,0,0,0,0,0,0,0,4,0,0,0,0,0,0,0,0,0,170,1,8,-47,191,New Orleans
2021,9,15,35,1,2,5,7,20,13,7,40,47,22,1,0,4,3,10,11,4,24,28,12,0,2,0,4,9,1,2,14,16,0,0,0,0,0,0,0,0,0,0,1,0,0,1,0,1,1,1,2,3,135,0,7,-53,185,New Orleans
2022,9,15,24,3,5,3,6,18,24,8,48,56,13,2,1,2,3,9,8,3,20,23,9,1,4,1,3,9,15,5,27,32,0,0,0,0,0,0,0,0,0,0,2,0,0,0,0,0,1,0,1,1,146,1,6,-52,186,New Orleans
2023,9,15,38,2,0,3,6,26,32,3,64,67,16,0,0,2,2,17,6,2,25,27,17,2,0,1,4,8,24,1,36,37,0,0,0,0,0,0,0,0,0,0,5,0,0,0,0,1,2,0,3,3,153,0,10,-51,187,New Orleans
2024,9,15,41,1,1,2,1,20,24,3,45,48,23,0,1,0,0,13,11,1,24,25,14,1,0,1,1,6,13,1,20,21,2,0,0,0,0,1,0,0,1,1,2,0,0,1,0,0,0,1,0,1,141,3,7,-49,189,New Orleans
2012,10,15,29,3,2,3,11,26,14,5,51,56,11,1,1,2,9,15,2,3,26,29,11,2,1,1,0,8,10,2,18,20,2,0,0,0,2,1,1,0,4,4,5,0,0,0,0,2,1,0,3,3,190,6,15,-20,218,New Orleans
2013,10,15,29,1,5,1,9,38,8,6,55,61,11,0,2,0,8,22,2,2,32,34,15,1,2,1,1,11,6,3,18,21,1,0,0,0,0,3,0,0,3,3,2,0,1,0,0,2,0,1,2,3,197,4,15,-19,219,New Orleans
2014,10,15,27,1,5,6,10,37,13,11,60,71,18,0,2,5,6,24,5,7,35,42,9,1,2,1,4,10,8,3,22,25,0,0,1,0,0,0,0,1,0,1,0,0,0,0,0,3,0,0,3,3,189,1,3,-18,220,New Orleans
2015,10,15,34,1,2,1,2,29,18,3,49,52,16,0,1,1,1,21,5,2,27,29,16,1,1,0,0,7,12,1,19,20,0,0,0,0,1,0,1,0,2,2,2,0,0,0,0,1,0,0,1,1,154,2,5,-17,221,New Orleans
2016,10,15,40,1,6,4,3,38,24,10,65,75,19,0,1,1,2,14,10,2,26,28,18,1,5,2,1,20,13,7,34,41,0,0,0,1,0,1,0,1,1,2,3,0,0,0,0,3,1,0,4,4,167,2,9,-22,216,New Orleans
2017,10,15,40,2,2,5,3,34,18,7,55,62,18,1,2,3,1,17,10,5,28,33,22,1,0,1,1,13,8,1,22,23,0,0,0,0,1,0,0,0,1,1,0,0,0,1,0,4,0,1,4,5,158,1,9,-21,217,New Orleans
2018,10,15,44,0,4,2,7,25,25,6,57,63,23,0,0,1,6,17,6,1,29,30,17,0,4,1,1,5,17,5,23,28,0,0,0,0,0,2,0,0,2,2,4,0,0,0,0,1,2,0,3,3,184,2,12,-20,218,New Orleans
2019,10,15,45,2,1,6,6,21,13,7,40,47,23,1,1,4,2,11,2,5,15,20,18,1,0,1,3,9,10,1,22,23,0,0,0,0,1,0,0,0,1,1,4,0,0,1,0,1,1,1,2,3,167,2,13,-19,219,New Orleans
2020,10,15,52,4,3,10,4,29,39,13,72,85,23,1,0,2,1,21,24,2,46,48,24,2,3,6,2,8,13,9,23,32,1,0,0,0,0,0,1,0,1,1,4,1,0,2,1,0,1,2,2,4,189,2,15,-17,221,New Orleans
2021,10,15,48,2,3,6,6,28,13,9,47,56,25,1,2,1,3,23,0,3,26,29,19,1,1,5,3,4,12,6,19,25,1,0,0,0,0,0,1,0,1,1,3,0,0,0,0,1,0,0,1,1,162,3,8,-23,215,New Orleans
2022,10,15,34,2,3,6,6,27,20,9,53,62,15,0,1,5,2,16,7,6,25,31,17,2,2,1,4,11,13,3,28,31,0,0,0,0,0,0,0,0,0,0,2,0,0,0,0,0,0,0,0,0,149,0,2,-22,216,New Orleans
2023,10,15,44,1,1,3,4,33,30,4,67,71,23,1,1,0,3,8,5,1,16,17,20,0,0,3,1,20,25,3,46,49,0,0,0,0,0,2,0,0,2,2,1,0,0,0,0,3,0,0,3,3,149,2,5,-21,217,New Orleans
2024,10,15,35,0,1,4,3,38,16,5,57,62,20,0,0,2,1,24,5,2,30,32,11,0,1,2,1,9,10,3,20,23,0,0,0,0,0,1,1,0,2,2,4,0,0,0,1,4,0,0,5,5,150,2,14,-19,219,New Orleans
2012,11,15,28,0,3,3,13,27,13,6,53,59,14,0,1,0,7,19,1,1,27,28,13,0,2,1,5,6,11,3,22,25,0,0,0,0,0,0,0,0,0,0,1,0,0,2,1,2,1,2,4,6,217,0,14,11,249,New Orleans
2013,11,15,18,2,3,2,7,30,11,5,48,53,10,0,0,1,3,19,1,1,23,24,7,2,3,1,4,11,9,4,24,28,0,0,0,0,0,0,0,0,0,0,1,0,0,0,0,0,1,0,1,1,156,0,5,12,250,New Orleans
2014,11,15,19,0,2,9,7,25,15,11,47,58,7,0,0,1,2,13,6,1,21,22,10,0,1,8,5,12,9,9,26,35,0,0,0,0,0,0,0,0,0,0,2,0,1,0,0,0,0,1,0,1,120,1,6,13,251,New Orleans
2015,11,15,36,2,5,2,11,20,23,7,54,61,20,1,1,0,4,9,8,1,21,22,14,1,4,2,6,9,13,6,28,34,0,0,0,0,0,0,0,0,0,0,2,0,0,0,1,2,2,0,5,5,148,0,9,14,252,New Orleans
2016,11,15,35,3,2,2,1,33,15,4,49,53,19,3,1,2,0,14,9,3,23,26,12,0,1,0,1,16,6,1,23,24,0,0,0,0,0,0,0,0,0,0,4,0,0,0,0,3,0,0,3,3,170,1,15,9,247,New Orleans
2017,11,15,44,2,0,2,8,40,14,2,62,64,19,1,0,2,5,25,5,2,35,37,24,1,0,0,3,13,8,0,24,24,0,0,0,0,0,0,0,0,0,0,1,0,0,0,0,2,1,0,3,3,222,3,19,10,248,New Orleans
2018,11,15,44,1,3,4,3,25,12,7,40,47,19,0,0,2,0,15,5,2,20,22,22,1,3,0,3,8,6,3,17,20,0,0,0,0,0,1,0,0,1,1,3,0,0,2,0,1,1,2,2,4,169,1,12,11,249,New Orleans
2019,11,15,32,2,1,2,7,44,28,3,79,82,19,0,0,0,4,27,9,0,40,40,11,0,1,1,1,15,19,2,35,37,1,0,0,0,0,0,0,0,0,0,1,2,0,1,2,2,0,1,4,5,174,1,14,12,250,New Orleans
2020,11,15,59,1,5,9,4,28,37,14,69,83,29,1,3,5,3,15,17,8,35,43,29,0,2,3,1,10,19,5,30,35,0,0,0,0,0,0,0,0,0,0,1,0,0,1,0,3,1,1,4,5,192,0,8,14,252,New Orleans
2021,11,15,40,0,4,5,9,27,25,9,61,70,20,0,0,1,4,18,10,1,32,33,18,0,4,3,3,6,13,7,22,29,0,0,0,0,0,0,0,0,0,0,2,0,0,1,2,3,2,1,7,8,173,0,13,8,246,New Orleans
2022,11,15,25,1,1,3,4,14,16,4,34,38,10,1,1,3,2,8,6,4,16,20,14,0,0,0,2,5,8,0,15,15,0,0,0,0,0,0,0,0,0,0,1,0,0,0,0,1,2,0,3,3,122,2,6,9,247,New Orleans
2023,11,15,32,3,1,2,6,30,11,3,47,50,20,3,0,2,1,19,2,2,22,24,12,0,1,0,5,10,8,1,23,24,0,0,0,0,0,0,0,0,0,0,0,0,0,0,0,1,1,0,2,2,129,0,4,10,248,New Orleans
2024,11,15,30,0,3,2,4,28,13,5,45,50,20,0,0,1,2,19,6,1,27,28,9,0,3,0,2,7,6,3,15,18,1,0,0,0,0,1,1,0,2,2,0,0,0,1,0,1,0,1,1,2,126,4,8,12,250,New Orleans
2012,12,15,31,3,2,4,11,33,11,6,55,61,8,1,0,1,7,14,3,1,24,25,20,2,2,3,2,18,8,5,28,33,0,0,0,0,1,0,0,0,1,1,3,0,0,0,1,1,0,0,2,2,184,1,10,41,279,New Orleans
2013,12,15,32,1,12,5,11,31,15,17,57,74,9,0,3,2,5,18,6,5,29,34,19,1,8,3,5,10,9,11,24,35,0,0,0,0,0,1,0,0,1,1,4,0,1,0,1,2,0,1,3,4,201,1,9,42,280,New Orleans
2014,12,15,25,2,7,4,11,35,19,11,65,76,10,2,1,0,5,25,12,1,42,43,13,0,5,2,6,9,7,7,22,29,0,0,0,0,0,0,0,0,0,0,2,0,1,2,0,1,0,3,1,4,170,1,9,43,281,New Orleans
2015,12,15,38,1,3,1,3,31,15,4,49,53,22,0,0,1,2,22,4,1,28,29,15,0,2,0,1,8,11,2,20,22,0,0,0,0,0,0,0,0,0,0,1,1,1,0,0,1,0,1,1,2,155,2,10,44,282,New Orleans
2016,12,15,34,1,3,2,9,29,13,5,51,56,15,1,0,2,5,17,5,2,27,29,14,0,2,0,4,12,7,2,23,25,1,0,0,0,0,0,0,0,0,0,4,0,1,0,0,0,1,1,1,2,143,1,11,39,277,New Orleans
2017,12,15,37,1,1,7,6,36,17,8,59,67,24,1,0,4,3,17,12,4,32,36,9,0,1,3,3,14,5,4,22,26,0,0,0,0,0,0,0,0,0,0,4,0,0,0,0,5,0,0,5,5,180,0,9,40,278,New Orleans
2018,12,15,60,2,3,5,4,42,31,8,77,85,24,2,0,0,1,16,6,0,23,23,33,0,1,5,3,21,25,6,49,55,0,0,0,0,0,0,0,0,0,0,3,0,2,0,0,5,0,2,5,7,199,0,11,41,279,New Orleans
2019,12,15,4,1,1,1,2,13,7,2,22,24,3,0,1,1,1,6,1,2,8,10,1,1,0,0,1,7,6,0,14,14,0,0,0,0,0,0,0,0,0,0,0,0,0,0,0,0,0,0,0,0,34,0,0,42,280,New Orleans
2020,12,15,37,1,5,5,3,30,4,10,37,47,17,0,0,2,3,23,1,2,27,29,13,1,4,2,0,6,3,6,9,15,0,0,0,0,0,0,0,0,0,0,7,0,1,1,0,1,0,2,1,3,137,0,14,44,282,New Orleans
2021,12,15,29,2,3,1,1,23,22,4,46,50,10,2,1,0,1,11,7,1,19,20,14,0,1,0,0,10,11,1,21,22,1,0,0,0,0,0,1,0,1,1,4,0,1,1,0,2,3,2,5,7,122,2,13,38,276,New Orleans
2022,12,15,22,3,1,6,9,17,37,7,63,70,11,3,0,2,3,13,14,2,30,32,8,0,1,4,6,4,22,5,32,37,0,0,0,0,0,0,0,0,0,0,3,0,0,0,0,0,1,0,1,1,137,0,6,39,277,New Orleans
2023,12,15,45,3,6,5,3,28,29,11,60,71,19,1,2,2,0,8,5,4,13,17,23,2,3,2,3,19,23,5,45,50,1,0,0,0,0,1,1,0,2,2,2,0,1,1,0,0,0,2,0,2,154,4,4,40,278,New Orleans
2024,12,15,28,0,1,5,6,36,21,6,63,69,13,0,1,3,5,15,6,4,26,30,14,0,0,2,1,15,15,2,31,33,0,0,0,0,0,1,0,0,1,1,1,0,0,0,0,5,0,0,5,5,142,1,6,42,280,New Orleans
2012,1,16,23,0,3,1,11,27,21,4,59,63,13,0,1,1,8,15,8,2,31,33,9,0,2,0,3,10,12,2,25,27,0,0,0,0,0,0,0,0,0,0,1,0,0,0,0,2,1,0,3,3,170,0,6,-293,-55,New Orleans
2013,1,16,20,2,1,0,16,38,6,1,60,61,9,1,1,0,9,28,3,1,40,41,10,1,0,0,7,9,3,0,19,19,0,0,0,0,0,0,0,0,0,0,1,0,0,0,0,1,0,0,1,1,200,0,6,-291,-53,New Orleans
2014,1,16,25,2,5,1,7,38,15,6,60,66,9,1,4,0,4,15,5,4,24,28,14,0,1,1,3,21,9,2,33,35,0,0,0,0,0,0,0,0,0,0,2,1,0,0,0,2,1,0,3,3,182,2,9,-290,-52,New Orleans
2015,1,16,37,1,6,2,16,26,15,8,57,65,11,1,3,1,9,15,5,4,29,33,24,0,3,1,6,9,9,4,24,28,0,0,0,0,0,0,1,0,1,1,2,0,0,0,1,2,0,0,3,3,167,1,9,-289,-51,New Orleans
2016,1,16,36,0,0,3,5,33,15,3,53,56,18,0,0,1,2,14,7,1,23,24,12,0,0,1,3,16,8,1,27,28,0,0,0,0,0,0,0,0,0,0,6,0,0,1,0,3,0,1,3,4,141,0,14,-295,-57,New Orleans
2017,1,16,32,4,5,11,11,28,24,16,63,79,18,2,1,5,5,19,8,6,32,38,13,1,4,6,5,9,15,10,29,39,0,0,0,0,0,0,0,0,0,0,1,1,0,0,1,0,1,0,2,2,182,1,11,-293,-55,New Orleans
2018,1,16,30,1,3,1,5,27,17,4,49,53,16,0,2,0,3,17,6,2,26,28,10,1,0,1,2,7,11,1,20,21,1,0,0,0,0,0,0,0,0,0,3,0,1,0,0,3,0,1,3,4,175,1,16,-292,-54,New Orleans
2019,1,16,38,1,2,5,5,18,20,7,43,50,19,0,0,2,3,13,6,2,22,24,16,1,2,2,2,2,14,4,18,22,1,0,0,0,0,0,0,0,0,0,2,0,0,1,0,3,0,1,3,4,167,2,18,-291,-53,New Orleans
2020,1,16,34,1,1,2,1,22,22,3,45,48,21,0,0,2,0,15,7,2,22,24,8,0,1,0,1,6,15,1,22,23,0,0,0,0,0,0,0,0,0,0,5,1,0,0,0,1,0,0,1,1,127,1,12,-290,-52,New Orleans
2021,1,16,46,2,1,1,3,30,35,2,68,70,17,0,1,1,2,14,14,2,30,32,28,0,0,0,1,16,21,0,38,38,0,1,0,0,0,0,0,0,0,0,1,1,0,0,0,0,0,0,0,0,156,1,5,-295,-57,New Orleans
2022,1,16,36,2,3,4,6,29,35,7,70,77,14,1,0,4,4,12,19,4,35,39,21,0,3,0,2,16,14,3,32,35,0,0,0,0,0,0,0,0,0,0,1,1,0,0,0,1,2,0,3,3,162,1,10,-294,-56,New Orleans
2023,1,16,37,3,2,7,9,16,35,9,60,69,19,0,0,0,5,9,11,0,25,25,17,3,2,6,4,6,22,8,32,40,0,0,0,0,0,0,0,0,0,0,1,0,0,1,0,1,2,1,3,4,151,0,8,-293,-55,New Orleans
2024,1,16,22,1,0,0,1,11,13,0,25,25,10,1,0,0,1,7,3,0,11,11,11,0,0,0,0,4,10,0,14,14,0,0,0,0,0,0,0,0,0,0,1,0,0,0,0,0,0,0,0,0,93,0,4,-292,-54,New Orleans
2012,2,16,22,1,3,3,11,27,9,6,47,53,14,0,1,2,6,9,1,3,16,19,8,1,2,1,5,14,8,3,27,30,0,0,0,0,0,1,0,0,1,1,0,0,0,0,0,3,0,0,3,3,177,1,6,-262,-24,New Orleans
2013,2,16,23,0,3,1,5,19,13,4,37,41,12,0,3,0,3,6,3,3,12,15,9,0,0,1,2,11,10,1,23,24,0,0,0,0,0,0,0,0,0,0,2,0,0,0,0,2,0,0,2,2,104,0,5,-260,-22,New Orleans
2014,2,16,35,4,6,3,6,35,17,9,58,67,17,0,1,1,2,18,6,2,26,28,16,4,5,2,4,13,10,7,27,34,1,0,0,0,0,2,0,0,2,2,1,0,0,0,0,2,1,0,3,3,187,3,11,-259,-21,New Orleans
2015,2,16,36,0,5,1,7,43,17,6,67,73,23,0,3,0,2,23,8,3,33,36,11,0,2,1,5,17,9,3,31,34,0,0,0,0,0,0,0,0,0,0,2,0,0,0,0,3,0,0,3,3,169,0,9,-258,-20,New Orleans
2016,2,16,32,0,2,0,6,24,8,2,38,40,16,0,0,0,1,15,2,0,18,18,13,0,2,0,3,9,4,2,16,18,0,0,0,0,0,0,0,0,0,0,3,0,0,0,2,0,2,0,4,4,166,2,11,-264,-26,New Orleans
2017,2,16,36,5,6,7,8,36,14,13,58,71,15,2,1,3,4,22,5,4,31,35,16,3,5,3,3,12,8,8,23,31,1,0,0,0,0,1,0,0,1,1,4,0,0,1,1,1,1,1,3,4,179,2,14,-262,-24,New Orleans
2018,2,16,54,1,0,4,5,30,25,4,60,64,24,1,0,0,2,15,6,0,23,23,22,0,0,2,3,11,14,2,28,30,0,0,0,2,0,1,1,2,2,4,8,0,0,0,0,3,4,0,7,7,222,5,23,-261,-23,New Orleans
2019,2,16,65,2,0,3,4,49,24,3,77,80,34,0,0,1,2,24,6,1,32,33,27,2,0,2,2,25,13,2,40,42,0,0,0,0,0,0,1,0,1,1,4,0,0,0,0,0,4,0,4,4,220,1,11,-260,-22,New Orleans
2020,2,16,40,2,3,0,8,56,23,3,87,90,12,2,1,0,3,16,5,1,24,25,20,0,0,0,5,39,18,0,62,62,1,0,0,0,0,0,0,0,0,0,7,0,2,0,0,1,0,2,1,3,177,1,10,-259,-21,New Orleans
2021,2,16,42,1,3,3,0,15,22,6,37,43,20,0,0,1,0,10,12,1,22,23,19,1,3,1,0,3,10,4,13,17,0,0,0,0,0,0,0,0,0,0,3,0,0,1,0,2,0,1,2,3,144,0,9,-264,-26,New Orleans
2022,2,16,30,2,7,3,6,25,10,10,41,51,17,2,2,0,2,16,4,2,22,24,9,0,4,2,4,6,6,6,16,22,2,0,1,0,0,0,0,1,0,1,2,0,0,1,0,3,0,1,3,4,136,3,7,-263,-25,New Orleans
2023,2,16,40,4,4,5,5,45,43,9,93,102,18,2,1,1,3,11,11,2,25,27,21,1,2,3,2,26,31,5,59,64,0,0,0,0,0,1,0,0,1,1,1,1,1,1,0,7,1,2,8,10,207,2,13,-262,-24,New Orleans
2024,2,16,38,2,2,4,2,27,20,6,49,55,21,1,1,1,1,13,4,2,18,20,15,1,1,3,1,12,15,4,28,32,1,0,0,0,0,1,0,0,1,1,1,0,0,0,0,1,1,0,2,2,141,2,5,-261,-23,New Orleans
2012,3,16,25,1,4,4,8,33,16,8,57,65,12,0,2,1,5,20,3,3,28,31,11,1,1,3,3,11,11,4,25,29,1,0,0,0,0,0,0,0,0,0,1,0,1,0,0,2,2,1,4,5,213,3,18,-233,5,New Orleans
2013,3,16,23,1,3,4,5,34,7,7,46,53,9,1,0,2,3,14,2,2,19,21,11,0,3,2,2,18,5,5,25,30,1,0,0,0,0,0,0,0,0,0,2,0,0,0,0,2,0,0,2,2,147,1,11,-232,6,New Orleans
2014,3,16,29,0,4,5,2,20,20,9,42,51,17,0,0,2,1,12,7,2,20,22,11,0,3,3,1,7,12,6,20,26,0,0,0,0,0,0,0,0,0,0,1,0,1,0,0,1,1,1,2,3,142,0,13,-231,7,New Orleans
2015,3,16,28,1,9,5,8,27,8,14,43,57,15,0,0,1,4,16,4,1,24,25,12,1,9,4,3,10,4,13,17,30,0,0,0,0,0,0,0,0,0,0,1,0,0,0,1,1,0,0,2,2,149,1,8,-230,8,New Orleans
2016,3,16,46,3,4,2,5,25,10,6,40,46,19,1,1,2,5,20,5,3,30,33,20,1,3,0,0,3,5,3,8,11,1,0,0,0,0,0,0,0,0,0,6,1,0,0,0,2,0,0,2,2,186,2,14,-235,3,New Orleans
2017,3,16,27,2,1,4,5,46,23,5,74,79,15,2,0,3,3,34,7,3,44,47,8,0,1,1,1,10,14,2,25,27,0,0,0,0,0,1,0,0,1,1,4,0,0,0,1,1,2,0,4,4,179,2,11,-234,4,New Orleans
2018,3,16,63,2,4,0,3,38,14,4,55,59,37,1,3,0,2,22,2,3,26,29,23,1,1,0,0,15,12,1,27,28,0,0,0,0,1,0,0,0,1,1,3,0,0,0,0,1,0,0,1,1,210,2,8,-233,5,New Orleans
2019,3,16,52,1,2,5,3,37,13,7,53,60,31,0,1,3,2,19,4,4,25,29,18,1,1,2,1,17,9,3,27,30,0,0,0,0,0,0,0,0,0,0,3,0,0,0,0,1,0,0,1,1,179,1,7,-232,6,New Orleans
2020,3,16,49,2,5,5,3,24,23,10,50,60,31,1,2,3,2,15,6,5,23,28,14,1,2,0,1,7,16,2,24,26,1,0,0,1,0,0,1,1,1,2,3,0,1,1,0,2,0,2,2,4,183,5,11,-230,8,New Orleans
2021,3,16,54,2,1,3,1,23,12,4,36,40,28,1,0,3,0,17,8,3,25,28,19,1,1,0,1,5,2,1,8,9,0,0,0,0,0,1,0,0,1,1,7,0,0,0,0,0,2,0,2,2,148,2,12,-236,2,New Orleans
2022,3,16,44,2,3,4,5,24,15,7,44,51,23,0,0,4,2,14,9,4,25,29,17,1,3,0,3,9,6,3,18,21,2,0,0,0,0,1,0,0,1,1,2,1,0,0,0,0,0,0,0,0,163,4,7,-235,3,New Orleans
2023,3,16,31,2,4,1,6,14,22,5,42,47,20,0,2,1,1,6,6,3,13,16,11,1,2,0,4,6,14,2,24,26,0,0,0,0,1,1,0,0,2,2,0,1,0,0,0,1,2,0,3,3,128,2,7,-234,4,New Orleans
2024,3,16,48,3,0,7,1,32,19,7,52,59,26,0,0,5,0,13,6,5,19,24,21,2,0,2,1,16,12,2,29,31,1,0,0,0,0,1,1,0,2,2,0,1,0,0,0,2,0,0,2,2,173,3,8,-232,6,New Orleans
2012,4,16,25,3,3,2,12,26,20,5,58,63,16,0,2,1,9,22,4,3,35,38,8,3,0,1,3,4,15,1,22,23,0,0,0,0,0,0,0,0,0,0,1,0,1,0,0,0,1,1,1,2,178,0,7,-202,36,New Orleans
2013,4,16,32,2,4,6,10,34,19,10,63,73,20,1,1,5,7,25,12,6,44,50,10,0,3,1,3,8,6,4,17,21,1,1,0,0,0,0,0,0,0,0,1,0,0,0,0,1,1,0,2,2,222,3,12,-201,37,New Orleans
2014,4,16,31,3,1,4,10,28,20,5,58,63,17,2,0,1,4,18,7,1,29,30,14,1,0,2,6,8,11,2,25,27,0,0,0,0,0,0,0,0,0,0,0,0,1,1,0,2,2,2,4,6,206,0,8,-200,38,New Orleans
2015,4,16,25,0,3,5,10,35,9,8,54,62,20,0,1,3,7,28,5,4,40,44,5,0,2,2,3,4,4,4,11,15,0,0,0,0,0,0,0,0,0,0,0,0,0,0,0,3,0,0,3,3,155,2,11,-199,39,New Orleans
2016,4,16,42,0,7,4,5,29,11,11,45,56,26,0,4,2,1,11,3,6,15,21,12,0,3,2,3,16,8,5,27,32,0,0,0,0,0,0,0,0,0,0,4,0,0,0,1,2,0,0,3,3,159,1,11,-204,34,New Orleans
2017,4,16,57,0,4,4,5,35,11,8,51,59,32,0,2,1,1,19,1,3,21,24,22,0,2,1,4,16,10,3,30,33,1,0,0,0,0,0,0,0,0,0,2,0,0,2,0,0,0,2,0,2,176,1,7,-203,35,New Orleans
2018,4,16,57,0,2,1,12,22,5,3,39,42,30,0,1,1,11,15,2,2,28,30,25,0,1,0,1,7,3,1,11,12,0,0,0,0,0,0,0,0,0,0,2,0,0,0,0,0,0,0,0,0,177,0,4,-202,36,New Orleans
2019,4,16,44,3,2,3,5,30,27,5,62,67,28,1,0,1,2,25,8,1,35,36,13,2,1,2,2,4,18,3,24,27,2,0,0,0,1,0,0,0,1,1,1,0,1,0,0,1,1,1,2,3,208,4,10,-201,37,New Orleans
2020,4,16,43,4,4,0,6,22,17,4,45,49,22,2,1,0,5,15,11,1,31,32,16,2,2,0,1,5,6,2,12,14,0,0,0,0,0,1,0,0,1,1,5,0,1,0,0,1,0,1,1,2,141,1,9,-199,39,New Orleans
2021,4,16,39,1,4,4,5,33,36,8,74,82,20,0,2,3,4,20,21,5,45,50,16,1,2,1,1,10,13,3,24,27,2,0,0,0,0,0,1,0,1,1,1,0,0,0,0,3,1,0,4,4,182,3,8,-205,33,New Orleans
2022,4,16,40,2,0,6,3,41,12,6,56,62,22,1,0,2,0,19,7,2,26,28,14,1,0,3,2,17,4,3,23,26,0,0,0,0,0,2,1,0,3,3,4,0,0,1,1,3,0,1,4,5,141,3,12,-204,34,New Orleans
2023,4,16,43,5,2,10,6,28,43,12,77,89,22,5,1,9,1,18,14,10,33,43,13,0,1,1,5,10,27,2,42,44,2,0,0,0,0,0,2,0,2,2,6,0,0,0,0,0,0,0,0,0,189,4,9,-203,35,New Orleans
2024,4,16,43,4,1,3,3,22,17,4,42,46,22,4,1,2,0,15,7,3,22,25,16,0,0,0,3,7,9,0,19,19,0,0,0,0,0,0,1,0,1,1,5,0,0,1,0,0,0,1,0,1,138,1,6,-201,37,New Orleans
2012,5,16,26,1,4,1,10,30,16,5,56,61,18,1,2,0,5,21,10,2,36,38,7,0,2,1,4,9,5,3,18,21,0,0,0,0,0,0,0,0,0,0,1,0,0,0,1,0,1,0,2,2,244,0,19,-172,66,New Orleans
2013,5,16,24,1,4,2,3,37,9,6,49,55,17,1,2,1,3,23,2,3,28,31,5,0,2,1,0,11,7,3,18,21,0,0,0,0,0,0,0,0,0,0,2,0,0,0,0,3,0,0,3,3,195,2,7,-171,67,New Orleans
2014,5,16,25,3,3,1,8,31,14,4,53,57,10,2,1,1,7,22,9,2,38,40,11,1,2,0,0,7,5,2,12,14,0,0,0,0,1,1,0,0,2,2,4,0,0,0,0,1,0,0,1,1,208,4,12,-170,68,New Orleans
2015,5,16,39,0,6,5,8,18,10,11,36,47,20,0,1,5,2,6,2,6,10,16,15,0,4,0,6,11,7,4,24,28,0,0,0,0,0,0,0,0,0,0,4,0,1,0,0,1,1,1,2,3,137,1,9,-169,69,New Orleans
2016,5,16,53,1,5,1,9,30,11,6,50,56,32,1,3,0,7,22,2,3,31,34,14,0,1,0,2,8,6,1,16,17,0,0,0,0,0,0,0,0,0,0,7,0,1,1,0,0,3,2,3,5,173,0,18,-174,64,New Orleans
2017,5,16,48,1,4,4,7,27,19,8,53,61,34,1,1,1,4,19,8,2,31,33,8,0,3,2,3,4,10,5,17,22,1,0,0,0,0,0,0,0,0,0,5,0,0,1,0,4,1,1,5,6,167,2,17,-173,65,New Orleans
2018,5,16,49,3,4,4,5,34,18,8,57,65,35,2,3,2,4,24,6,5,34,39,11,0,1,2,1,8,10,3,19,22,0,0,0,0,0,1,0,0,1,1,3,1,0,0,0,1,2,0,3,3,209,3,12,-172,66,New Orleans
2019,5,16,50,1,4,8,3,32,14,12,49,61,32,0,2,3,2,20,3,5,25,30,13,1,2,3,1,10,11,5,22,27,1,0,0,0,0,0,0,0,0,0,4,0,0,2,0,2,0,2,2,4,208,4,16,-171,67,New Orleans
2020,5,16,53,2,1,4,3,30,14,5,47,52,34,2,0,3,3,21,5,3,29,32,17,0,0,1,0,7,9,1,16,17,0,0,1,0,0,0,0,1,0,1,2,0,0,0,0,2,0,0,2,2,159,1,12,-169,69,New Orleans
2021,5,16,53,2,4,3,1,37,51,7,89,96,26,1,3,0,1,20,18,3,39,42,22,1,1,3,0,14,28,4,42,46,1,0,0,0,0,1,3,0,4,4,4,0,0,0,0,2,2,0,4,4,207,6,13,-175,63,New Orleans
2022,5,16,47,0,2,5,7,20,27,7,54,61,30,0,2,3,5,14,15,5,34,39,14,0,0,1,2,4,11,1,17,18,0,0,0,0,0,0,0,0,0,0,3,0,0,1,0,2,1,1,3,4,159,0,10,-174,64,New Orleans
2023,5,16,37,3,0,2,8,24,72,2,104,106,20,2,0,1,5,14,20,1,39,40,15,0,0,1,3,10,50,1,63,64,0,1,0,0,0,0,1,0,1,1,2,0,0,0,0,0,1,0,1,1,202,3,11,-173,65,New Orleans
2024,5,16,41,2,2,3,5,25,14,5,44,49,21,1,0,3,3,15,7,3,25,28,14,1,1,0,1,10,7,1,18,19,0,0,0,0,0,0,0,0,0,0,6,0,1,0,1,0,0,1,1,2,135,1,11,-171,67,New Orleans
2012,6,16,26,1,4,6,11,32,21,10,64,74,14,1,2,4,7,20,13,6,40,46,9,0,1,1,3,12,7,2,22,24,0,0,0,0,0,0,0,0,0,0,3,0,1,1,1,0,1,2,2,4,181,0,12,-141,97,New Orleans
2013,6,16,30,2,4,1,3,24,16,5,43,48,15,1,1,0,1,14,4,1,19,20,13,0,3,1,2,10,11,4,23,27,0,0,0,0,0,0,0,0,0,0,2,1,0,0,0,0,1,0,1,1,154,0,16,-140,98,New Orleans
2014,6,16,17,0,2,1,15,27,14,3,56,59,11,0,0,0,8,19,8,0,35,35,6,0,2,1,6,7,4,3,17,20,0,0,0,0,0,0,0,0,0,0,0,0,0,0,1,1,2,0,4,4,191,0,8,-139,99,New Orleans
2015,6,16,33,1,2,3,11,34,16,5,61,66,24,1,0,3,4,22,5,3,31,34,8,0,2,0,7,10,10,2,27,29,0,0,0,0,0,1,0,0,1,1,1,0,0,0,0,1,1,0,2,2,185,1,5,-138,100,New Orleans
2016,6,16,54,1,6,3,3,21,18,9,42,51,31,0,4,1,2,15,9,5,26,31,19,1,2,2,1,4,6,4,11,15,1,0,0,0,0,0,0,0,0,0,3,0,0,0,0,2,3,0,5,5,156,1,10,-143,95,New Orleans
2017,6,16,44,1,1,3,4,39,26,4,69,73,24,0,1,3,4,31,10,4,45,49,18,0,0,0,0,7,15,0,22,22,0,0,0,0,0,0,0,0,0,0,2,1,0,0,0,1,1,0,2,2,202,0,18,-142,96,New Orleans
2018,6,16,54,1,3,3,6,57,20,6,83,89,32,0,2,1,2,32,10,3,44,47,18,1,1,2,4,21,8,3,33,36,1,0,0,0,0,0,0,0,0,0,3,0,0,0,0,4,2,0,6,6,217,1,18,-141,97,New Orleans
2019,6,16,61,0,5,7,4,35,20,12,59,71,29,0,3,4,3,25,5,7,33,40,26,0,1,3,1,7,14,4,22,26,1,0,0,0,0,0,1,0,1,1,5,0,1,0,0,3,0,1,3,4,188,2,14,-140,98,New Orleans
2020,6,16,46,2,4,4,5,38,26,8,69,77,31,1,1,2,3,31,13,3,47,50,10,0,3,1,2,5,13,4,20,24,0,0,0,0,0,0,0,0,0,0,5,1,0,1,0,2,0,1,2,3,171,0,12,-138,100,New Orleans
2021,6,16,28,2,4,6,4,34,19,10,57,67,14,1,2,4,4,22,10,6,36,42,9,0,1,2,0,9,9,3,18,21,1,0,0,0,0,0,0,0,0,0,4,1,1,0,0,3,0,1,3,4,156,1,12,-144,94,New Orleans
2022,6,16,43,4,2,4,10,10,19,6,39,45,26,2,1,3,7,7,6,4,20,24,12,1,1,1,2,3,12,2,17,19,0,0,0,0,0,0,0,0,0,0,5,1,0,0,1,0,1,0,2,2,145,0,11,-143,95,New Orleans
2023,6,16,32,3,6,2,14,25,24,8,63,71,20,2,2,1,4,19,9,3,32,35,12,1,3,1,9,6,15,4,30,34,0,0,0,0,0,0,0,0,0,0,0,0,1,0,1,0,0,1,1,2,151,0,5,-142,96,New Orleans
2024,6,16,51,1,4,3,2,25,14,7,41,48,27,0,3,1,1,12,8,4,21,25,20,1,1,2,1,13,5,3,19,22,0,0,0,0,0,0,0,0,0,0,4,0,0,0,0,0,1,0,1,1,151,0,8,-140,98,New Orleans
2012,7,16,32,0,1,2,15,35,12,3,62,65,22,0,1,2,11,26,7,3,44,47,8,0,0,0,4,7,3,0,14,14,0,0,0,0,0,0,1,0,1,1,2,0,0,0,0,2,1,0,3,3,215,3,15,-111,127,New Orleans
2013,7,16,38,2,2,3,5,36,18,5,59,64,19,0,1,1,2,27,6,2,35,37,17,0,1,2,3,7,9,3,19,22,0,0,0,0,0,0,3,0,3,3,2,2,0,0,0,2,0,0,2,2,217,3,13,-110,128,New Orleans
2014,7,16,30,0,2,2,12,39,7,4,58,62,16,0,0,1,7,28,2,1,37,38,14,0,2,1,4,11,5,3,20,23,0,0,0,0,0,0,0,0,0,0,0,0,0,0,1,0,0,0,1,1,195,1,12,-109,129,New Orleans
2015,7,16,37,0,3,3,13,34,14,6,61,67,20,0,1,1,10,26,6,2,42,44,12,0,2,1,3,6,8,3,17,20,2,0,0,1,0,0,0,1,0,1,3,0,0,0,0,2,0,0,2,2,187,3,8,-108,130,New Orleans
2016,7,16,41,1,6,3,9,25,11,9,45,54,23,1,4,1,5,13,2,5,20,25,12,0,2,2,3,8,8,4,19,23,0,0,0,0,1,2,0,0,3,3,6,0,0,0,0,2,1,0,3,3,139,4,13,-113,125,New Orleans
2017,7,16,40,4,2,2,4,29,18,4,51,55,21,1,0,1,2,19,6,1,27,28,16,3,2,0,2,8,12,2,22,24,0,0,0,0,0,0,0,0,0,0,3,0,0,1,0,2,0,1,2,3,170,0,12,-112,126,New Orleans
2018,7,16,59,2,3,5,3,38,18,8,59,67,35,1,2,2,0,28,8,4,36,40,17,1,1,2,3,8,9,3,20,23,0,0,0,0,0,1,0,0,1,1,7,0,0,1,0,1,1,1,2,3,192,1,11,-111,127,New Orleans
2019,7,16,55,1,2,2,7,28,30,4,65,69,37,1,1,0,3,18,16,1,37,38,16,0,1,1,4,8,12,2,24,26,0,0,0,0,0,0,0,0,0,0,2,0,0,1,0,2,2,1,4,5,215,1,19,-110,128,New Orleans
2020,7,16,45,1,0,3,5,21,13,3,39,42,30,1,0,2,2,17,9,2,28,30,10,0,0,1,3,2,4,1,9,10,0,0,0,0,0,0,0,0,0,0,5,0,0,0,0,2,0,0,2,2,131,1,10,-108,130,New Orleans
2021,7,16,44,4,1,8,3,18,37,9,58,67,30,3,0,4,2,10,16,4,28,32,12,1,1,3,1,7,16,4,24,28,0,0,0,0,0,0,3,0,3,3,2,0,0,1,0,1,2,1,3,4,176,3,12,-114,124,New Orleans
2022,7,16,45,3,4,3,1,24,30,7,55,62,21,0,2,3,0,11,11,5,22,27,24,3,1,0,1,11,19,1,31,32,0,0,1,0,0,0,0,1,0,1,0,0,0,0,0,2,0,0,2,2,156,2,7,-113,125,New Orleans
2023,7,16,36,0,1,3,2,20,24,4,46,50,22,0,0,0,0,12,7,0,19,19,13,0,1,1,2,6,16,2,24,26,0,0,0,0,0,0,1,0,1,1,1,0,0,2,0,2,0,2,2,4,130,1,8,-112,126,New Orleans
2024,7,16,39,3,1,2,6,28,17,3,51,54,21,1,1,0,4,20,5,1,29,30,17,2,0,1,2,5,11,1,18,19,0,0,0,0,0,1,0,0,1,1,1,0,0,1,0,2,1,1,3,4,147,3,8,-110,128,New Orleans
2012,8,16,26,1,0,3,15,27,14,3,56,59,15,1,0,0,9,19,7,0,35,35,9,0,0,3,5,6,7,3,18,21,0,0,0,0,0,1,0,0,1,1,2,0,0,0,1,1,0,0,2,2,222,1,13,-80,158,New Orleans
2013,8,16,34,0,2,2,9,29,13,4,51,55,20,0,0,0,5,23,7,0,35,35,12,0,2,2,4,4,6,4,14,18,0,0,0,0,0,0,0,0,0,0,2,0,0,0,0,2,0,0,2,2,168,0,7,-79,159,New Orleans
2014,8,16,34,2,1,4,5,36,14,5,55,60,18,1,0,3,3,21,3,3,27,30,12,1,1,1,1,13,10,2,24,26,0,0,0,0,0,0,1,0,1,1,4,0,0,0,1,2,0,0,3,3,155,1,10,-78,160,New Orleans
2015,8,16,44,0,6,4,4,28,12,10,44,54,22,0,0,2,4,14,6,2,24,26,16,0,5,2,0,12,5,7,17,24,0,0,0,0,0,1,0,0,1,1,6,0,1,0,0,1,1,1,2,3,157,2,15,-77,161,New Orleans
2016,8,16,26,0,0,1,3,22,14,1,39,40,20,0,0,1,1,17,2,1,20,21,4,0,0,0,1,4,11,0,16,16,0,0,0,0,0,0,0,0,0,0,2,0,0,0,1,1,1,0,3,3,119,0,9,-82,156,New Orleans
2017,8,16,42,2,2,2,6,37,8,4,51,55,31,1,1,0,5,29,3,1,37,38,6,1,1,2,1,6,5,3,12,15,0,0,0,0,0,0,0,0,0,0,5,0,0,0,0,2,0,0,2,2,198,0,11,-81,157,New Orleans
2018,8,16,68,1,3,0,6,19,15,3,40,43,37,1,2,0,4,14,6,2,24,26,23,0,1,0,2,3,8,1,13,14,0,0,0,0,0,0,0,0,0,0,8,0,0,0,0,2,1,0,3,3,206,1,18,-80,158,New Orleans
2019,8,16,49,1,1,6,11,27,30,7,68,75,28,0,1,4,7,20,13,5,40,45,16,1,0,2,4,6,16,2,26,28,0,0,0,0,0,0,0,0,0,0,5,0,0,0,0,1,1,0,2,2,206,0,10,-79,159,New Orleans
2020,8,16,43,2,2,10,6,28,22,12,56,68,30,1,0,7,4,19,14,7,37,44,9,1,2,3,2,6,6,5,14,19,0,0,0,0,0,0,0,0,0,0,4,0,0,0,0,3,2,0,5,5,165,1,13,-77,161,New Orleans
2021,8,16,45,2,3,5,5,26,10,8,41,49,27,2,2,2,0,15,5,4,20,24,11,0,1,3,4,10,4,4,18,22,0,0,0,0,0,0,0,0,0,0,7,0,0,0,1,1,1,0,3,3,152,0,13,-83,155,New Orleans
2022,8,16,29,2,0,4,6,20,19,4,45,49,22,1,0,2,4,12,5,2,21,23,5,1,0,2,2,5,12,2,19,21,0,0,0,0,0,0,1,0,1,1,2,0,0,0,0,3,1,0,4,4,125,2,10,-82,156,New Orleans
2023,8,16,40,1,2,11,4,37,10,13,51,64,24,1,1,7,1,25,1,8,27,35,14,0,1,3,1,10,8,4,19,23,0,0,0,0,1,0,0,0,1,1,2,0,0,1,1,2,1,1,4,5,163,1,12,-81,157,New Orleans
2024,8,16,43,0,0,5,1,37,9,5,47,52,30,0,0,2,1,25,0,2,26,28,9,0,0,3,0,11,8,3,19,22,0,0,0,0,0,0,0,0,0,0,4,0,0,0,0,1,1,0,2,2,155,0,15,-79,159,New Orleans
2012,9,16,31,3,4,5,9,19,14,9,42,51,14,2,1,3,5,11,7,4,23,27,13,1,3,2,3,8,7,5,18,23,0,0,0,0,0,0,0,0,0,0,4,0,0,0,1,0,0,0,1,1,167,0,11,-49,189,New Orleans
2013,9,16,33,0,3,4,6,35,13,7,54,61,13,0,1,2,6,28,8,3,42,45,17,0,2,1,0,7,5,3,12,15,0,0,0,1,0,0,0,1,0,1,3,0,0,0,0,0,0,0,0,0,194,1,4,-48,190,New Orleans
2014,9,16,30,1,2,4,13,29,12,6,54,60,13,1,1,3,6,20,6,4,32,36,16,0,1,0,7,7,6,1,20,21,0,0,0,1,0,1,0,1,1,2,1,0,0,0,0,1,0,0,1,1,178,2,5,-47,191,New Orleans
2015,9,16,44,4,4,1,12,38,14,5,64,69,25,1,1,1,6,23,4,2,33,35,15,2,3,0,5,13,9,3,27,30,1,0,0,0,0,1,0,0,1,1,3,1,0,0,1,1,1,0,3,3,189,4,10,-46,192,New Orleans
2016,9,16,34,0,2,4,10,26,12,6,48,54,18,0,1,1,6,18,2,2,26,28,12,0,1,2,4,5,7,3,16,19,0,0,0,0,0,1,2,0,3,3,4,0,0,1,0,2,1,1,3,4,148,4,11,-51,187,New Orleans
2017,9,16,46,3,0,4,3,41,13,4,57,61,23,1,0,1,1,17,5,1,23,24,19,2,0,2,2,22,7,2,31,33,0,0,0,1,0,0,0,1,0,1,4,0,0,0,0,2,1,0,3,3,182,1,14,-50,188,New Orleans
2018,9,16,59,1,2,7,3,43,19,9,65,74,35,1,0,2,0,24,12,2,36,38,19,0,2,3,2,18,7,5,27,32,1,0,0,0,1,0,0,0,1,1,4,0,0,2,0,1,0,2,1,3,215,2,14,-49,189,New Orleans
2019,9,16,57,2,2,3,4,32,37,5,73,78,33,2,1,0,1,21,4,1,26,27,23,0,1,1,1,9,30,2,40,42,0,0,0,0,0,0,1,0,1,1,1,0,0,2,2,2,2,2,6,8,230,1,15,-48,190,New Orleans
2020,9,16,43,2,2,9,4,22,33,11,59,70,22,0,0,4,2,15,14,4,31,35,16,2,2,4,2,4,19,6,25,31,0,0,0,1,0,1,0,1,1,2,5,0,0,0,0,2,0,0,2,2,167,5,9,-46,192,New Orleans
2021,9,16,44,5,4,6,8,18,12,10,38,48,19,3,2,4,5,10,9,6,24,30,19,1,2,2,3,4,3,4,10,14,0,0,0,0,0,0,0,0,0,0,6,1,0,0,0,4,0,0,4,4,160,2,18,-52,186,New Orleans
2022,9,16,28,1,2,7,3,29,23,9,55,64,14,1,1,2,2,23,8,3,33,36,11,0,1,4,1,6,13,5,20,25,0,0,0,0,0,0,0,0,0,0,3,0,0,1,0,0,2,1,2,3,158,1,10,-51,187,New Orleans
2023,9,16,32,0,0,5,4,36,28,5,68,73,17,0,0,2,2,10,9,2,21,23,14,0,0,3,2,24,16,3,42,45,1,0,0,0,0,0,1,0,1,1,0,0,0,0,0,2,2,0,4,4,149,2,6,-50,188,New Orleans
2024,9,16,53,1,0,2,3,23,22,2,48,50,33,0,0,1,1,14,9,1,24,25,13,1,0,1,2,7,10,1,19,20,1,0,0,0,0,0,1,0,1,1,6,0,0,0,0,2,2,0,4,4,171,3,14,-48,190,New Orleans
2012,10,16,33,0,1,6,9,29,11,7,49,56,12,0,0,2,7,18,4,2,29,31,19,0,1,3,2,9,6,4,17,21,1,0,0,0,0,1,1,0,2,2,1,0,0,1,0,1,0,1,1,2,165,3,10,-19,219,New Orleans
2013,10,16,30,1,1,1,7,27,9,2,43,45,15,1,0,1,5,16,3,1,24,25,12,0,1,0,2,10,6,1,18,19,1,0,0,0,0,0,0,0,0,0,2,0,0,0,0,1,0,0,1,1,177,2,6,-18,220,New Orleans
2014,10,16,32,0,3,4,12,32,8,7,52,59,14,0,1,0,7,18,3,1,28,29,16,0,2,4,5,10,5,6,20,26,0,0,0,0,0,0,0,0,0,0,2,0,0,0,0,4,0,0,4,4,159,0,10,-17,221,New Orleans
2015,10,16,23,1,3,3,9,45,10,6,64,70,14,1,2,1,7,23,0,3,30,33,7,0,1,2,2,21,6,3,29,32,1,0,0,0,0,0,1,0,1,1,1,0,0,0,0,1,3,0,4,4,177,2,8,-16,222,New Orleans
2016,10,16,43,2,4,4,10,35,22,8,67,75,16,0,1,1,5,16,11,2,32,34,21,1,3,3,5,16,10,6,31,37,0,0,0,0,0,0,0,0,0,0,6,1,0,0,0,3,1,0,4,4,182,0,17,-21,217,New Orleans
2017,10,16,49,1,2,8,11,29,21,10,61,71,22,0,1,3,8,20,7,4,35,39,21,1,1,4,3,7,14,5,24,29,0,0,0,0,0,0,0,0,0,0,6,0,0,1,0,2,0,1,2,3,196,0,13,-20,218,New Orleans
2018,10,16,38,0,2,6,7,36,28,8,71,79,16,0,0,2,7,25,8,2,40,42,18,0,2,4,0,8,19,6,27,33,2,0,0,0,0,0,0,0,0,0,2,0,0,0,0,3,1,0,4,4,181,2,8,-19,219,New Orleans
2019,10,16,33,3,0,7,5,41,25,7,71,78,15,2,0,5,0,22,11,5,33,38,16,1,0,1,5,17,11,1,33,34,0,0,0,0,0,0,1,0,1,1,2,0,0,1,0,2,2,1,4,5,189,2,11,-18,220,New Orleans
2020,10,16,45,0,4,3,2,19,30,7,51,58,19,0,0,2,0,15,14,2,29,31,21,0,3,1,2,3,11,4,16,20,1,0,0,0,0,0,1,0,1,1,4,0,1,0,0,1,4,1,5,6,161,3,14,-16,222,New Orleans
2021,10,16,50,1,3,6,6,25,27,9,58,67,26,0,2,3,6,10,6,5,22,27,17,1,1,3,0,12,20,4,32,36,0,0,0,0,0,0,0,0,0,0,7,0,0,0,0,3,1,0,4,4,171,1,13,-22,216,New Orleans
2022,10,16,33,7,2,3,4,23,37,5,64,69,17,4,0,1,3,9,16,1,28,29,16,3,2,2,0,9,21,4,30,34,0,0,0,0,0,3,0,0,3,3,0,0,0,0,1,2,0,0,3,3,146,3,3,-21,217,New Orleans
2023,10,16,28,2,2,4,7,25,21,6,53,59,15,2,0,2,3,17,7,2,27,29,12,0,2,2,4,7,13,4,24,28,0,0,0,0,0,0,0,0,0,0,1,0,0,0,0,1,1,0,2,2,127,0,7,-20,218,New Orleans
2024,10,16,31,1,1,1,6,29,18,2,53,55,17,1,0,1,2,23,4,1,29,30,13,0,1,0,3,5,11,1,19,20,0,0,0,0,0,0,1,0,1,1,1,0,0,0,1,1,2,0,4,4,127,1,7,-18,220,New Orleans
2012,11,16,27,3,3,4,9,28,8,7,45,52,7,0,1,0,4,15,3,1,22,23,17,2,2,4,5,11,5,6,21,27,0,0,0,0,0,0,0,0,0,0,3,1,0,0,0,2,0,0,2,2,184,0,9,12,250,New Orleans
2013,11,16,24,2,3,1,7,44,14,4,65,69,9,0,0,1,4,17,4,1,25,26,12,2,1,0,3,25,10,1,38,39,0,0,0,0,0,0,0,0,0,0,3,0,2,0,0,2,0,2,2,4,155,0,12,13,251,New Orleans
2014,11,16,38,0,4,4,15,37,23,8,75,83,18,0,1,2,3,11,12,3,26,29,18,0,2,2,12,24,10,4,46,50,0,0,0,0,0,0,0,0,0,0,2,0,1,0,0,2,1,1,3,4,161,0,8,14,252,New Orleans
2015,11,16,36,0,3,2,8,24,12,5,44,49,23,0,1,0,8,13,5,1,26,27,12,0,2,1,0,10,7,3,17,20,0,0,0,0,0,0,0,0,0,0,1,0,0,1,0,1,0,1,1,2,167,0,9,15,253,New Orleans
2016,11,16,46,3,2,3,6,29,8,5,43,48,16,1,1,3,5,16,4,4,25,29,21,2,1,0,1,11,3,1,15,16,0,0,0,0,0,0,0,0,0,0,9,0,0,0,0,2,1,0,3,3,182,0,23,10,248,New Orleans
2017,11,16,52,1,4,4,5,34,10,8,49,57,24,0,2,2,3,24,3,4,30,34,25,1,2,2,2,8,7,4,17,21,0,0,0,0,0,0,0,0,0,0,3,0,0,0,0,2,0,0,2,2,189,1,6,11,249,New Orleans
2018,11,16,45,1,2,0,5,34,16,2,55,57,19,0,0,0,2,22,4,0,28,28,20,1,2,0,3,10,9,2,22,24,1,0,0,0,0,0,1,0,1,1,5,0,0,0,0,2,2,0,4,4,175,2,13,12,250,New Orleans
2019,11,16,42,1,2,2,8,40,25,4,73,77,19,0,0,0,3,15,10,0,28,28,20,1,2,2,5,22,12,4,39,43,0,0,0,0,0,0,1,0,1,1,3,0,0,0,0,3,2,0,5,5,174,2,11,13,251,New Orleans
2020,11,16,45,3,4,2,3,23,42,6,68,74,23,1,0,0,2,16,13,0,31,31,18,2,4,1,1,6,28,5,35,40,0,0,0,0,0,0,0,0,0,0,4,0,0,1,0,1,1,1,2,3,170,1,9,15,253,New Orleans
2021,11,16,46,2,8,3,10,21,24,11,55,66,26,1,2,3,1,12,3,5,16,21,17,1,5,0,9,5,17,5,31,36,0,0,0,0,0,0,1,0,1,1,3,0,1,0,0,4,3,1,7,8,173,1,16,9,247,New Orleans
2022,11,16,25,2,1,5,4,17,14,6,35,41,16,1,1,2,0,14,3,3,17,20,9,1,0,2,4,3,11,2,18,20,0,0,0,0,0,0,0,0,0,0,0,0,0,1,0,0,0,1,0,1,107,0,3,10,248,New Orleans
2023,11,16,51,3,1,7,3,30,21,8,54,62,28,1,0,0,1,17,6,0,24,24,21,2,1,5,2,11,14,6,27,33,0,0,0,0,0,0,0,0,0,0,2,0,0,2,0,2,1,2,3,5,178,1,11,11,249,New Orleans
2024,11,16,42,0,1,1,3,30,19,2,52,54,20,0,1,1,1,15,5,2,21,23,21,0,0,0,2,12,12,0,26,26,0,0,0,0,0,1,1,0,2,2,1,0,0,0,0,2,1,0,3,3,142,3,6,13,251,New Orleans
2012,12,16,33,2,1,6,5,31,17,7,53,60,16,0,0,1,1,18,4,1,23,24,14,1,1,5,4,12,13,6,29,35,1,0,0,0,0,0,0,0,0,0,2,1,0,0,0,1,0,0,1,1,175,3,7,42,280,New Orleans
2013,12,16,20,1,2,1,8,47,12,3,67,70,6,0,1,0,7,34,7,1,48,49,11,1,0,1,1,11,5,1,17,18,0,0,0,0,0,1,0,0,1,1,3,0,1,0,0,1,0,1,1,2,188,1,11,43,281,New Orleans
2014,12,16,30,0,6,4,13,24,13,10,50,60,13,0,2,3,3,16,3,5,22,27,16,0,4,1,9,7,10,5,26,31,0,0,0,0,0,0,0,0,0,0,1,0,0,0,1,1,0,0,2,2,167,0,7,44,282,New Orleans
2015,12,16,41,1,3,3,11,30,8,6,49,55,20,0,1,0,5,13,1,1,19,20,17,1,1,3,5,13,6,4,24,28,0,0,0,0,0,0,0,0,0,0,4,0,1,0,1,4,1,1,6,7,172,1,11,45,283,New Orleans
2016,12,16,42,2,3,1,9,24,22,4,55,59,21,0,1,1,6,15,5,2,26,28,18,2,2,0,3,9,16,2,28,30,0,0,0,0,0,0,1,0,1,1,3,0,0,0,0,0,0,0,0,0,155,2,7,40,278,New Orleans
2017,12,16,44,2,1,6,6,32,17,7,55,62,23,1,0,2,3,17,5,2,25,27,20,1,1,3,3,15,9,4,27,31,0,0,0,1,0,0,1,1,1,2,1,0,0,0,0,0,2,0,2,2,169,2,10,41,279,New Orleans
2018,12,16,57,1,1,3,6,39,22,4,67,71,22,0,1,0,4,23,7,1,34,35,31,1,0,2,2,16,14,2,32,34,1,0,0,0,0,0,0,0,0,0,3,0,0,1,0,0,1,1,1,2,212,1,9,42,280,New Orleans
2019,12,16,1,2,0,1,2,17,9,1,28,29,1,1,0,0,0,6,4,0,10,10,0,1,0,1,2,8,4,1,14,15,0,0,0,0,0,0,0,0,0,0,0,0,0,0,0,3,1,0,4,4,44,0,5,43,281,New Orleans
2020,12,16,36,1,2,3,4,16,22,5,42,47,20,1,1,1,3,12,1,2,16,18,13,0,1,2,1,3,19,3,23,26,0,0,0,0,0,0,2,0,2,2,3,0,0,0,0,1,0,0,1,1,143,2,6,45,283,New Orleans
2021,12,16,42,2,2,2,5,22,32,4,59,63,19,1,1,0,2,11,17,1,30,31,22,1,1,2,3,11,14,3,28,31,0,0,0,0,0,0,0,0,0,0,1,0,0,0,0,0,1,0,1,1,146,0,3,39,277,New Orleans
2022,12,16,34,1,2,8,9,19,42,10,70,80,12,0,1,0,4,7,7,1,18,19,21,1,1,8,4,11,32,9,47,56,0,0,0,0,1,0,1,0,2,2,1,0,0,0,0,1,2,0,3,3,161,2,6,40,278,New Orleans
2023,12,16,34,4,0,2,3,35,34,2,72,74,17,1,0,0,0,14,14,0,28,28,14,3,0,1,3,19,20,1,42,43,0,0,0,0,0,2,0,0,2,2,3,0,0,1,0,0,0,1,0,1,160,2,4,41,279,New Orleans
2024,12,16,33,1,2,1,1,22,11,3,34,37,11,0,2,1,1,14,4,3,19,22,17,0,0,0,0,7,6,0,13,13,2,1,0,0,0,1,0,0,1,1,3,0,0,0,0,0,1,0,1,1,101,4,5,43,281,New Orleans
2012,1,17,20,1,2,1,10,23,11,3,44,47,9,0,2,1,5,12,5,3,22,25,8,1,0,0,5,9,6,0,20,20,0,0,0,0,0,0,0,0,0,0,3,0,0,0,0,2,0,0,2,2,174,0,11,-292,-54,New Orleans
2013,1,17,15,1,4,4,13,36,6,8,55,63,2,0,1,2,10,19,2,3,31,34,12,1,3,1,2,15,4,4,21,25,0,0,0,0,0,0,0,0,0,0,1,0,0,1,1,2,0,1,3,4,222,0,15,-290,-52,New Orleans
2014,1,17,39,1,3,1,14,34,11,4,59,63,10,0,1,0,6,19,6,1,31,32,27,0,2,1,7,12,5,3,24,27,0,0,0,0,0,0,0,0,0,0,2,1,0,0,1,3,0,0,4,4,203,0,15,-289,-51,New Orleans
2015,1,17,32,1,7,2,11,28,19,9,58,67,13,1,1,1,6,13,7,2,26,28,18,0,6,0,4,14,10,6,28,34,0,0,0,0,0,0,0,0,0,0,1,0,0,1,1,1,2,1,4,5,171,0,9,-288,-50,New Orleans
2016,1,17,41,0,5,1,7,24,18,6,49,55,18,0,2,1,2,11,6,3,19,22,21,0,3,0,5,12,9,3,26,29,0,0,0,0,0,0,0,0,0,0,2,0,0,0,0,1,3,0,4,4,153,0,9,-294,-56,New Orleans
2017,1,17,31,3,1,10,2,30,21,11,53,64,15,2,1,4,1,23,7,5,31,36,12,0,0,6,1,7,14,6,22,28,1,1,0,0,0,0,0,0,0,0,3,0,0,0,0,0,0,0,0,0,173,2,8,-292,-54,New Orleans
2018,1,17,34,1,3,2,4,15,8,5,27,32,14,1,1,1,1,10,2,2,13,15,19,0,2,1,3,4,3,3,10,13,0,0,0,0,0,0,0,0,0,0,1,0,0,0,0,1,3,0,4,4,125,0,10,-291,-53,New Orleans
2019,1,17,37,1,2,2,3,26,18,4,47,51,17,0,0,0,3,16,4,0,23,23,16,1,2,1,0,8,14,3,22,25,0,0,0,0,0,0,0,0,0,0,4,0,0,1,0,2,0,1,2,3,178,0,13,-290,-52,New Orleans
2020,1,17,36,0,1,2,6,23,21,3,50,53,19,0,0,1,4,13,9,1,26,27,15,0,1,1,2,10,11,2,23,25,0,0,0,0,0,0,0,0,0,0,2,0,0,0,0,0,1,0,1,1,122,0,4,-289,-51,New Orleans
2021,1,17,42,1,3,6,5,13,47,9,65,74,20,1,0,3,2,5,31,3,38,41,18,0,3,2,2,8,15,5,25,30,0,0,0,0,0,0,1,0,1,1,4,0,0,1,1,0,0,1,1,2,157,2,9,-294,-56,New Orleans
2022,1,17,51,1,5,2,5,20,30,7,55,62,20,0,2,2,3,12,17,4,32,36,27,0,3,0,2,6,10,3,18,21,0,0,0,0,0,0,1,0,1,1,4,1,0,0,0,2,2,0,4,4,157,2,12,-293,-55,New Orleans
2023,1,17,30,2,0,2,12,21,51,2,84,86,10,1,0,0,6,12,20,0,38,38,18,1,0,2,4,9,29,2,42,44,0,0,0,0,0,0,0,0,0,0,2,0,0,0,2,0,2,0,4,4,173,1,9,-292,-54,New Orleans
2024,1,17,36,4,0,2,1,25,25,2,51,53,18,2,0,2,1,15,8,2,24,26,14,1,0,0,0,7,13,0,20,20,0,0,0,0,0,1,0,0,1,1,4,1,0,0,0,2,4,0,6,6,134,1,13,-291,-53,New Orleans
2012,2,17,24,4,1,3,3,40,6,4,49,53,8,1,0,1,0,18,1,1,19,20,16,2,1,2,3,19,5,3,27,30,0,0,0,0,0,0,0,0,0,0,0,1,0,0,0,3,0,0,3,3,201,0,8,-261,-23,New Orleans
2013,2,17,21,0,2,5,4,22,16,7,42,49,7,0,1,1,1,11,6,2,18,20,12,0,0,4,2,10,9,4,21,25,0,0,0,0,0,0,0,0,0,0,2,0,1,0,1,1,1,1,3,4,129,0,10,-259,-21,New Orleans
2014,2,17,36,0,0,5,16,33,18,5,67,72,21,0,0,3,9,18,6,3,33,36,14,0,0,2,6,12,12,2,30,32,0,0,0,0,1,0,0,0,1,1,1,0,0,0,0,3,0,0,3,3,174,1,9,-258,-20,New Orleans
2015,2,17,41,6,2,3,2,80,26,5,108,113,22,1,1,2,0,44,11,3,55,58,15,3,1,1,2,31,15,2,48,50,0,0,0,0,0,0,0,0,0,0,4,2,0,0,0,5,0,0,5,5,218,0,17,-257,-19,New Orleans
2016,2,17,37,1,3,5,7,26,9,8,42,50,19,0,1,2,5,16,3,3,24,27,17,1,1,3,2,8,6,4,16,20,0,0,0,0,0,0,0,0,0,0,1,0,1,0,0,2,0,1,2,3,146,0,5,-263,-25,New Orleans
2017,2,17,30,3,5,1,5,57,9,6,71,77,14,3,3,1,4,27,4,4,35,39,15,0,2,0,1,24,4,2,29,31,0,0,0,0,0,0,0,0,0,0,1,0,0,0,0,6,1,0,7,7,176,0,14,-261,-23,New Orleans
2018,2,17,50,3,3,3,3,33,19,6,55,61,23,2,0,1,2,17,6,1,25,26,23,1,3,2,1,15,13,5,29,34,0,0,0,0,0,0,0,0,0,0,4,0,0,0,0,1,0,0,1,1,174,0,8,-260,-22,New Orleans
2019,2,17,49,1,2,5,4,40,28,7,72,79,22,0,0,4,3,15,9,4,27,31,25,0,2,0,1,22,17,2,40,42,0,0,0,0,0,1,0,0,1,1,2,1,0,1,0,2,2,1,4,5,212,1,22,-259,-21,New Orleans
2020,2,17,46,1,2,2,9,19,14,4,42,46,20,0,2,1,3,9,6,3,18,21,25,1,0,1,5,10,8,1,23,24,0,0,0,0,0,0,0,0,0,0,1,0,0,0,1,0,0,0,1,1,141,0,5,-258,-20,New Orleans
2021,2,17,46,1,1,4,2,12,26,5,40,45,23,1,1,3,2,6,15,4,23,27,21,0,0,1,0,6,8,1,14,15,0,0,0,0,0,0,0,0,0,0,2,0,0,0,0,0,3,0,3,3,143,0,7,-263,-25,New Orleans
2022,2,17,39,0,2,9,4,28,16,11,48,59,26,0,1,4,3,20,5,5,28,33,12,0,1,5,1,8,11,6,20,26,0,0,0,0,0,0,0,0,0,0,1,0,0,0,0,0,0,0,0,0,150,0,3,-262,-24,New Orleans
2023,2,17,28,13,3,5,4,138,37,8,179,187,17,0,2,2,1,61,8,4,70,74,10,11,1,2,2,74,28,3,104,107,0,0,0,0,0,1,0,0,1,1,1,2,0,1,1,2,1,1,4,5,276,1,13,-261,-23,New Orleans
2024,2,17,50,1,1,2,6,26,13,3,45,48,25,1,0,0,3,14,5,0,22,22,25,0,1,2,3,10,6,3,19,22,0,0,0,0,0,0,1,0,1,1,0,0,0,0,0,2,1,0,3,3,143,1,5,-260,-22,New Orleans
2012,3,17,32,6,2,5,11,39,11,7,61,68,9,1,2,1,7,16,5,3,28,31,18,4,0,2,3,20,6,2,29,31,0,0,0,0,0,0,0,0,0,0,5,1,0,2,1,3,0,2,4,6,177,0,17,-232,6,New Orleans
2013,3,17,35,3,6,5,7,39,17,11,63,74,17,1,3,1,4,18,8,4,30,34,16,1,3,3,3,18,7,6,28,34,1,1,0,0,0,1,0,0,1,1,1,0,0,1,0,2,2,1,4,5,171,3,13,-231,7,New Orleans
2014,3,17,21,1,5,2,13,35,16,7,64,71,15,1,1,2,7,25,6,3,38,41,4,0,4,0,3,8,10,4,21,25,0,0,0,0,1,1,0,0,2,2,2,0,0,0,2,1,0,0,3,3,171,2,8,-230,8,New Orleans
2015,3,17,43,0,2,2,10,33,15,4,58,62,19,0,0,2,9,19,2,2,30,32,19,0,2,0,1,10,11,2,22,24,2,0,0,0,0,0,1,0,1,1,3,0,0,0,0,4,1,0,5,5,181,3,15,-229,9,New Orleans
2016,3,17,40,0,1,5,11,26,16,6,53,59,17,0,1,2,8,16,7,3,31,34,19,0,0,1,3,9,9,1,21,22,1,0,0,0,0,0,0,0,0,0,3,0,0,2,0,1,0,2,1,3,164,1,9,-234,4,New Orleans
2017,3,17,44,3,0,4,2,40,14,4,56,60,30,1,0,1,2,21,4,1,27,28,12,2,0,2,0,12,10,2,22,24,1,0,0,0,0,0,0,0,0,0,1,0,0,1,0,7,0,1,7,8,183,2,11,-233,5,New Orleans
2018,3,17,54,1,3,7,2,31,12,10,45,55,30,0,2,5,0,14,3,7,17,24,22,1,1,2,2,16,9,3,27,30,1,0,0,0,0,0,0,0,0,0,1,0,0,0,0,1,0,0,1,1,182,1,5,-232,6,New Orleans
2019,3,17,57,5,3,4,4,37,25,7,66,73,36,2,1,1,2,18,4,2,24,26,18,2,1,3,2,16,20,4,38,42,0,0,0,0,0,0,0,0,0,0,3,1,1,0,0,3,1,1,4,5,212,0,12,-231,7,New Orleans
2020,3,17,44,4,7,4,6,21,21,11,48,59,27,1,1,3,2,14,7,4,23,27,16,3,5,0,3,6,14,5,23,28,0,0,1,0,1,1,0,1,2,3,1,0,0,1,0,0,0,1,0,1,164,4,5,-229,9,New Orleans
2021,3,17,37,2,3,8,2,18,12,11,32,43,24,2,1,3,1,12,3,4,16,20,10,0,2,5,0,5,5,7,10,17,0,0,0,0,0,0,2,0,2,2,3,0,0,0,1,1,2,0,4,4,129,3,9,-235,3,New Orleans
2022,3,17,38,2,0,8,10,28,16,8,54,62,15,2,0,4,8,13,5,4,26,30,20,0,0,3,2,12,11,3,25,28,0,0,0,1,0,1,0,1,1,2,3,0,0,0,0,2,0,0,2,2,167,2,11,-234,4,New Orleans
2023,3,17,30,0,3,3,2,23,30,6,55,61,20,0,2,1,1,11,5,3,17,20,8,0,1,1,1,11,25,2,37,39,0,0,0,0,0,0,0,0,0,0,2,0,0,1,0,1,0,1,1,2,152,0,9,-233,5,New Orleans
2024,3,17,42,2,1,6,12,32,22,7,66,73,26,0,1,2,7,10,5,3,22,25,12,2,0,4,4,19,16,4,39,43,0,0,0,0,0,0,1,0,1,1,4,0,0,0,1,3,0,0,4,4,164,2,13,-231,7,New Orleans
2012,4,17,21,1,1,5,8,21,15,6,44,50,13,1,0,3,7,13,6,3,26,29,7,0,1,2,1,4,8,3,13,16,0,0,0,0,0,0,0,0,0,0,1,0,0,0,0,4,1,0,5,5,170,3,11,-201,37,New Orleans
2013,4,17,19,0,5,2,13,46,10,7,69,76,8,0,2,0,8,33,5,2,46,48,9,0,2,2,5,11,4,4,20,24,0,0,0,0,0,0,0,0,0,0,2,0,1,0,0,2,1,1,3,4,214,0,10,-200,38,New Orleans
2014,4,17,40,0,5,2,17,26,17,7,60,67,21,0,1,2,11,18,5,3,34,37,19,0,4,0,6,7,11,4,24,28,0,0,0,0,0,0,0,0,0,0,0,0,0,0,0,1,1,0,2,2,187,1,9,-199,39,New Orleans
2015,4,17,32,1,4,2,6,26,10,6,42,48,21,0,1,1,4,21,5,2,30,32,11,1,3,1,2,4,4,4,10,14,0,0,0,0,0,0,0,0,0,0,0,0,0,0,0,1,1,0,2,2,159,1,5,-198,40,New Orleans
2016,4,17,46,1,1,4,11,28,20,5,59,64,27,0,0,3,4,10,7,3,21,24,17,0,1,1,6,17,13,2,36,38,1,0,0,0,1,0,0,0,1,1,1,1,0,0,0,1,0,0,1,1,182,2,10,-203,35,New Orleans
2017,4,17,48,1,0,6,12,27,13,6,52,58,26,1,0,0,7,19,3,0,29,29,16,0,0,2,5,4,9,2,18,20,1,0,0,0,0,0,0,0,0,0,5,0,0,4,0,4,1,4,5,9,186,1,25,-202,36,New Orleans
2018,4,17,58,2,3,1,4,25,14,4,43,47,42,2,0,0,4,20,5,0,29,29,13,0,1,1,0,5,9,2,14,16,0,0,0,0,0,0,0,0,0,0,3,0,2,0,0,0,0,2,0,2,184,2,10,-201,37,New Orleans
2019,4,17,52,4,2,2,6,36,25,4,67,71,33,3,0,1,2,24,12,1,38,39,17,1,2,1,4,7,12,3,23,26,0,0,0,0,0,0,0,0,0,0,2,0,0,0,0,5,1,0,6,6,196,0,10,-200,38,New Orleans
2020,4,17,49,0,0,4,5,34,13,4,52,56,26,0,0,1,2,28,6,1,36,37,17,0,0,3,3,5,7,3,15,18,1,0,0,0,0,0,0,0,0,0,5,0,0,0,0,1,0,0,1,1,152,1,13,-198,40,New Orleans
2021,4,17,32,0,1,5,5,26,28,6,59,65,17,0,0,3,2,13,12,3,27,30,12,0,1,2,2,10,15,3,27,30,1,0,0,0,0,0,0,0,0,0,2,0,0,0,1,3,1,0,5,5,137,1,11,-204,34,New Orleans
2022,4,17,29,3,3,9,2,26,20,12,48,60,16,1,3,4,1,15,7,7,23,30,12,1,0,4,1,11,9,4,21,25,0,0,0,0,0,0,1,0,1,1,1,1,0,1,0,0,3,1,3,4,134,1,10,-203,35,New Orleans
2023,4,17,39,0,2,5,10,19,30,7,59,66,24,0,0,3,4,12,9,3,25,28,12,0,2,2,4,4,19,4,27,31,0,0,0,0,2,1,0,0,3,3,3,0,0,0,0,2,2,0,4,4,158,3,7,-202,36,New Orleans
2024,4,17,38,2,0,3,2,28,16,3,46,49,23,2,0,2,1,20,5,2,26,28,12,0,0,1,1,7,11,1,19,20,1,0,0,0,0,0,0,0,0,0,2,0,0,0,0,1,0,0,1,1,143,4,6,-200,38,New Orleans
2012,5,17,20,4,2,4,12,40,11,6,63,69,13,2,0,3,9,30,6,3,45,48,6,1,1,1,3,9,4,2,16,18,0,0,1,0,0,0,0,1,0,1,1,1,0,0,0,1,1,0,2,2,196,2,8,-171,67,New Orleans
2013,5,17,29,0,1,2,10,34,18,3,62,65,15,0,1,2,6,22,5,3,33,36,12,0,0,0,3,10,11,0,24,24,0,0,0,0,0,1,0,0,1,1,2,0,0,0,1,1,2,0,4,4,213,1,18,-170,68,New Orleans
2014,5,17,33,2,1,3,5,32,10,4,47,51,15,2,0,2,4,24,1,2,29,31,15,0,1,1,1,5,8,2,14,16,0,0,0,0,0,0,0,0,0,0,3,0,0,0,0,3,1,0,4,4,162,0,12,-169,69,New Orleans
2015,5,17,36,2,4,2,6,34,15,6,55,61,15,0,1,0,3,21,5,1,29,30,18,2,3,1,3,13,9,4,25,29,0,0,0,0,0,0,0,0,0,0,3,0,0,1,0,0,1,1,1,2,172,1,13,-168,70,New Orleans
2016,5,17,44,1,3,2,9,26,12,5,47,52,27,1,1,2,6,16,4,3,26,29,12,0,2,0,3,7,7,2,17,19,1,0,0,0,0,0,0,0,0,0,4,0,0,0,0,3,1,0,4,4,176,1,17,-173,65,New Orleans
2017,5,17,50,4,7,3,11,38,27,10,76,86,32,3,2,3,6,27,13,5,46,51,12,1,5,0,3,10,14,5,27,32,1,0,0,0,1,0,0,0,1,1,5,0,0,0,1,1,0,0,2,2,214,2,9,-172,66,New Orleans
2018,5,17,56,1,3,2,9,38,14,5,61,66,36,0,1,2,4,23,5,3,32,35,15,1,1,0,5,13,9,1,27,28,0,0,1,0,0,0,0,1,0,1,5,0,0,0,0,2,0,0,2,2,208,1,12,-171,67,New Orleans
2019,5,17,52,6,5,6,10,54,27,11,91,102,26,2,2,5,6,34,11,7,51,58,20,4,1,1,3,14,15,2,32,34,0,0,1,0,0,1,0,1,1,2,6,0,1,0,1,5,1,1,7,8,224,2,18,-170,68,New Orleans
2020,5,17,51,1,2,5,2,14,9,7,25,32,29,0,0,2,1,10,5,2,16,18,17,1,2,2,1,3,1,4,5,9,0,0,0,0,0,0,0,0,0,0,5,0,0,1,0,1,3,1,4,5,144,1,15,-168,70,New Orleans
2021,5,17,51,2,2,6,5,28,30,8,63,71,34,2,1,4,2,21,9,5,32,37,14,0,1,2,2,7,19,3,28,31,0,0,0,0,1,0,0,0,1,1,3,0,0,0,0,0,2,0,2,2,195,2,13,-174,64,New Orleans
2022,5,17,35,2,1,2,5,11,32,3,48,51,22,1,1,1,0,7,11,2,18,20,12,0,0,0,5,4,18,0,27,27,0,0,0,0,0,0,2,0,2,2,1,1,0,1,0,0,1,1,1,2,150,2,9,-173,65,New Orleans
2023,5,17,27,2,4,6,4,21,37,10,62,72,13,1,3,3,2,13,12,6,27,33,10,1,1,3,1,6,23,4,30,34,0,0,0,0,0,0,1,0,1,1,4,0,0,0,1,2,1,0,4,4,149,3,10,-172,66,New Orleans
2024,5,17,40,1,1,6,3,38,33,7,74,81,25,0,1,4,3,23,12,5,38,43,9,1,0,2,0,10,17,2,27,29,1,0,0,0,0,0,2,0,2,2,5,0,0,0,0,5,2,0,7,7,171,4,16,-170,68,New Orleans
2012,6,17,41,0,5,5,2,29,12,10,43,53,19,0,1,3,2,15,4,4,21,25,15,0,3,2,0,12,5,5,17,22,2,0,0,0,0,0,0,0,0,0,5,0,1,0,0,2,3,1,5,6,177,3,13,-140,98,New Orleans
2013,6,17,28,4,2,3,10,33,17,5,60,65,18,2,2,0,5,29,10,2,44,46,9,1,0,1,4,3,7,1,14,15,0,1,0,0,0,0,0,0,0,0,1,0,0,2,1,1,0,2,2,4,215,1,20,-139,99,New Orleans
2014,6,17,35,4,6,2,11,33,17,8,61,69,19,3,2,1,9,26,12,3,47,50,12,1,3,1,1,7,5,4,13,17,0,0,0,0,0,0,0,0,0,0,4,0,1,0,1,0,0,1,1,2,234,0,20,-138,100,New Orleans
2015,6,17,39,1,1,1,4,31,17,2,52,54,22,0,1,1,2,24,7,2,33,35,12,1,0,0,2,5,10,0,17,17,0,0,0,0,0,0,0,0,0,0,5,0,0,0,0,2,0,0,2,2,186,1,15,-137,101,New Orleans
2016,6,17,46,2,6,5,5,40,19,11,64,75,29,1,2,3,3,23,10,5,36,41,12,1,2,1,2,14,7,3,23,26,0,0,0,0,0,1,2,0,3,3,5,0,2,1,0,2,0,3,2,5,196,3,13,-142,96,New Orleans
2017,6,17,43,2,2,7,4,37,25,9,66,75,22,0,1,6,1,25,7,7,33,40,14,2,1,1,3,10,15,2,28,30,0,0,0,0,0,0,1,0,1,1,7,0,0,0,0,2,2,0,4,4,185,1,12,-141,97,New Orleans
2018,6,17,65,3,0,4,3,26,15,4,44,48,35,1,0,3,1,17,6,3,24,27,24,0,0,1,2,7,9,1,18,19,2,0,0,0,0,0,0,0,0,0,4,2,0,0,0,2,0,0,2,2,182,2,14,-140,98,New Orleans
2019,6,17,55,0,4,0,9,47,10,4,66,70,39,0,2,0,7,36,3,2,46,48,14,0,2,0,2,9,7,2,18,20,1,0,0,0,0,0,0,0,0,0,1,0,0,0,0,2,0,0,2,2,192,2,6,-139,99,New Orleans
2020,6,17,52,2,3,6,5,21,16,9,42,51,29,0,3,4,2,17,6,7,25,32,17,1,0,1,3,3,8,1,14,15,0,0,0,0,0,0,0,0,0,0,6,1,0,1,0,1,2,1,3,4,162,0,16,-137,101,New Orleans
2021,6,17,35,4,1,10,6,15,24,11,45,56,22,1,0,4,3,14,9,4,26,30,11,3,1,5,3,1,15,6,19,25,0,0,0,0,0,0,0,0,0,0,2,0,0,1,0,0,0,1,0,1,153,1,6,-143,95,New Orleans
2022,6,17,23,3,2,4,6,23,30,6,59,65,14,2,2,1,4,11,13,3,28,31,6,1,0,1,2,12,17,1,31,32,0,0,0,0,0,0,0,0,0,0,3,0,0,2,0,0,0,2,0,2,136,1,6,-142,96,New Orleans
2023,6,17,27,1,2,5,4,27,37,7,68,75,19,1,1,2,1,16,11,3,28,31,7,0,1,2,3,9,24,3,36,39,0,0,0,0,0,1,0,0,1,1,1,0,0,1,0,1,2,1,3,4,157,1,11,-141,97,New Orleans
2024,6,17,40,3,1,5,4,23,33,6,60,66,23,2,1,2,2,18,11,3,31,34,11,0,0,3,1,2,21,3,24,27,1,0,0,0,0,0,0,0,0,0,5,1,0,0,1,3,1,0,5,5,161,2,13,-139,99,New Orleans
2012,7,17,26,1,1,1,11,21,18,2,50,52,12,0,0,0,4,16,7,0,27,27,13,0,1,1,7,4,9,2,20,22,0,0,0,0,0,0,0,0,0,0,1,1,0,0,0,1,2,0,3,3,226,1,8,-110,128,New Orleans
2013,7,17,26,1,0,3,10,31,14,3,55,58,16,1,0,1,8,21,7,1,36,37,9,0,0,2,2,7,7,2,16,18,0,0,0,0,0,1,0,0,1,1,1,0,0,0,0,2,0,0,2,2,222,3,11,-109,129,New Orleans
2014,7,17,24,0,2,2,10,28,13,4,51,55,11,0,1,1,3,19,4,2,26,28,9,0,0,0,6,8,9,0,23,23,1,0,0,0,0,0,0,0,0,0,3,0,1,1,1,1,0,2,2,4,196,1,15,-108,130,New Orleans
2015,7,17,39,0,1,3,9,25,21,4,55,59,25,0,0,3,4,17,11,3,32,35,10,0,1,0,5,7,8,1,20,21,0,0,0,0,0,0,0,0,0,0,4,0,0,0,0,1,2,0,3,3,158,0,13,-107,131,New Orleans
2016,7,17,40,1,6,4,6,20,15,10,41,51,21,1,0,2,4,14,8,2,26,28,16,0,4,1,2,5,7,5,14,19,0,0,0,0,0,1,0,0,1,1,3,0,2,1,0,0,0,3,0,3,143,1,13,-112,126,New Orleans
2017,7,17,42,2,1,5,7,38,17,6,62,68,26,2,0,2,6,27,7,2,40,42,12,0,0,3,1,7,9,3,17,20,0,0,0,0,0,1,0,0,1,1,4,0,1,0,0,3,1,1,4,5,198,1,14,-111,127,New Orleans
2018,7,17,49,1,2,3,6,27,32,5,65,70,32,0,1,3,5,19,11,4,35,39,12,1,1,0,0,7,18,1,25,26,0,0,0,0,0,0,1,0,1,1,5,0,0,0,1,1,2,0,4,4,202,1,12,-110,128,New Orleans
2019,7,17,51,2,3,3,5,30,29,6,64,70,27,2,0,2,4,23,12,2,39,41,19,0,3,0,1,6,17,3,24,27,0,0,0,0,0,0,0,0,0,0,5,0,0,1,0,1,0,1,1,2,188,0,14,-109,129,New Orleans
2020,7,17,36,1,2,3,8,18,19,5,45,50,25,0,2,1,4,15,7,3,26,29,9,1,0,2,4,3,11,2,18,20,0,0,0,0,0,0,0,0,0,0,2,0,0,0,0,0,1,0,1,1,145,0,4,-107,131,New Orleans
2021,7,17,41,7,3,2,4,25,29,5,58,63,15,4,1,2,4,10,3,3,17,20,18,3,2,0,0,14,25,2,39,41,1,0,0,0,0,1,1,0,2,2,7,0,0,0,0,0,0,0,0,0,166,3,15,-113,125,New Orleans
2022,7,17,36,3,7,6,9,24,31,13,64,77,21,1,4,3,3,14,12,7,29,36,14,2,2,2,6,9,18,4,33,37,0,0,0,0,0,1,0,0,1,1,1,0,1,1,0,0,1,2,1,3,167,1,6,-112,126,New Orleans
2023,7,17,30,3,1,7,6,17,26,8,49,57,21,3,1,5,3,11,10,6,24,30,7,0,0,1,3,6,15,1,24,25,2,0,0,1,0,0,0,1,0,1,0,0,0,0,0,0,1,0,1,1,129,4,3,-111,127,New Orleans
2024,7,17,38,0,2,1,1,18,12,3,31,34,20,0,1,1,0,11,5,2,16,18,13,0,1,0,1,4,7,1,12,13,0,0,0,0,0,0,0,0,0,0,5,0,0,0,0,3,0,0,3,3,134,0,8,-109,129,New Orleans
2012,8,17,29,1,3,1,14,33,11,4,58,62,15,1,1,0,7,25,4,1,36,37,12,0,2,0,7,5,6,2,18,20,0,0,0,0,0,1,0,0,1,1,2,0,0,1,0,2,1,1,3,4,188,1,13,-79,159,New Orleans
2013,8,17,39,0,4,6,6,44,22,10,72,82,21,0,0,4,4,26,11,4,41,45,18,0,2,2,1,18,11,4,30,34,0,0,0,0,0,0,0,0,0,0,0,0,2,0,1,0,0,2,1,3,193,0,7,-78,160,New Orleans
2014,8,17,29,3,3,5,7,29,9,8,45,53,14,2,2,4,4,18,4,6,26,32,13,0,1,1,1,10,5,2,16,18,0,0,0,0,0,0,0,0,0,0,2,1,0,0,2,1,0,0,3,3,129,2,9,-77,161,New Orleans
2015,8,17,28,0,9,3,10,27,17,12,54,66,19,0,3,2,7,19,8,5,34,39,8,0,5,0,3,7,9,5,19,24,0,0,0,0,0,0,0,0,0,0,1,0,1,1,0,1,0,2,1,3,162,0,7,-76,162,New Orleans
2016,8,17,36,0,0,3,10,28,10,3,48,51,23,0,0,1,7,18,1,1,26,27,11,0,0,1,1,7,9,1,17,18,0,0,0,0,0,0,0,0,0,0,2,0,0,1,2,3,0,1,5,6,153,0,12,-81,157,New Orleans
2017,8,17,31,3,1,4,11,38,10,5,59,64,18,1,0,2,9,26,8,2,43,45,10,2,1,2,1,12,1,3,14,17,0,0,0,0,1,0,0,0,1,1,3,0,0,0,0,0,1,0,1,1,183,2,10,-80,158,New Orleans
2018,8,17,44,1,1,4,7,44,17,5,68,73,32,0,1,2,4,26,7,3,37,40,10,1,0,2,3,16,7,2,26,28,0,0,0,0,0,0,0,0,0,0,2,0,0,0,0,2,3,0,5,5,192,0,13,-79,159,New Orleans
2019,8,17,49,1,4,3,0,32,21,7,53,60,31,1,2,1,0,13,11,3,24,27,14,0,2,2,0,17,7,4,24,28,0,0,0,0,0,0,0,0,0,0,4,0,0,0,0,2,3,0,5,5,181,1,14,-78,160,New Orleans
2020,8,17,51,1,0,6,9,26,16,6,51,57,38,1,0,4,5,22,8,4,35,39,10,0,0,2,3,2,5,2,10,12,0,0,0,0,0,0,1,0,1,1,3,0,0,0,1,2,2,0,5,5,174,1,11,-76,162,New Orleans
2021,8,17,39,2,2,10,4,32,12,12,48,60,25,2,1,4,2,18,5,5,25,30,11,0,0,4,1,12,6,4,19,23,0,0,0,0,0,0,0,0,0,0,3,0,1,2,1,2,1,3,4,7,142,0,11,-82,156,New Orleans
2022,8,17,35,4,1,4,5,17,17,5,39,44,20,2,0,2,4,14,6,2,24,26,10,1,1,1,1,2,11,2,14,16,0,0,0,0,0,0,0,0,0,0,5,1,0,1,0,1,0,1,1,2,134,0,10,-81,157,New Orleans
2023,8,17,35,0,0,6,1,17,12,6,30,36,20,0,0,2,1,11,7,2,19,21,10,0,0,4,0,6,3,4,9,13,0,0,0,0,0,0,0,0,0,0,5,0,0,0,0,0,2,0,2,2,133,1,15,-80,158,New Orleans
2024,8,17,44,0,0,5,2,31,12,5,45,50,20,0,0,2,1,15,5,2,21,23,19,0,0,3,1,16,7,3,24,27,1,0,0,0,0,0,0,0,0,0,4,0,0,0,0,0,0,0,0,0,149,1,8,-78,160,New Orleans
2012,9,17,21,1,1,3,10,25,12,4,47,51,14,1,0,1,2,18,4,1,24,25,6,0,1,2,7,4,6,3,17,20,0,0,0,0,0,0,1,0,1,1,1,0,0,0,1,3,1,0,5,5,157,2,11,-48,190,New Orleans
2013,9,17,21,2,6,2,10,34,11,8,55,63,11,2,1,1,7,26,5,2,38,40,10,0,4,1,3,7,5,5,15,20,0,0,0,0,0,0,0,0,0,0,0,0,1,0,0,1,1,1,2,3,162,0,11,-47,191,New Orleans
2014,9,17,30,2,0,1,12,32,9,1,53,54,22,1,0,1,8,27,4,1,39,40,7,1,0,0,2,5,5,0,12,12,1,0,0,0,1,0,0,0,1,1,0,0,0,0,1,0,0,0,1,1,175,2,4,-46,192,New Orleans
2015,9,17,32,1,3,4,9,30,10,7,49,56,16,0,0,4,8,16,6,4,30,34,15,1,3,0,1,13,3,3,17,20,0,0,0,0,0,0,1,0,1,1,1,0,0,0,0,1,0,0,1,1,168,1,4,-45,193,New Orleans
2016,9,17,51,3,2,6,2,27,12,8,41,49,27,2,1,3,2,16,3,4,21,25,22,1,0,3,0,8,8,3,16,19,0,0,1,0,0,1,1,1,2,3,2,0,0,0,0,2,0,0,2,2,165,3,10,-50,188,New Orleans
2017,9,17,44,5,3,5,5,34,29,8,68,76,24,0,0,2,3,17,15,2,35,37,16,4,2,3,2,14,13,5,29,34,0,0,0,0,0,0,0,0,0,0,4,1,1,0,0,3,1,1,4,5,201,0,15,-49,189,New Orleans
2018,9,17,43,2,8,3,5,38,24,11,67,78,28,1,5,2,3,29,8,7,40,47,13,1,3,0,2,8,12,3,22,25,0,0,0,0,0,0,0,0,0,0,2,0,0,1,0,1,4,1,5,6,228,1,15,-48,190,New Orleans
2019,9,17,50,0,1,3,9,39,43,4,91,95,25,0,1,3,7,28,12,4,47,51,19,0,0,0,2,10,29,0,41,41,1,0,0,0,0,0,0,0,0,0,5,0,0,0,0,1,2,0,3,3,234,2,12,-47,191,New Orleans
2020,9,17,49,1,4,6,4,21,26,10,51,61,31,0,0,3,1,14,14,3,29,32,16,1,3,3,3,7,11,6,21,27,0,0,0,0,0,0,1,0,1,1,2,0,1,0,0,0,0,1,0,1,157,1,6,-45,193,New Orleans
2021,9,17,39,2,1,5,6,28,16,6,50,56,22,0,0,2,4,21,6,2,31,33,13,2,1,3,2,5,9,4,16,20,0,0,0,0,0,1,0,0,1,1,4,0,0,0,0,1,1,0,2,2,141,1,8,-51,187,New Orleans
2022,9,17,32,1,3,6,3,39,35,9,77,86,23,0,0,1,2,17,11,1,30,31,6,1,3,4,0,22,23,7,45,52,0,0,0,0,0,0,1,0,1,1,3,0,0,1,1,0,0,1,1,2,154,1,7,-50,188,New Orleans
2023,9,17,54,1,4,3,1,29,32,7,62,69,24,1,1,1,0,13,8,2,21,23,25,0,3,1,1,15,23,4,39,43,0,0,0,0,0,0,1,0,1,1,5,0,0,1,0,1,0,1,1,2,163,3,11,-49,189,New Orleans
2024,9,17,29,1,0,2,3,19,5,2,27,29,15,0,0,1,1,11,3,1,15,16,12,1,0,1,2,6,2,1,10,11,0,0,0,0,0,0,0,0,0,0,2,0,0,0,0,2,0,0,2,2,105,0,8,-47,191,New Orleans
2012,10,17,23,2,0,1,11,39,9,1,59,60,10,1,0,0,8,23,3,0,34,34,13,1,0,1,3,11,6,1,20,21,0,0,0,0,0,0,0,0,0,0,0,0,0,0,0,5,0,0,5,5,229,1,15,-18,220,New Orleans
2013,10,17,28,1,3,4,11,39,17,7,67,74,14,1,1,2,5,25,6,3,36,39,12,0,2,1,6,10,11,3,27,30,0,0,0,0,0,0,0,0,0,0,2,0,0,1,0,4,0,1,4,5,229,1,12,-17,221,New Orleans
2014,10,17,24,0,0,0,11,41,20,0,72,72,10,0,0,0,8,27,4,0,39,39,13,0,0,0,3,9,14,0,26,26,0,0,0,0,0,2,0,0,2,2,1,0,0,0,0,3,2,0,5,5,181,4,13,-16,222,New Orleans
2015,10,17,44,0,7,2,9,31,13,9,53,62,21,0,4,0,4,19,3,4,26,30,20,0,2,2,5,10,9,4,24,28,1,0,0,0,0,0,1,0,1,1,2,0,1,0,0,2,0,1,2,3,157,2,7,-15,223,New Orleans
2016,10,17,30,0,2,5,5,32,13,7,50,57,15,0,1,4,3,18,5,5,26,31,14,0,1,0,2,10,8,1,20,21,0,0,0,1,0,1,0,1,1,2,1,0,0,0,0,3,0,0,3,3,150,3,10,-20,218,New Orleans
2017,10,17,36,0,0,3,9,36,14,3,59,62,21,0,0,2,5,21,3,2,29,31,12,0,0,0,3,13,9,0,25,25,0,0,0,0,1,0,2,0,3,3,3,0,0,1,0,2,0,1,2,3,175,3,13,-19,219,New Orleans
2018,10,17,44,1,0,3,8,36,23,3,67,70,24,0,0,3,2,19,13,3,34,37,19,0,0,0,4,12,10,0,26,26,0,0,0,0,1,1,0,0,2,2,1,1,0,0,1,4,0,0,5,5,213,4,9,-18,220,New Orleans
2019,10,17,47,2,1,5,3,40,44,6,87,93,26,0,0,3,1,28,10,3,39,42,18,1,1,1,1,10,34,2,45,47,0,0,0,0,0,1,0,0,1,1,3,1,0,1,1,1,0,1,2,3,196,4,8,-17,221,New Orleans
2020,10,17,51,2,1,8,5,24,37,9,66,75,23,1,1,3,3,14,17,4,34,38,25,1,0,3,1,9,16,3,26,29,0,0,0,0,0,0,0,0,0,0,3,0,0,2,1,1,4,2,6,8,181,0,14,-15,223,New Orleans
2021,10,17,49,2,3,4,3,26,37,7,66,73,24,0,1,1,1,8,11,2,20,22,20,0,2,2,2,16,23,4,41,45,1,0,0,0,0,0,1,0,1,1,4,2,0,1,0,2,2,1,4,5,174,3,15,-21,217,New Orleans
2022,10,17,30,2,4,4,10,25,15,8,50,58,16,1,1,2,1,14,4,3,19,22,13,1,3,1,8,11,9,4,28,32,0,0,0,0,1,0,1,0,2,2,1,0,0,1,0,0,1,1,1,2,123,4,3,-20,218,New Orleans
2023,10,17,32,3,1,5,3,22,14,6,39,45,16,2,0,2,0,13,5,2,18,20,14,1,1,3,3,6,9,4,18,22,1,0,0,0,0,1,0,0,1,1,1,0,0,0,0,2,0,0,2,2,136,2,4,-19,219,New Orleans
2024,10,17,52,1,1,6,2,36,17,7,55,62,32,0,1,3,1,23,3,4,27,31,20,1,0,2,1,10,12,2,23,25,0,0,0,0,0,0,1,0,1,1,0,0,0,1,0,3,1,1,4,5,173,3,10,-17,221,New Orleans
2012,11,17,31,4,3,2,4,36,18,5,58,63,11,1,0,1,2,17,8,1,27,28,20,3,3,1,2,18,10,4,30,34,0,0,0,0,0,0,0,0,0,0,0,0,0,0,0,1,0,0,1,1,164,1,7,13,251,New Orleans
2013,11,17,34,0,4,2,7,28,15,6,50,56,12,0,1,1,4,14,9,2,27,29,19,0,3,1,3,10,6,4,19,23,0,0,0,0,0,0,0,0,0,0,3,0,0,0,0,4,0,0,4,4,140,0,11,14,252,New Orleans
2014,11,17,25,0,3,1,9,27,20,4,56,60,8,0,1,0,3,9,9,1,21,22,16,0,2,1,5,14,9,3,28,31,0,0,0,0,0,0,0,0,0,0,1,0,0,0,1,4,2,0,7,7,134,0,12,15,253,New Orleans
2015,11,17,45,1,3,2,6,38,12,5,56,61,29,1,0,0,5,21,4,0,30,30,15,0,3,1,1,15,7,4,23,27,0,0,0,0,0,0,0,0,0,0,1,0,0,1,0,2,1,1,3,4,170,0,10,16,254,New Orleans
2016,11,17,40,0,7,1,5,33,10,8,48,56,23,0,2,0,1,18,4,2,23,25,13,0,4,1,3,13,5,5,21,26,0,0,0,0,0,0,0,0,0,0,4,0,1,0,1,2,1,1,4,5,173,0,13,11,249,New Orleans
2017,11,17,40,0,5,3,2,29,10,8,41,49,18,0,0,1,1,15,3,1,19,20,21,0,3,2,1,11,7,5,19,24,0,0,0,0,0,0,0,0,0,0,1,0,2,0,0,3,0,2,3,5,162,0,14,12,250,New Orleans
2018,11,17,48,2,2,7,5,32,23,9,60,69,24,1,0,2,3,15,9,2,27,29,20,1,2,4,2,15,11,6,28,34,0,0,0,0,0,0,0,0,0,0,4,0,0,1,0,2,3,1,5,6,194,0,14,13,251,New Orleans
2019,11,17,55,6,4,6,5,38,39,10,82,92,21,4,1,2,4,15,7,3,26,29,28,1,3,4,1,18,31,7,50,57,0,0,0,0,0,1,0,0,1,1,6,1,0,0,0,4,1,0,5,5,220,2,17,14,252,New Orleans
2020,11,17,46,4,1,5,8,33,37,6,78,84,23,2,0,4,3,21,10,4,34,38,19,1,1,1,5,9,26,2,40,42,0,0,0,0,0,1,0,0,1,1,4,1,0,0,0,2,1,0,3,3,193,1,11,16,254,New Orleans
2021,11,17,40,6,5,6,4,22,25,11,51,62,20,1,2,3,2,18,7,5,27,32,19,4,2,3,2,4,18,5,24,29,1,0,0,0,0,0,0,0,0,0,0,1,1,0,0,0,0,1,0,1,155,2,8,10,248,New Orleans
2022,11,17,18,3,1,4,4,16,16,5,36,41,9,1,0,2,1,2,2,2,5,7,6,2,1,2,3,13,14,3,30,33,0,0,0,0,0,0,0,0,0,0,3,0,0,0,0,1,0,0,1,1,106,1,8,11,249,New Orleans
2023,11,17,43,2,1,2,3,35,19,3,57,60,12,0,0,1,0,14,4,1,18,19,28,2,1,1,3,16,15,2,34,36,0,0,0,0,0,2,0,0,2,2,3,0,0,0,0,3,0,0,3,3,165,3,12,12,250,New Orleans
2024,11,17,36,2,1,3,2,45,20,4,67,71,17,1,0,2,1,24,5,2,30,32,15,1,1,1,1,20,14,2,35,37,0,0,0,0,0,0,0,0,0,0,4,0,0,0,0,1,1,0,2,2,166,0,8,14,252,New Orleans
2012,12,17,26,1,3,5,9,38,6,8,53,61,7,1,2,2,5,28,4,4,37,41,17,0,1,2,2,9,2,3,13,16,0,0,0,0,0,0,0,0,0,0,2,0,0,1,2,1,0,1,3,4,197,1,16,43,281,New Orleans
2013,12,17,33,0,3,4,10,29,22,7,61,68,10,0,1,2,6,17,6,3,29,32,22,0,2,1,4,11,14,3,29,32,0,0,0,0,0,0,0,0,0,0,1,0,0,1,0,1,2,1,3,4,225,4,11,44,282,New Orleans
2014,12,17,34,0,5,1,8,18,10,6,36,42,17,0,1,0,4,11,6,1,21,22,14,0,4,1,3,7,4,5,14,19,1,0,0,0,0,0,0,0,0,0,2,0,0,0,1,0,0,0,1,1,155,2,9,45,283,New Orleans
2015,12,17,31,3,3,4,14,24,17,7,55,62,16,2,1,1,10,11,6,2,27,29,13,1,2,3,3,12,11,5,26,31,0,0,0,0,0,0,0,0,0,0,2,0,0,0,1,1,0,0,2,2,152,2,5,46,284,New Orleans
2016,12,17,45,0,5,8,3,23,17,13,43,56,21,0,2,2,1,8,5,4,14,18,23,0,3,5,2,14,11,8,27,35,0,0,0,0,0,0,0,0,0,0,1,0,0,1,0,1,1,1,2,3,154,1,8,41,279,New Orleans
2017,12,17,55,0,0,3,1,33,18,3,52,55,23,0,0,3,0,21,2,3,23,26,30,0,0,0,0,11,14,0,25,25,0,0,0,0,0,1,0,0,1,1,2,0,0,0,1,0,2,0,3,3,182,1,7,42,280,New Orleans
2018,12,17,49,1,2,3,6,30,20,5,56,61,26,1,0,1,1,17,5,1,23,24,18,0,2,2,5,10,15,4,30,34,0,0,0,0,0,0,0,0,0,0,5,0,0,0,0,3,0,0,3,3,190,0,12,43,281,New Orleans
2019,12,17,1,1,0,2,2,10,4,2,16,18,1,1,0,2,1,7,1,2,9,11,0,0,0,0,1,2,3,0,6,6,0,0,0,0,0,0,0,0,0,0,0,0,0,0,0,1,0,0,1,1,31,0,2,44,282,New Orleans
2020,12,17,28,1,7,3,4,29,17,10,50,60,12,0,2,3,1,19,6,5,26,31,13,1,5,0,3,8,11,5,22,27,0,0,0,0,0,1,0,0,1,1,3,0,0,0,0,1,0,0,1,1,126,2,8,46,284,New Orleans
2021,12,17,31,1,3,4,4,25,17,7,46,53,12,0,0,1,3,16,12,1,31,32,16,1,3,2,1,8,5,5,14,19,0,0,0,0,0,0,0,0,0,0,3,0,0,1,0,1,0,1,1,2,135,0,6,40,278,New Orleans
2022,12,17,33,2,4,4,5,21,52,8,78,86,17,2,1,0,4,3,14,1,21,22,14,0,3,4,1,18,36,7,55,62,1,0,0,0,0,0,1,0,1,1,1,0,0,0,0,0,1,0,1,1,152,2,5,41,279,New Orleans
2023,12,17,48,5,0,3,3,27,42,3,72,75,19,2,0,3,2,13,9,3,24,27,28,2,0,0,1,12,29,0,42,42,0,0,0,0,0,0,1,0,1,1,1,1,0,0,0,2,3,0,5,5,178,3,11,42,280,New Orleans
2024,12,17,29,1,1,2,2,25,10,3,37,40,13,1,0,1,1,16,4,1,21,22,11,0,1,1,1,6,6,2,13,15,0,0,0,0,0,0,0,0,0,0,5,0,0,0,0,3,0,0,3,3,104,0,9,44,282,New Orleans
2012,1,18,13,1,4,4,10,36,19,8,65,73,5,1,1,1,5,18,5,2,28,30,7,0,2,3,3,14,14,5,31,36,0,0,0,0,0,0,0,0,0,0,1,0,1,0,2,4,0,1,6,7,217,0,11,-291,-53,New Orleans
2013,1,18,19,2,1,2,10,44,14,3,68,71,7,0,0,0,8,22,6,0,36,36,12,2,1,2,1,21,8,3,30,33,0,0,0,0,0,0,0,0,0,0,0,0,0,0,1,1,0,0,2,2,170,0,8,-289,-51,New Orleans
2014,1,18,31,0,6,2,6,29,13,8,48,56,11,0,3,1,1,13,5,4,19,23,18,0,3,1,5,13,6,4,24,28,0,0,0,0,0,0,0,0,0,0,2,0,0,0,0,3,2,0,5,5,153,0,10,-288,-50,New Orleans
2015,1,18,20,2,2,4,6,27,17,6,50,56,6,1,0,2,2,13,6,2,21,23,14,1,1,2,4,14,9,3,27,30,0,0,0,0,0,0,1,0,1,1,0,0,1,0,0,0,1,1,1,2,132,2,7,-287,-49,New Orleans
2016,1,18,39,1,4,4,8,27,11,8,46,54,16,1,3,3,6,16,4,6,26,32,19,0,1,1,2,10,7,2,19,21,0,0,0,0,0,0,0,0,0,0,4,0,0,0,0,1,0,0,1,1,146,0,6,-293,-55,New Orleans
2017,1,18,35,0,3,4,4,33,18,7,55,62,19,0,1,3,3,24,7,4,34,38,14,0,2,1,1,8,11,3,20,23,0,0,0,0,0,0,0,0,0,0,2,0,0,0,0,1,0,0,1,1,180,0,9,-291,-53,New Orleans
2018,1,18,49,1,0,5,3,20,11,5,34,39,26,1,0,2,1,18,3,2,22,24,19,0,0,2,2,2,7,2,11,13,0,0,0,0,0,0,0,0,0,0,4,0,0,1,0,0,1,1,1,2,160,1,17,-290,-52,New Orleans
2019,1,18,57,4,1,5,6,29,30,6,65,71,21,3,0,0,4,21,3,0,28,28,27,1,1,5,2,8,24,6,34,40,1,0,0,0,0,0,0,0,0,0,8,0,0,0,0,0,3,0,3,3,206,2,15,-289,-51,New Orleans
2020,1,18,27,4,8,3,1,25,21,11,47,58,10,2,1,2,1,11,7,3,19,22,15,2,6,1,0,14,12,7,26,33,0,0,0,0,0,0,0,0,0,0,2,0,1,0,0,0,2,1,2,3,120,0,7,-288,-50,New Orleans
2021,1,18,40,0,2,9,6,18,26,11,50,61,17,0,1,3,1,12,10,4,23,27,21,0,1,5,5,4,14,6,23,29,0,0,0,0,0,0,0,0,0,0,2,0,0,1,0,2,2,1,4,5,155,1,8,-293,-55,New Orleans
2022,1,18,30,0,4,7,2,22,23,11,47,58,18,0,1,3,1,14,8,4,23,27,9,0,3,3,1,6,15,6,22,28,0,0,0,0,0,0,0,0,0,0,3,0,0,1,0,2,0,1,2,3,143,1,8,-292,-54,New Orleans
2023,1,18,32,2,2,2,5,22,47,4,74,78,16,1,1,0,2,15,13,1,30,31,16,0,1,2,3,7,33,3,43,46,0,0,0,0,0,0,0,0,0,0,0,1,0,0,0,0,1,0,1,1,169,0,4,-291,-53,New Orleans
2024,1,18,41,2,2,3,1,29,20,5,50,55,21,0,1,1,0,14,7,2,21,23,17,2,1,1,1,13,12,2,26,28,0,0,0,0,0,0,0,0,0,0,3,0,0,1,0,2,1,1,3,4,154,0,8,-290,-52,New Orleans
2012,2,18,24,2,3,2,3,45,11,5,59,64,6,1,0,0,1,7,6,0,14,14,18,1,3,2,2,33,5,5,40,45,0,0,0,0,0,2,0,0,2,2,0,0,0,0,0,3,0,0,3,3,171,2,8,-260,-22,New Orleans
2013,2,18,16,0,2,1,7,40,8,3,55,58,5,0,0,0,4,27,2,0,33,33,9,0,2,0,2,9,5,2,16,18,0,0,0,0,0,0,0,0,0,0,2,0,0,1,1,4,1,1,6,7,157,0,9,-258,-20,New Orleans
2014,2,18,19,2,4,3,10,36,6,7,52,59,5,2,3,0,2,19,2,3,23,26,14,0,1,3,8,12,4,4,24,28,0,0,0,0,0,0,0,0,0,0,0,0,0,0,0,5,0,0,5,5,170,0,11,-257,-19,New Orleans
2015,2,18,39,1,4,2,3,37,16,6,56,62,19,0,1,1,1,26,3,2,30,32,18,1,3,1,2,11,13,4,26,30,0,0,0,0,0,0,0,0,0,0,2,0,0,0,0,0,0,0,0,0,158,0,5,-256,-18,New Orleans
2016,2,18,28,2,2,5,1,28,16,7,45,52,14,1,0,3,0,16,9,3,25,28,13,1,2,0,1,10,7,2,18,20,0,0,0,0,0,1,0,0,1,1,1,0,0,2,0,1,0,2,1,3,150,2,10,-262,-24,New Orleans
2017,2,18,35,6,7,8,6,75,17,15,98,113,17,1,3,4,6,26,5,7,37,44,15,4,3,4,0,44,11,7,55,62,0,0,0,0,0,0,0,0,0,0,3,1,1,0,0,5,1,1,6,7,241,0,16,-260,-22,New Orleans
2018,2,18,47,4,5,6,6,28,25,11,59,70,22,2,1,2,4,13,4,3,21,24,21,2,4,3,2,14,19,7,35,42,0,0,0,0,0,0,1,0,1,1,4,0,0,1,0,1,1,1,2,3,195,3,9,-259,-21,New Orleans
2019,2,18,50,1,1,3,6,38,22,4,66,70,27,1,1,1,4,23,9,2,36,38,20,0,0,2,2,14,12,2,28,30,0,0,0,0,0,0,1,0,1,1,3,0,0,0,0,1,0,0,1,1,189,1,13,-258,-20,New Orleans
2020,2,18,46,2,0,1,6,38,17,1,61,62,22,1,0,0,2,20,1,0,23,23,23,0,0,1,4,17,16,1,37,38,0,0,0,0,0,0,0,0,0,0,1,1,0,0,0,1,0,0,1,1,168,0,8,-257,-19,New Orleans
2021,2,18,37,3,3,2,4,21,28,5,53,58,18,2,3,2,1,12,16,5,29,34,17,1,0,0,3,7,9,0,19,19,0,0,0,0,0,0,1,0,1,1,2,0,0,0,0,2,2,0,4,4,141,1,11,-262,-24,New Orleans
2022,2,18,23,0,2,2,4,49,24,4,77,81,9,0,0,2,2,19,9,2,30,32,12,0,1,0,2,29,14,1,45,46,1,0,0,0,0,0,0,0,0,0,1,0,1,0,0,1,1,1,2,3,170,2,8,-261,-23,New Orleans
2023,2,18,42,11,1,7,5,186,48,8,239,247,17,2,0,2,0,65,18,2,83,85,25,9,1,4,4,109,25,5,138,143,0,0,0,1,0,0,1,1,1,2,0,0,0,0,1,12,4,0,17,17,372,3,22,-260,-22,New Orleans
2024,2,18,37,3,0,4,3,27,15,4,45,49,14,2,0,1,2,16,7,1,25,26,21,1,0,2,1,11,7,2,19,21,0,0,0,0,0,0,0,0,0,0,2,0,0,1,0,0,1,1,1,2,139,0,10,-259,-21,New Orleans
2012,3,18,34,4,2,3,5,22,14,5,41,46,15,2,1,1,4,10,7,2,21,23,16,0,0,2,0,11,6,2,17,19,0,0,0,0,0,0,0,0,0,0,3,2,1,0,1,1,1,1,3,4,150,0,13,-231,7,New Orleans
2013,3,18,23,0,4,1,16,31,20,5,67,72,14,0,2,0,10,20,5,2,35,37,8,0,2,1,5,9,13,3,27,30,0,0,0,0,1,1,1,0,3,3,1,0,0,0,0,1,1,0,2,2,204,3,7,-230,8,New Orleans
2014,3,18,24,3,3,2,6,35,8,5,49,54,12,2,0,0,4,26,4,0,34,34,8,1,2,2,2,5,4,4,11,15,0,0,0,0,0,0,0,0,0,0,4,0,1,0,0,4,0,1,4,5,170,1,10,-229,9,New Orleans
2015,3,18,31,1,1,2,6,33,16,3,55,58,12,0,0,0,1,16,9,0,26,26,17,0,1,1,5,15,7,2,27,29,0,0,0,1,0,1,0,1,1,2,2,1,0,0,0,1,0,0,1,1,187,2,15,-228,10,New Orleans
2016,3,18,35,0,0,2,3,31,8,2,42,44,20,0,0,1,2,23,3,1,28,29,12,0,0,1,1,7,5,1,13,14,2,0,0,0,0,0,0,0,0,0,1,0,0,0,0,1,0,0,1,1,142,2,6,-233,5,New Orleans
2017,3,18,47,1,1,3,10,49,19,4,78,82,22,0,1,1,6,19,9,2,34,36,23,1,0,2,2,27,10,2,39,41,0,0,0,0,0,2,0,0,2,2,2,0,0,0,2,1,0,0,3,3,188,2,10,-232,6,New Orleans
2018,3,18,60,2,4,6,6,31,14,10,51,61,26,2,1,4,4,13,5,5,22,27,30,0,3,1,2,14,7,4,23,27,0,0,0,0,0,0,0,0,0,0,4,0,0,1,0,4,2,1,6,7,209,1,21,-231,7,New Orleans
2019,3,18,58,4,3,3,8,29,15,6,52,58,30,1,0,2,3,17,7,2,27,29,23,2,2,1,5,10,8,3,23,26,1,0,0,0,0,0,0,0,0,0,4,1,1,0,0,2,0,1,2,3,191,1,12,-230,8,New Orleans
2020,3,18,41,1,3,2,7,29,57,5,93,98,22,1,2,0,1,20,11,2,32,34,13,0,1,2,6,8,44,3,58,61,1,0,0,0,0,0,1,0,1,1,5,0,0,0,0,1,1,0,2,2,199,2,8,-228,10,New Orleans
2021,3,18,42,1,2,10,0,17,16,12,33,45,29,1,0,9,0,13,5,9,18,27,12,0,2,1,0,4,10,3,14,17,0,0,0,0,0,0,1,0,1,1,1,0,0,0,0,0,0,0,0,0,155,1,3,-234,4,New Orleans
2022,3,18,43,0,2,8,3,42,11,10,56,66,24,0,1,5,1,23,6,6,30,36,14,0,1,3,1,19,5,4,25,29,2,0,0,0,0,0,0,0,0,0,3,0,0,0,1,0,0,0,1,1,158,2,10,-233,5,New Orleans
2023,3,18,36,0,1,5,3,23,43,6,69,75,20,0,0,2,2,7,7,2,16,18,13,0,1,2,1,14,35,3,50,53,0,0,0,0,0,0,1,0,1,1,3,0,0,1,0,2,0,1,2,3,153,1,11,-232,6,New Orleans
2024,3,18,31,3,2,4,6,30,19,6,55,61,20,3,1,4,2,19,8,5,29,34,7,0,0,0,4,8,8,0,20,20,0,0,0,0,0,1,2,0,3,3,4,0,1,0,0,2,1,1,3,4,166,4,12,-230,8,New Orleans
2012,4,18,31,2,1,1,9,24,12,2,45,47,14,1,1,1,5,17,3,2,25,27,14,1,0,0,4,5,9,0,18,18,0,0,0,0,0,0,0,0,0,0,3,0,0,0,0,2,0,0,2,2,205,0,9,-200,38,New Orleans
2013,4,18,24,4,3,1,8,29,17,4,54,58,16,3,1,0,7,19,5,1,31,32,7,0,2,0,1,8,12,2,21,23,0,0,0,0,0,0,0,0,0,0,1,1,0,1,0,2,0,1,2,3,188,0,13,-199,39,New Orleans
2014,4,18,26,1,0,4,10,31,19,4,60,64,8,0,0,3,5,17,7,3,29,32,14,1,0,1,4,11,11,1,26,27,0,0,0,0,0,1,1,0,2,2,4,0,0,0,1,2,0,0,3,3,175,3,15,-198,40,New Orleans
2015,4,18,29,0,2,4,11,27,20,6,58,64,13,0,1,2,5,17,6,3,28,31,14,0,1,2,5,9,13,3,27,30,0,0,0,0,0,1,0,0,1,1,2,0,0,0,1,0,1,0,2,2,149,2,8,-197,41,New Orleans
2016,4,18,37,1,5,5,12,30,8,10,50,60,21,1,0,2,9,19,5,2,33,35,12,0,5,2,3,11,3,7,17,24,1,0,0,0,0,0,0,0,0,0,3,0,0,1,0,0,0,1,0,1,172,1,10,-202,36,New Orleans
2017,4,18,33,2,5,1,4,41,17,6,62,68,14,2,3,0,2,35,10,3,47,50,16,0,2,1,2,4,6,3,12,15,0,0,0,0,0,0,0,0,0,0,3,0,0,0,0,2,1,0,3,3,183,1,12,-201,37,New Orleans
2018,4,18,57,0,8,2,5,22,18,10,45,55,30,0,3,2,2,14,10,5,26,31,24,0,5,0,3,5,5,5,13,18,0,0,0,0,0,1,0,0,1,1,3,0,0,0,0,2,3,0,5,5,190,3,16,-200,38,New Orleans
2019,4,18,42,0,1,5,9,28,44,6,81,87,25,0,0,2,3,17,11,2,31,33,11,0,1,3,6,9,29,4,44,48,0,0,0,0,0,0,0,0,0,0,6,0,0,0,0,2,4,0,6,6,191,1,20,-199,39,New Orleans
2020,4,18,51,1,0,2,8,22,14,2,44,46,27,0,0,0,5,15,11,0,31,31,19,1,0,1,3,7,3,1,13,14,0,0,0,0,0,0,0,0,0,0,5,0,0,1,0,0,0,1,0,1,126,0,8,-197,41,New Orleans
2021,4,18,35,2,3,8,4,20,29,11,53,64,20,0,3,3,3,15,15,6,33,39,14,2,0,5,1,4,13,5,18,23,0,0,0,0,0,0,0,0,0,0,1,0,0,0,0,1,1,0,2,2,157,0,13,-203,35,New Orleans
2022,4,18,37,0,7,11,10,21,28,18,59,77,22,0,3,5,8,15,16,8,39,47,14,0,4,6,2,5,11,10,18,28,0,0,0,0,0,0,0,0,0,0,1,0,0,0,0,1,1,0,2,2,170,0,7,-202,36,New Orleans
2023,4,18,37,1,1,6,3,29,28,7,60,67,26,1,0,1,0,22,4,1,26,27,7,0,1,4,3,5,22,5,30,35,0,0,0,0,0,0,1,0,1,1,4,0,0,1,0,2,1,1,3,4,156,1,12,-201,37,New Orleans
2024,4,18,30,2,0,4,5,42,27,4,74,78,20,2,0,0,2,24,4,0,30,30,9,0,0,2,3,14,22,2,39,41,0,0,0,0,0,1,0,0,1,1,1,0,0,2,0,3,1,2,4,6,167,1,11,-199,39,New Orleans
2012,5,18,22,1,2,1,5,40,6,3,51,54,9,0,1,1,3,27,3,2,33,35,9,0,1,0,2,9,3,1,14,15,1,0,0,0,0,1,0,0,1,1,3,1,0,0,0,3,0,0,3,3,184,2,14,-170,68,New Orleans
2013,5,18,35,1,6,5,4,36,15,11,55,66,19,1,1,3,2,25,6,4,33,37,15,0,5,2,2,11,8,7,21,28,1,0,0,0,0,0,0,0,0,0,0,0,0,0,0,0,1,0,1,1,183,3,6,-169,69,New Orleans
2014,5,18,38,3,6,10,6,30,20,16,56,72,20,2,0,4,4,13,7,4,24,28,11,1,6,6,2,15,11,12,28,40,2,0,0,0,0,0,0,0,0,0,5,0,0,0,0,2,2,0,4,4,182,3,16,-168,70,New Orleans
2015,5,18,35,2,4,4,10,31,19,8,60,68,22,2,1,2,6,26,8,3,40,43,10,0,2,1,4,4,11,3,19,22,0,0,0,0,0,0,0,0,0,0,3,0,1,1,0,1,0,2,1,3,163,0,8,-167,71,New Orleans
2016,5,18,42,1,9,3,7,36,14,12,57,69,29,0,4,0,3,25,6,4,34,38,10,1,4,2,4,7,8,6,19,25,1,0,1,0,0,1,0,1,1,2,2,0,0,1,0,3,0,1,3,4,169,3,12,-172,66,New Orleans
2017,5,18,42,2,5,6,10,38,25,11,73,84,24,2,3,2,2,22,11,5,35,40,14,0,2,3,7,12,10,5,29,34,0,0,0,0,1,2,1,0,4,4,4,0,0,1,0,2,3,1,5,6,201,4,11,-171,67,New Orleans
2018,5,18,42,0,0,2,0,45,19,2,64,66,23,0,0,1,0,25,6,1,31,32,16,0,0,1,0,16,12,1,28,29,0,0,0,0,0,1,0,0,1,1,3,0,0,0,0,3,1,0,4,4,178,1,12,-170,68,New Orleans
2019,5,18,40,2,2,7,7,41,20,9,68,77,23,0,1,2,1,25,6,3,32,35,14,2,1,3,6,14,14,4,34,38,0,0,0,0,0,0,0,0,0,0,3,0,0,2,0,2,0,2,2,4,200,2,10,-169,69,New Orleans
2020,5,18,47,0,2,6,8,33,19,8,60,68,32,0,0,4,5,30,7,4,42,46,10,0,2,2,2,3,9,4,14,18,0,0,0,0,1,0,1,0,2,2,5,0,0,0,0,0,2,0,2,2,155,2,11,-167,71,New Orleans
2021,5,18,62,2,0,2,5,12,50,2,67,69,36,1,0,1,4,9,29,1,42,43,21,1,0,1,1,2,20,1,23,24,1,0,0,0,0,0,0,0,0,0,4,0,0,0,0,1,1,0,2,2,188,2,11,-173,65,New Orleans
2022,5,18,38,1,4,2,7,21,26,6,54,60,20,1,1,1,6,15,15,2,36,38,14,0,2,1,1,4,11,3,16,19,0,0,0,0,0,0,0,0,0,0,4,0,1,0,0,2,0,1,2,3,158,0,11,-172,66,New Orleans
2023,5,18,28,5,2,3,4,17,41,5,62,67,17,3,2,2,2,11,14,4,27,31,8,1,0,1,2,6,25,1,33,34,0,0,0,0,0,0,2,0,2,2,3,1,0,0,0,0,0,0,0,0,154,3,5,-171,67,New Orleans
2024,5,18,50,1,1,5,7,35,13,6,55,61,28,0,0,4,4,19,8,4,31,35,15,1,1,1,3,14,4,2,21,23,2,0,0,0,0,0,1,0,1,1,5,0,0,0,0,2,0,0,2,2,161,3,12,-169,69,New Orleans
2012,6,18,26,4,1,2,11,31,10,3,52,55,15,2,0,1,10,21,7,1,38,39,8,2,1,0,1,10,2,1,13,14,0,0,0,0,0,0,0,0,0,0,3,0,0,1,0,0,1,1,1,2,206,0,11,-139,99,New Orleans
2013,6,18,18,0,4,3,9,35,16,7,60,67,10,0,1,3,6,27,6,4,39,43,6,0,3,0,2,7,9,3,18,21,0,0,0,0,0,0,0,0,0,0,2,0,0,0,1,1,1,0,3,3,167,0,7,-138,100,New Orleans
2014,6,18,39,2,2,5,9,26,22,7,57,64,22,1,1,4,6,17,6,5,29,34,17,1,1,1,3,9,15,2,27,29,0,0,0,0,0,0,0,0,0,0,0,0,0,0,0,0,1,0,1,1,193,0,3,-137,101,New Orleans
2015,6,18,33,3,1,4,6,22,19,5,47,52,21,2,0,2,2,16,4,2,22,24,11,1,1,2,4,5,13,3,22,25,0,0,0,0,0,0,0,0,0,0,1,0,0,0,0,1,2,0,3,3,186,1,12,-136,102,New Orleans
2016,6,18,38,4,4,3,8,29,10,7,47,54,18,0,1,2,6,17,2,3,25,28,14,3,2,1,2,11,7,3,20,23,0,0,0,0,0,0,1,0,1,1,6,1,1,0,0,1,0,1,1,2,160,1,13,-141,97,New Orleans
2017,6,18,37,1,2,9,12,22,21,11,55,66,27,0,1,5,7,13,8,6,28,34,9,1,1,4,4,7,11,5,22,27,0,0,0,0,0,0,0,0,0,0,1,0,0,0,1,2,2,0,5,5,155,0,9,-140,98,New Orleans
2018,6,18,52,3,4,7,6,33,26,11,65,76,28,1,0,5,2,27,10,5,39,44,20,0,4,2,3,5,16,6,24,30,0,0,0,0,0,0,0,0,0,0,4,2,0,0,1,1,0,0,2,2,219,2,12,-139,99,New Orleans
2019,6,18,54,1,1,7,8,35,12,8,55,63,33,1,0,5,3,27,4,5,34,39,15,0,1,2,4,6,8,3,18,21,0,0,0,0,0,0,0,0,0,0,6,0,0,0,1,2,0,0,3,3,187,0,18,-138,100,New Orleans
2020,6,18,52,1,2,5,3,25,36,7,64,71,36,1,0,3,2,19,21,3,42,45,13,0,1,1,1,4,14,2,19,21,0,0,0,0,0,0,0,0,0,0,3,0,1,1,0,2,1,2,3,5,176,0,10,-136,102,New Orleans
2021,6,18,32,1,4,4,1,23,22,8,46,54,20,0,1,3,1,12,13,4,26,30,9,1,2,1,0,11,8,3,19,22,0,0,0,0,0,0,0,0,0,0,3,0,1,0,0,0,1,1,1,2,147,0,8,-142,96,New Orleans
2022,6,18,33,5,4,8,6,25,40,12,71,83,19,2,2,5,4,13,10,7,27,34,11,3,2,3,1,11,27,5,39,44,0,0,0,0,0,0,1,0,1,1,3,0,0,0,1,1,2,0,4,4,177,1,12,-141,97,New Orleans
2023,6,18,35,3,1,2,8,25,25,3,58,61,21,1,1,1,2,14,8,2,24,26,13,2,0,1,6,10,17,1,33,34,0,0,0,0,0,0,0,0,0,0,1,0,0,0,0,1,0,0,1,1,138,1,5,-140,98,New Orleans
2024,6,18,43,2,2,0,6,34,21,2,61,63,25,1,1,0,4,26,6,1,36,37,16,1,1,0,1,7,11,1,19,20,0,0,0,0,0,1,0,0,1,1,2,0,0,0,1,0,4,0,5,5,168,2,12,-138,100,New Orleans
2012,7,18,24,1,2,2,5,35,7,4,47,51,17,0,0,1,4,23,3,1,30,31,6,1,1,1,1,11,3,2,15,17,1,0,0,0,0,1,0,0,1,1,0,0,1,0,0,0,1,1,1,2,175,3,12,-109,129,New Orleans
2013,7,18,23,1,3,2,8,28,28,5,64,69,17,0,1,2,4,21,11,3,36,39,5,1,2,0,3,6,15,2,24,26,0,0,0,0,0,0,0,0,0,0,1,0,0,0,1,1,2,0,4,4,211,1,9,-108,130,New Orleans
2014,7,18,19,0,3,3,12,31,14,6,57,63,8,0,1,0,10,20,7,1,37,38,11,0,2,2,2,10,7,4,19,23,0,0,0,0,0,0,0,0,0,0,0,0,0,1,0,1,0,1,1,2,161,0,9,-107,131,New Orleans
2015,7,18,29,0,2,4,5,27,12,6,44,50,16,0,0,2,2,16,7,2,25,27,11,0,2,0,3,9,4,2,16,18,0,0,0,0,0,0,1,0,1,1,2,0,0,2,0,2,0,2,2,4,121,1,10,-106,132,New Orleans
2016,7,18,29,1,3,3,12,23,20,6,55,61,22,1,0,1,8,17,9,1,34,35,4,0,2,2,3,4,10,4,17,21,1,0,0,0,0,0,1,0,1,1,2,0,1,0,1,2,0,1,3,4,131,2,8,-111,127,New Orleans
2017,7,18,47,3,3,1,6,29,16,4,51,55,23,3,1,0,5,20,8,1,33,34,17,0,2,0,0,7,8,2,15,17,1,0,0,0,0,0,0,0,0,0,6,0,0,1,1,2,0,1,3,4,186,1,19,-110,128,New Orleans
2018,7,18,51,2,2,7,4,44,30,9,78,87,37,1,0,4,1,31,19,4,51,55,11,1,2,2,3,8,11,4,22,26,0,0,0,0,0,2,0,0,2,2,3,0,0,1,0,3,0,1,3,4,228,3,9,-109,129,New Orleans
2019,7,18,49,2,5,6,3,31,19,11,53,64,31,1,0,3,3,19,9,3,31,34,15,1,3,3,0,12,8,6,20,26,0,0,1,0,0,0,1,1,1,2,3,0,1,0,0,0,1,1,1,2,198,3,19,-108,130,New Orleans
2020,7,18,44,2,1,5,5,30,22,6,57,63,29,1,0,1,2,23,11,1,36,37,10,1,1,4,2,6,9,5,17,22,1,0,0,0,0,1,0,0,1,1,4,0,0,0,1,0,2,0,3,3,159,2,12,-106,132,New Orleans
2021,7,18,47,4,2,7,6,27,20,9,53,62,28,1,1,5,0,14,6,6,20,26,17,2,1,1,6,12,14,2,32,34,1,1,0,0,0,0,0,0,0,0,1,0,0,1,0,1,0,1,1,2,160,4,8,-112,126,New Orleans
2022,7,18,27,2,6,4,11,20,16,10,47,57,14,1,5,3,5,13,7,8,25,33,8,0,1,1,6,6,9,2,21,23,1,0,0,0,0,0,0,0,0,0,4,1,0,0,0,1,0,0,1,1,136,1,10,-111,127,New Orleans
2023,7,18,38,6,1,3,3,22,31,4,56,60,19,4,1,2,1,11,10,3,22,25,15,2,0,1,2,11,18,1,31,32,0,0,0,0,0,0,3,0,3,3,4,0,0,0,0,0,0,0,0,0,146,3,8,-110,128,New Orleans
2024,7,18,36,2,1,2,4,24,12,3,40,43,13,1,0,1,2,20,5,1,27,28,17,0,1,1,2,4,7,2,13,15,1,1,0,0,0,0,0,0,0,0,5,0,0,0,0,0,0,0,0,0,138,6,8,-108,130,New Orleans
2012,8,18,33,1,4,7,8,33,5,11,46,57,18,1,2,3,4,16,2,5,22,27,13,0,2,3,4,17,3,5,24,29,0,0,0,0,0,0,0,0,0,0,2,0,0,1,0,0,0,1,0,1,196,1,15,-78,160,New Orleans
2013,8,18,27,1,1,2,7,26,20,3,53,56,8,0,1,0,3,13,6,1,22,23,17,1,0,1,4,12,12,1,28,29,0,0,0,0,0,0,1,0,1,1,2,0,0,1,0,1,1,1,2,3,155,2,14,-77,161,New Orleans
2014,8,18,24,2,1,0,8,32,17,1,57,58,14,2,0,0,7,26,8,0,41,41,8,0,1,0,1,5,9,1,15,16,0,0,0,0,0,0,0,0,0,0,2,0,0,0,0,1,0,0,1,1,198,0,9,-76,162,New Orleans
2015,8,18,30,3,5,0,5,21,8,5,34,39,17,2,2,0,4,18,3,2,25,27,6,0,2,0,1,3,5,2,9,11,0,0,0,0,0,0,0,0,0,0,7,1,1,0,0,0,0,1,0,1,167,0,17,-75,163,New Orleans
2016,8,18,33,0,4,3,7,27,13,7,47,54,19,0,1,2,3,20,3,3,26,29,10,0,3,1,3,6,10,4,19,23,0,0,0,0,0,0,0,0,0,0,4,0,0,0,1,1,0,0,2,2,144,0,8,-80,158,New Orleans
2017,8,18,36,3,5,2,4,44,20,7,68,75,20,2,1,1,3,28,5,2,36,38,13,0,3,1,1,13,14,4,28,32,1,0,1,0,0,1,0,1,1,2,2,1,0,0,0,2,1,0,3,3,190,5,17,-79,159,New Orleans
2018,8,18,46,0,2,2,7,44,14,4,65,69,25,0,0,1,4,20,1,1,25,26,18,0,2,1,3,23,13,3,39,42,0,0,0,0,0,0,0,0,0,0,3,0,0,0,0,1,0,0,1,1,172,0,11,-78,160,New Orleans
2019,8,18,55,2,4,4,5,43,9,8,57,65,36,1,1,0,4,23,2,1,29,30,17,1,3,3,1,17,7,6,25,31,1,0,0,0,0,0,0,0,0,0,1,0,0,1,0,3,0,1,3,4,177,2,11,-77,161,New Orleans
2020,8,18,63,4,2,4,6,34,22,6,62,68,37,2,1,2,6,27,13,3,46,49,21,0,1,1,0,7,9,2,16,18,1,0,0,1,0,0,0,1,0,1,4,2,0,0,0,0,0,0,0,0,189,2,9,-75,163,New Orleans
2021,8,18,53,0,1,6,6,25,8,7,39,46,33,0,0,4,4,18,6,4,28,32,17,0,0,1,2,5,1,1,8,9,0,0,0,0,0,0,0,0,0,0,3,0,1,1,0,2,1,2,3,5,144,0,10,-81,157,New Orleans
2022,8,18,22,5,0,4,5,28,16,4,49,53,13,3,0,1,1,19,7,1,27,28,8,2,0,3,4,8,7,3,19,22,0,0,0,0,0,0,0,0,0,0,1,0,0,0,0,1,2,0,3,3,123,0,4,-80,158,New Orleans
2023,8,18,41,1,1,5,7,30,23,6,60,66,25,0,1,2,1,16,7,3,24,27,15,1,0,2,6,13,15,2,34,36,0,0,0,0,0,0,0,0,0,0,1,0,0,1,0,1,1,1,2,3,160,0,6,-79,159,New Orleans
2024,8,18,50,2,1,5,2,25,19,6,46,52,25,1,0,1,0,15,9,1,24,25,18,1,1,3,2,9,8,4,19,23,1,0,0,0,0,0,0,0,0,0,6,0,0,1,0,1,2,1,3,4,164,1,14,-77,161,New Orleans
2012,9,18,27,3,2,2,9,30,19,4,58,62,14,1,0,1,5,23,7,1,35,36,11,2,2,1,4,6,11,3,21,24,0,0,0,0,0,0,1,0,1,1,2,0,0,0,0,1,0,0,1,1,247,1,30,-47,191,New Orleans
2013,9,18,27,0,4,3,9,38,8,7,55,62,13,0,2,2,6,30,4,4,40,44,13,0,1,1,3,7,3,2,13,15,0,0,0,0,0,0,0,0,0,0,1,0,1,0,0,1,1,1,2,3,149,1,9,-46,192,New Orleans
2014,9,18,33,1,5,2,13,35,14,7,62,69,18,1,1,0,6,24,7,1,37,38,10,0,3,2,7,11,7,5,25,30,0,0,0,0,0,0,0,0,0,0,5,0,1,0,0,0,0,1,0,1,182,0,11,-45,193,New Orleans
2015,9,18,39,2,9,4,15,32,13,13,60,73,25,1,0,4,11,19,5,4,35,39,12,1,8,0,4,10,7,8,21,29,0,0,0,0,0,1,1,0,2,2,2,0,1,0,0,2,0,1,2,3,178,3,8,-44,194,New Orleans
2016,9,18,48,0,2,1,6,30,19,3,55,58,20,0,1,0,4,14,7,1,25,26,20,0,1,1,2,15,10,2,27,29,0,0,0,0,0,0,0,0,0,0,8,0,0,0,0,1,2,0,3,3,157,0,13,-49,189,New Orleans
2017,9,18,54,0,1,5,5,38,20,6,63,69,28,0,0,2,4,23,4,2,31,33,22,0,1,3,1,12,13,4,26,30,2,0,0,0,0,0,1,0,1,1,2,0,0,0,0,3,2,0,5,5,196,4,10,-48,190,New Orleans
2018,9,18,46,0,2,2,8,40,14,4,62,66,19,0,2,0,7,28,5,2,40,42,22,0,0,2,1,11,7,2,19,21,0,0,0,0,0,0,0,0,0,0,5,0,0,0,0,1,2,0,3,3,207,1,18,-47,191,New Orleans
2019,9,18,46,2,2,3,4,43,16,5,63,68,24,1,1,1,3,30,5,2,38,40,12,1,1,2,1,11,11,3,23,26,1,0,0,0,0,0,0,0,0,0,9,0,0,0,0,2,0,0,2,2,205,1,13,-46,192,New Orleans
2020,9,18,53,1,3,7,3,22,24,10,49,59,31,1,2,4,2,11,12,6,25,31,14,0,1,2,1,10,9,3,20,23,0,0,0,0,0,0,0,0,0,0,8,0,0,1,0,1,3,1,4,5,167,1,16,-44,194,New Orleans
2021,9,18,37,0,1,2,6,21,18,3,45,48,22,0,0,2,3,10,8,2,21,23,14,0,1,0,2,9,8,1,19,20,0,0,0,0,1,0,0,0,1,1,1,0,0,0,0,2,2,0,4,4,118,1,9,-50,188,New Orleans
2022,9,18,30,1,4,6,12,19,23,10,54,64,16,1,1,3,5,8,16,4,29,33,13,0,1,3,5,9,6,4,20,24,0,0,0,0,2,1,0,0,3,3,1,0,2,0,0,1,1,2,2,4,136,3,9,-49,189,New Orleans
2023,9,18,53,3,1,0,3,27,25,1,55,56,32,0,0,0,2,14,12,0,28,28,19,2,1,0,1,10,10,1,21,22,0,0,0,0,0,0,1,0,1,1,2,1,0,0,0,3,2,0,5,5,159,2,12,-48,190,New Orleans
2024,9,18,36,1,1,6,3,25,13,7,41,48,19,1,0,2,3,20,7,2,30,32,13,0,1,3,0,4,6,4,10,14,0,0,0,0,0,1,0,0,1,1,4,0,0,1,0,0,0,1,0,1,148,2,6,-46,192,New Orleans
2012,10,18,29,2,2,0,10,26,16,2,52,54,8,1,0,0,5,14,6,0,25,25,19,1,2,0,4,9,9,2,22,24,0,0,0,0,0,1,0,0,1,1,2,0,0,0,1,2,1,0,4,4,182,1,11,-17,221,New Orleans
2013,10,18,20,2,1,2,4,41,6,3,51,54,7,2,0,1,2,22,1,1,25,26,9,0,1,1,2,14,5,2,21,23,1,0,0,0,0,2,0,0,2,2,3,0,0,0,0,3,0,0,3,3,197,3,17,-16,222,New Orleans
2014,10,18,44,0,2,3,7,32,17,5,56,61,11,0,0,0,4,14,8,0,26,26,29,0,2,3,3,13,9,5,25,30,1,0,0,0,0,0,0,0,0,0,3,0,0,0,0,5,0,0,5,5,150,2,9,-15,223,New Orleans
2015,10,18,21,2,2,3,10,28,19,5,57,62,10,0,0,1,3,14,9,1,26,27,9,2,2,2,7,12,10,4,29,33,2,0,0,0,0,1,0,0,1,1,0,0,0,0,0,1,0,0,1,1,139,3,3,-14,224,New Orleans
2016,10,18,40,2,3,8,2,36,12,11,50,61,19,0,3,4,1,22,4,7,27,34,17,2,0,3,1,10,8,3,19,22,1,0,0,0,0,2,0,0,2,2,3,0,0,1,0,2,0,1,2,3,158,5,7,-19,219,New Orleans
2017,10,18,42,3,1,2,7,29,15,3,51,54,27,1,0,1,6,17,3,1,26,27,10,0,1,1,1,6,11,2,18,20,0,0,0,0,0,1,1,0,2,2,5,2,0,0,0,5,0,0,5,5,157,2,19,-18,220,New Orleans
2018,10,18,47,2,1,2,6,41,16,3,63,66,23,1,0,1,3,24,5,1,32,33,18,0,1,1,3,14,10,2,27,29,0,1,0,0,0,0,1,0,1,1,6,0,0,0,0,3,0,0,3,3,203,4,12,-17,221,New Orleans
2019,10,18,42,3,3,3,6,42,15,6,63,69,22,0,2,3,2,24,2,5,28,33,16,3,1,0,4,15,10,1,29,30,0,0,0,0,0,2,0,0,2,2,4,0,0,0,0,1,3,0,4,4,165,4,10,-16,222,New Orleans
2020,10,18,55,3,3,13,5,15,27,16,47,63,28,0,0,7,1,12,14,7,27,34,23,3,3,6,3,3,12,9,18,27,0,0,0,0,1,0,0,0,1,1,4,0,0,0,0,0,1,0,1,1,168,1,10,-14,224,New Orleans
2021,10,18,45,1,1,5,9,24,29,6,62,68,27,0,1,3,5,17,14,4,36,40,14,1,0,2,3,7,13,2,23,25,1,0,0,0,0,0,0,0,0,0,3,0,0,0,1,0,2,0,3,3,163,1,10,-20,218,New Orleans
2022,10,18,29,3,1,2,9,21,53,3,83,86,17,1,1,2,4,16,35,3,55,58,11,2,0,0,5,5,17,0,27,27,0,0,0,0,0,0,0,0,0,0,1,0,0,0,0,0,1,0,1,1,171,0,4,-19,219,New Orleans
2023,10,18,34,3,2,3,0,36,16,5,52,57,20,1,0,1,0,18,7,1,25,26,12,2,2,1,0,15,8,3,23,26,0,0,0,0,0,0,0,0,0,0,2,0,0,1,0,3,1,1,4,5,142,1,10,-18,220,New Orleans
2024,10,18,28,1,1,3,6,38,14,4,58,62,13,1,0,1,4,18,5,1,27,28,14,0,1,1,2,18,9,2,29,31,0,0,0,0,0,0,0,0,0,0,1,0,0,1,0,2,0,1,2,3,145,1,7,-16,222,New Orleans
2012,11,18,26,3,5,1,3,19,9,6,31,37,14,0,1,1,2,9,5,2,16,18,12,2,4,0,1,8,4,4,13,17,0,0,0,0,0,1,0,0,1,1,0,1,0,0,0,1,0,0,1,1,140,1,5,14,252,New Orleans
2013,11,18,29,0,2,3,13,29,12,5,54,59,13,0,0,0,5,17,4,0,26,26,14,0,2,3,8,9,8,5,25,30,1,0,0,0,0,0,0,0,0,0,1,0,0,0,0,3,0,0,3,3,187,2,13,15,253,New Orleans
2014,11,18,34,0,1,3,3,30,14,4,47,51,12,0,0,1,2,18,7,1,27,28,19,0,1,1,1,10,6,2,17,19,0,0,0,0,0,0,0,0,0,0,3,0,0,1,0,2,1,1,3,4,145,0,16,16,254,New Orleans
2015,11,18,35,0,5,2,16,23,17,7,56,63,18,0,3,1,11,15,6,4,32,36,15,0,1,1,5,8,10,2,23,25,0,0,0,0,0,0,1,0,1,1,2,0,1,0,0,0,0,1,0,1,168,3,10,17,255,New Orleans
2016,11,18,41,0,3,9,8,46,8,12,62,74,18,0,1,5,3,24,3,6,30,36,21,0,2,3,4,20,4,5,28,33,0,0,0,0,0,0,0,0,0,0,2,0,0,1,1,2,1,1,4,5,199,0,11,12,250,New Orleans
2017,11,18,52,1,4,2,6,43,9,6,58,64,24,0,0,0,2,22,2,0,26,26,25,1,4,2,2,21,6,6,29,35,0,0,0,0,1,0,0,0,1,1,3,0,0,0,1,0,1,0,2,2,167,3,6,13,251,New Orleans
2018,11,18,59,3,2,13,4,39,18,15,61,76,30,2,0,5,1,15,6,5,22,27,26,1,2,7,2,21,11,9,34,43,0,0,0,1,0,0,0,1,0,1,3,0,0,0,1,3,1,0,5,5,217,4,15,14,252,New Orleans
2019,11,18,36,1,2,3,2,40,46,5,88,93,16,1,0,1,2,27,10,1,39,40,19,0,1,1,0,12,33,2,45,47,0,0,0,0,0,0,1,0,1,1,1,0,1,1,0,1,2,2,3,5,198,2,10,15,253,New Orleans
2020,11,18,32,2,0,6,9,22,40,6,71,77,14,1,0,4,5,13,13,4,31,35,15,1,0,2,4,7,24,2,35,37,0,0,0,0,0,0,0,0,0,0,3,0,0,0,0,2,3,0,5,5,153,0,11,17,255,New Orleans
2021,11,18,40,1,3,8,4,21,15,11,40,51,23,0,2,7,2,14,4,9,20,29,17,1,1,1,2,6,10,2,18,20,0,0,0,0,0,1,0,0,1,1,0,0,0,0,0,0,1,0,1,1,131,1,1,11,249,New Orleans
2022,11,18,41,1,2,4,5,17,45,6,67,73,20,0,1,3,4,9,8,4,21,25,16,1,1,1,1,8,37,2,46,48,1,0,0,0,0,0,0,0,0,0,4,0,0,0,0,0,0,0,0,0,158,1,7,12,250,New Orleans
2023,11,18,43,3,5,3,3,29,28,8,60,68,18,0,1,1,3,8,8,2,19,21,20,3,3,2,0,19,19,5,38,43,0,0,0,0,0,1,0,0,1,1,5,0,1,0,0,1,1,1,2,3,157,1,11,13,251,New Orleans
2024,11,18,41,2,1,1,5,32,14,2,51,53,17,0,0,0,0,15,5,0,20,20,21,1,1,1,5,16,7,2,28,30,0,0,0,0,0,0,0,0,0,0,3,1,0,0,0,1,2,0,3,3,149,1,11,15,253,New Orleans
2012,12,18,28,1,3,1,9,36,7,4,52,56,12,0,1,1,6,23,1,2,30,32,14,1,1,0,3,9,6,1,18,19,0,0,0,0,0,0,0,0,0,0,2,0,1,0,0,4,0,1,4,5,215,0,13,44,282,New Orleans
2013,12,18,22,0,3,2,8,35,18,5,61,66,9,0,2,0,6,25,6,2,37,39,12,0,1,1,2,8,12,2,22,24,0,0,0,1,0,0,0,1,0,1,1,0,0,0,0,2,0,0,2,2,189,2,17,45,283,New Orleans
2014,12,18,36,0,2,3,13,33,18,5,64,69,16,0,2,1,7,15,4,3,26,29,16,0,0,2,5,16,13,2,34,36,0,0,0,0,0,2,0,0,2,2,4,0,0,0,1,0,1,0,2,2,156,3,9,46,284,New Orleans
2015,12,18,33,0,3,5,9,32,16,8,57,65,11,0,0,0,6,19,7,0,32,32,21,0,3,4,3,11,8,7,22,29,0,0,0,0,0,0,0,0,0,0,1,0,0,1,0,2,1,1,3,4,148,0,6,47,285,New Orleans
2016,12,18,39,1,3,3,6,24,17,6,47,53,13,0,0,2,3,9,4,2,16,18,24,0,3,1,3,9,13,4,25,29,0,0,0,0,0,0,0,0,0,0,2,1,0,0,0,6,0,0,6,6,149,0,9,42,280,New Orleans
2017,12,18,45,1,4,3,9,31,17,7,57,64,14,0,1,1,7,17,4,2,28,30,25,1,3,2,2,11,12,5,25,30,0,0,0,0,0,0,1,0,1,1,6,0,0,0,0,3,0,0,3,3,192,3,16,43,281,New Orleans
2018,12,18,49,0,4,3,4,37,12,7,53,60,28,0,0,2,2,27,3,2,32,34,19,0,4,1,2,6,7,5,15,20,0,0,0,0,0,0,0,0,0,0,2,0,0,0,0,4,2,0,6,6,209,1,12,44,282,New Orleans
2019,12,18,0,1,2,1,2,13,8,3,23,26,0,0,2,0,2,9,3,2,14,16,0,1,0,1,0,4,4,1,8,9,0,0,0,0,0,0,0,0,0,0,0,0,0,0,0,0,1,0,1,1,43,0,4,45,283,New Orleans
2020,12,18,28,3,2,8,4,23,25,10,52,62,12,1,0,5,2,14,11,5,27,32,12,2,2,1,2,8,11,3,21,24,1,0,0,0,0,0,1,0,1,1,3,0,0,2,0,1,2,2,3,5,147,2,9,47,285,New Orleans
2021,12,18,42,1,2,3,5,20,21,5,46,51,21,0,1,1,2,7,9,2,18,20,17,1,1,2,3,12,11,3,26,29,0,0,0,0,0,0,1,0,1,1,4,0,0,0,0,1,0,0,1,1,136,4,8,41,279,New Orleans
2022,12,18,33,7,2,4,4,17,54,6,75,81,14,4,0,0,3,12,10,0,25,25,17,3,1,4,1,5,43,5,49,54,0,0,0,0,0,0,0,0,0,0,2,0,1,0,0,0,1,1,1,2,165,0,7,42,280,New Orleans
2023,12,18,35,2,1,4,4,30,43,5,77,82,19,2,0,3,3,17,11,3,31,34,14,0,1,0,1,11,29,1,41,42,0,0,0,0,0,0,1,0,1,1,2,0,0,1,0,2,2,1,4,5,165,2,8,43,281,New Orleans
2024,12,18,28,1,1,2,3,18,14,3,35,38,8,0,0,1,2,10,4,1,16,17,16,1,0,1,0,6,10,1,16,17,2,0,0,0,0,0,0,0,0,0,2,0,1,0,1,2,0,1,3,4,113,3,8,45,283,New Orleans
2012,1,19,25,1,4,1,10,22,19,5,51,56,8,0,1,0,8,14,5,1,27,28,15,1,3,1,2,8,14,4,24,28,0,0,0,0,0,0,0,0,0,0,2,0,0,0,0,0,0,0,0,0,174,0,6,-290,-52,New Orleans
2013,1,19,20,1,2,2,10,50,6,4,66,70,4,0,1,1,8,17,4,2,29,31,16,1,1,1,1,29,2,2,32,34,0,0,0,0,0,0,0,0,0,0,0,0,0,0,1,4,0,0,5,5,171,0,11,-288,-50,New Orleans
2014,1,19,24,1,9,3,8,27,17,12,52,64,12,0,1,1,2,10,7,2,19,21,10,1,6,1,5,13,10,7,28,35,0,0,0,0,0,0,0,0,0,0,2,0,2,1,1,4,0,3,5,8,154,0,13,-287,-49,New Orleans
2015,1,19,40,0,4,1,12,30,13,5,55,60,22,0,1,0,7,14,4,1,25,26,12,0,2,1,4,14,8,3,26,29,1,0,0,0,0,0,0,0,0,0,5,0,1,0,1,2,1,1,4,5,154,1,16,-286,-48,New Orleans
2016,1,19,36,1,4,3,6,28,15,7,49,56,12,1,0,1,4,19,3,1,26,27,19,0,3,2,1,7,12,5,20,25,0,0,0,0,0,0,0,0,0,0,5,0,1,0,1,2,0,1,3,4,149,1,15,-292,-54,New Orleans
2017,1,19,47,8,2,3,8,30,16,5,54,59,24,4,0,2,5,20,3,2,28,30,19,3,2,1,3,9,12,3,24,27,0,0,0,0,0,0,0,0,0,0,4,1,0,0,0,1,1,0,2,2,187,1,11,-290,-52,New Orleans
2018,1,19,44,1,2,1,6,35,20,3,61,64,22,0,1,0,3,20,6,1,29,30,21,1,1,1,1,9,11,2,21,23,0,0,0,0,0,1,0,0,1,1,1,0,0,0,2,5,3,0,10,10,182,1,19,-289,-51,New Orleans
2019,1,19,46,0,2,2,5,47,25,4,77,81,24,0,1,2,3,18,7,3,28,31,20,0,1,0,2,26,18,1,46,47,0,0,0,0,0,0,0,0,0,0,2,0,0,0,0,3,0,0,3,3,212,0,12,-288,-50,New Orleans
2020,1,19,46,2,3,2,3,19,18,5,40,45,20,0,1,0,0,11,8,1,19,20,23,2,2,2,3,8,10,4,21,25,0,0,0,0,0,0,0,0,0,0,3,0,0,0,0,0,0,0,0,0,128,2,5,-287,-49,New Orleans
2021,1,19,36,0,2,4,2,19,28,6,49,55,14,0,1,1,0,15,7,2,22,24,18,0,1,3,2,3,14,4,19,23,1,0,0,0,0,0,0,0,0,0,3,0,0,0,0,1,7,0,8,8,133,1,14,-292,-54,New Orleans
2022,1,19,35,3,3,8,4,23,29,11,56,67,17,1,1,6,3,10,12,7,25,32,17,2,2,2,1,10,15,4,26,30,0,0,0,0,0,0,0,0,0,0,1,0,0,0,0,3,2,0,5,5,167,0,8,-291,-53,New Orleans
2023,1,19,37,5,1,2,9,19,28,3,56,59,19,1,0,1,3,9,10,1,22,23,17,3,0,1,5,9,18,1,32,33,0,0,0,0,0,0,0,0,0,0,1,1,1,0,1,1,0,1,2,3,163,1,6,-290,-52,New Orleans
2024,1,19,35,2,0,2,8,29,20,2,57,59,18,1,0,0,1,15,4,0,20,20,16,0,0,1,6,14,16,1,36,37,0,0,0,0,0,0,0,0,0,0,1,1,0,1,1,0,0,1,1,2,144,0,6,-289,-51,New Orleans
2012,2,19,39,8,3,1,5,78,22,4,105,109,18,1,1,0,3,12,12,1,27,28,16,6,1,1,2,59,7,2,68,70,1,0,0,0,0,1,0,0,1,1,4,1,1,0,0,6,3,1,9,10,272,2,25,-259,-21,New Orleans
2013,2,19,18,1,2,3,9,27,12,5,48,53,7,0,1,1,8,21,7,2,36,38,8,1,0,2,1,6,5,2,12,14,0,0,1,0,0,0,0,1,0,1,3,0,0,0,0,0,0,0,0,0,149,1,7,-257,-19,New Orleans
2014,2,19,36,3,3,2,6,32,14,5,52,57,10,1,2,2,2,19,5,4,26,30,22,2,1,0,4,12,9,1,25,26,0,0,0,0,0,0,0,0,0,0,4,0,0,0,0,1,0,0,1,1,180,0,17,-256,-18,New Orleans
2015,2,19,23,1,2,2,6,23,16,4,45,49,12,1,1,1,4,14,3,2,21,23,9,0,1,0,2,7,12,1,21,22,0,0,0,0,0,0,0,0,0,0,2,0,0,1,0,2,1,1,3,4,128,2,7,-255,-17,New Orleans
2016,2,19,32,1,1,2,5,30,12,3,47,50,14,1,1,0,3,17,4,1,24,25,14,0,0,2,2,12,8,2,22,24,0,0,0,0,0,0,0,0,0,0,4,0,0,0,0,1,0,0,1,1,166,0,10,-261,-23,New Orleans
2017,2,19,63,2,4,4,9,54,24,8,87,95,28,1,1,0,4,20,8,1,32,33,30,1,3,3,4,31,13,6,48,54,1,0,0,0,0,0,0,0,0,0,4,0,0,1,1,3,3,1,7,8,249,1,14,-259,-21,New Orleans
2018,2,19,41,2,2,2,6,29,16,4,51,55,21,1,1,1,4,17,4,2,25,27,16,1,1,1,2,12,12,2,26,28,1,0,0,0,0,0,0,0,0,0,3,0,0,0,0,0,0,0,0,0,170,1,11,-258,-20,New Orleans
2019,2,19,37,0,0,4,9,33,16,4,58,62,22,0,0,0,6,26,6,0,38,38,14,0,0,4,2,5,9,4,16,20,1,0,0,0,0,0,0,0,0,0,0,0,0,0,1,2,1,0,4,4,183,1,10,-257,-19,New Orleans
2020,2,19,31,4,4,4,8,46,28,8,82,90,12,2,1,1,3,18,8,2,29,31,16,2,3,3,4,21,19,6,44,50,1,0,0,0,0,0,0,0,0,0,2,0,0,0,1,7,1,0,9,9,202,1,22,-256,-18,New Orleans
2021,2,19,41,2,2,6,3,28,30,8,61,69,26,1,2,2,1,20,23,4,44,48,12,1,0,3,2,7,4,3,13,16,0,0,0,0,0,1,0,0,1,1,3,0,0,1,0,0,3,1,3,4,174,1,11,-261,-23,New Orleans
2022,2,19,38,5,4,4,3,46,28,8,77,85,16,3,2,1,2,18,11,3,31,34,20,2,2,2,1,25,17,4,43,47,0,0,0,1,0,1,0,1,1,2,2,0,0,0,0,2,0,0,2,2,197,2,8,-260,-22,New Orleans
2023,2,19,40,21,4,9,2,124,64,13,190,203,18,3,1,2,0,41,22,3,63,66,20,16,2,7,2,67,39,9,108,117,0,0,1,0,0,1,1,1,2,3,2,2,0,0,0,15,2,0,17,17,346,3,27,-259,-21,New Orleans
2024,2,19,23,1,5,5,1,29,11,10,41,51,11,1,1,4,1,20,4,5,25,30,11,0,3,1,0,8,5,4,13,17,0,0,0,0,0,0,0,0,0,0,1,0,1,0,0,1,2,1,3,4,128,0,7,-258,-20,New Orleans
2012,3,19,21,3,3,3,10,30,11,6,51,57,11,2,1,1,7,18,3,2,28,30,6,1,2,2,3,10,8,4,21,25,1,0,0,0,0,0,0,0,0,0,3,0,0,0,0,2,0,0,2,2,176,2,8,-230,8,New Orleans
2013,3,19,23,0,1,2,6,33,11,3,50,53,9,0,0,1,4,24,4,1,32,33,11,0,1,1,2,9,6,2,17,19,1,0,0,0,0,0,1,0,1,1,2,0,0,0,0,0,0,0,0,0,176,2,10,-229,9,New Orleans
2014,3,19,32,2,3,3,7,28,14,6,49,55,9,0,0,1,6,18,6,1,30,31,20,2,3,1,1,8,7,4,16,20,0,0,0,0,0,0,0,0,0,0,3,0,0,1,0,2,1,1,3,4,190,1,16,-228,10,New Orleans
2015,3,19,26,2,0,4,6,20,9,4,35,39,10,1,0,1,6,10,3,1,19,20,14,1,0,3,0,9,5,3,14,17,0,0,0,0,0,0,0,0,0,0,2,0,0,0,0,1,1,0,2,2,136,0,9,-227,11,New Orleans
2016,3,19,36,1,4,6,4,28,7,10,39,49,19,0,3,4,2,10,5,7,17,24,13,1,1,1,2,15,2,2,19,21,0,0,0,0,0,0,0,0,0,0,4,0,0,1,0,3,0,1,3,4,136,0,13,-232,6,New Orleans
2017,3,19,53,2,2,2,3,37,20,4,60,64,29,1,2,0,1,18,4,2,23,25,21,1,0,2,2,17,16,2,35,37,0,0,0,0,0,1,0,0,1,1,3,0,0,0,0,1,0,0,1,1,179,1,10,-231,7,New Orleans
2018,3,19,59,1,1,7,4,38,12,8,54,62,33,0,1,4,3,27,5,5,35,40,20,0,0,2,1,8,6,2,15,17,0,0,0,0,0,1,1,0,2,2,6,1,0,1,0,2,0,1,2,3,212,4,14,-230,8,New Orleans
2019,3,19,44,0,2,1,3,29,15,3,47,50,28,0,1,1,1,19,8,2,28,30,11,0,1,0,2,8,6,1,16,17,0,0,0,0,0,0,0,0,0,0,5,0,0,0,0,2,1,0,3,3,167,1,11,-229,9,New Orleans
2020,3,19,62,1,3,2,6,29,14,5,49,54,40,1,1,1,5,22,4,2,31,33,17,0,2,1,1,7,10,3,18,21,1,0,0,0,0,0,0,0,0,0,4,0,0,0,0,0,0,0,0,0,164,1,9,-227,11,New Orleans
2021,3,19,47,1,2,4,2,25,15,6,42,48,26,1,1,4,0,16,5,5,21,26,18,0,1,0,0,8,6,1,14,15,1,0,0,0,0,0,0,0,0,0,2,0,0,0,2,1,4,0,7,7,150,2,13,-233,5,New Orleans
2022,3,19,33,3,2,7,4,33,22,9,59,68,17,0,0,3,1,14,11,3,26,29,14,2,2,4,3,15,10,6,28,34,0,0,0,0,0,1,0,0,1,1,2,1,0,0,0,3,1,0,4,4,162,2,12,-232,6,New Orleans
2023,3,19,41,2,3,4,4,17,58,7,79,86,24,2,0,1,2,7,16,1,25,26,15,0,3,3,2,9,41,6,52,58,0,0,0,0,0,0,0,0,0,0,2,0,0,0,0,1,1,0,2,2,167,1,6,-231,7,New Orleans
2024,3,19,38,2,0,4,4,23,16,4,43,47,21,1,0,2,4,17,9,2,30,32,13,1,0,1,0,4,7,1,11,12,0,0,0,0,0,1,0,0,1,1,4,0,0,1,0,1,0,1,1,2,144,2,11,-229,9,New Orleans
2012,4,19,26,2,2,4,13,29,15,6,57,63,16,2,0,2,9,20,7,2,36,38,9,0,2,1,4,6,8,3,18,21,0,0,0,0,0,1,0,0,1,1,1,0,0,1,0,2,0,1,2,3,204,2,10,-199,39,New Orleans
2013,4,19,23,3,6,3,12,20,6,9,38,47,12,1,2,2,10,17,2,4,29,33,10,2,4,1,2,3,4,5,9,14,0,0,0,0,0,0,0,0,0,0,1,0,0,0,0,0,0,0,0,0,150,0,1,-198,40,New Orleans
2014,4,19,32,2,5,3,13,38,8,8,59,67,15,1,3,2,5,22,4,5,31,36,14,1,2,0,8,14,4,2,26,28,0,0,0,0,0,0,0,0,0,0,3,0,0,1,0,2,0,1,2,3,175,0,21,-197,41,New Orleans
2015,4,19,32,0,6,4,9,29,11,10,49,59,16,0,0,3,6,14,5,3,25,28,10,0,5,1,2,15,6,6,23,29,0,0,0,0,0,0,0,0,0,0,6,0,1,0,1,0,0,1,1,2,135,0,10,-196,42,New Orleans
2016,4,19,31,0,1,3,6,30,12,4,48,52,24,0,0,1,4,19,5,1,28,29,5,0,1,2,2,9,7,3,18,21,0,0,0,0,0,0,0,0,0,0,2,0,0,0,0,2,0,0,2,2,164,0,9,-201,37,New Orleans
2017,4,19,36,2,2,2,7,36,20,4,63,67,24,0,0,1,6,27,9,1,42,43,10,2,2,1,0,8,11,3,19,22,0,0,0,0,0,0,0,0,0,0,2,0,0,0,1,1,0,0,2,2,191,2,9,-200,38,New Orleans
2018,4,19,51,2,7,2,8,37,8,9,53,62,29,0,2,1,5,25,2,3,32,35,19,2,3,1,3,10,5,4,18,22,0,0,1,0,0,0,0,1,0,1,3,0,1,0,0,2,1,1,3,4,217,1,13,-199,39,New Orleans
2019,4,19,53,0,3,4,3,34,15,7,52,59,34,0,1,3,1,24,6,4,31,35,11,0,2,1,2,10,9,3,21,24,1,0,0,0,0,0,0,0,0,0,7,0,0,0,0,0,0,0,0,0,179,1,11,-198,40,New Orleans
2020,4,19,51,2,0,5,2,26,14,5,42,47,29,2,0,4,1,19,4,4,24,28,18,0,0,1,1,6,10,1,17,18,0,0,0,0,0,0,0,0,0,0,4,0,0,0,0,1,0,0,1,1,148,0,10,-196,42,New Orleans
2021,4,19,45,1,3,6,2,19,10,9,31,40,27,0,2,3,2,13,6,5,21,26,14,1,1,2,0,5,3,3,8,11,0,0,0,0,0,0,0,0,0,0,4,0,0,1,0,1,1,1,2,3,143,0,13,-202,36,New Orleans
2022,4,19,35,3,3,6,7,10,33,9,50,59,27,2,1,4,2,7,8,5,17,22,7,0,2,2,5,3,25,4,33,37,0,0,0,0,0,0,0,0,0,0,1,1,0,0,0,0,0,0,0,0,140,1,3,-201,37,New Orleans
2023,4,19,28,3,6,5,4,29,29,11,62,73,13,2,5,4,0,20,6,9,26,35,11,1,0,0,4,7,22,0,33,33,1,0,0,0,0,0,0,0,0,0,3,0,1,1,0,2,1,2,3,5,144,1,12,-200,38,New Orleans
2024,4,19,47,1,4,6,2,32,9,10,43,53,28,0,1,3,0,19,4,4,23,27,12,1,3,3,2,13,5,6,20,26,0,0,0,0,0,0,0,0,0,0,7,0,0,0,0,0,0,0,0,0,155,0,10,-198,40,New Orleans
2012,5,19,27,0,4,3,9,31,11,7,51,58,14,0,2,2,5,18,4,4,27,31,11,0,0,1,4,11,3,1,18,19,0,0,0,0,0,0,0,0,0,0,2,0,2,0,0,2,4,2,6,8,192,0,17,-169,69,New Orleans
2013,5,19,27,0,6,7,4,28,13,13,45,58,15,0,3,5,3,15,6,8,24,32,11,0,3,1,1,11,7,4,19,23,1,0,0,0,0,0,0,0,0,0,0,0,0,1,0,2,0,1,2,3,171,2,15,-168,70,New Orleans
2014,5,19,33,0,2,2,7,30,14,4,51,55,20,0,0,2,5,19,9,2,33,35,12,0,2,0,2,9,5,2,16,18,0,0,0,0,0,1,0,0,1,1,1,0,0,0,0,1,0,0,1,1,181,2,18,-167,71,New Orleans
2015,5,19,47,1,6,2,13,24,11,8,48,56,28,1,1,1,9,18,5,2,32,34,18,0,5,1,4,5,6,6,15,21,0,0,0,0,0,0,0,0,0,0,1,0,0,0,0,1,0,0,1,1,195,1,21,-166,72,New Orleans
2016,5,19,49,2,6,2,8,26,17,8,51,59,31,2,1,2,6,17,10,3,33,36,14,0,4,0,2,6,5,4,13,17,0,0,0,0,0,0,2,0,2,2,4,0,1,0,0,3,0,1,3,4,190,3,18,-171,67,New Orleans
2017,5,19,45,1,4,5,4,40,17,9,61,70,24,0,0,4,2,24,8,4,34,38,12,0,3,1,2,13,8,4,23,27,2,0,0,0,0,1,0,0,1,1,7,1,1,0,0,2,1,1,3,4,170,3,13,-170,68,New Orleans
2018,5,19,54,1,6,5,2,41,18,11,61,72,29,0,2,2,1,23,8,4,32,36,19,1,3,2,1,17,8,5,26,31,0,0,0,0,0,0,0,0,0,0,6,0,1,1,0,1,2,2,3,5,182,0,15,-169,69,New Orleans
2019,5,19,43,3,0,3,5,45,48,3,98,101,29,0,0,0,4,30,14,0,48,48,11,3,0,3,0,14,32,3,46,49,0,0,0,0,0,0,0,0,0,0,3,0,0,0,1,1,2,0,4,4,204,2,13,-168,70,New Orleans
2020,5,19,57,3,1,6,3,16,24,7,43,50,31,2,0,3,2,15,9,3,26,29,18,0,1,2,1,0,14,3,15,18,0,0,0,0,0,0,1,0,1,1,8,1,0,1,0,1,0,1,1,2,164,1,19,-166,72,New Orleans
2021,5,19,51,3,1,6,2,20,45,7,67,74,29,3,0,4,1,14,15,4,30,34,19,0,1,1,1,4,26,2,31,33,1,0,0,0,0,1,2,0,3,3,2,0,0,1,0,1,2,1,3,4,170,5,9,-172,66,New Orleans
2022,5,19,39,2,1,6,3,11,27,7,41,48,20,2,0,4,2,10,10,4,22,26,15,0,1,1,1,1,13,2,15,17,0,0,0,0,0,0,0,0,0,0,4,0,0,1,0,0,4,1,4,5,133,0,11,-171,67,New Orleans
2023,5,19,33,2,1,6,5,34,26,7,65,72,20,1,0,5,3,11,10,5,24,29,7,1,1,1,2,18,15,2,35,37,0,0,0,0,0,0,1,0,1,1,6,0,0,0,0,5,0,0,5,5,170,3,13,-170,68,New Orleans
2024,5,19,29,1,0,4,5,29,20,4,54,58,14,1,0,3,1,14,8,3,23,26,12,0,0,0,3,13,11,0,27,27,0,0,0,0,0,2,0,0,2,2,3,0,0,1,1,0,1,1,2,3,141,3,7,-168,70,New Orleans
2012,6,19,15,1,3,3,11,27,21,6,59,65,10,1,1,2,7,17,8,3,32,35,4,0,2,0,3,8,11,2,22,24,0,0,0,0,0,1,1,0,2,2,1,0,0,1,1,1,1,1,3,4,213,2,13,-138,100,New Orleans
2013,6,19,32,2,5,2,14,32,22,7,68,75,13,1,3,2,5,25,14,5,44,49,14,1,2,0,9,4,7,2,20,22,0,0,0,0,0,0,0,0,0,0,5,0,0,0,0,3,1,0,4,4,203,0,15,-137,101,New Orleans
2014,6,19,36,1,3,3,9,27,14,6,50,56,16,0,2,2,6,16,8,4,30,34,13,1,1,1,3,10,6,2,19,21,0,0,0,0,0,0,0,0,0,0,7,0,0,0,0,1,0,0,1,1,193,0,12,-136,102,New Orleans
2015,6,19,28,3,7,5,8,25,13,12,46,58,16,0,4,4,6,17,8,8,31,39,9,1,3,1,2,5,5,4,12,16,0,0,0,0,0,0,0,0,0,0,3,2,0,0,0,3,0,0,3,3,153,0,11,-135,103,New Orleans
2016,6,19,36,2,3,4,5,33,16,7,54,61,21,1,1,2,3,24,6,3,33,36,12,1,2,1,1,8,8,3,17,20,1,0,0,0,0,0,0,0,0,0,2,0,0,1,1,1,2,1,4,5,146,3,8,-140,98,New Orleans
2017,6,19,38,1,3,2,5,40,22,5,67,72,25,0,1,2,3,31,13,3,47,50,9,1,2,0,2,9,8,2,19,21,1,0,0,0,0,0,0,0,0,0,3,0,0,0,0,0,1,0,1,1,189,2,7,-139,99,New Orleans
2018,6,19,50,0,5,6,10,30,19,11,59,70,32,0,2,4,6,22,9,6,37,43,15,0,1,2,3,5,10,3,18,21,1,0,0,0,0,0,0,0,0,0,2,0,2,0,1,3,0,2,4,6,231,1,16,-138,100,New Orleans
2019,6,19,43,2,1,2,5,37,15,3,57,60,31,1,0,1,3,22,3,1,28,29,10,1,1,1,2,15,12,2,29,31,0,0,0,0,0,0,0,0,0,0,2,0,0,0,0,0,0,0,0,0,173,0,7,-137,101,New Orleans
2020,6,19,47,0,0,5,6,22,27,5,55,60,26,0,0,4,3,18,16,4,37,41,15,0,0,0,3,3,10,0,16,16,1,0,0,0,0,0,0,0,0,0,5,0,0,1,0,1,1,1,2,3,158,1,10,-135,103,New Orleans
2021,6,19,49,3,1,4,1,22,18,5,41,46,29,2,0,4,1,11,13,4,25,29,17,1,1,0,0,8,4,1,12,13,0,0,0,0,0,0,0,0,0,0,3,0,0,0,0,3,1,0,4,4,142,1,9,-141,97,New Orleans
2022,6,19,35,3,4,8,4,19,34,12,57,69,14,2,3,6,4,15,12,9,31,40,14,0,1,1,0,4,20,2,24,26,0,0,0,0,0,0,0,0,0,0,7,1,0,1,0,0,2,1,2,3,152,0,12,-140,98,New Orleans
2023,6,19,29,0,3,4,6,21,28,7,55,62,17,0,1,4,5,16,11,5,32,37,9,0,2,0,1,4,14,2,19,21,0,0,0,0,0,0,0,0,0,0,3,0,0,0,0,1,3,0,4,4,141,0,9,-139,99,New Orleans
2024,6,19,48,2,1,6,7,22,18,7,47,54,29,2,1,4,4,17,8,5,29,34,13,0,0,1,2,5,10,1,17,18,0,0,0,0,1,0,0,0,1,1,6,0,0,1,0,0,0,1,0,1,158,1,11,-137,101,New Orleans
2012,7,19,21,2,2,2,16,25,14,4,55,59,8,2,0,1,11,18,6,1,35,36,9,0,1,1,4,7,8,2,19,21,2,0,0,0,0,0,0,0,0,0,2,0,1,0,1,0,0,1,1,2,148,3,5,-108,130,New Orleans
2013,7,19,36,1,1,4,11,48,21,5,80,85,17,1,1,3,7,31,5,4,43,47,18,0,0,1,4,16,13,1,33,34,0,0,0,0,0,0,1,0,1,1,1,0,0,0,0,1,2,0,3,3,226,4,18,-107,131,New Orleans
2014,7,19,43,1,7,4,11,38,19,11,68,79,24,0,3,2,8,23,5,5,36,41,18,1,3,1,2,13,13,4,28,32,0,0,0,0,1,0,0,0,1,1,1,0,1,1,0,2,1,2,3,5,208,1,17,-106,132,New Orleans
2015,7,19,34,1,3,5,12,28,17,8,57,65,22,0,0,2,8,11,6,2,25,27,10,1,3,3,4,16,6,6,26,32,0,0,0,0,0,0,1,0,1,1,2,0,0,0,0,1,4,0,5,5,158,2,13,-105,133,New Orleans
2016,7,19,36,1,2,2,10,18,9,4,37,41,22,1,0,1,8,12,4,1,24,25,13,0,2,1,1,6,5,3,12,15,0,0,0,0,0,0,0,0,0,0,1,0,0,0,1,0,0,0,1,1,135,3,8,-110,128,New Orleans
2017,7,19,45,2,2,2,8,33,16,4,57,61,25,2,2,1,2,24,4,3,30,33,18,0,0,0,5,7,11,0,23,23,0,0,0,0,0,0,0,0,0,0,2,0,0,1,1,2,1,1,4,5,175,0,11,-109,129,New Orleans
2018,7,19,52,1,3,3,9,38,25,6,72,78,29,0,0,2,3,30,14,2,47,49,15,1,1,1,5,5,9,2,19,21,1,0,0,0,0,1,1,0,2,2,7,0,2,0,1,2,1,2,4,6,194,5,18,-108,130,New Orleans
2019,7,19,54,0,3,4,9,43,23,7,75,82,36,0,0,2,2,21,11,2,34,36,15,0,2,2,6,18,8,4,32,36,0,0,0,0,0,1,1,0,2,2,3,0,1,0,1,3,3,1,7,8,233,2,19,-107,131,New Orleans
2020,7,19,61,0,0,9,6,26,16,9,48,57,34,0,0,3,4,19,7,3,30,33,18,0,0,4,2,4,7,4,13,17,1,0,0,0,0,1,2,0,3,3,8,0,0,2,0,2,0,2,2,4,158,4,16,-105,133,New Orleans
2021,7,19,37,0,0,8,11,33,15,8,59,67,25,0,0,6,5,25,6,6,36,42,10,0,0,2,6,8,8,2,22,24,0,0,0,0,0,0,0,0,0,0,2,0,0,0,0,0,1,0,1,1,158,0,4,-111,127,New Orleans
2022,7,19,27,2,2,4,6,21,15,6,42,48,14,1,0,4,4,17,7,4,28,32,11,1,1,0,2,4,7,1,13,14,0,0,0,0,0,0,0,0,0,0,2,0,1,0,0,0,1,1,1,2,113,0,6,-110,128,New Orleans
2023,7,19,28,1,2,4,7,18,17,6,42,48,20,1,1,3,3,12,9,4,24,28,5,0,1,1,3,5,8,2,16,18,0,0,0,0,0,0,0,0,0,0,3,0,0,0,1,1,0,0,2,2,129,1,9,-109,129,New Orleans
2024,7,19,50,1,2,2,5,27,8,4,40,44,30,1,1,2,3,15,3,3,21,24,14,0,1,0,2,8,5,1,15,16,2,0,0,0,0,0,0,0,0,0,4,0,0,0,0,4,0,0,4,4,160,3,11,-107,131,New Orleans
2012,8,19,25,1,3,6,10,24,13,9,47,56,13,1,2,1,7,14,6,3,27,30,12,0,1,4,3,6,6,5,15,20,0,0,0,0,0,1,0,0,1,1,0,0,0,1,0,3,1,1,4,5,189,2,12,-77,161,New Orleans
2013,8,19,35,4,2,2,14,33,17,4,64,68,15,1,1,1,8,30,9,2,47,49,19,2,0,1,5,2,8,1,15,16,0,0,0,0,0,0,0,0,0,0,1,1,1,0,1,1,0,1,2,3,201,1,8,-76,162,New Orleans
2014,8,19,35,0,2,3,11,25,11,5,47,52,17,0,1,2,5,19,5,3,29,32,15,0,1,1,5,6,6,2,17,19,1,0,0,0,0,0,0,0,0,0,2,0,0,0,1,0,0,0,1,1,185,1,10,-75,163,New Orleans
2015,8,19,24,0,1,2,12,37,14,3,63,66,17,0,0,0,7,26,7,0,40,40,6,0,0,1,5,11,7,1,23,24,0,0,0,0,0,0,0,0,0,0,1,0,1,1,0,0,0,2,0,2,166,4,8,-74,164,New Orleans
2016,8,19,35,3,1,2,9,32,13,3,54,57,19,0,0,0,6,17,4,0,27,27,12,2,1,0,3,13,9,1,25,26,0,0,0,0,0,0,0,0,0,0,4,1,0,2,0,2,0,2,2,4,147,1,12,-79,159,New Orleans
2017,8,19,41,2,3,6,6,49,15,9,70,79,18,0,1,2,6,28,9,3,43,46,20,2,2,3,0,20,6,5,26,31,0,0,0,0,0,0,0,0,0,0,3,0,0,1,0,1,0,1,1,2,178,2,8,-78,160,New Orleans
2018,8,19,51,2,2,5,9,45,22,7,76,83,27,2,0,3,7,27,6,3,40,43,21,0,2,1,2,15,15,3,32,35,0,0,0,0,0,1,0,0,1,1,3,0,0,1,0,2,1,1,3,4,188,1,13,-77,161,New Orleans
2019,8,19,45,1,0,3,10,39,21,3,70,73,27,1,0,3,3,28,12,3,43,46,13,0,0,0,6,10,9,0,25,25,1,0,0,0,1,0,0,0,1,1,4,0,0,0,0,1,0,0,1,1,193,2,9,-76,162,New Orleans
2020,8,19,64,2,2,6,13,14,20,8,47,55,42,2,1,3,8,10,7,4,25,29,16,0,0,2,4,4,12,2,20,22,1,0,0,0,1,0,0,0,1,1,5,0,1,1,0,0,1,2,1,3,188,2,12,-74,164,New Orleans
2021,8,19,55,0,2,8,6,18,12,10,36,46,34,0,2,5,2,14,2,7,18,25,14,0,0,2,3,3,8,2,14,16,1,0,0,0,0,0,0,0,0,0,6,0,0,1,1,1,2,1,4,5,163,1,16,-80,158,New Orleans
2022,8,19,36,0,0,9,3,20,15,9,38,47,20,0,0,5,1,13,3,5,17,22,14,0,0,4,2,6,12,4,20,24,0,0,0,0,0,0,0,0,0,0,2,0,0,0,0,1,0,0,1,1,136,0,4,-79,159,New Orleans
2023,8,19,38,2,1,2,5,29,20,3,54,57,24,1,0,2,2,15,5,2,22,24,10,1,0,0,2,13,15,0,30,30,0,0,0,0,0,1,0,0,1,1,4,0,1,0,1,0,0,1,1,2,151,1,13,-78,160,New Orleans
2024,8,19,51,1,1,4,8,37,13,5,58,63,27,1,0,3,4,24,5,3,33,36,17,0,1,1,4,11,8,2,23,25,0,0,0,0,0,1,0,0,1,1,7,0,0,0,0,1,0,0,1,1,184,3,13,-76,162,New Orleans
2012,9,19,30,2,1,3,5,33,20,4,58,62,12,1,0,0,4,23,5,0,32,32,13,1,1,2,1,10,13,3,24,27,2,0,0,0,0,0,0,0,0,0,3,0,0,1,0,0,2,1,2,3,203,3,11,-46,192,New Orleans
2013,9,19,22,0,3,1,9,28,13,4,50,54,12,0,1,0,7,23,6,1,36,37,10,0,2,1,1,5,6,3,12,15,0,0,0,0,0,0,0,0,0,0,0,0,0,0,1,0,1,0,2,2,157,0,6,-45,193,New Orleans
2014,9,19,30,1,3,2,11,34,16,5,61,66,16,0,0,1,6,21,5,1,32,33,12,1,2,0,3,11,11,2,25,27,0,0,0,0,0,1,0,0,1,1,2,0,1,1,2,1,0,2,3,5,146,2,7,-44,194,New Orleans
2015,9,19,40,2,3,3,9,23,25,6,57,63,23,0,1,0,4,12,11,1,27,28,12,2,2,2,4,11,13,4,28,32,0,0,0,0,0,0,0,0,0,0,5,0,0,1,1,0,1,1,2,3,165,1,11,-43,195,New Orleans
2016,9,19,32,3,0,4,7,31,13,4,51,55,15,2,0,1,7,18,6,1,31,32,15,1,0,3,0,13,7,3,20,23,1,0,0,0,0,0,0,0,0,0,1,0,0,0,0,0,0,0,0,0,145,1,5,-48,190,New Orleans
2017,9,19,40,1,0,4,4,32,15,4,51,55,24,0,0,0,4,26,7,0,37,37,14,1,0,3,0,4,6,3,10,13,0,0,0,0,0,0,0,0,0,0,2,0,0,1,0,2,2,1,4,5,183,0,10,-47,191,New Orleans
2018,9,19,40,4,5,6,8,40,24,11,72,83,23,1,1,3,2,22,15,4,39,43,14,3,4,3,6,14,8,7,28,35,0,0,0,0,0,0,0,0,0,0,3,0,0,0,0,4,1,0,5,5,214,0,14,-46,192,New Orleans
2019,9,19,41,0,1,5,9,40,25,6,74,80,18,0,0,2,5,27,5,2,37,39,18,0,1,3,3,9,19,4,31,35,0,0,0,0,1,1,0,0,2,2,5,0,0,0,0,3,1,0,4,4,200,2,17,-45,193,New Orleans
2020,9,19,48,1,2,2,6,8,29,4,43,47,23,1,0,1,2,4,9,1,15,16,19,0,2,1,4,4,18,3,26,29,0,0,0,0,0,0,0,0,0,0,6,0,0,0,0,0,2,0,2,2,150,1,10,-43,195,New Orleans
2021,9,19,45,1,2,8,5,22,10,10,37,47,30,0,0,4,1,15,5,4,21,25,15,1,2,4,4,6,5,6,15,21,0,0,0,0,0,0,0,0,0,0,0,0,0,0,0,1,0,0,1,1,146,0,4,-49,189,New Orleans
2022,9,19,33,3,2,5,4,20,22,7,46,53,16,2,1,4,4,11,12,5,27,32,15,1,0,1,0,7,10,1,17,18,0,0,0,0,0,1,0,0,1,1,2,0,1,0,0,1,0,1,1,2,151,1,4,-48,190,New Orleans
2023,9,19,36,3,1,5,5,25,25,6,55,61,23,2,0,1,4,16,7,1,27,28,10,1,1,4,1,7,16,5,24,29,0,0,0,0,0,1,0,0,1,1,3,0,0,0,0,1,2,0,3,3,152,1,8,-47,191,New Orleans
2024,9,19,45,2,2,3,5,34,8,5,47,52,31,2,2,2,0,22,3,4,25,29,12,0,0,1,5,11,5,1,21,22,0,0,0,0,0,0,0,0,0,0,2,0,0,0,0,1,0,0,1,1,158,1,5,-45,193,New Orleans
2012,10,19,27,3,2,2,6,27,11,4,44,48,17,0,1,0,3,14,5,1,22,23,10,3,1,1,2,12,5,2,19,21,0,0,0,0,1,0,1,0,2,2,0,0,0,1,0,1,0,1,1,2,164,2,6,-16,222,New Orleans
2013,10,19,22,1,3,4,6,26,7,7,39,46,10,0,1,1,2,11,3,2,16,18,10,1,2,3,2,11,4,5,17,22,1,0,0,0,0,1,0,0,1,1,1,0,0,0,2,3,0,0,5,5,138,2,11,-15,223,New Orleans
2014,10,19,36,1,4,2,11,24,17,6,52,58,19,0,2,2,7,15,7,4,29,33,15,1,2,0,3,9,9,2,21,23,0,0,0,0,0,0,0,0,0,0,2,0,0,0,1,0,1,0,2,2,141,0,6,-14,224,New Orleans
2015,10,19,33,2,2,2,17,33,9,4,59,63,19,1,0,1,14,23,5,1,42,43,14,1,2,0,2,6,3,2,11,13,0,0,0,0,0,0,0,0,0,0,0,0,0,1,1,4,1,1,6,7,164,0,8,-13,225,New Orleans
2016,10,19,31,3,0,1,5,26,15,1,46,47,13,3,0,0,3,21,6,0,30,30,17,0,0,1,1,5,8,1,14,15,0,0,0,0,0,0,0,0,0,0,1,0,0,0,1,0,1,0,2,2,150,0,8,-18,220,New Orleans
2017,10,19,40,1,3,4,9,26,22,7,57,64,24,1,1,1,4,18,10,2,32,34,12,0,1,3,5,6,11,4,22,26,0,0,0,0,0,1,1,0,2,2,4,0,1,0,0,1,0,1,1,2,189,2,9,-17,221,New Orleans
2018,10,19,56,1,1,1,6,41,22,2,69,71,20,0,1,0,2,18,10,1,30,31,29,1,0,1,3,20,11,1,34,35,1,0,0,0,0,0,0,0,0,0,6,0,0,0,1,3,1,0,5,5,209,3,18,-16,222,New Orleans
2019,10,19,40,1,2,3,7,42,19,5,68,73,13,0,1,2,3,23,3,3,29,32,21,1,1,1,4,14,14,2,32,34,0,0,0,0,0,0,0,0,0,0,6,0,0,0,0,5,2,0,7,7,171,0,19,-15,223,New Orleans
2020,10,19,58,4,6,4,1,24,22,10,47,57,29,2,3,2,1,19,13,5,33,38,23,2,3,2,0,4,7,5,11,16,0,0,0,0,0,1,2,0,3,3,6,0,0,0,0,0,0,0,0,0,185,4,10,-13,225,New Orleans
2021,10,19,52,3,1,5,0,23,27,6,50,56,28,1,0,3,0,14,11,3,25,28,19,2,0,2,0,7,13,2,20,22,0,0,0,0,0,0,2,0,2,2,5,0,1,0,0,2,1,1,3,4,162,4,14,-19,219,New Orleans
2022,10,19,37,2,2,2,5,16,18,4,39,43,18,0,1,1,2,8,7,2,17,19,15,1,1,1,2,7,11,2,20,22,0,0,0,0,0,0,0,0,0,0,4,1,0,0,1,1,0,0,2,2,150,3,8,-18,220,New Orleans
2023,10,19,44,1,2,6,3,31,19,8,53,61,26,0,2,4,2,16,4,6,22,28,14,1,0,2,1,14,15,2,30,32,0,0,0,0,0,0,0,0,0,0,4,0,0,0,0,1,0,0,1,1,162,1,8,-17,221,New Orleans
2024,10,19,38,5,0,2,7,29,12,2,48,50,25,2,0,2,3,13,1,2,17,19,13,3,0,0,4,15,11,0,30,30,0,0,0,0,0,0,0,0,0,0,0,0,0,0,0,1,0,0,1,1,135,0,2,-15,223,New Orleans
2012,11,19,25,6,0,3,11,24,7,3,42,45,19,4,0,2,7,20,4,2,31,33,5,2,0,1,2,4,3,1,9,10,0,0,0,0,0,0,0,0,0,0,1,0,0,0,2,0,0,0,2,2,196,0,13,15,253,New Orleans
2013,11,19,26,2,5,2,8,32,12,7,52,59,15,1,0,0,4,24,3,0,31,31,9,1,5,2,4,5,8,7,17,24,0,0,0,0,0,0,0,0,0,0,2,0,0,0,0,3,1,0,4,4,214,0,19,16,254,New Orleans
2014,11,19,22,3,8,3,7,29,18,11,54,65,15,1,4,1,2,20,12,5,34,39,6,2,4,2,4,6,4,6,14,20,0,0,0,0,0,0,0,0,0,0,1,0,0,0,1,3,2,0,6,6,158,0,14,17,255,New Orleans
2015,11,19,40,1,5,3,7,21,7,8,35,43,12,0,1,1,5,14,1,2,20,22,25,1,4,2,1,5,4,6,10,16,0,0,0,0,0,0,0,0,0,0,3,0,0,0,1,2,2,0,5,5,145,0,11,18,256,New Orleans
2016,11,19,41,2,7,3,7,39,20,10,66,76,14,1,2,0,6,11,4,2,21,23,26,1,3,3,1,26,14,6,41,47,0,0,2,0,0,0,0,2,0,2,1,0,0,0,0,2,2,0,4,4,168,2,7,13,251,New Orleans
2017,11,19,39,0,2,4,8,41,9,6,58,64,14,0,0,2,3,15,1,2,19,21,24,0,1,2,5,21,8,3,34,37,0,0,0,0,0,0,0,0,0,0,1,0,1,0,0,5,0,1,5,6,175,0,12,14,252,New Orleans
2018,11,19,62,0,4,2,3,24,29,6,56,62,26,0,1,1,1,16,9,2,26,28,29,0,2,1,2,5,20,3,27,30,1,0,0,0,0,0,0,0,0,0,6,0,1,0,0,3,0,1,3,4,198,2,17,15,253,New Orleans
2019,11,19,33,2,4,3,4,37,34,7,75,82,11,1,2,3,3,18,13,5,34,39,21,1,2,0,1,17,21,2,39,41,0,0,0,0,0,0,0,0,0,0,1,0,0,0,0,2,0,0,2,2,191,0,12,16,254,New Orleans
2020,11,19,34,2,3,4,5,28,32,7,65,72,17,1,2,2,4,21,9,4,34,38,12,1,1,2,1,5,22,3,28,31,0,0,0,0,0,0,0,0,0,0,5,0,0,0,0,2,1,0,3,3,161,0,11,18,256,New Orleans
2021,11,19,48,0,4,8,3,22,12,12,37,49,24,0,2,5,1,12,2,7,15,22,22,0,1,3,2,10,10,4,22,26,0,0,1,0,0,0,0,1,0,1,2,0,0,0,0,0,0,0,0,0,161,1,6,12,250,New Orleans
2022,11,19,30,2,5,6,6,11,48,11,65,76,14,0,0,2,2,2,15,2,19,21,15,2,3,3,4,9,31,6,44,50,0,0,0,0,0,0,1,0,1,1,1,0,2,1,0,0,1,3,1,4,141,2,7,13,251,New Orleans
2023,11,19,47,3,4,4,1,28,28,8,57,65,23,3,2,2,0,11,11,4,22,26,23,0,2,2,1,16,15,4,32,36,0,0,0,0,0,0,0,0,0,0,1,0,0,0,0,1,2,0,3,3,174,0,6,14,252,New Orleans
2024,11,19,32,2,2,4,3,22,11,6,36,42,17,2,1,1,1,9,5,2,15,17,14,0,1,3,2,11,6,4,19,23,0,0,0,0,0,0,0,0,0,0,1,0,0,0,0,2,0,0,2,2,117,1,6,16,254,New Orleans
2012,12,19,23,2,2,4,16,36,9,6,61,67,11,1,1,0,9,24,5,1,38,39,9,0,1,3,7,10,3,4,20,24,0,1,0,0,0,0,1,0,1,1,3,0,0,1,0,2,0,1,2,3,184,2,17,45,283,New Orleans
2013,12,19,43,1,4,0,9,31,14,4,54,58,12,0,0,0,4,13,5,0,22,22,27,1,4,0,4,15,9,4,28,32,3,0,0,0,0,0,0,0,0,0,1,0,0,0,1,3,0,0,4,4,179,3,9,46,284,New Orleans
2014,12,19,21,0,5,1,8,31,21,6,60,66,11,0,0,1,5,19,8,1,32,33,7,0,5,0,3,8,13,5,24,29,1,0,0,0,0,1,0,0,1,1,2,0,0,0,0,3,0,0,3,3,139,2,8,47,285,New Orleans
2015,12,19,36,0,2,2,4,31,15,4,50,54,22,0,0,1,2,20,2,1,24,25,11,0,2,1,2,11,11,3,24,27,0,0,0,0,0,0,0,0,0,0,3,0,0,0,0,0,2,0,2,2,138,1,10,48,286,New Orleans
2016,12,19,38,2,7,0,13,23,23,7,59,66,16,0,2,0,8,11,7,2,26,28,22,2,5,0,4,9,14,5,27,32,0,0,0,0,0,0,0,0,0,0,0,0,0,0,1,3,2,0,6,6,158,0,12,43,281,New Orleans
2017,12,19,46,1,4,7,5,48,13,11,66,77,20,0,0,2,1,23,3,2,27,29,24,1,4,5,4,21,9,9,34,43,0,0,0,0,0,0,0,0,0,0,2,0,0,0,0,4,1,0,5,5,202,0,13,44,282,New Orleans
2018,12,19,45,0,0,3,7,27,11,3,45,48,24,0,0,0,3,16,2,0,21,21,16,0,0,3,4,8,8,3,20,23,3,0,0,0,0,0,0,0,0,0,2,0,0,0,0,3,1,0,4,4,157,3,9,45,283,New Orleans
2019,12,19,2,1,1,1,0,15,14,2,29,31,1,1,0,0,0,11,7,0,18,18,1,0,0,1,0,3,7,1,10,11,0,0,0,0,0,0,0,0,0,0,0,0,1,0,0,1,0,1,1,2,57,0,2,46,284,New Orleans
2020,12,19,37,1,6,7,4,22,29,13,55,68,18,0,0,1,1,9,11,1,21,22,17,1,6,3,3,9,15,9,27,36,0,0,0,0,0,1,0,0,1,1,2,0,0,3,0,3,3,3,6,9,151,1,13,48,286,New Orleans
2021,12,19,40,1,1,7,5,15,58,8,78,86,18,1,1,5,3,6,23,6,32,38,18,0,0,2,2,8,33,2,43,45,2,0,0,0,0,1,1,0,2,2,2,0,0,0,0,0,1,0,1,1,166,5,6,42,280,New Orleans
2022,12,19,30,0,0,5,6,20,45,5,71,76,12,0,0,1,1,10,11,1,22,23,14,0,0,4,5,10,32,4,47,51,0,0,0,0,0,0,1,0,1,1,4,0,0,0,0,0,1,0,1,1,145,2,7,43,281,New Orleans
2023,12,19,44,1,1,5,0,16,30,6,46,52,17,1,0,2,0,11,10,2,21,23,27,0,1,2,0,5,17,3,22,25,0,0,0,0,0,0,1,0,1,1,0,0,0,1,0,0,2,1,2,3,139,3,8,44,282,New Orleans
2024,12,19,27,0,0,2,2,23,11,2,36,38,11,0,0,1,2,12,3,1,17,18,15,0,0,1,0,9,7,1,16,17,0,0,0,0,0,0,1,0,1,1,1,0,0,0,0,2,0,0,2,2,104,1,6,46,284,New Orleans
2012,1,20,34,0,3,3,3,24,15,6,42,48,12,0,0,1,1,12,4,1,17,18,18,0,2,1,2,9,10,3,21,24,0,0,1,0,0,0,0,1,0,1,4,0,0,1,0,3,1,1,4,5,173,2,14,-289,-51,New Orleans
2013,1,20,29,3,5,3,4,32,9,8,45,53,13,1,0,1,2,10,3,1,15,16,15,1,5,2,2,19,5,7,26,33,0,0,0,0,0,1,0,0,1,1,1,1,0,0,0,2,1,0,3,3,172,2,8,-287,-49,New Orleans
2014,1,20,30,2,2,3,7,28,24,5,59,64,18,1,0,0,1,14,12,0,27,27,10,0,1,3,5,13,12,4,30,34,0,0,0,0,0,0,0,0,0,0,2,1,1,0,1,1,0,1,2,3,166,0,10,-286,-48,New Orleans
2015,1,20,28,2,2,1,8,28,16,3,52,55,15,1,1,0,3,20,11,1,34,35,10,1,1,1,5,5,5,2,15,17,1,0,0,0,0,0,0,0,0,0,2,0,0,0,0,3,0,0,3,3,174,1,9,-285,-47,New Orleans
2016,1,20,29,0,5,2,5,24,17,7,46,53,10,0,1,2,1,13,4,3,18,21,17,0,4,0,4,9,13,4,26,30,1,0,0,0,0,0,0,0,0,0,1,0,0,0,0,2,0,0,2,2,170,1,7,-291,-53,New Orleans
2017,1,20,44,1,4,4,8,31,27,8,66,74,11,1,1,0,5,16,3,1,24,25,27,0,3,4,2,13,23,7,38,45,1,0,0,0,0,0,0,0,0,0,5,0,0,0,1,2,1,0,4,4,189,1,14,-289,-51,New Orleans
2018,1,20,44,3,6,1,7,30,18,7,55,62,22,2,2,1,4,16,6,3,26,29,20,0,4,0,3,13,12,4,28,32,0,0,0,0,0,0,0,0,0,0,2,1,0,0,0,1,0,0,1,1,181,0,8,-288,-50,New Orleans
2019,1,20,45,2,2,1,7,62,20,3,89,92,17,0,0,0,2,28,8,0,38,38,21,2,2,1,4,28,10,3,42,45,0,0,0,0,0,0,0,0,0,0,7,0,0,0,1,6,2,0,9,9,220,0,24,-287,-49,New Orleans
2020,1,20,31,1,1,3,1,22,29,4,52,56,13,1,0,2,0,15,4,2,19,21,16,0,1,1,1,4,24,2,29,31,0,0,0,0,0,0,0,0,0,0,2,0,0,0,0,3,1,0,4,4,132,1,10,-286,-48,New Orleans
2021,1,20,35,3,2,4,5,20,45,6,70,76,21,1,0,2,3,12,13,2,28,30,10,2,2,2,2,7,23,4,32,36,0,0,0,0,0,0,1,0,1,1,4,0,0,0,0,1,8,0,9,9,165,2,19,-291,-53,New Orleans
2022,1,20,35,2,2,4,6,22,30,6,58,64,23,1,0,0,2,14,18,0,34,34,11,1,1,4,4,7,11,5,22,27,0,0,0,0,0,0,1,0,1,1,1,0,1,0,0,1,0,1,1,2,146,1,11,-290,-52,New Orleans
2023,1,20,32,1,0,4,12,25,41,4,78,82,11,0,0,2,6,18,14,2,38,40,18,1,0,2,6,6,26,2,38,40,0,0,0,0,0,0,0,0,0,0,3,0,0,0,0,1,1,0,2,2,171,0,8,-289,-51,New Orleans
2024,1,20,42,6,1,2,2,33,34,3,69,72,14,4,0,1,0,15,7,1,22,23,22,2,1,1,1,14,25,2,40,42,0,0,0,0,0,0,0,0,0,0,6,0,0,0,1,4,2,0,7,7,156,0,15,-288,-50,New Orleans
2012,2,20,32,2,3,2,5,49,23,5,77,82,15,1,1,1,4,23,1,2,28,30,14,0,2,1,1,24,19,3,44,47,0,0,0,0,0,0,0,0,0,0,3,1,0,0,0,2,3,0,5,5,207,0,12,-258,-20,New Orleans
2013,2,20,24,3,2,2,5,31,13,4,49,53,8,2,0,1,4,15,6,1,25,26,16,1,2,1,1,14,6,3,21,24,0,0,0,0,0,1,0,0,1,1,0,0,0,0,0,1,1,0,2,2,182,2,8,-256,-18,New Orleans
2014,2,20,28,1,3,1,20,30,6,4,56,60,12,1,1,1,10,22,2,2,34,36,16,0,2,0,9,7,4,2,20,22,0,0,0,0,0,0,0,0,0,0,0,0,0,0,1,1,0,0,2,2,180,2,16,-255,-17,New Orleans
2015,2,20,26,0,4,5,8,32,6,9,46,55,15,0,1,3,5,22,3,4,30,34,9,0,2,1,2,8,3,3,13,16,0,0,0,0,0,0,0,0,0,0,2,0,1,1,1,2,0,2,3,5,126,0,9,-254,-16,New Orleans
2016,2,20,53,0,4,3,6,34,22,7,62,69,23,0,2,0,3,23,6,2,32,34,27,0,2,3,3,11,15,5,29,34,1,0,0,0,0,0,0,0,0,0,2,0,0,0,0,0,1,0,1,1,188,2,7,-260,-22,New Orleans
2017,2,20,43,2,3,5,6,33,23,8,62,70,17,1,0,2,5,21,13,2,39,41,22,1,3,2,1,10,8,5,19,24,0,0,0,0,0,0,1,0,1,1,4,0,0,1,0,2,1,1,3,4,179,1,8,-258,-20,New Orleans
2018,2,20,55,1,2,5,6,29,16,7,51,58,26,0,1,1,4,20,6,2,30,32,23,1,1,4,2,7,8,5,17,22,0,0,0,0,0,0,0,0,0,0,6,0,0,0,0,2,2,0,4,4,192,0,15,-257,-19,New Orleans
2019,2,20,57,2,2,1,5,35,19,3,59,62,31,1,0,0,1,25,9,0,35,35,21,0,2,1,4,8,10,3,22,25,1,0,0,0,0,0,0,0,0,0,4,1,0,0,0,2,0,0,2,2,205,2,13,-256,-18,New Orleans
2020,2,20,38,0,1,1,8,51,12,2,71,73,23,0,1,1,3,21,4,2,28,30,15,0,0,0,4,26,7,0,37,37,0,0,0,0,0,0,0,0,0,0,0,0,0,0,1,4,1,0,6,6,164,0,8,-255,-17,New Orleans
2021,2,20,40,1,3,2,3,27,44,5,74,79,23,1,0,2,1,17,28,2,46,48,16,0,3,0,2,10,16,3,28,31,0,0,0,0,0,0,0,0,0,0,1,0,0,0,0,0,0,0,0,0,162,1,4,-260,-22,New Orleans
2022,2,20,46,4,3,8,3,50,22,11,75,86,16,3,1,5,1,21,6,6,28,34,26,1,1,3,2,25,13,4,40,44,1,0,0,0,0,2,0,0,2,2,3,0,1,0,0,2,3,1,5,6,192,4,16,-259,-21,New Orleans
2023,2,20,44,13,8,5,4,64,52,13,120,133,25,1,2,2,2,21,17,4,40,44,15,10,5,3,2,39,33,8,74,82,1,0,0,0,0,0,0,0,0,0,3,2,1,0,0,4,2,1,6,7,277,2,14,-258,-20,New Orleans
2024,2,20,35,1,2,3,7,32,10,5,49,54,17,1,1,1,5,21,4,2,30,32,17,0,1,2,2,9,6,3,17,20,0,0,0,0,0,0,0,0,0,0,1,0,0,0,0,2,0,0,2,2,142,1,7,-257,-19,New Orleans
2012,3,20,29,3,1,0,11,24,10,1,45,46,11,3,1,0,6,19,3,1,28,29,13,0,0,0,4,4,7,0,15,15,2,0,0,0,1,0,0,0,1,1,3,0,0,0,0,1,0,0,1,1,179,4,16,-229,9,New Orleans
2013,3,20,36,0,3,3,13,33,12,6,58,64,20,0,2,1,11,18,4,3,33,36,9,0,0,2,0,13,7,2,20,22,1,0,0,0,0,1,1,0,2,2,6,0,1,0,2,1,0,1,3,4,200,4,12,-228,10,New Orleans
2014,3,20,32,0,4,7,4,34,17,11,55,66,13,0,1,5,1,24,3,6,28,34,18,0,3,2,3,10,14,5,27,32,0,0,0,0,0,0,0,0,0,0,1,0,0,0,0,0,0,0,0,0,219,1,6,-227,11,New Orleans
2015,3,20,56,0,4,4,6,37,8,8,51,59,27,0,1,2,2,16,1,3,19,22,25,0,3,2,4,19,6,5,29,34,0,0,0,0,0,0,0,0,0,0,4,0,0,0,0,2,1,0,3,3,184,0,11,-226,12,New Orleans
2016,3,20,42,3,1,1,6,39,22,2,67,69,26,1,0,1,4,23,8,1,35,36,14,2,1,0,2,15,14,1,31,32,0,0,0,0,0,0,0,0,0,0,2,0,0,0,0,1,0,0,1,1,202,0,11,-231,7,New Orleans
2017,3,20,46,2,2,5,7,30,10,7,47,54,26,1,1,2,3,18,7,3,28,31,17,1,1,3,4,11,3,4,18,22,1,0,0,0,0,0,0,0,0,0,2,0,0,0,0,1,0,0,1,1,179,2,8,-230,8,New Orleans
2018,3,20,53,3,2,1,8,31,9,3,48,51,32,2,2,0,5,16,1,2,22,24,14,1,0,1,3,10,8,1,21,22,1,0,0,0,0,1,0,0,1,1,6,0,0,0,0,4,0,0,4,4,205,4,13,-229,9,New Orleans
2019,3,20,44,3,2,3,2,35,15,5,52,57,17,1,1,2,1,23,7,3,31,34,20,1,0,1,1,9,7,1,17,18,0,0,0,0,0,1,1,0,2,2,7,1,1,0,0,2,0,1,2,3,196,2,16,-228,10,New Orleans
2020,3,20,53,0,2,4,2,26,11,6,39,45,26,0,0,2,1,22,4,2,27,29,23,0,2,2,1,2,6,4,9,13,1,0,0,0,0,0,0,0,0,0,3,0,0,0,0,2,1,0,3,3,147,2,7,-226,12,New Orleans
2021,3,20,50,0,3,4,0,22,26,7,48,55,24,0,1,0,0,14,11,1,25,26,21,0,2,4,0,7,14,6,21,27,0,0,0,0,0,0,0,0,0,0,5,0,0,0,0,1,1,0,2,2,153,0,11,-232,6,New Orleans
2022,3,20,34,5,1,8,3,28,23,9,54,63,18,3,0,2,2,15,9,2,26,28,14,2,1,5,1,13,14,6,28,34,0,0,0,0,0,0,0,0,0,0,2,0,0,1,0,0,0,1,0,1,152,0,8,-231,7,New Orleans
2023,3,20,38,0,3,5,2,24,50,8,76,84,22,0,3,1,1,10,18,4,29,33,13,0,0,4,1,11,27,4,39,43,1,0,0,0,0,1,3,0,4,4,2,0,0,0,0,2,2,0,4,4,162,5,7,-230,8,New Orleans
2024,3,20,36,1,1,3,4,15,15,4,34,38,22,1,0,3,4,7,5,3,16,19,12,0,1,0,0,8,9,1,17,18,1,0,0,0,0,0,1,0,1,1,1,0,0,0,0,0,0,0,0,0,122,2,3,-228,10,New Orleans
2012,4,20,25,0,1,0,7,40,18,1,65,66,14,0,1,0,3,25,4,1,32,33,9,0,0,0,2,13,12,0,27,27,1,0,0,0,0,0,0,0,0,0,1,0,0,0,2,2,2,0,6,6,219,2,15,-198,40,New Orleans
2013,4,20,30,0,11,3,7,29,9,14,45,59,14,0,4,2,5,17,3,6,25,31,14,0,7,1,2,12,6,8,20,28,1,0,0,0,0,0,0,0,0,0,1,0,0,0,0,0,0,0,0,0,163,1,9,-197,41,New Orleans
2014,4,20,32,0,3,3,12,21,19,6,52,58,19,0,0,0,7,13,3,0,23,23,7,0,3,3,5,7,16,6,28,34,1,0,0,0,0,0,0,0,0,0,5,0,0,0,0,1,0,0,1,1,178,1,9,-196,42,New Orleans
2015,4,20,35,0,6,5,10,29,17,11,56,67,20,0,3,3,4,19,7,6,30,36,12,0,3,1,5,10,9,4,24,28,0,0,0,0,0,0,0,0,0,0,3,0,0,1,1,0,1,1,2,3,197,0,11,-195,43,New Orleans
2016,4,20,44,1,3,2,4,30,9,5,43,48,20,0,1,1,1,17,3,2,21,23,21,1,1,1,3,13,6,2,22,24,0,0,0,0,0,0,0,0,0,0,3,0,1,0,0,0,0,1,0,1,173,1,8,-200,38,New Orleans
2017,4,20,37,2,0,4,5,28,16,4,49,53,25,1,0,3,4,18,6,3,28,31,9,0,0,0,0,8,10,0,18,18,1,0,0,0,0,0,0,0,0,0,2,1,0,1,1,2,0,1,3,4,164,2,14,-199,39,New Orleans
2018,4,20,57,3,2,1,4,34,17,3,55,58,37,1,0,1,1,19,6,1,26,27,15,2,2,0,3,15,10,2,28,30,0,0,0,0,0,0,0,0,0,0,5,0,0,0,0,0,1,0,1,1,199,0,11,-198,40,New Orleans
2019,4,20,62,0,2,7,2,41,21,9,64,73,29,0,1,4,0,25,7,5,32,37,25,0,1,3,2,12,14,4,28,32,0,0,0,0,0,1,0,0,1,1,8,0,0,0,0,3,0,0,3,3,200,2,15,-197,41,New Orleans
2020,4,20,34,0,1,3,4,39,25,4,68,72,22,0,1,1,1,32,12,2,45,47,7,0,0,2,2,7,13,2,22,24,1,0,0,0,0,0,0,0,0,0,4,0,0,0,1,0,0,0,1,1,152,1,9,-195,43,New Orleans
2021,4,20,39,1,2,7,5,27,12,9,44,53,28,0,0,2,4,19,6,2,29,31,11,1,2,3,1,8,6,5,15,20,0,0,0,0,0,0,0,0,0,0,0,0,0,2,0,0,0,2,0,2,160,0,4,-201,37,New Orleans
2022,4,20,31,1,0,8,4,26,16,8,46,54,18,1,0,4,2,18,5,4,25,29,10,0,0,3,2,7,11,3,20,23,1,0,0,0,0,1,0,0,1,1,2,0,0,1,0,0,0,1,0,1,146,2,7,-200,38,New Orleans
2023,4,20,30,2,4,2,6,22,24,6,52,58,18,1,1,0,4,14,8,1,26,27,12,1,3,2,2,7,15,5,24,29,0,0,0,0,0,0,0,0,0,0,0,0,0,0,0,1,1,0,2,2,147,0,5,-199,39,New Orleans
2024,4,20,43,1,2,2,2,37,31,4,70,74,19,1,2,2,1,18,15,4,34,38,18,0,0,0,1,17,12,0,30,30,0,0,0,0,0,0,2,0,2,2,6,0,0,0,0,2,2,0,4,4,173,2,15,-197,41,New Orleans
2012,5,20,32,4,4,7,4,25,17,11,46,57,14,3,3,5,1,13,11,8,25,33,12,0,1,2,1,9,5,3,15,18,0,0,0,0,0,0,0,0,0,0,6,1,0,0,2,3,1,0,6,6,177,2,25,-168,70,New Orleans
2013,5,20,33,0,1,3,11,44,22,4,77,81,18,0,1,3,6,33,10,4,49,53,14,0,0,0,3,7,9,0,19,19,0,0,0,0,0,1,0,0,1,1,1,0,0,0,2,3,3,0,8,8,209,1,13,-167,71,New Orleans
2014,5,20,47,4,2,6,10,40,22,8,72,80,23,3,1,1,3,32,7,2,42,44,19,1,0,3,4,5,15,3,24,27,0,0,0,0,0,1,0,0,1,1,5,0,1,2,3,2,0,3,5,8,259,2,20,-166,72,New Orleans
2015,5,20,33,0,5,2,3,31,18,7,52,59,22,0,2,1,3,19,4,3,26,29,10,0,3,1,0,9,14,4,23,27,0,0,0,0,0,1,0,0,1,1,1,0,0,0,0,2,0,0,2,2,178,1,10,-165,73,New Orleans
2016,5,20,33,1,1,5,6,30,16,6,52,58,22,1,0,2,6,23,7,2,36,38,6,0,1,1,0,5,9,2,14,16,1,0,0,1,0,0,0,1,0,1,4,0,0,1,0,2,0,1,2,3,156,2,18,-170,68,New Orleans
2017,5,20,59,2,5,8,4,25,13,13,42,55,30,0,2,4,3,13,3,6,19,25,26,2,3,4,0,10,9,7,19,26,1,0,0,0,0,0,1,0,1,1,2,0,0,0,1,2,0,0,3,3,167,3,6,-169,69,New Orleans
2018,5,20,59,2,4,4,7,25,9,8,41,49,33,1,2,1,2,15,3,3,20,23,22,1,0,2,4,10,6,2,20,22,0,0,1,0,0,0,0,1,0,1,4,0,1,1,1,0,0,2,1,3,185,1,15,-168,70,New Orleans
2019,5,20,65,2,3,7,13,39,38,10,90,100,40,1,1,3,9,27,24,4,60,64,22,1,2,4,3,9,13,6,25,31,0,0,0,0,1,1,1,0,3,3,3,0,0,0,0,2,0,0,2,2,254,5,14,-167,71,New Orleans
2020,5,20,61,1,1,4,6,21,14,5,41,46,36,1,0,2,4,17,4,2,25,27,20,0,0,0,2,3,9,0,14,14,0,0,0,0,0,0,0,0,0,0,5,0,1,2,0,1,1,3,2,5,170,0,14,-165,73,New Orleans
2021,5,20,45,2,2,9,4,21,25,11,50,61,30,0,0,4,1,12,11,4,24,28,13,2,2,2,2,6,14,4,22,26,0,0,0,0,0,2,0,0,2,2,2,0,0,3,1,1,0,3,2,5,185,3,11,-171,67,New Orleans
2022,5,20,32,2,3,4,5,31,21,7,57,64,20,2,0,4,3,16,3,4,22,26,10,0,3,0,2,13,17,3,32,35,1,0,0,0,0,0,0,0,0,0,1,0,0,0,0,2,1,0,3,3,164,1,9,-170,68,New Orleans
2023,5,20,31,3,3,4,5,25,50,7,80,87,21,1,0,1,3,11,11,1,25,26,9,0,3,3,1,12,39,6,52,58,0,0,0,0,0,0,0,0,0,0,1,2,0,0,1,2,0,0,3,3,166,0,11,-169,69,New Orleans
2024,5,20,43,8,0,5,3,21,31,5,55,60,31,5,0,3,2,16,10,3,28,31,9,1,0,1,0,3,18,1,21,22,0,0,0,0,0,0,1,0,1,1,3,2,0,1,1,2,2,1,5,6,173,1,16,-167,71,New Orleans
2012,6,20,30,3,1,4,9,26,28,5,63,68,14,2,0,2,7,19,7,2,33,35,13,1,1,1,1,7,20,2,28,30,1,0,0,0,0,0,1,0,1,1,2,0,0,1,1,0,0,1,1,2,258,2,33,-137,101,New Orleans
2013,6,20,22,1,3,6,13,38,15,9,66,75,15,1,3,4,7,28,5,7,40,47,6,0,0,2,5,9,10,2,24,26,0,0,0,0,1,0,0,0,1,1,1,0,0,0,0,1,0,0,1,1,206,1,8,-136,102,New Orleans
2014,6,20,31,2,1,2,14,34,16,3,64,67,14,1,1,2,10,22,9,3,41,44,14,0,0,0,4,10,7,0,21,21,0,0,0,0,0,0,0,0,0,0,3,1,0,0,0,2,0,0,2,2,180,2,15,-135,103,New Orleans
2015,6,20,27,0,4,3,8,27,13,7,48,55,14,0,1,1,4,17,6,2,27,29,12,0,3,2,2,9,7,5,18,23,0,0,0,0,0,0,0,0,0,0,1,0,0,0,2,1,0,0,3,3,148,1,13,-134,104,New Orleans
2016,6,20,39,2,1,3,8,20,14,4,42,46,20,0,1,1,4,13,3,2,20,22,16,2,0,1,4,5,11,1,20,21,0,0,0,0,0,0,0,0,0,0,3,0,0,1,0,2,0,1,2,3,168,1,11,-139,99,New Orleans
2017,6,20,38,0,4,5,11,45,29,9,85,94,22,0,1,3,8,33,7,4,48,52,13,0,3,1,3,8,21,4,32,36,1,0,0,0,0,0,0,0,0,0,2,0,0,1,0,4,1,1,5,6,188,3,12,-138,100,New Orleans
2018,6,20,57,1,2,4,9,43,16,6,68,74,35,1,1,3,6,26,7,4,39,43,17,0,1,1,3,13,9,2,25,27,0,0,0,0,0,1,0,0,1,1,5,0,0,0,0,3,0,0,3,3,233,3,12,-137,101,New Orleans
2019,6,20,43,2,1,1,5,39,24,2,68,70,21,1,0,1,2,23,9,1,34,35,19,0,1,0,2,12,14,1,28,29,0,0,0,0,0,0,0,0,0,0,3,1,0,0,1,4,1,0,6,6,204,0,18,-136,102,New Orleans
2020,6,20,52,1,2,5,3,24,16,7,43,50,33,1,0,3,2,18,8,3,28,31,14,0,1,2,0,3,7,3,10,13,0,0,0,0,1,0,0,0,1,1,5,0,1,0,0,3,1,1,4,5,150,3,11,-134,104,New Orleans
2021,6,20,54,0,0,6,6,24,18,6,48,54,28,0,0,2,2,18,6,2,26,28,20,0,0,4,4,5,12,4,21,25,0,0,0,0,0,0,0,0,0,0,6,0,0,0,0,1,0,0,1,1,152,0,10,-140,98,New Orleans
2022,6,20,28,3,2,3,4,35,29,5,68,73,21,3,1,2,1,24,10,3,35,38,5,0,1,0,3,9,18,1,30,31,0,0,0,0,0,0,0,0,0,0,2,0,0,1,0,2,1,1,3,4,155,0,12,-139,99,New Orleans
2023,6,20,36,2,1,6,4,31,40,7,75,82,20,2,1,4,3,20,14,5,37,42,12,0,0,2,1,10,23,2,34,36,2,0,0,0,0,0,1,0,1,1,2,0,0,0,0,1,2,0,3,3,173,3,8,-138,100,New Orleans
2024,6,20,30,1,0,2,3,25,13,2,41,43,16,1,0,1,2,17,8,1,27,28,12,0,0,1,1,5,5,1,11,12,0,0,0,0,0,1,0,0,1,1,2,0,0,0,0,2,0,0,2,2,138,1,9,-136,102,New Orleans
2012,7,20,18,0,3,4,3,29,7,7,39,46,14,0,2,3,2,14,2,5,18,23,4,0,1,1,1,15,5,2,21,23,0,0,0,0,0,0,0,0,0,0,0,0,0,0,0,0,0,0,0,0,103,0,3,-107,131,New Orleans
2013,7,20,28,1,2,2,10,36,20,4,66,70,15,0,0,1,4,22,4,1,30,31,11,1,1,0,6,14,15,1,35,36,0,0,0,0,0,0,1,0,1,1,2,0,1,1,0,0,0,2,0,2,180,1,16,-106,132,New Orleans
2014,7,20,30,1,6,7,7,30,39,13,76,89,16,0,1,3,5,11,11,4,27,31,12,1,5,4,1,15,24,9,40,49,0,0,0,0,0,1,1,0,2,2,2,0,0,0,1,3,3,0,7,7,177,2,10,-105,133,New Orleans
2015,7,20,37,3,5,1,11,22,17,6,50,56,23,0,2,1,8,15,11,3,34,37,9,2,1,0,2,6,4,1,12,13,1,0,0,0,0,0,0,0,0,0,4,1,2,0,1,1,2,2,4,6,176,1,21,-104,134,New Orleans
2016,7,20,31,0,1,2,6,34,14,3,54,57,15,0,1,0,2,19,8,1,29,30,12,0,0,2,4,15,6,2,25,27,0,0,0,0,0,0,0,0,0,0,4,0,0,0,0,0,0,0,0,0,149,0,7,-109,129,New Orleans
2017,7,20,47,1,2,1,6,34,24,3,64,67,33,0,0,1,2,22,9,1,33,34,13,1,2,0,4,11,13,2,28,30,0,0,0,0,0,0,1,0,1,1,1,0,0,0,0,1,1,0,2,2,195,1,11,-108,130,New Orleans
2018,7,20,48,2,3,4,8,47,24,7,79,86,30,1,1,3,7,34,13,4,54,58,14,1,2,1,0,10,10,3,20,23,1,0,0,0,1,0,1,0,2,2,3,0,0,0,0,3,0,0,3,3,219,4,10,-107,131,New Orleans
2019,7,20,39,0,3,3,4,41,35,6,80,86,22,0,0,1,2,21,16,1,39,40,10,0,2,2,2,17,16,4,35,39,0,0,1,0,0,0,0,1,0,1,7,0,0,0,0,3,3,0,6,6,187,2,16,-106,132,New Orleans
2020,7,20,42,2,2,5,5,32,19,7,56,63,26,2,1,4,2,23,8,5,33,38,13,0,1,1,2,8,8,2,18,20,0,0,0,0,1,0,0,0,1,1,3,0,0,0,0,1,3,0,4,4,151,1,8,-104,134,New Orleans
2021,7,20,43,2,0,5,7,28,26,5,61,66,27,1,0,3,4,16,9,3,29,32,16,0,0,2,2,10,17,2,29,31,0,0,0,0,0,0,0,0,0,0,0,1,0,0,1,2,0,0,3,3,160,0,11,-110,128,New Orleans
2022,7,20,28,2,2,7,7,21,19,9,47,56,16,1,0,4,3,18,7,4,28,32,10,1,2,2,4,2,11,4,17,21,0,0,0,0,0,0,0,0,0,0,2,0,0,1,0,1,1,1,2,3,123,1,8,-109,129,New Orleans
2023,7,20,38,1,0,4,1,33,25,4,59,63,16,0,0,4,0,24,8,4,32,36,14,0,0,0,1,6,17,0,24,24,0,0,0,0,0,0,0,0,0,0,8,1,0,0,0,3,0,0,3,3,147,1,16,-108,130,New Orleans
2024,7,20,42,1,0,1,5,30,16,1,51,52,21,1,0,1,4,15,3,1,22,23,13,0,0,0,0,13,11,0,24,24,0,0,0,0,0,0,0,0,0,0,8,0,0,0,1,2,2,0,5,5,150,0,17,-106,132,New Orleans
2012,8,20,30,1,1,0,15,19,14,1,48,49,14,1,0,0,9,9,7,0,25,25,15,0,1,0,6,9,7,1,22,23,0,0,0,0,0,0,0,0,0,0,1,0,0,0,0,1,0,0,1,1,226,0,21,-76,162,New Orleans
2013,8,20,25,2,0,2,12,33,10,2,55,57,10,2,0,1,8,23,7,1,38,39,11,0,0,1,4,9,3,1,16,17,1,0,0,0,0,0,0,0,0,0,3,0,0,0,0,1,0,0,1,1,214,1,18,-75,163,New Orleans
2014,8,20,30,1,0,4,10,26,14,4,50,54,18,0,0,2,6,22,7,2,35,37,10,0,0,1,3,3,5,1,11,12,0,0,0,0,0,0,0,0,0,0,2,1,0,1,1,1,2,1,4,5,174,2,11,-74,164,New Orleans
2015,8,20,34,3,4,5,5,39,12,9,56,65,21,1,0,4,5,29,6,4,40,44,8,1,4,1,0,9,6,5,15,20,0,0,0,0,0,0,0,0,0,0,5,1,0,0,0,1,0,0,1,1,179,0,11,-73,165,New Orleans
2016,8,20,37,0,3,1,8,28,28,4,64,68,14,0,1,0,4,14,4,1,22,23,20,0,2,1,4,14,19,3,37,40,1,0,0,0,0,0,2,0,2,2,2,0,0,0,0,0,3,0,3,3,157,4,9,-78,160,New Orleans
2017,8,20,54,2,3,5,4,36,15,8,55,63,31,0,1,1,3,14,7,2,24,26,21,2,0,2,1,20,8,2,29,31,0,0,0,0,0,1,0,0,1,1,2,0,2,2,0,1,0,4,1,5,186,2,13,-77,161,New Orleans
2018,8,20,52,2,3,4,4,46,11,7,61,68,31,0,2,2,1,34,6,4,41,45,16,2,0,1,3,10,5,1,18,19,0,0,0,0,0,0,0,0,0,0,5,0,1,1,0,2,0,2,2,4,207,2,24,-76,162,New Orleans
2019,8,20,48,2,3,4,8,35,27,7,70,77,33,0,0,2,4,24,10,2,38,40,10,2,2,2,4,10,15,4,29,33,0,0,0,0,0,0,1,0,1,1,5,0,1,0,0,1,1,1,2,3,199,1,14,-75,163,New Orleans
2020,8,20,73,2,1,7,4,17,15,8,36,44,46,2,0,7,1,15,6,7,22,29,20,0,1,0,3,2,7,1,12,13,0,0,0,0,0,0,1,0,1,1,7,0,0,0,0,0,1,0,1,1,182,1,11,-73,165,New Orleans
2021,8,20,53,3,3,4,1,25,12,7,38,45,30,2,1,2,0,14,5,3,19,22,23,0,1,1,1,9,7,2,17,19,0,1,0,0,0,0,0,0,0,0,0,0,1,1,0,2,0,2,2,4,167,4,7,-79,159,New Orleans
2022,8,20,35,0,5,6,3,21,35,11,59,70,20,0,0,2,2,10,10,2,22,24,8,0,5,3,1,10,24,8,35,43,0,0,0,0,0,0,0,0,0,0,7,0,0,1,0,1,1,1,2,3,151,1,11,-78,160,New Orleans
2023,8,20,43,0,2,7,6,32,35,9,73,82,24,0,0,3,2,19,9,3,30,33,17,0,2,3,3,11,25,5,39,44,0,0,0,0,0,0,1,0,1,1,2,0,0,1,1,2,0,1,3,4,176,2,11,-77,161,New Orleans
2024,8,20,62,2,2,6,1,20,12,8,33,41,37,2,1,4,0,17,2,5,19,24,24,0,1,2,1,3,9,3,13,16,0,0,0,0,0,0,0,0,0,0,1,0,0,0,0,0,1,0,1,1,160,0,5,-75,163,New Orleans
2012,9,20,38,3,1,2,10,30,18,3,58,61,23,3,1,0,5,19,3,1,27,28,13,0,0,2,5,8,15,2,28,30,0,0,0,0,0,0,0,0,0,0,2,0,0,0,0,3,0,0,3,3,197,0,6,-45,193,New Orleans
2013,9,20,31,0,4,1,12,42,14,5,68,73,17,0,1,0,3,22,6,1,31,32,14,0,2,0,8,16,7,2,31,33,0,0,1,0,1,0,0,1,1,2,0,0,0,1,0,4,1,1,5,6,182,2,10,-44,194,New Orleans
2014,9,20,29,0,2,1,7,30,12,3,49,52,19,0,0,1,4,16,6,1,26,27,9,0,2,0,3,13,5,2,21,23,0,0,0,0,0,0,0,0,0,0,1,0,0,0,0,1,1,0,2,2,128,0,6,-43,195,New Orleans
2015,9,20,35,1,6,3,8,28,22,9,58,67,24,0,0,3,3,17,6,3,26,29,10,1,4,0,3,9,15,4,27,31,0,0,0,0,1,0,0,0,1,1,1,0,2,0,1,2,1,2,4,6,156,2,10,-42,196,New Orleans
2016,9,20,35,1,4,1,7,31,16,5,54,59,20,0,1,0,4,22,3,1,29,30,12,1,3,1,3,7,12,4,22,26,0,0,0,0,0,0,0,0,0,0,3,0,0,0,0,2,1,0,3,3,163,0,7,-47,191,New Orleans
2017,9,20,46,0,3,1,5,30,15,4,50,54,18,0,2,1,3,20,8,3,31,34,23,0,1,0,2,10,7,1,19,20,1,0,0,0,0,0,0,0,0,0,4,0,0,0,0,0,0,0,0,0,189,2,13,-46,192,New Orleans
2018,9,20,56,1,5,3,6,37,17,8,60,68,36,0,0,3,4,25,4,3,33,36,18,1,5,0,2,10,13,5,25,30,0,0,0,0,0,0,0,0,0,0,2,0,0,0,0,2,0,0,2,2,212,2,11,-45,193,New Orleans
2019,9,20,47,1,1,1,6,36,46,2,88,90,24,1,1,1,3,26,14,2,43,45,18,0,0,0,2,8,32,0,42,42,0,0,0,0,1,1,0,0,2,2,5,0,0,0,0,1,0,0,1,1,213,2,15,-44,194,New Orleans
2020,9,20,51,3,0,9,4,18,35,9,57,66,30,2,0,5,2,14,18,5,34,39,18,0,0,3,2,4,14,3,20,23,0,0,0,0,0,0,0,0,0,0,3,1,0,1,0,0,3,1,3,4,167,0,13,-42,196,New Orleans
2021,9,20,50,4,2,1,8,22,19,3,49,52,26,1,0,1,4,18,10,1,32,33,21,2,2,0,4,2,9,2,15,17,0,0,0,0,0,0,0,0,0,0,3,1,0,0,0,2,0,0,2,2,155,1,8,-48,190,New Orleans
2022,9,20,46,4,0,11,9,20,19,11,48,59,22,3,0,7,6,13,4,7,23,30,21,1,0,3,2,7,14,3,23,26,0,0,0,1,0,0,0,1,0,1,3,0,0,0,1,0,1,0,2,2,140,1,6,-47,191,New Orleans
2023,9,20,36,3,1,5,3,28,29,6,60,66,23,3,1,4,0,14,5,5,19,24,12,0,0,1,3,13,23,1,39,40,0,0,0,0,0,0,0,0,0,0,1,0,0,0,0,1,1,0,2,2,164,1,7,-46,192,New Orleans
2024,9,20,57,0,1,3,1,33,11,4,45,49,38,0,0,0,1,19,8,0,28,28,17,0,1,2,0,12,3,3,15,18,0,0,0,0,0,1,0,0,1,1,2,0,0,1,0,1,0,1,1,2,162,1,6,-44,194,New Orleans
2012,10,20,23,1,1,3,8,22,14,4,44,48,10,0,1,3,3,13,5,4,21,25,13,1,0,0,4,7,7,0,18,18,0,0,0,0,1,0,0,0,1,1,0,0,0,0,0,2,2,0,4,4,149,1,5,-15,223,New Orleans
2013,10,20,33,0,4,4,9,39,9,8,57,65,13,0,1,2,4,19,4,3,27,30,19,0,2,1,5,20,4,3,29,32,0,0,0,0,0,0,0,0,0,0,1,0,1,1,0,0,1,2,1,3,176,1,12,-14,224,New Orleans
2014,10,20,21,3,4,3,11,39,22,7,72,79,12,1,1,2,10,26,7,3,43,46,8,2,3,1,1,12,15,4,28,32,0,0,0,0,0,1,0,0,1,1,1,0,0,0,0,0,0,0,0,0,180,1,7,-13,225,New Orleans
2015,10,20,26,0,5,1,11,28,20,6,59,65,12,0,2,1,8,19,7,3,34,37,11,0,3,0,3,8,13,3,24,27,1,0,0,0,0,1,0,0,1,1,2,0,0,0,0,0,0,0,0,0,157,2,10,-12,226,New Orleans
2016,10,20,35,3,0,1,5,30,12,1,47,48,20,2,0,0,2,13,6,0,21,21,15,1,0,1,3,15,6,1,24,25,0,0,0,0,0,0,0,0,0,0,0,0,0,0,0,2,0,0,2,2,154,1,5,-17,221,New Orleans
2017,10,20,42,0,4,4,12,39,13,8,64,72,17,0,2,3,5,26,6,5,37,42,22,0,2,1,5,11,7,3,23,26,0,0,0,0,1,0,0,0,1,1,3,0,0,0,1,2,0,0,3,3,176,3,11,-16,222,New Orleans
2018,10,20,42,3,1,4,7,50,26,5,83,88,21,0,1,3,4,21,12,4,37,41,17,3,0,1,3,24,13,1,40,41,0,0,0,0,0,0,0,0,0,0,4,0,0,0,0,5,1,0,6,6,210,0,14,-15,223,New Orleans
2019,10,20,29,1,0,3,8,30,14,3,52,55,13,0,0,1,5,13,5,1,23,24,13,1,0,1,3,15,9,1,27,28,0,0,0,0,0,0,0,0,0,0,3,0,0,1,0,2,0,1,2,3,151,2,11,-14,224,New Orleans
2020,10,20,48,0,3,7,6,24,39,10,69,79,17,0,0,4,4,17,25,4,46,50,24,0,3,1,2,7,14,4,23,27,0,0,0,0,0,0,0,0,0,0,7,0,0,2,0,0,0,2,0,2,189,1,14,-12,226,New Orleans
2021,10,20,56,2,3,5,3,33,22,8,58,66,32,0,1,3,0,23,7,4,30,34,21,1,2,2,2,10,15,4,27,31,1,0,0,0,0,0,0,0,0,0,2,1,0,0,1,0,0,0,1,1,192,1,8,-18,220,New Orleans
2022,10,20,33,2,0,4,2,22,23,4,47,51,19,1,0,3,2,14,9,3,25,28,10,1,0,1,0,6,13,1,19,20,0,0,0,0,0,0,1,0,1,1,4,0,0,0,0,2,0,0,2,2,150,1,11,-17,221,New Orleans
2023,10,20,45,0,3,6,5,39,26,9,70,79,26,0,0,1,1,21,9,1,31,32,14,0,3,4,4,17,15,7,36,43,2,0,0,0,0,0,0,0,0,0,3,0,0,1,0,1,2,1,3,4,185,3,13,-16,222,New Orleans
2024,10,20,53,3,2,9,2,30,15,11,47,58,25,2,0,4,1,10,8,4,19,23,23,1,1,5,1,17,7,6,25,31,0,0,0,0,0,1,0,0,1,1,5,0,1,0,0,2,0,1,2,3,164,2,9,-14,224,New Orleans
2012,11,20,23,3,3,0,12,34,12,3,58,61,13,1,2,0,9,23,3,2,35,37,8,2,1,0,3,8,9,1,20,21,0,0,0,0,0,0,0,0,0,0,2,0,0,0,0,3,0,0,3,3,190,0,8,16,254,New Orleans
2013,11,20,29,2,5,4,16,32,13,9,61,70,15,0,1,1,9,24,5,2,38,40,14,2,4,3,7,6,6,7,19,26,0,0,0,0,0,0,0,0,0,0,0,0,0,0,0,2,2,0,4,4,223,1,8,17,255,New Orleans
2014,11,20,21,2,3,2,10,22,8,5,40,45,8,2,0,2,9,16,5,2,30,32,9,0,3,0,0,6,3,3,9,12,1,0,0,0,0,0,0,0,0,0,3,0,0,0,1,0,0,0,1,1,153,1,5,18,256,New Orleans
2015,11,20,30,1,4,3,6,37,8,7,51,58,12,0,1,2,2,22,1,3,25,28,18,1,3,1,4,12,7,4,23,27,0,0,0,0,0,0,0,0,0,0,0,0,0,0,0,3,0,0,3,3,143,0,6,19,257,New Orleans
2016,11,20,43,1,6,6,5,30,16,12,51,63,17,0,5,1,3,11,3,6,17,23,19,1,1,4,2,17,11,5,30,35,0,0,0,0,0,1,0,0,1,1,7,0,0,1,0,1,2,1,3,4,152,2,13,14,252,New Orleans
2017,11,20,43,0,3,5,6,23,10,8,39,47,19,0,0,2,5,17,3,2,25,27,20,0,3,2,1,5,7,5,13,18,0,0,0,0,0,0,0,0,0,0,4,0,0,1,0,1,0,1,1,2,163,2,9,15,253,New Orleans
2018,11,20,39,1,4,1,6,23,45,5,74,79,18,0,1,1,3,14,13,2,30,32,17,1,3,0,3,7,29,3,39,42,1,0,0,0,0,0,0,0,0,0,3,0,0,0,0,2,3,0,5,5,175,1,13,16,254,New Orleans
2019,11,20,36,1,1,2,6,36,16,3,58,61,22,0,0,0,3,21,5,0,29,29,12,1,1,2,3,12,10,3,25,28,1,0,0,0,0,0,0,0,0,0,1,0,0,0,0,3,1,0,4,4,168,3,9,17,255,New Orleans
2020,11,20,68,0,5,5,3,27,34,10,64,74,41,0,3,2,3,17,13,5,33,38,23,0,2,3,0,10,19,5,29,34,0,0,0,0,0,0,0,0,0,0,4,0,0,0,0,0,2,0,2,2,182,0,6,19,257,New Orleans
2021,11,20,33,1,6,6,6,34,25,12,65,77,14,1,4,4,3,16,5,8,24,32,17,0,2,2,3,18,19,4,40,44,0,0,0,0,0,0,0,0,0,0,2,0,0,0,0,0,1,0,1,1,160,0,6,13,251,New Orleans
2022,11,20,33,7,6,13,5,15,47,19,67,86,13,5,1,2,2,4,17,3,23,26,19,1,5,8,3,9,29,13,41,54,0,0,0,0,0,0,0,0,0,0,1,1,0,3,0,2,1,3,3,6,160,0,9,14,252,New Orleans
2023,11,20,54,2,2,4,4,34,26,6,64,70,22,1,0,1,2,19,12,1,33,34,25,1,1,3,2,11,14,4,27,31,2,0,0,0,0,2,0,0,2,2,5,0,1,0,0,2,0,1,2,3,169,4,10,15,253,New Orleans
2024,11,20,44,1,0,6,3,21,12,6,36,42,27,1,0,1,1,11,4,1,16,17,16,0,0,4,2,9,7,4,18,22,1,0,0,0,0,0,0,0,0,0,0,0,0,1,0,1,1,1,2,3,135,1,6,17,255,New Orleans
2012,12,20,21,0,2,2,22,27,6,4,55,59,8,0,1,1,13,19,2,2,34,36,11,0,1,1,9,8,4,2,21,23,0,0,0,0,0,0,0,0,0,0,2,0,0,0,0,0,0,0,0,0,168,1,8,46,284,New Orleans
2013,12,20,32,1,2,0,11,41,13,2,65,67,9,1,0,0,8,27,5,0,40,40,22,0,2,0,3,11,8,2,22,24,0,0,0,0,0,0,0,0,0,0,1,0,0,0,0,3,0,0,3,3,174,0,5,47,285,New Orleans
2014,12,20,31,1,5,3,11,35,22,8,68,76,19,1,2,0,6,16,11,2,33,35,10,0,3,2,5,15,11,5,31,36,0,0,0,0,0,0,0,0,0,0,2,0,0,1,0,4,0,1,4,5,160,0,11,48,286,New Orleans
2015,12,20,27,2,3,5,6,27,16,8,49,57,9,0,3,1,4,13,6,4,23,27,14,2,0,4,1,13,8,4,22,26,0,0,0,0,0,0,0,0,0,0,4,0,0,0,1,1,2,0,4,4,138,1,12,49,287,New Orleans
2016,12,20,41,2,5,5,2,32,20,10,54,64,24,0,1,3,2,17,4,4,23,27,13,1,4,1,0,10,16,5,26,31,0,0,0,0,0,0,0,0,0,0,4,1,0,1,0,5,0,1,5,6,163,2,16,44,282,New Orleans
2017,12,20,50,4,1,3,4,37,13,4,54,58,21,2,1,2,2,21,4,3,27,30,28,2,0,1,1,12,7,1,20,21,1,0,0,0,1,2,0,0,3,3,0,0,0,0,0,2,2,0,4,4,177,6,8,45,283,New Orleans
2018,12,20,44,1,4,2,7,32,33,6,72,78,17,1,3,2,4,20,19,5,43,48,25,0,1,0,3,9,14,1,26,27,0,0,0,0,0,0,0,0,0,0,2,0,0,0,0,3,0,0,3,3,188,0,11,46,284,New Orleans
2019,12,20,2,1,1,3,1,15,12,4,28,32,0,0,0,2,0,12,3,2,15,17,2,1,0,1,1,3,8,1,12,13,0,0,0,0,0,0,0,0,0,0,0,0,1,0,0,0,1,1,1,2,58,0,4,47,285,New Orleans
2020,12,20,37,2,4,14,5,17,39,18,61,79,17,1,3,7,2,8,6,10,16,26,20,1,1,7,3,9,31,8,43,51,0,0,0,0,0,0,0,0,0,0,0,0,0,0,0,0,2,0,2,2,168,0,5,49,287,New Orleans
2021,12,20,31,1,1,5,6,14,35,6,55,61,11,0,0,2,0,5,16,2,21,23,15,1,1,3,5,7,16,4,28,32,1,0,0,0,1,0,2,0,3,3,4,0,0,0,0,2,1,0,3,3,140,5,8,43,281,New Orleans
2022,12,20,37,1,2,9,7,14,57,11,78,89,15,0,0,6,2,6,12,6,20,26,16,1,1,3,4,8,41,4,53,57,1,0,0,0,1,0,3,0,4,4,5,0,1,0,0,0,1,1,1,2,173,6,10,44,282,New Orleans
2023,12,20,30,4,5,6,6,22,19,11,47,58,14,3,3,2,4,16,7,5,27,32,14,0,1,4,2,4,11,5,17,22,0,1,0,0,0,2,0,0,2,2,2,0,1,0,0,0,1,1,1,2,135,3,10,45,283,New Orleans
2024,12,20,23,1,1,1,2,23,7,2,32,34,8,0,0,0,2,14,2,0,18,18,11,1,1,1,0,8,5,2,13,15,0,0,0,0,0,0,0,0,0,0,4,0,0,0,0,1,0,0,1,1,96,1,8,47,285,New Orleans
2012,1,21,32,2,4,5,11,25,25,9,61,70,10,1,1,0,6,10,4,1,20,21,17,1,2,5,5,14,20,7,39,46,0,0,0,0,0,0,0,0,0,0,5,0,1,0,0,1,1,1,2,3,186,0,12,-288,-50,New Orleans
2013,1,21,18,0,4,3,13,28,16,7,57,64,7,0,0,2,4,13,7,2,24,26,9,0,4,1,7,13,7,5,27,32,0,0,0,0,0,0,1,0,1,1,2,0,0,0,2,2,1,0,5,5,147,1,16,-286,-48,New Orleans
2014,1,21,35,0,5,1,15,21,26,6,62,68,16,0,2,0,12,15,7,2,34,36,16,0,2,1,3,6,18,3,27,30,2,0,0,0,0,0,0,0,0,0,1,0,1,0,0,0,1,1,1,2,209,2,10,-285,-47,New Orleans
2015,1,21,31,2,3,1,11,31,15,4,57,61,11,0,0,1,8,20,5,1,33,34,17,2,3,0,3,9,9,3,21,24,0,0,0,0,0,0,0,0,0,0,3,0,0,0,0,2,1,0,3,3,182,0,11,-284,-46,New Orleans
2016,1,21,35,0,2,6,10,40,10,8,60,68,21,0,0,2,4,24,5,2,33,35,14,0,2,3,6,11,5,5,22,27,0,0,0,1,0,0,0,1,0,1,0,0,0,0,0,5,0,0,5,5,161,1,6,-290,-52,New Orleans
2017,1,21,57,4,5,2,1,29,23,7,53,60,26,2,0,0,1,11,3,0,15,15,30,2,5,2,0,18,20,7,38,45,0,0,0,0,0,0,0,0,0,0,1,0,0,0,0,0,0,0,0,0,184,0,6,-288,-50,New Orleans
2018,1,21,43,1,0,2,4,28,16,2,48,50,18,0,0,1,1,11,4,1,16,17,22,1,0,1,3,16,12,1,31,32,0,0,0,0,0,0,0,0,0,0,3,0,0,0,0,1,0,0,1,1,148,0,6,-287,-49,New Orleans
2019,1,21,44,2,4,3,10,27,19,7,56,63,21,1,2,1,2,17,7,3,26,29,17,1,2,1,7,7,10,3,24,27,0,0,0,0,1,2,0,0,3,3,6,0,0,1,0,1,2,1,3,4,179,3,15,-286,-48,New Orleans
2020,1,21,34,1,0,0,1,15,17,0,33,33,21,1,0,0,1,13,5,0,19,19,12,0,0,0,0,2,10,0,12,12,0,0,0,0,0,0,0,0,0,0,1,0,0,0,0,0,2,0,2,2,101,1,5,-285,-47,New Orleans
2021,1,21,36,0,1,3,1,19,21,4,41,45,19,0,0,1,0,14,8,1,22,23,14,0,1,2,1,5,11,3,17,20,0,0,0,0,0,0,0,0,0,0,3,0,0,0,0,0,2,0,2,2,132,0,9,-290,-52,New Orleans
2022,1,21,32,2,0,2,4,22,20,2,46,48,13,1,0,1,1,12,9,1,22,23,17,1,0,1,3,9,10,1,22,23,0,0,0,0,0,1,0,0,1,1,2,0,0,0,0,0,1,0,1,1,124,3,8,-289,-51,New Orleans
2023,1,21,30,2,4,7,3,21,49,11,73,84,15,2,0,1,0,10,16,1,26,27,12,0,2,6,2,11,31,8,44,52,1,0,0,0,0,0,0,0,0,0,2,0,2,0,1,0,2,2,3,5,157,1,10,-288,-50,New Orleans
2024,1,21,45,0,0,6,6,33,20,6,59,65,20,0,0,2,1,16,3,2,20,22,24,0,0,3,5,15,17,3,37,40,0,0,0,0,0,1,0,0,1,1,1,0,0,1,0,1,0,1,1,2,149,2,7,-287,-49,New Orleans
2012,2,21,23,13,2,2,10,52,26,4,88,92,13,7,0,0,6,22,14,0,42,42,10,4,1,1,4,26,10,2,40,42,0,0,0,0,0,0,0,0,0,0,0,2,1,1,0,4,2,2,6,8,225,0,15,-257,-19,New Orleans
2013,2,21,21,2,1,5,4,34,9,6,47,53,7,0,1,3,2,25,2,4,29,33,13,2,0,2,2,8,7,2,17,19,0,0,0,0,0,1,0,0,1,1,1,0,0,0,0,0,0,0,0,0,177,1,7,-255,-17,New Orleans
2014,2,21,25,3,4,1,10,37,9,5,56,61,11,2,0,0,3,21,5,0,29,29,13,1,4,1,7,16,4,5,27,32,0,0,0,0,0,0,0,0,0,0,1,0,0,0,0,0,0,0,0,0,200,0,7,-254,-16,New Orleans
2015,2,21,35,0,4,3,5,24,7,7,36,43,23,0,0,1,4,12,2,1,18,19,9,0,4,1,1,11,5,5,17,22,0,0,0,0,0,0,0,0,0,0,3,0,0,1,0,1,0,1,1,2,134,0,8,-253,-15,New Orleans
2016,2,21,34,1,6,5,7,29,19,11,55,66,15,0,3,3,1,11,3,6,15,21,15,1,3,0,5,12,15,3,32,35,0,0,0,0,0,1,0,0,1,1,4,0,0,2,1,5,1,2,7,9,157,1,16,-259,-21,New Orleans
2017,2,21,37,1,4,2,7,30,11,6,48,54,21,1,1,2,3,16,3,3,22,25,14,0,2,0,3,10,7,2,20,22,0,0,0,0,0,0,0,0,0,0,2,0,1,0,1,4,1,1,6,7,152,1,10,-257,-19,New Orleans
2018,2,21,49,1,2,2,4,33,20,4,57,61,21,1,0,1,3,20,8,1,31,32,22,0,2,0,1,10,10,2,21,23,1,0,0,0,0,1,0,0,1,1,5,0,0,1,0,2,2,1,4,5,207,3,22,-256,-18,New Orleans
2019,2,21,40,1,0,1,3,27,18,1,48,49,22,1,0,0,2,14,5,0,21,21,17,0,0,1,1,12,12,1,25,26,1,0,0,0,0,0,0,0,0,0,0,0,0,0,0,1,1,0,2,2,149,2,8,-255,-17,New Orleans
2020,2,21,27,1,4,5,6,157,23,9,186,195,11,0,0,3,4,41,8,3,53,56,15,0,4,1,2,107,15,5,124,129,0,0,0,0,0,1,0,0,1,1,1,1,0,1,0,8,0,1,8,9,278,1,17,-254,-16,New Orleans
2021,2,21,52,0,4,11,2,19,26,15,47,62,29,0,2,4,1,14,17,6,32,38,22,0,2,7,1,5,8,9,14,23,0,0,0,0,0,0,0,0,0,0,1,0,0,0,0,0,1,0,1,1,164,0,5,-259,-21,New Orleans
2022,2,21,51,1,2,5,2,26,13,7,41,48,26,0,0,0,1,13,3,0,17,17,24,1,2,5,0,9,10,7,19,26,0,0,0,0,0,1,0,0,1,1,1,0,0,0,1,3,0,0,4,4,157,2,5,-258,-20,New Orleans
2023,2,21,31,31,5,7,4,69,58,12,131,143,15,11,2,2,1,40,26,4,67,71,14,16,3,5,2,23,31,8,56,64,1,0,0,0,0,1,0,0,1,1,1,4,0,0,1,5,1,0,7,7,295,2,19,-257,-19,New Orleans
2024,2,21,43,3,0,7,2,29,14,7,45,52,23,1,0,3,1,19,3,3,23,26,16,2,0,4,1,9,11,4,21,25,0,0,0,0,0,0,0,0,0,0,4,0,0,0,0,1,0,0,1,1,154,0,9,-256,-18,New Orleans
2012,3,21,29,2,2,3,6,29,11,5,46,51,11,1,1,2,6,21,5,3,32,35,16,0,1,1,0,8,5,2,13,15,0,0,0,0,0,0,1,0,1,1,2,1,0,0,0,0,0,0,0,0,199,2,6,-228,10,New Orleans
2013,3,21,27,1,0,1,7,33,13,1,53,54,17,1,0,0,4,25,12,0,41,41,9,0,0,1,3,8,1,1,12,13,0,0,0,0,0,0,0,0,0,0,1,0,0,0,0,0,0,0,0,0,192,0,10,-227,11,New Orleans
2014,3,21,42,1,2,2,12,38,11,4,61,65,17,0,1,1,5,19,7,2,31,33,24,1,0,1,6,16,4,1,26,27,1,0,0,0,0,0,0,0,0,0,0,0,1,0,1,3,0,1,4,5,218,1,13,-226,12,New Orleans
2015,3,21,45,1,3,3,5,36,7,6,48,54,21,0,0,1,2,20,3,1,25,26,21,1,2,2,2,16,4,4,22,26,0,0,0,0,0,0,0,0,0,0,3,0,1,0,1,0,0,1,1,2,169,1,6,-225,13,New Orleans
2016,3,21,38,1,3,0,12,24,21,3,57,60,12,1,2,0,5,17,9,2,31,33,22,0,1,0,4,4,12,1,20,21,1,0,0,0,3,1,0,0,4,4,3,0,0,0,0,2,0,0,2,2,180,5,13,-230,8,New Orleans
2017,3,21,41,1,0,1,2,32,12,1,46,47,22,1,0,0,1,22,3,0,26,26,16,0,0,1,1,8,9,1,18,19,1,0,0,0,0,0,0,0,0,0,2,0,0,0,0,2,0,0,2,2,197,1,8,-229,9,New Orleans
2018,3,21,58,2,5,7,5,30,18,12,53,65,36,2,3,4,2,20,7,7,29,36,18,0,0,3,2,7,10,3,19,22,0,0,0,0,0,1,0,0,1,1,4,0,2,0,1,2,1,2,4,6,203,1,14,-228,10,New Orleans
2019,3,21,49,3,7,3,4,39,19,10,62,72,31,3,1,2,2,23,8,3,33,36,14,0,3,1,2,14,11,4,27,31,0,0,0,0,0,0,0,0,0,0,4,0,3,0,0,2,0,3,2,5,206,1,18,-227,11,New Orleans
2020,3,21,54,1,0,0,1,21,9,0,31,31,29,0,0,0,0,16,3,0,19,19,18,1,0,0,1,3,4,0,8,8,1,0,0,0,0,1,0,0,1,1,6,0,0,0,0,1,2,0,3,3,128,2,13,-225,13,New Orleans
2021,3,21,50,1,4,5,2,15,23,9,40,49,25,0,1,2,0,8,9,3,17,20,22,1,3,3,2,5,14,6,21,27,1,0,0,0,0,0,0,0,0,0,2,0,0,0,0,2,0,0,2,2,155,2,7,-231,7,New Orleans
2022,3,21,40,2,3,6,6,32,12,9,50,59,26,1,0,5,2,19,5,5,26,31,13,0,2,1,4,12,6,3,22,25,0,0,0,0,0,0,0,0,0,0,1,1,1,0,0,1,1,1,2,3,156,0,7,-230,8,New Orleans
2023,3,21,34,2,1,8,4,27,51,9,82,91,17,1,0,3,2,19,22,3,43,46,17,1,0,4,2,7,23,4,32,36,0,0,0,1,0,0,1,1,1,2,0,0,1,0,0,1,5,1,6,7,171,2,11,-229,9,New Orleans
2024,3,21,35,1,1,1,2,26,15,2,43,45,24,1,0,1,1,13,6,1,20,21,7,0,1,0,1,11,8,1,20,21,0,0,0,0,0,1,1,0,2,2,4,0,0,0,0,1,0,0,1,1,144,2,9,-227,11,New Orleans
2012,4,21,13,1,3,4,4,35,22,7,61,68,7,0,0,1,0,22,8,1,30,31,6,0,2,2,4,13,13,4,30,34,0,0,0,0,0,0,0,0,0,0,0,1,1,1,0,0,1,2,1,3,175,0,8,-197,41,New Orleans
2013,4,21,27,2,2,2,9,33,5,4,47,51,15,2,0,1,5,22,3,1,30,31,10,0,2,1,4,11,1,3,16,19,0,0,0,0,0,0,0,0,0,0,2,0,0,0,0,0,1,0,1,1,146,0,11,-196,42,New Orleans
2014,4,21,30,1,1,5,16,34,32,6,82,88,16,1,0,2,12,28,7,2,47,49,13,0,1,3,4,5,25,4,34,38,0,0,0,0,0,0,0,0,0,0,1,0,0,0,0,1,0,0,1,1,239,0,12,-195,43,New Orleans
2015,4,21,34,1,2,5,6,38,21,7,65,72,20,1,1,4,3,33,13,5,49,54,12,0,1,0,3,3,7,1,13,14,0,0,0,0,0,0,0,0,0,0,2,0,0,1,0,2,1,1,3,4,192,0,13,-194,44,New Orleans
2016,4,21,35,0,2,5,5,28,11,7,44,51,21,0,1,5,3,22,6,6,31,37,12,0,1,0,1,5,5,1,11,12,0,0,0,0,0,0,0,0,0,0,2,0,0,0,1,1,0,0,2,2,149,0,14,-199,39,New Orleans
2017,4,21,38,0,3,2,4,34,14,5,52,57,20,0,1,1,3,19,10,2,32,34,15,0,2,1,0,13,4,3,17,20,0,0,0,0,1,1,0,0,2,2,3,0,0,0,0,1,0,0,1,1,177,3,10,-198,40,New Orleans
2018,4,21,59,1,3,4,4,41,22,7,67,74,34,1,1,3,2,22,7,4,31,35,23,0,2,1,2,17,14,3,33,36,0,0,0,0,0,0,0,0,0,0,2,0,0,0,0,2,1,0,3,3,215,0,8,-197,41,New Orleans
2019,4,21,50,6,2,3,7,37,33,5,77,82,24,1,1,2,3,19,13,3,35,38,20,5,1,1,4,15,18,2,37,39,0,0,0,0,0,0,0,0,0,0,6,0,0,0,0,3,2,0,5,5,202,1,18,-196,42,New Orleans
2020,4,21,36,5,1,2,9,23,26,3,58,61,19,2,0,0,4,14,18,0,36,36,15,1,0,1,5,8,6,1,19,20,1,0,0,0,0,0,0,0,0,0,1,2,1,1,0,1,2,2,3,5,162,1,12,-194,44,New Orleans
2021,4,21,30,1,1,3,3,24,23,4,50,54,10,0,1,3,0,16,13,4,29,33,19,0,0,0,3,8,5,0,16,16,0,0,0,0,0,0,0,0,0,0,1,1,0,0,0,0,5,0,5,5,164,0,11,-200,38,New Orleans
2022,4,21,34,0,3,4,6,32,14,7,52,59,24,0,1,3,3,22,7,4,32,36,7,0,1,1,3,8,7,2,18,20,0,0,0,0,0,0,0,0,0,0,3,0,1,0,0,2,0,1,2,3,149,0,10,-199,39,New Orleans
2023,4,21,31,0,3,6,1,45,39,9,85,94,20,0,2,3,0,24,11,5,35,40,11,0,0,3,1,20,27,3,48,51,0,0,0,0,0,1,0,0,1,1,0,0,1,0,0,0,1,1,1,2,180,1,3,-198,40,New Orleans
2024,4,21,44,2,2,4,4,27,16,6,47,53,17,1,1,2,2,15,9,3,26,29,20,1,1,2,2,12,6,3,20,23,0,0,0,0,0,0,0,0,0,0,7,0,0,0,0,0,1,0,1,1,139,0,10,-196,42,New Orleans
2012,5,21,49,0,2,7,8,30,11,9,49,58,27,0,1,5,6,19,6,6,31,37,16,0,1,1,2,10,4,2,16,18,0,0,0,0,0,0,1,0,1,1,6,0,0,1,0,1,0,1,1,2,234,1,23,-167,71,New Orleans
2013,5,21,25,4,4,6,8,26,18,10,52,62,16,3,2,4,5,20,4,6,29,35,9,1,1,2,3,5,13,3,21,24,0,0,0,0,0,0,0,0,0,0,0,0,1,0,0,1,1,1,2,3,217,4,10,-166,72,New Orleans
2014,5,21,46,0,2,2,11,34,26,4,71,75,20,0,2,2,5,23,12,4,40,44,24,0,0,0,5,8,13,0,26,26,0,0,0,0,1,0,0,0,1,1,2,0,0,0,0,3,1,0,4,4,240,1,12,-165,73,New Orleans
2015,5,21,31,0,3,4,9,29,16,7,54,61,16,0,1,2,3,21,4,3,28,31,11,0,2,1,5,7,11,3,23,26,0,0,0,0,0,0,0,0,0,0,4,0,0,1,1,1,1,1,3,4,153,0,10,-164,74,New Orleans
2016,5,21,37,0,1,2,6,35,9,3,50,53,19,0,0,1,5,27,3,1,35,36,15,0,1,0,1,7,5,1,13,14,0,0,0,0,0,0,0,0,0,0,3,0,0,1,0,1,1,1,2,3,147,0,8,-169,69,New Orleans
2017,5,21,38,2,6,6,9,33,20,12,62,74,26,0,2,4,5,22,6,6,33,39,11,2,3,2,3,7,12,5,22,27,0,0,0,0,1,3,1,0,5,5,1,0,1,0,0,1,1,1,2,3,157,5,9,-168,70,New Orleans
2018,5,21,53,3,1,5,7,40,28,6,75,81,42,2,0,1,4,26,11,1,41,42,7,0,1,2,3,11,17,3,31,34,0,0,0,0,0,2,0,0,2,2,4,1,0,2,0,1,0,2,1,3,216,2,15,-167,71,New Orleans
2019,5,21,53,2,2,3,6,36,51,5,93,98,32,2,2,1,4,27,35,3,66,69,15,0,0,2,2,6,11,2,19,21,1,0,0,0,0,0,0,0,0,0,5,0,0,0,0,3,5,0,8,8,229,2,17,-166,72,New Orleans
2020,5,21,35,2,1,7,10,25,14,8,49,57,25,1,0,4,5,19,7,4,31,35,8,1,1,3,5,5,5,4,15,19,1,0,0,0,0,0,2,0,2,2,1,0,0,0,0,1,0,0,1,1,157,4,6,-164,74,New Orleans
2021,5,21,48,1,2,9,3,29,34,11,66,77,29,0,0,6,2,17,9,6,28,34,13,0,2,3,1,11,24,5,36,41,0,0,0,0,0,1,0,0,1,1,6,1,0,0,0,0,1,0,1,1,194,1,14,-170,68,New Orleans
2022,5,21,30,2,2,1,9,32,42,3,83,86,18,1,0,0,4,17,10,0,31,31,8,1,2,1,5,13,30,3,48,51,0,0,0,0,0,0,0,0,0,0,4,0,0,0,0,2,2,0,4,4,158,0,11,-169,69,New Orleans
2023,5,21,23,2,4,5,5,19,31,9,55,64,10,2,3,2,3,10,7,5,20,25,9,0,0,2,2,9,21,2,32,34,1,0,0,0,0,0,0,0,0,0,3,0,1,1,0,0,3,2,3,5,122,1,13,-168,70,New Orleans
2024,5,21,44,2,0,1,11,22,21,1,54,55,22,2,0,0,6,16,11,0,33,33,13,0,0,1,4,5,9,1,18,19,1,0,0,0,0,0,0,0,0,0,8,0,0,0,1,1,1,0,3,3,145,2,12,-166,72,New Orleans
2012,6,21,29,0,3,5,12,33,25,8,70,78,15,0,2,4,9,22,12,6,43,49,13,0,1,1,2,10,12,2,24,26,0,0,0,0,1,1,1,0,3,3,1,0,0,0,0,0,0,0,0,0,218,4,11,-136,102,New Orleans
2013,6,21,22,3,1,2,9,38,9,3,56,59,13,1,0,0,7,26,5,0,38,38,8,2,0,1,1,12,4,1,17,18,0,0,0,0,0,0,0,0,0,0,1,0,1,1,1,0,0,2,1,3,190,0,8,-135,103,New Orleans
2014,6,21,35,1,1,5,11,36,7,6,54,60,17,1,1,1,7,17,3,2,27,29,15,0,0,3,3,17,3,3,23,26,1,0,0,0,0,1,0,0,1,1,2,0,0,1,1,1,1,1,3,4,163,2,12,-134,104,New Orleans
2015,6,21,29,1,2,3,6,14,12,5,32,37,14,1,1,2,4,8,2,3,14,17,10,0,1,1,2,6,9,2,17,19,2,0,0,0,0,0,0,0,0,0,3,0,0,0,0,0,1,0,1,1,118,3,13,-133,105,New Orleans
2016,6,21,30,0,0,2,8,26,19,2,53,55,18,0,0,0,6,19,8,0,33,33,6,0,0,2,2,5,10,2,17,19,0,0,0,0,0,0,0,0,0,0,6,0,0,0,0,2,1,0,3,3,148,0,13,-138,100,New Orleans
2017,6,21,33,4,1,1,10,24,21,2,55,57,18,1,0,1,7,21,10,1,38,39,12,3,1,0,3,3,10,1,16,17,0,0,0,0,0,0,0,0,0,0,3,0,0,0,0,0,1,0,1,1,149,0,5,-137,101,New Orleans
2018,6,21,48,1,2,2,9,39,14,4,62,66,28,1,2,1,4,25,5,3,34,37,17,0,0,1,3,12,9,1,24,25,1,0,0,0,1,0,0,0,1,1,2,0,0,0,1,2,0,0,3,3,181,2,8,-136,102,New Orleans
2019,6,21,63,0,2,2,5,34,40,4,79,83,39,0,0,1,4,22,20,1,46,47,20,0,2,0,1,11,18,2,30,32,2,0,0,1,0,0,0,1,0,1,2,0,0,0,0,1,2,0,3,3,229,4,12,-135,103,New Orleans
2020,6,21,59,1,2,12,6,17,20,14,43,57,36,0,0,8,3,7,10,8,20,28,19,1,2,2,3,9,8,4,20,24,1,0,0,1,0,0,1,1,1,2,3,0,0,1,0,1,1,1,2,3,164,5,7,-133,105,New Orleans
2021,6,21,41,2,2,4,2,26,15,6,43,49,28,0,0,1,1,18,9,1,28,29,11,2,1,3,1,8,6,4,15,19,1,0,0,0,0,0,0,0,0,0,1,0,1,0,0,0,0,1,0,1,148,1,6,-139,99,New Orleans
2022,6,21,35,3,5,8,6,20,27,13,53,66,19,1,3,7,3,13,6,10,22,32,16,2,0,1,3,7,19,1,29,30,0,0,0,0,0,0,0,0,0,0,0,0,2,0,0,0,2,2,2,4,171,3,10,-138,100,New Orleans
2023,6,21,39,2,1,6,2,25,24,7,51,58,29,2,0,5,0,15,9,5,24,29,6,0,0,1,2,8,12,1,22,23,2,0,1,0,0,0,1,1,1,2,2,0,0,0,0,2,2,0,4,4,142,4,7,-137,101,New Orleans
2024,6,21,48,1,0,4,6,27,15,4,48,52,29,1,0,4,4,16,6,4,26,30,15,0,0,0,2,10,8,0,20,20,1,0,0,0,0,1,0,0,1,1,3,0,0,0,0,0,1,0,1,1,149,3,5,-135,103,New Orleans
2012,7,21,32,1,3,3,9,31,31,6,71,77,17,1,2,2,5,22,17,4,44,48,13,0,0,1,4,8,12,1,24,25,0,0,0,0,0,0,0,0,0,0,2,0,1,0,0,1,2,1,3,4,197,0,14,-106,132,New Orleans
2013,7,21,25,0,5,0,6,29,22,5,57,62,14,0,4,0,3,19,7,4,29,33,9,0,0,0,3,9,13,0,25,25,1,0,1,0,0,0,1,1,1,2,1,0,0,0,0,1,1,0,2,2,144,3,6,-105,133,New Orleans
2014,7,21,20,2,6,4,21,39,34,10,94,104,12,2,2,2,15,32,10,4,57,61,7,0,4,1,6,7,22,5,35,40,0,0,0,0,0,0,1,0,1,1,1,0,0,1,0,0,1,1,1,2,219,2,7,-104,134,New Orleans
2015,7,21,48,1,1,1,7,31,21,2,59,61,27,0,0,0,3,24,8,0,35,35,15,0,1,1,3,3,11,2,17,19,0,0,0,0,0,1,0,0,1,1,6,1,0,0,1,3,2,0,6,6,168,2,18,-103,135,New Orleans
2016,7,21,42,3,4,2,7,44,7,6,58,64,19,2,0,2,6,30,3,2,39,41,19,1,4,0,1,12,3,4,16,20,0,0,0,0,0,1,0,0,1,1,4,0,0,0,0,1,1,0,2,2,168,1,9,-108,130,New Orleans
2017,7,21,52,2,4,1,5,35,22,5,62,67,31,1,1,1,4,21,7,2,32,34,16,1,3,0,1,12,13,3,26,29,1,0,0,0,0,0,1,0,1,1,4,0,0,0,0,2,1,0,3,3,189,4,10,-107,131,New Orleans
2018,7,21,54,0,2,5,7,48,19,7,74,81,33,0,0,3,2,20,8,3,30,33,18,0,2,1,5,19,10,3,34,37,0,0,0,0,0,0,0,0,0,0,3,0,0,1,0,9,1,1,10,11,193,2,21,-106,132,New Orleans
2019,7,21,48,2,2,5,5,28,53,7,86,93,24,1,1,2,1,23,24,3,48,51,20,1,1,2,4,4,26,3,34,37,0,0,0,0,0,1,0,0,1,1,4,0,0,1,0,0,3,1,3,4,204,1,14,-105,133,New Orleans
2020,7,21,48,1,5,5,3,24,17,10,44,54,31,1,2,1,1,21,9,3,31,34,13,0,3,4,2,2,8,7,12,19,1,0,0,0,0,0,0,0,0,0,3,0,0,0,0,1,0,0,1,1,151,1,7,-103,135,New Orleans
2021,7,21,53,4,2,8,8,23,25,10,56,66,36,3,0,4,6,15,10,4,31,35,14,0,1,3,1,7,12,4,20,24,1,0,0,0,0,0,0,0,0,0,2,1,1,1,1,1,3,2,5,7,174,1,20,-109,129,New Orleans
2022,7,21,32,5,1,2,7,22,33,3,62,65,18,2,0,1,3,12,17,1,32,33,13,3,1,0,4,9,15,1,28,29,0,0,0,0,0,0,0,0,0,0,1,0,0,1,0,1,1,1,2,3,148,0,7,-108,130,New Orleans
2023,7,21,44,5,0,3,3,31,30,3,64,67,26,3,0,1,0,21,6,1,27,28,15,2,0,1,1,7,22,1,30,31,0,0,0,0,0,0,1,0,1,1,3,0,0,1,2,3,1,1,6,7,172,1,11,-107,131,New Orleans
2024,7,21,31,0,0,4,4,26,14,4,44,48,12,0,0,2,2,15,2,2,19,21,14,0,0,2,2,10,12,2,24,26,1,0,0,0,0,0,0,0,0,0,4,0,0,0,0,1,0,0,1,1,132,2,9,-105,133,New Orleans
2012,8,21,21,3,1,1,14,36,9,2,59,61,12,1,1,1,12,24,4,2,40,42,8,2,0,0,2,11,4,0,17,17,1,0,0,0,0,1,0,0,1,1,0,0,0,0,0,0,1,0,1,1,220,2,8,-75,163,New Orleans
2013,8,21,29,1,1,4,5,43,11,5,59,64,12,0,0,3,5,30,8,3,43,46,16,1,1,1,0,11,1,2,12,14,1,0,0,0,0,0,0,0,0,0,0,0,0,0,0,2,2,0,4,4,195,2,10,-74,164,New Orleans
2014,8,21,26,2,2,2,12,22,6,4,40,44,13,1,1,2,7,13,2,3,22,25,11,0,0,0,5,7,4,0,16,16,0,0,0,0,0,0,0,0,0,0,2,1,1,0,0,2,0,1,2,3,126,0,7,-73,165,New Orleans
2015,8,21,29,2,5,4,8,34,14,9,56,65,14,0,3,2,5,22,5,5,32,37,12,2,2,2,3,12,5,4,20,24,1,0,0,0,0,0,0,0,0,0,2,0,0,0,0,0,4,0,4,4,157,2,9,-72,166,New Orleans
2016,8,21,34,1,8,5,9,19,15,13,43,56,12,0,3,2,4,13,5,5,22,27,15,1,4,2,5,6,9,6,20,26,0,0,0,0,0,0,0,0,0,0,7,0,1,1,0,0,1,2,1,3,141,0,17,-77,161,New Orleans
2017,8,21,45,2,9,8,8,35,18,17,61,78,33,2,3,4,7,23,6,7,36,43,12,0,5,3,1,10,10,8,21,29,0,0,0,0,0,0,0,0,0,0,0,0,1,1,0,2,2,2,4,6,211,0,10,-76,162,New Orleans
2018,8,21,51,1,3,3,11,33,11,6,55,61,28,1,2,2,5,24,4,4,33,37,16,0,1,1,5,7,7,2,19,21,0,0,0,0,0,0,0,0,0,0,7,0,0,0,1,2,0,0,3,3,197,1,16,-75,163,New Orleans
2019,8,21,43,2,1,4,3,40,15,5,58,63,24,2,0,2,0,32,9,2,41,43,16,0,1,0,2,8,6,1,16,17,0,0,0,0,1,0,0,0,1,1,3,0,0,2,0,0,0,2,0,2,198,1,12,-74,164,New Orleans
2020,8,21,51,3,3,8,2,16,39,11,57,68,33,1,1,4,2,11,7,5,20,25,14,2,2,4,0,5,28,6,33,39,0,0,0,0,0,0,1,0,1,1,4,0,0,0,0,0,3,0,3,3,181,2,12,-72,166,New Orleans
2021,8,21,33,4,5,0,4,36,13,5,53,58,15,3,3,0,2,24,7,3,33,36,16,1,1,0,2,11,5,1,18,19,0,0,0,0,0,0,0,0,0,0,2,0,1,0,0,1,1,1,2,3,150,1,9,-78,160,New Orleans
2022,8,21,50,2,3,7,5,26,43,10,74,84,28,1,0,3,2,10,14,3,26,29,17,1,3,3,2,14,27,6,43,49,0,0,0,0,0,0,2,0,2,2,5,0,0,1,1,2,0,1,3,4,174,3,12,-77,161,New Orleans
2023,8,21,37,0,2,6,6,30,14,8,50,58,23,0,1,6,5,21,4,7,30,37,13,0,1,0,1,6,8,1,15,16,0,0,0,0,0,0,1,0,1,1,1,0,0,0,0,3,1,0,4,4,155,1,10,-76,162,New Orleans
2024,8,21,48,0,1,3,4,37,15,4,56,60,26,0,0,3,4,26,7,3,37,40,11,0,1,0,0,8,8,1,16,17,1,0,0,0,0,0,0,0,0,0,10,0,0,0,0,3,0,0,3,3,156,2,15,-74,164,New Orleans
2012,9,21,29,4,0,4,12,26,22,4,60,64,15,2,0,3,5,14,2,3,21,24,13,2,0,1,7,10,19,1,36,37,0,0,0,0,0,1,1,0,2,2,1,0,0,0,0,1,0,0,1,1,190,4,6,-44,194,New Orleans
2013,9,21,18,3,4,4,1,35,13,8,49,57,7,1,1,4,0,18,5,5,23,28,10,0,2,0,1,16,8,2,25,27,0,0,0,0,0,0,0,0,0,0,1,2,1,0,0,1,0,1,1,2,143,0,8,-43,195,New Orleans
2014,9,21,31,1,8,3,8,21,14,11,43,54,13,1,1,2,5,10,4,3,19,22,15,0,7,0,2,11,9,7,22,29,1,0,0,0,0,0,0,0,0,0,2,0,0,1,1,0,1,1,2,3,122,1,8,-42,196,New Orleans
2015,9,21,35,0,4,7,11,39,13,11,63,74,18,0,2,2,7,28,4,4,39,43,13,0,2,5,4,10,9,7,23,30,0,0,0,0,0,0,0,0,0,0,4,0,0,0,0,1,0,0,1,1,169,1,8,-41,197,New Orleans
2016,9,21,43,1,2,4,4,22,15,6,41,47,25,1,0,3,4,18,5,3,27,30,16,0,0,1,0,4,9,1,13,14,1,0,0,0,0,0,0,0,0,0,1,0,2,0,0,0,1,2,1,3,164,4,6,-46,192,New Orleans
2017,9,21,52,3,0,2,4,24,10,2,38,40,31,1,0,2,3,16,3,2,22,24,19,2,0,0,1,5,5,0,11,11,0,0,0,0,0,0,0,0,0,0,2,0,0,0,0,3,2,0,5,5,177,0,12,-45,193,New Orleans
2018,9,21,42,3,2,3,4,46,13,5,63,68,23,1,0,2,1,23,7,2,31,33,11,2,1,1,3,20,6,2,29,31,1,0,0,0,0,0,0,0,0,0,7,0,1,0,0,3,0,1,3,4,191,1,17,-44,194,New Orleans
2019,9,21,46,1,4,3,3,39,19,7,61,68,26,0,1,1,0,19,8,2,27,29,18,1,3,2,3,17,10,5,30,35,0,0,0,0,0,1,0,0,1,1,2,0,0,0,0,2,1,0,3,3,196,1,6,-43,195,New Orleans
2020,9,21,48,3,4,3,2,18,34,7,54,61,27,2,1,2,0,13,19,3,32,35,19,1,3,1,2,5,15,4,22,26,1,0,0,0,0,0,0,0,0,0,1,0,0,0,0,0,0,0,0,0,157,1,5,-41,197,New Orleans
2021,9,21,34,1,0,4,9,17,20,4,46,50,20,1,0,2,5,11,9,2,25,27,11,0,0,2,3,4,7,2,14,16,0,0,0,0,0,1,1,0,2,2,3,0,0,0,1,1,3,0,5,5,142,3,16,-47,191,New Orleans
2022,9,21,32,1,3,4,4,20,12,7,36,43,16,0,0,0,2,11,6,0,19,19,11,1,3,4,2,5,6,7,13,20,0,0,0,0,0,2,0,0,2,2,5,0,0,0,0,2,0,0,2,2,134,2,12,-46,192,New Orleans
2023,9,21,31,1,2,5,4,35,34,7,73,80,14,1,1,5,2,26,14,6,42,48,13,0,1,0,1,7,20,1,28,29,1,0,0,0,0,0,0,0,0,0,3,0,0,0,1,2,0,0,3,3,158,1,11,-45,193,New Orleans
2024,9,21,36,3,2,3,1,33,8,5,42,47,18,2,0,0,0,11,3,0,14,14,12,1,2,2,1,21,5,4,27,31,3,0,0,1,0,0,0,1,0,1,3,0,0,0,0,1,0,0,1,1,125,4,8,-43,195,New Orleans
2012,10,21,22,0,2,3,8,31,22,5,61,66,7,0,1,1,4,10,6,2,20,22,12,0,1,2,4,20,13,3,37,40,0,0,0,0,0,0,1,0,1,1,3,0,0,0,0,1,2,0,3,3,154,1,10,-14,224,New Orleans
2013,10,21,29,1,0,6,10,38,13,6,61,67,16,1,0,2,6,26,2,2,34,36,9,0,0,3,2,10,10,3,22,25,3,0,0,0,0,1,1,0,2,2,1,0,0,1,2,1,0,1,3,4,181,6,11,-13,225,New Orleans
2014,10,21,34,0,1,5,7,32,22,6,61,67,19,0,0,1,6,20,8,1,34,35,12,0,0,3,1,11,13,3,25,28,0,0,0,0,0,0,0,0,0,0,3,0,1,1,0,1,1,2,2,4,176,0,13,-12,226,New Orleans
2015,10,21,35,2,3,8,5,21,17,11,43,54,14,1,1,1,5,15,4,2,24,26,19,1,1,5,0,5,13,6,18,24,0,0,0,2,0,0,0,2,0,2,2,0,1,0,0,1,0,1,1,2,171,3,7,-11,227,New Orleans
2016,10,21,42,1,3,3,9,29,16,6,54,60,16,0,1,1,6,13,9,2,28,30,22,1,2,1,3,13,7,3,23,26,1,0,0,0,0,2,0,0,2,2,3,0,0,1,0,1,0,1,1,2,155,3,6,-16,222,New Orleans
2017,10,21,35,1,2,2,7,47,18,4,72,76,20,0,0,0,3,13,6,0,22,22,12,1,2,2,4,33,10,4,47,51,0,0,0,0,0,0,1,0,1,1,3,0,0,0,0,1,1,0,2,2,176,1,9,-15,223,New Orleans
2018,10,21,45,0,1,6,11,45,23,7,79,86,22,0,1,2,6,23,10,3,39,42,22,0,0,4,5,17,12,4,34,38,1,0,0,0,0,0,0,0,0,0,0,0,0,0,0,5,1,0,6,6,206,1,8,-14,224,New Orleans
2019,10,21,41,0,2,2,11,36,14,4,61,65,19,0,1,0,5,23,10,1,38,39,20,0,1,2,6,11,4,3,21,24,0,0,0,0,0,0,0,0,0,0,2,0,0,0,0,2,0,0,2,2,177,1,9,-13,225,New Orleans
2020,10,21,43,4,4,7,5,39,35,11,79,90,20,3,2,6,0,29,9,8,38,46,21,1,1,0,4,9,19,1,32,33,0,0,0,0,0,0,0,0,0,0,2,0,1,1,1,1,7,2,9,11,203,0,18,-11,227,New Orleans
2021,10,21,42,2,1,8,5,32,22,9,59,68,21,1,0,6,3,21,9,6,33,39,16,1,1,1,2,11,13,2,26,28,2,0,0,0,0,0,0,0,0,0,3,0,0,1,0,0,0,1,0,1,146,2,7,-17,221,New Orleans
2022,10,21,27,4,4,7,3,22,17,11,42,53,15,2,2,3,0,10,6,5,16,21,10,2,1,3,2,9,8,4,19,23,0,0,0,0,0,0,0,0,0,0,2,0,1,1,1,3,3,2,7,9,137,2,12,-16,222,New Orleans
2023,10,21,51,1,2,7,3,46,30,9,79,88,30,1,1,5,0,13,6,6,19,25,14,0,1,2,2,30,21,3,53,56,0,0,0,0,0,0,0,0,0,0,7,0,0,0,1,3,3,0,7,7,194,1,15,-15,223,New Orleans
2024,10,21,43,2,0,5,4,25,8,5,37,42,23,1,0,2,3,17,5,2,25,27,14,1,0,3,1,7,3,3,11,14,3,0,0,0,0,0,0,0,0,0,3,0,0,0,0,1,0,0,1,1,152,4,8,-13,225,New Orleans
2012,11,21,29,2,3,0,7,29,20,3,56,59,12,0,1,0,5,20,7,1,32,33,15,1,2,0,2,9,13,2,24,26,0,0,0,0,0,0,0,0,0,0,2,1,0,0,0,0,0,0,0,0,174,0,10,17,255,New Orleans
2013,11,21,30,1,3,4,14,27,9,7,50,57,16,1,2,2,7,17,4,4,28,32,13,0,1,2,6,7,3,3,16,19,0,0,0,0,0,0,1,0,1,1,1,0,0,0,1,3,1,0,5,5,191,1,14,18,256,New Orleans
2014,11,21,33,2,2,3,8,30,15,5,53,58,12,0,0,1,4,21,3,1,28,29,18,1,1,2,3,8,12,3,23,26,1,0,0,0,0,0,0,0,0,0,2,1,1,0,1,1,0,1,2,3,184,2,10,19,257,New Orleans
2015,11,21,25,0,3,1,5,25,20,4,50,54,11,0,2,1,2,13,5,3,20,23,11,0,1,0,3,11,14,1,28,29,1,0,0,0,0,0,1,0,1,1,2,0,0,0,0,1,0,0,1,1,135,2,5,20,258,New Orleans
2016,11,21,41,1,3,2,8,29,20,5,57,62,24,0,1,2,5,11,8,3,24,27,14,0,2,0,3,15,12,2,30,32,0,0,0,0,0,1,0,0,1,1,3,1,0,0,0,2,0,0,2,2,157,1,11,15,253,New Orleans
2017,11,21,38,2,3,7,5,31,16,10,52,62,17,2,0,2,4,23,4,2,31,33,16,0,3,5,1,6,12,8,19,27,0,0,0,0,0,0,0,0,0,0,5,0,0,0,0,2,0,0,2,2,172,4,19,16,254,New Orleans
2018,11,21,38,1,3,2,8,44,39,5,91,96,13,1,0,0,3,29,13,0,45,45,25,0,2,2,5,14,25,4,44,48,0,0,0,0,0,1,0,0,1,1,0,0,1,0,0,0,1,1,1,2,183,1,6,17,255,New Orleans
2019,11,21,36,0,3,3,5,29,20,6,54,60,20,0,0,1,3,19,7,1,29,30,13,0,3,2,2,7,11,5,20,25,0,0,0,0,0,1,0,0,1,1,3,0,0,0,0,2,2,0,4,4,158,2,12,18,256,New Orleans
2020,11,21,35,0,3,11,6,22,36,14,64,78,18,0,0,4,1,13,17,4,31,35,16,0,3,6,5,9,18,9,32,41,0,0,0,0,0,0,0,0,0,0,1,0,0,1,0,0,1,1,1,2,166,0,7,20,258,New Orleans
2021,11,21,39,6,3,8,4,22,24,11,50,61,20,4,3,3,3,12,6,6,21,27,17,2,0,4,1,8,17,4,26,30,0,0,0,1,0,1,0,1,1,2,2,0,0,0,0,1,1,0,2,2,159,2,8,14,252,New Orleans
2022,11,21,39,0,3,3,3,21,34,6,58,64,25,0,1,2,0,11,13,3,24,27,14,0,2,1,3,7,18,3,28,31,0,0,0,0,0,0,0,0,0,0,0,0,0,0,0,3,3,0,6,6,154,0,10,15,253,New Orleans
2023,11,21,38,0,1,4,4,29,20,5,53,58,20,0,1,3,1,16,9,4,26,30,15,0,0,1,3,8,11,1,22,23,0,0,0,0,0,1,0,0,1,1,3,0,0,0,0,4,0,0,4,4,142,3,12,16,254,New Orleans
2024,11,21,33,1,1,1,4,31,6,2,41,43,19,0,0,1,2,16,1,1,19,20,13,1,0,0,2,12,5,0,19,19,0,0,0,0,0,1,0,0,1,1,1,0,1,0,0,2,0,1,2,3,129,1,10,18,256,New Orleans
2012,12,21,22,1,1,0,17,25,15,1,57,58,9,1,0,0,11,13,6,0,30,30,11,0,1,0,4,8,9,1,21,22,2,0,0,0,0,0,0,0,0,0,0,0,0,0,2,4,0,0,6,6,151,3,11,47,285,New Orleans
2013,12,21,31,0,5,3,3,31,18,8,52,60,13,0,0,1,2,8,3,1,13,14,17,0,5,2,1,23,15,7,39,46,0,0,0,0,0,0,0,0,0,0,1,0,0,0,0,0,0,0,0,0,161,1,4,48,286,New Orleans
2014,12,21,39,0,4,3,9,26,19,7,54,61,21,0,0,3,5,8,5,3,18,21,15,0,4,0,4,15,14,4,33,37,1,0,0,0,0,0,0,0,0,0,2,0,0,0,0,3,0,0,3,3,152,1,8,49,287,New Orleans
2015,12,21,34,0,5,4,6,33,17,9,56,65,15,0,1,1,3,19,6,2,28,30,17,0,3,2,0,13,11,5,24,29,0,0,0,0,0,0,0,0,0,0,2,0,1,1,3,1,0,2,4,6,143,0,11,50,288,New Orleans
2016,12,21,49,3,4,3,11,36,17,7,64,71,25,1,3,1,6,18,5,4,29,33,19,2,1,2,4,15,11,3,30,33,0,0,0,0,0,1,1,0,2,2,5,0,0,0,1,2,0,0,3,3,188,5,11,45,283,New Orleans
2017,12,21,49,2,2,2,7,29,14,4,50,54,24,0,1,1,1,18,7,2,26,28,22,2,1,1,4,10,7,2,21,23,0,0,0,0,0,0,0,0,0,0,3,0,0,0,2,1,0,0,3,3,174,0,12,46,284,New Orleans
2018,12,21,50,0,1,3,3,39,15,4,57,61,23,0,0,1,1,21,11,1,33,34,24,0,0,2,2,16,3,2,21,23,0,0,0,0,0,0,0,0,0,0,3,0,1,0,0,2,1,1,3,4,190,1,11,47,285,New Orleans
2019,12,21,0,0,2,2,0,9,9,4,18,22,0,0,1,1,0,4,2,2,6,8,0,0,1,1,0,5,7,2,12,14,0,0,0,0,0,0,0,0,0,0,0,0,0,0,0,0,0,0,0,0,35,0,1,48,286,New Orleans
2020,12,21,37,2,2,6,8,18,30,8,56,64,20,1,2,3,1,10,7,5,18,23,13,1,0,3,5,7,21,3,33,36,0,0,0,0,0,0,0,0,0,0,4,0,0,0,2,1,2,0,5,5,151,0,12,50,288,New Orleans
2021,12,21,30,2,3,1,0,15,22,4,37,41,16,1,0,0,0,10,6,0,16,16,12,0,2,1,0,4,16,3,20,23,0,0,1,0,0,0,0,1,0,1,2,1,0,0,0,1,0,0,1,1,116,2,4,44,282,New Orleans
2022,12,21,26,0,1,4,6,16,40,5,62,67,13,0,0,2,1,9,12,2,22,24,11,0,1,2,5,5,28,3,38,41,0,0,0,0,0,0,0,0,0,0,2,0,0,0,0,2,0,0,2,2,125,0,5,45,283,New Orleans
2023,12,21,52,1,0,2,4,20,40,2,64,66,20,1,0,1,0,11,15,1,26,27,24,0,0,1,4,6,25,1,35,36,2,0,0,0,0,0,0,0,0,0,6,0,0,0,0,3,0,0,3,3,164,2,11,46,284,New Orleans
2024,12,21,29,0,1,3,6,14,13,4,33,37,15,0,1,2,4,8,4,3,16,19,13,0,0,1,2,6,8,1,16,17,0,0,0,0,0,0,1,0,1,1,1,0,0,0,0,0,0,0,0,0,93,1,3,48,286,New Orleans
2012,1,22,29,0,3,3,4,32,16,6,52,58,6,0,0,1,2,17,6,1,25,26,20,0,3,1,2,15,10,4,27,31,1,0,0,0,0,0,0,0,0,0,2,0,0,1,0,0,0,1,0,1,151,1,8,-287,-49,New Orleans
2013,1,22,23,2,2,2,11,34,9,4,54,58,10,1,1,1,7,28,6,2,41,43,12,1,1,1,4,6,3,2,13,15,0,0,0,0,0,0,0,0,0,0,1,0,0,0,0,0,0,0,0,0,162,0,3,-285,-47,New Orleans
2014,1,22,30,0,3,2,12,40,12,5,64,69,14,0,1,0,6,24,5,1,35,36,14,0,2,2,5,13,7,4,25,29,0,0,0,0,0,0,0,0,0,0,2,0,0,0,1,3,0,0,4,4,214,3,10,-284,-46,New Orleans
2015,1,22,25,1,5,1,7,32,11,6,50,56,15,0,2,0,6,17,4,2,27,29,8,1,2,1,1,13,7,3,21,24,0,0,0,0,0,0,0,0,0,0,2,0,1,0,0,2,0,1,2,3,151,0,7,-283,-45,New Orleans
2016,1,22,39,0,2,3,4,30,20,5,54,59,14,0,1,3,3,17,9,4,29,33,22,0,1,0,1,11,11,1,23,24,1,0,0,0,0,0,0,0,0,0,2,0,0,0,0,2,0,0,2,2,175,1,7,-289,-51,New Orleans
2017,1,22,48,0,5,4,13,33,14,9,60,69,23,0,1,1,5,19,8,2,32,34,19,0,3,3,6,12,6,6,24,30,0,0,1,0,1,0,0,1,1,2,6,0,0,0,1,2,0,0,3,3,157,2,12,-287,-49,New Orleans
2018,1,22,49,3,3,6,6,37,11,9,54,63,16,1,0,3,2,25,4,3,31,34,28,2,2,3,4,11,7,5,22,27,0,0,0,0,0,0,0,0,0,0,5,0,1,0,0,1,0,1,1,2,188,0,10,-286,-48,New Orleans
2019,1,22,41,2,0,5,10,34,19,5,63,68,20,1,0,3,6,21,5,3,32,35,17,1,0,1,3,12,12,1,27,28,0,0,0,0,0,0,0,0,0,0,4,0,0,1,1,1,2,1,4,5,191,1,17,-285,-47,New Orleans
2020,1,22,29,2,2,4,3,19,20,6,42,48,15,2,0,2,2,13,9,2,24,26,11,0,1,0,0,6,10,1,16,17,0,0,1,0,0,0,0,1,0,1,3,0,0,2,1,0,1,2,2,4,118,1,12,-284,-46,New Orleans
2021,1,22,27,2,5,2,5,20,8,7,33,40,15,0,3,1,2,11,5,4,18,22,11,1,2,1,2,8,3,3,13,16,0,0,0,0,1,0,0,0,1,1,1,1,0,0,0,1,0,0,1,1,112,1,3,-289,-51,New Orleans
2022,1,22,41,0,4,7,2,26,32,11,60,71,21,0,1,4,2,11,7,5,20,25,16,0,2,3,0,13,21,5,34,39,0,0,0,0,0,0,1,0,1,1,4,0,1,0,0,2,3,1,5,6,171,4,15,-288,-50,New Orleans
2023,1,22,25,2,5,5,6,22,40,10,68,78,13,0,0,2,2,9,12,2,23,25,12,1,4,3,4,12,25,7,41,48,0,1,0,0,0,1,0,0,1,1,0,0,1,0,0,0,3,1,3,4,142,2,7,-287,-49,New Orleans
2024,1,22,47,1,3,3,4,25,29,6,58,64,21,0,0,1,1,13,8,1,22,23,24,1,3,2,3,10,21,5,34,39,0,0,0,0,0,0,0,0,0,0,2,0,0,0,0,2,0,0,2,2,178,1,9,-286,-48,New Orleans
2012,2,22,37,4,3,3,6,36,21,6,63,69,19,1,1,1,2,24,6,2,32,34,16,3,2,2,3,10,14,4,27,31,1,0,0,0,0,0,1,0,1,1,1,0,0,0,1,2,0,0,3,3,222,3,6,-256,-18,New Orleans
2013,2,22,23,1,2,5,10,31,4,7,45,52,7,1,0,2,5,17,1,2,23,25,14,0,2,3,5,13,2,5,20,25,1,0,0,0,0,0,1,0,1,1,1,0,0,0,0,1,0,0,1,1,179,2,13,-254,-16,New Orleans
2014,2,22,32,2,3,5,9,46,13,8,68,76,14,1,0,0,4,21,4,0,29,29,17,1,2,5,3,21,9,7,33,40,0,0,0,0,0,0,0,0,0,0,1,0,1,0,2,4,0,1,6,7,225,0,16,-253,-15,New Orleans
2015,2,22,46,0,5,4,9,25,14,9,48,57,22,0,4,2,6,10,3,6,19,25,21,0,0,2,2,13,11,2,26,28,0,0,0,0,0,1,0,0,1,1,3,0,1,0,1,1,0,1,2,3,153,2,8,-252,-14,New Orleans
2016,2,22,36,0,2,0,4,29,9,2,42,44,19,0,1,0,3,20,4,1,27,28,14,0,1,0,1,5,5,1,11,12,0,0,0,0,0,0,0,0,0,0,3,0,0,0,0,4,0,0,4,4,147,1,10,-258,-20,New Orleans
2017,2,22,41,2,1,5,14,50,13,6,77,83,21,0,0,1,7,14,6,1,27,28,19,2,1,4,6,34,7,5,47,52,0,0,0,0,0,0,0,0,0,0,1,0,0,0,1,2,0,0,3,3,211,0,13,-256,-18,New Orleans
2018,2,22,46,0,5,3,4,29,10,8,43,51,17,0,1,1,2,22,6,2,30,32,26,0,4,2,2,6,4,6,12,18,1,0,0,0,0,0,0,0,0,0,2,0,0,0,0,1,0,0,1,1,162,1,6,-255,-17,New Orleans
2019,2,22,57,2,1,5,6,70,35,6,111,117,23,0,0,1,4,31,7,1,42,43,29,2,0,4,1,30,25,4,56,60,1,0,0,0,1,1,0,0,2,2,4,0,1,0,0,8,3,1,11,12,269,3,21,-254,-16,New Orleans
2020,2,22,39,2,3,4,6,225,27,7,258,265,13,0,1,1,3,37,11,2,51,53,23,2,1,3,3,179,13,4,195,199,0,0,0,0,0,1,0,0,1,1,3,0,1,0,0,8,3,1,11,12,379,1,21,-253,-15,New Orleans
2021,2,22,41,4,2,9,8,26,25,11,59,70,21,2,0,2,3,17,16,2,36,38,17,1,2,7,4,8,4,9,16,25,0,0,0,0,0,0,2,0,2,2,3,1,0,0,1,1,3,0,5,5,190,3,12,-258,-20,New Orleans
2022,2,22,47,0,1,4,5,26,16,5,47,52,18,0,1,2,2,14,6,3,22,25,25,0,0,1,3,8,9,1,20,21,0,0,0,0,0,0,1,0,1,1,4,0,0,1,0,4,0,1,4,5,158,1,12,-257,-19,New Orleans
2023,2,22,42,9,6,6,3,25,46,12,74,86,18,2,0,3,1,13,13,3,27,30,22,7,6,2,2,11,32,8,45,53,0,0,0,0,0,0,1,0,1,1,2,0,0,1,0,1,0,1,1,2,204,1,6,-256,-18,New Orleans
2024,2,22,36,1,0,1,2,26,7,1,35,36,22,1,0,0,1,14,3,0,18,18,12,0,0,1,1,11,4,1,16,17,0,0,0,0,0,0,0,0,0,0,2,0,0,0,0,1,0,0,1,1,131,0,4,-255,-17,New Orleans
2012,3,22,21,0,6,3,4,22,12,9,38,47,14,0,1,3,0,13,2,4,15,19,7,0,3,0,4,6,7,3,17,20,0,0,0,0,0,0,0,0,0,0,0,0,2,0,0,3,3,2,6,8,172,0,14,-227,11,New Orleans
2013,3,22,27,1,0,3,12,32,10,3,54,57,14,0,0,0,9,25,5,0,39,39,10,1,0,3,3,7,5,3,15,18,0,0,0,0,0,0,0,0,0,0,3,0,0,0,0,0,0,0,0,0,179,3,9,-226,12,New Orleans
2014,3,22,24,1,7,4,8,35,17,11,60,71,16,0,1,2,4,17,2,3,23,26,8,1,5,1,4,16,14,6,34,40,0,0,0,1,0,1,1,1,2,3,0,0,1,0,0,1,0,1,1,2,205,5,13,-225,13,New Orleans
2015,3,22,36,2,3,8,7,18,13,11,38,49,14,1,0,4,2,9,5,4,16,20,21,1,3,4,4,8,8,7,20,27,0,0,0,0,0,0,0,0,0,0,1,0,0,0,1,1,0,0,2,2,153,0,7,-224,14,New Orleans
2016,3,22,46,1,5,3,6,31,12,8,49,57,25,1,3,2,4,20,6,5,30,35,13,0,2,1,2,10,5,3,17,20,0,0,0,0,0,1,0,0,1,1,8,0,0,0,0,0,1,0,1,1,191,1,10,-229,9,New Orleans
2017,3,22,60,3,0,6,6,39,9,6,54,60,26,2,0,3,5,28,3,3,36,39,27,0,0,3,1,9,6,3,16,19,2,1,0,0,0,0,0,0,0,0,5,0,0,0,0,2,0,0,2,2,211,5,10,-228,10,New Orleans
2018,3,22,38,0,1,4,6,38,12,5,56,61,23,0,1,1,2,24,4,2,30,32,11,0,0,3,4,12,6,3,22,25,1,0,0,0,0,0,0,0,0,0,3,0,0,0,0,2,2,0,4,4,181,4,15,-227,11,New Orleans
2019,3,22,39,3,2,3,7,41,20,5,68,73,21,0,1,1,1,25,9,2,35,37,17,3,1,2,4,15,10,3,29,32,0,0,0,0,0,0,0,0,0,0,1,0,0,0,2,1,1,0,4,4,188,0,11,-226,12,New Orleans
2020,3,22,45,1,0,3,6,13,9,3,28,31,23,0,0,3,2,8,1,3,11,14,20,1,0,0,3,5,7,0,15,15,0,0,0,0,0,0,0,0,0,0,2,0,0,0,1,0,1,0,2,2,138,0,9,-224,14,New Orleans
2021,3,22,55,2,3,4,2,26,28,7,56,63,34,1,2,1,0,22,10,3,32,35,20,1,1,3,1,2,15,4,18,22,0,0,0,0,0,1,0,0,1,1,1,0,0,0,1,1,3,0,5,5,175,3,11,-230,8,New Orleans
2022,3,22,44,0,3,6,5,19,22,9,46,55,27,0,3,4,5,13,9,7,27,34,13,0,0,2,0,5,12,2,17,19,1,0,0,0,0,0,0,0,0,0,3,0,0,0,0,1,1,0,2,2,159,1,6,-229,9,New Orleans
2023,3,22,40,3,1,6,5,19,40,7,64,71,19,2,1,6,1,14,11,7,26,33,16,1,0,0,4,5,29,0,38,38,0,0,0,0,0,0,0,0,0,0,5,0,0,0,0,0,0,0,0,0,154,1,8,-228,10,New Orleans
2024,3,22,31,5,0,3,2,29,15,3,46,49,20,5,0,0,0,14,6,0,20,20,9,0,0,3,2,13,9,3,24,27,0,0,0,0,0,0,0,0,0,0,2,0,0,0,0,2,0,0,2,2,141,1,10,-226,12,New Orleans
2012,4,22,33,0,1,3,12,35,16,4,63,67,17,0,0,1,10,17,10,1,37,38,12,0,1,2,2,16,6,3,24,27,0,0,0,0,0,0,0,0,0,0,4,0,0,0,0,2,0,0,2,2,180,0,15,-196,42,New Orleans
2013,4,22,30,1,1,2,13,36,15,3,64,67,17,0,0,2,8,28,7,2,43,45,10,1,1,0,5,6,7,1,18,19,0,0,0,0,0,0,0,0,0,0,3,0,0,0,0,2,1,0,3,3,191,0,9,-195,43,New Orleans
2014,4,22,31,1,3,8,15,34,17,11,66,77,14,0,0,3,11,30,7,3,48,51,16,0,3,4,4,4,10,7,18,25,0,0,0,0,0,0,0,0,0,0,1,1,0,1,0,0,0,1,0,1,246,1,10,-194,44,New Orleans
2015,4,22,34,2,5,8,9,31,13,13,53,66,18,1,2,4,5,22,7,6,34,40,12,0,3,4,3,7,6,7,16,23,1,0,0,0,0,0,0,0,0,0,3,1,0,0,1,2,0,0,3,3,193,1,10,-193,45,New Orleans
2016,4,22,44,2,5,2,2,31,8,7,41,48,21,1,1,1,2,16,5,2,23,25,15,0,3,0,0,14,3,3,17,20,0,1,0,0,0,0,0,0,0,0,8,0,1,1,0,1,0,2,1,3,172,1,15,-198,40,New Orleans
2017,4,22,40,0,4,6,3,34,18,10,55,65,21,0,1,2,2,18,9,3,29,32,15,0,3,4,0,16,7,7,23,30,0,0,0,0,1,0,0,0,1,1,4,0,0,0,0,0,2,0,2,2,175,1,14,-197,41,New Orleans
2018,4,22,46,3,12,8,5,38,18,20,61,81,22,0,6,5,3,22,7,11,32,43,20,3,5,3,2,13,11,8,26,34,0,0,0,0,0,1,0,0,1,1,4,0,1,0,0,2,0,1,2,3,210,1,11,-196,42,New Orleans
2019,4,22,60,1,2,1,5,37,16,3,58,61,30,1,0,0,2,26,4,0,32,32,22,0,2,1,2,10,10,3,22,25,1,0,0,0,1,0,0,0,1,1,7,0,0,0,0,1,2,0,3,3,217,2,14,-195,43,New Orleans
2020,4,22,41,1,1,6,5,20,18,7,43,50,26,1,0,3,4,16,11,3,31,34,15,0,1,3,1,3,6,4,10,14,0,0,0,0,0,0,0,0,0,0,0,0,0,0,0,1,1,0,2,2,150,0,6,-193,45,New Orleans
2021,4,22,48,3,1,5,3,21,19,6,43,49,25,1,1,2,3,14,14,3,31,34,20,2,0,2,0,6,5,2,11,13,0,0,0,0,0,0,0,0,0,0,3,0,0,1,0,1,0,1,1,2,156,0,7,-199,39,New Orleans
2022,4,22,30,0,2,5,5,35,21,7,61,68,21,0,0,2,1,17,12,2,30,32,8,0,1,3,3,17,9,4,29,33,0,0,0,0,0,0,0,0,0,0,1,0,1,0,1,1,0,1,2,3,151,0,5,-198,40,New Orleans
2023,4,22,42,3,2,4,10,34,21,6,65,71,24,3,2,4,5,15,9,6,29,35,15,0,0,0,3,17,12,0,32,32,1,0,0,0,0,0,0,0,0,0,2,0,0,0,2,2,0,0,4,4,159,2,10,-197,41,New Orleans
2024,4,22,31,1,1,8,6,37,24,9,67,76,18,1,1,6,4,26,3,7,33,40,11,0,0,2,2,10,19,2,31,33,0,0,0,0,0,0,0,0,0,0,2,0,0,0,0,1,2,0,3,3,167,0,9,-195,43,New Orleans
2012,5,22,25,3,1,1,8,35,25,2,68,70,16,3,1,0,4,22,11,1,37,38,5,0,0,0,4,13,14,0,31,31,0,0,0,0,0,0,0,0,0,0,4,0,0,1,0,0,0,1,0,1,267,2,15,-166,72,New Orleans
2013,5,22,22,3,5,5,9,39,10,10,58,68,11,1,1,4,5,28,7,5,40,45,10,1,4,1,2,7,3,5,12,17,0,1,0,0,0,0,0,0,0,0,1,0,0,0,2,4,0,0,6,6,167,2,15,-165,73,New Orleans
2014,5,22,29,3,2,3,15,22,21,5,58,63,10,2,1,3,12,17,8,4,37,41,18,1,1,0,3,5,12,1,20,21,0,0,0,0,0,0,0,0,0,0,1,0,0,0,0,0,1,0,1,1,212,0,8,-164,74,New Orleans
2015,5,22,25,2,1,4,9,33,12,5,54,59,15,0,1,3,6,18,5,4,29,33,7,2,0,1,2,13,6,1,21,22,1,0,0,0,0,0,0,0,0,0,2,0,0,0,1,2,1,0,4,4,151,1,12,-163,75,New Orleans
2016,5,22,41,0,5,2,3,31,20,7,54,61,21,0,1,0,1,19,9,1,29,30,18,0,4,2,1,10,9,6,20,26,0,0,0,0,0,0,1,0,1,1,2,0,0,0,1,2,1,0,4,4,162,2,14,-168,70,New Orleans
2017,5,22,41,1,3,4,11,37,35,7,83,90,26,1,0,1,5,24,16,1,45,46,10,0,2,1,5,12,18,3,35,38,0,0,0,0,0,0,0,0,0,0,5,0,1,2,1,1,1,3,3,6,198,0,17,-167,71,New Orleans
2018,5,22,60,4,1,3,5,34,16,4,55,59,39,1,0,2,0,22,4,2,26,28,16,2,1,1,4,9,12,2,25,27,1,0,0,0,0,0,0,0,0,0,4,1,0,0,1,3,0,0,4,4,211,2,14,-166,72,New Orleans
2019,5,22,52,0,1,3,6,35,40,4,81,85,34,0,0,1,2,22,29,1,53,54,13,0,1,2,3,9,10,3,22,25,2,0,0,0,0,1,0,0,1,1,3,0,0,0,1,3,1,0,5,5,233,3,18,-165,73,New Orleans
2020,5,22,50,1,0,6,8,30,21,6,59,65,32,1,0,2,4,23,9,2,36,38,13,0,0,4,4,4,11,4,19,23,0,0,0,0,0,0,0,0,0,0,5,0,0,0,0,3,1,0,4,4,170,1,12,-163,75,New Orleans
2021,5,22,52,1,5,7,9,28,50,12,87,99,27,1,2,2,5,18,25,4,48,52,18,0,3,5,3,9,24,8,36,44,1,0,0,0,0,0,0,0,0,0,6,0,0,0,1,1,1,0,3,3,209,1,15,-169,69,New Orleans
2022,5,22,44,5,2,2,4,25,24,4,53,57,25,3,1,0,2,12,7,1,21,22,18,2,1,2,1,13,17,3,31,34,0,0,0,0,0,0,0,0,0,0,1,0,0,0,1,0,0,0,1,1,155,0,6,-168,70,New Orleans
2023,5,22,28,6,2,9,6,28,42,11,76,87,13,0,0,5,2,17,12,5,31,36,12,5,2,3,3,9,28,5,40,45,1,0,0,0,1,1,0,0,2,2,2,1,0,1,0,1,2,1,3,4,175,3,8,-167,71,New Orleans
2024,5,22,43,2,1,0,6,23,21,1,50,51,26,2,0,0,3,15,4,0,22,22,13,0,1,0,3,7,13,1,23,24,1,0,0,0,0,0,1,0,1,1,3,0,0,0,0,1,3,0,4,4,165,2,12,-165,73,New Orleans
2012,6,22,42,1,4,7,9,34,14,11,57,68,22,0,2,3,8,22,8,5,38,43,13,1,2,4,1,8,6,6,15,21,2,0,0,0,0,0,0,0,0,0,5,0,0,0,0,4,0,0,4,4,227,3,19,-135,103,New Orleans
2013,6,22,40,2,6,7,11,37,19,13,67,80,20,0,1,5,6,23,9,6,38,44,18,1,5,0,5,14,9,5,28,33,0,0,0,0,0,0,0,0,0,0,2,1,0,2,0,0,1,2,1,3,196,2,15,-134,104,New Orleans
2014,6,22,32,1,6,4,12,21,12,10,45,55,15,0,2,4,9,14,8,6,31,37,15,0,4,0,2,6,4,4,12,16,0,0,0,0,0,0,0,0,0,0,2,1,0,0,1,1,0,0,2,2,162,0,8,-133,105,New Orleans
2015,6,22,32,3,2,6,13,29,9,8,51,59,19,3,1,4,9,19,6,5,34,39,11,0,1,1,4,8,3,2,15,17,0,0,0,0,0,0,0,0,0,0,2,0,0,1,0,2,0,1,2,3,183,0,12,-132,106,New Orleans
2016,6,22,45,2,2,3,13,29,15,5,57,62,24,0,1,0,5,22,4,1,31,32,16,2,1,2,6,5,9,3,20,23,2,0,0,0,0,0,0,0,0,0,3,0,0,1,2,2,2,1,6,7,178,2,18,-137,101,New Orleans
2017,6,22,43,1,3,3,11,41,24,6,76,82,24,1,1,2,9,32,9,3,50,53,14,0,1,1,1,5,15,2,21,23,1,0,0,0,0,0,0,0,0,0,4,0,1,0,1,4,0,1,5,6,200,3,21,-136,102,New Orleans
2018,6,22,51,1,0,5,6,46,18,5,70,75,37,0,0,3,3,28,8,3,39,42,11,1,0,2,3,18,9,2,30,32,1,0,0,0,0,0,0,0,0,0,2,0,0,0,0,0,1,0,1,1,211,1,9,-135,103,New Orleans
2019,6,22,59,2,3,3,8,40,37,6,85,91,31,1,0,2,3,25,10,2,38,40,20,1,2,0,5,14,25,2,44,46,1,0,0,0,0,0,0,0,0,0,7,0,1,1,0,1,2,2,3,5,217,1,16,-134,104,New Orleans
2020,6,22,54,1,1,10,11,21,41,11,73,84,34,1,0,6,8,19,28,6,55,61,15,0,1,2,3,2,10,3,15,18,2,0,0,0,0,0,1,0,1,1,3,0,0,2,0,0,2,2,2,4,180,3,12,-132,106,New Orleans
2021,6,22,46,2,5,3,3,27,12,8,42,50,29,0,2,2,1,20,6,4,27,31,13,2,2,1,2,7,6,3,15,18,0,0,0,0,0,0,0,0,0,0,4,0,1,0,0,0,0,1,0,1,150,1,13,-138,100,New Orleans
2022,6,22,26,3,3,4,2,31,27,7,60,67,13,1,2,1,2,19,8,3,29,32,7,0,1,3,0,10,18,4,28,32,0,0,0,0,0,0,1,0,1,1,6,2,0,0,0,2,0,0,2,2,146,1,16,-137,101,New Orleans
2023,6,22,38,8,2,1,4,26,25,3,55,58,22,5,1,1,1,19,15,2,35,37,13,3,1,0,3,7,9,1,19,20,0,0,0,0,0,0,1,0,1,1,3,0,0,0,0,0,0,0,0,0,144,3,5,-136,102,New Orleans
2024,6,22,42,2,1,3,3,26,18,4,47,51,21,1,1,1,1,13,6,2,20,22,14,1,0,2,1,12,10,2,23,25,1,0,0,0,0,0,0,0,0,0,6,0,0,0,1,1,2,0,4,4,156,2,14,-134,104,New Orleans
2012,7,22,42,1,3,3,8,31,33,6,72,78,18,0,1,1,2,18,7,2,27,29,17,1,2,2,6,11,22,4,39,43,3,0,0,0,0,0,1,0,1,1,4,0,0,0,0,2,3,0,5,5,210,5,13,-105,133,New Orleans
2013,7,22,36,0,3,4,8,41,13,7,62,69,15,0,0,3,5,25,3,3,33,36,20,0,3,1,3,12,9,4,24,28,0,0,0,0,0,0,0,0,0,0,1,0,0,0,0,4,1,0,5,5,220,0,12,-104,134,New Orleans
2014,7,22,33,2,3,2,14,24,15,5,53,58,17,1,3,2,9,17,5,5,31,36,12,1,0,0,5,7,9,0,21,21,0,0,0,0,0,0,0,0,0,0,4,0,0,0,0,0,1,0,1,1,198,0,12,-103,135,New Orleans
2015,7,22,39,0,4,1,16,32,4,5,52,57,26,0,0,1,9,21,1,1,31,32,11,0,3,0,5,10,3,3,18,21,0,0,0,0,1,0,0,0,1,1,2,0,1,0,1,1,0,1,2,3,166,1,8,-102,136,New Orleans
2016,7,22,42,0,0,6,3,32,14,6,49,55,24,0,0,3,2,18,4,3,24,27,11,0,0,1,1,14,10,1,25,26,1,0,0,0,0,0,0,0,0,0,6,0,0,2,0,0,0,2,0,2,147,3,10,-107,131,New Orleans
2017,7,22,46,1,0,3,9,48,18,3,75,78,22,0,0,1,6,24,7,1,37,38,22,1,0,2,3,21,10,2,34,36,1,0,0,0,0,1,0,0,1,1,1,0,0,0,0,2,1,0,3,3,194,3,9,-106,132,New Orleans
2018,7,22,52,3,4,7,7,44,17,11,68,79,34,1,2,4,5,30,4,6,39,45,14,0,1,3,1,12,12,4,25,29,1,0,0,0,0,0,0,0,0,0,3,2,1,0,1,2,1,1,4,5,216,1,17,-105,133,New Orleans
2019,7,22,41,1,0,3,8,41,36,3,85,88,25,0,0,1,5,30,17,1,52,53,12,0,0,0,3,8,14,0,25,25,0,0,0,0,0,0,1,0,1,1,4,1,0,2,0,3,4,2,7,9,198,1,17,-104,134,New Orleans
2020,7,22,40,1,2,9,3,28,10,11,41,52,24,1,0,5,1,24,3,5,28,33,13,0,2,3,2,1,5,5,8,13,0,0,0,0,0,0,0,0,0,0,3,0,0,1,0,3,2,1,5,6,155,0,12,-102,136,New Orleans
2021,7,22,35,0,3,8,6,28,19,11,53,64,16,0,0,5,4,20,8,5,32,37,17,0,3,3,2,8,10,6,20,26,0,0,0,0,0,0,0,0,0,0,2,0,0,0,0,0,1,0,1,1,152,0,9,-108,130,New Orleans
2022,7,22,32,1,3,6,4,17,34,9,55,64,22,0,1,2,2,10,8,3,20,23,9,1,2,4,2,7,24,6,33,39,0,0,0,0,0,0,1,0,1,1,1,0,0,0,0,0,1,0,1,1,144,1,7,-107,131,New Orleans
2023,7,22,30,3,1,4,9,24,34,5,67,72,16,2,1,2,2,12,7,3,21,24,12,1,0,2,6,11,25,2,42,44,1,0,0,0,1,1,2,0,4,4,1,0,0,0,0,0,0,0,0,0,145,6,3,-106,132,New Orleans
2024,7,22,43,2,0,4,4,34,18,4,56,60,22,2,0,1,2,22,10,1,34,35,18,0,0,3,2,10,6,3,18,21,0,0,0,0,0,0,0,0,0,0,3,0,0,0,0,2,2,0,4,4,169,1,10,-104,134,New Orleans
2012,8,22,31,2,4,2,9,31,12,6,52,58,16,2,1,2,4,20,3,3,27,30,13,0,3,0,4,11,9,3,24,27,1,0,0,0,1,0,0,0,1,1,1,0,0,0,0,0,0,0,0,0,226,2,4,-74,164,New Orleans
2013,8,22,22,0,1,6,10,41,11,7,62,69,10,0,1,2,8,31,6,3,45,48,11,0,0,4,2,9,5,4,16,20,0,0,0,0,0,0,0,0,0,0,1,0,0,0,0,1,0,0,1,1,214,1,16,-73,165,New Orleans
2014,8,22,33,0,4,4,10,40,11,8,61,69,16,0,2,2,8,27,7,4,42,46,15,0,2,0,1,13,4,2,18,20,0,0,0,0,0,0,0,0,0,0,2,0,0,2,1,0,0,2,1,3,175,0,7,-72,166,New Orleans
2015,8,22,32,0,2,4,10,26,10,6,46,52,24,0,1,1,2,18,3,2,23,25,7,0,1,3,8,8,6,4,22,26,0,0,0,0,0,0,0,0,0,0,1,0,0,0,0,0,1,0,1,1,151,0,15,-71,167,New Orleans
2016,8,22,39,1,1,6,11,32,8,7,51,58,25,1,0,2,5,18,1,2,24,26,13,0,1,4,6,12,7,5,25,30,1,0,0,0,0,0,0,0,0,0,0,0,0,0,0,2,0,0,2,2,156,1,5,-76,162,New Orleans
2017,8,22,42,3,4,2,6,37,17,6,60,66,31,1,2,1,4,24,6,3,34,37,9,2,1,1,2,10,10,2,22,24,0,0,1,0,0,0,0,1,0,1,2,0,0,0,0,3,1,0,4,4,185,1,8,-75,163,New Orleans
2018,8,22,43,2,0,3,12,45,11,3,68,71,25,0,0,2,7,32,4,2,43,45,13,2,0,1,3,9,7,1,19,20,0,0,0,0,1,0,0,0,1,1,5,0,0,0,1,4,0,0,5,5,215,2,16,-74,164,New Orleans
2019,8,22,30,2,1,5,7,31,10,6,48,54,20,1,0,1,1,22,2,1,25,26,6,1,1,4,4,8,7,5,19,24,0,0,0,0,0,0,1,0,1,1,4,0,0,0,2,1,0,0,3,3,174,1,15,-73,165,New Orleans
2020,8,22,61,3,1,10,4,22,31,11,57,68,38,1,0,5,3,14,14,5,31,36,21,2,1,4,1,7,14,5,22,27,0,0,0,0,0,0,0,0,0,0,2,0,0,1,0,1,3,1,4,5,185,1,10,-71,167,New Orleans
2021,8,22,30,3,3,5,5,21,11,8,37,45,19,0,2,4,2,14,4,6,20,26,10,1,1,1,3,7,7,2,17,19,0,0,0,0,0,0,0,0,0,0,1,2,0,0,0,0,0,0,0,0,144,0,10,-77,161,New Orleans
2022,8,22,32,2,1,1,6,24,30,2,60,62,16,1,1,1,5,13,9,2,27,29,12,0,0,0,1,10,18,0,29,29,0,0,0,0,0,0,0,0,0,0,4,1,0,0,0,1,3,0,4,4,138,0,13,-76,162,New Orleans
2023,8,22,34,0,0,5,7,28,21,5,56,61,23,0,0,4,6,16,11,4,33,37,7,0,0,1,1,11,10,1,22,23,0,0,0,0,0,0,0,0,0,0,4,0,0,0,0,1,0,0,1,1,157,0,11,-75,163,New Orleans
2024,8,22,38,1,1,7,2,33,7,8,42,50,22,0,0,2,1,21,4,2,26,28,13,1,1,4,1,11,3,5,15,20,0,0,0,0,0,0,0,0,0,0,3,0,0,1,0,1,0,1,1,2,143,2,7,-73,165,New Orleans
2012,9,22,25,0,4,7,11,39,11,11,61,72,13,0,0,3,5,16,4,3,25,28,12,0,4,3,4,22,5,7,31,38,0,0,0,0,0,0,0,0,0,0,0,0,0,1,2,1,2,1,5,6,153,0,10,-43,195,New Orleans
2013,9,22,36,0,2,4,9,37,9,6,55,61,21,0,1,2,3,22,5,3,30,33,14,0,1,2,6,15,4,3,25,28,0,0,0,0,0,0,0,0,0,0,1,0,0,0,0,0,0,0,0,0,143,0,6,-42,196,New Orleans
2014,9,22,31,3,2,2,7,36,13,4,56,60,16,3,1,1,4,30,8,2,42,44,12,0,1,1,3,5,5,2,13,15,0,0,0,0,0,0,0,0,0,0,3,0,0,0,0,1,0,0,1,1,187,0,5,-41,197,New Orleans
2015,9,22,41,2,3,8,9,27,12,11,48,59,21,0,0,5,4,18,8,5,30,35,15,2,3,2,4,7,4,5,15,20,2,0,0,0,1,0,0,0,1,1,3,0,0,1,0,2,0,1,2,3,182,3,13,-40,198,New Orleans
2016,9,22,45,0,0,1,7,22,16,1,45,46,26,0,0,1,6,10,4,1,20,21,18,0,0,0,1,10,11,0,22,22,0,0,0,0,0,0,0,0,0,0,1,0,0,0,0,2,1,0,3,3,139,1,11,-45,193,New Orleans
2017,9,22,33,1,1,5,5,40,16,6,61,67,19,0,1,2,1,24,5,3,30,33,14,1,0,3,3,15,11,3,29,32,0,0,0,0,0,0,0,0,0,0,0,0,0,0,1,1,0,0,2,2,170,0,7,-44,194,New Orleans
2018,9,22,55,1,2,7,4,29,23,9,56,65,26,0,0,4,2,14,12,4,28,32,24,1,1,2,2,9,10,3,21,24,0,0,0,0,0,1,1,0,2,2,5,0,1,1,0,5,0,2,5,7,198,2,17,-43,195,New Orleans
2019,9,22,45,1,1,3,6,48,25,4,79,83,25,0,0,2,3,27,13,2,43,45,16,0,0,1,3,20,12,1,35,36,0,0,0,0,0,0,0,0,0,0,4,1,1,0,0,1,0,1,1,2,190,0,15,-42,196,New Orleans
2020,9,22,51,2,3,5,6,25,48,8,79,87,32,1,2,3,1,15,27,5,43,48,16,1,0,2,4,8,19,2,31,33,1,0,0,0,1,0,0,0,1,1,2,0,1,0,0,2,2,1,4,5,201,2,15,-40,198,New Orleans
2021,9,22,37,3,2,2,4,29,14,4,47,51,17,2,0,0,2,21,5,0,28,28,17,1,2,1,2,7,7,3,16,19,1,0,0,0,0,0,0,0,0,0,2,0,0,1,0,1,2,1,3,4,145,1,9,-46,192,New Orleans
2022,9,22,29,3,3,7,5,15,30,10,50,60,18,2,2,1,3,13,8,3,24,27,10,1,1,5,2,1,22,6,25,31,1,0,0,1,0,0,0,1,0,1,0,0,0,0,0,1,0,0,1,1,136,2,4,-45,193,New Orleans
2023,9,22,35,5,3,5,3,35,28,8,66,74,15,1,1,1,1,15,4,2,20,22,15,4,2,3,2,18,24,5,44,49,1,0,0,0,0,1,0,0,1,1,4,0,0,1,0,1,0,1,1,2,174,2,10,-44,194,New Orleans
2024,9,22,54,0,0,7,5,35,20,7,60,67,27,0,0,2,2,14,9,2,25,27,20,0,0,5,3,19,9,5,31,36,0,0,0,0,0,0,0,0,0,0,7,0,0,0,0,2,2,0,4,4,179,0,19,-42,196,New Orleans
2012,10,22,22,1,2,4,9,30,9,6,48,54,11,1,2,1,8,18,3,3,29,32,9,0,0,2,1,9,6,2,16,18,0,0,0,0,0,1,0,0,1,1,2,0,0,1,0,2,0,1,2,3,170,2,5,-13,225,New Orleans
2013,10,22,36,1,5,1,12,27,7,6,46,52,17,1,2,0,7,19,1,2,27,29,14,0,3,1,5,5,6,4,16,20,0,0,0,0,0,1,0,0,1,1,5,0,0,0,0,2,0,0,2,2,230,1,16,-12,226,New Orleans
2014,10,22,23,1,3,2,9,28,9,5,46,51,13,0,2,1,6,14,1,3,21,24,10,0,1,0,3,11,6,1,20,21,0,0,0,1,0,0,0,1,0,1,0,1,0,0,0,3,2,0,5,5,159,1,13,-11,227,New Orleans
2015,10,22,30,1,6,2,13,31,14,8,58,66,12,1,3,0,8,23,5,3,36,39,16,0,3,2,5,3,8,5,16,21,0,0,0,0,0,1,0,0,1,1,2,0,0,0,0,4,1,0,5,5,168,1,12,-10,228,New Orleans
2016,10,22,35,1,1,2,5,38,9,3,52,55,16,1,0,0,2,16,2,0,20,20,15,0,1,2,2,21,7,3,30,33,0,0,0,0,0,0,0,0,0,0,4,0,0,0,1,1,0,0,2,2,139,0,10,-15,223,New Orleans
2017,10,22,53,0,6,3,5,42,17,9,64,73,21,0,4,2,1,24,4,6,29,35,28,0,2,1,4,17,13,3,34,37,1,0,0,0,0,0,0,0,0,0,3,0,0,0,0,1,0,0,1,1,204,2,10,-14,224,New Orleans
2018,10,22,34,2,3,3,5,38,23,6,66,72,12,1,1,2,2,22,7,3,31,34,17,1,2,1,3,15,15,3,33,36,1,0,0,0,0,0,0,0,0,0,4,0,0,0,0,1,1,0,2,2,203,2,11,-13,225,New Orleans
2019,10,22,40,1,1,1,8,55,19,2,82,84,15,1,0,1,4,38,3,1,45,46,19,0,0,0,4,14,15,0,33,33,1,0,0,0,0,0,0,0,0,0,5,0,1,0,0,3,1,1,4,5,202,2,20,-12,226,New Orleans
2020,10,22,44,3,3,7,8,28,32,10,68,78,21,3,1,3,3,17,14,4,34,38,20,0,2,3,5,9,17,5,31,36,0,0,0,0,0,0,1,0,1,1,3,0,0,1,0,2,0,1,2,3,175,2,7,-10,228,New Orleans
2021,10,22,49,1,2,8,6,22,21,10,49,59,24,0,1,7,3,12,5,8,20,28,22,1,1,1,3,9,16,2,28,30,1,0,0,0,0,0,0,0,0,0,2,0,0,0,0,1,0,0,1,1,161,1,6,-16,222,New Orleans
2022,10,22,33,7,4,5,6,27,45,9,78,87,18,2,1,3,2,9,14,4,25,29,13,5,3,2,2,15,25,5,42,47,1,0,0,0,1,1,2,0,4,4,1,0,0,0,1,2,4,0,7,7,164,5,10,-15,223,New Orleans
2023,10,22,40,2,0,5,1,29,32,5,62,67,22,0,0,3,0,14,12,3,26,29,18,1,0,2,1,14,20,2,35,37,0,0,0,0,0,1,0,0,1,1,0,1,0,0,0,0,0,0,0,0,165,1,4,-14,224,New Orleans
2024,10,22,47,1,1,2,3,31,8,3,42,45,24,1,1,1,2,23,5,2,30,32,19,0,0,1,1,5,3,1,9,10,0,0,0,0,0,1,0,0,1,1,4,0,0,0,0,2,0,0,2,2,147,1,8,-12,226,New Orleans
2012,11,22,23,0,2,1,6,14,8,3,28,31,10,0,0,0,1,8,0,0,9,9,12,0,2,1,5,4,8,3,17,20,0,0,0,0,0,0,0,0,0,0,1,0,0,0,0,2,0,0,2,2,132,0,21,18,256,New Orleans
2013,11,22,38,0,4,4,9,45,5,8,59,67,11,0,1,3,2,24,2,4,28,32,23,0,3,0,7,16,3,3,26,29,0,0,0,0,0,1,0,0,1,1,4,0,0,1,0,4,0,1,4,5,188,1,13,19,257,New Orleans
2014,11,22,41,2,3,3,15,32,13,6,60,66,17,1,1,0,5,14,6,1,25,26,18,1,2,3,10,17,7,5,34,39,0,0,0,0,0,0,0,0,0,0,6,0,0,0,0,1,0,0,1,1,165,0,13,20,258,New Orleans
2015,11,22,26,1,1,3,6,30,20,4,56,60,9,1,0,1,3,17,5,1,25,26,15,0,1,1,3,11,15,2,29,31,0,0,0,0,0,0,0,0,0,0,2,0,0,1,0,2,0,1,2,3,133,1,8,21,259,New Orleans
2016,11,22,44,0,6,1,5,31,23,7,59,66,22,0,2,1,4,18,8,3,30,33,17,0,2,0,1,11,15,2,27,29,0,0,0,0,0,0,0,0,0,0,5,0,2,0,0,2,0,2,2,4,163,2,12,16,254,New Orleans
2017,11,22,42,2,2,7,8,37,18,9,63,72,19,1,0,3,3,22,4,3,29,32,18,1,2,2,4,14,14,4,32,36,0,0,0,0,0,0,0,0,0,0,5,0,0,2,1,1,0,2,2,4,175,1,12,17,255,New Orleans
2018,11,22,50,1,0,2,4,33,35,2,72,74,25,0,0,2,3,17,6,2,26,28,22,1,0,0,1,13,25,0,39,39,0,0,0,0,0,0,0,0,0,0,3,0,0,0,0,3,4,0,7,7,184,0,13,18,256,New Orleans
2019,11,22,47,2,3,3,3,42,20,6,65,71,17,0,1,2,1,21,8,3,30,33,23,2,2,1,2,19,12,3,33,36,0,0,0,0,0,0,0,0,0,0,7,0,0,0,0,2,0,0,2,2,187,1,12,19,257,New Orleans
2020,11,22,49,4,2,7,4,35,51,9,90,99,22,1,1,5,3,21,34,6,58,64,25,2,1,2,1,11,15,3,27,30,0,0,0,0,0,0,0,0,0,0,2,1,0,0,0,3,2,0,5,5,206,0,12,21,259,New Orleans
2021,11,22,36,2,2,4,2,25,29,6,56,62,15,1,1,4,1,14,13,5,28,33,18,1,1,0,1,8,14,1,23,24,1,0,0,0,0,1,1,0,2,2,2,0,0,0,0,2,1,0,3,3,142,3,5,15,253,New Orleans
2022,11,22,25,2,3,2,5,25,34,5,64,69,16,0,0,0,3,14,11,0,28,28,9,2,2,2,1,10,21,4,32,36,0,0,0,0,0,0,0,0,0,0,0,0,1,0,1,1,2,1,4,5,144,0,7,16,254,New Orleans
2023,11,22,36,4,1,3,1,32,25,4,58,62,23,1,1,1,1,19,13,2,33,35,10,2,0,1,0,9,12,1,21,22,0,0,0,0,0,0,0,0,0,0,3,1,0,1,0,4,0,1,4,5,144,1,9,17,255,New Orleans
2024,11,22,34,0,1,3,4,33,12,4,49,53,17,0,0,1,1,21,5,1,27,28,15,0,1,2,3,12,7,3,22,25,0,0,0,0,0,0,0,0,0,0,2,0,0,0,0,0,0,0,0,0,123,0,4,19,257,New Orleans
2012,12,22,23,1,4,3,9,29,14,7,52,59,12,0,3,0,4,12,5,3,21,24,7,1,0,2,5,16,8,2,29,31,1,0,0,0,0,1,0,0,1,1,3,0,1,1,0,0,1,2,1,3,160,3,11,48,286,New Orleans
2013,12,22,28,2,1,3,11,17,11,4,39,43,12,1,0,1,5,6,4,1,15,16,13,1,1,2,5,11,7,3,23,26,0,0,0,0,0,0,0,0,0,0,3,0,0,0,1,0,0,0,1,1,121,0,10,49,287,New Orleans
2014,12,22,32,0,6,7,11,22,19,13,52,65,13,0,1,1,6,14,8,2,28,30,17,0,5,6,5,5,10,11,20,31,0,0,0,0,0,0,0,0,0,0,2,0,0,0,0,3,1,0,4,4,151,0,10,50,288,New Orleans
2015,12,22,30,0,6,5,2,21,19,11,42,53,16,0,2,2,2,13,7,4,22,26,11,0,3,2,0,8,12,5,20,25,1,0,0,0,0,0,0,0,0,0,2,0,1,1,0,0,0,2,0,2,130,1,5,51,289,New Orleans
2016,12,22,39,1,5,3,10,35,20,8,65,73,22,0,2,2,7,25,3,4,35,39,11,1,3,1,3,8,16,4,27,31,0,0,0,0,0,0,0,0,0,0,6,0,0,0,0,2,1,0,3,3,170,0,12,46,284,New Orleans
2017,12,22,59,1,4,3,5,36,9,7,50,57,29,1,1,0,1,22,3,1,26,27,26,0,3,3,4,10,6,6,20,26,0,0,0,0,0,1,0,0,1,1,4,0,0,0,0,3,0,0,3,3,183,1,11,47,285,New Orleans
2018,12,22,46,0,4,4,9,36,32,8,77,85,20,0,1,2,4,15,9,3,28,31,24,0,3,1,5,19,22,4,46,50,0,0,0,1,0,2,1,1,3,4,2,0,0,0,0,0,0,0,0,0,182,4,6,48,286,New Orleans
2019,12,22,3,1,3,1,1,9,8,4,18,22,3,0,0,0,0,6,3,0,9,9,0,1,3,1,1,3,4,4,8,12,0,0,0,0,0,0,0,0,0,0,0,0,0,0,0,0,1,0,1,1,47,0,1,49,287,New Orleans
2020,12,22,37,2,3,9,5,28,40,12,73,85,18,1,1,5,4,20,11,6,35,41,15,1,2,2,1,6,27,4,34,38,1,0,0,1,0,1,1,1,2,3,3,0,0,1,0,1,1,1,2,3,160,4,7,51,289,New Orleans
2021,12,22,50,2,1,4,4,14,31,5,49,54,15,1,0,2,4,9,13,2,26,28,24,1,1,1,0,3,17,2,20,22,0,0,0,0,0,1,1,0,2,2,11,0,0,1,0,1,0,1,1,2,138,2,15,45,283,New Orleans
2022,12,22,32,3,0,10,1,16,33,10,50,60,10,1,0,4,1,8,6,4,15,19,16,1,0,6,0,6,22,6,28,34,1,1,0,0,0,0,2,0,2,2,5,0,0,0,0,2,3,0,5,5,127,4,10,46,284,New Orleans
2023,12,22,46,1,2,1,9,24,33,3,66,69,21,0,0,0,4,12,9,0,25,25,21,1,2,1,4,12,21,3,37,40,0,0,0,0,0,0,0,0,0,0,4,0,0,0,1,0,3,0,4,4,149,1,9,47,285,New Orleans
2024,12,22,24,1,1,1,1,18,13,2,32,34,9,0,1,0,0,10,4,1,14,15,14,1,0,1,1,5,8,1,14,15,0,0,0,0,0,0,0,0,0,0,1,0,0,0,0,3,1,0,4,4,86,0,9,49,287,New Orleans
2012,1,23,23,2,0,0,10,18,15,0,43,43,8,1,0,0,6,8,5,0,19,19,12,1,0,0,3,9,9,0,21,21,0,0,0,0,1,0,0,0,1,1,3,0,0,0,0,1,1,0,2,2,178,2,10,-286,-48,New Orleans
2013,1,23,28,2,1,6,5,31,10,7,46,53,13,2,0,5,3,24,3,5,30,35,13,0,1,1,1,6,7,2,14,16,0,0,0,0,0,0,0,0,0,0,2,0,0,0,1,1,0,0,2,2,172,0,8,-284,-46,New Orleans
2014,1,23,36,0,1,2,10,24,14,3,48,51,16,0,1,1,6,16,4,2,26,28,20,0,0,1,4,6,10,1,20,21,0,0,0,0,0,0,0,0,0,0,0,0,0,0,0,2,0,0,2,2,166,0,6,-283,-45,New Orleans
2015,1,23,43,1,0,1,9,28,14,1,51,52,17,0,0,1,3,17,5,1,25,26,22,1,0,0,6,9,8,0,23,23,0,0,0,0,0,1,0,0,1,1,4,0,0,0,0,1,1,0,2,2,150,2,9,-282,-44,New Orleans
2016,1,23,32,1,8,2,12,35,18,10,65,75,13,0,3,1,3,16,3,4,22,26,16,1,5,1,8,18,14,6,40,46,0,0,0,0,0,0,0,0,0,0,3,0,0,0,1,1,1,0,3,3,156,1,8,-288,-50,New Orleans
2017,1,23,33,0,2,2,11,27,16,4,54,58,19,0,1,2,6,14,5,3,25,28,12,0,1,0,3,12,10,1,25,26,0,0,0,0,0,1,0,0,1,1,2,0,0,0,2,0,1,0,3,3,170,1,8,-286,-48,New Orleans
2018,1,23,36,1,2,0,2,27,15,2,44,46,17,0,1,0,1,16,6,1,23,24,15,1,1,0,1,8,8,1,17,18,1,0,0,0,0,0,0,0,0,0,3,0,0,0,0,3,1,0,4,4,154,1,15,-285,-47,New Orleans
2019,1,23,44,0,3,1,4,40,12,4,56,60,18,0,1,1,3,23,1,2,27,29,19,0,2,0,1,14,10,2,25,27,0,0,0,0,0,0,0,0,0,0,7,0,0,0,0,3,1,0,4,4,172,0,12,-284,-46,New Orleans
2020,1,23,25,2,1,7,3,28,41,8,72,80,16,0,1,3,0,11,6,4,17,21,6,2,0,4,3,15,32,4,50,54,0,0,0,0,0,0,1,0,1,1,3,0,0,0,0,2,2,0,4,4,153,1,9,-283,-45,New Orleans
2021,1,23,54,0,2,4,4,20,27,6,51,57,24,0,0,1,2,10,9,1,21,22,27,0,2,2,1,8,15,4,24,28,0,0,0,0,1,0,0,0,1,1,3,0,0,1,0,2,3,1,5,6,154,1,12,-288,-50,New Orleans
2022,1,23,33,2,4,12,6,18,31,16,55,71,17,1,2,8,3,3,16,10,22,32,13,1,2,4,3,11,15,6,29,35,0,0,0,0,0,1,0,0,1,1,3,0,0,0,0,3,0,0,3,3,155,3,9,-287,-49,New Orleans
2023,1,23,48,3,2,5,2,25,36,7,63,70,31,1,2,5,2,19,15,7,36,43,13,2,0,0,0,6,21,0,27,27,0,0,0,0,0,0,0,0,0,0,4,0,0,0,0,0,0,0,0,0,170,1,5,-286,-48,New Orleans
2024,1,23,31,2,1,0,2,19,10,1,31,32,16,0,0,0,0,15,1,0,16,16,13,2,1,0,2,4,7,1,13,14,1,0,0,0,0,0,0,0,0,0,1,0,0,0,0,0,2,0,2,2,114,2,7,-285,-47,New Orleans
2012,2,23,27,1,0,3,10,18,7,3,35,38,16,0,0,2,4,8,1,2,13,15,9,1,0,0,6,9,6,0,21,21,0,0,0,0,0,0,0,0,0,0,2,0,0,1,0,1,0,1,1,2,154,0,10,-255,-17,New Orleans
2013,2,23,21,2,5,0,5,26,15,5,46,51,7,1,2,0,1,9,6,2,16,18,14,1,3,0,2,16,7,3,25,28,0,0,0,0,0,0,0,0,0,0,0,0,0,0,2,1,2,0,5,5,134,0,14,-253,-15,New Orleans
2014,2,23,28,0,6,2,5,42,11,8,58,66,7,0,2,0,2,25,5,2,32,34,20,0,4,2,3,16,6,6,25,31,0,0,0,0,0,0,0,0,0,0,1,0,0,0,0,1,0,0,1,1,165,1,5,-252,-14,New Orleans
2015,2,23,26,0,4,1,4,26,9,5,39,44,15,0,0,1,3,17,5,1,25,26,9,0,3,0,1,8,4,3,13,16,1,0,1,0,0,0,0,1,0,1,1,0,0,0,0,1,0,0,1,1,129,2,8,-251,-13,New Orleans
2016,2,23,36,0,6,2,7,14,16,8,37,45,23,0,1,0,5,9,7,1,21,22,10,0,5,1,2,4,9,6,15,21,1,0,0,0,0,0,0,0,0,0,2,0,0,1,0,1,0,1,1,2,145,2,8,-257,-19,New Orleans
2017,2,23,38,2,4,4,9,69,16,8,94,102,17,1,0,3,3,22,7,3,32,35,18,1,4,1,5,44,8,5,57,62,0,0,0,0,0,0,1,0,1,1,3,0,0,0,1,3,0,0,4,4,231,2,10,-255,-17,New Orleans
2018,2,23,61,2,2,2,7,24,14,4,45,49,28,2,1,0,3,16,4,1,23,24,27,0,1,2,2,8,8,3,18,21,1,0,0,0,0,0,0,0,0,0,5,0,0,0,2,0,2,0,4,4,192,1,14,-254,-16,New Orleans
2019,2,23,50,1,1,4,13,56,24,5,93,98,22,0,1,2,6,27,9,3,42,45,26,1,0,2,7,26,15,2,48,50,2,0,0,0,0,0,0,0,0,0,0,0,0,0,0,3,0,0,3,3,229,3,13,-253,-15,New Orleans
2020,2,23,52,7,4,8,4,123,17,12,144,156,21,0,1,4,2,45,8,5,55,60,27,7,3,3,1,72,9,6,82,88,0,0,0,0,0,1,0,0,1,1,4,0,0,1,1,5,0,1,6,7,282,1,15,-252,-14,New Orleans
2021,2,23,35,2,0,2,2,20,40,2,62,64,18,0,0,1,1,13,25,1,39,40,12,2,0,0,1,7,13,0,21,21,0,0,0,0,0,0,0,0,0,0,5,0,0,1,0,0,2,1,2,3,152,0,15,-257,-19,New Orleans
2022,2,23,31,2,2,3,8,24,19,5,51,56,12,2,2,2,2,14,4,4,20,24,17,0,0,1,6,6,12,1,24,25,0,0,0,0,0,0,0,0,0,0,2,0,0,0,0,4,3,0,7,7,148,0,12,-256,-18,New Orleans
2023,2,23,37,1,2,6,3,24,58,8,85,93,15,1,2,2,1,15,10,4,26,30,21,0,0,3,2,8,42,3,52,55,0,0,0,1,0,0,1,1,1,2,1,0,0,0,0,1,5,0,6,6,178,3,11,-255,-17,New Orleans
2024,2,23,20,1,1,1,2,25,19,2,46,48,10,0,1,1,0,16,7,2,23,25,8,1,0,0,2,8,12,0,22,22,0,0,0,0,0,1,0,0,1,1,2,0,0,0,0,0,0,0,0,0,121,1,5,-254,-16,New Orleans
2012,3,23,21,0,5,6,7,22,14,11,43,54,13,0,1,1,3,11,2,2,16,18,4,0,4,4,4,10,12,8,26,34,0,0,0,0,0,0,0,0,0,0,4,0,0,1,0,1,0,1,1,2,193,0,14,-226,12,New Orleans
2013,3,23,22,0,4,1,11,35,10,5,56,61,10,0,0,1,5,16,5,1,26,27,11,0,4,0,5,18,4,4,27,31,0,0,0,0,0,0,0,0,0,0,1,0,0,0,1,1,1,0,3,3,148,0,11,-225,13,New Orleans
2014,3,23,21,1,8,5,8,32,11,13,51,64,8,1,2,3,4,13,3,5,20,25,12,0,6,2,4,18,7,8,29,37,0,0,0,0,0,0,0,0,0,0,1,0,0,0,0,1,1,0,2,2,141,1,8,-224,14,New Orleans
2015,3,23,45,2,2,3,6,24,12,5,42,47,28,2,2,1,5,18,8,3,31,34,15,0,0,2,1,3,3,2,7,9,0,0,0,0,0,1,0,0,1,1,2,0,0,0,0,2,1,0,3,3,153,2,6,-223,15,New Orleans
2016,3,23,41,1,2,3,8,32,14,5,54,59,15,0,1,2,2,25,5,3,32,35,16,1,1,1,6,6,9,2,21,23,0,0,0,0,0,0,0,0,0,0,10,0,0,0,0,1,0,0,1,1,188,0,18,-228,10,New Orleans
2017,3,23,39,2,1,4,6,32,8,5,46,51,20,2,0,1,4,22,5,1,31,32,17,0,1,3,2,8,2,4,12,16,1,0,0,0,0,0,1,0,1,1,1,0,0,0,0,2,0,0,2,2,156,5,5,-227,11,New Orleans
2018,3,23,44,2,3,3,4,43,15,6,62,68,25,2,1,1,2,30,7,2,39,41,13,0,2,2,2,10,8,4,20,24,1,0,0,0,0,0,0,0,0,0,5,0,0,0,0,3,0,0,3,3,187,1,11,-226,12,New Orleans
2019,3,23,59,3,2,6,5,27,26,8,58,66,25,0,0,4,2,13,7,4,22,26,31,3,2,1,1,12,16,3,29,32,1,0,0,0,1,0,1,0,2,2,2,0,0,1,1,2,2,1,5,6,205,3,13,-225,13,New Orleans
2020,3,23,42,0,2,3,6,32,10,5,48,53,24,0,0,3,1,25,6,3,32,35,15,0,1,0,3,6,4,1,13,14,0,0,0,0,2,0,0,0,2,2,3,0,1,0,0,1,0,1,1,2,146,3,9,-223,15,New Orleans
2021,3,23,38,1,2,4,2,22,21,6,45,51,24,1,1,2,1,19,15,3,35,38,12,0,1,2,1,3,5,3,9,12,1,0,0,0,0,0,0,0,0,0,1,0,0,0,0,0,1,0,1,1,145,2,6,-229,9,New Orleans
2022,3,23,34,2,2,4,1,16,32,6,49,55,19,1,0,1,0,8,20,1,28,29,14,1,2,3,1,8,12,5,21,26,0,0,0,0,0,0,0,0,0,0,1,0,0,0,0,0,0,0,0,0,132,1,1,-228,10,New Orleans
2023,3,23,34,3,0,2,2,24,30,2,56,58,24,1,0,1,0,15,6,1,21,22,6,2,0,1,2,6,21,1,29,30,0,0,0,0,0,1,0,0,1,1,4,0,0,0,0,2,3,0,5,5,157,3,15,-227,11,New Orleans
2024,3,23,40,3,1,4,3,38,19,5,60,65,21,3,1,1,1,14,8,2,23,25,17,0,0,3,2,23,11,3,36,39,0,0,0,0,0,0,0,0,0,0,2,0,0,0,0,1,0,0,1,1,147,2,4,-225,13,New Orleans
2012,4,23,30,2,4,4,18,37,27,8,82,90,21,1,1,2,15,22,11,3,48,51,8,0,3,2,2,14,14,5,30,35,1,0,0,0,0,1,0,0,1,1,0,1,0,0,1,0,2,0,3,3,276,4,15,-195,43,New Orleans
2013,4,23,25,0,5,2,14,43,16,7,73,80,17,0,1,1,11,32,9,2,52,54,7,0,4,0,2,8,6,4,16,20,0,0,0,0,0,0,1,0,1,1,1,0,0,1,1,3,0,1,4,5,210,1,11,-194,44,New Orleans
2014,4,23,30,2,11,3,9,30,15,14,54,68,14,2,6,3,5,20,2,9,27,36,10,0,5,0,3,10,12,5,25,30,0,0,0,0,0,0,0,0,0,0,6,0,0,0,1,0,1,0,2,2,221,0,15,-193,45,New Orleans
2015,4,23,28,2,3,1,7,38,9,4,54,58,9,2,0,0,5,25,3,0,33,33,16,0,3,1,2,12,5,4,19,23,0,0,0,0,0,0,0,0,0,0,3,0,0,0,0,1,1,0,2,2,167,1,12,-192,46,New Orleans
2016,4,23,36,2,1,6,7,34,13,7,54,61,22,1,0,5,4,14,4,5,22,27,11,1,1,1,3,18,8,2,29,31,0,0,0,0,0,1,0,0,1,1,3,0,0,0,0,1,1,0,2,2,169,1,9,-197,41,New Orleans
2017,4,23,54,1,4,4,7,22,17,8,46,54,40,0,1,2,4,14,6,3,24,27,12,1,3,1,3,8,9,4,20,24,1,0,0,0,0,0,1,0,1,1,1,0,0,1,0,0,1,1,1,2,180,3,8,-196,42,New Orleans
2018,4,23,62,1,5,4,11,34,9,9,54,63,32,1,1,1,5,25,4,2,34,36,26,0,4,3,5,8,5,7,18,25,0,0,0,0,0,0,0,0,0,0,4,0,0,0,1,1,0,0,2,2,216,0,9,-195,43,New Orleans
2019,4,23,64,1,0,3,7,41,41,3,89,92,42,1,0,2,6,28,7,2,41,43,16,0,0,1,1,10,33,1,44,45,1,0,0,0,0,0,1,0,1,1,5,0,0,0,0,3,0,0,3,3,261,2,15,-194,44,New Orleans
2020,4,23,47,2,0,0,7,28,13,0,48,48,32,0,0,0,1,25,10,0,36,36,15,2,0,0,6,2,3,0,11,11,0,0,0,0,0,0,0,0,0,0,0,0,0,0,0,1,0,0,1,1,144,1,5,-192,46,New Orleans
2021,4,23,50,0,2,5,3,19,9,7,31,38,37,0,1,3,1,13,3,4,17,21,12,0,1,0,1,5,6,1,12,13,0,0,0,0,1,0,0,0,1,1,1,0,0,2,0,1,0,2,1,3,160,1,6,-198,40,New Orleans
2022,4,23,37,2,3,3,5,34,26,6,65,71,23,1,0,2,3,10,8,2,21,23,12,1,3,1,2,23,17,4,42,46,0,0,0,0,0,0,0,0,0,0,2,0,0,0,0,1,1,0,2,2,155,1,6,-197,41,New Orleans
2023,4,23,39,6,3,4,3,26,30,7,59,66,22,5,0,2,1,9,11,2,21,23,13,1,2,2,2,16,18,4,36,40,1,0,0,0,0,0,0,0,0,0,3,0,1,0,0,1,1,1,2,3,153,1,8,-196,42,New Orleans
2024,4,23,44,0,1,4,6,22,12,5,40,45,34,0,1,2,3,15,6,3,24,27,8,0,0,2,2,6,5,2,13,15,1,0,0,0,0,0,0,0,0,0,1,0,0,0,1,1,1,0,3,3,139,1,6,-194,44,New Orleans
2012,5,23,16,1,2,4,6,35,10,6,51,57,10,1,0,2,4,26,8,2,38,40,5,0,2,2,2,5,2,4,9,13,0,0,0,0,0,0,0,0,0,0,1,0,0,0,0,4,0,0,4,4,175,3,10,-165,73,New Orleans
2013,5,23,24,2,1,1,10,43,9,2,62,64,7,0,1,1,8,30,3,2,41,43,13,1,0,0,2,12,6,0,20,20,0,0,0,0,0,0,0,0,0,0,4,1,0,0,0,1,0,0,1,1,202,3,17,-164,74,New Orleans
2014,5,23,36,1,3,4,9,33,9,7,51,58,12,1,1,3,7,21,3,4,31,35,23,0,1,0,2,12,6,1,20,21,1,0,0,0,0,0,0,0,0,0,0,0,1,1,0,0,0,2,0,2,179,1,9,-163,75,New Orleans
2015,5,23,32,0,3,10,6,31,17,13,54,67,19,0,2,7,4,13,7,9,24,33,10,0,1,2,2,18,10,3,30,33,0,0,0,0,0,0,0,0,0,0,3,0,0,1,0,0,0,1,0,1,143,0,9,-162,76,New Orleans
2016,5,23,40,0,1,2,15,24,13,3,52,55,29,0,0,0,8,16,8,0,32,32,9,0,1,2,6,6,5,3,17,20,0,0,0,0,0,0,0,0,0,0,2,0,0,0,1,2,0,0,3,3,164,0,13,-167,71,New Orleans
2017,5,23,42,1,2,4,10,31,21,6,62,68,28,1,0,1,6,22,7,1,35,36,8,0,1,1,4,5,14,2,23,25,0,0,1,0,0,1,0,1,1,2,6,0,0,2,0,3,0,2,3,5,188,2,19,-166,72,New Orleans
2018,5,23,48,2,0,6,6,31,18,6,55,61,26,1,0,5,5,18,5,5,28,33,16,1,0,1,1,12,12,1,25,26,0,0,0,0,0,0,0,0,0,0,6,0,0,0,0,1,1,0,2,2,212,1,13,-165,73,New Orleans
2019,5,23,55,0,2,5,6,44,27,7,77,84,27,0,1,3,3,28,7,4,38,42,20,0,1,2,3,14,20,3,37,40,0,0,0,0,0,1,0,0,1,1,8,0,0,0,0,1,0,0,1,1,206,2,13,-164,74,New Orleans
2020,5,23,41,2,0,3,10,19,25,3,54,57,21,1,0,2,3,13,13,2,29,31,15,1,0,1,7,4,10,1,21,22,0,0,0,0,0,0,1,0,1,1,5,0,0,0,0,2,1,0,3,3,128,2,8,-162,76,New Orleans
2021,5,23,55,0,6,3,5,25,34,9,64,73,27,0,2,1,3,17,13,3,33,36,23,0,4,1,2,4,14,5,20,25,3,0,0,0,0,1,1,0,2,2,2,0,0,1,0,3,6,1,9,10,185,6,18,-168,70,New Orleans
2022,5,23,40,5,4,5,7,22,46,9,75,84,24,3,3,1,5,17,26,4,48,52,11,1,1,4,2,3,15,5,20,25,0,0,0,0,0,1,2,0,3,3,5,1,0,0,0,1,3,0,4,4,180,3,13,-167,71,New Orleans
2023,5,23,35,6,2,1,5,21,30,3,56,59,18,3,0,1,5,15,11,1,31,32,13,2,1,0,0,6,19,1,25,26,1,0,0,0,0,0,0,0,0,0,3,1,1,0,0,0,0,1,0,1,148,1,14,-166,72,New Orleans
2024,5,23,27,0,2,4,2,32,23,6,57,63,17,0,2,3,0,23,13,5,36,41,8,0,0,1,2,9,9,1,20,21,0,0,0,0,0,0,0,0,0,0,2,0,0,0,0,0,1,0,1,1,160,0,7,-164,74,New Orleans
2012,6,23,34,1,2,1,9,22,12,3,43,46,17,1,1,1,5,10,6,2,21,23,14,0,0,0,4,11,5,0,20,20,1,0,0,0,0,0,1,0,1,1,2,0,1,0,0,1,0,1,1,2,178,3,8,-134,104,New Orleans
2013,6,23,29,3,6,1,6,37,15,7,58,65,13,1,3,0,6,25,8,3,39,42,14,2,2,1,0,10,6,3,16,19,0,0,0,0,0,1,0,0,1,1,2,0,1,0,0,1,1,1,2,3,170,3,10,-133,105,New Orleans
2014,6,23,32,2,3,4,15,43,17,7,75,82,17,0,2,3,10,28,9,5,47,52,12,1,1,1,3,15,7,2,25,27,0,0,0,0,0,0,0,0,0,0,3,1,0,0,2,0,1,0,3,3,207,0,20,-132,106,New Orleans
2015,6,23,27,0,1,1,3,23,12,2,38,40,17,0,0,1,2,19,5,1,26,27,7,0,0,0,0,3,7,0,10,10,2,0,0,0,0,0,0,0,0,0,1,0,1,0,1,1,0,1,2,3,145,2,8,-131,107,New Orleans
2016,6,23,46,2,1,5,16,37,9,6,62,68,28,0,0,3,13,21,1,3,35,38,13,1,1,2,2,14,8,3,24,27,1,0,0,0,0,0,0,0,0,0,4,1,0,0,1,2,0,0,3,3,177,1,11,-136,102,New Orleans
2017,6,23,36,0,5,5,5,38,33,10,76,86,21,0,3,2,3,27,12,5,42,47,11,0,1,2,2,11,21,3,34,37,1,0,1,1,0,0,0,2,0,2,3,0,0,0,0,0,0,0,0,0,191,3,6,-135,103,New Orleans
2018,6,23,45,0,2,6,7,50,17,8,74,82,25,0,1,3,3,30,11,4,44,48,14,0,1,2,4,15,6,3,25,28,1,0,0,0,0,1,0,0,1,1,5,0,0,1,0,4,0,1,4,5,206,2,15,-134,104,New Orleans
2019,6,23,56,4,2,4,5,42,63,6,110,116,32,2,0,1,2,26,31,1,59,60,19,1,2,2,1,14,29,4,44,48,0,0,0,0,1,1,2,0,4,4,5,1,0,1,1,1,1,1,3,4,228,6,14,-133,105,New Orleans
2020,6,23,58,1,2,6,7,19,22,8,48,56,43,1,2,4,4,17,11,6,32,38,12,0,0,1,2,2,9,1,13,14,1,0,0,0,1,0,0,0,1,1,2,0,0,1,0,0,2,1,2,3,160,2,7,-131,107,New Orleans
2021,6,23,34,2,1,5,10,41,17,6,68,74,24,2,1,3,4,29,10,4,43,47,7,0,0,1,6,9,6,1,21,22,0,0,0,0,0,1,1,0,2,2,3,0,0,1,0,2,0,1,2,3,164,2,8,-137,101,New Orleans
2022,6,23,31,5,4,7,7,18,30,11,55,66,14,2,1,4,4,14,13,5,31,36,15,2,3,2,2,4,15,5,21,26,0,0,0,0,0,0,0,0,0,0,2,1,0,1,1,0,2,1,3,4,154,1,8,-136,102,New Orleans
2023,6,23,26,1,1,7,8,33,20,8,61,69,17,1,0,3,2,21,5,3,28,31,5,0,1,2,6,9,12,3,27,30,0,0,0,0,0,1,2,0,3,3,4,0,0,2,0,2,1,2,3,5,150,3,14,-135,103,New Orleans
2024,6,23,39,1,4,5,3,36,19,9,58,67,24,1,0,0,1,17,5,0,23,23,11,0,4,5,2,16,14,9,32,41,0,0,0,0,0,1,0,0,1,1,4,0,0,0,0,2,0,0,2,2,173,1,11,-133,105,New Orleans
2012,7,23,38,0,3,2,15,22,13,5,50,55,22,0,0,2,12,14,8,2,34,36,14,0,1,0,3,5,3,1,11,12,0,0,0,0,0,0,1,0,1,1,2,0,2,0,0,3,1,2,4,6,232,1,20,-104,134,New Orleans
2013,7,23,34,1,3,1,11,49,12,4,72,76,15,1,0,1,8,38,3,1,49,50,16,0,2,0,3,8,9,2,20,22,1,0,0,0,0,0,0,0,0,0,2,0,1,0,0,3,0,1,3,4,187,1,10,-103,135,New Orleans
2014,7,23,42,0,1,3,17,31,19,4,67,71,22,0,0,1,10,20,6,1,36,37,14,0,1,1,4,10,9,2,23,25,0,0,0,1,1,0,0,1,1,2,6,0,0,0,2,1,4,0,7,7,183,2,19,-102,136,New Orleans
2015,7,23,34,2,6,2,8,27,13,8,48,56,19,2,2,2,5,14,5,4,24,28,12,0,4,0,2,12,7,4,21,25,0,0,0,0,0,0,0,0,0,0,3,0,0,0,1,1,1,0,3,3,145,0,10,-101,137,New Orleans
2016,7,23,39,0,6,7,10,26,14,13,50,63,22,0,1,4,7,10,3,5,20,25,16,0,3,3,2,16,11,6,29,35,0,0,0,0,0,0,0,0,0,0,1,0,2,0,1,0,0,2,1,3,165,1,6,-106,132,New Orleans
2017,7,23,35,2,3,3,3,35,25,6,63,69,11,0,1,2,0,20,5,3,25,28,18,1,2,1,2,12,16,3,30,33,0,0,0,0,0,0,1,0,1,1,6,1,0,0,1,3,3,0,7,7,202,2,21,-105,133,New Orleans
2018,7,23,48,4,3,3,9,32,29,6,70,76,33,3,1,3,3,22,10,4,35,39,12,1,2,0,6,9,17,2,32,34,0,0,0,0,0,0,1,0,1,1,3,0,0,0,0,1,1,0,2,2,211,1,10,-104,134,New Orleans
2019,7,23,40,2,1,1,6,32,39,2,77,79,24,2,1,0,6,24,25,1,55,56,9,0,0,1,0,6,11,1,17,18,1,0,0,0,0,0,1,0,1,1,6,0,0,0,0,2,2,0,4,4,189,2,14,-103,135,New Orleans
2020,7,23,44,0,1,4,6,29,18,5,53,58,29,0,1,3,3,23,10,4,36,40,11,0,0,1,3,5,7,1,15,16,0,0,0,0,0,0,0,0,0,0,4,0,0,0,0,1,1,0,2,2,141,0,8,-101,137,New Orleans
2021,7,23,39,1,3,8,4,43,19,11,66,77,20,1,3,5,2,28,9,8,39,47,17,0,0,2,2,15,9,2,26,28,0,0,0,0,0,0,0,0,0,0,2,0,0,1,0,0,1,1,1,2,170,0,9,-107,131,New Orleans
2022,7,23,52,4,6,2,6,25,47,8,78,86,26,3,2,2,3,12,7,4,22,26,24,1,4,0,2,11,39,4,52,56,0,0,0,0,0,0,1,0,1,1,2,0,0,0,1,2,0,0,3,3,187,1,8,-106,132,New Orleans
2023,7,23,41,4,1,5,4,24,48,6,76,82,21,1,0,2,1,14,14,2,29,31,16,3,0,0,3,9,32,0,44,44,0,0,0,0,0,0,1,0,1,1,4,0,1,3,0,1,1,4,2,6,174,1,14,-105,133,New Orleans
2024,7,23,29,0,0,1,5,33,9,1,47,48,21,0,0,0,1,23,5,0,29,29,7,0,0,0,4,10,3,0,17,17,0,0,0,0,0,0,0,0,0,0,1,0,0,1,0,0,1,1,1,2,141,0,5,-103,135,New Orleans
2012,8,23,26,3,2,0,16,35,12,2,63,65,11,2,2,0,10,24,5,2,39,41,15,1,0,0,6,10,7,0,23,23,0,0,0,0,0,0,0,0,0,0,0,0,0,0,0,1,0,0,1,1,192,1,8,-73,165,New Orleans
2013,8,23,36,2,1,1,14,36,10,2,60,62,20,1,1,0,13,26,4,1,43,44,13,1,0,1,1,9,6,1,16,17,0,0,0,0,0,1,0,0,1,1,3,0,0,0,0,0,0,0,0,0,185,1,9,-72,166,New Orleans
2014,8,23,39,0,5,4,4,24,12,9,40,49,21,0,1,2,1,10,4,3,15,18,16,0,4,2,3,14,8,6,25,31,0,0,0,0,0,0,0,0,0,0,2,0,0,0,0,0,0,0,0,0,137,1,4,-71,167,New Orleans
2015,8,23,34,1,8,4,14,33,9,12,56,68,14,0,3,3,9,15,3,6,27,33,16,1,5,1,5,14,6,6,25,31,1,0,0,0,0,0,0,0,0,0,3,0,0,0,0,4,0,0,4,4,147,2,7,-70,168,New Orleans
2016,8,23,42,2,1,5,8,27,15,6,50,56,26,2,0,3,7,17,4,3,28,31,15,0,1,2,0,9,11,3,20,23,1,0,0,0,0,0,0,0,0,0,0,0,0,0,1,1,0,0,2,2,188,1,7,-75,163,New Orleans
2017,8,23,40,0,5,5,3,42,12,10,57,67,23,0,2,3,2,33,7,5,42,47,15,0,2,2,1,8,3,4,12,16,0,0,0,0,0,0,1,0,1,1,2,0,1,0,0,1,1,1,2,3,198,1,7,-74,164,New Orleans
2018,8,23,46,0,2,2,6,41,16,4,63,67,21,0,1,1,3,30,5,2,38,40,16,0,1,0,3,6,11,1,20,21,0,0,0,0,0,1,0,0,1,1,9,0,0,1,0,4,0,1,4,5,205,1,14,-73,165,New Orleans
2019,8,23,50,0,2,3,10,48,16,5,74,79,28,0,1,0,4,32,6,1,42,43,20,0,1,3,6,11,7,4,24,28,0,0,0,0,0,0,2,0,2,2,2,0,0,0,0,5,1,0,6,6,200,2,11,-72,166,New Orleans
2020,8,23,59,0,2,10,3,17,12,12,32,44,40,0,1,6,1,8,4,7,13,20,13,0,1,3,2,8,8,4,18,22,0,0,0,0,0,0,0,0,0,0,6,0,0,1,0,1,0,1,1,2,161,0,11,-70,168,New Orleans
2021,8,23,60,2,1,5,2,27,20,6,49,55,33,2,0,4,1,16,8,4,25,29,20,0,1,1,1,11,10,2,22,24,1,0,0,0,0,0,1,0,1,1,6,0,0,0,0,0,1,0,1,1,171,4,8,-76,162,New Orleans
2022,8,23,34,1,1,6,3,19,25,7,47,54,19,1,0,3,1,14,6,3,21,24,14,0,1,1,2,5,17,2,24,26,0,0,0,0,0,0,0,0,0,0,1,0,0,2,0,0,2,2,2,4,143,0,7,-75,163,New Orleans
2023,8,23,36,1,0,5,5,25,21,5,51,56,24,1,0,0,4,16,6,0,26,26,8,0,0,4,1,9,13,4,23,27,0,0,0,0,0,0,0,0,0,0,4,0,0,1,0,0,2,1,2,3,151,0,11,-74,164,New Orleans
2024,8,23,42,2,2,5,3,40,11,7,54,61,21,1,0,4,3,20,3,4,26,30,13,1,1,1,0,15,7,2,22,24,0,0,0,0,0,1,0,0,1,1,8,0,1,0,0,4,1,1,5,6,161,2,21,-72,166,New Orleans
2012,9,23,23,0,3,0,4,24,14,3,42,45,8,0,0,0,3,12,5,0,20,20,13,0,3,0,1,11,9,3,21,24,0,0,0,0,0,0,0,0,0,0,2,0,0,0,0,1,0,0,1,1,159,0,15,-42,196,New Orleans
2013,9,23,23,0,1,1,9,36,12,2,57,59,14,0,1,0,6,30,5,1,41,42,8,0,0,1,2,4,6,1,12,13,0,0,0,0,0,1,0,0,1,1,1,0,0,0,1,1,1,0,3,3,162,1,12,-41,197,New Orleans
2014,9,23,29,0,2,2,10,29,19,4,58,62,13,0,2,0,9,17,5,2,31,33,9,0,0,0,1,11,11,0,23,23,0,0,0,0,0,0,0,0,0,0,7,0,0,2,0,1,3,2,4,6,164,0,21,-40,198,New Orleans
2015,9,23,37,0,1,5,8,26,9,6,43,49,26,0,0,4,3,15,4,4,22,26,9,0,1,1,5,9,3,2,17,19,0,0,0,0,0,0,0,0,0,0,2,0,0,0,0,2,2,0,4,4,177,0,15,-39,199,New Orleans
2016,9,23,43,2,4,0,4,36,10,4,50,54,11,2,0,0,2,18,2,0,22,22,28,0,4,0,2,15,7,4,24,28,0,0,0,0,0,0,0,0,0,0,4,0,0,0,0,3,1,0,4,4,151,3,11,-44,194,New Orleans
2017,9,23,51,4,2,3,1,43,12,5,56,61,29,0,1,1,1,22,1,2,24,26,21,4,0,2,0,19,10,2,29,31,0,0,1,0,0,0,0,1,0,1,1,0,0,0,0,2,1,0,3,3,186,1,8,-43,195,New Orleans
2018,9,23,53,3,2,4,5,30,18,6,53,59,28,1,0,3,0,19,8,3,27,30,25,2,2,1,5,8,7,3,20,23,0,0,0,0,0,0,0,0,0,0,0,0,0,0,0,3,3,0,6,6,203,1,12,-42,196,New Orleans
2019,9,23,39,4,2,6,7,36,30,8,73,81,20,2,2,2,5,24,4,4,33,37,15,1,0,4,2,9,24,4,35,39,0,0,0,0,0,0,2,0,2,2,4,1,0,0,0,3,0,0,3,3,216,2,17,-41,197,New Orleans
2020,9,23,44,2,4,6,3,19,43,10,65,75,19,1,0,2,1,13,26,2,40,42,22,1,3,2,2,6,14,5,22,27,0,0,0,0,0,0,0,0,0,0,3,0,1,2,0,0,3,3,3,6,169,0,11,-39,199,New Orleans
2021,9,23,44,2,1,6,5,27,14,7,46,53,25,2,0,1,2,16,4,1,22,23,15,0,1,3,2,8,10,4,20,24,0,0,0,0,0,0,0,0,0,0,4,0,0,2,1,3,0,2,4,6,153,0,12,-45,193,New Orleans
2022,9,23,30,7,10,4,4,29,22,14,55,69,17,2,0,1,3,21,12,1,36,37,9,4,7,2,1,8,10,9,19,28,0,0,0,0,0,0,0,0,0,0,4,1,3,1,0,0,0,4,0,4,168,1,15,-44,194,New Orleans
2023,9,23,39,3,0,9,3,31,21,9,55,64,21,0,0,3,2,18,7,3,27,30,14,3,0,5,1,13,12,5,26,31,1,0,0,0,0,0,0,0,0,0,3,0,0,1,0,0,2,1,2,3,155,1,12,-43,195,New Orleans
2024,9,23,37,2,2,6,4,26,10,8,40,48,26,2,2,1,1,14,3,3,18,21,10,0,0,4,1,10,6,4,17,21,0,0,0,1,1,1,0,1,2,3,1,0,0,0,1,1,1,0,3,3,150,3,9,-41,197,New Orleans
2012,10,23,27,6,8,5,9,29,2,13,40,53,15,4,2,1,6,21,2,3,29,32,12,2,3,3,2,7,0,6,9,15,0,0,0,0,0,0,0,0,0,0,0,0,3,1,1,1,0,4,2,6,174,2,11,-12,226,New Orleans
2013,10,23,27,0,2,1,16,31,16,3,63,66,14,0,1,0,11,23,5,1,39,40,12,0,1,1,5,5,9,2,19,21,0,0,0,0,0,0,0,0,0,0,1,0,0,0,0,3,2,0,5,5,178,0,10,-11,227,New Orleans
2014,10,23,24,0,1,4,6,31,13,5,50,55,14,0,1,2,3,22,6,3,31,34,8,0,0,2,2,9,7,2,18,20,0,0,0,0,0,0,0,0,0,0,2,0,0,0,1,0,0,0,1,1,164,0,8,-10,228,New Orleans
2015,10,23,27,0,3,3,8,27,7,6,42,48,16,0,1,2,4,14,4,3,22,25,11,0,2,1,4,11,3,3,18,21,0,0,0,0,0,1,0,0,1,1,0,0,0,0,0,1,0,0,1,1,147,2,6,-9,229,New Orleans
2016,10,23,40,2,2,4,4,40,19,6,63,69,16,0,2,1,1,19,2,3,22,25,19,2,0,3,3,20,17,3,40,43,0,0,0,0,0,0,0,0,0,0,5,0,0,0,0,1,0,0,1,1,167,0,8,-14,224,New Orleans
2017,10,23,58,1,3,7,9,34,15,10,58,68,36,1,1,4,6,20,9,5,35,40,20,0,1,2,3,12,5,3,20,23,0,0,0,0,0,0,1,0,1,1,2,0,1,1,0,2,0,2,2,4,189,1,9,-13,225,New Orleans
2018,10,23,45,2,3,4,4,27,31,7,62,69,24,1,3,2,4,16,10,5,30,35,19,0,0,1,0,8,21,1,29,30,2,1,0,0,0,1,0,0,1,1,0,0,0,1,0,2,0,1,2,3,188,5,6,-12,226,New Orleans
2019,10,23,40,2,1,0,9,41,23,1,73,74,18,0,0,0,4,22,6,0,32,32,20,1,1,0,5,17,15,1,37,38,1,0,0,0,0,0,1,0,1,1,1,1,0,0,0,2,1,0,3,3,188,3,6,-11,227,New Orleans
2020,10,23,58,2,5,6,8,26,25,11,59,70,28,1,1,2,0,19,8,3,27,30,26,0,3,3,8,6,17,6,31,37,0,0,0,0,0,0,0,0,0,0,4,1,1,1,0,1,0,2,1,3,193,2,14,-9,229,New Orleans
2021,10,23,33,1,2,10,2,37,15,12,54,66,16,1,1,5,0,17,4,6,21,27,16,0,1,3,2,19,10,4,31,35,0,0,0,0,0,0,0,0,0,0,1,0,0,2,0,1,1,2,2,4,151,0,11,-15,223,New Orleans
2022,10,23,33,7,5,3,6,20,49,8,75,83,17,2,2,1,1,10,20,3,31,34,15,5,3,1,4,8,29,4,41,45,0,0,0,1,1,1,0,1,2,3,1,0,0,0,0,1,0,0,1,1,179,6,3,-14,224,New Orleans
2023,10,23,46,2,3,1,6,35,24,4,65,69,27,0,1,0,1,24,9,1,34,35,15,2,2,1,5,10,13,3,28,31,1,0,0,0,0,0,1,0,1,1,3,0,0,0,0,1,1,0,2,2,166,3,8,-13,225,New Orleans
2024,10,23,43,0,1,5,4,24,14,6,42,48,21,0,1,3,2,13,6,4,21,25,17,0,0,2,2,10,6,2,18,20,0,0,0,0,0,1,0,0,1,1,5,0,0,0,0,0,2,0,2,2,145,2,9,-11,227,New Orleans
2012,11,23,17,3,3,7,8,36,14,10,58,68,9,0,0,3,4,18,5,3,27,30,7,3,2,3,4,16,8,5,28,33,0,0,0,0,0,0,1,0,1,1,1,0,1,1,0,2,0,2,2,4,163,1,16,19,257,New Orleans
2013,11,23,45,1,2,2,7,25,20,4,52,56,11,0,1,1,2,9,8,2,19,21,34,1,1,0,5,14,12,1,31,32,0,0,0,0,0,0,0,0,0,0,0,0,0,1,0,2,0,1,2,3,167,0,8,20,258,New Orleans
2014,11,23,35,2,6,3,4,20,17,9,41,50,11,0,2,2,4,7,8,4,19,23,17,1,4,1,0,12,8,5,20,25,2,0,0,0,0,0,1,0,1,1,5,1,0,0,0,1,0,0,1,1,137,3,8,21,259,New Orleans
2015,11,23,29,1,5,4,10,23,9,9,42,51,16,1,1,1,6,15,3,2,24,26,12,0,4,3,3,6,6,7,15,22,0,0,0,0,0,1,0,0,1,1,1,0,0,0,1,1,0,0,2,2,135,3,9,22,260,New Orleans
2016,11,23,48,0,10,1,11,35,11,11,57,68,23,0,0,0,3,20,0,0,23,23,22,0,8,0,6,12,11,8,29,37,1,0,0,0,0,0,0,0,0,0,2,0,2,1,2,3,0,3,5,8,160,2,12,17,255,New Orleans
2017,11,23,41,1,4,2,8,14,8,6,30,36,17,0,1,0,1,10,5,1,16,17,24,1,3,2,6,3,3,5,12,17,0,0,0,0,0,0,0,0,0,0,0,0,0,0,1,1,0,0,2,2,115,0,3,18,256,New Orleans
2018,11,23,47,3,1,2,8,36,38,3,82,85,19,0,0,1,4,24,17,1,45,46,26,3,0,1,4,9,20,1,33,34,0,0,0,0,0,0,0,0,0,0,2,0,1,0,0,3,1,1,4,5,210,0,12,19,257,New Orleans
2019,11,23,44,3,6,3,2,41,33,9,76,85,21,2,2,0,2,20,6,2,28,30,20,1,4,2,0,18,25,6,43,49,0,0,0,0,0,0,0,0,0,0,3,0,0,1,0,3,2,1,5,6,192,1,11,20,258,New Orleans
2020,11,23,40,4,3,5,7,25,43,8,75,83,25,1,1,0,4,18,11,1,33,34,14,3,1,5,3,5,26,6,34,40,0,0,0,0,0,0,3,0,3,3,1,0,1,0,0,2,3,1,5,6,179,4,11,22,260,New Orleans
2021,11,23,41,0,2,2,8,29,19,4,56,60,22,0,1,0,3,16,5,1,24,25,18,0,1,2,5,10,14,3,29,32,0,0,0,0,0,0,0,0,0,0,1,0,0,0,0,3,0,0,3,3,136,0,6,16,254,New Orleans
2022,11,23,22,0,1,2,5,11,35,3,51,54,5,0,0,2,5,6,15,2,26,28,17,0,1,0,0,4,18,1,22,23,0,0,0,0,0,0,0,0,0,0,0,0,0,0,0,1,2,0,3,3,113,2,3,17,255,New Orleans
2023,11,23,30,0,0,4,6,20,23,4,49,53,12,0,0,3,1,10,5,3,16,19,17,0,0,1,5,8,18,1,31,32,0,0,0,0,0,1,0,0,1,1,1,0,0,0,0,1,0,0,1,1,118,1,3,18,256,New Orleans
2024,11,23,28,4,0,4,2,29,15,4,46,50,15,2,0,3,0,8,5,3,13,16,11,2,0,1,2,16,10,1,28,29,0,0,0,0,0,1,0,0,1,1,2,0,0,0,0,4,0,0,4,4,132,1,9,20,258,New Orleans
2012,12,23,23,0,5,5,10,24,8,10,42,52,8,0,0,0,2,15,0,0,17,17,13,0,5,4,7,7,7,9,21,30,0,0,0,0,0,0,0,0,0,0,2,0,0,1,1,2,1,1,4,5,148,1,11,49,287,New Orleans
2013,12,23,24,1,10,1,10,33,16,11,59,70,14,1,3,0,5,22,6,3,33,36,9,0,6,0,5,11,9,6,25,31,0,0,0,0,0,0,0,0,0,0,1,0,1,1,0,0,1,2,1,3,163,0,11,50,288,New Orleans
2014,12,23,26,2,1,7,13,25,15,8,53,61,12,2,1,4,10,17,5,5,32,37,12,0,0,2,2,6,9,2,17,19,1,0,0,0,1,0,0,0,1,1,1,0,0,1,0,2,1,1,3,4,141,4,10,51,289,New Orleans
2015,12,23,27,1,6,2,16,24,12,8,52,60,15,1,0,1,12,14,5,1,31,32,11,0,6,0,2,8,7,6,17,23,0,0,0,1,0,0,0,1,0,1,1,0,0,0,2,2,0,0,4,4,152,1,6,52,290,New Orleans
2016,12,23,26,1,4,4,15,27,10,8,52,60,13,0,0,2,6,14,3,2,23,25,12,0,4,1,9,10,7,5,26,31,0,0,0,0,0,0,0,0,0,0,1,1,0,1,0,3,0,1,3,4,153,0,17,47,285,New Orleans
2017,12,23,48,0,4,5,3,30,13,9,46,55,18,0,3,2,1,16,3,5,20,25,29,0,1,3,2,12,10,4,24,28,1,0,0,0,0,0,0,0,0,0,0,0,0,0,0,2,0,0,2,2,166,2,6,48,286,New Orleans
2018,12,23,43,1,3,2,4,42,19,5,65,70,20,0,1,1,0,21,6,2,27,29,16,1,1,1,4,18,10,2,32,34,0,0,0,0,0,1,1,0,2,2,7,0,1,0,0,2,2,1,4,5,181,4,15,49,287,New Orleans
2019,12,23,3,2,0,0,2,10,11,0,23,23,3,0,0,0,0,7,2,0,9,9,0,2,0,0,2,3,7,0,12,12,0,0,0,0,0,0,0,0,0,0,0,0,0,0,0,0,2,0,2,2,44,0,3,50,288,New Orleans
2020,12,23,45,0,3,7,3,20,29,10,52,62,22,0,2,3,1,14,7,5,22,27,19,0,1,3,2,6,18,4,26,30,2,0,0,0,0,0,0,0,0,0,2,0,0,1,0,0,4,1,4,5,154,3,10,52,290,New Orleans
2021,12,23,29,2,2,5,0,11,19,7,30,37,13,1,0,3,0,5,9,3,14,17,14,0,1,2,0,4,10,3,14,17,0,0,0,0,0,0,0,0,0,0,2,1,1,0,0,2,0,1,2,3,98,1,9,46,284,New Orleans
2022,12,23,26,1,2,4,4,10,36,6,50,56,10,0,0,1,2,4,3,1,9,10,16,1,2,3,2,6,31,5,39,44,0,0,0,0,0,0,0,0,0,0,0,0,0,0,0,0,2,0,2,2,117,0,5,47,285,New Orleans
2023,12,23,53,3,2,5,6,31,37,7,74,81,19,2,0,3,1,21,7,3,29,32,30,1,2,2,5,9,25,4,39,43,0,0,0,0,0,1,0,0,1,1,4,0,0,0,0,0,5,0,5,5,176,1,9,48,286,New Orleans
2024,12,23,26,0,0,6,4,17,6,6,27,33,15,0,0,2,1,11,3,2,15,17,9,0,0,3,2,6,3,3,11,14,0,0,0,0,0,0,0,0,0,0,2,0,0,1,1,0,0,1,1,2,89,0,5,50,288,New Orleans
2012,1,24,27,4,3,1,9,21,15,4,45,49,10,1,1,0,6,15,5,1,26,27,13,2,1,1,1,6,10,2,17,19,0,0,1,0,1,0,0,1,1,2,4,1,0,0,1,0,0,0,1,1,203,3,11,-285,-47,New Orleans
2013,1,24,16,1,7,4,13,28,12,11,53,64,7,0,2,3,9,15,7,5,31,36,8,1,5,1,4,10,5,6,19,25,0,0,0,0,0,0,0,0,0,0,1,0,0,0,0,3,0,0,3,3,163,0,10,-283,-45,New Orleans
2014,1,24,22,1,1,5,17,28,14,6,59,65,11,1,1,3,12,14,9,4,35,39,11,0,0,2,4,11,5,2,20,22,0,0,0,0,0,1,0,0,1,1,0,0,0,0,1,2,0,0,3,3,150,4,3,-282,-44,New Orleans
2015,1,24,34,2,7,0,12,27,22,7,61,68,13,0,1,0,7,15,6,1,28,29,21,1,6,0,5,11,16,6,32,38,0,0,0,0,0,0,0,0,0,0,0,1,0,0,0,1,0,0,1,1,159,0,8,-281,-43,New Orleans
2016,1,24,36,0,8,5,10,31,7,13,48,61,13,0,1,1,3,17,3,2,23,25,20,0,4,4,7,12,4,8,23,31,0,0,1,0,0,0,0,1,0,1,3,0,2,0,0,2,0,2,2,4,158,1,11,-287,-49,New Orleans
2017,1,24,31,0,6,2,9,34,21,8,64,72,15,0,3,1,5,25,7,4,37,41,13,0,3,1,4,9,13,4,26,30,1,0,0,0,0,0,0,0,0,0,2,0,0,0,0,0,1,0,1,1,173,1,9,-285,-47,New Orleans
2018,1,24,36,3,0,3,9,31,16,3,56,59,16,0,0,0,7,21,6,0,34,34,19,3,0,3,2,8,10,3,20,23,0,0,0,0,0,1,0,0,1,1,1,0,0,0,0,1,0,0,1,1,172,1,8,-284,-46,New Orleans
2019,1,24,39,1,0,1,7,33,14,1,54,55,20,0,0,0,2,21,3,0,26,26,15,0,0,1,5,11,9,1,25,26,0,0,0,0,0,0,1,0,1,1,4,1,0,0,0,1,1,0,2,2,180,2,8,-283,-45,New Orleans
2020,1,24,39,1,3,1,8,26,30,4,64,68,19,0,2,1,3,14,8,3,25,28,15,1,1,0,5,11,22,1,38,39,1,0,0,0,0,0,0,0,0,0,4,0,0,0,0,1,0,0,1,1,156,2,6,-282,-44,New Orleans
2021,1,24,44,1,3,4,4,20,14,7,38,45,24,0,0,2,0,11,6,2,17,19,17,1,2,2,4,5,7,4,16,20,0,0,0,0,0,0,1,0,1,1,3,0,1,0,0,4,0,1,4,5,147,1,13,-287,-49,New Orleans
2022,1,24,47,1,3,5,6,28,32,8,66,74,26,0,1,2,2,18,12,3,32,35,20,0,2,2,4,6,16,4,26,30,0,0,0,0,0,0,0,0,0,0,1,1,0,1,0,4,4,1,8,9,171,2,13,-286,-48,New Orleans
2023,1,24,34,4,3,3,3,29,20,6,52,58,11,3,0,2,2,18,4,2,24,26,19,1,3,0,1,8,16,3,25,28,0,0,0,1,0,0,0,1,0,1,4,0,0,0,0,3,0,0,3,3,154,2,10,-285,-47,New Orleans
2024,1,24,52,2,2,4,4,19,25,6,48,54,30,2,0,1,2,11,11,1,24,25,19,0,2,3,1,7,14,5,22,27,0,0,0,0,0,1,0,0,1,1,3,0,0,0,1,0,0,0,1,1,166,4,10,-284,-46,New Orleans
2012,2,24,29,1,2,2,11,23,14,4,48,52,14,1,0,1,9,16,4,1,29,30,12,0,2,1,2,5,9,3,16,19,0,0,0,0,0,0,0,0,0,0,3,0,0,0,0,2,1,0,3,3,166,0,6,-254,-16,New Orleans
2013,2,24,23,1,0,3,7,16,11,3,34,37,7,0,0,1,2,7,4,1,13,14,16,1,0,2,5,9,6,2,20,22,0,0,0,0,0,0,1,0,1,1,0,0,0,0,0,0,0,0,0,0,136,1,5,-252,-14,New Orleans
2014,2,24,26,0,7,2,15,27,9,9,51,60,10,0,4,1,7,16,3,5,26,31,14,0,2,1,7,11,6,3,24,27,1,0,0,0,0,0,0,0,0,0,1,0,1,0,1,0,0,1,1,2,178,1,7,-251,-13,New Orleans
2015,2,24,28,2,3,2,4,27,16,5,47,52,16,2,2,1,3,21,7,3,31,34,9,0,1,0,1,6,9,1,16,17,0,0,0,0,0,0,0,0,0,0,3,0,0,1,0,0,0,1,0,1,142,0,8,-250,-12,New Orleans
2016,2,24,28,3,4,0,6,27,15,4,48,52,15,2,1,0,4,20,6,1,30,31,10,0,3,0,2,6,9,3,17,20,0,0,0,0,0,0,0,0,0,0,3,1,0,0,0,1,0,0,1,1,151,0,7,-256,-18,New Orleans
2017,2,24,48,4,5,6,7,103,16,11,126,137,21,2,1,2,5,25,3,3,33,36,27,2,4,4,2,73,12,8,87,95,0,0,0,0,0,0,1,0,1,1,0,0,0,0,0,5,0,0,5,5,272,2,12,-254,-16,New Orleans
2018,2,24,51,0,6,8,6,35,6,14,47,61,24,0,2,4,2,21,1,6,24,30,22,0,4,4,3,13,5,8,21,29,0,0,0,0,1,0,0,0,1,1,5,0,0,0,0,1,0,0,1,1,209,1,10,-253,-15,New Orleans
2019,2,24,49,5,3,3,3,46,30,6,79,85,19,4,1,1,1,26,16,2,43,45,28,1,2,1,2,17,12,3,31,34,0,0,0,0,0,0,0,0,0,0,2,0,0,1,0,3,2,1,5,6,215,0,15,-252,-14,New Orleans
2020,2,24,42,1,1,4,9,52,15,5,76,81,19,0,1,2,0,28,4,3,32,35,19,1,0,2,7,20,11,2,38,40,0,0,0,0,0,0,0,0,0,0,4,0,0,0,2,4,0,0,6,6,201,1,15,-251,-13,New Orleans
2021,2,24,35,3,2,4,4,32,33,6,69,75,19,3,1,2,2,23,11,3,36,39,12,0,1,1,2,6,18,2,26,28,0,0,0,0,0,0,2,0,2,2,4,0,0,1,0,3,2,1,5,6,154,2,15,-256,-18,New Orleans
2022,2,24,43,5,0,6,6,50,27,6,83,89,15,1,0,3,1,22,10,3,33,36,25,3,0,3,4,25,14,3,43,46,1,0,0,0,0,0,0,0,0,0,2,1,0,0,1,3,3,0,7,7,196,1,13,-255,-17,New Orleans
2023,2,24,44,1,2,1,4,25,38,3,67,70,25,1,0,1,1,14,13,1,28,29,18,0,2,0,3,8,23,2,34,36,0,0,0,0,0,0,1,0,1,1,1,0,0,0,0,3,1,0,4,4,169,2,7,-254,-16,New Orleans
2024,2,24,20,1,2,7,6,39,23,9,68,77,12,0,0,5,2,20,6,5,28,33,8,1,2,1,2,18,14,3,34,37,0,0,0,0,1,0,0,0,1,1,0,0,0,1,1,1,3,1,5,6,141,2,11,-253,-15,New Orleans
2012,3,24,31,0,4,5,11,30,10,9,51,60,13,0,1,1,6,21,3,2,30,32,17,0,2,4,3,8,6,6,17,23,0,0,0,0,0,0,0,0,0,0,1,0,1,0,2,1,1,1,4,5,202,1,9,-225,13,New Orleans
2013,3,24,28,0,4,0,8,30,11,4,49,53,15,0,0,0,2,17,6,0,25,25,11,0,3,0,5,11,4,3,20,23,0,0,0,0,0,1,0,0,1,1,2,0,1,0,1,1,1,1,3,4,164,1,15,-224,14,New Orleans
2014,3,24,22,0,0,5,5,32,12,5,49,54,13,0,0,3,5,27,5,3,37,40,8,0,0,2,0,5,6,2,11,13,0,0,0,0,0,0,0,0,0,0,1,0,0,0,0,0,1,0,1,1,150,0,3,-223,15,New Orleans
2015,3,24,36,0,3,1,11,28,11,4,50,54,13,0,2,0,7,18,6,2,31,33,19,0,1,1,3,9,5,2,17,19,0,0,0,0,0,0,0,0,0,0,4,0,0,0,1,1,0,0,2,2,174,0,11,-222,16,New Orleans
2016,3,24,42,1,4,2,8,34,14,6,56,62,22,1,1,2,3,19,5,3,27,30,10,0,2,0,5,13,7,2,25,27,0,0,0,0,0,0,0,0,0,0,10,0,1,0,0,2,2,1,4,5,172,0,18,-227,11,New Orleans
2017,3,24,37,3,4,5,3,42,15,9,60,69,19,1,0,1,2,28,4,1,34,35,14,2,4,3,1,12,10,7,23,30,0,0,0,0,0,0,0,0,0,0,4,0,0,1,0,2,1,1,3,4,178,0,11,-226,12,New Orleans
2018,3,24,49,1,4,3,2,41,19,7,62,69,23,1,1,1,1,25,10,2,36,38,24,0,3,1,1,16,8,4,25,29,0,0,0,0,0,0,0,0,0,0,2,0,0,1,0,0,1,1,1,2,201,0,13,-225,13,New Orleans
2019,3,24,36,1,0,5,6,49,25,5,80,85,21,0,0,1,1,31,7,1,39,40,10,1,0,1,5,16,18,1,39,40,0,0,0,1,0,0,0,1,0,1,5,0,0,2,0,2,0,2,2,4,177,1,15,-224,14,New Orleans
2020,3,24,41,0,1,6,4,25,9,7,38,45,22,0,0,4,2,21,6,4,29,33,16,0,1,2,2,4,3,3,9,12,0,0,0,0,0,0,0,0,0,0,3,0,0,0,0,0,0,0,0,0,129,0,6,-222,16,New Orleans
2021,3,24,45,2,2,7,4,15,9,9,28,37,32,1,2,6,2,11,4,8,17,25,13,0,0,1,2,3,5,1,10,11,0,0,0,0,0,0,0,0,0,0,0,1,0,0,0,1,0,0,1,1,153,0,3,-228,10,New Orleans
2022,3,24,37,6,1,5,4,27,28,6,59,65,29,3,1,3,1,18,12,4,31,35,8,3,0,2,3,9,16,2,28,30,0,0,0,0,0,0,0,0,0,0,0,0,0,0,0,0,0,0,0,0,173,0,7,-227,11,New Orleans
2023,3,24,38,2,1,3,8,36,26,4,70,74,23,0,0,2,5,26,10,2,41,43,13,1,1,1,3,7,16,2,26,28,0,0,0,0,0,0,0,0,0,0,2,1,0,0,0,3,0,0,3,3,156,0,8,-226,12,New Orleans
2024,3,24,26,2,2,4,3,31,21,6,55,61,13,2,2,2,1,15,7,4,23,27,10,0,0,1,1,16,11,1,28,29,0,0,0,0,0,0,0,0,0,0,3,0,0,1,1,0,3,1,4,5,152,1,11,-224,14,New Orleans
2012,4,24,28,3,4,1,10,29,21,5,60,65,16,1,2,0,8,22,11,2,41,43,10,2,2,1,2,7,10,3,19,22,0,0,0,0,0,0,0,0,0,0,2,0,0,0,0,0,0,0,0,0,248,0,10,-194,44,New Orleans
2013,4,24,23,1,1,3,11,37,6,4,54,58,14,0,1,1,4,28,3,2,35,37,9,1,0,2,7,8,2,2,17,19,0,0,0,0,0,0,1,0,1,1,0,0,0,0,0,1,0,0,1,1,159,1,14,-193,45,New Orleans
2014,4,24,24,2,4,4,9,31,21,8,61,69,15,0,0,4,4,24,4,4,32,36,8,2,4,0,3,7,13,4,23,27,0,0,0,0,0,0,0,0,0,0,1,0,0,0,2,0,4,0,6,6,220,0,17,-192,46,New Orleans
2015,4,24,32,2,1,3,15,31,18,4,64,68,21,1,1,1,7,21,4,2,32,34,9,1,0,2,8,10,14,2,32,34,0,0,0,0,0,0,0,0,0,0,2,0,0,0,0,0,0,0,0,0,187,1,8,-191,47,New Orleans
2016,4,24,44,2,4,6,5,41,19,10,65,75,26,1,2,5,2,26,10,7,38,45,16,1,2,0,2,13,9,2,24,26,1,0,0,0,0,2,0,0,2,2,1,0,0,1,1,0,0,1,1,2,170,3,6,-196,42,New Orleans
2017,4,24,45,0,6,1,10,33,13,7,56,63,22,0,3,1,8,27,2,4,37,41,13,0,2,0,0,4,11,2,15,17,0,0,0,0,1,0,0,0,1,1,10,0,1,0,1,2,0,1,3,4,184,2,21,-195,43,New Orleans
2018,4,24,60,2,3,4,10,23,29,7,62,69,36,1,1,1,8,17,12,2,37,39,20,1,0,2,2,6,16,2,24,26,1,0,0,0,0,0,1,0,1,1,3,0,2,1,0,0,0,3,0,3,212,4,17,-194,44,New Orleans
2019,4,24,55,1,2,5,7,42,42,7,91,98,29,1,1,4,1,27,4,5,32,37,23,0,0,0,5,13,38,0,56,56,0,0,0,0,0,1,0,0,1,1,3,0,1,1,1,1,0,2,2,4,234,1,9,-193,45,New Orleans
2020,4,24,52,2,1,7,5,21,22,8,48,56,35,0,0,2,4,17,13,2,34,36,13,2,1,3,1,4,8,4,13,17,0,0,0,0,0,0,1,0,1,1,4,0,0,2,0,0,0,2,0,2,173,1,11,-191,47,New Orleans
2021,4,24,37,5,1,7,5,37,32,8,74,82,19,1,0,4,2,18,18,4,38,42,13,4,0,2,1,17,12,2,30,32,0,0,0,0,1,1,0,0,2,2,5,0,1,1,1,1,2,2,4,6,183,2,13,-197,41,New Orleans
2022,4,24,47,1,7,5,10,27,32,12,69,81,26,0,4,5,3,10,12,9,25,34,19,1,3,0,7,14,20,3,41,44,0,0,0,0,0,1,0,0,1,1,2,0,0,0,0,2,0,0,2,2,176,1,7,-196,42,New Orleans
2023,4,24,34,4,3,9,2,24,33,12,59,71,27,4,2,3,0,17,14,5,31,36,7,0,1,5,2,7,18,6,27,33,0,0,0,0,0,0,1,0,1,1,0,0,0,1,0,0,0,1,0,1,150,2,2,-195,43,New Orleans
2024,4,24,35,1,4,2,2,34,20,6,56,62,22,1,3,1,1,21,11,4,33,37,10,0,1,1,1,11,9,2,21,23,0,0,0,0,0,0,0,0,0,0,3,0,0,0,0,2,0,0,2,2,162,0,9,-193,45,New Orleans
2012,5,24,25,1,8,2,8,40,7,10,55,65,13,1,1,2,6,30,3,3,39,42,9,0,7,0,2,9,4,7,15,22,1,0,0,0,0,0,0,0,0,0,2,0,0,0,0,1,0,0,1,1,232,2,5,-164,74,New Orleans
2013,5,24,23,1,8,3,10,38,17,11,65,76,16,0,0,1,7,27,5,1,39,40,4,1,7,1,3,11,9,8,23,31,0,0,0,0,0,0,2,0,2,2,3,0,1,1,0,0,1,2,1,3,206,2,17,-163,75,New Orleans
2014,5,24,33,2,6,2,11,22,14,8,47,55,15,1,3,2,6,13,5,5,24,29,13,0,1,0,4,7,7,1,18,19,0,0,0,0,0,0,0,0,0,0,5,1,2,0,1,2,2,2,5,7,158,1,20,-162,76,New Orleans
2015,5,24,39,2,1,4,5,31,8,5,44,49,21,2,0,1,1,19,4,1,24,25,10,0,0,1,4,8,4,1,16,17,0,0,0,0,0,1,0,0,1,1,8,0,1,2,0,3,0,3,3,6,132,1,17,-161,77,New Orleans
2016,5,24,40,2,3,1,5,36,8,4,49,53,30,0,2,1,4,28,2,3,34,37,9,0,1,0,1,6,3,1,10,11,0,0,0,0,0,1,2,0,3,3,1,2,0,0,0,1,1,0,2,2,166,4,6,-166,72,New Orleans
2017,5,24,47,2,5,6,7,41,15,11,63,74,26,2,0,3,5,28,5,3,38,41,19,0,5,3,1,10,8,8,19,27,0,0,0,0,0,0,0,0,0,0,2,0,0,0,1,3,2,0,6,6,184,1,16,-165,73,New Orleans
2018,5,24,62,1,1,6,2,38,20,7,60,67,37,0,0,4,1,26,7,4,34,38,22,1,1,2,0,10,12,3,22,25,1,0,0,0,0,0,1,0,1,1,2,0,0,0,1,2,0,0,3,3,228,4,11,-164,74,New Orleans
2019,5,24,47,0,2,4,2,50,34,6,86,92,24,0,0,2,1,30,23,2,54,56,16,0,2,2,1,20,9,4,30,34,1,0,0,0,0,0,0,0,0,0,6,0,0,0,0,0,2,0,2,2,197,1,10,-163,75,New Orleans
2020,5,24,47,1,0,7,3,20,21,7,44,51,23,1,0,4,3,19,7,4,29,33,16,0,0,3,0,0,11,3,11,14,1,0,0,0,0,0,2,0,2,2,7,0,0,0,0,1,1,0,2,2,142,4,14,-161,77,New Orleans
2021,5,24,47,2,5,7,5,18,28,12,51,63,26,1,2,4,3,15,12,6,30,36,17,1,3,2,2,3,15,5,20,25,0,0,0,0,0,0,0,0,0,0,4,0,0,1,0,0,1,1,1,2,177,1,10,-167,71,New Orleans
2022,5,24,41,3,1,8,3,24,27,9,54,63,35,3,0,7,2,18,13,7,33,40,5,0,1,0,1,6,12,1,19,20,1,0,0,0,0,0,0,0,0,0,0,0,0,1,0,0,2,1,2,3,170,1,8,-166,72,New Orleans
2023,5,24,31,1,2,6,6,28,49,8,83,91,22,1,2,4,1,17,14,6,32,38,6,0,0,1,4,9,28,1,41,42,0,0,0,0,0,1,0,0,1,1,3,0,0,1,1,1,7,1,9,10,160,1,15,-165,73,New Orleans
2024,5,24,44,1,0,1,5,25,15,1,45,46,23,0,0,1,1,13,6,1,20,21,16,1,0,0,4,10,9,0,23,23,0,0,0,0,0,0,0,0,0,0,5,0,0,0,0,2,0,0,2,2,139,0,10,-163,75,New Orleans
2012,6,24,35,1,1,4,6,24,18,5,48,53,19,1,0,2,4,17,7,2,28,30,9,0,1,1,2,6,9,2,17,19,0,0,0,0,0,0,2,0,2,2,7,0,0,1,0,1,0,1,1,2,183,3,21,-133,105,New Orleans
2013,6,24,28,0,0,1,8,50,10,1,68,69,17,0,0,0,7,42,4,0,53,53,8,0,0,1,1,7,6,1,14,15,0,0,0,0,0,0,0,0,0,0,3,0,0,0,0,1,0,0,1,1,222,0,7,-132,106,New Orleans
2014,6,24,29,1,9,2,9,27,14,11,50,61,18,1,3,1,2,15,8,4,25,29,11,0,6,0,6,10,5,6,21,27,0,0,0,0,0,0,1,0,1,1,0,0,0,1,1,2,0,1,3,4,204,1,12,-131,107,New Orleans
2015,6,24,26,0,4,0,10,43,18,4,71,75,12,0,1,0,5,28,11,1,44,45,12,0,2,0,5,8,5,2,18,20,1,0,0,0,0,0,0,0,0,0,1,0,1,0,0,7,2,1,9,10,184,1,14,-130,108,New Orleans
2016,6,24,44,1,1,2,10,30,13,3,53,56,24,0,0,0,6,16,7,0,29,29,15,1,1,2,4,11,4,3,19,22,0,0,0,0,0,0,0,0,0,0,5,0,0,0,0,3,2,0,5,5,158,0,11,-135,103,New Orleans
2017,6,24,48,1,4,4,7,39,25,8,71,79,24,0,1,1,4,22,9,2,35,37,19,1,2,1,3,15,15,3,33,36,1,0,0,0,0,2,0,0,2,2,4,0,1,2,0,0,1,3,1,4,199,3,13,-134,104,New Orleans
2018,6,24,55,1,5,6,5,38,21,11,64,75,31,0,3,3,2,22,8,6,32,38,20,1,2,3,3,14,11,5,28,33,0,0,0,0,0,0,1,0,1,1,4,0,0,0,0,2,1,0,3,3,199,1,8,-133,105,New Orleans
2019,6,24,58,3,3,4,5,24,37,7,66,73,39,2,0,1,3,21,12,1,36,37,16,1,3,3,2,2,22,6,26,32,0,0,0,0,0,0,1,0,1,1,3,0,0,0,0,1,2,0,3,3,198,1,12,-132,106,New Orleans
2020,6,24,39,2,4,3,11,15,20,7,46,53,24,0,1,2,4,10,7,3,21,24,12,1,3,1,6,2,13,4,21,25,2,0,0,0,1,1,0,0,2,2,1,1,0,0,0,2,0,0,2,2,137,7,9,-130,108,New Orleans
2021,6,24,40,5,2,6,6,24,12,8,42,50,27,2,0,2,4,15,5,2,24,26,11,3,2,2,1,7,6,4,14,18,1,0,0,0,0,0,0,0,0,0,1,0,0,2,1,2,1,2,4,6,160,4,12,-136,102,New Orleans
2022,6,24,32,2,1,5,3,24,22,6,49,55,16,2,1,3,3,12,10,4,25,29,11,0,0,2,0,11,12,2,23,25,0,0,0,0,0,1,0,0,1,1,5,0,0,0,0,0,0,0,0,0,148,2,6,-135,103,New Orleans
2023,6,24,36,4,0,3,3,28,29,3,60,63,19,2,0,3,2,14,10,3,26,29,13,1,0,0,1,13,17,0,31,31,1,0,0,0,0,1,1,0,2,2,3,1,0,0,0,0,1,0,1,1,149,4,10,-134,104,New Orleans
2024,6,24,46,1,0,5,6,28,21,5,55,60,24,1,0,2,0,17,9,2,26,28,14,0,0,3,6,9,10,3,25,28,0,0,0,0,0,0,1,0,1,1,8,0,0,0,0,2,1,0,3,3,178,2,15,-132,106,New Orleans
2012,7,24,29,2,4,3,14,36,9,7,59,66,19,2,1,1,10,28,4,2,42,44,7,0,1,2,4,5,5,3,14,17,1,0,0,0,0,0,0,0,0,0,2,0,2,0,0,3,0,2,3,5,228,1,16,-103,135,New Orleans
2013,7,24,40,1,1,1,14,41,20,2,75,77,20,1,0,0,14,34,9,0,57,57,19,0,0,1,0,7,8,1,15,16,0,0,0,0,0,0,0,0,0,0,1,0,1,0,0,0,3,1,3,4,188,0,13,-102,136,New Orleans
2014,7,24,30,1,1,3,15,32,17,4,64,68,18,0,0,0,8,23,6,0,37,37,9,0,1,3,5,8,7,4,20,24,0,0,0,0,0,0,1,0,1,1,3,1,0,0,2,1,3,0,6,6,174,1,13,-101,137,New Orleans
2015,7,24,27,1,6,3,9,28,15,9,52,61,14,1,1,2,9,20,10,3,39,42,9,0,3,1,0,6,4,4,10,14,0,0,0,0,0,0,0,0,0,0,4,0,2,0,0,2,1,2,3,5,158,1,14,-100,138,New Orleans
2016,7,24,41,1,3,6,4,29,15,9,48,57,19,1,0,1,3,18,12,1,33,34,19,0,2,5,1,10,3,7,14,21,0,0,0,0,0,1,0,0,1,1,3,0,1,0,0,0,0,1,0,1,145,2,11,-105,133,New Orleans
2017,7,24,42,1,6,2,8,33,11,8,52,60,26,1,4,1,4,22,4,5,30,35,14,0,1,1,3,8,6,2,17,19,1,0,0,0,1,0,0,0,1,1,1,0,1,0,0,3,1,1,4,5,193,3,14,-104,134,New Orleans
2018,7,24,43,2,10,5,9,33,22,15,64,79,27,1,3,2,3,18,9,5,30,35,12,1,7,2,6,9,12,9,27,36,0,0,0,0,0,0,1,0,1,1,4,0,0,1,0,6,0,1,6,7,210,1,16,-103,135,New Orleans
2019,7,24,53,2,1,3,4,46,43,4,93,97,26,0,1,1,1,33,17,2,51,53,21,1,0,0,2,11,20,0,33,33,1,0,0,0,0,0,1,0,1,1,5,1,0,2,1,2,5,2,8,10,218,2,23,-102,136,New Orleans
2020,7,24,38,1,3,1,6,23,12,4,41,45,21,1,1,0,3,19,4,1,26,27,13,0,2,1,3,4,7,3,14,17,0,0,0,0,0,0,0,0,0,0,4,0,0,0,0,0,1,0,1,1,140,0,10,-100,138,New Orleans
2021,7,24,40,2,3,8,6,20,47,11,73,84,24,0,0,3,3,11,10,3,24,27,14,2,3,5,3,9,31,8,43,51,0,0,0,0,0,0,1,0,1,1,2,0,0,0,0,0,5,0,5,5,177,1,13,-106,132,New Orleans
2022,7,24,36,2,3,6,8,19,29,9,56,65,21,0,1,2,1,12,10,3,23,26,10,2,1,2,7,7,15,3,29,32,0,0,0,0,0,0,1,0,1,1,5,0,1,2,0,0,3,3,3,6,140,2,15,-105,133,New Orleans
2023,7,24,40,5,1,5,5,33,46,6,84,90,27,3,0,4,4,21,20,4,45,49,11,2,1,1,1,7,21,2,29,31,0,0,0,0,0,2,0,0,2,2,2,0,0,0,0,3,5,0,8,8,173,2,12,-104,134,New Orleans
2024,7,24,37,0,1,3,2,32,13,4,47,51,20,0,1,2,1,22,7,3,30,33,14,0,0,1,1,7,6,1,14,15,1,0,0,0,0,0,0,0,0,0,2,0,0,0,0,3,0,0,3,3,147,3,9,-102,136,New Orleans
2012,8,24,23,4,1,2,8,23,11,3,42,45,11,4,0,1,7,17,3,1,27,28,10,0,1,1,1,6,8,2,15,17,0,0,0,0,0,0,0,0,0,0,2,0,0,0,0,0,0,0,0,0,174,0,10,-72,166,New Orleans
2013,8,24,31,0,7,3,8,43,13,10,64,74,16,0,1,0,3,30,1,1,34,35,12,0,5,2,4,10,12,7,26,33,0,0,0,0,0,0,0,0,0,0,3,0,1,1,1,3,0,2,4,6,184,3,13,-71,167,New Orleans
2014,8,24,42,1,3,6,7,23,16,9,46,55,23,0,2,6,3,11,7,8,21,29,14,1,1,0,4,12,8,1,24,25,0,0,0,0,0,0,0,0,0,0,5,0,0,0,0,0,1,0,1,1,168,0,13,-70,168,New Orleans
2015,8,24,42,1,3,2,8,30,13,5,51,56,28,1,2,1,7,25,10,3,42,45,12,0,0,1,1,4,3,1,8,9,0,0,0,0,0,0,0,0,0,0,2,0,1,0,0,1,0,1,1,2,154,0,6,-69,169,New Orleans
2016,8,24,30,3,3,0,10,19,10,3,39,42,13,2,0,0,7,5,3,0,15,15,12,1,3,0,3,12,7,3,22,25,0,0,0,0,0,0,0,0,0,0,5,0,0,0,0,2,0,0,2,2,130,0,11,-74,164,New Orleans
2017,8,24,42,5,2,7,5,38,8,9,51,60,22,3,0,4,2,20,2,4,24,28,17,2,2,3,3,15,5,5,23,28,0,0,0,0,0,0,0,0,0,0,3,0,0,0,0,3,1,0,4,4,203,0,17,-73,165,New Orleans
2018,8,24,47,3,6,4,4,34,11,10,49,59,27,0,2,1,3,19,5,3,27,30,19,1,4,2,1,13,5,6,19,25,0,0,0,0,0,0,0,0,0,0,1,2,0,1,0,2,1,1,3,4,192,0,10,-72,166,New Orleans
2019,8,24,57,0,2,4,5,35,22,6,62,68,26,0,1,2,1,24,7,3,32,35,21,0,1,1,3,11,15,2,29,31,1,0,0,0,1,0,0,0,1,1,9,0,0,1,0,0,0,1,0,1,190,3,17,-71,167,New Orleans
2020,8,24,52,3,1,4,10,22,24,5,56,61,35,0,0,4,5,17,6,4,28,32,14,2,1,0,4,5,16,1,25,26,1,0,0,0,1,0,0,0,1,1,2,1,0,0,0,0,2,0,2,2,169,2,6,-69,169,New Orleans
2021,8,24,49,5,3,3,6,29,17,6,52,58,31,2,0,1,1,24,6,1,31,32,11,1,3,2,5,4,11,5,20,25,1,0,0,0,0,0,0,0,0,0,6,2,0,0,0,1,0,0,1,1,172,1,13,-75,163,New Orleans
2022,8,24,27,3,4,5,5,21,26,9,52,61,18,2,2,3,1,19,5,5,25,30,6,0,1,1,4,1,20,2,25,27,0,0,0,0,0,0,0,0,0,0,3,1,1,1,0,1,1,2,2,4,145,0,12,-74,164,New Orleans
2023,8,24,36,1,2,8,8,24,27,10,59,69,20,1,1,6,4,13,9,7,26,33,15,0,1,1,3,10,14,2,27,29,0,0,0,0,0,0,2,0,2,2,1,0,0,1,1,1,2,1,4,5,169,3,9,-73,165,New Orleans
2024,8,24,44,2,0,2,4,44,10,2,58,60,25,2,0,1,0,25,2,1,27,28,16,0,0,1,2,19,7,1,28,29,0,0,0,0,0,0,0,0,0,0,3,0,0,0,2,0,1,0,3,3,163,2,9,-71,167,New Orleans
2012,9,24,23,1,4,4,7,34,8,8,49,57,13,0,0,2,7,22,1,2,30,32,6,1,4,2,0,7,7,6,14,20,1,0,0,0,0,1,0,0,1,1,3,0,0,0,0,4,0,0,4,4,184,2,12,-41,197,New Orleans
2013,9,24,33,0,3,4,10,32,5,7,47,54,15,0,3,1,6,24,1,4,31,35,15,0,0,2,4,5,3,2,12,14,0,0,0,0,0,1,0,0,1,1,3,0,0,1,0,2,1,1,3,4,177,2,9,-40,198,New Orleans
2014,9,24,33,0,4,1,8,32,11,5,51,56,20,0,2,1,7,22,6,3,35,38,11,0,1,0,1,9,5,1,15,16,0,0,0,0,0,0,0,0,0,0,2,0,1,0,0,1,0,1,1,2,182,0,6,-39,199,New Orleans
2015,9,24,26,0,1,2,11,21,10,3,42,45,12,0,0,2,7,14,7,2,28,30,9,0,1,0,4,5,3,1,12,13,0,0,0,0,0,1,0,0,1,1,5,0,0,0,0,1,0,0,1,1,149,1,7,-38,200,New Orleans
2016,9,24,45,1,6,1,9,30,19,7,58,65,21,1,2,0,2,15,5,2,22,24,22,0,4,1,5,14,12,5,31,36,0,0,0,0,1,0,0,0,1,1,2,0,0,0,1,1,2,0,4,4,165,2,11,-43,195,New Orleans
2017,9,24,51,4,1,4,5,39,19,5,63,68,24,2,0,0,1,22,7,0,30,30,21,2,1,3,3,11,10,4,24,28,0,0,0,0,0,0,1,0,1,1,6,0,0,1,1,6,1,1,8,9,179,1,24,-42,196,New Orleans
2018,9,24,44,0,5,3,6,35,18,8,59,67,27,0,1,2,5,27,10,3,42,45,15,0,3,1,1,7,8,4,16,20,2,0,0,0,0,0,0,0,0,0,0,0,1,0,0,1,0,1,1,2,217,2,4,-41,197,New Orleans
2019,9,24,51,1,2,2,4,40,20,4,64,68,31,1,0,1,3,29,5,1,37,38,17,0,1,1,0,7,15,2,22,24,0,0,1,0,0,0,0,1,0,1,3,0,0,0,1,4,0,0,5,5,210,1,14,-40,198,New Orleans
2020,9,24,37,1,2,2,7,18,23,4,48,52,21,0,1,0,4,10,13,1,27,28,14,0,1,1,3,7,9,2,19,21,1,0,0,0,0,0,0,0,0,0,1,1,0,1,0,1,1,1,2,3,155,2,10,-38,200,New Orleans
2021,9,24,38,2,3,6,7,29,21,9,57,66,23,0,1,3,3,21,10,4,34,38,14,2,2,2,4,5,11,4,20,24,0,0,0,0,0,0,0,0,0,0,1,0,0,1,0,3,0,1,3,4,174,0,9,-44,194,New Orleans
2022,9,24,32,3,3,10,2,23,28,13,53,66,11,1,0,4,1,13,6,4,20,24,16,2,3,6,1,10,20,9,31,40,0,0,0,0,0,0,0,0,0,0,5,0,0,0,0,0,2,0,2,2,141,0,11,-43,195,New Orleans
2023,9,24,48,2,1,3,3,33,30,4,66,70,21,1,1,0,1,14,11,1,26,27,22,1,0,3,2,17,18,3,37,40,0,0,0,0,0,0,0,0,0,0,5,0,0,0,0,2,1,0,3,3,166,1,13,-42,196,New Orleans
2024,9,24,39,0,2,5,3,23,16,7,42,49,21,0,0,4,1,15,7,4,23,27,16,0,1,1,2,6,9,2,17,19,1,0,0,0,0,0,0,0,0,0,1,0,1,0,0,2,0,1,2,3,154,1,7,-40,198,New Orleans
2012,10,24,26,3,4,3,8,26,14,7,48,55,10,1,1,2,7,18,2,3,27,30,14,2,2,1,1,7,11,3,19,22,1,0,0,0,0,1,0,0,1,1,1,0,1,0,0,0,1,1,1,2,174,4,9,-11,227,New Orleans
2013,10,24,28,1,5,4,8,37,14,9,59,68,17,1,0,2,4,27,3,2,34,36,9,0,5,1,2,8,11,6,21,27,1,0,0,1,0,0,0,1,0,1,1,0,0,0,2,2,0,0,4,4,230,3,19,-10,228,New Orleans
2014,10,24,29,1,2,3,10,38,26,5,74,79,7,1,1,2,5,24,7,3,36,39,19,0,1,1,5,12,17,2,34,36,0,0,0,0,0,0,1,0,1,1,3,0,0,0,0,2,1,0,3,3,165,1,9,-9,229,New Orleans
2015,10,24,28,2,7,4,10,23,12,11,45,56,14,0,0,3,5,10,4,3,19,22,14,2,7,1,5,10,7,8,22,30,0,0,0,0,0,0,0,0,0,0,0,0,0,0,0,3,1,0,4,4,145,0,5,-8,230,New Orleans
2016,10,24,34,2,3,0,7,26,17,3,50,53,22,2,0,0,4,20,11,0,35,35,10,0,3,0,2,4,5,3,11,14,0,0,0,0,0,0,0,0,0,0,2,0,0,0,1,2,1,0,4,4,161,0,10,-13,225,New Orleans
2017,10,24,43,1,2,0,12,33,19,2,64,66,26,0,1,0,5,23,7,1,35,36,13,1,1,0,7,7,11,1,25,26,0,0,0,0,0,0,0,0,0,0,4,0,0,0,0,3,1,0,4,4,197,0,21,-12,226,New Orleans
2018,10,24,44,0,2,4,7,37,27,6,71,77,17,0,0,2,4,20,7,2,31,33,22,0,2,1,3,13,19,3,35,38,0,0,0,0,0,1,1,0,2,2,5,0,0,1,0,3,0,1,3,4,199,5,17,-11,227,New Orleans
2019,10,24,47,0,2,1,7,35,21,3,63,66,29,0,2,1,2,24,8,3,34,37,16,0,0,0,3,9,11,0,23,23,1,0,0,0,1,1,0,0,2,2,1,0,0,0,1,1,2,0,4,4,177,4,9,-10,228,New Orleans
2020,10,24,53,1,9,10,3,32,24,19,59,78,29,1,4,8,1,18,9,12,28,40,16,0,4,1,2,13,13,5,28,33,0,0,0,0,0,0,1,0,1,1,8,0,1,1,0,1,1,2,2,4,188,1,16,-8,230,New Orleans
2021,10,24,40,4,3,5,6,27,23,8,56,64,19,2,1,4,3,15,3,5,21,26,20,2,2,1,3,9,18,3,30,33,1,0,0,0,0,1,0,0,1,1,0,0,0,0,0,2,2,0,4,4,156,3,5,-14,224,New Orleans
2022,10,24,29,5,1,7,8,24,22,8,54,62,16,1,0,3,4,15,7,3,26,29,9,4,1,3,4,9,14,4,27,31,0,0,0,0,0,0,0,0,0,0,4,0,0,1,0,0,1,1,1,2,148,0,10,-13,225,New Orleans
2023,10,24,34,2,3,1,5,31,31,4,67,71,22,0,3,0,2,21,8,3,31,34,11,1,0,1,2,9,21,1,32,33,0,1,0,0,1,0,0,0,1,1,1,0,0,0,0,1,2,0,3,3,156,3,7,-12,226,New Orleans
2024,10,24,44,0,0,2,6,26,15,2,47,49,23,0,0,0,1,15,4,0,20,20,18,0,0,1,5,8,9,1,22,23,2,0,0,0,0,0,1,0,1,1,1,0,0,1,0,3,1,1,4,5,146,5,11,-10,228,New Orleans
2012,11,24,21,5,2,3,10,27,23,5,60,65,13,1,0,1,5,14,12,1,31,32,7,4,2,2,4,12,10,4,26,30,0,0,0,0,0,0,1,0,1,1,1,0,0,0,1,1,0,0,2,2,169,1,7,20,258,New Orleans
2013,11,24,24,1,3,2,6,36,11,5,53,58,13,1,0,1,5,19,4,1,28,29,10,0,3,1,1,16,7,4,24,28,0,0,0,0,0,0,0,0,0,0,1,0,0,0,0,1,0,0,1,1,153,0,6,21,259,New Orleans
2014,11,24,28,1,4,0,16,29,18,4,63,67,14,1,0,0,12,17,7,0,36,36,13,0,3,0,4,10,11,3,25,28,0,0,0,0,0,0,0,0,0,0,1,0,1,0,0,2,0,1,2,3,151,0,7,22,260,New Orleans
2015,11,24,38,3,5,2,5,33,15,7,53,60,17,2,2,1,2,18,4,3,24,27,19,1,3,1,3,11,11,4,25,29,1,0,0,0,0,0,0,0,0,0,1,0,0,0,0,4,0,0,4,4,169,4,10,23,261,New Orleans
2016,11,24,59,1,2,7,4,33,11,9,48,57,30,0,0,5,2,22,4,5,28,33,26,1,1,2,2,9,7,3,18,21,0,0,1,0,0,0,0,1,0,1,3,0,0,0,0,2,0,0,2,2,150,1,8,18,256,New Orleans
2017,11,24,37,2,0,3,6,38,16,3,60,63,15,0,0,1,1,17,6,1,24,25,19,2,0,2,5,17,10,2,32,34,0,0,0,0,0,0,0,0,0,0,3,0,0,0,0,4,0,0,4,4,157,1,11,19,257,New Orleans
2018,11,24,46,5,4,9,9,46,31,13,86,99,13,2,0,4,2,22,11,4,35,39,27,3,4,3,7,22,18,7,47,54,0,0,0,0,0,1,0,0,1,1,6,0,0,2,0,1,2,2,3,5,221,1,13,20,258,New Orleans
2019,11,24,41,3,2,5,3,32,40,7,75,82,14,0,1,3,1,16,9,4,26,30,24,3,1,1,2,15,30,2,47,49,0,0,0,0,0,0,0,0,0,0,3,0,0,1,0,1,1,1,2,3,197,0,8,21,259,New Orleans
2020,11,24,35,2,5,5,5,25,22,10,52,62,19,1,3,2,1,18,10,5,29,34,14,1,1,2,4,7,11,3,22,25,0,0,0,0,0,0,0,0,0,0,2,0,1,1,0,0,1,2,1,3,146,1,9,23,261,New Orleans
2021,11,24,41,2,1,7,7,22,18,8,47,55,18,1,0,3,1,14,2,3,17,20,20,1,1,4,6,7,16,5,29,34,0,0,0,0,0,0,0,0,0,0,3,0,0,0,0,1,0,0,1,1,133,0,8,17,255,New Orleans
2022,11,24,35,1,1,2,1,11,22,3,34,37,18,1,1,0,0,7,4,1,11,12,16,0,0,0,1,4,18,0,23,23,0,0,0,0,0,0,0,0,0,0,1,0,0,2,0,0,0,2,0,2,109,0,5,18,256,New Orleans
2023,11,24,33,5,0,4,4,29,33,4,66,70,15,0,0,1,2,21,13,1,36,37,16,5,0,3,2,8,18,3,28,31,1,0,0,0,0,0,1,0,1,1,1,0,0,0,0,0,1,0,1,1,149,2,4,19,257,New Orleans
2024,11,24,35,8,2,0,1,22,21,2,44,46,15,6,1,0,0,12,6,1,18,19,17,2,1,0,1,10,13,1,24,25,1,0,0,0,0,0,0,0,0,0,2,0,0,0,0,0,2,0,2,2,150,1,7,21,259,New Orleans
2012,12,24,15,0,4,3,9,24,4,7,37,44,8,0,2,2,6,13,1,4,20,24,7,0,2,1,3,11,3,3,17,20,0,0,0,0,0,0,0,0,0,0,0,0,0,0,0,0,0,0,0,0,118,0,6,50,288,New Orleans
2013,12,24,25,0,10,1,7,24,15,11,46,57,9,0,5,1,1,15,4,6,20,26,12,0,3,0,5,7,11,3,23,26,0,0,1,0,0,0,0,1,0,1,4,0,1,0,1,2,0,1,3,4,125,1,12,51,289,New Orleans
2014,12,24,31,0,5,1,14,19,13,6,46,52,13,0,2,1,9,8,6,3,23,26,18,0,3,0,5,10,4,3,19,22,0,0,0,0,0,0,1,0,1,1,0,0,0,0,0,1,2,0,3,3,136,1,6,52,290,New Orleans
2015,12,24,37,0,5,5,7,26,8,10,41,51,18,0,1,3,2,16,2,4,20,24,16,0,4,2,5,10,6,6,21,27,0,0,0,0,0,0,0,0,0,0,3,0,0,0,0,0,0,0,0,0,136,1,8,53,291,New Orleans
2016,12,24,43,3,4,2,12,40,14,6,66,72,18,2,1,0,5,18,4,1,27,28,24,1,3,1,6,19,9,4,34,38,0,0,0,0,0,0,0,0,0,0,1,0,0,1,1,3,1,1,5,6,161,1,9,48,286,New Orleans
2017,12,24,44,1,4,5,5,26,24,9,55,64,20,0,0,2,1,15,9,2,25,27,23,0,3,3,4,11,14,6,29,35,0,0,0,0,0,0,0,0,0,0,1,1,1,0,0,0,1,1,1,2,169,1,6,49,287,New Orleans
2018,12,24,48,3,3,6,5,30,28,9,63,72,23,1,1,3,3,18,8,4,29,33,21,1,2,2,2,11,20,4,33,37,0,0,0,1,0,1,0,1,1,2,4,1,0,0,0,0,0,0,0,0,159,2,7,50,288,New Orleans
2019,12,24,2,2,1,1,1,6,13,2,20,22,0,2,0,1,0,3,5,1,8,9,2,0,1,0,1,2,8,1,11,12,0,0,0,0,0,0,0,0,0,0,0,0,0,0,0,1,0,0,1,1,33,0,1,51,289,New Orleans
2020,12,24,41,3,0,8,4,18,30,8,52,60,16,2,0,4,1,11,12,4,24,28,24,1,0,4,3,5,15,4,23,27,0,0,0,0,0,0,2,0,2,2,1,0,0,0,0,2,1,0,3,3,158,2,7,53,291,New Orleans
2021,12,24,30,1,1,5,1,13,15,6,29,35,13,1,1,1,1,10,2,2,13,15,16,0,0,4,0,2,13,4,15,19,0,0,0,0,0,0,0,0,0,0,1,0,0,0,0,1,0,0,1,1,99,0,5,47,285,New Orleans
2022,12,24,29,0,1,2,5,14,30,3,49,52,10,0,0,0,2,6,7,0,15,15,18,0,1,2,3,8,21,3,32,35,0,0,0,0,0,0,0,0,0,0,1,0,0,0,0,0,2,0,2,2,117,0,8,48,286,New Orleans
2023,12,24,44,1,2,11,3,21,25,13,49,62,19,1,0,4,1,5,5,4,11,15,19,0,2,7,1,13,19,9,33,42,0,0,0,0,1,0,1,0,2,2,6,0,0,0,0,3,0,0,3,3,151,2,12,49,287,New Orleans
2024,12,24,22,1,1,3,2,12,8,4,22,26,12,0,1,2,0,11,1,3,12,15,10,0,0,1,2,1,7,1,10,11,0,0,0,0,0,0,0,0,0,0,0,1,0,0,0,0,0,0,0,0,68,1,1,51,289,New Orleans
2012,1,25,19,2,4,2,11,34,7,6,52,58,8,1,3,1,9,20,1,4,30,34,9,1,1,1,1,12,3,2,16,18,0,0,0,0,0,0,0,0,0,0,2,0,0,0,1,2,3,0,6,6,180,1,12,-284,-46,New Orleans
2013,1,25,28,7,4,4,10,59,13,8,82,90,11,1,3,2,4,31,4,5,39,44,14,5,1,2,6,25,7,3,38,41,1,0,0,0,0,0,0,0,0,0,2,1,0,0,0,3,2,0,5,5,239,1,11,-282,-44,New Orleans
2014,1,25,25,3,7,1,7,22,20,8,49,57,12,0,4,0,4,8,7,4,19,23,13,3,3,1,3,13,12,4,28,32,0,0,0,0,0,0,0,0,0,0,0,0,0,0,0,1,1,0,2,2,143,1,5,-281,-43,New Orleans
2015,1,25,39,2,3,0,11,25,10,3,46,49,18,1,0,0,4,11,5,0,20,20,16,1,3,0,7,12,5,3,24,27,1,0,0,0,0,0,0,0,0,0,4,0,0,0,0,2,0,0,2,2,158,2,7,-280,-42,New Orleans
2016,1,25,36,0,2,2,15,31,11,4,57,61,23,0,1,1,9,20,5,2,34,36,11,0,1,0,6,10,5,1,21,22,1,0,0,0,0,0,0,0,0,0,1,0,0,1,0,1,1,1,2,3,171,1,13,-286,-48,New Orleans
2017,1,25,37,3,0,3,6,34,17,3,57,60,19,0,0,1,3,22,2,1,27,28,17,1,0,2,2,11,15,2,28,30,0,0,0,0,0,0,0,0,0,0,1,2,0,0,1,1,0,0,2,2,179,0,12,-284,-46,New Orleans
2018,1,25,43,1,2,5,7,29,18,7,54,61,17,0,0,2,5,19,4,2,28,30,21,1,1,2,2,9,11,3,22,25,1,0,0,0,0,1,1,0,2,2,4,0,1,1,0,0,2,2,2,4,176,3,13,-283,-45,New Orleans
2019,1,25,48,0,2,2,9,41,21,4,71,75,24,0,2,2,3,27,10,4,40,44,20,0,0,0,4,13,8,0,25,25,1,0,0,0,1,0,1,0,2,2,3,0,0,0,1,1,2,0,4,4,201,3,13,-282,-44,New Orleans
2020,1,25,36,1,3,7,8,21,43,10,72,82,11,1,0,4,5,11,8,4,24,28,25,0,3,2,1,7,33,5,41,46,0,0,0,0,2,2,0,0,4,4,0,0,0,1,0,1,2,1,3,4,153,5,6,-281,-43,New Orleans
2021,1,25,36,3,4,4,6,32,10,8,48,56,19,1,3,1,5,26,3,4,34,38,12,2,1,3,1,5,7,4,13,17,0,0,0,0,0,0,0,0,0,0,5,0,0,0,0,1,0,0,1,1,157,0,12,-286,-48,New Orleans
2022,1,25,30,2,1,4,4,26,39,5,69,74,15,1,0,3,2,18,12,3,32,35,12,0,1,1,2,7,26,2,35,37,0,0,0,0,0,0,0,0,0,0,3,1,0,0,0,1,1,0,2,2,166,1,9,-285,-47,New Orleans
2023,1,25,34,4,3,3,6,32,49,6,87,93,20,3,2,2,2,23,18,4,43,47,11,1,1,1,4,4,31,2,39,41,0,0,0,0,0,2,0,0,2,2,3,0,0,0,0,3,0,0,3,3,191,2,9,-284,-46,New Orleans
2024,1,25,36,5,1,3,6,19,23,4,48,52,15,2,0,0,1,12,5,0,18,18,18,3,1,3,4,7,18,4,29,33,0,0,0,0,0,0,0,0,0,0,3,0,0,0,1,0,0,0,1,1,134,0,7,-283,-45,New Orleans
2012,2,25,19,1,1,2,11,27,13,3,51,54,10,1,0,1,5,9,3,1,17,18,6,0,1,1,5,14,10,2,29,31,0,0,0,0,0,0,0,0,0,0,3,0,0,0,1,4,0,0,5,5,144,1,11,-253,-15,New Orleans
2013,2,25,26,1,1,1,11,28,5,2,44,46,15,1,0,0,5,22,1,0,28,28,10,0,0,1,5,4,2,1,11,12,1,0,0,0,1,1,0,0,2,2,0,0,1,0,0,1,2,1,3,4,170,3,11,-251,-13,New Orleans
2014,2,25,21,1,3,5,7,28,7,8,42,50,10,0,1,2,6,20,3,3,29,32,8,1,2,2,1,8,4,4,13,17,1,0,0,0,0,0,0,0,0,0,2,0,0,1,0,0,0,1,0,1,145,1,5,-250,-12,New Orleans
2015,2,25,26,1,1,3,7,24,8,4,39,43,14,0,0,1,4,17,2,1,23,24,10,1,1,1,3,6,5,2,14,16,0,0,0,0,0,0,0,0,0,0,2,0,0,1,0,1,1,1,2,3,136,0,6,-249,-11,New Orleans
2016,2,25,40,0,2,5,8,30,12,7,50,57,23,0,0,1,6,20,2,1,28,29,16,0,2,4,2,7,9,6,18,24,1,0,0,0,0,1,0,0,1,1,0,0,0,0,0,2,1,0,3,3,164,2,9,-255,-17,New Orleans
2017,2,25,43,1,2,2,2,180,20,4,202,206,15,0,0,0,1,45,8,0,54,54,25,1,2,2,1,127,10,4,138,142,0,0,0,0,0,1,0,0,1,1,3,0,0,0,0,7,2,0,9,9,345,2,23,-253,-15,New Orleans
2018,2,25,77,1,3,4,5,17,15,7,37,44,40,0,2,3,2,6,5,5,13,18,29,0,1,1,2,9,9,2,20,22,2,0,0,0,1,1,0,0,2,2,6,1,0,0,0,1,1,0,2,2,192,4,20,-252,-14,New Orleans
2019,2,25,31,6,0,2,10,22,22,2,54,56,20,2,0,2,9,12,7,2,28,30,7,4,0,0,1,10,14,0,25,25,0,0,0,0,0,0,1,0,1,1,4,0,0,0,0,0,0,0,0,0,162,2,7,-251,-13,New Orleans
2020,2,25,41,8,5,5,8,79,29,10,116,126,17,6,2,1,6,31,15,3,52,55,18,2,3,4,1,43,11,7,55,62,0,0,0,0,0,1,0,0,1,1,6,0,0,0,1,4,3,0,8,8,286,1,19,-250,-12,New Orleans
2021,2,25,38,3,2,5,1,26,13,7,40,47,14,1,1,3,1,13,9,4,23,27,18,2,0,2,0,7,4,2,11,13,0,0,0,0,0,0,0,0,0,0,6,0,1,0,0,6,0,1,6,7,139,0,16,-255,-17,New Orleans
2022,2,25,33,2,4,4,5,101,34,8,140,148,19,1,1,2,0,33,13,3,46,49,11,1,3,2,4,59,20,5,83,88,1,0,0,0,0,0,0,0,0,0,2,0,0,0,1,9,1,0,11,11,262,3,18,-254,-16,New Orleans
2023,2,25,32,4,1,5,7,23,28,6,58,64,14,3,0,3,3,17,10,3,30,33,17,1,0,2,3,6,17,2,26,28,0,0,1,0,0,0,1,1,1,2,1,0,0,0,1,0,0,0,1,1,145,2,3,-253,-15,New Orleans
2024,2,25,43,3,2,5,3,35,27,7,65,72,19,0,1,2,3,11,10,3,24,27,18,2,1,3,0,24,16,4,40,44,1,0,0,0,0,0,0,0,0,0,5,1,0,0,0,0,1,0,1,1,171,1,8,-252,-14,New Orleans
2012,3,25,27,1,4,3,4,41,17,7,62,69,11,0,2,1,2,16,5,3,23,26,15,0,2,1,2,24,10,3,36,39,0,0,0,0,0,0,0,0,0,0,1,1,0,1,0,1,2,1,3,4,179,0,11,-224,14,New Orleans
2013,3,25,33,3,1,6,7,41,7,7,55,62,19,3,1,2,7,32,3,3,42,45,13,0,0,3,0,8,4,3,12,15,0,0,0,0,0,0,0,0,0,0,1,0,0,1,0,1,0,1,1,2,176,0,10,-223,15,New Orleans
2014,3,25,32,2,5,5,6,36,14,10,56,66,12,0,1,3,6,26,5,4,37,41,19,1,3,1,0,8,8,4,16,20,0,0,0,0,0,0,0,0,0,0,1,1,1,1,0,2,1,2,3,5,249,0,11,-222,16,New Orleans
2015,3,25,29,1,0,6,7,20,14,6,41,47,13,0,0,4,5,12,5,4,22,26,14,0,0,1,2,6,9,1,17,18,0,0,0,0,0,0,0,0,0,0,2,1,0,1,0,2,0,1,2,3,149,0,9,-221,17,New Orleans
2016,3,25,37,0,1,3,10,35,12,4,57,61,19,0,0,1,6,23,4,1,33,34,14,0,1,2,4,9,8,3,21,24,0,0,0,0,0,0,0,0,0,0,4,0,0,0,0,3,0,0,3,3,155,0,10,-226,12,New Orleans
2017,3,25,62,1,0,2,1,33,14,2,48,50,35,0,0,0,1,14,3,0,18,18,22,1,0,2,0,18,11,2,29,31,0,0,0,0,0,0,0,0,0,0,5,0,0,0,0,1,0,0,1,1,183,0,11,-225,13,New Orleans
2018,3,25,59,2,2,7,3,32,15,9,50,59,31,2,1,3,2,22,3,4,27,31,22,0,0,3,1,9,11,3,21,24,1,0,0,0,0,0,0,0,0,0,5,0,1,1,0,1,1,2,2,4,201,1,14,-224,14,New Orleans
2019,3,25,47,2,3,3,7,27,12,6,46,52,25,0,1,2,7,14,4,3,25,28,20,2,2,1,0,13,8,3,21,24,0,0,0,0,0,0,0,0,0,0,2,0,0,0,0,0,0,0,0,0,190,0,5,-223,15,New Orleans
2020,3,25,43,1,3,2,3,22,19,5,44,49,28,0,2,2,1,15,12,4,28,32,12,1,0,0,1,5,6,0,12,12,0,0,0,0,1,0,0,0,1,1,3,0,1,0,0,2,1,1,3,4,133,1,8,-221,17,New Orleans
2021,3,25,53,3,4,4,1,34,8,8,43,51,30,2,1,1,0,26,4,2,30,32,18,1,1,2,1,7,2,3,10,13,0,0,0,0,0,0,0,0,0,0,5,0,2,1,0,1,2,3,3,6,151,1,16,-227,11,New Orleans
2022,3,25,34,2,2,9,3,29,18,11,50,61,21,1,0,6,1,12,8,6,21,27,9,1,2,2,2,14,7,4,23,27,0,0,0,0,0,0,1,0,1,1,4,0,0,1,0,3,2,1,5,6,155,1,16,-226,12,New Orleans
2023,3,25,42,3,0,6,5,21,50,6,76,82,26,1,0,4,1,11,13,4,25,29,12,2,0,2,4,10,36,2,50,52,1,0,0,0,0,0,0,0,0,0,3,0,0,0,0,0,1,0,1,1,161,1,6,-225,13,New Orleans
2024,3,25,35,4,1,4,8,33,24,5,65,70,19,1,1,4,4,26,10,5,40,45,16,3,0,0,4,7,12,0,23,23,0,0,0,0,0,0,0,0,0,0,0,0,0,0,0,0,2,0,2,2,161,0,7,-223,15,New Orleans
2012,4,25,19,5,6,2,8,38,14,8,60,68,9,3,0,1,5,29,5,1,39,40,7,1,4,1,3,6,5,5,14,19,0,0,0,0,0,1,0,0,1,1,3,1,2,0,0,2,4,2,6,8,249,1,14,-193,45,New Orleans
2013,4,25,21,2,2,2,13,36,3,4,52,56,12,2,1,1,8,24,2,2,34,36,7,0,1,1,5,10,1,2,16,18,0,0,0,0,0,0,0,0,0,0,2,0,0,0,0,2,0,0,2,2,189,0,31,-192,46,New Orleans
2014,4,25,20,2,2,6,8,38,9,8,55,63,9,2,0,5,5,20,5,5,30,35,11,0,2,1,3,15,4,3,22,25,0,0,0,0,0,0,0,0,0,0,0,0,0,0,0,3,0,0,3,3,183,0,10,-191,47,New Orleans
2015,4,25,31,1,2,2,6,38,12,4,56,60,15,1,0,1,1,14,4,1,19,20,12,0,2,0,4,20,7,2,31,33,2,0,0,0,1,1,0,0,2,2,2,0,0,1,0,3,1,1,4,5,175,5,12,-190,48,New Orleans
2016,4,25,43,1,6,3,10,26,7,9,43,52,17,0,1,2,7,20,4,3,31,34,19,1,4,1,3,5,3,5,11,16,2,0,0,0,0,0,0,0,0,0,5,0,1,0,0,1,0,1,1,2,162,2,8,-195,43,New Orleans
2017,4,25,40,4,2,4,6,34,14,6,54,60,24,2,0,2,4,23,6,2,33,35,13,1,2,2,2,11,6,4,19,23,0,0,0,0,0,0,0,0,0,0,3,1,0,0,0,0,2,0,2,2,181,1,9,-194,44,New Orleans
2018,4,25,51,0,4,8,8,26,14,12,48,60,31,0,3,5,3,19,7,8,29,37,15,0,0,2,5,6,7,2,18,20,1,0,0,0,0,0,0,0,0,0,4,0,1,1,0,1,0,2,1,3,206,2,15,-193,45,New Orleans
2019,4,25,42,1,2,2,4,54,7,4,65,69,32,0,2,1,3,42,3,3,48,51,7,1,0,1,1,9,4,1,14,15,0,0,0,0,0,0,0,0,0,0,3,0,0,0,0,3,0,0,3,3,177,1,13,-192,46,New Orleans
2020,4,25,47,3,1,4,7,19,21,5,47,52,26,1,1,3,3,11,8,4,22,26,16,2,0,1,4,5,12,1,21,22,0,0,0,0,0,1,0,0,1,1,5,0,0,0,0,2,1,0,3,3,155,1,13,-190,48,New Orleans
2021,4,25,42,4,2,14,7,26,17,16,50,66,29,2,0,9,2,17,2,9,21,30,10,2,2,5,5,8,13,7,26,33,2,0,0,0,0,0,0,0,0,0,1,0,0,0,0,1,2,0,3,3,170,2,6,-196,42,New Orleans
2022,4,25,29,2,0,9,5,28,15,9,48,57,17,2,0,8,2,20,10,8,32,40,9,0,0,0,2,7,5,0,14,14,0,0,0,0,0,1,0,0,1,1,3,0,0,1,1,0,0,1,1,2,142,1,7,-195,43,New Orleans
2023,4,25,24,4,1,6,4,18,48,7,70,77,13,3,1,4,3,13,12,5,28,33,9,1,0,1,0,4,34,1,38,39,0,0,0,0,0,1,1,0,2,2,2,0,0,1,1,0,1,1,2,3,149,2,7,-194,44,New Orleans
2024,4,25,51,5,0,2,4,35,22,2,61,63,33,1,0,2,2,21,5,2,28,30,11,4,0,0,1,11,17,0,29,29,0,0,0,0,0,0,0,0,0,0,7,0,0,0,1,3,0,0,4,4,162,0,18,-192,46,New Orleans
2012,5,25,32,2,1,2,18,27,12,3,57,60,18,0,1,1,9,21,6,2,36,38,11,2,0,1,7,3,5,1,15,16,2,0,0,0,0,0,1,0,1,1,1,0,0,0,2,3,0,0,5,5,193,3,11,-163,75,New Orleans
2013,5,25,24,2,3,4,4,27,7,7,38,45,10,1,0,2,3,7,7,2,17,19,7,1,3,2,1,19,0,5,20,25,0,0,0,0,0,1,0,0,1,1,7,0,0,0,0,0,0,0,0,0,139,1,14,-162,76,New Orleans
2014,5,25,42,5,4,6,13,31,8,10,52,62,17,0,1,4,4,14,3,5,21,26,21,2,3,2,9,16,3,5,28,33,2,0,0,0,0,0,1,0,1,1,2,3,0,0,0,1,1,0,2,2,182,3,14,-161,77,New Orleans
2015,5,25,31,2,2,2,12,25,18,4,55,59,20,1,0,1,4,12,9,1,25,26,9,1,2,1,8,12,8,3,28,31,0,0,0,0,0,0,0,0,0,0,2,0,0,0,0,1,1,0,2,2,144,1,7,-160,78,New Orleans
2016,5,25,37,3,1,2,7,22,17,3,46,49,21,1,1,1,2,19,7,2,28,30,13,1,0,1,2,3,9,1,14,15,1,0,0,0,0,0,1,0,1,1,2,1,0,0,3,0,0,0,3,3,155,2,10,-165,73,New Orleans
2017,5,25,53,3,5,6,3,35,18,11,56,67,33,2,1,1,3,31,9,2,43,45,15,1,4,4,0,3,8,8,11,19,1,0,0,0,0,0,1,0,1,1,4,0,0,1,0,1,0,1,1,2,221,2,17,-164,74,New Orleans
2018,5,25,59,4,4,4,12,34,18,8,64,72,40,4,2,2,5,17,3,4,25,29,13,0,2,2,7,15,15,4,37,41,0,0,0,0,0,0,0,0,0,0,6,0,0,0,0,2,0,0,2,2,198,0,12,-163,75,New Orleans
2019,5,25,61,1,3,12,4,44,55,15,103,118,31,0,2,3,1,17,24,5,42,47,25,1,1,7,3,22,25,8,50,58,0,0,0,1,0,3,4,1,7,8,5,0,0,1,0,2,2,1,4,5,275,9,17,-162,76,New Orleans
2020,5,25,61,1,1,6,1,13,14,7,28,35,33,1,0,3,1,11,6,3,18,21,18,0,1,3,0,2,8,4,10,14,2,0,0,0,0,0,0,0,0,0,8,0,0,0,0,0,0,0,0,0,136,2,10,-160,78,New Orleans
2021,5,25,54,1,1,3,5,31,24,4,60,64,33,1,0,3,1,22,12,3,35,38,16,0,1,0,4,8,11,1,23,24,2,0,0,0,0,0,0,0,0,0,3,0,0,0,0,1,1,0,2,2,160,3,6,-166,72,New Orleans
2022,5,25,36,2,1,4,9,19,29,5,57,62,17,1,0,4,5,14,13,4,32,36,13,1,1,0,4,3,15,1,22,23,1,0,0,0,0,0,0,0,0,0,5,0,0,0,0,2,1,0,3,3,143,2,11,-165,73,New Orleans
2023,5,25,25,3,2,5,4,19,20,7,43,50,17,3,2,3,3,15,7,5,25,30,3,0,0,1,1,4,9,1,14,15,0,0,0,0,0,0,4,0,4,4,5,0,0,1,0,0,0,1,0,1,122,4,12,-164,74,New Orleans
2024,5,25,40,2,1,3,3,42,27,4,72,76,26,1,0,2,2,16,7,2,25,27,10,0,1,1,0,24,18,2,42,44,0,0,0,0,0,0,0,0,0,0,4,1,0,0,1,2,2,0,5,5,168,0,17,-162,76,New Orleans
2012,6,25,29,2,3,4,11,26,22,7,59,66,17,1,1,1,9,23,10,2,42,44,8,1,1,2,2,3,11,3,16,19,0,0,0,0,0,0,0,0,0,0,4,0,1,1,0,0,1,2,1,3,208,0,13,-132,106,New Orleans
2013,6,25,27,2,3,0,13,38,9,3,60,63,16,1,0,0,8,30,6,0,44,44,9,0,2,0,4,6,2,2,12,14,0,0,0,0,0,1,1,0,2,2,2,1,1,0,1,1,0,1,2,3,213,3,16,-131,107,New Orleans
2014,6,25,27,1,5,2,14,31,8,7,53,60,18,1,2,1,8,19,7,3,34,37,8,0,0,1,5,11,1,1,17,18,0,0,1,0,0,0,0,1,0,1,1,0,2,0,1,1,0,2,2,4,170,2,6,-130,108,New Orleans
2015,6,25,32,2,3,5,4,32,10,8,46,54,19,1,1,3,3,22,3,4,28,32,11,1,2,2,1,8,5,4,14,18,0,0,0,0,0,0,0,0,0,0,2,0,0,0,0,2,2,0,4,4,161,3,9,-129,109,New Orleans
2016,6,25,37,1,2,6,13,27,10,8,50,58,21,0,1,3,7,16,2,4,25,29,14,1,1,3,6,10,7,4,23,27,0,0,0,0,0,0,0,0,0,0,2,0,0,0,0,1,1,0,2,2,145,0,7,-134,104,New Orleans
2017,6,25,63,0,3,3,8,36,26,6,70,76,26,0,3,2,6,23,5,5,34,39,28,0,0,1,2,13,17,1,32,33,4,0,0,0,0,0,1,0,1,1,5,0,0,0,0,0,3,0,3,3,192,7,10,-133,105,New Orleans
2018,6,25,50,0,6,4,14,35,23,10,72,82,35,0,1,2,7,26,9,3,42,45,13,0,5,1,6,8,13,6,27,33,0,0,0,0,1,0,0,0,1,1,2,0,0,1,0,1,1,1,2,3,207,4,14,-132,106,New Orleans
2019,6,25,45,2,0,4,5,36,16,4,57,61,26,1,0,4,2,32,5,4,39,43,18,0,0,0,3,3,11,0,17,17,0,0,0,0,0,0,0,0,0,0,1,1,0,0,0,1,0,0,1,1,164,1,6,-131,107,New Orleans
2020,6,25,44,2,1,4,5,20,20,5,45,50,30,1,1,4,1,15,10,5,26,31,11,0,0,0,3,5,9,0,17,17,0,0,0,0,0,0,0,0,0,0,3,1,0,0,1,0,1,0,2,2,155,2,10,-129,109,New Orleans
2021,6,25,50,1,3,10,8,32,21,13,61,74,31,1,3,8,6,21,14,11,41,52,15,0,0,2,2,9,6,2,17,19,0,0,0,0,0,0,0,0,0,0,4,0,0,0,0,2,1,0,3,3,182,0,14,-135,103,New Orleans
2022,6,25,29,1,2,8,4,34,23,10,61,71,20,0,1,5,2,18,5,6,25,31,7,0,1,3,2,14,17,4,33,37,0,0,0,0,0,0,0,0,0,0,2,1,0,0,0,2,1,0,3,3,149,0,8,-134,104,New Orleans
2023,6,25,44,4,1,3,8,23,23,4,54,58,28,0,0,2,3,16,5,2,24,26,13,3,1,1,4,7,16,2,27,29,0,0,0,0,0,0,1,0,1,1,3,1,0,0,1,0,1,0,2,2,141,1,10,-133,105,New Orleans
2024,6,25,42,0,0,2,5,24,16,2,45,47,31,0,0,0,1,17,7,0,25,25,10,0,0,2,4,5,9,2,18,20,0,0,0,0,0,0,0,0,0,0,1,0,0,0,0,2,0,0,2,2,142,0,4,-131,107,New Orleans
2012,7,25,25,1,1,4,17,19,6,5,42,47,17,0,0,1,10,11,1,1,22,23,7,1,1,3,7,6,5,4,18,22,0,0,0,0,0,0,0,0,0,0,1,0,0,0,0,2,0,0,2,2,174,0,19,-102,136,New Orleans
2013,7,25,18,4,3,2,11,40,22,5,73,78,5,2,0,1,5,24,6,1,35,36,7,2,3,0,5,14,13,3,32,35,1,0,0,0,1,2,0,0,3,3,5,0,0,1,0,0,3,1,3,4,200,7,25,-101,137,New Orleans
2014,7,25,29,0,1,2,14,32,22,3,68,71,14,0,0,1,9,24,5,1,38,39,13,0,1,1,3,6,17,2,26,28,0,0,0,0,1,1,0,0,2,2,2,0,0,0,1,1,0,0,2,2,160,2,5,-100,138,New Orleans
2015,7,25,31,3,5,3,9,26,16,8,51,59,15,1,3,2,6,15,8,5,29,34,13,1,2,0,1,10,7,2,18,20,0,0,0,0,1,0,0,0,1,1,3,1,0,1,1,1,1,1,3,4,149,1,11,-99,139,New Orleans
2016,7,25,27,0,3,2,12,35,14,5,61,66,17,0,3,2,8,21,4,5,33,38,5,0,0,0,1,13,9,0,23,23,1,0,0,0,0,0,1,0,1,1,4,0,0,0,3,1,0,0,4,4,143,2,11,-104,134,New Orleans
2017,7,25,44,1,1,6,4,34,28,7,66,73,19,1,1,4,3,23,13,5,39,44,23,0,0,1,1,9,14,1,24,25,0,0,0,0,0,1,0,0,1,1,2,0,0,1,0,1,1,1,2,3,197,1,8,-103,135,New Orleans
2018,7,25,54,1,3,9,10,31,19,12,60,72,34,0,0,6,7,18,6,6,31,37,14,0,3,3,3,9,11,6,23,29,0,1,0,0,0,0,2,0,2,2,6,0,0,0,0,4,0,0,4,4,220,4,18,-102,136,New Orleans
2019,7,25,47,1,3,2,8,29,41,5,78,83,27,1,2,2,2,14,15,4,31,35,14,0,1,0,6,12,25,1,43,44,0,0,0,0,0,0,1,0,1,1,6,0,0,0,0,3,0,0,3,3,195,6,13,-101,137,New Orleans
2020,7,25,48,2,2,4,3,27,25,6,55,61,31,2,2,4,1,20,15,6,36,42,12,0,0,0,2,6,10,0,18,18,0,0,0,0,0,1,0,0,1,1,5,0,0,0,0,0,0,0,0,0,155,1,8,-99,139,New Orleans
2021,7,25,31,3,9,7,10,22,46,16,78,94,22,1,3,2,9,11,16,5,36,41,7,2,5,4,0,11,28,9,39,48,0,0,0,0,0,0,2,0,2,2,2,0,1,1,1,0,0,2,1,3,173,3,7,-105,133,New Orleans
2022,7,25,29,4,0,4,11,17,18,4,46,50,14,1,0,2,8,11,7,2,26,28,13,3,0,2,3,5,11,2,19,21,0,0,0,0,0,0,0,0,0,0,2,0,0,0,0,1,0,0,1,1,128,1,8,-104,134,New Orleans
2023,7,25,42,2,1,9,4,36,28,10,68,78,25,1,1,6,3,21,7,7,31,38,12,0,0,3,1,11,18,3,30,33,0,0,0,0,0,0,2,0,2,2,5,1,0,0,0,4,1,0,5,5,172,2,16,-103,135,New Orleans
2024,7,25,42,0,1,5,3,32,10,6,45,51,25,0,0,2,1,16,5,2,22,24,11,0,0,1,2,15,5,1,22,23,1,0,0,0,0,0,0,0,0,0,5,0,1,2,0,1,0,3,1,4,151,2,11,-101,137,New Orleans
2012,8,25,36,1,5,5,12,36,16,10,64,74,16,0,2,4,3,24,9,6,36,42,20,0,3,1,9,10,7,4,26,30,0,0,0,0,0,0,0,0,0,0,0,1,0,0,0,2,0,0,2,2,208,0,10,-71,167,New Orleans
2013,8,25,27,0,6,3,7,35,14,9,56,65,13,0,3,2,2,21,5,5,28,33,14,0,3,1,5,12,9,4,26,30,0,0,0,0,0,0,0,0,0,0,0,0,0,0,0,2,0,0,2,2,144,1,2,-70,168,New Orleans
2014,8,25,37,2,3,3,12,31,15,6,58,64,28,1,1,2,10,22,9,3,41,44,7,1,1,1,1,8,6,2,15,17,0,0,0,0,1,0,0,0,1,1,2,0,1,0,0,1,0,1,1,2,181,1,6,-69,169,New Orleans
2015,8,25,23,0,5,2,3,22,10,7,35,42,12,0,2,1,2,14,4,3,20,23,10,0,3,0,1,8,5,3,14,17,0,0,0,0,0,0,0,0,0,0,1,0,0,1,0,0,1,1,1,2,136,0,6,-68,170,New Orleans
2016,8,25,45,1,3,3,11,26,14,6,51,57,23,1,0,0,10,13,8,0,31,31,19,0,3,3,1,11,6,6,18,24,0,0,0,0,0,0,0,0,0,0,3,0,0,0,0,2,0,0,2,2,165,1,6,-73,165,New Orleans
2017,8,25,43,2,1,7,4,38,15,8,57,65,31,1,0,4,3,18,4,4,25,29,12,0,1,3,1,18,9,4,28,32,0,0,0,0,0,1,0,0,1,1,0,1,0,0,0,1,2,0,3,3,180,1,7,-72,166,New Orleans
2018,8,25,59,2,4,3,2,41,28,7,71,78,30,0,1,3,2,25,9,4,36,40,26,1,3,0,0,16,16,3,32,35,0,0,0,0,0,0,1,0,1,1,3,1,0,0,0,0,2,0,2,2,204,2,8,-71,167,New Orleans
2019,8,25,46,1,2,9,4,32,13,11,49,60,28,1,1,7,3,20,6,8,29,37,16,0,1,2,1,12,7,3,20,23,0,0,0,0,0,0,0,0,0,0,2,0,0,0,0,0,0,0,0,0,167,1,5,-70,168,New Orleans
2020,8,25,58,1,2,4,8,25,24,6,57,63,35,0,1,3,3,20,18,4,41,45,18,1,1,0,5,5,5,1,15,16,1,0,0,0,0,0,0,0,0,0,4,0,0,1,0,0,1,1,1,2,167,1,12,-68,170,New Orleans
2021,8,25,54,2,3,4,6,18,16,7,40,47,30,0,3,2,2,12,6,5,20,25,20,1,0,2,4,4,9,2,17,19,0,0,0,0,0,0,0,0,0,0,4,1,0,0,0,2,1,0,3,3,160,0,13,-74,164,New Orleans
2022,8,25,35,3,1,2,6,21,31,3,58,61,20,2,0,0,4,15,10,0,29,29,10,1,1,2,2,6,19,3,27,30,0,0,0,0,0,0,0,0,0,0,5,0,0,0,0,0,2,0,2,2,145,2,11,-73,165,New Orleans
2023,8,25,41,4,1,4,1,39,27,5,67,72,31,0,1,2,0,27,9,3,36,39,9,3,0,2,1,11,18,2,30,32,0,0,0,0,0,1,0,0,1,1,1,1,0,0,0,0,0,0,0,0,158,1,6,-72,166,New Orleans
2024,8,25,49,2,1,4,5,22,12,5,39,44,28,1,1,2,1,12,4,3,17,20,15,1,0,2,4,7,8,2,19,21,1,0,0,0,0,0,0,0,0,0,5,0,0,0,0,3,0,0,3,3,153,2,11,-70,168,New Orleans
2012,9,25,27,4,3,2,5,25,11,5,41,46,18,2,0,1,4,19,5,1,28,29,8,2,3,1,1,3,6,4,10,14,0,0,0,0,0,0,0,0,0,0,1,0,0,0,0,3,0,0,3,3,200,0,8,-40,198,New Orleans
2013,9,25,28,1,1,4,10,26,13,5,49,54,12,1,0,3,9,16,6,3,31,34,12,0,1,1,0,9,6,2,15,17,0,0,0,0,0,0,0,0,0,0,4,0,0,0,1,1,1,0,3,3,197,0,16,-39,199,New Orleans
2014,9,25,38,0,1,0,6,34,13,1,53,54,20,0,1,0,5,21,4,1,30,31,16,0,0,0,1,10,8,0,19,19,0,0,0,0,0,0,0,0,0,0,2,0,0,0,0,3,1,0,4,4,186,1,11,-38,200,New Orleans
2015,9,25,34,2,4,2,7,27,20,6,54,60,18,1,1,0,4,15,11,1,30,31,13,1,2,2,2,11,8,4,21,25,0,0,0,0,0,0,0,0,0,0,3,0,1,0,1,1,1,1,3,4,170,0,7,-37,201,New Orleans
2016,9,25,44,1,1,2,5,24,29,3,58,61,22,1,0,1,2,11,11,1,24,25,16,0,0,1,2,10,17,1,29,30,1,0,0,0,0,0,0,0,0,0,5,0,1,0,1,3,1,1,5,6,163,1,14,-42,196,New Orleans
2017,9,25,30,0,3,5,5,43,19,8,67,75,18,0,0,1,2,26,8,1,36,37,8,0,3,4,3,15,11,7,29,36,0,0,0,0,0,1,0,0,1,1,4,0,0,0,0,1,0,0,1,1,193,2,11,-41,197,New Orleans
2018,9,25,44,2,5,3,5,26,26,8,57,65,30,0,1,0,3,16,10,1,29,30,14,2,3,3,2,6,14,6,22,28,0,0,0,0,0,0,1,0,1,1,0,0,1,0,0,4,1,1,5,6,202,5,14,-40,198,New Orleans
2019,9,25,47,1,2,7,6,37,9,9,52,61,27,0,1,5,3,19,1,6,23,29,13,1,1,2,3,17,8,3,28,31,1,0,0,0,0,0,0,0,0,0,6,0,0,0,0,1,0,0,1,1,186,1,12,-39,199,New Orleans
2020,9,25,46,2,1,4,4,33,17,5,54,59,22,2,0,1,1,26,8,1,35,36,16,0,0,2,2,6,7,2,15,17,2,0,0,0,1,0,1,0,2,2,6,0,1,1,0,1,1,2,2,4,180,5,18,-37,201,New Orleans
2021,9,25,33,3,0,5,6,29,24,5,59,64,17,0,0,1,3,19,9,1,31,32,15,2,0,4,3,10,14,4,27,31,1,0,0,0,0,0,0,0,0,0,0,1,0,0,0,0,1,0,1,1,146,1,4,-43,195,New Orleans
2022,9,25,37,2,1,5,7,24,37,6,68,74,19,0,1,1,3,12,19,2,34,36,16,2,0,4,4,11,17,4,32,36,0,0,0,0,0,0,0,0,0,0,2,0,0,0,0,1,1,0,2,2,169,0,8,-42,196,New Orleans
2023,9,25,48,2,1,8,5,25,29,9,59,68,25,0,0,3,3,17,11,3,31,34,19,2,0,3,1,6,16,3,23,26,2,0,0,0,0,2,2,0,4,4,2,0,1,2,1,0,0,3,1,4,170,6,9,-41,197,New Orleans
2024,9,25,35,1,1,2,5,32,9,3,46,49,21,1,1,1,2,23,2,2,27,29,12,0,0,1,3,7,7,1,17,18,0,0,0,0,0,1,0,0,1,1,2,0,0,0,0,1,0,0,1,1,141,2,5,-39,199,New Orleans
2012,10,25,28,2,1,2,11,23,7,3,41,44,16,0,0,1,7,12,2,1,21,22,8,1,1,1,4,10,5,2,19,21,0,0,0,0,0,1,0,0,1,1,4,1,0,0,0,0,0,0,0,0,149,1,11,-10,228,New Orleans
2013,10,25,21,0,5,1,9,47,17,6,73,79,8,0,4,1,7,27,6,5,40,45,13,0,1,0,2,19,9,1,30,31,0,0,0,0,0,0,2,0,2,2,0,0,0,0,0,1,0,0,1,1,176,2,5,-9,229,New Orleans
2014,10,25,36,1,6,3,4,40,13,9,57,66,18,0,2,1,3,20,6,3,29,32,15,1,4,2,0,15,7,6,22,28,1,0,0,0,0,1,0,0,1,1,2,0,0,0,1,4,0,0,5,5,152,2,13,-8,230,New Orleans
2015,10,25,32,1,2,4,7,19,13,6,39,45,13,0,0,2,1,9,5,2,15,17,15,1,2,1,5,9,7,3,21,24,0,0,0,0,0,0,0,0,0,0,4,0,0,1,1,1,1,1,3,4,122,1,13,-7,231,New Orleans
2016,10,25,40,2,2,3,7,28,9,5,44,49,20,1,0,1,3,22,5,1,30,31,15,1,2,1,4,5,4,3,13,16,0,0,0,0,0,0,0,0,0,0,5,0,0,1,0,1,0,1,1,2,179,1,10,-12,226,New Orleans
2017,10,25,36,0,1,6,8,32,25,7,65,72,20,0,1,4,6,20,8,5,34,39,13,0,0,2,2,9,15,2,26,28,0,0,0,0,0,1,1,0,2,2,3,0,0,0,0,2,1,0,3,3,187,2,14,-11,227,New Orleans
2018,10,25,43,1,3,3,8,36,16,6,60,66,20,1,1,1,4,20,5,2,29,31,20,0,1,1,4,14,9,2,27,29,0,0,0,0,0,0,0,0,0,0,3,0,1,1,0,2,2,2,4,6,201,0,16,-10,228,New Orleans
2019,10,25,49,0,3,5,8,47,10,8,65,73,28,0,0,3,1,28,4,3,33,36,17,0,3,2,6,17,5,5,28,33,0,0,0,0,1,0,0,0,1,1,4,0,0,0,0,2,1,0,3,3,181,1,15,-9,229,New Orleans
2020,10,25,59,4,2,8,6,29,25,10,60,70,31,2,1,4,1,16,4,5,21,26,22,2,1,4,3,11,20,5,34,39,1,0,0,0,1,1,0,0,2,2,5,0,0,0,1,1,1,0,3,3,184,5,11,-7,231,New Orleans
2021,10,25,43,1,1,4,9,28,31,5,68,73,22,0,0,3,3,20,10,3,33,36,17,1,1,1,5,8,19,2,32,34,1,0,0,0,0,0,0,0,0,0,3,0,0,0,1,0,2,0,3,3,183,3,10,-13,225,New Orleans
2022,10,25,23,1,1,5,7,18,36,6,61,67,11,0,1,0,3,14,9,1,26,27,12,1,0,4,4,4,24,4,32,36,0,0,0,0,0,0,1,0,1,1,0,0,0,1,0,0,2,1,2,3,139,1,3,-12,226,New Orleans
2023,10,25,29,2,2,5,11,28,32,7,71,78,22,1,2,1,5,15,8,3,28,31,7,1,0,3,6,12,22,3,40,43,0,0,0,0,0,0,0,0,0,0,0,0,0,1,0,1,2,1,3,4,174,0,4,-11,227,New Orleans
2024,10,25,47,0,1,3,4,39,11,4,54,58,24,0,0,2,1,23,4,2,28,30,19,0,1,1,3,12,7,2,22,24,0,0,0,0,0,1,0,0,1,1,4,0,0,0,0,3,0,0,3,3,155,4,7,-9,229,New Orleans
2012,11,25,34,2,9,6,8,29,29,15,66,81,16,0,0,2,5,16,5,2,26,28,18,2,9,4,2,12,23,13,37,50,0,0,0,0,0,0,0,0,0,0,0,0,0,0,1,1,1,0,3,3,208,0,10,21,259,New Orleans
2013,11,25,26,0,2,2,4,26,16,4,46,50,6,0,0,1,4,14,5,1,23,24,17,0,2,1,0,9,10,3,19,22,0,0,0,0,0,0,0,0,0,0,3,0,0,0,0,3,1,0,4,4,134,0,11,22,260,New Orleans
2014,11,25,25,0,6,4,3,29,17,10,49,59,10,0,1,2,1,14,5,3,20,23,14,0,5,1,2,14,11,6,27,33,0,0,0,0,0,0,0,0,0,0,1,0,0,1,0,1,1,1,2,3,123,0,7,23,261,New Orleans
2015,11,25,27,0,10,2,8,38,12,12,58,70,14,0,5,2,3,24,5,7,32,39,10,0,5,0,5,14,7,5,26,31,0,0,0,0,0,0,0,0,0,0,3,0,0,0,0,0,0,0,0,0,164,0,8,24,262,New Orleans
2016,11,25,45,1,2,6,7,35,16,8,58,66,20,1,0,2,4,17,7,2,28,30,19,0,1,4,2,18,9,5,29,34,0,0,0,0,0,0,0,0,0,0,6,0,1,0,1,0,0,1,1,2,184,0,15,19,257,New Orleans
2017,11,25,52,8,5,1,6,30,13,6,49,55,16,0,0,0,2,8,2,0,12,12,32,8,5,1,4,20,8,6,32,38,0,0,0,0,0,0,0,0,0,0,4,0,0,0,0,2,3,0,5,5,175,1,11,20,258,New Orleans
2018,11,25,62,6,1,6,8,36,28,7,72,79,20,0,0,1,5,16,11,1,32,33,34,6,1,5,3,18,15,6,36,42,0,0,0,0,0,0,0,0,0,0,8,0,0,0,0,2,2,0,4,4,229,0,19,21,259,New Orleans
2019,11,25,43,2,4,1,4,32,21,5,57,62,21,0,1,0,2,16,9,1,27,28,18,2,3,0,1,15,12,3,28,31,0,0,0,0,1,0,0,0,1,1,4,0,0,1,0,1,0,1,1,2,172,1,11,22,260,New Orleans
2020,11,25,51,3,3,6,8,22,24,9,54,63,28,1,1,3,3,16,8,4,27,31,20,1,2,2,5,3,15,4,23,27,0,0,0,0,0,0,0,0,0,0,3,1,0,1,0,3,1,1,4,5,176,0,13,24,262,New Orleans
2021,11,25,46,2,3,9,8,23,19,12,50,62,22,1,2,5,1,11,4,7,16,23,20,1,1,4,6,9,14,5,29,34,0,0,0,0,0,0,0,0,0,0,4,0,0,0,1,3,1,0,5,5,148,1,14,18,256,New Orleans
2022,11,25,22,17,4,4,5,21,44,8,70,78,8,2,0,2,3,13,21,2,37,39,12,15,3,2,2,5,20,5,27,32,0,0,0,0,0,1,0,0,1,1,2,0,1,0,0,2,3,1,5,6,151,1,10,19,257,New Orleans
2023,11,25,39,22,3,4,2,30,49,7,81,88,19,0,2,2,1,15,9,4,25,29,18,19,1,2,1,13,38,3,52,55,1,0,0,0,0,0,2,0,2,2,1,3,0,0,0,2,0,0,2,2,195,3,9,20,258,New Orleans
2024,11,25,38,4,1,6,3,23,15,7,41,48,18,1,0,2,3,12,3,2,18,20,18,3,1,4,0,10,12,5,22,27,0,0,0,0,0,0,0,0,0,0,2,0,0,0,0,1,0,0,1,1,143,0,4,22,260,New Orleans
2012,12,25,22,1,0,2,13,16,10,2,39,41,12,0,0,0,6,6,4,0,16,16,9,1,0,2,6,7,6,2,19,21,0,0,0,0,0,1,0,0,1,1,1,0,0,0,1,2,0,0,3,3,100,1,4,51,289,New Orleans
2013,12,25,28,0,2,4,4,13,13,6,30,36,12,0,0,0,1,7,10,0,18,18,15,0,1,1,3,5,3,2,11,13,0,0,0,0,0,0,0,0,0,0,1,0,1,3,0,1,0,4,1,5,112,0,12,52,290,New Orleans
2014,12,25,28,1,4,2,9,14,10,6,33,39,13,0,0,1,3,4,2,1,9,10,14,1,3,1,5,8,7,4,20,24,0,0,0,0,0,0,0,0,0,0,1,0,1,0,1,2,1,1,4,5,119,0,11,53,291,New Orleans
2015,12,25,38,0,2,5,8,17,9,7,34,41,25,0,1,2,1,6,2,3,9,12,10,0,1,3,6,9,7,4,22,26,0,0,0,0,0,0,0,0,0,0,3,0,0,0,1,2,0,0,3,3,123,0,9,54,292,New Orleans
2016,12,25,36,0,1,4,6,24,16,5,46,51,17,0,1,2,2,9,3,3,14,17,18,0,0,1,4,14,10,1,28,29,0,0,0,0,0,0,0,0,0,0,1,0,0,1,0,1,3,1,4,5,128,1,7,49,287,New Orleans
2017,12,25,62,0,0,4,3,20,10,4,33,37,20,0,0,2,1,14,4,2,19,21,34,0,0,2,1,5,5,2,11,13,0,0,0,0,0,1,0,0,1,1,8,0,0,0,1,0,1,0,2,2,145,2,14,50,288,New Orleans
2018,12,25,56,1,4,7,8,18,15,11,41,52,23,0,2,3,1,6,5,5,12,17,31,1,2,4,6,11,10,6,27,33,0,0,0,0,0,0,0,0,0,0,2,0,0,0,1,1,0,0,2,2,160,0,6,51,289,New Orleans
2019,12,25,3,0,2,1,4,8,4,3,16,19,1,0,1,0,2,6,3,1,11,12,2,0,1,1,2,2,1,2,5,7,0,0,0,0,0,0,0,0,0,0,0,0,0,0,0,0,0,0,0,0,33,0,0,52,290,New Orleans
2020,12,25,46,1,0,3,5,8,17,3,30,33,22,0,0,2,0,4,4,2,8,10,20,1,0,1,4,3,12,1,19,20,0,0,0,0,0,0,0,0,0,0,4,0,0,0,1,1,1,0,3,3,113,0,10,54,292,New Orleans
2021,12,25,20,0,1,3,5,7,17,4,29,33,4,0,0,2,1,4,6,2,11,13,15,0,1,1,3,3,9,2,15,17,0,0,0,0,0,0,2,0,2,2,1,0,0,0,1,0,0,0,1,1,88,2,3,48,286,New Orleans
2022,12,25,30,3,3,7,6,8,22,10,36,46,12,2,0,3,1,5,5,3,11,14,17,1,3,4,5,1,16,7,22,29,1,0,0,0,0,1,0,0,1,1,0,0,0,0,0,1,1,0,2,2,102,2,4,49,287,New Orleans
2023,12,25,44,3,0,5,6,17,20,5,43,48,22,2,0,0,2,8,9,0,19,19,20,1,0,3,4,8,11,3,23,26,0,0,0,0,0,0,0,0,0,0,2,0,0,2,0,1,0,2,1,3,146,0,11,50,288,New Orleans
2024,12,25,19,0,0,1,3,5,7,1,15,16,3,0,0,0,0,2,1,0,3,3,15,0,0,1,3,3,6,1,12,13,0,0,0,0,0,0,0,0,0,0,1,0,0,0,0,0,0,0,0,0,50,0,5,52,290,New Orleans
2012,1,26,19,2,1,1,12,26,7,2,45,47,12,1,0,1,9,15,3,1,27,28,7,1,1,0,3,8,4,1,15,16,0,0,0,0,0,0,0,0,0,0,0,0,0,0,0,3,0,0,3,3,155,1,5,-283,-45,New Orleans
2013,1,26,25,13,3,3,9,44,16,6,69,75,9,1,2,3,4,19,2,5,25,30,15,11,1,0,3,23,13,1,39,40,0,0,0,0,0,0,0,0,0,0,1,1,0,0,2,2,1,0,5,5,222,0,12,-281,-43,New Orleans
2014,1,26,32,1,0,4,6,24,16,4,46,50,11,1,0,0,6,8,5,0,19,19,19,0,0,3,0,12,10,3,22,25,0,0,0,0,0,2,0,0,2,2,2,0,0,1,0,2,1,1,3,4,173,2,13,-280,-42,New Orleans
2015,1,26,28,2,3,2,12,29,15,5,56,61,13,2,0,1,9,19,7,1,35,36,13,0,3,1,3,6,8,4,17,21,1,0,0,0,0,0,0,0,0,0,1,0,0,0,0,4,0,0,4,4,164,1,5,-279,-41,New Orleans
2016,1,26,35,0,1,3,8,15,9,4,32,36,16,0,0,2,5,10,6,2,21,23,16,0,1,1,3,4,3,2,10,12,0,0,0,0,0,0,0,0,0,0,3,0,0,0,0,1,0,0,1,1,134,2,5,-285,-47,New Orleans
2017,1,26,33,2,1,2,7,34,16,3,57,60,21,1,0,0,3,25,8,0,36,36,11,1,1,1,4,9,8,2,21,23,0,0,0,0,0,0,0,0,0,0,1,0,0,1,0,0,0,1,0,1,181,1,11,-283,-45,New Orleans
2018,1,26,39,1,3,4,7,34,14,7,55,62,15,1,1,1,4,21,6,2,31,33,20,0,2,3,3,11,8,5,22,27,0,0,0,0,0,0,0,0,0,0,4,0,0,0,0,2,0,0,2,2,165,0,12,-282,-44,New Orleans
2019,1,26,51,2,0,6,6,36,12,6,54,60,28,2,0,3,1,11,6,3,18,21,18,0,0,2,3,21,5,2,29,31,0,0,0,0,0,0,0,0,0,0,5,0,0,1,2,4,1,1,7,8,177,0,18,-281,-43,New Orleans
2020,1,26,30,1,1,2,6,16,34,3,56,59,12,1,0,0,2,8,9,0,19,19,17,0,1,2,4,8,22,3,34,37,1,0,0,0,0,0,1,0,1,1,0,0,0,0,0,0,2,0,2,2,130,2,3,-280,-42,New Orleans
2021,1,26,51,2,6,7,8,25,12,13,45,58,24,1,1,2,3,17,7,3,27,30,24,0,4,5,5,7,4,9,16,25,1,1,0,0,0,0,1,0,1,1,2,0,1,0,0,1,0,1,1,2,170,3,10,-285,-47,New Orleans
2022,1,26,40,1,5,6,3,30,27,11,60,71,20,1,2,0,1,18,7,2,26,28,20,0,2,4,2,11,17,6,30,36,0,0,0,1,0,0,1,1,1,2,0,0,1,1,0,1,2,2,3,5,166,3,8,-284,-46,New Orleans
2023,1,26,32,2,1,4,6,22,21,5,49,54,19,1,0,0,0,13,2,0,15,15,12,1,1,4,6,8,18,5,32,37,1,0,0,0,0,0,1,0,1,1,0,0,0,0,0,1,0,0,1,1,133,4,4,-283,-45,New Orleans
2024,1,26,35,3,2,5,3,31,17,7,51,58,11,1,2,3,0,11,5,5,16,21,23,1,0,1,3,15,11,1,29,30,0,0,0,0,0,0,1,0,1,1,1,1,0,1,0,5,0,1,5,6,154,2,11,-282,-44,New Orleans
2012,2,26,25,0,3,6,6,20,12,9,38,47,11,0,1,1,3,7,3,2,13,15,13,0,2,5,3,11,9,7,23,30,0,0,0,0,0,0,0,0,0,0,1,0,0,0,0,2,0,0,2,2,132,1,8,-252,-14,New Orleans
2013,2,26,28,4,0,3,4,24,9,3,37,40,15,2,0,2,3,14,4,2,21,23,13,2,0,0,1,7,5,0,13,13,0,0,0,0,0,0,0,0,0,0,0,0,0,1,0,3,0,1,3,4,157,0,10,-250,-12,New Orleans
2014,2,26,18,1,2,0,7,32,24,2,63,65,7,0,0,0,2,20,12,0,34,34,7,1,2,0,4,12,12,2,28,30,0,0,0,0,0,0,0,0,0,0,4,0,0,0,1,0,0,0,1,1,178,0,7,-249,-11,New Orleans
2015,2,26,17,1,1,1,5,22,14,2,41,43,10,0,0,0,3,16,5,0,24,24,6,1,1,0,1,5,8,1,14,15,0,0,0,0,0,0,0,0,0,0,1,0,0,1,1,1,1,1,3,4,121,0,8,-248,-10,New Orleans
2016,2,26,46,2,2,2,7,36,9,4,52,56,19,2,0,1,5,19,6,1,30,31,22,0,2,1,1,13,3,3,17,20,2,0,0,0,0,2,0,0,2,2,3,0,0,0,1,2,0,0,3,3,180,5,14,-254,-16,New Orleans
2017,2,26,45,3,2,1,2,96,26,3,124,127,15,1,1,0,1,40,8,1,49,50,27,2,1,1,1,52,17,2,70,72,0,0,0,0,0,0,0,0,0,0,3,0,0,0,0,4,1,0,5,5,274,0,13,-252,-14,New Orleans
2018,2,26,47,2,2,4,6,37,17,6,60,66,21,1,0,0,5,24,7,0,36,36,23,1,2,4,1,12,9,6,22,28,0,0,0,0,0,0,1,0,1,1,3,0,0,0,0,1,0,0,1,1,197,1,11,-251,-13,New Orleans
2019,2,26,36,2,0,3,2,22,18,3,42,45,16,1,0,1,2,17,1,1,20,21,15,1,0,2,0,4,16,2,20,22,0,0,0,0,0,0,0,0,0,0,5,0,0,0,0,1,1,0,2,2,135,0,11,-250,-12,New Orleans
2020,2,26,39,0,3,5,3,39,21,8,63,71,18,0,0,1,2,20,9,1,31,32,19,0,3,4,1,17,10,7,28,35,0,0,0,0,0,0,0,0,0,0,2,0,0,0,0,2,2,0,4,4,178,0,8,-249,-11,New Orleans
2021,2,26,40,2,3,3,3,29,17,6,49,55,20,1,1,2,0,19,4,3,23,26,15,1,1,0,3,10,12,1,25,26,0,0,0,0,0,0,0,0,0,0,5,0,1,1,0,0,1,2,1,3,153,1,12,-254,-16,New Orleans
2022,2,26,31,7,4,4,5,114,32,8,151,159,9,3,1,3,2,26,11,4,39,43,21,4,3,1,2,84,19,4,105,109,0,0,0,0,0,0,0,0,0,0,1,0,0,0,1,4,2,0,7,7,277,0,10,-253,-15,New Orleans
2023,2,26,43,8,0,7,5,18,39,7,62,69,24,7,0,4,4,9,9,4,22,26,17,1,0,2,1,9,27,2,37,39,0,0,0,0,0,0,1,0,1,1,2,0,0,1,0,0,2,1,2,3,171,2,7,-252,-14,New Orleans
2024,2,26,33,1,1,2,3,26,11,3,40,43,16,1,1,1,0,18,5,2,23,25,14,0,0,0,3,7,4,0,14,14,0,0,0,0,0,0,0,0,0,0,3,0,0,1,0,1,2,1,3,4,126,1,10,-251,-13,New Orleans
2012,3,26,34,2,2,3,13,35,13,5,61,66,16,2,1,0,8,24,6,1,38,39,16,0,0,3,5,9,7,3,21,24,1,0,0,0,0,0,0,0,0,0,1,0,1,0,0,2,0,1,2,3,196,1,7,-223,15,New Orleans
2013,3,26,30,2,1,2,15,24,7,3,46,49,18,1,1,2,11,18,5,3,34,37,10,1,0,0,3,6,2,0,11,11,0,0,0,0,1,0,0,0,1,1,2,0,0,0,0,0,0,0,0,0,187,1,5,-222,16,New Orleans
2014,3,26,40,0,7,0,18,30,17,7,65,72,14,0,4,0,15,24,8,4,47,51,23,0,3,0,3,5,6,3,14,17,0,0,0,0,0,0,0,0,0,0,3,0,0,0,0,1,3,0,4,4,199,0,13,-221,17,New Orleans
2015,3,26,25,0,7,1,8,27,13,8,48,56,11,0,2,0,3,15,5,2,23,25,14,0,5,1,5,9,7,6,21,27,0,0,0,0,0,0,0,0,0,0,0,0,0,0,0,3,1,0,4,4,152,0,8,-220,18,New Orleans
2016,3,26,45,1,6,1,7,32,14,7,53,60,24,0,2,0,4,19,7,2,30,32,17,1,4,1,3,12,7,5,22,27,0,0,0,0,0,0,0,0,0,0,4,0,0,0,0,1,0,0,1,1,158,0,6,-225,13,New Orleans
2017,3,26,47,1,2,4,3,34,12,6,49,55,22,0,1,3,0,15,1,4,16,20,22,1,1,0,2,17,10,1,29,30,0,0,0,0,1,0,0,0,1,1,3,0,0,1,0,2,1,1,3,4,168,1,9,-224,14,New Orleans
2018,3,26,56,0,2,6,7,42,18,8,67,75,40,0,0,2,3,27,6,2,36,38,13,0,1,3,4,13,10,4,27,31,0,0,0,0,0,0,0,0,0,0,3,0,1,1,0,2,2,2,4,6,207,2,13,-223,15,New Orleans
2019,3,26,54,0,6,8,5,22,30,14,57,71,34,0,2,4,2,16,14,6,32,38,16,0,4,4,3,4,15,8,22,30,0,0,0,0,0,0,1,0,1,1,4,0,0,0,0,2,0,0,2,2,204,3,8,-222,16,New Orleans
2020,3,26,39,0,3,4,11,21,17,7,49,56,20,0,0,1,2,16,7,1,25,26,14,0,2,3,9,4,8,5,21,26,0,0,0,0,0,0,0,0,0,0,5,0,1,0,0,1,2,1,3,4,140,0,12,-220,18,New Orleans
2021,3,26,45,3,2,3,2,31,28,5,61,66,24,1,1,0,0,18,18,1,36,37,20,0,1,3,1,11,9,4,21,25,0,1,0,0,1,0,0,0,1,1,1,1,0,0,0,2,1,0,3,3,185,2,9,-226,12,New Orleans
2022,3,26,35,1,3,4,5,34,22,7,61,68,20,1,0,1,3,13,5,1,21,22,14,0,3,2,2,21,16,5,39,44,0,0,0,0,0,0,0,0,0,0,1,0,0,1,0,0,1,1,1,2,170,2,9,-225,13,New Orleans
2023,3,26,33,3,3,5,6,32,47,8,85,93,15,0,2,2,2,13,9,4,24,28,12,2,1,2,4,18,37,3,59,62,0,0,0,0,0,0,0,0,0,0,6,1,0,1,0,1,1,1,2,3,167,0,14,-224,14,New Orleans
2024,3,26,38,2,1,2,2,24,19,3,45,48,24,2,1,0,0,15,7,1,22,23,12,0,0,1,2,8,12,1,22,23,0,0,0,0,0,0,0,0,0,0,2,0,0,1,0,1,0,1,1,2,149,0,7,-222,16,New Orleans
2012,4,26,16,1,1,2,13,26,14,3,53,56,9,0,0,1,10,16,6,1,32,33,5,0,0,1,3,9,7,1,19,20,0,0,0,0,0,0,0,0,0,0,2,1,1,0,0,1,1,1,2,3,202,0,15,-192,46,New Orleans
2013,4,26,30,1,5,4,7,37,16,9,60,69,16,1,2,3,5,21,6,5,32,37,12,0,2,1,2,14,8,3,24,27,0,0,0,0,0,1,0,0,1,1,2,0,1,0,0,1,2,1,3,4,185,1,10,-191,47,New Orleans
2014,4,26,46,1,1,6,3,47,19,7,69,76,25,1,0,3,3,26,6,3,35,38,21,0,1,3,0,18,13,4,31,35,0,0,0,0,0,0,0,0,0,0,0,0,0,0,0,3,0,0,3,3,214,0,9,-190,48,New Orleans
2015,4,26,31,0,6,3,10,33,8,9,51,60,20,0,1,0,9,25,5,1,39,40,8,0,5,3,1,8,3,8,12,20,1,0,0,0,0,0,0,0,0,0,2,0,0,0,0,0,0,0,0,0,170,2,7,-189,49,New Orleans
2016,4,26,37,1,2,4,2,25,14,6,41,47,16,0,0,1,1,22,7,1,30,31,16,0,1,3,0,3,7,4,10,14,0,0,0,0,0,0,0,0,0,0,5,1,1,0,1,0,0,1,1,2,147,3,14,-194,44,New Orleans
2017,4,26,34,2,3,6,6,39,14,9,59,68,18,2,0,5,4,22,5,5,31,36,16,0,2,1,2,12,9,3,23,26,0,0,0,0,0,0,0,0,0,0,0,0,1,0,0,5,0,1,5,6,185,0,10,-193,45,New Orleans
2018,4,26,46,4,3,4,8,40,23,7,71,78,34,1,1,2,5,33,8,3,46,49,9,3,2,2,1,5,13,4,19,23,1,0,0,0,2,0,1,0,3,3,2,0,0,0,0,2,1,0,3,3,256,4,39,-192,46,New Orleans
2019,4,26,52,2,3,3,4,40,4,6,48,54,36,2,0,0,1,28,3,0,32,32,10,0,2,2,2,10,1,4,13,17,0,0,0,0,1,0,0,0,1,1,6,0,1,1,0,2,0,2,2,4,192,1,14,-191,47,New Orleans
2020,4,26,45,0,0,2,4,11,20,2,35,37,24,0,0,2,1,7,12,2,20,22,20,0,0,0,3,3,8,0,14,14,0,0,0,0,0,0,0,0,0,0,1,0,0,0,0,1,0,0,1,1,113,0,2,-189,49,New Orleans
2021,4,26,50,3,0,12,1,18,39,12,58,70,31,3,0,8,0,9,12,8,21,29,16,0,0,3,1,8,27,3,36,39,1,0,0,0,0,0,0,0,0,0,2,0,0,1,0,1,0,1,1,2,179,2,6,-195,43,New Orleans
2022,4,26,39,5,1,3,5,27,12,4,44,48,25,1,1,2,3,17,7,3,27,30,12,4,0,1,2,9,5,1,16,17,0,0,0,0,0,0,0,0,0,0,2,0,0,0,0,1,0,0,1,1,151,1,5,-194,44,New Orleans
2023,4,26,29,0,0,5,7,29,29,5,65,70,16,0,0,2,5,15,9,2,29,31,10,0,0,3,2,12,18,3,32,35,0,0,0,0,0,0,1,0,1,1,3,0,0,0,0,2,1,0,3,3,152,2,7,-193,45,New Orleans
2024,4,26,39,2,0,4,11,36,21,4,68,72,18,1,0,1,8,20,5,1,33,34,19,0,0,2,2,11,16,2,29,31,1,0,0,0,1,1,0,0,2,2,1,1,0,1,0,4,0,1,4,5,173,3,12,-191,47,New Orleans
2012,5,26,27,0,1,6,11,30,16,7,57,64,11,0,0,4,6,15,10,4,31,35,13,0,0,2,3,12,5,2,20,22,0,0,0,0,0,1,0,0,1,1,3,0,1,0,2,2,1,1,5,6,176,1,18,-162,76,New Orleans
2013,5,26,29,1,2,3,9,25,21,5,55,60,14,1,1,2,6,17,7,3,30,33,14,0,0,1,2,7,12,1,21,22,0,0,0,0,0,1,0,0,1,1,1,0,1,0,1,0,2,1,3,4,165,1,13,-161,77,New Orleans
2014,5,26,24,1,4,5,8,27,14,9,49,58,12,1,2,3,7,15,6,5,28,33,8,0,1,2,1,9,7,3,17,20,2,0,0,0,0,1,0,0,1,1,2,0,1,0,0,2,1,1,3,4,146,3,9,-160,78,New Orleans
2015,5,26,37,1,4,4,15,27,24,8,66,74,18,1,2,3,13,23,8,5,44,49,15,0,2,1,2,4,15,3,21,24,0,0,0,0,0,0,0,0,0,0,4,0,0,0,0,0,1,0,1,1,163,0,8,-159,79,New Orleans
2016,5,26,42,1,4,4,7,28,5,8,40,48,22,0,2,4,6,19,2,6,27,33,12,1,2,0,1,5,2,2,8,10,0,0,0,0,0,0,0,0,0,0,8,0,0,0,0,4,1,0,5,5,162,0,18,-164,74,New Orleans
2017,5,26,40,1,5,4,4,26,20,9,50,59,25,1,2,0,2,16,6,2,24,26,11,0,2,2,1,9,11,4,21,25,0,0,0,0,0,0,0,0,0,0,4,0,1,2,1,1,3,3,5,8,183,0,17,-163,75,New Orleans
2018,5,26,55,0,5,7,4,45,22,12,71,83,37,0,3,6,3,25,6,9,34,43,14,0,2,1,0,14,13,3,27,30,0,0,0,0,0,1,2,0,3,3,4,0,0,0,1,5,1,0,7,7,204,3,15,-162,76,New Orleans
2019,5,26,68,1,3,4,7,29,31,7,67,74,32,0,0,4,4,15,13,4,32,36,27,1,3,0,3,12,16,3,31,34,0,0,0,0,0,0,1,0,1,1,9,0,0,0,0,2,1,0,3,3,216,1,15,-161,77,New Orleans
2020,5,26,46,1,2,4,5,26,19,6,50,56,27,1,1,3,3,21,8,4,32,36,16,0,0,0,2,4,9,0,15,15,0,0,0,0,0,0,0,0,0,0,3,0,1,1,0,1,2,2,3,5,144,0,11,-159,79,New Orleans
2021,5,26,40,0,1,7,1,25,36,8,62,70,28,0,0,4,1,19,11,4,31,35,8,0,1,2,0,5,23,3,28,31,0,0,0,0,0,0,0,0,0,0,4,0,0,1,0,1,2,1,3,4,175,0,10,-165,73,New Orleans
2022,5,26,33,4,3,8,1,25,14,11,40,51,18,1,1,6,1,18,9,7,28,35,12,1,2,2,0,5,5,4,10,14,1,0,0,0,0,0,0,0,0,0,2,2,0,0,0,2,0,0,2,2,142,2,9,-164,74,New Orleans
2023,5,26,27,1,3,7,8,32,23,10,63,73,16,0,2,4,6,20,8,6,34,40,10,1,0,2,2,8,12,2,22,24,0,0,0,0,0,0,0,0,0,0,1,0,1,1,0,4,3,2,7,9,145,1,12,-163,75,New Orleans
2024,5,26,40,0,1,2,2,44,16,3,62,65,17,0,1,2,1,22,5,3,28,31,19,0,0,0,1,20,10,0,31,31,0,0,0,0,0,1,0,0,1,1,4,0,0,0,0,1,1,0,2,2,147,1,8,-161,77,New Orleans
2012,6,26,27,2,5,1,7,27,21,6,55,61,20,0,4,1,6,22,4,5,32,37,7,1,1,0,0,3,17,1,20,21,0,0,0,0,0,0,0,0,0,0,0,1,0,0,1,2,0,0,3,3,232,4,13,-131,107,New Orleans
2013,6,26,25,1,1,1,11,41,9,2,61,63,19,1,0,0,6,32,4,0,42,42,5,0,1,1,5,8,5,2,18,20,0,0,0,0,0,0,0,0,0,0,1,0,0,0,0,1,0,0,1,1,235,1,12,-130,108,New Orleans
2014,6,26,21,3,4,0,12,38,16,4,66,70,12,1,2,0,8,29,7,2,44,46,7,1,2,0,4,7,8,2,19,21,1,0,0,0,0,0,0,0,0,0,1,1,0,0,0,2,1,0,3,3,209,2,9,-129,109,New Orleans
2015,6,26,33,2,3,0,11,28,13,3,52,55,17,1,2,0,9,23,2,2,34,36,11,1,1,0,1,5,10,1,16,17,0,0,0,0,0,0,0,0,0,0,5,0,0,0,1,0,1,0,2,2,167,1,14,-128,110,New Orleans
2016,6,26,44,1,6,3,10,28,18,9,56,65,23,0,2,1,7,12,8,3,27,30,17,1,4,1,2,15,10,5,27,32,1,0,0,1,1,0,0,1,1,2,3,0,0,0,0,1,0,0,1,1,165,4,10,-133,105,New Orleans
2017,6,26,40,4,7,1,8,33,26,8,67,75,24,1,4,1,5,24,11,5,40,45,13,2,3,0,3,7,13,3,23,26,0,0,0,0,0,0,1,0,1,1,3,1,0,0,0,2,1,0,3,3,187,1,10,-132,106,New Orleans
2018,6,26,52,0,4,3,12,42,22,7,76,83,22,0,1,2,4,33,7,3,44,47,23,0,2,1,6,8,15,3,29,32,0,0,0,0,1,0,0,0,1,1,7,0,1,0,1,1,0,1,2,3,212,1,16,-131,107,New Orleans
2019,6,26,46,2,2,4,3,41,11,6,55,61,30,2,1,3,1,26,7,4,34,38,11,0,1,1,1,15,4,2,20,22,2,0,0,0,1,0,0,0,1,1,3,0,0,0,0,0,0,0,0,0,182,4,6,-130,108,New Orleans
2020,6,26,46,0,2,12,5,25,22,14,52,66,26,0,2,8,3,22,9,10,34,44,17,0,0,4,2,2,12,4,16,20,0,0,0,0,0,0,0,0,0,0,3,0,0,0,0,1,1,0,2,2,178,2,9,-128,110,New Orleans
2021,6,26,44,1,0,5,4,30,23,5,57,62,28,1,0,2,2,21,9,2,32,34,14,0,0,2,2,8,14,2,24,26,0,0,0,0,0,1,0,0,1,1,2,0,0,1,0,0,0,1,0,1,170,1,8,-134,104,New Orleans
2022,6,26,30,4,10,5,7,25,41,15,73,88,16,4,3,4,2,12,19,7,33,40,13,0,5,1,4,13,21,6,38,44,0,0,0,0,1,0,1,0,2,2,1,0,2,0,0,0,0,2,0,2,175,3,8,-133,105,New Orleans
2023,6,26,36,2,2,2,5,27,19,4,51,55,22,0,2,0,4,24,11,2,39,41,13,1,0,2,1,3,6,2,10,12,0,1,0,0,0,0,0,0,0,0,1,0,0,0,0,0,2,0,2,2,139,2,6,-132,106,New Orleans
2024,6,26,43,1,0,3,2,25,20,3,47,50,24,1,0,3,2,17,11,3,30,33,16,0,0,0,0,7,9,0,16,16,1,0,0,0,0,0,0,0,0,0,2,0,0,0,0,1,0,0,1,1,149,4,9,-130,108,New Orleans
2012,7,26,28,4,1,2,9,40,10,3,59,62,18,3,0,2,9,28,4,2,41,43,8,0,0,0,0,8,6,0,14,14,0,0,0,0,0,2,0,0,2,2,2,1,1,0,0,2,0,1,2,3,209,2,13,-101,137,New Orleans
2013,7,26,32,1,3,5,4,33,8,8,45,53,13,1,2,1,4,24,1,3,29,32,17,0,0,4,0,9,6,4,15,19,0,0,1,0,0,0,1,1,1,2,2,0,0,0,0,0,0,0,0,0,184,2,14,-100,138,New Orleans
2014,7,26,40,3,9,4,13,33,22,13,68,81,23,2,1,2,9,19,9,3,37,40,15,1,6,2,3,14,13,8,30,38,0,0,0,0,0,0,0,0,0,0,2,0,2,0,1,0,0,2,1,3,197,0,8,-99,139,New Orleans
2015,7,26,41,0,5,5,7,29,22,10,58,68,26,0,1,3,2,17,13,4,32,36,13,0,4,1,4,11,8,5,23,28,0,0,0,0,0,0,1,0,1,1,2,0,0,1,1,1,0,1,2,3,190,2,15,-98,140,New Orleans
2016,7,26,32,0,3,2,5,30,20,5,55,60,16,0,2,1,5,18,5,3,28,31,13,0,1,1,0,9,13,2,22,24,0,0,0,0,0,0,0,0,0,0,3,0,0,0,0,3,2,0,5,5,143,0,11,-103,135,New Orleans
2017,7,26,36,3,3,5,5,45,17,8,67,75,25,3,2,1,3,33,5,3,41,44,8,0,1,4,2,9,12,5,23,28,1,0,0,0,0,0,0,0,0,0,2,0,0,0,0,3,0,0,3,3,201,1,18,-102,136,New Orleans
2018,7,26,49,3,5,8,3,33,8,13,44,57,29,1,1,5,0,25,3,6,28,34,15,2,3,1,3,7,2,4,12,16,0,0,1,0,0,0,3,1,3,4,5,0,0,2,0,1,0,2,1,3,211,5,29,-101,137,New Orleans
2019,7,26,58,2,1,1,9,39,24,2,72,74,32,2,0,1,5,25,14,1,44,45,23,0,0,0,4,12,7,0,23,23,0,0,0,0,0,0,0,0,0,0,3,0,1,0,0,2,3,1,5,6,195,0,14,-100,138,New Orleans
2020,7,26,49,3,1,6,3,12,10,7,25,32,23,3,0,4,2,7,4,4,13,17,16,0,1,2,1,4,5,3,10,13,5,0,0,0,0,1,0,0,1,1,5,0,0,0,0,0,1,0,1,1,139,6,8,-98,140,New Orleans
2021,7,26,48,4,5,6,0,32,29,11,61,72,29,4,1,1,0,18,6,2,24,26,13,0,3,3,0,8,22,6,30,36,2,0,0,0,0,1,1,0,2,2,4,0,1,2,0,5,0,3,5,8,184,4,16,-104,134,New Orleans
2022,7,26,40,1,0,4,5,20,54,4,79,83,20,0,0,2,1,12,10,2,23,25,15,1,0,2,3,6,43,2,52,54,1,0,0,0,0,0,1,0,1,1,4,0,0,0,1,2,0,0,3,3,169,2,11,-103,135,New Orleans
2023,7,26,43,2,3,3,8,37,24,6,69,75,20,1,1,3,2,25,10,4,37,41,20,1,2,0,6,12,13,2,31,33,2,0,0,0,0,0,1,0,1,1,1,0,0,0,0,0,0,0,0,0,177,3,6,-102,136,New Orleans
2024,7,26,36,0,0,6,2,30,17,6,49,55,21,0,0,4,1,18,8,4,27,31,9,0,0,2,1,10,8,2,19,21,0,0,0,0,0,1,0,0,1,1,6,0,0,0,0,1,1,0,2,2,138,2,10,-100,138,New Orleans
2012,8,26,30,2,0,4,12,16,12,4,40,44,13,1,0,3,7,9,3,3,19,22,14,0,0,1,5,6,9,1,20,21,1,0,0,0,0,0,0,0,0,0,2,1,0,0,0,1,0,0,1,1,172,3,9,-70,168,New Orleans
2013,8,26,27,1,2,2,7,37,13,4,57,61,17,0,1,1,6,24,4,2,34,36,7,1,1,1,1,11,7,2,19,21,0,0,0,0,0,1,0,0,1,1,3,0,0,0,0,1,2,0,3,3,191,1,10,-69,169,New Orleans
2014,8,26,30,0,7,2,12,25,26,9,63,72,16,0,3,1,9,20,7,4,36,40,9,0,3,1,3,4,18,4,25,29,1,0,0,0,0,0,0,0,0,0,4,0,1,0,0,1,1,1,2,3,181,2,15,-68,170,New Orleans
2015,8,26,21,0,3,6,6,20,13,9,39,48,13,0,0,5,2,16,7,5,25,30,7,0,2,1,4,3,6,3,13,16,0,0,0,0,0,1,0,0,1,1,1,0,1,0,0,0,0,1,0,1,129,1,3,-67,171,New Orleans
2016,8,26,37,1,2,3,7,31,15,5,53,58,24,1,0,0,2,18,2,0,22,22,10,0,2,2,4,13,11,4,28,32,0,0,0,0,0,0,0,0,0,0,3,0,0,1,1,0,2,1,3,4,156,0,13,-72,166,New Orleans
2017,8,26,51,2,7,6,4,41,9,13,54,67,23,2,4,3,3,28,7,7,38,45,23,0,3,3,1,12,2,6,15,21,0,0,0,0,0,0,0,0,0,0,5,0,0,0,0,1,0,0,1,1,182,0,10,-71,167,New Orleans
2018,8,26,62,3,3,7,6,32,26,10,64,74,35,1,0,4,3,26,15,4,44,48,25,2,2,3,3,6,11,5,20,25,0,0,1,0,0,0,0,1,0,1,2,0,0,0,0,0,0,0,0,0,216,1,6,-70,168,New Orleans
2019,8,26,43,3,1,2,7,26,25,3,58,61,26,1,0,2,2,18,11,2,31,33,15,2,1,0,4,7,14,1,25,26,1,0,0,0,1,0,0,0,1,1,1,0,0,0,0,1,0,0,1,1,155,3,8,-69,169,New Orleans
2020,8,26,44,6,1,1,7,30,45,2,82,84,26,4,1,1,4,22,23,2,49,51,16,1,0,0,3,8,22,0,33,33,0,0,0,0,0,0,0,0,0,0,2,1,0,0,0,0,0,0,0,0,178,0,5,-67,171,New Orleans
2021,8,26,31,2,2,3,2,25,27,5,54,59,21,1,1,3,1,22,7,4,30,34,9,1,0,0,1,2,20,0,23,23,0,0,0,0,0,0,0,0,0,0,1,0,1,0,0,1,0,1,1,2,147,1,5,-73,165,New Orleans
2022,8,26,45,2,2,8,4,22,54,10,80,90,27,1,1,5,3,12,22,6,37,43,17,1,1,2,1,9,25,3,35,38,0,0,0,0,0,0,0,0,0,0,1,0,0,1,0,1,7,1,8,9,177,0,16,-72,166,New Orleans
2023,8,26,38,6,5,1,3,26,33,6,62,68,19,4,2,0,1,11,9,2,21,23,14,2,2,1,2,13,22,3,37,40,2,0,0,0,0,0,0,0,0,0,3,0,1,0,0,2,2,1,4,5,160,2,11,-71,167,New Orleans
2024,8,26,50,0,1,3,8,22,23,4,53,57,26,0,1,3,6,16,8,4,30,34,16,0,0,0,2,4,15,0,21,21,2,0,0,0,0,0,0,0,0,0,6,0,0,0,0,2,0,0,2,2,156,2,13,-69,169,New Orleans
2012,9,26,25,1,5,0,4,29,7,5,40,45,15,0,0,0,4,18,5,0,27,27,10,1,4,0,0,5,2,4,7,11,0,0,0,0,0,0,0,0,0,0,0,0,1,0,0,6,0,1,6,7,199,0,14,-39,199,New Orleans
2013,9,26,29,1,6,7,9,37,9,13,55,68,18,0,4,3,6,20,3,7,29,36,11,1,2,4,3,13,6,6,22,28,0,0,0,0,0,0,0,0,0,0,0,0,0,0,0,4,0,0,4,4,217,0,6,-38,200,New Orleans
2014,9,26,34,3,3,1,8,40,11,4,59,63,15,0,2,1,4,29,4,3,37,40,16,3,1,0,2,7,7,1,16,17,0,0,0,0,1,2,0,0,3,3,3,0,0,0,1,2,0,0,3,3,174,4,10,-37,201,New Orleans
2015,9,26,38,1,1,6,7,36,15,7,58,65,22,0,1,4,5,23,8,5,36,41,13,1,0,1,2,10,7,1,19,20,0,0,0,0,0,1,0,0,1,1,3,0,0,1,0,2,0,1,2,3,162,1,10,-36,202,New Orleans
2016,9,26,42,1,4,2,5,27,22,6,54,60,26,1,1,0,3,14,5,1,22,23,13,0,3,2,2,11,17,5,30,35,0,0,0,0,0,1,0,0,1,1,3,0,0,0,0,1,0,0,1,1,172,2,6,-41,197,New Orleans
2017,9,26,45,1,4,5,2,33,14,9,49,58,26,0,0,3,0,23,7,3,30,33,17,1,4,2,1,9,5,6,15,21,0,0,0,0,0,0,1,0,1,1,2,0,0,0,1,1,1,0,3,3,167,2,9,-40,198,New Orleans
2018,9,26,33,0,2,3,7,31,26,5,64,69,17,0,1,1,3,23,12,2,38,40,13,0,0,2,4,5,12,2,21,23,1,0,0,0,0,1,1,0,2,2,2,0,1,0,0,2,1,1,3,4,198,6,12,-39,199,New Orleans
2019,9,26,29,4,0,4,6,49,10,4,65,69,19,3,0,2,3,33,5,2,41,43,6,1,0,2,3,14,4,2,21,23,0,0,0,0,0,0,0,0,0,0,4,0,0,0,0,2,1,0,3,3,186,0,10,-38,200,New Orleans
2020,9,26,57,3,0,4,6,15,23,4,44,48,27,2,0,1,3,9,13,1,25,26,26,1,0,2,2,6,6,2,14,16,0,0,0,0,0,0,0,0,0,0,4,0,0,1,1,0,4,1,5,6,157,0,12,-36,202,New Orleans
2021,9,26,53,0,4,11,7,26,29,15,62,77,26,0,3,4,4,12,10,7,26,33,25,0,1,6,3,12,15,7,30,37,0,0,0,0,0,0,2,0,2,2,2,0,0,1,0,2,2,1,4,5,188,3,9,-42,196,New Orleans
2022,9,26,40,2,2,10,3,24,41,12,68,80,23,2,1,4,1,19,18,5,38,43,13,0,1,4,2,4,19,5,25,30,0,0,0,0,0,1,0,0,1,1,4,0,0,2,0,0,4,2,4,6,180,1,16,-41,197,New Orleans
2023,9,26,33,0,3,2,4,26,46,5,76,81,13,0,0,2,2,17,18,2,37,39,13,0,2,0,1,7,28,2,36,38,0,0,0,0,1,0,0,0,1,1,7,0,1,0,0,2,0,1,2,3,161,1,11,-40,198,New Orleans
2024,9,26,47,0,2,3,7,23,13,5,43,48,30,0,0,3,4,15,8,3,27,30,14,0,1,0,3,7,5,1,15,16,0,0,0,0,0,0,0,0,0,0,3,0,1,0,0,1,0,1,1,2,156,4,7,-38,200,New Orleans
2012,10,26,19,2,1,5,11,25,10,6,46,52,8,1,1,3,7,13,3,4,23,27,8,1,0,2,4,11,7,2,22,24,1,0,0,0,0,0,0,0,0,0,2,0,0,0,0,1,0,0,1,1,163,1,10,-9,229,New Orleans
2013,10,26,36,3,5,8,8,31,19,13,58,71,16,3,1,2,2,18,5,3,25,28,20,0,4,5,6,12,13,9,31,40,0,0,0,0,0,0,1,0,1,1,0,0,0,1,0,1,0,1,1,2,178,1,7,-8,230,New Orleans
2014,10,26,43,2,0,4,7,27,22,4,56,60,22,1,0,1,3,15,10,1,28,29,19,0,0,3,4,10,11,3,25,28,0,0,0,0,0,1,0,0,1,1,2,1,0,0,0,1,1,0,2,2,153,1,9,-7,231,New Orleans
2015,10,26,33,0,3,0,10,22,5,3,37,40,20,0,1,0,7,16,1,1,24,25,10,0,1,0,3,5,4,1,12,13,0,0,0,0,0,0,0,0,0,0,3,0,1,0,0,1,0,1,1,2,142,1,8,-6,232,New Orleans
2016,10,26,26,1,2,4,7,36,8,6,51,57,14,0,1,4,4,22,4,5,30,35,8,0,1,0,2,13,4,1,19,20,0,0,0,0,1,0,0,0,1,1,4,1,0,0,0,1,0,0,1,1,144,1,7,-11,227,New Orleans
2017,10,26,44,1,4,3,3,40,16,7,59,66,27,1,0,2,1,23,5,2,29,31,16,0,3,1,2,13,8,4,23,27,0,0,0,0,0,2,1,0,3,3,1,0,1,0,0,2,2,1,4,5,187,5,8,-10,228,New Orleans
2018,10,26,42,2,4,3,8,46,15,7,69,76,19,1,1,1,4,28,6,2,38,40,21,1,3,0,2,16,8,3,26,29,1,0,0,1,1,0,0,1,1,2,1,0,0,1,1,2,1,1,4,5,212,3,15,-9,229,New Orleans
2019,10,26,34,0,2,1,7,55,14,3,76,79,18,0,0,0,4,16,3,0,23,23,13,0,2,1,3,35,10,3,48,51,0,0,0,0,0,0,1,0,1,1,3,0,0,0,0,4,0,0,4,4,181,1,9,-8,230,New Orleans
2020,10,26,43,3,1,8,5,23,23,9,51,60,22,1,1,6,4,17,10,7,31,38,15,2,0,2,1,5,11,2,17,19,0,0,0,0,0,1,0,0,1,1,6,0,0,0,0,0,2,0,2,2,168,1,11,-6,232,New Orleans
2021,10,26,29,4,3,9,5,26,22,12,53,65,16,0,1,6,3,18,3,7,24,31,9,2,2,2,2,6,17,4,25,29,0,0,0,0,0,0,0,0,0,0,4,2,0,1,0,2,2,1,4,5,158,0,15,-12,226,New Orleans
2022,10,26,23,3,2,0,10,29,22,2,61,63,12,2,0,0,4,17,8,0,29,29,6,1,1,0,6,11,12,1,29,30,2,0,1,0,0,1,1,1,2,3,3,0,0,0,0,0,1,0,1,1,139,6,6,-11,227,New Orleans
2023,10,26,41,2,3,3,4,27,28,6,59,65,24,2,1,1,0,13,7,2,20,22,15,0,2,2,4,12,18,4,34,38,0,0,0,0,0,1,1,0,2,2,2,0,0,0,0,1,2,0,3,3,165,2,7,-10,228,New Orleans
2024,10,26,45,0,0,4,5,34,16,4,55,59,28,0,0,2,2,18,4,2,24,26,14,0,0,2,3,16,12,2,31,33,1,0,0,0,0,0,0,0,0,0,2,0,0,0,0,0,0,0,0,0,165,2,7,-8,230,New Orleans
2012,11,26,21,1,3,2,11,28,12,5,51,56,12,0,0,1,9,16,5,1,30,31,6,1,3,1,1,12,7,4,20,24,1,0,0,0,0,0,0,0,0,0,2,0,0,0,1,0,0,0,1,1,222,1,12,22,260,New Orleans
2013,11,26,26,0,3,1,10,34,15,4,59,63,10,0,0,0,5,24,8,0,37,37,14,0,3,1,5,9,7,4,21,25,0,0,0,0,0,0,0,0,0,0,2,0,0,0,0,1,0,0,1,1,175,0,8,23,261,New Orleans
2014,11,26,31,2,3,1,8,24,13,4,45,49,12,0,1,1,3,20,7,2,30,32,17,1,2,0,5,3,6,2,14,16,0,0,0,0,0,1,0,0,1,1,2,1,0,0,0,0,0,0,0,0,130,3,6,24,262,New Orleans
2015,11,26,36,0,4,4,5,15,8,8,28,36,11,0,1,2,3,9,2,3,14,17,21,0,3,2,2,5,6,5,13,18,0,0,0,0,0,0,0,0,0,0,4,0,0,0,0,1,0,0,1,1,123,1,5,25,263,New Orleans
2016,11,26,43,4,3,6,11,30,20,9,61,70,14,1,0,3,5,13,8,3,26,29,26,3,3,2,5,12,12,5,29,34,0,0,0,0,0,2,0,0,2,2,3,0,0,1,1,3,0,1,4,5,187,2,15,20,258,New Orleans
2017,11,26,59,3,6,5,4,27,21,11,52,63,27,0,0,3,0,15,3,3,18,21,30,3,6,2,4,11,16,8,31,39,0,0,0,0,0,0,1,0,1,1,2,0,0,0,0,1,1,0,2,2,214,1,10,21,259,New Orleans
2018,11,26,45,1,5,1,11,36,16,6,63,69,22,0,2,1,5,20,6,3,31,34,20,1,2,0,4,13,9,2,26,28,0,0,0,0,2,0,0,0,2,2,3,0,1,0,0,3,1,1,4,5,199,3,11,22,260,New Orleans
2019,11,26,34,2,0,5,6,27,56,5,89,94,14,1,0,2,3,17,4,2,24,26,17,1,0,3,2,9,52,3,63,66,0,0,0,0,1,0,0,0,1,1,3,0,0,0,0,1,0,0,1,1,186,1,10,23,261,New Orleans
2020,11,26,49,1,4,5,6,20,36,9,62,71,21,0,1,2,2,14,7,3,23,26,24,1,3,3,4,6,29,6,39,45,0,0,0,0,0,0,0,0,0,0,4,0,0,0,0,0,0,0,0,0,170,1,6,25,263,New Orleans
2021,11,26,36,4,2,5,7,29,27,7,63,70,14,1,0,1,4,14,6,1,24,25,19,3,2,1,2,13,20,3,35,38,0,0,0,0,0,0,0,0,0,0,3,0,0,3,1,2,1,3,4,7,145,1,11,19,257,New Orleans
2022,11,26,31,30,2,6,3,17,45,8,65,73,11,0,0,2,1,8,16,2,25,27,17,29,2,3,2,8,28,5,38,43,0,0,0,0,0,0,1,0,1,1,3,1,0,1,0,1,0,1,1,2,175,1,7,20,258,New Orleans
2023,11,26,37,6,1,3,5,24,33,4,62,66,17,1,0,1,1,15,12,1,28,29,20,3,1,2,4,8,18,3,30,33,0,0,0,0,0,0,2,0,2,2,0,2,0,0,0,1,1,0,2,2,159,2,4,21,259,New Orleans
2024,11,26,38,2,3,2,4,25,15,5,44,49,18,1,1,0,3,15,3,1,21,22,16,1,2,1,1,10,10,3,21,24,0,0,0,0,0,0,0,0,0,0,4,0,0,1,0,0,2,1,2,3,134,0,13,23,261,New Orleans
2012,12,26,18,1,1,2,12,22,10,3,44,47,6,1,0,1,6,12,5,1,23,24,12,0,1,1,4,10,5,2,19,21,0,0,0,0,0,0,0,0,0,0,0,0,0,0,2,0,0,0,2,2,166,0,7,52,290,New Orleans
2013,12,26,22,1,2,0,7,30,13,2,50,52,10,0,2,0,5,16,4,2,25,27,8,0,0,0,2,9,8,0,19,19,0,0,0,0,0,0,0,0,0,0,4,1,0,0,0,5,1,0,6,6,160,0,19,53,291,New Orleans
2014,12,26,30,0,2,3,11,17,22,5,50,55,18,0,0,0,5,13,9,0,27,27,12,0,2,2,6,4,11,4,21,25,0,0,0,0,0,0,0,0,0,0,0,0,0,1,0,0,2,1,2,3,131,0,6,54,292,New Orleans
2015,12,26,39,1,10,4,11,29,8,14,48,62,12,0,1,1,7,14,1,2,22,24,24,1,9,3,3,12,7,12,22,34,1,0,0,0,0,0,0,0,0,0,2,0,0,0,1,3,0,0,4,4,146,1,12,55,293,New Orleans
2016,12,26,43,1,5,5,5,33,18,10,56,66,22,0,1,3,2,20,5,4,27,31,17,1,4,2,3,12,11,6,26,32,0,0,0,0,0,0,1,0,1,1,4,0,0,0,0,1,1,0,2,2,197,1,8,50,288,New Orleans
2017,12,26,49,4,1,4,6,27,23,5,56,61,19,2,1,2,4,13,12,3,29,32,24,2,0,0,2,12,11,0,25,25,0,0,0,0,0,0,0,0,0,0,6,0,0,2,0,2,0,2,2,4,183,0,11,51,289,New Orleans
2018,12,26,47,1,2,3,8,31,21,5,60,65,24,0,0,3,4,22,8,3,34,37,17,0,2,0,4,9,12,2,25,27,2,0,0,0,0,0,0,0,0,0,4,1,0,0,0,0,1,0,1,1,175,2,9,52,290,New Orleans
2019,12,26,3,0,1,3,1,11,7,4,19,23,2,0,0,2,1,6,2,2,9,11,1,0,1,0,0,3,5,1,8,9,0,0,0,0,0,0,0,0,0,0,0,0,0,1,0,2,0,1,2,3,43,0,3,53,291,New Orleans
2020,12,26,33,0,1,5,1,18,16,6,35,41,13,0,0,0,1,10,6,0,17,17,17,0,1,4,0,7,10,5,17,22,0,0,0,0,0,0,0,0,0,0,3,0,0,1,0,1,0,1,1,2,115,1,7,55,293,New Orleans
2021,12,26,31,0,2,5,3,6,10,7,19,26,15,0,0,1,1,3,3,1,7,8,16,0,2,4,2,2,7,6,11,17,0,0,0,0,0,0,0,0,0,0,0,0,0,0,0,1,0,0,1,1,80,0,2,49,287,New Orleans
2022,12,26,32,1,2,2,5,23,46,4,74,78,15,0,0,0,2,20,14,0,36,36,17,1,2,2,3,3,31,4,37,41,0,0,0,0,0,0,1,0,1,1,0,0,0,0,0,0,0,0,0,0,148,1,2,50,288,New Orleans
2023,12,26,46,0,5,3,8,13,19,8,40,48,27,0,3,1,4,5,7,4,16,20,17,0,2,1,4,5,12,3,21,24,0,0,0,1,0,0,0,1,0,1,2,0,0,0,0,3,0,0,3,3,145,1,11,51,289,New Orleans
2024,12,26,22,1,0,0,1,14,5,0,20,20,7,1,0,0,0,8,2,0,10,10,12,0,0,0,1,5,3,0,9,9,0,0,0,0,0,0,0,0,0,0,3,0,0,0,0,1,0,0,1,1,63,0,5,53,291,New Orleans
2012,1,27,23,0,2,0,10,24,14,2,48,50,12,0,1,0,4,13,2,1,19,20,11,0,1,0,5,10,11,1,26,27,0,0,0,0,1,0,0,0,1,1,0,0,0,0,0,1,1,0,2,2,187,1,12,-282,-44,New Orleans
2013,1,27,28,3,3,3,9,34,10,6,53,59,10,1,0,2,6,14,3,2,23,25,14,2,3,0,2,16,6,3,24,27,0,0,0,0,0,1,1,0,2,2,4,0,0,1,1,3,0,1,4,5,197,4,13,-280,-42,New Orleans
2014,1,27,20,0,5,1,13,34,14,6,61,67,11,0,0,0,13,20,5,0,38,38,7,0,5,1,0,11,9,6,20,26,0,0,0,0,0,1,0,0,1,1,2,0,0,0,0,2,0,0,2,2,178,1,9,-279,-41,New Orleans
2015,1,27,41,1,5,4,9,48,12,9,69,78,25,1,2,1,7,36,4,3,47,50,14,0,3,2,2,10,8,5,20,25,0,0,0,0,0,0,0,0,0,0,2,0,0,1,0,2,0,1,2,3,211,0,13,-278,-40,New Orleans
2016,1,27,28,3,4,5,12,23,19,9,54,63,18,1,0,3,8,17,7,3,32,35,7,2,3,0,3,5,12,3,20,23,0,0,0,1,0,0,0,1,0,1,3,0,1,1,1,1,0,2,2,4,222,1,11,-284,-46,New Orleans
2017,1,27,43,2,2,1,11,40,14,3,65,68,21,0,0,1,2,22,3,1,27,28,21,2,2,0,9,17,11,2,37,39,0,0,0,0,0,0,0,0,0,0,1,0,0,0,0,1,0,0,1,1,193,0,7,-282,-44,New Orleans
2018,1,27,51,0,4,3,7,32,18,7,57,64,23,0,0,1,4,12,5,1,21,22,23,0,3,1,3,17,13,4,33,37,2,0,1,0,0,0,0,1,0,1,3,0,0,1,0,3,0,1,3,4,186,6,12,-281,-43,New Orleans
2019,1,27,50,3,4,5,4,29,22,9,55,64,15,0,0,3,1,9,4,3,14,17,31,3,4,2,2,16,17,6,35,41,0,0,0,0,0,1,0,0,1,1,4,0,0,0,1,3,1,0,5,5,191,4,17,-280,-42,New Orleans
2020,1,27,31,3,0,3,2,26,42,3,70,73,15,2,0,1,1,9,8,1,18,19,16,1,0,1,1,15,34,1,50,51,0,0,0,0,0,0,0,0,0,0,0,0,0,1,0,2,0,1,2,3,148,3,3,-279,-41,New Orleans
2021,1,27,48,2,0,2,2,22,22,2,46,48,23,1,0,0,0,13,5,0,18,18,23,0,0,2,2,7,16,2,25,27,0,0,0,0,0,0,0,0,0,0,2,1,0,0,0,2,1,0,3,3,163,0,10,-284,-46,New Orleans
2022,1,27,28,3,2,2,1,20,33,4,54,58,12,2,0,1,0,11,15,1,26,27,15,1,2,1,1,7,16,3,24,27,0,0,0,0,0,0,0,0,0,0,1,0,0,0,0,2,2,0,4,4,149,0,11,-283,-45,New Orleans
2023,1,27,33,2,3,6,7,21,23,9,51,60,17,1,0,2,4,11,8,2,23,25,14,1,3,3,3,7,14,6,24,30,0,0,0,0,0,1,0,0,1,1,2,0,0,1,0,2,1,1,3,4,147,1,8,-282,-44,New Orleans
2024,1,27,36,2,2,2,4,29,34,4,67,71,15,1,0,2,2,10,6,2,18,20,20,1,2,0,1,15,24,2,40,42,1,0,0,0,0,1,1,0,2,2,0,0,0,0,1,3,3,0,7,7,164,4,11,-281,-43,New Orleans
2012,2,27,19,1,1,2,5,31,11,3,47,50,14,1,1,2,4,22,8,3,34,37,4,0,0,0,1,8,2,0,11,11,0,0,0,0,0,0,0,0,0,0,1,0,0,0,0,1,1,0,2,2,185,0,8,-251,-13,New Orleans
2013,2,27,21,3,1,4,7,35,9,5,51,56,11,0,0,2,5,25,1,2,31,33,8,1,1,2,2,8,8,3,18,21,0,0,0,0,0,0,0,0,0,0,2,2,0,0,0,2,0,0,2,2,180,1,17,-249,-11,New Orleans
2014,2,27,28,0,2,0,7,48,16,2,71,73,11,0,0,0,3,27,10,0,40,40,15,0,1,0,4,20,4,1,28,29,0,0,0,0,0,0,0,0,0,0,2,0,1,0,0,1,2,1,3,4,178,0,7,-248,-10,New Orleans
2015,2,27,21,2,1,0,10,23,10,1,43,44,11,1,0,0,5,15,4,0,24,24,9,1,1,0,5,8,6,1,19,20,0,0,0,0,0,0,0,0,0,0,1,0,0,0,0,0,0,0,0,0,136,1,1,-247,-9,New Orleans
2016,2,27,36,0,4,5,9,26,19,9,54,63,17,0,2,2,5,20,5,4,30,34,17,0,1,3,2,6,13,4,21,25,0,0,0,0,0,0,0,0,0,0,2,0,1,0,2,0,1,1,3,4,146,0,8,-253,-15,New Orleans
2017,2,27,37,2,3,6,12,87,14,9,113,122,17,1,2,4,7,37,4,6,48,54,15,1,1,2,4,47,9,3,60,63,0,0,0,0,1,0,0,0,1,1,5,0,0,0,0,3,1,0,4,4,255,2,13,-251,-13,New Orleans
2018,2,27,64,3,2,4,3,32,17,6,52,58,42,1,0,3,2,25,5,3,32,35,16,2,1,1,1,6,11,2,18,20,0,0,0,0,0,0,0,0,0,0,6,0,1,0,0,1,1,1,2,3,203,0,12,-250,-12,New Orleans
2019,2,27,31,2,1,1,2,41,10,2,53,55,21,0,0,0,1,17,5,0,23,23,10,2,1,1,1,23,5,2,29,31,0,0,0,0,0,0,0,0,0,0,0,0,0,0,0,1,0,0,1,1,164,0,5,-249,-11,New Orleans
2020,2,27,49,1,2,3,4,13,14,5,31,36,28,0,0,1,1,9,3,1,13,14,18,1,2,2,2,4,9,4,15,19,0,0,0,0,0,0,0,0,0,0,3,0,0,0,1,0,2,0,3,3,133,0,11,-248,-10,New Orleans
2021,2,27,57,2,3,4,5,27,36,7,68,75,25,1,1,0,2,18,10,1,30,31,29,1,2,4,3,9,25,6,37,43,0,0,0,0,0,0,0,0,0,0,3,0,0,0,0,0,1,0,1,1,181,0,10,-253,-15,New Orleans
2022,2,27,48,7,1,4,3,63,26,5,92,97,15,4,1,0,0,18,11,1,29,30,32,1,0,3,2,42,15,3,59,62,0,0,0,1,0,0,0,1,0,1,1,2,0,0,1,3,0,0,4,4,239,2,31,-252,-14,New Orleans
2023,2,27,37,2,1,2,3,22,40,3,65,68,15,1,0,1,0,14,13,1,27,28,19,1,1,1,3,7,25,2,35,37,0,0,0,0,0,0,0,0,0,0,3,0,0,0,0,1,2,0,3,3,157,0,8,-251,-13,New Orleans
2024,2,27,42,1,0,3,1,33,10,3,44,47,19,1,0,1,0,22,4,1,26,27,21,0,0,2,1,10,6,2,17,19,0,0,0,0,0,0,0,0,0,0,2,0,0,0,0,1,0,0,1,1,147,1,6,-250,-12,New Orleans
2012,3,27,26,1,1,7,10,36,8,8,54,62,14,1,0,4,3,32,4,4,39,43,10,0,1,2,6,3,4,3,13,16,0,0,0,0,0,0,0,0,0,0,2,0,0,1,1,1,0,1,2,3,208,0,9,-222,16,New Orleans
2013,3,27,21,1,4,3,11,39,11,7,61,68,11,1,0,0,6,23,7,0,36,36,9,0,4,1,5,14,4,5,23,28,0,0,0,0,0,1,0,0,1,1,1,0,0,2,0,1,0,2,1,3,176,1,10,-221,17,New Orleans
2014,3,27,29,4,3,7,10,43,25,10,78,88,17,2,2,4,6,33,7,6,46,52,10,2,1,2,3,7,16,3,26,29,0,0,0,0,0,0,0,0,0,0,2,0,0,1,1,3,2,1,6,7,216,0,14,-220,18,New Orleans
2015,3,27,44,0,2,1,5,20,18,3,43,46,18,0,1,1,3,13,10,2,26,28,25,0,1,0,2,6,8,1,16,17,0,0,0,0,0,0,0,0,0,0,1,0,0,0,0,1,0,0,1,1,155,0,7,-219,19,New Orleans
2016,3,27,30,0,5,3,5,22,17,8,44,52,14,0,2,1,3,10,8,3,21,24,15,0,2,2,1,10,9,4,20,24,0,0,0,0,0,1,0,0,1,1,1,0,1,0,1,1,0,1,2,3,124,1,7,-224,14,New Orleans
2017,3,27,46,1,1,3,9,28,16,4,53,57,28,0,0,1,3,20,10,1,33,34,13,1,1,2,4,7,4,3,15,18,0,0,0,0,0,0,0,0,0,0,5,0,0,0,2,1,2,0,5,5,212,0,20,-223,15,New Orleans
2018,3,27,54,1,2,5,3,29,23,7,55,62,29,1,2,4,2,20,9,6,31,37,19,0,0,1,1,6,12,1,19,20,0,0,0,0,0,0,0,0,0,0,6,0,0,0,0,3,2,0,5,5,195,0,17,-222,16,New Orleans
2019,3,27,58,2,1,5,7,32,16,6,55,61,35,1,0,1,2,23,5,1,30,31,18,1,1,2,5,8,7,3,20,23,0,0,0,0,0,0,0,0,0,0,5,0,0,2,0,1,4,2,5,7,206,0,18,-221,17,New Orleans
2020,3,27,42,1,1,4,3,25,23,5,51,56,22,0,0,2,2,18,14,2,34,36,16,1,1,2,1,5,8,3,14,17,0,0,0,0,0,0,0,0,0,0,4,0,0,0,0,2,1,0,3,3,144,0,10,-219,19,New Orleans
2021,3,27,49,1,0,4,4,31,27,4,62,66,31,0,0,2,2,17,15,2,34,36,16,1,0,1,2,14,10,1,26,27,0,0,0,0,0,0,0,0,0,0,2,0,0,1,0,0,2,1,2,3,188,0,10,-225,13,New Orleans
2022,3,27,45,0,4,4,2,30,37,8,69,77,21,0,1,3,2,16,22,4,40,44,22,0,3,0,0,13,12,3,25,28,0,0,0,0,0,0,1,0,1,1,2,0,0,1,0,1,2,1,3,4,160,1,7,-224,14,New Orleans
2023,3,27,32,2,3,8,2,23,42,11,67,78,19,2,0,4,2,17,12,4,31,35,10,0,2,3,0,4,24,5,28,33,0,0,0,1,0,0,0,1,0,1,3,0,1,0,0,2,6,1,8,9,155,1,14,-223,15,New Orleans
2024,3,27,30,1,1,5,4,23,17,6,44,50,22,1,0,4,2,13,7,4,22,26,5,0,1,1,2,9,10,2,21,23,0,0,0,0,0,0,0,0,0,0,3,0,0,0,0,1,0,0,1,1,160,0,8,-221,17,New Orleans
2012,4,27,31,1,4,3,12,32,17,7,61,68,26,0,0,2,10,21,10,2,41,43,5,1,3,1,2,7,7,4,16,20,0,0,0,0,0,0,0,0,0,0,0,0,1,0,0,4,0,1,4,5,209,1,8,-191,47,New Orleans
2013,4,27,37,2,3,3,10,39,14,6,63,69,12,2,2,1,6,22,6,3,34,37,23,0,1,1,3,14,7,2,24,26,1,0,0,0,1,2,1,0,4,4,1,0,0,1,0,1,0,1,1,2,181,5,10,-190,48,New Orleans
2014,4,27,36,0,4,2,14,31,14,6,59,65,12,0,0,1,10,18,6,1,34,35,21,0,3,1,4,12,8,4,24,28,0,0,0,0,0,1,0,0,1,1,3,0,1,0,0,0,0,1,0,1,194,2,14,-189,49,New Orleans
2015,4,27,23,2,2,4,5,29,15,6,49,55,12,1,0,4,5,17,9,4,31,35,9,1,2,0,0,8,4,2,12,14,0,0,0,0,0,1,1,0,2,2,2,0,0,0,0,3,1,0,4,4,145,3,8,-188,50,New Orleans
2016,4,27,45,2,5,4,12,26,15,9,53,62,23,1,0,0,10,20,8,0,38,38,15,1,5,4,2,1,5,9,8,17,1,0,0,0,0,1,0,0,1,1,6,0,0,0,0,4,2,0,6,6,172,2,21,-193,45,New Orleans
2017,4,27,31,0,3,0,9,35,17,3,61,64,17,0,0,0,5,20,4,0,29,29,10,0,2,0,4,9,13,2,26,28,1,0,0,0,0,2,0,0,2,2,3,0,1,0,0,4,0,1,4,5,181,4,17,-192,46,New Orleans
2018,4,27,53,0,2,6,8,42,12,8,62,70,28,0,0,3,4,24,5,3,33,36,20,0,2,1,2,16,6,3,24,27,0,0,0,0,1,1,0,0,2,2,5,0,0,2,1,1,1,2,3,5,212,2,19,-191,47,New Orleans
2019,4,27,43,0,5,4,6,43,13,9,62,71,23,0,2,0,2,26,5,2,33,35,18,0,3,4,3,15,7,7,25,32,1,0,0,0,0,1,0,0,1,1,1,0,0,0,1,1,1,0,3,3,190,3,12,-190,48,New Orleans
2020,4,27,44,3,1,3,3,27,22,4,52,56,33,1,0,2,1,22,10,2,33,35,7,1,0,1,2,4,12,1,18,19,1,0,0,0,0,0,0,0,0,0,3,1,1,0,0,1,0,1,1,2,154,2,12,-188,50,New Orleans
2021,4,27,51,2,2,7,5,33,31,9,69,78,32,1,0,4,2,22,8,4,32,36,14,0,2,3,3,7,23,5,33,38,0,0,0,0,0,0,0,0,0,0,5,1,0,0,0,4,0,0,4,4,193,0,18,-194,44,New Orleans
2022,4,27,42,3,3,4,4,23,15,7,42,49,25,1,2,4,2,17,5,6,24,30,12,1,0,0,2,4,6,0,12,12,0,0,0,0,0,0,0,0,0,0,5,1,1,0,0,2,4,1,6,7,138,3,15,-193,45,New Orleans
2023,4,27,39,1,2,5,2,28,34,7,64,71,26,1,0,3,0,17,17,3,34,37,7,0,2,1,2,8,14,3,24,27,0,0,0,1,0,1,2,1,3,4,6,0,0,0,0,2,1,0,3,3,165,4,15,-192,46,New Orleans
2024,4,27,36,1,4,3,4,36,37,7,77,84,21,0,0,3,2,18,10,3,30,33,11,1,2,0,2,17,27,2,46,48,1,0,1,0,0,0,0,1,0,1,3,0,1,0,0,1,0,1,1,2,175,2,8,-190,48,New Orleans
2012,5,27,28,2,3,3,9,28,11,6,48,54,14,1,2,1,7,14,4,3,25,28,12,1,1,2,2,8,4,3,14,17,0,0,0,0,0,1,1,0,2,2,2,0,0,0,0,5,2,0,7,7,196,3,20,-161,77,New Orleans
2013,5,27,31,4,0,4,9,24,16,4,49,53,12,2,0,3,6,17,7,3,30,33,16,2,0,1,3,6,8,1,17,18,0,0,0,0,0,0,0,0,0,0,3,0,0,0,0,1,1,0,2,2,168,0,10,-160,78,New Orleans
2014,5,27,36,2,3,5,11,29,25,8,65,73,18,0,0,4,8,26,15,4,49,53,17,1,3,1,3,2,10,4,15,19,0,0,0,0,0,0,0,0,0,0,1,1,0,0,0,1,0,0,1,1,231,0,17,-159,79,New Orleans
2015,5,27,43,1,3,1,8,31,9,4,48,52,23,1,1,0,4,19,5,1,28,29,16,0,1,1,4,9,3,2,16,18,0,0,0,0,0,0,0,0,0,0,4,0,1,0,0,3,1,1,4,5,167,0,15,-158,80,New Orleans
2016,5,27,50,3,5,3,2,25,16,8,43,51,32,1,0,0,2,16,8,0,26,26,14,2,5,3,0,5,8,8,13,21,2,0,0,0,0,0,0,0,0,0,2,0,0,0,0,4,0,0,4,4,157,2,10,-163,75,New Orleans
2017,5,27,49,2,6,6,7,58,17,12,82,94,30,1,2,3,5,35,10,5,50,55,14,1,4,3,1,21,7,7,29,36,1,0,0,0,0,0,0,0,0,0,4,0,0,0,1,2,0,0,3,3,212,1,13,-162,76,New Orleans
2018,5,27,57,0,3,1,7,36,23,4,66,70,31,0,1,0,3,20,8,1,31,32,19,0,2,0,3,14,13,2,30,32,0,0,0,0,1,0,1,0,2,2,7,0,0,1,0,2,1,1,3,4,201,2,14,-161,77,New Orleans
2019,5,27,64,3,4,3,7,38,53,7,98,105,33,1,2,2,2,22,35,4,59,63,22,1,2,1,4,11,16,3,31,34,1,0,0,0,0,0,0,0,0,0,8,1,0,0,1,5,2,0,8,8,247,1,19,-160,78,New Orleans
2020,5,27,59,1,2,2,9,21,22,4,52,56,35,0,1,1,5,20,7,2,32,34,13,1,1,1,4,0,12,2,16,18,0,0,0,0,0,0,1,0,1,1,11,0,0,0,0,1,2,0,3,3,171,2,18,-158,80,New Orleans
2021,5,27,50,3,4,4,8,23,16,8,47,55,37,1,1,4,2,17,3,5,22,27,11,2,3,0,6,5,11,3,22,25,0,0,0,0,0,0,0,0,0,0,2,0,0,0,0,1,2,0,3,3,174,3,8,-164,74,New Orleans
2022,5,27,50,1,1,1,7,30,13,2,50,52,43,1,1,0,4,16,4,1,24,25,5,0,0,0,3,14,9,0,26,26,0,0,0,0,0,0,0,0,0,0,2,0,0,1,0,0,0,1,0,1,146,0,4,-163,75,New Orleans
2023,5,27,28,1,3,6,6,36,44,9,86,95,20,1,1,1,2,15,14,2,31,33,7,0,1,4,4,20,29,5,53,58,1,0,1,0,0,0,0,1,0,1,0,0,0,1,0,1,1,1,2,3,172,3,11,-162,76,New Orleans
2024,5,27,52,0,3,3,11,29,18,6,58,64,31,0,1,1,5,22,4,2,31,33,17,0,1,2,5,5,11,3,21,24,1,0,1,0,1,0,0,1,1,2,3,0,0,0,0,2,3,0,5,5,179,4,12,-160,78,New Orleans
2012,6,27,27,1,1,2,17,31,7,3,55,58,18,0,0,0,12,24,2,0,38,38,6,0,1,1,3,6,4,2,13,15,0,0,0,0,0,0,0,0,0,0,3,1,0,1,2,1,1,1,4,5,199,1,16,-130,108,New Orleans
2013,6,27,24,3,6,1,8,29,13,7,50,57,19,3,1,1,6,21,6,2,33,35,4,0,5,0,1,7,6,5,14,19,0,0,0,0,1,0,0,0,1,1,1,0,0,0,0,1,1,0,2,2,216,2,13,-129,109,New Orleans
2014,6,27,25,1,4,2,9,25,16,6,50,56,15,1,1,1,6,20,8,2,34,36,9,0,3,1,3,4,6,4,13,17,0,0,0,0,0,0,0,0,0,0,1,0,0,0,0,1,2,0,3,3,170,0,7,-128,110,New Orleans
2015,6,27,37,0,3,4,10,20,13,7,43,50,15,0,1,2,5,9,4,3,18,21,11,0,1,2,4,10,8,3,22,25,2,0,0,0,0,0,1,0,1,1,9,0,1,0,1,1,0,1,2,3,137,4,18,-127,111,New Orleans
2016,6,27,33,2,0,6,9,38,25,6,72,78,24,2,0,3,2,27,2,3,31,34,7,0,0,3,6,9,20,3,35,38,1,0,0,0,0,0,0,0,0,0,1,0,0,0,1,2,3,0,6,6,176,1,11,-132,106,New Orleans
2017,6,27,40,5,2,0,8,28,32,2,68,70,20,2,0,0,5,19,16,0,40,40,13,2,2,0,2,5,14,2,21,23,1,0,0,0,0,1,0,0,1,1,6,1,0,0,1,3,2,0,6,6,184,3,17,-131,107,New Orleans
2018,6,27,61,0,1,6,8,30,16,7,54,61,39,0,1,4,5,22,4,5,31,36,21,0,0,2,3,6,12,2,21,23,0,0,0,0,0,0,0,0,0,0,1,0,0,0,0,2,0,0,2,2,189,0,6,-130,108,New Orleans
2019,6,27,41,2,0,3,6,30,24,3,60,63,22,1,0,1,5,21,7,1,33,34,17,0,0,1,1,8,17,1,26,27,0,0,0,0,0,1,0,0,1,1,2,1,0,1,0,0,0,1,0,1,182,2,15,-129,109,New Orleans
2020,6,27,45,2,3,8,9,23,26,11,58,69,27,2,1,4,5,20,11,5,36,41,15,0,2,4,3,2,14,6,19,25,1,0,0,0,0,0,1,0,1,1,2,0,0,0,1,1,0,0,2,2,159,4,9,-127,111,New Orleans
2021,6,27,48,3,3,11,7,26,54,14,87,101,23,0,2,2,5,14,9,4,28,32,19,1,1,8,2,9,43,9,54,63,1,0,0,0,0,1,1,0,2,2,5,2,0,1,0,2,1,1,3,4,206,3,20,-133,105,New Orleans
2022,6,27,33,3,0,3,7,32,26,3,65,68,17,2,0,2,3,24,12,2,39,41,12,1,0,1,3,7,13,1,23,24,0,0,0,0,0,0,1,0,1,1,4,0,0,0,1,1,0,0,2,2,153,1,13,-132,106,New Orleans
2023,6,27,49,2,0,4,11,22,21,4,54,58,30,0,0,2,5,13,7,2,25,27,13,1,0,1,6,7,13,1,26,27,0,0,0,0,0,0,1,0,1,1,6,1,0,1,0,2,0,1,2,3,143,2,11,-131,107,New Orleans
2024,6,27,42,5,1,3,9,21,5,4,35,39,26,2,1,2,6,14,5,3,25,28,12,3,0,1,3,6,0,1,9,10,0,0,0,0,0,0,0,0,0,0,4,0,0,0,0,1,0,0,1,1,136,0,10,-129,109,New Orleans
2012,7,27,24,0,4,5,8,34,18,9,60,69,12,0,1,2,5,18,7,3,30,33,9,0,3,3,2,14,11,6,27,33,0,0,0,0,0,0,0,0,0,0,3,0,0,0,1,2,0,0,3,3,197,1,9,-100,138,New Orleans
2013,7,27,29,0,1,2,6,43,16,3,65,68,19,0,0,1,2,27,8,1,37,38,10,0,1,1,4,15,6,2,25,27,0,0,0,0,0,0,1,0,1,1,0,0,0,0,0,1,1,0,2,2,194,2,10,-99,139,New Orleans
2014,7,27,33,1,3,6,10,36,12,9,58,67,23,0,0,2,8,22,2,2,32,34,9,1,3,2,2,11,9,5,22,27,1,0,0,0,0,0,0,0,0,0,0,0,0,2,0,3,1,2,4,6,176,3,9,-98,140,New Orleans
2015,7,27,35,1,7,5,10,27,25,12,62,74,24,0,2,3,8,14,11,5,33,38,7,1,4,1,1,10,11,5,22,27,0,0,0,0,0,0,1,0,1,1,4,0,1,1,1,3,2,2,6,8,185,2,14,-97,141,New Orleans
2016,7,27,35,1,6,5,5,30,21,11,56,67,24,0,3,3,5,20,7,6,32,38,11,0,1,2,0,9,13,3,22,25,0,0,0,0,0,0,0,0,0,0,0,1,2,0,0,1,1,2,2,4,168,0,11,-102,136,New Orleans
2017,7,27,38,2,2,5,7,28,15,7,50,57,21,1,1,2,3,21,11,3,35,38,13,1,1,3,4,5,4,4,13,17,0,0,0,0,0,0,0,0,0,0,4,0,0,0,0,2,0,0,2,2,169,1,11,-101,137,New Orleans
2018,7,27,49,0,3,7,11,36,18,10,65,75,34,0,2,4,9,20,6,6,35,41,11,0,1,3,2,13,10,4,25,29,0,0,0,0,0,1,1,0,2,2,4,0,0,0,0,2,1,0,3,3,213,3,12,-100,138,New Orleans
2019,7,27,50,1,3,4,7,35,34,7,76,83,23,0,0,3,4,18,10,3,32,35,17,1,3,1,1,15,23,4,39,43,1,0,0,0,0,0,1,0,1,1,9,0,0,0,2,2,0,0,4,4,178,2,15,-99,139,New Orleans
2020,7,27,46,2,1,9,4,27,14,10,45,55,27,2,0,3,0,23,8,3,31,34,17,0,1,3,4,4,6,4,14,18,0,0,0,0,0,0,0,0,0,0,2,0,0,3,0,0,0,3,0,3,148,0,7,-97,141,New Orleans
2021,7,27,45,3,2,4,5,22,26,6,53,59,24,1,2,3,4,15,15,5,34,39,17,1,0,1,1,4,10,1,15,16,0,0,0,0,0,1,1,0,2,2,4,1,0,0,0,2,0,0,2,2,165,2,10,-103,135,New Orleans
2022,7,27,42,3,3,3,6,20,23,6,49,55,23,2,1,1,1,14,7,2,22,24,15,1,2,2,3,6,16,4,25,29,0,0,0,0,0,0,0,0,0,0,4,0,0,0,2,0,0,0,2,2,159,1,7,-102,136,New Orleans
2023,7,27,27,2,1,6,4,18,35,7,57,64,22,1,0,3,2,9,14,3,25,28,4,1,1,2,2,8,21,3,31,34,0,0,0,1,0,0,0,1,0,1,1,0,0,0,0,1,0,0,1,1,144,1,6,-101,137,New Orleans
2024,7,27,34,0,2,4,3,38,23,6,64,70,20,0,0,1,1,19,11,1,31,32,13,0,1,3,2,17,10,4,29,33,0,0,0,0,0,0,0,0,0,0,1,0,1,0,0,2,2,1,4,5,155,0,11,-99,139,New Orleans
2012,8,27,28,2,1,5,21,20,12,6,53,59,16,0,1,2,16,14,4,3,34,37,10,2,0,3,2,4,8,3,14,17,0,0,0,0,0,0,0,0,0,0,2,0,0,0,3,2,0,0,5,5,130,0,12,-69,169,New Orleans
2013,8,27,26,1,4,3,7,35,9,7,51,58,16,0,0,2,5,26,4,2,35,37,10,1,4,1,2,8,4,5,14,19,0,0,0,0,0,0,0,0,0,0,0,0,0,0,0,1,1,0,2,2,216,0,12,-68,170,New Orleans
2014,8,27,37,0,3,3,9,36,8,6,53,59,18,0,2,3,6,31,4,5,41,46,15,0,0,0,2,5,3,0,10,10,0,0,0,0,0,0,0,0,0,0,4,0,1,0,1,0,1,1,2,3,180,1,15,-67,171,New Orleans
2015,8,27,43,1,4,1,14,29,13,5,56,61,25,0,1,1,11,22,6,2,39,41,12,1,2,0,2,6,6,2,14,16,0,0,0,0,0,0,0,0,0,0,6,0,1,0,1,1,1,1,3,4,178,0,13,-66,172,New Orleans
2016,8,27,52,1,3,3,8,30,17,6,55,61,27,0,1,1,3,18,8,2,29,31,17,1,0,2,4,12,6,2,22,24,1,0,0,0,0,0,1,0,1,1,7,0,2,0,1,0,2,2,3,5,157,2,14,-71,167,New Orleans
2017,8,27,42,0,1,6,4,38,8,7,50,57,26,0,0,1,2,23,2,1,27,28,14,0,1,5,1,13,5,6,19,25,0,0,0,0,0,0,0,0,0,0,2,0,0,0,1,2,1,0,4,4,155,0,9,-70,168,New Orleans
2018,8,27,49,2,2,8,3,30,15,10,48,58,22,0,0,4,2,24,6,4,32,36,19,1,1,3,1,4,8,4,13,17,0,0,0,0,0,1,0,0,1,1,8,1,1,1,0,1,1,2,2,4,205,1,37,-69,169,New Orleans
2019,8,27,41,0,1,9,12,43,15,10,70,80,27,0,1,6,6,32,5,7,43,50,9,0,0,2,6,10,9,2,25,27,0,0,0,0,0,1,1,0,2,2,5,0,0,1,0,0,0,1,0,1,207,3,11,-68,170,New Orleans
2020,8,27,46,2,2,9,3,18,27,11,48,59,28,2,1,5,1,12,17,6,30,36,13,0,1,3,2,6,10,4,18,22,1,0,0,0,0,0,0,0,0,0,4,0,0,1,0,0,0,1,0,1,152,1,11,-66,172,New Orleans
2021,8,27,51,1,2,11,3,20,15,13,38,51,30,1,2,6,2,16,4,8,22,30,17,0,0,4,1,3,10,4,14,18,1,0,0,0,0,0,1,0,1,1,3,0,0,1,0,1,0,1,1,2,140,2,9,-72,166,New Orleans
2022,8,27,29,8,2,6,4,22,40,8,66,74,18,1,1,2,2,7,16,3,25,28,10,7,1,2,2,14,22,3,38,41,0,0,0,1,0,0,0,1,0,1,1,0,0,1,0,1,2,1,3,4,153,2,8,-71,167,New Orleans
2023,8,27,31,2,2,8,8,32,27,10,67,77,17,0,0,4,5,20,14,4,39,43,10,2,2,4,3,9,13,6,25,31,0,0,0,0,0,0,0,0,0,0,4,0,0,0,0,3,0,0,3,3,153,0,13,-70,168,New Orleans
2024,8,27,41,1,0,3,6,31,7,3,44,47,22,0,0,3,3,24,5,3,32,35,13,1,0,0,3,6,2,0,11,11,2,0,0,0,0,1,0,0,1,1,4,0,0,0,0,0,0,0,0,0,152,5,10,-68,170,New Orleans
2012,9,27,21,0,4,5,4,31,10,9,45,54,8,0,0,1,0,26,3,1,29,30,9,0,2,3,4,5,5,5,14,19,1,0,1,1,0,0,1,2,1,3,3,0,1,0,0,0,1,1,1,2,159,7,10,-38,200,New Orleans
2013,9,27,31,1,3,2,17,36,10,5,63,68,19,1,1,0,10,22,6,1,38,39,11,0,2,2,6,11,2,4,19,23,0,0,0,0,0,0,0,0,0,0,1,0,0,0,1,3,2,0,6,6,199,1,8,-37,201,New Orleans
2014,9,27,32,1,4,5,14,30,12,9,56,65,25,0,0,2,4,16,5,2,25,27,7,1,2,2,8,14,7,4,29,33,0,0,0,0,1,0,0,0,1,1,0,0,2,1,1,0,0,3,1,4,157,1,8,-36,202,New Orleans
2015,9,27,41,0,2,2,9,32,18,4,59,63,21,0,0,0,4,17,9,0,30,30,17,0,2,1,3,13,8,3,24,27,0,0,0,0,0,0,1,0,1,1,3,0,0,1,2,2,0,1,4,5,149,1,10,-35,203,New Orleans
2016,9,27,44,2,3,2,5,25,15,5,45,50,21,1,2,1,2,14,6,3,22,25,19,1,1,1,3,9,9,2,21,23,0,0,0,0,0,0,0,0,0,0,4,0,0,0,0,2,0,0,2,2,181,0,10,-40,198,New Orleans
2017,9,27,49,0,3,4,8,44,9,7,61,68,19,0,1,2,7,22,4,3,33,36,24,0,2,2,1,20,4,4,25,29,1,0,0,0,0,1,0,0,1,1,5,0,0,0,0,1,1,0,2,2,195,2,11,-39,199,New Orleans
2018,9,27,38,3,1,2,3,22,23,3,48,51,24,2,0,2,1,10,7,2,18,20,11,0,1,0,2,8,16,1,26,27,0,0,0,0,0,0,0,0,0,0,3,1,0,0,0,4,0,0,4,4,183,0,14,-38,200,New Orleans
2019,9,27,48,2,2,3,4,44,14,5,62,67,32,0,1,0,3,30,6,1,39,40,8,1,1,3,1,13,6,4,20,24,1,0,0,0,0,0,0,0,0,0,7,1,0,0,0,1,2,0,3,3,183,2,13,-37,201,New Orleans
2020,9,27,59,3,2,5,9,25,28,7,62,69,25,1,1,1,2,19,23,2,44,46,28,2,1,3,7,4,5,4,16,20,1,0,0,0,0,0,0,0,0,0,5,0,0,1,0,2,0,1,2,3,175,1,12,-35,203,New Orleans
2021,9,27,38,2,2,7,8,27,27,9,62,71,27,1,2,5,3,22,7,7,32,39,11,1,0,2,5,3,17,2,25,27,0,0,0,0,0,0,1,0,1,1,0,0,0,0,0,2,2,0,4,4,167,2,9,-41,197,New Orleans
2022,9,27,39,5,1,7,5,18,46,8,69,77,19,2,1,5,2,14,25,6,41,47,18,3,0,2,2,4,17,2,23,25,1,0,0,0,0,0,1,0,1,1,1,0,0,0,1,0,3,0,4,4,179,3,9,-40,198,New Orleans
2023,9,27,35,3,0,4,4,26,25,4,55,59,24,3,0,2,3,19,3,2,25,27,8,0,0,2,1,7,18,2,26,28,0,0,0,0,0,0,2,0,2,2,3,0,0,0,0,0,2,0,2,2,148,4,9,-39,199,New Orleans
2024,9,27,41,2,1,4,5,25,8,5,38,43,26,2,0,4,3,15,3,4,21,25,11,0,1,0,2,6,5,1,13,14,0,0,0,0,0,0,0,0,0,0,4,0,0,0,0,4,0,0,4,4,140,1,9,-37,201,New Orleans
2012,10,27,18,3,5,3,5,41,13,8,59,67,8,2,1,1,3,17,4,2,24,26,9,1,4,2,2,20,9,6,31,37,1,0,0,0,0,1,0,0,1,1,0,0,0,0,0,3,0,0,3,3,193,3,8,-8,230,New Orleans
2013,10,27,28,2,5,2,4,35,18,7,57,64,5,1,0,1,2,12,7,1,21,22,23,1,3,1,2,22,11,4,35,39,0,0,0,0,0,1,0,0,1,1,0,0,2,0,0,0,0,2,0,2,156,2,5,-7,231,New Orleans
2014,10,27,31,2,6,6,4,33,22,12,59,71,11,0,1,1,4,26,10,2,40,42,16,2,4,5,0,7,11,9,18,27,0,0,1,0,0,0,0,1,0,1,4,0,0,0,0,0,1,0,1,1,170,2,7,-6,232,New Orleans
2015,10,27,35,1,1,1,7,22,12,2,41,43,18,0,1,0,5,16,3,1,24,25,11,1,0,1,2,4,9,1,15,16,0,0,0,0,0,0,0,0,0,0,6,0,0,0,0,2,0,0,2,2,162,0,13,-5,233,New Orleans
2016,10,27,38,1,1,1,2,24,19,2,45,47,15,0,0,0,2,13,6,0,21,21,20,1,1,1,0,10,13,2,23,25,0,0,0,0,0,0,0,0,0,0,3,0,0,0,0,1,0,0,1,1,150,2,7,-10,228,New Orleans
2017,10,27,46,3,2,4,8,44,13,6,65,71,23,2,1,2,4,21,6,3,31,34,20,0,1,2,4,22,5,3,31,34,0,0,0,0,0,0,1,0,1,1,3,1,0,0,0,1,1,0,2,2,202,1,10,-9,229,New Orleans
2018,10,27,62,0,1,4,8,51,16,5,75,80,23,0,0,1,1,18,4,1,23,24,34,0,1,2,7,27,11,3,45,48,1,0,0,0,0,1,0,0,1,1,4,0,0,1,0,5,1,1,6,7,226,3,23,-8,230,New Orleans
2019,10,27,39,2,2,7,7,53,17,9,77,86,22,0,1,3,2,22,8,4,32,36,16,2,1,2,4,30,9,3,43,46,0,0,0,0,1,0,0,0,1,1,1,0,0,2,0,1,0,2,1,3,197,1,7,-7,231,New Orleans
2020,10,27,46,1,1,8,3,16,22,9,41,50,24,0,1,4,0,11,9,5,20,25,20,0,0,2,3,5,12,2,20,22,0,0,0,0,0,0,1,0,1,1,2,1,0,2,0,0,0,2,0,2,150,2,9,-5,233,New Orleans
2021,10,27,36,3,3,5,3,25,13,8,41,49,22,3,1,2,2,18,4,3,24,27,14,0,2,3,1,3,7,5,11,16,0,0,0,0,0,0,1,0,1,1,0,0,0,0,0,4,1,0,5,5,128,1,6,-11,227,New Orleans
2022,10,27,36,2,0,4,1,24,18,4,43,47,19,0,0,2,0,14,6,2,20,22,15,1,0,2,1,9,10,2,20,22,0,0,0,0,0,1,0,0,1,1,2,1,0,0,0,0,2,0,2,2,139,4,9,-10,228,New Orleans
2023,10,27,36,4,3,3,9,28,16,6,53,59,21,1,1,1,2,13,4,2,19,21,13,3,2,1,5,15,12,3,32,35,0,0,0,1,1,0,0,1,1,2,2,0,0,0,1,0,0,0,1,1,146,3,5,-9,229,New Orleans
2024,10,27,41,1,0,3,2,33,25,3,60,63,20,0,0,1,2,15,4,1,21,22,17,1,0,2,0,16,19,2,35,37,0,0,0,0,0,0,0,0,0,0,4,0,0,0,0,2,2,0,4,4,157,3,16,-7,231,New Orleans
2012,11,27,19,5,2,5,12,21,10,7,43,50,8,4,0,0,7,14,4,0,25,25,10,1,1,3,5,5,6,4,16,20,0,0,0,0,0,0,0,0,0,0,1,0,1,2,0,2,0,3,2,5,195,0,15,23,261,New Orleans
2013,11,27,24,1,5,2,6,27,13,7,46,53,6,0,1,2,4,14,5,3,23,26,14,1,3,0,2,10,8,3,20,23,0,0,0,0,0,2,0,0,2,2,4,0,1,0,0,1,0,1,1,2,156,2,10,24,262,New Orleans
2014,11,27,35,1,1,4,14,16,11,5,41,46,16,0,1,2,7,9,5,3,21,24,15,1,0,2,4,6,6,2,16,18,0,0,0,0,0,0,0,0,0,0,4,0,0,0,3,1,0,0,4,4,122,1,10,25,263,New Orleans
2015,11,27,41,1,8,4,6,32,10,12,48,60,22,1,2,2,1,12,4,4,17,21,18,0,5,2,4,18,5,7,27,34,0,0,1,0,0,0,0,1,0,1,1,0,0,0,1,2,1,0,4,4,160,1,7,26,264,New Orleans
2016,11,27,47,7,9,4,8,29,28,13,65,78,14,2,3,2,3,9,9,5,21,26,32,5,6,2,4,17,17,8,38,46,0,0,0,0,0,1,2,0,3,3,1,0,0,0,1,2,0,0,3,3,207,3,6,21,259,New Orleans
2017,11,27,39,1,2,10,13,30,13,12,56,68,20,0,0,6,7,20,4,6,31,37,16,1,1,4,6,10,8,5,24,29,0,0,0,0,0,0,0,0,0,0,3,0,1,0,0,0,1,1,1,2,188,1,7,22,260,New Orleans
2018,11,27,30,2,1,3,9,31,29,4,69,73,16,2,1,0,3,21,7,1,31,32,12,0,0,3,6,8,21,3,35,38,1,0,0,0,0,0,0,0,0,0,1,0,0,0,0,2,1,0,3,3,179,3,7,23,261,New Orleans
2019,11,27,53,2,5,2,5,35,26,7,66,73,27,0,0,1,3,17,9,1,29,30,23,2,5,1,2,16,17,6,35,41,0,0,0,0,0,0,0,0,0,0,3,0,0,0,0,2,0,0,2,2,178,0,8,24,262,New Orleans
2020,11,27,56,3,4,7,1,29,36,11,66,77,22,0,1,2,1,22,16,3,39,42,27,2,3,5,0,7,16,8,23,31,1,0,0,0,0,0,0,0,0,0,6,1,0,0,0,0,4,0,4,4,175,1,16,26,264,New Orleans
2021,11,27,37,4,3,6,8,28,39,9,75,84,18,3,1,2,3,14,9,3,26,29,17,0,1,2,5,10,26,3,41,44,0,0,0,0,0,1,1,0,2,2,2,1,1,2,0,3,3,3,6,9,169,2,18,20,258,New Orleans
2022,11,27,40,10,1,5,5,20,27,6,52,58,20,2,1,1,0,12,6,2,18,20,16,7,0,4,4,8,20,4,32,36,0,0,0,0,1,0,0,0,1,1,4,1,0,0,0,0,1,0,1,1,160,1,11,21,259,New Orleans
2023,11,27,38,5,3,4,2,34,29,7,65,72,17,1,3,2,1,24,9,5,34,39,17,2,0,2,0,8,20,2,28,30,1,0,0,0,1,2,0,0,3,3,3,2,0,0,0,0,0,0,0,0,172,4,7,22,260,New Orleans
2024,11,27,43,0,2,1,5,22,16,3,43,46,23,0,0,0,2,15,4,0,21,21,18,0,2,1,2,6,11,3,19,22,0,0,0,0,0,0,1,0,1,1,2,0,0,0,1,1,0,0,2,2,139,1,5,24,262,New Orleans
2012,12,27,24,0,2,1,6,28,12,3,46,49,10,0,1,0,2,18,4,1,24,25,11,0,1,1,3,8,7,2,18,20,0,0,0,0,0,0,0,0,0,0,3,0,0,0,1,2,1,0,4,4,180,1,9,53,291,New Orleans
2013,12,27,36,1,1,1,5,37,19,2,61,63,11,0,0,0,3,25,8,0,36,36,22,1,1,1,2,10,10,2,22,24,0,0,0,0,0,1,0,0,1,1,3,0,0,0,0,1,1,0,2,2,193,1,9,54,292,New Orleans
2014,12,27,28,0,4,4,15,32,20,8,67,75,13,0,0,0,5,17,4,0,26,26,14,0,4,2,8,14,12,6,34,40,1,0,0,0,0,1,1,0,2,2,0,0,0,2,2,0,3,2,5,7,166,4,11,55,293,New Orleans
2015,12,27,26,2,6,1,5,37,23,7,65,72,11,1,2,0,3,20,5,2,28,30,15,1,4,1,2,14,16,5,32,37,0,0,0,0,0,1,0,0,1,1,0,0,0,0,0,2,2,0,4,4,145,2,6,56,294,New Orleans
2016,12,27,33,3,4,4,11,20,17,8,48,56,16,0,3,1,7,12,6,4,25,29,14,2,1,3,4,8,9,4,21,25,0,0,0,0,0,0,1,0,1,1,3,1,0,0,0,0,1,0,1,1,145,1,11,51,289,New Orleans
2017,12,27,41,0,4,0,8,32,14,4,54,58,19,0,0,0,6,17,4,0,27,27,19,0,4,0,2,12,9,4,23,27,1,0,0,0,0,1,0,0,1,1,2,0,0,0,0,2,1,0,3,3,157,2,11,52,290,New Orleans
2018,12,27,43,1,1,2,6,32,39,3,77,80,21,0,1,1,1,17,17,2,35,37,21,1,0,1,5,12,22,1,39,40,0,0,0,0,0,0,0,0,0,0,1,0,0,0,0,3,0,0,3,3,169,0,5,53,291,New Orleans
2019,12,27,4,0,3,0,0,5,11,3,16,19,1,0,0,0,0,3,7,0,10,10,3,0,3,0,0,1,3,3,4,7,0,0,0,0,0,0,0,0,0,0,0,0,0,0,0,1,1,0,2,2,36,0,4,54,292,New Orleans
2020,12,27,44,1,4,7,6,27,19,11,52,63,20,0,1,2,1,16,8,3,25,28,19,1,2,4,4,9,7,6,20,26,0,0,0,0,0,0,0,0,0,0,5,0,1,1,1,2,4,2,7,9,134,0,16,56,294,New Orleans
2021,12,27,13,3,1,3,4,4,20,4,28,32,5,0,1,3,1,3,2,4,6,10,7,2,0,0,2,1,18,0,21,21,0,0,0,0,1,0,0,0,1,1,1,1,0,0,0,0,0,0,0,0,66,1,3,50,288,New Orleans
2022,12,27,39,0,2,4,8,21,55,6,84,90,17,0,1,1,2,16,13,2,31,33,17,0,1,2,4,5,36,3,45,48,0,0,0,0,1,0,0,0,1,1,5,0,0,1,1,0,6,1,7,8,171,1,16,51,289,New Orleans
2023,12,27,41,4,1,4,4,19,12,5,35,40,18,2,0,0,2,11,3,0,16,16,19,2,1,4,2,6,9,5,17,22,1,0,0,0,0,0,0,0,0,0,3,0,0,0,0,2,0,0,2,2,147,1,12,52,290,New Orleans
2024,12,27,24,1,1,1,2,27,10,2,39,41,10,1,0,1,1,17,2,1,20,21,14,0,1,0,0,8,7,1,15,16,0,0,0,0,1,0,0,0,1,1,0,0,0,0,0,2,1,0,3,3,92,1,5,54,292,New Orleans
2012,1,28,24,1,2,2,9,31,13,4,53,57,6,0,1,0,2,19,1,1,22,23,17,1,1,2,7,10,8,3,25,28,0,0,0,0,0,0,1,0,1,1,1,0,0,0,0,2,3,0,5,5,154,2,7,-281,-43,New Orleans
2013,1,28,22,1,3,0,10,31,10,3,51,54,12,1,1,0,8,14,1,1,23,24,9,0,1,0,2,13,9,1,24,25,0,0,0,0,0,0,0,0,0,0,1,0,1,0,0,4,0,1,4,5,151,0,9,-279,-41,New Orleans
2014,1,28,18,0,2,0,4,13,10,2,27,29,10,0,0,0,2,8,3,0,13,13,8,0,2,0,2,4,7,2,13,15,0,0,0,0,0,0,0,0,0,0,0,0,0,0,0,1,0,0,1,1,94,0,3,-278,-40,New Orleans
2015,1,28,32,0,5,3,6,38,14,8,58,66,13,0,1,0,5,21,3,1,29,30,14,0,3,2,1,12,9,5,22,27,0,0,0,0,0,1,0,0,1,1,5,0,1,1,0,4,2,2,6,8,179,1,20,-277,-39,New Orleans
2016,1,28,35,1,2,3,8,20,13,5,41,46,15,1,0,2,5,13,2,2,20,22,16,0,2,1,2,7,10,3,19,22,0,0,0,0,0,0,1,0,1,1,4,0,0,0,1,0,0,0,1,1,148,1,7,-283,-45,New Orleans
2017,1,28,28,2,8,4,4,35,16,12,55,67,10,1,0,2,3,19,7,2,29,31,16,1,5,2,1,15,9,7,25,32,0,0,0,0,0,0,0,0,0,0,2,0,3,0,0,1,0,3,1,4,171,1,13,-281,-43,New Orleans
2018,1,28,57,1,2,2,3,40,18,4,61,65,17,0,0,0,1,20,7,0,28,28,34,1,1,2,2,19,11,3,32,35,1,0,1,0,0,0,0,1,0,1,5,0,0,0,0,1,0,0,1,1,181,2,7,-280,-42,New Orleans
2019,1,28,43,1,3,4,10,29,23,7,62,69,17,1,0,3,7,17,10,3,34,37,20,0,2,1,3,10,13,3,26,29,0,0,0,0,0,0,0,0,0,0,6,0,1,0,0,2,0,1,2,3,205,1,13,-279,-41,New Orleans
2020,1,28,32,2,5,2,1,15,22,7,38,45,14,2,2,1,1,3,6,3,10,13,15,0,2,1,0,10,16,3,26,29,0,0,0,0,0,1,0,0,1,1,3,0,1,0,0,1,0,1,1,2,120,2,6,-278,-40,New Orleans
2021,1,28,35,1,1,2,7,26,10,3,43,46,20,1,0,2,4,17,1,2,22,24,13,0,0,0,3,7,8,0,18,18,1,0,0,0,0,0,0,0,0,0,1,0,1,0,0,2,1,1,3,4,133,2,8,-283,-45,New Orleans
2022,1,28,34,2,4,3,3,26,48,7,77,84,16,1,1,0,2,16,16,1,34,35,15,1,1,1,1,9,29,2,39,41,0,0,0,0,0,0,0,0,0,0,3,0,2,2,0,1,3,4,4,8,176,0,12,-282,-44,New Orleans
2023,1,28,38,2,4,4,3,23,45,8,71,79,13,1,3,2,0,7,11,5,18,23,22,1,1,1,3,15,33,2,51,53,0,0,0,0,0,0,0,0,0,0,3,0,0,1,0,1,1,1,2,3,171,3,10,-281,-43,New Orleans
2024,1,28,41,2,3,2,4,23,20,5,47,52,15,1,1,1,1,8,10,2,19,21,22,1,0,1,3,14,10,1,27,28,0,0,1,0,0,0,0,1,0,1,4,0,1,0,0,1,0,1,1,2,129,1,12,-280,-42,New Orleans
2012,2,28,20,4,3,1,6,27,8,4,41,45,11,1,0,1,5,17,4,1,26,27,8,3,3,0,1,7,4,3,12,15,0,0,0,0,0,0,0,0,0,0,1,0,0,0,0,3,0,0,3,3,214,1,20,-250,-12,New Orleans
2013,2,28,30,1,1,5,11,32,7,6,50,56,11,0,0,4,6,20,2,4,28,32,19,0,1,1,3,12,5,2,20,22,0,0,0,0,0,0,0,0,0,0,0,1,0,0,2,0,0,0,2,2,165,0,8,-248,-10,New Orleans
2014,2,28,26,2,6,3,5,58,12,9,75,84,14,0,1,2,5,21,5,3,31,34,10,2,4,1,0,32,7,5,39,44,0,0,0,0,0,1,0,0,1,1,2,0,1,0,0,4,0,1,4,5,201,1,10,-247,-9,New Orleans
2015,2,28,29,0,0,2,1,33,5,2,39,41,14,0,0,0,1,15,1,0,17,17,11,0,0,2,0,17,4,2,21,23,0,0,0,0,0,0,0,0,0,0,4,0,0,0,0,1,0,0,1,1,128,0,8,-246,-8,New Orleans
2016,2,28,39,2,4,4,4,36,18,8,58,66,22,0,2,4,2,19,7,6,28,34,15,2,2,0,2,13,10,2,25,27,1,0,0,0,0,0,0,0,0,0,1,0,0,0,0,4,1,0,5,5,159,1,11,-252,-14,New Orleans
2017,2,28,44,2,1,5,8,85,28,6,121,127,20,2,0,2,5,38,20,2,63,65,19,0,1,3,2,37,7,4,46,50,1,0,0,0,0,0,0,0,0,0,4,0,0,0,1,10,1,0,12,12,265,2,25,-250,-12,New Orleans
2018,2,28,49,0,3,4,6,21,13,7,40,47,22,0,0,3,5,13,5,3,23,26,24,0,3,0,1,8,7,3,16,19,0,0,0,0,0,0,0,0,0,0,3,0,0,1,0,0,1,1,1,2,189,0,12,-249,-11,New Orleans
2019,2,28,39,2,4,5,2,49,17,9,68,77,14,0,1,0,1,22,2,1,25,26,24,2,2,4,1,23,14,6,38,44,0,0,1,0,0,0,0,1,0,1,1,0,0,1,0,4,1,1,5,6,205,2,11,-248,-10,New Orleans
2020,2,28,35,0,3,4,7,34,40,7,81,88,22,0,1,1,6,15,7,2,28,30,11,0,2,3,1,16,25,5,42,47,0,0,0,0,0,0,0,0,0,0,2,0,0,0,0,3,8,0,11,11,170,0,18,-247,-9,New Orleans
2021,2,28,64,3,0,6,8,26,46,6,80,86,28,0,0,2,4,13,8,2,25,27,31,3,0,4,2,11,38,4,51,55,0,0,0,0,0,1,0,0,1,1,5,0,0,0,2,1,0,0,3,3,210,1,14,-252,-14,New Orleans
2022,2,28,37,2,5,3,2,39,19,8,60,68,18,0,2,0,1,15,5,2,21,23,15,2,3,3,1,23,12,6,36,42,0,0,0,0,0,0,0,0,0,0,4,0,0,0,0,1,2,0,3,3,178,0,10,-251,-13,New Orleans
2023,2,28,48,3,2,5,4,30,36,7,70,77,29,2,2,1,1,21,10,3,32,35,14,1,0,4,2,8,24,4,34,38,1,0,0,0,1,1,0,0,2,2,4,0,0,0,0,0,2,0,2,2,186,3,11,-250,-12,New Orleans
2024,2,28,38,2,0,4,2,19,22,4,43,47,15,1,0,4,0,13,10,4,23,27,19,0,0,0,1,6,11,0,18,18,0,0,0,0,1,0,0,0,1,1,4,1,0,0,0,0,1,0,1,1,145,1,9,-249,-11,New Orleans
2012,3,28,24,1,1,1,4,34,12,2,50,52,15,1,0,0,2,29,5,0,36,36,6,0,1,1,2,3,7,2,12,14,1,0,0,0,0,1,0,0,1,1,2,0,0,0,0,1,0,0,1,1,200,2,5,-221,17,New Orleans
2013,3,28,29,0,1,3,11,30,15,4,56,60,16,0,0,1,8,23,5,1,36,37,11,0,1,1,3,7,9,2,19,21,0,0,0,0,0,0,0,0,0,0,2,0,0,1,0,0,1,1,1,2,186,0,7,-220,18,New Orleans
2014,3,28,23,0,3,0,17,29,14,3,60,63,11,0,1,0,9,21,5,1,35,36,12,0,2,0,8,8,8,2,24,26,0,0,0,0,0,0,0,0,0,0,0,0,0,0,0,0,1,0,1,1,144,0,5,-219,19,New Orleans
2015,3,28,31,2,2,1,4,40,8,3,52,55,13,2,1,0,3,27,1,1,31,32,16,0,1,1,1,11,7,2,19,21,0,0,0,0,0,0,0,0,0,0,2,0,0,0,0,2,0,0,2,2,140,0,5,-218,20,New Orleans
2016,3,28,45,1,4,5,6,35,11,9,52,61,22,0,1,2,5,22,4,3,31,34,19,0,3,3,0,11,6,6,17,23,0,0,0,0,0,0,0,0,0,0,4,1,0,0,1,2,1,0,4,4,182,0,13,-223,15,New Orleans
2017,3,28,33,2,1,0,3,28,15,1,46,47,19,1,0,0,0,23,2,0,25,25,13,1,1,0,2,3,13,1,18,19,0,0,0,0,0,0,0,0,0,0,1,0,0,0,1,2,0,0,3,3,181,1,13,-222,16,New Orleans
2018,3,28,52,1,0,8,6,33,10,8,49,57,32,0,0,8,3,25,5,8,33,41,18,1,0,0,3,7,4,0,14,14,0,0,0,0,0,0,1,0,1,1,2,0,0,0,0,1,0,0,1,1,183,1,7,-221,17,New Orleans
2019,3,28,38,4,3,5,8,29,59,8,96,104,24,4,0,3,6,18,16,3,40,43,12,0,2,1,1,11,42,3,54,57,0,0,1,0,1,0,0,1,1,2,2,0,0,1,0,0,1,1,1,2,247,3,10,-220,18,New Orleans
2020,3,28,42,1,2,1,8,24,19,3,51,54,20,1,0,1,2,18,10,1,30,31,20,0,2,0,5,6,9,2,20,22,0,0,0,0,0,0,0,0,0,0,2,0,0,0,1,0,0,0,1,1,131,0,3,-218,20,New Orleans
2021,3,28,49,2,4,9,2,14,22,13,38,51,26,0,1,6,0,8,11,7,19,26,19,2,3,2,1,6,10,5,17,22,1,0,0,0,0,0,0,0,0,0,3,0,0,1,1,0,1,1,2,3,164,1,7,-224,14,New Orleans
2022,3,28,37,1,5,6,6,33,17,11,56,67,20,0,1,1,2,19,8,2,29,31,15,1,3,4,4,12,7,7,23,30,0,0,0,0,0,0,1,0,1,1,2,0,1,1,0,2,1,2,3,5,177,1,10,-223,15,New Orleans
2023,3,28,31,0,1,4,2,36,36,5,74,79,17,0,1,1,1,25,4,2,30,32,9,0,0,2,1,9,26,2,36,38,0,0,0,0,0,1,0,0,1,1,5,0,0,1,0,1,6,1,7,8,170,2,15,-222,16,New Orleans
2024,3,28,43,1,2,7,3,23,28,9,54,63,21,1,0,4,2,14,6,4,22,26,20,0,2,3,1,9,18,5,28,33,1,0,0,0,0,0,2,0,2,2,1,0,0,0,0,0,2,0,2,2,165,3,6,-220,18,New Orleans
2012,4,28,36,1,3,1,10,33,17,4,60,64,17,0,2,1,7,16,9,3,32,35,12,1,1,0,3,13,8,1,24,25,3,0,0,0,0,0,0,0,0,0,4,0,0,0,0,4,0,0,4,4,206,5,17,-190,48,New Orleans
2013,4,28,28,1,3,1,4,42,7,4,53,57,16,0,0,0,2,16,3,0,21,21,9,1,3,1,2,20,4,4,26,30,1,0,0,0,0,0,0,0,0,0,2,0,0,0,0,6,0,0,6,6,137,1,9,-189,49,New Orleans
2014,4,28,41,0,6,2,10,40,12,8,62,70,27,0,0,1,6,30,5,1,41,42,11,0,6,1,4,5,5,7,14,21,1,0,0,0,0,2,0,0,2,2,2,0,0,0,0,3,2,0,5,5,199,3,14,-188,50,New Orleans
2015,4,28,40,0,4,1,4,28,10,5,42,47,24,0,2,1,3,24,4,3,31,34,14,0,2,0,1,4,3,2,8,10,0,0,0,0,0,0,0,0,0,0,2,0,0,0,0,0,3,0,3,3,151,1,9,-187,51,New Orleans
2016,4,28,48,0,0,4,2,28,12,4,42,46,38,0,0,3,2,18,3,3,23,26,6,0,0,1,0,8,7,1,15,16,2,0,0,0,0,0,0,0,0,0,2,0,0,0,0,2,2,0,4,4,145,2,13,-192,46,New Orleans
2017,4,28,42,2,3,3,4,39,16,6,59,65,24,0,1,1,4,18,8,2,30,32,13,2,2,0,0,21,8,2,29,31,0,0,0,0,0,0,0,0,0,0,5,0,0,2,0,0,0,2,0,2,194,2,14,-191,47,New Orleans
2018,4,28,53,1,8,5,5,46,13,13,64,77,34,0,2,2,3,28,0,4,31,35,15,1,6,2,2,14,11,8,27,35,1,0,0,1,0,0,1,1,1,2,3,0,0,0,0,4,1,0,5,5,207,4,14,-190,48,New Orleans
2019,4,28,59,2,3,7,9,39,47,10,95,105,30,1,1,3,6,21,18,4,45,49,20,1,2,2,1,14,25,4,40,44,3,0,0,0,0,0,2,0,2,2,6,0,0,2,2,4,2,2,8,10,223,5,20,-189,49,New Orleans
2020,4,28,46,2,3,2,8,25,13,5,46,51,31,1,2,1,5,16,4,3,25,28,12,1,1,1,3,6,9,2,18,20,0,0,0,0,0,0,0,0,0,0,3,0,0,0,0,3,0,0,3,3,155,1,12,-187,51,New Orleans
2021,4,28,43,4,1,4,4,21,12,5,37,42,29,3,0,2,3,16,5,2,24,26,9,0,1,2,1,5,4,3,10,13,2,0,0,0,0,0,1,0,1,1,3,1,0,0,0,0,2,0,2,2,163,3,9,-193,45,New Orleans
2022,4,28,30,2,2,2,1,26,16,4,43,47,15,1,1,1,0,18,6,2,24,26,12,1,1,1,1,8,5,2,14,16,0,0,0,0,0,0,1,0,1,1,3,0,0,0,0,0,4,0,4,4,126,1,10,-192,46,New Orleans
2023,4,28,37,3,6,4,3,26,42,10,71,81,22,3,4,1,0,16,20,5,36,41,12,0,2,3,3,7,21,5,31,36,0,0,0,0,0,0,0,0,0,0,3,0,0,0,0,3,1,0,4,4,169,1,9,-191,47,New Orleans
2024,4,28,39,1,2,3,3,31,38,5,72,77,21,0,0,2,2,20,13,2,35,37,15,1,2,1,1,11,24,3,36,39,0,0,0,0,0,0,0,0,0,0,3,0,0,0,0,0,1,0,1,1,167,0,7,-189,49,New Orleans
2012,5,28,33,3,3,2,9,24,14,5,47,52,14,1,2,1,3,12,5,3,20,23,13,2,1,1,5,10,6,2,21,23,1,0,0,0,0,1,0,0,1,1,5,0,0,0,1,1,3,0,5,5,158,2,17,-160,78,New Orleans
2013,5,28,25,2,3,1,12,53,21,4,86,90,14,0,1,0,7,43,13,1,63,64,5,2,2,1,4,9,8,3,21,24,1,0,0,0,1,0,0,0,1,1,5,0,0,0,0,1,0,0,1,1,209,2,10,-159,79,New Orleans
2014,5,28,19,2,1,2,15,31,10,3,56,59,12,2,0,1,11,24,9,1,44,45,6,0,1,1,3,6,1,2,10,12,0,0,0,0,1,0,0,0,1,1,1,0,0,0,0,1,0,0,1,1,164,1,7,-158,80,New Orleans
2015,5,28,28,0,3,1,11,33,12,4,56,60,16,0,1,1,4,23,7,2,34,36,9,0,2,0,7,10,5,2,22,24,1,0,0,0,0,0,0,0,0,0,2,0,0,0,0,0,0,0,0,0,142,1,7,-157,81,New Orleans
2016,5,28,37,1,4,4,9,31,11,8,51,59,20,1,1,2,3,14,4,3,21,24,12,0,2,1,6,15,4,3,25,28,0,0,0,0,0,1,2,0,3,3,5,0,1,1,0,1,1,2,2,4,146,5,9,-162,76,New Orleans
2017,5,28,44,0,4,6,9,33,20,10,62,72,27,0,1,2,2,17,7,3,26,29,15,0,2,3,6,14,12,5,32,37,0,0,1,0,0,0,0,1,0,1,2,0,0,1,1,2,1,1,4,5,187,1,11,-161,77,New Orleans
2018,5,28,56,0,3,6,7,22,21,9,50,59,32,0,1,4,2,15,8,5,25,30,18,0,2,2,5,7,12,4,24,28,0,0,0,0,0,0,0,0,0,0,6,0,0,0,0,0,1,0,1,1,183,1,12,-160,78,New Orleans
2019,5,28,52,1,1,4,2,32,34,5,68,73,31,1,1,1,1,22,17,2,40,42,19,0,0,3,0,8,15,3,23,26,0,0,0,0,0,0,0,0,0,0,2,0,0,0,1,2,2,0,5,5,197,1,12,-159,79,New Orleans
2020,5,28,37,2,2,3,6,26,19,5,51,56,18,1,1,2,3,18,13,3,34,37,14,1,1,1,3,5,6,2,14,16,0,0,0,0,0,1,0,0,1,1,5,0,0,0,0,2,0,0,2,2,131,1,9,-157,81,New Orleans
2021,5,28,41,4,4,9,10,28,33,13,71,84,23,3,2,4,7,12,22,6,41,47,13,1,2,5,3,11,6,7,20,27,0,0,0,0,0,0,0,0,0,0,5,0,0,0,0,5,5,0,10,10,188,1,17,-163,75,New Orleans
2022,5,28,35,1,2,6,8,25,25,8,58,66,21,1,1,2,2,17,3,3,22,25,12,0,1,4,6,5,20,5,31,36,2,0,0,0,0,0,0,0,0,0,0,0,0,0,0,3,2,0,5,5,135,3,5,-162,76,New Orleans
2023,5,28,39,0,2,4,6,26,39,6,71,77,18,0,1,3,4,12,14,4,30,34,19,0,0,0,2,10,23,0,35,35,2,0,0,1,0,2,2,1,4,5,0,0,1,0,0,2,0,1,2,3,152,7,8,-161,77,New Orleans
2024,5,28,43,2,2,3,9,25,19,5,53,58,21,2,1,1,3,15,8,2,26,28,17,0,1,2,2,8,10,3,20,23,0,0,0,0,2,0,1,0,3,3,5,0,0,0,2,2,0,0,4,4,151,3,12,-159,79,New Orleans
2012,6,28,25,1,4,3,7,25,17,7,49,56,14,1,2,2,6,15,3,4,24,28,10,0,1,1,1,9,13,2,23,25,0,0,0,0,0,0,0,0,0,0,1,0,1,0,0,1,1,1,2,3,212,3,13,-129,109,New Orleans
2013,6,28,35,0,2,5,10,32,13,7,55,62,18,0,2,2,5,27,8,4,40,44,15,0,0,1,5,5,4,1,14,15,0,0,0,1,0,0,0,1,0,1,2,0,0,1,0,0,1,1,1,2,215,2,11,-128,110,New Orleans
2014,6,28,24,0,6,3,10,48,16,9,74,83,11,0,1,1,7,29,7,2,43,45,10,0,3,1,3,18,5,4,26,30,0,0,0,0,0,0,2,0,2,2,3,0,2,1,0,1,2,3,3,6,185,2,12,-127,111,New Orleans
2015,6,28,31,2,3,3,8,24,8,6,40,46,18,2,1,1,5,13,2,2,20,22,11,0,2,0,3,10,6,2,19,21,0,0,0,1,0,0,0,1,0,1,2,0,0,1,0,1,0,1,1,2,138,2,6,-126,112,New Orleans
2016,6,28,26,1,4,4,12,27,11,8,50,58,17,1,0,2,9,20,5,2,34,36,7,0,2,2,2,7,5,4,14,18,0,0,1,0,0,0,0,1,0,1,2,0,1,0,1,0,1,1,2,3,142,1,9,-131,107,New Orleans
2017,6,28,40,1,5,1,9,35,23,6,67,73,23,1,2,1,4,24,9,3,37,40,14,0,2,0,4,9,12,2,25,27,0,0,0,0,0,1,1,0,2,2,3,0,1,0,1,1,1,1,3,4,191,2,10,-130,108,New Orleans
2018,6,28,50,2,3,8,6,45,19,11,70,81,38,1,3,5,3,34,6,8,43,51,9,1,0,2,2,11,12,2,25,27,0,0,0,0,0,0,1,0,1,1,3,0,0,1,1,0,0,1,1,2,218,1,9,-129,109,New Orleans
2019,6,28,41,2,2,8,3,38,7,10,48,58,25,1,1,2,1,26,4,3,31,34,15,0,1,5,2,9,3,6,14,20,0,0,0,0,0,0,0,0,0,0,1,1,0,1,0,3,0,1,3,4,165,0,8,-128,110,New Orleans
2020,6,28,55,3,1,10,9,17,35,11,61,72,38,2,1,7,4,15,17,8,36,44,11,0,0,2,5,2,17,2,24,26,0,0,0,0,0,0,0,0,0,0,6,1,0,1,0,0,1,1,1,2,177,3,12,-126,112,New Orleans
2021,6,28,46,4,2,3,5,30,17,5,52,57,30,3,2,3,3,20,5,5,28,33,13,1,0,0,2,7,11,0,20,20,0,0,0,0,0,1,0,0,1,1,3,0,0,0,0,2,1,0,3,3,185,3,9,-132,106,New Orleans
2022,6,28,34,1,6,6,2,28,24,12,54,66,19,1,1,4,0,20,5,5,25,30,13,0,5,2,1,6,17,7,24,31,1,0,0,0,1,0,0,0,1,1,1,0,0,0,0,2,2,0,4,4,146,3,11,-131,107,New Orleans
2023,6,28,29,3,2,4,5,15,28,6,48,54,24,2,1,2,2,12,5,3,19,22,5,0,0,2,2,3,22,2,27,29,0,0,0,0,0,0,0,0,0,0,0,1,1,0,1,0,1,1,2,3,139,0,8,-130,108,New Orleans
2024,6,28,44,2,0,3,6,30,6,3,42,45,25,2,0,3,3,19,2,3,24,27,17,0,0,0,2,9,4,0,15,15,0,0,0,0,0,0,0,0,0,0,2,0,0,0,1,2,0,0,3,3,138,0,9,-128,110,New Orleans
2012,7,28,25,1,5,3,7,28,10,8,45,53,9,0,1,2,2,13,1,3,16,19,14,1,3,1,5,13,7,4,25,29,0,0,0,0,0,1,1,0,2,2,2,0,1,0,0,1,1,1,2,3,174,5,14,-99,139,New Orleans
2013,7,28,28,2,2,2,8,30,11,4,49,53,11,2,1,2,3,17,2,3,22,25,15,0,1,0,5,10,8,1,23,24,1,0,0,0,0,1,1,0,2,2,1,0,0,0,0,2,0,0,2,2,176,4,10,-98,140,New Orleans
2014,7,28,35,3,5,2,17,30,25,7,72,79,16,1,2,1,10,22,11,3,43,46,16,2,2,1,7,6,12,3,25,28,0,0,0,0,0,0,1,0,1,1,3,0,1,0,0,2,1,1,3,4,204,1,18,-97,141,New Orleans
2015,7,28,47,0,2,2,3,25,22,4,50,54,30,0,0,0,2,17,11,0,30,30,10,0,1,2,1,8,11,3,20,23,1,0,0,0,0,0,0,0,0,0,6,0,1,0,0,0,0,1,0,1,190,1,9,-96,142,New Orleans
2016,7,28,32,0,2,0,6,24,15,2,45,47,21,0,0,0,6,14,5,0,25,25,8,0,2,0,0,7,8,2,15,17,0,0,0,0,0,0,2,0,2,2,3,0,0,0,0,3,0,0,3,3,127,2,6,-101,137,New Orleans
2017,7,28,47,2,5,1,6,39,18,6,63,69,27,1,2,1,3,28,6,3,37,40,16,1,3,0,2,7,11,3,20,23,0,0,0,0,1,1,0,0,2,2,4,0,0,0,0,3,1,0,4,4,190,2,10,-100,138,New Orleans
2018,7,28,50,2,0,4,9,45,49,4,103,107,28,2,0,3,2,23,12,3,37,40,18,0,0,1,6,17,35,1,58,59,0,0,0,0,0,1,1,0,2,2,4,0,0,0,1,4,1,0,6,6,244,2,21,-99,139,New Orleans
2019,7,28,74,2,1,4,5,30,39,5,74,79,41,0,0,2,1,19,13,2,33,35,29,2,1,2,4,9,25,3,38,41,1,0,0,0,0,1,1,0,2,2,3,0,0,0,0,1,0,0,1,1,218,3,9,-98,140,New Orleans
2020,7,28,33,2,1,4,1,28,18,5,47,52,28,1,1,2,1,20,8,3,29,32,4,1,0,2,0,8,8,2,16,18,0,0,0,0,0,0,0,0,0,0,1,0,0,0,0,0,2,0,2,2,140,1,5,-96,142,New Orleans
2021,7,28,38,2,1,5,6,25,26,6,57,63,23,1,1,3,4,16,7,4,27,31,15,1,0,1,2,7,16,1,25,26,0,0,0,0,0,0,1,0,1,1,0,0,0,1,0,2,2,1,4,5,164,2,9,-102,136,New Orleans
2022,7,28,35,5,3,5,6,25,23,8,54,62,21,3,0,4,3,12,2,4,17,21,12,2,3,1,3,12,20,4,35,39,0,0,0,0,0,0,0,0,0,0,2,0,0,0,0,1,1,0,2,2,147,1,5,-101,137,New Orleans
2023,7,28,28,2,2,4,0,39,30,6,69,75,17,0,2,1,0,25,13,3,38,41,9,1,0,3,0,12,17,3,29,32,0,0,0,0,0,0,0,0,0,0,2,1,0,0,0,2,0,0,2,2,152,3,11,-100,138,New Orleans
2024,7,28,42,0,3,5,4,27,22,8,53,61,24,0,0,4,1,15,9,4,25,29,17,0,3,0,2,11,13,3,26,29,1,0,0,0,1,0,0,0,1,1,0,0,0,1,0,1,0,1,1,2,144,2,4,-98,140,New Orleans
2012,8,28,11,2,2,2,21,12,5,4,38,42,4,2,1,2,8,10,4,3,22,25,6,0,1,0,10,2,1,1,13,14,0,0,0,0,1,0,0,0,1,1,1,0,0,0,2,0,0,0,2,2,93,1,3,-68,170,New Orleans
2013,8,28,36,0,4,2,9,43,15,6,67,73,15,0,1,1,7,27,8,2,42,44,15,0,3,1,2,13,6,4,21,25,1,0,0,0,0,0,0,0,0,0,5,0,0,0,0,3,1,0,4,4,210,1,13,-67,171,New Orleans
2014,8,28,34,1,7,1,15,37,16,8,68,76,21,1,3,0,10,25,4,3,39,42,10,0,3,0,5,9,12,3,26,29,0,0,1,0,0,0,0,1,0,1,3,0,0,1,0,3,0,1,3,4,206,1,8,-66,172,New Orleans
2015,8,28,44,1,1,1,7,31,10,2,48,50,27,0,1,0,4,23,4,1,31,32,12,1,0,1,3,7,6,1,16,17,2,0,0,0,0,1,0,0,1,1,3,0,0,0,0,0,0,0,0,0,170,4,7,-65,173,New Orleans
2016,8,28,43,1,3,6,5,29,23,9,57,66,17,0,2,1,4,10,8,3,22,25,21,1,1,5,1,17,13,6,31,37,1,0,0,0,0,1,1,0,2,2,4,0,0,0,0,1,1,0,2,2,174,4,12,-70,168,New Orleans
2017,8,28,42,0,1,0,6,24,14,1,44,45,25,0,0,0,3,18,6,0,27,27,12,0,1,0,3,6,8,1,17,18,0,0,0,0,0,0,0,0,0,0,5,0,0,0,0,0,0,0,0,0,164,1,10,-69,169,New Orleans
2018,8,28,40,1,1,1,7,32,18,2,57,59,24,0,1,1,5,19,7,2,31,33,11,0,0,0,2,10,10,0,22,22,0,0,0,0,0,0,0,0,0,0,5,1,0,0,0,3,1,0,4,4,172,1,12,-68,170,New Orleans
2019,8,28,50,1,1,8,12,26,15,9,53,62,30,1,0,4,5,18,6,4,29,33,16,0,1,2,7,5,8,3,20,23,1,0,0,0,0,1,0,0,1,1,3,0,0,2,0,2,1,2,3,5,197,2,12,-67,171,New Orleans
2020,8,28,30,2,0,5,4,16,22,5,42,47,20,0,0,3,1,10,9,3,20,23,9,1,0,0,3,5,10,0,18,18,0,0,0,0,0,0,0,0,0,0,1,1,0,2,0,1,3,2,4,6,132,1,12,-65,173,New Orleans
2021,8,28,26,0,2,4,7,19,22,6,48,54,13,0,1,3,4,13,8,4,25,29,9,0,1,1,3,6,14,2,23,25,0,0,0,0,0,0,0,0,0,0,4,0,0,0,0,0,0,0,0,0,122,0,5,-71,167,New Orleans
2022,8,28,31,10,2,4,2,21,41,6,64,70,16,6,0,3,1,11,16,3,28,31,10,4,2,1,1,8,23,3,32,35,0,0,0,0,0,0,0,0,0,0,5,0,0,0,0,2,2,0,4,4,156,1,12,-70,168,New Orleans
2023,8,28,38,0,2,4,4,31,25,6,60,66,21,0,0,1,2,22,6,1,30,31,14,0,2,3,2,7,18,5,27,32,0,0,0,0,0,0,1,0,1,1,3,0,0,0,0,2,0,0,2,2,168,1,8,-69,169,New Orleans
2024,8,28,32,1,0,5,4,29,11,5,44,49,17,1,0,5,1,25,8,5,34,39,15,0,0,0,3,2,3,0,8,8,0,0,0,0,0,2,0,0,2,2,0,0,0,0,0,0,0,0,0,0,138,2,5,-67,171,New Orleans
2012,9,28,22,0,3,5,13,24,18,8,55,63,6,0,0,0,7,16,5,0,28,28,15,0,3,5,3,8,12,8,23,31,0,0,0,0,0,0,1,0,1,1,1,0,0,0,3,0,0,0,3,3,153,1,6,-37,201,New Orleans
2013,9,28,33,0,7,2,8,24,10,9,42,51,13,0,0,1,5,10,5,1,20,21,14,0,6,1,3,14,5,7,22,29,1,0,0,0,0,0,0,0,0,0,5,0,1,0,0,0,0,1,0,1,160,1,8,-36,202,New Orleans
2014,9,28,25,0,3,7,11,32,23,10,66,76,13,0,0,2,4,18,15,2,37,39,11,0,3,5,7,12,8,8,27,35,0,0,0,0,0,0,0,0,0,0,1,0,0,0,0,2,0,0,2,2,144,0,4,-35,203,New Orleans
2015,9,28,32,2,4,4,10,26,19,8,55,63,17,0,2,1,8,22,9,3,39,42,11,0,2,3,2,4,10,5,16,21,0,0,0,0,0,0,0,0,0,0,4,2,0,0,0,0,0,0,0,0,157,1,11,-34,204,New Orleans
2016,9,28,32,1,4,3,9,21,12,7,42,49,22,1,1,1,5,13,3,2,21,23,9,0,3,1,4,6,8,4,18,22,0,0,0,0,0,0,0,0,0,0,1,0,0,1,0,2,1,1,3,4,151,1,11,-39,199,New Orleans
2017,9,28,39,2,2,6,7,35,19,8,61,69,23,0,1,4,3,21,7,5,31,36,11,2,1,1,4,9,12,2,25,27,1,0,0,0,0,0,0,0,0,0,4,0,0,1,0,5,0,1,5,6,214,1,17,-38,200,New Orleans
2018,9,28,39,1,5,2,5,50,31,7,86,93,20,0,2,1,3,25,8,3,36,39,16,1,3,1,2,23,22,4,47,51,0,0,0,0,0,0,0,0,0,0,3,0,0,0,0,2,1,0,3,3,222,1,11,-37,201,New Orleans
2019,9,28,54,0,3,6,6,49,21,9,76,85,34,0,2,2,2,33,9,4,44,48,15,0,1,4,4,13,12,5,29,34,1,0,0,0,0,1,0,0,1,1,4,0,0,0,0,2,0,0,2,2,206,4,12,-36,202,New Orleans
2020,9,28,53,1,2,5,3,16,24,7,43,50,32,0,1,3,1,11,10,4,22,26,17,1,1,2,2,5,12,3,19,22,0,0,0,0,0,0,0,0,0,0,4,0,0,0,0,0,2,0,2,2,172,0,9,-34,204,New Orleans
2021,9,28,40,1,1,5,2,17,32,6,51,57,23,0,1,3,1,13,22,4,36,40,16,1,0,1,1,4,10,1,15,16,0,0,0,0,0,0,0,0,0,0,1,0,0,1,0,0,0,1,0,1,157,1,5,-40,198,New Orleans
2022,9,28,39,4,2,2,2,27,24,4,53,57,27,4,1,2,1,15,7,3,23,26,8,0,1,0,1,8,16,1,25,26,0,0,0,0,0,4,0,0,4,4,4,0,0,0,0,0,1,0,1,1,147,4,5,-39,199,New Orleans
2023,9,28,27,2,0,6,4,29,23,6,56,62,17,2,0,4,3,16,6,4,25,29,9,0,0,2,1,13,16,2,30,32,0,0,0,0,0,0,0,0,0,0,1,0,0,0,0,0,1,0,1,1,161,1,8,-38,200,New Orleans
2024,9,28,40,0,2,3,4,41,12,5,57,62,25,0,1,1,2,22,5,2,29,31,13,0,1,2,2,17,7,3,26,29,0,0,0,0,0,0,0,0,0,0,2,0,0,0,0,2,0,0,2,2,149,0,8,-36,202,New Orleans
2012,10,28,29,1,4,3,5,39,12,7,56,63,11,0,2,0,3,10,4,2,17,19,15,1,2,2,1,26,7,4,34,38,1,0,0,0,1,0,1,0,2,2,2,0,0,1,0,3,0,1,3,4,160,3,14,-7,231,New Orleans
2013,10,28,27,2,2,7,12,48,11,9,71,80,9,0,2,5,8,33,3,7,44,51,17,2,0,2,3,11,8,2,22,24,0,0,0,0,0,0,0,0,0,0,1,0,0,0,1,4,0,0,5,5,212,1,14,-6,232,New Orleans
2014,10,28,31,2,0,3,9,39,20,3,68,71,11,1,0,2,6,26,5,2,37,39,17,1,0,1,3,11,14,1,28,29,1,0,0,0,0,0,0,0,0,0,2,0,0,0,0,2,1,0,3,3,188,1,10,-5,233,New Orleans
2015,10,28,40,2,3,5,11,34,7,8,52,60,22,0,0,2,9,20,2,2,31,33,16,2,3,3,2,13,4,6,19,25,0,0,0,0,0,0,0,0,0,0,2,0,0,0,0,1,1,0,2,2,197,0,6,-4,234,New Orleans
2016,10,28,32,0,5,9,7,44,23,14,74,88,15,0,1,5,3,24,3,6,30,36,14,0,4,4,4,16,19,8,39,47,0,0,0,0,0,0,0,0,0,0,3,0,0,0,0,4,1,0,5,5,174,1,12,-9,229,New Orleans
2017,10,28,61,0,5,2,4,55,27,7,86,93,26,0,0,0,0,26,10,0,36,36,30,0,5,1,4,28,14,6,46,52,0,0,0,0,0,0,0,0,0,0,5,0,0,1,0,1,3,1,4,5,219,1,14,-8,230,New Orleans
2018,10,28,68,1,2,3,6,60,17,5,83,88,30,0,1,1,3,25,6,2,34,36,32,1,1,2,3,30,11,3,44,47,2,0,0,0,0,1,0,0,1,1,4,0,0,0,0,4,0,0,4,4,227,5,12,-7,231,New Orleans
2019,10,28,47,1,0,0,10,41,12,0,63,63,20,0,0,0,8,26,8,0,42,42,22,1,0,0,2,14,3,0,19,19,0,0,0,0,0,0,1,0,1,1,5,0,0,0,0,1,0,0,1,1,185,2,12,-6,232,New Orleans
2020,10,28,42,2,4,7,16,19,14,11,49,60,29,0,0,3,5,10,8,3,23,26,11,2,4,3,10,9,6,7,25,32,1,0,0,0,0,0,0,0,0,0,1,0,0,1,1,0,0,1,1,2,153,1,8,-4,234,New Orleans
2021,10,28,41,1,1,6,4,22,10,7,36,43,23,0,0,3,0,15,2,3,17,20,16,1,1,2,4,7,7,3,18,21,0,0,0,1,0,0,0,1,0,1,2,0,0,0,0,0,1,0,1,1,152,1,5,-10,228,New Orleans
2022,10,28,31,6,3,5,6,33,27,8,66,74,21,2,0,3,4,17,7,3,28,31,9,3,3,2,1,16,17,5,34,39,0,0,0,0,1,0,1,0,2,2,1,1,0,0,0,0,2,0,2,2,171,2,9,-9,229,New Orleans
2023,10,28,42,1,4,2,3,42,29,6,74,80,24,1,2,0,0,16,8,2,24,26,15,0,2,1,3,24,21,3,48,51,0,0,0,0,0,1,0,0,1,1,3,0,0,1,0,1,0,1,1,2,161,2,9,-8,230,New Orleans
2024,10,28,40,0,1,3,2,41,18,4,61,65,24,0,1,1,1,34,6,2,41,43,14,0,0,2,1,5,12,2,18,20,0,0,0,0,0,1,0,0,1,1,2,0,0,0,0,1,0,0,1,1,171,1,7,-6,232,New Orleans
2012,11,28,40,2,2,0,6,21,10,2,37,39,19,1,1,0,3,11,6,1,20,21,14,1,0,0,3,10,3,0,16,16,0,0,0,0,0,0,0,0,0,0,7,0,1,0,0,0,1,1,1,2,183,0,11,24,262,New Orleans
2013,11,28,27,1,2,5,4,12,5,7,21,28,9,0,0,1,1,6,0,1,7,8,18,0,2,4,3,5,4,6,12,18,0,0,0,0,0,0,0,0,0,0,0,1,0,0,0,1,1,0,2,2,107,0,5,25,263,New Orleans
2014,11,28,28,0,9,0,18,25,14,9,57,66,10,0,4,0,7,13,7,4,27,31,16,0,5,0,11,10,7,5,28,33,1,0,0,0,0,0,0,0,0,0,1,0,0,0,0,2,0,0,2,2,133,1,6,26,264,New Orleans
2015,11,28,25,4,8,5,10,30,18,13,58,71,8,1,2,3,6,16,5,5,27,32,15,3,5,2,4,14,10,7,28,35,0,0,0,0,0,0,1,0,1,1,2,0,1,0,0,0,2,1,2,3,181,1,11,27,265,New Orleans
2016,11,28,41,0,7,5,17,36,18,12,71,83,17,0,1,3,13,19,4,4,36,40,23,0,6,1,3,12,13,7,28,35,0,0,0,0,0,0,1,0,1,1,1,0,0,1,1,5,0,1,6,7,181,1,14,22,260,New Orleans
2017,11,28,46,1,0,3,5,33,15,3,53,56,24,0,0,0,3,23,9,0,35,35,21,1,0,3,1,7,5,3,13,16,0,0,0,0,0,0,1,0,1,1,1,0,0,0,1,3,0,0,4,4,200,2,11,23,261,New Orleans
2018,11,28,47,0,4,2,12,41,10,6,63,69,23,0,1,0,8,26,7,1,41,42,23,0,3,1,4,12,2,4,18,22,1,0,0,0,0,0,0,0,0,0,0,0,0,1,0,3,1,1,4,5,185,1,12,24,262,New Orleans
2019,11,28,39,4,1,4,9,25,19,5,53,58,14,0,0,0,1,16,7,0,24,24,24,2,1,4,7,8,11,5,26,31,0,0,0,0,0,0,1,0,1,1,1,2,0,0,1,1,0,0,2,2,150,1,8,25,263,New Orleans
2020,11,28,47,2,4,4,6,20,31,8,57,65,19,0,0,3,3,12,10,3,25,28,26,1,3,0,3,7,18,3,28,31,0,0,0,0,0,0,0,0,0,0,2,1,1,1,0,1,3,2,4,6,152,0,13,27,265,New Orleans
2021,11,28,31,4,6,7,3,12,46,13,61,74,16,0,2,4,2,7,13,6,22,28,12,4,3,1,1,5,28,4,34,38,0,0,0,1,0,0,0,1,0,1,3,0,1,1,0,0,5,2,5,7,148,3,11,21,259,New Orleans
2022,11,28,43,0,1,3,8,28,41,4,77,81,23,0,1,2,2,14,15,3,31,34,17,0,0,1,5,14,25,1,44,45,0,0,0,0,0,0,1,0,1,1,3,0,0,0,1,0,0,0,1,1,166,1,8,22,260,New Orleans
2023,11,28,29,1,2,4,3,27,23,6,53,59,12,0,0,1,1,24,11,1,36,37,12,0,2,3,2,2,10,5,14,19,0,0,0,0,0,1,1,0,2,2,5,1,0,0,0,0,1,0,1,1,143,2,14,23,261,New Orleans
2024,11,28,44,0,0,2,3,11,8,2,22,24,15,0,0,0,2,4,2,0,8,8,25,0,0,2,0,7,6,2,13,15,0,0,0,0,1,0,0,0,1,1,4,0,0,0,0,0,0,0,0,0,110,1,8,25,263,New Orleans
2012,12,28,28,0,5,2,7,23,3,7,33,40,12,0,2,0,2,14,1,2,17,19,11,0,2,1,4,6,1,3,11,14,0,0,0,0,0,1,0,0,1,1,5,0,1,1,1,2,1,2,4,6,192,1,16,54,292,New Orleans
2013,12,28,26,1,10,1,7,26,11,11,44,55,9,1,2,0,5,13,3,2,21,23,16,0,6,1,2,13,8,7,23,30,0,0,0,0,0,0,0,0,0,0,1,0,2,0,0,0,0,2,0,2,167,0,10,55,293,New Orleans
2014,12,28,30,1,7,2,11,30,31,9,72,81,12,0,2,2,5,16,11,4,32,36,13,1,5,0,5,13,18,5,36,41,1,0,0,0,0,0,1,0,1,1,4,0,0,0,1,1,1,0,3,3,149,3,9,56,294,New Orleans
2015,12,28,40,2,8,5,7,26,14,13,47,60,22,1,1,1,5,19,4,2,28,30,14,1,7,3,2,6,9,10,17,27,0,0,0,0,0,0,1,0,1,1,4,0,0,1,0,1,0,1,1,2,170,1,10,57,295,New Orleans
2016,12,28,45,4,2,7,7,34,18,9,59,68,19,0,1,4,6,20,5,5,31,36,21,3,1,2,1,13,12,3,26,29,0,0,0,0,0,0,0,0,0,0,5,1,0,1,0,1,1,1,2,3,179,0,12,52,290,New Orleans
2017,12,28,45,0,0,5,6,26,10,5,42,47,15,0,0,2,3,13,3,2,19,21,25,0,0,3,3,11,6,3,20,23,0,0,0,0,0,0,0,0,0,0,5,0,0,0,0,2,1,0,3,3,151,1,12,53,291,New Orleans
2018,12,28,38,1,5,5,5,31,36,10,72,82,15,0,1,3,1,25,12,4,38,42,18,1,2,1,4,3,22,3,29,32,0,0,1,0,0,0,0,1,0,1,5,0,1,1,0,3,2,2,5,7,175,1,17,54,292,New Orleans
2019,12,28,4,0,0,1,0,15,13,1,28,29,1,0,0,0,0,9,5,0,14,14,3,0,0,1,0,6,7,1,13,14,0,0,0,0,0,0,0,0,0,0,0,0,0,0,0,0,1,0,1,1,41,0,1,55,293,New Orleans
2020,12,28,34,3,4,13,8,23,36,17,67,84,11,3,0,5,6,15,8,5,29,34,19,0,3,8,2,4,26,11,32,43,0,0,0,0,0,0,1,0,1,1,4,0,1,0,0,4,1,1,5,6,167,1,13,57,295,New Orleans
2021,12,28,12,1,0,1,6,5,9,1,20,21,3,0,0,1,5,4,5,1,14,15,8,1,0,0,1,1,3,0,5,5,0,0,0,0,0,0,0,0,0,0,1,0,0,0,0,0,1,0,1,1,52,0,3,51,289,New Orleans
2022,12,28,33,0,2,5,9,16,40,7,65,72,17,0,1,3,6,6,10,4,22,26,13,0,1,1,3,9,27,2,39,41,0,0,0,0,0,0,1,0,1,1,3,0,0,1,0,1,2,1,3,4,141,2,8,52,290,New Orleans
2023,12,28,25,2,0,1,6,26,23,1,55,56,15,1,0,1,2,13,11,1,26,27,9,0,0,0,4,12,11,0,27,27,0,0,0,0,0,0,0,0,0,0,1,1,0,0,0,1,1,0,2,2,120,1,7,53,291,New Orleans
2024,12,28,26,0,3,2,0,13,14,5,27,32,8,0,0,0,0,7,5,0,12,12,15,0,3,2,0,6,8,5,14,19,1,0,0,0,0,0,0,0,0,0,2,0,0,0,0,0,1,0,1,1,73,2,5,55,293,New Orleans
2012,1,29,20,0,6,4,4,31,16,10,51,61,4,0,2,1,2,12,3,3,17,20,10,0,4,2,2,16,13,6,31,37,1,0,0,1,0,1,0,1,1,2,5,0,0,0,0,2,0,0,2,2,147,4,11,-280,-42,New Orleans
2013,1,29,18,2,6,1,15,40,7,7,62,69,8,1,1,0,12,29,1,1,42,43,9,1,4,0,3,10,6,4,19,23,0,0,0,0,0,0,0,0,0,0,1,0,1,1,0,1,0,2,1,3,188,1,7,-278,-40,New Orleans
2014,1,29,25,1,2,2,7,14,8,4,29,33,13,1,1,2,3,11,2,3,16,19,8,0,1,0,4,3,5,1,12,13,1,0,0,0,0,0,0,0,0,0,3,0,0,0,0,0,1,0,1,1,111,3,7,-277,-39,New Orleans
2015,1,29,25,5,3,5,12,34,8,8,54,62,8,4,0,3,6,19,5,3,30,33,14,1,3,2,6,13,3,5,22,27,0,0,0,0,0,0,0,0,0,0,3,0,0,0,0,2,0,0,2,2,186,2,9,-276,-38,New Orleans
2016,1,29,38,1,3,0,12,35,14,3,61,64,15,0,0,0,3,16,7,0,26,26,20,1,3,0,9,18,7,3,34,37,0,0,0,0,0,0,0,0,0,0,3,0,0,0,0,1,0,0,1,1,174,0,9,-282,-44,New Orleans
2017,1,29,44,1,0,2,8,21,11,2,40,42,15,0,0,1,4,9,5,1,18,19,26,1,0,1,3,10,5,1,18,19,1,0,0,0,0,0,0,0,0,0,2,0,0,0,1,2,1,0,4,4,155,1,9,-280,-42,New Orleans
2018,1,29,52,3,1,2,11,22,15,3,48,51,25,1,0,2,4,14,5,2,23,25,23,2,0,0,7,7,9,0,23,23,0,0,0,0,0,1,1,0,2,2,4,0,1,0,0,0,0,1,0,1,182,3,8,-279,-41,New Orleans
2019,1,29,47,2,4,4,3,24,19,8,46,54,20,2,2,1,1,17,7,3,25,28,25,0,2,2,2,7,11,4,20,24,0,0,0,0,0,0,1,0,1,1,2,0,0,1,0,0,0,1,0,1,178,1,7,-278,-40,New Orleans
2020,1,29,25,3,2,4,6,20,32,6,58,64,11,1,2,3,0,15,8,5,23,28,13,2,0,1,6,5,21,1,32,33,0,0,0,0,0,0,3,0,3,3,1,0,0,0,0,0,0,0,0,0,140,3,4,-277,-39,New Orleans
2021,1,29,35,2,0,4,5,20,23,4,48,52,13,2,0,1,3,15,6,1,24,25,16,0,0,3,2,4,15,3,21,24,1,0,0,0,0,0,0,0,0,0,5,0,0,0,0,1,2,0,3,3,162,1,13,-282,-44,New Orleans
2022,1,29,46,0,2,7,3,32,32,9,67,76,21,0,1,2,2,15,15,3,32,35,22,0,1,5,1,15,17,6,33,39,1,0,0,0,0,0,0,0,0,0,2,0,0,0,0,2,0,0,2,2,174,1,8,-281,-43,New Orleans
2023,1,29,36,5,3,8,6,15,33,11,54,65,11,2,1,4,3,5,6,5,14,19,24,3,2,4,3,10,22,6,35,41,0,0,0,0,0,0,0,0,0,0,1,0,0,0,0,0,5,0,5,5,159,2,10,-280,-42,New Orleans
2024,1,29,37,3,0,2,1,21,26,2,48,50,14,1,0,1,0,12,3,1,15,16,20,2,0,0,1,9,21,0,31,31,0,0,0,0,0,0,1,0,1,1,3,0,0,1,0,0,1,1,1,2,132,2,7,-279,-41,New Orleans
2012,2,29,28,3,0,0,5,26,15,0,46,46,11,1,0,0,5,14,5,0,24,24,15,1,0,0,0,11,9,0,20,20,0,0,0,0,0,1,0,0,1,1,2,1,0,0,0,0,1,0,1,1,222,1,6,-249,-11,New Orleans
2016,2,29,35,1,3,3,9,26,14,6,49,55,15,0,1,2,1,17,5,3,23,26,18,1,2,1,6,8,9,3,23,26,0,0,0,0,1,0,0,0,1,1,2,0,0,0,1,1,0,0,2,2,171,1,12,-251,-13,New Orleans
2020,2,29,44,3,3,6,6,42,33,9,81,90,24,0,0,2,2,15,7,2,24,26,19,3,3,3,4,23,25,6,52,58,0,0,0,0,0,0,0,0,0,0,1,0,0,1,0,4,1,1,5,6,188,2,11,-246,-8,New Orleans
2024,2,29,46,1,1,3,4,23,10,4,37,41,30,1,1,1,1,6,4,2,11,13,15,0,0,1,3,15,3,1,21,22,0,0,0,0,0,0,0,0,0,0,1,0,0,1,0,2,3,1,5,6,132,0,8,-248,-10,New Orleans
2012,3,29,20,0,2,3,5,36,11,5,52,57,12,0,1,2,3,26,7,3,36,39,8,0,0,1,1,8,3,1,12,13,0,0,0,0,1,1,1,0,3,3,0,0,1,0,0,1,0,1,1,2,209,3,15,-220,18,New Orleans
2013,3,29,24,2,2,1,10,31,11,3,52,55,14,1,1,1,7,20,7,2,34,36,9,1,0,0,3,10,4,0,17,17,0,0,0,0,0,0,0,0,0,0,1,0,1,0,0,1,0,1,1,2,145,2,7,-219,19,New Orleans
2014,3,29,32,0,4,3,6,23,24,7,53,60,14,0,1,2,5,9,8,3,22,25,15,0,3,1,1,13,15,4,29,33,0,0,0,0,0,1,0,0,1,1,3,0,0,0,0,0,1,0,1,1,148,2,8,-218,20,New Orleans
2015,3,29,51,5,1,1,8,36,11,2,55,57,28,2,0,0,7,25,7,0,39,39,20,1,1,1,1,9,3,2,13,15,0,0,0,0,0,0,0,0,0,0,3,2,0,0,0,2,1,0,3,3,174,0,18,-217,21,New Orleans
2016,3,29,48,3,0,4,8,20,18,4,46,50,27,1,0,3,3,13,7,3,23,26,19,2,0,1,5,4,10,1,19,20,2,0,0,0,0,0,0,0,0,0,0,0,0,0,0,3,1,0,4,4,172,2,9,-222,16,New Orleans
2017,3,29,52,1,1,1,8,39,9,2,56,58,30,1,1,1,6,28,1,2,35,37,16,0,0,0,1,10,8,0,19,19,0,0,0,0,0,0,0,0,0,0,6,0,0,0,1,1,0,0,2,2,193,0,14,-221,17,New Orleans
2018,3,29,37,2,3,3,1,30,16,6,47,53,20,0,1,2,0,18,8,3,26,29,13,1,1,1,1,8,8,2,17,19,1,0,0,0,0,1,0,0,1,1,3,1,1,0,0,3,0,1,3,4,164,3,13,-220,18,New Orleans
2019,3,29,57,4,2,5,4,41,36,7,81,88,28,3,2,2,2,20,6,4,28,32,25,1,0,2,2,20,30,2,52,54,1,0,0,0,0,1,0,0,1,1,3,0,0,1,0,0,0,1,0,1,253,2,7,-219,19,New Orleans
2020,3,29,38,1,0,3,5,23,10,3,38,41,25,1,0,1,0,17,5,1,22,23,11,0,0,2,4,5,4,2,13,15,0,0,0,0,0,0,1,0,1,1,2,0,0,0,1,1,0,0,2,2,128,1,8,-217,21,New Orleans
2021,3,29,44,2,2,7,2,30,15,9,47,56,18,0,1,6,2,18,10,7,30,37,19,2,1,1,0,8,4,2,12,14,2,0,0,0,0,1,0,0,1,1,5,0,0,0,0,3,1,0,4,4,159,3,12,-223,15,New Orleans
2022,3,29,35,2,1,11,4,26,7,12,37,49,21,1,0,9,3,16,3,9,22,31,13,1,1,2,1,7,4,3,12,15,0,0,0,0,0,0,0,0,0,0,1,0,0,0,0,3,0,0,3,3,125,1,5,-222,16,New Orleans
2023,3,29,34,2,1,6,6,17,42,7,65,72,16,2,1,4,1,10,18,5,29,34,13,0,0,2,4,7,24,2,35,37,1,0,0,0,0,0,0,0,0,0,4,0,0,0,1,0,0,0,1,1,179,2,10,-221,17,New Orleans
2024,3,29,42,1,2,2,3,37,22,4,62,66,23,1,0,1,2,22,10,1,34,35,15,0,2,1,1,14,12,3,27,30,1,0,0,0,0,0,0,0,0,0,3,0,0,0,0,1,0,0,1,1,157,1,6,-219,19,New Orleans
2012,4,29,32,2,7,7,12,25,19,14,56,70,15,2,3,4,8,13,11,7,32,39,11,0,4,2,4,10,6,6,20,26,0,0,0,0,0,1,0,0,1,1,6,0,0,1,0,1,2,1,3,4,210,2,18,-189,49,New Orleans
2013,4,29,26,0,2,5,18,35,14,7,67,74,17,0,0,4,12,26,5,4,43,47,8,0,2,1,5,7,9,3,21,24,0,0,0,0,1,0,0,0,1,1,1,0,0,0,0,2,0,0,2,2,190,2,9,-188,50,New Orleans
2014,4,29,36,2,2,0,12,26,9,2,47,49,22,2,2,0,7,17,2,2,26,28,11,0,0,0,4,7,6,0,17,17,0,0,0,0,1,0,0,0,1,1,3,0,0,0,0,2,1,0,3,3,204,1,12,-187,51,New Orleans
2015,4,29,16,1,2,2,5,35,19,4,59,63,10,1,1,1,4,26,7,2,37,39,6,0,0,1,0,7,10,1,17,18,0,0,0,0,0,0,1,0,1,1,0,0,1,0,1,2,1,1,4,5,162,2,7,-186,52,New Orleans
2016,4,29,32,1,3,3,10,28,15,6,53,59,25,0,2,2,6,20,4,4,30,34,6,0,1,1,3,8,10,2,21,23,0,0,0,0,0,0,0,0,0,0,1,1,0,0,1,0,1,0,2,2,165,0,10,-191,47,New Orleans
2017,4,29,35,2,3,4,4,43,19,7,66,73,20,1,0,1,1,22,3,1,26,27,13,1,2,3,3,18,9,5,30,35,1,0,0,0,0,0,1,0,1,1,1,0,1,0,0,3,6,1,9,10,176,2,17,-190,48,New Orleans
2018,4,29,56,1,1,5,2,34,29,6,65,71,28,1,0,1,0,21,6,1,27,28,26,0,1,4,2,11,21,5,34,39,0,0,0,0,0,1,1,0,2,2,2,0,0,0,0,1,1,0,2,2,206,2,14,-189,49,New Orleans
2019,4,29,64,3,2,6,9,31,45,8,85,93,37,0,1,3,7,21,10,4,38,42,21,2,1,3,2,8,32,4,42,46,0,0,0,0,0,0,0,0,0,0,6,1,0,0,0,2,3,0,5,5,242,1,16,-188,50,New Orleans
2020,4,29,52,0,0,5,5,18,11,5,34,39,26,0,0,2,4,11,3,2,18,20,19,0,0,2,1,6,8,2,15,17,2,0,0,0,0,0,0,0,0,0,5,0,0,1,0,1,0,1,1,2,145,2,18,-186,52,New Orleans
2021,4,29,61,0,2,8,2,23,8,10,33,43,48,0,1,6,0,19,1,7,20,27,10,0,1,1,2,2,6,2,10,12,0,0,0,0,0,0,0,0,0,0,3,0,0,1,0,2,1,1,3,4,170,1,10,-192,46,New Orleans
2022,4,29,47,3,1,6,2,30,16,7,48,55,23,3,1,2,1,19,5,3,25,28,19,0,0,4,1,8,11,4,20,24,0,0,0,0,0,0,0,0,0,0,5,0,0,0,0,3,0,0,3,3,159,0,14,-191,47,New Orleans
2023,4,29,36,5,1,6,2,23,26,7,51,58,16,0,1,3,2,12,6,4,20,24,14,3,0,3,0,10,19,3,29,32,2,1,0,0,0,1,0,0,1,1,4,1,0,0,0,0,1,0,1,1,139,4,10,-190,48,New Orleans
2024,4,29,23,1,1,2,9,25,29,3,63,66,14,1,1,1,5,13,15,2,33,35,8,0,0,1,3,12,12,1,27,28,0,0,0,0,0,0,2,0,2,2,1,0,0,0,1,0,0,0,1,1,143,3,4,-188,50,New Orleans
2012,5,29,21,1,1,5,16,43,15,6,74,80,15,0,0,3,12,32,5,3,49,52,4,1,1,2,4,10,10,3,24,27,0,0,0,0,0,0,0,0,0,0,2,0,0,0,0,1,0,0,1,1,215,0,6,-159,79,New Orleans
2013,5,29,31,1,1,0,7,43,13,1,63,64,19,1,1,0,5,34,6,1,45,46,10,0,0,0,1,7,6,0,14,14,0,0,0,0,0,1,1,0,2,2,2,0,0,0,1,1,0,0,2,2,188,3,12,-158,80,New Orleans
2014,5,29,34,0,1,1,9,35,10,2,54,56,22,0,0,0,8,22,3,0,33,33,10,0,0,1,1,10,7,1,18,19,0,0,0,0,0,1,0,0,1,1,2,0,1,0,0,2,0,1,2,3,179,1,11,-157,81,New Orleans
2015,5,29,37,1,3,4,7,36,8,7,51,58,25,0,3,3,2,27,4,6,33,39,8,0,0,0,3,8,4,0,15,15,2,0,0,0,1,1,0,0,2,2,2,1,0,1,1,0,0,1,1,2,167,6,6,-156,82,New Orleans
2016,5,29,52,0,15,6,11,34,12,21,57,78,34,0,4,2,5,15,4,6,24,30,16,0,10,4,6,15,5,14,26,40,0,0,0,0,0,1,1,0,2,2,2,0,1,0,0,3,2,1,5,6,193,3,10,-161,77,New Orleans
2017,5,29,50,2,3,2,8,41,16,5,65,70,27,1,2,0,4,23,6,2,33,35,21,1,0,1,4,15,10,1,29,30,0,0,0,0,0,1,0,0,1,1,2,0,1,1,0,2,0,2,2,4,174,3,8,-160,78,New Orleans
2018,5,29,58,1,6,5,4,31,32,11,67,78,33,1,1,4,3,22,10,5,35,40,18,0,5,0,1,6,18,5,25,30,0,0,0,0,0,0,0,0,0,0,7,0,0,1,0,3,4,1,7,8,236,0,18,-159,79,New Orleans
2019,5,29,61,2,2,4,8,39,29,6,76,82,36,2,1,1,5,27,13,2,45,47,17,0,1,2,2,10,14,3,26,29,0,0,0,0,0,0,1,0,1,1,8,0,0,1,1,2,1,1,4,5,222,2,18,-158,80,New Orleans
2020,5,29,67,1,0,2,5,16,22,2,43,45,44,0,0,1,3,14,4,1,21,22,14,1,0,1,2,0,18,1,20,21,2,0,0,0,0,0,0,0,0,0,7,0,0,0,0,2,0,0,2,2,150,3,10,-156,82,New Orleans
2021,5,29,49,3,1,6,4,26,51,7,81,88,31,2,0,2,1,13,14,2,28,30,11,1,1,3,2,13,34,4,49,53,1,0,0,0,1,0,2,0,3,3,6,0,0,1,0,0,1,1,1,2,193,4,10,-162,76,New Orleans
2022,5,29,36,2,4,9,7,23,26,13,56,69,23,1,2,5,4,10,7,7,21,28,9,0,2,3,2,12,17,5,31,36,1,0,0,1,0,1,1,1,2,3,3,1,0,0,1,0,1,0,2,2,166,4,9,-161,77,New Orleans
2023,5,29,44,0,3,8,4,19,22,11,45,56,24,0,0,4,3,13,7,4,23,27,12,0,3,2,1,6,15,5,22,27,1,0,0,1,0,0,0,1,0,1,7,0,0,1,0,0,0,1,0,1,142,2,10,-160,78,New Orleans
2024,5,29,45,2,2,3,1,19,17,5,37,42,31,2,1,3,0,9,8,4,17,21,11,0,0,0,1,6,7,0,14,14,1,0,0,0,0,0,0,0,0,0,2,0,1,0,0,4,2,1,6,7,138,2,17,-158,80,New Orleans
2012,6,29,31,0,1,2,9,25,21,3,55,58,17,0,0,0,8,15,7,0,30,30,14,0,1,2,1,9,11,3,21,24,0,0,0,0,0,0,1,0,1,1,0,0,0,0,0,1,2,0,3,3,215,2,14,-128,110,New Orleans
2013,6,29,26,3,4,1,3,33,11,5,47,52,13,1,1,1,2,17,5,2,24,26,10,2,3,0,1,15,6,3,22,25,0,0,0,0,0,1,0,0,1,1,3,0,0,0,0,0,0,0,0,0,172,1,27,-127,111,New Orleans
2014,6,29,37,2,7,6,4,21,8,13,33,46,16,0,3,0,2,10,2,3,14,17,14,1,4,4,1,9,6,8,16,24,0,1,0,0,0,0,0,0,0,0,7,0,0,2,1,2,0,2,3,5,172,1,19,-126,112,New Orleans
2015,6,29,26,1,8,1,7,26,12,9,45,54,14,0,4,0,7,20,4,4,31,35,9,0,3,0,0,6,7,3,13,16,0,0,0,0,0,0,0,0,0,0,3,1,1,1,0,0,1,2,1,3,147,0,7,-125,113,New Orleans
2016,6,29,41,1,3,2,6,27,10,5,43,48,26,1,0,0,6,17,5,0,28,28,13,0,3,1,0,9,4,4,13,17,1,0,0,1,0,0,1,1,1,2,1,0,0,0,0,1,0,0,1,1,166,3,10,-130,108,New Orleans
2017,6,29,38,0,0,3,5,38,31,3,74,77,26,0,0,1,3,23,12,1,38,39,10,0,0,2,2,9,17,2,28,30,1,0,0,0,0,0,0,0,0,0,1,0,0,0,0,6,2,0,8,8,168,1,17,-129,109,New Orleans
2018,6,29,50,1,1,4,4,48,13,5,65,70,35,1,1,3,3,32,6,4,41,45,11,0,0,1,1,12,6,1,19,20,0,0,0,0,0,0,0,0,0,0,4,0,0,0,0,4,1,0,5,5,186,2,17,-128,110,New Orleans
2019,6,29,40,1,4,5,1,36,18,9,55,64,23,1,2,4,1,27,4,6,32,38,12,0,2,1,0,7,11,3,18,21,1,0,0,0,0,2,3,0,5,5,4,0,0,0,0,0,0,0,0,0,171,7,11,-127,111,New Orleans
2020,6,29,51,2,3,3,8,25,16,6,49,55,34,1,2,2,4,22,5,4,31,35,12,1,1,1,3,2,11,2,16,18,0,0,0,0,0,0,0,0,0,0,5,0,0,0,1,1,0,0,2,2,161,0,9,-125,113,New Orleans
2021,6,29,36,2,0,7,7,35,8,7,50,57,28,0,0,6,4,21,5,6,30,36,7,2,0,0,2,11,3,0,16,16,0,0,0,0,1,1,0,0,2,2,1,0,0,1,0,2,0,1,2,3,173,3,10,-131,107,New Orleans
2022,6,29,43,1,3,4,5,19,20,7,44,51,26,0,2,2,3,14,10,4,27,31,14,1,1,2,2,5,10,3,17,20,1,0,0,0,0,0,0,0,0,0,2,0,0,0,0,0,0,0,0,0,148,2,4,-130,108,New Orleans
2023,6,29,28,4,0,5,3,29,15,5,47,52,15,4,0,3,1,17,1,3,19,22,8,0,0,0,2,8,13,0,23,23,0,0,0,0,0,0,1,0,1,1,5,0,0,2,0,4,0,2,4,6,119,1,11,-129,109,New Orleans
2024,6,29,44,0,6,4,4,26,17,10,47,57,33,0,3,3,2,12,5,6,19,25,11,0,1,1,2,13,12,2,27,29,0,0,0,0,0,0,0,0,0,0,0,0,2,0,0,1,0,2,1,3,151,1,6,-127,111,New Orleans
2012,7,29,36,0,5,4,11,24,15,9,50,59,9,0,0,2,6,15,6,2,27,29,24,0,4,2,5,8,8,6,21,27,0,0,0,0,0,0,1,0,1,1,3,0,1,0,0,1,0,1,1,2,161,1,14,-98,140,New Orleans
2013,7,29,24,1,2,6,12,45,14,8,71,79,9,1,0,3,11,37,3,3,51,54,11,0,0,1,1,4,9,1,14,15,0,0,0,0,0,0,1,0,1,1,4,0,2,2,0,4,1,4,5,9,204,1,27,-97,141,New Orleans
2014,7,29,40,1,1,5,13,26,25,6,64,70,24,1,1,3,9,19,16,4,44,48,15,0,0,2,4,4,9,2,17,19,0,0,0,0,0,0,0,0,0,0,1,0,0,0,0,3,0,0,3,3,213,0,10,-96,142,New Orleans
2015,7,29,44,0,2,1,14,30,15,3,59,62,24,0,0,0,10,21,11,0,42,42,16,0,2,1,2,8,3,3,13,16,0,0,0,0,0,0,0,0,0,0,4,0,0,0,2,1,1,0,4,4,176,0,11,-95,143,New Orleans
2016,7,29,26,0,4,6,12,31,11,10,54,64,17,0,3,4,6,21,4,7,31,38,7,0,1,0,5,8,7,1,20,21,0,0,0,0,0,0,0,0,0,0,2,0,0,2,1,2,0,2,3,5,145,1,8,-100,138,New Orleans
2017,7,29,54,4,4,6,6,36,19,10,61,71,28,1,2,4,2,18,9,6,29,35,22,2,2,1,3,18,8,3,29,32,1,0,0,0,0,0,1,0,1,1,3,1,0,1,1,0,1,1,2,3,191,2,9,-99,139,New Orleans
2018,7,29,50,4,5,5,3,42,19,10,64,74,27,1,5,2,1,23,6,7,30,37,19,3,0,2,2,16,9,2,27,29,0,0,0,0,0,1,0,0,1,1,4,0,0,1,0,2,4,1,6,7,216,2,17,-98,140,New Orleans
2019,7,29,47,1,3,5,3,42,10,8,55,63,27,0,1,3,3,32,7,4,42,46,17,1,2,1,0,6,3,3,9,12,0,0,0,0,0,1,0,0,1,1,3,0,0,1,0,3,0,1,3,4,195,4,15,-97,141,New Orleans
2020,7,29,46,1,1,7,4,26,31,8,61,69,28,0,0,4,3,22,21,4,46,50,12,0,1,2,1,3,10,3,14,17,0,0,0,0,0,1,0,0,1,1,6,1,0,1,0,0,0,1,0,1,173,2,13,-95,143,New Orleans
2021,7,29,39,5,2,5,5,28,23,7,56,63,23,4,0,2,1,20,13,2,34,36,15,1,2,2,4,7,10,4,21,25,1,0,0,0,0,0,0,0,0,0,0,0,0,1,0,1,0,1,1,2,179,1,5,-101,137,New Orleans
2022,7,29,19,4,2,2,8,40,17,4,65,69,11,2,1,1,4,21,10,2,35,37,7,2,1,1,3,16,6,2,25,27,0,0,0,0,0,1,0,0,1,1,1,0,0,0,1,2,1,0,4,4,135,1,9,-100,138,New Orleans
2023,7,29,43,3,3,5,2,34,25,8,61,69,22,0,0,4,1,16,8,4,25,29,18,2,3,1,1,15,16,4,32,36,0,0,0,0,0,1,0,0,1,1,3,1,0,0,0,2,1,0,3,3,167,2,14,-99,139,New Orleans
2024,7,29,43,1,0,8,6,21,19,8,46,54,27,0,0,5,4,13,9,5,26,31,12,1,0,3,2,6,10,3,18,21,0,0,0,0,0,0,0,0,0,0,4,0,0,0,0,2,0,0,2,2,151,1,10,-97,141,New Orleans
2012,8,29,8,0,0,1,42,8,6,1,56,57,6,0,0,1,29,2,5,1,36,37,2,0,0,0,13,6,1,0,20,20,0,0,0,0,0,0,0,0,0,0,0,0,0,0,0,0,0,0,0,0,97,0,4,-67,171,New Orleans
2013,8,29,20,1,1,3,7,33,14,4,54,58,13,0,0,2,7,23,8,2,38,40,6,1,1,0,0,8,6,1,14,15,0,0,0,0,0,0,0,0,0,0,1,0,0,1,0,2,0,1,2,3,177,1,10,-66,172,New Orleans
2014,8,29,31,0,4,4,9,36,10,8,55,63,15,0,0,2,7,20,6,2,33,35,15,0,4,2,2,14,4,6,20,26,0,0,0,0,0,0,0,0,0,0,1,0,0,0,0,2,0,0,2,2,155,0,6,-65,173,New Orleans
2015,8,29,44,1,4,5,10,30,15,9,55,64,20,0,0,3,7,13,8,3,28,31,16,1,3,1,3,16,7,4,26,30,0,0,0,0,0,1,0,0,1,1,8,0,1,1,0,0,0,2,0,2,172,1,14,-64,174,New Orleans
2016,8,29,42,2,1,3,6,26,17,4,49,53,24,1,0,2,5,18,6,2,29,31,13,1,1,1,1,8,9,2,18,20,2,0,0,0,0,0,2,0,2,2,3,0,0,0,0,0,0,0,0,0,162,4,9,-69,169,New Orleans
2017,8,29,48,0,1,3,4,34,18,4,56,60,27,0,0,3,0,22,8,3,30,33,16,0,1,0,2,9,10,1,21,22,0,0,0,0,0,1,0,0,1,1,5,0,0,0,2,2,0,0,4,4,176,1,12,-68,170,New Orleans
2018,8,29,61,2,1,3,7,36,13,4,56,60,26,2,1,2,4,27,2,3,33,36,31,0,0,1,2,8,11,1,21,22,0,0,0,0,0,1,0,0,1,1,4,0,0,0,1,0,0,0,1,1,204,2,9,-67,171,New Orleans
2019,8,29,45,1,1,3,7,36,29,4,72,76,23,0,0,3,3,24,9,3,36,39,18,1,1,0,4,6,18,1,28,29,0,0,0,0,0,0,0,0,0,0,4,0,0,0,0,6,2,0,8,8,201,0,16,-66,172,New Orleans
2020,8,29,53,4,2,6,4,15,36,8,55,63,27,1,0,2,2,10,16,2,28,30,21,3,2,4,2,5,17,6,24,30,0,0,0,0,0,0,0,0,0,0,5,0,0,0,0,0,3,0,3,3,182,0,12,-64,174,New Orleans
2021,8,29,11,0,0,2,19,7,10,2,36,38,6,0,0,1,10,5,6,1,21,22,5,0,0,1,9,2,4,1,15,16,0,0,0,0,0,0,0,0,0,0,0,0,0,0,0,0,0,0,0,0,79,0,4,-70,168,New Orleans
2022,8,29,30,4,2,8,3,18,47,10,68,78,17,2,0,4,2,12,13,4,27,31,11,2,2,4,1,4,32,6,37,43,1,0,0,0,0,1,0,0,1,1,1,0,0,0,0,1,2,0,3,3,168,3,5,-69,169,New Orleans
2023,8,29,34,1,1,6,5,25,18,7,48,55,25,0,1,4,3,18,7,5,28,33,9,1,0,2,2,6,11,2,19,21,0,0,0,0,0,0,0,0,0,0,0,0,0,0,0,1,0,0,1,1,136,0,5,-68,170,New Orleans
2024,8,29,34,0,1,1,3,19,6,2,28,30,23,0,1,0,1,12,3,1,16,17,7,0,0,1,2,7,2,1,11,12,0,0,0,0,0,0,0,0,0,0,4,0,0,0,0,0,1,0,1,1,115,1,5,-66,172,New Orleans
2012,9,29,31,1,1,3,9,39,16,4,64,68,12,1,0,1,5,19,3,1,27,28,15,0,1,2,3,17,12,3,32,35,0,0,0,0,0,1,0,0,1,1,4,0,0,0,1,2,1,0,4,4,146,2,10,-36,202,New Orleans
2013,9,29,23,0,2,4,8,37,12,6,57,63,10,0,1,2,6,24,4,3,34,37,10,0,1,1,2,9,7,2,18,20,0,0,0,0,0,2,0,0,2,2,3,0,0,1,0,2,1,1,3,4,161,2,15,-35,203,New Orleans
2014,9,29,24,2,0,2,12,33,10,2,55,57,9,0,0,1,7,20,3,1,30,31,14,1,0,1,3,10,6,1,19,20,0,0,0,0,0,1,0,0,1,1,1,1,0,0,2,2,1,0,5,5,163,1,14,-34,204,New Orleans
2015,9,29,25,1,4,3,8,36,19,7,63,70,19,1,2,1,6,26,7,3,39,42,6,0,2,2,2,9,11,4,22,26,0,0,0,0,0,0,0,0,0,0,0,0,0,0,0,1,1,0,2,2,169,0,9,-33,205,New Orleans
2016,9,29,31,2,5,6,3,29,11,11,43,54,15,0,4,2,3,20,3,6,26,32,12,2,1,3,0,9,8,4,17,21,1,0,0,0,0,0,0,0,0,0,3,0,0,1,0,0,0,1,0,1,156,1,8,-38,200,New Orleans
2017,9,29,57,0,6,8,7,35,29,14,71,85,27,0,1,3,3,16,8,4,27,31,25,0,5,5,4,18,21,10,43,53,0,0,0,0,0,0,0,0,0,0,5,0,0,0,0,1,0,0,1,1,227,2,10,-37,201,New Orleans
2018,9,29,56,0,3,2,8,34,29,5,71,76,23,0,0,1,6,19,11,1,36,37,32,0,3,1,2,14,16,4,32,36,0,0,0,0,0,0,0,0,0,0,1,0,0,0,0,1,2,0,3,3,206,1,11,-36,202,New Orleans
2019,9,29,45,0,3,8,6,43,33,11,82,93,21,0,0,3,1,19,11,3,31,34,19,0,2,4,5,16,20,6,41,47,1,0,0,0,0,3,0,0,3,3,4,0,1,1,0,5,2,2,7,9,199,4,20,-35,203,New Orleans
2020,9,29,50,0,2,6,7,12,21,8,40,48,28,0,1,6,3,10,11,7,24,31,18,0,1,0,3,0,10,1,13,14,0,0,0,0,0,1,0,0,1,1,4,0,0,0,1,1,0,0,2,2,153,3,7,-33,205,New Orleans
2021,9,29,42,2,2,4,5,32,7,6,44,50,27,1,0,2,3,22,1,2,26,28,11,0,1,1,2,8,5,2,15,17,0,0,0,0,0,0,0,0,0,0,4,1,1,1,0,2,1,2,3,5,140,0,13,-39,199,New Orleans
2022,9,29,38,2,2,1,1,30,18,3,49,52,26,0,1,1,1,21,11,2,33,35,10,2,1,0,0,7,6,1,13,14,0,0,0,0,0,0,0,0,0,0,2,0,0,0,0,2,1,0,3,3,135,0,9,-38,200,New Orleans
2023,9,29,31,1,2,6,3,39,27,8,69,77,15,0,2,0,2,14,9,2,25,27,13,1,0,5,1,24,17,5,42,47,0,0,0,0,0,0,0,0,0,0,3,0,0,1,0,1,1,1,2,3,175,0,6,-37,201,New Orleans
2024,9,29,66,1,1,3,7,28,20,4,55,59,39,1,0,0,3,13,8,0,24,24,19,0,1,2,4,14,12,3,30,33,0,0,0,0,0,0,0,0,0,0,8,0,0,1,0,1,0,1,1,2,189,1,17,-35,203,New Orleans
2012,10,29,28,1,3,2,9,25,7,5,41,46,12,1,1,1,5,16,4,2,25,27,15,0,2,1,3,7,1,3,11,14,0,0,0,0,1,0,1,0,2,2,1,0,0,0,0,2,1,0,3,3,170,2,8,-6,232,New Orleans
2013,10,29,24,1,2,2,12,41,5,4,58,62,11,0,0,1,7,28,2,1,37,38,11,1,1,1,2,11,3,2,16,18,0,0,0,0,1,0,0,0,1,1,2,0,1,0,2,2,0,1,4,5,197,1,10,-5,233,New Orleans
2014,10,29,27,1,1,5,9,30,24,6,63,69,17,1,0,2,4,19,10,2,33,35,10,0,1,3,5,9,13,4,27,31,0,0,0,0,0,0,0,0,0,0,0,0,0,0,0,2,1,0,3,3,184,0,5,-4,234,New Orleans
2015,10,29,33,3,6,5,9,32,24,11,65,76,15,1,1,2,3,19,8,3,30,33,13,2,5,3,6,11,16,8,33,41,0,0,0,0,0,1,0,0,1,1,5,0,0,0,0,1,0,0,1,1,203,2,9,-3,235,New Orleans
2016,10,29,32,0,6,3,4,46,16,9,66,75,17,0,2,3,1,20,3,5,24,29,14,0,3,0,3,24,13,3,40,43,0,0,0,0,0,0,0,0,0,0,1,0,1,0,0,2,0,1,2,3,154,1,6,-8,230,New Orleans
2017,10,29,57,1,2,4,1,40,17,6,58,64,25,0,2,3,1,22,5,5,28,33,30,1,0,1,0,17,12,1,29,30,0,0,0,0,0,1,0,0,1,1,2,0,0,0,0,0,0,0,0,0,184,1,6,-7,231,New Orleans
2018,10,29,52,1,2,1,7,40,18,3,65,68,28,0,1,0,5,22,8,1,35,36,17,1,1,1,2,15,9,2,26,28,1,0,0,0,0,1,0,0,1,1,6,0,0,0,0,2,1,0,3,3,233,2,16,-6,232,New Orleans
2019,10,29,31,0,2,4,8,31,22,6,61,67,15,0,2,2,5,18,7,4,30,34,13,0,0,1,3,11,14,1,28,29,1,0,0,0,0,1,1,0,2,2,2,0,0,1,0,1,0,1,1,2,149,5,7,-5,233,New Orleans
2020,10,29,48,1,5,3,13,22,23,8,58,66,31,1,1,1,6,18,11,2,35,37,17,0,3,2,5,3,12,5,20,25,0,0,0,0,0,0,0,0,0,0,0,0,1,0,2,1,0,1,3,4,155,2,9,-3,235,New Orleans
2021,10,29,55,0,2,5,1,36,15,7,52,59,23,0,0,3,0,19,5,3,24,27,27,0,2,1,0,15,10,3,25,28,0,0,0,0,0,1,0,0,1,1,5,0,0,1,1,1,0,1,2,3,179,2,13,-9,229,New Orleans
2022,10,29,30,3,3,3,4,23,43,6,70,76,13,0,0,1,0,13,14,1,27,28,15,3,3,2,3,9,25,5,37,42,1,0,0,0,0,0,0,0,0,0,1,0,0,0,1,1,4,0,6,6,170,2,10,-8,230,New Orleans
2023,10,29,43,1,4,4,6,15,42,8,63,71,21,0,0,1,2,6,5,1,13,14,19,1,4,2,4,9,36,6,49,55,0,0,0,0,0,0,1,0,1,1,3,0,0,1,0,0,0,1,0,1,160,1,6,-7,231,New Orleans
2024,10,29,48,3,2,5,4,43,7,7,54,61,23,2,0,3,3,25,1,3,29,32,20,1,2,2,1,13,6,4,20,24,1,0,0,0,0,0,0,0,0,0,4,0,0,0,0,5,0,0,5,5,170,2,13,-5,233,New Orleans
2012,11,29,32,3,3,2,9,24,9,5,42,47,16,2,2,1,7,17,3,3,27,30,11,1,0,1,2,7,6,1,15,16,0,0,0,0,0,0,0,0,0,0,5,0,1,0,0,0,0,1,0,1,179,1,14,25,263,New Orleans
2013,11,29,26,2,2,2,7,22,17,4,46,50,6,1,1,1,7,9,8,2,24,26,17,0,1,1,0,11,9,2,20,22,2,0,0,0,0,0,0,0,0,0,1,1,0,0,0,2,0,0,2,2,147,2,11,26,264,New Orleans
2014,11,29,29,3,5,5,10,34,23,10,67,77,10,0,2,3,4,22,10,5,36,41,17,2,2,2,6,11,11,4,28,32,0,0,1,0,0,0,0,1,0,1,2,1,0,0,0,1,2,0,3,3,160,1,7,27,265,New Orleans
2015,11,29,35,0,7,4,10,26,22,11,58,69,15,0,0,1,3,11,7,1,21,22,18,0,7,3,7,13,13,10,33,43,0,0,0,0,0,2,1,0,3,3,2,0,0,0,0,0,1,0,1,1,167,4,5,28,266,New Orleans
2016,11,29,36,1,3,3,8,24,14,6,46,52,13,0,1,2,5,12,5,3,22,25,23,1,2,0,2,10,9,2,21,23,0,0,0,0,0,1,0,0,1,1,0,0,0,1,1,1,0,1,2,3,169,1,8,23,261,New Orleans
2017,11,29,55,2,5,3,8,33,4,8,45,53,22,1,2,2,3,20,1,4,24,28,26,1,2,0,5,12,3,2,20,22,0,0,0,0,0,0,0,0,0,0,7,0,1,1,0,1,0,2,1,3,179,0,13,24,262,New Orleans
2018,11,29,48,1,0,1,2,37,21,1,60,61,14,1,0,0,0,22,7,0,29,29,32,0,0,1,2,11,14,1,27,28,0,0,0,0,0,0,0,0,0,0,2,0,0,0,0,4,0,0,4,4,186,0,14,25,263,New Orleans
2019,11,29,53,0,2,10,4,27,31,12,62,74,23,0,1,4,2,17,15,5,34,39,25,0,1,5,2,8,14,6,24,30,0,0,0,0,0,0,2,0,2,2,5,0,0,1,0,2,0,1,2,3,189,2,14,26,264,New Orleans
2020,11,29,40,0,4,2,8,19,25,6,52,58,15,0,4,1,4,11,3,5,18,23,23,0,0,1,4,7,21,1,32,33,0,0,0,0,0,0,0,0,0,0,2,0,0,0,0,1,1,0,2,2,138,0,5,28,266,New Orleans
2021,11,29,49,0,2,4,6,19,34,6,59,65,22,0,2,2,3,12,12,4,27,31,21,0,0,1,3,7,19,1,29,30,0,0,0,0,0,0,1,0,1,1,6,0,0,1,0,0,2,1,2,3,184,1,11,22,260,New Orleans
2022,11,29,33,1,4,5,6,15,63,9,84,93,21,1,0,2,2,7,18,2,27,29,10,0,3,2,3,7,42,5,52,57,1,0,1,0,0,1,2,1,3,4,1,0,0,1,1,0,1,1,2,3,175,5,8,23,261,New Orleans
2023,11,29,46,2,2,7,2,32,17,9,51,60,22,2,2,4,2,19,4,6,25,31,20,0,0,3,0,10,13,3,23,26,0,0,0,0,0,0,0,0,0,0,4,0,0,0,0,3,0,0,3,3,157,0,10,24,262,New Orleans
2024,11,29,38,1,3,3,1,16,11,6,28,34,17,1,2,2,1,9,5,4,15,19,20,0,1,1,0,7,6,2,13,15,0,0,0,0,0,0,0,0,0,0,1,0,0,0,0,0,0,0,0,0,112,0,2,26,264,New Orleans
2012,12,29,29,1,4,2,9,32,6,6,47,53,11,0,1,1,1,12,3,2,16,18,14,1,2,1,8,17,3,3,28,31,1,0,0,0,0,0,0,0,0,0,3,0,1,0,0,3,0,1,3,4,175,1,23,55,293,New Orleans
2013,12,29,31,2,2,3,7,23,12,5,42,47,11,1,1,1,3,10,3,2,16,18,16,1,1,2,4,12,9,3,25,28,0,0,0,0,0,0,0,0,0,0,4,0,0,0,0,1,0,0,1,1,147,0,10,56,294,New Orleans
2014,12,29,35,1,5,4,14,38,20,9,72,81,18,1,2,1,6,23,6,3,35,38,14,0,3,3,8,12,12,6,32,38,0,0,0,0,0,0,1,0,1,1,3,0,0,0,0,3,1,0,4,4,155,1,7,57,295,New Orleans
2015,12,29,42,2,2,0,13,22,11,2,46,48,23,1,1,0,8,11,5,1,24,25,18,0,1,0,4,10,5,1,19,20,0,0,0,0,1,0,0,0,1,1,1,1,0,0,0,1,1,0,2,2,136,1,7,58,296,New Orleans
2016,12,29,34,0,8,3,9,35,22,11,66,77,12,0,3,1,4,16,6,4,26,30,19,0,2,2,5,15,14,4,34,38,0,0,0,0,0,1,0,0,1,1,3,0,3,0,0,3,2,3,5,8,173,1,13,53,291,New Orleans
2017,12,29,37,0,5,1,5,30,10,6,45,51,14,0,1,0,1,17,4,1,22,23,19,0,4,1,4,10,4,5,18,23,1,0,0,0,0,0,0,0,0,0,3,0,0,0,0,3,2,0,5,5,172,3,17,54,292,New Orleans
2018,12,29,38,5,4,4,6,39,31,8,76,84,19,2,0,2,3,19,10,2,32,34,17,2,2,2,3,19,16,4,38,42,0,0,0,0,0,0,2,0,2,2,2,1,2,0,0,1,3,2,4,6,203,2,17,55,293,New Orleans
2019,12,29,3,0,0,1,1,8,13,1,22,23,2,0,0,0,0,3,4,0,7,7,1,0,0,0,1,4,9,0,14,14,0,0,0,0,0,1,0,0,1,1,0,0,0,1,0,0,0,1,0,1,34,1,1,56,294,New Orleans
2020,12,29,37,0,4,5,4,16,19,9,39,48,13,0,3,2,3,10,4,5,17,22,20,0,1,3,1,4,14,4,19,23,1,0,0,0,0,0,0,0,0,0,3,0,0,0,0,2,1,0,3,3,124,1,9,58,296,New Orleans
2021,12,29,14,1,1,1,4,5,11,2,20,22,9,0,0,1,2,3,3,1,8,9,4,0,1,0,2,2,7,1,11,12,1,0,0,0,0,0,1,0,1,1,0,1,0,0,0,0,0,0,0,0,54,2,1,52,290,New Orleans
2022,12,29,26,2,3,14,9,23,72,17,104,121,16,1,2,6,3,15,13,8,31,39,10,1,1,8,6,8,58,9,72,81,0,0,0,0,0,0,0,0,0,0,0,0,0,0,0,0,1,0,1,1,188,0,3,53,291,New Orleans
2023,12,29,25,1,1,5,7,27,21,6,55,61,9,0,0,2,2,14,6,2,22,24,14,0,1,2,5,13,13,3,31,34,0,0,0,0,0,0,1,0,1,1,2,1,0,1,0,0,1,1,1,2,134,1,9,54,292,New Orleans
2024,12,29,20,1,0,0,1,5,10,0,16,16,10,0,0,0,0,2,8,0,10,10,10,1,0,0,1,3,2,0,6,6,0,0,0,0,0,0,0,0,0,0,0,0,0,0,0,0,0,0,0,0,52,0,1,56,294,New Orleans
2012,1,30,31,2,3,0,10,17,23,3,50,53,21,0,1,0,7,11,8,1,26,27,7,2,1,0,3,6,13,1,22,23,0,0,0,0,0,0,2,0,2,2,3,0,1,0,0,0,0,1,0,1,209,5,12,-279,-41,New Orleans
2013,1,30,18,0,2,1,10,33,4,3,47,50,6,0,1,0,6,23,2,1,31,32,11,0,0,1,2,9,2,1,13,14,0,0,0,0,0,0,0,0,0,0,1,0,1,0,2,1,0,1,3,4,160,0,9,-277,-39,New Orleans
2014,1,30,16,0,1,2,13,22,10,3,45,48,11,0,0,0,9,12,6,0,27,27,3,0,1,2,4,10,4,3,18,21,0,0,0,0,0,0,0,0,0,0,2,0,0,0,0,0,0,0,0,0,157,1,7,-276,-38,New Orleans
2015,1,30,33,1,2,4,2,36,13,6,51,57,8,1,0,1,2,20,7,1,29,30,25,0,1,3,0,15,6,4,21,25,0,0,0,0,0,1,0,0,1,1,0,0,1,0,0,0,0,1,0,1,150,2,3,-275,-37,New Orleans
2016,1,30,38,2,6,3,4,37,23,9,64,73,16,1,2,1,1,15,7,3,23,26,17,1,3,2,3,21,16,5,40,45,0,0,0,0,0,0,0,0,0,0,5,0,1,0,0,1,0,1,1,2,187,0,11,-281,-43,New Orleans
2017,1,30,37,1,3,6,8,41,16,9,65,74,17,0,1,3,6,30,8,4,44,48,19,1,2,1,2,9,7,3,18,21,0,0,0,0,0,0,0,0,0,0,1,0,0,2,0,2,1,2,3,5,183,0,14,-279,-41,New Orleans
2018,1,30,31,2,2,2,4,31,15,4,50,54,14,1,2,0,4,23,4,2,31,33,15,1,0,2,0,6,11,2,17,19,0,0,0,0,0,0,0,0,0,0,2,0,0,0,0,2,0,0,2,2,164,0,8,-278,-40,New Orleans
2019,1,30,41,0,0,3,3,27,19,3,49,52,26,0,0,1,3,16,7,1,26,27,12,0,0,1,0,10,11,1,21,22,0,0,0,0,0,0,1,0,1,1,3,0,0,1,0,1,0,1,1,2,160,2,9,-277,-39,New Orleans
2020,1,30,31,1,2,1,3,32,21,3,56,59,11,0,2,1,1,13,8,3,22,25,19,1,0,0,1,17,10,0,28,28,0,0,0,0,0,0,1,0,1,1,1,0,0,0,1,2,2,0,5,5,134,1,10,-276,-38,New Orleans
2021,1,30,38,1,1,3,1,27,21,4,49,53,17,0,1,1,1,15,5,2,21,23,18,1,0,1,0,12,16,1,28,29,1,0,0,0,0,0,0,0,0,0,2,0,0,1,0,0,0,1,0,1,148,2,6,-281,-43,New Orleans
2022,1,30,58,2,3,5,4,20,32,8,56,64,23,1,0,3,1,9,10,3,20,23,26,1,2,2,3,10,22,4,35,39,2,0,0,0,0,0,0,0,0,0,7,0,1,0,0,1,0,1,1,2,189,5,11,-280,-42,New Orleans
2023,1,30,38,5,2,5,8,32,28,7,68,75,20,3,0,1,4,28,5,1,37,38,14,2,2,2,4,4,23,4,31,35,2,0,0,0,0,0,0,0,0,0,2,0,0,2,0,0,0,2,0,2,193,3,7,-279,-41,New Orleans
2024,1,30,49,1,0,1,6,22,21,1,49,50,30,1,0,1,3,13,5,1,21,22,18,0,0,0,3,8,16,0,27,27,1,0,0,0,0,0,0,0,0,0,0,0,0,0,0,1,0,0,1,1,139,1,3,-278,-40,New Orleans
2012,3,30,28,1,5,3,8,34,6,8,48,56,8,1,1,2,4,25,3,3,32,35,18,0,4,1,4,5,3,5,12,17,0,0,0,0,0,0,0,0,0,0,2,0,0,0,0,4,0,0,4,4,211,0,9,-219,19,New Orleans
2013,3,30,33,0,1,2,7,40,11,3,58,61,13,0,1,1,3,19,5,2,27,29,15,0,0,1,3,18,5,1,26,27,1,0,0,0,0,0,1,0,1,1,4,0,0,0,1,3,0,0,4,4,168,2,12,-218,20,New Orleans
2014,3,30,34,1,5,2,9,38,21,7,68,75,17,1,0,1,6,24,9,1,39,40,12,0,4,1,3,14,11,5,28,33,0,0,0,0,0,0,0,0,0,0,5,0,1,0,0,0,1,1,1,2,168,0,11,-217,21,New Orleans
2015,3,30,38,1,5,4,7,33,12,9,52,61,21,0,0,3,2,24,7,3,33,36,13,1,5,1,5,8,4,6,17,23,0,0,0,0,0,0,1,0,1,1,4,0,0,0,0,1,0,0,1,1,181,1,11,-216,22,New Orleans
2016,3,30,38,0,4,5,4,34,16,9,54,63,17,0,1,3,3,22,10,4,35,39,17,0,2,1,1,7,6,3,14,17,1,0,0,0,0,1,0,0,1,1,3,0,1,1,0,4,0,2,4,6,167,3,15,-221,17,New Orleans
2017,3,30,45,1,0,4,5,27,17,4,49,53,22,0,0,3,2,16,7,3,25,28,21,1,0,1,2,10,9,1,21,22,0,0,0,0,0,0,0,0,0,0,2,0,0,0,1,1,1,0,3,3,159,0,9,-220,18,New Orleans
2018,3,30,56,2,2,6,4,29,17,8,50,58,29,1,1,5,3,18,3,6,24,30,19,1,1,1,0,10,14,2,24,26,1,0,0,0,0,0,0,0,0,0,7,0,0,0,1,1,0,0,2,2,199,1,19,-219,19,New Orleans
2019,3,30,58,0,2,4,5,43,31,6,79,85,29,0,1,3,0,26,5,4,31,35,26,0,1,1,4,15,24,2,43,45,1,0,0,0,0,0,0,0,0,0,2,0,0,0,1,2,2,0,5,5,215,1,18,-218,20,New Orleans
2020,3,30,57,2,0,6,4,24,21,6,49,55,35,1,0,4,2,18,7,4,27,31,21,0,0,2,2,4,13,2,19,21,0,0,0,0,0,0,0,0,0,0,1,1,0,0,0,2,1,0,3,3,170,0,6,-216,22,New Orleans
2021,3,30,45,0,0,4,3,25,32,4,60,64,28,0,0,4,2,16,17,4,35,39,13,0,0,0,1,6,10,0,17,17,0,0,0,0,0,0,1,0,1,1,4,0,0,0,0,3,4,0,7,7,172,1,15,-222,16,New Orleans
2022,3,30,35,1,0,3,8,23,21,3,52,55,19,1,0,2,2,15,10,2,27,29,16,0,0,1,6,8,9,1,23,24,0,0,0,0,0,0,0,0,0,0,0,0,0,0,0,0,2,0,2,2,144,0,7,-221,17,New Orleans
2023,3,30,26,4,1,6,3,27,28,7,58,65,13,1,0,3,1,17,8,3,26,29,11,3,1,3,2,8,18,4,28,32,0,0,0,0,0,0,2,0,2,2,2,0,0,0,0,2,0,0,2,2,147,2,9,-220,18,New Orleans
2024,3,30,40,1,2,2,1,28,19,4,48,52,25,0,1,0,0,14,8,1,22,23,12,1,0,1,1,12,10,1,23,24,0,0,0,1,0,0,1,1,1,2,3,0,1,0,0,2,0,1,2,3,140,2,11,-218,20,New Orleans
2012,4,30,32,2,5,0,13,34,12,5,59,64,21,1,2,0,11,23,8,2,42,44,10,1,2,0,1,10,4,2,15,17,0,0,0,0,1,0,0,0,1,1,1,0,1,0,0,1,0,1,1,2,236,1,13,-188,50,New Orleans
2013,4,30,28,3,2,3,6,38,17,5,61,66,15,1,0,0,5,25,2,0,32,32,9,1,2,3,1,10,13,5,24,29,1,0,0,0,0,0,2,0,2,2,3,1,0,0,0,3,0,0,3,3,182,4,14,-187,51,New Orleans
2014,4,30,28,2,5,2,11,25,15,7,51,58,12,2,2,2,7,19,7,4,33,37,11,0,3,0,4,5,7,3,16,19,0,0,0,0,0,0,1,0,1,1,5,0,0,0,0,1,0,0,1,1,189,2,14,-186,52,New Orleans
2015,4,30,34,0,0,3,5,29,21,3,55,58,20,0,0,2,5,21,4,2,30,32,12,0,0,1,0,7,17,1,24,25,0,0,0,0,0,0,0,0,0,0,2,0,0,0,0,1,0,0,1,1,155,0,12,-185,53,New Orleans
2016,4,30,53,1,5,5,5,29,14,10,48,58,34,1,0,3,2,22,4,3,28,31,15,0,4,2,3,7,7,6,17,23,1,0,0,0,0,0,0,0,0,0,3,0,1,0,0,0,3,1,3,4,175,1,11,-190,48,New Orleans
2017,4,30,42,1,2,3,8,23,14,5,45,50,23,1,0,2,5,11,5,2,21,23,18,0,2,0,3,10,9,2,22,24,0,0,0,0,0,2,0,0,2,2,1,0,0,1,0,0,0,1,0,1,160,2,8,-189,49,New Orleans
2018,4,30,54,1,2,3,0,30,8,5,38,43,28,1,1,3,0,23,3,4,26,30,22,0,1,0,0,6,5,1,11,12,0,0,0,0,0,1,0,0,1,1,4,0,0,0,0,0,0,0,0,0,193,1,14,-188,50,New Orleans
2019,4,30,42,3,3,2,9,30,31,5,70,75,22,1,1,1,5,23,6,2,34,36,15,1,1,0,4,5,24,1,33,34,0,0,0,0,0,0,0,0,0,0,5,1,1,1,0,2,1,2,3,5,211,0,19,-187,51,New Orleans
2020,4,30,48,0,2,3,4,26,31,5,61,66,24,0,2,1,2,19,15,3,36,39,15,0,0,2,2,6,14,2,22,24,1,0,0,0,0,1,0,0,1,1,8,0,0,0,0,0,2,0,2,2,167,2,14,-185,53,New Orleans
2021,4,30,38,4,0,6,8,24,12,6,44,50,25,1,0,3,5,18,5,3,28,31,10,2,0,1,3,3,6,1,12,13,1,0,0,0,0,0,0,0,0,0,2,1,0,2,0,3,1,2,4,6,147,2,11,-191,47,New Orleans
2022,4,30,38,1,3,7,3,25,30,10,58,68,26,0,3,5,2,12,10,8,24,32,12,0,0,1,0,13,16,1,29,30,0,0,0,0,1,0,2,0,3,3,0,1,0,1,0,0,2,1,2,3,157,3,7,-190,48,New Orleans
2023,4,30,38,3,4,7,4,29,46,11,79,90,18,2,3,6,3,15,17,9,35,44,14,0,1,1,1,14,28,2,43,45,0,0,0,0,0,0,0,0,0,0,6,1,0,0,0,0,1,0,1,1,173,0,12,-189,49,New Orleans
2024,4,30,42,3,0,6,3,24,32,6,59,65,27,3,0,5,3,17,11,5,31,36,12,0,0,1,0,5,21,1,26,27,0,0,0,0,0,0,0,0,0,0,3,0,0,0,0,2,0,0,2,2,172,0,9,-187,51,New Orleans
2012,5,30,17,1,1,4,15,39,14,5,68,73,10,0,0,1,11,29,4,1,44,45,7,1,1,2,3,9,10,3,22,25,0,0,0,0,0,1,0,0,1,1,0,0,0,1,1,0,0,1,1,2,201,1,8,-158,80,New Orleans
2013,5,30,19,4,0,4,15,39,11,4,65,69,15,4,0,1,8,33,8,1,49,50,4,0,0,2,7,5,3,2,15,17,0,0,0,0,0,0,0,0,0,0,0,0,0,1,0,1,0,1,1,2,192,0,5,-157,81,New Orleans
2014,5,30,45,1,2,1,10,29,13,3,52,55,22,0,0,0,6,18,4,0,28,28,21,1,2,1,2,9,9,3,20,23,0,0,0,0,0,1,0,0,1,1,2,0,0,0,2,1,0,0,3,3,203,2,18,-156,82,New Orleans
2015,5,30,33,1,7,1,5,43,14,8,62,70,11,1,3,1,1,18,4,4,23,27,20,0,3,0,3,23,10,3,36,39,0,0,0,0,0,0,0,0,0,0,2,0,1,0,1,2,0,1,3,4,178,3,12,-155,83,New Orleans
2016,5,30,48,0,10,4,12,26,9,14,47,61,26,0,1,4,4,16,2,5,22,27,16,0,7,0,6,8,6,7,20,27,0,0,0,0,0,1,0,0,1,1,6,0,2,0,2,1,1,2,4,6,161,2,14,-160,78,New Orleans
2017,5,30,32,0,2,5,7,32,15,7,54,61,23,0,1,2,4,26,4,3,34,37,5,0,0,2,1,5,10,2,16,18,0,0,0,0,0,0,0,0,0,0,4,0,1,1,2,1,1,2,4,6,153,0,16,-159,79,New Orleans
2018,5,30,66,2,4,4,4,27,17,8,48,56,42,0,1,2,2,20,4,3,26,29,16,2,3,2,2,4,12,5,18,23,1,0,0,0,0,0,0,0,0,0,7,0,0,0,0,3,1,0,4,4,191,1,20,-158,80,New Orleans
2019,5,30,43,4,4,4,10,40,31,8,81,89,23,3,2,3,4,28,10,5,42,47,17,1,1,1,6,9,20,2,35,37,2,0,0,0,0,0,1,0,1,1,1,0,1,0,0,3,0,1,3,4,222,3,9,-157,81,New Orleans
2020,5,30,46,2,2,5,6,25,17,7,48,55,28,0,2,4,5,17,8,6,30,36,14,2,0,1,1,5,6,1,12,13,1,0,0,0,0,0,1,0,1,1,3,0,0,0,0,3,2,0,5,5,157,2,14,-155,83,New Orleans
2021,5,30,53,2,2,5,3,33,20,7,56,63,31,1,2,2,2,18,8,4,28,32,17,1,0,2,1,11,12,2,24,26,1,0,0,0,0,1,0,0,1,1,4,0,0,1,0,3,0,1,3,4,187,2,13,-161,77,New Orleans
2022,5,30,41,3,2,12,10,24,38,14,72,86,25,2,0,8,5,12,20,8,37,45,12,1,2,3,5,7,16,5,28,33,0,0,0,0,0,1,2,0,3,3,4,0,0,1,0,4,0,1,4,5,179,3,15,-160,78,New Orleans
2023,5,30,34,1,0,8,5,26,34,8,65,73,23,0,0,3,1,18,9,3,28,31,11,1,0,4,3,8,23,4,34,38,0,0,0,0,1,0,1,0,2,2,0,0,0,1,0,0,1,1,1,2,147,2,4,-159,79,New Orleans
2024,5,30,49,2,1,5,2,25,26,6,53,59,32,1,0,0,1,15,7,0,23,23,12,0,1,3,1,7,16,4,24,28,0,0,0,0,0,0,0,0,0,0,5,1,0,2,0,3,3,2,6,8,147,0,22,-157,81,New Orleans
2012,6,30,25,1,5,3,5,26,16,8,47,55,17,1,1,1,4,13,6,2,23,25,7,0,4,2,0,11,9,6,20,26,0,0,0,0,1,0,1,0,2,2,1,0,0,0,0,2,0,0,2,2,185,5,6,-127,111,New Orleans
2013,6,30,29,1,5,3,6,36,14,8,56,64,18,0,0,0,4,23,5,0,32,32,10,1,5,3,2,13,7,8,22,30,0,0,0,0,0,0,1,0,1,1,1,0,0,0,0,0,1,0,1,1,201,2,6,-126,112,New Orleans
2014,6,30,28,3,3,3,10,23,20,6,53,59,15,2,2,3,7,19,8,5,34,39,11,1,0,0,3,4,8,0,15,15,0,0,0,0,0,0,1,0,1,1,2,0,1,0,0,0,3,1,3,4,191,2,10,-125,113,New Orleans
2015,6,30,29,0,4,3,9,33,11,7,53,60,16,0,2,1,4,25,2,3,31,34,11,0,2,1,5,6,7,3,18,21,0,0,0,0,0,0,0,0,0,0,2,0,0,1,0,2,2,1,4,5,153,0,17,-124,114,New Orleans
2016,6,30,28,2,2,2,8,25,9,4,42,46,18,2,1,0,3,18,2,1,23,24,7,0,0,2,5,7,5,2,17,19,2,0,0,0,0,0,2,0,2,2,1,0,1,0,0,0,0,1,0,1,139,4,3,-129,109,New Orleans
2017,6,30,50,1,2,7,6,36,25,9,67,76,19,0,1,3,4,31,6,4,41,45,21,1,0,4,1,5,15,4,21,25,0,0,1,0,1,0,2,1,3,4,10,0,0,0,0,0,2,0,2,2,217,5,20,-128,110,New Orleans
2018,6,30,66,0,0,4,2,49,13,4,64,68,43,0,0,2,0,30,6,2,36,38,19,0,0,2,2,18,6,2,26,28,2,0,0,0,0,1,1,0,2,2,2,0,0,0,0,0,0,0,0,0,177,5,8,-127,111,New Orleans
2019,6,30,47,0,0,5,7,38,24,5,69,74,29,0,0,3,5,21,13,3,39,42,10,0,0,2,1,15,10,2,26,28,1,0,0,0,0,0,0,0,0,0,7,0,0,0,1,2,1,0,4,4,179,1,15,-126,112,New Orleans
2020,6,30,52,2,1,4,6,20,14,5,40,45,35,2,1,3,2,14,3,4,19,23,12,0,0,0,4,5,10,0,19,19,2,0,0,0,0,0,0,0,0,0,3,0,0,1,0,1,1,1,2,3,157,3,10,-124,114,New Orleans
2021,6,30,27,3,3,8,8,22,17,11,47,58,18,2,2,4,5,15,9,6,29,35,6,0,1,4,3,5,7,5,15,20,0,0,0,0,0,0,1,0,1,1,3,1,0,0,0,2,0,0,2,2,139,3,10,-130,108,New Orleans
2022,6,30,20,7,1,3,4,25,15,4,44,48,14,3,0,2,0,18,7,2,25,27,6,4,1,0,4,6,7,1,17,18,0,0,0,0,0,1,0,0,1,1,0,0,0,1,0,0,1,1,1,2,128,3,4,-129,109,New Orleans
2023,6,30,38,11,0,2,6,37,19,2,62,64,21,6,0,1,2,23,2,1,27,28,13,3,0,1,4,12,16,1,32,33,1,0,0,0,0,0,0,0,0,0,3,2,0,0,0,2,1,0,3,3,163,2,12,-128,110,New Orleans
2024,6,30,43,1,2,4,6,26,23,6,55,61,17,1,0,3,3,13,12,3,28,31,21,0,1,1,3,13,10,2,26,28,0,0,0,0,0,0,0,0,0,0,5,0,1,0,0,0,1,1,1,2,157,0,11,-126,112,New Orleans
2012,7,30,31,1,4,6,13,34,20,10,67,77,18,0,2,4,5,20,12,6,37,43,10,1,2,1,7,13,7,3,27,30,0,0,0,0,1,0,0,0,1,1,3,0,0,1,0,1,1,1,2,3,240,2,7,-97,141,New Orleans
2013,7,30,30,2,1,1,11,32,9,2,52,54,18,0,0,1,6,24,4,1,34,35,9,1,1,0,5,7,4,1,16,17,0,0,0,0,0,0,0,0,0,0,3,1,0,0,0,1,1,0,2,2,196,0,18,-96,142,New Orleans
2014,7,30,38,0,1,1,13,23,22,2,58,60,28,0,0,1,7,19,10,1,36,37,10,0,1,0,6,4,11,1,21,22,0,0,0,0,0,0,0,0,0,0,0,0,0,0,0,0,1,0,1,1,202,2,14,-95,143,New Orleans
2015,7,30,25,1,1,4,12,23,21,5,56,61,15,1,0,2,9,19,11,2,39,41,8,0,1,2,3,4,10,3,17,20,0,0,0,0,0,0,0,0,0,0,2,0,0,0,0,0,0,0,0,0,152,1,6,-94,144,New Orleans
2016,7,30,35,0,4,5,11,36,12,9,59,68,15,0,1,3,3,18,3,4,24,28,16,0,3,2,6,14,9,5,29,34,1,0,0,0,0,0,0,0,0,0,3,0,0,0,2,4,0,0,6,6,158,1,10,-99,139,New Orleans
2017,7,30,56,2,4,3,6,44,25,7,75,82,33,0,2,2,3,26,8,4,37,41,21,2,0,1,2,16,17,1,35,36,0,0,0,0,0,0,0,0,0,0,2,0,2,0,1,2,0,2,3,5,206,1,11,-98,140,New Orleans
2018,7,30,48,2,1,0,6,39,11,1,56,57,33,0,0,0,4,30,5,0,39,39,9,2,1,0,2,9,6,1,17,18,1,0,0,0,0,0,0,0,0,0,5,0,0,0,0,0,0,0,0,0,200,2,13,-97,141,New Orleans
2019,7,30,38,0,1,4,8,36,32,5,76,81,29,0,0,2,5,28,18,2,51,53,5,0,1,2,2,3,14,3,19,22,2,0,0,0,1,0,0,0,1,1,2,0,0,0,0,5,0,0,5,5,191,3,16,-96,142,New Orleans
2020,7,30,49,0,4,4,5,18,30,8,53,61,26,0,3,3,2,16,14,6,32,38,19,0,1,1,2,1,12,2,15,17,0,0,0,0,0,0,0,0,0,0,4,0,0,0,1,1,4,0,6,6,164,1,16,-94,144,New Orleans
2021,7,30,48,2,3,8,4,37,13,11,54,65,27,2,0,3,1,22,6,3,29,32,16,0,3,5,2,14,7,8,23,31,0,0,0,0,0,1,0,0,1,1,5,0,0,0,1,0,0,0,1,1,164,4,9,-100,138,New Orleans
2022,7,30,24,3,2,4,9,22,29,6,60,66,13,0,0,3,5,10,12,3,27,30,10,3,2,1,4,11,16,3,31,34,0,0,0,0,0,0,0,0,0,0,1,0,0,0,0,1,1,0,2,2,145,1,7,-99,139,New Orleans
2023,7,30,46,3,3,5,1,30,22,8,53,61,24,2,0,2,1,21,12,2,34,36,19,1,3,2,0,8,10,5,18,23,0,0,0,0,0,0,0,0,0,0,3,0,0,1,0,1,0,1,1,2,155,1,9,-98,140,New Orleans
2024,7,30,46,0,2,2,5,27,10,4,42,46,23,0,1,1,3,19,3,2,25,27,18,0,1,1,1,6,7,2,14,16,0,0,0,0,0,0,0,0,0,0,5,0,0,0,1,2,0,0,3,3,136,1,12,-96,142,New Orleans
2012,8,30,17,1,1,4,62,21,6,5,89,94,10,0,0,3,43,17,4,3,64,67,4,1,1,0,16,4,1,1,21,22,0,0,0,0,0,0,0,0,0,0,3,0,0,1,3,0,1,1,4,5,152,0,9,-66,172,New Orleans
2013,8,30,27,2,4,0,16,32,8,4,56,60,15,2,1,0,9,21,4,1,34,35,11,0,3,0,6,10,4,3,20,23,0,0,0,0,1,1,0,0,2,2,1,0,0,0,0,0,0,0,0,0,185,3,12,-65,173,New Orleans
2014,8,30,24,1,5,2,4,33,16,7,53,60,14,0,2,2,2,15,6,4,23,27,7,1,2,0,2,17,10,2,29,31,1,0,0,0,0,0,0,0,0,0,2,0,1,0,0,1,0,1,1,2,144,1,6,-64,174,New Orleans
2015,8,30,40,2,6,4,4,29,10,10,43,53,16,1,1,4,1,21,6,5,28,33,18,1,5,0,3,7,3,5,13,18,2,0,0,0,0,0,1,0,1,1,4,0,0,0,0,1,0,0,1,1,157,3,7,-63,175,New Orleans
2016,8,30,38,2,2,4,13,31,19,6,63,69,24,0,1,2,9,21,6,3,36,39,12,1,0,0,4,8,12,0,24,24,0,0,0,0,0,0,0,0,0,0,2,1,1,2,0,2,1,3,3,6,170,0,14,-68,170,New Orleans
2017,8,30,35,3,5,5,7,37,19,10,63,73,22,2,1,4,1,26,7,5,34,39,7,1,3,0,6,10,12,3,28,31,0,0,0,0,0,0,0,0,0,0,6,0,1,1,0,1,0,2,1,3,211,1,14,-67,171,New Orleans
2018,8,30,51,1,2,3,7,25,21,5,53,58,24,0,0,0,4,16,2,0,22,22,20,1,2,2,3,7,9,4,19,23,0,0,0,0,0,1,1,0,2,2,7,0,0,1,0,1,9,1,10,11,171,2,23,-66,172,New Orleans
2019,8,30,45,0,3,5,5,29,14,8,48,56,24,0,0,2,4,18,5,2,27,29,16,0,3,2,0,9,8,5,17,22,0,0,0,0,0,0,0,0,0,0,5,0,0,1,1,2,1,1,4,5,178,0,16,-65,173,New Orleans
2020,8,30,53,1,0,4,5,19,25,4,49,53,26,0,0,3,3,8,11,3,22,25,20,1,0,1,1,10,11,1,22,23,0,0,0,0,1,0,0,0,1,1,7,0,0,0,0,1,3,0,4,4,167,1,15,-63,175,New Orleans
2021,8,30,15,1,0,7,98,10,8,7,116,123,13,1,0,6,65,8,4,6,77,83,2,0,0,1,31,2,4,1,37,38,0,0,0,0,0,0,0,0,0,0,0,0,0,0,2,0,0,0,2,2,171,0,4,-69,169,New Orleans
2022,8,30,27,1,2,3,5,22,26,5,53,58,12,1,2,3,4,15,9,5,28,33,14,0,0,0,1,7,14,0,22,22,0,0,0,0,0,0,0,0,0,0,1,0,0,0,0,0,3,0,3,3,132,0,7,-68,170,New Orleans
2023,8,30,37,1,2,4,5,26,25,6,56,62,20,1,0,1,1,16,8,1,25,26,17,0,1,3,4,10,17,4,31,35,0,0,0,0,0,0,0,0,0,0,0,0,1,0,0,0,0,1,0,1,158,1,2,-67,171,New Orleans
2024,8,30,45,0,1,4,3,35,16,5,54,59,20,0,1,1,1,20,7,2,28,30,17,0,0,2,2,12,7,2,21,23,0,0,0,0,0,1,1,0,2,2,8,0,0,1,0,2,1,1,3,4,172,3,14,-65,173,New Orleans
2012,9,30,28,1,4,3,4,31,12,7,47,54,13,1,0,0,3,14,2,0,19,19,13,0,4,3,1,14,10,7,25,32,0,0,0,0,0,2,0,0,2,2,2,0,0,0,0,1,0,0,1,1,122,2,5,-35,203,New Orleans
2013,9,30,24,0,4,0,7,53,15,4,75,79,14,0,1,0,4,42,5,1,51,52,7,0,3,0,2,8,10,3,20,23,0,0,0,0,0,0,0,0,0,0,3,0,0,0,1,3,0,0,4,4,183,0,9,-34,204,New Orleans
2014,9,30,18,2,3,5,7,30,15,8,52,60,9,0,1,4,2,17,3,5,22,27,8,1,1,1,3,11,10,2,24,26,0,0,0,0,1,0,0,0,1,1,1,1,1,0,1,2,2,1,5,6,180,1,13,-33,205,New Orleans
2015,9,30,32,0,5,6,7,21,8,11,36,47,16,0,1,6,2,15,3,7,20,27,13,0,2,0,5,5,5,2,15,17,0,0,1,0,0,0,0,1,0,1,3,0,1,0,0,1,0,1,1,2,176,2,12,-32,206,New Orleans
2016,9,30,41,0,5,0,2,26,21,5,49,54,16,0,2,0,2,19,3,2,24,26,22,0,3,0,0,5,18,3,23,26,1,0,0,0,0,1,0,0,1,1,2,0,0,0,0,1,0,0,1,1,166,2,11,-37,201,New Orleans
2017,9,30,41,0,1,6,6,41,16,7,63,70,22,0,0,3,3,20,8,3,31,34,17,0,1,3,3,19,8,4,30,34,1,0,0,0,0,1,0,0,1,1,1,0,0,0,0,1,0,0,1,1,177,3,7,-36,202,New Orleans
2018,9,30,40,5,5,1,5,28,41,6,74,80,26,2,1,1,2,15,14,2,31,33,10,2,3,0,2,10,27,3,39,42,0,0,0,0,1,0,0,0,1,1,4,1,1,0,0,3,0,1,3,4,185,2,11,-35,203,New Orleans
2019,9,30,39,2,3,3,8,39,12,6,59,65,21,1,2,2,6,26,9,4,41,45,16,1,1,1,2,9,3,2,14,16,0,0,0,0,0,0,0,0,0,0,2,0,0,0,0,4,0,0,4,4,189,0,9,-34,204,New Orleans
2020,9,30,59,3,4,9,6,31,8,13,45,58,37,2,1,5,2,22,4,6,28,34,15,1,3,4,4,7,4,7,15,22,1,0,0,0,0,0,0,0,0,0,6,0,0,0,0,2,0,0,2,2,173,1,9,-32,206,New Orleans
2021,9,30,34,0,5,4,2,26,16,9,44,53,15,0,2,2,0,18,9,4,27,31,19,0,3,2,2,7,7,5,16,21,0,0,0,0,0,0,0,0,0,0,0,0,0,0,0,1,0,0,1,1,146,0,7,-38,200,New Orleans
2022,9,30,30,2,2,3,10,21,24,5,55,60,19,1,0,2,5,10,11,2,26,28,11,1,2,1,5,10,12,3,27,30,0,0,0,0,0,0,0,0,0,0,0,0,0,0,0,1,1,0,2,2,153,0,7,-37,201,New Orleans
2023,9,30,33,1,1,6,4,35,26,7,65,72,13,0,1,4,0,12,8,5,20,25,18,1,0,2,4,19,17,2,40,42,1,0,0,0,0,1,0,0,1,1,1,0,0,0,0,3,1,0,4,4,163,2,13,-36,202,New Orleans
2024,9,30,45,4,5,1,2,26,6,6,34,40,28,3,2,1,2,17,4,3,23,26,13,1,3,0,0,6,1,3,7,10,0,0,0,0,0,0,0,0,0,0,4,0,0,0,0,3,1,0,4,4,155,0,14,-34,204,New Orleans
2012,10,30,26,0,0,1,11,24,11,1,46,47,11,0,0,0,8,16,7,0,31,31,12,0,0,1,3,6,4,1,13,14,1,0,0,0,0,0,0,0,0,0,2,0,0,0,0,2,0,0,2,2,169,1,7,-5,233,New Orleans
2013,10,30,23,4,3,4,11,46,11,7,68,75,12,3,1,1,8,31,8,2,47,49,10,1,2,2,2,11,3,4,16,20,1,0,0,0,0,1,0,0,1,1,0,0,0,1,1,3,0,1,4,5,214,3,16,-4,234,New Orleans
2014,10,30,31,0,3,5,8,36,14,8,58,66,13,0,0,4,6,20,5,4,31,35,17,0,3,1,2,9,9,4,20,24,1,0,0,0,0,0,0,0,0,0,0,0,0,0,0,7,0,0,7,7,180,1,15,-3,235,New Orleans
2015,10,30,41,1,4,6,7,36,15,10,58,68,15,0,0,4,6,19,3,4,28,32,23,1,3,2,1,12,11,5,24,29,0,0,0,0,0,0,0,0,0,0,3,0,1,0,0,5,1,1,6,7,211,0,22,-2,236,New Orleans
2016,10,30,50,1,2,4,5,53,18,6,76,82,29,0,0,1,3,24,5,1,32,33,20,1,2,1,2,25,12,3,39,42,0,0,0,0,0,0,0,0,0,0,1,0,0,2,0,4,1,2,5,7,190,0,12,-7,231,New Orleans
2017,10,30,45,0,3,4,7,36,24,7,67,74,27,0,2,2,5,20,10,4,35,39,17,0,1,2,2,15,12,3,29,32,0,0,0,0,0,0,0,0,0,0,1,0,0,0,0,1,2,0,3,3,211,1,10,-6,232,New Orleans
2018,10,30,58,1,2,1,7,31,29,3,67,70,24,1,0,0,5,18,16,0,39,39,29,0,2,0,1,11,12,2,24,26,0,0,0,1,0,0,0,1,0,1,5,0,0,0,1,2,1,0,4,4,224,1,15,-5,233,New Orleans
2019,10,30,43,1,3,3,3,31,20,6,54,60,23,1,1,2,1,24,2,3,27,30,17,0,2,1,2,5,18,3,25,28,0,0,0,0,0,0,0,0,0,0,3,0,0,0,0,2,0,0,2,2,179,3,9,-4,234,New Orleans
2020,10,30,33,1,5,3,4,14,30,8,48,56,19,1,3,1,0,9,13,4,22,26,10,0,2,1,2,4,14,3,20,23,1,0,0,0,1,0,1,0,2,2,3,0,0,1,1,1,2,1,4,5,148,4,9,-2,236,New Orleans
2021,10,30,33,0,5,5,15,35,26,10,76,86,18,0,2,3,8,13,7,5,28,33,14,0,3,2,7,19,19,5,45,50,0,0,0,0,0,0,0,0,0,0,1,0,0,0,0,3,0,0,3,3,185,0,8,-8,230,New Orleans
2022,10,30,29,15,0,5,2,30,51,5,83,88,12,3,0,2,1,9,21,2,31,33,15,12,0,3,1,18,28,3,47,50,0,0,0,0,0,1,1,0,2,2,2,0,0,0,0,2,1,0,3,3,174,2,7,-7,231,New Orleans
2023,10,30,39,0,1,2,7,38,22,3,67,70,22,0,1,2,1,26,3,3,30,33,15,0,0,0,6,10,16,0,32,32,0,0,0,0,0,0,1,0,1,1,2,0,0,0,0,2,2,0,4,4,170,2,6,-6,232,New Orleans
2024,10,30,44,2,1,3,8,27,16,4,51,55,20,2,0,1,3,17,7,1,27,28,16,0,1,2,5,7,9,3,21,24,0,0,0,0,0,0,0,0,0,0,8,0,0,0,0,3,0,0,3,3,154,0,16,-4,234,New Orleans
2012,11,30,28,4,3,3,8,20,9,6,37,43,10,1,0,3,4,7,1,3,12,15,16,3,3,0,3,11,7,3,21,24,0,0,0,0,0,1,0,0,1,1,2,0,0,0,1,1,1,0,3,3,180,1,16,26,264,New Orleans
2013,11,30,17,0,2,2,7,22,17,4,46,50,6,0,0,0,0,11,4,0,15,15,9,0,2,2,7,9,13,4,29,33,0,0,0,0,0,0,0,0,0,0,2,0,0,0,0,2,0,0,2,2,128,0,7,27,265,New Orleans
2014,11,30,30,1,8,3,11,14,25,11,50,61,11,0,0,0,7,3,7,0,17,17,17,0,7,3,4,10,17,10,31,41,0,0,1,0,0,1,0,1,1,2,2,1,0,0,0,0,1,0,1,1,147,3,7,28,266,New Orleans
2015,11,30,34,3,3,4,15,33,15,7,63,70,10,2,0,0,6,19,5,0,30,30,21,1,1,4,9,11,10,5,30,35,0,0,0,0,0,0,0,0,0,0,3,0,2,0,0,3,0,2,3,5,185,1,15,29,267,New Orleans
2016,11,30,48,0,3,5,13,39,18,8,70,78,24,0,1,3,6,22,7,4,35,39,19,0,2,2,5,14,9,4,28,32,1,0,0,0,0,0,1,0,1,1,4,0,0,0,2,3,1,0,6,6,198,5,23,24,262,New Orleans
2017,11,30,44,1,3,3,7,22,9,6,38,44,17,0,1,1,6,13,2,2,21,23,25,1,2,2,1,8,6,4,15,19,0,0,0,0,0,0,0,0,0,0,2,0,0,0,0,1,1,0,2,2,177,1,8,25,263,New Orleans
2018,11,30,51,2,2,4,3,34,8,6,45,51,18,0,0,1,0,21,4,1,25,26,28,2,2,2,3,10,3,4,16,20,0,0,0,0,0,2,0,0,2,2,5,0,0,1,0,1,1,1,2,3,175,2,14,26,264,New Orleans
2019,11,30,39,8,2,2,8,40,20,4,68,72,15,2,1,1,3,22,9,2,34,36,22,6,1,1,5,18,11,2,34,36,0,0,0,0,0,0,0,0,0,0,2,0,0,0,0,0,0,0,0,0,191,0,7,27,265,New Orleans
2020,11,30,43,3,3,8,4,33,39,11,76,87,20,1,1,5,1,26,8,6,35,41,22,2,1,3,3,5,30,4,38,42,0,0,0,0,0,0,1,0,1,1,1,0,1,0,0,2,0,1,2,3,176,1,6,29,267,New Orleans
2021,11,30,48,2,3,5,7,25,21,8,53,61,18,1,1,3,4,17,4,4,25,29,26,1,2,1,3,7,16,3,26,29,0,0,0,0,0,0,0,0,0,0,4,0,0,1,0,1,1,1,2,3,160,1,11,23,261,New Orleans
2022,11,30,42,3,2,7,9,25,29,9,63,72,18,1,1,2,5,17,7,3,29,32,23,2,1,5,4,6,20,6,30,36,0,0,0,0,0,0,1,0,1,1,1,0,0,0,0,2,1,0,3,3,162,1,7,24,262,New Orleans
2023,11,30,43,4,3,3,3,24,30,6,57,63,16,3,1,1,1,9,6,2,16,18,24,1,2,2,2,15,23,4,40,44,0,0,0,0,0,0,0,0,0,0,3,0,0,0,0,0,1,0,1,1,166,2,6,25,263,New Orleans
2024,11,30,30,5,0,3,10,46,16,3,72,75,17,0,0,0,6,18,7,0,31,31,13,4,0,3,2,24,9,3,35,38,0,0,0,0,0,1,0,0,1,1,0,1,0,0,2,3,0,0,5,5,163,1,6,27,265,New Orleans
2012,12,30,26,2,1,0,6,35,12,1,53,54,10,0,0,0,2,11,5,0,18,18,14,2,1,0,4,20,7,1,31,32,1,0,0,0,0,0,0,0,0,0,1,0,0,0,0,4,0,0,4,4,153,1,14,56,294,New Orleans
2013,12,30,32,0,4,2,19,37,15,6,71,77,11,0,1,1,12,28,10,2,50,52,20,0,3,1,6,6,5,4,17,21,0,0,0,0,0,0,0,0,0,0,1,0,0,0,1,3,0,0,4,4,189,1,11,57,295,New Orleans
2014,12,30,28,2,3,3,13,27,14,6,54,60,12,0,0,2,4,17,4,2,25,27,14,2,1,1,8,9,7,2,24,26,0,0,1,0,0,0,1,1,1,2,2,0,1,0,1,1,2,1,4,5,146,3,10,58,296,New Orleans
2015,12,30,24,0,3,1,10,28,11,4,49,53,12,0,1,1,5,14,5,2,24,26,10,0,2,0,5,13,6,2,24,26,0,0,0,0,0,0,0,0,0,0,2,0,0,0,0,1,0,0,1,1,128,0,7,59,297,New Orleans
2016,12,30,34,1,2,3,13,35,10,5,58,63,13,0,1,3,4,19,3,4,26,30,21,0,1,0,8,12,7,1,27,28,0,0,0,0,0,0,0,0,0,0,0,1,0,0,1,4,0,0,5,5,158,0,11,54,292,New Orleans
2017,12,30,42,2,4,4,3,28,11,8,42,50,23,1,0,3,1,14,4,3,19,22,18,1,4,1,2,12,7,5,21,26,0,0,0,0,0,0,0,0,0,0,1,0,0,0,0,2,0,0,2,2,162,0,6,55,293,New Orleans
2018,12,30,41,4,1,6,3,30,33,7,66,73,17,1,0,4,1,15,10,4,26,30,21,3,1,2,1,14,20,3,35,38,0,0,0,0,0,1,0,0,1,1,3,0,0,0,1,0,3,0,4,4,194,3,14,56,294,New Orleans
2019,12,30,6,0,3,2,0,18,32,5,50,55,2,0,2,1,0,10,9,3,19,22,4,0,1,1,0,7,21,2,28,30,0,0,0,0,0,1,1,0,2,2,0,0,0,0,0,0,1,0,1,1,74,2,2,57,295,New Orleans
2020,12,30,57,0,6,2,5,21,17,8,43,51,26,0,2,1,1,11,4,3,16,19,30,0,4,1,4,10,13,5,27,32,0,0,0,0,0,0,0,0,0,0,1,0,0,0,0,0,0,0,0,0,151,1,3,59,297,New Orleans
2021,12,30,5,0,0,0,1,2,3,0,6,6,3,0,0,0,0,1,2,0,3,3,1,0,0,0,1,1,0,0,2,2,0,0,0,0,0,0,0,0,0,0,1,0,0,0,0,0,1,0,1,1,19,0,3,53,291,New Orleans
2022,12,30,40,3,8,6,10,31,54,14,95,109,19,0,4,3,5,12,14,7,31,38,19,3,4,0,5,19,40,4,64,68,1,0,0,1,0,0,0,1,0,1,1,0,0,2,0,0,0,2,0,2,180,3,4,54,292,New Orleans
2023,12,30,57,4,2,9,4,28,41,11,73,84,27,0,0,2,1,7,6,2,14,16,26,4,1,6,3,17,28,7,48,55,0,0,0,0,0,2,3,0,5,5,4,0,1,1,0,2,4,2,6,8,208,5,15,55,293,New Orleans
2024,12,30,13,0,0,0,2,8,7,0,17,17,6,0,0,0,2,3,5,0,10,10,7,0,0,0,0,5,2,0,7,7,0,0,0,0,0,0,0,0,0,0,0,0,0,0,0,0,0,0,0,0,40,0,1,57,295,New Orleans
2012,1,31,25,1,4,3,2,29,17,7,48,55,12,1,2,3,1,20,6,5,27,32,11,0,2,0,1,7,10,2,18,20,0,0,0,0,0,0,1,0,1,1,2,0,0,0,0,2,0,0,2,2,181,3,8,-278,-40,New Orleans
2013,1,31,9,1,3,3,14,25,12,6,51,57,3,0,0,1,11,13,6,1,30,31,6,0,3,2,2,12,5,5,19,24,0,0,0,0,0,0,0,0,0,0,0,1,0,0,1,0,1,0,2,2,162,3,10,-276,-38,New Orleans
2014,1,31,30,4,3,2,6,27,15,5,48,53,15,3,1,2,3,16,6,3,25,28,13,1,1,0,3,11,9,1,23,24,1,0,0,0,0,0,0,0,0,0,1,0,1,0,0,0,0,1,0,1,158,1,7,-275,-37,New Orleans
2015,1,31,21,0,2,0,3,40,16,2,59,61,12,0,1,0,3,23,6,1,32,33,9,0,1,0,0,16,10,1,26,27,0,0,0,0,0,0,0,0,0,0,0,0,0,0,0,1,0,0,1,1,124,0,4,-274,-36,New Orleans
2016,1,31,42,0,3,5,10,30,15,8,55,63,15,0,0,2,3,12,4,2,19,21,26,0,3,3,6,17,9,6,32,38,0,0,0,0,0,1,1,0,2,2,1,0,0,0,1,0,1,0,2,2,188,3,5,-280,-42,New Orleans
2017,1,31,41,1,5,0,21,33,12,5,66,71,12,0,2,0,16,22,4,2,42,44,23,1,3,0,3,8,8,3,19,22,1,0,0,0,0,0,0,0,0,0,5,0,0,0,2,3,0,0,5,5,199,1,14,-278,-40,New Orleans
2018,1,31,38,1,3,3,4,21,11,6,36,42,15,1,0,2,1,10,1,2,12,14,20,0,2,1,3,7,10,3,20,23,0,0,0,0,0,1,0,0,1,1,3,0,1,0,0,3,0,1,3,4,142,1,10,-277,-39,New Orleans
2019,1,31,41,1,3,2,5,34,25,5,64,69,18,0,0,1,2,21,8,1,31,32,19,1,2,1,1,8,15,3,24,27,2,0,0,0,0,0,0,0,0,0,2,0,1,0,2,5,2,1,9,10,199,4,22,-276,-38,New Orleans
2020,1,31,35,0,2,0,7,34,20,2,61,63,15,0,0,0,3,16,3,0,22,22,17,0,2,0,4,17,17,2,38,40,0,0,0,0,0,0,0,0,0,0,3,0,0,0,0,1,0,0,1,1,157,0,8,-275,-37,New Orleans
2021,1,31,45,1,0,7,4,22,29,7,55,62,17,1,0,1,3,13,11,1,27,28,21,0,0,4,1,8,15,4,24,28,1,0,0,0,0,0,0,0,0,0,6,0,0,2,0,1,3,2,4,6,155,1,17,-280,-42,New Orleans
2022,1,31,48,2,5,4,3,26,33,9,62,71,20,1,2,1,2,19,17,3,38,41,25,1,3,2,1,6,14,5,21,26,1,0,0,0,0,0,0,0,0,0,2,0,0,1,0,1,2,1,3,4,193,1,11,-279,-41,New Orleans
2023,1,31,38,0,1,1,5,29,42,2,76,78,16,0,1,0,3,17,26,1,46,47,17,0,0,0,2,12,16,0,30,30,3,0,0,0,0,0,0,0,0,0,2,0,0,1,0,0,0,1,0,1,173,3,3,-278,-40,New Orleans
2024,1,31,40,2,1,4,6,27,15,5,48,53,17,1,0,2,4,16,3,2,23,25,21,1,1,2,2,9,12,3,23,26,0,0,0,0,0,0,0,0,0,0,2,0,0,0,0,2,0,0,2,2,149,1,9,-277,-39,New Orleans
2012,3,31,30,2,3,4,9,36,19,7,64,71,10,2,1,3,5,24,13,4,42,46,20,0,2,1,3,11,6,3,20,23,0,0,0,0,0,0,0,0,0,0,0,0,0,0,1,1,0,0,2,2,202,1,7,-218,20,New Orleans
2013,3,31,40,2,2,1,7,34,13,3,54,57,21,0,0,1,3,18,3,1,24,25,15,2,2,0,4,14,10,2,28,30,1,0,0,0,0,2,0,0,2,2,3,0,0,0,0,0,0,0,0,0,161,3,4,-217,21,New Orleans
2014,3,31,23,0,4,3,11,36,8,7,55,62,14,0,1,2,8,25,5,3,38,41,7,0,0,0,3,9,3,0,15,15,0,0,0,0,0,0,0,0,0,0,2,0,3,1,0,2,0,4,2,6,202,0,16,-216,22,New Orleans
2015,3,31,36,0,2,3,10,29,10,5,49,54,21,0,1,0,6,20,4,1,30,31,14,0,1,1,4,8,4,2,16,18,0,0,0,0,0,1,1,0,2,2,1,0,0,2,0,0,1,2,1,3,174,2,7,-215,23,New Orleans
2016,3,31,54,2,6,2,7,29,14,8,50,58,31,1,2,1,5,21,7,3,33,36,17,0,3,1,2,7,7,4,16,20,0,0,0,0,0,0,0,0,0,0,6,1,1,0,0,1,0,1,1,2,171,0,14,-220,18,New Orleans
2017,3,31,34,2,3,5,8,28,11,8,47,55,18,1,2,1,6,14,3,3,23,26,14,1,1,4,2,10,7,5,19,24,0,0,0,0,0,1,0,0,1,1,2,0,0,0,0,3,1,0,4,4,161,1,18,-219,19,New Orleans
2018,3,31,67,1,5,3,3,36,23,8,62,70,36,0,2,0,2,20,7,2,29,31,28,1,3,3,1,11,15,6,27,33,0,0,0,0,0,1,0,0,1,1,3,0,0,0,0,4,1,0,5,5,217,1,14,-218,20,New Orleans
2019,3,31,64,2,1,4,4,40,62,5,106,111,33,0,1,2,1,27,23,3,51,54,29,1,0,2,3,9,36,2,48,50,1,0,0,0,0,0,1,0,1,1,1,1,0,0,0,4,2,0,6,6,247,3,11,-217,21,New Orleans
2020,3,31,48,1,0,6,4,20,18,6,42,48,29,0,0,2,3,12,7,2,22,24,17,0,0,4,1,8,9,4,18,22,0,0,0,0,0,0,0,0,0,0,2,1,0,0,0,0,2,0,2,2,146,0,9,-215,23,New Orleans
2021,3,31,48,1,4,8,3,17,27,12,47,59,29,1,2,7,1,12,13,9,26,35,15,0,1,1,2,3,12,2,17,19,0,0,0,0,0,0,0,0,0,0,4,0,1,0,0,2,2,1,4,5,172,0,11,-221,17,New Orleans
2022,3,31,31,3,2,2,6,21,20,4,47,51,17,1,0,2,3,19,11,2,33,35,12,2,1,0,3,1,9,1,13,14,0,0,0,0,0,0,0,0,0,0,2,0,1,0,0,1,0,1,1,2,143,2,8,-220,18,New Orleans
2023,3,31,26,4,2,1,6,28,20,3,54,57,13,3,1,0,3,12,4,1,19,20,11,0,1,1,3,16,16,2,35,37,1,1,0,0,0,0,0,0,0,0,1,0,0,0,0,0,0,0,0,0,131,2,3,-219,19,New Orleans
2024,3,31,38,4,5,4,5,31,13,9,49,58,20,3,2,1,1,13,6,3,20,23,15,1,2,3,4,15,6,5,25,30,0,0,0,0,0,0,0,0,0,0,3,0,1,0,0,3,1,1,4,5,161,1,14,-217,21,New Orleans
2012,5,31,24,0,1,1,12,13,15,2,40,42,20,0,0,1,7,7,12,1,26,27,4,0,1,0,5,4,3,1,12,13,0,0,0,0,0,0,0,0,0,0,0,0,0,0,0,2,0,0,2,2,141,3,12,-157,81,New Orleans
2013,5,31,23,1,1,3,7,36,11,4,54,58,11,1,0,1,6,31,6,1,43,44,11,0,1,2,1,3,5,3,9,12,0,0,0,0,0,0,0,0,0,0,1,0,0,0,0,2,0,0,2,2,177,1,14,-156,82,New Orleans
2014,5,31,37,0,3,2,6,20,10,5,36,41,20,0,1,1,3,11,5,2,19,21,14,0,1,1,3,7,4,2,14,16,0,0,0,0,0,0,0,0,0,0,3,0,1,0,0,2,1,1,3,4,148,0,17,-155,83,New Orleans
2015,5,31,41,2,5,7,9,29,17,12,55,67,25,0,0,0,5,14,4,0,23,23,13,1,5,5,4,12,12,10,28,38,1,0,0,0,0,0,0,0,0,0,2,1,0,2,0,3,1,2,4,6,159,1,18,-154,84,New Orleans
2016,5,31,39,0,1,3,7,30,13,4,50,54,27,0,0,2,4,17,6,2,27,29,11,0,1,1,2,10,6,2,18,20,0,0,0,0,1,0,0,0,1,1,1,0,0,0,0,3,1,0,4,4,153,3,8,-159,79,New Orleans
2017,5,31,33,2,5,0,1,24,17,5,42,47,18,1,1,0,0,18,10,1,28,29,10,1,3,0,0,6,7,3,13,16,2,0,0,0,0,0,0,0,0,0,3,0,1,0,1,0,0,1,1,2,145,2,7,-158,80,New Orleans
2018,5,31,53,2,3,3,5,37,20,6,62,68,29,1,2,1,2,24,8,3,34,37,20,1,1,2,3,9,12,3,24,27,0,0,0,0,0,2,0,0,2,2,4,0,0,0,0,2,0,0,2,2,233,2,17,-157,81,New Orleans
2019,5,31,53,1,6,6,2,43,21,12,66,78,31,0,1,4,1,27,10,5,38,43,17,1,2,2,0,13,9,4,22,26,0,0,0,0,0,0,0,0,0,0,5,0,3,0,1,3,2,3,6,9,218,0,19,-156,82,New Orleans
2020,5,31,47,2,0,6,7,18,15,6,40,46,32,0,0,2,4,15,9,2,28,30,10,2,0,2,3,2,6,2,11,13,1,0,0,0,0,1,0,0,1,1,4,0,0,2,0,0,0,2,0,2,133,2,7,-154,84,New Orleans
2021,5,31,54,3,3,8,8,19,23,11,50,61,29,2,0,5,5,12,9,5,26,31,19,1,2,2,2,7,11,4,20,24,0,0,0,0,0,0,0,0,0,0,6,0,1,1,1,0,3,2,4,6,165,0,18,-160,78,New Orleans
2022,5,31,48,3,0,6,7,19,25,6,51,57,38,1,0,3,4,13,5,3,22,25,8,2,0,3,3,6,20,3,29,32,1,0,0,0,0,0,0,0,0,0,1,0,0,0,0,0,0,0,0,0,154,1,4,-159,79,New Orleans
2023,5,31,42,5,1,0,8,32,39,1,79,80,22,2,1,0,4,21,12,1,37,38,15,0,0,0,3,10,25,0,38,38,0,0,0,0,0,1,0,0,1,1,5,3,0,0,1,0,2,0,3,3,172,3,16,-158,80,New Orleans
2024,5,31,33,1,1,0,4,28,24,1,56,57,17,0,1,0,1,15,5,1,21,22,11,0,0,0,2,12,18,0,32,32,0,0,0,0,0,0,0,0,0,0,5,1,0,0,1,1,1,0,3,3,147,0,12,-156,82,New Orleans
2012,7,31,26,3,2,5,15,20,18,7,53,60,12,2,0,0,11,14,8,0,33,33,11,0,1,4,4,6,9,5,19,24,0,0,0,0,0,0,1,0,1,1,3,1,1,1,0,0,0,2,0,2,194,2,10,-96,142,New Orleans
2013,7,31,24,0,1,2,15,34,24,3,73,76,14,0,1,1,11,25,4,2,40,42,8,0,0,1,4,8,19,1,31,32,0,0,0,0,0,0,0,0,0,0,2,0,0,0,0,1,1,0,2,2,202,0,13,-95,143,New Orleans
2014,7,31,51,3,1,0,8,27,14,1,49,50,21,2,1,0,7,22,7,1,36,37,26,1,0,0,1,5,7,0,13,13,0,0,0,0,0,0,0,0,0,0,4,0,0,0,0,0,0,0,0,0,211,1,16,-94,144,New Orleans
2015,7,31,30,2,2,4,10,19,17,6,46,52,16,0,2,2,7,13,7,4,27,31,12,1,0,1,3,5,10,1,18,19,0,0,0,0,0,0,0,0,0,0,2,1,0,1,0,1,0,1,1,2,156,1,8,-93,145,New Orleans
2016,7,31,42,1,2,7,6,31,12,9,49,58,23,0,0,5,3,14,6,5,23,28,16,1,2,1,2,14,4,3,20,23,0,0,0,0,1,1,2,0,4,4,3,0,0,1,0,2,0,1,2,3,162,5,12,-98,140,New Orleans
2017,7,31,40,2,6,6,5,38,12,12,55,67,24,2,4,0,3,29,5,4,37,41,12,0,1,6,2,8,7,7,17,24,0,0,1,0,0,0,0,1,0,1,4,0,0,0,0,1,0,0,1,1,169,1,9,-97,141,New Orleans
2018,7,31,50,2,3,2,4,31,14,5,49,54,34,1,0,1,1,29,2,1,32,33,12,0,2,1,3,0,10,3,13,16,0,0,0,0,0,0,0,0,0,0,4,1,1,0,0,2,2,1,4,5,181,1,16,-96,142,New Orleans
2019,7,31,48,2,1,3,8,40,34,4,82,86,29,1,0,0,4,30,10,0,44,44,17,1,1,3,3,10,24,4,37,41,0,0,0,0,1,0,0,0,1,1,2,0,0,0,0,0,0,0,0,0,205,7,6,-95,143,New Orleans
2020,7,31,51,1,1,3,5,26,20,4,51,55,28,0,1,1,1,21,9,2,31,33,20,0,0,1,4,2,9,1,15,16,0,0,0,0,0,1,0,0,1,1,3,1,0,1,0,2,2,1,4,5,176,2,13,-93,145,New Orleans
2021,7,31,51,0,2,6,7,25,15,8,47,55,30,0,0,1,4,17,5,1,26,27,21,0,2,4,3,7,8,6,18,24,0,0,0,0,0,0,0,0,0,0,0,0,0,1,0,1,2,1,3,4,165,0,9,-99,139,New Orleans
2022,7,31,47,1,2,5,2,18,24,7,44,51,22,0,0,4,1,15,9,4,25,29,21,1,2,1,1,3,15,3,19,22,1,0,0,0,0,0,0,0,0,0,3,0,0,0,0,0,0,0,0,0,153,1,8,-98,140,New Orleans
2023,7,31,44,1,0,5,6,26,20,5,52,57,24,1,0,2,1,18,5,2,24,26,14,0,0,1,5,7,13,1,25,26,0,0,0,0,0,0,0,0,0,0,6,0,0,2,0,1,2,2,3,5,148,0,17,-97,141,New Orleans
2024,7,31,43,0,1,2,7,28,13,3,48,51,29,0,0,2,6,20,3,2,29,31,8,0,1,0,1,7,10,1,18,19,0,0,0,0,0,0,0,0,0,0,6,0,0,0,0,1,0,0,1,1,142,0,13,-95,143,New Orleans
2012,8,31,31,1,1,4,67,22,9,5,98,103,18,0,0,2,44,12,6,2,62,64,12,1,1,1,20,8,3,2,31,33,0,0,0,0,1,0,0,0,1,1,1,0,0,1,2,2,0,1,4,5,204,1,10,-65,173,New Orleans
2013,8,31,27,1,8,2,10,38,15,10,63,73,13,0,1,2,8,26,5,3,39,42,13,1,7,0,2,11,10,7,23,30,0,0,0,0,0,0,0,0,0,0,1,0,0,0,0,1,0,0,1,1,177,0,8,-64,174,New Orleans
2014,8,31,36,1,4,6,7,30,9,10,46,56,22,0,2,1,4,16,6,3,26,29,12,1,2,5,0,13,3,7,16,23,0,0,0,0,0,0,0,0,0,0,2,0,0,0,3,1,0,0,4,4,164,0,15,-63,175,New Orleans
2015,8,31,30,1,3,4,15,22,13,7,50,57,14,1,3,3,11,16,7,6,34,40,13,0,0,1,3,3,5,1,11,12,0,0,0,0,0,1,1,0,2,2,3,0,0,0,1,2,0,0,3,3,165,2,9,-62,176,New Orleans
2016,8,31,38,2,3,8,7,32,20,11,59,70,20,2,1,2,5,21,6,3,32,35,16,0,2,5,2,8,13,7,23,30,0,0,0,0,0,2,0,0,2,2,2,0,0,1,0,1,1,1,2,3,180,2,10,-67,171,New Orleans
2017,8,31,43,1,2,7,9,59,19,9,87,96,26,1,2,4,8,39,5,6,52,58,12,0,0,1,1,16,11,1,28,29,0,0,0,0,0,1,1,0,2,2,5,0,0,2,0,3,2,2,5,7,217,3,18,-66,172,New Orleans
2018,8,31,46,1,4,4,5,30,13,8,48,56,31,1,2,2,4,18,5,4,27,31,12,0,1,2,1,10,6,3,17,20,0,0,0,0,0,1,0,0,1,1,3,0,1,0,0,1,2,1,3,4,173,1,11,-65,173,New Orleans
2019,8,31,60,0,4,3,6,45,22,7,73,80,31,0,1,1,0,20,4,2,24,26,25,0,3,2,4,20,17,5,41,46,0,0,0,0,0,1,0,0,1,1,4,0,0,0,2,4,1,0,7,7,229,3,19,-64,174,New Orleans
2020,8,31,51,4,5,6,4,23,27,11,54,65,31,3,5,5,2,15,11,10,28,38,16,1,0,1,2,6,14,1,22,23,0,0,0,0,0,1,1,0,2,2,4,0,0,0,0,1,1,0,2,2,187,2,9,-62,176,New Orleans
2021,8,31,20,3,0,6,73,10,11,6,94,100,9,2,0,1,44,6,7,1,57,58,8,1,0,4,23,4,3,4,30,34,0,0,0,0,2,0,0,0,2,2,3,0,0,1,4,0,1,1,5,6,160,2,10,-68,170,New Orleans
2022,8,31,49,3,4,6,7,20,28,10,55,65,27,2,0,4,5,13,8,4,26,30,15,1,3,2,2,7,17,5,26,31,1,0,0,0,0,0,0,0,0,0,6,0,1,0,0,0,3,1,3,4,176,2,13,-67,171,New Orleans
2023,8,31,35,7,2,6,6,23,32,8,61,69,25,2,2,5,3,12,8,7,23,30,8,5,0,1,3,10,22,1,35,36,0,0,0,0,0,0,0,0,0,0,2,0,0,0,0,1,2,0,3,3,161,1,10,-66,172,New Orleans
2024,8,31,37,0,1,6,2,36,18,7,56,63,20,0,0,4,1,16,8,4,25,29,11,0,1,2,0,18,10,3,28,31,1,0,0,0,1,1,0,0,2,2,5,0,0,0,0,1,0,0,1,1,143,3,8,-64,174,New Orleans
2012,10,31,29,1,1,3,10,23,6,4,39,43,12,0,0,2,6,13,3,2,22,24,15,1,1,1,3,8,2,2,13,15,0,0,0,0,0,0,0,0,0,0,2,0,0,0,1,2,1,0,4,4,163,0,10,-4,234,New Orleans
2013,10,31,23,2,4,1,6,39,15,5,60,65,10,2,2,1,4,24,4,3,32,35,11,0,2,0,1,12,10,2,23,25,0,0,0,0,0,0,0,0,0,0,2,0,0,0,1,3,1,0,5,5,160,1,10,-3,235,New Orleans
2014,10,31,32,1,3,3,16,41,17,6,74,80,15,0,1,3,8,15,6,4,29,33,14,1,2,0,8,24,9,2,41,43,0,0,0,0,0,2,1,0,3,3,3,0,0,0,0,0,1,0,1,1,176,6,8,-2,236,New Orleans
2015,10,31,50,0,7,0,7,52,12,7,71,78,21,0,3,0,3,21,4,3,28,31,23,0,3,0,3,23,8,3,34,37,0,0,0,0,1,2,0,0,3,3,6,0,1,0,0,6,0,1,6,7,201,4,14,-1,237,New Orleans
2016,10,31,46,1,10,0,9,30,24,10,63,73,20,1,0,0,7,16,6,0,29,29,20,0,9,0,2,13,16,9,31,40,1,0,1,0,0,0,0,1,0,1,5,0,0,0,0,1,2,0,3,3,199,2,11,-6,232,New Orleans
2017,10,31,50,2,2,3,15,46,14,5,75,80,30,2,0,1,9,20,4,1,33,34,16,0,2,2,4,17,10,4,31,35,1,0,0,0,1,1,0,0,2,2,3,0,0,0,1,8,0,0,9,9,202,4,14,-5,233,New Orleans
2018,10,31,61,2,3,1,6,42,17,4,65,69,21,0,1,0,1,25,1,1,27,28,36,2,2,1,4,15,14,3,33,36,1,0,0,0,0,2,1,0,3,3,3,0,0,0,1,0,1,0,2,2,245,7,12,-4,234,New Orleans
2019,10,31,35,0,2,1,10,37,12,3,59,62,21,0,0,0,5,17,6,0,28,28,13,0,2,1,5,17,4,3,26,29,0,0,0,0,0,1,1,0,2,2,1,0,0,0,0,2,1,0,3,3,156,4,6,-3,235,New Orleans
2020,10,31,34,0,4,7,4,31,27,11,62,73,16,0,3,5,2,16,17,8,35,43,15,0,1,2,2,15,10,3,27,30,0,0,0,0,0,0,0,0,0,0,3,0,0,0,0,0,0,0,0,0,153,0,5,-1,237,New Orleans
2021,10,31,46,1,8,7,4,38,25,15,67,82,20,0,6,3,1,14,10,9,25,34,24,1,2,3,3,21,15,5,39,44,0,0,0,0,0,0,0,0,0,0,2,0,0,1,0,3,0,1,3,4,183,1,8,-7,231,New Orleans
2022,10,31,29,10,0,7,5,24,27,7,56,63,10,1,0,7,2,13,5,7,20,27,18,9,0,0,3,10,20,0,33,33,0,0,0,0,0,0,0,0,0,0,1,0,0,0,0,1,2,0,3,3,160,4,7,-6,232,New Orleans
2023,10,31,30,2,0,6,3,36,32,6,71,77,15,0,0,3,0,21,3,3,24,27,12,1,0,3,3,13,27,3,43,46,1,0,0,0,0,0,0,0,0,0,2,1,0,0,0,2,2,0,4,4,158,1,7,-5,233,New Orleans
2024,10,31,37,0,0,3,6,32,14,3,52,55,10,0,0,1,2,13,4,1,19,20,25,0,0,2,4,16,10,2,30,32,0,0,0,0,0,0,0,0,0,0,2,0,0,0,0,3,0,0,3,3,142,1,7,-3,235,New Orleans
2012,12,31,26,2,3,5,7,54,5,8,66,74,11,0,0,2,5,17,1,2,23,25,14,2,3,3,2,36,3,6,41,47,0,0,0,0,0,1,0,0,1,1,1,0,0,0,0,0,1,0,1,1,182,1,5,57,295,New Orleans
2013,12,31,12,0,7,4,13,46,10,11,69,80,1,0,0,1,10,21,3,1,34,35,11,0,7,3,3,22,7,10,32,42,0,0,0,0,0,0,0,0,0,0,0,0,0,0,0,3,0,0,3,3,166,0,6,58,296,New Orleans
2014,12,31,29,4,7,3,11,58,8,10,77,87,13,0,2,0,5,23,2,2,30,32,13,4,5,2,6,33,6,7,45,52,1,0,0,0,0,0,0,0,0,0,2,0,0,1,0,2,0,1,2,3,188,1,13,59,297,New Orleans
2015,12,31,41,5,4,5,6,50,19,9,75,84,19,0,0,2,5,15,11,2,31,33,19,5,4,3,1,32,7,7,40,47,0,0,0,0,0,0,0,0,0,0,3,0,0,0,0,3,1,0,4,4,190,0,9,60,298,New Orleans
2016,12,31,33,3,1,4,6,33,9,5,48,53,17,1,0,1,5,14,3,1,22,23,13,2,0,2,0,18,6,2,24,26,0,0,1,0,1,0,0,1,1,2,3,0,0,1,0,1,0,1,1,2,150,2,10,55,293,New Orleans
2017,12,31,48,0,1,2,5,50,14,3,69,72,15,0,1,1,3,15,8,2,26,28,30,0,0,1,2,32,5,1,39,40,0,0,0,0,0,0,0,0,0,0,3,0,0,0,0,3,1,0,4,4,188,0,11,56,294,New Orleans
2018,12,31,46,4,2,7,7,68,30,9,105,114,16,0,0,3,3,27,8,3,38,41,24,4,2,3,4,38,22,5,64,69,1,0,0,0,0,0,0,0,0,0,5,0,0,1,0,3,0,1,3,4,242,2,15,57,295,New Orleans
2019,12,31,6,1,1,0,2,26,5,1,33,34,2,0,0,0,1,15,2,0,18,18,3,0,1,0,1,11,3,1,15,16,1,0,0,0,0,0,0,0,0,0,0,1,0,0,0,0,0,0,0,0,50,1,2,58,296,New Orleans
2020,12,31,53,3,1,5,5,28,12,6,45,51,28,0,1,1,2,17,4,2,23,25,21,3,0,4,3,11,8,4,22,26,0,0,0,0,0,0,0,0,0,0,4,0,0,0,0,0,0,0,0,0,164,0,9,60,298,New Orleans
2021,12,31,1,0,0,0,0,0,1,0,1,1,0,0,0,0,0,0,0,0,0,0,1,0,0,0,0,0,1,0,1,1,0,0,0,0,0,0,0,0,0,0,0,0,0,0,0,0,0,0,0,0,3,0,0,54,292,New Orleans
2022,12,31,39,6,3,10,5,25,63,13,93,106,18,0,2,6,3,10,32,8,45,53,20,5,1,4,2,15,29,5,46,51,0,0,0,0,0,0,1,0,1,1,1,1,0,0,0,0,1,0,1,1,202,1,4,55,293,New Orleans
2023,12,31,59,8,6,1,4,37,31,7,72,79,17,0,3,1,1,13,9,4,23,27,37,6,2,0,3,22,18,2,43,45,0,0,0,0,0,2,0,0,2,2,5,2,1,0,0,0,4,1,4,5,206,3,17,56,294,New Orleans
2024,12,31,1,0,0,0,1,3,3,0,7,7,0,0,0,0,0,1,2,0,3,3,1,0,0,0,1,2,1,0,4,4,0,0,0,0,0,0,0,0,0,0,0,0,0,0,0,0,0,0,0,0,8,0,0,58,296,New Orleans
